timestamp,value
0,0.5
1,0.4991637
2,0.4983274
3,0.4974911
4,0.4966548
5,0.4958185
6,0.4949822
7,0.4941459
8,0.4933096
9,0.4924733
10,0.491637
11,0.4908007
12,0.4899644
13,0.4891281
14,0.4882918
15,0.4874555
16,0.4866192
17,0.4857829
18,0.4849466
19,0.4841103
20,0.483274
21,0.4824377
22,0.4816014
23,0.4807651
24,0.4799288
25,0.4790925
26,0.4782562
27,0.4774199
28,0.4765836
29,0.4757473
30,0.47491099999999997
31,0.4740747
32,0.4732384
33,0.4724021
34,0.4715658
35,0.4707295
36,0.4698932
37,0.4690569
38,0.4682206
39,0.4673843
40,0.466548
41,0.4657117
42,0.4648754
43,0.4640391
44,0.4632028
45,0.4623665
46,0.4615302
47,0.4606939
48,0.4598576
49,0.4590213
50,0.458185
51,0.4573487
52,0.4565124
53,0.45567610000000003
54,0.4548398
55,0.4540035
56,0.4531672
57,0.4523309
58,0.4514946
59,0.4506583
60,0.449822
61,0.4489857
62,0.44814940000000003
63,0.4473131
64,0.4464768
65,0.4456405
66,0.4448042
67,0.44396789999999997
68,0.4431316
69,0.4422953
70,0.441459
71,0.4406227
72,0.4397864
73,0.4389501
74,0.4381138
75,0.4372775
76,0.4364412
77,0.4356049
78,0.4347686
79,0.4339323
80,0.433096
81,0.4322597
82,0.4314234
83,0.4305871
84,0.4297508
85,0.4289145
86,0.4280782
87,0.4272419
88,0.4264056
89,0.4255693
90,0.424733
91,0.4238967
92,0.4230604
93,0.4222241
94,0.4213878
95,0.42055149999999997
96,0.4197152
97,0.4188789
98,0.4180426
99,0.41720630000000003
100,0.41637
101,0.4155337
102,0.4146974
103,0.4138611
104,0.41302479999999997
105,0.4121885
106,0.4113522
107,0.4105159
108,0.40967960000000003
109,0.4088433
110,0.408007
111,0.4071707
112,0.4063344
113,0.4054981
114,0.4046618
115,0.4038255
116,0.4029892
117,0.4021529
118,0.4013166
119,0.4004803
120,0.399644
121,0.3988077
122,0.3979714
123,0.3971351
124,0.3962988
125,0.3954625
126,0.3946262
127,0.3937899
128,0.3929536
129,0.3921173
130,0.391281
131,0.3904447
132,0.38960839999999997
133,0.3887721
134,0.3879358
135,0.3870995
136,0.38626320000000003
137,0.3854269
138,0.3845906
139,0.3837543
140,0.382918
141,0.5
142,0.5
143,0.5
144,0.5
145,0.5
146,0.5
147,0.5
148,0.5
149,0.5
150,0.5
151,0.5
152,0.5
153,0.5
154,0.5
155,0.5
156,0.5
157,0.5
158,0.5
159,0.5
160,0.5
161,0.5
162,0.5
163,0.5
164,0.5
165,0.5
166,0.5
167,0.5
168,0.5
169,0.5
170,0.5
171,0.5
172,0.5
173,0.5
174,0.5
175,0.5
176,0.5
177,0.5
178,0.5
179,0.5
180,0.5
181,0.5
182,0.5
183,0.5
184,0.5
185,0.5
186,0.5
187,0.5
188,0.5
189,0.5
190,0.5
191,0.5
192,0.5
193,0.5
194,0.5
195,0.5
196,0.5
197,0.5
198,0.5
199,0.5
200,0.5
201,0.5
202,0.5
203,0.5
204,0.5
205,0.5
206,0.5
207,0.5
208,0.5
209,0.5
210,0.5
211,0.5
212,0.5
213,0.5
214,0.5
215,0.5
216,0.5
217,0.5
218,0.5
219,0.5
220,0.5
221,0.5
222,0.5
223,0.5
224,0.5
225,0.5
226,0.5
227,0.5
228,0.5
229,0.5
230,0.5
231,0.5
232,0.5
233,0.5
234,0.5
235,0.5
236,0.5
237,0.5
238,0.5
239,0.5
240,0.5
241,0.5
242,0.5
243,0.5
244,0.5
245,0.5
246,0.5
247,0.5
248,0.5
249,0.5
250,0.5
251,0.5
252,0.5
253,0.5
254,0.5
255,0.5
256,0.5
257,0.5
258,0.5
259,0.5
260,0.5
261,0.5
262,0.5
263,0.5
264,0.5
265,0.5
266,0.5
267,0.5
268,0.5
269,0.5
270,0.5
271,0.5
272,0.5
273,0.5
274,0.5
275,0.5
276,0.5
277,0.5
278,0.5
279,0.5
280,0.5
281,0.5
282,0.5
283,0.5
284,0.5
285,0.5
286,0.5
287,0.5
288,0.5
289,0.5
290,0.5
291,0.5
292,0.5
293,0.5
294,0.5
295,0.5
296,0.5
297,0.5
298,0.5
299,0.5
300,0.5
301,0.5
302,0.5
303,0.5
304,0.5
305,0.5
306,0.5
307,0.5
308,0.5
309,0.5
310,0.5
311,0.5
312,0.5
313,0.5
314,0.5
315,0.5
316,0.5
317,0.5
318,0.5
319,0.5
320,0.5
321,0.5
322,0.5
323,0.5
324,0.5
325,0.5
326,0.5
327,0.5
328,0.5
329,0.5
330,0.5
331,0.5
332,0.5
333,0.5
334,0.5
335,0.5
336,0.5
337,0.5
338,0.5
339,0.5
340,0.5
341,0.5
342,0.5
343,0.5
344,0.5
345,0.5
346,0.5
347,0.5
348,0.5
349,0.5
350,0.5
351,0.5
352,0.5
353,0.5
354,0.5
355,0.5
356,0.5
357,0.5
358,0.5
359,0.5
360,0.5
361,0.5
362,0.5
363,0.5
364,0.5
365,0.5
366,0.5
367,0.5
368,0.5
369,0.5
370,0.5
371,0.5
372,0.5
373,0.5
374,0.5
375,0.5
376,0.5
377,0.5
378,0.5
379,0.5
380,0.5
381,0.5
382,0.5
383,0.5
384,0.5
385,0.5
386,0.5
387,0.5
388,0.5
389,0.5
390,0.5
391,0.5
392,0.5
393,0.5
394,0.5
395,0.5
396,0.5
397,0.5
398,0.5
399,0.5
400,0.5
401,0.5
402,0.5
403,0.5
404,0.5
405,0.5
406,0.5
407,0.5
408,0.5
409,0.5
410,0.5
411,0.5
412,0.5
413,0.5
414,0.5
415,0.5
416,0.5
417,0.5
418,0.5
419,0.5
420,0.5
421,0.5
422,0.5
423,0.5
424,0.5
425,0.5
426,0.5
427,0.6
428,0.5990056
429,0.5980112
430,0.5970168
431,0.5960224
432,0.595028
433,0.5940335999999999
434,0.5930392
435,0.5920447999999999
436,0.5910504
437,0.590056
438,0.5890616
439,0.5880672
440,0.5870728
441,0.5860784
442,0.5850839999999999
443,0.5840896
444,0.5830951999999999
445,0.5821008
446,0.5811064
447,0.580112
448,0.5791176
449,0.5781232
450,0.5771288
451,0.5761343999999999
452,0.57514
453,0.5741455999999999
454,0.5731512
455,0.5721568
456,0.5711624
457,0.570168
458,0.5691736
459,0.5681792
460,0.5671847999999999
461,0.5661904
462,0.565196
463,0.5642016
464,0.5632072
465,0.5622128
466,0.5612184
467,0.5602239999999999
468,0.5592296
469,0.5582351999999999
470,0.5572408
471,0.5562464
472,0.555252
473,0.5542576
474,0.5532632
475,0.5522688
476,0.5512743999999999
477,0.55028
478,0.5492855999999999
479,0.5482912
480,0.5472968
481,0.5463024
482,0.545308
483,0.5443136
484,0.5433192
485,0.5423247999999999
486,0.5413304
487,0.5403359999999999
488,0.5393416
489,0.5383472
490,0.5373528
491,0.5363584
492,0.535364
493,0.5343696
494,0.5333751999999999
495,0.5323808
496,0.5313863999999999
497,0.530392
498,0.5293976
499,0.5284032
500,0.5274088
501,0.5264144
502,0.52542
503,0.5244255999999999
504,0.5234312
505,0.5224367999999999
506,0.5214424
507,0.520448
508,0.5194536
509,0.5184592
510,0.5174648
511,0.5164704
512,0.5154759999999999
513,0.5144816
514,0.5134871999999999
515,0.5124928
516,0.5114984
517,0.510504
518,0.5095096
519,0.5085152
520,0.5075208
521,0.5065263999999999
522,0.505532
523,0.5045375999999999
524,0.5035432
525,0.5025488
526,0.5015544
527,0.50056
528,0.49956559999999994
529,0.4985712
530,0.4975768
531,0.4965824
532,0.495588
533,0.49459359999999997
534,0.49359919999999996
535,0.49260479999999995
536,0.49161039999999995
537,0.49061599999999994
538,0.4896216
539,0.4886272
540,0.4876328
541,0.48663839999999997
542,0.48564399999999996
543,0.48464959999999996
544,0.48365519999999995
545,0.48266079999999995
546,0.48166639999999994
547,0.480672
548,0.4796776
549,0.4786832
550,0.47768879999999997
551,0.47669439999999996
552,0.47569999999999996
553,0.47470559999999995
554,0.4737112
555,0.47271679999999994
556,0.4717224
557,0.4707279999999999
558,0.4697336
559,0.46873919999999997
560,0.46774479999999996
561,0.46675039999999995
562,0.46575599999999995
563,0.4647616
564,0.46376719999999994
565,0.4627728
566,0.4617783999999999
567,0.46078399999999997
568,0.45978959999999996
569,0.45879519999999996
570,0.45780079999999995
571,0.45680639999999995
572,0.455812
573,0.45481759999999993
574,0.4538232
575,0.4528288
576,0.45183439999999997
577,0.45083999999999996
578,0.44984559999999996
579,0.44885119999999995
580,0.44785679999999994
581,0.4468624
582,0.44586799999999993
583,0.4448736
584,0.4438792
585,0.44288479999999997
586,0.44189039999999996
587,0.44089599999999995
588,0.43990159999999995
589,0.43890719999999994
590,0.4379128
591,0.43691839999999993
592,0.435924
593,0.43492959999999997
594,0.43393519999999997
595,0.43294079999999996
596,0.43194639999999995
597,0.430952
598,0.42995759999999994
599,0.4289632
600,0.4279687999999999
601,0.4269744
602,0.42597999999999997
603,0.42498559999999996
604,0.42399119999999996
605,0.42299679999999995
606,0.4220024
607,0.42100799999999994
608,0.4200136
609,0.4190191999999999
610,0.4180248
611,0.41703039999999997
612,0.6
613,0.598148
614,0.5962959999999999
615,0.594444
616,0.592592
617,0.5907399999999999
618,0.588888
619,0.587036
620,0.5851839999999999
621,0.583332
622,0.58148
623,0.579628
624,0.577776
625,0.575924
626,0.574072
627,0.57222
628,0.570368
629,0.568516
630,0.566664
631,0.564812
632,0.56296
633,0.5611079999999999
634,0.559256
635,0.557404
636,0.5555519999999999
637,0.5537
638,0.551848
639,0.5499959999999999
640,0.548144
641,0.546292
642,0.54444
643,0.542588
644,0.540736
645,0.538884
646,0.537032
647,0.53518
648,0.533328
649,0.531476
650,0.529624
651,0.527772
652,0.5259199999999999
653,0.524068
654,0.522216
655,0.5203639999999999
656,0.518512
657,0.51666
658,0.5148079999999999
659,0.512956
660,0.511104
661,0.509252
662,0.5074
663,0.505548
664,0.5036959999999999
665,0.501844
666,0.499992
667,0.49813999999999997
668,0.49628799999999995
669,0.494436
670,0.49258399999999997
671,0.490732
672,0.48888
673,0.487028
674,0.485176
675,0.483324
676,0.481472
677,0.47962
678,0.47776799999999997
679,0.475916
680,0.474064
681,0.47221199999999997
682,0.47036
683,0.468508
684,0.46665599999999996
685,0.464804
686,0.462952
687,0.46109999999999995
688,0.459248
689,0.457396
690,0.45554399999999995
691,0.453692
692,0.45184
693,0.44998799999999994
694,0.448136
695,0.446284
696,0.444432
697,0.44258
698,0.440728
699,0.438876
700,0.43702399999999997
701,0.6
702,0.598971
703,0.597942
704,0.596913
705,0.595884
706,0.594855
707,0.593826
708,0.592797
709,0.591768
710,0.590739
711,0.58971
712,0.588681
713,0.587652
714,0.586623
715,0.585594
716,0.584565
717,0.5835359999999999
718,0.582507
719,0.5814779999999999
720,0.580449
721,0.5794199999999999
722,0.578391
723,0.5773619999999999
724,0.576333
725,0.5753039999999999
726,0.574275
727,0.5732459999999999
728,0.572217
729,0.571188
730,0.570159
731,0.56913
732,0.568101
733,0.567072
734,0.566043
735,0.565014
736,0.563985
737,0.562956
738,0.561927
739,0.560898
740,0.559869
741,0.55884
742,0.557811
743,0.556782
744,0.5557529999999999
745,0.554724
746,0.5536949999999999
747,0.552666
748,0.5516369999999999
749,0.550608
750,0.5495789999999999
751,0.54855
752,0.5475209999999999
753,0.546492
754,0.545463
755,0.544434
756,0.543405
757,0.542376
758,0.541347
759,0.540318
760,0.539289
761,0.53826
762,0.537231
763,0.536202
764,0.535173
765,0.534144
766,0.533115
767,0.532086
768,0.531057
769,0.5300279999999999
770,0.528999
771,0.5279699999999999
772,0.526941
773,0.5259119999999999
774,0.524883
775,0.523854
776,0.522825
777,0.5217959999999999
778,0.520767
779,0.519738
780,0.518709
781,0.5176799999999999
782,0.516651
783,0.515622
784,0.514593
785,0.513564
786,0.512535
787,0.511506
788,0.510477
789,0.509448
790,0.508419
791,0.50739
792,0.506361
793,0.505332
794,0.504303
795,0.503274
796,0.5022449999999999
797,0.501216
798,0.5001869999999999
799,0.499158
800,0.498129
801,0.4971
802,0.496071
803,0.495042
804,0.494013
805,0.492984
806,0.491955
807,0.490926
808,0.48989699999999997
809,0.48886799999999997
810,0.48783899999999997
811,0.48680999999999996
812,0.48578099999999996
813,0.48475199999999996
814,0.483723
815,0.48269399999999996
816,0.481665
817,0.48063599999999995
818,0.479607
819,0.47857799999999995
820,0.477549
821,0.47652
822,0.475491
823,0.474462
824,0.473433
825,0.472404
826,0.471375
827,0.470346
828,0.469317
829,0.468288
830,0.467259
831,0.46623
832,0.465201
833,0.464172
834,0.46314299999999997
835,0.46211399999999997
836,0.46108499999999997
837,0.460056
838,0.45902699999999996
839,0.457998
840,0.45696899999999996
841,0.45594
842,0.45491099999999995
843,0.453882
844,0.45285299999999995
845,0.451824
846,0.45079499999999995
847,0.449766
848,0.44873699999999994
849,0.447708
850,0.446679
851,0.44565
852,0.444621
853,0.443592
854,0.442563
855,0.441534
856,0.440505
857,0.439476
858,0.438447
859,0.437418
860,0.43638899999999997
861,0.43535999999999997
862,0.434331
863,0.43330199999999996
864,0.432273
865,0.43124399999999996
866,0.430215
867,0.42918599999999996
868,0.428157
869,0.42712799999999995
870,0.426099
871,0.42506999999999995
872,0.424041
873,0.42301199999999994
874,0.421983
875,0.420954
876,0.419925
877,0.418896
878,0.417867
879,0.416838
880,0.415809
881,0.41478
882,0.413751
883,0.412722
884,0.411693
885,0.410664
886,0.40963499999999997
887,0.5
888,0.4998
889,0.4996
890,0.4994
891,0.4992
892,0.499
893,0.4988
894,0.4986
895,0.4984
896,0.4982
897,0.498
898,0.4978
899,0.4976
900,0.4974
901,0.4972
902,0.497
903,0.4968
904,0.4966
905,0.4964
906,0.4962
907,0.496
908,0.4958
909,0.4956
910,0.4954
911,0.4952
912,0.495
913,0.4948
914,0.4946
915,0.4944
916,0.4942
917,0.494
918,0.4938
919,0.4936
920,0.4934
921,0.49319999999999997
922,0.493
923,0.4928
924,0.4926
925,0.4924
926,0.4922
927,0.492
928,0.4918
929,0.4916
930,0.4914
931,0.4912
932,0.491
933,0.4908
934,0.4906
935,0.4904
936,0.4902
937,0.49
938,0.4898
939,0.4896
940,0.4894
941,0.4892
942,0.489
943,0.4888
944,0.4886
945,0.4884
946,0.4882
947,0.488
948,0.4878
949,0.4876
950,0.4874
951,0.4872
952,0.487
953,0.4868
954,0.4866
955,0.4864
956,0.4862
957,0.486
958,0.4858
959,0.4856
960,0.4854
961,0.4852
962,0.485
963,0.4848
964,0.4846
965,0.4844
966,0.4842
967,0.484
968,0.4838
969,0.4836
970,0.4834
971,0.4832
972,0.483
973,0.4828
974,0.4826
975,0.4824
976,0.4822
977,0.482
978,0.4818
979,0.48160000000000003
980,0.4814
981,0.4812
982,0.481
983,0.4808
984,0.4806
985,0.4804
986,0.4802
987,0.48
988,0.4798
989,0.4796
990,0.4794
991,0.4792
992,0.479
993,0.4788
994,0.4786
995,0.4784
996,0.4782
997,0.478
998,0.4778
999,0.4776
1000,0.4774
1001,0.4772
1002,0.477
1003,0.4768
1004,0.4766
1005,0.4764
1006,0.4762
1007,0.476
1008,0.4758
1009,0.4756
1010,0.4754
1011,0.4752
1012,0.475
1013,0.4748
1014,0.4746
1015,0.4744
1016,0.4742
1017,0.474
1018,0.4738
1019,0.4736
1020,0.4734
1021,0.4732
1022,0.473
1023,0.4728
1024,0.4726
1025,0.4724
1026,0.4722
1027,0.472
1028,0.4718
1029,0.4716
1030,0.4714
1031,0.4712
1032,0.471
1033,0.4708
1034,0.4706
1035,0.4704
1036,0.4702
1037,0.47
1038,0.4698
1039,0.4696
1040,0.4694
1041,0.4692
1042,0.469
1043,0.4688
1044,0.4686
1045,0.4684
1046,0.4682
1047,0.46799999999999997
1048,0.4678
1049,0.4676
1050,0.4674
1051,0.4672
1052,0.46699999999999997
1053,0.4668
1054,0.4666
1055,0.4664
1056,0.4662
1057,0.46599999999999997
1058,0.4658
1059,0.4656
1060,0.4654
1061,0.4652
1062,0.46499999999999997
1063,0.4648
1064,0.4646
1065,0.4644
1066,0.4642
1067,0.46399999999999997
1068,0.4638
1069,0.4636
1070,0.4634
1071,0.4632
1072,0.46299999999999997
1073,0.4628
1074,0.4626
1075,0.4624
1076,0.4622
1077,0.462
1078,0.4618
1079,0.4616
1080,0.4614
1081,0.4612
1082,0.461
1083,0.4608
1084,0.4606
1085,0.4604
1086,0.4602
1087,0.46
1088,0.4598
1089,0.4596
1090,0.4594
1091,0.4592
1092,0.459
1093,0.4588
1094,0.4586
1095,0.4584
1096,0.4582
1097,0.458
1098,0.4578
1099,0.4576
1100,0.45740000000000003
1101,0.4572
1102,0.457
1103,0.4568
1104,0.4566
1105,0.45640000000000003
1106,0.4562
1107,0.456
1108,0.4558
1109,0.4556
1110,0.4554
1111,0.4552
1112,0.455
1113,0.4548
1114,0.4546
1115,0.4544
1116,0.4542
1117,0.454
1118,0.4538
1119,0.4536
1120,0.4534
1121,0.4532
1122,0.453
1123,0.4528
1124,0.4526
1125,0.4524
1126,0.4522
1127,0.452
1128,0.4518
1129,0.4516
1130,0.4514
1131,0.4512
1132,0.451
1133,0.4508
1134,0.4506
1135,0.4504
1136,0.4502
1137,0.45
1138,0.4498
1139,0.4496
1140,0.4494
1141,0.4492
1142,0.449
1143,0.4488
1144,0.4486
1145,0.4484
1146,0.4482
1147,0.448
1148,0.4478
1149,0.4476
1150,0.4474
1151,0.4472
1152,0.447
1153,0.4468
1154,0.4466
1155,0.4464
1156,0.4462
1157,0.446
1158,0.4458
1159,0.4456
1160,0.4454
1161,0.4452
1162,0.445
1163,0.4448
1164,0.4446
1165,0.4444
1166,0.4442
1167,0.444
1168,0.4438
1169,0.4436
1170,0.4434
1171,0.4432
1172,0.443
1173,0.44279999999999997
1174,0.4426
1175,0.4424
1176,0.4422
1177,0.442
1178,0.44179999999999997
1179,0.4416
1180,0.4414
1181,0.4412
1182,0.441
1183,0.44079999999999997
1184,0.4406
1185,0.4404
1186,0.4402
1187,0.44
1188,0.43979999999999997
1189,0.4396
1190,0.4394
1191,0.4392
1192,0.439
1193,0.43879999999999997
1194,0.4386
1195,0.4384
1196,0.4382
1197,0.438
1198,0.43779999999999997
1199,0.4376
1200,0.4374
1201,0.4372
1202,0.437
1203,0.43679999999999997
1204,0.4366
1205,0.4364
1206,0.4362
1207,0.436
1208,0.43579999999999997
1209,0.4356
1210,0.4354
1211,0.4
1212,0.40026300000000004
1213,0.40052600000000005
1214,0.400789
1215,0.401052
1216,0.40131500000000003
1217,0.40157800000000005
1218,0.401841
1219,0.402104
1220,0.40236700000000003
1221,0.40263000000000004
1222,0.402893
1223,0.403156
1224,0.403419
1225,0.40368200000000004
1226,0.403945
1227,0.404208
1228,0.404471
1229,0.40473400000000004
1230,0.404997
1231,0.40526
1232,0.405523
1233,0.40578600000000004
1234,0.40604900000000005
1235,0.406312
1236,0.406575
1237,0.40683800000000003
1238,0.40710100000000005
1239,0.407364
1240,0.407627
1241,0.40789000000000003
1242,0.40815300000000004
1243,0.408416
1244,0.408679
1245,0.408942
1246,0.40920500000000004
1247,0.409468
1248,0.409731
1249,0.409994
1250,0.41025700000000004
1251,0.41052
1252,0.410783
1253,0.411046
1254,0.41130900000000004
1255,0.41157200000000005
1256,0.411835
1257,0.412098
1258,0.41236100000000003
1259,0.41262400000000005
1260,0.412887
1261,0.41315
1262,0.41341300000000003
1263,0.41367600000000004
1264,0.413939
1265,0.414202
1266,0.41446500000000003
1267,0.41472800000000004
1268,0.414991
1269,0.415254
1270,0.415517
1271,0.41578000000000004
1272,0.416043
1273,0.416306
1274,0.416569
1275,0.41683200000000004
1276,0.417095
1277,0.417358
1278,0.417621
1279,0.41788400000000003
1280,0.41814700000000005
1281,0.41841
1282,0.418673
1283,0.41893600000000003
1284,0.41919900000000004
1285,0.419462
1286,0.419725
1287,0.41998800000000003
1288,0.42025100000000004
1289,0.420514
1290,0.420777
1291,0.42104
1292,0.42130300000000004
1293,0.421566
1294,0.421829
1295,0.422092
1296,0.42235500000000004
1297,0.42261800000000005
1298,0.422881
1299,0.423144
1300,0.42340700000000003
1301,0.42367000000000005
1302,0.423933
1303,0.424196
1304,0.42445900000000003
1305,0.42472200000000004
1306,0.424985
1307,0.425248
1308,0.42551100000000003
1309,0.42577400000000004
1310,0.426037
1311,0.4263
1312,0.426563
1313,0.42682600000000004
1314,0.427089
1315,0.427352
1316,0.427615
1317,0.42787800000000004
1318,0.428141
1319,0.428404
1320,0.428667
1321,0.42893000000000003
1322,0.42919300000000005
1323,0.429456
1324,0.429719
1325,0.42998200000000003
1326,0.43024500000000004
1327,0.430508
1328,0.430771
1329,0.43103400000000003
1330,0.43129700000000004
1331,0.43156
1332,0.431823
1333,0.432086
1334,0.43234900000000004
1335,0.432612
1336,0.432875
1337,0.433138
1338,0.43340100000000004
1339,0.43366400000000005
1340,0.433927
1341,0.43419
1342,0.43445300000000003
1343,0.434716
1344,0.434979
1345,0.435242
1346,0.43550500000000003
1347,0.43576800000000004
1348,0.436031
1349,0.436294
1350,0.43655700000000003
1351,0.43682000000000004
1352,0.437083
1353,0.437346
1354,0.437609
1355,0.43787200000000004
1356,0.43813500000000005
1357,0.438398
1358,0.438661
1359,0.43892400000000004
1360,0.439187
1361,0.43945
1362,0.439713
1363,0.43997600000000003
1364,0.44023900000000005
1365,0.440502
1366,0.440765
1367,0.44102800000000003
1368,0.44129100000000004
1369,0.441554
1370,0.441817
1371,0.44208000000000003
1372,0.44234300000000004
1373,0.442606
1374,0.442869
1375,0.443132
1376,0.44339500000000004
1377,0.443658
1378,0.443921
1379,0.444184
1380,0.44444700000000004
1381,0.44471000000000005
1382,0.444973
1383,0.445236
1384,0.44549900000000003
1385,0.445762
1386,0.446025
1387,0.446288
1388,0.44655100000000003
1389,0.44681400000000004
1390,0.447077
1391,0.44734
1392,0.44760300000000003
1393,0.44786600000000004
1394,0.448129
1395,0.448392
1396,0.448655
1397,0.44891800000000004
1398,0.44918100000000005
1399,0.449444
1400,0.449707
1401,0.44997000000000004
1402,0.450233
1403,0.450496
1404,0.450759
1405,0.45102200000000003
1406,0.45128500000000005
1407,0.451548
1408,0.451811
1409,0.45207400000000003
1410,0.45233700000000004
1411,0.4526
1412,0.452863
1413,0.45312600000000003
1414,0.45338900000000004
1415,0.453652
1416,0.453915
1417,0.454178
1418,0.45444100000000004
1419,0.454704
1420,0.454967
1421,0.45523
1422,0.45549300000000004
1423,0.45575600000000005
1424,0.456019
1425,0.456282
1426,0.45654500000000003
1427,0.456808
1428,0.457071
1429,0.457334
1430,0.45759700000000003
1431,0.45786000000000004
1432,0.458123
1433,0.458386
1434,0.45864900000000003
1435,0.45891200000000004
1436,0.459175
1437,0.459438
1438,0.459701
1439,0.45996400000000004
1440,0.460227
1441,0.46049
1442,0.460753
1443,0.46101600000000004
1444,0.461279
1445,0.461542
1446,0.461805
1447,0.46206800000000003
1448,0.46233100000000005
1449,0.462594
1450,0.462857
1451,0.46312000000000003
1452,0.463383
1453,0.463646
1454,0.463909
1455,0.46417200000000003
1456,0.46443500000000004
1457,0.46469800000000006
1458,0.464961
1459,0.465224
1460,0.46548700000000004
1461,0.46575
1462,0.466013
1463,0.466276
1464,0.46653900000000004
1465,0.46680200000000005
1466,0.467065
1467,0.467328
1468,0.46759100000000003
1469,0.467854
1470,0.468117
1471,0.46838
1472,0.46864300000000003
1473,0.46890600000000004
1474,0.469169
1475,0.469432
1476,0.46969500000000003
1477,0.469958
1478,0.470221
1479,0.470484
1480,0.470747
1481,0.47101000000000004
1482,0.47127300000000005
1483,0.471536
1484,0.471799
1485,0.47206200000000004
1486,0.472325
1487,0.472588
1488,0.472851
1489,0.47311400000000003
1490,0.47337700000000005
1491,0.47364
1492,0.473903
1493,0.47416600000000003
1494,0.474429
1495,0.474692
1496,0.474955
1497,0.47521800000000003
1498,0.47548100000000004
1499,0.47574400000000006
1500,0.476007
1501,0.47627
1502,0.47653300000000004
1503,0.476796
1504,0.477059
1505,0.477322
1506,0.47758500000000004
1507,0.47784800000000005
1508,0.478111
1509,0.478374
1510,0.47863700000000003
1511,0.4789
1512,0.479163
1513,0.479426
1514,0.47968900000000003
1515,0.47995200000000005
1516,0.480215
1517,0.480478
1518,0.48074100000000003
1519,0.481004
1520,0.481267
1521,0.48153
1522,0.481793
1523,0.48205600000000004
1524,0.48231900000000005
1525,0.482582
1526,0.482845
1527,0.48310800000000004
1528,0.483371
1529,0.483634
1530,0.483897
1531,0.48416000000000003
1532,0.48442300000000005
1533,0.484686
1534,0.484949
1535,0.48521200000000003
1536,0.485475
1537,0.485738
1538,0.486001
1539,0.48626400000000003
1540,0.48652700000000004
1541,0.48679
1542,0.487053
1543,0.487316
1544,0.48757900000000004
1545,0.487842
1546,0.488105
1547,0.488368
1548,0.48863100000000004
1549,0.48889400000000005
1550,0.489157
1551,0.48942
1552,0.48968300000000003
1553,0.489946
1554,0.490209
1555,0.490472
1556,0.49073500000000003
1557,0.49099800000000005
1558,0.491261
1559,0.491524
1560,0.49178700000000003
1561,0.49205
1562,0.492313
1563,0.492576
1564,0.492839
1565,0.49310200000000004
1566,0.49336500000000005
1567,0.493628
1568,0.493891
1569,0.49415400000000004
1570,0.494417
1571,0.49468
1572,0.494943
1573,0.49520600000000004
1574,0.49546900000000005
1575,0.495732
1576,0.495995
1577,0.49625800000000003
1578,0.496521
1579,0.496784
1580,0.497047
1581,0.49731000000000003
1582,0.49757300000000004
1583,0.497836
1584,0.498099
1585,0.498362
1586,0.49862500000000004
1587,0.498888
1588,0.499151
1589,0.499414
1590,0.49967700000000004
1591,0.49994000000000005
1592,0.5002030000000001
1593,0.5004660000000001
1594,0.500729
1595,0.500992
1596,0.501255
1597,0.501518
1598,0.501781
1599,0.502044
1600,0.5023070000000001
1601,0.50257
1602,0.502833
1603,0.503096
1604,0.503359
1605,0.503622
1606,0.503885
1607,0.504148
1608,0.504411
1609,0.5046740000000001
1610,0.504937
1611,0.5052
1612,0.505463
1613,0.505726
1614,0.505989
1615,0.506252
1616,0.506515
1617,0.5067780000000001
1618,0.5070410000000001
1619,0.507304
1620,0.507567
1621,0.50783
1622,0.6
1623,0.6
1624,0.6
1625,0.6
1626,0.6
1627,0.6
1628,0.6
1629,0.6
1630,0.6
1631,0.6
1632,0.6
1633,0.6
1634,0.6
1635,0.6
1636,0.6
1637,0.6
1638,0.6
1639,0.6
1640,0.6
1641,0.6
1642,0.6
1643,0.6
1644,0.6
1645,0.6
1646,0.6
1647,0.6
1648,0.6
1649,0.6
1650,0.6
1651,0.6
1652,0.6
1653,0.6
1654,0.6
1655,0.6
1656,0.6
1657,0.6
1658,0.6
1659,0.6
1660,0.6
1661,0.6
1662,0.6
1663,0.6
1664,0.6
1665,0.6
1666,0.6
1667,0.6
1668,0.6
1669,0.6
1670,0.6
1671,0.6
1672,0.6
1673,0.6
1674,0.6
1675,0.6
1676,0.6
1677,0.6
1678,0.6
1679,0.6
1680,0.6
1681,0.6
1682,0.6
1683,0.6
1684,0.6
1685,0.6
1686,0.6
1687,0.6
1688,0.6
1689,0.6
1690,0.6
1691,0.6
1692,0.6
1693,0.6
1694,0.6
1695,0.6
1696,0.6
1697,0.6
1698,0.6
1699,0.6
1700,0.6
1701,0.6
1702,0.6
1703,0.6
1704,0.6
1705,0.6
1706,0.6
1707,0.6
1708,0.6
1709,0.6
1710,0.6
1711,0.6
1712,0.6
1713,0.6
1714,0.6
1715,0.6
1716,0.6
1717,0.6
1718,0.6
1719,0.6
1720,0.6
1721,0.6
1722,0.6
1723,0.6
1724,0.6
1725,0.6
1726,0.6
1727,0.6
1728,0.6
1729,0.6
1730,0.6
1731,0.6
1732,0.6
1733,0.6
1734,0.6
1735,0.6
1736,0.6
1737,0.6
1738,0.6
1739,0.6
1740,0.6
1741,0.6
1742,0.6
1743,0.6
1744,0.6
1745,0.6
1746,0.6
1747,0.6
1748,0.6
1749,0.6
1750,0.6
1751,0.6
1752,0.6
1753,0.6
1754,0.6
1755,0.6
1756,0.6
1757,0.6
1758,0.6
1759,0.6
1760,0.6
1761,0.6
1762,0.6
1763,0.6
1764,0.6
1765,0.6
1766,0.6
1767,0.6
1768,0.6
1769,0.6
1770,0.6
1771,0.6
1772,0.6
1773,0.6
1774,0.6
1775,0.6
1776,0.6
1777,0.6
1778,0.6
1779,0.6
1780,0.6
1781,0.6
1782,0.6
1783,0.6
1784,0.6
1785,0.6
1786,0.6
1787,0.6
1788,0.6
1789,0.6
1790,0.6
1791,0.6
1792,0.6
1793,0.6
1794,0.6
1795,0.6
1796,0.6
1797,0.6
1798,0.6
1799,0.6
1800,0.6
1801,0.6
1802,0.6
1803,0.6
1804,0.6
1805,0.6
1806,0.6
1807,0.6
1808,0.6
1809,0.6
1810,0.6
1811,0.6
1812,0.6
1813,0.6
1814,0.6
1815,0.6
1816,0.6
1817,0.6
1818,0.6
1819,0.6
1820,0.6
1821,0.6
1822,0.6
1823,0.6
1824,0.6
1825,0.6
1826,0.6
1827,0.6
1828,0.6
1829,0.6
1830,0.6
1831,0.6
1832,0.6
1833,0.6
1834,0.6
1835,0.6
1836,0.6
1837,0.6
1838,0.6
1839,0.6
1840,0.6
1841,0.6
1842,0.6
1843,0.6
1844,0.6
1845,0.6
1846,0.6
1847,0.6
1848,0.6
1849,0.6
1850,0.6
1851,0.6
1852,0.6
1853,0.6
1854,0.6
1855,0.6
1856,0.6
1857,0.6
1858,0.6
1859,0.6
1860,0.6
1861,0.6
1862,0.6
1863,0.6
1864,0.6
1865,0.6
1866,0.6
1867,0.6
1868,0.6
1869,0.6
1870,0.6
1871,0.6
1872,0.6
1873,0.6
1874,0.6
1875,0.6
1876,0.6
1877,0.6
1878,0.6
1879,0.6
1880,0.6
1881,0.6
1882,0.6
1883,0.6
1884,0.6
1885,0.6
1886,0.6
1887,0.6
1888,0.6
1889,0.6
1890,0.6
1891,0.6
1892,0.6
1893,0.6
1894,0.6
1895,0.6
1896,0.6
1897,0.6
1898,0.6
1899,0.6
1900,0.6
1901,0.6
1902,0.7
1903,0.6984549999999999
1904,0.6969099999999999
1905,0.695365
1906,0.69382
1907,0.692275
1908,0.69073
1909,0.6891849999999999
1910,0.6876399999999999
1911,0.686095
1912,0.68455
1913,0.683005
1914,0.68146
1915,0.6799149999999999
1916,0.6783699999999999
1917,0.676825
1918,0.67528
1919,0.673735
1920,0.67219
1921,0.6706449999999999
1922,0.6690999999999999
1923,0.6675549999999999
1924,0.66601
1925,0.664465
1926,0.66292
1927,0.6613749999999999
1928,0.6598299999999999
1929,0.658285
1930,0.65674
1931,0.655195
1932,0.65365
1933,0.6521049999999999
1934,0.6505599999999999
1935,0.649015
1936,0.64747
1937,0.645925
1938,0.64438
1939,0.6428349999999999
1940,0.6412899999999999
1941,0.639745
1942,0.6382
1943,0.636655
1944,0.63511
1945,0.6335649999999999
1946,0.6320199999999999
1947,0.6304749999999999
1948,0.62893
1949,0.627385
1950,0.62584
1951,0.6242949999999999
1952,0.6227499999999999
1953,0.621205
1954,0.61966
1955,0.618115
1956,0.61657
1957,0.6150249999999999
1958,0.6134799999999999
1959,0.611935
1960,0.61039
1961,0.608845
1962,0.6073
1963,0.6057549999999999
1964,0.6042099999999999
1965,0.602665
1966,0.60112
1967,0.599575
1968,0.59803
1969,0.5964849999999999
1970,0.5949399999999999
1971,0.593395
1972,0.59185
1973,0.590305
1974,0.58876
1975,0.5872149999999999
1976,0.5856699999999999
1977,0.584125
1978,0.58258
1979,0.581035
1980,0.57949
1981,0.5779449999999999
1982,0.5764
1983,0.5748549999999999
1984,0.57331
1985,0.571765
1986,0.57022
1987,0.5686749999999999
1988,0.5671299999999999
1989,0.565585
1990,0.56404
1991,0.562495
1992,0.56095
1993,0.7
1994,0.69839834
1995,0.69679668
1996,0.69519502
1997,0.6935933599999999
1998,0.6919917
1999,0.6903900399999999
2000,0.68878838
2001,0.6871867199999999
2002,0.68558506
2003,0.6839833999999999
2004,0.68238174
2005,0.6807800799999999
2006,0.67917842
2007,0.67757676
2008,0.6759750999999999
2009,0.67437344
2010,0.6727717799999999
2011,0.67117012
2012,0.6695684599999999
2013,0.6679668
2014,0.6663651399999999
2015,0.66476348
2016,0.66316182
2017,0.66156016
2018,0.6599585
2019,0.6583568399999999
2020,0.65675518
2021,0.6551535199999999
2022,0.65355186
2023,0.6519501999999999
2024,0.65034854
2025,0.6487468799999999
2026,0.64714522
2027,0.6455435599999999
2028,0.6439419
2029,0.64234024
2030,0.64073858
2031,0.63913692
2032,0.6375352599999999
2033,0.6359336
2034,0.6343319399999999
2035,0.63273028
2036,0.6311286199999999
2037,0.62952696
2038,0.6279252999999999
2039,0.62632364
2040,0.6247219799999999
2041,0.62312032
2042,0.62151866
2043,0.6199169999999999
2044,0.61831534
2045,0.6167136799999999
2046,0.61511202
2047,0.6135103599999999
2048,0.6119087
2049,0.6103070399999999
2050,0.60870538
2051,0.60710372
2052,0.60550206
2053,0.6039004
2054,0.6022987399999999
2055,0.60069708
2056,0.5990954199999999
2057,0.59749376
2058,0.5958920999999999
2059,0.59429044
2060,0.5926887799999999
2061,0.59108712
2062,0.5894854599999999
2063,0.5878838
2064,0.58628214
2065,0.58468048
2066,0.58307882
2067,0.5814771599999999
2068,0.5798755
2069,0.5782738399999999
2070,0.57667218
2071,0.5750705199999999
2072,0.57346886
2073,0.5718672
2074,0.57026554
2075,0.5686638799999999
2076,0.56706222
2077,0.56546056
2078,0.5638588999999999
2079,0.56225724
2080,0.5606555799999999
2081,0.55905392
2082,0.5574522599999999
2083,0.5558506
2084,0.5542489399999999
2085,0.55264728
2086,0.55104562
2087,0.54944396
2088,0.5478422999999999
2089,0.5462406399999999
2090,0.54463898
2091,0.5430373199999999
2092,0.54143566
2093,0.5398339999999999
2094,0.53823234
2095,0.53663068
2096,0.53502902
2097,0.5334273599999999
2098,0.5318257
2099,0.53022404
2100,0.52862238
2101,0.52702072
2102,0.5254190599999999
2103,0.5238174
2104,0.5222157399999999
2105,0.52061408
2106,0.5190124199999999
2107,0.51741076
2108,0.5158091
2109,0.51420744
2110,0.5126057799999999
2111,0.51100412
2112,0.50940246
2113,0.5078007999999999
2114,0.50619914
2115,0.5045974799999999
2116,0.50299582
2117,0.5013941599999999
2118,0.4997925
2119,0.49819083999999997
2120,0.49658917999999996
2121,0.49498751999999996
2122,0.49338585999999995
2123,0.49178419999999995
2124,0.49018253999999994
2125,0.48858088
2126,0.48697921999999993
2127,0.48537756
2128,0.4837758999999999
2129,0.48217424
2130,0.48057257999999997
2131,0.47897091999999997
2132,0.47736925999999996
2133,0.47576759999999996
2134,0.47416593999999995
2135,0.47256427999999995
2136,0.47096262
2137,0.46936095999999994
2138,0.4677593
2139,0.46615763999999993
2140,0.46455598
2141,0.4629543199999999
2142,0.46135265999999997
2143,0.45975099999999997
2144,0.45814933999999996
2145,0.45654767999999996
2146,0.45494601999999995
2147,0.45334435999999995
2148,0.45174269999999994
2149,0.45014104
2150,0.44853937999999993
2151,0.44693772
2152,0.44533606
2153,0.4437344
2154,0.44213273999999997
2155,0.44053107999999996
2156,0.43892941999999996
2157,0.43732775999999995
2158,0.43572609999999995
2159,0.43412443999999994
2160,0.43252277999999994
2161,0.43092111999999994
2162,0.42931946
2163,0.4277178
2164,0.42611614
2165,0.42451447999999997
2166,0.6
2167,0.5991820999999999
2168,0.5983642
2169,0.5975463
2170,0.5967283999999999
2171,0.5959105
2172,0.5950926
2173,0.5942746999999999
2174,0.5934568
2175,0.5926389
2176,0.5918209999999999
2177,0.5910031
2178,0.5901852
2179,0.5893672999999999
2180,0.5885494
2181,0.5877315
2182,0.5869135999999999
2183,0.5860957
2184,0.5852778
2185,0.5844599
2186,0.583642
2187,0.5828241
2188,0.5820062
2189,0.5811883
2190,0.5803704
2191,0.5795525
2192,0.5787346
2193,0.5779167
2194,0.5770988
2195,0.5762809
2196,0.575463
2197,0.5746451
2198,0.5738272
2199,0.5730092999999999
2200,0.5721914
2201,0.5713735
2202,0.5705555999999999
2203,0.5697377
2204,0.5689198
2205,0.5681018999999999
2206,0.567284
2207,0.5664661
2208,0.5656481999999999
2209,0.5648303
2210,0.5640124
2211,0.5631944999999999
2212,0.5623766
2213,0.5615587
2214,0.5607407999999999
2215,0.5599229
2216,0.559105
2217,0.5582871
2218,0.5574692
2219,0.5566513
2220,0.5558334
2221,0.5550155
2222,0.5541976
2223,0.5533797
2224,0.5525618
2225,0.5517439
2226,0.550926
2227,0.5501081
2228,0.5492902
2229,0.5484723
2230,0.5476544
2231,0.5468365
2232,0.5460186
2233,0.5452007
2234,0.5443828
2235,0.5435649
2236,0.542747
2237,0.5419290999999999
2238,0.5411112
2239,0.5402933
2240,0.5394753999999999
2241,0.5386575
2242,0.5378396
2243,0.5370216999999999
2244,0.5362038
2245,0.5353859
2246,0.5345679999999999
2247,0.5337501
2248,0.5329322
2249,0.5321142999999999
2250,0.5312964
2251,0.5304785
2252,0.5296605999999999
2253,0.5288427
2254,0.5280248
2255,0.5272068999999999
2256,0.526389
2257,0.5255711
2258,0.5247531999999999
2259,0.5239353
2260,0.5231174
2261,0.5222995
2262,0.5214816
2263,0.5206637
2264,0.5198458
2265,0.5190279
2266,0.51821
2267,0.5173921
2268,0.5165742
2269,0.5157563
2270,0.6
2271,0.598753
2272,0.597506
2273,0.596259
2274,0.595012
2275,0.593765
2276,0.592518
2277,0.591271
2278,0.590024
2279,0.588777
2280,0.58753
2281,0.586283
2282,0.585036
2283,0.583789
2284,0.582542
2285,0.581295
2286,0.580048
2287,0.578801
2288,0.577554
2289,0.576307
2290,0.57506
2291,0.573813
2292,0.572566
2293,0.571319
2294,0.570072
2295,0.568825
2296,0.567578
2297,0.5663309999999999
2298,0.5650839999999999
2299,0.5638369999999999
2300,0.5625899999999999
2301,0.5613429999999999
2302,0.5600959999999999
2303,0.5588489999999999
2304,0.5576019999999999
2305,0.5563549999999999
2306,0.5551079999999999
2307,0.5538609999999999
2308,0.5526139999999999
2309,0.5513669999999999
2310,0.5501199999999999
2311,0.5488729999999999
2312,0.547626
2313,0.546379
2314,0.545132
2315,0.543885
2316,0.542638
2317,0.541391
2318,0.540144
2319,0.538897
2320,0.53765
2321,0.536403
2322,0.535156
2323,0.533909
2324,0.532662
2325,0.531415
2326,0.530168
2327,0.528921
2328,0.527674
2329,0.526427
2330,0.52518
2331,0.523933
2332,0.522686
2333,0.521439
2334,0.520192
2335,0.518945
2336,0.517698
2337,0.516451
2338,0.515204
2339,0.513957
2340,0.51271
2341,0.511463
2342,0.510216
2343,0.508969
2344,0.507722
2345,0.506475
2346,0.505228
2347,0.503981
2348,0.502734
2349,0.501487
2350,0.50024
2351,0.49899299999999996
2352,0.49774599999999997
2353,0.49649899999999997
2354,0.49525199999999997
2355,0.49400499999999997
2356,0.492758
2357,0.491511
2358,0.490264
2359,0.489017
2360,0.48777
2361,0.486523
2362,0.485276
2363,0.484029
2364,0.482782
2365,0.481535
2366,0.48028799999999994
2367,0.47904099999999994
2368,0.47779399999999994
2369,0.47654699999999994
2370,0.47529999999999994
2371,0.47405299999999995
2372,0.47280599999999995
2373,0.47155899999999995
2374,0.47031199999999995
2375,0.46906499999999995
2376,0.46781799999999996
2377,0.46657099999999996
2378,0.46532399999999996
2379,0.46407699999999996
2380,0.46282999999999996
2381,0.46158299999999997
2382,0.46033599999999997
2383,0.45908899999999997
2384,0.45784199999999997
2385,0.456595
2386,0.455348
2387,0.454101
2388,0.452854
2389,0.451607
2390,0.45036
2391,0.449113
2392,0.447866
2393,0.446619
2394,0.445372
2395,0.444125
2396,0.442878
2397,0.441631
2398,0.440384
2399,0.439137
2400,0.43789
2401,0.436643
2402,0.435396
2403,0.434149
2404,0.432902
2405,0.431655
2406,0.43040799999999996
2407,0.42916099999999996
2408,0.42791399999999996
2409,0.42666699999999996
2410,0.42541999999999996
2411,0.42417299999999997
2412,0.42292599999999997
2413,0.42167899999999997
2414,0.420432
2415,0.419185
2416,0.417938
2417,0.416691
2418,0.415444
2419,0.414197
2420,0.41294999999999993
2421,0.41170299999999993
2422,0.41045599999999993
2423,0.40920899999999993
2424,0.40796199999999994
2425,0.40671499999999994
2426,0.40546799999999994
2427,0.40422099999999994
2428,0.40297399999999994
2429,0.40172699999999995
2430,0.40047999999999995
2431,0.39923299999999995
2432,0.39798599999999995
2433,0.39673899999999995
2434,0.39549199999999995
2435,0.39424499999999996
2436,0.39299799999999996
2437,0.39175099999999996
2438,0.39050399999999996
2439,0.38925699999999996
2440,0.38800999999999997
2441,0.38676299999999997
2442,0.38551599999999997
2443,0.5
2444,0.50418
2445,0.50836
2446,0.51254
2447,0.51672
2448,0.5209
2449,0.52508
2450,0.52926
2451,0.53344
2452,0.53762
2453,0.5418
2454,0.54598
2455,0.55016
2456,0.55434
2457,0.55852
2458,0.5627
2459,0.56688
2460,0.57106
2461,0.57524
2462,0.57942
2463,0.5836
2464,0.58778
2465,0.59196
2466,0.59614
2467,0.60032
2468,0.6045
2469,0.60868
2470,0.61286
2471,0.61704
2472,0.62122
2473,0.6254
2474,0.62958
2475,0.63376
2476,0.63794
2477,0.64212
2478,0.6463
2479,0.65048
2480,0.65466
2481,0.65884
2482,0.6630199999999999
2483,0.6672
2484,0.67138
2485,0.6755599999999999
2486,0.67974
2487,0.6
2488,0.597811
2489,0.595622
2490,0.593433
2491,0.591244
2492,0.589055
2493,0.586866
2494,0.584677
2495,0.582488
2496,0.580299
2497,0.57811
2498,0.575921
2499,0.573732
2500,0.571543
2501,0.569354
2502,0.5671649999999999
2503,0.5649759999999999
2504,0.5627869999999999
2505,0.5605979999999999
2506,0.5584089999999999
2507,0.5562199999999999
2508,0.5540309999999999
2509,0.5518419999999999
2510,0.549653
2511,0.547464
2512,0.545275
2513,0.543086
2514,0.540897
2515,0.538708
2516,0.536519
2517,0.53433
2518,0.532141
2519,0.529952
2520,0.527763
2521,0.525574
2522,0.523385
2523,0.521196
2524,0.519007
2525,0.516818
2526,0.514629
2527,0.51244
2528,0.510251
2529,0.508062
2530,0.505873
2531,0.503684
2532,0.501495
2533,0.49930599999999997
2534,0.497117
2535,0.494928
2536,0.492739
2537,0.49055
2538,0.488361
2539,0.486172
2540,0.483983
2541,0.48179399999999994
2542,0.47960499999999995
2543,0.47741599999999995
2544,0.47522699999999996
2545,0.47303799999999996
2546,0.47084899999999996
2547,0.46865999999999997
2548,0.6
2549,0.598609
2550,0.597218
2551,0.595827
2552,0.594436
2553,0.5930449999999999
2554,0.591654
2555,0.590263
2556,0.588872
2557,0.587481
2558,0.58609
2559,0.584699
2560,0.5833079999999999
2561,0.581917
2562,0.580526
2563,0.579135
2564,0.5777439999999999
2565,0.576353
2566,0.574962
2567,0.5735709999999999
2568,0.57218
2569,0.570789
2570,0.569398
2571,0.5680069999999999
2572,0.566616
2573,0.565225
2574,0.563834
2575,0.562443
2576,0.561052
2577,0.559661
2578,0.5582699999999999
2579,0.556879
2580,0.555488
2581,0.554097
2582,0.5527059999999999
2583,0.551315
2584,0.549924
2585,0.5485329999999999
2586,0.547142
2587,0.545751
2588,0.54436
2589,0.5429689999999999
2590,0.541578
2591,0.540187
2592,0.5387959999999999
2593,0.537405
2594,0.536014
2595,0.534623
2596,0.5332319999999999
2597,0.531841
2598,0.53045
2599,0.529059
2600,0.527668
2601,0.526277
2602,0.524886
2603,0.5234949999999999
2604,0.522104
2605,0.520713
2606,0.519322
2607,0.5179309999999999
2608,0.51654
2609,0.515149
2610,0.5137579999999999
2611,0.512367
2612,0.510976
2613,0.509585
2614,0.5081939999999999
2615,0.506803
2616,0.505412
2617,0.5040209999999999
2618,0.5026299999999999
2619,0.501239
2620,0.49984799999999996
2621,0.498457
2622,0.49706599999999995
2623,0.495675
2624,0.49428399999999995
2625,0.49289299999999997
2626,0.491502
2627,0.49011099999999996
2628,0.48872
2629,0.48732899999999996
2630,0.485938
2631,0.48454699999999995
2632,0.483156
2633,0.481765
2634,0.48037399999999997
2635,0.47898299999999994
2636,0.47759199999999996
2637,0.476201
2638,0.47480999999999995
2639,0.473419
2640,0.472028
2641,0.47063699999999997
2642,0.46924599999999994
2643,0.46785499999999997
2644,0.466464
2645,0.46507299999999996
2646,0.4636819999999999
2647,0.462291
2648,0.4609
2649,0.45950899999999995
2650,0.45811799999999997
2651,0.456727
2652,0.45533599999999996
2653,0.45394499999999993
2654,0.45255399999999996
2655,0.451163
2656,0.44977199999999995
2657,0.448381
2658,0.44699
2659,0.44559899999999997
2660,0.44420799999999994
2661,0.44281699999999996
2662,0.441426
2663,0.44003499999999995
2664,0.438644
2665,0.437253
2666,0.43586199999999997
2667,0.43447099999999994
2668,0.43307999999999996
2669,0.431689
2670,0.43029799999999996
2671,0.4289069999999999
2672,0.427516
2673,0.426125
2674,0.42473399999999994
2675,0.42334299999999997
2676,0.421952
2677,0.42056099999999996
2678,0.41916999999999993
2679,0.41777899999999996
2680,0.416388
2681,0.41499699999999995
2682,0.413606
2683,0.412215
2684,0.41082399999999997
2685,0.40943299999999994
2686,0.40804199999999996
2687,0.406651
2688,0.40525999999999995
2689,0.403869
2690,0.402478
2691,0.40108699999999997
2692,0.39969599999999994
2693,0.39830499999999996
2694,0.396914
2695,0.39552299999999996
2696,0.3941319999999999
2697,0.39274099999999995
2698,0.39135
2699,0.38995899999999994
2700,0.38856799999999997
2701,0.387177
2702,0.38578599999999996
2703,0.38439499999999993
2704,0.38300399999999996
2705,0.381613
2706,0.38022199999999995
2707,0.378831
2708,0.37744
2709,0.37604899999999997
2710,0.37465799999999994
2711,0.37326699999999996
2712,0.371876
2713,0.37048499999999995
2714,0.3690939999999999
2715,0.367703
2716,0.36631199999999997
2717,0.36492099999999994
2718,0.36352999999999996
2719,0.362139
2720,0.36074799999999996
2721,0.3593569999999999
2722,0.35796599999999995
2723,0.356575
2724,0.35518399999999994
2725,0.35379299999999997
2726,0.352402
2727,0.35101099999999996
2728,0.34962
2729,0.34822899999999996
2730,0.5
2731,0.5
2732,0.5
2733,0.5
2734,0.5
2735,0.5
2736,0.5
2737,0.5
2738,0.5
2739,0.5
2740,0.5
2741,0.5
2742,0.5
2743,0.5
2744,0.5
2745,0.5
2746,0.5
2747,0.5
2748,0.5
2749,0.5
2750,0.5
2751,0.5
2752,0.5
2753,0.5
2754,0.5
2755,0.5
2756,0.5
2757,0.5
2758,0.5
2759,0.5
2760,0.5
2761,0.5
2762,0.5
2763,0.5
2764,0.5
2765,0.5
2766,0.5
2767,0.5
2768,0.5
2769,0.5
2770,0.5
2771,0.5
2772,0.5
2773,0.5
2774,0.5
2775,0.5
2776,0.5
2777,0.5
2778,0.5
2779,0.5
2780,0.5
2781,0.5
2782,0.5
2783,0.5
2784,0.5
2785,0.5
2786,0.5
2787,0.5
2788,0.5
2789,0.5
2790,0.5
2791,0.5
2792,0.5
2793,0.5
2794,0.5
2795,0.5
2796,0.5
2797,0.5
2798,0.5
2799,0.5
2800,0.5
2801,0.5
2802,0.5
2803,0.5
2804,0.5
2805,0.5
2806,0.5
2807,0.5
2808,0.5
2809,0.5
2810,0.5
2811,0.5
2812,0.5
2813,0.5
2814,0.5
2815,0.5
2816,0.5
2817,0.5
2818,0.5
2819,0.5
2820,0.5
2821,0.5
2822,0.5
2823,0.5
2824,0.5
2825,0.5
2826,0.5
2827,0.5
2828,0.5
2829,0.5
2830,0.5
2831,0.5
2832,0.5
2833,0.5
2834,0.5
2835,0.5
2836,0.5
2837,0.5
2838,0.5
2839,0.5
2840,0.5
2841,0.5
2842,0.5
2843,0.5
2844,0.5
2845,0.5
2846,0.5
2847,0.5
2848,0.5
2849,0.5
2850,0.5
2851,0.5
2852,0.5
2853,0.5
2854,0.5
2855,0.5
2856,0.5
2857,0.5
2858,0.5
2859,0.5
2860,0.5
2861,0.5
2862,0.5
2863,0.5
2864,0.5
2865,0.5
2866,0.5
2867,0.5
2868,0.5
2869,0.5
2870,0.5
2871,0.5
2872,0.5
2873,0.5
2874,0.5
2875,0.5
2876,0.5
2877,0.5
2878,0.5
2879,0.5
2880,0.5
2881,0.5
2882,0.5
2883,0.5
2884,0.5
2885,0.5
2886,0.5
2887,0.5
2888,0.5
2889,0.5
2890,0.5
2891,0.5
2892,0.5
2893,0.5
2894,0.5
2895,0.5
2896,0.5
2897,0.5
2898,0.5
2899,0.5
2900,0.5
2901,0.5
2902,0.5
2903,0.5
2904,0.5
2905,0.5
2906,0.5
2907,0.5
2908,0.5
2909,0.5
2910,0.5
2911,0.5
2912,0.5
2913,0.5
2914,0.5
2915,0.5
2916,0.5
2917,0.5
2918,0.5
2919,0.5
2920,0.5
2921,0.5
2922,0.5
2923,0.5
2924,0.5
2925,0.5
2926,0.5
2927,0.5
2928,0.5
2929,0.5
2930,0.5
2931,0.5
2932,0.5
2933,0.5
2934,0.5
2935,0.5
2936,0.5
2937,0.5
2938,0.5
2939,0.5
2940,0.5
2941,0.5
2942,0.5
2943,0.5
2944,0.5
2945,0.5
2946,0.5
2947,0.5
2948,0.5
2949,0.5
2950,0.5
2951,0.5
2952,0.5
2953,0.5
2954,0.5
2955,0.5
2956,0.5
2957,0.5
2958,0.5
2959,0.5
2960,0.5
2961,0.5
2962,0.5
2963,0.5
2964,0.5
2965,0.5
2966,0.5
2967,0.5
2968,0.5
2969,0.5
2970,0.5
2971,0.5
2972,0.5
2973,0.5
2974,0.5
2975,0.5
2976,0.5
2977,0.5
2978,0.5
2979,0.5
2980,0.5
2981,0.5
2982,0.5
2983,0.5
2984,0.5
2985,0.5
2986,0.5
2987,0.5
2988,0.5
2989,0.5
2990,0.5
2991,0.5
2992,0.5
2993,0.5
2994,0.5
2995,0.5
2996,0.5
2997,0.5
2998,0.5
2999,0.5
3000,0.5
3001,0.5
3002,0.5
3003,0.5
3004,0.5
3005,0.5
3006,0.5
3007,0.5
3008,0.5
3009,0.5
3010,0.5
3011,0.5
3012,0.5
3013,0.5
3014,0.5
3015,0.5
3016,0.5
3017,0.5
3018,0.5
3019,0.5
3020,0.5
3021,0.5
3022,0.5
3023,0.5
3024,0.5
3025,0.5
3026,0.5
3027,0.5
3028,0.5
3029,0.5
3030,0.5
3031,0.5
3032,0.5
3033,0.5
3034,0.5
3035,0.5
3036,0.5
3037,0.5
3038,0.5
3039,0.5
3040,0.5
3041,0.5
3042,0.5
3043,0.5
3044,0.5
3045,0.5
3046,0.5
3047,0.5
3048,0.5
3049,0.5
3050,0.5
3051,0.5
3052,0.5
3053,0.5
3054,0.5
3055,0.5
3056,0.5
3057,0.5
3058,0.5
3059,0.5
3060,0.5
3061,0.5
3062,0.5
3063,0.5
3064,0.5
3065,0.5
3066,0.5
3067,0.5
3068,0.5
3069,0.5
3070,0.5
3071,0.5
3072,0.5
3073,0.5
3074,0.5
3075,0.5
3076,0.5
3077,0.5
3078,0.5
3079,0.5
3080,0.5
3081,0.5
3082,0.5
3083,0.5
3084,0.5
3085,0.5
3086,0.5
3087,0.5
3088,0.5
3089,0.5
3090,0.5
3091,0.5
3092,0.5
3093,0.5
3094,0.5
3095,0.5
3096,0.5
3097,0.5
3098,0.5
3099,0.5
3100,0.5
3101,0.5
3102,0.5
3103,0.5
3104,0.5
3105,0.5
3106,0.5
3107,0.5
3108,0.5
3109,0.5
3110,0.5
3111,0.5
3112,0.5
3113,0.5
3114,0.5
3115,0.5
3116,0.5
3117,0.5
3118,0.5
3119,0.5
3120,0.5
3121,0.5
3122,0.5
3123,0.5
3124,0.5
3125,0.5
3126,0.5
3127,0.5
3128,0.5
3129,0.5
3130,0.5
3131,0.5
3132,0.5
3133,0.5
3134,0.5
3135,0.5
3136,0.5
3137,0.5
3138,0.5
3139,0.5
3140,0.5
3141,0.5
3142,0.5
3143,0.5
3144,0.5
3145,0.5
3146,0.5
3147,0.5
3148,0.5
3149,0.5
3150,0.5
3151,0.5
3152,0.5
3153,0.5
3154,0.5
3155,0.5
3156,0.5
3157,0.5
3158,0.5
3159,0.5
3160,0.5
3161,0.5
3162,0.5
3163,0.5
3164,0.5
3165,0.5
3166,0.5
3167,0.5
3168,0.5
3169,0.5
3170,0.5
3171,0.5
3172,0.5
3173,0.5
3174,0.5
3175,0.5
3176,0.5
3177,0.5
3178,0.5
3179,0.5
3180,0.5
3181,0.5
3182,0.5
3183,0.5
3184,0.5
3185,0.5
3186,0.5
3187,0.5
3188,0.5
3189,0.5
3190,0.5
3191,0.5
3192,0.5
3193,0.5
3194,0.5
3195,0.5
3196,0.5
3197,0.5
3198,0.5
3199,0.5
3200,0.5
3201,0.5
3202,0.5
3203,0.5
3204,0.5
3205,0.5
3206,0.5
3207,0.5
3208,0.5
3209,0.5
3210,0.5
3211,0.5
3212,0.5
3213,0.5
3214,0.5
3215,0.5
3216,0.5
3217,0.5
3218,0.5
3219,0.5
3220,0.5
3221,0.5
3222,0.5
3223,0.5
3224,0.5
3225,0.5
3226,0.5
3227,0.5
3228,0.5
3229,0.5
3230,0.5
3231,0.5
3232,0.5
3233,0.5
3234,0.5
3235,0.5
3236,0.5
3237,0.5
3238,0.5
3239,0.5
3240,0.5
3241,0.5
3242,0.5
3243,0.5
3244,0.5
3245,0.5
3246,0.5
3247,0.5
3248,0.5
3249,0.5
3250,0.5
3251,0.5
3252,0.5
3253,0.5
3254,0.5
3255,0.5
3256,0.5
3257,0.5
3258,0.5
3259,0.5
3260,0.5
3261,0.5
3262,0.5
3263,0.5
3264,0.5
3265,0.5
3266,0.5
3267,0.5
3268,0.5
3269,0.5
3270,0.5
3271,0.5
3272,0.5
3273,0.5
3274,0.5
3275,0.5
3276,0.5
3277,0.5
3278,0.5
3279,0.5
3280,0.5
3281,0.5
3282,0.5
3283,0.5
3284,0.5
3285,0.5
3286,0.5
3287,0.5
3288,0.5
3289,0.5
3290,0.5
3291,0.5
3292,0.5
3293,0.5
3294,0.5
3295,0.5
3296,0.5
3297,0.5
3298,0.5
3299,0.5
3300,0.5
3301,0.5
3302,0.5
3303,0.5
3304,0.5
3305,0.5
3306,0.5
3307,0.5
3308,0.5
3309,0.5
3310,0.5
3311,0.5
3312,0.5
3313,0.5
3314,0.5
3315,0.5
3316,0.5
3317,0.5
3318,0.5
3319,0.5
3320,0.5
3321,0.5
3322,0.5
3323,0.5
3324,0.5
3325,0.5
3326,0.5
3327,0.5
3328,0.5
3329,0.5
3330,0.5
3331,0.5
3332,0.5
3333,0.5
3334,0.5
3335,0.5
3336,0.5
3337,0.5
3338,0.5
3339,0.5
3340,0.5
3341,0.5
3342,0.5
3343,0.5
3344,0.5
3345,0.5
3346,0.5
3347,0.5
3348,0.5
3349,0.5
3350,0.5
3351,0.5
3352,0.5
3353,0.5
3354,0.5
3355,0.5
3356,0.5
3357,0.5
3358,0.5
3359,0.5
3360,0.5
3361,0.5
3362,0.5
3363,0.5
3364,0.5
3365,0.5
3366,0.5
3367,0.5
3368,0.5
3369,0.5
3370,0.5
3371,0.5
3372,0.5
3373,0.5
3374,0.5
3375,0.5
3376,0.5
3377,0.5
3378,0.5
3379,0.5
3380,0.5
3381,0.5
3382,0.5
3383,0.5
3384,0.5
3385,0.5
3386,0.5
3387,0.5
3388,0.5
3389,0.5
3390,0.5
3391,0.5
3392,0.5
3393,0.5
3394,0.5
3395,0.5
3396,0.5
3397,0.5
3398,0.5
3399,0.5
3400,0.5
3401,0.5
3402,0.5
3403,0.5
3404,0.5
3405,0.5
3406,0.5
3407,0.5
3408,0.5
3409,0.5
3410,0.5
3411,0.5
3412,0.5
3413,0.5
3414,0.5
3415,0.5
3416,0.5
3417,0.5
3418,0.5
3419,0.5
3420,0.5
3421,0.5
3422,0.5
3423,0.5
3424,0.5
3425,0.5
3426,0.5
3427,0.5
3428,0.5
3429,0.5
3430,0.5
3431,0.5
3432,0.5
3433,0.5
3434,0.5
3435,0.5
3436,0.5
3437,0.5
3438,0.5
3439,0.5
3440,0.5
3441,0.5
3442,0.5
3443,0.5
3444,0.5
3445,0.5
3446,0.5
3447,0.5
3448,0.5
3449,0.5
3450,0.5
3451,0.5
3452,0.5
3453,0.5
3454,0.5
3455,0.5
3456,0.5
3457,0.5
3458,0.5
3459,0.5
3460,0.5
3461,0.5
3462,0.5
3463,0.5
3464,0.5
3465,0.5
3466,0.5
3467,0.5
3468,0.5
3469,0.5
3470,0.5
3471,0.5
3472,0.5
3473,0.5
3474,0.5
3475,0.5
3476,0.5
3477,0.5
3478,0.5
3479,0.5
3480,0.5
3481,0.5
3482,0.5
3483,0.5
3484,0.5
3485,0.5
3486,0.5
3487,0.5
3488,0.5
3489,0.5
3490,0.5
3491,0.5
3492,0.5
3493,0.5
3494,0.5
3495,0.5
3496,0.5
3497,0.5
3498,0.5
3499,0.5
3500,0.5
3501,0.5
3502,0.5
3503,0.5
3504,0.5
3505,0.5
3506,0.5
3507,0.5
3508,0.5
3509,0.5
3510,0.5
3511,0.5
3512,0.5
3513,0.5
3514,0.5
3515,0.5
3516,0.5
3517,0.5
3518,0.5
3519,0.5
3520,0.5
3521,0.5
3522,0.5
3523,0.5
3524,0.5
3525,0.5
3526,0.5
3527,0.5
3528,0.5
3529,0.5
3530,0.5
3531,0.5
3532,0.5
3533,0.5
3534,0.5
3535,0.5
3536,0.5
3537,0.5
3538,0.5
3539,0.5
3540,0.5
3541,0.5
3542,0.5
3543,0.5
3544,0.5
3545,0.5
3546,0.5
3547,0.5
3548,0.5
3549,0.5
3550,0.5
3551,0.5
3552,0.5
3553,0.5
3554,0.5
3555,0.5
3556,0.5
3557,0.5
3558,0.5
3559,0.5
3560,0.5
3561,0.5
3562,0.5
3563,0.5
3564,0.5
3565,0.5
3566,0.5
3567,0.5
3568,0.5
3569,0.5
3570,0.5
3571,0.5
3572,0.5
3573,0.5
3574,0.5
3575,0.5
3576,0.5
3577,0.5
3578,0.5
3579,0.5
3580,0.5
3581,0.5
3582,0.5
3583,0.5
3584,0.5
3585,0.5
3586,0.5
3587,0.5
3588,0.5
3589,0.5
3590,0.5
3591,0.5
3592,0.5
3593,0.5
3594,0.5
3595,0.5
3596,0.5
3597,0.5
3598,0.5
3599,0.5
3600,0.5
3601,0.5
3602,0.5
3603,0.5
3604,0.5
3605,0.5
3606,0.5
3607,0.5
3608,0.5
3609,0.5
3610,0.5
3611,0.5
3612,0.5
3613,0.5
3614,0.5
3615,0.5
3616,0.5
3617,0.5
3618,0.5
3619,0.5
3620,0.5
3621,0.5
3622,0.5
3623,0.5
3624,0.5
3625,0.5
3626,0.5
3627,0.5
3628,0.5
3629,0.5
3630,0.5
3631,0.5
3632,0.5
3633,0.5
3634,0.5
3635,0.5
3636,0.5
3637,0.5
3638,0.5
3639,0.5
3640,0.5
3641,0.5
3642,0.5
3643,0.5
3644,0.5
3645,0.5
3646,0.5
3647,0.5
3648,0.5
3649,0.5
3650,0.5
3651,0.5
3652,0.5
3653,0.5
3654,0.5
3655,0.5
3656,0.5
3657,0.5
3658,0.5
3659,0.5
3660,0.5
3661,0.5
3662,0.5
3663,0.5
3664,0.5
3665,0.5
3666,0.5
3667,0.5
3668,0.5
3669,0.5
3670,0.5
3671,0.5
3672,0.5
3673,0.5
3674,0.5
3675,0.5
3676,0.5
3677,0.5
3678,0.5
3679,0.5
3680,0.5
3681,0.5
3682,0.5
3683,0.5
3684,0.5
3685,0.5
3686,0.5
3687,0.5
3688,0.5
3689,0.5
3690,0.5
3691,0.5
3692,0.5
3693,0.5
3694,0.5
3695,0.5
3696,0.5
3697,0.5
3698,0.5
3699,0.5
3700,0.5
3701,0.5
3702,0.5
3703,0.5
3704,0.5
3705,0.5
3706,0.5
3707,0.5
3708,0.5
3709,0.5
3710,0.5
3711,0.5
3712,0.5
3713,0.5
3714,0.5
3715,0.5
3716,0.5
3717,0.5
3718,0.5
3719,0.5
3720,0.5
3721,0.5
3722,0.5
3723,0.5
3724,0.5
3725,0.5
3726,0.5
3727,0.5
3728,0.5
3729,0.5
3730,0.5
3731,0.5
3732,0.5
3733,0.5
3734,0.5
3735,0.5
3736,0.5
3737,0.5
3738,0.5
3739,0.5
3740,0.5
3741,0.5
3742,0.5
3743,0.5
3744,0.5
3745,0.5
3746,0.5
3747,0.5
3748,0.5
3749,0.5
3750,0.5
3751,0.5
3752,0.5
3753,0.5
3754,0.5
3755,0.5
3756,0.5
3757,0.5
3758,0.5
3759,0.5
3760,0.5
3761,0.5
3762,0.5
3763,0.5
3764,0.5
3765,0.5
3766,0.5
3767,0.5
3768,0.5
3769,0.5
3770,0.5
3771,0.5
3772,0.5
3773,0.5
3774,0.5
3775,0.5
3776,0.5
3777,0.5
3778,0.5
3779,0.5
3780,0.5
3781,0.5
3782,0.5
3783,0.5
3784,0.5
3785,0.5
3786,0.5
3787,0.5
3788,0.5
3789,0.5
3790,0.5
3791,0.5
3792,0.5
3793,0.5
3794,0.5
3795,0.5
3796,0.5
3797,0.5
3798,0.5
3799,0.5
3800,0.5
3801,0.5
3802,0.5
3803,0.5
3804,0.5
3805,0.5
3806,0.5
3807,0.5
3808,0.5
3809,0.5
3810,0.5
3811,0.5
3812,0.5
3813,0.5
3814,0.5
3815,0.5
3816,0.5
3817,0.5
3818,0.5
3819,0.5
3820,0.5
3821,0.5
3822,0.5
3823,0.5
3824,0.5
3825,0.5
3826,0.5
3827,0.5
3828,0.5
3829,0.5
3830,0.5
3831,0.5
3832,0.5
3833,0.5
3834,0.5
3835,0.5
3836,0.5
3837,0.5
3838,0.5
3839,0.5
3840,0.5
3841,0.5
3842,0.5
3843,0.5
3844,0.5
3845,0.5
3846,0.5
3847,0.5
3848,0.5
3849,0.5
3850,0.5
3851,0.5
3852,0.5
3853,0.5
3854,0.5
3855,0.5
3856,0.5
3857,0.5
3858,0.5
3859,0.5
3860,0.5
3861,0.5
3862,0.5
3863,0.5
3864,0.5
3865,0.5
3866,0.5
3867,0.5
3868,0.5
3869,0.5
3870,0.5
3871,0.5
3872,0.5
3873,0.5
3874,0.5
3875,0.5
3876,0.5
3877,0.5
3878,0.5
3879,0.5
3880,0.5
3881,0.5
3882,0.5
3883,0.5
3884,0.5
3885,0.5
3886,0.5
3887,0.5
3888,0.5
3889,0.5
3890,0.5
3891,0.5
3892,0.5
3893,0.5
3894,0.5
3895,0.5
3896,0.5
3897,0.5
3898,0.5
3899,0.5
3900,0.5
3901,0.5
3902,0.5
3903,0.5
3904,0.5
3905,0.5
3906,0.5
3907,0.5
3908,0.5
3909,0.5
3910,0.5
3911,0.5
3912,0.5
3913,0.5
3914,0.5
3915,0.5
3916,0.5
3917,0.5
3918,0.5
3919,0.5
3920,0.5
3921,0.5
3922,0.5
3923,0.5
3924,0.5
3925,0.5
3926,0.5
3927,0.5
3928,0.5
3929,0.5
3930,0.5
3931,0.5
3932,0.5
3933,0.5
3934,0.5
3935,0.5
3936,0.5
3937,0.5
3938,0.5
3939,0.5
3940,0.5
3941,0.5
3942,0.5
3943,0.5
3944,0.5
3945,0.5
3946,0.5
3947,0.5
3948,0.5
3949,0.5
3950,0.5
3951,0.5
3952,0.5
3953,0.5
3954,0.5
3955,0.5
3956,0.5
3957,0.5
3958,0.5
3959,0.5
3960,0.5
3961,0.5
3962,0.5
3963,0.5
3964,0.5
3965,0.5
3966,0.5
3967,0.5
3968,0.5
3969,0.5
3970,0.5
3971,0.5
3972,0.5
3973,0.5
3974,0.5
3975,0.5
3976,0.5
3977,0.5
3978,0.5
3979,0.5
3980,0.5
3981,0.5
3982,0.5
3983,0.5
3984,0.5
3985,0.5
3986,0.5
3987,0.5
3988,0.5
3989,0.5
3990,0.5
3991,0.5
3992,0.5
3993,0.5
3994,0.5
3995,0.5
3996,0.5
3997,0.5
3998,0.5
3999,0.5
4000,0.5
4001,0.5
4002,0.5
4003,0.5
4004,0.5
4005,0.5
4006,0.5
4007,0.5
4008,0.5
4009,0.5
4010,0.5
4011,0.5
4012,0.5
4013,0.5
4014,0.5
4015,0.5
4016,0.5
4017,0.5
4018,0.5
4019,0.5
4020,0.5
4021,0.5
4022,0.5
4023,0.5
4024,0.5
4025,0.5
4026,0.5
4027,0.5
4028,0.5
4029,0.5
4030,0.5
4031,0.5
4032,0.5
4033,0.5
4034,0.5
4035,0.5
4036,0.5
4037,0.5
4038,0.5
4039,0.5
4040,0.5
4041,0.5
4042,0.5
4043,0.5
4044,0.5
4045,0.5
4046,0.5
4047,0.5
4048,0.5
4049,0.5
4050,0.5
4051,0.5
4052,0.5
4053,0.5
4054,0.5
4055,0.5
4056,0.5
4057,0.5
4058,0.5
4059,0.5
4060,0.5
4061,0.5
4062,0.5
4063,0.5
4064,0.5
4065,0.5
4066,0.5
4067,0.5
4068,0.5
4069,0.5
4070,0.5
4071,0.5
4072,0.5
4073,0.5
4074,0.5
4075,0.5
4076,0.5
4077,0.5
4078,0.5
4079,0.5
4080,0.5
4081,0.5
4082,0.5
4083,0.5
4084,0.5
4085,0.5
4086,0.5
4087,0.5
4088,0.5
4089,0.5
4090,0.5
4091,0.5
4092,0.5
4093,0.5
4094,0.5
4095,0.5
4096,0.5
4097,0.5
4098,0.5
4099,0.5
4100,0.5
4101,0.5
4102,0.5
4103,0.5
4104,0.5
4105,0.5
4106,0.5
4107,0.5
4108,0.5
4109,0.5
4110,0.5
4111,0.5
4112,0.5
4113,0.5
4114,0.5
4115,0.5
4116,0.5
4117,0.5
4118,0.5
4119,0.5
4120,0.5
4121,0.5
4122,0.5
4123,0.5
4124,0.5
4125,0.5
4126,0.5
4127,0.5
4128,0.5
4129,0.5
4130,0.5
4131,0.5
4132,0.5
4133,0.5
4134,0.5
4135,0.5
4136,0.5
4137,0.5
4138,0.5
4139,0.5
4140,0.5
4141,0.5
4142,0.5
4143,0.5
4144,0.5
4145,0.5
4146,0.5
4147,0.5
4148,0.5
4149,0.5
4150,0.5
4151,0.5
4152,0.5
4153,0.5
4154,0.5
4155,0.5
4156,0.5
4157,0.5
4158,0.5
4159,0.5
4160,0.5
4161,0.5
4162,0.5
4163,0.5
4164,0.5
4165,0.5
4166,0.5
4167,0.5
4168,0.5
4169,0.5
4170,0.5
4171,0.5
4172,0.5
4173,0.5
4174,0.5
4175,0.5
4176,0.5
4177,0.5
4178,0.5
4179,0.5
4180,0.5
4181,0.5
4182,0.5
4183,0.5
4184,0.5
4185,0.5
4186,0.5
4187,0.5
4188,0.5
4189,0.5
4190,0.5
4191,0.5
4192,0.5
4193,0.5
4194,0.5
4195,0.5
4196,0.5
4197,0.5
4198,0.5
4199,0.5
4200,0.5
4201,0.5
4202,0.5
4203,0.5
4204,0.5
4205,0.5
4206,0.5
4207,0.5
4208,0.5
4209,0.5
4210,0.5
4211,0.5
4212,0.6
4213,0.598789
4214,0.5975779999999999
4215,0.596367
4216,0.595156
4217,0.593945
4218,0.592734
4219,0.591523
4220,0.590312
4221,0.589101
4222,0.58789
4223,0.586679
4224,0.585468
4225,0.584257
4226,0.583046
4227,0.581835
4228,0.580624
4229,0.579413
4230,0.578202
4231,0.576991
4232,0.57578
4233,0.574569
4234,0.5733579999999999
4235,0.572147
4236,0.570936
4237,0.5697249999999999
4238,0.568514
4239,0.567303
4240,0.5660919999999999
4241,0.564881
4242,0.56367
4243,0.5624589999999999
4244,0.561248
4245,0.560037
4246,0.5588259999999999
4247,0.557615
4248,0.556404
4249,0.5551929999999999
4250,0.553982
4251,0.552771
4252,0.5515599999999999
4253,0.550349
4254,0.549138
4255,0.5479269999999999
4256,0.546716
4257,0.545505
4258,0.544294
4259,0.543083
4260,0.541872
4261,0.540661
4262,0.53945
4263,0.538239
4264,0.537028
4265,0.535817
4266,0.5346059999999999
4267,0.533395
4268,0.532184
4269,0.5309729999999999
4270,0.529762
4271,0.528551
4272,0.5273399999999999
4273,0.526129
4274,0.524918
4275,0.5237069999999999
4276,0.522496
4277,0.521285
4278,0.5200739999999999
4279,0.518863
4280,0.517652
4281,0.5164409999999999
4282,0.51523
4283,0.514019
4284,0.5128079999999999
4285,0.511597
4286,0.510386
4287,0.5091749999999999
4288,0.507964
4289,0.506753
4290,0.5055419999999999
4291,0.504331
4292,0.50312
4293,0.5019089999999999
4294,0.500698
4295,0.49948699999999996
4296,0.49827599999999994
4297,0.497065
4298,0.49585399999999996
4299,0.49464299999999994
4300,0.493432
4301,0.49222099999999996
4302,0.49100999999999995
4303,0.489799
4304,0.48858799999999997
4305,0.48737699999999995
4306,0.486166
4307,0.48495499999999997
4308,0.48374399999999995
4309,0.482533
4310,0.48132199999999997
4311,0.48011099999999995
4312,0.4789
4313,0.477689
4314,0.47647799999999996
4315,0.475267
4316,0.474056
4317,0.47284499999999996
4318,0.471634
4319,0.470423
4320,0.46921199999999996
4321,0.468001
4322,0.46679
4323,0.46557899999999997
4324,0.464368
4325,0.463157
4326,0.46194599999999997
4327,0.460735
4328,0.45952399999999993
4329,0.45831299999999997
4330,0.457102
4331,0.45589099999999994
4332,0.45468
4333,0.453469
4334,0.45225799999999994
4335,0.451047
4336,0.44983599999999996
4337,0.44862499999999994
4338,0.447414
4339,0.44620299999999996
4340,0.44499199999999994
4341,0.443781
4342,0.44256999999999996
4343,0.44135899999999995
4344,0.440148
4345,0.43893699999999997
4346,0.43772599999999995
4347,0.436515
4348,0.43530399999999997
4349,0.43409299999999995
4350,0.432882
4351,0.43167099999999997
4352,0.43045999999999995
4353,0.429249
4354,0.428038
4355,0.42682699999999996
4356,0.425616
4357,0.424405
4358,0.42319399999999996
4359,0.421983
4360,0.420772
4361,0.41956099999999996
4362,0.41835
4363,0.417139
4364,0.41592799999999996
4365,0.414717
4366,0.41350599999999993
4367,0.41229499999999997
4368,0.411084
4369,0.40987299999999993
4370,0.40866199999999997
4371,0.407451
4372,0.40623999999999993
4373,0.405029
4374,0.403818
4375,0.40260699999999994
4376,0.401396
4377,0.40018499999999996
4378,0.39897399999999994
4379,0.397763
4380,0.39655199999999996
4381,0.39534099999999994
4382,0.39413
4383,0.39291899999999996
4384,0.39170799999999995
4385,0.390497
4386,0.38928599999999997
4387,0.38807499999999995
4388,0.386864
4389,0.38565299999999997
4390,0.38444199999999995
4391,0.5
4392,0.5
4393,0.5
4394,0.5
4395,0.5
4396,0.5
4397,0.5
4398,0.5
4399,0.5
4400,0.5
4401,0.5
4402,0.5
4403,0.5
4404,0.5
4405,0.5
4406,0.5
4407,0.5
4408,0.5
4409,0.5
4410,0.5
4411,0.5
4412,0.5
4413,0.5
4414,0.5
4415,0.5
4416,0.5
4417,0.5
4418,0.5
4419,0.5
4420,0.5
4421,0.5
4422,0.5
4423,0.5
4424,0.5
4425,0.5
4426,0.5
4427,0.5
4428,0.5
4429,0.5
4430,0.5
4431,0.5
4432,0.5
4433,0.5
4434,0.5
4435,0.5
4436,0.5
4437,0.5
4438,0.5
4439,0.5
4440,0.5
4441,0.5
4442,0.5
4443,0.5
4444,0.5
4445,0.5
4446,0.5
4447,0.5
4448,0.5
4449,0.5
4450,0.5
4451,0.5
4452,0.5
4453,0.5
4454,0.5
4455,0.5
4456,0.5
4457,0.5
4458,0.5
4459,0.5
4460,0.5
4461,0.5
4462,0.5
4463,0.5
4464,0.5
4465,0.5
4466,0.5
4467,0.5
4468,0.5
4469,0.5
4470,0.5
4471,0.5
4472,0.5
4473,0.5
4474,0.5
4475,0.5
4476,0.5
4477,0.5
4478,0.5
4479,0.5
4480,0.5
4481,0.5
4482,0.5
4483,0.5
4484,0.5
4485,0.5
4486,0.5
4487,0.5
4488,0.5
4489,0.5
4490,0.5
4491,0.5
4492,0.5
4493,0.5
4494,0.5
4495,0.5
4496,0.5
4497,0.5
4498,0.5
4499,0.5
4500,0.5
4501,0.5
4502,0.5
4503,0.5
4504,0.5
4505,0.5
4506,0.5
4507,0.5
4508,0.5
4509,0.5
4510,0.5
4511,0.5
4512,0.5
4513,0.5
4514,0.5
4515,0.5
4516,0.5
4517,0.5
4518,0.5
4519,0.5
4520,0.5
4521,0.5
4522,0.5
4523,0.5
4524,0.5
4525,0.5
4526,0.5
4527,0.5
4528,0.5
4529,0.5
4530,0.5
4531,0.5
4532,0.5
4533,0.5
4534,0.5
4535,0.5
4536,0.5
4537,0.5
4538,0.5
4539,0.5
4540,0.5
4541,0.5
4542,0.5
4543,0.5
4544,0.5
4545,0.5
4546,0.5
4547,0.5
4548,0.5
4549,0.5
4550,0.5
4551,0.5
4552,0.5
4553,0.5
4554,0.5
4555,0.5
4556,0.5
4557,0.5
4558,0.5
4559,0.5
4560,0.5
4561,0.5
4562,0.5
4563,0.5
4564,0.5
4565,0.5
4566,0.5
4567,0.5
4568,0.5
4569,0.5
4570,0.5
4571,0.5
4572,0.5
4573,0.5
4574,0.5
4575,0.5
4576,0.5
4577,0.5
4578,0.5
4579,0.5
4580,0.5
4581,0.5
4582,0.5
4583,0.5
4584,0.5
4585,0.5
4586,0.5
4587,0.5
4588,0.5
4589,0.5
4590,0.5
4591,0.5
4592,0.5
4593,0.5
4594,0.5
4595,0.5
4596,0.5
4597,0.5
4598,0.5
4599,0.5
4600,0.5
4601,0.5
4602,0.5
4603,0.5
4604,0.5
4605,0.5
4606,0.5
4607,0.5
4608,0.5
4609,0.5
4610,0.5
4611,0.5
4612,0.5
4613,0.5
4614,0.5
4615,0.5
4616,0.5
4617,0.5
4618,0.5
4619,0.5
4620,0.5
4621,0.5
4622,0.5
4623,0.5
4624,0.5
4625,0.5
4626,0.5
4627,0.5
4628,0.5
4629,0.5
4630,0.5
4631,0.5
4632,0.5
4633,0.5
4634,0.5
4635,0.5
4636,0.5
4637,0.5
4638,0.5
4639,0.5
4640,0.5
4641,0.5
4642,0.5
4643,0.5
4644,0.5
4645,0.5
4646,0.5
4647,0.5
4648,0.5
4649,0.5
4650,0.5
4651,0.5
4652,0.5
4653,0.5
4654,0.5
4655,0.5
4656,0.5
4657,0.5
4658,0.5
4659,0.5
4660,0.5
4661,0.5
4662,0.5
4663,0.5
4664,0.5
4665,0.5
4666,0.5
4667,0.5
4668,0.5
4669,0.5
4670,0.5
4671,0.5
4672,0.5
4673,0.5
4674,0.5
4675,0.5
4676,0.5
4677,0.5
4678,0.5
4679,0.5
4680,0.5
4681,0.5
4682,0.5
4683,0.5
4684,0.5
4685,0.5
4686,0.5
4687,0.5
4688,0.5
4689,0.5
4690,0.5
4691,0.5
4692,0.5
4693,0.5
4694,0.5
4695,0.5
4696,0.5
4697,0.5
4698,0.5
4699,0.5
4700,0.5
4701,0.5
4702,0.5
4703,0.5
4704,0.5
4705,0.5
4706,0.5
4707,0.5
4708,0.5
4709,0.5
4710,0.5
4711,0.5
4712,0.5
4713,0.5
4714,0.5
4715,0.5
4716,0.5
4717,0.5
4718,0.5
4719,0.5
4720,0.5
4721,0.5
4722,0.5
4723,0.5
4724,0.5
4725,0.5
4726,0.5
4727,0.5
4728,0.5
4729,0.5
4730,0.5
4731,0.5
4732,0.5
4733,0.5
4734,0.5
4735,0.5
4736,0.5
4737,0.5
4738,0.5
4739,0.4
4740,0.40059
4741,0.40118000000000004
4742,0.40177
4743,0.40236
4744,0.40295000000000003
4745,0.40354
4746,0.40413000000000004
4747,0.40472
4748,0.40531
4749,0.40590000000000004
4750,0.40649
4751,0.40708
4752,0.40767000000000003
4753,0.40826
4754,0.40885000000000005
4755,0.40944
4756,0.41003
4757,0.41062000000000004
4758,0.41121
4759,0.4118
4760,0.41239000000000003
4761,0.41298
4762,0.41357000000000005
4763,0.41416000000000003
4764,0.41475
4765,0.41534000000000004
4766,0.41593
4767,0.41652
4768,0.41711000000000004
4769,0.4177
4770,0.41829000000000005
4771,0.41888000000000003
4772,0.41947
4773,0.42006000000000004
4774,0.42065
4775,0.42124
4776,0.42183000000000004
4777,0.42242
4778,0.42301
4779,0.42360000000000003
4780,0.42419
4781,0.42478000000000005
4782,0.42537
4783,0.42596
4784,0.42655000000000004
4785,0.42714
4786,0.42773
4787,0.42832000000000003
4788,0.42891
4789,0.42950000000000005
4790,0.43009000000000003
4791,0.43068
4792,0.43127000000000004
4793,0.43186
4794,0.43245
4795,0.43304000000000004
4796,0.43363
4797,0.43422000000000005
4798,0.43481000000000003
4799,0.4354
4800,0.43599000000000004
4801,0.43658
4802,0.43717
4803,0.43776000000000004
4804,0.43835
4805,0.43894
4806,0.43953000000000003
4807,0.44012
4808,0.44071000000000005
4809,0.4413
4810,0.44189
4811,0.44248000000000004
4812,0.44307
4813,0.44366000000000005
4814,0.44425000000000003
4815,0.44484
4816,0.44543000000000005
4817,0.44602
4818,0.44661
4819,0.44720000000000004
4820,0.44779
4821,0.44838
4822,0.44897000000000004
4823,0.44956
4824,0.45015000000000005
4825,0.45074000000000003
4826,0.45133
4827,0.45192000000000004
4828,0.45251
4829,0.4531
4830,0.45369000000000004
4831,0.45428
4832,0.45487
4833,0.45546000000000003
4834,0.45605
4835,0.45664000000000005
4836,0.45723
4837,0.45782
4838,0.45841000000000004
4839,0.459
4840,0.45959000000000005
4841,0.46018000000000003
4842,0.46077
4843,0.46136000000000005
4844,0.46195
4845,0.46254
4846,0.46313000000000004
4847,0.46372
4848,0.46431
4849,0.46490000000000004
4850,0.46549
4851,0.46608000000000005
4852,0.46667000000000003
4853,0.46726
4854,0.46785000000000004
4855,0.46844
4856,0.46903000000000006
4857,0.46962000000000004
4858,0.47021
4859,0.4708
4860,0.47139000000000003
4861,0.47198
4862,0.47257000000000005
4863,0.47316
4864,0.47375
4865,0.47434000000000004
4866,0.47493
4867,0.47552000000000005
4868,0.47611000000000003
4869,0.4767
4870,0.47729
4871,0.47788
4872,0.47847
4873,0.47906000000000004
4874,0.47965
4875,0.48024
4876,0.48083000000000004
4877,0.48142
4878,0.48201000000000005
4879,0.48260000000000003
4880,0.48319
4881,0.48378000000000004
4882,0.48437
4883,0.48496000000000006
4884,0.48555000000000004
4885,0.48614
4886,0.48673
4887,0.48732000000000003
4888,0.48791
4889,0.48850000000000005
4890,0.48909
4891,0.48968
4892,0.49027000000000004
4893,0.49086
4894,0.49145000000000005
4895,0.49204000000000003
4896,0.49263
4897,0.49322000000000005
4898,0.49381
4899,0.49440000000000006
4900,0.49499000000000004
4901,0.49558
4902,0.49617
4903,0.49676000000000003
4904,0.49735
4905,0.49794000000000005
4906,0.49853000000000003
4907,0.49912
4908,0.49971000000000004
4909,0.5003
4910,0.5008900000000001
4911,0.50148
4912,0.50207
4913,0.50266
4914,0.50325
4915,0.5038400000000001
4916,0.50443
4917,0.50502
4918,0.50561
4919,0.5062
4920,0.5067900000000001
4921,0.50738
4922,0.50797
4923,0.50856
4924,0.50915
4925,0.5097400000000001
4926,0.5103300000000001
4927,0.51092
4928,0.51151
4929,0.5121
4930,0.5126900000000001
4931,0.5132800000000001
4932,0.51387
4933,0.51446
4934,0.51505
4935,0.51564
4936,0.51623
4937,0.5168200000000001
4938,0.51741
4939,0.518
4940,0.51859
4941,0.51918
4942,0.5197700000000001
4943,0.52036
4944,0.52095
4945,0.52154
4946,0.52213
4947,0.5227200000000001
4948,0.52331
4949,0.5239
4950,0.52449
4951,0.52508
4952,0.5256700000000001
4953,0.5262600000000001
4954,0.52685
4955,0.52744
4956,0.52803
4957,0.5286200000000001
4958,0.5292100000000001
4959,0.5298
4960,0.53039
4961,0.53098
4962,0.5315700000000001
4963,0.53216
4964,0.5327500000000001
4965,0.53334
4966,0.53393
4967,0.53452
4968,0.53511
4969,0.5357000000000001
4970,0.53629
4971,0.53688
4972,0.53747
4973,0.53806
4974,0.5386500000000001
4975,0.53924
4976,0.53983
4977,0.54042
4978,0.54101
4979,0.5416000000000001
4980,0.5421900000000001
4981,0.54278
4982,0.54337
4983,0.54396
4984,0.5445500000000001
4985,0.5451400000000001
4986,0.54573
4987,0.54632
4988,0.54691
4989,0.5475000000000001
4990,0.54809
4991,0.5486800000000001
4992,0.54927
4993,0.54986
4994,0.55045
4995,0.55104
4996,0.5516300000000001
4997,0.55222
4998,0.55281
4999,0.5534
5000,0.55399
5001,0.5545800000000001
5002,0.55517
5003,0.55576
5004,0.55635
5005,0.55694
5006,0.5575300000000001
5007,0.5581200000000001
5008,0.55871
5009,0.5593
5010,0.5
5011,0.5
5012,0.5
5013,0.5
5014,0.5
5015,0.5
5016,0.5
5017,0.5
5018,0.5
5019,0.5
5020,0.5
5021,0.5
5022,0.5
5023,0.5
5024,0.5
5025,0.5
5026,0.5
5027,0.5
5028,0.5
5029,0.5
5030,0.5
5031,0.5
5032,0.5
5033,0.5
5034,0.5
5035,0.5
5036,0.5
5037,0.5
5038,0.5
5039,0.5
5040,0.5
5041,0.5
5042,0.5
5043,0.5
5044,0.5
5045,0.5
5046,0.5
5047,0.5
5048,0.5
5049,0.5
5050,0.5
5051,0.5
5052,0.5
5053,0.5
5054,0.5
5055,0.5
5056,0.5
5057,0.5
5058,0.5
5059,0.5
5060,0.5
5061,0.5
5062,0.5
5063,0.5
5064,0.5
5065,0.5
5066,0.5
5067,0.5
5068,0.5
5069,0.5
5070,0.5
5071,0.5
5072,0.5
5073,0.5
5074,0.5
5075,0.5
5076,0.5
5077,0.5
5078,0.5
5079,0.5
5080,0.5
5081,0.5
5082,0.5
5083,0.5
5084,0.5
5085,0.5
5086,0.5
5087,0.5
5088,0.5
5089,0.5
5090,0.5
5091,0.5
5092,0.5
5093,0.5
5094,0.5
5095,0.5
5096,0.5
5097,0.5
5098,0.5
5099,0.5
5100,0.5
5101,0.5
5102,0.5
5103,0.5
5104,0.5
5105,0.5
5106,0.5
5107,0.5
5108,0.5
5109,0.5
5110,0.5
5111,0.5
5112,0.5
5113,0.5
5114,0.5
5115,0.5
5116,0.5
5117,0.5
5118,0.5
5119,0.5
5120,0.5
5121,0.5
5122,0.5
5123,0.5
5124,0.5
5125,0.5
5126,0.5
5127,0.5
5128,0.5
5129,0.5
5130,0.5
5131,0.5
5132,0.5
5133,0.5
5134,0.5
5135,0.5
5136,0.5
5137,0.5
5138,0.5
5139,0.5
5140,0.5
5141,0.5
5142,0.5
5143,0.5
5144,0.5
5145,0.5
5146,0.5
5147,0.5
5148,0.5
5149,0.5
5150,0.5
5151,0.5
5152,0.5
5153,0.5
5154,0.5
5155,0.5
5156,0.5
5157,0.5
5158,0.5
5159,0.5
5160,0.5
5161,0.5
5162,0.5
5163,0.5
5164,0.5
5165,0.5
5166,0.5
5167,0.5
5168,0.5
5169,0.5
5170,0.5
5171,0.5
5172,0.5
5173,0.5
5174,0.5
5175,0.5
5176,0.5
5177,0.5
5178,0.5
5179,0.5
5180,0.5
5181,0.5
5182,0.5
5183,0.5
5184,0.5
5185,0.5
5186,0.5
5187,0.5
5188,0.5
5189,0.5
5190,0.5
5191,0.5
5192,0.5
5193,0.5
5194,0.5
5195,0.5
5196,0.5
5197,0.5
5198,0.5
5199,0.5
5200,0.5
5201,0.5
5202,0.5
5203,0.5
5204,0.5
5205,0.5
5206,0.5
5207,0.5
5208,0.5
5209,0.5
5210,0.5
5211,0.5
5212,0.5
5213,0.5
5214,0.5
5215,0.5
5216,0.5
5217,0.5
5218,0.5
5219,0.5
5220,0.5
5221,0.5
5222,0.5
5223,0.5
5224,0.5
5225,0.5
5226,0.5
5227,0.5
5228,0.5
5229,0.5
5230,0.5
5231,0.5
5232,0.5
5233,0.5
5234,0.5
5235,0.5
5236,0.5
5237,0.5
5238,0.5
5239,0.5
5240,0.5
5241,0.5
5242,0.5
5243,0.5
5244,0.5
5245,0.5
5246,0.5
5247,0.5
5248,0.5
5249,0.5
5250,0.5
5251,0.5
5252,0.5
5253,0.5
5254,0.5
5255,0.5
5256,0.5
5257,0.5
5258,0.5
5259,0.5
5260,0.5
5261,0.5
5262,0.5
5263,0.5
5264,0.5
5265,0.5
5266,0.5
5267,0.5
5268,0.5
5269,0.5
5270,0.5
5271,0.5
5272,0.5
5273,0.5
5274,0.5
5275,0.5
5276,0.5
5277,0.5
5278,0.5
5279,0.5
5280,0.5
5281,0.5
5282,0.5
5283,0.5
5284,0.5
5285,0.5
5286,0.5
5287,0.5
5288,0.5
5289,0.5
5290,0.5
5291,0.5
5292,0.5
5293,0.5
5294,0.5
5295,0.5
5296,0.5
5297,0.5
5298,0.5
5299,0.5
5300,0.5
5301,0.5
5302,0.5
5303,0.5
5304,0.5
5305,0.5
5306,0.5
5307,0.5
5308,0.5
5309,0.5
5310,0.5
5311,0.5
5312,0.5
5313,0.5
5314,0.5
5315,0.5
5316,0.5
5317,0.5
5318,0.5
5319,0.5
5320,0.5
5321,0.5
5322,0.5
5323,0.5
5324,0.5
5325,0.5
5326,0.5
5327,0.5
5328,0.5
5329,0.5
5330,0.5
5331,0.5
5332,0.5
5333,0.5
5334,0.5
5335,0.5
5336,0.5
5337,0.5
5338,0.5
5339,0.5
5340,0.5
5341,0.5
5342,0.5
5343,0.5
5344,0.5
5345,0.5
5346,0.5
5347,0.5
5348,0.5
5349,0.5
5350,0.5
5351,0.5
5352,0.5
5353,0.5
5354,0.5
5355,0.5
5356,0.5
5357,0.5
5358,0.5
5359,0.5
5360,0.5
5361,0.5
5362,0.5
5363,0.5
5364,0.5
5365,0.5
5366,0.5
5367,0.5
5368,0.5
5369,0.5
5370,0.5
5371,0.5
5372,0.5
5373,0.5
5374,0.5
5375,0.5
5376,0.5
5377,0.5
5378,0.5
5379,0.5
5380,0.5
5381,0.5
5382,0.5
5383,0.5
5384,0.5
5385,0.5
5386,0.5
5387,0.5
5388,0.5
5389,0.5
5390,0.5
5391,0.5
5392,0.5
5393,0.5
5394,0.5
5395,0.5
5396,0.5
5397,0.5
5398,0.5
5399,0.5
5400,0.5
5401,0.5
5402,0.5
5403,0.5
5404,0.5
5405,0.5
5406,0.5
5407,0.5
5408,0.5
5409,0.5
5410,0.5
5411,0.5
5412,0.5
5413,0.6
5414,0.5988785999999999
5415,0.5977572
5416,0.5966357999999999
5417,0.5955144
5418,0.594393
5419,0.5932716
5420,0.5921502
5421,0.5910288
5422,0.5899074
5423,0.588786
5424,0.5876646
5425,0.5865431999999999
5426,0.5854218
5427,0.5843003999999999
5428,0.583179
5429,0.5820576
5430,0.5809362
5431,0.5798148
5432,0.5786934
5433,0.577572
5434,0.5764505999999999
5435,0.5753292
5436,0.5742077999999999
5437,0.5730864
5438,0.571965
5439,0.5708436
5440,0.5697222
5441,0.5686008
5442,0.5674794
5443,0.566358
5444,0.5652366
5445,0.5641151999999999
5446,0.5629938
5447,0.5618723999999999
5448,0.560751
5449,0.5596296
5450,0.5585082
5451,0.5573868
5452,0.5562654
5453,0.555144
5454,0.5540225999999999
5455,0.5529012
5456,0.5517797999999999
5457,0.5506584
5458,0.5495369999999999
5459,0.5484156
5460,0.5472942
5461,0.5461728
5462,0.5450514
5463,0.54393
5464,0.5428086
5465,0.5416871999999999
5466,0.5405658
5467,0.5394443999999999
5468,0.538323
5469,0.5372016
5470,0.5360802
5471,0.5349588
5472,0.5338374
5473,0.532716
5474,0.5315946
5475,0.5304732
5476,0.5293517999999999
5477,0.5282304
5478,0.5271089999999999
5479,0.5259876
5480,0.5248662
5481,0.5237448
5482,0.5226234
5483,0.521502
5484,0.5203806
5485,0.5192592
5486,0.5181378
5487,0.5170163999999999
5488,0.515895
5489,0.5147735999999999
5490,0.5136522
5491,0.5125308
5492,0.5114094
5493,0.510288
5494,0.5091665999999999
5495,0.5080452
5496,0.5069238
5497,0.5058024
5498,0.5046809999999999
5499,0.5035596
5500,0.5024382
5501,0.5013168
5502,0.5001954
5503,0.49907399999999996
5504,0.49795259999999997
5505,0.4968312
5506,0.4957098
5507,0.4945884
5508,0.493467
5509,0.49234559999999994
5510,0.4912242
5511,0.49010279999999995
5512,0.48898139999999995
5513,0.48785999999999996
5514,0.48673859999999997
5515,0.48561719999999997
5516,0.4844958
5517,0.4833744
5518,0.482253
5519,0.4811316
5520,0.48001019999999994
5521,0.4788888
5522,0.47776739999999995
5523,0.47664599999999996
5524,0.47552459999999996
5525,0.47440319999999997
5526,0.4732818
5527,0.4721604
5528,0.471039
5529,0.46991759999999994
5530,0.4687962
5531,0.46767479999999995
5532,0.4665534
5533,0.46543199999999996
5534,0.46431059999999996
5535,0.46318919999999997
5536,0.4620678
5537,0.4609464
5538,0.459825
5539,0.4587036
5540,0.45758219999999994
5541,0.4564608
5542,0.45533939999999995
5543,0.454218
5544,0.45309659999999996
5545,0.45197519999999997
5546,0.45085379999999997
5547,0.4497324
5548,0.448611
5549,0.44748959999999993
5550,0.4463682
5551,0.44524679999999994
5552,0.4441254
5553,0.44300399999999995
5554,0.44188259999999996
5555,0.44076119999999996
5556,0.43963979999999997
5557,0.4385184
5558,0.437397
5559,0.4362756
5560,0.43515419999999994
5561,0.4340328
5562,0.43291139999999995
5563,0.43179
5564,0.43066859999999996
5565,0.42954719999999996
5566,0.42842579999999997
5567,0.4273044
5568,0.426183
5569,0.4250616
5570,0.4239402
5571,0.42281879999999994
5572,0.4216974
5573,0.42057599999999995
5574,0.4194546
5575,0.41833319999999996
5576,0.41721179999999997
5577,0.41609039999999997
5578,0.414969
5579,0.4138476
5580,0.41272619999999993
5581,0.4116048
5582,0.41048339999999994
5583,0.409362
5584,0.40824059999999995
5585,0.40711919999999996
5586,0.40599779999999996
5587,0.40487639999999997
5588,0.403755
5589,0.4026336
5590,0.4015122
5591,0.40039079999999994
5592,0.3992694
5593,0.5
5594,0.499672
5595,0.499344
5596,0.499016
5597,0.498688
5598,0.49836
5599,0.498032
5600,0.497704
5601,0.497376
5602,0.497048
5603,0.49672
5604,0.496392
5605,0.496064
5606,0.495736
5607,0.495408
5608,0.49508
5609,0.494752
5610,0.494424
5611,0.494096
5612,0.493768
5613,0.49344
5614,0.493112
5615,0.492784
5616,0.492456
5617,0.492128
5618,0.4918
5619,0.491472
5620,0.491144
5621,0.490816
5622,0.490488
5623,0.49016
5624,0.489832
5625,0.489504
5626,0.489176
5627,0.488848
5628,0.48852
5629,0.488192
5630,0.487864
5631,0.487536
5632,0.487208
5633,0.48688
5634,0.486552
5635,0.486224
5636,0.485896
5637,0.485568
5638,0.48524
5639,0.484912
5640,0.484584
5641,0.484256
5642,0.483928
5643,0.4836
5644,0.483272
5645,0.482944
5646,0.482616
5647,0.482288
5648,0.48196
5649,0.481632
5650,0.481304
5651,0.480976
5652,0.480648
5653,0.48032
5654,0.479992
5655,0.479664
5656,0.479336
5657,0.479008
5658,0.47868
5659,0.478352
5660,0.478024
5661,0.477696
5662,0.477368
5663,0.47704
5664,0.476712
5665,0.476384
5666,0.476056
5667,0.475728
5668,0.4754
5669,0.475072
5670,0.474744
5671,0.474416
5672,0.474088
5673,0.47376
5674,0.473432
5675,0.473104
5676,0.472776
5677,0.472448
5678,0.47212
5679,0.471792
5680,0.471464
5681,0.471136
5682,0.470808
5683,0.47048
5684,0.470152
5685,0.469824
5686,0.469496
5687,0.469168
5688,0.46884
5689,0.468512
5690,0.468184
5691,0.467856
5692,0.467528
5693,0.4672
5694,0.466872
5695,0.466544
5696,0.466216
5697,0.46588799999999997
5698,0.46556
5699,0.465232
5700,0.464904
5701,0.464576
5702,0.464248
5703,0.46392
5704,0.463592
5705,0.463264
5706,0.462936
5707,0.462608
5708,0.46228
5709,0.46195200000000003
5710,0.461624
5711,0.461296
5712,0.460968
5713,0.46064
5714,0.460312
5715,0.459984
5716,0.459656
5717,0.459328
5718,0.459
5719,0.45867199999999997
5720,0.458344
5721,0.458016
5722,0.457688
5723,0.45736
5724,0.457032
5725,0.456704
5726,0.456376
5727,0.456048
5728,0.45572
5729,0.455392
5730,0.455064
5731,0.45473600000000003
5732,0.454408
5733,0.45408
5734,0.453752
5735,0.453424
5736,0.453096
5737,0.452768
5738,0.45244
5739,0.452112
5740,0.451784
5741,0.45145599999999997
5742,0.451128
5743,0.4508
5744,0.450472
5745,0.450144
5746,0.449816
5747,0.449488
5748,0.44916
5749,0.448832
5750,0.448504
5751,0.448176
5752,0.447848
5753,0.44752000000000003
5754,0.447192
5755,0.446864
5756,0.446536
5757,0.446208
5758,0.44588
5759,0.445552
5760,0.445224
5761,0.444896
5762,0.444568
5763,0.44423999999999997
5764,0.443912
5765,0.443584
5766,0.443256
5767,0.442928
5768,0.4426
5769,0.442272
5770,0.441944
5771,0.441616
5772,0.441288
5773,0.44096
5774,0.440632
5775,0.44030400000000003
5776,0.439976
5777,0.439648
5778,0.43932
5779,0.6
5780,0.599026
5781,0.598052
5782,0.597078
5783,0.596104
5784,0.5951299999999999
5785,0.594156
5786,0.593182
5787,0.592208
5788,0.5912339999999999
5789,0.59026
5790,0.589286
5791,0.588312
5792,0.587338
5793,0.586364
5794,0.58539
5795,0.5844159999999999
5796,0.583442
5797,0.582468
5798,0.581494
5799,0.5805199999999999
5800,0.579546
5801,0.578572
5802,0.577598
5803,0.576624
5804,0.57565
5805,0.574676
5806,0.5737019999999999
5807,0.572728
5808,0.571754
5809,0.57078
5810,0.5698059999999999
5811,0.568832
5812,0.567858
5813,0.5668839999999999
5814,0.56591
5815,0.564936
5816,0.563962
5817,0.5629879999999999
5818,0.562014
5819,0.56104
5820,0.560066
5821,0.5590919999999999
5822,0.558118
5823,0.557144
5824,0.5561699999999999
5825,0.555196
5826,0.554222
5827,0.553248
5828,0.5522739999999999
5829,0.5513
5830,0.550326
5831,0.549352
5832,0.548378
5833,0.547404
5834,0.54643
5835,0.5454559999999999
5836,0.544482
5837,0.543508
5838,0.542534
5839,0.5415599999999999
5840,0.540586
5841,0.539612
5842,0.538638
5843,0.5376639999999999
5844,0.53669
5845,0.535716
5846,0.5347419999999999
5847,0.533768
5848,0.532794
5849,0.53182
5850,0.5308459999999999
5851,0.529872
5852,0.528898
5853,0.527924
5854,0.52695
5855,0.525976
5856,0.525002
5857,0.5240279999999999
5858,0.523054
5859,0.52208
5860,0.521106
5861,0.5201319999999999
5862,0.519158
5863,0.518184
5864,0.51721
5865,0.5162359999999999
5866,0.515262
5867,0.514288
5868,0.5133139999999999
5869,0.51234
5870,0.511366
5871,0.510392
5872,0.5094179999999999
5873,0.508444
5874,0.50747
5875,0.506496
5876,0.505522
5877,0.504548
5878,0.503574
5879,0.5025999999999999
5880,0.501626
5881,0.500652
5882,0.49967799999999996
5883,0.498704
5884,0.49773
5885,0.496756
5886,0.49578199999999994
5887,0.49480799999999997
5888,0.493834
5889,0.49285999999999996
5890,0.491886
5891,0.49091199999999996
5892,0.489938
5893,0.48896399999999995
5894,0.48799
5895,0.487016
5896,0.486042
5897,0.48506799999999994
5898,0.48409399999999997
5899,0.48312
5900,0.48214599999999996
5901,0.481172
5902,0.48019799999999996
5903,0.479224
5904,0.47824999999999995
5905,0.477276
5906,0.476302
5907,0.475328
5908,0.47435399999999994
5909,0.47337999999999997
5910,0.472406
5911,0.47143199999999996
5912,0.47045799999999993
5913,0.469484
5914,0.46851
5915,0.46753599999999995
5916,0.466562
5917,0.465588
5918,0.46461399999999997
5919,0.46363999999999994
5920,0.46266599999999997
5921,0.461692
5922,0.46071799999999996
5923,0.459744
5924,0.45877
5925,0.457796
5926,0.45682199999999995
5927,0.455848
5928,0.454874
5929,0.45389999999999997
5930,0.45292599999999994
5931,0.45195199999999996
5932,0.450978
5933,0.45000399999999996
5934,0.44903
5935,0.448056
5936,0.447082
5937,0.44610799999999995
5938,0.445134
5939,0.44416
5940,0.44318599999999997
5941,0.44221199999999994
5942,0.44123799999999996
5943,0.440264
5944,0.43928999999999996
5945,0.438316
5946,0.437342
5947,0.436368
5948,0.43539399999999995
5949,0.43442
5950,0.433446
5951,0.43247199999999997
5952,0.43149799999999994
5953,0.43052399999999996
5954,0.42955
5955,0.42857599999999996
5956,0.427602
5957,0.426628
5958,0.425654
5959,0.42467999999999995
5960,0.42370599999999997
5961,0.422732
5962,0.42175799999999997
5963,0.42078399999999994
5964,0.41980999999999996
5965,0.6
5966,0.599747
5967,0.599494
5968,0.599241
5969,0.598988
5970,0.598735
5971,0.598482
5972,0.598229
5973,0.597976
5974,0.597723
5975,0.59747
5976,0.597217
5977,0.5969639999999999
5978,0.596711
5979,0.5964579999999999
5980,0.596205
5981,0.5959519999999999
5982,0.595699
5983,0.595446
5984,0.595193
5985,0.59494
5986,0.594687
5987,0.594434
5988,0.594181
5989,0.593928
5990,0.593675
5991,0.593422
5992,0.593169
5993,0.592916
5994,0.5926629999999999
5995,0.59241
5996,0.5921569999999999
5997,0.591904
5998,0.5916509999999999
5999,0.591398
6000,0.591145
6001,0.590892
6002,0.590639
6003,0.590386
6004,0.590133
6005,0.58988
6006,0.589627
6007,0.589374
6008,0.589121
6009,0.588868
6010,0.588615
6011,0.5883619999999999
6012,0.588109
6013,0.5878559999999999
6014,0.587603
6015,0.5873499999999999
6016,0.587097
6017,0.5868439999999999
6018,0.586591
6019,0.586338
6020,0.586085
6021,0.585832
6022,0.585579
6023,0.585326
6024,0.585073
6025,0.58482
6026,0.584567
6027,0.584314
6028,0.5840609999999999
6029,0.583808
6030,0.5835549999999999
6031,0.583302
6032,0.5830489999999999
6033,0.582796
6034,0.582543
6035,0.58229
6036,0.582037
6037,0.581784
6038,0.581531
6039,0.581278
6040,0.581025
6041,0.580772
6042,0.580519
6043,0.580266
6044,0.580013
6045,0.5797599999999999
6046,0.579507
6047,0.5792539999999999
6048,0.579001
6049,0.5787479999999999
6050,0.578495
6051,0.5782419999999999
6052,0.577989
6053,0.577736
6054,0.577483
6055,0.57723
6056,0.576977
6057,0.576724
6058,0.576471
6059,0.576218
6060,0.575965
6061,0.575712
6062,0.5754589999999999
6063,0.575206
6064,0.5749529999999999
6065,0.5747
6066,0.5744469999999999
6067,0.574194
6068,0.5739409999999999
6069,0.573688
6070,0.573435
6071,0.573182
6072,0.572929
6073,0.572676
6074,0.572423
6075,0.57217
6076,0.571917
6077,0.571664
6078,0.571411
6079,0.5711579999999999
6080,0.570905
6081,0.5706519999999999
6082,0.570399
6083,0.5701459999999999
6084,0.569893
6085,0.5696399999999999
6086,0.569387
6087,0.569134
6088,0.568881
6089,0.568628
6090,0.568375
6091,0.568122
6092,0.567869
6093,0.567616
6094,0.567363
6095,0.56711
6096,0.5668569999999999
6097,0.566604
6098,0.5663509999999999
6099,0.566098
6100,0.5658449999999999
6101,0.565592
6102,0.5653389999999999
6103,0.565086
6104,0.5648329999999999
6105,0.56458
6106,0.564327
6107,0.564074
6108,0.563821
6109,0.563568
6110,0.563315
6111,0.563062
6112,0.562809
6113,0.562556
6114,0.562303
6115,0.5620499999999999
6116,0.561797
6117,0.5615439999999999
6118,0.561291
6119,0.5610379999999999
6120,0.560785
6121,0.560532
6122,0.560279
6123,0.560026
6124,0.559773
6125,0.55952
6126,0.559267
6127,0.559014
6128,0.558761
6129,0.558508
6130,0.558255
6131,0.558002
6132,0.5577489999999999
6133,0.557496
6134,0.5572429999999999
6135,0.55699
6136,0.5567369999999999
6137,0.556484
6138,0.5562309999999999
6139,0.555978
6140,0.555725
6141,0.555472
6142,0.555219
6143,0.554966
6144,0.554713
6145,0.55446
6146,0.554207
6147,0.553954
6148,0.553701
6149,0.5534479999999999
6150,0.553195
6151,0.5529419999999999
6152,0.552689
6153,0.5524359999999999
6154,0.552183
6155,0.55193
6156,0.551677
6157,0.5514239999999999
6158,0.551171
6159,0.550918
6160,0.550665
6161,0.550412
6162,0.550159
6163,0.549906
6164,0.549653
6165,0.5494
6166,0.5491469999999999
6167,0.548894
6168,0.5486409999999999
6169,0.548388
6170,0.5481349999999999
6171,0.547882
6172,0.5476289999999999
6173,0.547376
6174,0.547123
6175,0.54687
6176,0.546617
6177,0.546364
6178,0.546111
6179,0.545858
6180,0.545605
6181,0.545352
6182,0.545099
6183,0.5448459999999999
6184,0.544593
6185,0.5443399999999999
6186,0.544087
6187,0.5438339999999999
6188,0.543581
6189,0.5433279999999999
6190,0.543075
6191,0.5428219999999999
6192,0.542569
6193,0.542316
6194,0.542063
6195,0.54181
6196,0.541557
6197,0.541304
6198,0.541051
6199,0.540798
6200,0.5405449999999999
6201,0.540292
6202,0.5400389999999999
6203,0.539786
6204,0.5395329999999999
6205,0.53928
6206,0.5390269999999999
6207,0.538774
6208,0.538521
6209,0.538268
6210,0.538015
6211,0.537762
6212,0.537509
6213,0.537256
6214,0.537003
6215,0.53675
6216,0.536497
6217,0.5362439999999999
6218,0.535991
6219,0.5357379999999999
6220,0.535485
6221,0.5352319999999999
6222,0.534979
6223,0.5347259999999999
6224,0.534473
6225,0.5342199999999999
6226,0.533967
6227,0.533714
6228,0.533461
6229,0.533208
6230,0.532955
6231,0.532702
6232,0.532449
6233,0.532196
6234,0.5319429999999999
6235,0.53169
6236,0.5314369999999999
6237,0.531184
6238,0.5309309999999999
6239,0.530678
6240,0.5304249999999999
6241,0.530172
6242,0.529919
6243,0.529666
6244,0.5294129999999999
6245,0.52916
6246,0.528907
6247,0.528654
6248,0.528401
6249,0.528148
6250,0.527895
6251,0.5276419999999999
6252,0.527389
6253,0.5271359999999999
6254,0.526883
6255,0.5266299999999999
6256,0.526377
6257,0.5261239999999999
6258,0.525871
6259,0.5256179999999999
6260,0.525365
6261,0.525112
6262,0.524859
6263,0.524606
6264,0.524353
6265,0.5241
6266,0.523847
6267,0.523594
6268,0.523341
6269,0.523088
6270,0.5228349999999999
6271,0.522582
6272,0.5223289999999999
6273,0.522076
6274,0.5218229999999999
6275,0.52157
6276,0.521317
6277,0.521064
6278,0.5208109999999999
6279,0.520558
6280,0.520305
6281,0.520052
6282,0.519799
6283,0.519546
6284,0.519293
6285,0.51904
6286,0.518787
6287,0.5185339999999999
6288,0.518281
6289,0.5180279999999999
6290,0.517775
6291,0.5175219999999999
6292,0.517269
6293,0.5170159999999999
6294,0.516763
6295,0.51651
6296,0.516257
6297,0.516004
6298,0.515751
6299,0.515498
6300,0.515245
6301,0.514992
6302,0.514739
6303,0.514486
6304,0.5142329999999999
6305,0.51398
6306,0.5137269999999999
6307,0.513474
6308,0.5132209999999999
6309,0.512968
6310,0.512715
6311,0.512462
6312,0.5122089999999999
6313,0.511956
6314,0.511703
6315,0.51145
6316,0.511197
6317,0.510944
6318,0.510691
6319,0.510438
6320,0.510185
6321,0.5099319999999999
6322,0.509679
6323,0.5094259999999999
6324,0.509173
6325,0.5089199999999999
6326,0.508667
6327,0.5084139999999999
6328,0.508161
6329,0.507908
6330,0.507655
6331,0.5074019999999999
6332,0.507149
6333,0.7
6334,0.6976178
6335,0.6952356
6336,0.6928534
6337,0.6904712
6338,0.688089
6339,0.6857068
6340,0.6833246
6341,0.6809424
6342,0.6785602
6343,0.676178
6344,0.6737958
6345,0.6714135999999999
6346,0.6690313999999999
6347,0.6666491999999999
6348,0.6642669999999999
6349,0.6618847999999999
6350,0.6595025999999999
6351,0.6571203999999999
6352,0.6547381999999999
6353,0.6523559999999999
6354,0.6499737999999999
6355,0.6475915999999999
6356,0.6452093999999999
6357,0.6428271999999999
6358,0.6404449999999999
6359,0.6380627999999999
6360,0.6356805999999999
6361,0.6332983999999999
6362,0.6309161999999999
6363,0.6285339999999999
6364,0.6261517999999999
6365,0.6237695999999999
6366,0.6213873999999999
6367,0.6190051999999999
6368,0.6166229999999999
6369,0.6142407999999999
6370,0.6118585999999999
6371,0.6094763999999999
6372,0.6070941999999999
6373,0.6047119999999999
6374,0.6023297999999999
6375,0.5999475999999999
6376,0.5975653999999999
6377,0.5951831999999999
6378,0.5928009999999999
6379,0.5904187999999999
6380,0.5880365999999999
6381,0.5856543999999999
6382,0.5832721999999999
6383,0.5808899999999999
6384,0.5785077999999999
6385,0.5761255999999999
6386,0.5737433999999999
6387,0.5713611999999999
6388,0.5689789999999999
6389,0.5665967999999999
6390,0.5642145999999999
6391,0.5618323999999999
6392,0.5594501999999999
6393,0.5570679999999999
6394,0.5546857999999999
6395,0.5523035999999999
6396,0.5499213999999999
6397,0.5475391999999999
6398,0.5451569999999999
6399,0.5427747999999999
6400,0.5403925999999999
6401,0.5380103999999999
6402,0.5356281999999999
6403,0.5332459999999999
6404,0.5308637999999999
6405,0.5284815999999999
6406,0.5260993999999999
6407,0.5237171999999999
6408,0.5213349999999999
6409,0.5189527999999999
6410,0.5165705999999999
6411,0.5141883999999999
6412,0.5118061999999999
6413,0.5094239999999999
6414,0.5070418
6415,0.5046596
6416,0.5022774
6417,0.4998952
6418,0.497513
6419,0.4951308
6420,0.4927486
6421,0.4903664
6422,0.4879842
6423,0.485602
6424,0.4832198
6425,0.4808376
6426,0.4784554
6427,0.4760732
6428,0.473691
6429,0.6
6430,0.598789
6431,0.5975779999999999
6432,0.596367
6433,0.595156
6434,0.593945
6435,0.592734
6436,0.591523
6437,0.590312
6438,0.589101
6439,0.58789
6440,0.586679
6441,0.585468
6442,0.584257
6443,0.583046
6444,0.581835
6445,0.580624
6446,0.579413
6447,0.578202
6448,0.576991
6449,0.57578
6450,0.574569
6451,0.5733579999999999
6452,0.572147
6453,0.570936
6454,0.5697249999999999
6455,0.568514
6456,0.567303
6457,0.5660919999999999
6458,0.564881
6459,0.56367
6460,0.5624589999999999
6461,0.561248
6462,0.560037
6463,0.5588259999999999
6464,0.557615
6465,0.556404
6466,0.5551929999999999
6467,0.553982
6468,0.552771
6469,0.5515599999999999
6470,0.550349
6471,0.549138
6472,0.5479269999999999
6473,0.546716
6474,0.545505
6475,0.544294
6476,0.543083
6477,0.541872
6478,0.540661
6479,0.53945
6480,0.538239
6481,0.537028
6482,0.535817
6483,0.5346059999999999
6484,0.533395
6485,0.532184
6486,0.5309729999999999
6487,0.529762
6488,0.528551
6489,0.5273399999999999
6490,0.526129
6491,0.524918
6492,0.5237069999999999
6493,0.522496
6494,0.521285
6495,0.5200739999999999
6496,0.518863
6497,0.517652
6498,0.5164409999999999
6499,0.51523
6500,0.514019
6501,0.5128079999999999
6502,0.511597
6503,0.510386
6504,0.5091749999999999
6505,0.507964
6506,0.506753
6507,0.5055419999999999
6508,0.504331
6509,0.50312
6510,0.5019089999999999
6511,0.500698
6512,0.49948699999999996
6513,0.49827599999999994
6514,0.497065
6515,0.49585399999999996
6516,0.49464299999999994
6517,0.493432
6518,0.49222099999999996
6519,0.49100999999999995
6520,0.489799
6521,0.48858799999999997
6522,0.48737699999999995
6523,0.486166
6524,0.48495499999999997
6525,0.48374399999999995
6526,0.482533
6527,0.48132199999999997
6528,0.48011099999999995
6529,0.4789
6530,0.477689
6531,0.47647799999999996
6532,0.475267
6533,0.474056
6534,0.47284499999999996
6535,0.471634
6536,0.470423
6537,0.46921199999999996
6538,0.468001
6539,0.46679
6540,0.46557899999999997
6541,0.464368
6542,0.463157
6543,0.46194599999999997
6544,0.460735
6545,0.45952399999999993
6546,0.45831299999999997
6547,0.457102
6548,0.45589099999999994
6549,0.45468
6550,0.453469
6551,0.45225799999999994
6552,0.451047
6553,0.44983599999999996
6554,0.44862499999999994
6555,0.447414
6556,0.44620299999999996
6557,0.44499199999999994
6558,0.443781
6559,0.44256999999999996
6560,0.44135899999999995
6561,0.440148
6562,0.43893699999999997
6563,0.43772599999999995
6564,0.436515
6565,0.43530399999999997
6566,0.43409299999999995
6567,0.432882
6568,0.43167099999999997
6569,0.43045999999999995
6570,0.429249
6571,0.428038
6572,0.42682699999999996
6573,0.425616
6574,0.424405
6575,0.42319399999999996
6576,0.421983
6577,0.420772
6578,0.41956099999999996
6579,0.41835
6580,0.417139
6581,0.41592799999999996
6582,0.414717
6583,0.41350599999999993
6584,0.41229499999999997
6585,0.411084
6586,0.40987299999999993
6587,0.40866199999999997
6588,0.407451
6589,0.40623999999999993
6590,0.405029
6591,0.403818
6592,0.40260699999999994
6593,0.401396
6594,0.40018499999999996
6595,0.39897399999999994
6596,0.397763
6597,0.39655199999999996
6598,0.39534099999999994
6599,0.39413
6600,0.39291899999999996
6601,0.39170799999999995
6602,0.390497
6603,0.38928599999999997
6604,0.38807499999999995
6605,0.386864
6606,0.38565299999999997
6607,0.38444199999999995
6608,0.383231
6609,0.5
6610,0.5
6611,0.5
6612,0.5
6613,0.5
6614,0.5
6615,0.5
6616,0.5
6617,0.5
6618,0.5
6619,0.5
6620,0.5
6621,0.5
6622,0.5
6623,0.5
6624,0.5
6625,0.5
6626,0.5
6627,0.5
6628,0.5
6629,0.5
6630,0.5
6631,0.5
6632,0.5
6633,0.5
6634,0.5
6635,0.5
6636,0.5
6637,0.5
6638,0.5
6639,0.5
6640,0.5
6641,0.5
6642,0.5
6643,0.5
6644,0.5
6645,0.5
6646,0.5
6647,0.5
6648,0.5
6649,0.5
6650,0.5
6651,0.5
6652,0.5
6653,0.5
6654,0.5
6655,0.5
6656,0.5
6657,0.5
6658,0.5
6659,0.5
6660,0.5
6661,0.5
6662,0.5
6663,0.5
6664,0.5
6665,0.5
6666,0.5
6667,0.5
6668,0.5
6669,0.5
6670,0.5
6671,0.5
6672,0.5
6673,0.5
6674,0.5
6675,0.5
6676,0.5
6677,0.5
6678,0.5
6679,0.5
6680,0.5
6681,0.5
6682,0.5
6683,0.5
6684,0.5
6685,0.5
6686,0.5
6687,0.5
6688,0.5
6689,0.5
6690,0.5
6691,0.5
6692,0.5
6693,0.5
6694,0.5
6695,0.5
6696,0.5
6697,0.5
6698,0.5
6699,0.5
6700,0.5
6701,0.5
6702,0.5
6703,0.5
6704,0.5
6705,0.5
6706,0.5
6707,0.5
6708,0.5
6709,0.5
6710,0.5
6711,0.5
6712,0.5
6713,0.5
6714,0.5
6715,0.5
6716,0.5
6717,0.5
6718,0.5
6719,0.5
6720,0.5
6721,0.5
6722,0.5
6723,0.5
6724,0.5
6725,0.5
6726,0.5
6727,0.5
6728,0.5
6729,0.5
6730,0.5
6731,0.5
6732,0.5
6733,0.5
6734,0.5
6735,0.5
6736,0.5
6737,0.5
6738,0.5
6739,0.5
6740,0.5
6741,0.5
6742,0.5
6743,0.5
6744,0.5
6745,0.5
6746,0.5
6747,0.5
6748,0.5
6749,0.5
6750,0.5
6751,0.5
6752,0.5
6753,0.5
6754,0.5
6755,0.5
6756,0.5
6757,0.5
6758,0.5
6759,0.5
6760,0.5
6761,0.5
6762,0.5
6763,0.5
6764,0.5
6765,0.5
6766,0.5
6767,0.5
6768,0.5
6769,0.5
6770,0.5
6771,0.5
6772,0.5
6773,0.5
6774,0.5
6775,0.5
6776,0.5
6777,0.5
6778,0.5
6779,0.5
6780,0.5
6781,0.5
6782,0.5
6783,0.5
6784,0.5
6785,0.5
6786,0.5
6787,0.5
6788,0.5
6789,0.5
6790,0.5
6791,0.5
6792,0.5
6793,0.5
6794,0.5
6795,0.5
6796,0.5
6797,0.5
6798,0.5
6799,0.5
6800,0.5
6801,0.5
6802,0.5
6803,0.5
6804,0.5
6805,0.5
6806,0.5
6807,0.5
6808,0.5
6809,0.5
6810,0.5
6811,0.5
6812,0.5
6813,0.5
6814,0.5
6815,0.5
6816,0.5
6817,0.5
6818,0.5
6819,0.5
6820,0.5
6821,0.5
6822,0.5
6823,0.5
6824,0.5
6825,0.5
6826,0.5
6827,0.5
6828,0.5
6829,0.5
6830,0.5
6831,0.5
6832,0.5
6833,0.5
6834,0.5
6835,0.5
6836,0.5
6837,0.5
6838,0.5
6839,0.5
6840,0.5
6841,0.5
6842,0.5
6843,0.5
6844,0.5
6845,0.5
6846,0.5
6847,0.5
6848,0.5
6849,0.5
6850,0.5
6851,0.5
6852,0.5
6853,0.5
6854,0.5
6855,0.5
6856,0.5
6857,0.5
6858,0.5
6859,0.5
6860,0.5
6861,0.5
6862,0.5
6863,0.5
6864,0.5
6865,0.5
6866,0.5
6867,0.5
6868,0.5
6869,0.5
6870,0.5
6871,0.5
6872,0.5
6873,0.5
6874,0.5
6875,0.5
6876,0.5
6877,0.5
6878,0.5
6879,0.5
6880,0.5
6881,0.5
6882,0.5
6883,0.5
6884,0.5
6885,0.5
6886,0.5
6887,0.5
6888,0.5
6889,0.5
6890,0.5
6891,0.5
6892,0.5
6893,0.5
6894,0.5
6895,0.5
6896,0.5
6897,0.5
6898,0.5
6899,0.5
6900,0.5
6901,0.5
6902,0.5
6903,0.5
6904,0.5
6905,0.5
6906,0.5
6907,0.5
6908,0.5
6909,0.5
6910,0.5
6911,0.5
6912,0.5
6913,0.5
6914,0.5
6915,0.5
6916,0.5
6917,0.5
6918,0.5
6919,0.5
6920,0.5
6921,0.5
6922,0.5
6923,0.5
6924,0.5
6925,0.5
6926,0.5
6927,0.5
6928,0.5
6929,0.5
6930,0.5
6931,0.5
6932,0.5
6933,0.5
6934,0.5
6935,0.5
6936,0.5
6937,0.5
6938,0.5
6939,0.5
6940,0.5
6941,0.5
6942,0.5
6943,0.5
6944,0.5
6945,0.5
6946,0.5
6947,0.5
6948,0.5
6949,0.5
6950,0.5
6951,0.5
6952,0.5
6953,0.5
6954,0.5
6955,0.5
6956,0.5
6957,0.5
6958,0.5
6959,0.5
6960,0.5
6961,0.5
6962,0.5
6963,0.5
6964,0.5
6965,0.5
6966,0.5
6967,0.5
6968,0.5
6969,0.5
6970,0.5
6971,0.5
6972,0.5
6973,0.5
6974,0.5
6975,0.5
6976,0.5
6977,0.5
6978,0.5
6979,0.5
6980,0.5
6981,0.5
6982,0.5
6983,0.5
6984,0.5
6985,0.5
6986,0.5
6987,0.5
6988,0.5
6989,0.5
6990,0.5
6991,0.5
6992,0.5
6993,0.5
6994,0.5
6995,0.5
6996,0.5
6997,0.5
6998,0.5
6999,0.5
7000,0.5
7001,0.5
7002,0.5
7003,0.5
7004,0.5
7005,0.5
7006,0.5
7007,0.5
7008,0.5
7009,0.5
7010,0.5
7011,0.5
7012,0.5
7013,0.5
7014,0.5
7015,0.5
7016,0.5
7017,0.5
7018,0.5
7019,0.5
7020,0.5
7021,0.5
7022,0.5
7023,0.5
7024,0.5
7025,0.5
7026,0.5
7027,0.5
7028,0.5
7029,0.5
7030,0.5
7031,0.5
7032,0.5
7033,0.5
7034,0.5
7035,0.5
7036,0.5
7037,0.5
7038,0.5
7039,0.5
7040,0.5
7041,0.5
7042,0.5
7043,0.5
7044,0.5
7045,0.5
7046,0.5
7047,0.5
7048,0.5
7049,0.5
7050,0.5
7051,0.5
7052,0.5
7053,0.5
7054,0.5
7055,0.5
7056,0.5
7057,0.5
7058,0.5
7059,0.5
7060,0.5
7061,0.5
7062,0.5
7063,0.5
7064,0.5
7065,0.5
7066,0.5
7067,0.5
7068,0.5
7069,0.5
7070,0.5
7071,0.5
7072,0.5
7073,0.5
7074,0.5
7075,0.5
7076,0.5
7077,0.5
7078,0.5
7079,0.5
7080,0.5
7081,0.5
7082,0.5
7083,0.5
7084,0.5
7085,0.5
7086,0.5
7087,0.5
7088,0.5
7089,0.5
7090,0.5
7091,0.5
7092,0.5
7093,0.5
7094,0.5
7095,0.5
7096,0.5
7097,0.5
7098,0.5
7099,0.5
7100,0.5
7101,0.5
7102,0.5
7103,0.5
7104,0.5
7105,0.5
7106,0.5
7107,0.5
7108,0.5
7109,0.5
7110,0.5
7111,0.5
7112,0.5
7113,0.5
7114,0.5
7115,0.5
7116,0.5
7117,0.5
7118,0.5
7119,0.5
7120,0.5
7121,0.5
7122,0.5
7123,0.5
7124,0.5
7125,0.5
7126,0.5
7127,0.5
7128,0.5
7129,0.5
7130,0.5
7131,0.5
7132,0.5
7133,0.5
7134,0.5
7135,0.5
7136,0.5
7137,0.5
7138,0.5
7139,0.5
7140,0.5
7141,0.5
7142,0.5
7143,0.5
7144,0.5
7145,0.5
7146,0.5
7147,0.5
7148,0.5
7149,0.5
7150,0.5
7151,0.5
7152,0.5
7153,0.5
7154,0.5
7155,0.5
7156,0.5
7157,0.5
7158,0.5
7159,0.5
7160,0.5
7161,0.5
7162,0.5
7163,0.5
7164,0.5
7165,0.5
7166,0.5
7167,0.5
7168,0.5
7169,0.5
7170,0.5
7171,0.5
7172,0.5
7173,0.5
7174,0.5
7175,0.5
7176,0.5
7177,0.5
7178,0.5
7179,0.5
7180,0.5
7181,0.5
7182,0.5
7183,0.5
7184,0.5
7185,0.5
7186,0.5
7187,0.5
7188,0.5
7189,0.5
7190,0.5
7191,0.5
7192,0.5
7193,0.5
7194,0.5
7195,0.5
7196,0.5
7197,0.5
7198,0.5
7199,0.5
7200,0.5
7201,0.5
7202,0.5
7203,0.5
7204,0.5
7205,0.5
7206,0.5
7207,0.5
7208,0.5
7209,0.5
7210,0.5
7211,0.5
7212,0.5
7213,0.5
7214,0.5
7215,0.5
7216,0.5
7217,0.5
7218,0.5
7219,0.5
7220,0.5
7221,0.5
7222,0.5
7223,0.5
7224,0.5
7225,0.5
7226,0.5
7227,0.5
7228,0.5
7229,0.5
7230,0.5
7231,0.5
7232,0.5
7233,0.5
7234,0.5
7235,0.5
7236,0.5
7237,0.5
7238,0.5
7239,0.5
7240,0.5
7241,0.5
7242,0.5
7243,0.5
7244,0.5
7245,0.5
7246,0.5
7247,0.5
7248,0.5
7249,0.5
7250,0.5
7251,0.5
7252,0.5
7253,0.5
7254,0.5
7255,0.5
7256,0.6
7257,0.598148
7258,0.5962959999999999
7259,0.594444
7260,0.592592
7261,0.5907399999999999
7262,0.588888
7263,0.587036
7264,0.5851839999999999
7265,0.583332
7266,0.58148
7267,0.579628
7268,0.577776
7269,0.575924
7270,0.574072
7271,0.57222
7272,0.570368
7273,0.568516
7274,0.566664
7275,0.564812
7276,0.56296
7277,0.5611079999999999
7278,0.559256
7279,0.557404
7280,0.5555519999999999
7281,0.5537
7282,0.551848
7283,0.5499959999999999
7284,0.548144
7285,0.546292
7286,0.54444
7287,0.542588
7288,0.540736
7289,0.538884
7290,0.537032
7291,0.53518
7292,0.533328
7293,0.531476
7294,0.529624
7295,0.527772
7296,0.5259199999999999
7297,0.524068
7298,0.522216
7299,0.5203639999999999
7300,0.518512
7301,0.51666
7302,0.5148079999999999
7303,0.512956
7304,0.511104
7305,0.509252
7306,0.5074
7307,0.505548
7308,0.5036959999999999
7309,0.501844
7310,0.499992
7311,0.49813999999999997
7312,0.49628799999999995
7313,0.494436
7314,0.49258399999999997
7315,0.490732
7316,0.48888
7317,0.487028
7318,0.485176
7319,0.483324
7320,0.481472
7321,0.47962
7322,0.47776799999999997
7323,0.475916
7324,0.474064
7325,0.47221199999999997
7326,0.47036
7327,0.468508
7328,0.46665599999999996
7329,0.464804
7330,0.462952
7331,0.46109999999999995
7332,0.459248
7333,0.457396
7334,0.45554399999999995
7335,0.453692
7336,0.45184
7337,0.44998799999999994
7338,0.448136
7339,0.446284
7340,0.444432
7341,0.44258
7342,0.440728
7343,0.438876
7344,0.43702399999999997
7345,0.435172
7346,0.43332
7347,0.6
7348,0.5980099999999999
7349,0.59602
7350,0.59403
7351,0.59204
7352,0.59005
7353,0.58806
7354,0.58607
7355,0.5840799999999999
7356,0.58209
7357,0.5801
7358,0.57811
7359,0.57612
7360,0.57413
7361,0.57214
7362,0.5701499999999999
7363,0.56816
7364,0.56617
7365,0.56418
7366,0.56219
7367,0.5602
7368,0.55821
7369,0.5562199999999999
7370,0.55423
7371,0.55224
7372,0.55025
7373,0.54826
7374,0.54627
7375,0.54428
7376,0.5422899999999999
7377,0.5403
7378,0.53831
7379,0.53632
7380,0.53433
7381,0.53234
7382,0.53035
7383,0.5283599999999999
7384,0.52637
7385,0.52438
7386,0.52239
7387,0.5204
7388,0.51841
7389,0.51642
7390,0.5144299999999999
7391,0.51244
7392,0.51045
7393,0.50846
7394,0.50647
7395,0.50448
7396,0.50249
7397,0.5005
7398,0.49851
7399,0.49651999999999996
7400,0.49452999999999997
7401,0.49254
7402,0.49055
7403,0.48856
7404,0.48656999999999995
7405,0.48458
7406,0.48258999999999996
7407,0.48059999999999997
7408,0.47861
7409,0.47662
7410,0.47463
7411,0.47263999999999995
7412,0.47065
7413,0.46865999999999997
7414,0.46667
7415,0.46468
7416,0.46269
7417,0.4607
7418,0.45870999999999995
7419,0.45672
7420,0.45472999999999997
7421,0.45274
7422,0.45075
7423,0.44875999999999994
7424,0.44677
7425,0.44477999999999995
7426,0.44279
7427,0.44079999999999997
7428,0.43881
7429,0.43682
7430,0.43482999999999994
7431,0.43284
7432,0.43084999999999996
7433,0.42885999999999996
7434,0.42686999999999997
7435,0.42488
7436,0.42289
7437,0.42089999999999994
7438,0.41891
7439,0.6
7440,0.59707
7441,0.59414
7442,0.59121
7443,0.58828
7444,0.5853499999999999
7445,0.5824199999999999
7446,0.57949
7447,0.57656
7448,0.57363
7449,0.5707
7450,0.56777
7451,0.56484
7452,0.56191
7453,0.55898
7454,0.5560499999999999
7455,0.55312
7456,0.55019
7457,0.54726
7458,0.54433
7459,0.5414
7460,0.53847
7461,0.53554
7462,0.53261
7463,0.5296799999999999
7464,0.5267499999999999
7465,0.52382
7466,0.52089
7467,0.51796
7468,0.51503
7469,0.5121
7470,0.50917
7471,0.50624
7472,0.5033099999999999
7473,0.5003799999999999
7474,0.49744999999999995
7475,0.49451999999999996
7476,0.49158999999999997
7477,0.48866
7478,0.48573
7479,0.4828
7480,0.47986999999999996
7481,0.47694
7482,0.47401
7483,0.47107999999999994
7484,0.46814999999999996
7485,0.46521999999999997
7486,0.46229
7487,0.45936
7488,0.45643
7489,0.4535
7490,0.45056999999999997
7491,0.44764
7492,0.44471
7493,0.44177999999999995
7494,0.43884999999999996
7495,0.43592
7496,0.43299
7497,0.43006
7498,0.42713
7499,0.4242
7500,0.42127
7501,0.41834
7502,0.41540999999999995
7503,0.41247999999999996
7504,0.40954999999999997
7505,0.40662
7506,0.40369
7507,0.40076
7508,0.39783
7509,0.3949
7510,0.39197
7511,0.38904
7512,0.38610999999999995
7513,0.38317999999999997
7514,0.38025
7515,0.37732
7516,0.37439
7517,0.37146
7518,0.36853
7519,0.3656
7520,0.36267
7521,0.35973999999999995
7522,0.35680999999999996
7523,0.35388
7524,0.35095
7525,0.34802
7526,0.34509
7527,0.5
7528,0.499847
7529,0.499694
7530,0.499541
7531,0.499388
7532,0.499235
7533,0.499082
7534,0.498929
7535,0.498776
7536,0.498623
7537,0.49847
7538,0.498317
7539,0.498164
7540,0.498011
7541,0.497858
7542,0.497705
7543,0.497552
7544,0.497399
7545,0.497246
7546,0.497093
7547,0.49694
7548,0.496787
7549,0.496634
7550,0.496481
7551,0.496328
7552,0.496175
7553,0.496022
7554,0.495869
7555,0.495716
7556,0.495563
7557,0.49541
7558,0.495257
7559,0.495104
7560,0.494951
7561,0.494798
7562,0.494645
7563,0.494492
7564,0.494339
7565,0.494186
7566,0.494033
7567,0.49388
7568,0.493727
7569,0.493574
7570,0.493421
7571,0.493268
7572,0.493115
7573,0.492962
7574,0.492809
7575,0.492656
7576,0.492503
7577,0.49235
7578,0.492197
7579,0.492044
7580,0.491891
7581,0.491738
7582,0.491585
7583,0.491432
7584,0.491279
7585,0.491126
7586,0.490973
7587,0.49082
7588,0.490667
7589,0.490514
7590,0.490361
7591,0.490208
7592,0.490055
7593,0.489902
7594,0.489749
7595,0.489596
7596,0.489443
7597,0.48929
7598,0.489137
7599,0.488984
7600,0.488831
7601,0.488678
7602,0.488525
7603,0.488372
7604,0.488219
7605,0.488066
7606,0.487913
7607,0.48775999999999997
7608,0.487607
7609,0.487454
7610,0.487301
7611,0.487148
7612,0.486995
7613,0.486842
7614,0.486689
7615,0.486536
7616,0.486383
7617,0.48623
7618,0.486077
7619,0.485924
7620,0.485771
7621,0.485618
7622,0.485465
7623,0.485312
7624,0.485159
7625,0.485006
7626,0.484853
7627,0.4847
7628,0.484547
7629,0.484394
7630,0.484241
7631,0.484088
7632,0.483935
7633,0.483782
7634,0.483629
7635,0.483476
7636,0.483323
7637,0.48317
7638,0.483017
7639,0.482864
7640,0.482711
7641,0.482558
7642,0.482405
7643,0.482252
7644,0.482099
7645,0.481946
7646,0.481793
7647,0.48164
7648,0.481487
7649,0.481334
7650,0.48118099999999997
7651,0.481028
7652,0.480875
7653,0.480722
7654,0.480569
7655,0.480416
7656,0.480263
7657,0.48011
7658,0.479957
7659,0.479804
7660,0.479651
7661,0.479498
7662,0.479345
7663,0.479192
7664,0.479039
7665,0.478886
7666,0.478733
7667,0.47858
7668,0.478427
7669,0.478274
7670,0.478121
7671,0.477968
7672,0.477815
7673,0.477662
7674,0.477509
7675,0.477356
7676,0.477203
7677,0.47705
7678,0.476897
7679,0.476744
7680,0.476591
7681,0.47643800000000003
7682,0.476285
7683,0.476132
7684,0.475979
7685,0.47582599999999997
7686,0.475673
7687,0.47552
7688,0.475367
7689,0.475214
7690,0.475061
7691,0.474908
7692,0.474755
7693,0.474602
7694,0.474449
7695,0.474296
7696,0.474143
7697,0.47399
7698,0.473837
7699,0.473684
7700,0.473531
7701,0.473378
7702,0.473225
7703,0.473072
7704,0.472919
7705,0.472766
7706,0.472613
7707,0.47246
7708,0.472307
7709,0.472154
7710,0.472001
7711,0.471848
7712,0.471695
7713,0.471542
7714,0.6
7715,0.5987655
7716,0.5975309999999999
7717,0.5962965
7718,0.595062
7719,0.5938275
7720,0.5925929999999999
7721,0.5913585
7722,0.590124
7723,0.5888895
7724,0.5876549999999999
7725,0.5864205
7726,0.585186
7727,0.5839515
7728,0.5827169999999999
7729,0.5814825
7730,0.580248
7731,0.5790135
7732,0.5777789999999999
7733,0.5765445
7734,0.57531
7735,0.5740755
7736,0.5728409999999999
7737,0.5716065
7738,0.570372
7739,0.5691375
7740,0.5679029999999999
7741,0.5666685
7742,0.565434
7743,0.5641995
7744,0.5629649999999999
7745,0.5617305
7746,0.560496
7747,0.5592615
7748,0.5580269999999999
7749,0.5567925
7750,0.555558
7751,0.5543235
7752,0.5530889999999999
7753,0.5518545
7754,0.55062
7755,0.5493855
7756,0.5481509999999999
7757,0.5469165
7758,0.545682
7759,0.5444475
7760,0.543213
7761,0.5419785
7762,0.540744
7763,0.5395095
7764,0.538275
7765,0.5370405
7766,0.535806
7767,0.5345715
7768,0.533337
7769,0.5321024999999999
7770,0.530868
7771,0.5296335
7772,0.528399
7773,0.5271645
7774,0.52593
7775,0.5246955
7776,0.523461
7777,0.5222264999999999
7778,0.520992
7779,0.5197575
7780,0.518523
7781,0.5172885
7782,0.516054
7783,0.5148195
7784,0.513585
7785,0.5123504999999999
7786,0.511116
7787,0.5098815
7788,0.508647
7789,0.5074125
7790,0.506178
7791,0.5049435
7792,0.503709
7793,0.5024744999999999
7794,0.50124
7795,0.5000055
7796,0.49877099999999996
7797,0.4975365
7798,0.49630199999999997
7799,0.4950675
7800,0.49383299999999997
7801,0.4925985
7802,0.49136399999999997
7803,0.4901295
7804,0.48889499999999997
7805,0.4876605
7806,0.48642599999999997
7807,0.4851915
7808,0.48395699999999997
7809,0.4827225
7810,0.48148799999999997
7811,0.4802535
7812,0.479019
7813,0.4777845
7814,0.47655
7815,0.4753155
7816,0.474081
7817,0.47284649999999995
7818,0.471612
7819,0.4703775
7820,0.469143
7821,0.46790849999999995
7822,0.466674
7823,0.4654395
7824,0.464205
7825,0.46297049999999995
7826,0.461736
7827,0.4605015
7828,0.459267
7829,0.45803249999999995
7830,0.456798
7831,0.4555635
7832,0.454329
7833,0.45309449999999996
7834,0.45186
7835,0.4506255
7836,0.449391
7837,0.44815649999999996
7838,0.446922
7839,0.4456875
7840,0.444453
7841,0.44321849999999996
7842,0.441984
7843,0.4407495
7844,0.439515
7845,0.43828049999999996
7846,0.437046
7847,0.4358115
7848,0.434577
7849,0.43334249999999996
7850,0.432108
7851,0.4308735
7852,0.429639
7853,0.42840449999999997
7854,0.42717
7855,0.4259355
7856,0.424701
7857,0.42346649999999997
7858,0.422232
7859,0.4209975
7860,0.419763
7861,0.41852849999999997
7862,0.417294
7863,0.4160595
7864,0.414825
7865,0.41359049999999997
7866,0.412356
7867,0.41112150000000003
7868,0.409887
7869,0.4086525
7870,0.407418
7871,0.40618350000000003
7872,0.404949
7873,0.4037145
7874,0.40248
7875,0.4012455
7876,0.400011
7877,0.3987765
7878,0.39754199999999995
7879,0.3963075
7880,0.395073
7881,0.3938385
7882,0.6
7883,0.5992609999999999
7884,0.598522
7885,0.597783
7886,0.597044
7887,0.596305
7888,0.5955659999999999
7889,0.594827
7890,0.594088
7891,0.593349
7892,0.59261
7893,0.5918709999999999
7894,0.591132
7895,0.590393
7896,0.589654
7897,0.588915
7898,0.588176
7899,0.587437
7900,0.5866979999999999
7901,0.585959
7902,0.58522
7903,0.584481
7904,0.583742
7905,0.5830029999999999
7906,0.582264
7907,0.581525
7908,0.580786
7909,0.580047
7910,0.5793079999999999
7911,0.578569
7912,0.57783
7913,0.577091
7914,0.576352
7915,0.5756129999999999
7916,0.574874
7917,0.574135
7918,0.573396
7919,0.572657
7920,0.5719179999999999
7921,0.571179
7922,0.57044
7923,0.569701
7924,0.568962
7925,0.5682229999999999
7926,0.567484
7927,0.5667449999999999
7928,0.566006
7929,0.565267
7930,0.564528
7931,0.563789
7932,0.5630499999999999
7933,0.562311
7934,0.561572
7935,0.560833
7936,0.560094
7937,0.5593549999999999
7938,0.558616
7939,0.557877
7940,0.557138
7941,0.556399
7942,0.5556599999999999
7943,0.554921
7944,0.554182
7945,0.553443
7946,0.552704
7947,0.551965
7948,0.551226
7949,0.550487
7950,0.549748
7951,0.549009
7952,0.54827
7953,0.547531
7954,0.546792
7955,0.546053
7956,0.545314
7957,0.544575
7958,0.543836
7959,0.5430969999999999
7960,0.542358
7961,0.541619
7962,0.54088
7963,0.540141
7964,0.5394019999999999
7965,0.538663
7966,0.537924
7967,0.537185
7968,0.536446
7969,0.5357069999999999
7970,0.534968
7971,0.534229
7972,0.53349
7973,0.532751
7974,0.5320119999999999
7975,0.531273
7976,0.530534
7977,0.529795
7978,0.529056
7979,0.5283169999999999
7980,0.527578
7981,0.526839
7982,0.5261
7983,0.525361
7984,0.5246219999999999
7985,0.523883
7986,0.5231439999999999
7987,0.522405
7988,0.521666
7989,0.520927
7990,0.520188
7991,0.5194489999999999
7992,0.51871
7993,0.517971
7994,0.517232
7995,0.516493
7996,0.5157539999999999
7997,0.515015
7998,0.514276
7999,0.513537
8000,0.512798
8001,0.512059
8002,0.51132
8003,0.510581
8004,0.509842
8005,0.509103
8006,0.508364
8007,0.507625
8008,0.506886
8009,0.506147
8010,0.505408
8011,0.504669
8012,0.50393
8013,0.5031909999999999
8014,0.502452
8015,0.501713
8016,0.500974
8017,0.500235
8018,0.499496
8019,0.498757
8020,0.49801799999999996
8021,0.49727899999999997
8022,0.49654
8023,0.495801
8024,0.495062
8025,0.49432299999999996
8026,0.49358399999999997
8027,0.492845
8028,0.492106
8029,0.491367
8030,0.49062799999999995
8031,0.48988899999999996
8032,0.48915
8033,0.488411
8034,0.487672
8035,0.48693299999999995
8036,0.486194
8037,0.48545499999999997
8038,0.484716
8039,0.483977
8040,0.483238
8041,0.482499
8042,0.48175999999999997
8043,0.481021
8044,0.480282
8045,0.479543
8046,0.478804
8047,0.47806499999999996
8048,0.477326
8049,0.476587
8050,0.475848
8051,0.475109
8052,0.47436999999999996
8053,0.473631
8054,0.472892
8055,0.472153
8056,0.471414
8057,0.47067499999999995
8058,0.469936
8059,0.469197
8060,0.468458
8061,0.467719
8062,0.46697999999999995
8063,0.466241
8064,0.46550199999999997
8065,0.464763
8066,0.464024
8067,0.46328499999999995
8068,0.462546
8069,0.46180699999999997
8070,0.461068
8071,0.460329
8072,0.45958999999999994
8073,0.458851
8074,0.45811199999999996
8075,0.457373
8076,0.456634
8077,0.455895
8078,0.455156
8079,0.45441699999999996
8080,0.453678
8081,0.452939
8082,0.4522
8083,0.451461
8084,0.45072199999999996
8085,0.449983
8086,0.449244
8087,0.448505
8088,0.447766
8089,0.44702699999999995
8090,0.446288
8091,0.445549
8092,0.44481
8093,0.444071
8094,0.44333199999999995
8095,0.442593
8096,0.44185399999999997
8097,0.441115
8098,0.440376
8099,0.43963699999999994
8100,0.438898
8101,0.43815899999999997
8102,0.43742
8103,0.436681
8104,0.435942
8105,0.435203
8106,0.43446399999999996
8107,0.433725
8108,0.432986
8109,0.432247
8110,0.431508
8111,0.43076899999999996
8112,0.43003
8113,0.429291
8114,0.428552
8115,0.427813
8116,0.42707399999999995
8117,0.426335
8118,0.425596
8119,0.424857
8120,0.424118
8121,0.42337899999999995
8122,0.42264
8123,0.42190099999999997
8124,0.421162
8125,0.420423
8126,0.41968399999999995
8127,0.418945
8128,0.41820599999999997
8129,0.417467
8130,0.416728
8131,0.415989
8132,0.41525
8133,0.41451099999999996
8134,0.413772
8135,0.413033
8136,0.412294
8137,0.411555
8138,0.41081599999999996
8139,0.410077
8140,0.409338
8141,0.408599
8142,0.40786
8143,0.40712099999999996
8144,0.406382
8145,0.405643
8146,0.404904
8147,0.404165
8148,0.40342599999999995
8149,0.402687
8150,0.40194799999999997
8151,0.401209
8152,0.40047
8153,0.39973099999999995
8154,0.398992
8155,0.39825299999999997
8156,0.397514
8157,0.396775
8158,0.6
8159,0.598789
8160,0.5975779999999999
8161,0.596367
8162,0.595156
8163,0.593945
8164,0.592734
8165,0.591523
8166,0.590312
8167,0.589101
8168,0.58789
8169,0.586679
8170,0.585468
8171,0.584257
8172,0.583046
8173,0.581835
8174,0.580624
8175,0.579413
8176,0.578202
8177,0.576991
8178,0.57578
8179,0.574569
8180,0.5733579999999999
8181,0.572147
8182,0.570936
8183,0.5697249999999999
8184,0.568514
8185,0.567303
8186,0.5660919999999999
8187,0.564881
8188,0.56367
8189,0.5624589999999999
8190,0.561248
8191,0.560037
8192,0.5588259999999999
8193,0.557615
8194,0.556404
8195,0.5551929999999999
8196,0.553982
8197,0.552771
8198,0.5515599999999999
8199,0.550349
8200,0.549138
8201,0.5479269999999999
8202,0.546716
8203,0.545505
8204,0.544294
8205,0.543083
8206,0.541872
8207,0.540661
8208,0.53945
8209,0.538239
8210,0.537028
8211,0.535817
8212,0.5346059999999999
8213,0.533395
8214,0.532184
8215,0.5309729999999999
8216,0.529762
8217,0.528551
8218,0.5273399999999999
8219,0.526129
8220,0.524918
8221,0.5237069999999999
8222,0.522496
8223,0.521285
8224,0.5200739999999999
8225,0.518863
8226,0.517652
8227,0.5164409999999999
8228,0.51523
8229,0.514019
8230,0.5128079999999999
8231,0.511597
8232,0.510386
8233,0.5091749999999999
8234,0.507964
8235,0.506753
8236,0.5055419999999999
8237,0.504331
8238,0.50312
8239,0.5019089999999999
8240,0.500698
8241,0.49948699999999996
8242,0.49827599999999994
8243,0.497065
8244,0.49585399999999996
8245,0.49464299999999994
8246,0.493432
8247,0.49222099999999996
8248,0.49100999999999995
8249,0.489799
8250,0.48858799999999997
8251,0.48737699999999995
8252,0.486166
8253,0.48495499999999997
8254,0.48374399999999995
8255,0.482533
8256,0.48132199999999997
8257,0.48011099999999995
8258,0.4789
8259,0.477689
8260,0.47647799999999996
8261,0.475267
8262,0.474056
8263,0.47284499999999996
8264,0.471634
8265,0.470423
8266,0.46921199999999996
8267,0.468001
8268,0.46679
8269,0.46557899999999997
8270,0.6
8271,0.598363
8272,0.596726
8273,0.595089
8274,0.593452
8275,0.591815
8276,0.590178
8277,0.588541
8278,0.586904
8279,0.585267
8280,0.58363
8281,0.581993
8282,0.580356
8283,0.578719
8284,0.577082
8285,0.575445
8286,0.573808
8287,0.572171
8288,0.570534
8289,0.568897
8290,0.56726
8291,0.565623
8292,0.563986
8293,0.562349
8294,0.560712
8295,0.559075
8296,0.557438
8297,0.555801
8298,0.554164
8299,0.552527
8300,0.55089
8301,0.549253
8302,0.547616
8303,0.545979
8304,0.544342
8305,0.542705
8306,0.541068
8307,0.539431
8308,0.537794
8309,0.536157
8310,0.53452
8311,0.532883
8312,0.531246
8313,0.529609
8314,0.527972
8315,0.526335
8316,0.524698
8317,0.523061
8318,0.521424
8319,0.519787
8320,0.51815
8321,0.516513
8322,0.514876
8323,0.513239
8324,0.511602
8325,0.509965
8326,0.508328
8327,0.506691
8328,0.505054
8329,0.503417
8330,0.50178
8331,0.500143
8332,0.498506
8333,0.496869
8334,0.495232
8335,0.493595
8336,0.491958
8337,0.490321
8338,0.488684
8339,0.487047
8340,0.48541
8341,0.483773
8342,0.482136
8343,0.480499
8344,0.478862
8345,0.477225
8346,0.475588
8347,0.473951
8348,0.472314
8349,0.470677
8350,0.46904
8351,0.467403
8352,0.465766
8353,0.464129
8354,0.462492
8355,0.460855
8356,0.459218
8357,0.457581
8358,0.455944
8359,0.454307
8360,0.45267
8361,0.451033
8362,0.449396
8363,0.447759
8364,0.6
8365,0.596869
8366,0.593738
8367,0.590607
8368,0.587476
8369,0.584345
8370,0.581214
8371,0.578083
8372,0.574952
8373,0.571821
8374,0.5686899999999999
8375,0.5655589999999999
8376,0.5624279999999999
8377,0.5592969999999999
8378,0.5561659999999999
8379,0.5530349999999999
8380,0.549904
8381,0.546773
8382,0.543642
8383,0.540511
8384,0.53738
8385,0.534249
8386,0.531118
8387,0.527987
8388,0.524856
8389,0.521725
8390,0.518594
8391,0.515463
8392,0.512332
8393,0.509201
8394,0.50607
8395,0.502939
8396,0.499808
8397,0.496677
8398,0.493546
8399,0.490415
8400,0.48728399999999994
8401,0.48415299999999994
8402,0.48102199999999995
8403,0.47789099999999995
8404,0.47475999999999996
8405,0.47162899999999996
8406,0.46849799999999997
8407,0.465367
8408,0.462236
8409,0.459105
8410,0.455974
8411,0.452843
8412,0.449712
8413,0.446581
8414,0.44345
8415,0.44031899999999996
8416,0.43718799999999997
8417,0.43405699999999997
8418,0.430926
8419,0.427795
8420,0.424664
8421,0.42153299999999994
8422,0.41840199999999994
8423,0.41527099999999995
8424,0.41213999999999995
8425,0.40900899999999996
8426,0.40587799999999996
8427,0.40274699999999997
8428,0.39961599999999997
8429,0.396485
8430,0.393354
8431,0.390223
8432,0.387092
8433,0.383961
8434,0.38083
8435,0.377699
8436,0.37456799999999996
8437,0.37143699999999996
8438,0.36830599999999997
8439,0.36517499999999997
8440,0.362044
8441,0.358913
8442,0.35578199999999993
8443,0.35265099999999994
8444,0.34951999999999994
8445,0.34638899999999995
8446,0.34325799999999995
8447,0.34012699999999996
8448,0.33699599999999996
8449,0.5
8450,0.49981544
8451,0.49963088
8452,0.49944632
8453,0.49926176
8454,0.4990772
8455,0.49889264
8456,0.49870808
8457,0.49852352
8458,0.49833896
8459,0.4981544
8460,0.49796984
8461,0.49778528
8462,0.49760072
8463,0.49741616
8464,0.4972316
8465,0.49704704
8466,0.49686248
8467,0.49667792
8468,0.49649336
8469,0.4963088
8470,0.49612424
8471,0.49593968
8472,0.49575512
8473,0.49557056
8474,0.495386
8475,0.49520144
8476,0.49501688
8477,0.49483232
8478,0.49464776
8479,0.4944632
8480,0.49427864
8481,0.49409408
8482,0.49390952
8483,0.49372496
8484,0.4935404
8485,0.49335584
8486,0.49317128
8487,0.49298672
8488,0.49280216
8489,0.4926176
8490,0.49243304
8491,0.49224848
8492,0.49206392
8493,0.49187936
8494,0.4916948
8495,0.49151024
8496,0.49132568
8497,0.49114112
8498,0.49095656
8499,0.490772
8500,0.49058744
8501,0.49040288
8502,0.49021832
8503,0.49003376
8504,0.4898492
8505,0.48966464
8506,0.48948008
8507,0.48929552
8508,0.48911096
8509,0.4889264
8510,0.48874184
8511,0.48855728
8512,0.48837272
8513,0.48818816
8514,0.4880036
8515,0.48781904
8516,0.48763448
8517,0.48744992
8518,0.48726536
8519,0.4870808
8520,0.48689624
8521,0.48671168
8522,0.48652712
8523,0.48634256
8524,0.486158
8525,0.48597344
8526,0.48578888
8527,0.48560432
8528,0.48541976
8529,0.4852352
8530,0.48505064
8531,0.48486608
8532,0.48468152
8533,0.48449696
8534,0.4843124
8535,0.48412784
8536,0.48394328
8537,0.48375872
8538,0.48357416
8539,0.4833896
8540,0.48320504
8541,0.48302048
8542,0.48283592
8543,0.48265136
8544,0.4824668
8545,0.48228224
8546,0.48209768
8547,0.48191312
8548,0.48172856
8549,0.48154399999999997
8550,0.48135943999999997
8551,0.48117487999999997
8552,0.48099031999999997
8553,0.48080575999999997
8554,0.48062119999999997
8555,0.48043663999999997
8556,0.48025207999999997
8557,0.48006751999999997
8558,0.47988296
8559,0.4796984
8560,0.47951384
8561,0.47932928
8562,0.47914472
8563,0.47896016
8564,0.4787756
8565,0.47859104
8566,0.47840648
8567,0.47822192
8568,0.47803736
8569,0.4778528
8570,0.47766824
8571,0.47748368
8572,0.47729912
8573,0.47711456
8574,0.47693
8575,0.47674544
8576,0.47656088
8577,0.47637632
8578,0.47619176
8579,0.4760072
8580,0.47582264
8581,0.47563808
8582,0.47545352
8583,0.47526896
8584,0.4750844
8585,0.47489984
8586,0.47471528
8587,0.47453072
8588,0.47434616
8589,0.4741616
8590,0.47397704
8591,0.47379248
8592,0.47360792
8593,0.47342336
8594,0.4732388
8595,0.47305424
8596,0.47286968
8597,0.47268512
8598,0.47250056
8599,0.472316
8600,0.47213144
8601,0.47194688
8602,0.47176232
8603,0.47157776
8604,0.4713932
8605,0.47120864
8606,0.47102408
8607,0.47083952
8608,0.47065496
8609,0.4704704
8610,0.47028584
8611,0.47010128
8612,0.46991672
8613,0.46973216
8614,0.4695476
8615,0.46936304
8616,0.46917848
8617,0.46899392
8618,0.46880936
8619,0.4686248
8620,0.46844024
8621,0.46825568
8622,0.46807112
8623,0.46788656
8624,0.467702
8625,0.46751744
8626,0.46733288
8627,0.46714832
8628,0.46696376
8629,0.4667792
8630,0.46659464
8631,0.46641008
8632,0.46622552
8633,0.46604096
8634,0.4658564
8635,0.46567184
8636,0.46548728
8637,0.46530272
8638,0.46511816
8639,0.4649336
8640,0.46474904
8641,0.46456448
8642,0.46437992
8643,0.46419536
8644,0.4640108
8645,0.46382624
8646,0.46364168
8647,0.46345712
8648,0.46327256
8649,0.463088
8650,0.46290344
8651,0.46271888
8652,0.46253432
8653,0.46234976
8654,0.4621652
8655,0.46198064
8656,0.46179608
8657,0.46161152
8658,0.46142696
8659,0.4612424
8660,0.46105784
8661,0.46087328
8662,0.46068872
8663,0.46050416
8664,0.4603196
8665,0.46013504
8666,0.45995048
8667,0.45976592
8668,0.45958136
8669,0.4593968
8670,0.45921224
8671,0.45902768
8672,0.45884312
8673,0.45865856
8674,0.458474
8675,0.45828944
8676,0.45810488
8677,0.45792032
8678,0.45773576
8679,0.4575512
8680,0.45736664
8681,0.45718208
8682,0.45699752
8683,0.45681296
8684,0.4566284
8685,0.45644384
8686,0.45625928
8687,0.45607472
8688,0.45589016
8689,0.4557056
8690,0.45552104
8691,0.45533648
8692,0.45515192
8693,0.45496736
8694,0.4547828
8695,0.45459824
8696,0.45441368
8697,0.45422912
8698,0.45404456
8699,0.45386
8700,0.45367544
8701,0.45349088
8702,0.45330632
8703,0.45312176
8704,0.4529372
8705,0.45275264
8706,0.45256808
8707,0.45238352
8708,0.45219896
8709,0.4520144
8710,0.45182984
8711,0.45164528
8712,0.45146072
8713,0.45127616
8714,0.4510916
8715,0.45090704
8716,0.45072248
8717,0.45053792
8718,0.45035336
8719,0.4501688
8720,0.44998424
8721,0.44979968
8722,0.44961512
8723,0.44943056
8724,0.449246
8725,0.44906144
8726,0.44887688
8727,0.44869232
8728,0.44850776
8729,0.4483232
8730,0.44813864
8731,0.44795408
8732,0.44776952
8733,0.44758496
8734,0.4474004
8735,0.44721584
8736,0.44703128
8737,0.44684672
8738,0.44666216
8739,0.4464776
8740,0.44629304
8741,0.44610848
8742,0.44592392
8743,0.44573936
8744,0.44555480000000003
8745,0.44537024000000003
8746,0.44518568000000003
8747,0.44500112000000003
8748,0.44481656
8749,0.444632
8750,0.44444744
8751,0.44426288
8752,0.44407832
8753,0.44389376
8754,0.4437092
8755,0.44352464
8756,0.44334008
8757,0.44315552
8758,0.44297096
8759,0.4427864
8760,0.44260184
8761,0.44241728
8762,0.44223272
8763,0.44204816
8764,0.4418636
8765,0.44167904
8766,0.44149448
8767,0.44130992
8768,0.44112536
8769,0.4409408
8770,0.44075624
8771,0.44057168
8772,0.44038712
8773,0.44020256
8774,0.440018
8775,0.43983344
8776,0.43964888
8777,0.43946432
8778,0.43927976
8779,0.4390952
8780,0.43891064
8781,0.43872608
8782,0.43854152
8783,0.43835696
8784,0.4381724
8785,0.43798784
8786,0.43780328
8787,0.43761872
8788,0.43743416
8789,0.4372496
8790,0.43706504
8791,0.43688048
8792,0.43669592
8793,0.43651136
8794,0.4363268
8795,0.43614224
8796,0.43595768
8797,0.43577312
8798,0.43558856
8799,0.435404
8800,0.43521944
8801,0.43503488
8802,0.43485032
8803,0.43466576
8804,0.4344812
8805,0.43429664
8806,0.43411208
8807,0.43392752
8808,0.43374296
8809,0.4335584
8810,0.43337384
8811,0.43318928
8812,0.43300472
8813,0.43282016
8814,0.4326356
8815,0.43245104
8816,0.43226648
8817,0.43208192
8818,0.43189736
8819,0.4317128
8820,0.43152824
8821,0.43134368
8822,0.43115912
8823,0.43097456
8824,0.43079
8825,0.43060544
8826,0.43042088
8827,0.43023632
8828,0.43005176
8829,0.4298672
8830,0.42968264
8831,0.42949808
8832,0.42931352
8833,0.42912896
8834,0.4289444
8835,0.42875984
8836,0.42857528
8837,0.42839072
8838,0.42820616
8839,0.4280216
8840,0.42783704
8841,0.42765248
8842,0.42746792
8843,0.42728336
8844,0.4270988
8845,0.42691424
8846,0.42672968
8847,0.42654512
8848,0.42636056
8849,0.426176
8850,0.42599144
8851,0.42580688
8852,0.42562232
8853,0.42543776
8854,0.4252532
8855,0.42506864
8856,0.42488408
8857,0.42469952
8858,0.42451496
8859,0.4243304
8860,0.42414584
8861,0.42396128
8862,0.42377672
8863,0.42359216
8864,0.4234076
8865,0.42322304
8866,0.42303848
8867,0.42285392
8868,0.42266936
8869,0.4224848
8870,0.42230024
8871,0.42211568
8872,0.42193112
8873,0.42174656
8874,0.421562
8875,0.42137744
8876,0.42119288
8877,0.42100832
8878,0.42082376
8879,0.4206392
8880,0.42045464
8881,0.42027008
8882,0.42008552
8883,0.41990096
8884,0.4197164
8885,0.41953184
8886,0.41934728
8887,0.41916272
8888,0.41897816
8889,0.4187936
8890,0.41860904
8891,0.41842448
8892,0.41823992
8893,0.41805536
8894,0.4178708
8895,0.41768624
8896,0.41750168
8897,0.41731712
8898,0.41713256
8899,0.416948
8900,0.41676344
8901,0.41657888
8902,0.41639432
8903,0.41620976
8904,0.4160252
8905,0.41584064
8906,0.41565608
8907,0.41547152
8908,0.41528696
8909,0.4151024
8910,0.41491784
8911,0.41473328
8912,0.41454872
8913,0.41436416
8914,0.4141796
8915,0.41399504
8916,0.6
8917,0.5988785999999999
8918,0.5977572
8919,0.5966357999999999
8920,0.5955144
8921,0.594393
8922,0.5932716
8923,0.5921502
8924,0.5910288
8925,0.5899074
8926,0.588786
8927,0.5876646
8928,0.5865431999999999
8929,0.5854218
8930,0.5843003999999999
8931,0.583179
8932,0.5820576
8933,0.5809362
8934,0.5798148
8935,0.5786934
8936,0.577572
8937,0.5764505999999999
8938,0.5753292
8939,0.5742077999999999
8940,0.5730864
8941,0.571965
8942,0.5708436
8943,0.5697222
8944,0.5686008
8945,0.5674794
8946,0.566358
8947,0.5652366
8948,0.5641151999999999
8949,0.5629938
8950,0.5618723999999999
8951,0.560751
8952,0.5596296
8953,0.5585082
8954,0.5573868
8955,0.5562654
8956,0.555144
8957,0.5540225999999999
8958,0.5529012
8959,0.5517797999999999
8960,0.5506584
8961,0.5495369999999999
8962,0.5484156
8963,0.5472942
8964,0.5461728
8965,0.5450514
8966,0.54393
8967,0.5428086
8968,0.5416871999999999
8969,0.5405658
8970,0.5394443999999999
8971,0.538323
8972,0.5372016
8973,0.5360802
8974,0.5349588
8975,0.5338374
8976,0.532716
8977,0.5315946
8978,0.5304732
8979,0.5293517999999999
8980,0.5282304
8981,0.5271089999999999
8982,0.5259876
8983,0.5248662
8984,0.5237448
8985,0.5226234
8986,0.521502
8987,0.5203806
8988,0.5192592
8989,0.5181378
8990,0.5170163999999999
8991,0.515895
8992,0.5147735999999999
8993,0.5136522
8994,0.5125308
8995,0.5114094
8996,0.510288
8997,0.5091665999999999
8998,0.5080452
8999,0.5069238
9000,0.5058024
9001,0.5046809999999999
9002,0.5035596
9003,0.5024382
9004,0.5013168
9005,0.5001954
9006,0.49907399999999996
9007,0.49795259999999997
9008,0.4968312
9009,0.4957098
9010,0.4945884
9011,0.493467
9012,0.49234559999999994
9013,0.4912242
9014,0.49010279999999995
9015,0.48898139999999995
9016,0.48785999999999996
9017,0.48673859999999997
9018,0.48561719999999997
9019,0.4844958
9020,0.4833744
9021,0.482253
9022,0.4811316
9023,0.48001019999999994
9024,0.4788888
9025,0.47776739999999995
9026,0.47664599999999996
9027,0.47552459999999996
9028,0.47440319999999997
9029,0.4732818
9030,0.4721604
9031,0.471039
9032,0.46991759999999994
9033,0.4687962
9034,0.46767479999999995
9035,0.4665534
9036,0.46543199999999996
9037,0.46431059999999996
9038,0.46318919999999997
9039,0.4620678
9040,0.4609464
9041,0.459825
9042,0.4587036
9043,0.45758219999999994
9044,0.4564608
9045,0.45533939999999995
9046,0.454218
9047,0.45309659999999996
9048,0.45197519999999997
9049,0.45085379999999997
9050,0.4497324
9051,0.448611
9052,0.44748959999999993
9053,0.4463682
9054,0.44524679999999994
9055,0.4441254
9056,0.44300399999999995
9057,0.44188259999999996
9058,0.44076119999999996
9059,0.43963979999999997
9060,0.4385184
9061,0.437397
9062,0.4362756
9063,0.43515419999999994
9064,0.4340328
9065,0.43291139999999995
9066,0.43179
9067,0.43066859999999996
9068,0.42954719999999996
9069,0.42842579999999997
9070,0.4273044
9071,0.426183
9072,0.4250616
9073,0.4239402
9074,0.42281879999999994
9075,0.4216974
9076,0.42057599999999995
9077,0.4194546
9078,0.41833319999999996
9079,0.41721179999999997
9080,0.41609039999999997
9081,0.414969
9082,0.4138476
9083,0.41272619999999993
9084,0.4116048
9085,0.41048339999999994
9086,0.6
9087,0.60417
9088,0.60834
9089,0.61251
9090,0.61668
9091,0.62085
9092,0.62502
9093,0.62919
9094,0.6333599999999999
9095,0.6375299999999999
9096,0.6416999999999999
9097,0.6458699999999999
9098,0.65004
9099,0.65421
9100,0.65838
9101,0.66255
9102,0.66672
9103,0.67089
9104,0.67506
9105,0.67923
9106,0.6834
9107,0.68757
9108,0.69174
9109,0.69591
9110,0.70008
9111,0.70425
9112,0.7084199999999999
9113,0.71259
9114,0.71676
9115,0.72093
9116,0.7251
9117,0.72927
9118,0.73344
9119,0.73761
9120,0.74178
9121,0.74595
9122,0.75012
9123,0.75429
9124,0.7584599999999999
9125,0.7626299999999999
9126,0.7667999999999999
9127,0.7709699999999999
9128,0.7751399999999999
9129,0.7
9130,0.697858
9131,0.695716
9132,0.6935739999999999
9133,0.6914319999999999
9134,0.68929
9135,0.687148
9136,0.685006
9137,0.6828639999999999
9138,0.6807219999999999
9139,0.67858
9140,0.676438
9141,0.674296
9142,0.6721539999999999
9143,0.6700119999999999
9144,0.66787
9145,0.665728
9146,0.663586
9147,0.6614439999999999
9148,0.6593019999999999
9149,0.65716
9150,0.655018
9151,0.652876
9152,0.6507339999999999
9153,0.648592
9154,0.64645
9155,0.644308
9156,0.642166
9157,0.6400239999999999
9158,0.637882
9159,0.63574
9160,0.633598
9161,0.631456
9162,0.6293139999999999
9163,0.627172
9164,0.62503
9165,0.622888
9166,0.620746
9167,0.6186039999999999
9168,0.616462
9169,0.61432
9170,0.612178
9171,0.610036
9172,0.6078939999999999
9173,0.605752
9174,0.60361
9175,0.601468
9176,0.599326
9177,0.5971839999999999
9178,0.595042
9179,0.5929
9180,0.590758
9181,0.588616
9182,0.5864739999999999
9183,0.584332
9184,0.58219
9185,0.580048
9186,0.5779059999999999
9187,0.5757639999999999
9188,0.573622
9189,0.7
9190,0.6984549999999999
9191,0.6969099999999999
9192,0.695365
9193,0.69382
9194,0.692275
9195,0.69073
9196,0.6891849999999999
9197,0.6876399999999999
9198,0.686095
9199,0.68455
9200,0.683005
9201,0.68146
9202,0.6799149999999999
9203,0.6783699999999999
9204,0.676825
9205,0.67528
9206,0.673735
9207,0.67219
9208,0.6706449999999999
9209,0.6690999999999999
9210,0.6675549999999999
9211,0.66601
9212,0.664465
9213,0.66292
9214,0.6613749999999999
9215,0.6598299999999999
9216,0.658285
9217,0.65674
9218,0.655195
9219,0.65365
9220,0.6521049999999999
9221,0.6505599999999999
9222,0.649015
9223,0.64747
9224,0.645925
9225,0.64438
9226,0.6428349999999999
9227,0.6412899999999999
9228,0.639745
9229,0.6382
9230,0.636655
9231,0.63511
9232,0.6335649999999999
9233,0.6320199999999999
9234,0.6304749999999999
9235,0.62893
9236,0.627385
9237,0.62584
9238,0.6242949999999999
9239,0.6227499999999999
9240,0.621205
9241,0.61966
9242,0.618115
9243,0.61657
9244,0.6150249999999999
9245,0.6134799999999999
9246,0.611935
9247,0.61039
9248,0.608845
9249,0.6073
9250,0.6057549999999999
9251,0.6042099999999999
9252,0.602665
9253,0.60112
9254,0.599575
9255,0.59803
9256,0.5964849999999999
9257,0.5949399999999999
9258,0.593395
9259,0.59185
9260,0.590305
9261,0.58876
9262,0.5872149999999999
9263,0.5856699999999999
9264,0.584125
9265,0.58258
9266,0.581035
9267,0.57949
9268,0.5779449999999999
9269,0.5764
9270,0.5748549999999999
9271,0.57331
9272,0.571765
9273,0.57022
9274,0.5686749999999999
9275,0.5671299999999999
9276,0.565585
9277,0.56404
9278,0.562495
9279,0.56095
9280,0.5594049999999999
9281,0.55786
9282,0.5563149999999999
9283,0.55477
9284,0.553225
9285,0.55168
9286,0.5501349999999999
9287,0.5485899999999999
9288,0.547045
9289,0.5455
9290,0.543955
9291,0.7
9292,0.6970999999999999
9293,0.6941999999999999
9294,0.6912999999999999
9295,0.6883999999999999
9296,0.6855
9297,0.6826
9298,0.6797
9299,0.6768
9300,0.6738999999999999
9301,0.6709999999999999
9302,0.6680999999999999
9303,0.6652
9304,0.6623
9305,0.6594
9306,0.6565
9307,0.6536
9308,0.6507
9309,0.6477999999999999
9310,0.6448999999999999
9311,0.6419999999999999
9312,0.6391
9313,0.6362
9314,0.6333
9315,0.6304
9316,0.6275
9317,0.6245999999999999
9318,0.6216999999999999
9319,0.6188
9320,0.6159
9321,0.613
9322,0.6101
9323,0.6072
9324,0.6043
9325,0.6013999999999999
9326,0.5984999999999999
9327,0.5955999999999999
9328,0.5927
9329,0.5898
9330,0.5869
9331,0.584
9332,0.5811
9333,0.5781999999999999
9334,0.5752999999999999
9335,0.5724
9336,0.5694999999999999
9337,0.5666
9338,0.5637
9339,0.5608
9340,0.5579
9341,0.5549999999999999
9342,0.5521
9343,0.5491999999999999
9344,0.5463
9345,0.5434
9346,0.5405
9347,0.5376
9348,0.5347
9349,0.5317999999999999
9350,0.5288999999999999
9351,0.526
9352,0.5230999999999999
9353,0.5202
9354,0.5173
9355,0.5144
9356,0.5115
9357,0.5085999999999999
9358,0.5057
9359,0.5027999999999999
9360,0.49989999999999996
9361,0.497
9362,0.4941
9363,0.49119999999999997
9364,0.48829999999999996
9365,0.48539999999999994
9366,0.4825
9367,0.47959999999999997
9368,0.47669999999999996
9369,0.4738
9370,0.4709
9371,0.46799999999999997
9372,0.46509999999999996
9373,0.46219999999999994
9374,0.6
9375,0.599841
9376,0.5996819999999999
9377,0.599523
9378,0.599364
9379,0.599205
9380,0.599046
9381,0.598887
9382,0.5987279999999999
9383,0.598569
9384,0.59841
9385,0.598251
9386,0.598092
9387,0.5979329999999999
9388,0.597774
9389,0.597615
9390,0.597456
9391,0.597297
9392,0.597138
9393,0.5969789999999999
9394,0.59682
9395,0.596661
9396,0.596502
9397,0.596343
9398,0.5961839999999999
9399,0.596025
9400,0.595866
9401,0.595707
9402,0.595548
9403,0.595389
9404,0.5952299999999999
9405,0.595071
9406,0.594912
9407,0.594753
9408,0.594594
9409,0.5944349999999999
9410,0.594276
9411,0.594117
9412,0.593958
9413,0.593799
9414,0.59364
9415,0.5934809999999999
9416,0.593322
9417,0.593163
9418,0.593004
9419,0.592845
9420,0.5926859999999999
9421,0.592527
9422,0.592368
9423,0.592209
9424,0.59205
9425,0.591891
9426,0.5917319999999999
9427,0.591573
9428,0.591414
9429,0.591255
9430,0.591096
9431,0.5909369999999999
9432,0.590778
9433,0.590619
9434,0.59046
9435,0.590301
9436,0.5901419999999999
9437,0.5899829999999999
9438,0.589824
9439,0.589665
9440,0.589506
9441,0.589347
9442,0.5891879999999999
9443,0.589029
9444,0.58887
9445,0.588711
9446,0.588552
9447,0.5883929999999999
9448,0.5882339999999999
9449,0.588075
9450,0.587916
9451,0.587757
9452,0.587598
9453,0.5874389999999999
9454,0.58728
9455,0.587121
9456,0.586962
9457,0.586803
9458,0.5866439999999999
9459,0.5864849999999999
9460,0.586326
9461,0.586167
9462,0.586008
9463,0.585849
9464,0.5856899999999999
9465,0.585531
9466,0.585372
9467,0.585213
9468,0.585054
9469,0.5848949999999999
9470,0.5847359999999999
9471,0.584577
9472,0.584418
9473,0.584259
9474,0.5841
9475,0.5839409999999999
9476,0.583782
9477,0.583623
9478,0.583464
9479,0.583305
9480,0.5831459999999999
9481,0.5829869999999999
9482,0.582828
9483,0.582669
9484,0.58251
9485,0.582351
9486,0.5821919999999999
9487,0.582033
9488,0.581874
9489,0.581715
9490,0.581556
9491,0.5813969999999999
9492,0.581238
9493,0.581079
9494,0.58092
9495,0.580761
9496,0.580602
9497,0.5804429999999999
9498,0.580284
9499,0.580125
9500,0.579966
9501,0.579807
9502,0.5796479999999999
9503,0.579489
9504,0.57933
9505,0.579171
9506,0.579012
9507,0.578853
9508,0.5786939999999999
9509,0.578535
9510,0.578376
9511,0.578217
9512,0.578058
9513,0.5778989999999999
9514,0.57774
9515,0.577581
9516,0.577422
9517,0.577263
9518,0.577104
9519,0.5769449999999999
9520,0.576786
9521,0.576627
9522,0.576468
9523,0.576309
9524,0.5761499999999999
9525,0.575991
9526,0.575832
9527,0.575673
9528,0.575514
9529,0.575355
9530,0.5751959999999999
9531,0.575037
9532,0.574878
9533,0.5
9534,0.500324
9535,0.500648
9536,0.500972
9537,0.501296
9538,0.50162
9539,0.501944
9540,0.502268
9541,0.502592
9542,0.502916
9543,0.50324
9544,0.503564
9545,0.503888
9546,0.504212
9547,0.504536
9548,0.50486
9549,0.505184
9550,0.505508
9551,0.505832
9552,0.506156
9553,0.50648
9554,0.506804
9555,0.507128
9556,0.507452
9557,0.507776
9558,0.5081
9559,0.508424
9560,0.508748
9561,0.509072
9562,0.509396
9563,0.50972
9564,0.510044
9565,0.510368
9566,0.510692
9567,0.511016
9568,0.51134
9569,0.511664
9570,0.511988
9571,0.512312
9572,0.512636
9573,0.51296
9574,0.513284
9575,0.513608
9576,0.513932
9577,0.514256
9578,0.51458
9579,0.514904
9580,0.515228
9581,0.515552
9582,0.515876
9583,0.5162
9584,0.516524
9585,0.516848
9586,0.517172
9587,0.517496
9588,0.51782
9589,0.518144
9590,0.518468
9591,0.518792
9592,0.519116
9593,0.51944
9594,0.519764
9595,0.520088
9596,0.520412
9597,0.520736
9598,0.52106
9599,0.521384
9600,0.521708
9601,0.522032
9602,0.522356
9603,0.52268
9604,0.523004
9605,0.523328
9606,0.523652
9607,0.523976
9608,0.5243
9609,0.524624
9610,0.524948
9611,0.525272
9612,0.525596
9613,0.52592
9614,0.526244
9615,0.526568
9616,0.526892
9617,0.527216
9618,0.52754
9619,0.527864
9620,0.528188
9621,0.528512
9622,0.528836
9623,0.52916
9624,0.529484
9625,0.5298080000000001
9626,0.530132
9627,0.530456
9628,0.53078
9629,0.531104
9630,0.5
9631,0.5003556
9632,0.5007112
9633,0.5010668
9634,0.5014224
9635,0.501778
9636,0.5021336
9637,0.5024892
9638,0.5028448
9639,0.5032004
9640,0.503556
9641,0.5039116
9642,0.5042672
9643,0.5046228
9644,0.5049784
9645,0.505334
9646,0.5056896
9647,0.5060452
9648,0.5064008
9649,0.5067564
9650,0.507112
9651,0.5074676
9652,0.5078232
9653,0.5081788
9654,0.5085344
9655,0.50889
9656,0.5092456
9657,0.5096012
9658,0.5099568
9659,0.5103124
9660,0.510668
9661,0.5110236
9662,0.5113792
9663,0.5117348
9664,0.5120904
9665,0.512446
9666,0.5128016
9667,0.5131572
9668,0.5135128
9669,0.5138684
9670,0.514224
9671,0.5145796
9672,0.5149352
9673,0.5152908
9674,0.5156464
9675,0.516002
9676,0.5163576
9677,0.5167132
9678,0.5170688
9679,0.5174244
9680,0.51778
9681,0.5181356
9682,0.5184912
9683,0.5188468
9684,0.5192024
9685,0.519558
9686,0.5199136
9687,0.5202692
9688,0.5206248
9689,0.5209804
9690,0.521336
9691,0.5216916
9692,0.5220472
9693,0.5224028000000001
9694,0.5227584
9695,0.523114
9696,0.5234696
9697,0.5238252
9698,0.5241808
9699,0.5245364
9700,0.524892
9701,0.5252476
9702,0.5256032
9703,0.5259588
9704,0.5263144
9705,0.52667
9706,0.5270256
9707,0.5273812
9708,0.5277368
9709,0.5280924
9710,0.528448
9711,0.5288036
9712,0.5291592
9713,0.5295148
9714,0.5298704
9715,0.530226
9716,0.5305816
9717,0.5309372
9718,0.5312928
9719,0.5316484
9720,0.532004
9721,0.5323596
9722,0.5327151999999999
9723,0.5330708
9724,0.5334264
9725,0.533782
9726,0.5341376
9727,0.5344932
9728,0.5348488
9729,0.5352044
9730,0.53556
9731,0.5359156
9732,0.5362712000000001
9733,0.5366268
9734,0.5369824
9735,0.537338
9736,0.5376936
9737,0.5380492
9738,0.5384048
9739,0.5387604
9740,0.539116
9741,0.5394716
9742,0.5398272
9743,0.5401828
9744,0.5405384
9745,0.540894
9746,0.5412496
9747,0.5416052
9748,0.5419608
9749,0.5423164
9750,0.542672
9751,0.5430276
9752,0.5433832
9753,0.5437388
9754,0.5440944
9755,0.54445
9756,0.5448056
9757,0.5451612
9758,0.5455168
9759,0.5458724
9760,0.546228
9761,0.5465836
9762,0.5469392
9763,0.5472948
9764,0.5476504
9765,0.548006
9766,0.5483616
9767,0.5487172
9768,0.5490728
9769,0.5494284
9770,0.549784
9771,0.5501396000000001
9772,0.5504952
9773,0.5508508
9774,0.5512064
9775,0.551562
9776,0.5519176
9777,0.5522732
9778,0.5526288
9779,0.5529844
9780,0.55334
9781,0.5536956
9782,0.5540512
9783,0.5544068
9784,0.5547624
9785,0.555118
9786,0.5554736
9787,0.5558292
9788,0.5561848
9789,0.5565404
9790,0.5568960000000001
9791,0.5572516
9792,0.5576072
9793,0.5579628
9794,0.5583184
9795,0.558674
9796,0.5590296
9797,0.5593852
9798,0.5597408
9799,0.5600964
9800,0.560452
9801,0.5608076
9802,0.5611632
9803,0.5615188
9804,0.5618744
9805,0.56223
9806,0.5625856
9807,0.5629412
9808,0.5
9809,0.5
9810,0.5
9811,0.5
9812,0.5
9813,0.5
9814,0.5
9815,0.5
9816,0.5
9817,0.5
9818,0.5
9819,0.5
9820,0.5
9821,0.5
9822,0.5
9823,0.5
9824,0.5
9825,0.5
9826,0.5
9827,0.5
9828,0.5
9829,0.5
9830,0.5
9831,0.5
9832,0.5
9833,0.5
9834,0.5
9835,0.5
9836,0.5
9837,0.5
9838,0.5
9839,0.5
9840,0.5
9841,0.5
9842,0.5
9843,0.5
9844,0.5
9845,0.5
9846,0.5
9847,0.5
9848,0.5
9849,0.5
9850,0.5
9851,0.5
9852,0.5
9853,0.5
9854,0.5
9855,0.5
9856,0.5
9857,0.5
9858,0.5
9859,0.5
9860,0.5
9861,0.5
9862,0.5
9863,0.5
9864,0.5
9865,0.5
9866,0.5
9867,0.5
9868,0.5
9869,0.5
9870,0.5
9871,0.5
9872,0.5
9873,0.5
9874,0.5
9875,0.5
9876,0.5
9877,0.5
9878,0.5
9879,0.5
9880,0.5
9881,0.5
9882,0.5
9883,0.5
9884,0.5
9885,0.5
9886,0.5
9887,0.5
9888,0.5
9889,0.5
9890,0.5
9891,0.5
9892,0.5
9893,0.5
9894,0.5
9895,0.5
9896,0.5
9897,0.5
9898,0.5
9899,0.5
9900,0.5
9901,0.5
9902,0.5
9903,0.5
9904,0.5
9905,0.5
9906,0.5
9907,0.5
9908,0.5
9909,0.5
9910,0.5
9911,0.5
9912,0.5
9913,0.5
9914,0.5
9915,0.5
9916,0.5
9917,0.5
9918,0.5
9919,0.5
9920,0.5
9921,0.5
9922,0.5
9923,0.5
9924,0.5
9925,0.5
9926,0.5
9927,0.5
9928,0.5
9929,0.5
9930,0.5
9931,0.5
9932,0.5
9933,0.5
9934,0.5
9935,0.5
9936,0.5
9937,0.5
9938,0.5
9939,0.5
9940,0.5
9941,0.5
9942,0.5
9943,0.5
9944,0.5
9945,0.5
9946,0.5
9947,0.5
9948,0.5
9949,0.5
9950,0.5
9951,0.5
9952,0.5
9953,0.5
9954,0.5
9955,0.5
9956,0.5
9957,0.5
9958,0.5
9959,0.5
9960,0.5
9961,0.5
9962,0.5
9963,0.5
9964,0.5
9965,0.5
9966,0.5
9967,0.5
9968,0.5
9969,0.5
9970,0.5
9971,0.5
9972,0.5
9973,0.5
9974,0.5
9975,0.5
9976,0.5
9977,0.5
9978,0.5
9979,0.5
9980,0.5
9981,0.5
9982,0.5
9983,0.5
9984,0.5
9985,0.5
9986,0.5
9987,0.5
9988,0.5
9989,0.5
9990,0.5
9991,0.5
9992,0.5
9993,0.5
9994,0.5
9995,0.5
9996,0.5
9997,0.5
9998,0.5
9999,0.5
10000,0.5
10001,0.5
10002,0.5
10003,0.5
10004,0.5
10005,0.5
10006,0.5
10007,0.5
10008,0.5
10009,0.5
10010,0.5
10011,0.5
10012,0.5
10013,0.5
10014,0.5
10015,0.5
10016,0.5
10017,0.5
10018,0.5
10019,0.5
10020,0.5
10021,0.5
10022,0.5
10023,0.5
10024,0.5
10025,0.5
10026,0.5
10027,0.5
10028,0.5
10029,0.5
10030,0.5
10031,0.5
10032,0.5
10033,0.5
10034,0.5
10035,0.5
10036,0.5
10037,0.5
10038,0.5
10039,0.5
10040,0.5
10041,0.5
10042,0.5
10043,0.5
10044,0.5
10045,0.5
10046,0.5
10047,0.5
10048,0.5
10049,0.5
10050,0.5
10051,0.5
10052,0.5
10053,0.5
10054,0.5
10055,0.5
10056,0.5
10057,0.5
10058,0.5
10059,0.5
10060,0.5
10061,0.5
10062,0.5
10063,0.5
10064,0.5
10065,0.5
10066,0.5
10067,0.5
10068,0.5
10069,0.5
10070,0.5
10071,0.5
10072,0.5
10073,0.5
10074,0.5
10075,0.5
10076,0.5
10077,0.5
10078,0.5
10079,0.5
10080,0.5
10081,0.5
10082,0.5
10083,0.5
10084,0.5
10085,0.5
10086,0.5
10087,0.5
10088,0.5
10089,0.5
10090,0.5
10091,0.5
10092,0.5
10093,0.5
10094,0.5
10095,0.5
10096,0.5
10097,0.5
10098,0.5
10099,0.5
10100,0.5
10101,0.5
10102,0.5
10103,0.5
10104,0.5
10105,0.5
10106,0.5
10107,0.5
10108,0.5
10109,0.5
10110,0.5
10111,0.5
10112,0.5
10113,0.5
10114,0.5
10115,0.5
10116,0.5
10117,0.5
10118,0.5
10119,0.5
10120,0.5
10121,0.5
10122,0.5
10123,0.5
10124,0.5
10125,0.5
10126,0.5
10127,0.5
10128,0.5
10129,0.5
10130,0.5
10131,0.5
10132,0.5
10133,0.5
10134,0.5
10135,0.5
10136,0.5
10137,0.5
10138,0.5
10139,0.5
10140,0.5
10141,0.5
10142,0.5
10143,0.5
10144,0.5
10145,0.5
10146,0.5
10147,0.5
10148,0.5
10149,0.5
10150,0.5
10151,0.5
10152,0.5
10153,0.5
10154,0.5
10155,0.5
10156,0.5
10157,0.5
10158,0.5
10159,0.5
10160,0.5
10161,0.5
10162,0.5
10163,0.5
10164,0.5
10165,0.5
10166,0.5
10167,0.5
10168,0.5
10169,0.5
10170,0.5
10171,0.5
10172,0.5
10173,0.5
10174,0.5
10175,0.5
10176,0.5
10177,0.5
10178,0.5
10179,0.5
10180,0.5
10181,0.5
10182,0.5
10183,0.5
10184,0.5
10185,0.5
10186,0.5
10187,0.5
10188,0.5
10189,0.5
10190,0.5
10191,0.5
10192,0.5
10193,0.5
10194,0.5
10195,0.5
10196,0.5
10197,0.5
10198,0.5
10199,0.5
10200,0.5
10201,0.5
10202,0.5
10203,0.5
10204,0.5
10205,0.5
10206,0.5
10207,0.5
10208,0.5
10209,0.5
10210,0.5
10211,0.5
10212,0.5
10213,0.5
10214,0.5
10215,0.5
10216,0.5
10217,0.5
10218,0.5
10219,0.5
10220,0.5
10221,0.5
10222,0.5
10223,0.5
10224,0.5
10225,0.5
10226,0.5
10227,0.5
10228,0.5
10229,0.5
10230,0.5
10231,0.5
10232,0.5
10233,0.5
10234,0.5
10235,0.5
10236,0.5
10237,0.5
10238,0.5
10239,0.5
10240,0.5
10241,0.5
10242,0.5
10243,0.5
10244,0.5
10245,0.5
10246,0.5
10247,0.5
10248,0.5
10249,0.5
10250,0.3
10251,0.30244699999999997
10252,0.304894
10253,0.307341
10254,0.309788
10255,0.312235
10256,0.314682
10257,0.317129
10258,0.31957599999999997
10259,0.322023
10260,0.32447
10261,0.326917
10262,0.329364
10263,0.33181099999999997
10264,0.334258
10265,0.336705
10266,0.339152
10267,0.341599
10268,0.34404599999999996
10269,0.346493
10270,0.34894
10271,0.351387
10272,0.353834
10273,0.35628099999999996
10274,0.358728
10275,0.36117499999999997
10276,0.363622
10277,0.366069
10278,0.36851599999999995
10279,0.370963
10280,0.37341
10281,0.375857
10282,0.378304
10283,0.380751
10284,0.383198
10285,0.385645
10286,0.388092
10287,0.39053899999999997
10288,0.392986
10289,0.395433
10290,0.39788
10291,0.400327
10292,0.40277399999999997
10293,0.405221
10294,0.407668
10295,0.410115
10296,0.412562
10297,0.41500899999999996
10298,0.417456
10299,0.41990299999999997
10300,0.42235
10301,0.424797
10302,0.42724399999999996
10303,0.429691
10304,0.432138
10305,0.434585
10306,0.437032
10307,0.43947899999999995
10308,0.441926
10309,0.444373
10310,0.44682
10311,0.44926699999999997
10312,0.45171399999999995
10313,0.454161
10314,0.456608
10315,0.459055
10316,0.46150199999999997
10317,0.46394899999999994
10318,0.466396
10319,0.468843
10320,0.47129
10321,0.47373699999999996
10322,0.476184
10323,0.478631
10324,0.481078
10325,0.483525
10326,0.48597199999999996
10327,0.488419
10328,0.490866
10329,0.493313
10330,0.49576
10331,0.49820699999999996
10332,0.5006539999999999
10333,0.503101
10334,0.505548
10335,0.507995
10336,0.510442
10337,0.5128889999999999
10338,0.515336
10339,0.517783
10340,0.52023
10341,0.522677
10342,0.5251239999999999
10343,0.527571
10344,0.530018
10345,0.532465
10346,0.534912
10347,0.5373589999999999
10348,0.539806
10349,0.542253
10350,0.5447
10351,0.547147
10352,0.5495939999999999
10353,0.5
10354,0.4997651
10355,0.4995302
10356,0.4992953
10357,0.4990604
10358,0.4988255
10359,0.4985906
10360,0.4983557
10361,0.4981208
10362,0.4978859
10363,0.497651
10364,0.4974161
10365,0.4971812
10366,0.4969463
10367,0.4967114
10368,0.4964765
10369,0.4962416
10370,0.4960067
10371,0.4957718
10372,0.4955369
10373,0.495302
10374,0.4950671
10375,0.4948322
10376,0.4945973
10377,0.4943624
10378,0.4941275
10379,0.4938926
10380,0.4936577
10381,0.4934228
10382,0.4931879
10383,0.492953
10384,0.4927181
10385,0.4924832
10386,0.4922483
10387,0.4920134
10388,0.4917785
10389,0.4915436
10390,0.4913087
10391,0.4910738
10392,0.4908389
10393,0.490604
10394,0.4903691
10395,0.4901342
10396,0.4898993
10397,0.4896644
10398,0.4894295
10399,0.4891946
10400,0.4889597
10401,0.4887248
10402,0.4884899
10403,0.488255
10404,0.4880201
10405,0.4877852
10406,0.4875503
10407,0.4873154
10408,0.4870805
10409,0.4868456
10410,0.4866107
10411,0.4863758
10412,0.4861409
10413,0.485906
10414,0.4856711
10415,0.4854362
10416,0.4852013
10417,0.4849664
10418,0.4847315
10419,0.4844966
10420,0.4842617
10421,0.4840268
10422,0.4837919
10423,0.483557
10424,0.4833221
10425,0.4830872
10426,0.4828523
10427,0.4826174
10428,0.4823825
10429,0.4821476
10430,0.48191269999999997
10431,0.4816778
10432,0.4814429
10433,0.481208
10434,0.4809731
10435,0.4807382
10436,0.4805033
10437,0.4802684
10438,0.4800335
10439,0.4797986
10440,0.4795637
10441,0.4793288
10442,0.4790939
10443,0.478859
10444,0.4786241
10445,0.4783892
10446,0.4781543
10447,0.4779194
10448,0.4776845
10449,0.47744960000000003
10450,0.4772147
10451,0.4769798
10452,0.4767449
10453,0.47651
10454,0.4762751
10455,0.4760402
10456,0.4758053
10457,0.4755704
10458,0.4753355
10459,0.4751006
10460,0.4748657
10461,0.4746308
10462,0.4743959
10463,0.474161
10464,0.4739261
10465,0.4736912
10466,0.4734563
10467,0.4732214
10468,0.4729865
10469,0.4727516
10470,0.4725167
10471,0.4722818
10472,0.4720469
10473,0.471812
10474,0.4715771
10475,0.4713422
10476,0.4711073
10477,0.4708724
10478,0.4706375
10479,0.4704026
10480,0.4701677
10481,0.4699328
10482,0.4696979
10483,0.469463
10484,0.4692281
10485,0.4689932
10486,0.4687583
10487,0.4685234
10488,0.4682885
10489,0.4680536
10490,0.46781870000000003
10491,0.4675838
10492,0.4673489
10493,0.46711400000000003
10494,0.4668791
10495,0.4666442
10496,0.4664093
10497,0.4661744
10498,0.4659395
10499,0.4657046
10500,0.4654697
10501,0.4652348
10502,0.4649999
10503,0.464765
10504,0.4645301
10505,0.4642952
10506,0.4640603
10507,0.4638254
10508,0.4635905
10509,0.4633556
10510,0.4631207
10511,0.4628858
10512,0.4626509
10513,0.462416
10514,0.4621811
10515,0.4619462
10516,0.4617113
10517,0.4614764
10518,0.46124149999999997
10519,0.4610066
10520,0.4607717
10521,0.4605368
10522,0.4603019
10523,0.460067
10524,0.4598321
10525,0.4595972
10526,0.4593623
10527,0.4591274
10528,0.4588925
10529,0.4586576
10530,0.4584227
10531,0.4581878
10532,0.4579529
10533,0.457718
10534,0.45748310000000003
10535,0.4572482
10536,0.4570133
10537,0.45677840000000003
10538,0.4565435
10539,0.4563086
10540,0.4560737
10541,0.4558388
10542,0.4556039
10543,0.455369
10544,0.4551341
10545,0.4548992
10546,0.4546643
10547,0.4544294
10548,0.4541945
10549,0.4539596
10550,0.4537247
10551,0.4534898
10552,0.4532549
10553,0.45302
10554,0.4527851
10555,0.4525502
10556,0.4523153
10557,0.4520804
10558,0.4518455
10559,0.4516106
10560,0.4513757
10561,0.4511408
10562,0.4509059
10563,0.450671
10564,0.4504361
10565,0.4502012
10566,0.4499663
10567,0.4497314
10568,0.4494965
10569,0.4492616
10570,0.4490267
10571,0.4487918
10572,0.4485569
10573,0.448322
10574,0.4480871
10575,0.4478522
10576,0.4476173
10577,0.4473824
10578,0.44714750000000003
10579,0.4469126
10580,0.4466777
10581,0.44644280000000003
10582,0.4462079
10583,0.445973
10584,0.4457381
10585,0.4455032
10586,0.4452683
10587,0.4450334
10588,0.4447985
10589,0.4445636
10590,0.4443287
10591,0.4440938
10592,0.4438589
10593,0.443624
10594,0.4433891
10595,0.4431542
10596,0.4429193
10597,0.4426844
10598,0.4424495
10599,0.4422146
10600,0.4419797
10601,0.4417448
10602,0.4415099
10603,0.441275
10604,0.4410401
10605,0.4408052
10606,0.4405703
10607,0.4403354
10608,0.4401005
10609,0.4398656
10610,0.4396307
10611,0.4393958
10612,0.4391609
10613,0.438926
10614,0.4386911
10615,0.4384562
10616,0.4382213
10617,0.4379864
10618,0.4377515
10619,0.43751660000000003
10620,0.4372817
10621,0.4370468
10622,0.43681190000000003
10623,0.436577
10624,0.4363421
10625,0.43610720000000003
10626,0.4358723
10627,0.4356374
10628,0.4354025
10629,0.4351676
10630,0.4349327
10631,0.4346978
10632,0.4344629
10633,0.434228
10634,0.4339931
10635,0.4337582
10636,0.4335233
10637,0.4332884
10638,0.4330535
10639,0.4328186
10640,0.4325837
10641,0.4323488
10642,0.4321139
10643,0.431879
10644,0.4316441
10645,0.4314092
10646,0.4311743
10647,0.4309394
10648,0.4307045
10649,0.4304696
10650,0.43023469999999997
10651,0.4299998
10652,0.4297649
10653,0.42953
10654,0.4292951
10655,0.4290602
10656,0.4288253
10657,0.4285904
10658,0.4283555
10659,0.4281206
10660,0.42788570000000004
10661,0.4276508
10662,0.4274159
10663,0.42718100000000003
10664,0.4269461
10665,0.4267112
10666,0.42647630000000003
10667,0.4262414
10668,0.4260065
10669,0.42577160000000003
10670,0.4255367
10671,0.6
10672,0.5992609999999999
10673,0.598522
10674,0.597783
10675,0.597044
10676,0.596305
10677,0.5955659999999999
10678,0.594827
10679,0.594088
10680,0.593349
10681,0.59261
10682,0.5918709999999999
10683,0.591132
10684,0.590393
10685,0.589654
10686,0.588915
10687,0.588176
10688,0.587437
10689,0.5866979999999999
10690,0.585959
10691,0.58522
10692,0.584481
10693,0.583742
10694,0.5830029999999999
10695,0.582264
10696,0.581525
10697,0.580786
10698,0.580047
10699,0.5793079999999999
10700,0.578569
10701,0.57783
10702,0.577091
10703,0.576352
10704,0.5756129999999999
10705,0.574874
10706,0.574135
10707,0.573396
10708,0.572657
10709,0.5719179999999999
10710,0.571179
10711,0.57044
10712,0.569701
10713,0.568962
10714,0.5682229999999999
10715,0.567484
10716,0.5667449999999999
10717,0.566006
10718,0.565267
10719,0.564528
10720,0.563789
10721,0.5630499999999999
10722,0.562311
10723,0.561572
10724,0.560833
10725,0.560094
10726,0.5593549999999999
10727,0.558616
10728,0.557877
10729,0.557138
10730,0.556399
10731,0.5556599999999999
10732,0.554921
10733,0.554182
10734,0.553443
10735,0.552704
10736,0.551965
10737,0.551226
10738,0.550487
10739,0.549748
10740,0.549009
10741,0.54827
10742,0.547531
10743,0.546792
10744,0.546053
10745,0.545314
10746,0.544575
10747,0.543836
10748,0.5430969999999999
10749,0.542358
10750,0.541619
10751,0.54088
10752,0.540141
10753,0.5394019999999999
10754,0.538663
10755,0.537924
10756,0.537185
10757,0.536446
10758,0.5357069999999999
10759,0.534968
10760,0.534229
10761,0.53349
10762,0.532751
10763,0.5320119999999999
10764,0.531273
10765,0.530534
10766,0.529795
10767,0.529056
10768,0.5283169999999999
10769,0.527578
10770,0.526839
10771,0.5261
10772,0.525361
10773,0.5246219999999999
10774,0.523883
10775,0.5231439999999999
10776,0.522405
10777,0.521666
10778,0.520927
10779,0.520188
10780,0.5194489999999999
10781,0.51871
10782,0.517971
10783,0.517232
10784,0.516493
10785,0.5157539999999999
10786,0.515015
10787,0.514276
10788,0.513537
10789,0.512798
10790,0.512059
10791,0.51132
10792,0.510581
10793,0.509842
10794,0.509103
10795,0.508364
10796,0.507625
10797,0.506886
10798,0.506147
10799,0.505408
10800,0.504669
10801,0.50393
10802,0.5031909999999999
10803,0.502452
10804,0.501713
10805,0.500974
10806,0.500235
10807,0.499496
10808,0.498757
10809,0.49801799999999996
10810,0.49727899999999997
10811,0.49654
10812,0.495801
10813,0.495062
10814,0.49432299999999996
10815,0.49358399999999997
10816,0.492845
10817,0.492106
10818,0.491367
10819,0.49062799999999995
10820,0.48988899999999996
10821,0.48915
10822,0.488411
10823,0.487672
10824,0.48693299999999995
10825,0.486194
10826,0.48545499999999997
10827,0.484716
10828,0.483977
10829,0.483238
10830,0.482499
10831,0.48175999999999997
10832,0.481021
10833,0.480282
10834,0.479543
10835,0.478804
10836,0.47806499999999996
10837,0.477326
10838,0.476587
10839,0.475848
10840,0.475109
10841,0.47436999999999996
10842,0.473631
10843,0.472892
10844,0.472153
10845,0.471414
10846,0.47067499999999995
10847,0.469936
10848,0.469197
10849,0.468458
10850,0.467719
10851,0.46697999999999995
10852,0.466241
10853,0.46550199999999997
10854,0.464763
10855,0.464024
10856,0.46328499999999995
10857,0.462546
10858,0.46180699999999997
10859,0.461068
10860,0.460329
10861,0.45958999999999994
10862,0.458851
10863,0.45811199999999996
10864,0.457373
10865,0.456634
10866,0.455895
10867,0.455156
10868,0.45441699999999996
10869,0.453678
10870,0.452939
10871,0.4522
10872,0.451461
10873,0.45072199999999996
10874,0.449983
10875,0.449244
10876,0.448505
10877,0.447766
10878,0.44702699999999995
10879,0.446288
10880,0.445549
10881,0.44481
10882,0.444071
10883,0.44333199999999995
10884,0.442593
10885,0.44185399999999997
10886,0.441115
10887,0.440376
10888,0.43963699999999994
10889,0.438898
10890,0.43815899999999997
10891,0.43742
10892,0.436681
10893,0.435942
10894,0.435203
10895,0.43446399999999996
10896,0.433725
10897,0.432986
10898,0.432247
10899,0.431508
10900,0.43076899999999996
10901,0.43003
10902,0.429291
10903,0.428552
10904,0.427813
10905,0.42707399999999995
10906,0.426335
10907,0.425596
10908,0.424857
10909,0.424118
10910,0.42337899999999995
10911,0.42264
10912,0.42190099999999997
10913,0.421162
10914,0.420423
10915,0.41968399999999995
10916,0.418945
10917,0.41820599999999997
10918,0.417467
10919,0.416728
10920,0.415989
10921,0.41525
10922,0.41451099999999996
10923,0.413772
10924,0.413033
10925,0.412294
10926,0.411555
10927,0.41081599999999996
10928,0.410077
10929,0.409338
10930,0.408599
10931,0.40786
10932,0.40712099999999996
10933,0.406382
10934,0.6
10935,0.599623
10936,0.599246
10937,0.598869
10938,0.598492
10939,0.598115
10940,0.597738
10941,0.597361
10942,0.596984
10943,0.596607
10944,0.5962299999999999
10945,0.595853
10946,0.595476
10947,0.5950989999999999
10948,0.594722
10949,0.594345
10950,0.5939679999999999
10951,0.593591
10952,0.593214
10953,0.592837
10954,0.59246
10955,0.592083
10956,0.591706
10957,0.591329
10958,0.5909519999999999
10959,0.590575
10960,0.590198
10961,0.5898209999999999
10962,0.589444
10963,0.589067
10964,0.5886899999999999
10965,0.588313
10966,0.587936
10967,0.5875589999999999
10968,0.587182
10969,0.586805
10970,0.586428
10971,0.586051
10972,0.585674
10973,0.585297
10974,0.58492
10975,0.5845429999999999
10976,0.584166
10977,0.583789
10978,0.5834119999999999
10979,0.583035
10980,0.582658
10981,0.5822809999999999
10982,0.581904
10983,0.581527
10984,0.5811499999999999
10985,0.580773
10986,0.580396
10987,0.580019
10988,0.579642
10989,0.579265
10990,0.578888
10991,0.578511
10992,0.5781339999999999
10993,0.577757
10994,0.57738
10995,0.5770029999999999
10996,0.576626
10997,0.576249
10998,0.5758719999999999
10999,0.575495
11000,0.575118
11001,0.574741
11002,0.574364
11003,0.573987
11004,0.57361
11005,0.573233
11006,0.572856
11007,0.572479
11008,0.572102
11009,0.5717249999999999
11010,0.571348
11011,0.570971
11012,0.5705939999999999
11013,0.570217
11014,0.56984
11015,0.5694629999999999
11016,0.569086
11017,0.568709
11018,0.568332
11019,0.567955
11020,0.567578
11021,0.567201
11022,0.566824
11023,0.5664469999999999
11024,0.56607
11025,0.565693
11026,0.5653159999999999
11027,0.564939
11028,0.564562
11029,0.5641849999999999
11030,0.563808
11031,0.563431
11032,0.5630539999999999
11033,0.562677
11034,0.5623
11035,0.561923
11036,0.561546
11037,0.561169
11038,0.560792
11039,0.560415
11040,0.560038
11041,0.559661
11042,0.559284
11043,0.5589069999999999
11044,0.55853
11045,0.558153
11046,0.5577759999999999
11047,0.557399
11048,0.557022
11049,0.556645
11050,0.556268
11051,0.555891
11052,0.555514
11053,0.555137
11054,0.5547599999999999
11055,0.554383
11056,0.554006
11057,0.5536289999999999
11058,0.553252
11059,0.552875
11060,0.5524979999999999
11061,0.552121
11062,0.551744
11063,0.5513669999999999
11064,0.55099
11065,0.550613
11066,0.550236
11067,0.549859
11068,0.549482
11069,0.549105
11070,0.548728
11071,0.548351
11072,0.547974
11073,0.547597
11074,0.5472199999999999
11075,0.546843
11076,0.546466
11077,0.5460889999999999
11078,0.545712
11079,0.545335
11080,0.5449579999999999
11081,0.544581
11082,0.544204
11083,0.543827
11084,0.54345
11085,0.543073
11086,0.542696
11087,0.542319
11088,0.5419419999999999
11089,0.541565
11090,0.541188
11091,0.5408109999999999
11092,0.540434
11093,0.540057
11094,0.5396799999999999
11095,0.539303
11096,0.538926
11097,0.5385489999999999
11098,0.538172
11099,0.537795
11100,0.537418
11101,0.537041
11102,0.536664
11103,0.536287
11104,0.53591
11105,0.535533
11106,0.535156
11107,0.534779
11108,0.5344019999999999
11109,0.534025
11110,0.533648
11111,0.5332709999999999
11112,0.532894
11113,0.532517
11114,0.53214
11115,0.531763
11116,0.531386
11117,0.531009
11118,0.530632
11119,0.5302549999999999
11120,0.529878
11121,0.529501
11122,0.5291239999999999
11123,0.528747
11124,0.52837
11125,0.5279929999999999
11126,0.527616
11127,0.527239
11128,0.5268619999999999
11129,0.526485
11130,0.526108
11131,0.525731
11132,0.525354
11133,0.524977
11134,0.5246
11135,0.524223
11136,0.523846
11137,0.523469
11138,0.523092
11139,0.5227149999999999
11140,0.522338
11141,0.521961
11142,0.5215839999999999
11143,0.521207
11144,0.52083
11145,0.5204529999999999
11146,0.520076
11147,0.519699
11148,0.519322
11149,0.518945
11150,0.5185679999999999
11151,0.518191
11152,0.517814
11153,0.5174369999999999
11154,0.51706
11155,0.516683
11156,0.5163059999999999
11157,0.515929
11158,0.515552
11159,0.5151749999999999
11160,0.514798
11161,0.514421
11162,0.514044
11163,0.513667
11164,0.51329
11165,0.512913
11166,0.512536
11167,0.512159
11168,0.511782
11169,0.511405
11170,0.511028
11171,0.510651
11172,0.510274
11173,0.5098969999999999
11174,0.50952
11175,0.509143
11176,0.5087659999999999
11177,0.508389
11178,0.508012
11179,0.507635
11180,0.507258
11181,0.5068809999999999
11182,0.506504
11183,0.506127
11184,0.5057499999999999
11185,0.505373
11186,0.504996
11187,0.5046189999999999
11188,0.504242
11189,0.503865
11190,0.5034879999999999
11191,0.503111
11192,0.502734
11193,0.5023569999999999
11194,0.50198
11195,0.501603
11196,0.501226
11197,0.500849
11198,0.500472
11199,0.500095
11200,0.499718
11201,0.499341
11202,0.49896399999999996
11203,0.498587
11204,0.49821
11205,0.49783299999999997
11206,0.497456
11207,0.497079
11208,0.496702
11209,0.49632499999999996
11210,0.49594799999999994
11211,0.495571
11212,0.49519399999999997
11213,0.49481699999999995
11214,0.49444
11215,0.494063
11216,0.49368599999999996
11217,0.493309
11218,0.492932
11219,0.49255499999999997
11220,0.492178
11221,0.491801
11222,0.49142399999999997
11223,0.491047
11224,0.49067
11225,0.490293
11226,0.48991599999999996
11227,0.48953899999999995
11228,0.6
11229,0.5990056
11230,0.5980112
11231,0.5970168
11232,0.5960224
11233,0.595028
11234,0.5940335999999999
11235,0.5930392
11236,0.5920447999999999
11237,0.5910504
11238,0.590056
11239,0.5890616
11240,0.5880672
11241,0.5870728
11242,0.5860784
11243,0.5850839999999999
11244,0.5840896
11245,0.5830951999999999
11246,0.5821008
11247,0.5811064
11248,0.580112
11249,0.5791176
11250,0.5781232
11251,0.5771288
11252,0.5761343999999999
11253,0.57514
11254,0.5741455999999999
11255,0.5731512
11256,0.5721568
11257,0.5711624
11258,0.570168
11259,0.5691736
11260,0.5681792
11261,0.5671847999999999
11262,0.5661904
11263,0.565196
11264,0.5642016
11265,0.5632072
11266,0.5622128
11267,0.5612184
11268,0.5602239999999999
11269,0.5592296
11270,0.5582351999999999
11271,0.5572408
11272,0.5562464
11273,0.555252
11274,0.5542576
11275,0.5532632
11276,0.5522688
11277,0.5512743999999999
11278,0.55028
11279,0.5492855999999999
11280,0.5482912
11281,0.5472968
11282,0.5463024
11283,0.545308
11284,0.5443136
11285,0.5433192
11286,0.5423247999999999
11287,0.5413304
11288,0.5403359999999999
11289,0.5393416
11290,0.5383472
11291,0.5373528
11292,0.5363584
11293,0.535364
11294,0.5343696
11295,0.5333751999999999
11296,0.5323808
11297,0.5313863999999999
11298,0.530392
11299,0.5293976
11300,0.5284032
11301,0.5274088
11302,0.5264144
11303,0.52542
11304,0.5244255999999999
11305,0.5234312
11306,0.5224367999999999
11307,0.5214424
11308,0.520448
11309,0.5194536
11310,0.5184592
11311,0.5174648
11312,0.5164704
11313,0.5154759999999999
11314,0.5144816
11315,0.5134871999999999
11316,0.5124928
11317,0.5114984
11318,0.510504
11319,0.5095096
11320,0.5085152
11321,0.5075208
11322,0.5065263999999999
11323,0.505532
11324,0.5045375999999999
11325,0.5035432
11326,0.5025488
11327,0.5015544
11328,0.50056
11329,0.49956559999999994
11330,0.4985712
11331,0.4975768
11332,0.4965824
11333,0.495588
11334,0.49459359999999997
11335,0.49359919999999996
11336,0.49260479999999995
11337,0.49161039999999995
11338,0.49061599999999994
11339,0.4896216
11340,0.4886272
11341,0.4876328
11342,0.48663839999999997
11343,0.48564399999999996
11344,0.48464959999999996
11345,0.48365519999999995
11346,0.48266079999999995
11347,0.48166639999999994
11348,0.480672
11349,0.4796776
11350,0.4786832
11351,0.47768879999999997
11352,0.47669439999999996
11353,0.47569999999999996
11354,0.47470559999999995
11355,0.4737112
11356,0.47271679999999994
11357,0.4717224
11358,0.4707279999999999
11359,0.4697336
11360,0.46873919999999997
11361,0.46774479999999996
11362,0.46675039999999995
11363,0.46575599999999995
11364,0.4647616
11365,0.46376719999999994
11366,0.4627728
11367,0.4617783999999999
11368,0.46078399999999997
11369,0.45978959999999996
11370,0.45879519999999996
11371,0.45780079999999995
11372,0.45680639999999995
11373,0.455812
11374,0.45481759999999993
11375,0.4538232
11376,0.4528288
11377,0.45183439999999997
11378,0.45083999999999996
11379,0.44984559999999996
11380,0.44885119999999995
11381,0.44785679999999994
11382,0.4468624
11383,0.44586799999999993
11384,0.4448736
11385,0.4438792
11386,0.44288479999999997
11387,0.44189039999999996
11388,0.44089599999999995
11389,0.43990159999999995
11390,0.43890719999999994
11391,0.4379128
11392,0.43691839999999993
11393,0.435924
11394,0.43492959999999997
11395,0.43393519999999997
11396,0.43294079999999996
11397,0.43194639999999995
11398,0.430952
11399,0.42995759999999994
11400,0.4289632
11401,0.4279687999999999
11402,0.4269744
11403,0.42597999999999997
11404,0.42498559999999996
11405,0.42399119999999996
11406,0.42299679999999995
11407,0.4220024
11408,0.42100799999999994
11409,0.4200136
11410,0.4190191999999999
11411,0.6
11412,0.5980099999999999
11413,0.59602
11414,0.59403
11415,0.59204
11416,0.59005
11417,0.58806
11418,0.58607
11419,0.5840799999999999
11420,0.58209
11421,0.5801
11422,0.57811
11423,0.57612
11424,0.57413
11425,0.57214
11426,0.5701499999999999
11427,0.56816
11428,0.56617
11429,0.56418
11430,0.56219
11431,0.5602
11432,0.55821
11433,0.5562199999999999
11434,0.55423
11435,0.55224
11436,0.55025
11437,0.54826
11438,0.54627
11439,0.54428
11440,0.5422899999999999
11441,0.5403
11442,0.53831
11443,0.53632
11444,0.53433
11445,0.53234
11446,0.53035
11447,0.5283599999999999
11448,0.52637
11449,0.52438
11450,0.52239
11451,0.5204
11452,0.51841
11453,0.51642
11454,0.5144299999999999
11455,0.51244
11456,0.51045
11457,0.50846
11458,0.50647
11459,0.50448
11460,0.50249
11461,0.5005
11462,0.49851
11463,0.49651999999999996
11464,0.49452999999999997
11465,0.49254
11466,0.49055
11467,0.48856
11468,0.48656999999999995
11469,0.48458
11470,0.48258999999999996
11471,0.48059999999999997
11472,0.47861
11473,0.47662
11474,0.47463
11475,0.47263999999999995
11476,0.47065
11477,0.46865999999999997
11478,0.46667
11479,0.46468
11480,0.46269
11481,0.4607
11482,0.45870999999999995
11483,0.45672
11484,0.45472999999999997
11485,0.45274
11486,0.45075
11487,0.44875999999999994
11488,0.44677
11489,0.44477999999999995
11490,0.44279
11491,0.44079999999999997
11492,0.43881
11493,0.43682
11494,0.43482999999999994
11495,0.43284
11496,0.43084999999999996
11497,0.42885999999999996
11498,0.42686999999999997
11499,0.42488
11500,0.42289
11501,0.42089999999999994
11502,0.41891
11503,0.41691999999999996
11504,0.6
11505,0.599523
11506,0.599046
11507,0.598569
11508,0.598092
11509,0.597615
11510,0.597138
11511,0.596661
11512,0.5961839999999999
11513,0.595707
11514,0.5952299999999999
11515,0.594753
11516,0.594276
11517,0.593799
11518,0.593322
11519,0.592845
11520,0.592368
11521,0.591891
11522,0.591414
11523,0.5909369999999999
11524,0.59046
11525,0.5899829999999999
11526,0.589506
11527,0.589029
11528,0.588552
11529,0.588075
11530,0.587598
11531,0.587121
11532,0.5866439999999999
11533,0.586167
11534,0.5856899999999999
11535,0.585213
11536,0.5847359999999999
11537,0.584259
11538,0.583782
11539,0.583305
11540,0.582828
11541,0.582351
11542,0.581874
11543,0.5813969999999999
11544,0.58092
11545,0.5804429999999999
11546,0.579966
11547,0.5794889999999999
11548,0.579012
11549,0.578535
11550,0.578058
11551,0.577581
11552,0.577104
11553,0.576627
11554,0.5761499999999999
11555,0.575673
11556,0.5751959999999999
11557,0.574719
11558,0.574242
11559,0.573765
11560,0.573288
11561,0.572811
11562,0.572334
11563,0.571857
11564,0.57138
11565,0.5709029999999999
11566,0.570426
11567,0.5699489999999999
11568,0.569472
11569,0.568995
11570,0.568518
11571,0.568041
11572,0.567564
11573,0.567087
11574,0.56661
11575,0.566133
11576,0.5656559999999999
11577,0.565179
11578,0.564702
11579,0.564225
11580,0.563748
11581,0.563271
11582,0.562794
11583,0.562317
11584,0.56184
11585,0.561363
11586,0.560886
11587,0.5604089999999999
11588,0.559932
11589,0.559455
11590,0.558978
11591,0.558501
11592,0.558024
11593,0.557547
11594,0.55707
11595,0.556593
11596,0.5561159999999999
11597,0.555639
11598,0.5551619999999999
11599,0.554685
11600,0.554208
11601,0.553731
11602,0.553254
11603,0.552777
11604,0.5523
11605,0.551823
11606,0.551346
11607,0.5508689999999999
11608,0.550392
11609,0.5499149999999999
11610,0.549438
11611,0.548961
11612,0.548484
11613,0.548007
11614,0.54753
11615,0.547053
11616,0.546576
11617,0.546099
11618,0.5456219999999999
11619,0.545145
11620,0.5446679999999999
11621,0.544191
11622,0.543714
11623,0.543237
11624,0.54276
11625,0.542283
11626,0.541806
11627,0.541329
11628,0.540852
11629,0.5403749999999999
11630,0.539898
11631,0.5394209999999999
11632,0.538944
11633,0.538467
11634,0.53799
11635,0.537513
11636,0.537036
11637,0.536559
11638,0.536082
11639,0.535605
11640,0.5351279999999999
11641,0.534651
11642,0.5341739999999999
11643,0.533697
11644,0.53322
11645,0.532743
11646,0.532266
11647,0.531789
11648,0.531312
11649,0.530835
11650,0.530358
11651,0.5298809999999999
11652,0.529404
11653,0.5289269999999999
11654,0.52845
11655,0.527973
11656,0.527496
11657,0.527019
11658,0.526542
11659,0.526065
11660,0.5255879999999999
11661,0.525111
11662,0.5246339999999999
11663,0.524157
11664,0.5236799999999999
11665,0.523203
11666,0.522726
11667,0.522249
11668,0.521772
11669,0.521295
11670,0.520818
11671,0.5203409999999999
11672,0.519864
11673,0.5193869999999999
11674,0.51891
11675,0.5184329999999999
11676,0.517956
11677,0.517479
11678,0.517002
11679,0.516525
11680,0.516048
11681,0.515571
11682,0.5150939999999999
11683,0.514617
11684,0.51414
11685,0.513663
11686,0.5131859999999999
11687,0.512709
11688,0.512232
11689,0.511755
11690,0.511278
11691,0.510801
11692,0.510324
11693,0.5098469999999999
11694,0.50937
11695,0.508893
11696,0.508416
11697,0.5079389999999999
11698,0.507462
11699,0.506985
11700,0.506508
11701,0.506031
11702,0.505554
11703,0.505077
11704,0.5045999999999999
11705,0.504123
11706,0.503646
11707,0.503169
11708,0.5026919999999999
11709,0.502215
11710,0.501738
11711,0.501261
11712,0.500784
11713,0.500307
11714,0.49983
11715,0.499353
11716,0.498876
11717,0.498399
11718,0.497922
11719,0.49744499999999997
11720,0.49696799999999997
11721,0.49649099999999996
11722,0.49601399999999995
11723,0.495537
11724,0.49505999999999994
11725,0.494583
11726,0.494106
11727,0.493629
11728,0.493152
11729,0.492675
11730,0.49219799999999997
11731,0.49172099999999996
11732,0.491244
11733,0.49076699999999995
11734,0.49029
11735,0.489813
11736,0.489336
11737,0.488859
11738,0.488382
11739,0.487905
11740,0.487428
11741,0.48695099999999997
11742,0.48647399999999996
11743,0.485997
11744,0.48551999999999995
11745,0.485043
11746,0.484566
11747,0.484089
11748,0.483612
11749,0.483135
11750,0.482658
11751,0.48218099999999997
11752,0.48170399999999997
11753,0.48122699999999996
11754,0.48075
11755,0.48027299999999995
11756,0.479796
11757,0.479319
11758,0.478842
11759,0.478365
11760,0.477888
11761,0.477411
11762,0.47693399999999997
11763,0.47645699999999996
11764,0.47597999999999996
11765,0.475503
11766,0.47502599999999995
11767,0.474549
11768,0.474072
11769,0.473595
11770,0.473118
11771,0.472641
11772,0.472164
11773,0.47168699999999997
11774,0.47121
11775,0.47073299999999996
11776,0.470256
11777,0.46977899999999995
11778,0.469302
11779,0.468825
11780,0.468348
11781,0.467871
11782,0.467394
11783,0.46691699999999997
11784,0.46643999999999997
11785,0.465963
11786,0.46548599999999996
11787,0.465009
11788,0.46453199999999994
11789,0.464055
11790,0.6
11791,0.59954801
11792,0.59909602
11793,0.59864403
11794,0.5981920399999999
11795,0.59774005
11796,0.59728806
11797,0.5968360699999999
11798,0.59638408
11799,0.59593209
11800,0.5954801
11801,0.59502811
11802,0.5945761199999999
11803,0.59412413
11804,0.59367214
11805,0.59322015
11806,0.59276816
11807,0.59231617
11808,0.59186418
11809,0.59141219
11810,0.5909601999999999
11811,0.59050821
11812,0.59005622
11813,0.58960423
11814,0.58915224
11815,0.5887002499999999
11816,0.58824826
11817,0.58779627
11818,0.5873442799999999
11819,0.58689229
11820,0.5864403
11821,0.58598831
11822,0.58553632
11823,0.5850843299999999
11824,0.58463234
11825,0.58418035
11826,0.58372836
11827,0.58327637
11828,0.58282438
11829,0.58237239
11830,0.5819204
11831,0.5814684099999999
11832,0.58101642
11833,0.58056443
11834,0.58011244
11835,0.57966045
11836,0.5792084599999999
11837,0.57875647
11838,0.57830448
11839,0.5778524899999999
11840,0.5774005
11841,0.57694851
11842,0.57649652
11843,0.57604453
11844,0.5755925399999999
11845,0.57514055
11846,0.57468856
11847,0.57423657
11848,0.57378458
11849,0.57333259
11850,0.5728806
11851,0.57242861
11852,0.5719766199999999
11853,0.57152463
11854,0.57107264
11855,0.57062065
11856,0.57016866
11857,0.5697166699999999
11858,0.56926468
11859,0.56881269
11860,0.5683606999999999
11861,0.56790871
11862,0.56745672
11863,0.56700473
11864,0.56655274
11865,0.5661007499999999
11866,0.56564876
11867,0.56519677
11868,0.56474478
11869,0.56429279
11870,0.5638407999999999
11871,0.56338881
11872,0.56293682
11873,0.5624848299999999
11874,0.56203284
11875,0.56158085
11876,0.56112886
11877,0.56067687
11878,0.56022488
11879,0.55977289
11880,0.5593209
11881,0.5588689099999999
11882,0.55841692
11883,0.55796493
11884,0.55751294
11885,0.55706095
11886,0.5566089599999999
11887,0.55615697
11888,0.55570498
11889,0.55525299
11890,0.554801
11891,0.55434901
11892,0.55389702
11893,0.55344503
11894,0.5529930399999999
11895,0.55254105
11896,0.55208906
11897,0.55163707
11898,0.55118508
11899,0.55073309
11900,0.5502811
11901,0.54982911
11902,0.5493771199999999
11903,0.54892513
11904,0.54847314
11905,0.54802115
11906,0.54756916
11907,0.5471171699999999
11908,0.54666518
11909,0.54621319
11910,0.5457612
11911,0.54530921
11912,0.54485722
11913,0.54440523
11914,0.54395324
11915,0.5435012499999999
11916,0.54304926
11917,0.54259727
11918,0.54214528
11919,0.54169329
11920,0.5412413
11921,0.54078931
11922,0.54033732
11923,0.5398853299999999
11924,0.53943334
11925,0.53898135
11926,0.53852936
11927,0.53807737
11928,0.5376253799999999
11929,0.53717339
11930,0.5367214
11931,0.53626941
11932,0.53581742
11933,0.5353654299999999
11934,0.53491344
11935,0.53446145
11936,0.5340094599999999
11937,0.53355747
11938,0.53310548
11939,0.53265349
11940,0.5322015
11941,0.53174951
11942,0.53129752
11943,0.53084553
11944,0.5303935399999999
11945,0.52994155
11946,0.52948956
11947,0.52903757
11948,0.52858558
11949,0.5281335899999999
11950,0.5276816
11951,0.52722961
11952,0.52677762
11953,0.52632563
11954,0.5258736399999999
11955,0.52542165
11956,0.52496966
11957,0.5245176699999999
11958,0.52406568
11959,0.52361369
11960,0.5231617
11961,0.52270971
11962,0.52225772
11963,0.52180573
11964,0.52135374
11965,0.5209017499999999
11966,0.52044976
11967,0.51999777
11968,0.51954578
11969,0.51909379
11970,0.5186417999999999
11971,0.51818981
11972,0.51773782
11973,0.51728583
11974,0.51683384
11975,0.5163818499999999
11976,0.51592986
11977,0.51547787
11978,0.5150258799999999
11979,0.51457389
11980,0.5141219
11981,0.51366991
11982,0.51321792
11983,0.51276593
11984,0.51231394
11985,0.51186195
11986,0.5114099599999999
11987,0.51095797
11988,0.51050598
11989,0.51005399
11990,0.509602
11991,0.5091500099999999
11992,0.50869802
11993,0.50824603
11994,0.50779404
11995,0.50734205
11996,0.5068900599999999
11997,0.50643807
11998,0.50598608
11999,0.5055340899999999
12000,0.5050821
12001,0.50463011
12002,0.50417812
12003,0.50372613
12004,0.50327414
12005,0.50282215
12006,0.50237016
12007,0.5019181699999999
12008,0.50146618
12009,0.50101419
12010,0.5005622
12011,0.50011021
12012,0.49965822
12013,0.49920623
12014,0.49875424
12015,0.49830224999999995
12016,0.49785026
12017,0.49739827
12018,0.49694627999999996
12019,0.49649429
12020,0.4960423
12021,0.49559031
12022,0.49513831999999997
12023,0.49468632999999995
12024,0.49423434
12025,0.49378235
12026,0.49333035999999997
12027,0.49287837
12028,0.49242638
12029,0.49197439
12030,0.49152239999999997
12031,0.49107040999999996
12032,0.49061842
12033,0.49016643
12034,0.48971444
12035,0.48926245
12036,0.48881045999999995
12037,0.48835847
12038,0.48790648
12039,0.48745448999999996
12040,0.4870025
12041,0.48655051
12042,0.48609852
12043,0.48564652999999997
12044,0.48519453999999995
12045,0.48474255
12046,0.48429056
12047,0.48383856999999997
12048,0.48338658
12049,0.48293459
12050,0.4824826
12051,0.48203060999999997
12052,0.48157861999999996
12053,0.48112663
12054,0.48067464
12055,0.48022265
12056,0.47977066
12057,0.47931866999999995
12058,0.47886668
12059,0.47841469
12060,0.47796269999999996
12061,0.47751071
12062,0.47705872
12063,0.47660673
12064,0.47615473999999997
12065,0.47570274999999995
12066,0.47525076
12067,0.47479877
12068,0.47434677999999997
12069,0.47389479
12070,0.47344279999999994
12071,0.47299081
12072,0.47253881999999997
12073,0.47208682999999996
12074,0.47163484
12075,0.47118285
12076,0.47073086
12077,0.47027887
12078,0.46982687999999995
12079,0.46937489
12080,0.4689229
12081,0.46847090999999996
12082,0.46801892
12083,0.46756693
12084,0.46711494
12085,0.46666295
12086,0.46621095999999995
12087,0.46575897
12088,0.46530698
12089,0.46485498999999997
12090,0.464403
12091,0.46395100999999994
12092,0.46349902
12093,0.46304702999999997
12094,0.46259503999999996
12095,0.46214305
12096,0.46169106
12097,0.46123907
12098,0.46078708
12099,0.46033508999999995
12100,0.4598831
12101,0.45943111
12102,0.45897911999999996
12103,0.45852713
12104,0.45807514
12105,0.45762315
12106,0.45717116
12107,0.45671916999999995
12108,0.45626718
12109,0.45581519
12110,0.45536319999999997
12111,0.45491121
12112,0.45445921999999994
12113,0.45400723
12114,0.45355523999999997
12115,0.45310324999999996
12116,0.45265126
12117,0.45219927
12118,0.45174728
12119,0.45129529
12120,0.45084329999999995
12121,0.45039131
12122,0.44993932
12123,0.44948732999999996
12124,0.44903534
12125,0.44858335
12126,0.44813136
12127,0.44767937
12128,0.44722737999999995
12129,0.44677539
12130,0.4463234
12131,0.44587140999999997
12132,0.44541942
12133,0.44496742999999994
12134,0.44451544
12135,0.44406344999999997
12136,0.44361145999999996
12137,0.44315947
12138,0.44270748
12139,0.44225549
12140,0.4418035
12141,0.44135150999999995
12142,0.44089952
12143,0.44044753
12144,0.43999553999999996
12145,0.43954355
12146,0.43909156
12147,0.43863957
12148,0.43818758
12149,0.43773558999999995
12150,0.4372836
12151,0.43683161
12152,0.43637961999999997
12153,0.43592763
12154,0.43547563999999994
12155,0.43502365
12156,0.43457165999999997
12157,0.43411966999999996
12158,0.43366768
12159,0.43321569
12160,0.4327637
12161,0.43231171
12162,0.43185971999999995
12163,0.43140773
12164,0.43095574
12165,0.43050374999999996
12166,0.43005176
12167,0.42959977
12168,0.42914778
12169,0.42869579
12170,0.42824379999999995
12171,0.42779181
12172,0.42733982
12173,0.42688782999999997
12174,0.42643584
12175,0.42598384999999994
12176,0.42553186
12177,0.42507986999999997
12178,0.42462787999999996
12179,0.42417589
12180,0.4237239
12181,0.42327191
12182,0.42281992
12183,0.42236792999999995
12184,0.42191594
12185,0.42146395
12186,0.42101195999999996
12187,0.42055997
12188,0.42010798
12189,0.41965599
12190,0.419204
12191,0.41875200999999995
12192,0.41830002
12193,0.41784803
12194,0.41739603999999997
12195,0.41694405
12196,0.41649205999999994
12197,0.41604007
12198,0.41558807999999997
12199,0.41513608999999996
12200,0.4146841
12201,0.41423211
12202,0.41378012
12203,0.41332813
12204,0.41287613999999995
12205,0.41242415
12206,0.41197216
12207,0.41152016999999996
12208,0.41106818
12209,0.41061619
12210,0.4101642
12211,0.40971221
12212,0.40926021999999995
12213,0.40880823
12214,0.40835624
12215,0.40790424999999997
12216,0.40745226
12217,0.40700026999999994
12218,0.40654828
12219,0.40609628999999997
12220,0.40564429999999996
12221,0.40519231
12222,0.40474032
12223,0.40428833
12224,0.40383634
12225,0.40338434999999995
12226,0.40293236
12227,0.40248037
12228,0.40202837999999996
12229,0.40157639
12230,0.4011244
12231,0.40067241
12232,0.40022042
12233,0.39976842999999995
12234,0.39931644
12235,0.39886445
12236,0.39841245999999997
12237,0.39796047
12238,0.39750848
12239,0.39705649
12240,0.39660449999999997
12241,0.39615250999999996
12242,0.39570052
12243,0.39524853
12244,0.39479654
12245,0.39434455
12246,0.5
12247,0.4997651
12248,0.4995302
12249,0.4992953
12250,0.4990604
12251,0.4988255
12252,0.4985906
12253,0.4983557
12254,0.4981208
12255,0.4978859
12256,0.497651
12257,0.4974161
12258,0.4971812
12259,0.4969463
12260,0.4967114
12261,0.4964765
12262,0.4962416
12263,0.4960067
12264,0.4957718
12265,0.4955369
12266,0.495302
12267,0.4950671
12268,0.4948322
12269,0.4945973
12270,0.4943624
12271,0.4941275
12272,0.4938926
12273,0.4936577
12274,0.4934228
12275,0.4931879
12276,0.492953
12277,0.4927181
12278,0.4924832
12279,0.4922483
12280,0.4920134
12281,0.4917785
12282,0.4915436
12283,0.4913087
12284,0.4910738
12285,0.4908389
12286,0.490604
12287,0.4903691
12288,0.4901342
12289,0.4898993
12290,0.4896644
12291,0.4894295
12292,0.4891946
12293,0.4889597
12294,0.4887248
12295,0.4884899
12296,0.488255
12297,0.4880201
12298,0.4877852
12299,0.4875503
12300,0.4873154
12301,0.4870805
12302,0.4868456
12303,0.4866107
12304,0.4863758
12305,0.4861409
12306,0.485906
12307,0.4856711
12308,0.4854362
12309,0.4852013
12310,0.4849664
12311,0.4847315
12312,0.4844966
12313,0.4842617
12314,0.4840268
12315,0.4837919
12316,0.483557
12317,0.4833221
12318,0.4830872
12319,0.4828523
12320,0.4826174
12321,0.4823825
12322,0.4821476
12323,0.48191269999999997
12324,0.4816778
12325,0.4814429
12326,0.481208
12327,0.4809731
12328,0.4807382
12329,0.4805033
12330,0.4802684
12331,0.4800335
12332,0.4797986
12333,0.4795637
12334,0.4793288
12335,0.4790939
12336,0.478859
12337,0.4786241
12338,0.4783892
12339,0.4781543
12340,0.4779194
12341,0.4776845
12342,0.47744960000000003
12343,0.4772147
12344,0.4769798
12345,0.4767449
12346,0.47651
12347,0.4762751
12348,0.4760402
12349,0.4758053
12350,0.4755704
12351,0.4753355
12352,0.4751006
12353,0.4748657
12354,0.4746308
12355,0.4743959
12356,0.474161
12357,0.4739261
12358,0.4736912
12359,0.4734563
12360,0.4732214
12361,0.4729865
12362,0.4727516
12363,0.4725167
12364,0.4722818
12365,0.4720469
12366,0.471812
12367,0.4715771
12368,0.4713422
12369,0.4711073
12370,0.4708724
12371,0.4706375
12372,0.4704026
12373,0.4701677
12374,0.4699328
12375,0.4696979
12376,0.469463
12377,0.4692281
12378,0.4689932
12379,0.4687583
12380,0.4685234
12381,0.4682885
12382,0.4680536
12383,0.46781870000000003
12384,0.4675838
12385,0.4673489
12386,0.46711400000000003
12387,0.4668791
12388,0.4666442
12389,0.4664093
12390,0.4661744
12391,0.4659395
12392,0.4657046
12393,0.4654697
12394,0.4652348
12395,0.4649999
12396,0.464765
12397,0.4645301
12398,0.4642952
12399,0.4640603
12400,0.4638254
12401,0.4635905
12402,0.4633556
12403,0.4631207
12404,0.4628858
12405,0.4626509
12406,0.462416
12407,0.4621811
12408,0.4619462
12409,0.4617113
12410,0.4614764
12411,0.46124149999999997
12412,0.4610066
12413,0.4607717
12414,0.4605368
12415,0.4603019
12416,0.460067
12417,0.4598321
12418,0.4595972
12419,0.4593623
12420,0.4591274
12421,0.4588925
12422,0.4586576
12423,0.4584227
12424,0.4581878
12425,0.5
12426,0.5001174
12427,0.5002348
12428,0.5003522
12429,0.5004696
12430,0.500587
12431,0.5007044
12432,0.5008218
12433,0.5009392
12434,0.5010566
12435,0.501174
12436,0.5012914
12437,0.5014088
12438,0.5015262
12439,0.5016436
12440,0.501761
12441,0.5018784
12442,0.5019958
12443,0.5021132
12444,0.5022306
12445,0.502348
12446,0.5024654
12447,0.5025828
12448,0.5027002
12449,0.5028176
12450,0.502935
12451,0.5030524
12452,0.5031698
12453,0.5032872
12454,0.5034046
12455,0.503522
12456,0.5036394
12457,0.5037568
12458,0.5038742
12459,0.5039916
12460,0.504109
12461,0.5042264
12462,0.5043438
12463,0.5044612
12464,0.5045786
12465,0.504696
12466,0.5048134
12467,0.5049308
12468,0.5050482
12469,0.5051656
12470,0.505283
12471,0.5054004
12472,0.5055178
12473,0.5056352
12474,0.5057526
12475,0.50587
12476,0.5059874
12477,0.5061048
12478,0.5062222
12479,0.5063396
12480,0.506457
12481,0.5065744
12482,0.5066918
12483,0.5068092
12484,0.5069266
12485,0.507044
12486,0.5071614
12487,0.5072788
12488,0.5073962
12489,0.5075136
12490,0.507631
12491,0.5077484
12492,0.5078658
12493,0.5079832
12494,0.5081006
12495,0.508218
12496,0.5083354
12497,0.5084528
12498,0.5085702
12499,0.5086876
12500,0.508805
12501,0.5089224
12502,0.5090398
12503,0.5091572
12504,0.5092746
12505,0.509392
12506,0.5095094
12507,0.5096268
12508,0.5097442
12509,0.5098616
12510,0.509979
12511,0.5100964
12512,0.5102138
12513,0.5103312
12514,0.5104486
12515,0.510566
12516,0.5106834
12517,0.5108007999999999
12518,0.5109182
12519,0.5110356
12520,0.511153
12521,0.5112704
12522,0.5113878
12523,0.5115052
12524,0.5116226
12525,0.51174
12526,0.5118574
12527,0.5119748
12528,0.5120922
12529,0.5122096
12530,0.512327
12531,0.5124444
12532,0.5125618
12533,0.5126792
12534,0.5127966
12535,0.512914
12536,0.5130314
12537,0.5131488
12538,0.5132662
12539,0.5133836
12540,0.513501
12541,0.5136184
12542,0.5137358
12543,0.5138532
12544,0.5139705999999999
12545,0.514088
12546,0.5142054
12547,0.5143228
12548,0.5144402
12549,0.5145576
12550,0.514675
12551,0.5147924
12552,0.5149098
12553,0.5150272
12554,0.5151446
12555,0.515262
12556,0.5153794
12557,0.5154968
12558,0.5156142
12559,0.5157316
12560,0.515849
12561,0.5159664
12562,0.5160838
12563,0.5162012
12564,0.5163186
12565,0.516436
12566,0.5165534
12567,0.5166708
12568,0.5167882
12569,0.5169056
12570,0.517023
12571,0.5171404
12572,0.5172578
12573,0.5173752
12574,0.5174926
12575,0.51761
12576,0.5177274
12577,0.5178448
12578,0.5179622
12579,0.5180796
12580,0.518197
12581,0.5183144
12582,0.5184318
12583,0.5185492
12584,0.5186666
12585,0.518784
12586,0.5189014
12587,0.5190188
12588,0.5191362
12589,0.5192536
12590,0.519371
12591,0.5194884
12592,0.5196058
12593,0.5197232
12594,0.5198406
12595,0.519958
12596,0.5200754
12597,0.5201928
12598,0.5203102
12599,0.5204276
12600,0.520545
12601,0.5206624
12602,0.5207798
12603,0.5208972
12604,0.5210146
12605,0.521132
12606,0.5212494
12607,0.5213668
12608,0.5214842
12609,0.5216016
12610,0.521719
12611,0.5218364
12612,0.5219538
12613,0.5220712
12614,0.5221886
12615,0.522306
12616,0.5224234
12617,0.5225408
12618,0.5226582
12619,0.5227756
12620,0.522893
12621,0.5230104
12622,0.5231278
12623,0.5232452
12624,0.5233626
12625,0.52348
12626,0.5235974
12627,0.5237148
12628,0.5238322
12629,0.5239496
12630,0.524067
12631,0.5241844
12632,0.5243018
12633,0.5244192
12634,0.5245366
12635,0.524654
12636,0.5247714
12637,0.5248888
12638,0.5250062
12639,0.5251236
12640,0.525241
12641,0.5253584
12642,0.5254758
12643,0.5255932
12644,0.5257106
12645,0.525828
12646,0.5259454
12647,0.5260628
12648,0.5261802
12649,0.5262976
12650,0.526415
12651,0.5265324
12652,0.5266498
12653,0.5267672
12654,0.5268846
12655,0.527002
12656,0.5271194
12657,0.5272368
12658,0.5273542
12659,0.5274716
12660,0.527589
12661,0.5277064
12662,0.5278238
12663,0.5279412
12664,0.5280586
12665,0.528176
12666,0.5282934
12667,0.5284108
12668,0.5285282
12669,0.5286456
12670,0.528763
12671,0.5288804
12672,0.5289978
12673,0.5291152
12674,0.5292326
12675,0.52935
12676,0.5294674
12677,0.5295848
12678,0.5297022
12679,0.5298196
12680,0.529937
12681,0.5300544
12682,0.5301718
12683,0.5302892
12684,0.5304066
12685,0.530524
12686,0.5306414
12687,0.5307588
12688,0.5308762
12689,0.5309936
12690,0.531111
12691,0.5312284
12692,0.5313458
12693,0.5314632
12694,0.5315806
12695,0.531698
12696,0.5318154
12697,0.5319328
12698,0.5320502
12699,0.5321676
12700,0.532285
12701,0.5324024
12702,0.5325198
12703,0.5326372
12704,0.5327546
12705,0.532872
12706,0.5329894
12707,0.5331068
12708,0.5332242
12709,0.5333416
12710,0.533459
12711,0.5335764
12712,0.5336938
12713,0.5338112
12714,0.5339286
12715,0.534046
12716,0.5341634
12717,0.5342808
12718,0.5343982
12719,0.5345156
12720,0.534633
12721,0.5347504
12722,0.5348678
12723,0.5349852
12724,0.5351026
12725,0.53522
12726,0.5353374
12727,0.5354548
12728,0.5355722
12729,0.5356896
12730,0.535807
12731,0.5359244
12732,0.5360418
12733,0.5361592
12734,0.5362766
12735,0.536394
12736,0.5365114
12737,0.5366288
12738,0.5367462
12739,0.5368636
12740,0.536981
12741,0.5370984
12742,0.5372158
12743,0.5373332
12744,0.5374506
12745,0.537568
12746,0.5376854
12747,0.5378028
12748,0.5379202
12749,0.5380376
12750,0.538155
12751,0.5382724
12752,0.5383898
12753,0.5385072
12754,0.5386246
12755,0.538742
12756,0.5388594
12757,0.5389768
12758,0.5390942
12759,0.5392116
12760,0.539329
12761,0.5394464
12762,0.5395638
12763,0.5396812
12764,0.5397986
12765,0.539916
12766,0.5400334
12767,0.5401508
12768,0.5402682
12769,0.5403856
12770,0.540503
12771,0.5406204
12772,0.5407378
12773,0.5408552
12774,0.5409726
12775,0.54109
12776,0.5412074
12777,0.5413247999999999
12778,0.5414422
12779,0.5415596
12780,0.541677
12781,0.5417944
12782,0.5419118
12783,0.5420292
12784,0.5421466
12785,0.542264
12786,0.5423814
12787,0.5424988
12788,0.5426162
12789,0.5427336
12790,0.542851
12791,0.5429684
12792,0.5430858
12793,0.5432032
12794,0.5433206
12795,0.543438
12796,0.5435554
12797,0.5436728
12798,0.5437902
12799,0.5439076
12800,0.544025
12801,0.5441424
12802,0.5442598
12803,0.5443772
12804,0.5444945999999999
12805,0.544612
12806,0.5447294
12807,0.5448468
12808,0.5449642
12809,0.5450816
12810,0.545199
12811,0.5453164
12812,0.5454338
12813,0.5455512
12814,0.5456686
12815,0.545786
12816,0.5459034
12817,0.5460208
12818,0.5461382
12819,0.5462556
12820,0.546373
12821,0.5464904
12822,0.5466078
12823,0.5467252
12824,0.5468426
12825,0.54696
12826,0.5470774
12827,0.5471948
12828,0.5473122
12829,0.5474296
12830,0.547547
12831,0.5476643999999999
12832,0.5477818
12833,0.5478992
12834,0.5480166
12835,0.548134
12836,0.5482514
12837,0.5483688
12838,0.5484862
12839,0.5486036
12840,0.548721
12841,0.5488384
12842,0.5489558
12843,0.5490732
12844,0.5491906
12845,0.549308
12846,0.5494254
12847,0.5495428
12848,0.5496602
12849,0.5497776
12850,0.549895
12851,0.5500124
12852,0.5501298
12853,0.5502472
12854,0.5503646
12855,0.550482
12856,0.5505994
12857,0.5507168
12858,0.5508341999999999
12859,0.5509516
12860,0.551069
12861,0.5511864
12862,0.5513038
12863,0.5514212000000001
12864,0.5515386
12865,0.551656
12866,0.5517734
12867,0.5518908
12868,0.5520082
12869,0.5521256
12870,0.552243
12871,0.5523604
12872,0.5524778
12873,0.5525952
12874,0.5527126
12875,0.55283
12876,0.5529474
12877,0.5530648
12878,0.5531822
12879,0.5532996
12880,0.553417
12881,0.5535344
12882,0.5536518
12883,0.5537692
12884,0.5538866
12885,0.5540039999999999
12886,0.5541214
12887,0.5542388
12888,0.5543562
12889,0.5544736
12890,0.5545910000000001
12891,0.5547084
12892,0.5548258
12893,0.5549432
12894,0.5550606
12895,0.555178
12896,0.5552954
12897,0.5554128
12898,0.5555302
12899,0.5556476
12900,0.555765
12901,0.5558824
12902,0.5559998
12903,0.5561172
12904,0.5562346
12905,0.556352
12906,0.5564694
12907,0.5565868
12908,0.5567042
12909,0.5568216
12910,0.556939
12911,0.5570564
12912,0.5571737999999999
12913,0.5572912
12914,0.5574086
12915,0.557526
12916,0.5576434
12917,0.5577608
12918,0.5578782
12919,0.5579956
12920,0.558113
12921,0.5582304
12922,0.5583478
12923,0.5584652
12924,0.5585826
12925,0.5587
12926,0.5588174
12927,0.5589348
12928,0.5590522
12929,0.5591696
12930,0.559287
12931,0.5594044
12932,0.5595218
12933,0.5596392
12934,0.5597566
12935,0.559874
12936,0.5599914
12937,0.4
12938,0.40185610000000005
12939,0.4037122
12940,0.40556830000000005
12941,0.4074244
12942,0.40928050000000005
12943,0.4111366
12944,0.41299270000000005
12945,0.4148488
12946,0.41670490000000004
12947,0.418561
12948,0.42041710000000004
12949,0.4222732
12950,0.42412930000000004
12951,0.4259854
12952,0.42784150000000004
12953,0.4296976
12954,0.43155370000000004
12955,0.4334098
12956,0.43526590000000004
12957,0.437122
12958,0.43897810000000004
12959,0.4408342
12960,0.44269030000000004
12961,0.4445464
12962,0.44640250000000004
12963,0.4482586
12964,0.45011470000000003
12965,0.4519708
12966,0.45382690000000003
12967,0.455683
12968,0.45753910000000003
12969,0.4593952
12970,0.46125130000000003
12971,0.46310740000000006
12972,0.46496350000000003
12973,0.4668196
12974,0.46867570000000003
12975,0.47053180000000006
12976,0.4723879
12977,0.474244
12978,0.4761001
12979,0.47795620000000005
12980,0.4798123
12981,0.4816684
12982,0.4835245
12983,0.48538060000000005
12984,0.4872367
12985,0.4890928
12986,0.4909489
12987,0.49280500000000005
12988,0.4946611
12989,0.4965172
12990,0.4983733
12991,0.5002294
12992,0.5020855000000001
12993,0.5039416
12994,0.5057977
12995,0.5076538
12996,0.5095099000000001
12997,0.511366
12998,0.5132221
12999,0.5150782
13000,0.5169343000000001
13001,0.5187904
13002,0.5206465
13003,0.5225026
13004,0.5243587000000001
13005,0.5262148
13006,0.5280709
13007,0.529927
13008,0.5317831000000001
13009,0.5336392000000001
13010,0.5354953
13011,0.5373514
13012,0.5392075000000001
13013,0.5410636
13014,0.5429197
13015,0.5447758
13016,0.5466319000000001
13017,0.5484880000000001
13018,0.5503441
13019,0.5522002
13020,0.5540563000000001
13021,0.5559124
13022,0.5577685
13023,0.5596246
13024,0.5614807
13025,0.5633368000000001
13026,0.5651929
13027,0.567049
13028,0.5689051
13029,0.5707612
13030,0.5726173
13031,0.5744734
13032,0.5763295
13033,0.5781856000000001
13034,0.5800417
13035,0.5818978
13036,0.5837539
13037,0.58561
13038,0.5874661
13039,0.5893222
13040,0.5911783
13041,0.5930344000000001
13042,0.5948905
13043,0.5967466
13044,0.5986027
13045,0.6004588000000001
13046,0.6023149000000001
13047,0.604171
13048,0.6060271
13049,0.5
13050,0.500379
13051,0.500758
13052,0.501137
13053,0.501516
13054,0.501895
13055,0.502274
13056,0.502653
13057,0.503032
13058,0.503411
13059,0.50379
13060,0.504169
13061,0.504548
13062,0.504927
13063,0.505306
13064,0.505685
13065,0.506064
13066,0.506443
13067,0.506822
13068,0.507201
13069,0.50758
13070,0.507959
13071,0.508338
13072,0.508717
13073,0.509096
13074,0.509475
13075,0.509854
13076,0.510233
13077,0.510612
13078,0.510991
13079,0.51137
13080,0.511749
13081,0.512128
13082,0.512507
13083,0.512886
13084,0.513265
13085,0.513644
13086,0.514023
13087,0.514402
13088,0.514781
13089,0.51516
13090,0.515539
13091,0.515918
13092,0.516297
13093,0.516676
13094,0.517055
13095,0.517434
13096,0.517813
13097,0.518192
13098,0.518571
13099,0.51895
13100,0.519329
13101,0.519708
13102,0.520087
13103,0.520466
13104,0.520845
13105,0.521224
13106,0.521603
13107,0.521982
13108,0.522361
13109,0.52274
13110,0.523119
13111,0.523498
13112,0.523877
13113,0.524256
13114,0.524635
13115,0.525014
13116,0.525393
13117,0.525772
13118,0.526151
13119,0.5265299999999999
13120,0.526909
13121,0.527288
13122,0.527667
13123,0.528046
13124,0.528425
13125,0.528804
13126,0.529183
13127,0.529562
13128,0.529941
13129,0.53032
13130,0.530699
13131,0.531078
13132,0.531457
13133,0.531836
13134,0.532215
13135,0.532594
13136,0.532973
13137,0.533352
13138,0.533731
13139,0.53411
13140,0.534489
13141,0.534868
13142,0.535247
13143,0.535626
13144,0.536005
13145,0.536384
13146,0.536763
13147,0.537142
13148,0.537521
13149,0.5379
13150,0.538279
13151,0.538658
13152,0.539037
13153,0.539416
13154,0.539795
13155,0.540174
13156,0.540553
13157,0.540932
13158,0.541311
13159,0.54169
13160,0.542069
13161,0.542448
13162,0.542827
13163,0.543206
13164,0.543585
13165,0.543964
13166,0.544343
13167,0.544722
13168,0.5451010000000001
13169,0.54548
13170,0.545859
13171,0.546238
13172,0.546617
13173,0.546996
13174,0.547375
13175,0.547754
13176,0.548133
13177,0.548512
13178,0.548891
13179,0.54927
13180,0.549649
13181,0.550028
13182,0.550407
13183,0.550786
13184,0.551165
13185,0.551544
13186,0.5519229999999999
13187,0.552302
13188,0.552681
13189,0.55306
13190,0.553439
13191,0.553818
13192,0.554197
13193,0.554576
13194,0.554955
13195,0.555334
13196,0.555713
13197,0.556092
13198,0.556471
13199,0.55685
13200,0.557229
13201,0.557608
13202,0.557987
13203,0.558366
13204,0.558745
13205,0.559124
13206,0.559503
13207,0.559882
13208,0.560261
13209,0.56064
13210,0.561019
13211,0.561398
13212,0.561777
13213,0.562156
13214,0.562535
13215,0.562914
13216,0.563293
13217,0.563672
13218,0.564051
13219,0.56443
13220,0.564809
13221,0.565188
13222,0.565567
13223,0.5659460000000001
13224,0.566325
13225,0.566704
13226,0.567083
13227,0.567462
13228,0.567841
13229,0.56822
13230,0.568599
13231,0.568978
13232,0.569357
13233,0.569736
13234,0.570115
13235,0.5704940000000001
13236,0.570873
13237,0.571252
13238,0.571631
13239,0.57201
13240,0.572389
13241,0.5727679999999999
13242,0.573147
13243,0.573526
13244,0.573905
13245,0.574284
13246,0.574663
13247,0.575042
13248,0.575421
13249,0.5758
13250,0.576179
13251,0.576558
13252,0.576937
13253,0.5773159999999999
13254,0.577695
13255,0.578074
13256,0.578453
13257,0.578832
13258,0.579211
13259,0.57959
13260,0.579969
13261,0.580348
13262,0.580727
13263,0.581106
13264,0.581485
13265,0.5818639999999999
13266,0.582243
13267,0.582622
13268,0.583001
13269,0.58338
13270,0.583759
13271,0.584138
13272,0.584517
13273,0.584896
13274,0.585275
13275,0.585654
13276,0.586033
13277,0.586412
13278,0.586791
13279,0.58717
13280,0.587549
13281,0.587928
13282,0.588307
13283,0.588686
13284,0.589065
13285,0.589444
13286,0.589823
13287,0.590202
13288,0.590581
13289,0.59096
13290,0.5913390000000001
13291,0.591718
13292,0.592097
13293,0.592476
13294,0.592855
13295,0.593234
13296,0.593613
13297,0.593992
13298,0.5
13299,0.5005584
13300,0.5011168
13301,0.5016752
13302,0.5022336
13303,0.502792
13304,0.5033504
13305,0.5039088
13306,0.5044672
13307,0.5050256
13308,0.505584
13309,0.5061424
13310,0.5067008
13311,0.5072592
13312,0.5078176
13313,0.508376
13314,0.5089344
13315,0.5094928
13316,0.5100512
13317,0.5106096
13318,0.511168
13319,0.5117264
13320,0.5122848
13321,0.5128432
13322,0.5134016
13323,0.51396
13324,0.5145184
13325,0.5150768
13326,0.5156352
13327,0.5161936
13328,0.516752
13329,0.5173104
13330,0.5178688
13331,0.5184272
13332,0.5189856
13333,0.519544
13334,0.5201024
13335,0.5206608
13336,0.5212192
13337,0.5217776
13338,0.522336
13339,0.5228944
13340,0.5234528
13341,0.5240112
13342,0.5245696
13343,0.525128
13344,0.5256864
13345,0.5262448
13346,0.5268032
13347,0.5273616
13348,0.52792
13349,0.5284784
13350,0.5290368
13351,0.5295952
13352,0.5301536
13353,0.530712
13354,0.5312704
13355,0.5318288
13356,0.5323872
13357,0.5329456
13358,0.533504
13359,0.5340624
13360,0.5346208
13361,0.5351792
13362,0.5357376
13363,0.536296
13364,0.5368544
13365,0.5374128
13366,0.5379712
13367,0.5385296
13368,0.539088
13369,0.5396464
13370,0.5402048
13371,0.5407632
13372,0.5413216
13373,0.54188
13374,0.5424384
13375,0.5429968000000001
13376,0.5435552
13377,0.5441136
13378,0.544672
13379,0.5452304
13380,0.5457888
13381,0.5463472
13382,0.5469056
13383,0.547464
13384,0.5480224
13385,0.5485808
13386,0.5491392
13387,0.5496976
13388,0.550256
13389,0.5508144
13390,0.5513728
13391,0.5519312
13392,0.5524896
13393,0.553048
13394,0.5536064
13395,0.5541648
13396,0.5547232
13397,0.5552816
13398,0.55584
13399,0.5563984
13400,0.5569568
13401,0.5575152
13402,0.5580736
13403,0.558632
13404,0.5591904
13405,0.5597488
13406,0.5603072
13407,0.5608656
13408,0.561424
13409,0.5619824
13410,0.4
13411,0.40263200000000005
13412,0.405264
13413,0.40789600000000004
13414,0.410528
13415,0.41316
13416,0.41579200000000005
13417,0.418424
13418,0.42105600000000004
13419,0.423688
13420,0.42632000000000003
13421,0.428952
13422,0.431584
13423,0.43421600000000005
13424,0.436848
13425,0.43948000000000004
13426,0.442112
13427,0.44474400000000003
13428,0.447376
13429,0.450008
13430,0.45264000000000004
13431,0.455272
13432,0.45790400000000003
13433,0.460536
13434,0.463168
13435,0.4658
13436,0.468432
13437,0.47106400000000004
13438,0.473696
13439,0.47632800000000003
13440,0.47896
13441,0.481592
13442,0.484224
13443,0.486856
13444,0.48948800000000003
13445,0.49212
13446,0.494752
13447,0.49738400000000005
13448,0.500016
13449,0.502648
13450,0.50528
13451,0.507912
13452,0.510544
13453,0.513176
13454,0.515808
13455,0.51844
13456,0.521072
13457,0.5237040000000001
13458,0.526336
13459,0.528968
13460,0.5316000000000001
13461,0.534232
13462,0.536864
13463,0.539496
13464,0.5421279999999999
13465,0.54476
13466,0.547392
13467,0.5500240000000001
13468,0.552656
13469,0.555288
13470,0.55792
13471,0.560552
13472,0.563184
13473,0.565816
13474,0.5684480000000001
13475,0.57108
13476,0.573712
13477,0.576344
13478,0.578976
13479,0.581608
13480,0.58424
13481,0.5868720000000001
13482,0.589504
13483,0.592136
13484,0.594768
13485,0.5974
13486,0.600032
13487,0.602664
13488,0.6052960000000001
13489,0.5
13490,0.49981544
13491,0.49963088
13492,0.49944632
13493,0.49926176
13494,0.4990772
13495,0.49889264
13496,0.49870808
13497,0.49852352
13498,0.49833896
13499,0.4981544
13500,0.49796984
13501,0.49778528
13502,0.49760072
13503,0.49741616
13504,0.4972316
13505,0.49704704
13506,0.49686248
13507,0.49667792
13508,0.49649336
13509,0.4963088
13510,0.49612424
13511,0.49593968
13512,0.49575512
13513,0.49557056
13514,0.495386
13515,0.49520144
13516,0.49501688
13517,0.49483232
13518,0.49464776
13519,0.4944632
13520,0.49427864
13521,0.49409408
13522,0.49390952
13523,0.49372496
13524,0.4935404
13525,0.49335584
13526,0.49317128
13527,0.49298672
13528,0.49280216
13529,0.4926176
13530,0.49243304
13531,0.49224848
13532,0.49206392
13533,0.49187936
13534,0.4916948
13535,0.49151024
13536,0.49132568
13537,0.49114112
13538,0.49095656
13539,0.490772
13540,0.49058744
13541,0.49040288
13542,0.49021832
13543,0.49003376
13544,0.4898492
13545,0.48966464
13546,0.48948008
13547,0.48929552
13548,0.48911096
13549,0.4889264
13550,0.48874184
13551,0.48855728
13552,0.48837272
13553,0.48818816
13554,0.4880036
13555,0.48781904
13556,0.48763448
13557,0.48744992
13558,0.48726536
13559,0.4870808
13560,0.48689624
13561,0.48671168
13562,0.48652712
13563,0.48634256
13564,0.486158
13565,0.48597344
13566,0.48578888
13567,0.48560432
13568,0.48541976
13569,0.4852352
13570,0.48505064
13571,0.48486608
13572,0.48468152
13573,0.48449696
13574,0.4843124
13575,0.48412784
13576,0.48394328
13577,0.48375872
13578,0.48357416
13579,0.4833896
13580,0.48320504
13581,0.48302048
13582,0.48283592
13583,0.48265136
13584,0.4824668
13585,0.48228224
13586,0.48209768
13587,0.48191312
13588,0.48172856
13589,0.48154399999999997
13590,0.48135943999999997
13591,0.48117487999999997
13592,0.48099031999999997
13593,0.48080575999999997
13594,0.48062119999999997
13595,0.48043663999999997
13596,0.48025207999999997
13597,0.48006751999999997
13598,0.47988296
13599,0.4796984
13600,0.47951384
13601,0.47932928
13602,0.47914472
13603,0.47896016
13604,0.4787756
13605,0.47859104
13606,0.47840648
13607,0.47822192
13608,0.47803736
13609,0.4778528
13610,0.47766824
13611,0.47748368
13612,0.47729912
13613,0.47711456
13614,0.47693
13615,0.47674544
13616,0.47656088
13617,0.47637632
13618,0.47619176
13619,0.4760072
13620,0.47582264
13621,0.47563808
13622,0.47545352
13623,0.47526896
13624,0.4750844
13625,0.47489984
13626,0.47471528
13627,0.47453072
13628,0.47434616
13629,0.4741616
13630,0.47397704
13631,0.47379248
13632,0.47360792
13633,0.47342336
13634,0.4732388
13635,0.47305424
13636,0.47286968
13637,0.47268512
13638,0.47250056
13639,0.472316
13640,0.47213144
13641,0.47194688
13642,0.47176232
13643,0.47157776
13644,0.4713932
13645,0.47120864
13646,0.47102408
13647,0.47083952
13648,0.47065496
13649,0.4704704
13650,0.47028584
13651,0.47010128
13652,0.46991672
13653,0.46973216
13654,0.4695476
13655,0.46936304
13656,0.46917848
13657,0.46899392
13658,0.46880936
13659,0.4686248
13660,0.46844024
13661,0.46825568
13662,0.46807112
13663,0.46788656
13664,0.467702
13665,0.46751744
13666,0.46733288
13667,0.46714832
13668,0.46696376
13669,0.4667792
13670,0.46659464
13671,0.46641008
13672,0.46622552
13673,0.46604096
13674,0.4658564
13675,0.46567184
13676,0.46548728
13677,0.46530272
13678,0.46511816
13679,0.4649336
13680,0.46474904
13681,0.46456448
13682,0.46437992
13683,0.46419536
13684,0.4640108
13685,0.46382624
13686,0.46364168
13687,0.46345712
13688,0.46327256
13689,0.463088
13690,0.46290344
13691,0.46271888
13692,0.46253432
13693,0.46234976
13694,0.4621652
13695,0.46198064
13696,0.46179608
13697,0.46161152
13698,0.46142696
13699,0.4612424
13700,0.46105784
13701,0.46087328
13702,0.46068872
13703,0.46050416
13704,0.4603196
13705,0.46013504
13706,0.45995048
13707,0.45976592
13708,0.45958136
13709,0.4593968
13710,0.45921224
13711,0.45902768
13712,0.45884312
13713,0.45865856
13714,0.458474
13715,0.45828944
13716,0.45810488
13717,0.45792032
13718,0.45773576
13719,0.4575512
13720,0.45736664
13721,0.45718208
13722,0.45699752
13723,0.45681296
13724,0.4566284
13725,0.45644384
13726,0.45625928
13727,0.45607472
13728,0.45589016
13729,0.4557056
13730,0.45552104
13731,0.45533648
13732,0.45515192
13733,0.45496736
13734,0.4547828
13735,0.45459824
13736,0.45441368
13737,0.45422912
13738,0.45404456
13739,0.45386
13740,0.45367544
13741,0.45349088
13742,0.45330632
13743,0.45312176
13744,0.4529372
13745,0.45275264
13746,0.45256808
13747,0.45238352
13748,0.45219896
13749,0.4520144
13750,0.45182984
13751,0.45164528
13752,0.45146072
13753,0.45127616
13754,0.4510916
13755,0.45090704
13756,0.45072248
13757,0.45053792
13758,0.45035336
13759,0.4501688
13760,0.44998424
13761,0.44979968
13762,0.44961512
13763,0.44943056
13764,0.449246
13765,0.44906144
13766,0.44887688
13767,0.44869232
13768,0.44850776
13769,0.4483232
13770,0.44813864
13771,0.44795408
13772,0.44776952
13773,0.44758496
13774,0.4474004
13775,0.44721584
13776,0.44703128
13777,0.44684672
13778,0.44666216
13779,0.4464776
13780,0.44629304
13781,0.44610848
13782,0.44592392
13783,0.44573936
13784,0.44555480000000003
13785,0.44537024000000003
13786,0.44518568000000003
13787,0.44500112000000003
13788,0.44481656
13789,0.444632
13790,0.44444744
13791,0.44426288
13792,0.44407832
13793,0.44389376
13794,0.4437092
13795,0.44352464
13796,0.44334008
13797,0.44315552
13798,0.44297096
13799,0.4427864
13800,0.44260184
13801,0.44241728
13802,0.44223272
13803,0.44204816
13804,0.4418636
13805,0.44167904
13806,0.44149448
13807,0.44130992
13808,0.44112536
13809,0.4409408
13810,0.44075624
13811,0.44057168
13812,0.44038712
13813,0.44020256
13814,0.440018
13815,0.43983344
13816,0.43964888
13817,0.43946432
13818,0.43927976
13819,0.4390952
13820,0.43891064
13821,0.43872608
13822,0.43854152
13823,0.43835696
13824,0.4381724
13825,0.43798784
13826,0.43780328
13827,0.43761872
13828,0.43743416
13829,0.4372496
13830,0.43706504
13831,0.43688048
13832,0.43669592
13833,0.43651136
13834,0.4363268
13835,0.43614224
13836,0.43595768
13837,0.43577312
13838,0.43558856
13839,0.435404
13840,0.43521944
13841,0.43503488
13842,0.43485032
13843,0.43466576
13844,0.4344812
13845,0.43429664
13846,0.43411208
13847,0.43392752
13848,0.43374296
13849,0.4335584
13850,0.43337384
13851,0.43318928
13852,0.43300472
13853,0.43282016
13854,0.4326356
13855,0.43245104
13856,0.43226648
13857,0.43208192
13858,0.43189736
13859,0.4317128
13860,0.43152824
13861,0.43134368
13862,0.43115912
13863,0.43097456
13864,0.43079
13865,0.43060544
13866,0.43042088
13867,0.43023632
13868,0.43005176
13869,0.4298672
13870,0.42968264
13871,0.42949808
13872,0.42931352
13873,0.42912896
13874,0.4289444
13875,0.42875984
13876,0.42857528
13877,0.42839072
13878,0.42820616
13879,0.4280216
13880,0.42783704
13881,0.42765248
13882,0.42746792
13883,0.42728336
13884,0.4270988
13885,0.42691424
13886,0.42672968
13887,0.42654512
13888,0.42636056
13889,0.426176
13890,0.42599144
13891,0.42580688
13892,0.42562232
13893,0.42543776
13894,0.4252532
13895,0.42506864
13896,0.42488408
13897,0.42469952
13898,0.42451496
13899,0.4243304
13900,0.42414584
13901,0.42396128
13902,0.42377672
13903,0.42359216
13904,0.4234076
13905,0.42322304
13906,0.5
13907,0.5
13908,0.5
13909,0.5
13910,0.5
13911,0.5
13912,0.5
13913,0.5
13914,0.5
13915,0.5
13916,0.5
13917,0.5
13918,0.5
13919,0.5
13920,0.5
13921,0.5
13922,0.5
13923,0.5
13924,0.5
13925,0.5
13926,0.5
13927,0.5
13928,0.5
13929,0.5
13930,0.5
13931,0.5
13932,0.5
13933,0.5
13934,0.5
13935,0.5
13936,0.5
13937,0.5
13938,0.5
13939,0.5
13940,0.5
13941,0.5
13942,0.5
13943,0.5
13944,0.5
13945,0.5
13946,0.5
13947,0.5
13948,0.5
13949,0.5
13950,0.5
13951,0.5
13952,0.5
13953,0.5
13954,0.5
13955,0.5
13956,0.5
13957,0.5
13958,0.5
13959,0.5
13960,0.5
13961,0.5
13962,0.5
13963,0.5
13964,0.5
13965,0.5
13966,0.5
13967,0.5
13968,0.5
13969,0.5
13970,0.5
13971,0.5
13972,0.5
13973,0.5
13974,0.5
13975,0.5
13976,0.5
13977,0.5
13978,0.5
13979,0.5
13980,0.5
13981,0.5
13982,0.5
13983,0.5
13984,0.5
13985,0.5
13986,0.5
13987,0.5
13988,0.5
13989,0.5
13990,0.5
13991,0.5
13992,0.5
13993,0.5
13994,0.5
13995,0.5
13996,0.5
13997,0.5
13998,0.5
13999,0.5
14000,0.5
14001,0.5
14002,0.5
14003,0.5
14004,0.5
14005,0.5
14006,0.5
14007,0.5
14008,0.5
14009,0.5
14010,0.5
14011,0.5
14012,0.5
14013,0.5
14014,0.5
14015,0.5
14016,0.5
14017,0.5
14018,0.5
14019,0.5
14020,0.5
14021,0.5
14022,0.5
14023,0.5
14024,0.5
14025,0.5
14026,0.5
14027,0.5
14028,0.5
14029,0.5
14030,0.5
14031,0.5
14032,0.5
14033,0.5
14034,0.5
14035,0.5
14036,0.5
14037,0.5
14038,0.5
14039,0.5
14040,0.5
14041,0.5
14042,0.5
14043,0.5
14044,0.5
14045,0.5
14046,0.5
14047,0.5
14048,0.5
14049,0.5
14050,0.5
14051,0.5
14052,0.5
14053,0.5
14054,0.5
14055,0.5
14056,0.5
14057,0.5
14058,0.5
14059,0.5
14060,0.5
14061,0.5
14062,0.5
14063,0.5
14064,0.5
14065,0.5
14066,0.5
14067,0.5
14068,0.5
14069,0.5
14070,0.5
14071,0.5
14072,0.5
14073,0.5
14074,0.5
14075,0.5
14076,0.5
14077,0.5
14078,0.5
14079,0.5
14080,0.5
14081,0.5
14082,0.5
14083,0.5
14084,0.5
14085,0.5
14086,0.5
14087,0.5
14088,0.5
14089,0.5
14090,0.5
14091,0.5
14092,0.5
14093,0.5
14094,0.5
14095,0.5
14096,0.5
14097,0.5
14098,0.5
14099,0.5
14100,0.5
14101,0.5
14102,0.5
14103,0.5
14104,0.5
14105,0.5
14106,0.5
14107,0.5
14108,0.5
14109,0.5
14110,0.5
14111,0.5
14112,0.5
14113,0.5
14114,0.5
14115,0.5
14116,0.5
14117,0.5
14118,0.5
14119,0.5
14120,0.5
14121,0.5
14122,0.5
14123,0.5
14124,0.5
14125,0.5
14126,0.5
14127,0.5
14128,0.5
14129,0.5
14130,0.5
14131,0.5
14132,0.5
14133,0.5
14134,0.5
14135,0.5
14136,0.5
14137,0.5
14138,0.5
14139,0.5
14140,0.5
14141,0.5
14142,0.5
14143,0.5
14144,0.5
14145,0.5
14146,0.5
14147,0.5
14148,0.5
14149,0.5
14150,0.5
14151,0.5
14152,0.5
14153,0.5
14154,0.5
14155,0.5
14156,0.5
14157,0.5
14158,0.5
14159,0.5
14160,0.5
14161,0.5
14162,0.5
14163,0.5
14164,0.5
14165,0.5
14166,0.5
14167,0.5
14168,0.5
14169,0.5
14170,0.5
14171,0.5
14172,0.5
14173,0.5
14174,0.5
14175,0.5
14176,0.5
14177,0.5
14178,0.5
14179,0.5
14180,0.5
14181,0.5
14182,0.5
14183,0.5
14184,0.5
14185,0.5
14186,0.5
14187,0.5
14188,0.5
14189,0.5
14190,0.5
14191,0.5
14192,0.5
14193,0.5
14194,0.5
14195,0.5
14196,0.5
14197,0.5
14198,0.5
14199,0.5
14200,0.5
14201,0.5
14202,0.5
14203,0.5
14204,0.5
14205,0.5
14206,0.5
14207,0.5
14208,0.5
14209,0.5
14210,0.5
14211,0.5
14212,0.5
14213,0.5
14214,0.5
14215,0.5
14216,0.5
14217,0.5
14218,0.5
14219,0.5
14220,0.5
14221,0.5
14222,0.5
14223,0.5
14224,0.5
14225,0.5
14226,0.5
14227,0.5
14228,0.5
14229,0.5
14230,0.5
14231,0.5
14232,0.5
14233,0.5
14234,0.5
14235,0.5
14236,0.5
14237,0.5
14238,0.5
14239,0.5
14240,0.5
14241,0.5
14242,0.5
14243,0.5
14244,0.5
14245,0.5
14246,0.5
14247,0.5
14248,0.5
14249,0.5
14250,0.5
14251,0.5
14252,0.5
14253,0.5
14254,0.5
14255,0.5
14256,0.5
14257,0.5
14258,0.5
14259,0.5
14260,0.5
14261,0.5
14262,0.5
14263,0.5
14264,0.5
14265,0.5
14266,0.5
14267,0.5
14268,0.5
14269,0.5
14270,0.5
14271,0.5
14272,0.5
14273,0.5
14274,0.5
14275,0.5
14276,0.5
14277,0.5
14278,0.5
14279,0.5
14280,0.5
14281,0.5
14282,0.5
14283,0.5
14284,0.5
14285,0.5
14286,0.5
14287,0.5
14288,0.5
14289,0.5
14290,0.5
14291,0.5
14292,0.5
14293,0.5
14294,0.5
14295,0.5
14296,0.5
14297,0.5
14298,0.5
14299,0.5
14300,0.5
14301,0.5
14302,0.5
14303,0.5
14304,0.5
14305,0.5
14306,0.5
14307,0.5
14308,0.5
14309,0.5
14310,0.5
14311,0.5
14312,0.5
14313,0.5
14314,0.5
14315,0.5
14316,0.5
14317,0.5
14318,0.5
14319,0.5
14320,0.5
14321,0.5
14322,0.5
14323,0.5
14324,0.5
14325,0.5
14326,0.5
14327,0.5
14328,0.5
14329,0.5
14330,0.5
14331,0.5
14332,0.5
14333,0.5
14334,0.5
14335,0.5
14336,0.5
14337,0.5
14338,0.5
14339,0.5
14340,0.5
14341,0.5
14342,0.5
14343,0.5
14344,0.5
14345,0.5
14346,0.5
14347,0.5
14348,0.5
14349,0.5
14350,0.5
14351,0.5
14352,0.5
14353,0.5
14354,0.5
14355,0.5
14356,0.5
14357,0.5
14358,0.5
14359,0.5
14360,0.5
14361,0.5
14362,0.5
14363,0.5
14364,0.5
14365,0.5
14366,0.5
14367,0.5
14368,0.5
14369,0.5
14370,0.5
14371,0.5
14372,0.5
14373,0.5
14374,0.5
14375,0.5
14376,0.5
14377,0.5
14378,0.5
14379,0.5
14380,0.5
14381,0.5
14382,0.5
14383,0.5
14384,0.5
14385,0.5
14386,0.5
14387,0.5
14388,0.5
14389,0.5
14390,0.5
14391,0.5
14392,0.5
14393,0.5
14394,0.5
14395,0.5
14396,0.5
14397,0.5
14398,0.5
14399,0.5
14400,0.5
14401,0.5
14402,0.5
14403,0.5
14404,0.5
14405,0.5
14406,0.5
14407,0.5
14408,0.5
14409,0.5
14410,0.5
14411,0.5
14412,0.5
14413,0.5
14414,0.5
14415,0.5
14416,0.5
14417,0.5
14418,0.5
14419,0.5
14420,0.5
14421,0.5
14422,0.5
14423,0.5
14424,0.5
14425,0.5
14426,0.5
14427,0.5
14428,0.5
14429,0.5
14430,0.5
14431,0.5
14432,0.4
14433,0.4007
14434,0.40140000000000003
14435,0.4021
14436,0.40280000000000005
14437,0.4035
14438,0.4042
14439,0.40490000000000004
14440,0.4056
14441,0.4063
14442,0.40700000000000003
14443,0.4077
14444,0.40840000000000004
14445,0.4091
14446,0.4098
14447,0.41050000000000003
14448,0.4112
14449,0.41190000000000004
14450,0.4126
14451,0.4133
14452,0.41400000000000003
14453,0.4147
14454,0.41540000000000005
14455,0.4161
14456,0.4168
14457,0.41750000000000004
14458,0.4182
14459,0.41890000000000005
14460,0.41960000000000003
14461,0.4203
14462,0.42100000000000004
14463,0.4217
14464,0.4224
14465,0.42310000000000003
14466,0.4238
14467,0.42450000000000004
14468,0.4252
14469,0.4259
14470,0.42660000000000003
14471,0.4273
14472,0.42800000000000005
14473,0.4287
14474,0.4294
14475,0.43010000000000004
14476,0.4308
14477,0.4315
14478,0.43220000000000003
14479,0.4329
14480,0.43360000000000004
14481,0.4343
14482,0.435
14483,0.43570000000000003
14484,0.4364
14485,0.43710000000000004
14486,0.4378
14487,0.4385
14488,0.43920000000000003
14489,0.4399
14490,0.4406
14491,0.4413
14492,0.442
14493,0.44270000000000004
14494,0.4434
14495,0.44410000000000005
14496,0.44480000000000003
14497,0.4455
14498,0.44620000000000004
14499,0.4469
14500,0.4476
14501,0.44830000000000003
14502,0.449
14503,0.44970000000000004
14504,0.4504
14505,0.4511
14506,0.45180000000000003
14507,0.4525
14508,0.45320000000000005
14509,0.4539
14510,0.4546
14511,0.45530000000000004
14512,0.456
14513,0.4567
14514,0.45740000000000003
14515,0.4581
14516,0.45880000000000004
14517,0.4595
14518,0.4602
14519,0.46090000000000003
14520,0.4616
14521,0.46230000000000004
14522,0.463
14523,0.4637
14524,0.46440000000000003
14525,0.4651
14526,0.4658
14527,0.4665
14528,0.4672
14529,0.46790000000000004
14530,0.4686
14531,0.46930000000000005
14532,0.47000000000000003
14533,0.4707
14534,0.47140000000000004
14535,0.4721
14536,0.4728
14537,0.47350000000000003
14538,0.4742
14539,0.4749
14540,0.4756
14541,0.4763
14542,0.47700000000000004
14543,0.4777
14544,0.47840000000000005
14545,0.4791
14546,0.4798
14547,0.48050000000000004
14548,0.4812
14549,0.4819
14550,0.48260000000000003
14551,0.4833
14552,0.48400000000000004
14553,0.4847
14554,0.48540000000000005
14555,0.48610000000000003
14556,0.4868
14557,0.48750000000000004
14558,0.4882
14559,0.4889
14560,0.48960000000000004
14561,0.4903
14562,0.491
14563,0.4917
14564,0.4924
14565,0.49310000000000004
14566,0.4938
14567,0.49450000000000005
14568,0.49520000000000003
14569,0.4959
14570,0.49660000000000004
14571,0.4973
14572,0.498
14573,0.49870000000000003
14574,0.4994
14575,0.5001
14576,0.5008
14577,0.5015000000000001
14578,0.5022
14579,0.5029
14580,0.5036
14581,0.5043
14582,0.505
14583,0.5057
14584,0.5064
14585,0.5071
14586,0.5078
14587,0.5085000000000001
14588,0.5092
14589,0.5099
14590,0.5106
14591,0.5113
14592,0.512
14593,0.5127
14594,0.5134000000000001
14595,0.5141
14596,0.5148
14597,0.5155000000000001
14598,0.5162
14599,0.5169
14600,0.5176000000000001
14601,0.5183
14602,0.519
14603,0.5197
14604,0.5204
14605,0.5211
14606,0.5218
14607,0.5225
14608,0.5232
14609,0.5239
14610,0.5246000000000001
14611,0.5253
14612,0.526
14613,0.5267000000000001
14614,0.5274
14615,0.5281
14616,0.5288
14617,0.5295000000000001
14618,0.5302
14619,0.5309
14620,0.5316000000000001
14621,0.5323
14622,0.533
14623,0.5337000000000001
14624,0.5344
14625,0.5351
14626,0.5358
14627,0.5365
14628,0.5372
14629,0.5379
14630,0.5386
14631,0.5393
14632,0.54
14633,0.5407
14634,0.5414
14635,0.5421
14636,0.5428000000000001
14637,0.5435
14638,0.5442
14639,0.5449
14640,0.5456000000000001
14641,0.5463
14642,0.547
14643,0.5477000000000001
14644,0.5484
14645,0.5491
14646,0.5498000000000001
14647,0.5505
14648,0.5512
14649,0.5519000000000001
14650,0.5526
14651,0.5533
14652,0.554
14653,0.5547
14654,0.5554
14655,0.5561
14656,0.5568
14657,0.5575
14658,0.5582
14659,0.5589
14660,0.5596
14661,0.5603
14662,0.561
14663,0.5617000000000001
14664,0.5624
14665,0.5631
14666,0.5638000000000001
14667,0.5645
14668,0.5652
14669,0.5659000000000001
14670,0.5666
14671,0.5673
14672,0.5680000000000001
14673,0.5687
14674,0.5694
14675,0.5701
14676,0.5708
14677,0.5715
14678,0.5722
14679,0.5729
14680,0.5736
14681,0.5743
14682,0.575
14683,0.5757
14684,0.5764
14685,0.5771000000000001
14686,0.5778
14687,0.5785
14688,0.5792
14689,0.5799000000000001
14690,0.5806
14691,0.5813
14692,0.5820000000000001
14693,0.5827
14694,0.5834
14695,0.4
14696,0.400473
14697,0.400946
14698,0.401419
14699,0.401892
14700,0.40236500000000003
14701,0.40283800000000003
14702,0.40331100000000003
14703,0.40378400000000003
14704,0.40425700000000003
14705,0.40473000000000003
14706,0.40520300000000004
14707,0.40567600000000004
14708,0.40614900000000004
14709,0.40662200000000004
14710,0.40709500000000004
14711,0.40756800000000004
14712,0.40804100000000004
14713,0.40851400000000004
14714,0.40898700000000004
14715,0.40946000000000005
14716,0.40993300000000005
14717,0.41040600000000005
14718,0.410879
14719,0.41135200000000005
14720,0.411825
14721,0.412298
14722,0.412771
14723,0.413244
14724,0.413717
14725,0.41419
14726,0.414663
14727,0.415136
14728,0.415609
14729,0.416082
14730,0.416555
14731,0.417028
14732,0.417501
14733,0.417974
14734,0.418447
14735,0.41892
14736,0.419393
14737,0.419866
14738,0.420339
14739,0.420812
14740,0.421285
14741,0.421758
14742,0.422231
14743,0.422704
14744,0.423177
14745,0.42365
14746,0.424123
14747,0.42459600000000003
14748,0.42506900000000003
14749,0.42554200000000003
14750,0.42601500000000003
14751,0.42648800000000003
14752,0.42696100000000003
14753,0.42743400000000004
14754,0.42790700000000004
14755,0.42838000000000004
14756,0.42885300000000004
14757,0.42932600000000004
14758,0.42979900000000004
14759,0.43027200000000004
14760,0.43074500000000004
14761,0.43121800000000005
14762,0.43169100000000005
14763,0.432164
14764,0.43263700000000005
14765,0.43311
14766,0.43358300000000005
14767,0.434056
14768,0.434529
14769,0.435002
14770,0.435475
14771,0.435948
14772,0.436421
14773,0.436894
14774,0.437367
14775,0.43784
14776,0.438313
14777,0.438786
14778,0.439259
14779,0.439732
14780,0.440205
14781,0.440678
14782,0.441151
14783,0.441624
14784,0.442097
14785,0.44257
14786,0.443043
14787,0.443516
14788,0.443989
14789,0.444462
14790,0.444935
14791,0.445408
14792,0.445881
14793,0.44635400000000003
14794,0.44682700000000003
14795,0.44730000000000003
14796,0.44777300000000003
14797,0.44824600000000003
14798,0.44871900000000003
14799,0.44919200000000004
14800,0.44966500000000004
14801,0.45013800000000004
14802,0.45061100000000004
14803,0.45108400000000004
14804,0.45155700000000004
14805,0.45203000000000004
14806,0.45250300000000004
14807,0.45297600000000005
14808,0.45344900000000005
14809,0.45392200000000005
14810,0.454395
14811,0.45486800000000005
14812,0.455341
14813,0.45581400000000005
14814,0.456287
14815,0.45676
14816,0.457233
14817,0.457706
14818,0.458179
14819,0.458652
14820,0.459125
14821,0.459598
14822,0.460071
14823,0.460544
14824,0.461017
14825,0.46149
14826,0.461963
14827,0.462436
14828,0.462909
14829,0.463382
14830,0.463855
14831,0.464328
14832,0.464801
14833,0.465274
14834,0.465747
14835,0.46622
14836,0.466693
14837,0.467166
14838,0.467639
14839,0.46811200000000003
14840,0.46858500000000003
14841,0.46905800000000003
14842,0.46953100000000003
14843,0.47000400000000003
14844,0.47047700000000003
14845,0.47095000000000004
14846,0.47142300000000004
14847,0.47189600000000004
14848,0.47236900000000004
14849,0.47284200000000004
14850,0.47331500000000004
14851,0.47378800000000004
14852,0.47426100000000004
14853,0.474734
14854,0.47520700000000005
14855,0.47568
14856,0.47615300000000005
14857,0.476626
14858,0.47709900000000005
14859,0.477572
14860,0.47804500000000005
14861,0.478518
14862,0.47899100000000006
14863,0.479464
14864,0.479937
14865,0.48041
14866,0.480883
14867,0.481356
14868,0.481829
14869,0.482302
14870,0.482775
14871,0.483248
14872,0.483721
14873,0.484194
14874,0.484667
14875,0.48514
14876,0.485613
14877,0.486086
14878,0.486559
14879,0.487032
14880,0.487505
14881,0.487978
14882,0.488451
14883,0.488924
14884,0.489397
14885,0.48987
14886,0.49034300000000003
14887,0.49081600000000003
14888,0.49128900000000003
14889,0.49176200000000003
14890,0.49223500000000003
14891,0.49270800000000003
14892,0.49318100000000004
14893,0.49365400000000004
14894,0.49412700000000004
14895,0.49460000000000004
14896,0.49507300000000004
14897,0.49554600000000004
14898,0.49601900000000004
14899,0.49649200000000004
14900,0.496965
14901,0.49743800000000005
14902,0.497911
14903,0.49838400000000005
14904,0.498857
14905,0.49933000000000005
14906,0.499803
14907,0.500276
14908,0.500749
14909,0.5012220000000001
14910,0.501695
14911,0.5021680000000001
14912,0.502641
14913,0.5031140000000001
14914,0.503587
14915,0.5040600000000001
14916,0.504533
14917,0.5050060000000001
14918,0.505479
14919,0.5059520000000001
14920,0.506425
14921,0.5068980000000001
14922,0.507371
14923,0.507844
14924,0.508317
14925,0.5087900000000001
14926,0.509263
14927,0.509736
14928,0.510209
14929,0.5106820000000001
14930,0.511155
14931,0.511628
14932,0.512101
14933,0.5125740000000001
14934,0.513047
14935,0.51352
14936,0.513993
14937,0.514466
14938,0.514939
14939,0.515412
14940,0.515885
14941,0.516358
14942,0.516831
14943,0.517304
14944,0.517777
14945,0.51825
14946,0.518723
14947,0.519196
14948,0.519669
14949,0.520142
14950,0.520615
14951,0.521088
14952,0.521561
14953,0.522034
14954,0.522507
14955,0.52298
14956,0.5234530000000001
14957,0.523926
14958,0.5243990000000001
14959,0.524872
14960,0.5253450000000001
14961,0.525818
14962,0.5262910000000001
14963,0.526764
14964,0.527237
14965,0.52771
14966,0.5281830000000001
14967,0.528656
14968,0.529129
14969,0.529602
14970,0.5300750000000001
14971,0.530548
14972,0.531021
14973,0.531494
14974,0.5319670000000001
14975,0.53244
14976,0.532913
14977,0.533386
14978,0.5338590000000001
14979,0.534332
14980,0.534805
14981,0.535278
14982,0.5357510000000001
14983,0.536224
14984,0.536697
14985,0.53717
14986,0.537643
14987,0.538116
14988,0.538589
14989,0.539062
14990,0.539535
14991,0.540008
14992,0.540481
14993,0.540954
14994,0.541427
14995,0.5419
14996,0.542373
14997,0.542846
14998,0.543319
14999,0.543792
15000,0.544265
15001,0.544738
15002,0.545211
15003,0.5456840000000001
15004,0.546157
15005,0.5466300000000001
15006,0.547103
15007,0.5475760000000001
15008,0.548049
15009,0.5485220000000001
15010,0.548995
15011,0.5494680000000001
15012,0.549941
15013,0.550414
15014,0.550887
15015,0.5513600000000001
15016,0.551833
15017,0.552306
15018,0.552779
15019,0.5532520000000001
15020,0.553725
15021,0.554198
15022,0.554671
15023,0.5551440000000001
15024,0.555617
15025,0.55609
15026,0.556563
15027,0.5570360000000001
15028,0.557509
15029,0.557982
15030,0.558455
15031,0.5589280000000001
15032,0.559401
15033,0.559874
15034,0.560347
15035,0.56082
15036,0.561293
15037,0.561766
15038,0.562239
15039,0.562712
15040,0.563185
15041,0.563658
15042,0.564131
15043,0.564604
15044,0.4
15045,0.40130390000000005
15046,0.4026078
15047,0.40391170000000004
15048,0.4052156
15049,0.40651950000000003
15050,0.4078234
15051,0.4091273
15052,0.4104312
15053,0.4117351
15054,0.41303900000000004
15055,0.4143429
15056,0.41564680000000004
15057,0.4169507
15058,0.41825460000000003
15059,0.4195585
15060,0.4208624
15061,0.4221663
15062,0.4234702
15063,0.42477410000000004
15064,0.426078
15065,0.42738190000000004
15066,0.4286858
15067,0.42998970000000003
15068,0.4312936
15069,0.4325975
15070,0.4339014
15071,0.4352053
15072,0.43650920000000004
15073,0.4378131
15074,0.43911700000000004
15075,0.4404209
15076,0.44172480000000003
15077,0.4430287
15078,0.4443326
15079,0.4456365
15080,0.4469404
15081,0.44824430000000004
15082,0.4495482
15083,0.45085210000000003
15084,0.452156
15085,0.4534599
15086,0.45476380000000005
15087,0.4560677
15088,0.45737160000000004
15089,0.4586755
15090,0.45997940000000004
15091,0.4612833
15092,0.46258720000000003
15093,0.4638911
15094,0.465195
15095,0.46649890000000005
15096,0.4678028
15097,0.4691067
15098,0.4704106
15099,0.47171450000000004
15100,0.4730184
15101,0.47432230000000003
15102,0.4756262
15103,0.4769301
15104,0.47823400000000005
15105,0.4795379
15106,0.48084180000000004
15107,0.4821457
15108,0.48344960000000003
15109,0.4847535
15110,0.48605740000000003
15111,0.4873613
15112,0.4886652
15113,0.48996910000000005
15114,0.491273
15115,0.49257690000000004
15116,0.4938808
15117,0.49518470000000003
15118,0.4964886
15119,0.4977925
15120,0.4990964
15121,0.5004003
15122,0.5017042
15123,0.5030081000000001
15124,0.504312
15125,0.5056159
15126,0.5069198
15127,0.5082237000000001
15128,0.5095276
15129,0.5108315
15130,0.5121354
15131,0.5134393
15132,0.5147432000000001
15133,0.5160471
15134,0.517351
15135,0.5186549
15136,0.5199588
15137,0.5212627000000001
15138,0.5225666
15139,0.5238705
15140,0.5251744
15141,0.5264783
15142,0.5277822
15143,0.5290861
15144,0.53039
15145,0.5316939
15146,0.5329978
15147,0.5343017
15148,0.5356056
15149,0.5369095
15150,0.5382134000000001
15151,0.5395173
15152,0.5408212
15153,0.5421251
15154,0.543429
15155,0.5447329000000001
15156,0.5460368
15157,0.5473407
15158,0.5486446
15159,0.5499485
15160,0.5512524000000001
15161,0.5525563
15162,0.5538602
15163,0.5551641
15164,0.556468
15165,0.5577719
15166,0.4
15167,0.4015886
15168,0.4031772
15169,0.4047658
15170,0.4063544
15171,0.407943
15172,0.4095316
15173,0.41112020000000005
15174,0.41270880000000004
15175,0.41429740000000004
15176,0.41588600000000003
15177,0.41747460000000003
15178,0.4190632
15179,0.4206518
15180,0.4222404
15181,0.423829
15182,0.4254176
15183,0.4270062
15184,0.4285948
15185,0.4301834
15186,0.43177200000000004
15187,0.43336060000000004
15188,0.43494920000000004
15189,0.43653780000000003
15190,0.4381264
15191,0.439715
15192,0.4413036
15193,0.4428922
15194,0.4444808
15195,0.4460694
15196,0.447658
15197,0.4492466
15198,0.4508352
15199,0.45242380000000004
15200,0.45401240000000004
15201,0.45560100000000003
15202,0.45718960000000003
15203,0.4587782
15204,0.4603668
15205,0.4619554
15206,0.463544
15207,0.4651326
15208,0.4667212
15209,0.4683098
15210,0.46989840000000005
15211,0.471487
15212,0.47307560000000004
15213,0.47466420000000004
15214,0.47625280000000003
15215,0.4778414
15216,0.47943
15217,0.4810186
15218,0.4826072
15219,0.4841958
15220,0.4857844
15221,0.487373
15222,0.4889616
15223,0.49055020000000005
15224,0.4921388
15225,0.49372740000000004
15226,0.49531600000000003
15227,0.49690460000000003
15228,0.4984932
15229,0.5000818
15230,0.5016704000000001
15231,0.503259
15232,0.5048476000000001
15233,0.5064362
15234,0.5080248
15235,0.5096134
15236,0.511202
15237,0.5127906
15238,0.5143792
15239,0.5159678
15240,0.5175564
15241,0.519145
15242,0.5207336
15243,0.5223222000000001
15244,0.5239108
15245,0.5254994
15246,0.527088
15247,0.5286766
15248,0.5302652
15249,0.5318538
15250,0.5334424
15251,0.535031
15252,0.5366196
15253,0.5382082
15254,0.5397968
15255,0.5413854
15256,0.5429740000000001
15257,0.5445626
15258,0.5461512
15259,0.5477398
15260,0.5493284
15261,0.550917
15262,0.5525056
15263,0.5540942
15264,0.4
15265,0.401926
15266,0.40385200000000004
15267,0.405778
15268,0.407704
15269,0.40963000000000005
15270,0.41155600000000003
15271,0.413482
15272,0.415408
15273,0.41733400000000004
15274,0.41926
15275,0.421186
15276,0.42311200000000004
15277,0.425038
15278,0.426964
15279,0.42889
15280,0.43081600000000003
15281,0.432742
15282,0.434668
15283,0.43659400000000004
15284,0.43852
15285,0.440446
15286,0.44237200000000004
15287,0.444298
15288,0.446224
15289,0.44815000000000005
15290,0.45007600000000003
15291,0.452002
15292,0.453928
15293,0.45585400000000004
15294,0.45778
15295,0.459706
15296,0.46163200000000004
15297,0.463558
15298,0.465484
15299,0.46741
15300,0.46933600000000003
15301,0.471262
15302,0.47318800000000005
15303,0.47511400000000004
15304,0.47704
15305,0.478966
15306,0.48089200000000004
15307,0.482818
15308,0.484744
15309,0.48667000000000005
15310,0.48859600000000003
15311,0.490522
15312,0.492448
15313,0.49437400000000004
15314,0.4963
15315,0.498226
15316,0.500152
15317,0.502078
15318,0.504004
15319,0.50593
15320,0.507856
15321,0.5097820000000001
15322,0.511708
15323,0.513634
15324,0.51556
15325,0.517486
15326,0.519412
15327,0.5213380000000001
15328,0.5232640000000001
15329,0.52519
15330,0.527116
15331,0.529042
15332,0.530968
15333,0.532894
15334,0.5348200000000001
15335,0.5367460000000001
15336,0.538672
15337,0.540598
15338,0.4
15339,0.4015
15340,0.403
15341,0.4045
15342,0.406
15343,0.40750000000000003
15344,0.40900000000000003
15345,0.41050000000000003
15346,0.41200000000000003
15347,0.41350000000000003
15348,0.41500000000000004
15349,0.41650000000000004
15350,0.41800000000000004
15351,0.41950000000000004
15352,0.42100000000000004
15353,0.42250000000000004
15354,0.42400000000000004
15355,0.42550000000000004
15356,0.42700000000000005
15357,0.42850000000000005
15358,0.43000000000000005
15359,0.4315
15360,0.43300000000000005
15361,0.4345
15362,0.43600000000000005
15363,0.4375
15364,0.439
15365,0.4405
15366,0.442
15367,0.4435
15368,0.445
15369,0.4465
15370,0.448
15371,0.4495
15372,0.451
15373,0.4525
15374,0.454
15375,0.4555
15376,0.457
15377,0.4585
15378,0.46
15379,0.4615
15380,0.463
15381,0.4645
15382,0.466
15383,0.4675
15384,0.46900000000000003
15385,0.47050000000000003
15386,0.47200000000000003
15387,0.47350000000000003
15388,0.47500000000000003
15389,0.47650000000000003
15390,0.47800000000000004
15391,0.47950000000000004
15392,0.48100000000000004
15393,0.48250000000000004
15394,0.48400000000000004
15395,0.48550000000000004
15396,0.48700000000000004
15397,0.48850000000000005
15398,0.49
15399,0.49150000000000005
15400,0.493
15401,0.49450000000000005
15402,0.496
15403,0.49750000000000005
15404,0.499
15405,0.5005000000000001
15406,0.502
15407,0.5035000000000001
15408,0.505
15409,0.5065000000000001
15410,0.508
15411,0.5095000000000001
15412,0.511
15413,0.5125000000000001
15414,0.514
15415,0.5155000000000001
15416,0.517
15417,0.5185000000000001
15418,0.52
15419,0.5215000000000001
15420,0.523
15421,0.5245
15422,0.526
15423,0.5275000000000001
15424,0.529
15425,0.5305
15426,0.532
15427,0.5335000000000001
15428,0.535
15429,0.5365
15430,0.538
15431,0.5395000000000001
15432,0.541
15433,0.5425
15434,0.544
15435,0.5455
15436,0.547
15437,0.5485
15438,0.55
15439,0.5515
15440,0.553
15441,0.5545
15442,0.556
15443,0.5575
15444,0.559
15445,0.5605
15446,0.562
15447,0.5635
15448,0.5650000000000001
15449,0.5665
15450,0.5680000000000001
15451,0.5695
15452,0.5710000000000001
15453,0.5725
15454,0.5740000000000001
15455,0.5755
15456,0.577
15457,0.5785
15458,0.5800000000000001
15459,0.5815
15460,0.583
15461,0.5845
15462,0.5860000000000001
15463,0.5875
15464,0.589
15465,0.5905
15466,0.5920000000000001
15467,0.5935
15468,0.595
15469,0.5965
15470,0.5980000000000001
15471,0.5995
15472,0.601
15473,0.6025
15474,0.6040000000000001
15475,0.6055
15476,0.607
15477,0.6085
15478,0.61
15479,0.6115
15480,0.613
15481,0.6145
15482,0.616
15483,0.6175
15484,0.619
15485,0.6205
15486,0.622
15487,0.6235
15488,0.625
15489,0.6265000000000001
15490,0.628
15491,0.6295000000000001
15492,0.631
15493,0.6325000000000001
15494,0.634
15495,0.6355000000000001
15496,0.637
15497,0.6385000000000001
15498,0.64
15499,0.6415
15500,0.643
15501,0.6445000000000001
15502,0.646
15503,0.6475
15504,0.649
15505,0.6505000000000001
15506,0.652
15507,0.6535
15508,0.655
15509,0.6565000000000001
15510,0.5
15511,0.5
15512,0.5
15513,0.5
15514,0.5
15515,0.5
15516,0.5
15517,0.5
15518,0.5
15519,0.5
15520,0.5
15521,0.5
15522,0.5
15523,0.5
15524,0.5
15525,0.5
15526,0.5
15527,0.5
15528,0.5
15529,0.5
15530,0.5
15531,0.5
15532,0.5
15533,0.5
15534,0.5
15535,0.5
15536,0.5
15537,0.5
15538,0.5
15539,0.5
15540,0.5
15541,0.5
15542,0.5
15543,0.5
15544,0.5
15545,0.5
15546,0.5
15547,0.5
15548,0.5
15549,0.5
15550,0.5
15551,0.5
15552,0.5
15553,0.5
15554,0.5
15555,0.5
15556,0.5
15557,0.5
15558,0.5
15559,0.5
15560,0.5
15561,0.5
15562,0.5
15563,0.5
15564,0.5
15565,0.5
15566,0.5
15567,0.5
15568,0.5
15569,0.5
15570,0.5
15571,0.5
15572,0.5
15573,0.5
15574,0.5
15575,0.5
15576,0.5
15577,0.5
15578,0.5
15579,0.5
15580,0.5
15581,0.5
15582,0.5
15583,0.5
15584,0.5
15585,0.5
15586,0.5
15587,0.5
15588,0.5
15589,0.5
15590,0.5
15591,0.5
15592,0.5
15593,0.5
15594,0.5
15595,0.5
15596,0.5
15597,0.5
15598,0.5
15599,0.5
15600,0.5
15601,0.5
15602,0.5
15603,0.5
15604,0.5
15605,0.5
15606,0.5
15607,0.5
15608,0.5
15609,0.5
15610,0.5
15611,0.5
15612,0.5
15613,0.5
15614,0.5
15615,0.5
15616,0.5
15617,0.5
15618,0.5
15619,0.5
15620,0.5
15621,0.5
15622,0.5
15623,0.5
15624,0.5
15625,0.5
15626,0.5
15627,0.5
15628,0.5
15629,0.5
15630,0.5
15631,0.5
15632,0.5
15633,0.5
15634,0.5
15635,0.5
15636,0.5
15637,0.5
15638,0.5
15639,0.5
15640,0.5
15641,0.5
15642,0.5
15643,0.5
15644,0.5
15645,0.5
15646,0.5
15647,0.5
15648,0.5
15649,0.5
15650,0.5
15651,0.5
15652,0.5
15653,0.5
15654,0.5
15655,0.5
15656,0.5
15657,0.5
15658,0.5
15659,0.5
15660,0.5
15661,0.5
15662,0.5
15663,0.5
15664,0.5
15665,0.5
15666,0.5
15667,0.5
15668,0.5
15669,0.5
15670,0.5
15671,0.5
15672,0.5
15673,0.5
15674,0.5
15675,0.5
15676,0.5
15677,0.5
15678,0.5
15679,0.5
15680,0.5
15681,0.5
15682,0.5
15683,0.5
15684,0.5
15685,0.5
15686,0.5
15687,0.5
15688,0.5
15689,0.5
15690,0.5
15691,0.5
15692,0.5
15693,0.5
15694,0.5
15695,0.5
15696,0.5
15697,0.5
15698,0.5
15699,0.5
15700,0.5
15701,0.5
15702,0.5
15703,0.5
15704,0.5
15705,0.5
15706,0.5
15707,0.5
15708,0.5
15709,0.5
15710,0.5
15711,0.5
15712,0.5
15713,0.5
15714,0.5
15715,0.5
15716,0.5
15717,0.5
15718,0.5
15719,0.5
15720,0.5
15721,0.5
15722,0.5
15723,0.5
15724,0.5
15725,0.5
15726,0.5
15727,0.5
15728,0.5
15729,0.5
15730,0.5
15731,0.5
15732,0.5
15733,0.5
15734,0.5
15735,0.5
15736,0.5
15737,0.5
15738,0.5
15739,0.5
15740,0.5
15741,0.5
15742,0.5
15743,0.5
15744,0.5
15745,0.5
15746,0.5
15747,0.5
15748,0.5
15749,0.5
15750,0.5
15751,0.5
15752,0.5
15753,0.5
15754,0.5
15755,0.5
15756,0.5
15757,0.5
15758,0.5
15759,0.5
15760,0.5
15761,0.5
15762,0.5
15763,0.5
15764,0.5
15765,0.5
15766,0.5
15767,0.5
15768,0.5
15769,0.5
15770,0.5
15771,0.5
15772,0.5
15773,0.5
15774,0.5
15775,0.5
15776,0.5
15777,0.5
15778,0.5
15779,0.5
15780,0.5
15781,0.5
15782,0.5
15783,0.5
15784,0.5
15785,0.5
15786,0.5
15787,0.5
15788,0.5
15789,0.5
15790,0.5
15791,0.5
15792,0.5
15793,0.5
15794,0.5
15795,0.5
15796,0.5
15797,0.5
15798,0.5
15799,0.5
15800,0.5
15801,0.5
15802,0.5
15803,0.5
15804,0.5
15805,0.5
15806,0.5
15807,0.5
15808,0.5
15809,0.5
15810,0.5
15811,0.5
15812,0.5
15813,0.5
15814,0.5
15815,0.5
15816,0.5
15817,0.5
15818,0.5
15819,0.5
15820,0.5
15821,0.5
15822,0.5
15823,0.5
15824,0.5
15825,0.5
15826,0.5
15827,0.5
15828,0.5
15829,0.5
15830,0.5
15831,0.5
15832,0.5
15833,0.5
15834,0.5
15835,0.5
15836,0.5
15837,0.5
15838,0.5
15839,0.5
15840,0.5
15841,0.5
15842,0.5
15843,0.5
15844,0.5
15845,0.5
15846,0.5
15847,0.5
15848,0.5
15849,0.5
15850,0.5
15851,0.5
15852,0.5
15853,0.5
15854,0.5
15855,0.5
15856,0.5
15857,0.5
15858,0.5
15859,0.5
15860,0.5
15861,0.5
15862,0.5
15863,0.5
15864,0.5
15865,0.5
15866,0.5
15867,0.5
15868,0.5
15869,0.5
15870,0.5
15871,0.5
15872,0.5
15873,0.5
15874,0.5
15875,0.5
15876,0.5
15877,0.5
15878,0.5
15879,0.5
15880,0.5
15881,0.5
15882,0.5
15883,0.5
15884,0.5
15885,0.5
15886,0.5
15887,0.5
15888,0.5
15889,0.5
15890,0.5
15891,0.5
15892,0.5
15893,0.5
15894,0.5
15895,0.5
15896,0.5
15897,0.5
15898,0.5
15899,0.5
15900,0.5
15901,0.5
15902,0.5
15903,0.5
15904,0.5
15905,0.5
15906,0.5
15907,0.5
15908,0.5
15909,0.5
15910,0.5
15911,0.5
15912,0.5
15913,0.5
15914,0.5
15915,0.5
15916,0.5
15917,0.5
15918,0.5
15919,0.5
15920,0.5
15921,0.5
15922,0.5
15923,0.5
15924,0.5
15925,0.5
15926,0.5
15927,0.5
15928,0.5
15929,0.5
15930,0.5
15931,0.5
15932,0.5
15933,0.5
15934,0.5
15935,0.5
15936,0.5
15937,0.5
15938,0.5
15939,0.5
15940,0.5
15941,0.5
15942,0.5
15943,0.5
15944,0.5
15945,0.5
15946,0.5
15947,0.5
15948,0.5
15949,0.5
15950,0.5
15951,0.5
15952,0.5
15953,0.5
15954,0.5
15955,0.5
15956,0.5
15957,0.5
15958,0.5
15959,0.5
15960,0.5
15961,0.5
15962,0.5
15963,0.5
15964,0.5
15965,0.5
15966,0.5
15967,0.5
15968,0.5
15969,0.5
15970,0.5
15971,0.5
15972,0.5
15973,0.5
15974,0.5
15975,0.5
15976,0.5
15977,0.5
15978,0.5
15979,0.5
15980,0.5
15981,0.5
15982,0.5
15983,0.5
15984,0.5
15985,0.5
15986,0.5
15987,0.5
15988,0.5
15989,0.5
15990,0.5
15991,0.5
15992,0.5
15993,0.5
15994,0.5
15995,0.5
15996,0.5
15997,0.5
15998,0.5
15999,0.5
16000,0.5
16001,0.5
16002,0.5
16003,0.5
16004,0.5
16005,0.5
16006,0.5
16007,0.5
16008,0.5
16009,0.5
16010,0.5
16011,0.5
16012,0.5
16013,0.5
16014,0.5
16015,0.5
16016,0.5
16017,0.5
16018,0.5
16019,0.5
16020,0.5
16021,0.5
16022,0.5
16023,0.5
16024,0.5
16025,0.5
16026,0.5
16027,0.5
16028,0.5
16029,0.5
16030,0.5
16031,0.5
16032,0.5
16033,0.5
16034,0.6
16035,0.5991820999999999
16036,0.5983642
16037,0.5975463
16038,0.5967283999999999
16039,0.5959105
16040,0.5950926
16041,0.5942746999999999
16042,0.5934568
16043,0.5926389
16044,0.5918209999999999
16045,0.5910031
16046,0.5901852
16047,0.5893672999999999
16048,0.5885494
16049,0.5877315
16050,0.5869135999999999
16051,0.5860957
16052,0.5852778
16053,0.5844599
16054,0.583642
16055,0.5828241
16056,0.5820062
16057,0.5811883
16058,0.5803704
16059,0.5795525
16060,0.5787346
16061,0.5779167
16062,0.5770988
16063,0.5762809
16064,0.575463
16065,0.5746451
16066,0.5738272
16067,0.5730092999999999
16068,0.5721914
16069,0.5713735
16070,0.5705555999999999
16071,0.5697377
16072,0.5689198
16073,0.5681018999999999
16074,0.567284
16075,0.5664661
16076,0.5656481999999999
16077,0.5648303
16078,0.5640124
16079,0.5631944999999999
16080,0.5623766
16081,0.5615587
16082,0.5607407999999999
16083,0.5599229
16084,0.559105
16085,0.5582871
16086,0.5574692
16087,0.5566513
16088,0.5558334
16089,0.5550155
16090,0.5541976
16091,0.5533797
16092,0.5525618
16093,0.5517439
16094,0.550926
16095,0.5501081
16096,0.5492902
16097,0.5484723
16098,0.5476544
16099,0.5468365
16100,0.5460186
16101,0.5452007
16102,0.5443828
16103,0.5435649
16104,0.542747
16105,0.5419290999999999
16106,0.5411112
16107,0.5402933
16108,0.5394753999999999
16109,0.5386575
16110,0.5378396
16111,0.5370216999999999
16112,0.5362038
16113,0.5353859
16114,0.5345679999999999
16115,0.5337501
16116,0.5329322
16117,0.5321142999999999
16118,0.5312964
16119,0.5304785
16120,0.5296605999999999
16121,0.5288427
16122,0.5280248
16123,0.5272068999999999
16124,0.526389
16125,0.5255711
16126,0.5247531999999999
16127,0.5239353
16128,0.5231174
16129,0.5222995
16130,0.5214816
16131,0.5206637
16132,0.5198458
16133,0.5190279
16134,0.51821
16135,0.5173921
16136,0.5165742
16137,0.5157563
16138,0.5149384
16139,0.5141205
16140,0.5133025999999999
16141,0.5124847
16142,0.5116668
16143,0.5108488999999999
16144,0.510031
16145,0.5092131
16146,0.5083951999999999
16147,0.5075773
16148,0.5067594
16149,0.5059414999999999
16150,0.5051236
16151,0.5043057
16152,0.5034878
16153,0.5026699
16154,0.501852
16155,0.5010341
16156,0.5002162
16157,0.49939829999999996
16158,0.4985804
16159,0.4977625
16160,0.49694459999999996
16161,0.4961267
16162,0.4953088
16163,0.49449089999999996
16164,0.493673
16165,0.4928551
16166,0.49203719999999995
16167,0.49121929999999997
16168,0.4904014
16169,0.48958349999999995
16170,0.48876559999999997
16171,0.4879477
16172,0.48712979999999995
16173,0.48631189999999996
16174,0.485494
16175,0.4846761
16176,0.48385819999999996
16177,0.4830403
16178,0.4822224
16179,0.4814045
16180,0.4805866
16181,0.4797687
16182,0.4789508
16183,0.47813289999999997
16184,0.477315
16185,0.4764971
16186,0.47567919999999997
16187,0.4748613
16188,0.4740434
16189,0.47322549999999997
16190,0.4724076
16191,0.4715897
16192,0.47077179999999996
16193,0.4699539
16194,0.469136
16195,0.46831809999999996
16196,0.4675002
16197,0.4666823
16198,0.46586439999999996
16199,0.4650465
16200,0.4642286
16201,0.46341069999999995
16202,0.46259279999999997
16203,0.4617749
16204,0.46095699999999995
16205,0.46013909999999997
16206,0.4593212
16207,0.45850329999999995
16208,0.4576854
16209,0.4568675
16210,0.45604959999999994
16211,0.4552317
16212,0.4544138
16213,0.45359589999999994
16214,0.452778
16215,0.4519601
16216,0.4511422
16217,0.4503243
16218,0.4495064
16219,0.4486885
16220,0.4478706
16221,0.44705269999999997
16222,0.4462348
16223,0.4454169
16224,0.44459899999999997
16225,0.4437811
16226,0.4429632
16227,0.44214529999999996
16228,0.4413274
16229,0.4405095
16230,0.43969159999999996
16231,0.4388737
16232,0.4380558
16233,0.43723789999999996
16234,0.43642
16235,0.4356021
16236,0.43478419999999995
16237,0.43396629999999997
16238,0.4331484
16239,0.43233049999999995
16240,0.43151259999999997
16241,0.4306947
16242,0.42987679999999995
16243,0.4290589
16244,0.428241
16245,0.42742309999999994
16246,0.4266052
16247,0.4257873
16248,0.42496939999999994
16249,0.4241515
16250,0.4233336
16251,0.4225157
16252,0.4216978
16253,0.4208799
16254,0.420062
16255,0.4192441
16256,0.41842619999999997
16257,0.4176083
16258,0.4167904
16259,0.41597249999999997
16260,0.4151546
16261,0.4143367
16262,0.41351879999999996
16263,0.4127009
16264,0.411883
16265,0.41106509999999996
16266,0.4102472
16267,0.4094293
16268,0.40861139999999996
16269,0.4077935
16270,0.4069756
16271,0.40615769999999995
16272,0.4053398
16273,0.4045219
16274,0.40370399999999995
16275,0.40288609999999997
16276,0.4020682
16277,0.40125029999999995
16278,0.4004324
16279,0.3996145
16280,0.39879659999999995
16281,0.3979787
16282,0.3971608
16283,0.39634289999999994
16284,0.395525
16285,0.3947071
16286,0.3938892
16287,0.3930713
16288,0.3922534
16289,0.3914355
16290,0.3906176
16291,0.38979969999999997
16292,0.3889818
16293,0.3881639
16294,0.38734599999999997
16295,0.3865281
16296,0.3857102
16297,0.38489229999999997
16298,0.3840744
16299,0.3832565
16300,0.38243859999999996
16301,0.3816207
16302,0.3808028
16303,0.37998489999999996
16304,0.379167
16305,0.3783491
16306,0.37753119999999996
16307,0.5
16308,0.5
16309,0.5
16310,0.5
16311,0.5
16312,0.5
16313,0.5
16314,0.5
16315,0.5
16316,0.5
16317,0.5
16318,0.5
16319,0.5
16320,0.5
16321,0.5
16322,0.5
16323,0.5
16324,0.5
16325,0.5
16326,0.5
16327,0.5
16328,0.5
16329,0.5
16330,0.5
16331,0.5
16332,0.5
16333,0.5
16334,0.5
16335,0.5
16336,0.5
16337,0.5
16338,0.5
16339,0.5
16340,0.5
16341,0.5
16342,0.5
16343,0.5
16344,0.5
16345,0.5
16346,0.5
16347,0.5
16348,0.5
16349,0.5
16350,0.5
16351,0.5
16352,0.5
16353,0.5
16354,0.5
16355,0.5
16356,0.5
16357,0.5
16358,0.5
16359,0.5
16360,0.5
16361,0.5
16362,0.5
16363,0.5
16364,0.5
16365,0.5
16366,0.5
16367,0.5
16368,0.5
16369,0.5
16370,0.5
16371,0.5
16372,0.5
16373,0.5
16374,0.5
16375,0.5
16376,0.5
16377,0.5
16378,0.5
16379,0.5
16380,0.5
16381,0.5
16382,0.5
16383,0.5
16384,0.5
16385,0.5
16386,0.5
16387,0.5
16388,0.5
16389,0.5
16390,0.5
16391,0.5
16392,0.5
16393,0.5
16394,0.5
16395,0.5
16396,0.5
16397,0.5
16398,0.5
16399,0.5
16400,0.5
16401,0.5
16402,0.5
16403,0.5
16404,0.5
16405,0.5
16406,0.5
16407,0.5
16408,0.5
16409,0.5
16410,0.5
16411,0.5
16412,0.5
16413,0.5
16414,0.5
16415,0.5
16416,0.5
16417,0.5
16418,0.5
16419,0.5
16420,0.5
16421,0.5
16422,0.5
16423,0.5
16424,0.5
16425,0.5
16426,0.5
16427,0.5
16428,0.5
16429,0.5
16430,0.5
16431,0.5
16432,0.5
16433,0.5
16434,0.5
16435,0.5
16436,0.5
16437,0.5
16438,0.5
16439,0.5
16440,0.5
16441,0.5
16442,0.5
16443,0.5
16444,0.5
16445,0.5
16446,0.5
16447,0.5
16448,0.5
16449,0.5
16450,0.5
16451,0.5
16452,0.5
16453,0.5
16454,0.5
16455,0.5
16456,0.5
16457,0.5
16458,0.5
16459,0.5
16460,0.5
16461,0.5
16462,0.5
16463,0.5
16464,0.5
16465,0.5
16466,0.5
16467,0.5
16468,0.5
16469,0.5
16470,0.5
16471,0.5
16472,0.5
16473,0.5
16474,0.5
16475,0.5
16476,0.5
16477,0.5
16478,0.5
16479,0.5
16480,0.5
16481,0.5
16482,0.5
16483,0.5
16484,0.5
16485,0.5
16486,0.5
16487,0.5
16488,0.5
16489,0.5
16490,0.5
16491,0.5
16492,0.5
16493,0.5
16494,0.5
16495,0.5
16496,0.5
16497,0.5
16498,0.5
16499,0.5
16500,0.5
16501,0.5
16502,0.5
16503,0.5
16504,0.5
16505,0.5
16506,0.5
16507,0.5
16508,0.5
16509,0.5
16510,0.5
16511,0.5
16512,0.5
16513,0.5
16514,0.5
16515,0.5
16516,0.5
16517,0.5
16518,0.5
16519,0.5
16520,0.5
16521,0.5
16522,0.5
16523,0.5
16524,0.5
16525,0.5
16526,0.5
16527,0.5
16528,0.5
16529,0.5
16530,0.5
16531,0.5
16532,0.5
16533,0.5
16534,0.5
16535,0.5
16536,0.5
16537,0.5
16538,0.5
16539,0.5
16540,0.5
16541,0.5
16542,0.5
16543,0.5
16544,0.5
16545,0.5
16546,0.5
16547,0.5
16548,0.5
16549,0.5
16550,0.5
16551,0.5
16552,0.5
16553,0.5
16554,0.5
16555,0.5
16556,0.5
16557,0.5
16558,0.5
16559,0.5
16560,0.5
16561,0.5
16562,0.5
16563,0.5
16564,0.5
16565,0.5
16566,0.5
16567,0.5
16568,0.5
16569,0.5
16570,0.5
16571,0.5
16572,0.5
16573,0.5
16574,0.5
16575,0.5
16576,0.5
16577,0.5
16578,0.5
16579,0.5
16580,0.5
16581,0.5
16582,0.5
16583,0.5
16584,0.5
16585,0.5
16586,0.5
16587,0.5
16588,0.5
16589,0.5
16590,0.5
16591,0.5
16592,0.5
16593,0.5
16594,0.5
16595,0.5
16596,0.5
16597,0.5
16598,0.5
16599,0.5
16600,0.5
16601,0.5
16602,0.5
16603,0.5
16604,0.5
16605,0.5
16606,0.5
16607,0.5
16608,0.5
16609,0.5
16610,0.5
16611,0.5
16612,0.5
16613,0.5
16614,0.5
16615,0.5
16616,0.5
16617,0.5
16618,0.5
16619,0.5
16620,0.5
16621,0.5
16622,0.5
16623,0.5
16624,0.5
16625,0.5
16626,0.5
16627,0.5
16628,0.5
16629,0.5
16630,0.5
16631,0.5
16632,0.5
16633,0.5
16634,0.5
16635,0.5
16636,0.5
16637,0.5
16638,0.5
16639,0.5
16640,0.5
16641,0.5
16642,0.5
16643,0.5
16644,0.5
16645,0.5
16646,0.5
16647,0.5
16648,0.5
16649,0.5
16650,0.5
16651,0.5
16652,0.5
16653,0.5
16654,0.5
16655,0.5
16656,0.5
16657,0.5
16658,0.5
16659,0.5
16660,0.5
16661,0.5
16662,0.5
16663,0.5
16664,0.5
16665,0.5
16666,0.5
16667,0.5
16668,0.5
16669,0.5
16670,0.5
16671,0.5
16672,0.5
16673,0.5
16674,0.5
16675,0.5
16676,0.5
16677,0.5
16678,0.5
16679,0.5
16680,0.5
16681,0.5
16682,0.5
16683,0.5
16684,0.5
16685,0.5
16686,0.5
16687,0.5
16688,0.5
16689,0.5
16690,0.5
16691,0.5
16692,0.5
16693,0.5
16694,0.5
16695,0.5
16696,0.5
16697,0.5
16698,0.5
16699,0.5
16700,0.5
16701,0.5
16702,0.5
16703,0.5
16704,0.5
16705,0.5
16706,0.5
16707,0.5
16708,0.5
16709,0.5
16710,0.5
16711,0.5
16712,0.5
16713,0.5
16714,0.5
16715,0.5
16716,0.5
16717,0.5
16718,0.5
16719,0.5
16720,0.5
16721,0.5
16722,0.5
16723,0.5
16724,0.5
16725,0.5
16726,0.5
16727,0.5
16728,0.5
16729,0.5
16730,0.5
16731,0.5
16732,0.5
16733,0.5
16734,0.5
16735,0.5
16736,0.5
16737,0.5
16738,0.5
16739,0.5
16740,0.5
16741,0.5
16742,0.5
16743,0.5
16744,0.5
16745,0.5
16746,0.5
16747,0.5
16748,0.5
16749,0.5
16750,0.5
16751,0.5
16752,0.5
16753,0.5
16754,0.5
16755,0.5
16756,0.5
16757,0.5
16758,0.5
16759,0.5
16760,0.5
16761,0.5
16762,0.5
16763,0.5
16764,0.5
16765,0.5
16766,0.5
16767,0.5
16768,0.5
16769,0.5
16770,0.5
16771,0.5
16772,0.5
16773,0.5
16774,0.5
16775,0.5
16776,0.5
16777,0.5
16778,0.5
16779,0.5
16780,0.5
16781,0.5
16782,0.5
16783,0.5
16784,0.5
16785,0.5
16786,0.5
16787,0.5
16788,0.5
16789,0.5
16790,0.5
16791,0.5
16792,0.5
16793,0.5
16794,0.5
16795,0.5
16796,0.5
16797,0.5
16798,0.5
16799,0.5
16800,0.5
16801,0.5
16802,0.5
16803,0.5
16804,0.5
16805,0.5
16806,0.5
16807,0.5
16808,0.5
16809,0.5
16810,0.5
16811,0.5
16812,0.5
16813,0.5
16814,0.5
16815,0.5
16816,0.5
16817,0.5
16818,0.5
16819,0.5
16820,0.5
16821,0.5
16822,0.5
16823,0.5
16824,0.5
16825,0.5
16826,0.5
16827,0.5
16828,0.5
16829,0.5
16830,0.5
16831,0.5
16832,0.5
16833,0.5
16834,0.5
16835,0.5
16836,0.5
16837,0.5
16838,0.5
16839,0.5
16840,0.5
16841,0.5
16842,0.5
16843,0.5
16844,0.5
16845,0.5
16846,0.5
16847,0.5
16848,0.5
16849,0.5
16850,0.5
16851,0.5
16852,0.5
16853,0.5
16854,0.5
16855,0.5
16856,0.5
16857,0.5
16858,0.5
16859,0.5
16860,0.5
16861,0.5
16862,0.5
16863,0.5
16864,0.5
16865,0.5
16866,0.5
16867,0.5
16868,0.5
16869,0.5
16870,0.5
16871,0.5
16872,0.5
16873,0.5
16874,0.5
16875,0.5
16876,0.5
16877,0.5
16878,0.5
16879,0.5
16880,0.5
16881,0.5
16882,0.5
16883,0.5
16884,0.5
16885,0.5
16886,0.5
16887,0.5
16888,0.5
16889,0.5
16890,0.5
16891,0.5
16892,0.5
16893,0.5
16894,0.5
16895,0.5
16896,0.5
16897,0.5
16898,0.5
16899,0.5
16900,0.5
16901,0.5
16902,0.5
16903,0.5
16904,0.5
16905,0.5
16906,0.5
16907,0.5
16908,0.5
16909,0.5
16910,0.5
16911,0.5
16912,0.5
16913,0.5
16914,0.5
16915,0.5
16916,0.5
16917,0.5
16918,0.5
16919,0.5
16920,0.5
16921,0.5
16922,0.5
16923,0.5
16924,0.5
16925,0.5
16926,0.5
16927,0.5
16928,0.5
16929,0.5
16930,0.5
16931,0.5
16932,0.5
16933,0.5
16934,0.5
16935,0.5
16936,0.5
16937,0.5
16938,0.5
16939,0.5
16940,0.5
16941,0.5
16942,0.5
16943,0.6
16944,0.59981
16945,0.5996199999999999
16946,0.59943
16947,0.59924
16948,0.59905
16949,0.59886
16950,0.5986699999999999
16951,0.59848
16952,0.59829
16953,0.5981
16954,0.5979099999999999
16955,0.59772
16956,0.59753
16957,0.59734
16958,0.59715
16959,0.5969599999999999
16960,0.59677
16961,0.59658
16962,0.59639
16963,0.5962
16964,0.5960099999999999
16965,0.59582
16966,0.59563
16967,0.59544
16968,0.59525
16969,0.5950599999999999
16970,0.59487
16971,0.59468
16972,0.59449
16973,0.5942999999999999
16974,0.59411
16975,0.59392
16976,0.59373
16977,0.59354
16978,0.5933499999999999
16979,0.59316
16980,0.59297
16981,0.59278
16982,0.59259
16983,0.5923999999999999
16984,0.59221
16985,0.59202
16986,0.59183
16987,0.5916399999999999
16988,0.59145
16989,0.59126
16990,0.59107
16991,0.59088
16992,0.5906899999999999
16993,0.5905
16994,0.59031
16995,0.59012
16996,0.58993
16997,0.5897399999999999
16998,0.58955
16999,0.58936
17000,0.58917
17001,0.58898
17002,0.5887899999999999
17003,0.5886
17004,0.58841
17005,0.58822
17006,0.5880299999999999
17007,0.58784
17008,0.58765
17009,0.58746
17010,0.58727
17011,0.5870799999999999
17012,0.58689
17013,0.5867
17014,0.58651
17015,0.58632
17016,0.5861299999999999
17017,0.58594
17018,0.58575
17019,0.58556
17020,0.58537
17021,0.5851799999999999
17022,0.58499
17023,0.5848
17024,0.58461
17025,0.5844199999999999
17026,0.58423
17027,0.58404
17028,0.58385
17029,0.58366
17030,0.5834699999999999
17031,0.58328
17032,0.58309
17033,0.5829
17034,0.58271
17035,0.5825199999999999
17036,0.58233
17037,0.58214
17038,0.58195
17039,0.5817599999999999
17040,0.5815699999999999
17041,0.58138
17042,0.58119
17043,0.581
17044,0.5808099999999999
17045,0.58062
17046,0.58043
17047,0.58024
17048,0.58005
17049,0.5798599999999999
17050,0.57967
17051,0.57948
17052,0.57929
17053,0.5791
17054,0.5789099999999999
17055,0.57872
17056,0.57853
17057,0.57834
17058,0.5781499999999999
17059,0.57796
17060,0.57777
17061,0.57758
17062,0.57739
17063,0.5771999999999999
17064,0.57701
17065,0.57682
17066,0.57663
17067,0.57644
17068,0.5762499999999999
17069,0.57606
17070,0.57587
17071,0.57568
17072,0.57549
17073,0.5752999999999999
17074,0.57511
17075,0.57492
17076,0.57473
17077,0.5745399999999999
17078,0.57435
17079,0.57416
17080,0.57397
17081,0.57378
17082,0.5735899999999999
17083,0.5734
17084,0.57321
17085,0.57302
17086,0.57283
17087,0.5726399999999999
17088,0.57245
17089,0.57226
17090,0.57207
17091,0.5718799999999999
17092,0.57169
17093,0.5715
17094,0.57131
17095,0.57112
17096,0.5709299999999999
17097,0.57074
17098,0.57055
17099,0.57036
17100,0.57017
17101,0.5699799999999999
17102,0.56979
17103,0.5696
17104,0.56941
17105,0.56922
17106,0.5690299999999999
17107,0.56884
17108,0.56865
17109,0.56846
17110,0.5682699999999999
17111,0.5680799999999999
17112,0.56789
17113,0.5677
17114,0.56751
17115,0.5673199999999999
17116,0.56713
17117,0.56694
17118,0.56675
17119,0.56656
17120,0.5663699999999999
17121,0.56618
17122,0.56599
17123,0.5658
17124,0.56561
17125,0.56542
17126,0.56523
17127,0.56504
17128,0.56485
17129,0.5646599999999999
17130,0.56447
17131,0.56428
17132,0.56409
17133,0.5639
17134,0.5637099999999999
17135,0.56352
17136,0.56333
17137,0.56314
17138,0.56295
17139,0.5627599999999999
17140,0.56257
17141,0.56238
17142,0.56219
17143,0.5619999999999999
17144,0.5618099999999999
17145,0.56162
17146,0.56143
17147,0.56124
17148,0.5610499999999999
17149,0.56086
17150,0.56067
17151,0.56048
17152,0.56029
17153,0.5600999999999999
17154,0.55991
17155,0.55972
17156,0.55953
17157,0.55934
17158,0.5591499999999999
17159,0.55896
17160,0.55877
17161,0.55858
17162,0.5583899999999999
17163,0.5582
17164,0.55801
17165,0.55782
17166,0.55763
17167,0.5574399999999999
17168,0.55725
17169,0.55706
17170,0.55687
17171,0.55668
17172,0.5564899999999999
17173,0.5563
17174,0.55611
17175,0.55592
17176,0.55573
17177,0.5555399999999999
17178,0.55535
17179,0.55516
17180,0.55497
17181,0.5547799999999999
17182,0.5545899999999999
17183,0.5544
17184,0.55421
17185,0.55402
17186,0.5538299999999999
17187,0.55364
17188,0.55345
17189,0.55326
17190,0.55307
17191,0.5528799999999999
17192,0.55269
17193,0.5525
17194,0.55231
17195,0.5521199999999999
17196,0.55193
17197,0.55174
17198,0.55155
17199,0.55136
17200,0.5511699999999999
17201,0.55098
17202,0.55079
17203,0.5506
17204,0.55041
17205,0.5502199999999999
17206,0.55003
17207,0.54984
17208,0.54965
17209,0.54946
17210,0.5492699999999999
17211,0.54908
17212,0.54889
17213,0.5487
17214,0.5485099999999999
17215,0.5483199999999999
17216,0.54813
17217,0.54794
17218,0.54775
17219,0.5475599999999999
17220,0.54737
17221,0.54718
17222,0.54699
17223,0.5468
17224,0.5466099999999999
17225,0.6
17226,0.6003149999999999
17227,0.60063
17228,0.600945
17229,0.60126
17230,0.601575
17231,0.6018899999999999
17232,0.602205
17233,0.60252
17234,0.602835
17235,0.60315
17236,0.603465
17237,0.60378
17238,0.6040949999999999
17239,0.60441
17240,0.604725
17241,0.60504
17242,0.605355
17243,0.6056699999999999
17244,0.605985
17245,0.6063
17246,0.606615
17247,0.60693
17248,0.6072449999999999
17249,0.60756
17250,0.6078749999999999
17251,0.60819
17252,0.608505
17253,0.60882
17254,0.609135
17255,0.6094499999999999
17256,0.609765
17257,0.61008
17258,0.610395
17259,0.61071
17260,0.6110249999999999
17261,0.61134
17262,0.611655
17263,0.61197
17264,0.612285
17265,0.6126
17266,0.612915
17267,0.6132299999999999
17268,0.613545
17269,0.61386
17270,0.614175
17271,0.61449
17272,0.6148049999999999
17273,0.61512
17274,0.615435
17275,0.61575
17276,0.616065
17277,0.6163799999999999
17278,0.616695
17279,0.61701
17280,0.617325
17281,0.61764
17282,0.617955
17283,0.61827
17284,0.6185849999999999
17285,0.6189
17286,0.619215
17287,0.61953
17288,0.619845
17289,0.6201599999999999
17290,0.620475
17291,0.62079
17292,0.621105
17293,0.62142
17294,0.5
17295,0.5023
17296,0.5046
17297,0.5069
17298,0.5092
17299,0.5115
17300,0.5138
17301,0.5161
17302,0.5184
17303,0.5207
17304,0.523
17305,0.5253
17306,0.5276
17307,0.5299
17308,0.5322
17309,0.5345
17310,0.5367999999999999
17311,0.5391
17312,0.5414
17313,0.5437
17314,0.546
17315,0.5483
17316,0.5506
17317,0.5529
17318,0.5552
17319,0.5575
17320,0.5598
17321,0.5621
17322,0.5644
17323,0.5667
17324,0.569
17325,0.5713
17326,0.5736
17327,0.5759
17328,0.5782
17329,0.5805
17330,0.5828
17331,0.5851
17332,0.5874
17333,0.5897
17334,0.592
17335,0.5943
17336,0.5966
17337,0.5989
17338,0.6012
17339,0.6035
17340,0.6058
17341,0.6081
17342,0.6104
17343,0.6127
17344,0.615
17345,0.6173
17346,0.6196
17347,0.6219
17348,0.6242
17349,0.6265000000000001
17350,0.6288
17351,0.6311
17352,0.6334
17353,0.6356999999999999
17354,0.638
17355,0.6403
17356,0.6426000000000001
17357,0.6449
17358,0.6472
17359,0.6495
17360,0.6517999999999999
17361,0.6541
17362,0.6564
17363,0.6587000000000001
17364,0.661
17365,0.6633
17366,0.6656
17367,0.6678999999999999
17368,0.6702
17369,0.6725
17370,0.6748000000000001
17371,0.5
17372,0.502
17373,0.504
17374,0.506
17375,0.508
17376,0.51
17377,0.512
17378,0.514
17379,0.516
17380,0.518
17381,0.52
17382,0.522
17383,0.524
17384,0.526
17385,0.528
17386,0.53
17387,0.532
17388,0.534
17389,0.536
17390,0.538
17391,0.54
17392,0.542
17393,0.544
17394,0.546
17395,0.548
17396,0.55
17397,0.552
17398,0.554
17399,0.556
17400,0.558
17401,0.56
17402,0.562
17403,0.5640000000000001
17404,0.5660000000000001
17405,0.5680000000000001
17406,0.5700000000000001
17407,0.5720000000000001
17408,0.574
17409,0.576
17410,0.578
17411,0.58
17412,0.582
17413,0.584
17414,0.586
17415,0.588
17416,0.59
17417,0.592
17418,0.594
17419,0.596
17420,0.598
17421,0.6
17422,0.602
17423,0.604
17424,0.606
17425,0.608
17426,0.61
17427,0.612
17428,0.614
17429,0.616
17430,0.618
17431,0.62
17432,0.622
17433,0.624
17434,0.626
17435,0.628
17436,0.63
17437,0.632
17438,0.634
17439,0.636
17440,0.638
17441,0.64
17442,0.642
17443,0.644
17444,0.646
17445,0.648
17446,0.65
17447,0.652
17448,0.5
17449,0.50018876
17450,0.50037752
17451,0.50056628
17452,0.50075504
17453,0.5009438
17454,0.50113256
17455,0.50132132
17456,0.50151008
17457,0.50169884
17458,0.5018876
17459,0.50207636
17460,0.50226512
17461,0.50245388
17462,0.50264264
17463,0.5028314
17464,0.50302016
17465,0.50320892
17466,0.50339768
17467,0.50358644
17468,0.5037752
17469,0.50396396
17470,0.50415272
17471,0.50434148
17472,0.50453024
17473,0.504719
17474,0.50490776
17475,0.50509652
17476,0.50528528
17477,0.50547404
17478,0.5056628
17479,0.50585156
17480,0.50604032
17481,0.50622908
17482,0.50641784
17483,0.5066066
17484,0.50679536
17485,0.50698412
17486,0.50717288
17487,0.50736164
17488,0.5075504
17489,0.50773916
17490,0.50792792
17491,0.50811668
17492,0.50830544
17493,0.5084942
17494,0.50868296
17495,0.50887172
17496,0.50906048
17497,0.50924924
17498,0.509438
17499,0.50962676
17500,0.50981552
17501,0.51000428
17502,0.51019304
17503,0.5103818
17504,0.51057056
17505,0.51075932
17506,0.51094808
17507,0.51113684
17508,0.5113256
17509,0.51151436
17510,0.51170312
17511,0.51189188
17512,0.51208064
17513,0.5122694
17514,0.51245816
17515,0.51264692
17516,0.51283568
17517,0.51302444
17518,0.5132132
17519,0.51340196
17520,0.5135907200000001
17521,0.51377948
17522,0.51396824
17523,0.514157
17524,0.51434576
17525,0.51453452
17526,0.51472328
17527,0.51491204
17528,0.5151008
17529,0.51528956
17530,0.51547832
17531,0.51566708
17532,0.51585584
17533,0.5160446
17534,0.51623336
17535,0.51642212
17536,0.51661088
17537,0.51679964
17538,0.5169884
17539,0.51717716
17540,0.51736592
17541,0.51755468
17542,0.51774344
17543,0.5179322
17544,0.51812096
17545,0.51830972
17546,0.51849848
17547,0.51868724
17548,0.518876
17549,0.51906476
17550,0.51925352
17551,0.51944228
17552,0.51963104
17553,0.5198198
17554,0.52000856
17555,0.52019732
17556,0.52038608
17557,0.52057484
17558,0.5207636
17559,0.52095236
17560,0.52114112
17561,0.52132988
17562,0.52151864
17563,0.5217074
17564,0.52189616
17565,0.52208492
17566,0.52227368
17567,0.52246244
17568,0.5226512
17569,0.52283996
17570,0.52302872
17571,0.52321748
17572,0.52340624
17573,0.523595
17574,0.52378376
17575,0.52397252
17576,0.52416128
17577,0.52435004
17578,0.5245388
17579,0.52472756
17580,0.52491632
17581,0.52510508
17582,0.52529384
17583,0.5254826
17584,0.52567136
17585,0.52586012
17586,0.52604888
17587,0.52623764
17588,0.5264264
17589,0.52661516
17590,0.52680392
17591,0.52699268
17592,0.52718144
17593,0.5273702
17594,0.52755896
17595,0.52774772
17596,0.52793648
17597,0.52812524
17598,0.528314
17599,0.52850276
17600,0.52869152
17601,0.52888028
17602,0.52906904
17603,0.5292578
17604,0.52944656
17605,0.52963532
17606,0.52982408
17607,0.53001284
17608,0.5302016
17609,0.53039036
17610,0.53057912
17611,0.53076788
17612,0.53095664
17613,0.5311454
17614,0.53133416
17615,0.53152292
17616,0.53171168
17617,0.53190044
17618,0.5320892
17619,0.53227796
17620,0.53246672
17621,0.53265548
17622,0.53284424
17623,0.533033
17624,0.53322176
17625,0.53341052
17626,0.53359928
17627,0.53378804
17628,0.5339768
17629,0.53416556
17630,0.53435432
17631,0.53454308
17632,0.53473184
17633,0.5349206
17634,0.53510936
17635,0.53529812
17636,0.53548688
17637,0.53567564
17638,0.5358644
17639,0.53605316
17640,0.53624192
17641,0.53643068
17642,0.53661944
17643,0.5368082
17644,0.53699696
17645,0.53718572
17646,0.53737448
17647,0.53756324
17648,0.537752
17649,0.53794076
17650,0.53812952
17651,0.53831828
17652,0.53850704
17653,0.5386958
17654,0.53888456
17655,0.53907332
17656,0.53926208
17657,0.53945084
17658,0.5396396
17659,0.53982836
17660,0.54001712
17661,0.54020588
17662,0.54039464
17663,0.5405834
17664,0.54077216
17665,0.54096092
17666,0.54114968
17667,0.54133844
17668,0.5415272
17669,0.54171596
17670,0.54190472
17671,0.54209348
17672,0.54228224
17673,0.542471
17674,0.54265976
17675,0.54284852
17676,0.54303728
17677,0.54322604
17678,0.5434148
17679,0.54360356
17680,0.54379232
17681,0.54398108
17682,0.54416984
17683,0.5443586
17684,0.54454736
17685,0.54473612
17686,0.54492488
17687,0.54511364
17688,0.5453024
17689,0.54549116
17690,0.54567992
17691,0.54586868
17692,0.54605744
17693,0.5462462
17694,0.54643496
17695,0.54662372
17696,0.54681248
17697,0.5470012399999999
17698,0.54719
17699,0.54737876
17700,0.54756752
17701,0.54775628
17702,0.54794504
17703,0.5481338
17704,0.54832256
17705,0.54851132
17706,0.54870008
17707,0.54888884
17708,0.5490775999999999
17709,0.54926636
17710,0.54945512
17711,0.54964388
17712,0.54983264
17713,0.5500214
17714,0.55021016
17715,0.55039892
17716,0.55058768
17717,0.55077644
17718,0.5509652
17719,0.5511539599999999
17720,0.55134272
17721,0.55153148
17722,0.55172024
17723,0.551909
17724,0.55209776
17725,0.55228652
17726,0.55247528
17727,0.55266404
17728,0.5528528
17729,0.55304156
17730,0.5532303199999999
17731,0.55341908
17732,0.55360784
17733,0.5537966
17734,0.55398536
17735,0.55417412
17736,0.55436288
17737,0.55455164
17738,0.5547404
17739,0.55492916
17740,0.55511792
17741,0.55530668
17742,0.55549544
17743,0.5556842
17744,0.55587296
17745,0.55606172
17746,0.55625048
17747,0.55643924
17748,0.556628
17749,0.55681676
17750,0.55700552
17751,0.55719428
17752,0.55738304
17753,0.5575718
17754,0.55776056
17755,0.55794932
17756,0.55813808
17757,0.55832684
17758,0.5585156
17759,0.55870436
17760,0.55889312
17761,0.55908188
17762,0.55927064
17763,0.5594594
17764,0.55964816
17765,0.55983692
17766,0.56002568
17767,0.56021444
17768,0.5604032
17769,0.56059196
17770,0.56078072
17771,0.56096948
17772,0.56115824
17773,0.561347
17774,0.56153576
17775,0.56172452
17776,0.56191328
17777,0.56210204
17778,0.5622908
17779,0.56247956
17780,0.56266832
17781,0.56285708
17782,0.56304584
17783,0.5632346
17784,0.56342336
17785,0.5636121199999999
17786,0.5638008800000001
17787,0.56398964
17788,0.5641784
17789,0.56436716
17790,0.56455592
17791,0.56474468
17792,0.56493344
17793,0.5651222
17794,0.56531096
17795,0.56549972
17796,0.56568848
17797,0.5658772400000001
17798,0.566066
17799,0.56625476
17800,0.56644352
17801,0.56663228
17802,0.56682104
17803,0.5670098
17804,0.56719856
17805,0.56738732
17806,0.56757608
17807,0.56776484
17808,0.5679536000000001
17809,0.56814236
17810,0.56833112
17811,0.56851988
17812,0.56870864
17813,0.5688974
17814,0.56908616
17815,0.56927492
17816,0.56946368
17817,0.56965244
17818,0.5698412
17819,0.5700299600000001
17820,0.57021872
17821,0.57040748
17822,0.57059624
17823,0.570785
17824,0.57097376
17825,0.57116252
17826,0.57135128
17827,0.57154004
17828,0.5717288
17829,0.57191756
17830,0.5721063200000001
17831,0.57229508
17832,0.57248384
17833,0.5726726
17834,0.57286136
17835,0.57305012
17836,0.57323888
17837,0.57342764
17838,0.5736164
17839,0.57380516
17840,0.57399392
17841,0.5741826800000001
17842,0.57437144
17843,0.5745602
17844,0.57474896
17845,0.57493772
17846,0.57512648
17847,0.57531524
17848,0.575504
17849,0.57569276
17850,0.57588152
17851,0.57607028
17852,0.5762590400000001
17853,0.5764478
17854,0.57663656
17855,0.57682532
17856,0.57701408
17857,0.57720284
17858,0.5773916
17859,0.57758036
17860,0.57776912
17861,0.57795788
17862,0.57814664
17863,0.5783354
17864,0.57852416
17865,0.57871292
17866,0.57890168
17867,0.57909044
17868,0.5792792
17869,0.57946796
17870,0.57965672
17871,0.57984548
17872,0.58003424
17873,0.580223
17874,0.58041176
17875,0.58060052
17876,0.58078928
17877,0.58097804
17878,0.5811668
17879,0.58135556
17880,0.58154432
17881,0.58173308
17882,0.58192184
17883,0.5821106
17884,0.58229936
17885,0.58248812
17886,0.58267688
17887,0.58286564
17888,0.5830544
17889,0.58324316
17890,0.58343192
17891,0.58362068
17892,0.58380944
17893,0.5839982
17894,0.58418696
17895,0.58437572
17896,0.58456448
17897,0.58475324
17898,0.584942
17899,0.58513076
17900,0.58531952
17901,0.58550828
17902,0.58569704
17903,0.5858858
17904,0.58607456
17905,0.58626332
17906,0.58645208
17907,0.58664084
17908,0.5868296
17909,0.58701836
17910,0.58720712
17911,0.58739588
17912,0.58758464
17913,0.5877734
17914,0.58796216
17915,0.58815092
17916,0.58833968
17917,0.58852844
17918,0.5887172
17919,0.58890596
17920,0.58909472
17921,0.58928348
17922,0.58947224
17923,0.589661
17924,0.58984976
17925,0.59003852
17926,0.59022728
17927,0.59041604
17928,0.5906048
17929,0.59079356
17930,0.59098232
17931,0.59117108
17932,0.59135984
17933,0.5915486
17934,0.59173736
17935,0.59192612
17936,0.59211488
17937,0.59230364
17938,0.5
17939,0.5
17940,0.5
17941,0.5
17942,0.5
17943,0.5
17944,0.5
17945,0.5
17946,0.5
17947,0.5
17948,0.5
17949,0.5
17950,0.5
17951,0.5
17952,0.5
17953,0.5
17954,0.5
17955,0.5
17956,0.5
17957,0.5
17958,0.5
17959,0.5
17960,0.5
17961,0.5
17962,0.5
17963,0.5
17964,0.5
17965,0.5
17966,0.5
17967,0.5
17968,0.5
17969,0.5
17970,0.5
17971,0.5
17972,0.5
17973,0.5
17974,0.5
17975,0.5
17976,0.5
17977,0.5
17978,0.5
17979,0.5
17980,0.5
17981,0.5
17982,0.5
17983,0.5
17984,0.5
17985,0.5
17986,0.5
17987,0.5
17988,0.5
17989,0.5
17990,0.5
17991,0.5
17992,0.5
17993,0.5
17994,0.5
17995,0.5
17996,0.5
17997,0.5
17998,0.5
17999,0.5
18000,0.5
18001,0.5
18002,0.5
18003,0.5
18004,0.5
18005,0.5
18006,0.5
18007,0.5
18008,0.5
18009,0.5
18010,0.5
18011,0.5
18012,0.5
18013,0.5
18014,0.5
18015,0.5
18016,0.5
18017,0.5
18018,0.5
18019,0.5
18020,0.5
18021,0.5
18022,0.5
18023,0.5
18024,0.5
18025,0.5
18026,0.5
18027,0.5
18028,0.5
18029,0.5
18030,0.5
18031,0.5
18032,0.5
18033,0.5
18034,0.5
18035,0.5
18036,0.5
18037,0.5
18038,0.5
18039,0.5
18040,0.5
18041,0.5
18042,0.5
18043,0.5
18044,0.5
18045,0.5
18046,0.5
18047,0.5
18048,0.5
18049,0.5
18050,0.5
18051,0.5
18052,0.5
18053,0.5
18054,0.5
18055,0.5
18056,0.5
18057,0.5
18058,0.5
18059,0.5
18060,0.5
18061,0.5
18062,0.5
18063,0.5
18064,0.5
18065,0.5
18066,0.5
18067,0.5
18068,0.5
18069,0.5
18070,0.5
18071,0.5
18072,0.5
18073,0.5
18074,0.5
18075,0.5
18076,0.5
18077,0.5
18078,0.5
18079,0.5
18080,0.5
18081,0.5
18082,0.5
18083,0.5
18084,0.5
18085,0.5
18086,0.5
18087,0.5
18088,0.5
18089,0.5
18090,0.5
18091,0.5
18092,0.5
18093,0.5
18094,0.5
18095,0.5
18096,0.5
18097,0.5
18098,0.5
18099,0.5
18100,0.5
18101,0.5
18102,0.5
18103,0.5
18104,0.5
18105,0.5
18106,0.5
18107,0.5
18108,0.5
18109,0.5
18110,0.5
18111,0.5
18112,0.5
18113,0.5
18114,0.5
18115,0.5
18116,0.5
18117,0.5
18118,0.5
18119,0.5
18120,0.5
18121,0.5
18122,0.5
18123,0.5
18124,0.5
18125,0.5
18126,0.5
18127,0.5
18128,0.5
18129,0.5
18130,0.5
18131,0.5
18132,0.5
18133,0.5
18134,0.5
18135,0.5
18136,0.5
18137,0.5
18138,0.5
18139,0.5
18140,0.5
18141,0.5
18142,0.5
18143,0.5
18144,0.5
18145,0.5
18146,0.5
18147,0.5
18148,0.5
18149,0.5
18150,0.5
18151,0.5
18152,0.5
18153,0.5
18154,0.5
18155,0.5
18156,0.5
18157,0.5
18158,0.5
18159,0.5
18160,0.5
18161,0.5
18162,0.5
18163,0.5
18164,0.5
18165,0.5
18166,0.5
18167,0.5
18168,0.5
18169,0.5
18170,0.5
18171,0.5
18172,0.5
18173,0.5
18174,0.5
18175,0.5
18176,0.5
18177,0.5
18178,0.5
18179,0.5
18180,0.5
18181,0.5
18182,0.5
18183,0.5
18184,0.5
18185,0.5
18186,0.5
18187,0.5
18188,0.5
18189,0.5
18190,0.5
18191,0.5
18192,0.5
18193,0.5
18194,0.5
18195,0.5
18196,0.5
18197,0.5
18198,0.5
18199,0.5
18200,0.5
18201,0.5
18202,0.5
18203,0.5
18204,0.5
18205,0.5
18206,0.5
18207,0.5
18208,0.5
18209,0.5
18210,0.5
18211,0.5
18212,0.5
18213,0.5
18214,0.5
18215,0.5
18216,0.5
18217,0.5
18218,0.5
18219,0.5
18220,0.5
18221,0.5
18222,0.5
18223,0.5
18224,0.5
18225,0.5
18226,0.5
18227,0.5
18228,0.5
18229,0.5
18230,0.5
18231,0.5
18232,0.5
18233,0.5
18234,0.5
18235,0.5
18236,0.5
18237,0.5
18238,0.5
18239,0.5
18240,0.5
18241,0.5
18242,0.5
18243,0.5
18244,0.5
18245,0.5
18246,0.5
18247,0.5
18248,0.5
18249,0.5
18250,0.5
18251,0.5
18252,0.5
18253,0.5
18254,0.5
18255,0.5
18256,0.5
18257,0.5
18258,0.5
18259,0.5
18260,0.5
18261,0.5
18262,0.5
18263,0.5
18264,0.5
18265,0.5
18266,0.5
18267,0.5
18268,0.5
18269,0.5
18270,0.5
18271,0.5
18272,0.5
18273,0.5
18274,0.5
18275,0.5
18276,0.5
18277,0.5
18278,0.5
18279,0.5
18280,0.5
18281,0.5
18282,0.5
18283,0.5
18284,0.5
18285,0.5
18286,0.5
18287,0.5
18288,0.5
18289,0.5
18290,0.5
18291,0.5
18292,0.5
18293,0.5
18294,0.5
18295,0.5
18296,0.5
18297,0.5
18298,0.5
18299,0.5
18300,0.5
18301,0.5
18302,0.5
18303,0.5
18304,0.5
18305,0.5
18306,0.5
18307,0.5
18308,0.5
18309,0.5
18310,0.5
18311,0.5
18312,0.5
18313,0.5
18314,0.5
18315,0.5
18316,0.5
18317,0.5
18318,0.5
18319,0.5
18320,0.5
18321,0.5
18322,0.5
18323,0.5
18324,0.5
18325,0.5
18326,0.5
18327,0.5
18328,0.5
18329,0.5
18330,0.5
18331,0.5
18332,0.5
18333,0.5
18334,0.5
18335,0.5
18336,0.5
18337,0.5
18338,0.5
18339,0.5
18340,0.5
18341,0.5
18342,0.5
18343,0.5
18344,0.5
18345,0.5
18346,0.5
18347,0.5
18348,0.5
18349,0.5
18350,0.5
18351,0.5
18352,0.5
18353,0.5
18354,0.5
18355,0.5
18356,0.5
18357,0.5
18358,0.5
18359,0.5
18360,0.5
18361,0.5
18362,0.5
18363,0.5
18364,0.5
18365,0.5
18366,0.5
18367,0.5
18368,0.5
18369,0.5
18370,0.5
18371,0.5
18372,0.5
18373,0.5
18374,0.5
18375,0.5
18376,0.5
18377,0.5
18378,0.5
18379,0.5
18380,0.5
18381,0.5
18382,0.5
18383,0.5
18384,0.5
18385,0.5
18386,0.5
18387,0.5
18388,0.5
18389,0.5
18390,0.5
18391,0.5
18392,0.5
18393,0.5
18394,0.5
18395,0.5
18396,0.5
18397,0.5
18398,0.5
18399,0.5
18400,0.5
18401,0.5
18402,0.5
18403,0.5
18404,0.5
18405,0.5
18406,0.5
18407,0.5
18408,0.5
18409,0.5
18410,0.5
18411,0.5
18412,0.5
18413,0.5
18414,0.5
18415,0.5
18416,0.5
18417,0.5
18418,0.5
18419,0.5
18420,0.5
18421,0.5
18422,0.5
18423,0.5
18424,0.5
18425,0.5
18426,0.5
18427,0.5
18428,0.5
18429,0.5
18430,0.5
18431,0.5
18432,0.5
18433,0.5
18434,0.5
18435,0.5
18436,0.5
18437,0.5
18438,0.5
18439,0.5
18440,0.5
18441,0.5
18442,0.5
18443,0.5
18444,0.5
18445,0.5
18446,0.5
18447,0.5
18448,0.5
18449,0.5
18450,0.5
18451,0.5
18452,0.5
18453,0.5
18454,0.5
18455,0.5
18456,0.5
18457,0.5
18458,0.5
18459,0.5
18460,0.5
18461,0.5
18462,0.5
18463,0.5
18464,0.5
18465,0.5
18466,0.5
18467,0.5
18468,0.5
18469,0.5
18470,0.5
18471,0.5
18472,0.5
18473,0.5
18474,0.5
18475,0.5
18476,0.5
18477,0.5
18478,0.5
18479,0.5
18480,0.5
18481,0.5
18482,0.5
18483,0.5
18484,0.5
18485,0.5
18486,0.5
18487,0.5
18488,0.5
18489,0.5
18490,0.5
18491,0.5
18492,0.5
18493,0.5
18494,0.5
18495,0.5
18496,0.5
18497,0.5
18498,0.5
18499,0.5
18500,0.5
18501,0.5
18502,0.5
18503,0.5
18504,0.5
18505,0.5
18506,0.5
18507,0.5
18508,0.5
18509,0.5
18510,0.5
18511,0.5
18512,0.5
18513,0.5
18514,0.5
18515,0.5
18516,0.5
18517,0.5
18518,0.5
18519,0.5
18520,0.5
18521,0.5
18522,0.5
18523,0.5
18524,0.5
18525,0.5
18526,0.5
18527,0.5
18528,0.5
18529,0.5
18530,0.5
18531,0.5
18532,0.5
18533,0.5
18534,0.5
18535,0.5
18536,0.5
18537,0.5
18538,0.5
18539,0.5
18540,0.5
18541,0.5
18542,0.5
18543,0.5
18544,0.5
18545,0.5
18546,0.5
18547,0.5
18548,0.5
18549,0.5
18550,0.5
18551,0.5
18552,0.5
18553,0.5
18554,0.5
18555,0.5
18556,0.5
18557,0.5
18558,0.5
18559,0.5
18560,0.5
18561,0.5
18562,0.5
18563,0.5
18564,0.5
18565,0.5
18566,0.5
18567,0.5
18568,0.5
18569,0.5
18570,0.5
18571,0.5
18572,0.5
18573,0.5
18574,0.5
18575,0.5
18576,0.5
18577,0.5
18578,0.5
18579,0.5
18580,0.5
18581,0.5
18582,0.5
18583,0.5
18584,0.5
18585,0.5
18586,0.5
18587,0.5
18588,0.5
18589,0.5
18590,0.5
18591,0.5
18592,0.5
18593,0.5
18594,0.5
18595,0.5
18596,0.5
18597,0.5
18598,0.5
18599,0.5
18600,0.5
18601,0.5
18602,0.5
18603,0.5
18604,0.5
18605,0.5
18606,0.5
18607,0.5
18608,0.5
18609,0.5
18610,0.5
18611,0.5
18612,0.5
18613,0.5
18614,0.5
18615,0.5
18616,0.5
18617,0.5
18618,0.5
18619,0.5
18620,0.5
18621,0.5
18622,0.5
18623,0.5
18624,0.5
18625,0.5
18626,0.5
18627,0.5
18628,0.5
18629,0.5
18630,0.5
18631,0.5
18632,0.5
18633,0.5
18634,0.5
18635,0.5
18636,0.5
18637,0.5
18638,0.5
18639,0.5
18640,0.5
18641,0.5
18642,0.5
18643,0.5
18644,0.5
18645,0.5
18646,0.5
18647,0.5
18648,0.5
18649,0.5
18650,0.5
18651,0.5
18652,0.5
18653,0.5
18654,0.5
18655,0.5
18656,0.5
18657,0.5
18658,0.5
18659,0.5
18660,0.5
18661,0.5
18662,0.5
18663,0.5
18664,0.5
18665,0.5
18666,0.5
18667,0.5
18668,0.5
18669,0.5
18670,0.5
18671,0.5
18672,0.5
18673,0.5
18674,0.5
18675,0.5
18676,0.5
18677,0.5
18678,0.5
18679,0.5
18680,0.5
18681,0.5
18682,0.5
18683,0.5
18684,0.5
18685,0.5
18686,0.5
18687,0.5
18688,0.5
18689,0.5
18690,0.5
18691,0.5
18692,0.5
18693,0.5
18694,0.5
18695,0.5
18696,0.5
18697,0.5
18698,0.5
18699,0.5
18700,0.5
18701,0.5
18702,0.5
18703,0.5
18704,0.5
18705,0.5
18706,0.5
18707,0.5
18708,0.5
18709,0.5
18710,0.5
18711,0.5
18712,0.5
18713,0.5
18714,0.5
18715,0.5
18716,0.5
18717,0.5
18718,0.5
18719,0.5
18720,0.5
18721,0.5
18722,0.5
18723,0.5
18724,0.5
18725,0.5
18726,0.5
18727,0.5
18728,0.5
18729,0.5
18730,0.5
18731,0.5
18732,0.5
18733,0.5
18734,0.5
18735,0.5
18736,0.5
18737,0.5
18738,0.5
18739,0.5
18740,0.5
18741,0.5
18742,0.5
18743,0.5
18744,0.5
18745,0.5
18746,0.5
18747,0.5
18748,0.5
18749,0.5
18750,0.5
18751,0.5
18752,0.5
18753,0.5
18754,0.5
18755,0.5
18756,0.5
18757,0.5
18758,0.5
18759,0.5
18760,0.5
18761,0.5
18762,0.5
18763,0.5
18764,0.5
18765,0.5
18766,0.5
18767,0.5
18768,0.5
18769,0.5
18770,0.5
18771,0.5
18772,0.5
18773,0.5
18774,0.5
18775,0.5
18776,0.5
18777,0.5
18778,0.5
18779,0.5
18780,0.5
18781,0.5
18782,0.5
18783,0.5
18784,0.5
18785,0.5
18786,0.5
18787,0.5
18788,0.5
18789,0.5
18790,0.5
18791,0.5
18792,0.5
18793,0.5
18794,0.5
18795,0.5
18796,0.5
18797,0.5
18798,0.5
18799,0.5
18800,0.5
18801,0.5
18802,0.5
18803,0.5
18804,0.5
18805,0.5
18806,0.5
18807,0.5
18808,0.5
18809,0.5
18810,0.5
18811,0.5
18812,0.5
18813,0.5
18814,0.5
18815,0.5
18816,0.5
18817,0.5
18818,0.5
18819,0.5
18820,0.5
18821,0.5
18822,0.5
18823,0.5
18824,0.5
18825,0.5
18826,0.5
18827,0.5
18828,0.5
18829,0.5
18830,0.5
18831,0.5
18832,0.5
18833,0.5
18834,0.5
18835,0.5
18836,0.5
18837,0.5
18838,0.5
18839,0.5
18840,0.5
18841,0.5
18842,0.5
18843,0.5
18844,0.5
18845,0.5
18846,0.5
18847,0.5
18848,0.5
18849,0.5
18850,0.5
18851,0.5
18852,0.5
18853,0.5
18854,0.5
18855,0.5
18856,0.5
18857,0.5
18858,0.5
18859,0.5
18860,0.5
18861,0.5
18862,0.5
18863,0.5
18864,0.5
18865,0.5
18866,0.5
18867,0.5
18868,0.5
18869,0.5
18870,0.5
18871,0.5
18872,0.5
18873,0.5
18874,0.5
18875,0.5
18876,0.5
18877,0.5
18878,0.5
18879,0.5
18880,0.5
18881,0.5
18882,0.5
18883,0.5
18884,0.5
18885,0.5
18886,0.5
18887,0.5
18888,0.5
18889,0.5
18890,0.5
18891,0.5
18892,0.5
18893,0.5
18894,0.5
18895,0.5
18896,0.5
18897,0.5
18898,0.5
18899,0.5
18900,0.5
18901,0.5
18902,0.5
18903,0.5
18904,0.5
18905,0.5
18906,0.5
18907,0.5
18908,0.5
18909,0.5
18910,0.5
18911,0.5
18912,0.5
18913,0.5
18914,0.5
18915,0.5
18916,0.5
18917,0.5
18918,0.5
18919,0.5
18920,0.5
18921,0.5
18922,0.5
18923,0.5
18924,0.5
18925,0.5
18926,0.5
18927,0.5
18928,0.5
18929,0.5
18930,0.5
18931,0.5
18932,0.5
18933,0.5
18934,0.5
18935,0.5
18936,0.5
18937,0.5
18938,0.5
18939,0.5
18940,0.5
18941,0.5
18942,0.5
18943,0.5
18944,0.5
18945,0.5
18946,0.5
18947,0.5
18948,0.5
18949,0.5
18950,0.5
18951,0.5
18952,0.5
18953,0.5
18954,0.5
18955,0.5
18956,0.5
18957,0.5
18958,0.5
18959,0.5
18960,0.5
18961,0.5
18962,0.5
18963,0.5
18964,0.5
18965,0.5
18966,0.5
18967,0.5
18968,0.5
18969,0.5
18970,0.5
18971,0.5
18972,0.5
18973,0.5
18974,0.5
18975,0.5
18976,0.5
18977,0.5
18978,0.5
18979,0.5
18980,0.5
18981,0.5
18982,0.5
18983,0.5
18984,0.5
18985,0.5
18986,0.5
18987,0.5
18988,0.5
18989,0.5
18990,0.5
18991,0.5
18992,0.5
18993,0.5
18994,0.5
18995,0.5
18996,0.5
18997,0.5
18998,0.5
18999,0.5
19000,0.5
19001,0.5
19002,0.5
19003,0.5
19004,0.5
19005,0.5
19006,0.5
19007,0.5
19008,0.5
19009,0.5
19010,0.5
19011,0.5
19012,0.5
19013,0.5
19014,0.5
19015,0.5
19016,0.5
19017,0.5
19018,0.5
19019,0.5
19020,0.5
19021,0.5
19022,0.5
19023,0.5
19024,0.5
19025,0.5
19026,0.5
19027,0.5
19028,0.4
19029,0.401079
19030,0.402158
19031,0.403237
19032,0.404316
19033,0.405395
19034,0.406474
19035,0.407553
19036,0.408632
19037,0.40971100000000005
19038,0.41079000000000004
19039,0.41186900000000004
19040,0.41294800000000004
19041,0.41402700000000003
19042,0.41510600000000003
19043,0.416185
19044,0.417264
19045,0.418343
19046,0.419422
19047,0.420501
19048,0.42158
19049,0.422659
19050,0.423738
19051,0.424817
19052,0.42589600000000005
19053,0.42697500000000005
19054,0.42805400000000005
19055,0.42913300000000004
19056,0.43021200000000004
19057,0.43129100000000004
19058,0.43237000000000003
19059,0.43344900000000003
19060,0.434528
19061,0.435607
19062,0.436686
19063,0.437765
19064,0.438844
19065,0.439923
19066,0.441002
19067,0.44208100000000006
19068,0.44316
19069,0.44423900000000005
19070,0.44531800000000005
19071,0.44639700000000004
19072,0.44747600000000004
19073,0.44855500000000004
19074,0.44963400000000003
19075,0.45071300000000003
19076,0.451792
19077,0.452871
19078,0.45395
19079,0.455029
19080,0.456108
19081,0.457187
19082,0.458266
19083,0.459345
19084,0.46042400000000006
19085,0.461503
19086,0.46258200000000005
19087,0.46366100000000005
19088,0.46474000000000004
19089,0.46581900000000004
19090,0.46689800000000004
19091,0.46797700000000003
19092,0.46905600000000003
19093,0.470135
19094,0.471214
19095,0.472293
19096,0.473372
19097,0.474451
19098,0.47553
19099,0.47660900000000006
19100,0.477688
19101,0.47876700000000005
19102,0.479846
19103,0.48092500000000005
19104,0.48200400000000004
19105,0.48308300000000004
19106,0.48416200000000004
19107,0.48524100000000003
19108,0.48632000000000003
19109,0.487399
19110,0.488478
19111,0.489557
19112,0.490636
19113,0.491715
19114,0.49279400000000007
19115,0.493873
19116,0.49495200000000006
19117,0.496031
19118,0.49711000000000005
19119,0.49818900000000005
19120,0.49926800000000005
19121,0.500347
19122,0.501426
19123,0.502505
19124,0.503584
19125,0.5046630000000001
19126,0.505742
19127,0.5068210000000001
19128,0.5079
19129,0.5089790000000001
19130,0.510058
19131,0.5111370000000001
19132,0.512216
19133,0.5132950000000001
19134,0.514374
19135,0.515453
19136,0.516532
19137,0.4
19138,0.40080720000000003
19139,0.40161440000000004
19140,0.40242160000000005
19141,0.4032288
19142,0.404036
19143,0.4048432
19144,0.4056504
19145,0.40645760000000003
19146,0.40726480000000004
19147,0.40807200000000005
19148,0.4088792
19149,0.4096864
19150,0.4104936
19151,0.4113008
19152,0.41210800000000003
19153,0.41291520000000004
19154,0.41372240000000005
19155,0.4145296
19156,0.4153368
19157,0.416144
19158,0.4169512
19159,0.41775840000000003
19160,0.41856560000000004
19161,0.41937280000000005
19162,0.42018
19163,0.4209872
19164,0.4217944
19165,0.4226016
19166,0.42340880000000003
19167,0.42421600000000004
19168,0.42502320000000005
19169,0.4258304
19170,0.4266376
19171,0.4274448
19172,0.428252
19173,0.42905920000000003
19174,0.42986640000000004
19175,0.43067360000000005
19176,0.4314808
19177,0.432288
19178,0.4330952
19179,0.4339024
19180,0.43470960000000003
19181,0.43551680000000004
19182,0.43632400000000005
19183,0.43713120000000005
19184,0.4379384
19185,0.4387456
19186,0.4395528
19187,0.44036000000000003
19188,0.44116720000000004
19189,0.44197440000000005
19190,0.4427816
19191,0.4435888
19192,0.444396
19193,0.4452032
19194,0.44601040000000003
19195,0.44681760000000004
19196,0.44762480000000004
19197,0.44843200000000005
19198,0.4492392
19199,0.4500464
19200,0.4508536
19201,0.45166080000000003
19202,0.45246800000000004
19203,0.45327520000000004
19204,0.4540824
19205,0.4548896
19206,0.4556968
19207,0.456504
19208,0.45731120000000003
19209,0.45811840000000004
19210,0.45892560000000004
19211,0.45973280000000005
19212,0.46054
19213,0.4613472
19214,0.4621544
19215,0.46296160000000003
19216,0.46376880000000004
19217,0.464576
19218,0.4653832
19219,0.4661904
19220,0.4669976
19221,0.4678048
19222,0.46861200000000003
19223,0.46941920000000004
19224,0.47022640000000004
19225,0.47103360000000005
19226,0.4718408
19227,0.472648
19228,0.4734552
19229,0.47426240000000003
19230,0.47506960000000004
19231,0.4758768
19232,0.476684
19233,0.4774912
19234,0.4782984
19235,0.4791056
19236,0.47991280000000003
19237,0.48072000000000004
19238,0.48152720000000004
19239,0.48233440000000005
19240,0.4831416
19241,0.4839488
19242,0.484756
19243,0.48556320000000003
19244,0.48637040000000004
19245,0.4871776
19246,0.4879848
19247,0.488792
19248,0.4895992
19249,0.4904064
19250,0.49121360000000003
19251,0.49202080000000004
19252,0.49282800000000004
19253,0.49363520000000005
19254,0.4944424
19255,0.4952496
19256,0.4960568
19257,0.49686400000000003
19258,0.49767120000000004
19259,0.4984784
19260,0.4992856
19261,0.5000928
19262,0.5009
19263,0.5017072
19264,0.5025144
19265,0.5033216
19266,0.5041288
19267,0.504936
19268,0.5057432000000001
19269,0.5065504000000001
19270,0.5073576
19271,0.5081648000000001
19272,0.508972
19273,0.5097792
19274,0.5105864
19275,0.5113936
19276,0.5122008
19277,0.513008
19278,0.5138152
19279,0.5146224
19280,0.5154296
19281,0.5162368
19282,0.5170440000000001
19283,0.5178512000000001
19284,0.5186584000000001
19285,0.5194656
19286,0.5202728
19287,0.52108
19288,0.5218872
19289,0.5226944
19290,0.5235016
19291,0.5243088
19292,0.525116
19293,0.5259232
19294,0.5267304
19295,0.5275376
19296,0.5283448000000001
19297,0.5291520000000001
19298,0.5299592
19299,0.5307664000000001
19300,0.5315736
19301,0.5323808
19302,0.533188
19303,0.5339952
19304,0.5348024
19305,0.5356096
19306,0.5364168
19307,0.537224
19308,0.5380312
19309,0.5388384
19310,0.5396456000000001
19311,0.5404528
19312,0.5412600000000001
19313,0.5420672
19314,0.5428744000000001
19315,0.5436816
19316,0.5444888
19317,0.545296
19318,0.5461032
19319,0.4
19320,0.40054100000000004
19321,0.40108200000000005
19322,0.401623
19323,0.402164
19324,0.40270500000000004
19325,0.40324600000000005
19326,0.403787
19327,0.404328
19328,0.40486900000000003
19329,0.40541000000000005
19330,0.405951
19331,0.406492
19332,0.40703300000000003
19333,0.40757400000000005
19334,0.408115
19335,0.408656
19336,0.40919700000000003
19337,0.40973800000000005
19338,0.410279
19339,0.41082
19340,0.41136100000000003
19341,0.41190200000000005
19342,0.412443
19343,0.412984
19344,0.41352500000000003
19345,0.41406600000000005
19346,0.414607
19347,0.415148
19348,0.41568900000000003
19349,0.41623000000000004
19350,0.416771
19351,0.417312
19352,0.41785300000000003
19353,0.41839400000000004
19354,0.418935
19355,0.419476
19356,0.42001700000000003
19357,0.42055800000000004
19358,0.421099
19359,0.42164
19360,0.42218100000000003
19361,0.42272200000000004
19362,0.423263
19363,0.423804
19364,0.424345
19365,0.42488600000000004
19366,0.425427
19367,0.425968
19368,0.426509
19369,0.42705000000000004
19370,0.427591
19371,0.428132
19372,0.428673
19373,0.42921400000000004
19374,0.429755
19375,0.430296
19376,0.430837
19377,0.43137800000000004
19378,0.43191900000000005
19379,0.43246
19380,0.433001
19381,0.43354200000000004
19382,0.434083
19383,0.434624
19384,0.435165
19385,0.43570600000000004
19386,0.43624700000000005
19387,0.436788
19388,0.437329
19389,0.43787000000000004
19390,0.438411
19391,0.438952
19392,0.439493
19393,0.44003400000000004
19394,0.44057500000000005
19395,0.441116
19396,0.441657
19397,0.44219800000000004
19398,0.442739
19399,0.44328
19400,0.443821
19401,0.44436200000000003
19402,0.44490300000000005
19403,0.445444
19404,0.445985
19405,0.44652600000000003
19406,0.44706700000000005
19407,0.447608
19408,0.448149
19409,0.44869000000000003
19410,0.44923100000000005
19411,0.449772
19412,0.450313
19413,0.45085400000000003
19414,0.45139500000000005
19415,0.451936
19416,0.452477
19417,0.45301800000000003
19418,0.45355900000000005
19419,0.4541
19420,0.454641
19421,0.45518200000000003
19422,0.45572300000000004
19423,0.456264
19424,0.456805
19425,0.45734600000000003
19426,0.45788700000000004
19427,0.458428
19428,0.458969
19429,0.45951000000000003
19430,0.46005100000000004
19431,0.460592
19432,0.461133
19433,0.46167400000000003
19434,0.46221500000000004
19435,0.46275600000000006
19436,0.463297
19437,0.46383800000000003
19438,0.46437900000000004
19439,0.46492
19440,0.465461
19441,0.466002
19442,0.46654300000000004
19443,0.46708400000000005
19444,0.467625
19445,0.468166
19446,0.46870700000000004
19447,0.469248
19448,0.469789
19449,0.47033
19450,0.47087100000000004
19451,0.47141200000000005
19452,0.471953
19453,0.472494
19454,0.47303500000000004
19455,0.473576
19456,0.474117
19457,0.474658
19458,0.47519900000000004
19459,0.47574000000000005
19460,0.476281
19461,0.476822
19462,0.47736300000000004
19463,0.477904
19464,0.478445
19465,0.478986
19466,0.47952700000000004
19467,0.48006800000000005
19468,0.480609
19469,0.48115
19470,0.48169100000000004
19471,0.482232
19472,0.482773
19473,0.483314
19474,0.48385500000000004
19475,0.48439600000000005
19476,0.484937
19477,0.485478
19478,0.48601900000000003
19479,0.48656
19480,0.487101
19481,0.487642
19482,0.48818300000000003
19483,0.48872400000000005
19484,0.48926500000000006
19485,0.489806
19486,0.49034700000000003
19487,0.49088800000000005
19488,0.491429
19489,0.49197
19490,0.49251100000000003
19491,0.49305200000000005
19492,0.49359300000000006
19493,0.494134
19494,0.49467500000000003
19495,0.49521600000000005
19496,0.495757
19497,0.496298
19498,0.49683900000000003
19499,0.49738000000000004
19500,0.49792100000000006
19501,0.498462
19502,0.49900300000000003
19503,0.49954400000000004
19504,0.500085
19505,0.500626
19506,0.501167
19507,0.501708
19508,0.5022490000000001
19509,0.5027900000000001
19510,0.503331
19511,0.503872
19512,0.504413
19513,0.504954
19514,0.505495
19515,0.506036
19516,0.506577
19517,0.5071180000000001
19518,0.5076590000000001
19519,0.5082
19520,0.508741
19521,0.509282
19522,0.509823
19523,0.510364
19524,0.510905
19525,0.5114460000000001
19526,0.511987
19527,0.512528
19528,0.513069
19529,0.51361
19530,0.514151
19531,0.514692
19532,0.515233
19533,0.5157740000000001
19534,0.5163150000000001
19535,0.516856
19536,0.517397
19537,0.517938
19538,0.518479
19539,0.51902
19540,0.519561
19541,0.5201020000000001
19542,0.520643
19543,0.5211840000000001
19544,0.521725
19545,0.522266
19546,0.522807
19547,0.523348
19548,0.523889
19549,0.5244300000000001
19550,0.5249710000000001
19551,0.525512
19552,0.526053
19553,0.526594
19554,0.527135
19555,0.527676
19556,0.528217
19557,0.5287580000000001
19558,0.529299
19559,0.5298400000000001
19560,0.530381
19561,0.530922
19562,0.531463
19563,0.532004
19564,0.532545
19565,0.5330860000000001
19566,0.5336270000000001
19567,0.534168
19568,0.534709
19569,0.53525
19570,0.535791
19571,0.536332
19572,0.536873
19573,0.5374140000000001
19574,0.537955
19575,0.5384960000000001
19576,0.539037
19577,0.539578
19578,0.540119
19579,0.54066
19580,0.541201
19581,0.5417420000000001
19582,0.5422830000000001
19583,0.542824
19584,0.5433650000000001
19585,0.543906
19586,0.544447
19587,0.544988
19588,0.545529
19589,0.54607
19590,0.5466110000000001
19591,0.5471520000000001
19592,0.547693
19593,0.548234
19594,0.548775
19595,0.549316
19596,0.549857
19597,0.550398
19598,0.5509390000000001
19599,0.55148
19600,0.5520210000000001
19601,0.552562
19602,0.553103
19603,0.553644
19604,0.554185
19605,0.554726
19606,0.5552670000000001
19607,0.5558080000000001
19608,0.556349
19609,0.55689
19610,0.557431
19611,0.557972
19612,0.558513
19613,0.559054
19614,0.5595950000000001
19615,0.560136
19616,0.5606770000000001
19617,0.561218
19618,0.561759
19619,0.5623
19620,0.562841
19621,0.563382
19622,0.5639230000000001
19623,0.5644640000000001
19624,0.565005
19625,0.565546
19626,0.566087
19627,0.566628
19628,0.567169
19629,0.56771
19630,0.5682510000000001
19631,0.568792
19632,0.5693330000000001
19633,0.569874
19634,0.570415
19635,0.570956
19636,0.571497
19637,0.572038
19638,0.5725790000000001
19639,0.5731200000000001
19640,0.573661
19641,0.5742020000000001
19642,0.574743
19643,0.575284
19644,0.575825
19645,0.576366
19646,0.5769070000000001
19647,0.5774480000000001
19648,0.5779890000000001
19649,0.57853
19650,0.579071
19651,0.579612
19652,0.580153
19653,0.580694
19654,0.5812350000000001
19655,0.5817760000000001
19656,0.582317
19657,0.5828580000000001
19658,0.583399
19659,0.4
19660,0.401625
19661,0.40325
19662,0.40487500000000004
19663,0.40650000000000003
19664,0.408125
19665,0.40975
19666,0.41137500000000005
19667,0.41300000000000003
19668,0.414625
19669,0.41625
19670,0.417875
19671,0.41950000000000004
19672,0.421125
19673,0.42275
19674,0.424375
19675,0.42600000000000005
19676,0.42762500000000003
19677,0.42925
19678,0.430875
19679,0.4325
19680,0.43412500000000004
19681,0.43575
19682,0.437375
19683,0.439
19684,0.44062500000000004
19685,0.44225000000000003
19686,0.443875
19687,0.4455
19688,0.447125
19689,0.44875000000000004
19690,0.450375
19691,0.452
19692,0.453625
19693,0.45525000000000004
19694,0.45687500000000003
19695,0.4585
19696,0.460125
19697,0.46175
19698,0.46337500000000004
19699,0.465
19700,0.466625
19701,0.46825
19702,0.46987500000000004
19703,0.47150000000000003
19704,0.473125
19705,0.47475
19706,0.476375
19707,0.47800000000000004
19708,0.479625
19709,0.48125
19710,0.482875
19711,0.48450000000000004
19712,0.48612500000000003
19713,0.48775
19714,0.489375
19715,0.491
19716,0.49262500000000004
19717,0.49425
19718,0.495875
19719,0.4975
19720,0.49912500000000004
19721,0.50075
19722,0.502375
19723,0.504
19724,0.505625
19725,0.50725
19726,0.508875
19727,0.5105000000000001
19728,0.512125
19729,0.51375
19730,0.515375
19731,0.517
19732,0.518625
19733,0.52025
19734,0.521875
19735,0.5235000000000001
19736,0.5251250000000001
19737,0.52675
19738,0.528375
19739,0.53
19740,0.531625
19741,0.53325
19742,0.534875
19743,0.5365
19744,0.538125
19745,0.53975
19746,0.541375
19747,0.543
19748,0.544625
19749,0.54625
19750,0.547875
19751,0.5495
19752,0.551125
19753,0.5527500000000001
19754,0.5543750000000001
19755,0.556
19756,0.557625
19757,0.55925
19758,0.560875
19759,0.5625
19760,0.564125
19761,0.56575
19762,0.567375
19763,0.569
19764,0.570625
19765,0.4
19766,0.40105880000000005
19767,0.4021176
19768,0.40317640000000005
19769,0.4042352
19770,0.40529400000000004
19771,0.4063528
19772,0.40741160000000004
19773,0.4084704
19774,0.40952920000000004
19775,0.410588
19776,0.41164680000000003
19777,0.4127056
19778,0.41376440000000003
19779,0.4148232
19780,0.41588200000000003
19781,0.4169408
19782,0.4179996
19783,0.4190584
19784,0.4201172
19785,0.421176
19786,0.4222348
19787,0.42329360000000005
19788,0.4243524
19789,0.42541120000000004
19790,0.42647
19791,0.42752880000000004
19792,0.4285876
19793,0.42964640000000004
19794,0.4307052
19795,0.43176400000000004
19796,0.4328228
19797,0.43388160000000003
19798,0.4349404
19799,0.43599920000000003
19800,0.437058
19801,0.43811680000000003
19802,0.4391756
19803,0.4402344
19804,0.4412932
19805,0.442352
19806,0.4434108
19807,0.4444696
19808,0.44552840000000005
19809,0.4465872
19810,0.447646
19811,0.4487048
19812,0.44976360000000004
19813,0.4508224
19814,0.45188120000000004
19815,0.45294
19816,0.45399880000000004
19817,0.4550576
19818,0.45611640000000003
19819,0.4571752
19820,0.45823400000000003
19821,0.4592928
19822,0.4603516
19823,0.4614104
19824,0.4624692
19825,0.46352800000000005
19826,0.4645868
19827,0.4656456
19828,0.4667044
19829,0.46776320000000005
19830,0.468822
19831,0.4698808
19832,0.4709396
19833,0.47199840000000004
19834,0.4730572
19835,0.47411600000000004
19836,0.4751748
19837,0.47623360000000003
19838,0.4772924
19839,0.47835120000000003
19840,0.47941
19841,0.48046880000000003
19842,0.4815276
19843,0.4825864
19844,0.4836452
19845,0.484704
19846,0.48576280000000005
19847,0.4868216
19848,0.4878804
19849,0.4889392
19850,0.48999800000000004
19851,0.4910568
19852,0.4921156
19853,0.4931744
19854,0.49423320000000004
19855,0.495292
19856,0.49635080000000004
19857,0.4974096
19858,0.49846840000000003
19859,0.4995272
19860,0.500586
19861,0.5016448
19862,0.5027036
19863,0.5037624
19864,0.5048212
19865,0.50588
19866,0.5069388
19867,0.5079976
19868,0.5090564
19869,0.5101152
19870,0.511174
19871,0.5122328
19872,0.5132916000000001
19873,0.5143504
19874,0.5154092
19875,0.516468
19876,0.5175268
19877,0.5185856
19878,0.5196444
19879,0.5207032
19880,0.5217620000000001
19881,0.5228208
19882,0.4
19883,0.4011
19884,0.4022
19885,0.40330000000000005
19886,0.40440000000000004
19887,0.4055
19888,0.4066
19889,0.4077
19890,0.4088
19891,0.40990000000000004
19892,0.41100000000000003
19893,0.4121
19894,0.4132
19895,0.4143
19896,0.41540000000000005
19897,0.41650000000000004
19898,0.4176
19899,0.4187
19900,0.4198
19901,0.42090000000000005
19902,0.42200000000000004
19903,0.42310000000000003
19904,0.4242
19905,0.4253
19906,0.4264
19907,0.42750000000000005
19908,0.42860000000000004
19909,0.4297
19910,0.4308
19911,0.4319
19912,0.43300000000000005
19913,0.43410000000000004
19914,0.43520000000000003
19915,0.4363
19916,0.4374
19917,0.4385
19918,0.43960000000000005
19919,0.44070000000000004
19920,0.4418
19921,0.4429
19922,0.444
19923,0.44510000000000005
19924,0.44620000000000004
19925,0.44730000000000003
19926,0.4484
19927,0.4495
19928,0.4506
19929,0.45170000000000005
19930,0.45280000000000004
19931,0.4539
19932,0.455
19933,0.4561
19934,0.45720000000000005
19935,0.45830000000000004
19936,0.45940000000000003
19937,0.4605
19938,0.4616
19939,0.4627
19940,0.46380000000000005
19941,0.46490000000000004
19942,0.466
19943,0.4671
19944,0.46820000000000006
19945,0.46930000000000005
19946,0.47040000000000004
19947,0.47150000000000003
19948,0.4726
19949,0.4737
19950,0.4748
19951,0.47590000000000005
19952,0.47700000000000004
19953,0.4781
19954,0.4792
19955,0.48030000000000006
19956,0.4
19957,0.4014417
19958,0.4028834
19959,0.40432510000000005
19960,0.40576680000000004
19961,0.40720850000000003
19962,0.4086502
19963,0.4100919
19964,0.4115336
19965,0.41297530000000005
19966,0.41441700000000004
19967,0.4158587
19968,0.4173004
19969,0.4187421
19970,0.4201838
19971,0.42162550000000004
19972,0.42306720000000003
19973,0.4245089
19974,0.4259506
19975,0.4273923
19976,0.42883400000000005
19977,0.43027570000000004
19978,0.43171740000000003
19979,0.4331591
19980,0.4346008
19981,0.4360425
19982,0.43748420000000005
19983,0.43892590000000004
19984,0.4403676
19985,0.4418093
19986,0.443251
19987,0.44469270000000005
19988,0.44613440000000004
19989,0.44757610000000003
19990,0.4490178
19991,0.4504595
19992,0.4519012
19993,0.4533429
19994,0.45478460000000004
19995,0.45622630000000003
19996,0.457668
19997,0.4591097
19998,0.4605514
19999,0.46199310000000005
20000,0.46343480000000004
20001,0.4648765
20002,0.4663182
20003,0.4677599
20004,0.4692016
20005,0.4706433
20006,0.47208500000000003
20007,0.4735267
20008,0.4749684
20009,0.4764101
20010,0.47785180000000005
20011,0.47929350000000004
20012,0.48073520000000003
20013,0.4821769
20014,0.4836186
20015,0.4850603
20016,0.486502
20017,0.48794370000000004
20018,0.4893854
20019,0.4908271
20020,0.4922688
20021,0.49371050000000005
20022,0.49515220000000004
20023,0.49659390000000003
20024,0.4980356
20025,0.4994773
20026,0.500919
20027,0.5023607
20028,0.5038024
20029,0.5052441
20030,0.5066858000000001
20031,0.5081275000000001
20032,0.5095692
20033,0.5110109
20034,0.5124526
20035,0.5138943
20036,0.515336
20037,0.5167777
20038,0.5182194
20039,0.5196611
20040,0.5211028
20041,0.5225445
20042,0.5239862
20043,0.5254279000000001
20044,0.5268696
20045,0.5283113
20046,0.529753
20047,0.5311947
20048,0.5326364
20049,0.5340781
20050,0.5355198
20051,0.5369615
20052,0.5384032000000001
20053,0.5398449000000001
20054,0.5412866000000001
20055,0.5427283
20056,0.54417
20057,0.5456117
20058,0.5470534
20059,0.5484951
20060,0.5499368
20061,0.5513785
20062,0.5528202
20063,0.5542619
20064,0.5557036
20065,0.5571453
20066,0.5585870000000001
20067,0.5600287
20068,0.5614704
20069,0.5629121
20070,0.5643538
20071,0.5657955
20072,0.5672372
20073,0.5686789
20074,0.5701206
20075,0.5715623000000001
20076,0.5730040000000001
20077,0.5744457000000001
20078,0.5758874
20079,0.5773291
20080,0.5787708
20081,0.5802125
20082,0.5816542
20083,0.5830959
20084,0.5845376
20085,0.5859793
20086,0.587421
20087,0.5888627
20088,0.5903044
20089,0.5917461
20090,0.5931878
20091,0.5946295
20092,0.5960712
20093,0.5975129
20094,0.5989546
20095,0.6003963
20096,0.601838
20097,0.6032797000000001
20098,0.6047214000000001
20099,0.6061631000000001
20100,0.6076048000000001
20101,0.6090465
20102,0.6104882
20103,0.6119299
20104,0.6133716
20105,0.6148133
20106,0.616255
20107,0.6176967
20108,0.6191384
20109,0.6205801
20110,0.6220218
20111,0.6234635
20112,0.6249052
20113,0.6263469
20114,0.6277886
20115,0.6292303
20116,0.630672
20117,0.6321137
20118,0.6335554
20119,0.6349971
20120,0.6364388000000001
20121,0.6378805000000001
20122,0.6393222000000001
20123,0.6407639
20124,0.5
20125,0.5
20126,0.5
20127,0.5
20128,0.5
20129,0.5
20130,0.5
20131,0.5
20132,0.5
20133,0.5
20134,0.5
20135,0.5
20136,0.5
20137,0.5
20138,0.5
20139,0.5
20140,0.5
20141,0.5
20142,0.5
20143,0.5
20144,0.5
20145,0.5
20146,0.5
20147,0.5
20148,0.5
20149,0.5
20150,0.5
20151,0.5
20152,0.5
20153,0.5
20154,0.5
20155,0.5
20156,0.5
20157,0.5
20158,0.5
20159,0.5
20160,0.5
20161,0.5
20162,0.5
20163,0.5
20164,0.5
20165,0.5
20166,0.5
20167,0.5
20168,0.5
20169,0.5
20170,0.5
20171,0.5
20172,0.5
20173,0.5
20174,0.5
20175,0.5
20176,0.5
20177,0.5
20178,0.5
20179,0.5
20180,0.5
20181,0.5
20182,0.5
20183,0.5
20184,0.5
20185,0.5
20186,0.5
20187,0.5
20188,0.5
20189,0.5
20190,0.5
20191,0.5
20192,0.5
20193,0.5
20194,0.5
20195,0.5
20196,0.5
20197,0.5
20198,0.5
20199,0.5
20200,0.5
20201,0.5
20202,0.5
20203,0.5
20204,0.5
20205,0.5
20206,0.5
20207,0.5
20208,0.5
20209,0.5
20210,0.5
20211,0.5
20212,0.5
20213,0.5
20214,0.5
20215,0.5
20216,0.5
20217,0.5
20218,0.5
20219,0.5
20220,0.5
20221,0.5
20222,0.5
20223,0.5
20224,0.5
20225,0.5
20226,0.5
20227,0.5
20228,0.5
20229,0.5
20230,0.5
20231,0.5
20232,0.5
20233,0.5
20234,0.5
20235,0.5
20236,0.5
20237,0.5
20238,0.5
20239,0.5
20240,0.5
20241,0.5
20242,0.5
20243,0.5
20244,0.5
20245,0.5
20246,0.5
20247,0.5
20248,0.5
20249,0.5
20250,0.5
20251,0.5
20252,0.5
20253,0.5
20254,0.5
20255,0.5
20256,0.5
20257,0.5
20258,0.5
20259,0.5
20260,0.5
20261,0.5
20262,0.5
20263,0.5
20264,0.5
20265,0.5
20266,0.5
20267,0.5
20268,0.5
20269,0.5
20270,0.5
20271,0.5
20272,0.5
20273,0.5
20274,0.5
20275,0.5
20276,0.5
20277,0.5
20278,0.5
20279,0.5
20280,0.5
20281,0.5
20282,0.5
20283,0.5
20284,0.5
20285,0.5
20286,0.5
20287,0.5
20288,0.5
20289,0.5
20290,0.5
20291,0.5
20292,0.5
20293,0.5
20294,0.5
20295,0.5
20296,0.5
20297,0.5
20298,0.5
20299,0.5
20300,0.5
20301,0.5
20302,0.5
20303,0.5
20304,0.5
20305,0.5
20306,0.5
20307,0.5
20308,0.5
20309,0.5
20310,0.5
20311,0.5
20312,0.5
20313,0.5
20314,0.5
20315,0.5
20316,0.5
20317,0.5
20318,0.5
20319,0.5
20320,0.5
20321,0.5
20322,0.5
20323,0.5
20324,0.5
20325,0.5
20326,0.5
20327,0.5
20328,0.5
20329,0.5
20330,0.5
20331,0.5
20332,0.5
20333,0.5
20334,0.5
20335,0.5
20336,0.5
20337,0.5
20338,0.5
20339,0.5
20340,0.5
20341,0.5
20342,0.5
20343,0.5
20344,0.5
20345,0.5
20346,0.5
20347,0.5
20348,0.5
20349,0.5
20350,0.5
20351,0.5
20352,0.5
20353,0.5
20354,0.5
20355,0.5
20356,0.5
20357,0.5
20358,0.5
20359,0.5
20360,0.5
20361,0.5
20362,0.5
20363,0.5
20364,0.5
20365,0.5
20366,0.5
20367,0.5
20368,0.5
20369,0.5
20370,0.5
20371,0.5
20372,0.5
20373,0.5
20374,0.5
20375,0.5
20376,0.5
20377,0.5
20378,0.5
20379,0.5
20380,0.5
20381,0.5
20382,0.5
20383,0.5
20384,0.5
20385,0.5
20386,0.5
20387,0.5
20388,0.5
20389,0.5
20390,0.5
20391,0.5
20392,0.5
20393,0.5
20394,0.5
20395,0.5
20396,0.5
20397,0.5
20398,0.5
20399,0.5
20400,0.5
20401,0.5
20402,0.5
20403,0.5
20404,0.5
20405,0.5
20406,0.5
20407,0.5
20408,0.5
20409,0.5
20410,0.5
20411,0.5
20412,0.5
20413,0.5
20414,0.5
20415,0.5
20416,0.5
20417,0.5
20418,0.5
20419,0.5
20420,0.5
20421,0.5
20422,0.5
20423,0.5
20424,0.5
20425,0.5
20426,0.5
20427,0.5
20428,0.5
20429,0.5
20430,0.5
20431,0.5
20432,0.5
20433,0.5
20434,0.5
20435,0.5
20436,0.5
20437,0.5
20438,0.5
20439,0.5
20440,0.5
20441,0.5
20442,0.5
20443,0.5
20444,0.5
20445,0.5
20446,0.5
20447,0.5
20448,0.5
20449,0.5
20450,0.5
20451,0.5
20452,0.5
20453,0.5
20454,0.5
20455,0.5
20456,0.5
20457,0.5
20458,0.5
20459,0.5
20460,0.5
20461,0.5
20462,0.5
20463,0.5
20464,0.5
20465,0.5
20466,0.5
20467,0.5
20468,0.5
20469,0.5
20470,0.5
20471,0.5
20472,0.5
20473,0.5
20474,0.5
20475,0.5
20476,0.5
20477,0.5
20478,0.5
20479,0.5
20480,0.5
20481,0.5
20482,0.5
20483,0.5
20484,0.5
20485,0.5
20486,0.5
20487,0.5
20488,0.5
20489,0.5
20490,0.5
20491,0.5
20492,0.5
20493,0.5
20494,0.5
20495,0.5
20496,0.5
20497,0.5
20498,0.5
20499,0.5
20500,0.5
20501,0.5
20502,0.5
20503,0.5
20504,0.5
20505,0.5
20506,0.5
20507,0.5
20508,0.5
20509,0.5
20510,0.5
20511,0.5
20512,0.5
20513,0.5
20514,0.5
20515,0.5
20516,0.5
20517,0.5
20518,0.5
20519,0.5
20520,0.5
20521,0.5
20522,0.5
20523,0.5
20524,0.5
20525,0.5
20526,0.5
20527,0.5
20528,0.5
20529,0.5
20530,0.5
20531,0.5
20532,0.5
20533,0.5
20534,0.5
20535,0.5
20536,0.5
20537,0.5
20538,0.5
20539,0.5
20540,0.5
20541,0.5
20542,0.5
20543,0.5
20544,0.5
20545,0.5
20546,0.5
20547,0.5
20548,0.5
20549,0.5
20550,0.5
20551,0.5
20552,0.5
20553,0.5
20554,0.5
20555,0.5
20556,0.5
20557,0.5
20558,0.5
20559,0.5
20560,0.5
20561,0.5
20562,0.5
20563,0.5
20564,0.5
20565,0.5
20566,0.5
20567,0.5
20568,0.5
20569,0.5
20570,0.5
20571,0.5
20572,0.5
20573,0.5
20574,0.5
20575,0.5
20576,0.5
20577,0.5
20578,0.5
20579,0.5
20580,0.5
20581,0.5
20582,0.5
20583,0.5
20584,0.5
20585,0.5
20586,0.5
20587,0.5
20588,0.5
20589,0.5
20590,0.5
20591,0.5
20592,0.5
20593,0.5
20594,0.5
20595,0.5
20596,0.5
20597,0.5
20598,0.5
20599,0.5
20600,0.5
20601,0.5
20602,0.5
20603,0.5
20604,0.5
20605,0.5
20606,0.5
20607,0.5
20608,0.5
20609,0.5
20610,0.5
20611,0.5
20612,0.5
20613,0.5
20614,0.5
20615,0.5
20616,0.5
20617,0.5
20618,0.5
20619,0.5
20620,0.5
20621,0.5
20622,0.5
20623,0.5
20624,0.5
20625,0.5
20626,0.5
20627,0.5
20628,0.5
20629,0.5
20630,0.5
20631,0.5
20632,0.5
20633,0.5
20634,0.5
20635,0.5
20636,0.5
20637,0.5
20638,0.5
20639,0.5
20640,0.5
20641,0.5
20642,0.5
20643,0.5
20644,0.5
20645,0.5
20646,0.5
20647,0.5
20648,0.5
20649,0.5
20650,0.5
20651,0.5
20652,0.5
20653,0.5
20654,0.5
20655,0.5
20656,0.5
20657,0.5
20658,0.5
20659,0.5
20660,0.5
20661,0.5
20662,0.5
20663,0.5
20664,0.5
20665,0.5
20666,0.5
20667,0.5
20668,0.5
20669,0.5
20670,0.5
20671,0.5
20672,0.5
20673,0.5
20674,0.5
20675,0.5
20676,0.5
20677,0.5
20678,0.5
20679,0.5
20680,0.5
20681,0.5
20682,0.5
20683,0.5
20684,0.5
20685,0.5
20686,0.5
20687,0.5
20688,0.5
20689,0.5
20690,0.5
20691,0.5
20692,0.5
20693,0.5
20694,0.5
20695,0.5
20696,0.5
20697,0.5
20698,0.5
20699,0.5
20700,0.5
20701,0.5
20702,0.5
20703,0.5
20704,0.5
20705,0.5
20706,0.5
20707,0.5
20708,0.5
20709,0.5
20710,0.5
20711,0.5
20712,0.5
20713,0.5
20714,0.5
20715,0.5
20716,0.5
20717,0.5
20718,0.5
20719,0.5
20720,0.5
20721,0.5
20722,0.5
20723,0.5
20724,0.5
20725,0.5
20726,0.5
20727,0.5
20728,0.5
20729,0.5
20730,0.5
20731,0.5
20732,0.5
20733,0.5
20734,0.5
20735,0.5
20736,0.5
20737,0.5
20738,0.5
20739,0.5
20740,0.5
20741,0.5
20742,0.5
20743,0.5
20744,0.5
20745,0.5
20746,0.5
20747,0.5
20748,0.5
20749,0.5
20750,0.5
20751,0.5
20752,0.5
20753,0.5
20754,0.5
20755,0.5
20756,0.5
20757,0.5
20758,0.5
20759,0.5
20760,0.5
20761,0.5
20762,0.5
20763,0.5
20764,0.5
20765,0.5
20766,0.5
20767,0.5
20768,0.5
20769,0.5
20770,0.5
20771,0.5
20772,0.5
20773,0.5
20774,0.5
20775,0.5
20776,0.5
20777,0.5
20778,0.5
20779,0.5
20780,0.5
20781,0.5
20782,0.5
20783,0.5
20784,0.5
20785,0.5
20786,0.5
20787,0.5
20788,0.5
20789,0.5
20790,0.5
20791,0.5
20792,0.5
20793,0.5
20794,0.5
20795,0.5
20796,0.5
20797,0.5
20798,0.5
20799,0.5
20800,0.5
20801,0.5
20802,0.5
20803,0.5
20804,0.5
20805,0.5
20806,0.5
20807,0.5
20808,0.5
20809,0.5
20810,0.5
20811,0.5
20812,0.5
20813,0.5
20814,0.5
20815,0.5
20816,0.5
20817,0.5
20818,0.5
20819,0.5
20820,0.5
20821,0.5
20822,0.5
20823,0.5
20824,0.5
20825,0.5
20826,0.5
20827,0.5
20828,0.5
20829,0.5
20830,0.5
20831,0.5
20832,0.5
20833,0.5
20834,0.5
20835,0.5
20836,0.5
20837,0.5
20838,0.5
20839,0.5
20840,0.5
20841,0.5
20842,0.5
20843,0.5
20844,0.5
20845,0.5
20846,0.5
20847,0.5
20848,0.5
20849,0.5
20850,0.5
20851,0.5
20852,0.5
20853,0.5
20854,0.5
20855,0.5
20856,0.5
20857,0.5
20858,0.5
20859,0.5
20860,0.5
20861,0.5
20862,0.5
20863,0.5
20864,0.5
20865,0.5
20866,0.5
20867,0.5
20868,0.5
20869,0.5
20870,0.5
20871,0.5
20872,0.5
20873,0.5
20874,0.5
20875,0.5
20876,0.5
20877,0.5
20878,0.5
20879,0.5
20880,0.5
20881,0.5
20882,0.5
20883,0.5
20884,0.5
20885,0.5
20886,0.5
20887,0.5
20888,0.5
20889,0.5
20890,0.5
20891,0.5
20892,0.5
20893,0.5
20894,0.5
20895,0.5
20896,0.5
20897,0.5
20898,0.5
20899,0.5
20900,0.5
20901,0.5
20902,0.5
20903,0.5
20904,0.5
20905,0.5
20906,0.5
20907,0.5
20908,0.5
20909,0.5
20910,0.5
20911,0.5
20912,0.5
20913,0.5
20914,0.5
20915,0.5
20916,0.5
20917,0.5
20918,0.5
20919,0.5
20920,0.5
20921,0.5
20922,0.5
20923,0.5
20924,0.5
20925,0.5
20926,0.5
20927,0.5
20928,0.5
20929,0.5
20930,0.5
20931,0.5
20932,0.5
20933,0.5
20934,0.5
20935,0.5
20936,0.5
20937,0.5
20938,0.5
20939,0.5
20940,0.5
20941,0.5
20942,0.5
20943,0.5
20944,0.5
20945,0.5
20946,0.5
20947,0.5
20948,0.5
20949,0.5
20950,0.5
20951,0.5
20952,0.5
20953,0.5
20954,0.5
20955,0.5
20956,0.5
20957,0.5
20958,0.5
20959,0.5
20960,0.5
20961,0.5
20962,0.5
20963,0.5
20964,0.5
20965,0.5
20966,0.5
20967,0.5
20968,0.5
20969,0.5
20970,0.5
20971,0.5
20972,0.5
20973,0.5
20974,0.5
20975,0.5
20976,0.5
20977,0.5
20978,0.5
20979,0.5
20980,0.5
20981,0.5
20982,0.5
20983,0.5
20984,0.5
20985,0.5
20986,0.5
20987,0.5
20988,0.5
20989,0.5
20990,0.5
20991,0.5
20992,0.5
20993,0.5
20994,0.5
20995,0.5
20996,0.5
20997,0.5
20998,0.5
20999,0.5
21000,0.5
21001,0.5
21002,0.5
21003,0.5
21004,0.5
21005,0.5
21006,0.5
21007,0.5
21008,0.5
21009,0.5
21010,0.5
21011,0.5
21012,0.5
21013,0.5
21014,0.5
21015,0.5
21016,0.5
21017,0.5
21018,0.5
21019,0.5
21020,0.5
21021,0.5
21022,0.5
21023,0.5
21024,0.5
21025,0.5
21026,0.5
21027,0.5
21028,0.5
21029,0.5
21030,0.5
21031,0.5
21032,0.5
21033,0.5
21034,0.5
21035,0.5
21036,0.5
21037,0.5
21038,0.5
21039,0.5
21040,0.5
21041,0.5
21042,0.5
21043,0.5
21044,0.5
21045,0.5
21046,0.5
21047,0.5
21048,0.5
21049,0.5
21050,0.5
21051,0.5
21052,0.5
21053,0.5
21054,0.5
21055,0.5
21056,0.5
21057,0.5
21058,0.5
21059,0.5
21060,0.5
21061,0.5
21062,0.5
21063,0.5
21064,0.5
21065,0.5
21066,0.5
21067,0.5
21068,0.5
21069,0.5
21070,0.5
21071,0.5
21072,0.5
21073,0.5
21074,0.5
21075,0.5
21076,0.5
21077,0.5
21078,0.5
21079,0.5
21080,0.5
21081,0.5
21082,0.5
21083,0.5
21084,0.5
21085,0.5
21086,0.5
21087,0.5
21088,0.5
21089,0.5
21090,0.5
21091,0.5
21092,0.5
21093,0.5
21094,0.5
21095,0.5
21096,0.5
21097,0.5
21098,0.5
21099,0.5
21100,0.5
21101,0.5
21102,0.5
21103,0.5
21104,0.5
21105,0.5
21106,0.5
21107,0.5
21108,0.5
21109,0.5
21110,0.5
21111,0.5
21112,0.5
21113,0.5
21114,0.5
21115,0.5
21116,0.5
21117,0.5
21118,0.5
21119,0.5
21120,0.5
21121,0.5
21122,0.5
21123,0.5
21124,0.5
21125,0.5
21126,0.5
21127,0.5
21128,0.5
21129,0.5
21130,0.5
21131,0.5
21132,0.5
21133,0.5
21134,0.5
21135,0.5
21136,0.5
21137,0.5
21138,0.5
21139,0.5
21140,0.5
21141,0.5
21142,0.5
21143,0.5
21144,0.5
21145,0.5
21146,0.5
21147,0.5
21148,0.5
21149,0.5
21150,0.5
21151,0.5
21152,0.5
21153,0.5
21154,0.5
21155,0.5
21156,0.5
21157,0.5
21158,0.5
21159,0.5
21160,0.5
21161,0.5
21162,0.5
21163,0.5
21164,0.5
21165,0.5
21166,0.5
21167,0.5
21168,0.5
21169,0.5
21170,0.5
21171,0.5
21172,0.5
21173,0.5
21174,0.5
21175,0.5
21176,0.5
21177,0.5
21178,0.5
21179,0.5
21180,0.5
21181,0.5
21182,0.5
21183,0.5
21184,0.5
21185,0.5
21186,0.5
21187,0.5
21188,0.5
21189,0.5
21190,0.5
21191,0.5
21192,0.5
21193,0.5
21194,0.5
21195,0.5
21196,0.5
21197,0.5
21198,0.5
21199,0.5
21200,0.5
21201,0.5
21202,0.5
21203,0.5
21204,0.5
21205,0.5
21206,0.5
21207,0.5
21208,0.5
21209,0.5
21210,0.5
21211,0.5
21212,0.5
21213,0.5
21214,0.5
21215,0.5
21216,0.5
21217,0.5
21218,0.5
21219,0.5
21220,0.5
21221,0.5
21222,0.5
21223,0.5
21224,0.5
21225,0.5
21226,0.5
21227,0.5
21228,0.5
21229,0.5
21230,0.5
21231,0.5
21232,0.5
21233,0.5
21234,0.5
21235,0.5
21236,0.5
21237,0.5
21238,0.5
21239,0.5
21240,0.5
21241,0.5
21242,0.5
21243,0.5
21244,0.5
21245,0.5
21246,0.5
21247,0.5
21248,0.5
21249,0.5
21250,0.5
21251,0.5
21252,0.5
21253,0.5
21254,0.5
21255,0.5
21256,0.5
21257,0.5
21258,0.5
21259,0.5
21260,0.5
21261,0.5
21262,0.5
21263,0.5
21264,0.5
21265,0.5
21266,0.5
21267,0.5
21268,0.5
21269,0.5
21270,0.5
21271,0.5
21272,0.5
21273,0.5
21274,0.5
21275,0.5
21276,0.5
21277,0.5
21278,0.5
21279,0.5
21280,0.5
21281,0.5
21282,0.5
21283,0.5
21284,0.5
21285,0.5
21286,0.5
21287,0.5
21288,0.5
21289,0.5
21290,0.5
21291,0.5
21292,0.5
21293,0.5
21294,0.5
21295,0.5
21296,0.5
21297,0.5
21298,0.5
21299,0.5
21300,0.5
21301,0.5
21302,0.5
21303,0.5
21304,0.5
21305,0.5
21306,0.5
21307,0.5
21308,0.5
21309,0.5
21310,0.5
21311,0.5
21312,0.5
21313,0.5
21314,0.5
21315,0.5
21316,0.5
21317,0.5
21318,0.5
21319,0.5
21320,0.5
21321,0.5
21322,0.5
21323,0.5
21324,0.5
21325,0.5
21326,0.5
21327,0.5
21328,0.5
21329,0.5
21330,0.5
21331,0.5
21332,0.5
21333,0.5
21334,0.5
21335,0.5
21336,0.5
21337,0.5
21338,0.5
21339,0.5
21340,0.5
21341,0.5
21342,0.5
21343,0.5
21344,0.5
21345,0.5
21346,0.5
21347,0.5
21348,0.5
21349,0.5
21350,0.5
21351,0.5
21352,0.5
21353,0.5
21354,0.5
21355,0.5
21356,0.5
21357,0.5
21358,0.5
21359,0.5
21360,0.5
21361,0.5
21362,0.5
21363,0.5
21364,0.5
21365,0.5
21366,0.5
21367,0.5
21368,0.5
21369,0.5
21370,0.5
21371,0.5
21372,0.5
21373,0.5
21374,0.5
21375,0.5
21376,0.5
21377,0.5
21378,0.5
21379,0.5
21380,0.5
21381,0.5
21382,0.5
21383,0.5
21384,0.5
21385,0.5
21386,0.5
21387,0.5
21388,0.5
21389,0.5
21390,0.5
21391,0.5
21392,0.5
21393,0.5
21394,0.5
21395,0.5
21396,0.5
21397,0.5
21398,0.5
21399,0.5
21400,0.5
21401,0.5
21402,0.5
21403,0.5
21404,0.5
21405,0.5
21406,0.5
21407,0.5
21408,0.5
21409,0.5
21410,0.5
21411,0.5
21412,0.5
21413,0.5
21414,0.5
21415,0.5
21416,0.5
21417,0.5
21418,0.5
21419,0.5
21420,0.5
21421,0.5
21422,0.5
21423,0.5
21424,0.5
21425,0.5
21426,0.5
21427,0.5
21428,0.5
21429,0.5
21430,0.5
21431,0.5
21432,0.5
21433,0.5
21434,0.5
21435,0.5
21436,0.5
21437,0.5
21438,0.5
21439,0.5
21440,0.5
21441,0.5
21442,0.5
21443,0.5
21444,0.5
21445,0.5
21446,0.5
21447,0.5
21448,0.5
21449,0.5
21450,0.5
21451,0.5
21452,0.5
21453,0.5
21454,0.5
21455,0.5
21456,0.5
21457,0.5
21458,0.5
21459,0.5
21460,0.5
21461,0.5
21462,0.5
21463,0.5
21464,0.5
21465,0.5
21466,0.5
21467,0.5
21468,0.5
21469,0.5
21470,0.5
21471,0.5
21472,0.5
21473,0.5
21474,0.5
21475,0.5
21476,0.5
21477,0.5
21478,0.5
21479,0.5
21480,0.5
21481,0.5
21482,0.5
21483,0.5
21484,0.5
21485,0.5
21486,0.5
21487,0.5
21488,0.5
21489,0.5
21490,0.5
21491,0.5
21492,0.5
21493,0.5
21494,0.5
21495,0.5
21496,0.5
21497,0.5
21498,0.5
21499,0.5
21500,0.5
21501,0.5
21502,0.5
21503,0.5
21504,0.5
21505,0.5
21506,0.5
21507,0.5
21508,0.5
21509,0.5
21510,0.5
21511,0.5
21512,0.5
21513,0.5
21514,0.5
21515,0.5
21516,0.5
21517,0.5
21518,0.5
21519,0.5
21520,0.5
21521,0.5
21522,0.5
21523,0.5
21524,0.5
21525,0.5
21526,0.5
21527,0.5
21528,0.5
21529,0.5
21530,0.5
21531,0.5
21532,0.5
21533,0.5
21534,0.5
21535,0.5
21536,0.5
21537,0.5
21538,0.5
21539,0.5
21540,0.5
21541,0.5
21542,0.5
21543,0.5
21544,0.5
21545,0.5
21546,0.5
21547,0.5
21548,0.5
21549,0.5
21550,0.5
21551,0.5
21552,0.5
21553,0.5
21554,0.5
21555,0.5
21556,0.5
21557,0.5
21558,0.5
21559,0.5
21560,0.5
21561,0.5
21562,0.5
21563,0.5
21564,0.5
21565,0.5
21566,0.5
21567,0.5
21568,0.5
21569,0.5
21570,0.5
21571,0.5
21572,0.5
21573,0.5
21574,0.5
21575,0.5
21576,0.5
21577,0.5
21578,0.5
21579,0.5
21580,0.5
21581,0.5
21582,0.5
21583,0.5
21584,0.5
21585,0.5
21586,0.5
21587,0.5
21588,0.5
21589,0.5
21590,0.5
21591,0.5
21592,0.5
21593,0.5
21594,0.5
21595,0.5
21596,0.5
21597,0.5
21598,0.5
21599,0.5
21600,0.5
21601,0.5
21602,0.5
21603,0.5
21604,0.5
21605,0.5
21606,0.5
21607,0.5
21608,0.5
21609,0.5
21610,0.5
21611,0.5
21612,0.5
21613,0.5
21614,0.5
21615,0.5
21616,0.5
21617,0.5
21618,0.5
21619,0.5
21620,0.5
21621,0.5
21622,0.5
21623,0.5
21624,0.5
21625,0.5
21626,0.5
21627,0.5
21628,0.5
21629,0.5
21630,0.5
21631,0.5
21632,0.5
21633,0.5
21634,0.5
21635,0.5
21636,0.5
21637,0.5
21638,0.5
21639,0.5
21640,0.5
21641,0.5
21642,0.5
21643,0.5
21644,0.5
21645,0.5
21646,0.5
21647,0.5
21648,0.5
21649,0.5
21650,0.5
21651,0.5
21652,0.5
21653,0.5
21654,0.5
21655,0.5
21656,0.5
21657,0.5
21658,0.5
21659,0.5
21660,0.5
21661,0.5
21662,0.5
21663,0.5
21664,0.5
21665,0.5
21666,0.5
21667,0.5
21668,0.5
21669,0.5
21670,0.5
21671,0.5
21672,0.5
21673,0.5
21674,0.5
21675,0.5
21676,0.5
21677,0.5
21678,0.5
21679,0.5
21680,0.5
21681,0.5
21682,0.5
21683,0.5
21684,0.5
21685,0.5
21686,0.5
21687,0.5
21688,0.5
21689,0.5
21690,0.5
21691,0.5
21692,0.5
21693,0.5
21694,0.5
21695,0.5
21696,0.5
21697,0.5
21698,0.5
21699,0.5
21700,0.5
21701,0.5
21702,0.5
21703,0.5
21704,0.5
21705,0.5
21706,0.5
21707,0.5
21708,0.5
21709,0.5
21710,0.5
21711,0.5
21712,0.5
21713,0.5
21714,0.5
21715,0.5
21716,0.5
21717,0.5
21718,0.5
21719,0.5
21720,0.5
21721,0.5
21722,0.5
21723,0.5
21724,0.5
21725,0.5
21726,0.5
21727,0.5
21728,0.5
21729,0.5
21730,0.5
21731,0.5
21732,0.5
21733,0.5
21734,0.5
21735,0.5
21736,0.5
21737,0.5
21738,0.5
21739,0.5
21740,0.5
21741,0.5
21742,0.5
21743,0.5
21744,0.5
21745,0.5
21746,0.5
21747,0.5
21748,0.5
21749,0.5
21750,0.5
21751,0.5
21752,0.5
21753,0.5
21754,0.5
21755,0.5
21756,0.5
21757,0.5
21758,0.5
21759,0.5
21760,0.5
21761,0.5
21762,0.5
21763,0.5
21764,0.5
21765,0.5
21766,0.5
21767,0.5
21768,0.5
21769,0.5
21770,0.5
21771,0.5
21772,0.5
21773,0.5
21774,0.5
21775,0.5
21776,0.5
21777,0.5
21778,0.5
21779,0.5
21780,0.5
21781,0.5
21782,0.5
21783,0.5
21784,0.5
21785,0.5
21786,0.5
21787,0.5
21788,0.5
21789,0.5
21790,0.5
21791,0.5
21792,0.5
21793,0.5
21794,0.5
21795,0.5
21796,0.5
21797,0.5
21798,0.5
21799,0.5
21800,0.5
21801,0.5
21802,0.5
21803,0.5
21804,0.5
21805,0.5
21806,0.5
21807,0.5
21808,0.5
21809,0.5
21810,0.5
21811,0.5
21812,0.5
21813,0.5
21814,0.5
21815,0.5
21816,0.5
21817,0.5
21818,0.5
21819,0.5
21820,0.5
21821,0.5
21822,0.5
21823,0.5
21824,0.5
21825,0.5
21826,0.5
21827,0.5
21828,0.5
21829,0.5
21830,0.5
21831,0.5
21832,0.5
21833,0.5
21834,0.5
21835,0.5
21836,0.5
21837,0.5
21838,0.5
21839,0.5
21840,0.5
21841,0.5
21842,0.5
21843,0.5
21844,0.5
21845,0.5
21846,0.5
21847,0.5
21848,0.5
21849,0.5
21850,0.5
21851,0.5
21852,0.5
21853,0.5
21854,0.5
21855,0.5
21856,0.5
21857,0.5
21858,0.5
21859,0.5
21860,0.5
21861,0.5
21862,0.5
21863,0.5
21864,0.5
21865,0.5
21866,0.5
21867,0.5
21868,0.5
21869,0.5
21870,0.5
21871,0.5
21872,0.5
21873,0.5
21874,0.5
21875,0.5
21876,0.5
21877,0.5
21878,0.5
21879,0.5
21880,0.5
21881,0.5
21882,0.5
21883,0.5
21884,0.5
21885,0.5
21886,0.5
21887,0.5
21888,0.5
21889,0.5
21890,0.5
21891,0.5
21892,0.5
21893,0.5
21894,0.5
21895,0.5
21896,0.5
21897,0.5
21898,0.5
21899,0.5
21900,0.5
21901,0.5
21902,0.5
21903,0.5
21904,0.5
21905,0.5
21906,0.5
21907,0.5
21908,0.5
21909,0.5
21910,0.5
21911,0.5
21912,0.5
21913,0.5
21914,0.5
21915,0.5
21916,0.5
21917,0.5
21918,0.5
21919,0.5
21920,0.5
21921,0.5
21922,0.5
21923,0.5
21924,0.5
21925,0.5
21926,0.5
21927,0.5
21928,0.5
21929,0.5
21930,0.5
21931,0.5
21932,0.5
21933,0.5
21934,0.5
21935,0.5
21936,0.5
21937,0.5
21938,0.5
21939,0.5
21940,0.5
21941,0.5
21942,0.5
21943,0.5
21944,0.5
21945,0.5
21946,0.5
21947,0.5
21948,0.5
21949,0.5
21950,0.5
21951,0.5
21952,0.5
21953,0.5
21954,0.5
21955,0.5
21956,0.5
21957,0.5
21958,0.5
21959,0.5
21960,0.5
21961,0.5
21962,0.5
21963,0.5
21964,0.5
21965,0.5
21966,0.5
21967,0.5
21968,0.5
21969,0.5
21970,0.5
21971,0.5
21972,0.5
21973,0.5
21974,0.5
21975,0.5
21976,0.5
21977,0.5
21978,0.5
21979,0.5
21980,0.5
21981,0.5
21982,0.5
21983,0.5
21984,0.5
21985,0.5
21986,0.5
21987,0.5
21988,0.5
21989,0.5
21990,0.5
21991,0.5
21992,0.5
21993,0.5
21994,0.5
21995,0.5
21996,0.5
21997,0.5
21998,0.5
21999,0.5
22000,0.5
22001,0.5
22002,0.5
22003,0.5
22004,0.5
22005,0.5
22006,0.5
22007,0.5
22008,0.5
22009,0.5
22010,0.5
22011,0.5
22012,0.5
22013,0.5
22014,0.5
22015,0.5
22016,0.5
22017,0.5
22018,0.5
22019,0.5
22020,0.5
22021,0.5
22022,0.5
22023,0.5
22024,0.5
22025,0.5
22026,0.5
22027,0.5
22028,0.5
22029,0.5
22030,0.5
22031,0.5
22032,0.5
22033,0.5
22034,0.5
22035,0.5
22036,0.5
22037,0.5
22038,0.5
22039,0.5
22040,0.5
22041,0.5
22042,0.5
22043,0.5
22044,0.5
22045,0.5
22046,0.5
22047,0.5
22048,0.5
22049,0.5
22050,0.5
22051,0.5
22052,0.5
22053,0.5
22054,0.5
22055,0.5
22056,0.5
22057,0.5
22058,0.5
22059,0.5
22060,0.5
22061,0.5
22062,0.5
22063,0.5
22064,0.5
22065,0.5
22066,0.5
22067,0.5
22068,0.5
22069,0.5
22070,0.5
22071,0.5
22072,0.5
22073,0.5
22074,0.5
22075,0.5
22076,0.5
22077,0.5
22078,0.5
22079,0.5
22080,0.5
22081,0.5
22082,0.5
22083,0.5
22084,0.5
22085,0.5
22086,0.5
22087,0.5
22088,0.5
22089,0.5
22090,0.5
22091,0.5
22092,0.5
22093,0.5
22094,0.5
22095,0.5
22096,0.5
22097,0.5
22098,0.5
22099,0.5
22100,0.5
22101,0.5
22102,0.5
22103,0.5
22104,0.5
22105,0.5
22106,0.5
22107,0.5
22108,0.5
22109,0.5
22110,0.5
22111,0.5
22112,0.5
22113,0.5
22114,0.5
22115,0.5
22116,0.5
22117,0.5
22118,0.5
22119,0.5
22120,0.5
22121,0.7
22122,0.6977
22123,0.6953999999999999
22124,0.6930999999999999
22125,0.6908
22126,0.6885
22127,0.6861999999999999
22128,0.6839
22129,0.6816
22130,0.6792999999999999
22131,0.6769999999999999
22132,0.6747
22133,0.6724
22134,0.6700999999999999
22135,0.6678
22136,0.6655
22137,0.6632
22138,0.6608999999999999
22139,0.6586
22140,0.6563
22141,0.6539999999999999
22142,0.6517
22143,0.6494
22144,0.6471
22145,0.6447999999999999
22146,0.6425
22147,0.6402
22148,0.6378999999999999
22149,0.6355999999999999
22150,0.6333
22151,0.631
22152,0.6286999999999999
22153,0.6264
22154,0.6241
22155,0.6217999999999999
22156,0.6194999999999999
22157,0.6172
22158,0.6149
22159,0.6125999999999999
22160,0.6103
22161,0.608
22162,0.6056999999999999
22163,0.6033999999999999
22164,0.6011
22165,0.5988
22166,0.5964999999999999
22167,0.5942
22168,0.5919
22169,0.5895999999999999
22170,0.5872999999999999
22171,0.585
22172,0.5827
22173,0.5803999999999999
22174,0.5781
22175,0.5758
22176,0.5734999999999999
22177,0.5711999999999999
22178,0.5689
22179,0.5666
22180,0.5643
22181,0.5619999999999999
22182,0.5597
22183,0.5573999999999999
22184,0.5550999999999999
22185,0.5528
22186,0.5505
22187,0.5482
22188,0.5458999999999999
22189,0.5436
22190,0.5412999999999999
22191,0.5389999999999999
22192,0.5367
22193,0.5344
22194,0.5321
22195,0.5297999999999999
22196,0.5275
22197,0.5251999999999999
22198,0.5228999999999999
22199,0.5206
22200,0.5183
22201,0.516
22202,0.5136999999999999
22203,0.5114
22204,0.5091
22205,0.5067999999999999
22206,0.5045
22207,0.5022
22208,0.49989999999999996
22209,0.49759999999999993
22210,0.49529999999999996
22211,0.493
22212,0.49069999999999997
22213,0.48839999999999995
22214,0.4861
22215,0.7
22216,0.697646
22217,0.6952919999999999
22218,0.6929379999999999
22219,0.690584
22220,0.68823
22221,0.6858759999999999
22222,0.683522
22223,0.681168
22224,0.6788139999999999
22225,0.67646
22226,0.674106
22227,0.6717519999999999
22228,0.6693979999999999
22229,0.667044
22230,0.66469
22231,0.6623359999999999
22232,0.659982
22233,0.657628
22234,0.6552739999999999
22235,0.65292
22236,0.650566
22237,0.648212
22238,0.6458579999999999
22239,0.643504
22240,0.64115
22241,0.6387959999999999
22242,0.636442
22243,0.634088
22244,0.6317339999999999
22245,0.6293799999999999
22246,0.627026
22247,0.6246719999999999
22248,0.6223179999999999
22249,0.619964
22250,0.61761
22251,0.6152559999999999
22252,0.612902
22253,0.610548
22254,0.6081939999999999
22255,0.6058399999999999
22256,0.603486
22257,0.601132
22258,0.5987779999999999
22259,0.596424
22260,0.59407
22261,0.5917159999999999
22262,0.5893619999999999
22263,0.587008
22264,0.584654
22265,0.5822999999999999
22266,0.579946
22267,0.5775919999999999
22268,0.5752379999999999
22269,0.572884
22270,0.57053
22271,0.568176
22272,0.5658219999999999
22273,0.563468
22274,0.5611139999999999
22275,0.5587599999999999
22276,0.556406
22277,0.554052
22278,0.5516979999999999
22279,0.5493439999999999
22280,0.54699
22281,0.5446359999999999
22282,0.5422819999999999
22283,0.539928
22284,0.537574
22285,0.5352199999999999
22286,0.532866
22287,0.5305119999999999
22288,0.5281579999999999
22289,0.5258039999999999
22290,0.52345
22291,0.521096
22292,0.5187419999999999
22293,0.516388
22294,0.5140339999999999
22295,0.5116799999999999
22296,0.509326
22297,0.506972
22298,0.5046179999999999
22299,0.5022639999999999
22300,0.49990999999999997
22301,0.49755599999999994
22302,0.4952019999999999
22303,0.49284799999999995
22304,0.49049399999999993
22305,0.4881399999999999
22306,0.48578599999999994
22307,0.483432
22308,0.48107799999999995
22309,0.4787239999999999
22310,0.47636999999999996
22311,0.47401599999999994
22312,0.4716619999999999
22313,0.46930799999999995
22314,0.4669539999999999
22315,0.4645999999999999
22316,0.46224599999999993
22317,0.45989199999999997
22318,0.45753799999999994
22319,0.4551839999999999
22320,0.45282999999999995
22321,0.45047599999999993
22322,0.4481219999999999
22323,0.44576799999999994
22324,0.4434139999999999
22325,0.44105999999999995
22326,0.43870599999999993
22327,0.43635199999999996
22328,0.43399799999999994
22329,0.4316439999999999
22330,0.42928999999999995
22331,0.4269359999999999
22332,0.42458199999999996
22333,0.42222799999999994
22334,0.4198739999999999
22335,0.41751999999999995
22336,0.4151659999999999
22337,0.41281199999999996
22338,0.41045799999999993
22339,0.4081039999999999
22340,0.40574999999999994
22341,0.4033959999999999
22342,0.40104199999999995
22343,0.39868799999999993
22344,0.3963339999999999
22345,0.39397999999999994
22346,0.3916259999999999
22347,0.38927199999999995
22348,0.38691799999999993
22349,0.3845639999999999
22350,0.38220999999999994
22351,0.3798559999999999
22352,0.37750199999999995
22353,0.3751479999999999
22354,0.3727939999999999
22355,0.37043999999999994
22356,0.3680859999999999
22357,0.36573199999999995
22358,0.3633779999999999
22359,0.3610239999999999
22360,0.35866999999999993
22361,0.3563159999999999
22362,0.35396199999999994
22363,0.3516079999999999
22364,0.34925399999999995
22365,0.34689999999999993
22366,0.3445459999999999
22367,0.34219199999999994
22368,0.3398379999999999
22369,0.33748399999999995
22370,0.33512999999999993
22371,0.3327759999999999
22372,0.33042199999999994
22373,0.3280679999999999
22374,0.32571399999999995
22375,0.5
22376,0.5
22377,0.5
22378,0.5
22379,0.5
22380,0.5
22381,0.5
22382,0.5
22383,0.5
22384,0.5
22385,0.5
22386,0.5
22387,0.5
22388,0.5
22389,0.5
22390,0.5
22391,0.5
22392,0.5
22393,0.5
22394,0.5
22395,0.5
22396,0.5
22397,0.5
22398,0.5
22399,0.5
22400,0.5
22401,0.5
22402,0.5
22403,0.5
22404,0.5
22405,0.5
22406,0.5
22407,0.5
22408,0.5
22409,0.5
22410,0.5
22411,0.5
22412,0.5
22413,0.5
22414,0.5
22415,0.5
22416,0.5
22417,0.5
22418,0.5
22419,0.5
22420,0.5
22421,0.5
22422,0.5
22423,0.5
22424,0.5
22425,0.5
22426,0.5
22427,0.5
22428,0.5
22429,0.5
22430,0.5
22431,0.5
22432,0.5
22433,0.5
22434,0.5
22435,0.5
22436,0.5
22437,0.5
22438,0.5
22439,0.5
22440,0.5
22441,0.5
22442,0.5
22443,0.5
22444,0.5
22445,0.5
22446,0.5
22447,0.5
22448,0.5
22449,0.5
22450,0.5
22451,0.5
22452,0.5
22453,0.5
22454,0.5
22455,0.5
22456,0.5
22457,0.5
22458,0.5
22459,0.5
22460,0.5
22461,0.5
22462,0.5
22463,0.5
22464,0.5
22465,0.5
22466,0.5
22467,0.5
22468,0.5
22469,0.5
22470,0.5
22471,0.5
22472,0.5
22473,0.5
22474,0.5
22475,0.5
22476,0.5
22477,0.5
22478,0.5
22479,0.5
22480,0.5
22481,0.5
22482,0.5
22483,0.5
22484,0.5
22485,0.5
22486,0.5
22487,0.5
22488,0.5
22489,0.5
22490,0.5
22491,0.5
22492,0.5
22493,0.5
22494,0.5
22495,0.5
22496,0.5
22497,0.5
22498,0.5
22499,0.5
22500,0.5
22501,0.5
22502,0.5
22503,0.5
22504,0.5
22505,0.5
22506,0.5
22507,0.5
22508,0.5
22509,0.5
22510,0.5
22511,0.5
22512,0.5
22513,0.5
22514,0.5
22515,0.5
22516,0.5
22517,0.5
22518,0.5
22519,0.5
22520,0.5
22521,0.5
22522,0.5
22523,0.5
22524,0.5
22525,0.5
22526,0.5
22527,0.5
22528,0.5
22529,0.5
22530,0.5
22531,0.5
22532,0.5
22533,0.5
22534,0.5
22535,0.5
22536,0.5
22537,0.5
22538,0.5
22539,0.5
22540,0.5
22541,0.5
22542,0.5
22543,0.5
22544,0.5
22545,0.5
22546,0.5
22547,0.5
22548,0.5
22549,0.5
22550,0.5
22551,0.5
22552,0.5
22553,0.5
22554,0.5
22555,0.5
22556,0.5
22557,0.5
22558,0.5
22559,0.5
22560,0.5
22561,0.5
22562,0.5
22563,0.5
22564,0.5
22565,0.5
22566,0.5
22567,0.5
22568,0.5
22569,0.5
22570,0.5
22571,0.5
22572,0.5
22573,0.5
22574,0.5
22575,0.5
22576,0.5
22577,0.5
22578,0.5
22579,0.5
22580,0.5
22581,0.5
22582,0.5
22583,0.5
22584,0.5
22585,0.5
22586,0.5
22587,0.5
22588,0.5
22589,0.5
22590,0.5
22591,0.5
22592,0.5
22593,0.5
22594,0.5
22595,0.5
22596,0.5
22597,0.5
22598,0.5
22599,0.5
22600,0.5
22601,0.5
22602,0.5
22603,0.5
22604,0.5
22605,0.5
22606,0.5
22607,0.5
22608,0.5
22609,0.5
22610,0.5
22611,0.5
22612,0.5
22613,0.5
22614,0.5
22615,0.5
22616,0.5
22617,0.5
22618,0.5
22619,0.5
22620,0.5
22621,0.5
22622,0.5
22623,0.5
22624,0.5
22625,0.5
22626,0.5
22627,0.5
22628,0.5
22629,0.5
22630,0.5
22631,0.5
22632,0.5
22633,0.5
22634,0.5
22635,0.5
22636,0.5
22637,0.5
22638,0.5
22639,0.5
22640,0.5
22641,0.5
22642,0.5
22643,0.5
22644,0.5
22645,0.5
22646,0.5
22647,0.5
22648,0.5
22649,0.5
22650,0.5
22651,0.5
22652,0.5
22653,0.5
22654,0.5
22655,0.5
22656,0.5
22657,0.5
22658,0.5
22659,0.5
22660,0.5
22661,0.5
22662,0.5
22663,0.5
22664,0.5
22665,0.5
22666,0.5
22667,0.5
22668,0.5
22669,0.5
22670,0.5
22671,0.5
22672,0.5
22673,0.5
22674,0.5
22675,0.5
22676,0.5
22677,0.5
22678,0.5
22679,0.5
22680,0.5
22681,0.5
22682,0.5
22683,0.5
22684,0.5
22685,0.5
22686,0.5
22687,0.5
22688,0.5
22689,0.5
22690,0.5
22691,0.5
22692,0.5
22693,0.5
22694,0.5
22695,0.5
22696,0.5
22697,0.5
22698,0.5
22699,0.5
22700,0.5
22701,0.5
22702,0.5
22703,0.5
22704,0.5
22705,0.5
22706,0.5
22707,0.5
22708,0.5
22709,0.5
22710,0.5
22711,0.5
22712,0.5
22713,0.5
22714,0.5
22715,0.5
22716,0.5
22717,0.5
22718,0.5
22719,0.5
22720,0.5
22721,0.5
22722,0.5
22723,0.5
22724,0.5
22725,0.5
22726,0.5
22727,0.5
22728,0.5
22729,0.5
22730,0.5
22731,0.5
22732,0.5
22733,0.5
22734,0.5
22735,0.5
22736,0.5
22737,0.5
22738,0.5
22739,0.5
22740,0.5
22741,0.5
22742,0.5
22743,0.5
22744,0.5
22745,0.5
22746,0.5
22747,0.5
22748,0.5
22749,0.5
22750,0.5
22751,0.5
22752,0.5
22753,0.5
22754,0.5
22755,0.5
22756,0.5
22757,0.5
22758,0.5
22759,0.5
22760,0.5
22761,0.5
22762,0.5
22763,0.5
22764,0.5
22765,0.5
22766,0.5
22767,0.5
22768,0.5
22769,0.5
22770,0.5
22771,0.5
22772,0.5
22773,0.5
22774,0.5
22775,0.5
22776,0.5
22777,0.5
22778,0.5
22779,0.5
22780,0.5
22781,0.5
22782,0.5
22783,0.5
22784,0.5
22785,0.5
22786,0.5
22787,0.5
22788,0.5
22789,0.5
22790,0.5
22791,0.5
22792,0.5
22793,0.5
22794,0.5
22795,0.5
22796,0.5
22797,0.5
22798,0.5
22799,0.5
22800,0.5
22801,0.5
22802,0.5
22803,0.5
22804,0.5
22805,0.5
22806,0.5
22807,0.5
22808,0.5
22809,0.5
22810,0.5
22811,0.5
22812,0.5
22813,0.5
22814,0.5
22815,0.5
22816,0.5
22817,0.5
22818,0.5
22819,0.5
22820,0.5
22821,0.5
22822,0.5
22823,0.5
22824,0.5
22825,0.5
22826,0.5
22827,0.5
22828,0.5
22829,0.5
22830,0.5
22831,0.5
22832,0.5
22833,0.5
22834,0.5
22835,0.5
22836,0.5
22837,0.5
22838,0.5
22839,0.5
22840,0.5
22841,0.5
22842,0.5
22843,0.5
22844,0.5
22845,0.5
22846,0.5
22847,0.5
22848,0.5
22849,0.5
22850,0.5
22851,0.5
22852,0.5
22853,0.5
22854,0.5
22855,0.5
22856,0.5
22857,0.5
22858,0.5
22859,0.5
22860,0.5
22861,0.5
22862,0.5
22863,0.5
22864,0.5
22865,0.5
22866,0.5
22867,0.5
22868,0.5
22869,0.5
22870,0.5
22871,0.5
22872,0.5
22873,0.5
22874,0.5
22875,0.5
22876,0.5
22877,0.5
22878,0.5
22879,0.5
22880,0.5
22881,0.5
22882,0.5
22883,0.5
22884,0.5
22885,0.5
22886,0.5
22887,0.5
22888,0.5
22889,0.5
22890,0.5
22891,0.5
22892,0.5
22893,0.5
22894,0.5
22895,0.5
22896,0.5
22897,0.5
22898,0.5
22899,0.5
22900,0.5
22901,0.5
22902,0.5
22903,0.5
22904,0.5
22905,0.5
22906,0.5
22907,0.5
22908,0.5
22909,0.5
22910,0.5
22911,0.5
22912,0.5
22913,0.5
22914,0.5
22915,0.5
22916,0.5
22917,0.5
22918,0.5
22919,0.5
22920,0.5
22921,0.5
22922,0.5
22923,0.5
22924,0.5
22925,0.5
22926,0.5
22927,0.5
22928,0.5
22929,0.5
22930,0.5
22931,0.5
22932,0.5
22933,0.5
22934,0.5
22935,0.5
22936,0.5
22937,0.5
22938,0.5
22939,0.5
22940,0.5
22941,0.5
22942,0.5
22943,0.5
22944,0.5
22945,0.5
22946,0.5
22947,0.5
22948,0.5
22949,0.5
22950,0.5
22951,0.5
22952,0.5
22953,0.5
22954,0.5
22955,0.5
22956,0.5
22957,0.5
22958,0.5
22959,0.5
22960,0.5
22961,0.5
22962,0.5
22963,0.5
22964,0.5
22965,0.5
22966,0.5
22967,0.5
22968,0.5
22969,0.5
22970,0.5
22971,0.5
22972,0.5
22973,0.5
22974,0.5
22975,0.5
22976,0.5
22977,0.5
22978,0.5
22979,0.5
22980,0.5
22981,0.5
22982,0.5
22983,0.5
22984,0.5
22985,0.5
22986,0.5
22987,0.5
22988,0.5
22989,0.5
22990,0.5
22991,0.5
22992,0.5
22993,0.5
22994,0.5
22995,0.5
22996,0.5
22997,0.5
22998,0.5
22999,0.5
23000,0.5
23001,0.5
23002,0.5
23003,0.5
23004,0.5
23005,0.5
23006,0.5
23007,0.5
23008,0.5
23009,0.5
23010,0.5
23011,0.5
23012,0.5
23013,0.5
23014,0.5
23015,0.5
23016,0.5
23017,0.5
23018,0.5
23019,0.5
23020,0.5
23021,0.5
23022,0.5
23023,0.5
23024,0.5
23025,0.5
23026,0.5
23027,0.5
23028,0.5
23029,0.5
23030,0.5
23031,0.5
23032,0.5
23033,0.5
23034,0.5
23035,0.5
23036,0.5
23037,0.5
23038,0.5
23039,0.5
23040,0.5
23041,0.5
23042,0.5
23043,0.5
23044,0.5
23045,0.5
23046,0.5
23047,0.5
23048,0.5
23049,0.5
23050,0.5
23051,0.5
23052,0.5
23053,0.5
23054,0.5
23055,0.5
23056,0.5
23057,0.5
23058,0.5
23059,0.5
23060,0.5
23061,0.5
23062,0.5
23063,0.5
23064,0.5
23065,0.5
23066,0.5
23067,0.5
23068,0.5
23069,0.5
23070,0.5
23071,0.5
23072,0.5
23073,0.5
23074,0.5
23075,0.5
23076,0.5
23077,0.5
23078,0.5
23079,0.5
23080,0.5
23081,0.5
23082,0.5
23083,0.5
23084,0.5
23085,0.5
23086,0.5
23087,0.5
23088,0.5
23089,0.5
23090,0.5
23091,0.5
23092,0.5
23093,0.5
23094,0.5
23095,0.5
23096,0.5
23097,0.5
23098,0.5
23099,0.5
23100,0.5
23101,0.5
23102,0.5
23103,0.5
23104,0.5
23105,0.5
23106,0.5
23107,0.5
23108,0.5
23109,0.5
23110,0.5
23111,0.5
23112,0.5
23113,0.5
23114,0.5
23115,0.5
23116,0.5
23117,0.5
23118,0.5
23119,0.5
23120,0.5
23121,0.5
23122,0.5
23123,0.5
23124,0.5
23125,0.5
23126,0.5
23127,0.5
23128,0.5
23129,0.5
23130,0.5
23131,0.5
23132,0.5
23133,0.5
23134,0.5
23135,0.5
23136,0.5
23137,0.5
23138,0.5
23139,0.5
23140,0.5
23141,0.5
23142,0.5
23143,0.5
23144,0.5
23145,0.5
23146,0.5
23147,0.5
23148,0.5
23149,0.5
23150,0.5
23151,0.5
23152,0.5
23153,0.5
23154,0.5
23155,0.5
23156,0.5
23157,0.5
23158,0.5
23159,0.5
23160,0.5
23161,0.5
23162,0.5
23163,0.5
23164,0.5
23165,0.5
23166,0.5
23167,0.5
23168,0.5
23169,0.5
23170,0.5
23171,0.5
23172,0.5
23173,0.5
23174,0.5
23175,0.5
23176,0.5
23177,0.5
23178,0.5
23179,0.5
23180,0.5
23181,0.5
23182,0.5
23183,0.5
23184,0.5
23185,0.5
23186,0.5
23187,0.5
23188,0.5
23189,0.5
23190,0.5
23191,0.5
23192,0.5
23193,0.5
23194,0.5
23195,0.5
23196,0.5
23197,0.5
23198,0.5
23199,0.5
23200,0.5
23201,0.5
23202,0.5
23203,0.5
23204,0.5
23205,0.5
23206,0.5
23207,0.5
23208,0.5
23209,0.5
23210,0.5
23211,0.5
23212,0.5
23213,0.5
23214,0.5
23215,0.5
23216,0.5
23217,0.5
23218,0.5
23219,0.5
23220,0.5
23221,0.5
23222,0.5
23223,0.5
23224,0.5
23225,0.5
23226,0.5
23227,0.5
23228,0.5
23229,0.5
23230,0.5
23231,0.5
23232,0.5
23233,0.5
23234,0.5
23235,0.5
23236,0.5
23237,0.5
23238,0.5
23239,0.5
23240,0.5
23241,0.5
23242,0.5
23243,0.5
23244,0.5
23245,0.5
23246,0.5
23247,0.5
23248,0.5
23249,0.5
23250,0.5
23251,0.5
23252,0.5
23253,0.5
23254,0.5
23255,0.5
23256,0.5
23257,0.5
23258,0.5
23259,0.5
23260,0.5
23261,0.5
23262,0.5
23263,0.5
23264,0.5
23265,0.5
23266,0.5
23267,0.5
23268,0.5
23269,0.5
23270,0.5
23271,0.5
23272,0.5
23273,0.5
23274,0.5
23275,0.5
23276,0.5
23277,0.5
23278,0.5
23279,0.5
23280,0.5
23281,0.5
23282,0.5
23283,0.5
23284,0.5
23285,0.5
23286,0.5
23287,0.5
23288,0.5
23289,0.5
23290,0.5
23291,0.5
23292,0.5
23293,0.5
23294,0.5
23295,0.5
23296,0.5
23297,0.5
23298,0.5
23299,0.5
23300,0.5
23301,0.5
23302,0.5
23303,0.5
23304,0.5
23305,0.5
23306,0.5
23307,0.5
23308,0.5
23309,0.5
23310,0.5
23311,0.5
23312,0.5
23313,0.5
23314,0.5
23315,0.5
23316,0.5
23317,0.5
23318,0.5
23319,0.5
23320,0.5
23321,0.5
23322,0.5
23323,0.5
23324,0.5
23325,0.5
23326,0.5
23327,0.5
23328,0.5
23329,0.5
23330,0.5
23331,0.5
23332,0.5
23333,0.5
23334,0.5
23335,0.5
23336,0.5
23337,0.5
23338,0.5
23339,0.5
23340,0.5
23341,0.5
23342,0.5
23343,0.5
23344,0.5
23345,0.5
23346,0.5
23347,0.5
23348,0.5
23349,0.5
23350,0.5
23351,0.5
23352,0.5
23353,0.5
23354,0.5
23355,0.5
23356,0.5
23357,0.5
23358,0.5
23359,0.5
23360,0.5
23361,0.5
23362,0.5
23363,0.5
23364,0.5
23365,0.5
23366,0.5
23367,0.5
23368,0.5
23369,0.5
23370,0.5
23371,0.5
23372,0.5
23373,0.5
23374,0.5
23375,0.5
23376,0.5
23377,0.5
23378,0.5
23379,0.5
23380,0.5
23381,0.5
23382,0.5
23383,0.5
23384,0.5
23385,0.5
23386,0.5
23387,0.5
23388,0.5
23389,0.5
23390,0.5
23391,0.5
23392,0.5
23393,0.5
23394,0.5
23395,0.5
23396,0.5
23397,0.5
23398,0.5
23399,0.5
23400,0.5
23401,0.5
23402,0.5
23403,0.5
23404,0.5
23405,0.5
23406,0.5
23407,0.5
23408,0.5
23409,0.5
23410,0.5
23411,0.5
23412,0.5
23413,0.5
23414,0.5
23415,0.5
23416,0.5
23417,0.5
23418,0.5
23419,0.5
23420,0.5
23421,0.5
23422,0.5
23423,0.5
23424,0.5
23425,0.5
23426,0.5
23427,0.5
23428,0.5
23429,0.5
23430,0.5
23431,0.5
23432,0.5
23433,0.5
23434,0.5
23435,0.5
23436,0.5
23437,0.5
23438,0.5
23439,0.5
23440,0.5
23441,0.5
23442,0.5
23443,0.5
23444,0.5
23445,0.5
23446,0.5
23447,0.5
23448,0.5
23449,0.5
23450,0.5
23451,0.5
23452,0.5
23453,0.5
23454,0.5
23455,0.5
23456,0.5
23457,0.5
23458,0.5
23459,0.5
23460,0.5
23461,0.5
23462,0.5
23463,0.5
23464,0.5
23465,0.5
23466,0.5
23467,0.5
23468,0.5
23469,0.5
23470,0.5
23471,0.5
23472,0.5
23473,0.5
23474,0.5
23475,0.5
23476,0.5
23477,0.5
23478,0.5
23479,0.5
23480,0.5
23481,0.5
23482,0.5
23483,0.5
23484,0.5
23485,0.5
23486,0.5
23487,0.5
23488,0.5
23489,0.5
23490,0.5
23491,0.5
23492,0.5
23493,0.5
23494,0.5
23495,0.5
23496,0.5
23497,0.5
23498,0.5
23499,0.5
23500,0.5
23501,0.5
23502,0.5
23503,0.5
23504,0.5
23505,0.5
23506,0.5
23507,0.5
23508,0.5
23509,0.5
23510,0.5
23511,0.5
23512,0.5
23513,0.5
23514,0.5
23515,0.5
23516,0.5
23517,0.5
23518,0.5
23519,0.5
23520,0.5
23521,0.5
23522,0.5
23523,0.5
23524,0.5
23525,0.5
23526,0.5
23527,0.5
23528,0.5
23529,0.5
23530,0.5
23531,0.5
23532,0.5
23533,0.5
23534,0.5
23535,0.5
23536,0.5
23537,0.5
23538,0.5
23539,0.5
23540,0.5
23541,0.5
23542,0.5
23543,0.5
23544,0.5
23545,0.5
23546,0.5
23547,0.5
23548,0.5
23549,0.5
23550,0.5
23551,0.5
23552,0.5
23553,0.5
23554,0.5
23555,0.5
23556,0.5
23557,0.5
23558,0.5
23559,0.5
23560,0.5
23561,0.5
23562,0.5
23563,0.5
23564,0.5
23565,0.5
23566,0.5
23567,0.5
23568,0.5
23569,0.5
23570,0.5
23571,0.5
23572,0.5
23573,0.5
23574,0.5
23575,0.5
23576,0.5
23577,0.5
23578,0.5
23579,0.5
23580,0.5
23581,0.5
23582,0.5
23583,0.5
23584,0.5
23585,0.5
23586,0.5
23587,0.5
23588,0.5
23589,0.5
23590,0.5
23591,0.5
23592,0.7
23593,0.698135
23594,0.69627
23595,0.6944049999999999
23596,0.6925399999999999
23597,0.6906749999999999
23598,0.6888099999999999
23599,0.6869449999999999
23600,0.6850799999999999
23601,0.6832149999999999
23602,0.6813499999999999
23603,0.679485
23604,0.67762
23605,0.675755
23606,0.67389
23607,0.672025
23608,0.67016
23609,0.668295
23610,0.66643
23611,0.664565
23612,0.6627
23613,0.660835
23614,0.65897
23615,0.6571049999999999
23616,0.6552399999999999
23617,0.6533749999999999
23618,0.6515099999999999
23619,0.6496449999999999
23620,0.6477799999999999
23621,0.645915
23622,0.64405
23623,0.642185
23624,0.64032
23625,0.638455
23626,0.63659
23627,0.634725
23628,0.63286
23629,0.630995
23630,0.62913
23631,0.627265
23632,0.6254
23633,0.623535
23634,0.62167
23635,0.6198049999999999
23636,0.6179399999999999
23637,0.6160749999999999
23638,0.6142099999999999
23639,0.6123449999999999
23640,0.6104799999999999
23641,0.6086149999999999
23642,0.6067499999999999
23643,0.604885
23644,0.60302
23645,0.601155
23646,0.59929
23647,0.597425
23648,0.59556
23649,0.593695
23650,0.59183
23651,0.589965
23652,0.5881
23653,0.586235
23654,0.58437
23655,0.5825049999999999
23656,0.5806399999999999
23657,0.5787749999999999
23658,0.5769099999999999
23659,0.5750449999999999
23660,0.57318
23661,0.571315
23662,0.56945
23663,0.567585
23664,0.56572
23665,0.563855
23666,0.56199
23667,0.560125
23668,0.55826
23669,0.556395
23670,0.55453
23671,0.552665
23672,0.5508
23673,0.548935
23674,0.54707
23675,0.5452049999999999
23676,0.5433399999999999
23677,0.5414749999999999
23678,0.5396099999999999
23679,0.5377449999999999
23680,0.5358799999999999
23681,0.5340149999999999
23682,0.5321499999999999
23683,0.5302849999999999
23684,0.52842
23685,0.526555
23686,0.52469
23687,0.522825
23688,0.52096
23689,0.519095
23690,0.51723
23691,0.515365
23692,0.5135
23693,0.511635
23694,0.50977
23695,0.5079049999999999
23696,0.5060399999999999
23697,0.5041749999999999
23698,0.50231
23699,0.500445
23700,0.49857999999999997
23701,0.49671499999999996
23702,0.49484999999999996
23703,0.492985
23704,0.49112
23705,0.489255
23706,0.48739
23707,0.485525
23708,0.48366
23709,0.481795
23710,0.47992999999999997
23711,0.47806499999999996
23712,0.47619999999999996
23713,0.47433499999999995
23714,0.47246999999999995
23715,0.47060499999999994
23716,0.46873999999999993
23717,0.46687499999999993
23718,0.46501
23719,0.463145
23720,0.46127999999999997
23721,0.45941499999999996
23722,0.45754999999999996
23723,0.455685
23724,0.45382
23725,0.451955
23726,0.45009
23727,0.448225
23728,0.44636
23729,0.444495
23730,0.44262999999999997
23731,0.44076499999999996
23732,0.43889999999999996
23733,0.43703499999999995
23734,0.43516999999999995
23735,0.433305
23736,0.43144
23737,0.429575
23738,0.42771
23739,0.425845
23740,0.42397999999999997
23741,0.42211499999999996
23742,0.42024999999999996
23743,0.41838499999999995
23744,0.41651999999999995
23745,0.414655
23746,0.41279
23747,0.410925
23748,0.40906
23749,0.407195
23750,0.40532999999999997
23751,0.40346499999999996
23752,0.40159999999999996
23753,0.39973499999999995
23754,0.39786999999999995
23755,0.396005
23756,0.39414
23757,0.392275
23758,0.39041
23759,0.388545
23760,0.38667999999999997
23761,0.38481499999999996
23762,0.38294999999999996
23763,0.38108499999999995
23764,0.37921999999999995
23765,0.377355
23766,0.5
23767,0.5004617
23768,0.5009234
23769,0.5013851
23770,0.5018468
23771,0.5023085
23772,0.5027702
23773,0.5032319
23774,0.5036936
23775,0.5041553
23776,0.504617
23777,0.5050787
23778,0.5055404
23779,0.5060021
23780,0.5064638
23781,0.5069255
23782,0.5073872
23783,0.5078489
23784,0.5083106
23785,0.5087723
23786,0.509234
23787,0.5096957
23788,0.5101574
23789,0.5106191
23790,0.5110808
23791,0.5115425
23792,0.5120042
23793,0.5124659
23794,0.5129276
23795,0.5133893
23796,0.513851
23797,0.5143127
23798,0.5147744
23799,0.5152361
23800,0.5156978
23801,0.5161595
23802,0.5166212
23803,0.5170829
23804,0.5175446
23805,0.5180063
23806,0.518468
23807,0.5189297
23808,0.5193914
23809,0.5198531
23810,0.5203148
23811,0.5207765
23812,0.5212382
23813,0.5216999
23814,0.5221616
23815,0.5226233
23816,0.523085
23817,0.5235467
23818,0.5240084
23819,0.5244701
23820,0.5249318
23821,0.5253935
23822,0.5258552
23823,0.5263169
23824,0.5267786
23825,0.5272403
23826,0.527702
23827,0.5281637
23828,0.5286254
23829,0.5290871
23830,0.5295488
23831,0.5300105
23832,0.5304722
23833,0.5309339
23834,0.5313956
23835,0.5318573
23836,0.532319
23837,0.5327807
23838,0.5332424
23839,0.5337041
23840,0.5341658
23841,0.5346275
23842,0.5350892
23843,0.5355509
23844,0.5360126
23845,0.5364743
23846,0.536936
23847,0.5373977
23848,0.5378594
23849,0.5383211
23850,0.5387828
23851,0.5392445
23852,0.5397062
23853,0.5401679
23854,0.5406296
23855,0.5410912999999999
23856,0.541553
23857,0.5420147
23858,0.5424764
23859,0.5429381
23860,0.5433998
23861,0.5438615
23862,0.5443232
23863,0.5447849
23864,0.5452466
23865,0.5457083
23866,0.54617
23867,0.5466317
23868,0.5470934
23869,0.5475551
23870,0.5480168
23871,0.5484785
23872,0.7
23873,0.6980127199999999
23874,0.69602544
23875,0.69403816
23876,0.6920508799999999
23877,0.6900636
23878,0.68807632
23879,0.6860890399999999
23880,0.68410176
23881,0.68211448
23882,0.6801271999999999
23883,0.67813992
23884,0.67615264
23885,0.6741653599999999
23886,0.6721780799999999
23887,0.6701908
23888,0.6682035199999999
23889,0.6662162399999999
23890,0.66422896
23891,0.6622416799999999
23892,0.6602543999999999
23893,0.65826712
23894,0.65627984
23895,0.6542925599999999
23896,0.65230528
23897,0.650318
23898,0.6483307199999999
23899,0.64634344
23900,0.64435616
23901,0.6423688799999999
23902,0.6403816
23903,0.63839432
23904,0.6364070399999999
23905,0.63441976
23906,0.63243248
23907,0.6304451999999999
23908,0.62845792
23909,0.62647064
23910,0.6244833599999999
23911,0.6224960799999999
23912,0.6205088
23913,0.6185215199999999
23914,0.61653424
23915,0.61454696
23916,0.6125596799999999
23917,0.6105723999999999
23918,0.60858512
23919,0.6065978399999999
23920,0.6046105599999999
23921,0.60262328
23922,0.600636
23923,0.5986487199999999
23924,0.59666144
23925,0.59467416
23926,0.5926868799999999
23927,0.5906996
23928,0.58871232
23929,0.5867250399999999
23930,0.58473776
23931,0.58275048
23932,0.5807631999999999
23933,0.57877592
23934,0.57678864
23935,0.5748013599999999
23936,0.5728140799999999
23937,0.5708268
23938,0.5688395199999999
23939,0.56685224
23940,0.56486496
23941,0.5628776799999999
23942,0.5608903999999999
23943,0.55890312
23944,0.5569158399999999
23945,0.55492856
23946,0.55294128
23947,0.5509539999999999
23948,0.5489667199999999
23949,0.54697944
23950,0.54499216
23951,0.5430048799999999
23952,0.5410176
23953,0.53903032
23954,0.5370430399999999
23955,0.5350557599999999
23956,0.53306848
23957,0.5310811999999999
23958,0.52909392
23959,0.52710664
23960,0.5251193599999999
23961,0.5231320799999999
23962,0.5211448
23963,0.5191575199999999
23964,0.51717024
23965,0.51518296
23966,0.7
23967,0.69839834
23968,0.69679668
23969,0.69519502
23970,0.6935933599999999
23971,0.6919917
23972,0.6903900399999999
23973,0.68878838
23974,0.6871867199999999
23975,0.68558506
23976,0.6839833999999999
23977,0.68238174
23978,0.6807800799999999
23979,0.67917842
23980,0.67757676
23981,0.6759750999999999
23982,0.67437344
23983,0.6727717799999999
23984,0.67117012
23985,0.6695684599999999
23986,0.6679668
23987,0.6663651399999999
23988,0.66476348
23989,0.66316182
23990,0.66156016
23991,0.6599585
23992,0.6583568399999999
23993,0.65675518
23994,0.6551535199999999
23995,0.65355186
23996,0.6519501999999999
23997,0.65034854
23998,0.6487468799999999
23999,0.64714522
24000,0.6455435599999999
24001,0.6439419
24002,0.64234024
24003,0.64073858
24004,0.63913692
24005,0.6375352599999999
24006,0.6359336
24007,0.6343319399999999
24008,0.63273028
24009,0.6311286199999999
24010,0.62952696
24011,0.6279252999999999
24012,0.62632364
24013,0.6247219799999999
24014,0.62312032
24015,0.62151866
24016,0.6199169999999999
24017,0.61831534
24018,0.6167136799999999
24019,0.61511202
24020,0.6135103599999999
24021,0.6119087
24022,0.6103070399999999
24023,0.60870538
24024,0.60710372
24025,0.60550206
24026,0.6039004
24027,0.6022987399999999
24028,0.60069708
24029,0.5990954199999999
24030,0.59749376
24031,0.5958920999999999
24032,0.59429044
24033,0.5926887799999999
24034,0.59108712
24035,0.5894854599999999
24036,0.5878838
24037,0.58628214
24038,0.58468048
24039,0.58307882
24040,0.5814771599999999
24041,0.5798755
24042,0.5782738399999999
24043,0.57667218
24044,0.5750705199999999
24045,0.57346886
24046,0.5718672
24047,0.57026554
24048,0.5686638799999999
24049,0.56706222
24050,0.56546056
24051,0.5638588999999999
24052,0.56225724
24053,0.5606555799999999
24054,0.55905392
24055,0.5574522599999999
24056,0.5558506
24057,0.5542489399999999
24058,0.55264728
24059,0.55104562
24060,0.7
24061,0.6964899999999999
24062,0.6929799999999999
24063,0.6894699999999999
24064,0.6859599999999999
24065,0.68245
24066,0.67894
24067,0.67543
24068,0.67192
24069,0.66841
24070,0.6648999999999999
24071,0.6613899999999999
24072,0.6578799999999999
24073,0.6543699999999999
24074,0.65086
24075,0.64735
24076,0.64384
24077,0.64033
24078,0.6368199999999999
24079,0.6333099999999999
24080,0.6297999999999999
24081,0.62629
24082,0.62278
24083,0.61927
24084,0.61576
24085,0.61225
24086,0.60874
24087,0.6052299999999999
24088,0.6017199999999999
24089,0.5982099999999999
24090,0.5947
24091,0.59119
24092,0.58768
24093,0.58417
24094,0.58066
24095,0.5771499999999999
24096,0.5736399999999999
24097,0.5701299999999999
24098,0.5666199999999999
24099,0.56311
24100,0.5596
24101,0.55609
24102,0.55258
24103,0.54907
24104,0.5455599999999999
24105,0.5420499999999999
24106,0.53854
24107,0.5350299999999999
24108,0.53152
24109,0.52801
24110,0.5245
24111,0.52099
24112,0.5174799999999999
24113,0.5139699999999999
24114,0.5104599999999999
24115,0.50695
24116,0.5034399999999999
24117,0.49993
24118,0.49642
24119,0.49290999999999996
24120,0.48939999999999995
24121,0.48588999999999993
24122,0.4823799999999999
24123,0.47886999999999996
24124,0.47535999999999995
24125,0.47184999999999994
24126,0.46834
24127,0.46482999999999997
24128,0.46131999999999995
24129,0.45780999999999994
24130,0.4542999999999999
24131,0.4507899999999999
24132,0.44727999999999996
24133,0.44376999999999994
24134,0.44025999999999993
24135,0.43674999999999997
24136,0.43323999999999996
24137,0.42972999999999995
24138,0.42621999999999993
24139,0.42271
24140,0.41919999999999996
24141,0.41568999999999995
24142,0.41217999999999994
24143,0.4086699999999999
24144,0.5
24145,0.501028
24146,0.502056
24147,0.503084
24148,0.504112
24149,0.50514
24150,0.506168
24151,0.507196
24152,0.508224
24153,0.509252
24154,0.51028
24155,0.511308
24156,0.512336
24157,0.513364
24158,0.514392
24159,0.51542
24160,0.516448
24161,0.517476
24162,0.518504
24163,0.519532
24164,0.52056
24165,0.521588
24166,0.522616
24167,0.523644
24168,0.524672
24169,0.5257000000000001
24170,0.526728
24171,0.527756
24172,0.528784
24173,0.529812
24174,0.53084
24175,0.531868
24176,0.532896
24177,0.533924
24178,0.534952
24179,0.53598
24180,0.537008
24181,0.538036
24182,0.539064
24183,0.540092
24184,0.54112
24185,0.542148
24186,0.543176
24187,0.544204
24188,0.545232
24189,0.54626
24190,0.547288
24191,0.548316
24192,0.549344
24193,0.550372
24194,0.5514
24195,0.552428
24196,0.553456
24197,0.554484
24198,0.555512
24199,0.55654
24200,0.557568
24201,0.558596
24202,0.559624
24203,0.560652
24204,0.56168
24205,0.562708
24206,0.563736
24207,0.564764
24208,0.565792
24209,0.56682
24210,0.567848
24211,0.568876
24212,0.569904
24213,0.570932
24214,0.57196
24215,0.572988
24216,0.574016
24217,0.575044
24218,0.576072
24219,0.5771
24220,0.578128
24221,0.579156
24222,0.580184
24223,0.5812120000000001
24224,0.58224
24225,0.583268
24226,0.584296
24227,0.585324
24228,0.586352
24229,0.58738
24230,0.588408
24231,0.589436
24232,0.590464
24233,0.591492
24234,0.59252
24235,0.593548
24236,0.594576
24237,0.595604
24238,0.596632
24239,0.59766
24240,0.598688
24241,0.599716
24242,0.600744
24243,0.601772
24244,0.6028
24245,0.603828
24246,0.6048560000000001
24247,0.605884
24248,0.606912
24249,0.60794
24250,0.608968
24251,0.609996
24252,0.611024
24253,0.612052
24254,0.61308
24255,0.614108
24256,0.615136
24257,0.616164
24258,0.617192
24259,0.61822
24260,0.619248
24261,0.620276
24262,0.621304
24263,0.622332
24264,0.62336
24265,0.624388
24266,0.625416
24267,0.626444
24268,0.627472
24269,0.6285000000000001
24270,0.629528
24271,0.630556
24272,0.631584
24273,0.632612
24274,0.63364
24275,0.634668
24276,0.635696
24277,0.6367240000000001
24278,0.637752
24279,0.63878
24280,0.639808
24281,0.640836
24282,0.641864
24283,0.642892
24284,0.5
24285,0.5
24286,0.5
24287,0.5
24288,0.5
24289,0.5
24290,0.5
24291,0.5
24292,0.5
24293,0.5
24294,0.5
24295,0.5
24296,0.5
24297,0.5
24298,0.5
24299,0.5
24300,0.5
24301,0.5
24302,0.5
24303,0.5
24304,0.5
24305,0.5
24306,0.5
24307,0.5
24308,0.5
24309,0.5
24310,0.5
24311,0.5
24312,0.5
24313,0.5
24314,0.5
24315,0.5
24316,0.5
24317,0.5
24318,0.5
24319,0.5
24320,0.5
24321,0.5
24322,0.5
24323,0.5
24324,0.5
24325,0.5
24326,0.5
24327,0.5
24328,0.5
24329,0.5
24330,0.5
24331,0.5
24332,0.5
24333,0.5
24334,0.5
24335,0.5
24336,0.5
24337,0.5
24338,0.5
24339,0.5
24340,0.5
24341,0.5
24342,0.5
24343,0.5
24344,0.5
24345,0.5
24346,0.5
24347,0.5
24348,0.5
24349,0.5
24350,0.5
24351,0.5
24352,0.5
24353,0.5
24354,0.5
24355,0.5
24356,0.5
24357,0.5
24358,0.5
24359,0.5
24360,0.5
24361,0.5
24362,0.5
24363,0.5
24364,0.5
24365,0.5
24366,0.5
24367,0.5
24368,0.5
24369,0.5
24370,0.5
24371,0.5
24372,0.5
24373,0.5
24374,0.5
24375,0.5
24376,0.5
24377,0.5
24378,0.5
24379,0.5
24380,0.5
24381,0.5
24382,0.5
24383,0.5
24384,0.5
24385,0.5
24386,0.5
24387,0.5
24388,0.5
24389,0.5
24390,0.5
24391,0.5
24392,0.5
24393,0.5
24394,0.5
24395,0.5
24396,0.5
24397,0.5
24398,0.5
24399,0.5
24400,0.5
24401,0.5
24402,0.5
24403,0.5
24404,0.5
24405,0.5
24406,0.5
24407,0.5
24408,0.5
24409,0.5
24410,0.5
24411,0.5
24412,0.5
24413,0.5
24414,0.5
24415,0.5
24416,0.5
24417,0.5
24418,0.5
24419,0.5
24420,0.5
24421,0.5
24422,0.5
24423,0.5
24424,0.5
24425,0.5
24426,0.5
24427,0.5
24428,0.5
24429,0.5
24430,0.5
24431,0.5
24432,0.5
24433,0.5
24434,0.5
24435,0.5
24436,0.5
24437,0.5
24438,0.5
24439,0.5
24440,0.5
24441,0.5
24442,0.5
24443,0.5
24444,0.5
24445,0.5
24446,0.5
24447,0.5
24448,0.5
24449,0.5
24450,0.5
24451,0.5
24452,0.5
24453,0.5
24454,0.5
24455,0.5
24456,0.5
24457,0.5
24458,0.5
24459,0.5
24460,0.5
24461,0.5
24462,0.5
24463,0.5
24464,0.5
24465,0.5
24466,0.5
24467,0.5
24468,0.5
24469,0.5
24470,0.5
24471,0.5
24472,0.5
24473,0.5
24474,0.5
24475,0.5
24476,0.5
24477,0.5
24478,0.5
24479,0.5
24480,0.5
24481,0.5
24482,0.5
24483,0.5
24484,0.5
24485,0.5
24486,0.5
24487,0.5
24488,0.5
24489,0.5
24490,0.5
24491,0.5
24492,0.5
24493,0.5
24494,0.5
24495,0.5
24496,0.5
24497,0.5
24498,0.5
24499,0.5
24500,0.5
24501,0.5
24502,0.5
24503,0.5
24504,0.5
24505,0.5
24506,0.5
24507,0.5
24508,0.5
24509,0.5
24510,0.5
24511,0.5
24512,0.5
24513,0.5
24514,0.5
24515,0.5
24516,0.5
24517,0.5
24518,0.5
24519,0.5
24520,0.5
24521,0.5
24522,0.5
24523,0.5
24524,0.5
24525,0.5
24526,0.5
24527,0.5
24528,0.5
24529,0.5
24530,0.5
24531,0.5
24532,0.5
24533,0.5
24534,0.5
24535,0.5
24536,0.5
24537,0.5
24538,0.5
24539,0.5
24540,0.5
24541,0.5
24542,0.5
24543,0.5
24544,0.5
24545,0.5
24546,0.5
24547,0.5
24548,0.5
24549,0.5
24550,0.5
24551,0.5
24552,0.5
24553,0.5
24554,0.5
24555,0.5
24556,0.5
24557,0.5
24558,0.5
24559,0.5
24560,0.5
24561,0.5
24562,0.5
24563,0.5
24564,0.5
24565,0.5
24566,0.5
24567,0.5
24568,0.5
24569,0.5
24570,0.5
24571,0.5
24572,0.5
24573,0.5
24574,0.5
24575,0.5
24576,0.5
24577,0.5
24578,0.5
24579,0.5
24580,0.5
24581,0.5
24582,0.5
24583,0.5
24584,0.5
24585,0.5
24586,0.5
24587,0.5
24588,0.5
24589,0.5
24590,0.5
24591,0.5
24592,0.5
24593,0.5
24594,0.5
24595,0.5
24596,0.5
24597,0.5
24598,0.5
24599,0.5
24600,0.5
24601,0.5
24602,0.5
24603,0.5
24604,0.5
24605,0.5
24606,0.5
24607,0.5
24608,0.5
24609,0.5
24610,0.5
24611,0.5
24612,0.5
24613,0.5
24614,0.5
24615,0.5
24616,0.5
24617,0.5
24618,0.5
24619,0.5
24620,0.5
24621,0.5
24622,0.5
24623,0.5
24624,0.5
24625,0.5
24626,0.5
24627,0.5
24628,0.5
24629,0.5
24630,0.5
24631,0.5
24632,0.5
24633,0.5
24634,0.5
24635,0.5
24636,0.5
24637,0.5
24638,0.5
24639,0.5
24640,0.5
24641,0.5
24642,0.5
24643,0.5
24644,0.5
24645,0.5
24646,0.5
24647,0.5
24648,0.5
24649,0.5
24650,0.5
24651,0.5
24652,0.5
24653,0.5
24654,0.5
24655,0.5
24656,0.5
24657,0.5
24658,0.5
24659,0.5
24660,0.5
24661,0.5
24662,0.5
24663,0.5
24664,0.5
24665,0.5
24666,0.5
24667,0.5
24668,0.5
24669,0.5
24670,0.5
24671,0.5
24672,0.5
24673,0.5
24674,0.5
24675,0.5
24676,0.5
24677,0.5
24678,0.5
24679,0.5
24680,0.5
24681,0.5
24682,0.5
24683,0.5
24684,0.5
24685,0.5
24686,0.5
24687,0.5
24688,0.5
24689,0.5
24690,0.5
24691,0.5
24692,0.5
24693,0.5
24694,0.5
24695,0.5
24696,0.5
24697,0.5
24698,0.5
24699,0.5
24700,0.5
24701,0.5
24702,0.5
24703,0.5
24704,0.5
24705,0.5
24706,0.5
24707,0.5
24708,0.5
24709,0.5
24710,0.5
24711,0.5
24712,0.5
24713,0.5
24714,0.5
24715,0.5
24716,0.5
24717,0.5
24718,0.5
24719,0.5
24720,0.5
24721,0.5
24722,0.5
24723,0.5
24724,0.5
24725,0.5
24726,0.5
24727,0.5
24728,0.5
24729,0.5
24730,0.5
24731,0.5
24732,0.5
24733,0.5
24734,0.5
24735,0.5
24736,0.5
24737,0.5
24738,0.5
24739,0.5
24740,0.5
24741,0.5
24742,0.5
24743,0.5
24744,0.5
24745,0.5
24746,0.5
24747,0.5
24748,0.5
24749,0.5
24750,0.5
24751,0.5
24752,0.5
24753,0.5
24754,0.5
24755,0.5
24756,0.5
24757,0.5
24758,0.5
24759,0.5
24760,0.5
24761,0.5
24762,0.5
24763,0.5
24764,0.5
24765,0.5
24766,0.5
24767,0.5
24768,0.5
24769,0.5
24770,0.5
24771,0.5
24772,0.5
24773,0.5
24774,0.5
24775,0.5
24776,0.5
24777,0.5
24778,0.5
24779,0.5
24780,0.5
24781,0.5
24782,0.5
24783,0.5
24784,0.5
24785,0.5
24786,0.5
24787,0.5
24788,0.5
24789,0.5
24790,0.5
24791,0.5
24792,0.5
24793,0.5
24794,0.5
24795,0.5
24796,0.5
24797,0.5
24798,0.5
24799,0.5
24800,0.5
24801,0.5
24802,0.5
24803,0.5
24804,0.5
24805,0.5
24806,0.5
24807,0.5
24808,0.5
24809,0.5
24810,0.5
24811,0.5
24812,0.5
24813,0.5
24814,0.5
24815,0.5
24816,0.5
24817,0.5
24818,0.5
24819,0.5
24820,0.5
24821,0.5
24822,0.5
24823,0.5
24824,0.5
24825,0.5
24826,0.5
24827,0.5
24828,0.5
24829,0.5
24830,0.5
24831,0.5
24832,0.5
24833,0.5
24834,0.5
24835,0.5
24836,0.5
24837,0.5
24838,0.5
24839,0.5
24840,0.5
24841,0.5
24842,0.5
24843,0.5
24844,0.5
24845,0.5
24846,0.5
24847,0.5
24848,0.5
24849,0.5
24850,0.5
24851,0.5
24852,0.5
24853,0.5
24854,0.5
24855,0.5
24856,0.5
24857,0.5
24858,0.5
24859,0.5
24860,0.5
24861,0.5
24862,0.5
24863,0.5
24864,0.5
24865,0.5
24866,0.5
24867,0.5
24868,0.5
24869,0.5
24870,0.5
24871,0.5
24872,0.5
24873,0.5
24874,0.5
24875,0.5
24876,0.5
24877,0.5
24878,0.5
24879,0.5
24880,0.5
24881,0.5
24882,0.5
24883,0.5
24884,0.5
24885,0.5
24886,0.5
24887,0.5
24888,0.5
24889,0.5
24890,0.5
24891,0.5
24892,0.5
24893,0.5
24894,0.5
24895,0.5
24896,0.5
24897,0.5
24898,0.5
24899,0.5
24900,0.5
24901,0.5
24902,0.5
24903,0.5
24904,0.5
24905,0.5
24906,0.5
24907,0.5
24908,0.5
24909,0.5
24910,0.5
24911,0.5
24912,0.5
24913,0.5
24914,0.5
24915,0.5
24916,0.5
24917,0.5
24918,0.5
24919,0.5
24920,0.5
24921,0.5
24922,0.5
24923,0.5
24924,0.5
24925,0.5
24926,0.5
24927,0.5
24928,0.5
24929,0.5
24930,0.5
24931,0.5
24932,0.5
24933,0.5
24934,0.5
24935,0.5
24936,0.5
24937,0.5
24938,0.5
24939,0.5
24940,0.5
24941,0.5
24942,0.5
24943,0.5
24944,0.5
24945,0.5
24946,0.5
24947,0.5
24948,0.5
24949,0.5
24950,0.5
24951,0.5
24952,0.5
24953,0.5
24954,0.5
24955,0.5
24956,0.5
24957,0.5
24958,0.5
24959,0.5
24960,0.5
24961,0.5
24962,0.5
24963,0.5
24964,0.5
24965,0.5
24966,0.5
24967,0.5
24968,0.5
24969,0.5
24970,0.5
24971,0.5
24972,0.5
24973,0.5
24974,0.5
24975,0.5
24976,0.5
24977,0.5
24978,0.5
24979,0.5
24980,0.5
24981,0.5
24982,0.5
24983,0.5
24984,0.5
24985,0.5
24986,0.5
24987,0.5
24988,0.5
24989,0.5
24990,0.5
24991,0.5
24992,0.5
24993,0.5
24994,0.5
24995,0.5
24996,0.5
24997,0.5
24998,0.5
24999,0.5
25000,0.5
25001,0.5
25002,0.5
25003,0.5
25004,0.5
25005,0.5
25006,0.5
25007,0.5
25008,0.5
25009,0.5
25010,0.5
25011,0.5
25012,0.5
25013,0.5
25014,0.5
25015,0.5
25016,0.5
25017,0.5
25018,0.5
25019,0.5
25020,0.5
25021,0.5
25022,0.5
25023,0.5
25024,0.5
25025,0.5
25026,0.5
25027,0.5
25028,0.5
25029,0.5
25030,0.5
25031,0.5
25032,0.5
25033,0.5
25034,0.5
25035,0.5
25036,0.5
25037,0.5
25038,0.5
25039,0.5
25040,0.5
25041,0.4
25042,0.4002
25043,0.40040000000000003
25044,0.4006
25045,0.40080000000000005
25046,0.401
25047,0.4012
25048,0.40140000000000003
25049,0.4016
25050,0.40180000000000005
25051,0.402
25052,0.4022
25053,0.40240000000000004
25054,0.4026
25055,0.40280000000000005
25056,0.403
25057,0.4032
25058,0.40340000000000004
25059,0.4036
25060,0.40380000000000005
25061,0.404
25062,0.4042
25063,0.40440000000000004
25064,0.4046
25065,0.40480000000000005
25066,0.405
25067,0.4052
25068,0.40540000000000004
25069,0.4056
25070,0.40580000000000005
25071,0.406
25072,0.4062
25073,0.40640000000000004
25074,0.4066
25075,0.40680000000000005
25076,0.40700000000000003
25077,0.4072
25078,0.40740000000000004
25079,0.4076
25080,0.4078
25081,0.40800000000000003
25082,0.4082
25083,0.40840000000000004
25084,0.4086
25085,0.4088
25086,0.40900000000000003
25087,0.4092
25088,0.40940000000000004
25089,0.4096
25090,0.4098
25091,0.41000000000000003
25092,0.4102
25093,0.41040000000000004
25094,0.4106
25095,0.4108
25096,0.41100000000000003
25097,0.4112
25098,0.41140000000000004
25099,0.4116
25100,0.4118
25101,0.41200000000000003
25102,0.4122
25103,0.41240000000000004
25104,0.4126
25105,0.4128
25106,0.41300000000000003
25107,0.4132
25108,0.41340000000000005
25109,0.4136
25110,0.4138
25111,0.41400000000000003
25112,0.4142
25113,0.41440000000000005
25114,0.4146
25115,0.4148
25116,0.41500000000000004
25117,0.4152
25118,0.41540000000000005
25119,0.4156
25120,0.4158
25121,0.41600000000000004
25122,0.4162
25123,0.41640000000000005
25124,0.4166
25125,0.4168
25126,0.41700000000000004
25127,0.4172
25128,0.41740000000000005
25129,0.4176
25130,0.4178
25131,0.41800000000000004
25132,0.4182
25133,0.4184
25134,0.4186
25135,0.4188
25136,0.41900000000000004
25137,0.4192
25138,0.4194
25139,0.41960000000000003
25140,0.4198
25141,0.42000000000000004
25142,0.4202
25143,0.4204
25144,0.42060000000000003
25145,0.4208
25146,0.42100000000000004
25147,0.4212
25148,0.4214
25149,0.42160000000000003
25150,0.4218
25151,0.42200000000000004
25152,0.4222
25153,0.4224
25154,0.42260000000000003
25155,0.4228
25156,0.42300000000000004
25157,0.4232
25158,0.4234
25159,0.42360000000000003
25160,0.4238
25161,0.42400000000000004
25162,0.4242
25163,0.4244
25164,0.42460000000000003
25165,0.4248
25166,0.42500000000000004
25167,0.4252
25168,0.4254
25169,0.42560000000000003
25170,0.4258
25171,0.42600000000000005
25172,0.4262
25173,0.4264
25174,0.42660000000000003
25175,0.4268
25176,0.42700000000000005
25177,0.4272
25178,0.4274
25179,0.42760000000000004
25180,0.4278
25181,0.42800000000000005
25182,0.4282
25183,0.4284
25184,0.42860000000000004
25185,0.4288
25186,0.42900000000000005
25187,0.4292
25188,0.4294
25189,0.42960000000000004
25190,0.4298
25191,0.43000000000000005
25192,0.4302
25193,0.4304
25194,0.43060000000000004
25195,0.4308
25196,0.43100000000000005
25197,0.4312
25198,0.4314
25199,0.43160000000000004
25200,0.4318
25201,0.43200000000000005
25202,0.43220000000000003
25203,0.4324
25204,0.43260000000000004
25205,0.4328
25206,0.43300000000000005
25207,0.43320000000000003
25208,0.4334
25209,0.43360000000000004
25210,0.4338
25211,0.43400000000000005
25212,0.43420000000000003
25213,0.4344
25214,0.43460000000000004
25215,0.4348
25216,0.43500000000000005
25217,0.43520000000000003
25218,0.4354
25219,0.43560000000000004
25220,0.4358
25221,0.43600000000000005
25222,0.43620000000000003
25223,0.4364
25224,0.43660000000000004
25225,0.4368
25226,0.43700000000000006
25227,0.43720000000000003
25228,0.4374
25229,0.43760000000000004
25230,0.4378
25231,0.438
25232,0.43820000000000003
25233,0.4384
25234,0.43860000000000005
25235,0.4388
25236,0.439
25237,0.43920000000000003
25238,0.4394
25239,0.43960000000000005
25240,0.4398
25241,0.44
25242,0.44020000000000004
25243,0.4404
25244,0.44060000000000005
25245,0.4408
25246,0.441
25247,0.44120000000000004
25248,0.4414
25249,0.44160000000000005
25250,0.4418
25251,0.442
25252,0.44220000000000004
25253,0.4424
25254,0.4426
25255,0.4428
25256,0.443
25257,0.44320000000000004
25258,0.4434
25259,0.4436
25260,0.44380000000000003
25261,0.444
25262,0.44420000000000004
25263,0.4444
25264,0.4446
25265,0.44480000000000003
25266,0.445
25267,0.44520000000000004
25268,0.4454
25269,0.4456
25270,0.44580000000000003
25271,0.446
25272,0.44620000000000004
25273,0.4464
25274,0.4466
25275,0.44680000000000003
25276,0.447
25277,0.44720000000000004
25278,0.4474
25279,0.4476
25280,0.44780000000000003
25281,0.448
25282,0.44820000000000004
25283,0.4484
25284,0.4486
25285,0.44880000000000003
25286,0.449
25287,0.44920000000000004
25288,0.4494
25289,0.4496
25290,0.44980000000000003
25291,0.45
25292,0.45020000000000004
25293,0.4504
25294,0.4506
25295,0.45080000000000003
25296,0.451
25297,0.45120000000000005
25298,0.4514
25299,0.4516
25300,0.45180000000000003
25301,0.452
25302,0.45220000000000005
25303,0.4524
25304,0.4526
25305,0.45280000000000004
25306,0.453
25307,0.45320000000000005
25308,0.4534
25309,0.4536
25310,0.45380000000000004
25311,0.454
25312,0.45420000000000005
25313,0.4544
25314,0.4546
25315,0.45480000000000004
25316,0.455
25317,0.45520000000000005
25318,0.4554
25319,0.4556
25320,0.45580000000000004
25321,0.456
25322,0.45620000000000005
25323,0.45640000000000003
25324,0.4566
25325,0.45680000000000004
25326,0.457
25327,0.45720000000000005
25328,0.45740000000000003
25329,0.4576
25330,0.45780000000000004
25331,0.458
25332,0.45820000000000005
25333,0.45840000000000003
25334,0.4586
25335,0.45880000000000004
25336,0.459
25337,0.45920000000000005
25338,0.45940000000000003
25339,0.4596
25340,0.45980000000000004
25341,0.46
25342,0.46020000000000005
25343,0.46040000000000003
25344,0.4606
25345,0.46080000000000004
25346,0.461
25347,0.46120000000000005
25348,0.46140000000000003
25349,0.4616
25350,0.46180000000000004
25351,0.462
25352,0.46220000000000006
25353,0.46240000000000003
25354,0.4626
25355,0.46280000000000004
25356,0.463
25357,0.46320000000000006
25358,0.46340000000000003
25359,0.4636
25360,0.46380000000000005
25361,0.464
25362,0.46420000000000006
25363,0.46440000000000003
25364,0.4646
25365,0.4648
25366,0.465
25367,0.46520000000000006
25368,0.46540000000000004
25369,0.4656
25370,0.4658
25371,0.466
25372,0.46620000000000006
25373,0.46640000000000004
25374,0.4666
25375,0.4668
25376,0.467
25377,0.46720000000000006
25378,0.46740000000000004
25379,0.4676
25380,0.4678
25381,0.468
25382,0.4682
25383,0.46840000000000004
25384,0.4686
25385,0.4688
25386,0.46900000000000003
25387,0.4692
25388,0.46940000000000004
25389,0.4696
25390,0.4698
25391,0.47000000000000003
25392,0.4702
25393,0.47040000000000004
25394,0.4706
25395,0.4708
25396,0.47100000000000003
25397,0.4712
25398,0.47140000000000004
25399,0.4716
25400,0.4718
25401,0.47200000000000003
25402,0.4722
25403,0.47240000000000004
25404,0.4726
25405,0.4728
25406,0.47300000000000003
25407,0.4732
25408,0.47340000000000004
25409,0.4736
25410,0.4738
25411,0.47400000000000003
25412,0.4742
25413,0.47440000000000004
25414,0.4746
25415,0.4748
25416,0.47500000000000003
25417,0.4752
25418,0.47540000000000004
25419,0.4756
25420,0.4758
25421,0.47600000000000003
25422,0.4762
25423,0.47640000000000005
25424,0.4766
25425,0.4768
25426,0.47700000000000004
25427,0.4772
25428,0.47740000000000005
25429,0.4776
25430,0.4778
25431,0.47800000000000004
25432,0.4782
25433,0.47840000000000005
25434,0.4786
25435,0.4788
25436,0.47900000000000004
25437,0.4792
25438,0.47940000000000005
25439,0.4796
25440,0.4798
25441,0.48000000000000004
25442,0.4802
25443,0.48040000000000005
25444,0.4806
25445,0.4808
25446,0.48100000000000004
25447,0.4812
25448,0.48140000000000005
25449,0.48160000000000003
25450,0.4818
25451,0.48200000000000004
25452,0.4822
25453,0.48240000000000005
25454,0.48260000000000003
25455,0.4828
25456,0.48300000000000004
25457,0.4832
25458,0.48340000000000005
25459,0.48360000000000003
25460,0.4838
25461,0.48400000000000004
25462,0.4842
25463,0.48440000000000005
25464,0.48460000000000003
25465,0.4848
25466,0.48500000000000004
25467,0.4852
25468,0.48540000000000005
25469,0.48560000000000003
25470,0.4858
25471,0.48600000000000004
25472,0.4862
25473,0.48640000000000005
25474,0.48660000000000003
25475,0.4868
25476,0.48700000000000004
25477,0.4872
25478,0.48740000000000006
25479,0.48760000000000003
25480,0.4878
25481,0.48800000000000004
25482,0.4882
25483,0.48840000000000006
25484,0.48860000000000003
25485,0.4888
25486,0.48900000000000005
25487,0.4892
25488,0.48940000000000006
25489,0.48960000000000004
25490,0.4898
25491,0.49000000000000005
25492,0.4902
25493,0.49040000000000006
25494,0.49060000000000004
25495,0.4908
25496,0.491
25497,0.4912
25498,0.49140000000000006
25499,0.49160000000000004
25500,0.4918
25501,0.492
25502,0.4922
25503,0.49240000000000006
25504,0.49260000000000004
25505,0.4928
25506,0.493
25507,0.4932
25508,0.49340000000000006
25509,0.49360000000000004
25510,0.4938
25511,0.494
25512,0.49420000000000003
25513,0.4944
25514,0.49460000000000004
25515,0.4948
25516,0.495
25517,0.49520000000000003
25518,0.4954
25519,0.49560000000000004
25520,0.4958
25521,0.496
25522,0.49620000000000003
25523,0.4964
25524,0.49660000000000004
25525,0.4968
25526,0.497
25527,0.49720000000000003
25528,0.4974
25529,0.49760000000000004
25530,0.4978
25531,0.498
25532,0.49820000000000003
25533,0.4984
25534,0.49860000000000004
25535,0.4988
25536,0.499
25537,0.49920000000000003
25538,0.4994
25539,0.49960000000000004
25540,0.4998
25541,0.5
25542,0.5002
25543,0.5004000000000001
25544,0.5006
25545,0.5008
25546,0.501
25547,0.5012
25548,0.5014000000000001
25549,0.5016
25550,0.5018
25551,0.502
25552,0.5022
25553,0.5024000000000001
25554,0.5026
25555,0.5028
25556,0.503
25557,0.5032
25558,0.5034000000000001
25559,0.5036
25560,0.5038
25561,0.504
25562,0.5042
25563,0.5044000000000001
25564,0.5046
25565,0.5048
25566,0.505
25567,0.5052
25568,0.5054000000000001
25569,0.5056
25570,0.5058
25571,0.506
25572,0.5062
25573,0.5064000000000001
25574,0.5066
25575,0.5068
25576,0.507
25577,0.5072
25578,0.5074000000000001
25579,0.5076
25580,0.5078
25581,0.508
25582,0.5082
25583,0.5084000000000001
25584,0.5086
25585,0.5088
25586,0.509
25587,0.5092
25588,0.5094000000000001
25589,0.5096
25590,0.5098
25591,0.51
25592,0.5102
25593,0.5104000000000001
25594,0.5106
25595,0.5108
25596,0.511
25597,0.5112
25598,0.5114000000000001
25599,0.5116
25600,0.5118
25601,0.512
25602,0.5122
25603,0.5124
25604,0.5126000000000001
25605,0.5128
25606,0.513
25607,0.5132
25608,0.5134000000000001
25609,0.5136000000000001
25610,0.5138
25611,0.514
25612,0.5142
25613,0.5144
25614,0.5146000000000001
25615,0.5148
25616,0.515
25617,0.5152
25618,0.5154000000000001
25619,0.5156000000000001
25620,0.5158
25621,0.516
25622,0.5162
25623,0.5164
25624,0.5166000000000001
25625,0.5168
25626,0.517
25627,0.5172
25628,0.5174000000000001
25629,0.5176000000000001
25630,0.5178
25631,0.518
25632,0.5182
25633,0.5184
25634,0.5186000000000001
25635,0.5188
25636,0.519
25637,0.5192
25638,0.5194000000000001
25639,0.5196000000000001
25640,0.5198
25641,0.52
25642,0.5202
25643,0.5204
25644,0.5206000000000001
25645,0.5208
25646,0.521
25647,0.5212
25648,0.5214000000000001
25649,0.5216000000000001
25650,0.5218
25651,0.522
25652,0.5222
25653,0.5224
25654,0.5226000000000001
25655,0.5228
25656,0.523
25657,0.5232
25658,0.5234000000000001
25659,0.5236000000000001
25660,0.5238
25661,0.524
25662,0.5242
25663,0.5244
25664,0.5246000000000001
25665,0.5248
25666,0.525
25667,0.5252
25668,0.5254000000000001
25669,0.5256000000000001
25670,0.5258
25671,0.526
25672,0.5262
25673,0.5264
25674,0.5266000000000001
25675,0.4
25676,0.4028331
25677,0.40566620000000003
25678,0.4084993
25679,0.41133240000000004
25680,0.4141655
25681,0.4169986
25682,0.41983170000000003
25683,0.4226648
25684,0.42549790000000004
25685,0.428331
25686,0.43116410000000005
25687,0.4339972
25688,0.4368303
25689,0.43966340000000004
25690,0.4424965
25691,0.4453296
25692,0.4481627
25693,0.4509958
25694,0.45382890000000004
25695,0.456662
25696,0.45949510000000005
25697,0.4623282
25698,0.4651613
25699,0.46799440000000003
25700,0.4708275
25701,0.4736606
25702,0.4764937
25703,0.47932680000000005
25704,0.48215990000000003
25705,0.484993
25706,0.48782610000000004
25707,0.4906592
25708,0.4934923
25709,0.4963254
25710,0.4991585
25711,0.5019916
25712,0.5048247
25713,0.5076578
25714,0.5104909
25715,0.513324
25716,0.5161571
25717,0.5189902
25718,0.5218233
25719,0.5246564
25720,0.5274895000000001
25721,0.5303226
25722,0.5331557
25723,0.5359888
25724,0.5388219000000001
25725,0.541655
25726,0.5444881
25727,0.5473212000000001
25728,0.5501543
25729,0.5529874
25730,0.5558205
25731,0.5586536
25732,0.5614867
25733,0.5643198
25734,0.5671529
25735,0.569986
25736,0.5728191
25737,0.5756522
25738,0.5784853
25739,0.5813184
25740,0.5841515
25741,0.5869846000000001
25742,0.5898177
25743,0.5926508
25744,0.5954839000000001
25745,0.598317
25746,0.6011501
25747,0.6039832
25748,0.6068163
25749,0.6096494
25750,0.6124825
25751,0.6153156
25752,0.6181487
25753,0.6209818
25754,0.6238149
25755,0.626648
25756,0.6294811
25757,0.6323142
25758,0.6351473
25759,0.6379804
25760,0.6408135
25761,0.6436466000000001
25762,0.6464797
25763,0.6493128
25764,0.6521459000000001
25765,0.654979
25766,0.5
25767,0.500249
25768,0.500498
25769,0.500747
25770,0.500996
25771,0.501245
25772,0.501494
25773,0.501743
25774,0.501992
25775,0.502241
25776,0.50249
25777,0.502739
25778,0.502988
25779,0.503237
25780,0.503486
25781,0.503735
25782,0.503984
25783,0.504233
25784,0.504482
25785,0.504731
25786,0.50498
25787,0.505229
25788,0.505478
25789,0.505727
25790,0.505976
25791,0.506225
25792,0.506474
25793,0.506723
25794,0.506972
25795,0.507221
25796,0.50747
25797,0.507719
25798,0.507968
25799,0.508217
25800,0.508466
25801,0.508715
25802,0.508964
25803,0.509213
25804,0.509462
25805,0.509711
25806,0.50996
25807,0.510209
25808,0.510458
25809,0.510707
25810,0.510956
25811,0.511205
25812,0.511454
25813,0.511703
25814,0.511952
25815,0.512201
25816,0.51245
25817,0.512699
25818,0.512948
25819,0.513197
25820,0.513446
25821,0.513695
25822,0.513944
25823,0.514193
25824,0.514442
25825,0.514691
25826,0.51494
25827,0.515189
25828,0.515438
25829,0.515687
25830,0.515936
25831,0.516185
25832,0.516434
25833,0.516683
25834,0.516932
25835,0.517181
25836,0.51743
25837,0.517679
25838,0.5179279999999999
25839,0.518177
25840,0.518426
25841,0.518675
25842,0.518924
25843,0.519173
25844,0.519422
25845,0.519671
25846,0.51992
25847,0.520169
25848,0.520418
25849,0.520667
25850,0.520916
25851,0.521165
25852,0.521414
25853,0.521663
25854,0.521912
25855,0.522161
25856,0.52241
25857,0.522659
25858,0.522908
25859,0.523157
25860,0.523406
25861,0.523655
25862,0.523904
25863,0.524153
25864,0.524402
25865,0.524651
25866,0.5249
25867,0.525149
25868,0.525398
25869,0.525647
25870,0.525896
25871,0.526145
25872,0.526394
25873,0.526643
25874,0.526892
25875,0.527141
25876,0.52739
25877,0.527639
25878,0.527888
25879,0.528137
25880,0.528386
25881,0.528635
25882,0.528884
25883,0.529133
25884,0.529382
25885,0.529631
25886,0.52988
25887,0.530129
25888,0.530378
25889,0.530627
25890,0.530876
25891,0.531125
25892,0.531374
25893,0.531623
25894,0.531872
25895,0.532121
25896,0.53237
25897,0.532619
25898,0.532868
25899,0.533117
25900,0.533366
25901,0.533615
25902,0.533864
25903,0.534113
25904,0.534362
25905,0.534611
25906,0.53486
25907,0.535109
25908,0.535358
25909,0.5356069999999999
25910,0.535856
25911,0.536105
25912,0.536354
25913,0.5366029999999999
25914,0.536852
25915,0.537101
25916,0.53735
25917,0.537599
25918,0.537848
25919,0.538097
25920,0.538346
25921,0.538595
25922,0.538844
25923,0.539093
25924,0.539342
25925,0.539591
25926,0.53984
25927,0.540089
25928,0.540338
25929,0.540587
25930,0.540836
25931,0.541085
25932,0.541334
25933,0.541583
25934,0.541832
25935,0.542081
25936,0.54233
25937,0.542579
25938,0.542828
25939,0.543077
25940,0.543326
25941,0.543575
25942,0.543824
25943,0.544073
25944,0.544322
25945,0.544571
25946,0.54482
25947,0.545069
25948,0.545318
25949,0.545567
25950,0.545816
25951,0.546065
25952,0.546314
25953,0.546563
25954,0.546812
25955,0.547061
25956,0.54731
25957,0.547559
25958,0.547808
25959,0.548057
25960,0.4
25961,0.40105880000000005
25962,0.4021176
25963,0.40317640000000005
25964,0.4042352
25965,0.40529400000000004
25966,0.4063528
25967,0.40741160000000004
25968,0.4084704
25969,0.40952920000000004
25970,0.410588
25971,0.41164680000000003
25972,0.4127056
25973,0.41376440000000003
25974,0.4148232
25975,0.41588200000000003
25976,0.4169408
25977,0.4179996
25978,0.4190584
25979,0.4201172
25980,0.421176
25981,0.4222348
25982,0.42329360000000005
25983,0.4243524
25984,0.42541120000000004
25985,0.42647
25986,0.42752880000000004
25987,0.4285876
25988,0.42964640000000004
25989,0.4307052
25990,0.43176400000000004
25991,0.4328228
25992,0.43388160000000003
25993,0.4349404
25994,0.43599920000000003
25995,0.437058
25996,0.43811680000000003
25997,0.4391756
25998,0.4402344
25999,0.4412932
26000,0.442352
26001,0.4434108
26002,0.4444696
26003,0.44552840000000005
26004,0.4465872
26005,0.447646
26006,0.4487048
26007,0.44976360000000004
26008,0.4508224
26009,0.45188120000000004
26010,0.45294
26011,0.45399880000000004
26012,0.4550576
26013,0.45611640000000003
26014,0.4571752
26015,0.45823400000000003
26016,0.4592928
26017,0.4603516
26018,0.4614104
26019,0.4624692
26020,0.46352800000000005
26021,0.4645868
26022,0.4656456
26023,0.4667044
26024,0.46776320000000005
26025,0.468822
26026,0.4698808
26027,0.4709396
26028,0.47199840000000004
26029,0.4730572
26030,0.47411600000000004
26031,0.4751748
26032,0.47623360000000003
26033,0.4772924
26034,0.47835120000000003
26035,0.47941
26036,0.48046880000000003
26037,0.4815276
26038,0.4825864
26039,0.4836452
26040,0.484704
26041,0.48576280000000005
26042,0.4868216
26043,0.4878804
26044,0.4889392
26045,0.48999800000000004
26046,0.4910568
26047,0.4921156
26048,0.4931744
26049,0.49423320000000004
26050,0.495292
26051,0.49635080000000004
26052,0.4974096
26053,0.49846840000000003
26054,0.4995272
26055,0.500586
26056,0.5016448
26057,0.5027036
26058,0.5037624
26059,0.5048212
26060,0.50588
26061,0.5069388
26062,0.5079976
26063,0.5090564
26064,0.5101152
26065,0.511174
26066,0.5122328
26067,0.5132916000000001
26068,0.5143504
26069,0.5154092
26070,0.516468
26071,0.5175268
26072,0.5185856
26073,0.5196444
26074,0.5207032
26075,0.5217620000000001
26076,0.5228208
26077,0.5238796
26078,0.5249384
26079,0.5259972
26080,0.527056
26081,0.5281148
26082,0.5291736
26083,0.5302324
26084,0.5312912000000001
26085,0.53235
26086,0.5334088
26087,0.5344676
26088,0.5355264
26089,0.5365852
26090,0.537644
26091,0.5387028
26092,0.5397616000000001
26093,0.5408204
26094,0.5418792
26095,0.542938
26096,0.5439968
26097,0.5450556
26098,0.5461144
26099,0.5471732
26100,0.548232
26101,0.5492908000000001
26102,0.5503496
26103,0.5514084
26104,0.5524672
26105,0.553526
26106,0.5545848
26107,0.5556436
26108,0.5567024
26109,0.5577612000000001
26110,0.55882
26111,0.5598788
26112,0.5609376
26113,0.5619964
26114,0.5630552
26115,0.564114
26116,0.5651728
26117,0.5662316000000001
26118,0.5672904
26119,0.5683492
26120,0.569408
26121,0.5704668
26122,0.5715256
26123,0.5725844
26124,0.5736432
26125,0.574702
26126,0.5757608000000001
26127,0.5768196
26128,0.5778784
26129,0.5789372
26130,0.579996
26131,0.5810548
26132,0.5821136
26133,0.5831724
26134,0.5842312000000001
26135,0.58529
26136,0.5863488
26137,0.5874076
26138,0.5884664
26139,0.5895252
26140,0.590584
26141,0.5916428
26142,0.5927016
26143,0.5937604000000001
26144,0.5948192
26145,0.595878
26146,0.5969368
26147,0.5979956
26148,0.5990544
26149,0.6001132
26150,0.4
26151,0.402083
26152,0.404166
26153,0.406249
26154,0.40833200000000003
26155,0.41041500000000003
26156,0.41249800000000003
26157,0.41458100000000003
26158,0.41666400000000003
26159,0.41874700000000004
26160,0.42083000000000004
26161,0.42291300000000004
26162,0.42499600000000004
26163,0.42707900000000004
26164,0.42916200000000004
26165,0.43124500000000004
26166,0.43332800000000005
26167,0.43541100000000005
26168,0.43749400000000005
26169,0.439577
26170,0.44166000000000005
26171,0.443743
26172,0.44582600000000006
26173,0.447909
26174,0.44999200000000006
26175,0.452075
26176,0.454158
26177,0.456241
26178,0.458324
26179,0.460407
26180,0.46249
26181,0.464573
26182,0.466656
26183,0.468739
26184,0.470822
26185,0.472905
26186,0.474988
26187,0.477071
26188,0.479154
26189,0.481237
26190,0.48332
26191,0.48540300000000003
26192,0.48748600000000003
26193,0.48956900000000003
26194,0.49165200000000003
26195,0.49373500000000003
26196,0.49581800000000004
26197,0.49790100000000004
26198,0.49998400000000004
26199,0.502067
26200,0.50415
26201,0.506233
26202,0.508316
26203,0.510399
26204,0.512482
26205,0.514565
26206,0.516648
26207,0.518731
26208,0.520814
26209,0.5228970000000001
26210,0.52498
26211,0.5270630000000001
26212,0.529146
26213,0.5312290000000001
26214,0.533312
26215,0.5353950000000001
26216,0.537478
26217,0.5395610000000001
26218,0.541644
26219,0.5437270000000001
26220,0.54581
26221,0.5478930000000001
26222,0.549976
26223,0.5520590000000001
26224,0.554142
26225,0.556225
26226,0.558308
26227,0.5603910000000001
26228,0.562474
26229,0.564557
26230,0.56664
26231,0.5687230000000001
26232,0.570806
26233,0.572889
26234,0.574972
26235,0.5770550000000001
26236,0.579138
26237,0.581221
26238,0.583304
26239,0.4
26240,0.40091560000000004
26241,0.4018312
26242,0.4027468
26243,0.40366240000000003
26244,0.40457800000000005
26245,0.4054936
26246,0.4064092
26247,0.40732480000000004
26248,0.4082404
26249,0.409156
26250,0.41007160000000004
26251,0.4109872
26252,0.4119028
26253,0.41281840000000003
26254,0.41373400000000005
26255,0.4146496
26256,0.4155652
26257,0.41648080000000004
26258,0.4173964
26259,0.418312
26260,0.41922760000000003
26261,0.42014320000000005
26262,0.4210588
26263,0.4219744
26264,0.42289000000000004
26265,0.4238056
26266,0.4247212
26267,0.42563680000000004
26268,0.4265524
26269,0.427468
26270,0.42838360000000003
26271,0.42929920000000005
26272,0.4302148
26273,0.4311304
26274,0.43204600000000004
26275,0.4329616
26276,0.4338772
26277,0.43479280000000003
26278,0.4357084
26279,0.436624
26280,0.43753960000000003
26281,0.43845520000000004
26282,0.4393708
26283,0.4402864
26284,0.44120200000000004
26285,0.4421176
26286,0.4430332
26287,0.44394880000000003
26288,0.44486440000000005
26289,0.44578
26290,0.4466956
26291,0.44761120000000004
26292,0.4485268
26293,0.4494424
26294,0.45035800000000004
26295,0.45127360000000005
26296,0.4521892
26297,0.45310480000000003
26298,0.45402040000000005
26299,0.454936
26300,0.4558516
26301,0.45676720000000004
26302,0.4576828
26303,0.4585984
26304,0.45951400000000003
26305,0.4604296
26306,0.4613452
26307,0.4622608
26308,0.46317640000000004
26309,0.464092
26310,0.4650076
26311,0.46592320000000004
26312,0.4668388
26313,0.4677544
26314,0.46867000000000003
26315,0.46958560000000005
26316,0.4705012
26317,0.4714168
26318,0.47233240000000004
26319,0.473248
26320,0.4741636
26321,0.47507920000000003
26322,0.47599480000000005
26323,0.4769104
26324,0.47782600000000003
26325,0.47874160000000004
26326,0.4796572
26327,0.4805728
26328,0.48148840000000004
26329,0.48240400000000005
26330,0.4833196
26331,0.48423520000000003
26332,0.4851508
26333,0.4860664
26334,0.486982
26335,0.48789760000000004
26336,0.48881320000000006
26337,0.4897288
26338,0.49064440000000004
26339,0.49156
26340,0.4924756
26341,0.49339120000000003
26342,0.49430680000000005
26343,0.4952224
26344,0.496138
26345,0.49705360000000004
26346,0.4979692
26347,0.4988848
26348,0.49980040000000003
26349,0.500716
26350,0.5016316000000001
26351,0.5025472
26352,0.5034628
26353,0.5043784
26354,0.505294
26355,0.5062096
26356,0.5071252
26357,0.5080408000000001
26358,0.5089564
26359,0.509872
26360,0.5107876
26361,0.5117032
26362,0.5126188
26363,0.5135344000000001
26364,0.5144500000000001
26365,0.5153656
26366,0.5162812
26367,0.5171968
26368,0.5181124
26369,0.519028
26370,0.5199436000000001
26371,0.5208592000000001
26372,0.5217748
26373,0.5226904
26374,0.523606
26375,0.5245216
26376,0.5254372
26377,0.5263528000000001
26378,0.5272684000000001
26379,0.528184
26380,0.5290996
26381,0.5300152
26382,0.5309308
26383,0.5318464
26384,0.532762
26385,0.5336776000000001
26386,0.5345932
26387,0.5355088
26388,0.5364244
26389,0.53734
26390,0.5382556000000001
26391,0.5391712
26392,0.5400868000000001
26393,0.5410024
26394,0.541918
26395,0.5428336
26396,0.5437492
26397,0.5446648000000001
26398,0.5455804
26399,0.5464960000000001
26400,0.5474116
26401,0.5483272
26402,0.5492428
26403,0.5501584
26404,0.5510740000000001
26405,0.5519896
26406,0.5529052
26407,0.5538208
26408,0.5547364
26409,0.555652
26410,0.5565676
26411,0.5574832000000001
26412,0.5583988
26413,0.5593144
26414,0.56023
26415,0.5611456
26416,0.5620612
26417,0.5629768
26418,0.5638924000000001
26419,0.564808
26420,0.5657236
26421,0.5666392
26422,0.5675548
26423,0.5684704
26424,0.5693860000000001
26425,0.5703016000000001
26426,0.5712172
26427,0.5721328
26428,0.5730484
26429,0.573964
26430,0.5748796
26431,0.5757952000000001
26432,0.5767108000000001
26433,0.5776264
26434,0.578542
26435,0.5794576
26436,0.5803732
26437,0.5812888
26438,0.5822044000000001
26439,0.5831200000000001
26440,0.5840356
26441,0.5849512
26442,0.5858668
26443,0.5867824
26444,0.587698
26445,0.5886136
26446,0.5895292000000001
26447,0.5904448
26448,0.5913604
26449,0.592276
26450,0.5931916
26451,0.5941072000000001
26452,0.5950228
26453,0.5959384000000001
26454,0.596854
26455,0.5977696
26456,0.5986852
26457,0.5996008
26458,0.6005164000000001
26459,0.601432
26460,0.6023476000000001
26461,0.6032632
26462,0.6041788
26463,0.6050944
26464,0.60601
26465,0.6069256000000001
26466,0.6078412
26467,0.6087568000000001
26468,0.6096724
26469,0.610588
26470,0.6115036
26471,0.6124192
26472,0.6133348000000001
26473,0.6142504
26474,0.615166
26475,0.6160816
26476,0.6169972
26477,0.6179128
26478,0.6188284000000001
26479,0.6197440000000001
26480,0.6206596
26481,0.6215752
26482,0.6224908
26483,0.6234064
26484,0.624322
26485,0.6252376000000001
26486,0.6261532000000001
26487,0.6270688
26488,0.6279844
26489,0.6289
26490,0.6298156
26491,0.6307312
26492,0.6316468000000001
26493,0.6325624000000001
26494,0.633478
26495,0.6343936
26496,0.6353092
26497,0.5
26498,0.5
26499,0.5
26500,0.5
26501,0.5
26502,0.5
26503,0.5
26504,0.5
26505,0.5
26506,0.5
26507,0.5
26508,0.5
26509,0.5
26510,0.5
26511,0.5
26512,0.5
26513,0.5
26514,0.5
26515,0.5
26516,0.5
26517,0.5
26518,0.5
26519,0.5
26520,0.5
26521,0.5
26522,0.5
26523,0.5
26524,0.5
26525,0.5
26526,0.5
26527,0.5
26528,0.5
26529,0.5
26530,0.5
26531,0.5
26532,0.5
26533,0.5
26534,0.5
26535,0.5
26536,0.5
26537,0.5
26538,0.5
26539,0.5
26540,0.5
26541,0.5
26542,0.5
26543,0.5
26544,0.5
26545,0.5
26546,0.5
26547,0.5
26548,0.5
26549,0.5
26550,0.5
26551,0.5
26552,0.5
26553,0.5
26554,0.5
26555,0.5
26556,0.5
26557,0.5
26558,0.5
26559,0.5
26560,0.5
26561,0.5
26562,0.5
26563,0.5
26564,0.5
26565,0.5
26566,0.5
26567,0.5
26568,0.5
26569,0.5
26570,0.5
26571,0.5
26572,0.5
26573,0.5
26574,0.5
26575,0.5
26576,0.5
26577,0.5
26578,0.5
26579,0.5
26580,0.5
26581,0.5
26582,0.5
26583,0.5
26584,0.5
26585,0.5
26586,0.5
26587,0.5
26588,0.5
26589,0.5
26590,0.5
26591,0.5
26592,0.5
26593,0.5
26594,0.5
26595,0.5
26596,0.5
26597,0.5
26598,0.5
26599,0.5
26600,0.5
26601,0.5
26602,0.5
26603,0.5
26604,0.5
26605,0.5
26606,0.5
26607,0.5
26608,0.5
26609,0.5
26610,0.5
26611,0.5
26612,0.5
26613,0.5
26614,0.5
26615,0.5
26616,0.5
26617,0.5
26618,0.5
26619,0.5
26620,0.5
26621,0.5
26622,0.5
26623,0.5
26624,0.5
26625,0.5
26626,0.5
26627,0.5
26628,0.5
26629,0.5
26630,0.5
26631,0.5
26632,0.5
26633,0.5
26634,0.5
26635,0.5
26636,0.5
26637,0.5
26638,0.5
26639,0.5
26640,0.5
26641,0.5
26642,0.5
26643,0.5
26644,0.5
26645,0.5
26646,0.5
26647,0.5
26648,0.5
26649,0.5
26650,0.5
26651,0.5
26652,0.5
26653,0.5
26654,0.5
26655,0.5
26656,0.5
26657,0.5
26658,0.5
26659,0.5
26660,0.5
26661,0.5
26662,0.5
26663,0.5
26664,0.5
26665,0.5
26666,0.5
26667,0.5
26668,0.5
26669,0.5
26670,0.5
26671,0.5
26672,0.5
26673,0.5
26674,0.5
26675,0.5
26676,0.5
26677,0.5
26678,0.5
26679,0.5
26680,0.5
26681,0.5
26682,0.5
26683,0.5
26684,0.5
26685,0.5
26686,0.5
26687,0.5
26688,0.5
26689,0.5
26690,0.5
26691,0.5
26692,0.5
26693,0.5
26694,0.5
26695,0.5
26696,0.5
26697,0.5
26698,0.5
26699,0.5
26700,0.5
26701,0.5
26702,0.5
26703,0.5
26704,0.5
26705,0.5
26706,0.5
26707,0.5
26708,0.5
26709,0.5
26710,0.5
26711,0.5
26712,0.5
26713,0.5
26714,0.5
26715,0.5
26716,0.5
26717,0.5
26718,0.5
26719,0.5
26720,0.5
26721,0.5
26722,0.5
26723,0.5
26724,0.5
26725,0.5
26726,0.5
26727,0.5
26728,0.5
26729,0.5
26730,0.5
26731,0.5
26732,0.5
26733,0.5
26734,0.5
26735,0.5
26736,0.5
26737,0.5
26738,0.5
26739,0.5
26740,0.5
26741,0.5
26742,0.5
26743,0.5
26744,0.5
26745,0.5
26746,0.5
26747,0.5
26748,0.5
26749,0.5
26750,0.5
26751,0.5
26752,0.5
26753,0.5
26754,0.5
26755,0.5
26756,0.5
26757,0.5
26758,0.5
26759,0.5
26760,0.5
26761,0.5
26762,0.5
26763,0.5
26764,0.5
26765,0.5
26766,0.5
26767,0.5
26768,0.5
26769,0.5
26770,0.5
26771,0.5
26772,0.5
26773,0.5
26774,0.5
26775,0.5
26776,0.5
26777,0.5
26778,0.5
26779,0.5
26780,0.5
26781,0.5
26782,0.5
26783,0.5
26784,0.5
26785,0.5
26786,0.5
26787,0.5
26788,0.5
26789,0.5
26790,0.5
26791,0.5
26792,0.5
26793,0.5
26794,0.5
26795,0.5
26796,0.5
26797,0.5
26798,0.5
26799,0.5
26800,0.5
26801,0.5
26802,0.5
26803,0.5
26804,0.5
26805,0.5
26806,0.5
26807,0.5
26808,0.5
26809,0.5
26810,0.5
26811,0.5
26812,0.5
26813,0.5
26814,0.5
26815,0.5
26816,0.5
26817,0.5
26818,0.5
26819,0.5
26820,0.5
26821,0.5
26822,0.5
26823,0.5
26824,0.5
26825,0.5
26826,0.5
26827,0.5
26828,0.5
26829,0.5
26830,0.5
26831,0.5
26832,0.5
26833,0.5
26834,0.5
26835,0.5
26836,0.5
26837,0.5
26838,0.5
26839,0.5
26840,0.5
26841,0.5
26842,0.5
26843,0.5
26844,0.5
26845,0.5
26846,0.5
26847,0.5
26848,0.5
26849,0.5
26850,0.5
26851,0.5
26852,0.5
26853,0.5
26854,0.5
26855,0.5
26856,0.5
26857,0.5
26858,0.5
26859,0.5
26860,0.5
26861,0.5
26862,0.5
26863,0.5
26864,0.5
26865,0.5
26866,0.5
26867,0.5
26868,0.5
26869,0.5
26870,0.5
26871,0.5
26872,0.5
26873,0.5
26874,0.5
26875,0.5
26876,0.5
26877,0.5
26878,0.5
26879,0.5
26880,0.5
26881,0.5
26882,0.5
26883,0.5
26884,0.5
26885,0.5
26886,0.5
26887,0.5
26888,0.5
26889,0.5
26890,0.5
26891,0.5
26892,0.5
26893,0.5
26894,0.5
26895,0.5
26896,0.5
26897,0.5
26898,0.5
26899,0.5
26900,0.5
26901,0.5
26902,0.5
26903,0.5
26904,0.5
26905,0.5
26906,0.5
26907,0.5
26908,0.5
26909,0.5
26910,0.5
26911,0.5
26912,0.5
26913,0.5
26914,0.5
26915,0.5
26916,0.5
26917,0.5
26918,0.5
26919,0.5
26920,0.5
26921,0.5
26922,0.5
26923,0.5
26924,0.5
26925,0.5
26926,0.5
26927,0.5
26928,0.5
26929,0.5
26930,0.5
26931,0.5
26932,0.5
26933,0.5
26934,0.5
26935,0.5
26936,0.5
26937,0.5
26938,0.5
26939,0.5
26940,0.5
26941,0.5
26942,0.5
26943,0.5
26944,0.5
26945,0.5
26946,0.5
26947,0.5
26948,0.5
26949,0.5
26950,0.5
26951,0.5
26952,0.5
26953,0.5
26954,0.5
26955,0.5
26956,0.5
26957,0.5
26958,0.5
26959,0.5
26960,0.5
26961,0.5
26962,0.5
26963,0.5
26964,0.5
26965,0.5
26966,0.5
26967,0.5
26968,0.5
26969,0.5
26970,0.5
26971,0.5
26972,0.5
26973,0.5
26974,0.5
26975,0.5
26976,0.5
26977,0.5
26978,0.5
26979,0.5
26980,0.5
26981,0.5
26982,0.5
26983,0.5
26984,0.5
26985,0.5
26986,0.5
26987,0.5
26988,0.5
26989,0.5
26990,0.5
26991,0.5
26992,0.5
26993,0.5
26994,0.5
26995,0.5
26996,0.5
26997,0.5
26998,0.5
26999,0.5
27000,0.5
27001,0.5
27002,0.5
27003,0.5
27004,0.5
27005,0.5
27006,0.5
27007,0.5
27008,0.5
27009,0.5
27010,0.5
27011,0.5
27012,0.5
27013,0.5
27014,0.5
27015,0.5
27016,0.5
27017,0.5
27018,0.5
27019,0.5
27020,0.5
27021,0.5
27022,0.5
27023,0.5
27024,0.5
27025,0.5
27026,0.5
27027,0.5
27028,0.5
27029,0.5
27030,0.5
27031,0.5
27032,0.5
27033,0.5
27034,0.5
27035,0.5
27036,0.5
27037,0.5
27038,0.5
27039,0.5
27040,0.5
27041,0.5
27042,0.5
27043,0.5
27044,0.5
27045,0.5
27046,0.5
27047,0.5
27048,0.5
27049,0.5
27050,0.5
27051,0.5
27052,0.5
27053,0.5
27054,0.5
27055,0.5
27056,0.5
27057,0.5
27058,0.5
27059,0.5
27060,0.5
27061,0.5
27062,0.5
27063,0.5
27064,0.5
27065,0.5
27066,0.5
27067,0.5
27068,0.5
27069,0.5
27070,0.5
27071,0.5
27072,0.5
27073,0.5
27074,0.5
27075,0.5
27076,0.5
27077,0.5
27078,0.5
27079,0.5
27080,0.5
27081,0.5
27082,0.5
27083,0.5
27084,0.5
27085,0.5
27086,0.5
27087,0.5
27088,0.5
27089,0.5
27090,0.5
27091,0.5
27092,0.5
27093,0.5
27094,0.5
27095,0.5
27096,0.5
27097,0.5
27098,0.5
27099,0.5
27100,0.5
27101,0.5
27102,0.5
27103,0.5
27104,0.5
27105,0.5
27106,0.5
27107,0.5
27108,0.5
27109,0.5
27110,0.5
27111,0.5
27112,0.5
27113,0.5
27114,0.5
27115,0.5
27116,0.5
27117,0.5
27118,0.5
27119,0.5
27120,0.5
27121,0.5
27122,0.5
27123,0.5
27124,0.5
27125,0.5
27126,0.5
27127,0.5
27128,0.5
27129,0.5
27130,0.5
27131,0.5
27132,0.5
27133,0.5
27134,0.5
27135,0.5
27136,0.5
27137,0.5
27138,0.5
27139,0.5
27140,0.5
27141,0.5
27142,0.5
27143,0.5
27144,0.5
27145,0.5
27146,0.5
27147,0.5
27148,0.5
27149,0.5
27150,0.5
27151,0.5
27152,0.5
27153,0.5
27154,0.5
27155,0.5
27156,0.5
27157,0.5
27158,0.5
27159,0.5
27160,0.5
27161,0.5
27162,0.5
27163,0.5
27164,0.5
27165,0.5
27166,0.5
27167,0.5
27168,0.5
27169,0.5
27170,0.5
27171,0.5
27172,0.5
27173,0.5
27174,0.5
27175,0.5
27176,0.5
27177,0.5
27178,0.5
27179,0.5
27180,0.5
27181,0.5
27182,0.5
27183,0.5
27184,0.5
27185,0.5
27186,0.5
27187,0.5
27188,0.5
27189,0.5
27190,0.5
27191,0.5
27192,0.5
27193,0.5
27194,0.5
27195,0.5
27196,0.5
27197,0.5
27198,0.5
27199,0.5
27200,0.5
27201,0.5
27202,0.5
27203,0.5
27204,0.5
27205,0.5
27206,0.5
27207,0.5
27208,0.5
27209,0.5
27210,0.5
27211,0.5
27212,0.5
27213,0.5
27214,0.5
27215,0.5
27216,0.5
27217,0.5
27218,0.5
27219,0.5
27220,0.5
27221,0.5
27222,0.5
27223,0.5
27224,0.5
27225,0.5
27226,0.5
27227,0.5
27228,0.5
27229,0.5
27230,0.5
27231,0.5
27232,0.5
27233,0.5
27234,0.5
27235,0.5
27236,0.5
27237,0.5
27238,0.5
27239,0.5
27240,0.5
27241,0.5
27242,0.5
27243,0.5
27244,0.5
27245,0.5
27246,0.5
27247,0.5
27248,0.5
27249,0.5
27250,0.5
27251,0.5
27252,0.5
27253,0.5
27254,0.5
27255,0.5
27256,0.5
27257,0.5
27258,0.5
27259,0.5
27260,0.5
27261,0.5
27262,0.5
27263,0.5
27264,0.5
27265,0.5
27266,0.5
27267,0.5
27268,0.5
27269,0.5
27270,0.5
27271,0.5
27272,0.5
27273,0.5
27274,0.5
27275,0.5
27276,0.5
27277,0.5
27278,0.5
27279,0.5
27280,0.5
27281,0.5
27282,0.5
27283,0.5
27284,0.5
27285,0.5
27286,0.5
27287,0.5
27288,0.5
27289,0.5
27290,0.5
27291,0.5
27292,0.5
27293,0.5
27294,0.5
27295,0.5
27296,0.5
27297,0.5
27298,0.5
27299,0.5
27300,0.5
27301,0.5
27302,0.5
27303,0.5
27304,0.5
27305,0.5
27306,0.5
27307,0.5
27308,0.5
27309,0.5
27310,0.5
27311,0.5
27312,0.5
27313,0.5
27314,0.5
27315,0.5
27316,0.5
27317,0.5
27318,0.5
27319,0.5
27320,0.5
27321,0.5
27322,0.5
27323,0.5
27324,0.5
27325,0.5
27326,0.5
27327,0.5
27328,0.5
27329,0.5
27330,0.5
27331,0.5
27332,0.5
27333,0.5
27334,0.5
27335,0.5
27336,0.5
27337,0.5
27338,0.5
27339,0.5
27340,0.5
27341,0.5
27342,0.5
27343,0.5
27344,0.5
27345,0.5
27346,0.5
27347,0.5
27348,0.5
27349,0.5
27350,0.5
27351,0.5
27352,0.5
27353,0.5
27354,0.5
27355,0.5
27356,0.5
27357,0.5
27358,0.5
27359,0.5
27360,0.5
27361,0.5
27362,0.5
27363,0.5
27364,0.5
27365,0.5
27366,0.5
27367,0.5
27368,0.5
27369,0.5
27370,0.5
27371,0.5
27372,0.5
27373,0.5
27374,0.5
27375,0.5
27376,0.5
27377,0.5
27378,0.5
27379,0.5
27380,0.5
27381,0.5
27382,0.5
27383,0.5
27384,0.5
27385,0.5
27386,0.5
27387,0.5
27388,0.5
27389,0.5
27390,0.5
27391,0.5
27392,0.5
27393,0.5
27394,0.5
27395,0.5
27396,0.5
27397,0.5
27398,0.5
27399,0.5
27400,0.5
27401,0.5
27402,0.5
27403,0.5
27404,0.5
27405,0.5
27406,0.5
27407,0.5
27408,0.5
27409,0.5
27410,0.5
27411,0.5
27412,0.5
27413,0.5
27414,0.5
27415,0.5
27416,0.5
27417,0.5
27418,0.5
27419,0.5
27420,0.5
27421,0.5
27422,0.5
27423,0.5
27424,0.5
27425,0.5
27426,0.5
27427,0.5
27428,0.5
27429,0.5
27430,0.5
27431,0.5
27432,0.5
27433,0.5
27434,0.5
27435,0.5
27436,0.5
27437,0.5
27438,0.5
27439,0.5
27440,0.5
27441,0.5
27442,0.5
27443,0.5
27444,0.5
27445,0.5
27446,0.5
27447,0.5
27448,0.5
27449,0.5
27450,0.5
27451,0.5
27452,0.5
27453,0.5
27454,0.5
27455,0.5
27456,0.5
27457,0.5
27458,0.5
27459,0.5
27460,0.5
27461,0.5
27462,0.5
27463,0.5
27464,0.5
27465,0.5
27466,0.5
27467,0.5
27468,0.5
27469,0.5
27470,0.5
27471,0.5
27472,0.5
27473,0.5
27474,0.5
27475,0.5
27476,0.5
27477,0.5
27478,0.5
27479,0.5
27480,0.5
27481,0.5
27482,0.5
27483,0.5
27484,0.5
27485,0.5
27486,0.5
27487,0.5
27488,0.5
27489,0.5
27490,0.5
27491,0.5
27492,0.5
27493,0.5
27494,0.5
27495,0.5
27496,0.5
27497,0.5
27498,0.5
27499,0.5
27500,0.5
27501,0.5
27502,0.5
27503,0.5
27504,0.5
27505,0.5
27506,0.5
27507,0.5
27508,0.5
27509,0.5
27510,0.5
27511,0.5
27512,0.5
27513,0.5
27514,0.5
27515,0.5
27516,0.5
27517,0.5
27518,0.5
27519,0.5
27520,0.5
27521,0.5
27522,0.5
27523,0.5
27524,0.5
27525,0.5
27526,0.5
27527,0.5
27528,0.5
27529,0.5
27530,0.5
27531,0.5
27532,0.5
27533,0.5
27534,0.5
27535,0.5
27536,0.5
27537,0.5
27538,0.5
27539,0.5
27540,0.5
27541,0.5
27542,0.5
27543,0.5
27544,0.5
27545,0.5
27546,0.5
27547,0.5
27548,0.5
27549,0.5
27550,0.5
27551,0.5
27552,0.5
27553,0.5
27554,0.5
27555,0.5
27556,0.5
27557,0.5
27558,0.5
27559,0.5
27560,0.5
27561,0.5
27562,0.5
27563,0.5
27564,0.5
27565,0.5
27566,0.5
27567,0.5
27568,0.5
27569,0.5
27570,0.5
27571,0.5
27572,0.5
27573,0.5
27574,0.5
27575,0.5
27576,0.5
27577,0.5
27578,0.5
27579,0.5
27580,0.5
27581,0.5
27582,0.5
27583,0.5
27584,0.5
27585,0.5
27586,0.5
27587,0.5
27588,0.5
27589,0.5
27590,0.5
27591,0.5
27592,0.5
27593,0.5
27594,0.5
27595,0.5
27596,0.5
27597,0.5
27598,0.5
27599,0.5
27600,0.5
27601,0.5
27602,0.5
27603,0.5
27604,0.5
27605,0.5
27606,0.5
27607,0.5
27608,0.5
27609,0.5
27610,0.5
27611,0.5
27612,0.5
27613,0.5
27614,0.5
27615,0.5
27616,0.5
27617,0.5
27618,0.5
27619,0.5
27620,0.5
27621,0.5
27622,0.5
27623,0.5
27624,0.5
27625,0.5
27626,0.5
27627,0.5
27628,0.5
27629,0.5
27630,0.5
27631,0.5
27632,0.5
27633,0.5
27634,0.5
27635,0.5
27636,0.5
27637,0.5
27638,0.5
27639,0.5
27640,0.5
27641,0.5
27642,0.5
27643,0.5
27644,0.5
27645,0.5
27646,0.5
27647,0.5
27648,0.5
27649,0.5
27650,0.5
27651,0.5
27652,0.5
27653,0.5
27654,0.5
27655,0.5
27656,0.5
27657,0.5
27658,0.5
27659,0.5
27660,0.5
27661,0.5
27662,0.5
27663,0.5
27664,0.5
27665,0.5
27666,0.5
27667,0.5
27668,0.5
27669,0.5
27670,0.5
27671,0.5
27672,0.5
27673,0.5
27674,0.5
27675,0.5
27676,0.5
27677,0.5
27678,0.5
27679,0.5
27680,0.5
27681,0.5
27682,0.5
27683,0.5
27684,0.5
27685,0.5
27686,0.5
27687,0.5
27688,0.5
27689,0.5
27690,0.5
27691,0.5
27692,0.5
27693,0.5
27694,0.5
27695,0.5
27696,0.5
27697,0.5
27698,0.5
27699,0.5
27700,0.5
27701,0.5
27702,0.5
27703,0.5
27704,0.5
27705,0.5
27706,0.5
27707,0.5
27708,0.5
27709,0.5
27710,0.5
27711,0.5
27712,0.5
27713,0.5
27714,0.5
27715,0.5
27716,0.5
27717,0.5
27718,0.5
27719,0.5
27720,0.5
27721,0.5
27722,0.5
27723,0.5
27724,0.5
27725,0.5
27726,0.5
27727,0.5
27728,0.5
27729,0.5
27730,0.5
27731,0.5
27732,0.5
27733,0.5
27734,0.5
27735,0.5
27736,0.5
27737,0.5
27738,0.5
27739,0.5
27740,0.5
27741,0.5
27742,0.5
27743,0.5
27744,0.5
27745,0.5
27746,0.5
27747,0.5
27748,0.5
27749,0.5
27750,0.5
27751,0.5
27752,0.5
27753,0.5
27754,0.5
27755,0.5
27756,0.5
27757,0.5
27758,0.5
27759,0.5
27760,0.5
27761,0.5
27762,0.5
27763,0.5
27764,0.5
27765,0.5
27766,0.5
27767,0.5
27768,0.5
27769,0.5
27770,0.5
27771,0.5
27772,0.5
27773,0.5
27774,0.5
27775,0.5
27776,0.5
27777,0.5
27778,0.5
27779,0.5
27780,0.5
27781,0.5
27782,0.5
27783,0.5
27784,0.5
27785,0.5
27786,0.5
27787,0.5
27788,0.5
27789,0.5
27790,0.5
27791,0.5
27792,0.5
27793,0.5
27794,0.5
27795,0.5
27796,0.5
27797,0.5
27798,0.5
27799,0.5
27800,0.5
27801,0.5
27802,0.5
27803,0.5
27804,0.5
27805,0.5
27806,0.5
27807,0.5
27808,0.5
27809,0.5
27810,0.5
27811,0.5
27812,0.5
27813,0.5
27814,0.5
27815,0.5
27816,0.5
27817,0.5
27818,0.5
27819,0.5
27820,0.5
27821,0.5
27822,0.5
27823,0.5
27824,0.5
27825,0.5
27826,0.5
27827,0.5
27828,0.5
27829,0.5
27830,0.5
27831,0.5
27832,0.5
27833,0.5
27834,0.5
27835,0.5
27836,0.5
27837,0.5
27838,0.5
27839,0.5
27840,0.5
27841,0.5
27842,0.5
27843,0.5
27844,0.5
27845,0.5
27846,0.5
27847,0.5
27848,0.5
27849,0.5
27850,0.5
27851,0.5
27852,0.5
27853,0.5
27854,0.5
27855,0.5
27856,0.5
27857,0.5
27858,0.5
27859,0.5
27860,0.5
27861,0.5
27862,0.5
27863,0.5
27864,0.5
27865,0.5
27866,0.5
27867,0.5
27868,0.5
27869,0.5
27870,0.5
27871,0.5
27872,0.5
27873,0.5
27874,0.5
27875,0.5
27876,0.5
27877,0.5
27878,0.5
27879,0.5
27880,0.5
27881,0.5
27882,0.5
27883,0.5
27884,0.5
27885,0.5
27886,0.5
27887,0.5
27888,0.5
27889,0.5
27890,0.5
27891,0.5
27892,0.5
27893,0.5
27894,0.5
27895,0.5
27896,0.5
27897,0.5
27898,0.5
27899,0.5
27900,0.5
27901,0.5
27902,0.5
27903,0.5
27904,0.5
27905,0.5
27906,0.5
27907,0.5
27908,0.5
27909,0.5
27910,0.5
27911,0.5
27912,0.5
27913,0.5
27914,0.5
27915,0.5
27916,0.5
27917,0.5
27918,0.5
27919,0.5
27920,0.5
27921,0.5
27922,0.5
27923,0.5
27924,0.5
27925,0.5
27926,0.5
27927,0.5
27928,0.5
27929,0.5
27930,0.5
27931,0.5
27932,0.5
27933,0.5
27934,0.5
27935,0.5
27936,0.5
27937,0.5
27938,0.5
27939,0.5
27940,0.5
27941,0.5
27942,0.5
27943,0.5
27944,0.5
27945,0.5
27946,0.5
27947,0.5
27948,0.5
27949,0.5
27950,0.5
27951,0.5
27952,0.5
27953,0.5
27954,0.5
27955,0.5
27956,0.5
27957,0.5
27958,0.5
27959,0.5
27960,0.5
27961,0.5
27962,0.5
27963,0.5
27964,0.5
27965,0.5
27966,0.5
27967,0.5
27968,0.5
27969,0.5
27970,0.5
27971,0.5
27972,0.5
27973,0.5
27974,0.5
27975,0.5
27976,0.5
27977,0.5
27978,0.5
27979,0.5
27980,0.5
27981,0.5
27982,0.5
27983,0.5
27984,0.5
27985,0.5
27986,0.5
27987,0.5
27988,0.5
27989,0.5
27990,0.5
27991,0.5
27992,0.5
27993,0.5
27994,0.5
27995,0.5
27996,0.5
27997,0.5
27998,0.5
27999,0.5
28000,0.5
28001,0.5
28002,0.5
28003,0.5
28004,0.5
28005,0.5
28006,0.5
28007,0.5
28008,0.5
28009,0.5
28010,0.5
28011,0.5
28012,0.5
28013,0.5
28014,0.5
28015,0.5
28016,0.5
28017,0.5
28018,0.5
28019,0.5
28020,0.5
28021,0.5
28022,0.5
28023,0.5
28024,0.5
28025,0.5
28026,0.5
28027,0.5
28028,0.5
28029,0.5
28030,0.5
28031,0.5
28032,0.5
28033,0.5
28034,0.5
28035,0.5
28036,0.5
28037,0.5
28038,0.5
28039,0.5
28040,0.5
28041,0.5
28042,0.5
28043,0.5
28044,0.5
28045,0.5
28046,0.5
28047,0.5
28048,0.5
28049,0.5
28050,0.5
28051,0.5
28052,0.5
28053,0.5
28054,0.5
28055,0.5
28056,0.5
28057,0.5
28058,0.5
28059,0.5
28060,0.5
28061,0.5
28062,0.5
28063,0.5
28064,0.5
28065,0.5
28066,0.5
28067,0.5
28068,0.5
28069,0.5
28070,0.5
28071,0.5
28072,0.5
28073,0.5
28074,0.5
28075,0.5
28076,0.5
28077,0.5
28078,0.5
28079,0.5
28080,0.5
28081,0.5
28082,0.5
28083,0.5
28084,0.5
28085,0.5
28086,0.5
28087,0.5
28088,0.5
28089,0.5
28090,0.5
28091,0.5
28092,0.5
28093,0.5
28094,0.5
28095,0.5
28096,0.5
28097,0.5
28098,0.5
28099,0.5
28100,0.5
28101,0.5
28102,0.5
28103,0.5
28104,0.5
28105,0.5
28106,0.5
28107,0.5
28108,0.5
28109,0.5
28110,0.5
28111,0.5
28112,0.5
28113,0.5
28114,0.5
28115,0.5
28116,0.5
28117,0.5
28118,0.5
28119,0.5
28120,0.5
28121,0.5
28122,0.5
28123,0.5
28124,0.5
28125,0.5
28126,0.5
28127,0.5
28128,0.5
28129,0.5
28130,0.5
28131,0.5
28132,0.5
28133,0.5
28134,0.5
28135,0.5
28136,0.5
28137,0.5
28138,0.5
28139,0.5
28140,0.5
28141,0.5
28142,0.5
28143,0.5
28144,0.5
28145,0.5
28146,0.5
28147,0.5
28148,0.5
28149,0.5
28150,0.5
28151,0.5
28152,0.5
28153,0.5
28154,0.5
28155,0.5
28156,0.5
28157,0.5
28158,0.5
28159,0.5
28160,0.5
28161,0.5
28162,0.5
28163,0.5
28164,0.5
28165,0.5
28166,0.5
28167,0.5
28168,0.5
28169,0.5
28170,0.5
28171,0.5
28172,0.5
28173,0.5
28174,0.5
28175,0.5
28176,0.5
28177,0.5
28178,0.5
28179,0.5
28180,0.5
28181,0.5
28182,0.5
28183,0.5
28184,0.5
28185,0.5
28186,0.5
28187,0.5
28188,0.5
28189,0.5
28190,0.5
28191,0.5
28192,0.5
28193,0.5
28194,0.5
28195,0.5
28196,0.5
28197,0.5
28198,0.5
28199,0.5
28200,0.5
28201,0.5
28202,0.5
28203,0.5
28204,0.5
28205,0.5
28206,0.5
28207,0.5
28208,0.5
28209,0.5
28210,0.5
28211,0.5
28212,0.5
28213,0.5
28214,0.5
28215,0.5
28216,0.5
28217,0.5
28218,0.5
28219,0.5
28220,0.5
28221,0.5
28222,0.5
28223,0.5
28224,0.5
28225,0.5
28226,0.5
28227,0.5
28228,0.5
28229,0.5
28230,0.5
28231,0.5
28232,0.5
28233,0.5
28234,0.5
28235,0.5
28236,0.5
28237,0.5
28238,0.5
28239,0.5
28240,0.5
28241,0.5
28242,0.5
28243,0.5
28244,0.5
28245,0.5
28246,0.5
28247,0.5
28248,0.5
28249,0.5
28250,0.5
28251,0.5
28252,0.5
28253,0.5
28254,0.5
28255,0.5
28256,0.5
28257,0.5
28258,0.5
28259,0.5
28260,0.5
28261,0.5
28262,0.5
28263,0.5
28264,0.5
28265,0.5
28266,0.5
28267,0.5
28268,0.5
28269,0.5
28270,0.5
28271,0.5
28272,0.5
28273,0.5
28274,0.5
28275,0.5
28276,0.5
28277,0.5
28278,0.5
28279,0.5
28280,0.5
28281,0.5
28282,0.5
28283,0.5
28284,0.5
28285,0.5
28286,0.5
28287,0.5
28288,0.5
28289,0.5
28290,0.5
28291,0.5
28292,0.5
28293,0.5
28294,0.5
28295,0.5
28296,0.5
28297,0.5
28298,0.5
28299,0.5
28300,0.5
28301,0.5
28302,0.5
28303,0.5
28304,0.5
28305,0.5
28306,0.5
28307,0.5
28308,0.5
28309,0.5
28310,0.5
28311,0.5
28312,0.5
28313,0.5
28314,0.5
28315,0.5
28316,0.5
28317,0.5
28318,0.5
28319,0.5
28320,0.5
28321,0.5
28322,0.5
28323,0.5
28324,0.5
28325,0.5
28326,0.5
28327,0.5
28328,0.5
28329,0.5
28330,0.5
28331,0.5
28332,0.5
28333,0.5
28334,0.5
28335,0.5
28336,0.5
28337,0.5
28338,0.5
28339,0.5
28340,0.5
28341,0.5
28342,0.5
28343,0.5
28344,0.5
28345,0.5
28346,0.5
28347,0.5
28348,0.5
28349,0.5
28350,0.5
28351,0.5
28352,0.5
28353,0.5
28354,0.5
28355,0.5
28356,0.5
28357,0.5
28358,0.5
28359,0.5
28360,0.5
28361,0.5
28362,0.5
28363,0.5
28364,0.5
28365,0.5
28366,0.5
28367,0.5
28368,0.5
28369,0.5
28370,0.5
28371,0.5
28372,0.5
28373,0.5
28374,0.5
28375,0.5
28376,0.5
28377,0.5
28378,0.5
28379,0.5
28380,0.5
28381,0.5
28382,0.5
28383,0.5
28384,0.5
28385,0.5
28386,0.5
28387,0.5
28388,0.5
28389,0.5
28390,0.5
28391,0.5
28392,0.5
28393,0.5
28394,0.5
28395,0.5
28396,0.5
28397,0.5
28398,0.5
28399,0.5
28400,0.5
28401,0.5
28402,0.5
28403,0.5
28404,0.5
28405,0.5
28406,0.5
28407,0.5
28408,0.5
28409,0.5
28410,0.5
28411,0.5
28412,0.5
28413,0.5
28414,0.5
28415,0.5
28416,0.5
28417,0.5
28418,0.5
28419,0.5
28420,0.5
28421,0.5
28422,0.5
28423,0.5
28424,0.5
28425,0.5
28426,0.5
28427,0.5
28428,0.5
28429,0.5
28430,0.5
28431,0.5
28432,0.5
28433,0.5
28434,0.5
28435,0.5
28436,0.5
28437,0.5
28438,0.5
28439,0.5
28440,0.5
28441,0.5
28442,0.5
28443,0.5
28444,0.5
28445,0.5
28446,0.5
28447,0.5
28448,0.5
28449,0.5
28450,0.5
28451,0.5
28452,0.5
28453,0.5
28454,0.5
28455,0.5
28456,0.5
28457,0.5
28458,0.5
28459,0.5
28460,0.5
28461,0.5
28462,0.5
28463,0.5
28464,0.5
28465,0.5
28466,0.5
28467,0.5
28468,0.5
28469,0.5
28470,0.5
28471,0.5
28472,0.5
28473,0.5
28474,0.5
28475,0.5
28476,0.5
28477,0.5
28478,0.5
28479,0.5
28480,0.5
28481,0.5
28482,0.5
28483,0.5
28484,0.5
28485,0.5
28486,0.5
28487,0.5
28488,0.5
28489,0.5
28490,0.5
28491,0.5
28492,0.5
28493,0.5
28494,0.5
28495,0.5
28496,0.5
28497,0.5
28498,0.5
28499,0.5
28500,0.5
28501,0.5
28502,0.5
28503,0.5
28504,0.5
28505,0.5
28506,0.5
28507,0.5
28508,0.5
28509,0.5
28510,0.5
28511,0.5
28512,0.5
28513,0.5
28514,0.5
28515,0.5
28516,0.5
28517,0.5
28518,0.5
28519,0.5
28520,0.5
28521,0.5
28522,0.5
28523,0.5
28524,0.5
28525,0.5
28526,0.5
28527,0.5
28528,0.5
28529,0.5
28530,0.5
28531,0.5
28532,0.5
28533,0.5
28534,0.5
28535,0.5
28536,0.5
28537,0.5
28538,0.5
28539,0.5
28540,0.5
28541,0.5
28542,0.5
28543,0.5
28544,0.5
28545,0.5
28546,0.5
28547,0.5
28548,0.5
28549,0.5
28550,0.5
28551,0.5
28552,0.5
28553,0.5
28554,0.5
28555,0.5
28556,0.5
28557,0.5
28558,0.5
28559,0.5
28560,0.5
28561,0.5
28562,0.5
28563,0.5
28564,0.5
28565,0.5
28566,0.5
28567,0.5
28568,0.5
28569,0.5
28570,0.5
28571,0.5
28572,0.5
28573,0.5
28574,0.5
28575,0.5
28576,0.5
28577,0.5
28578,0.5
28579,0.5
28580,0.5
28581,0.5
28582,0.5
28583,0.5
28584,0.5
28585,0.5
28586,0.5
28587,0.5
28588,0.5
28589,0.5
28590,0.5
28591,0.5
28592,0.5
28593,0.5
28594,0.5
28595,0.5
28596,0.5
28597,0.5
28598,0.5
28599,0.5
28600,0.5
28601,0.5
28602,0.5
28603,0.5
28604,0.5
28605,0.5
28606,0.5
28607,0.5
28608,0.5
28609,0.5
28610,0.5
28611,0.5
28612,0.5
28613,0.5
28614,0.5
28615,0.5
28616,0.5
28617,0.5
28618,0.5
28619,0.5
28620,0.5
28621,0.5
28622,0.5
28623,0.5
28624,0.5
28625,0.5
28626,0.5
28627,0.5
28628,0.5
28629,0.5
28630,0.5
28631,0.5
28632,0.5
28633,0.5
28634,0.5
28635,0.5
28636,0.5
28637,0.5
28638,0.5
28639,0.5
28640,0.5
28641,0.5
28642,0.5
28643,0.5
28644,0.5
28645,0.5
28646,0.5
28647,0.5
28648,0.5
28649,0.5
28650,0.5
28651,0.5
28652,0.5
28653,0.5
28654,0.5
28655,0.5
28656,0.5
28657,0.5
28658,0.5
28659,0.5
28660,0.5
28661,0.5
28662,0.5
28663,0.5
28664,0.5
28665,0.5
28666,0.5
28667,0.5
28668,0.5
28669,0.5
28670,0.5
28671,0.5
28672,0.5
28673,0.5
28674,0.5
28675,0.5
28676,0.5
28677,0.5
28678,0.5
28679,0.5
28680,0.5
28681,0.5
28682,0.5
28683,0.5
28684,0.5
28685,0.5
28686,0.5
28687,0.5
28688,0.5
28689,0.5
28690,0.5
28691,0.5
28692,0.5
28693,0.5
28694,0.5
28695,0.5
28696,0.5
28697,0.5
28698,0.5
28699,0.5
28700,0.5
28701,0.5
28702,0.5
28703,0.5
28704,0.5
28705,0.5
28706,0.5
28707,0.5
28708,0.5
28709,0.5
28710,0.5
28711,0.5
28712,0.5
28713,0.5
28714,0.5
28715,0.5
28716,0.5
28717,0.5
28718,0.5
28719,0.5
28720,0.5
28721,0.5
28722,0.5
28723,0.5
28724,0.5
28725,0.5
28726,0.5
28727,0.5
28728,0.5
28729,0.5
28730,0.5
28731,0.5
28732,0.5
28733,0.5
28734,0.5
28735,0.5
28736,0.5
28737,0.5
28738,0.5
28739,0.5
28740,0.5
28741,0.5
28742,0.5
28743,0.5
28744,0.5
28745,0.5
28746,0.5
28747,0.5
28748,0.5
28749,0.5
28750,0.5
28751,0.5
28752,0.5
28753,0.5
28754,0.5
28755,0.5
28756,0.5
28757,0.5
28758,0.5
28759,0.5
28760,0.5
28761,0.5
28762,0.5
28763,0.5
28764,0.5
28765,0.5
28766,0.5
28767,0.5
28768,0.5
28769,0.5
28770,0.5
28771,0.5
28772,0.5
28773,0.5
28774,0.5
28775,0.5
28776,0.5
28777,0.5
28778,0.5
28779,0.5
28780,0.5
28781,0.5
28782,0.5
28783,0.5
28784,0.5
28785,0.5
28786,0.5
28787,0.5
28788,0.5
28789,0.5
28790,0.5
28791,0.5
28792,0.5
28793,0.5
28794,0.5
28795,0.5
28796,0.5
28797,0.5
28798,0.5
28799,0.5
28800,0.5
28801,0.5
28802,0.5
28803,0.5
28804,0.5
28805,0.5
28806,0.5
28807,0.5
28808,0.5
28809,0.5
28810,0.5
28811,0.5
28812,0.5
28813,0.5
28814,0.5
28815,0.5
28816,0.5
28817,0.5
28818,0.5
28819,0.5
28820,0.5
28821,0.5
28822,0.5
28823,0.5
28824,0.5
28825,0.5
28826,0.5
28827,0.5
28828,0.5
28829,0.5
28830,0.5
28831,0.5
28832,0.5
28833,0.5
28834,0.5
28835,0.5
28836,0.5
28837,0.5
28838,0.5
28839,0.5
28840,0.5
28841,0.5
28842,0.5
28843,0.5
28844,0.5
28845,0.5
28846,0.5
28847,0.5
28848,0.5
28849,0.5
28850,0.5
28851,0.5
28852,0.5
28853,0.5
28854,0.5
28855,0.5
28856,0.5
28857,0.5
28858,0.5
28859,0.5
28860,0.5
28861,0.5
28862,0.5
28863,0.5
28864,0.5
28865,0.5
28866,0.5
28867,0.5
28868,0.5
28869,0.5
28870,0.5
28871,0.5
28872,0.5
28873,0.5
28874,0.5
28875,0.5
28876,0.5
28877,0.5
28878,0.5
28879,0.5
28880,0.5
28881,0.5
28882,0.5
28883,0.5
28884,0.5
28885,0.5
28886,0.5
28887,0.5
28888,0.5
28889,0.5
28890,0.5
28891,0.5
28892,0.5
28893,0.5
28894,0.5
28895,0.5
28896,0.5
28897,0.5
28898,0.5
28899,0.5
28900,0.5
28901,0.5
28902,0.5
28903,0.5
28904,0.5
28905,0.5
28906,0.5
28907,0.5
28908,0.5
28909,0.5
28910,0.5
28911,0.5
28912,0.5
28913,0.5
28914,0.5
28915,0.5
28916,0.5
28917,0.5
28918,0.5
28919,0.5
28920,0.5
28921,0.5
28922,0.5
28923,0.5
28924,0.5
28925,0.5
28926,0.5
28927,0.5
28928,0.5
28929,0.5
28930,0.5
28931,0.5
28932,0.5
28933,0.5
28934,0.5
28935,0.5
28936,0.5
28937,0.5
28938,0.5
28939,0.5
28940,0.5
28941,0.5
28942,0.5
28943,0.5
28944,0.5
28945,0.5
28946,0.5
28947,0.5
28948,0.5
28949,0.5
28950,0.5
28951,0.5
28952,0.5
28953,0.5
28954,0.5
28955,0.7
28956,0.6980127199999999
28957,0.69602544
28958,0.69403816
28959,0.6920508799999999
28960,0.6900636
28961,0.68807632
28962,0.6860890399999999
28963,0.68410176
28964,0.68211448
28965,0.6801271999999999
28966,0.67813992
28967,0.67615264
28968,0.6741653599999999
28969,0.6721780799999999
28970,0.6701908
28971,0.6682035199999999
28972,0.6662162399999999
28973,0.66422896
28974,0.6622416799999999
28975,0.6602543999999999
28976,0.65826712
28977,0.65627984
28978,0.6542925599999999
28979,0.65230528
28980,0.650318
28981,0.6483307199999999
28982,0.64634344
28983,0.64435616
28984,0.6423688799999999
28985,0.6403816
28986,0.63839432
28987,0.6364070399999999
28988,0.63441976
28989,0.63243248
28990,0.6304451999999999
28991,0.62845792
28992,0.62647064
28993,0.6244833599999999
28994,0.6224960799999999
28995,0.6205088
28996,0.6185215199999999
28997,0.61653424
28998,0.61454696
28999,0.6125596799999999
29000,0.6105723999999999
29001,0.60858512
29002,0.6065978399999999
29003,0.6046105599999999
29004,0.60262328
29005,0.600636
29006,0.5986487199999999
29007,0.59666144
29008,0.59467416
29009,0.5926868799999999
29010,0.5906996
29011,0.58871232
29012,0.5867250399999999
29013,0.58473776
29014,0.58275048
29015,0.5807631999999999
29016,0.57877592
29017,0.57678864
29018,0.5748013599999999
29019,0.5728140799999999
29020,0.5708268
29021,0.5688395199999999
29022,0.56685224
29023,0.56486496
29024,0.5628776799999999
29025,0.5608903999999999
29026,0.55890312
29027,0.5569158399999999
29028,0.55492856
29029,0.55294128
29030,0.5509539999999999
29031,0.5489667199999999
29032,0.54697944
29033,0.54499216
29034,0.5430048799999999
29035,0.5410176
29036,0.53903032
29037,0.5370430399999999
29038,0.5350557599999999
29039,0.53306848
29040,0.5310811999999999
29041,0.52909392
29042,0.52710664
29043,0.5251193599999999
29044,0.5231320799999999
29045,0.5211448
29046,0.5191575199999999
29047,0.51717024
29048,0.51518296
29049,0.5131956799999999
29050,0.5112083999999999
29051,0.50922112
29052,0.5072338399999999
29053,0.50524656
29054,0.50325928
29055,0.5012719999999999
29056,0.4992847199999999
29057,0.49729744
29058,0.49531015999999994
29059,0.4933228799999999
29060,0.4913356
29061,0.48934831999999995
29062,0.4873610399999999
29063,0.48537375999999993
29064,0.48338647999999995
29065,0.4813991999999999
29066,0.47941191999999994
29067,0.47742463999999996
29068,0.4754373599999999
29069,0.47345007999999994
29070,0.47146279999999996
29071,0.4694755199999999
29072,0.46748823999999994
29073,0.46550095999999996
29074,0.46351367999999993
29075,0.46152639999999995
29076,0.45953911999999997
29077,0.45755183999999993
29078,0.45556455999999995
29079,0.45357727999999997
29080,0.45158999999999994
29081,0.44960271999999996
29082,0.4476154399999999
29083,0.44562815999999994
29084,0.44364087999999996
29085,0.4416535999999999
29086,0.43966631999999994
29087,0.43767903999999996
29088,0.43569175999999993
29089,0.43370447999999995
29090,0.4317171999999999
29091,0.42972991999999993
29092,0.42774263999999995
29093,0.4257553599999999
29094,0.42376807999999994
29095,0.42178079999999996
29096,0.4197935199999999
29097,0.41780623999999994
29098,0.41581895999999996
29099,0.4138316799999999
29100,0.41184439999999994
29101,0.40985711999999996
29102,0.40786983999999993
29103,0.40588255999999995
29104,0.4038952799999999
29105,0.40190799999999993
29106,0.39992071999999995
29107,0.3979334399999999
29108,0.39594615999999994
29109,0.39395887999999996
29110,0.3919715999999999
29111,0.38998431999999994
29112,0.38799703999999996
29113,0.3860097599999999
29114,0.38402247999999994
29115,0.3820351999999999
29116,0.38004791999999993
29117,0.37806063999999995
29118,0.3760733599999999
29119,0.37408607999999993
29120,0.37209879999999995
29121,0.3701115199999999
29122,0.36812423999999994
29123,0.36613695999999996
29124,0.3641496799999999
29125,0.36216239999999994
29126,0.5
29127,0.5
29128,0.5
29129,0.5
29130,0.5
29131,0.5
29132,0.5
29133,0.5
29134,0.5
29135,0.5
29136,0.5
29137,0.5
29138,0.5
29139,0.5
29140,0.5
29141,0.5
29142,0.5
29143,0.5
29144,0.5
29145,0.5
29146,0.5
29147,0.5
29148,0.5
29149,0.5
29150,0.5
29151,0.5
29152,0.5
29153,0.5
29154,0.5
29155,0.5
29156,0.5
29157,0.5
29158,0.5
29159,0.5
29160,0.5
29161,0.5
29162,0.5
29163,0.5
29164,0.5
29165,0.5
29166,0.5
29167,0.5
29168,0.5
29169,0.5
29170,0.5
29171,0.5
29172,0.5
29173,0.5
29174,0.5
29175,0.5
29176,0.5
29177,0.5
29178,0.5
29179,0.5
29180,0.5
29181,0.5
29182,0.5
29183,0.5
29184,0.5
29185,0.5
29186,0.5
29187,0.5
29188,0.5
29189,0.5
29190,0.5
29191,0.5
29192,0.5
29193,0.5
29194,0.5
29195,0.5
29196,0.5
29197,0.5
29198,0.5
29199,0.5
29200,0.5
29201,0.5
29202,0.5
29203,0.5
29204,0.5
29205,0.5
29206,0.5
29207,0.5
29208,0.5
29209,0.5
29210,0.5
29211,0.5
29212,0.5
29213,0.5
29214,0.5
29215,0.5
29216,0.5
29217,0.5
29218,0.5
29219,0.5
29220,0.5
29221,0.5
29222,0.5
29223,0.5
29224,0.5
29225,0.5
29226,0.5
29227,0.5
29228,0.5
29229,0.5
29230,0.5
29231,0.5
29232,0.5
29233,0.5
29234,0.5
29235,0.5
29236,0.5
29237,0.5
29238,0.5
29239,0.5
29240,0.5
29241,0.5
29242,0.5
29243,0.5
29244,0.5
29245,0.5
29246,0.5
29247,0.5
29248,0.5
29249,0.5
29250,0.5
29251,0.5
29252,0.5
29253,0.5
29254,0.5
29255,0.5
29256,0.5
29257,0.5
29258,0.5
29259,0.5
29260,0.5
29261,0.5
29262,0.5
29263,0.5
29264,0.5
29265,0.5
29266,0.5
29267,0.5
29268,0.5
29269,0.5
29270,0.5
29271,0.5
29272,0.5
29273,0.5
29274,0.5
29275,0.5
29276,0.5
29277,0.5
29278,0.5
29279,0.5
29280,0.5
29281,0.5
29282,0.5
29283,0.5
29284,0.5
29285,0.5
29286,0.5
29287,0.5
29288,0.5
29289,0.5
29290,0.5
29291,0.5
29292,0.5
29293,0.5
29294,0.5
29295,0.5
29296,0.5
29297,0.5
29298,0.5
29299,0.5
29300,0.5
29301,0.5
29302,0.5
29303,0.5
29304,0.5
29305,0.5
29306,0.5
29307,0.5
29308,0.5
29309,0.5
29310,0.5
29311,0.5
29312,0.5
29313,0.5
29314,0.5
29315,0.5
29316,0.5
29317,0.5
29318,0.5
29319,0.5
29320,0.5
29321,0.5
29322,0.5
29323,0.5
29324,0.5
29325,0.5
29326,0.5
29327,0.5
29328,0.5
29329,0.5
29330,0.5
29331,0.5
29332,0.5
29333,0.5
29334,0.5
29335,0.5
29336,0.5
29337,0.5
29338,0.5
29339,0.5
29340,0.5
29341,0.5
29342,0.5
29343,0.5
29344,0.5
29345,0.5
29346,0.5
29347,0.5
29348,0.5
29349,0.5
29350,0.5
29351,0.5
29352,0.5
29353,0.5
29354,0.5
29355,0.5
29356,0.5
29357,0.5
29358,0.5
29359,0.5
29360,0.5
29361,0.5
29362,0.5
29363,0.5
29364,0.5
29365,0.5
29366,0.5
29367,0.5
29368,0.5
29369,0.5
29370,0.5
29371,0.5
29372,0.5
29373,0.5
29374,0.5
29375,0.5
29376,0.5
29377,0.5
29378,0.5
29379,0.5
29380,0.5
29381,0.5
29382,0.5
29383,0.5
29384,0.5
29385,0.5
29386,0.5
29387,0.5
29388,0.5
29389,0.5
29390,0.5
29391,0.5
29392,0.5
29393,0.5
29394,0.5
29395,0.5
29396,0.5
29397,0.5
29398,0.5
29399,0.5
29400,0.5
29401,0.5
29402,0.5
29403,0.5
29404,0.5
29405,0.5
29406,0.5
29407,0.5
29408,0.5
29409,0.5
29410,0.5
29411,0.5
29412,0.5
29413,0.5
29414,0.5
29415,0.5
29416,0.5
29417,0.5
29418,0.5
29419,0.5
29420,0.5
29421,0.5
29422,0.5
29423,0.5
29424,0.5
29425,0.5
29426,0.5
29427,0.5
29428,0.5
29429,0.5
29430,0.5
29431,0.5
29432,0.5
29433,0.5
29434,0.5
29435,0.5
29436,0.5
29437,0.5
29438,0.5
29439,0.5
29440,0.5
29441,0.5
29442,0.5
29443,0.5
29444,0.5
29445,0.5
29446,0.5
29447,0.5
29448,0.5
29449,0.5
29450,0.5
29451,0.5
29452,0.5
29453,0.5
29454,0.5
29455,0.5
29456,0.5
29457,0.5
29458,0.5
29459,0.5
29460,0.5
29461,0.5
29462,0.5
29463,0.5
29464,0.5
29465,0.5
29466,0.5
29467,0.5
29468,0.5
29469,0.5
29470,0.5
29471,0.5
29472,0.5
29473,0.5
29474,0.5
29475,0.5
29476,0.5
29477,0.5
29478,0.5
29479,0.5
29480,0.5
29481,0.5
29482,0.5
29483,0.5
29484,0.5
29485,0.5
29486,0.5
29487,0.5
29488,0.5
29489,0.5
29490,0.5
29491,0.5
29492,0.5
29493,0.5
29494,0.5
29495,0.5
29496,0.5
29497,0.5
29498,0.5
29499,0.5
29500,0.5
29501,0.5
29502,0.5
29503,0.5
29504,0.5
29505,0.5
29506,0.5
29507,0.5
29508,0.5
29509,0.5
29510,0.5
29511,0.5
29512,0.5
29513,0.5
29514,0.5
29515,0.5
29516,0.5
29517,0.5
29518,0.5
29519,0.5
29520,0.5
29521,0.5
29522,0.5
29523,0.5
29524,0.5
29525,0.5
29526,0.5
29527,0.5
29528,0.5
29529,0.5
29530,0.5
29531,0.5
29532,0.5
29533,0.5
29534,0.5
29535,0.5
29536,0.5
29537,0.5
29538,0.5
29539,0.5
29540,0.5
29541,0.5
29542,0.5
29543,0.5
29544,0.5
29545,0.5
29546,0.5
29547,0.5
29548,0.5
29549,0.5
29550,0.5
29551,0.5
29552,0.5
29553,0.5
29554,0.5
29555,0.5
29556,0.5
29557,0.5
29558,0.5
29559,0.5
29560,0.5
29561,0.5
29562,0.5
29563,0.5
29564,0.5
29565,0.5
29566,0.5
29567,0.5
29568,0.5
29569,0.5
29570,0.5
29571,0.5
29572,0.5
29573,0.5
29574,0.5
29575,0.5
29576,0.5
29577,0.5
29578,0.5
29579,0.5
29580,0.5
29581,0.5
29582,0.5
29583,0.5
29584,0.5
29585,0.5
29586,0.5
29587,0.5
29588,0.5
29589,0.5
29590,0.5
29591,0.5
29592,0.5
29593,0.5
29594,0.5
29595,0.5
29596,0.5
29597,0.5
29598,0.5
29599,0.5
29600,0.5
29601,0.5
29602,0.5
29603,0.5
29604,0.5
29605,0.5
29606,0.5
29607,0.5
29608,0.5
29609,0.5
29610,0.5
29611,0.5
29612,0.5
29613,0.5
29614,0.5
29615,0.5
29616,0.5
29617,0.5
29618,0.5
29619,0.5
29620,0.5
29621,0.5
29622,0.5
29623,0.5
29624,0.5
29625,0.5
29626,0.5
29627,0.5
29628,0.5
29629,0.5
29630,0.5
29631,0.5
29632,0.5
29633,0.5
29634,0.5
29635,0.5
29636,0.5
29637,0.5
29638,0.5
29639,0.5
29640,0.5
29641,0.5
29642,0.5
29643,0.5
29644,0.5
29645,0.5
29646,0.5
29647,0.5
29648,0.5
29649,0.5
29650,0.5
29651,0.5
29652,0.5
29653,0.5
29654,0.5
29655,0.5
29656,0.5
29657,0.5
29658,0.5
29659,0.5
29660,0.5
29661,0.5
29662,0.5
29663,0.5
29664,0.5
29665,0.5
29666,0.5
29667,0.5
29668,0.5
29669,0.5
29670,0.5
29671,0.5
29672,0.5
29673,0.5
29674,0.5
29675,0.5
29676,0.5
29677,0.5
29678,0.5
29679,0.5
29680,0.5
29681,0.5
29682,0.5
29683,0.5
29684,0.5
29685,0.5
29686,0.5
29687,0.5
29688,0.5
29689,0.5
29690,0.5
29691,0.5
29692,0.5
29693,0.5
29694,0.5
29695,0.5
29696,0.5
29697,0.5
29698,0.5
29699,0.5
29700,0.5
29701,0.5
29702,0.5
29703,0.5
29704,0.5
29705,0.5
29706,0.5
29707,0.5
29708,0.5
29709,0.5
29710,0.5
29711,0.5
29712,0.5
29713,0.5
29714,0.5
29715,0.5
29716,0.5
29717,0.5
29718,0.5
29719,0.5
29720,0.5
29721,0.5
29722,0.5
29723,0.5
29724,0.5
29725,0.5
29726,0.5
29727,0.5
29728,0.5
29729,0.5
29730,0.5
29731,0.5
29732,0.5
29733,0.5
29734,0.5
29735,0.5
29736,0.5
29737,0.5
29738,0.5
29739,0.5
29740,0.5
29741,0.5
29742,0.5
29743,0.5
29744,0.5
29745,0.5
29746,0.5
29747,0.5
29748,0.5
29749,0.5
29750,0.5
29751,0.5
29752,0.5
29753,0.5
29754,0.5
29755,0.5
29756,0.5
29757,0.5
29758,0.5
29759,0.5
29760,0.5
29761,0.5
29762,0.5
29763,0.5
29764,0.5
29765,0.5
29766,0.5
29767,0.5
29768,0.5
29769,0.5
29770,0.5
29771,0.5
29772,0.5
29773,0.5
29774,0.5
29775,0.5
29776,0.5
29777,0.5
29778,0.5
29779,0.5
29780,0.5
29781,0.5
29782,0.5
29783,0.5
29784,0.5
29785,0.5
29786,0.5
29787,0.5
29788,0.5
29789,0.5
29790,0.5
29791,0.5
29792,0.5
29793,0.5
29794,0.5
29795,0.5
29796,0.5
29797,0.5
29798,0.5
29799,0.5
29800,0.5
29801,0.5
29802,0.5
29803,0.5
29804,0.5
29805,0.5
29806,0.5
29807,0.5
29808,0.5
29809,0.5
29810,0.5
29811,0.5
29812,0.5
29813,0.5
29814,0.5
29815,0.5
29816,0.5
29817,0.5
29818,0.5
29819,0.5
29820,0.5
29821,0.5
29822,0.5
29823,0.5
29824,0.5
29825,0.5
29826,0.5
29827,0.5
29828,0.5
29829,0.5
29830,0.5
29831,0.5
29832,0.5
29833,0.5
29834,0.5
29835,0.5
29836,0.5
29837,0.5
29838,0.5
29839,0.5
29840,0.5
29841,0.5
29842,0.5
29843,0.5
29844,0.5
29845,0.5
29846,0.5
29847,0.5
29848,0.5
29849,0.5
29850,0.5
29851,0.5
29852,0.5
29853,0.5
29854,0.5
29855,0.5
29856,0.5
29857,0.5
29858,0.5
29859,0.5
29860,0.5
29861,0.5
29862,0.5
29863,0.5
29864,0.5
29865,0.5
29866,0.5
29867,0.5
29868,0.5
29869,0.5
29870,0.5
29871,0.5
29872,0.5
29873,0.5
29874,0.5
29875,0.5
29876,0.5
29877,0.5
29878,0.5
29879,0.5
29880,0.5
29881,0.5
29882,0.5
29883,0.5
29884,0.5
29885,0.5
29886,0.5
29887,0.5
29888,0.5
29889,0.5
29890,0.5
29891,0.5
29892,0.5
29893,0.5
29894,0.5
29895,0.5
29896,0.5
29897,0.5
29898,0.5
29899,0.5
29900,0.5
29901,0.5
29902,0.5
29903,0.5
29904,0.5
29905,0.5
29906,0.5
29907,0.5
29908,0.5
29909,0.5
29910,0.5
29911,0.5
29912,0.5
29913,0.5
29914,0.5
29915,0.5
29916,0.5
29917,0.5
29918,0.5
29919,0.5
29920,0.5
29921,0.5
29922,0.5
29923,0.5
29924,0.5
29925,0.5
29926,0.5
29927,0.5
29928,0.5
29929,0.5
29930,0.5
29931,0.5
29932,0.5
29933,0.5
29934,0.5
29935,0.5
29936,0.5
29937,0.5
29938,0.5
29939,0.5
29940,0.5
29941,0.5
29942,0.5
29943,0.5
29944,0.5
29945,0.5
29946,0.5
29947,0.5
29948,0.5
29949,0.5
29950,0.5
29951,0.5
29952,0.5
29953,0.5
29954,0.5
29955,0.5
29956,0.5
29957,0.5
29958,0.5
29959,0.5
29960,0.5
29961,0.5
29962,0.5
29963,0.5
29964,0.5
29965,0.5
29966,0.5
29967,0.5
29968,0.5
29969,0.5
29970,0.5
29971,0.5
29972,0.5
29973,0.5
29974,0.5
29975,0.5
29976,0.5
29977,0.5
29978,0.5
29979,0.5
29980,0.5
29981,0.5
29982,0.5
29983,0.5
29984,0.5
29985,0.5
29986,0.5
29987,0.5
29988,0.5
29989,0.5
29990,0.5
29991,0.5
29992,0.5
29993,0.5
29994,0.5
29995,0.5
29996,0.5
29997,0.5
29998,0.5
29999,0.5
30000,0.5
30001,0.5
30002,0.5
30003,0.5
30004,0.5
30005,0.5
30006,0.5
30007,0.5
30008,0.5
30009,0.5
30010,0.5
30011,0.5
30012,0.5
30013,0.5
30014,0.5
30015,0.5
30016,0.5
30017,0.5
30018,0.5
30019,0.5
30020,0.5
30021,0.5
30022,0.5
30023,0.5
30024,0.5
30025,0.5
30026,0.5
30027,0.5
30028,0.5
30029,0.5
30030,0.5
30031,0.5
30032,0.5
30033,0.5
30034,0.5
30035,0.5
30036,0.5
30037,0.5
30038,0.5
30039,0.5
30040,0.5
30041,0.5
30042,0.5
30043,0.5
30044,0.5
30045,0.5
30046,0.5
30047,0.5
30048,0.5
30049,0.5
30050,0.5
30051,0.5
30052,0.5
30053,0.5
30054,0.5
30055,0.5
30056,0.5
30057,0.5
30058,0.5
30059,0.5
30060,0.5
30061,0.5
30062,0.5
30063,0.5
30064,0.5
30065,0.5
30066,0.5
30067,0.5
30068,0.5
30069,0.5
30070,0.5
30071,0.5
30072,0.5
30073,0.5
30074,0.5
30075,0.5
30076,0.5
30077,0.5
30078,0.5
30079,0.5
30080,0.5
30081,0.5
30082,0.5
30083,0.5
30084,0.5
30085,0.5
30086,0.5
30087,0.5
30088,0.5
30089,0.5
30090,0.5
30091,0.5
30092,0.5
30093,0.5
30094,0.5
30095,0.5
30096,0.5
30097,0.5
30098,0.5
30099,0.5
30100,0.5
30101,0.5
30102,0.5
30103,0.5
30104,0.5
30105,0.5
30106,0.5
30107,0.5
30108,0.5
30109,0.5
30110,0.5
30111,0.5
30112,0.5
30113,0.5
30114,0.5
30115,0.5
30116,0.5
30117,0.5
30118,0.5
30119,0.5
30120,0.5
30121,0.5
30122,0.5
30123,0.5
30124,0.5
30125,0.5
30126,0.5
30127,0.5
30128,0.5
30129,0.5
30130,0.5
30131,0.5
30132,0.5
30133,0.5
30134,0.5
30135,0.5
30136,0.5
30137,0.5
30138,0.5
30139,0.5
30140,0.5
30141,0.5
30142,0.5
30143,0.5
30144,0.5
30145,0.5
30146,0.5
30147,0.5
30148,0.5
30149,0.5
30150,0.5
30151,0.5
30152,0.5
30153,0.5
30154,0.5
30155,0.5
30156,0.5
30157,0.5
30158,0.5
30159,0.5
30160,0.5
30161,0.5
30162,0.5
30163,0.5
30164,0.5
30165,0.5
30166,0.5
30167,0.5
30168,0.5
30169,0.5
30170,0.5
30171,0.5
30172,0.5
30173,0.5
30174,0.5
30175,0.5
30176,0.5
30177,0.5
30178,0.5
30179,0.5
30180,0.5
30181,0.5
30182,0.5
30183,0.5
30184,0.5
30185,0.5
30186,0.5
30187,0.5
30188,0.5
30189,0.5
30190,0.5
30191,0.5
30192,0.5
30193,0.5
30194,0.5
30195,0.5
30196,0.5
30197,0.5
30198,0.5
30199,0.5
30200,0.5
30201,0.5
30202,0.5
30203,0.5
30204,0.5
30205,0.5
30206,0.5
30207,0.5
30208,0.5
30209,0.5
30210,0.5
30211,0.5
30212,0.5
30213,0.5
30214,0.5
30215,0.5
30216,0.5
30217,0.5
30218,0.5
30219,0.5
30220,0.5
30221,0.5
30222,0.5
30223,0.5
30224,0.5
30225,0.5
30226,0.5
30227,0.5
30228,0.5
30229,0.5
30230,0.5
30231,0.5
30232,0.5
30233,0.5
30234,0.5
30235,0.5
30236,0.5
30237,0.5
30238,0.5
30239,0.5
30240,0.5
30241,0.5
30242,0.5
30243,0.5
30244,0.5
30245,0.5
30246,0.5
30247,0.5
30248,0.5
30249,0.5
30250,0.5
30251,0.5
30252,0.5
30253,0.5
30254,0.5
30255,0.5
30256,0.5
30257,0.5
30258,0.5
30259,0.5
30260,0.5
30261,0.5
30262,0.5
30263,0.5
30264,0.5
30265,0.5
30266,0.5
30267,0.5
30268,0.5
30269,0.5
30270,0.5
30271,0.5
30272,0.5
30273,0.5
30274,0.5
30275,0.5
30276,0.5
30277,0.5
30278,0.5
30279,0.5
30280,0.5
30281,0.5
30282,0.5
30283,0.5
30284,0.5
30285,0.5
30286,0.5
30287,0.5
30288,0.5
30289,0.5
30290,0.5
30291,0.5
30292,0.5
30293,0.5
30294,0.5
30295,0.5
30296,0.5
30297,0.5
30298,0.5
30299,0.5
30300,0.5
30301,0.5
30302,0.5
30303,0.5
30304,0.5
30305,0.5
30306,0.5
30307,0.5
30308,0.5
30309,0.5
30310,0.5
30311,0.5
30312,0.5
30313,0.5
30314,0.5
30315,0.5
30316,0.5
30317,0.5
30318,0.5
30319,0.5
30320,0.5
30321,0.5
30322,0.5
30323,0.5
30324,0.5
30325,0.5
30326,0.5
30327,0.5
30328,0.5
30329,0.5
30330,0.5
30331,0.5
30332,0.5
30333,0.5
30334,0.5
30335,0.5
30336,0.5
30337,0.5
30338,0.5
30339,0.5
30340,0.5
30341,0.5
30342,0.5
30343,0.5
30344,0.5
30345,0.5
30346,0.5
30347,0.5
30348,0.5
30349,0.5
30350,0.5
30351,0.5
30352,0.5
30353,0.5
30354,0.5
30355,0.5
30356,0.5
30357,0.5
30358,0.5
30359,0.5
30360,0.5
30361,0.5
30362,0.5
30363,0.5
30364,0.5
30365,0.5
30366,0.5
30367,0.5
30368,0.5
30369,0.5
30370,0.5
30371,0.5
30372,0.5
30373,0.5
30374,0.5
30375,0.5
30376,0.5
30377,0.5
30378,0.5
30379,0.5
30380,0.5
30381,0.5
30382,0.5
30383,0.5
30384,0.5
30385,0.5
30386,0.5
30387,0.5
30388,0.5
30389,0.5
30390,0.5
30391,0.5
30392,0.5
30393,0.5
30394,0.5
30395,0.5
30396,0.5
30397,0.5
30398,0.5
30399,0.5
30400,0.5
30401,0.5
30402,0.5
30403,0.5
30404,0.5
30405,0.5
30406,0.5
30407,0.5
30408,0.5
30409,0.5
30410,0.5
30411,0.5
30412,0.5
30413,0.5
30414,0.5
30415,0.5
30416,0.5
30417,0.5
30418,0.5
30419,0.5
30420,0.5
30421,0.5
30422,0.5
30423,0.5
30424,0.5
30425,0.5
30426,0.5
30427,0.5
30428,0.5
30429,0.5
30430,0.5
30431,0.5
30432,0.5
30433,0.5
30434,0.5
30435,0.5
30436,0.5
30437,0.5
30438,0.5
30439,0.5
30440,0.5
30441,0.5
30442,0.5
30443,0.5
30444,0.5
30445,0.5
30446,0.5
30447,0.5
30448,0.5
30449,0.5
30450,0.5
30451,0.5
30452,0.5
30453,0.5
30454,0.5
30455,0.5
30456,0.5
30457,0.5
30458,0.5
30459,0.5
30460,0.5
30461,0.5
30462,0.5
30463,0.5
30464,0.5
30465,0.5
30466,0.5
30467,0.5
30468,0.5
30469,0.5
30470,0.5
30471,0.5
30472,0.5
30473,0.5
30474,0.5
30475,0.5
30476,0.5
30477,0.5
30478,0.5
30479,0.5
30480,0.5
30481,0.5
30482,0.5
30483,0.5
30484,0.5
30485,0.5
30486,0.5
30487,0.5
30488,0.5
30489,0.5
30490,0.5
30491,0.5
30492,0.5
30493,0.5
30494,0.5
30495,0.5
30496,0.5
30497,0.5
30498,0.5
30499,0.5
30500,0.5
30501,0.5
30502,0.5
30503,0.5
30504,0.5
30505,0.5
30506,0.5
30507,0.5
30508,0.5
30509,0.5
30510,0.5
30511,0.5
30512,0.5
30513,0.5
30514,0.5
30515,0.5
30516,0.5
30517,0.5
30518,0.5
30519,0.5
30520,0.7
30521,0.69751
30522,0.69502
30523,0.69253
30524,0.69004
30525,0.68755
30526,0.68506
30527,0.6825699999999999
30528,0.6800799999999999
30529,0.6775899999999999
30530,0.6750999999999999
30531,0.6726099999999999
30532,0.6701199999999999
30533,0.66763
30534,0.66514
30535,0.66265
30536,0.66016
30537,0.65767
30538,0.65518
30539,0.65269
30540,0.6502
30541,0.64771
30542,0.6452199999999999
30543,0.6427299999999999
30544,0.6402399999999999
30545,0.6377499999999999
30546,0.6352599999999999
30547,0.6327699999999999
30548,0.63028
30549,0.62779
30550,0.6253
30551,0.62281
30552,0.62032
30553,0.61783
30554,0.61534
30555,0.6128499999999999
30556,0.61036
30557,0.6078699999999999
30558,0.6053799999999999
30559,0.6028899999999999
30560,0.6003999999999999
30561,0.5979099999999999
30562,0.59542
30563,0.59293
30564,0.59044
30565,0.58795
30566,0.58546
30567,0.58297
30568,0.58048
30569,0.57799
30570,0.5754999999999999
30571,0.57301
30572,0.5705199999999999
30573,0.5680299999999999
30574,0.5655399999999999
30575,0.5630499999999999
30576,0.56056
30577,0.55807
30578,0.55558
30579,0.55309
30580,0.5506
30581,0.54811
30582,0.54562
30583,0.5431299999999999
30584,0.54064
30585,0.5381499999999999
30586,0.5356599999999999
30587,0.5331699999999999
30588,0.5306799999999999
30589,0.5281899999999999
30590,0.5257
30591,0.52321
30592,0.52072
30593,0.51823
30594,0.51574
30595,0.51325
30596,0.51076
30597,0.50827
30598,0.5057799999999999
30599,0.50329
30600,0.5007999999999999
30601,0.4983099999999999
30602,0.4958199999999999
30603,0.49332999999999994
30604,0.49083999999999994
30605,0.48834999999999995
30606,0.48585999999999996
30607,0.48336999999999997
30608,0.48088
30609,0.47839
30610,0.4759
30611,0.47340999999999994
30612,0.47091999999999995
30613,0.7
30614,0.697646
30615,0.6952919999999999
30616,0.6929379999999999
30617,0.690584
30618,0.68823
30619,0.6858759999999999
30620,0.683522
30621,0.681168
30622,0.6788139999999999
30623,0.67646
30624,0.674106
30625,0.6717519999999999
30626,0.6693979999999999
30627,0.667044
30628,0.66469
30629,0.6623359999999999
30630,0.659982
30631,0.657628
30632,0.6552739999999999
30633,0.65292
30634,0.650566
30635,0.648212
30636,0.6458579999999999
30637,0.643504
30638,0.64115
30639,0.6387959999999999
30640,0.636442
30641,0.634088
30642,0.6317339999999999
30643,0.6293799999999999
30644,0.627026
30645,0.6246719999999999
30646,0.6223179999999999
30647,0.619964
30648,0.61761
30649,0.6152559999999999
30650,0.612902
30651,0.610548
30652,0.6081939999999999
30653,0.6058399999999999
30654,0.603486
30655,0.601132
30656,0.5987779999999999
30657,0.596424
30658,0.59407
30659,0.5917159999999999
30660,0.5893619999999999
30661,0.587008
30662,0.584654
30663,0.5822999999999999
30664,0.579946
30665,0.5775919999999999
30666,0.5752379999999999
30667,0.572884
30668,0.57053
30669,0.568176
30670,0.5658219999999999
30671,0.563468
30672,0.5611139999999999
30673,0.5587599999999999
30674,0.556406
30675,0.554052
30676,0.5516979999999999
30677,0.5493439999999999
30678,0.54699
30679,0.5446359999999999
30680,0.5422819999999999
30681,0.539928
30682,0.537574
30683,0.5352199999999999
30684,0.532866
30685,0.5305119999999999
30686,0.5281579999999999
30687,0.5258039999999999
30688,0.52345
30689,0.521096
30690,0.5187419999999999
30691,0.516388
30692,0.5140339999999999
30693,0.5116799999999999
30694,0.509326
30695,0.506972
30696,0.5046179999999999
30697,0.5022639999999999
30698,0.49990999999999997
30699,0.49755599999999994
30700,0.4952019999999999
30701,0.49284799999999995
30702,0.49049399999999993
30703,0.4881399999999999
30704,0.48578599999999994
30705,0.483432
30706,0.48107799999999995
30707,0.4787239999999999
30708,0.47636999999999996
30709,0.47401599999999994
30710,0.4716619999999999
30711,0.46930799999999995
30712,0.4669539999999999
30713,0.4645999999999999
30714,0.46224599999999993
30715,0.45989199999999997
30716,0.45753799999999994
30717,0.4551839999999999
30718,0.45282999999999995
30719,0.45047599999999993
30720,0.4481219999999999
30721,0.44576799999999994
30722,0.4434139999999999
30723,0.44105999999999995
30724,0.43870599999999993
30725,0.43635199999999996
30726,0.43399799999999994
30727,0.4316439999999999
30728,0.42928999999999995
30729,0.4269359999999999
30730,0.42458199999999996
30731,0.42222799999999994
30732,0.4198739999999999
30733,0.41751999999999995
30734,0.4151659999999999
30735,0.41281199999999996
30736,0.41045799999999993
30737,0.4081039999999999
30738,0.40574999999999994
30739,0.4033959999999999
30740,0.40104199999999995
30741,0.39868799999999993
30742,0.3963339999999999
30743,0.39397999999999994
30744,0.3916259999999999
30745,0.38927199999999995
30746,0.38691799999999993
30747,0.3845639999999999
30748,0.38220999999999994
30749,0.3798559999999999
30750,0.37750199999999995
30751,0.3751479999999999
30752,0.3727939999999999
30753,0.37043999999999994
30754,0.3680859999999999
30755,0.36573199999999995
30756,0.3633779999999999
30757,0.3610239999999999
30758,0.35866999999999993
30759,0.3563159999999999
30760,0.35396199999999994
30761,0.3516079999999999
30762,0.34925399999999995
30763,0.34689999999999993
30764,0.3445459999999999
30765,0.34219199999999994
30766,0.3398379999999999
30767,0.33748399999999995
30768,0.33512999999999993
30769,0.3327759999999999
30770,0.33042199999999994
30771,0.3280679999999999
30772,0.32571399999999995
30773,0.3233599999999999
30774,0.3210059999999999
30775,0.31865199999999994
30776,0.3162979999999999
30777,0.31394399999999995
30778,0.3115899999999999
30779,0.3092359999999999
30780,0.30688199999999993
30781,0.3045279999999999
30782,0.30217399999999994
30783,0.2998199999999999
30784,0.4
30785,0.40700000000000003
30786,0.41400000000000003
30787,0.42100000000000004
30788,0.42800000000000005
30789,0.43500000000000005
30790,0.442
30791,0.449
30792,0.456
30793,0.463
30794,0.47000000000000003
30795,0.47700000000000004
30796,0.48400000000000004
30797,0.491
30798,0.498
30799,0.505
30800,0.512
30801,0.519
30802,0.526
30803,0.533
30804,0.54
30805,0.547
30806,0.554
30807,0.561
30808,0.5680000000000001
30809,0.5750000000000001
30810,0.5820000000000001
30811,0.589
30812,0.5960000000000001
30813,0.603
30814,0.61
30815,0.617
30816,0.624
30817,0.631
30818,0.638
30819,0.645
30820,0.652
30821,0.659
30822,0.666
30823,0.673
30824,0.68
30825,0.5
30826,0.5
30827,0.5
30828,0.5
30829,0.5
30830,0.5
30831,0.5
30832,0.5
30833,0.5
30834,0.5
30835,0.5
30836,0.5
30837,0.5
30838,0.5
30839,0.5
30840,0.5
30841,0.5
30842,0.5
30843,0.5
30844,0.5
30845,0.5
30846,0.5
30847,0.5
30848,0.5
30849,0.5
30850,0.5
30851,0.5
30852,0.5
30853,0.5
30854,0.5
30855,0.5
30856,0.5
30857,0.5
30858,0.5
30859,0.5
30860,0.5
30861,0.5
30862,0.5
30863,0.5
30864,0.5
30865,0.5
30866,0.5
30867,0.5
30868,0.5
30869,0.5
30870,0.5
30871,0.5
30872,0.5
30873,0.5
30874,0.5
30875,0.5
30876,0.5
30877,0.5
30878,0.5
30879,0.5
30880,0.5
30881,0.5
30882,0.5
30883,0.5
30884,0.5
30885,0.5
30886,0.5
30887,0.5
30888,0.5
30889,0.5
30890,0.5
30891,0.5
30892,0.5
30893,0.5
30894,0.5
30895,0.5
30896,0.5
30897,0.5
30898,0.5
30899,0.5
30900,0.5
30901,0.5
30902,0.5
30903,0.5
30904,0.5
30905,0.5
30906,0.5
30907,0.5
30908,0.5
30909,0.5
30910,0.5
30911,0.5
30912,0.5
30913,0.5
30914,0.5
30915,0.5
30916,0.5
30917,0.5
30918,0.5
30919,0.5
30920,0.5
30921,0.5
30922,0.5
30923,0.5
30924,0.5
30925,0.5
30926,0.5
30927,0.5
30928,0.5
30929,0.5
30930,0.5
30931,0.5
30932,0.5
30933,0.5
30934,0.5
30935,0.5
30936,0.5
30937,0.5
30938,0.5
30939,0.5
30940,0.5
30941,0.5
30942,0.5
30943,0.5
30944,0.5
30945,0.5
30946,0.5
30947,0.5
30948,0.5
30949,0.5
30950,0.5
30951,0.5
30952,0.5
30953,0.5
30954,0.5
30955,0.5
30956,0.5
30957,0.5
30958,0.5
30959,0.5
30960,0.5
30961,0.5
30962,0.5
30963,0.5
30964,0.5
30965,0.5
30966,0.5
30967,0.5
30968,0.5
30969,0.5
30970,0.5
30971,0.5
30972,0.5
30973,0.5
30974,0.5
30975,0.5
30976,0.5
30977,0.5
30978,0.5
30979,0.5
30980,0.5
30981,0.5
30982,0.5
30983,0.5
30984,0.5
30985,0.5
30986,0.5
30987,0.5
30988,0.5
30989,0.5
30990,0.5
30991,0.5
30992,0.5
30993,0.5
30994,0.5
30995,0.5
30996,0.5
30997,0.5
30998,0.5
30999,0.5
31000,0.5
31001,0.5
31002,0.5
31003,0.5
31004,0.5
31005,0.5
31006,0.5
31007,0.5
31008,0.5
31009,0.5
31010,0.5
31011,0.5
31012,0.5
31013,0.5
31014,0.5
31015,0.5
31016,0.5
31017,0.5
31018,0.5
31019,0.5
31020,0.5
31021,0.5
31022,0.5
31023,0.5
31024,0.5
31025,0.5
31026,0.5
31027,0.5
31028,0.5
31029,0.5
31030,0.5
31031,0.5
31032,0.5
31033,0.5
31034,0.5
31035,0.5
31036,0.5
31037,0.5
31038,0.5
31039,0.5
31040,0.5
31041,0.5
31042,0.5
31043,0.5
31044,0.5
31045,0.5
31046,0.5
31047,0.5
31048,0.5
31049,0.5
31050,0.5
31051,0.5
31052,0.5
31053,0.5
31054,0.5
31055,0.5
31056,0.5
31057,0.5
31058,0.5
31059,0.5
31060,0.5
31061,0.5
31062,0.5
31063,0.5
31064,0.5
31065,0.5
31066,0.5
31067,0.5
31068,0.5
31069,0.5
31070,0.5
31071,0.5
31072,0.5
31073,0.5
31074,0.5
31075,0.5
31076,0.5
31077,0.5
31078,0.5
31079,0.5
31080,0.5
31081,0.5
31082,0.5
31083,0.5
31084,0.5
31085,0.5
31086,0.5
31087,0.5
31088,0.5
31089,0.5
31090,0.5
31091,0.5
31092,0.5
31093,0.5
31094,0.5
31095,0.5
31096,0.5
31097,0.5
31098,0.5
31099,0.5
31100,0.5
31101,0.5
31102,0.5
31103,0.5
31104,0.5
31105,0.5
31106,0.5
31107,0.5
31108,0.5
31109,0.5
31110,0.5
31111,0.5
31112,0.5
31113,0.5
31114,0.5
31115,0.5
31116,0.5
31117,0.5
31118,0.5
31119,0.5
31120,0.5
31121,0.5
31122,0.5
31123,0.5
31124,0.5
31125,0.5
31126,0.5
31127,0.5
31128,0.5
31129,0.5
31130,0.5
31131,0.5
31132,0.5
31133,0.5
31134,0.5
31135,0.5
31136,0.5
31137,0.5
31138,0.5
31139,0.5
31140,0.5
31141,0.5
31142,0.5
31143,0.5
31144,0.5
31145,0.5
31146,0.5
31147,0.5
31148,0.5
31149,0.5
31150,0.5
31151,0.5
31152,0.5
31153,0.5
31154,0.5
31155,0.5
31156,0.5
31157,0.5
31158,0.5
31159,0.5
31160,0.5
31161,0.5
31162,0.5
31163,0.5
31164,0.5
31165,0.5
31166,0.5
31167,0.5
31168,0.5
31169,0.5
31170,0.5
31171,0.5
31172,0.5
31173,0.5
31174,0.5
31175,0.5
31176,0.5
31177,0.5
31178,0.5
31179,0.5
31180,0.5
31181,0.5
31182,0.5
31183,0.5
31184,0.5
31185,0.5
31186,0.5
31187,0.5
31188,0.5
31189,0.5
31190,0.5
31191,0.5
31192,0.5
31193,0.5
31194,0.5
31195,0.5
31196,0.5
31197,0.5
31198,0.5
31199,0.5
31200,0.5
31201,0.5
31202,0.5
31203,0.5
31204,0.5
31205,0.5
31206,0.5
31207,0.5
31208,0.5
31209,0.5
31210,0.5
31211,0.5
31212,0.5
31213,0.5
31214,0.5
31215,0.5
31216,0.5
31217,0.5
31218,0.5
31219,0.5
31220,0.5
31221,0.5
31222,0.5
31223,0.5
31224,0.5
31225,0.5
31226,0.5
31227,0.5
31228,0.5
31229,0.5
31230,0.5
31231,0.5
31232,0.5
31233,0.5
31234,0.5
31235,0.5
31236,0.5
31237,0.5
31238,0.5
31239,0.5
31240,0.5
31241,0.5
31242,0.5
31243,0.5
31244,0.5
31245,0.5
31246,0.5
31247,0.5
31248,0.5
31249,0.5
31250,0.5
31251,0.5
31252,0.5
31253,0.5
31254,0.5
31255,0.5
31256,0.5
31257,0.5
31258,0.5
31259,0.5
31260,0.5
31261,0.5
31262,0.6
31263,0.5992
31264,0.5983999999999999
31265,0.5976
31266,0.5968
31267,0.596
31268,0.5952
31269,0.5943999999999999
31270,0.5936
31271,0.5928
31272,0.592
31273,0.5912
31274,0.5903999999999999
31275,0.5896
31276,0.5888
31277,0.588
31278,0.5871999999999999
31279,0.5864
31280,0.5856
31281,0.5848
31282,0.584
31283,0.5831999999999999
31284,0.5824
31285,0.5816
31286,0.5808
31287,0.58
31288,0.5791999999999999
31289,0.5784
31290,0.5776
31291,0.5768
31292,0.576
31293,0.5751999999999999
31294,0.5744
31295,0.5736
31296,0.5728
31297,0.572
31298,0.5711999999999999
31299,0.5704
31300,0.5696
31301,0.5688
31302,0.568
31303,0.5671999999999999
31304,0.5664
31305,0.5656
31306,0.5648
31307,0.564
31308,0.5631999999999999
31309,0.5624
31310,0.5616
31311,0.5608
31312,0.5599999999999999
31313,0.5591999999999999
31314,0.5584
31315,0.5576
31316,0.5568
31317,0.5559999999999999
31318,0.5552
31319,0.5544
31320,0.5536
31321,0.5528
31322,0.5519999999999999
31323,0.5512
31324,0.5504
31325,0.5496
31326,0.5488
31327,0.5479999999999999
31328,0.5472
31329,0.5464
31330,0.5456
31331,0.5448
31332,0.5439999999999999
31333,0.5432
31334,0.5424
31335,0.5416
31336,0.5408
31337,0.5399999999999999
31338,0.5392
31339,0.5384
31340,0.5376
31341,0.5367999999999999
31342,0.536
31343,0.5352
31344,0.5344
31345,0.5336
31346,0.5327999999999999
31347,0.532
31348,0.5312
31349,0.5304
31350,0.5296
31351,0.5287999999999999
31352,0.528
31353,0.5272
31354,0.5264
31355,0.5256
31356,0.5247999999999999
31357,0.524
31358,0.5232
31359,0.5224
31360,0.5216
31361,0.5207999999999999
31362,0.52
31363,0.5192
31364,0.5184
31365,0.5176
31366,0.5167999999999999
31367,0.516
31368,0.5152
31369,0.5144
31370,0.5136
31371,0.5127999999999999
31372,0.512
31373,0.5112
31374,0.5104
31375,0.5095999999999999
31376,0.5087999999999999
31377,0.508
31378,0.5072
31379,0.5064
31380,0.5055999999999999
31381,0.5047999999999999
31382,0.504
31383,0.5032
31384,0.5024
31385,0.5015999999999999
31386,0.5007999999999999
31387,0.5
31388,0.4992
31389,0.49839999999999995
31390,0.4976
31391,0.49679999999999996
31392,0.496
31393,0.4952
31394,0.49439999999999995
31395,0.4936
31396,0.49279999999999996
31397,0.492
31398,0.49119999999999997
31399,0.49039999999999995
31400,0.4896
31401,0.48879999999999996
31402,0.488
31403,0.48719999999999997
31404,0.48639999999999994
31405,0.4856
31406,0.48479999999999995
31407,0.484
31408,0.48319999999999996
31409,0.48239999999999994
31410,0.4816
31411,0.4808
31412,0.48
31413,0.47919999999999996
31414,0.4784
31415,0.47759999999999997
31416,0.4768
31417,0.476
31418,0.47519999999999996
31419,0.47439999999999993
31420,0.47359999999999997
31421,0.4728
31422,0.472
31423,0.47119999999999995
31424,0.4704
31425,0.46959999999999996
31426,0.4688
31427,0.46799999999999997
31428,0.46719999999999995
31429,0.4664
31430,0.46559999999999996
31431,0.4648
31432,0.46399999999999997
31433,0.46319999999999995
31434,0.4624
31435,0.4616
31436,0.4608
31437,0.45999999999999996
31438,0.45919999999999994
31439,0.4584
31440,0.4576
31441,0.6
31442,0.5988785999999999
31443,0.5977572
31444,0.5966357999999999
31445,0.5955144
31446,0.594393
31447,0.5932716
31448,0.5921502
31449,0.5910288
31450,0.5899074
31451,0.588786
31452,0.5876646
31453,0.5865431999999999
31454,0.5854218
31455,0.5843003999999999
31456,0.583179
31457,0.5820576
31458,0.5809362
31459,0.5798148
31460,0.5786934
31461,0.577572
31462,0.5764505999999999
31463,0.5753292
31464,0.5742077999999999
31465,0.5730864
31466,0.571965
31467,0.5708436
31468,0.5697222
31469,0.5686008
31470,0.5674794
31471,0.566358
31472,0.5652366
31473,0.5641151999999999
31474,0.5629938
31475,0.5618723999999999
31476,0.560751
31477,0.5596296
31478,0.5585082
31479,0.5573868
31480,0.5562654
31481,0.555144
31482,0.5540225999999999
31483,0.5529012
31484,0.5517797999999999
31485,0.5506584
31486,0.5495369999999999
31487,0.5484156
31488,0.5472942
31489,0.5461728
31490,0.5450514
31491,0.54393
31492,0.5428086
31493,0.5416871999999999
31494,0.5405658
31495,0.5394443999999999
31496,0.538323
31497,0.5372016
31498,0.5360802
31499,0.5349588
31500,0.5338374
31501,0.532716
31502,0.5315946
31503,0.5304732
31504,0.5293517999999999
31505,0.5282304
31506,0.5271089999999999
31507,0.5259876
31508,0.5248662
31509,0.5237448
31510,0.5226234
31511,0.521502
31512,0.5203806
31513,0.5192592
31514,0.5181378
31515,0.5170163999999999
31516,0.515895
31517,0.5147735999999999
31518,0.5136522
31519,0.5125308
31520,0.5114094
31521,0.510288
31522,0.5091665999999999
31523,0.5080452
31524,0.5069238
31525,0.5058024
31526,0.5046809999999999
31527,0.5035596
31528,0.5024382
31529,0.5013168
31530,0.5001954
31531,0.49907399999999996
31532,0.49795259999999997
31533,0.4968312
31534,0.4957098
31535,0.4945884
31536,0.493467
31537,0.49234559999999994
31538,0.4912242
31539,0.49010279999999995
31540,0.48898139999999995
31541,0.48785999999999996
31542,0.48673859999999997
31543,0.48561719999999997
31544,0.4844958
31545,0.4833744
31546,0.482253
31547,0.4811316
31548,0.48001019999999994
31549,0.4788888
31550,0.47776739999999995
31551,0.47664599999999996
31552,0.47552459999999996
31553,0.47440319999999997
31554,0.4732818
31555,0.4721604
31556,0.471039
31557,0.46991759999999994
31558,0.4687962
31559,0.46767479999999995
31560,0.4665534
31561,0.46543199999999996
31562,0.46431059999999996
31563,0.46318919999999997
31564,0.4620678
31565,0.4609464
31566,0.459825
31567,0.4587036
31568,0.45758219999999994
31569,0.4564608
31570,0.45533939999999995
31571,0.454218
31572,0.45309659999999996
31573,0.45197519999999997
31574,0.45085379999999997
31575,0.4497324
31576,0.448611
31577,0.44748959999999993
31578,0.4463682
31579,0.44524679999999994
31580,0.4441254
31581,0.44300399999999995
31582,0.44188259999999996
31583,0.44076119999999996
31584,0.43963979999999997
31585,0.4385184
31586,0.437397
31587,0.4362756
31588,0.43515419999999994
31589,0.4340328
31590,0.43291139999999995
31591,0.43179
31592,0.43066859999999996
31593,0.42954719999999996
31594,0.42842579999999997
31595,0.4273044
31596,0.426183
31597,0.4250616
31598,0.4239402
31599,0.42281879999999994
31600,0.4216974
31601,0.42057599999999995
31602,0.4194546
31603,0.41833319999999996
31604,0.41721179999999997
31605,0.41609039999999997
31606,0.414969
31607,0.4138476
31608,0.41272619999999993
31609,0.4116048
31610,0.41048339999999994
31611,0.409362
31612,0.40824059999999995
31613,0.40711919999999996
31614,0.40599779999999996
31615,0.40487639999999997
31616,0.403755
31617,0.4026336
31618,0.4015122
31619,0.40039079999999994
31620,0.3992694
31621,0.39814799999999995
31622,0.3970266
31623,0.39590519999999996
31624,0.39478379999999996
31625,0.39366239999999997
31626,0.5
31627,0.499
31628,0.498
31629,0.497
31630,0.496
31631,0.495
31632,0.494
31633,0.493
31634,0.492
31635,0.491
31636,0.49
31637,0.489
31638,0.488
31639,0.487
31640,0.486
31641,0.485
31642,0.484
31643,0.483
31644,0.482
31645,0.481
31646,0.48
31647,0.479
31648,0.478
31649,0.477
31650,0.476
31651,0.475
31652,0.474
31653,0.473
31654,0.472
31655,0.471
31656,0.47
31657,0.469
31658,0.46799999999999997
31659,0.46699999999999997
31660,0.46599999999999997
31661,0.46499999999999997
31662,0.46399999999999997
31663,0.463
31664,0.462
31665,0.461
31666,0.46
31667,0.459
31668,0.458
31669,0.457
31670,0.456
31671,0.455
31672,0.454
31673,0.453
31674,0.452
31675,0.451
31676,0.45
31677,0.449
31678,0.448
31679,0.447
31680,0.446
31681,0.445
31682,0.444
31683,0.443
31684,0.442
31685,0.441
31686,0.44
31687,0.439
31688,0.438
31689,0.437
31690,0.436
31691,0.435
31692,0.434
31693,0.433
31694,0.432
31695,0.431
31696,0.43
31697,0.429
31698,0.428
31699,0.427
31700,0.426
31701,0.425
31702,0.424
31703,0.423
31704,0.422
31705,0.421
31706,0.42
31707,0.419
31708,0.418
31709,0.417
31710,0.416
31711,0.415
31712,0.414
31713,0.413
31714,0.41200000000000003
31715,0.41100000000000003
31716,0.41000000000000003
31717,0.40900000000000003
31718,0.40800000000000003
31719,0.40700000000000003
31720,0.406
31721,0.5
31722,0.5001271
31723,0.5002542
31724,0.5003813
31725,0.5005084
31726,0.5006355
31727,0.5007626
31728,0.5008897
31729,0.5010168
31730,0.5011439
31731,0.501271
31732,0.5013981
31733,0.5015252
31734,0.5016523
31735,0.5017794
31736,0.5019065
31737,0.5020336
31738,0.5021607
31739,0.5022878
31740,0.5024149
31741,0.502542
31742,0.5026691
31743,0.5027962
31744,0.5029233
31745,0.5030504
31746,0.5031775
31747,0.5033046
31748,0.5034317
31749,0.5035588
31750,0.5036859
31751,0.503813
31752,0.5039401
31753,0.5040672
31754,0.5041943
31755,0.5043214
31756,0.5044485
31757,0.5045756
31758,0.5047027
31759,0.5048298
31760,0.5049569
31761,0.505084
31762,0.5052111
31763,0.5053382
31764,0.5054653
31765,0.5055924
31766,0.5057195
31767,0.5058466
31768,0.5059737
31769,0.5061008
31770,0.5062279
31771,0.506355
31772,0.5064821
31773,0.5066092
31774,0.5067363
31775,0.5068634
31776,0.5069905
31777,0.5071176
31778,0.5072447
31779,0.5073718
31780,0.5074989
31781,0.507626
31782,0.5077531
31783,0.5078802
31784,0.5080073
31785,0.5081344
31786,0.5082615
31787,0.5083886
31788,0.5085157
31789,0.5086428
31790,0.5087699
31791,0.508897
31792,0.5090241
31793,0.5091512
31794,0.5092783
31795,0.5094054
31796,0.5095324999999999
31797,0.5096596
31798,0.5097867
31799,0.5099138
31800,0.5100409
31801,0.510168
31802,0.5102951
31803,0.5104222
31804,0.5105493
31805,0.5106764
31806,0.5108035
31807,0.5109306
31808,0.5110577
31809,0.5111848
31810,0.5113119
31811,0.511439
31812,0.5115661
31813,0.5116932
31814,0.5118203
31815,0.5119474
31816,0.5120745
31817,0.5122016
31818,0.5123287
31819,0.5124558
31820,0.5125829
31821,0.51271
31822,0.5128371
31823,0.5129642
31824,0.5130913
31825,0.5132184
31826,0.5133455
31827,0.5134726
31828,0.5135997
31829,0.5137268
31830,0.5138539
31831,0.513981
31832,0.5141081
31833,0.5142352
31834,0.5143623
31835,0.5144894
31836,0.5146165
31837,0.5147436
31838,0.5148707
31839,0.5149978
31840,0.5151249
31841,0.515252
31842,0.5153791
31843,0.5155062
31844,0.5156333
31845,0.5157604
31846,0.5158875
31847,0.5160146
31848,0.5161417
31849,0.5162688
31850,0.5163959
31851,0.516523
31852,0.5166501
31853,0.5167772
31854,0.5169043
31855,0.5170314
31856,0.5171585
31857,0.5172856
31858,0.5174127
31859,0.5175398
31860,0.5176669
31861,0.517794
31862,0.5179211
31863,0.5180482
31864,0.5181753
31865,0.5183024
31866,0.5184295
31867,0.5185566
31868,0.5186837
31869,0.5188108
31870,0.5189379
31871,0.519065
31872,0.5191921
31873,0.5193192
31874,0.5194463
31875,0.5195734
31876,0.5197005
31877,0.5198276
31878,0.5199547
31879,0.5200818
31880,0.5202089
31881,0.520336
31882,0.5204631
31883,0.5205902
31884,0.5207173
31885,0.5208444
31886,0.5209715
31887,0.5210986
31888,0.5212257
31889,0.5213528
31890,0.5214799
31891,0.521607
31892,0.5217341
31893,0.5218612
31894,0.5219883
31895,0.5221154
31896,0.5222424999999999
31897,0.5223696
31898,0.5224967
31899,0.5226238
31900,0.5227509
31901,0.522878
31902,0.5230051
31903,0.5231322
31904,0.5232593
31905,0.5233864
31906,0.5235135
31907,0.5236406
31908,0.5237677
31909,0.5238948
31910,0.5240219
31911,0.524149
31912,0.5242761
31913,0.5244032
31914,0.5245303
31915,0.5246574
31916,0.5247845
31917,0.5249116
31918,0.5250387
31919,0.5251658
31920,0.5252929
31921,0.52542
31922,0.5255471
31923,0.5256742
31924,0.5258013
31925,0.5259284
31926,0.5260555
31927,0.5261826000000001
31928,0.5263097
31929,0.5264368
31930,0.5265639
31931,0.526691
31932,0.5268181
31933,0.5269452
31934,0.5270723
31935,0.5271994
31936,0.5273265
31937,0.5274536
31938,0.5275807
31939,0.5277078
31940,0.5278349
31941,0.527962
31942,0.5280891
31943,0.5282162
31944,0.5283433
31945,0.5284704
31946,0.5285975
31947,0.5287246
31948,0.5288517
31949,0.5289788
31950,0.5291059
31951,0.529233
31952,0.5293601
31953,0.5294872
31954,0.5296143
31955,0.5297414
31956,0.5298685
31957,0.5299956
31958,0.5301227
31959,0.5302498
31960,0.5303769
31961,0.530504
31962,0.5306311
31963,0.5307582
31964,0.5308853
31965,0.5310124
31966,0.5311395
31967,0.5312666
31968,0.5313937
31969,0.5315208
31970,0.5316479
31971,0.531775
31972,0.5319021
31973,0.5320292
31974,0.5321563
31975,0.5322834
31976,0.5324105
31977,0.5325375999999999
31978,0.5326647
31979,0.5327918
31980,0.5329189
31981,0.533046
31982,0.5331731
31983,0.5333002
31984,0.5334273
31985,0.5335544
31986,0.5336815
31987,0.5338086
31988,0.5339357
31989,0.5340628
31990,0.5341899
31991,0.534317
31992,0.5344441
31993,0.5345712
31994,0.5346983
31995,0.5348254
31996,0.5349524999999999
31997,0.5350796
31998,0.5352067
31999,0.5353338
32000,0.5354609
32001,0.535588
32002,0.5357151
32003,0.5358422
32004,0.5359693
32005,0.5360964
32006,0.5362235
32007,0.5363506
32008,0.5364777000000001
32009,0.5366048
32010,0.5367319
32011,0.536859
32012,0.5369861
32013,0.5371132
32014,0.5372403
32015,0.5373674
32016,0.5374945
32017,0.5376216
32018,0.5377487
32019,0.5378758
32020,0.5380029
32021,0.53813
32022,0.5382571
32023,0.5383842
32024,0.5385113
32025,0.5386384
32026,0.5387655
32027,0.5388926
32028,0.5390197
32029,0.5391468
32030,0.5392739
32031,0.539401
32032,0.5395281
32033,0.5396552
32034,0.5397823
32035,0.5399094
32036,0.5400365
32037,0.5401636
32038,0.5402907
32039,0.5404178
32040,0.5405449
32041,0.540672
32042,0.5407991
32043,0.5409262
32044,0.5410533
32045,0.5411804
32046,0.5413075
32047,0.5414346
32048,0.5415617
32049,0.5416888
32050,0.5418159
32051,0.541943
32052,0.5420701
32053,0.5421972
32054,0.5423243
32055,0.5424514
32056,0.5425785
32057,0.5427056
32058,0.5428327
32059,0.5429598
32060,0.5430869
32061,0.543214
32062,0.5433411
32063,0.5434682
32064,0.5435953
32065,0.5437224
32066,0.5438495
32067,0.5439766
32068,0.5441037
32069,0.5442308
32070,0.5443579
32071,0.544485
32072,0.5446121
32073,0.5447392
32074,0.5448663
32075,0.5449934
32076,0.5451205
32077,0.5452475999999999
32078,0.5453747
32079,0.5455018
32080,0.5456289
32081,0.545756
32082,0.5458831
32083,0.5460102
32084,0.5461373
32085,0.5462644
32086,0.5463915
32087,0.5465186
32088,0.5466457
32089,0.5467728000000001
32090,0.5468999
32091,0.547027
32092,0.5471541
32093,0.5472812
32094,0.5474083
32095,0.5475354
32096,0.5476624999999999
32097,0.5477896
32098,0.5479167
32099,0.5480438
32100,0.5481709
32101,0.548298
32102,0.5484251
32103,0.5485522
32104,0.5486793
32105,0.5488064
32106,0.5489335
32107,0.5490606
32108,0.5491877000000001
32109,0.5493148
32110,0.5494419
32111,0.549569
32112,0.5496961
32113,0.5498232
32114,0.5499503
32115,0.5500774
32116,0.5502045
32117,0.5503316
32118,0.5504587
32119,0.5505858
32120,0.5507129
32121,0.55084
32122,0.5509671
32123,0.5510942
32124,0.5512213
32125,0.5513484
32126,0.5514755
32127,0.5516026
32128,0.5517297
32129,0.5518568
32130,0.5519839
32131,0.552111
32132,0.5522381
32133,0.5523652
32134,0.5524923
32135,0.5526194
32136,0.5527465
32137,0.5528736
32138,0.5530007
32139,0.5531278
32140,0.5532549
32141,0.553382
32142,0.5535091
32143,0.5536362
32144,0.5537633
32145,0.5538904
32146,0.5540175
32147,0.5541446
32148,0.5542717
32149,0.5543988
32150,0.5545259
32151,0.554653
32152,0.5547801
32153,0.5549072
32154,0.5550343
32155,0.5551614
32156,0.5552885
32157,0.5554156
32158,0.5555427
32159,0.4
32160,0.40379000000000004
32161,0.40758
32162,0.41137
32163,0.41516000000000003
32164,0.41895000000000004
32165,0.42274
32166,0.42653
32167,0.43032000000000004
32168,0.43411
32169,0.4379
32170,0.44169
32171,0.44548000000000004
32172,0.44927
32173,0.45306
32174,0.45685000000000003
32175,0.46064000000000005
32176,0.46443
32177,0.46822
32178,0.47201000000000004
32179,0.4758
32180,0.47959
32181,0.48338000000000003
32182,0.48717
32183,0.49096
32184,0.49475
32185,0.49854000000000004
32186,0.50233
32187,0.50612
32188,0.50991
32189,0.5137
32190,0.51749
32191,0.52128
32192,0.52507
32193,0.52886
32194,0.5326500000000001
32195,0.53644
32196,0.54023
32197,0.5440200000000001
32198,0.54781
32199,0.5516000000000001
32200,0.55539
32201,0.55918
32202,0.56297
32203,0.56676
32204,0.57055
32205,0.5743400000000001
32206,0.57813
32207,0.58192
32208,0.58571
32209,0.5895
32210,0.59329
32211,0.59708
32212,0.60087
32213,0.60466
32214,0.60845
32215,0.61224
32216,0.6160300000000001
32217,0.61982
32218,0.62361
32219,0.6274
32220,0.63119
32221,0.63498
32222,0.6387700000000001
32223,0.64256
32224,0.64635
32225,0.5
32226,0.5
32227,0.5
32228,0.5
32229,0.5
32230,0.5
32231,0.5
32232,0.5
32233,0.5
32234,0.5
32235,0.5
32236,0.5
32237,0.5
32238,0.5
32239,0.5
32240,0.5
32241,0.5
32242,0.5
32243,0.5
32244,0.5
32245,0.5
32246,0.5
32247,0.5
32248,0.5
32249,0.5
32250,0.5
32251,0.5
32252,0.5
32253,0.5
32254,0.5
32255,0.5
32256,0.5
32257,0.5
32258,0.5
32259,0.5
32260,0.5
32261,0.5
32262,0.5
32263,0.5
32264,0.5
32265,0.5
32266,0.5
32267,0.5
32268,0.5
32269,0.5
32270,0.5
32271,0.5
32272,0.5
32273,0.5
32274,0.5
32275,0.5
32276,0.5
32277,0.5
32278,0.5
32279,0.5
32280,0.5
32281,0.5
32282,0.5
32283,0.5
32284,0.5
32285,0.5
32286,0.5
32287,0.5
32288,0.5
32289,0.5
32290,0.5
32291,0.5
32292,0.5
32293,0.5
32294,0.5
32295,0.5
32296,0.5
32297,0.5
32298,0.5
32299,0.5
32300,0.5
32301,0.5
32302,0.5
32303,0.5
32304,0.5
32305,0.5
32306,0.5
32307,0.5
32308,0.5
32309,0.5
32310,0.5
32311,0.5
32312,0.5
32313,0.5
32314,0.5
32315,0.5
32316,0.5
32317,0.5
32318,0.5
32319,0.5
32320,0.5
32321,0.5
32322,0.5
32323,0.5
32324,0.5
32325,0.5
32326,0.5
32327,0.5
32328,0.5
32329,0.5
32330,0.5
32331,0.5
32332,0.5
32333,0.5
32334,0.5
32335,0.5
32336,0.5
32337,0.5
32338,0.5
32339,0.5
32340,0.5
32341,0.5
32342,0.5
32343,0.5
32344,0.5
32345,0.5
32346,0.5
32347,0.5
32348,0.5
32349,0.5
32350,0.5
32351,0.5
32352,0.5
32353,0.5
32354,0.5
32355,0.5
32356,0.5
32357,0.5
32358,0.5
32359,0.5
32360,0.5
32361,0.5
32362,0.5
32363,0.5
32364,0.5
32365,0.5
32366,0.5
32367,0.5
32368,0.5
32369,0.5
32370,0.5
32371,0.5
32372,0.5
32373,0.5
32374,0.5
32375,0.5
32376,0.5
32377,0.5
32378,0.5
32379,0.5
32380,0.5
32381,0.5
32382,0.5
32383,0.5
32384,0.5
32385,0.5
32386,0.5
32387,0.5
32388,0.5
32389,0.5
32390,0.5
32391,0.5
32392,0.5
32393,0.5
32394,0.5
32395,0.5
32396,0.5
32397,0.5
32398,0.5
32399,0.5
32400,0.5
32401,0.5
32402,0.5
32403,0.5
32404,0.5
32405,0.5
32406,0.5
32407,0.5
32408,0.5
32409,0.5
32410,0.5
32411,0.5
32412,0.5
32413,0.5
32414,0.5
32415,0.5
32416,0.5
32417,0.5
32418,0.5
32419,0.5
32420,0.5
32421,0.5
32422,0.5
32423,0.5
32424,0.5
32425,0.5
32426,0.5
32427,0.5
32428,0.5
32429,0.5
32430,0.5
32431,0.5
32432,0.5
32433,0.5
32434,0.5
32435,0.5
32436,0.5
32437,0.5
32438,0.5
32439,0.5
32440,0.5
32441,0.5
32442,0.5
32443,0.5
32444,0.5
32445,0.5
32446,0.5
32447,0.5
32448,0.5
32449,0.5
32450,0.5
32451,0.5
32452,0.5
32453,0.5
32454,0.5
32455,0.5
32456,0.5
32457,0.5
32458,0.5
32459,0.5
32460,0.5
32461,0.5
32462,0.5
32463,0.5
32464,0.5
32465,0.5
32466,0.5
32467,0.5
32468,0.5
32469,0.5
32470,0.5
32471,0.5
32472,0.5
32473,0.5
32474,0.5
32475,0.5
32476,0.5
32477,0.5
32478,0.5
32479,0.5
32480,0.5
32481,0.5
32482,0.5
32483,0.5
32484,0.5
32485,0.5
32486,0.5
32487,0.5
32488,0.5
32489,0.5
32490,0.5
32491,0.5
32492,0.5
32493,0.5
32494,0.5
32495,0.5
32496,0.5
32497,0.5
32498,0.5
32499,0.5
32500,0.5
32501,0.5
32502,0.5
32503,0.5
32504,0.5
32505,0.5
32506,0.5
32507,0.5
32508,0.5
32509,0.5
32510,0.5
32511,0.5
32512,0.5
32513,0.5
32514,0.5
32515,0.5
32516,0.5
32517,0.5
32518,0.5
32519,0.5
32520,0.5
32521,0.5
32522,0.5
32523,0.5
32524,0.5
32525,0.5
32526,0.5
32527,0.5
32528,0.5
32529,0.5
32530,0.5
32531,0.5
32532,0.5
32533,0.5
32534,0.5
32535,0.5
32536,0.5
32537,0.5
32538,0.5
32539,0.5
32540,0.5
32541,0.5
32542,0.5
32543,0.5
32544,0.5
32545,0.5
32546,0.5
32547,0.5
32548,0.5
32549,0.5
32550,0.5
32551,0.5
32552,0.5
32553,0.5
32554,0.5
32555,0.5
32556,0.5
32557,0.5
32558,0.5
32559,0.5
32560,0.5
32561,0.5
32562,0.5
32563,0.5
32564,0.5
32565,0.5
32566,0.5
32567,0.5
32568,0.5
32569,0.5
32570,0.5
32571,0.5
32572,0.5
32573,0.5
32574,0.5
32575,0.5
32576,0.5
32577,0.5
32578,0.5
32579,0.5
32580,0.5
32581,0.5
32582,0.5
32583,0.5
32584,0.5
32585,0.5
32586,0.5
32587,0.5
32588,0.5
32589,0.5
32590,0.5
32591,0.5
32592,0.5
32593,0.5
32594,0.5
32595,0.5
32596,0.5
32597,0.5
32598,0.4
32599,0.40195000000000003
32600,0.40390000000000004
32601,0.40585000000000004
32602,0.4078
32603,0.40975
32604,0.4117
32605,0.41365
32606,0.4156
32607,0.41755000000000003
32608,0.41950000000000004
32609,0.42145000000000005
32610,0.4234
32611,0.42535
32612,0.4273
32613,0.42925
32614,0.4312
32615,0.43315000000000003
32616,0.43510000000000004
32617,0.43705000000000005
32618,0.439
32619,0.44095
32620,0.4429
32621,0.44485
32622,0.44680000000000003
32623,0.44875000000000004
32624,0.4507
32625,0.45265
32626,0.4546
32627,0.45655
32628,0.4585
32629,0.46045
32630,0.46240000000000003
32631,0.46435000000000004
32632,0.46630000000000005
32633,0.46825
32634,0.4702
32635,0.47215
32636,0.4741
32637,0.47605000000000003
32638,0.47800000000000004
32639,0.47995
32640,0.4819
32641,0.48385
32642,0.4858
32643,0.48775
32644,0.4897
32645,0.49165000000000003
32646,0.49360000000000004
32647,0.49555000000000005
32648,0.4975
32649,0.49945
32650,0.5014000000000001
32651,0.50335
32652,0.5053
32653,0.50725
32654,0.5092
32655,0.51115
32656,0.5131
32657,0.51505
32658,0.517
32659,0.51895
32660,0.5209
32661,0.52285
32662,0.5248
32663,0.52675
32664,0.5287
32665,0.5306500000000001
32666,0.5326
32667,0.5345500000000001
32668,0.5365
32669,0.53845
32670,0.5404
32671,0.54235
32672,0.5443
32673,0.54625
32674,0.5482
32675,0.55015
32676,0.5521
32677,0.55405
32678,0.556
32679,0.55795
32680,0.5599000000000001
32681,0.56185
32682,0.5638000000000001
32683,0.56575
32684,0.5677
32685,0.56965
32686,0.5716
32687,0.57355
32688,0.5755
32689,0.57745
32690,0.5794
32691,0.58135
32692,0.5833
32693,0.58525
32694,0.5871999999999999
32695,0.5
32696,0.5
32697,0.5
32698,0.5
32699,0.5
32700,0.5
32701,0.5
32702,0.5
32703,0.5
32704,0.5
32705,0.5
32706,0.5
32707,0.5
32708,0.5
32709,0.5
32710,0.5
32711,0.5
32712,0.5
32713,0.5
32714,0.5
32715,0.5
32716,0.5
32717,0.5
32718,0.5
32719,0.5
32720,0.5
32721,0.5
32722,0.5
32723,0.5
32724,0.5
32725,0.5
32726,0.5
32727,0.5
32728,0.5
32729,0.5
32730,0.5
32731,0.5
32732,0.5
32733,0.5
32734,0.5
32735,0.5
32736,0.5
32737,0.5
32738,0.5
32739,0.5
32740,0.5
32741,0.5
32742,0.5
32743,0.5
32744,0.5
32745,0.5
32746,0.5
32747,0.5
32748,0.5
32749,0.5
32750,0.5
32751,0.5
32752,0.5
32753,0.5
32754,0.5
32755,0.5
32756,0.5
32757,0.5
32758,0.5
32759,0.5
32760,0.5
32761,0.5
32762,0.5
32763,0.5
32764,0.5
32765,0.5
32766,0.5
32767,0.5
32768,0.5
32769,0.5
32770,0.5
32771,0.5
32772,0.5
32773,0.5
32774,0.5
32775,0.5
32776,0.5
32777,0.5
32778,0.5
32779,0.5
32780,0.5
32781,0.5
32782,0.5
32783,0.5
32784,0.5
32785,0.5
32786,0.5
32787,0.5
32788,0.5
32789,0.5
32790,0.5
32791,0.5
32792,0.5
32793,0.5
32794,0.5
32795,0.5
32796,0.5
32797,0.5
32798,0.5
32799,0.5
32800,0.5
32801,0.5
32802,0.5
32803,0.5
32804,0.5
32805,0.5
32806,0.5
32807,0.5
32808,0.5
32809,0.5
32810,0.5
32811,0.5
32812,0.5
32813,0.5
32814,0.5
32815,0.5
32816,0.5
32817,0.5
32818,0.5
32819,0.5
32820,0.5
32821,0.5
32822,0.5
32823,0.5
32824,0.5
32825,0.5
32826,0.5
32827,0.5
32828,0.5
32829,0.5
32830,0.5
32831,0.5
32832,0.5
32833,0.5
32834,0.5
32835,0.5
32836,0.5
32837,0.5
32838,0.5
32839,0.5
32840,0.5
32841,0.5
32842,0.5
32843,0.5
32844,0.5
32845,0.5
32846,0.5
32847,0.5
32848,0.5
32849,0.5
32850,0.5
32851,0.5
32852,0.5
32853,0.5
32854,0.5
32855,0.5
32856,0.5
32857,0.5
32858,0.5
32859,0.5
32860,0.5
32861,0.5
32862,0.5
32863,0.5
32864,0.5
32865,0.5
32866,0.5
32867,0.5
32868,0.5
32869,0.5
32870,0.5
32871,0.5
32872,0.5
32873,0.5
32874,0.5
32875,0.5
32876,0.5
32877,0.5
32878,0.5
32879,0.5
32880,0.5
32881,0.5
32882,0.5
32883,0.5
32884,0.5
32885,0.5
32886,0.5
32887,0.5
32888,0.5
32889,0.5
32890,0.5
32891,0.5
32892,0.5
32893,0.5
32894,0.5
32895,0.5
32896,0.5
32897,0.5
32898,0.5
32899,0.5
32900,0.5
32901,0.5
32902,0.5
32903,0.5
32904,0.5
32905,0.5
32906,0.5
32907,0.5
32908,0.5
32909,0.5
32910,0.5
32911,0.5
32912,0.5
32913,0.5
32914,0.5
32915,0.5
32916,0.5
32917,0.5
32918,0.5
32919,0.5
32920,0.5
32921,0.5
32922,0.5
32923,0.5
32924,0.5
32925,0.5
32926,0.5
32927,0.5
32928,0.5
32929,0.5
32930,0.5
32931,0.5
32932,0.5
32933,0.5
32934,0.5
32935,0.5
32936,0.5
32937,0.5
32938,0.5
32939,0.5
32940,0.5
32941,0.5
32942,0.5
32943,0.5
32944,0.5
32945,0.5
32946,0.5
32947,0.5
32948,0.5
32949,0.5
32950,0.5
32951,0.5
32952,0.5
32953,0.5
32954,0.5
32955,0.5
32956,0.5
32957,0.5
32958,0.5
32959,0.5
32960,0.5
32961,0.5
32962,0.5
32963,0.5
32964,0.5
32965,0.5
32966,0.5
32967,0.5
32968,0.5
32969,0.5
32970,0.5
32971,0.5
32972,0.5
32973,0.5
32974,0.5
32975,0.5
32976,0.5
32977,0.5
32978,0.5
32979,0.5
32980,0.5
32981,0.5
32982,0.5
32983,0.5
32984,0.5
32985,0.5
32986,0.5
32987,0.5
32988,0.5
32989,0.5
32990,0.5
32991,0.5
32992,0.5
32993,0.5
32994,0.5
32995,0.5
32996,0.5
32997,0.5
32998,0.5
32999,0.5
33000,0.5
33001,0.5
33002,0.5
33003,0.5
33004,0.5
33005,0.5
33006,0.5
33007,0.5
33008,0.5
33009,0.5
33010,0.5
33011,0.5
33012,0.5
33013,0.5
33014,0.5
33015,0.5
33016,0.5
33017,0.5
33018,0.5
33019,0.5
33020,0.5
33021,0.5
33022,0.5
33023,0.5
33024,0.5
33025,0.5
33026,0.5
33027,0.5
33028,0.5
33029,0.5
33030,0.5
33031,0.5
33032,0.5
33033,0.5
33034,0.5
33035,0.5
33036,0.5
33037,0.5
33038,0.5
33039,0.5
33040,0.5
33041,0.5
33042,0.5
33043,0.5
33044,0.5
33045,0.5
33046,0.5
33047,0.5
33048,0.5
33049,0.5
33050,0.5
33051,0.5
33052,0.5
33053,0.5
33054,0.5
33055,0.5
33056,0.5
33057,0.5
33058,0.5
33059,0.5
33060,0.5
33061,0.5
33062,0.5
33063,0.5
33064,0.5
33065,0.5
33066,0.5
33067,0.5
33068,0.5
33069,0.5
33070,0.5
33071,0.5
33072,0.5
33073,0.5
33074,0.5
33075,0.5
33076,0.5
33077,0.5
33078,0.5
33079,0.5
33080,0.5
33081,0.5
33082,0.5
33083,0.5
33084,0.5
33085,0.5
33086,0.5
33087,0.5
33088,0.5
33089,0.5
33090,0.5
33091,0.5
33092,0.5
33093,0.5
33094,0.5
33095,0.5
33096,0.5
33097,0.5
33098,0.5
33099,0.5
33100,0.5
33101,0.5
33102,0.5
33103,0.5
33104,0.5
33105,0.5
33106,0.5
33107,0.5
33108,0.5
33109,0.5
33110,0.5
33111,0.5
33112,0.5
33113,0.5
33114,0.5
33115,0.5
33116,0.5
33117,0.5
33118,0.5
33119,0.5
33120,0.5
33121,0.5
33122,0.5
33123,0.5
33124,0.5
33125,0.5
33126,0.5
33127,0.5
33128,0.5
33129,0.5
33130,0.5
33131,0.5
33132,0.5
33133,0.5
33134,0.5
33135,0.5
33136,0.5
33137,0.5
33138,0.5
33139,0.5
33140,0.5
33141,0.5
33142,0.5
33143,0.5
33144,0.5
33145,0.5
33146,0.5
33147,0.5
33148,0.5
33149,0.5
33150,0.5
33151,0.5
33152,0.5
33153,0.5
33154,0.5
33155,0.5
33156,0.5
33157,0.5
33158,0.5
33159,0.5
33160,0.5
33161,0.5
33162,0.5
33163,0.5
33164,0.5
33165,0.5
33166,0.5
33167,0.5
33168,0.5
33169,0.5
33170,0.5
33171,0.5
33172,0.5
33173,0.5
33174,0.5
33175,0.5
33176,0.5
33177,0.5
33178,0.4
33179,0.4007115
33180,0.40142300000000003
33181,0.4021345
33182,0.40284600000000004
33183,0.4035575
33184,0.40426900000000004
33185,0.4049805
33186,0.405692
33187,0.40640350000000003
33188,0.407115
33189,0.40782650000000004
33190,0.408538
33191,0.40924950000000004
33192,0.409961
33193,0.4106725
33194,0.411384
33195,0.4120955
33196,0.41280700000000004
33197,0.4135185
33198,0.41423000000000004
33199,0.4149415
33200,0.41565300000000005
33201,0.4163645
33202,0.417076
33203,0.41778750000000003
33204,0.418499
33205,0.41921050000000004
33206,0.419922
33207,0.4206335
33208,0.421345
33209,0.4220565
33210,0.42276800000000003
33211,0.4234795
33212,0.42419100000000004
33213,0.4249025
33214,0.42561400000000005
33215,0.4263255
33216,0.427037
33217,0.42774850000000003
33218,0.42846
33219,0.42917150000000004
33220,0.429883
33221,0.43059450000000005
33222,0.431306
33223,0.4320175
33224,0.43272900000000003
33225,0.4334405
33226,0.43415200000000004
33227,0.4348635
33228,0.43557500000000005
33229,0.4362865
33230,0.436998
33231,0.43770950000000003
33232,0.438421
33233,0.43913250000000004
33234,0.439844
33235,0.44055550000000004
33236,0.441267
33237,0.44197850000000005
33238,0.44269000000000003
33239,0.4434015
33240,0.44411300000000004
33241,0.4448245
33242,0.44553600000000004
33243,0.4462475
33244,0.446959
33245,0.4476705
33246,0.448382
33247,0.44909350000000003
33248,0.449805
33249,0.45051650000000004
33250,0.451228
33251,0.45193950000000005
33252,0.452651
33253,0.4533625
33254,0.45407400000000003
33255,0.4547855
33256,0.45549700000000004
33257,0.4562085
33258,0.45692
33259,0.4576315
33260,0.458343
33261,0.45905450000000003
33262,0.459766
33263,0.46047750000000004
33264,0.461189
33265,0.46190050000000005
33266,0.462612
33267,0.4633235
33268,0.46403500000000003
33269,0.4647465
33270,0.46545800000000004
33271,0.4661695
33272,0.466881
33273,0.4675925
33274,0.46830400000000005
33275,0.46901550000000003
33276,0.469727
33277,0.47043850000000004
33278,0.47115
33279,0.47186150000000004
33280,0.472573
33281,0.4732845
33282,0.47399600000000003
33283,0.4747075
33284,0.47541900000000004
33285,0.4761305
33286,0.476842
33287,0.4775535
33288,0.47826500000000005
33289,0.4789765
33290,0.479688
33291,0.48039950000000003
33292,0.481111
33293,0.48182250000000004
33294,0.482534
33295,0.4832455
33296,0.483957
33297,0.4846685
33298,0.48538000000000003
33299,0.4860915
33300,0.48680300000000004
33301,0.4875145
33302,0.48822600000000005
33303,0.4889375
33304,0.489649
33305,0.49036050000000003
33306,0.491072
33307,0.49178350000000004
33308,0.492495
33309,0.4932065
33310,0.493918
33311,0.49462950000000006
33312,0.49534100000000003
33313,0.4960525
33314,0.49676400000000004
33315,0.4974755
33316,0.49818700000000005
33317,0.4988985
33318,0.49961
33319,0.5003215
33320,0.5010330000000001
33321,0.5017445
33322,0.502456
33323,0.5031675
33324,0.503879
33325,0.5045905
33326,0.505302
33327,0.5060135
33328,0.506725
33329,0.5074365000000001
33330,0.508148
33331,0.5088595
33332,0.509571
33333,0.5102825
33334,0.5109940000000001
33335,0.5117055
33336,0.512417
33337,0.5131285
33338,0.5138400000000001
33339,0.5145515
33340,0.515263
33341,0.5159745
33342,0.516686
33343,0.5173975000000001
33344,0.518109
33345,0.5188205
33346,0.519532
33347,0.5202435000000001
33348,0.5209550000000001
33349,0.5216665
33350,0.522378
33351,0.5230895
33352,0.523801
33353,0.5245125
33354,0.525224
33355,0.5259355
33356,0.5266470000000001
33357,0.5273585000000001
33358,0.52807
33359,0.5287815
33360,0.529493
33361,0.5302045
33362,0.530916
33363,0.5316275
33364,0.532339
33365,0.5330505
33366,0.5337620000000001
33367,0.5344735
33368,0.535185
33369,0.4
33370,0.4028331
33371,0.40566620000000003
33372,0.4084993
33373,0.41133240000000004
33374,0.4141655
33375,0.4169986
33376,0.41983170000000003
33377,0.4226648
33378,0.42549790000000004
33379,0.428331
33380,0.43116410000000005
33381,0.4339972
33382,0.4368303
33383,0.43966340000000004
33384,0.4424965
33385,0.4453296
33386,0.4481627
33387,0.4509958
33388,0.45382890000000004
33389,0.456662
33390,0.45949510000000005
33391,0.4623282
33392,0.4651613
33393,0.46799440000000003
33394,0.4708275
33395,0.4736606
33396,0.4764937
33397,0.47932680000000005
33398,0.48215990000000003
33399,0.484993
33400,0.48782610000000004
33401,0.4906592
33402,0.4934923
33403,0.4963254
33404,0.4991585
33405,0.5019916
33406,0.5048247
33407,0.5076578
33408,0.5104909
33409,0.513324
33410,0.5161571
33411,0.5189902
33412,0.5218233
33413,0.5246564
33414,0.5274895000000001
33415,0.5303226
33416,0.5331557
33417,0.5359888
33418,0.5388219000000001
33419,0.541655
33420,0.5444881
33421,0.5473212000000001
33422,0.5501543
33423,0.5529874
33424,0.5558205
33425,0.5586536
33426,0.5614867
33427,0.5643198
33428,0.5671529
33429,0.569986
33430,0.5728191
33431,0.5756522
33432,0.5784853
33433,0.5813184
33434,0.5841515
33435,0.5869846000000001
33436,0.5898177
33437,0.5926508
33438,0.5954839000000001
33439,0.5
33440,0.5
33441,0.5
33442,0.5
33443,0.5
33444,0.5
33445,0.5
33446,0.5
33447,0.5
33448,0.5
33449,0.5
33450,0.5
33451,0.5
33452,0.5
33453,0.5
33454,0.5
33455,0.5
33456,0.5
33457,0.5
33458,0.5
33459,0.5
33460,0.5
33461,0.5
33462,0.5
33463,0.5
33464,0.5
33465,0.5
33466,0.5
33467,0.5
33468,0.5
33469,0.5
33470,0.5
33471,0.5
33472,0.5
33473,0.5
33474,0.5
33475,0.5
33476,0.5
33477,0.5
33478,0.5
33479,0.5
33480,0.5
33481,0.5
33482,0.5
33483,0.5
33484,0.5
33485,0.5
33486,0.5
33487,0.5
33488,0.5
33489,0.5
33490,0.5
33491,0.5
33492,0.5
33493,0.5
33494,0.5
33495,0.5
33496,0.5
33497,0.5
33498,0.5
33499,0.5
33500,0.5
33501,0.5
33502,0.5
33503,0.5
33504,0.5
33505,0.5
33506,0.5
33507,0.5
33508,0.5
33509,0.5
33510,0.5
33511,0.5
33512,0.5
33513,0.5
33514,0.5
33515,0.5
33516,0.5
33517,0.5
33518,0.5
33519,0.5
33520,0.5
33521,0.5
33522,0.5
33523,0.5
33524,0.5
33525,0.5
33526,0.5
33527,0.5
33528,0.5
33529,0.5
33530,0.5
33531,0.5
33532,0.5
33533,0.5
33534,0.5
33535,0.5
33536,0.5
33537,0.5
33538,0.5
33539,0.5
33540,0.5
33541,0.5
33542,0.5
33543,0.5
33544,0.5
33545,0.5
33546,0.5
33547,0.5
33548,0.5
33549,0.5
33550,0.5
33551,0.5
33552,0.5
33553,0.5
33554,0.5
33555,0.5
33556,0.5
33557,0.5
33558,0.5
33559,0.5
33560,0.5
33561,0.5
33562,0.5
33563,0.5
33564,0.5
33565,0.5
33566,0.5
33567,0.5
33568,0.5
33569,0.5
33570,0.5
33571,0.5
33572,0.5
33573,0.5
33574,0.5
33575,0.5
33576,0.5
33577,0.5
33578,0.5
33579,0.5
33580,0.5
33581,0.5
33582,0.5
33583,0.6
33584,0.5990599999999999
33585,0.59812
33586,0.5971799999999999
33587,0.59624
33588,0.5952999999999999
33589,0.59436
33590,0.59342
33591,0.59248
33592,0.59154
33593,0.5906
33594,0.58966
33595,0.58872
33596,0.58778
33597,0.58684
33598,0.5859
33599,0.5849599999999999
33600,0.58402
33601,0.5830799999999999
33602,0.58214
33603,0.5811999999999999
33604,0.58026
33605,0.57932
33606,0.57838
33607,0.57744
33608,0.5765
33609,0.57556
33610,0.57462
33611,0.57368
33612,0.57274
33613,0.5718
33614,0.5708599999999999
33615,0.56992
33616,0.5689799999999999
33617,0.56804
33618,0.5670999999999999
33619,0.56616
33620,0.56522
33621,0.56428
33622,0.56334
33623,0.5624
33624,0.56146
33625,0.56052
33626,0.55958
33627,0.55864
33628,0.5577
33629,0.5567599999999999
33630,0.55582
33631,0.5548799999999999
33632,0.55394
33633,0.5529999999999999
33634,0.55206
33635,0.5511199999999999
33636,0.55018
33637,0.54924
33638,0.5483
33639,0.54736
33640,0.54642
33641,0.54548
33642,0.54454
33643,0.5436
33644,0.54266
33645,0.54172
33646,0.54078
33647,0.53984
33648,0.5388999999999999
33649,0.53796
33650,0.5370199999999999
33651,0.53608
33652,0.53514
33653,0.5342
33654,0.53326
33655,0.53232
33656,0.53138
33657,0.53044
33658,0.5295
33659,0.5285599999999999
33660,0.52762
33661,0.52668
33662,0.52574
33663,0.5247999999999999
33664,0.52386
33665,0.5229199999999999
33666,0.52198
33667,0.52104
33668,0.5201
33669,0.51916
33670,0.51822
33671,0.51728
33672,0.51634
33673,0.5154
33674,0.51446
33675,0.51352
33676,0.51258
33677,0.51164
33678,0.5106999999999999
33679,0.50976
33680,0.5088199999999999
33681,0.50788
33682,0.50694
33683,0.506
33684,0.50506
33685,0.50412
33686,0.50318
33687,0.50224
33688,0.5013
33689,0.50036
33690,0.49942
33691,0.49848
33692,0.49754
33693,0.4966
33694,0.49566
33695,0.49472
33696,0.49378
33697,0.49284
33698,0.4919
33699,0.49095999999999995
33700,0.49002
33701,0.48907999999999996
33702,0.48813999999999996
33703,0.48719999999999997
33704,0.48625999999999997
33705,0.48532
33706,0.48438
33707,0.48344
33708,0.4825
33709,0.48156
33710,0.48062
33711,0.47968
33712,0.47874
33713,0.4778
33714,0.47685999999999995
33715,0.47592
33716,0.47497999999999996
33717,0.47404
33718,0.47309999999999997
33719,0.47215999999999997
33720,0.47121999999999997
33721,0.47028
33722,0.46934
33723,0.4684
33724,0.46746
33725,0.46652
33726,0.46558
33727,0.46463999999999994
33728,0.4637
33729,0.46275999999999995
33730,0.46182
33731,0.46087999999999996
33732,0.45994
33733,0.45899999999999996
33734,0.45806
33735,0.45711999999999997
33736,0.45618
33737,0.45524
33738,0.4543
33739,0.45336
33740,0.45242
33741,0.45148
33742,0.45054
33743,0.4496
33744,0.44865999999999995
33745,0.44772
33746,0.44677999999999995
33747,0.44584
33748,0.44489999999999996
33749,0.44396
33750,0.44301999999999997
33751,0.44208
33752,0.44114
33753,0.4402
33754,0.43926
33755,0.43832
33756,0.43738
33757,0.43644
33758,0.4355
33759,0.43455999999999995
33760,0.43362
33761,0.43267999999999995
33762,0.43174
33763,0.43079999999999996
33764,0.5
33765,0.4997651
33766,0.4995302
33767,0.4992953
33768,0.4990604
33769,0.4988255
33770,0.4985906
33771,0.4983557
33772,0.4981208
33773,0.4978859
33774,0.497651
33775,0.4974161
33776,0.4971812
33777,0.4969463
33778,0.4967114
33779,0.4964765
33780,0.4962416
33781,0.4960067
33782,0.4957718
33783,0.4955369
33784,0.495302
33785,0.4950671
33786,0.4948322
33787,0.4945973
33788,0.4943624
33789,0.4941275
33790,0.4938926
33791,0.4936577
33792,0.4934228
33793,0.4931879
33794,0.492953
33795,0.4927181
33796,0.4924832
33797,0.4922483
33798,0.4920134
33799,0.4917785
33800,0.4915436
33801,0.4913087
33802,0.4910738
33803,0.4908389
33804,0.490604
33805,0.4903691
33806,0.4901342
33807,0.4898993
33808,0.4896644
33809,0.4894295
33810,0.4891946
33811,0.4889597
33812,0.4887248
33813,0.4884899
33814,0.488255
33815,0.4880201
33816,0.4877852
33817,0.4875503
33818,0.4873154
33819,0.4870805
33820,0.4868456
33821,0.4866107
33822,0.4863758
33823,0.4861409
33824,0.485906
33825,0.4856711
33826,0.4854362
33827,0.4852013
33828,0.4849664
33829,0.4847315
33830,0.4844966
33831,0.4842617
33832,0.4840268
33833,0.4837919
33834,0.483557
33835,0.4833221
33836,0.4830872
33837,0.4828523
33838,0.4826174
33839,0.4823825
33840,0.4821476
33841,0.48191269999999997
33842,0.4816778
33843,0.4814429
33844,0.481208
33845,0.4809731
33846,0.4807382
33847,0.4805033
33848,0.4802684
33849,0.4800335
33850,0.4797986
33851,0.4795637
33852,0.4793288
33853,0.4790939
33854,0.478859
33855,0.4786241
33856,0.4783892
33857,0.4781543
33858,0.4779194
33859,0.4776845
33860,0.47744960000000003
33861,0.4772147
33862,0.4769798
33863,0.4767449
33864,0.47651
33865,0.4762751
33866,0.4760402
33867,0.4758053
33868,0.4755704
33869,0.4753355
33870,0.4751006
33871,0.4748657
33872,0.4746308
33873,0.4743959
33874,0.474161
33875,0.4739261
33876,0.4736912
33877,0.4734563
33878,0.4732214
33879,0.4729865
33880,0.4727516
33881,0.4725167
33882,0.4722818
33883,0.4720469
33884,0.471812
33885,0.4715771
33886,0.4713422
33887,0.4711073
33888,0.4708724
33889,0.4706375
33890,0.4704026
33891,0.4701677
33892,0.4699328
33893,0.4696979
33894,0.469463
33895,0.4692281
33896,0.4689932
33897,0.4687583
33898,0.4685234
33899,0.4682885
33900,0.4680536
33901,0.46781870000000003
33902,0.4675838
33903,0.4673489
33904,0.46711400000000003
33905,0.4668791
33906,0.4666442
33907,0.4664093
33908,0.4661744
33909,0.4659395
33910,0.4657046
33911,0.4654697
33912,0.4652348
33913,0.4649999
33914,0.464765
33915,0.4645301
33916,0.4642952
33917,0.4640603
33918,0.4638254
33919,0.4635905
33920,0.4633556
33921,0.4631207
33922,0.4628858
33923,0.4626509
33924,0.462416
33925,0.4621811
33926,0.4619462
33927,0.4617113
33928,0.4614764
33929,0.46124149999999997
33930,0.4610066
33931,0.4607717
33932,0.4605368
33933,0.4603019
33934,0.460067
33935,0.4598321
33936,0.4595972
33937,0.4593623
33938,0.4591274
33939,0.4588925
33940,0.4586576
33941,0.4584227
33942,0.4581878
33943,0.4579529
33944,0.457718
33945,0.45748310000000003
33946,0.4572482
33947,0.4570133
33948,0.45677840000000003
33949,0.4565435
33950,0.6
33951,0.5984425999999999
33952,0.5968852
33953,0.5953278
33954,0.5937704
33955,0.592213
33956,0.5906556
33957,0.5890982
33958,0.5875408
33959,0.5859833999999999
33960,0.584426
33961,0.5828686
33962,0.5813112
33963,0.5797538
33964,0.5781963999999999
33965,0.576639
33966,0.5750816
33967,0.5735241999999999
33968,0.5719668
33969,0.5704094
33970,0.568852
33971,0.5672946
33972,0.5657371999999999
33973,0.5641798
33974,0.5626224
33975,0.5610649999999999
33976,0.5595076
33977,0.5579502
33978,0.5563928
33979,0.5548354
33980,0.5532779999999999
33981,0.5517206
33982,0.5501632
33983,0.5486058
33984,0.5470484
33985,0.545491
33986,0.5439336
33987,0.5423762
33988,0.5408187999999999
33989,0.5392614
33990,0.537704
33991,0.5361465999999999
33992,0.5345892
33993,0.5330318
33994,0.5314744
33995,0.529917
33996,0.5283595999999999
33997,0.5268022
33998,0.5252448
33999,0.5236874
34000,0.52213
34001,0.5205725999999999
34002,0.5190152
34003,0.5174578
34004,0.5159004
34005,0.514343
34006,0.5127856
34007,0.5112282
34008,0.5096708
34009,0.5081133999999999
34010,0.506556
34011,0.5049986
34012,0.5034411999999999
34013,0.5018838
34014,0.5003264
34015,0.49876899999999996
34016,0.4972116
34017,0.4956542
34018,0.4940968
34019,0.49253939999999996
34020,0.490982
34021,0.4894246
34022,0.48786719999999995
34023,0.48630979999999996
34024,0.48475239999999997
34025,0.483195
34026,0.4816376
34027,0.48008019999999996
34028,0.47852279999999997
34029,0.4769654
34030,0.47540799999999994
34031,0.4738506
34032,0.47229319999999997
34033,0.4707358
34034,0.4691784
34035,0.46762099999999995
34036,0.46606359999999997
34037,0.4645062
34038,0.46294879999999994
34039,0.4613914
34040,0.45983399999999996
34041,0.4582766
34042,0.4567192
34043,0.45516179999999995
34044,0.45360439999999996
34045,0.452047
34046,0.4504896
34047,0.4489322
34048,0.5
34049,0.5
34050,0.5
34051,0.5
34052,0.5
34053,0.5
34054,0.5
34055,0.5
34056,0.5
34057,0.5
34058,0.5
34059,0.5
34060,0.5
34061,0.5
34062,0.5
34063,0.5
34064,0.5
34065,0.5
34066,0.5
34067,0.5
34068,0.5
34069,0.5
34070,0.5
34071,0.5
34072,0.5
34073,0.5
34074,0.5
34075,0.5
34076,0.5
34077,0.5
34078,0.5
34079,0.5
34080,0.5
34081,0.5
34082,0.5
34083,0.5
34084,0.5
34085,0.5
34086,0.5
34087,0.5
34088,0.5
34089,0.5
34090,0.5
34091,0.5
34092,0.5
34093,0.5
34094,0.5
34095,0.5
34096,0.5
34097,0.5
34098,0.5
34099,0.5
34100,0.5
34101,0.5
34102,0.5
34103,0.5
34104,0.5
34105,0.5
34106,0.5
34107,0.5
34108,0.5
34109,0.5
34110,0.5
34111,0.5
34112,0.5
34113,0.5
34114,0.5
34115,0.5
34116,0.5
34117,0.5
34118,0.5
34119,0.5
34120,0.5
34121,0.5
34122,0.5
34123,0.5
34124,0.5
34125,0.5
34126,0.5
34127,0.5
34128,0.5
34129,0.5
34130,0.5
34131,0.5
34132,0.5
34133,0.5
34134,0.5
34135,0.5
34136,0.5
34137,0.5
34138,0.5
34139,0.5
34140,0.5
34141,0.5
34142,0.5
34143,0.5
34144,0.5
34145,0.5
34146,0.5
34147,0.5
34148,0.5
34149,0.5
34150,0.5
34151,0.5
34152,0.5
34153,0.5
34154,0.5
34155,0.5
34156,0.5
34157,0.5
34158,0.5
34159,0.5
34160,0.5
34161,0.5
34162,0.5
34163,0.5
34164,0.5
34165,0.5
34166,0.5
34167,0.5
34168,0.5
34169,0.5
34170,0.5
34171,0.5
34172,0.5
34173,0.5
34174,0.5
34175,0.5
34176,0.5
34177,0.5
34178,0.5
34179,0.5
34180,0.5
34181,0.5
34182,0.5
34183,0.5
34184,0.5
34185,0.5
34186,0.5
34187,0.5
34188,0.5
34189,0.5
34190,0.5
34191,0.5
34192,0.5
34193,0.5
34194,0.5
34195,0.5
34196,0.5
34197,0.5
34198,0.5
34199,0.5
34200,0.5
34201,0.5
34202,0.5
34203,0.5
34204,0.5
34205,0.5
34206,0.5
34207,0.5
34208,0.5
34209,0.5
34210,0.5
34211,0.5
34212,0.5
34213,0.5
34214,0.5
34215,0.5
34216,0.5
34217,0.5
34218,0.5
34219,0.5
34220,0.5
34221,0.5
34222,0.5
34223,0.5
34224,0.5
34225,0.5
34226,0.5
34227,0.5
34228,0.5
34229,0.5
34230,0.5
34231,0.5
34232,0.5
34233,0.5
34234,0.5
34235,0.5
34236,0.5
34237,0.5
34238,0.5
34239,0.5
34240,0.5
34241,0.5
34242,0.5
34243,0.5
34244,0.5
34245,0.5
34246,0.5
34247,0.5
34248,0.5
34249,0.5
34250,0.5
34251,0.5
34252,0.5
34253,0.5
34254,0.5
34255,0.5
34256,0.5
34257,0.5
34258,0.5
34259,0.5
34260,0.5
34261,0.5
34262,0.5
34263,0.5
34264,0.5
34265,0.5
34266,0.5
34267,0.5
34268,0.5
34269,0.5
34270,0.5
34271,0.5
34272,0.5
34273,0.5
34274,0.5
34275,0.5
34276,0.5
34277,0.5
34278,0.5
34279,0.5
34280,0.5
34281,0.5
34282,0.5
34283,0.5
34284,0.5
34285,0.5
34286,0.5
34287,0.5
34288,0.5
34289,0.5
34290,0.5
34291,0.5
34292,0.5
34293,0.5
34294,0.5
34295,0.5
34296,0.5
34297,0.5
34298,0.5
34299,0.5
34300,0.5
34301,0.5
34302,0.5
34303,0.5
34304,0.5
34305,0.5
34306,0.5
34307,0.5
34308,0.5
34309,0.5
34310,0.5
34311,0.5
34312,0.5
34313,0.5
34314,0.5
34315,0.5
34316,0.5
34317,0.5
34318,0.5
34319,0.5
34320,0.5
34321,0.5
34322,0.5
34323,0.5
34324,0.5
34325,0.5
34326,0.5
34327,0.5
34328,0.5
34329,0.5
34330,0.5
34331,0.5
34332,0.5
34333,0.5
34334,0.5
34335,0.5
34336,0.5
34337,0.5
34338,0.5
34339,0.5
34340,0.5
34341,0.5
34342,0.5
34343,0.5
34344,0.5
34345,0.5
34346,0.5
34347,0.5
34348,0.5
34349,0.5
34350,0.5
34351,0.5
34352,0.5
34353,0.5
34354,0.5
34355,0.5
34356,0.5
34357,0.5
34358,0.5
34359,0.5
34360,0.5
34361,0.5
34362,0.5
34363,0.5
34364,0.5
34365,0.5
34366,0.5
34367,0.5
34368,0.5
34369,0.5
34370,0.5
34371,0.5
34372,0.5
34373,0.5
34374,0.5
34375,0.5
34376,0.5
34377,0.5
34378,0.5
34379,0.5
34380,0.5
34381,0.5
34382,0.5
34383,0.5
34384,0.5
34385,0.5
34386,0.5
34387,0.5
34388,0.5
34389,0.5
34390,0.5
34391,0.5
34392,0.5
34393,0.5
34394,0.5
34395,0.5
34396,0.5
34397,0.5
34398,0.5
34399,0.5
34400,0.5
34401,0.5
34402,0.5
34403,0.5
34404,0.5
34405,0.5
34406,0.5
34407,0.5
34408,0.5
34409,0.5
34410,0.5
34411,0.5
34412,0.5
34413,0.5
34414,0.5
34415,0.5
34416,0.5
34417,0.5
34418,0.5
34419,0.5
34420,0.5
34421,0.5
34422,0.5
34423,0.5
34424,0.5
34425,0.5
34426,0.5
34427,0.5
34428,0.5
34429,0.5
34430,0.5
34431,0.5
34432,0.5
34433,0.5
34434,0.5
34435,0.5
34436,0.5
34437,0.5
34438,0.5
34439,0.5
34440,0.5
34441,0.5
34442,0.5
34443,0.5
34444,0.5
34445,0.5
34446,0.5
34447,0.5
34448,0.5
34449,0.5
34450,0.5
34451,0.5
34452,0.5
34453,0.5
34454,0.5
34455,0.5
34456,0.5
34457,0.5
34458,0.5
34459,0.5
34460,0.5
34461,0.5
34462,0.5
34463,0.5
34464,0.5
34465,0.5
34466,0.5
34467,0.5
34468,0.5
34469,0.5
34470,0.5
34471,0.5
34472,0.5
34473,0.5
34474,0.5
34475,0.5
34476,0.5
34477,0.5
34478,0.5
34479,0.5
34480,0.5
34481,0.5
34482,0.5
34483,0.5
34484,0.5
34485,0.5
34486,0.5
34487,0.5
34488,0.5
34489,0.5
34490,0.5
34491,0.5
34492,0.5
34493,0.5
34494,0.5
34495,0.5
34496,0.5
34497,0.5
34498,0.5
34499,0.5
34500,0.5
34501,0.5
34502,0.5
34503,0.5
34504,0.5
34505,0.5
34506,0.5
34507,0.6
34508,0.5988
34509,0.5976
34510,0.5963999999999999
34511,0.5952
34512,0.594
34513,0.5928
34514,0.5916
34515,0.5903999999999999
34516,0.5892
34517,0.588
34518,0.5868
34519,0.5856
34520,0.5844
34521,0.5831999999999999
34522,0.582
34523,0.5808
34524,0.5796
34525,0.5784
34526,0.5771999999999999
34527,0.576
34528,0.5748
34529,0.5736
34530,0.5724
34531,0.5711999999999999
34532,0.57
34533,0.5688
34534,0.5676
34535,0.5664
34536,0.5651999999999999
34537,0.564
34538,0.5628
34539,0.5616
34540,0.5604
34541,0.5592
34542,0.5579999999999999
34543,0.5568
34544,0.5556
34545,0.5544
34546,0.5532
34547,0.5519999999999999
34548,0.5508
34549,0.5496
34550,0.5484
34551,0.5472
34552,0.546
34553,0.5448
34554,0.5436
34555,0.5424
34556,0.5412
34557,0.54
34558,0.5388
34559,0.5376
34560,0.5364
34561,0.5352
34562,0.534
34563,0.5327999999999999
34564,0.5316
34565,0.5304
34566,0.5292
34567,0.528
34568,0.5267999999999999
34569,0.5256
34570,0.5244
34571,0.5232
34572,0.522
34573,0.5207999999999999
34574,0.5196
34575,0.5184
34576,0.5172
34577,0.516
34578,0.5147999999999999
34579,0.5136
34580,0.5124
34581,0.5112
34582,0.51
34583,0.5088
34584,0.5075999999999999
34585,0.5064
34586,0.5052
34587,0.504
34588,0.5028
34589,0.5016
34590,0.5004
34591,0.4992
34592,0.498
34593,0.4968
34594,0.4956
34595,0.4944
34596,0.49319999999999997
34597,0.492
34598,0.4908
34599,0.4896
34600,0.4884
34601,0.48719999999999997
34602,0.486
34603,0.4848
34604,0.4836
34605,0.4824
34606,0.6
34607,0.5992999999999999
34608,0.5986
34609,0.5979
34610,0.5972
34611,0.5965
34612,0.5958
34613,0.5951
34614,0.5943999999999999
34615,0.5937
34616,0.593
34617,0.5922999999999999
34618,0.5916
34619,0.5909
34620,0.5902
34621,0.5895
34622,0.5888
34623,0.5881
34624,0.5873999999999999
34625,0.5867
34626,0.586
34627,0.5852999999999999
34628,0.5846
34629,0.5839
34630,0.5831999999999999
34631,0.5825
34632,0.5818
34633,0.5811
34634,0.5804
34635,0.5797
34636,0.579
34637,0.5782999999999999
34638,0.5776
34639,0.5769
34640,0.5761999999999999
34641,0.5755
34642,0.5748
34643,0.5740999999999999
34644,0.5734
34645,0.5727
34646,0.572
34647,0.5713
34648,0.5706
34649,0.5699
34650,0.5691999999999999
34651,0.5685
34652,0.5678
34653,0.5670999999999999
34654,0.5664
34655,0.5657
34656,0.565
34657,0.5643
34658,0.5636
34659,0.5629
34660,0.5622
34661,0.5615
34662,0.5608
34663,0.5600999999999999
34664,0.5594
34665,0.5587
34666,0.5579999999999999
34667,0.5573
34668,0.5566
34669,0.5559
34670,0.5552
34671,0.5545
34672,0.5538
34673,0.5530999999999999
34674,0.5524
34675,0.5517
34676,0.5509999999999999
34677,0.5503
34678,0.5496
34679,0.5488999999999999
34680,0.5482
34681,0.5475
34682,0.5468
34683,0.5461
34684,0.5454
34685,0.5447
34686,0.5439999999999999
34687,0.5433
34688,0.5426
34689,0.5418999999999999
34690,0.5412
34691,0.5405
34692,0.5398
34693,0.5391
34694,0.5384
34695,0.5377
34696,0.5369999999999999
34697,0.5363
34698,0.5356
34699,0.5348999999999999
34700,0.5342
34701,0.5335
34702,0.5327999999999999
34703,0.5321
34704,0.5314
34705,0.5307
34706,0.53
34707,0.5293
34708,0.5286
34709,0.5279
34710,0.5272
34711,0.5265
34712,0.5257999999999999
34713,0.5251
34714,0.5244
34715,0.5236999999999999
34716,0.523
34717,0.5223
34718,0.5216
34719,0.5208999999999999
34720,0.5202
34721,0.5195
34722,0.5187999999999999
34723,0.5181
34724,0.5174
34725,0.5166999999999999
34726,0.516
34727,0.5153
34728,0.5146
34729,0.5139
34730,0.5132
34731,0.5125
34732,0.5118
34733,0.5111
34734,0.5104
34735,0.5096999999999999
34736,0.509
34737,0.5083
34738,0.5075999999999999
34739,0.5069
34740,0.5062
34741,0.5055
34742,0.5048
34743,0.5041
34744,0.5034
34745,0.5026999999999999
34746,0.502
34747,0.5013
34748,0.5005999999999999
34749,0.4999
34750,0.4992
34751,0.4985
34752,0.49779999999999996
34753,0.4971
34754,0.49639999999999995
34755,0.4957
34756,0.495
34757,0.49429999999999996
34758,0.4936
34759,0.4929
34760,0.49219999999999997
34761,0.4915
34762,0.49079999999999996
34763,0.4901
34764,0.48939999999999995
34765,0.48869999999999997
34766,0.488
34767,0.48729999999999996
34768,0.4866
34769,0.4859
34770,0.48519999999999996
34771,0.4845
34772,0.4838
34773,0.4831
34774,0.4824
34775,0.48169999999999996
34776,0.481
34777,0.48029999999999995
34778,0.47959999999999997
34779,0.4789
34780,0.47819999999999996
34781,0.4775
34782,0.4768
34783,0.47609999999999997
34784,0.4754
34785,0.4747
34786,0.474
34787,0.47329999999999994
34788,0.4726
34789,0.4719
34790,0.47119999999999995
34791,0.4705
34792,0.4698
34793,0.46909999999999996
34794,0.4684
34795,0.4677
34796,0.46699999999999997
34797,0.4663
34798,0.4656
34799,0.4649
34800,0.46419999999999995
34801,0.46349999999999997
34802,0.4628
34803,0.46209999999999996
34804,0.4614
34805,0.4607
34806,0.45999999999999996
34807,0.4593
34808,0.4586
34809,0.4579
34810,0.45719999999999994
34811,0.4565
34812,0.4558
34813,0.45509999999999995
34814,0.45439999999999997
34815,0.4537
34816,0.45299999999999996
34817,0.4523
34818,0.4516
34819,0.45089999999999997
34820,0.4502
34821,0.4495
34822,0.4488
34823,0.44809999999999994
34824,0.4474
34825,0.4467
34826,0.44599999999999995
34827,0.4453
34828,0.4446
34829,0.44389999999999996
34830,0.4432
34831,0.4425
34832,0.44179999999999997
34833,0.4411
34834,0.4404
34835,0.4397
34836,0.43899999999999995
34837,0.43829999999999997
34838,0.4376
34839,0.43689999999999996
34840,0.4362
34841,0.4355
34842,0.43479999999999996
34843,0.4341
34844,0.4334
34845,0.4327
34846,0.43199999999999994
34847,0.4313
34848,0.4306
34849,0.42989999999999995
34850,0.42919999999999997
34851,0.4285
34852,0.42779999999999996
34853,0.4271
34854,0.4264
34855,0.42569999999999997
34856,0.425
34857,0.4243
34858,0.4236
34859,0.42289999999999994
34860,0.4222
34861,0.4215
34862,0.42079999999999995
34863,0.4201
34864,0.4194
34865,0.41869999999999996
34866,0.418
34867,0.4173
34868,0.41659999999999997
34869,0.5
34870,0.501527
34871,0.503054
34872,0.504581
34873,0.506108
34874,0.507635
34875,0.509162
34876,0.510689
34877,0.512216
34878,0.513743
34879,0.51527
34880,0.516797
34881,0.518324
34882,0.519851
34883,0.521378
34884,0.522905
34885,0.524432
34886,0.525959
34887,0.527486
34888,0.529013
34889,0.53054
34890,0.532067
34891,0.533594
34892,0.535121
34893,0.536648
34894,0.538175
34895,0.539702
34896,0.541229
34897,0.542756
34898,0.544283
34899,0.54581
34900,0.547337
34901,0.548864
34902,0.550391
34903,0.551918
34904,0.553445
34905,0.554972
34906,0.556499
34907,0.558026
34908,0.559553
34909,0.56108
34910,0.562607
34911,0.564134
34912,0.565661
34913,0.567188
34914,0.568715
34915,0.570242
34916,0.571769
34917,0.573296
34918,0.574823
34919,0.57635
34920,0.577877
34921,0.579404
34922,0.580931
34923,0.582458
34924,0.583985
34925,0.585512
34926,0.5
34927,0.4998
34928,0.4996
34929,0.4994
34930,0.4992
34931,0.499
34932,0.4988
34933,0.4986
34934,0.4984
34935,0.4982
34936,0.498
34937,0.4978
34938,0.4976
34939,0.4974
34940,0.4972
34941,0.497
34942,0.4968
34943,0.4966
34944,0.4964
34945,0.4962
34946,0.496
34947,0.4958
34948,0.4956
34949,0.4954
34950,0.4952
34951,0.495
34952,0.4948
34953,0.4946
34954,0.4944
34955,0.4942
34956,0.494
34957,0.4938
34958,0.4936
34959,0.4934
34960,0.49319999999999997
34961,0.493
34962,0.4928
34963,0.4926
34964,0.4924
34965,0.4922
34966,0.492
34967,0.4918
34968,0.4916
34969,0.4914
34970,0.4912
34971,0.491
34972,0.4908
34973,0.4906
34974,0.4904
34975,0.4902
34976,0.49
34977,0.4898
34978,0.4896
34979,0.4894
34980,0.4892
34981,0.489
34982,0.4888
34983,0.4886
34984,0.4884
34985,0.4882
34986,0.488
34987,0.4878
34988,0.4876
34989,0.4874
34990,0.4872
34991,0.487
34992,0.4868
34993,0.4866
34994,0.4864
34995,0.4862
34996,0.486
34997,0.4858
34998,0.4856
34999,0.4854
35000,0.4852
35001,0.485
35002,0.4848
35003,0.4846
35004,0.4844
35005,0.4842
35006,0.484
35007,0.4838
35008,0.4836
35009,0.4834
35010,0.4832
35011,0.483
35012,0.4828
35013,0.4826
35014,0.4824
35015,0.4822
35016,0.482
35017,0.4818
35018,0.48160000000000003
35019,0.4814
35020,0.4812
35021,0.481
35022,0.4808
35023,0.4806
35024,0.4804
35025,0.4802
35026,0.48
35027,0.4798
35028,0.4796
35029,0.4794
35030,0.4792
35031,0.479
35032,0.4788
35033,0.4786
35034,0.4784
35035,0.4782
35036,0.478
35037,0.4778
35038,0.4776
35039,0.4774
35040,0.4772
35041,0.477
35042,0.4768
35043,0.4766
35044,0.4764
35045,0.4762
35046,0.476
35047,0.4758
35048,0.4756
35049,0.4754
35050,0.4752
35051,0.475
35052,0.4748
35053,0.4746
35054,0.4744
35055,0.4742
35056,0.474
35057,0.4738
35058,0.4736
35059,0.6
35060,0.598609
35061,0.597218
35062,0.595827
35063,0.594436
35064,0.5930449999999999
35065,0.591654
35066,0.590263
35067,0.588872
35068,0.587481
35069,0.58609
35070,0.584699
35071,0.5833079999999999
35072,0.581917
35073,0.580526
35074,0.579135
35075,0.5777439999999999
35076,0.576353
35077,0.574962
35078,0.5735709999999999
35079,0.57218
35080,0.570789
35081,0.569398
35082,0.5680069999999999
35083,0.566616
35084,0.565225
35085,0.563834
35086,0.562443
35087,0.561052
35088,0.559661
35089,0.5582699999999999
35090,0.556879
35091,0.555488
35092,0.554097
35093,0.5527059999999999
35094,0.551315
35095,0.549924
35096,0.5485329999999999
35097,0.547142
35098,0.545751
35099,0.54436
35100,0.5429689999999999
35101,0.541578
35102,0.540187
35103,0.5387959999999999
35104,0.537405
35105,0.536014
35106,0.534623
35107,0.5332319999999999
35108,0.531841
35109,0.53045
35110,0.529059
35111,0.527668
35112,0.526277
35113,0.524886
35114,0.5234949999999999
35115,0.522104
35116,0.520713
35117,0.519322
35118,0.5179309999999999
35119,0.51654
35120,0.515149
35121,0.5137579999999999
35122,0.512367
35123,0.510976
35124,0.509585
35125,0.5081939999999999
35126,0.506803
35127,0.505412
35128,0.5040209999999999
35129,0.5026299999999999
35130,0.501239
35131,0.49984799999999996
35132,0.498457
35133,0.49706599999999995
35134,0.495675
35135,0.49428399999999995
35136,0.49289299999999997
35137,0.491502
35138,0.49011099999999996
35139,0.48872
35140,0.48732899999999996
35141,0.485938
35142,0.48454699999999995
35143,0.483156
35144,0.481765
35145,0.48037399999999997
35146,0.47898299999999994
35147,0.47759199999999996
35148,0.476201
35149,0.47480999999999995
35150,0.473419
35151,0.472028
35152,0.47063699999999997
35153,0.46924599999999994
35154,0.46785499999999997
35155,0.466464
35156,0.46507299999999996
35157,0.4636819999999999
35158,0.462291
35159,0.4609
35160,0.45950899999999995
35161,0.45811799999999997
35162,0.456727
35163,0.45533599999999996
35164,0.45394499999999993
35165,0.45255399999999996
35166,0.451163
35167,0.44977199999999995
35168,0.448381
35169,0.44699
35170,0.44559899999999997
35171,0.44420799999999994
35172,0.44281699999999996
35173,0.441426
35174,0.44003499999999995
35175,0.438644
35176,0.437253
35177,0.43586199999999997
35178,0.43447099999999994
35179,0.43307999999999996
35180,0.431689
35181,0.43029799999999996
35182,0.4289069999999999
35183,0.427516
35184,0.426125
35185,0.42473399999999994
35186,0.42334299999999997
35187,0.421952
35188,0.42056099999999996
35189,0.41916999999999993
35190,0.41777899999999996
35191,0.416388
35192,0.41499699999999995
35193,0.413606
35194,0.412215
35195,0.41082399999999997
35196,0.40943299999999994
35197,0.40804199999999996
35198,0.406651
35199,0.40525999999999995
35200,0.403869
35201,0.402478
35202,0.40108699999999997
35203,0.39969599999999994
35204,0.39830499999999996
35205,0.396914
35206,0.39552299999999996
35207,0.3941319999999999
35208,0.39274099999999995
35209,0.39135
35210,0.38995899999999994
35211,0.38856799999999997
35212,0.387177
35213,0.38578599999999996
35214,0.38439499999999993
35215,0.38300399999999996
35216,0.381613
35217,0.38022199999999995
35218,0.378831
35219,0.37744
35220,0.37604899999999997
35221,0.37465799999999994
35222,0.37326699999999996
35223,0.371876
35224,0.37048499999999995
35225,0.3690939999999999
35226,0.367703
35227,0.36631199999999997
35228,0.36492099999999994
35229,0.36352999999999996
35230,0.362139
35231,0.36074799999999996
35232,0.3593569999999999
35233,0.35796599999999995
35234,0.356575
35235,0.35518399999999994
35236,0.35379299999999997
35237,0.5
35238,0.5
35239,0.5
35240,0.5
35241,0.5
35242,0.5
35243,0.5
35244,0.5
35245,0.5
35246,0.5
35247,0.5
35248,0.5
35249,0.5
35250,0.5
35251,0.5
35252,0.5
35253,0.5
35254,0.5
35255,0.5
35256,0.5
35257,0.5
35258,0.5
35259,0.5
35260,0.5
35261,0.5
35262,0.5
35263,0.5
35264,0.5
35265,0.5
35266,0.5
35267,0.5
35268,0.5
35269,0.5
35270,0.5
35271,0.5
35272,0.5
35273,0.5
35274,0.5
35275,0.5
35276,0.5
35277,0.5
35278,0.5
35279,0.5
35280,0.5
35281,0.5
35282,0.5
35283,0.5
35284,0.5
35285,0.5
35286,0.5
35287,0.5
35288,0.5
35289,0.5
35290,0.5
35291,0.5
35292,0.5
35293,0.5
35294,0.5
35295,0.5
35296,0.5
35297,0.5
35298,0.5
35299,0.5
35300,0.5
35301,0.5
35302,0.5
35303,0.5
35304,0.5
35305,0.5
35306,0.5
35307,0.5
35308,0.5
35309,0.5
35310,0.5
35311,0.5
35312,0.5
35313,0.5
35314,0.5
35315,0.5
35316,0.5
35317,0.5
35318,0.5
35319,0.5
35320,0.5
35321,0.5
35322,0.5
35323,0.5
35324,0.5
35325,0.5
35326,0.5
35327,0.5
35328,0.5
35329,0.5
35330,0.5
35331,0.5
35332,0.5
35333,0.5
35334,0.5
35335,0.5
35336,0.5
35337,0.5
35338,0.5
35339,0.5
35340,0.5
35341,0.5
35342,0.5
35343,0.5
35344,0.5
35345,0.5
35346,0.5
35347,0.5
35348,0.5
35349,0.5
35350,0.5
35351,0.5
35352,0.5
35353,0.5
35354,0.5
35355,0.5
35356,0.5
35357,0.5
35358,0.5
35359,0.5
35360,0.5
35361,0.5
35362,0.5
35363,0.5
35364,0.5
35365,0.5
35366,0.5
35367,0.5
35368,0.5
35369,0.5
35370,0.5
35371,0.5
35372,0.5
35373,0.5
35374,0.5
35375,0.5
35376,0.5
35377,0.5
35378,0.5
35379,0.5
35380,0.5
35381,0.5
35382,0.5
35383,0.5
35384,0.5
35385,0.5
35386,0.5
35387,0.5
35388,0.5
35389,0.5
35390,0.5
35391,0.5
35392,0.5
35393,0.5
35394,0.5
35395,0.5
35396,0.5
35397,0.5
35398,0.5
35399,0.5
35400,0.5
35401,0.5
35402,0.5
35403,0.5
35404,0.5
35405,0.5
35406,0.5
35407,0.5
35408,0.5
35409,0.5
35410,0.5
35411,0.5
35412,0.5
35413,0.5
35414,0.5
35415,0.5
35416,0.5
35417,0.5
35418,0.5
35419,0.5
35420,0.5
35421,0.5
35422,0.5
35423,0.5
35424,0.5
35425,0.5
35426,0.5
35427,0.5
35428,0.5
35429,0.5
35430,0.5
35431,0.5
35432,0.5
35433,0.5
35434,0.5
35435,0.5
35436,0.5
35437,0.5
35438,0.5
35439,0.5
35440,0.5
35441,0.5
35442,0.5
35443,0.5
35444,0.5
35445,0.5
35446,0.5
35447,0.5
35448,0.5
35449,0.5
35450,0.5
35451,0.5
35452,0.5
35453,0.5
35454,0.5
35455,0.5
35456,0.5
35457,0.5
35458,0.5
35459,0.5
35460,0.5
35461,0.5
35462,0.5
35463,0.5
35464,0.5
35465,0.5
35466,0.5
35467,0.5
35468,0.5
35469,0.5
35470,0.5
35471,0.5
35472,0.5
35473,0.5
35474,0.5
35475,0.5
35476,0.5
35477,0.5
35478,0.5
35479,0.5
35480,0.5
35481,0.5
35482,0.5
35483,0.5
35484,0.5
35485,0.5
35486,0.5
35487,0.5
35488,0.5
35489,0.5
35490,0.5
35491,0.5
35492,0.5
35493,0.5
35494,0.5
35495,0.5
35496,0.5
35497,0.5
35498,0.5
35499,0.5
35500,0.5
35501,0.5
35502,0.5
35503,0.5
35504,0.5
35505,0.5
35506,0.5
35507,0.5
35508,0.5
35509,0.5
35510,0.5
35511,0.5
35512,0.5
35513,0.5
35514,0.5
35515,0.5
35516,0.5
35517,0.5
35518,0.5
35519,0.5
35520,0.5
35521,0.5
35522,0.5
35523,0.5
35524,0.5
35525,0.5
35526,0.5
35527,0.5
35528,0.5
35529,0.5
35530,0.5
35531,0.5
35532,0.5
35533,0.5
35534,0.5
35535,0.5
35536,0.5
35537,0.5
35538,0.5
35539,0.5
35540,0.5
35541,0.5
35542,0.5
35543,0.5
35544,0.5
35545,0.5
35546,0.5
35547,0.5
35548,0.5
35549,0.5
35550,0.5
35551,0.5
35552,0.5
35553,0.5
35554,0.5
35555,0.5
35556,0.5
35557,0.5
35558,0.5
35559,0.5
35560,0.5
35561,0.5
35562,0.5
35563,0.5
35564,0.5
35565,0.5
35566,0.5
35567,0.5
35568,0.5
35569,0.5
35570,0.5
35571,0.5
35572,0.5
35573,0.5
35574,0.5
35575,0.5
35576,0.5
35577,0.5
35578,0.5
35579,0.5
35580,0.5
35581,0.5
35582,0.5
35583,0.5
35584,0.5
35585,0.5
35586,0.5
35587,0.5
35588,0.5
35589,0.5
35590,0.5
35591,0.5
35592,0.5
35593,0.5
35594,0.5
35595,0.5
35596,0.5
35597,0.5
35598,0.5
35599,0.5
35600,0.5
35601,0.5
35602,0.5
35603,0.5
35604,0.5
35605,0.5
35606,0.5
35607,0.5
35608,0.5
35609,0.5
35610,0.5
35611,0.5
35612,0.5
35613,0.5
35614,0.5
35615,0.5
35616,0.5
35617,0.5
35618,0.5
35619,0.5
35620,0.5
35621,0.5
35622,0.5
35623,0.5
35624,0.5
35625,0.5
35626,0.5
35627,0.5
35628,0.5
35629,0.5
35630,0.5
35631,0.5
35632,0.5
35633,0.5
35634,0.5
35635,0.5
35636,0.5
35637,0.5
35638,0.5
35639,0.5
35640,0.5
35641,0.5
35642,0.5
35643,0.5
35644,0.5
35645,0.5
35646,0.5
35647,0.5
35648,0.5
35649,0.5
35650,0.5
35651,0.5
35652,0.5
35653,0.5
35654,0.5
35655,0.5
35656,0.5
35657,0.5
35658,0.5
35659,0.5
35660,0.5
35661,0.5
35662,0.5
35663,0.5
35664,0.5
35665,0.5
35666,0.5
35667,0.5
35668,0.5
35669,0.5
35670,0.5
35671,0.5
35672,0.5
35673,0.5
35674,0.5
35675,0.5
35676,0.5
35677,0.5
35678,0.5
35679,0.5
35680,0.5
35681,0.5
35682,0.5
35683,0.5
35684,0.5
35685,0.5
35686,0.5
35687,0.5
35688,0.5
35689,0.5
35690,0.5
35691,0.5
35692,0.5
35693,0.5
35694,0.5
35695,0.5
35696,0.5
35697,0.5
35698,0.5
35699,0.5
35700,0.5
35701,0.5
35702,0.5
35703,0.5
35704,0.5
35705,0.5
35706,0.5
35707,0.5
35708,0.5
35709,0.5
35710,0.5
35711,0.5
35712,0.5
35713,0.5
35714,0.5
35715,0.5
35716,0.5
35717,0.5
35718,0.5
35719,0.5
35720,0.5
35721,0.5
35722,0.5
35723,0.5
35724,0.5
35725,0.5
35726,0.5
35727,0.5
35728,0.5
35729,0.5
35730,0.5
35731,0.5
35732,0.5
35733,0.5
35734,0.5
35735,0.5
35736,0.5
35737,0.5
35738,0.5
35739,0.5
35740,0.5
35741,0.5
35742,0.5
35743,0.5
35744,0.5
35745,0.5
35746,0.5
35747,0.5
35748,0.5
35749,0.5
35750,0.5
35751,0.5
35752,0.5
35753,0.5
35754,0.5
35755,0.5
35756,0.5
35757,0.5
35758,0.5
35759,0.5
35760,0.5
35761,0.5
35762,0.5
35763,0.5
35764,0.5
35765,0.5
35766,0.5
35767,0.5
35768,0.5
35769,0.5
35770,0.5
35771,0.5
35772,0.5
35773,0.5
35774,0.5
35775,0.5
35776,0.5
35777,0.5
35778,0.5
35779,0.5
35780,0.5
35781,0.5
35782,0.5
35783,0.5
35784,0.5
35785,0.5
35786,0.5
35787,0.5
35788,0.5
35789,0.5
35790,0.5
35791,0.5
35792,0.5
35793,0.5
35794,0.5
35795,0.5
35796,0.5
35797,0.5
35798,0.5
35799,0.5
35800,0.5
35801,0.5
35802,0.5
35803,0.5
35804,0.5
35805,0.5
35806,0.5
35807,0.5
35808,0.5
35809,0.5
35810,0.5
35811,0.5
35812,0.5
35813,0.5
35814,0.5
35815,0.5
35816,0.5
35817,0.5
35818,0.5
35819,0.5
35820,0.5
35821,0.5
35822,0.5
35823,0.5
35824,0.5
35825,0.5
35826,0.5
35827,0.5
35828,0.5
35829,0.5
35830,0.5
35831,0.5
35832,0.5
35833,0.5
35834,0.5
35835,0.5
35836,0.5
35837,0.5
35838,0.5
35839,0.5
35840,0.5
35841,0.5
35842,0.5
35843,0.5
35844,0.5
35845,0.5
35846,0.5
35847,0.5
35848,0.5
35849,0.5
35850,0.5
35851,0.5
35852,0.5
35853,0.5
35854,0.5
35855,0.5
35856,0.5
35857,0.5
35858,0.5
35859,0.5
35860,0.5
35861,0.5
35862,0.5
35863,0.5
35864,0.5
35865,0.5
35866,0.5
35867,0.5
35868,0.5
35869,0.5
35870,0.5
35871,0.5
35872,0.5
35873,0.5
35874,0.5
35875,0.5
35876,0.5
35877,0.5
35878,0.5
35879,0.5
35880,0.5
35881,0.5
35882,0.5
35883,0.5
35884,0.5
35885,0.5
35886,0.5
35887,0.5
35888,0.5
35889,0.5
35890,0.5
35891,0.5
35892,0.5
35893,0.5
35894,0.5
35895,0.5
35896,0.5
35897,0.5
35898,0.5
35899,0.5
35900,0.5
35901,0.5
35902,0.5
35903,0.5
35904,0.5
35905,0.5
35906,0.5
35907,0.5
35908,0.5
35909,0.5
35910,0.5
35911,0.5
35912,0.5
35913,0.5
35914,0.5
35915,0.5
35916,0.5
35917,0.5
35918,0.5
35919,0.5
35920,0.5
35921,0.5
35922,0.5
35923,0.5
35924,0.5
35925,0.5
35926,0.5
35927,0.5
35928,0.5
35929,0.5
35930,0.5
35931,0.5
35932,0.5
35933,0.5
35934,0.5
35935,0.5
35936,0.5
35937,0.5
35938,0.5
35939,0.5
35940,0.5
35941,0.5
35942,0.5
35943,0.5
35944,0.5
35945,0.5
35946,0.5
35947,0.5
35948,0.5
35949,0.5
35950,0.5
35951,0.5
35952,0.5
35953,0.5
35954,0.5
35955,0.5
35956,0.5
35957,0.5
35958,0.5
35959,0.5
35960,0.5
35961,0.5
35962,0.5
35963,0.5
35964,0.5
35965,0.5
35966,0.5
35967,0.5
35968,0.5
35969,0.5
35970,0.5
35971,0.5
35972,0.5
35973,0.5
35974,0.5
35975,0.5
35976,0.5
35977,0.5
35978,0.5
35979,0.5
35980,0.5
35981,0.5
35982,0.5
35983,0.5
35984,0.5
35985,0.5
35986,0.5
35987,0.5
35988,0.5
35989,0.5
35990,0.5
35991,0.5
35992,0.5
35993,0.5
35994,0.5
35995,0.5
35996,0.5
35997,0.5
35998,0.5
35999,0.5
36000,0.5
36001,0.5
36002,0.5
36003,0.5
36004,0.5
36005,0.5
36006,0.5
36007,0.5
36008,0.5
36009,0.5
36010,0.5
36011,0.5
36012,0.5
36013,0.5
36014,0.5
36015,0.5
36016,0.5
36017,0.5
36018,0.5
36019,0.5
36020,0.5
36021,0.5
36022,0.5
36023,0.5
36024,0.5
36025,0.5
36026,0.5
36027,0.5
36028,0.5
36029,0.5
36030,0.5
36031,0.5
36032,0.5
36033,0.4
36034,0.40202000000000004
36035,0.40404
36036,0.40606000000000003
36037,0.40808
36038,0.4101
36039,0.41212000000000004
36040,0.41414
36041,0.41616000000000003
36042,0.41818
36043,0.4202
36044,0.42222000000000004
36045,0.42424
36046,0.42626000000000003
36047,0.42828
36048,0.4303
36049,0.43232000000000004
36050,0.43434
36051,0.43636
36052,0.43838000000000005
36053,0.4404
36054,0.44242000000000004
36055,0.44444
36056,0.44646
36057,0.44848000000000005
36058,0.4505
36059,0.45252000000000003
36060,0.45454000000000006
36061,0.45656
36062,0.45858000000000004
36063,0.4606
36064,0.46262000000000003
36065,0.46464000000000005
36066,0.46666
36067,0.46868000000000004
36068,0.4707
36069,0.47272000000000003
36070,0.47474000000000005
36071,0.47676
36072,0.47878000000000004
36073,0.4808
36074,0.48282
36075,0.48484000000000005
36076,0.48686
36077,0.48888000000000004
36078,0.4909
36079,0.49292
36080,0.49494000000000005
36081,0.49696
36082,0.49898000000000003
36083,0.501
36084,0.50302
36085,0.50504
36086,0.5070600000000001
36087,0.50908
36088,0.5111
36089,0.51312
36090,0.51514
36091,0.5171600000000001
36092,0.51918
36093,0.5212
36094,0.52322
36095,0.52524
36096,0.5272600000000001
36097,0.52928
36098,0.5313
36099,0.53332
36100,0.53534
36101,0.5373600000000001
36102,0.53938
36103,0.5414
36104,0.54342
36105,0.54544
36106,0.5474600000000001
36107,0.54948
36108,0.5515
36109,0.55352
36110,0.55554
36111,0.5575600000000001
36112,0.55958
36113,0.5616000000000001
36114,0.56362
36115,0.56564
36116,0.56766
36117,0.56968
36118,0.5717000000000001
36119,0.57372
36120,0.57574
36121,0.57776
36122,0.57978
36123,0.5818000000000001
36124,0.58382
36125,0.5
36126,0.49981
36127,0.49962
36128,0.49943
36129,0.49924
36130,0.49905
36131,0.49886
36132,0.49867
36133,0.49848
36134,0.49829
36135,0.4981
36136,0.49791
36137,0.49772
36138,0.49753000000000003
36139,0.49734
36140,0.49715
36141,0.49696
36142,0.49677
36143,0.49658
36144,0.49639
36145,0.4962
36146,0.49601
36147,0.49582
36148,0.49563
36149,0.49544
36150,0.49525
36151,0.49506
36152,0.49487
36153,0.49468
36154,0.49449
36155,0.4943
36156,0.49411
36157,0.49392
36158,0.49373
36159,0.49354
36160,0.49335
36161,0.49316
36162,0.49297
36163,0.49278
36164,0.49259
36165,0.4924
36166,0.49221
36167,0.49202
36168,0.49183
36169,0.49164
36170,0.49145
36171,0.49126
36172,0.49107
36173,0.49088
36174,0.49069
36175,0.4905
36176,0.49031
36177,0.49012
36178,0.48993
36179,0.48974
36180,0.48955
36181,0.48936
36182,0.48917
36183,0.48898
36184,0.48879
36185,0.4886
36186,0.48841
36187,0.48822
36188,0.48803
36189,0.48784
36190,0.48765000000000003
36191,0.48746
36192,0.48727
36193,0.48708
36194,0.48689
36195,0.4867
36196,0.48651
36197,0.48632
36198,0.48613
36199,0.48594
36200,0.48575
36201,0.48556
36202,0.48537
36203,0.48518
36204,0.48499
36205,0.4848
36206,0.48461
36207,0.48442
36208,0.48423
36209,0.48404
36210,0.48385
36211,0.48366
36212,0.48347
36213,0.48328
36214,0.48309
36215,0.4829
36216,0.48271
36217,0.48252
36218,0.48233
36219,0.48214
36220,0.48195
36221,0.48176
36222,0.48157
36223,0.48138
36224,0.48119
36225,0.481
36226,0.48081
36227,0.48062
36228,0.48043
36229,0.48024
36230,0.48005
36231,0.47986
36232,0.47967
36233,0.47948
36234,0.47929
36235,0.47909999999999997
36236,0.47891
36237,0.47872
36238,0.47853
36239,0.47834
36240,0.47815
36241,0.47796
36242,0.47777000000000003
36243,0.47758
36244,0.47739
36245,0.4772
36246,0.47701
36247,0.47682
36248,0.47663
36249,0.47644
36250,0.47625
36251,0.47606
36252,0.47587
36253,0.47568
36254,0.47549
36255,0.4753
36256,0.47511
36257,0.47492
36258,0.47473
36259,0.47454
36260,0.47435
36261,0.47416
36262,0.47397
36263,0.47378
36264,0.47359
36265,0.4734
36266,0.47321
36267,0.47302
36268,0.47283
36269,0.47264
36270,0.47245
36271,0.47226
36272,0.47207
36273,0.47188
36274,0.47169
36275,0.4715
36276,0.47131
36277,0.47112
36278,0.47093
36279,0.47074
36280,0.47055
36281,0.47036
36282,0.47017
36283,0.46998
36284,0.46979
36285,0.4696
36286,0.46941
36287,0.46921999999999997
36288,0.46903
36289,0.46884
36290,0.46865
36291,0.46846
36292,0.46827
36293,0.46808
36294,0.46789000000000003
36295,0.4677
36296,0.46751
36297,0.46732
36298,0.46713
36299,0.46694
36300,0.46675
36301,0.46656
36302,0.46637
36303,0.46618
36304,0.46599
36305,0.4658
36306,0.46560999999999997
36307,0.46542
36308,0.46523
36309,0.46504
36310,0.46485
36311,0.46466
36312,0.46447
36313,0.46428
36314,0.46409
36315,0.4639
36316,0.46371
36317,0.46352
36318,0.46333
36319,0.46314
36320,0.46295
36321,0.46276
36322,0.46257
36323,0.46238
36324,0.46219
36325,0.462
36326,0.46181
36327,0.46162
36328,0.46143
36329,0.46124
36330,0.46105
36331,0.46086
36332,0.46067
36333,0.4
36334,0.40091560000000004
36335,0.4018312
36336,0.4027468
36337,0.40366240000000003
36338,0.40457800000000005
36339,0.4054936
36340,0.4064092
36341,0.40732480000000004
36342,0.4082404
36343,0.409156
36344,0.41007160000000004
36345,0.4109872
36346,0.4119028
36347,0.41281840000000003
36348,0.41373400000000005
36349,0.4146496
36350,0.4155652
36351,0.41648080000000004
36352,0.4173964
36353,0.418312
36354,0.41922760000000003
36355,0.42014320000000005
36356,0.4210588
36357,0.4219744
36358,0.42289000000000004
36359,0.4238056
36360,0.4247212
36361,0.42563680000000004
36362,0.4265524
36363,0.427468
36364,0.42838360000000003
36365,0.42929920000000005
36366,0.4302148
36367,0.4311304
36368,0.43204600000000004
36369,0.4329616
36370,0.4338772
36371,0.43479280000000003
36372,0.4357084
36373,0.436624
36374,0.43753960000000003
36375,0.43845520000000004
36376,0.4393708
36377,0.4402864
36378,0.44120200000000004
36379,0.4421176
36380,0.4430332
36381,0.44394880000000003
36382,0.44486440000000005
36383,0.44578
36384,0.4466956
36385,0.44761120000000004
36386,0.4485268
36387,0.4494424
36388,0.45035800000000004
36389,0.45127360000000005
36390,0.4521892
36391,0.45310480000000003
36392,0.45402040000000005
36393,0.454936
36394,0.4558516
36395,0.45676720000000004
36396,0.4576828
36397,0.4585984
36398,0.45951400000000003
36399,0.4604296
36400,0.4613452
36401,0.4622608
36402,0.46317640000000004
36403,0.464092
36404,0.4650076
36405,0.46592320000000004
36406,0.4668388
36407,0.4677544
36408,0.46867000000000003
36409,0.46958560000000005
36410,0.4705012
36411,0.4714168
36412,0.47233240000000004
36413,0.473248
36414,0.4741636
36415,0.47507920000000003
36416,0.47599480000000005
36417,0.4769104
36418,0.47782600000000003
36419,0.47874160000000004
36420,0.4796572
36421,0.4805728
36422,0.48148840000000004
36423,0.48240400000000005
36424,0.4833196
36425,0.48423520000000003
36426,0.4851508
36427,0.4860664
36428,0.486982
36429,0.48789760000000004
36430,0.48881320000000006
36431,0.4897288
36432,0.49064440000000004
36433,0.49156
36434,0.4924756
36435,0.49339120000000003
36436,0.49430680000000005
36437,0.4952224
36438,0.496138
36439,0.49705360000000004
36440,0.4979692
36441,0.4988848
36442,0.49980040000000003
36443,0.500716
36444,0.5016316000000001
36445,0.5025472
36446,0.5034628
36447,0.5043784
36448,0.505294
36449,0.5062096
36450,0.5071252
36451,0.5080408000000001
36452,0.5089564
36453,0.509872
36454,0.5107876
36455,0.5117032
36456,0.5126188
36457,0.5135344000000001
36458,0.5144500000000001
36459,0.5153656
36460,0.5162812
36461,0.5171968
36462,0.5181124
36463,0.519028
36464,0.5199436000000001
36465,0.5208592000000001
36466,0.5217748
36467,0.5226904
36468,0.523606
36469,0.5245216
36470,0.5254372
36471,0.5263528000000001
36472,0.5272684000000001
36473,0.528184
36474,0.5290996
36475,0.5300152
36476,0.5309308
36477,0.5318464
36478,0.532762
36479,0.5336776000000001
36480,0.5345932
36481,0.5355088
36482,0.5364244
36483,0.53734
36484,0.5382556000000001
36485,0.5391712
36486,0.5400868000000001
36487,0.5410024
36488,0.541918
36489,0.5428336
36490,0.5437492
36491,0.5446648000000001
36492,0.5455804
36493,0.5464960000000001
36494,0.5474116
36495,0.5483272
36496,0.5492428
36497,0.5501584
36498,0.5510740000000001
36499,0.5519896
36500,0.5529052
36501,0.5538208
36502,0.5547364
36503,0.555652
36504,0.5565676
36505,0.5574832000000001
36506,0.5583988
36507,0.5593144
36508,0.56023
36509,0.5611456
36510,0.5620612
36511,0.5629768
36512,0.5638924000000001
36513,0.564808
36514,0.5657236
36515,0.5666392
36516,0.4
36517,0.40273000000000003
36518,0.40546000000000004
36519,0.40819
36520,0.41092
36521,0.41365
36522,0.41638000000000003
36523,0.41911000000000004
36524,0.42184
36525,0.42457
36526,0.4273
36527,0.43003
36528,0.43276000000000003
36529,0.43549000000000004
36530,0.43822
36531,0.44095
36532,0.44368
36533,0.44641000000000003
36534,0.44914000000000004
36535,0.45187
36536,0.4546
36537,0.45733
36538,0.46006
36539,0.46279000000000003
36540,0.46552000000000004
36541,0.46825
36542,0.47098
36543,0.47371
36544,0.47644000000000003
36545,0.47917
36546,0.4819
36547,0.48463
36548,0.48736
36549,0.49009
36550,0.49282000000000004
36551,0.49555000000000005
36552,0.49828
36553,0.50101
36554,0.5037400000000001
36555,0.50647
36556,0.5092
36557,0.51193
36558,0.51466
36559,0.51739
36560,0.52012
36561,0.52285
36562,0.52558
36563,0.5283100000000001
36564,0.53104
36565,0.5337700000000001
36566,0.5365
36567,0.53923
36568,0.54196
36569,0.54469
36570,0.54742
36571,0.55015
36572,0.55288
36573,0.55561
36574,0.5583400000000001
36575,0.56107
36576,0.5638000000000001
36577,0.56653
36578,0.56926
36579,0.57199
36580,0.57472
36581,0.57745
36582,0.58018
36583,0.58291
36584,0.5856399999999999
36585,0.5883700000000001
36586,0.5911
36587,0.59383
36588,0.59656
36589,0.59929
36590,0.5
36591,0.50011
36592,0.50022
36593,0.50033
36594,0.50044
36595,0.50055
36596,0.50066
36597,0.50077
36598,0.50088
36599,0.50099
36600,0.5011
36601,0.50121
36602,0.50132
36603,0.50143
36604,0.50154
36605,0.50165
36606,0.50176
36607,0.50187
36608,0.50198
36609,0.50209
36610,0.5022
36611,0.50231
36612,0.50242
36613,0.50253
36614,0.50264
36615,0.50275
36616,0.50286
36617,0.50297
36618,0.50308
36619,0.50319
36620,0.5033
36621,0.50341
36622,0.50352
36623,0.50363
36624,0.50374
36625,0.50385
36626,0.50396
36627,0.50407
36628,0.50418
36629,0.50429
36630,0.5044
36631,0.50451
36632,0.50462
36633,0.50473
36634,0.50484
36635,0.50495
36636,0.50506
36637,0.50517
36638,0.50528
36639,0.50539
36640,0.5055
36641,0.50561
36642,0.50572
36643,0.50583
36644,0.50594
36645,0.50605
36646,0.50616
36647,0.50627
36648,0.50638
36649,0.50649
36650,0.5066
36651,0.50671
36652,0.50682
36653,0.50693
36654,0.50704
36655,0.50715
36656,0.50726
36657,0.50737
36658,0.50748
36659,0.50759
36660,0.5077
36661,0.50781
36662,0.50792
36663,0.50803
36664,0.50814
36665,0.50825
36666,0.50836
36667,0.50847
36668,0.50858
36669,0.50869
36670,0.5088
36671,0.50891
36672,0.50902
36673,0.50913
36674,0.50924
36675,0.50935
36676,0.50946
36677,0.50957
36678,0.50968
36679,0.50979
36680,0.5099
36681,0.51001
36682,0.51012
36683,0.51023
36684,0.51034
36685,0.51045
36686,0.51056
36687,0.51067
36688,0.51078
36689,0.51089
36690,0.511
36691,0.51111
36692,0.51122
36693,0.51133
36694,0.51144
36695,0.51155
36696,0.51166
36697,0.51177
36698,0.51188
36699,0.51199
36700,0.5121
36701,0.51221
36702,0.51232
36703,0.51243
36704,0.51254
36705,0.51265
36706,0.51276
36707,0.51287
36708,0.51298
36709,0.51309
36710,0.5132
36711,0.51331
36712,0.51342
36713,0.51353
36714,0.51364
36715,0.51375
36716,0.51386
36717,0.51397
36718,0.51408
36719,0.51419
36720,0.5143
36721,0.51441
36722,0.51452
36723,0.51463
36724,0.51474
36725,0.51485
36726,0.51496
36727,0.51507
36728,0.51518
36729,0.51529
36730,0.5154
36731,0.51551
36732,0.51562
36733,0.51573
36734,0.51584
36735,0.51595
36736,0.51606
36737,0.51617
36738,0.51628
36739,0.51639
36740,0.5165
36741,0.51661
36742,0.51672
36743,0.51683
36744,0.51694
36745,0.51705
36746,0.51716
36747,0.51727
36748,0.51738
36749,0.51749
36750,0.5176
36751,0.51771
36752,0.51782
36753,0.51793
36754,0.5180400000000001
36755,0.51815
36756,0.51826
36757,0.51837
36758,0.51848
36759,0.51859
36760,0.5187
36761,0.51881
36762,0.51892
36763,0.51903
36764,0.51914
36765,0.51925
36766,0.51936
36767,0.51947
36768,0.51958
36769,0.51969
36770,0.5198
36771,0.51991
36772,0.52002
36773,0.52013
36774,0.52024
36775,0.52035
36776,0.52046
36777,0.52057
36778,0.52068
36779,0.52079
36780,0.5209
36781,0.52101
36782,0.52112
36783,0.52123
36784,0.52134
36785,0.52145
36786,0.52156
36787,0.52167
36788,0.52178
36789,0.52189
36790,0.522
36791,0.52211
36792,0.52222
36793,0.52233
36794,0.4
36795,0.4028331
36796,0.40566620000000003
36797,0.4084993
36798,0.41133240000000004
36799,0.4141655
36800,0.4169986
36801,0.41983170000000003
36802,0.4226648
36803,0.42549790000000004
36804,0.428331
36805,0.43116410000000005
36806,0.4339972
36807,0.4368303
36808,0.43966340000000004
36809,0.4424965
36810,0.4453296
36811,0.4481627
36812,0.4509958
36813,0.45382890000000004
36814,0.456662
36815,0.45949510000000005
36816,0.4623282
36817,0.4651613
36818,0.46799440000000003
36819,0.4708275
36820,0.4736606
36821,0.4764937
36822,0.47932680000000005
36823,0.48215990000000003
36824,0.484993
36825,0.48782610000000004
36826,0.4906592
36827,0.4934923
36828,0.4963254
36829,0.4991585
36830,0.5019916
36831,0.5048247
36832,0.5076578
36833,0.5104909
36834,0.513324
36835,0.5161571
36836,0.5189902
36837,0.5218233
36838,0.5246564
36839,0.5274895000000001
36840,0.5303226
36841,0.5331557
36842,0.5359888
36843,0.5388219000000001
36844,0.541655
36845,0.5444881
36846,0.5473212000000001
36847,0.5501543
36848,0.5529874
36849,0.5558205
36850,0.5586536
36851,0.5614867
36852,0.5643198
36853,0.5671529
36854,0.569986
36855,0.5728191
36856,0.5756522
36857,0.5784853
36858,0.5813184
36859,0.5841515
36860,0.5869846000000001
36861,0.5898177
36862,0.5
36863,0.4997912
36864,0.4995824
36865,0.4993736
36866,0.4991648
36867,0.498956
36868,0.4987472
36869,0.4985384
36870,0.4983296
36871,0.4981208
36872,0.497912
36873,0.4977032
36874,0.4974944
36875,0.4972856
36876,0.4970768
36877,0.496868
36878,0.4966592
36879,0.4964504
36880,0.4962416
36881,0.4960328
36882,0.495824
36883,0.4956152
36884,0.4954064
36885,0.4951976
36886,0.4949888
36887,0.49478
36888,0.4945712
36889,0.4943624
36890,0.4941536
36891,0.4939448
36892,0.493736
36893,0.4935272
36894,0.4933184
36895,0.4931096
36896,0.49290080000000003
36897,0.492692
36898,0.4924832
36899,0.4922744
36900,0.4920656
36901,0.4918568
36902,0.491648
36903,0.4914392
36904,0.4912304
36905,0.4910216
36906,0.4908128
36907,0.490604
36908,0.4903952
36909,0.4901864
36910,0.4899776
36911,0.4897688
36912,0.48956
36913,0.4893512
36914,0.4891424
36915,0.4889336
36916,0.4887248
36917,0.488516
36918,0.4883072
36919,0.4880984
36920,0.4878896
36921,0.4876808
36922,0.487472
36923,0.4872632
36924,0.4870544
36925,0.4868456
36926,0.4866368
36927,0.48642799999999997
36928,0.4862192
36929,0.4860104
36930,0.4858016
36931,0.4855928
36932,0.485384
36933,0.4851752
36934,0.4849664
36935,0.4847576
36936,0.4845488
36937,0.48434
36938,0.4841312
36939,0.4839224
36940,0.4837136
36941,0.4835048
36942,0.483296
36943,0.4830872
36944,0.4828784
36945,0.4826696
36946,0.4824608
36947,0.482252
36948,0.4820432
36949,0.4818344
36950,0.4816256
36951,0.4814168
36952,0.481208
36953,0.4809992
36954,0.4807904
36955,0.4805816
36956,0.4803728
36957,0.480164
36958,0.4799552
36959,0.4797464
36960,0.4795376
36961,0.4793288
36962,0.47912
36963,0.4789112
36964,0.4787024
36965,0.4784936
36966,0.4782848
36967,0.478076
36968,0.4778672
36969,0.4776584
36970,0.4774496
36971,0.4772408
36972,0.477032
36973,0.4768232
36974,0.4766144
36975,0.4764056
36976,0.4761968
36977,0.475988
36978,0.4757792
36979,0.4755704
36980,0.4753616
36981,0.4751528
36982,0.474944
36983,0.4747352
36984,0.4745264
36985,0.4743176
36986,0.4741088
36987,0.4739
36988,0.4736912
36989,0.47348239999999997
36990,0.4732736
36991,0.4730648
36992,0.472856
36993,0.4726472
36994,0.4724384
36995,0.4722296
36996,0.4720208
36997,0.471812
36998,0.4716032
36999,0.4713944
37000,0.4711856
37001,0.4709768
37002,0.470768
37003,0.4705592
37004,0.4703504
37005,0.6
37006,0.5988
37007,0.5976
37008,0.5963999999999999
37009,0.5952
37010,0.594
37011,0.5928
37012,0.5916
37013,0.5903999999999999
37014,0.5892
37015,0.588
37016,0.5868
37017,0.5856
37018,0.5844
37019,0.5831999999999999
37020,0.582
37021,0.5808
37022,0.5796
37023,0.5784
37024,0.5771999999999999
37025,0.576
37026,0.5748
37027,0.5736
37028,0.5724
37029,0.5711999999999999
37030,0.57
37031,0.5688
37032,0.5676
37033,0.5664
37034,0.5651999999999999
37035,0.564
37036,0.5628
37037,0.5616
37038,0.5604
37039,0.5592
37040,0.5579999999999999
37041,0.5568
37042,0.5556
37043,0.5544
37044,0.5532
37045,0.5519999999999999
37046,0.5508
37047,0.5496
37048,0.5484
37049,0.5472
37050,0.546
37051,0.5448
37052,0.5436
37053,0.5424
37054,0.5412
37055,0.54
37056,0.5388
37057,0.5376
37058,0.5364
37059,0.5352
37060,0.534
37061,0.5327999999999999
37062,0.5316
37063,0.5304
37064,0.5292
37065,0.528
37066,0.5267999999999999
37067,0.5256
37068,0.5244
37069,0.5232
37070,0.522
37071,0.5207999999999999
37072,0.5196
37073,0.5184
37074,0.5172
37075,0.516
37076,0.5147999999999999
37077,0.5136
37078,0.5124
37079,0.5112
37080,0.51
37081,0.5088
37082,0.5075999999999999
37083,0.5064
37084,0.5052
37085,0.504
37086,0.5028
37087,0.5016
37088,0.5004
37089,0.4992
37090,0.498
37091,0.4968
37092,0.4956
37093,0.4944
37094,0.49319999999999997
37095,0.492
37096,0.4908
37097,0.4896
37098,0.4884
37099,0.48719999999999997
37100,0.486
37101,0.4848
37102,0.4836
37103,0.4824
37104,0.48119999999999996
37105,0.48
37106,0.4788
37107,0.47759999999999997
37108,0.4764
37109,0.47519999999999996
37110,0.474
37111,0.4728
37112,0.4716
37113,0.4704
37114,0.46919999999999995
37115,0.46799999999999997
37116,0.4668
37117,0.4656
37118,0.4644
37119,0.4632
37120,0.46199999999999997
37121,0.4608
37122,0.4596
37123,0.45840000000000003
37124,0.4572
37125,0.45599999999999996
37126,0.4548
37127,0.4536
37128,0.4524
37129,0.4512
37130,0.44999999999999996
37131,0.4488
37132,0.4476
37133,0.4464
37134,0.4452
37135,0.44399999999999995
37136,0.44279999999999997
37137,0.4416
37138,0.4404
37139,0.4392
37140,0.438
37141,0.43679999999999997
37142,0.4356
37143,0.4344
37144,0.43320000000000003
37145,0.432
37146,0.43079999999999996
37147,0.4296
37148,0.4284
37149,0.4272
37150,0.426
37151,0.42479999999999996
37152,0.4236
37153,0.4224
37154,0.4212
37155,0.42
37156,0.4188
37157,0.41759999999999997
37158,0.4164
37159,0.4152
37160,0.41400000000000003
37161,0.4128
37162,0.41159999999999997
37163,0.4104
37164,0.4092
37165,0.40800000000000003
37166,0.4068
37167,0.40559999999999996
37168,0.4044
37169,0.4032
37170,0.402
37171,0.4008
37172,0.39959999999999996
37173,0.3984
37174,0.3972
37175,0.396
37176,0.3948
37177,0.3936
37178,0.39239999999999997
37179,0.3912
37180,0.39
37181,0.38880000000000003
37182,0.3876
37183,0.38639999999999997
37184,0.3852
37185,0.384
37186,0.38280000000000003
37187,0.5
37188,0.5
37189,0.5
37190,0.5
37191,0.5
37192,0.5
37193,0.5
37194,0.5
37195,0.5
37196,0.5
37197,0.5
37198,0.5
37199,0.5
37200,0.5
37201,0.5
37202,0.5
37203,0.5
37204,0.5
37205,0.5
37206,0.5
37207,0.5
37208,0.5
37209,0.5
37210,0.5
37211,0.5
37212,0.5
37213,0.5
37214,0.5
37215,0.5
37216,0.5
37217,0.5
37218,0.5
37219,0.5
37220,0.5
37221,0.5
37222,0.5
37223,0.5
37224,0.5
37225,0.5
37226,0.5
37227,0.5
37228,0.5
37229,0.5
37230,0.5
37231,0.5
37232,0.5
37233,0.5
37234,0.5
37235,0.5
37236,0.5
37237,0.5
37238,0.5
37239,0.5
37240,0.5
37241,0.5
37242,0.5
37243,0.5
37244,0.5
37245,0.5
37246,0.5
37247,0.5
37248,0.5
37249,0.5
37250,0.5
37251,0.5
37252,0.5
37253,0.5
37254,0.5
37255,0.5
37256,0.5
37257,0.5
37258,0.5
37259,0.5
37260,0.5
37261,0.5
37262,0.5
37263,0.5
37264,0.5
37265,0.5
37266,0.5
37267,0.5
37268,0.5
37269,0.5
37270,0.5
37271,0.5
37272,0.5
37273,0.5
37274,0.5
37275,0.5
37276,0.5
37277,0.5
37278,0.5
37279,0.5
37280,0.5
37281,0.5
37282,0.5
37283,0.5
37284,0.5
37285,0.5
37286,0.5
37287,0.5
37288,0.5
37289,0.5
37290,0.5
37291,0.5
37292,0.5
37293,0.5
37294,0.5
37295,0.5
37296,0.5
37297,0.5
37298,0.5
37299,0.5
37300,0.5
37301,0.5
37302,0.5
37303,0.5
37304,0.5
37305,0.5
37306,0.5
37307,0.5
37308,0.5
37309,0.5
37310,0.5
37311,0.5
37312,0.5
37313,0.5
37314,0.5
37315,0.5
37316,0.5
37317,0.5
37318,0.5
37319,0.5
37320,0.5
37321,0.5
37322,0.5
37323,0.5
37324,0.5
37325,0.5
37326,0.5
37327,0.5
37328,0.5
37329,0.5
37330,0.5
37331,0.5
37332,0.5
37333,0.5
37334,0.5
37335,0.5
37336,0.5
37337,0.5
37338,0.5
37339,0.5
37340,0.5
37341,0.5
37342,0.5
37343,0.5
37344,0.5
37345,0.5
37346,0.5
37347,0.5
37348,0.5
37349,0.5
37350,0.5
37351,0.5
37352,0.5
37353,0.5
37354,0.5
37355,0.5
37356,0.5
37357,0.5
37358,0.5
37359,0.5
37360,0.5
37361,0.5
37362,0.5
37363,0.5
37364,0.5
37365,0.5
37366,0.5
37367,0.5
37368,0.5
37369,0.5
37370,0.5
37371,0.5
37372,0.5
37373,0.5
37374,0.5
37375,0.5
37376,0.5
37377,0.5
37378,0.5
37379,0.5
37380,0.5
37381,0.5
37382,0.5
37383,0.5
37384,0.5
37385,0.5
37386,0.5
37387,0.5
37388,0.5
37389,0.5
37390,0.5
37391,0.5
37392,0.5
37393,0.5
37394,0.5
37395,0.5
37396,0.5
37397,0.5
37398,0.5
37399,0.5
37400,0.5
37401,0.5
37402,0.5
37403,0.5
37404,0.5
37405,0.5
37406,0.5
37407,0.5
37408,0.5
37409,0.5
37410,0.5
37411,0.5
37412,0.5
37413,0.5
37414,0.5
37415,0.5
37416,0.5
37417,0.5
37418,0.5
37419,0.5
37420,0.5
37421,0.5
37422,0.5
37423,0.5
37424,0.5
37425,0.5
37426,0.5
37427,0.5
37428,0.5
37429,0.5
37430,0.5
37431,0.5
37432,0.5
37433,0.5
37434,0.5
37435,0.5
37436,0.5
37437,0.5
37438,0.5
37439,0.5
37440,0.5
37441,0.5
37442,0.5
37443,0.5
37444,0.5
37445,0.5
37446,0.5
37447,0.5
37448,0.5
37449,0.5
37450,0.5
37451,0.5
37452,0.5
37453,0.5
37454,0.5
37455,0.5
37456,0.5
37457,0.5
37458,0.5
37459,0.5
37460,0.5
37461,0.5
37462,0.5
37463,0.5
37464,0.5
37465,0.5
37466,0.5
37467,0.5
37468,0.5
37469,0.5
37470,0.5
37471,0.5
37472,0.5
37473,0.5
37474,0.5
37475,0.5
37476,0.5
37477,0.5
37478,0.5
37479,0.5
37480,0.5
37481,0.5
37482,0.5
37483,0.5
37484,0.5
37485,0.5
37486,0.5
37487,0.5
37488,0.5
37489,0.5
37490,0.5
37491,0.5
37492,0.5
37493,0.5
37494,0.5
37495,0.5
37496,0.5
37497,0.5
37498,0.5
37499,0.5
37500,0.5
37501,0.5
37502,0.5
37503,0.5
37504,0.5
37505,0.5
37506,0.5
37507,0.5
37508,0.5
37509,0.5
37510,0.5
37511,0.5
37512,0.5
37513,0.5
37514,0.5
37515,0.5
37516,0.5
37517,0.5
37518,0.5
37519,0.5
37520,0.5
37521,0.5
37522,0.5
37523,0.5
37524,0.5
37525,0.5
37526,0.5
37527,0.5
37528,0.5
37529,0.5
37530,0.5
37531,0.5
37532,0.5
37533,0.5
37534,0.5
37535,0.5
37536,0.5
37537,0.5
37538,0.5
37539,0.5
37540,0.5
37541,0.5
37542,0.5
37543,0.5
37544,0.5
37545,0.5
37546,0.5
37547,0.5
37548,0.5
37549,0.5
37550,0.5
37551,0.5
37552,0.5
37553,0.5
37554,0.5
37555,0.5
37556,0.5
37557,0.5
37558,0.5
37559,0.5
37560,0.5
37561,0.5
37562,0.5
37563,0.5
37564,0.5
37565,0.5
37566,0.5
37567,0.5
37568,0.5
37569,0.5
37570,0.5
37571,0.5
37572,0.5
37573,0.5
37574,0.5
37575,0.5
37576,0.5
37577,0.5
37578,0.5
37579,0.5
37580,0.5
37581,0.5
37582,0.5
37583,0.5
37584,0.5
37585,0.5
37586,0.5
37587,0.5
37588,0.5
37589,0.5
37590,0.5
37591,0.5
37592,0.5
37593,0.5
37594,0.5
37595,0.5
37596,0.5
37597,0.5
37598,0.5
37599,0.5
37600,0.5
37601,0.5
37602,0.5
37603,0.5
37604,0.5
37605,0.5
37606,0.5
37607,0.5
37608,0.5
37609,0.5
37610,0.5
37611,0.5
37612,0.5
37613,0.5
37614,0.5
37615,0.5
37616,0.5
37617,0.5
37618,0.5
37619,0.5
37620,0.5
37621,0.5
37622,0.5
37623,0.5
37624,0.5
37625,0.5
37626,0.5
37627,0.5
37628,0.5
37629,0.5
37630,0.5
37631,0.5
37632,0.5
37633,0.5
37634,0.5
37635,0.5
37636,0.5
37637,0.5
37638,0.5
37639,0.5
37640,0.5
37641,0.5
37642,0.5
37643,0.5
37644,0.5
37645,0.5
37646,0.5
37647,0.5
37648,0.5
37649,0.5
37650,0.5
37651,0.5
37652,0.5
37653,0.5
37654,0.5
37655,0.5
37656,0.5
37657,0.5
37658,0.5
37659,0.5
37660,0.5
37661,0.5
37662,0.5
37663,0.5
37664,0.5
37665,0.5
37666,0.5
37667,0.5
37668,0.5
37669,0.5
37670,0.5
37671,0.5
37672,0.5
37673,0.5
37674,0.5
37675,0.5
37676,0.5
37677,0.5
37678,0.5
37679,0.5
37680,0.5
37681,0.5
37682,0.5
37683,0.5
37684,0.5
37685,0.5
37686,0.5
37687,0.5
37688,0.5
37689,0.5
37690,0.5
37691,0.5
37692,0.5
37693,0.5
37694,0.5
37695,0.5
37696,0.5
37697,0.5
37698,0.5
37699,0.5
37700,0.5
37701,0.5
37702,0.5
37703,0.5
37704,0.5
37705,0.5
37706,0.5
37707,0.5
37708,0.5
37709,0.5
37710,0.5
37711,0.5
37712,0.5
37713,0.5
37714,0.5
37715,0.5
37716,0.5
37717,0.5
37718,0.5
37719,0.5
37720,0.5
37721,0.5
37722,0.5
37723,0.5
37724,0.5
37725,0.5
37726,0.5
37727,0.5
37728,0.5
37729,0.5
37730,0.5
37731,0.5
37732,0.5
37733,0.5
37734,0.5
37735,0.5
37736,0.5
37737,0.5
37738,0.5
37739,0.5
37740,0.5
37741,0.5
37742,0.5
37743,0.5
37744,0.5
37745,0.5
37746,0.5
37747,0.5
37748,0.5
37749,0.5
37750,0.5
37751,0.5
37752,0.5
37753,0.5
37754,0.5
37755,0.5
37756,0.5
37757,0.5
37758,0.5
37759,0.5
37760,0.5
37761,0.5
37762,0.5
37763,0.5
37764,0.5
37765,0.5
37766,0.5
37767,0.5
37768,0.5
37769,0.5
37770,0.5
37771,0.5
37772,0.5
37773,0.5
37774,0.5
37775,0.5
37776,0.5
37777,0.5
37778,0.5
37779,0.5
37780,0.5
37781,0.5
37782,0.5
37783,0.5
37784,0.5
37785,0.5
37786,0.4
37787,0.40187700000000004
37788,0.403754
37789,0.405631
37790,0.40750800000000004
37791,0.409385
37792,0.411262
37793,0.41313900000000003
37794,0.415016
37795,0.416893
37796,0.41877000000000003
37797,0.420647
37798,0.422524
37799,0.42440100000000003
37800,0.42627800000000005
37801,0.428155
37802,0.430032
37803,0.43190900000000004
37804,0.433786
37805,0.435663
37806,0.43754000000000004
37807,0.439417
37808,0.441294
37809,0.44317100000000004
37810,0.445048
37811,0.446925
37812,0.44880200000000003
37813,0.45067900000000005
37814,0.452556
37815,0.45443300000000003
37816,0.45631
37817,0.458187
37818,0.46006400000000003
37819,0.46194100000000005
37820,0.463818
37821,0.465695
37822,0.467572
37823,0.469449
37824,0.471326
37825,0.47320300000000004
37826,0.47508
37827,0.476957
37828,0.47883400000000004
37829,0.480711
37830,0.482588
37831,0.48446500000000003
37832,0.48634200000000005
37833,0.488219
37834,0.49009600000000003
37835,0.491973
37836,0.49385
37837,0.49572700000000003
37838,0.49760400000000005
37839,0.499481
37840,0.501358
37841,0.503235
37842,0.505112
37843,0.506989
37844,0.508866
37845,0.5107430000000001
37846,0.5126200000000001
37847,0.514497
37848,0.516374
37849,0.518251
37850,0.520128
37851,0.522005
37852,0.523882
37853,0.5257590000000001
37854,0.527636
37855,0.529513
37856,0.53139
37857,0.533267
37858,0.5351440000000001
37859,0.537021
37860,0.538898
37861,0.540775
37862,0.542652
37863,0.544529
37864,0.5464060000000001
37865,0.5482830000000001
37866,0.55016
37867,0.552037
37868,0.553914
37869,0.555791
37870,0.557668
37871,0.559545
37872,0.5614220000000001
37873,0.563299
37874,0.565176
37875,0.567053
37876,0.56893
37877,0.5708070000000001
37878,0.572684
37879,0.574561
37880,0.576438
37881,0.4
37882,0.40122
37883,0.40244
37884,0.40366
37885,0.40488
37886,0.4061
37887,0.40732
37888,0.40854
37889,0.40976
37890,0.41098
37891,0.4122
37892,0.41342
37893,0.41464
37894,0.41586
37895,0.41708
37896,0.4183
37897,0.41952
37898,0.42074
37899,0.42196
37900,0.42318
37901,0.4244
37902,0.42562
37903,0.42684
37904,0.42806
37905,0.42928
37906,0.4305
37907,0.43172
37908,0.43294
37909,0.43416
37910,0.43538000000000004
37911,0.43660000000000004
37912,0.43782000000000004
37913,0.43904000000000004
37914,0.44026000000000004
37915,0.44148000000000004
37916,0.44270000000000004
37917,0.44392000000000004
37918,0.44514000000000004
37919,0.44636000000000003
37920,0.44758000000000003
37921,0.44880000000000003
37922,0.45002000000000003
37923,0.45124000000000003
37924,0.45246000000000003
37925,0.45368
37926,0.4549
37927,0.45612
37928,0.45734
37929,0.45856
37930,0.45978
37931,0.461
37932,0.46222
37933,0.46344
37934,0.46466
37935,0.46588
37936,0.4671
37937,0.46832
37938,0.46954
37939,0.47076
37940,0.47198
37941,0.4732
37942,0.47442
37943,0.47564
37944,0.47686
37945,0.47808
37946,0.4793
37947,0.48052
37948,0.48174
37949,0.48296
37950,0.48418
37951,0.4854
37952,0.48662000000000005
37953,0.48784000000000005
37954,0.48906000000000005
37955,0.49028000000000005
37956,0.49150000000000005
37957,0.49272000000000005
37958,0.49394000000000005
37959,0.49516000000000004
37960,0.49638000000000004
37961,0.49760000000000004
37962,0.49882000000000004
37963,0.50004
37964,0.50126
37965,0.50248
37966,0.5037
37967,0.50492
37968,0.50614
37969,0.50736
37970,0.50858
37971,0.5098
37972,0.51102
37973,0.51224
37974,0.51346
37975,0.51468
37976,0.5159
37977,0.51712
37978,0.51834
37979,0.51956
37980,0.52078
37981,0.522
37982,0.52322
37983,0.52444
37984,0.52566
37985,0.52688
37986,0.5281
37987,0.52932
37988,0.53054
37989,0.53176
37990,0.53298
37991,0.4
37992,0.40133670000000005
37993,0.4026734
37994,0.40401010000000004
37995,0.4053468
37996,0.40668350000000003
37997,0.4080202
37998,0.4093569
37999,0.41069360000000005
38000,0.4120303
38001,0.41336700000000004
38002,0.4147037
38003,0.41604040000000003
38004,0.4173771
38005,0.4187138
38006,0.4200505
38007,0.4213872
38008,0.42272390000000004
38009,0.4240606
38010,0.42539730000000003
38011,0.426734
38012,0.4280707
38013,0.4294074
38014,0.4307441
38015,0.43208080000000004
38016,0.4334175
38017,0.43475420000000004
38018,0.4360909
38019,0.4374276
38020,0.4387643
38021,0.440101
38022,0.44143770000000004
38023,0.4427744
38024,0.44411110000000004
38025,0.4454478
38026,0.44678450000000003
38027,0.4481212
38028,0.4494579
38029,0.45079460000000005
38030,0.4521313
38031,0.45346800000000004
38032,0.4548047
38033,0.45614140000000003
38034,0.4574781
38035,0.4588148
38036,0.46015150000000005
38037,0.4614882
38038,0.4628249
38039,0.4641616
38040,0.46549830000000003
38041,0.466835
38042,0.4681717
38043,0.46950840000000005
38044,0.4708451
38045,0.4721818
38046,0.4735185
38047,0.47485520000000003
38048,0.4761919
38049,0.4775286
38050,0.47886530000000005
38051,0.480202
38052,0.4815387
38053,0.4828754
38054,0.48421210000000003
38055,0.4855488
38056,0.4868855
38057,0.48822220000000005
38058,0.4895589
38059,0.4908956
38060,0.4922323
38061,0.49356900000000004
38062,0.4949057
38063,0.49624240000000003
38064,0.4975791
38065,0.4989158
38066,0.5002525
38067,0.5015892
38068,0.5029259
38069,0.5042626
38070,0.5055993
38071,0.506936
38072,0.5082727
38073,0.5096094
38074,0.5109461
38075,0.5122828
38076,0.5136195
38077,0.4
38078,0.4007115
38079,0.40142300000000003
38080,0.4021345
38081,0.40284600000000004
38082,0.4035575
38083,0.40426900000000004
38084,0.4049805
38085,0.405692
38086,0.40640350000000003
38087,0.407115
38088,0.40782650000000004
38089,0.408538
38090,0.40924950000000004
38091,0.409961
38092,0.4106725
38093,0.411384
38094,0.4120955
38095,0.41280700000000004
38096,0.4135185
38097,0.41423000000000004
38098,0.4149415
38099,0.41565300000000005
38100,0.4163645
38101,0.417076
38102,0.41778750000000003
38103,0.418499
38104,0.41921050000000004
38105,0.419922
38106,0.4206335
38107,0.421345
38108,0.4220565
38109,0.42276800000000003
38110,0.4234795
38111,0.42419100000000004
38112,0.4249025
38113,0.42561400000000005
38114,0.4263255
38115,0.427037
38116,0.42774850000000003
38117,0.42846
38118,0.42917150000000004
38119,0.429883
38120,0.43059450000000005
38121,0.431306
38122,0.4320175
38123,0.43272900000000003
38124,0.4334405
38125,0.43415200000000004
38126,0.4348635
38127,0.43557500000000005
38128,0.4362865
38129,0.436998
38130,0.43770950000000003
38131,0.438421
38132,0.43913250000000004
38133,0.439844
38134,0.44055550000000004
38135,0.441267
38136,0.44197850000000005
38137,0.44269000000000003
38138,0.4434015
38139,0.44411300000000004
38140,0.4448245
38141,0.44553600000000004
38142,0.4462475
38143,0.446959
38144,0.4476705
38145,0.448382
38146,0.44909350000000003
38147,0.449805
38148,0.45051650000000004
38149,0.451228
38150,0.45193950000000005
38151,0.452651
38152,0.4533625
38153,0.45407400000000003
38154,0.4547855
38155,0.45549700000000004
38156,0.4562085
38157,0.45692
38158,0.4576315
38159,0.458343
38160,0.45905450000000003
38161,0.459766
38162,0.46047750000000004
38163,0.461189
38164,0.46190050000000005
38165,0.462612
38166,0.4633235
38167,0.46403500000000003
38168,0.4647465
38169,0.46545800000000004
38170,0.4661695
38171,0.466881
38172,0.4675925
38173,0.46830400000000005
38174,0.46901550000000003
38175,0.469727
38176,0.47043850000000004
38177,0.47115
38178,0.47186150000000004
38179,0.472573
38180,0.4732845
38181,0.47399600000000003
38182,0.4747075
38183,0.47541900000000004
38184,0.4761305
38185,0.476842
38186,0.4775535
38187,0.47826500000000005
38188,0.4789765
38189,0.479688
38190,0.48039950000000003
38191,0.481111
38192,0.48182250000000004
38193,0.482534
38194,0.4832455
38195,0.483957
38196,0.4846685
38197,0.48538000000000003
38198,0.4860915
38199,0.48680300000000004
38200,0.4875145
38201,0.48822600000000005
38202,0.4889375
38203,0.489649
38204,0.49036050000000003
38205,0.491072
38206,0.49178350000000004
38207,0.492495
38208,0.4932065
38209,0.493918
38210,0.49462950000000006
38211,0.49534100000000003
38212,0.4960525
38213,0.49676400000000004
38214,0.4974755
38215,0.49818700000000005
38216,0.4988985
38217,0.49961
38218,0.5003215
38219,0.5010330000000001
38220,0.5017445
38221,0.502456
38222,0.5031675
38223,0.503879
38224,0.5045905
38225,0.505302
38226,0.5060135
38227,0.506725
38228,0.5074365000000001
38229,0.508148
38230,0.5088595
38231,0.509571
38232,0.5102825
38233,0.5109940000000001
38234,0.5117055
38235,0.512417
38236,0.5131285
38237,0.5138400000000001
38238,0.5145515
38239,0.515263
38240,0.5159745
38241,0.516686
38242,0.5173975000000001
38243,0.518109
38244,0.5188205
38245,0.519532
38246,0.5202435000000001
38247,0.5209550000000001
38248,0.5216665
38249,0.522378
38250,0.5230895
38251,0.523801
38252,0.5245125
38253,0.525224
38254,0.5259355
38255,0.5266470000000001
38256,0.5273585000000001
38257,0.52807
38258,0.5287815
38259,0.529493
38260,0.5302045
38261,0.530916
38262,0.5316275
38263,0.532339
38264,0.5330505
38265,0.5337620000000001
38266,0.5344735
38267,0.535185
38268,0.5358965
38269,0.536608
38270,0.5373195000000001
38271,0.538031
38272,0.5387425
38273,0.539454
38274,0.5401655000000001
38275,0.540877
38276,0.5415885
38277,0.5423
38278,0.5430115
38279,0.543723
38280,0.5444345
38281,0.545146
38282,0.5458575
38283,0.5465690000000001
38284,0.5472805000000001
38285,0.547992
38286,0.5487035
38287,0.549415
38288,0.5501265
38289,0.550838
38290,0.5515495
38291,0.552261
38292,0.5529725000000001
38293,0.5536840000000001
38294,0.5543955
38295,0.555107
38296,0.5558185
38297,0.55653
38298,0.5572415000000001
38299,0.557953
38300,0.5586645
38301,0.559376
38302,0.5600875000000001
38303,0.560799
38304,0.5615105
38305,0.562222
38306,0.5629335
38307,0.5636450000000001
38308,0.5643565
38309,0.565068
38310,0.5657795
38311,0.5664910000000001
38312,0.5672025
38313,0.567914
38314,0.5686255
38315,0.569337
38316,0.5700485
38317,0.57076
38318,0.5714715
38319,0.572183
38320,0.5728945000000001
38321,0.5736060000000001
38322,0.5743175
38323,0.575029
38324,0.5757405
38325,0.576452
38326,0.5771635
38327,0.577875
38328,0.5785865
38329,0.5792980000000001
38330,0.5800095000000001
38331,0.580721
38332,0.5814325
38333,0.582144
38334,0.5828555
38335,0.5835670000000001
38336,0.5842785
38337,0.58499
38338,0.5857015
38339,0.5864130000000001
38340,0.5871245
38341,0.587836
38342,0.5885475
38343,0.589259
38344,0.5
38345,0.5
38346,0.5
38347,0.5
38348,0.5
38349,0.5
38350,0.5
38351,0.5
38352,0.5
38353,0.5
38354,0.5
38355,0.5
38356,0.5
38357,0.5
38358,0.5
38359,0.5
38360,0.5
38361,0.5
38362,0.5
38363,0.5
38364,0.5
38365,0.5
38366,0.5
38367,0.5
38368,0.5
38369,0.5
38370,0.5
38371,0.5
38372,0.5
38373,0.5
38374,0.5
38375,0.5
38376,0.5
38377,0.5
38378,0.5
38379,0.5
38380,0.5
38381,0.5
38382,0.5
38383,0.5
38384,0.5
38385,0.5
38386,0.5
38387,0.5
38388,0.5
38389,0.5
38390,0.5
38391,0.5
38392,0.5
38393,0.5
38394,0.5
38395,0.5
38396,0.5
38397,0.5
38398,0.5
38399,0.5
38400,0.5
38401,0.5
38402,0.5
38403,0.5
38404,0.5
38405,0.5
38406,0.5
38407,0.5
38408,0.5
38409,0.5
38410,0.5
38411,0.5
38412,0.5
38413,0.5
38414,0.5
38415,0.5
38416,0.5
38417,0.5
38418,0.5
38419,0.5
38420,0.5
38421,0.5
38422,0.5
38423,0.5
38424,0.5
38425,0.5
38426,0.5
38427,0.5
38428,0.5
38429,0.5
38430,0.5
38431,0.5
38432,0.5
38433,0.5
38434,0.5
38435,0.5
38436,0.5
38437,0.5
38438,0.5
38439,0.5
38440,0.5
38441,0.5
38442,0.5
38443,0.5
38444,0.5
38445,0.5
38446,0.5
38447,0.5
38448,0.5
38449,0.5
38450,0.5
38451,0.5
38452,0.5
38453,0.5
38454,0.5
38455,0.5
38456,0.5
38457,0.5
38458,0.5
38459,0.5
38460,0.5
38461,0.5
38462,0.5
38463,0.5
38464,0.5
38465,0.5
38466,0.5
38467,0.5
38468,0.5
38469,0.5
38470,0.5
38471,0.5
38472,0.5
38473,0.5
38474,0.5
38475,0.5
38476,0.5
38477,0.5
38478,0.5
38479,0.5
38480,0.5
38481,0.5
38482,0.5
38483,0.5
38484,0.5
38485,0.5
38486,0.5
38487,0.5
38488,0.5
38489,0.5
38490,0.5
38491,0.5
38492,0.5
38493,0.5
38494,0.5
38495,0.5
38496,0.5
38497,0.5
38498,0.5
38499,0.5
38500,0.5
38501,0.5
38502,0.5
38503,0.5
38504,0.5
38505,0.5
38506,0.5
38507,0.5
38508,0.5
38509,0.5
38510,0.5
38511,0.5
38512,0.5
38513,0.5
38514,0.5
38515,0.5
38516,0.5
38517,0.5
38518,0.5
38519,0.5
38520,0.5
38521,0.5
38522,0.5
38523,0.5
38524,0.5
38525,0.5
38526,0.5
38527,0.5
38528,0.5
38529,0.5
38530,0.5
38531,0.5
38532,0.5
38533,0.5
38534,0.5
38535,0.5
38536,0.5
38537,0.5
38538,0.5
38539,0.5
38540,0.5
38541,0.5
38542,0.5
38543,0.5
38544,0.5
38545,0.5
38546,0.5
38547,0.5
38548,0.5
38549,0.5
38550,0.5
38551,0.5
38552,0.5
38553,0.5
38554,0.5
38555,0.5
38556,0.5
38557,0.5
38558,0.5
38559,0.5
38560,0.5
38561,0.5
38562,0.5
38563,0.5
38564,0.5
38565,0.5
38566,0.5
38567,0.5
38568,0.5
38569,0.5
38570,0.5
38571,0.5
38572,0.5
38573,0.5
38574,0.5
38575,0.5
38576,0.5
38577,0.5
38578,0.5
38579,0.5
38580,0.5
38581,0.5
38582,0.5
38583,0.5
38584,0.5
38585,0.5
38586,0.5
38587,0.5
38588,0.5
38589,0.5
38590,0.5
38591,0.5
38592,0.5
38593,0.5
38594,0.5
38595,0.5
38596,0.5
38597,0.5
38598,0.5
38599,0.5
38600,0.5
38601,0.5
38602,0.5
38603,0.5
38604,0.5
38605,0.5
38606,0.5
38607,0.5
38608,0.5
38609,0.5
38610,0.5
38611,0.5
38612,0.5
38613,0.5
38614,0.5
38615,0.5
38616,0.5
38617,0.5
38618,0.5
38619,0.5
38620,0.5
38621,0.5
38622,0.5
38623,0.5
38624,0.5
38625,0.5
38626,0.5
38627,0.5
38628,0.5
38629,0.5
38630,0.5
38631,0.5
38632,0.5
38633,0.5
38634,0.5
38635,0.5
38636,0.5
38637,0.5
38638,0.5
38639,0.5
38640,0.5
38641,0.5
38642,0.5
38643,0.5
38644,0.5
38645,0.5
38646,0.5
38647,0.5
38648,0.5
38649,0.5
38650,0.5
38651,0.5
38652,0.5
38653,0.5
38654,0.5
38655,0.5
38656,0.5
38657,0.5
38658,0.5
38659,0.5
38660,0.5
38661,0.5
38662,0.5
38663,0.5
38664,0.5
38665,0.5
38666,0.5
38667,0.5
38668,0.5
38669,0.5
38670,0.5
38671,0.5
38672,0.5
38673,0.5
38674,0.5
38675,0.5
38676,0.5
38677,0.5
38678,0.5
38679,0.5
38680,0.5
38681,0.5
38682,0.5
38683,0.5
38684,0.5
38685,0.5
38686,0.5
38687,0.5
38688,0.5
38689,0.5
38690,0.5
38691,0.5
38692,0.5
38693,0.5
38694,0.5
38695,0.5
38696,0.5
38697,0.5
38698,0.5
38699,0.5
38700,0.5
38701,0.5
38702,0.5
38703,0.5
38704,0.5
38705,0.5
38706,0.5
38707,0.5
38708,0.5
38709,0.5
38710,0.5
38711,0.5
38712,0.5
38713,0.5
38714,0.5
38715,0.5
38716,0.5
38717,0.5
38718,0.5
38719,0.5
38720,0.5
38721,0.5
38722,0.5
38723,0.5
38724,0.5
38725,0.5
38726,0.5
38727,0.5
38728,0.5
38729,0.5
38730,0.5
38731,0.5
38732,0.5
38733,0.5
38734,0.5
38735,0.5
38736,0.5
38737,0.5
38738,0.5
38739,0.5
38740,0.5
38741,0.5
38742,0.5
38743,0.5
38744,0.5
38745,0.5
38746,0.5
38747,0.5
38748,0.5
38749,0.5
38750,0.5
38751,0.5
38752,0.5
38753,0.5
38754,0.5
38755,0.5
38756,0.5
38757,0.5
38758,0.5
38759,0.5
38760,0.5
38761,0.5
38762,0.5
38763,0.5
38764,0.5
38765,0.5
38766,0.5
38767,0.5
38768,0.5
38769,0.5
38770,0.5
38771,0.5
38772,0.5
38773,0.5
38774,0.5
38775,0.5
38776,0.5
38777,0.5
38778,0.5
38779,0.5
38780,0.5
38781,0.5
38782,0.5
38783,0.5
38784,0.5
38785,0.5
38786,0.5
38787,0.5
38788,0.5
38789,0.5
38790,0.5
38791,0.5
38792,0.5
38793,0.5
38794,0.5
38795,0.5
38796,0.5
38797,0.5
38798,0.5
38799,0.5
38800,0.5
38801,0.5
38802,0.5
38803,0.5
38804,0.5
38805,0.5
38806,0.5
38807,0.5
38808,0.5
38809,0.5
38810,0.5
38811,0.5
38812,0.5
38813,0.5
38814,0.5
38815,0.5
38816,0.5
38817,0.5
38818,0.5
38819,0.5
38820,0.5
38821,0.5
38822,0.5
38823,0.5
38824,0.5
38825,0.5
38826,0.5
38827,0.5
38828,0.5
38829,0.5
38830,0.5
38831,0.5
38832,0.5
38833,0.5
38834,0.5
38835,0.5
38836,0.5
38837,0.5
38838,0.5
38839,0.5
38840,0.5
38841,0.5
38842,0.5
38843,0.5
38844,0.5
38845,0.5
38846,0.5
38847,0.5
38848,0.5
38849,0.5
38850,0.5
38851,0.5
38852,0.5
38853,0.5
38854,0.5
38855,0.5
38856,0.5
38857,0.5
38858,0.5
38859,0.5
38860,0.5
38861,0.5
38862,0.5
38863,0.5
38864,0.5
38865,0.5
38866,0.5
38867,0.5
38868,0.5
38869,0.5
38870,0.5
38871,0.5
38872,0.5
38873,0.5
38874,0.5
38875,0.5
38876,0.5
38877,0.5
38878,0.5
38879,0.5
38880,0.5
38881,0.5
38882,0.5
38883,0.5
38884,0.5
38885,0.5
38886,0.5
38887,0.5
38888,0.5
38889,0.5
38890,0.5
38891,0.5
38892,0.5
38893,0.5
38894,0.5
38895,0.5
38896,0.5
38897,0.5
38898,0.5
38899,0.5
38900,0.5
38901,0.5
38902,0.5
38903,0.5
38904,0.5
38905,0.5
38906,0.5
38907,0.5
38908,0.5
38909,0.5
38910,0.5
38911,0.5
38912,0.5
38913,0.5
38914,0.5
38915,0.5
38916,0.5
38917,0.5
38918,0.5
38919,0.5
38920,0.5
38921,0.5
38922,0.5
38923,0.5
38924,0.5
38925,0.5
38926,0.5
38927,0.5
38928,0.5
38929,0.5
38930,0.5
38931,0.5
38932,0.5
38933,0.5
38934,0.5
38935,0.5
38936,0.5
38937,0.5
38938,0.5
38939,0.5
38940,0.5
38941,0.5
38942,0.5
38943,0.5
38944,0.5
38945,0.5
38946,0.5
38947,0.5
38948,0.5
38949,0.5
38950,0.5
38951,0.5
38952,0.5
38953,0.5
38954,0.5
38955,0.5
38956,0.5
38957,0.5
38958,0.5
38959,0.5
38960,0.5
38961,0.5
38962,0.5
38963,0.5
38964,0.5
38965,0.5
38966,0.5
38967,0.5
38968,0.5
38969,0.5
38970,0.5
38971,0.5
38972,0.5
38973,0.5
38974,0.5
38975,0.5
38976,0.5
38977,0.5
38978,0.5
38979,0.5
38980,0.5
38981,0.5
38982,0.5
38983,0.5
38984,0.5
38985,0.5
38986,0.5
38987,0.5
38988,0.5
38989,0.5
38990,0.5
38991,0.5
38992,0.5
38993,0.5
38994,0.5
38995,0.5
38996,0.5
38997,0.5
38998,0.5
38999,0.5
39000,0.5
39001,0.5
39002,0.4
39003,0.40080720000000003
39004,0.40161440000000004
39005,0.40242160000000005
39006,0.4032288
39007,0.404036
39008,0.4048432
39009,0.4056504
39010,0.40645760000000003
39011,0.40726480000000004
39012,0.40807200000000005
39013,0.4088792
39014,0.4096864
39015,0.4104936
39016,0.4113008
39017,0.41210800000000003
39018,0.41291520000000004
39019,0.41372240000000005
39020,0.4145296
39021,0.4153368
39022,0.416144
39023,0.4169512
39024,0.41775840000000003
39025,0.41856560000000004
39026,0.41937280000000005
39027,0.42018
39028,0.4209872
39029,0.4217944
39030,0.4226016
39031,0.42340880000000003
39032,0.42421600000000004
39033,0.42502320000000005
39034,0.4258304
39035,0.4266376
39036,0.4274448
39037,0.428252
39038,0.42905920000000003
39039,0.42986640000000004
39040,0.43067360000000005
39041,0.4314808
39042,0.432288
39043,0.4330952
39044,0.4339024
39045,0.43470960000000003
39046,0.43551680000000004
39047,0.43632400000000005
39048,0.43713120000000005
39049,0.4379384
39050,0.4387456
39051,0.4395528
39052,0.44036000000000003
39053,0.44116720000000004
39054,0.44197440000000005
39055,0.4427816
39056,0.4435888
39057,0.444396
39058,0.4452032
39059,0.44601040000000003
39060,0.44681760000000004
39061,0.44762480000000004
39062,0.44843200000000005
39063,0.4492392
39064,0.4500464
39065,0.4508536
39066,0.45166080000000003
39067,0.45246800000000004
39068,0.45327520000000004
39069,0.4540824
39070,0.4548896
39071,0.4556968
39072,0.456504
39073,0.45731120000000003
39074,0.45811840000000004
39075,0.45892560000000004
39076,0.45973280000000005
39077,0.46054
39078,0.4613472
39079,0.4621544
39080,0.46296160000000003
39081,0.46376880000000004
39082,0.464576
39083,0.4653832
39084,0.4661904
39085,0.4669976
39086,0.4678048
39087,0.46861200000000003
39088,0.46941920000000004
39089,0.47022640000000004
39090,0.47103360000000005
39091,0.4718408
39092,0.472648
39093,0.4734552
39094,0.47426240000000003
39095,0.47506960000000004
39096,0.4758768
39097,0.476684
39098,0.4774912
39099,0.4782984
39100,0.4791056
39101,0.47991280000000003
39102,0.48072000000000004
39103,0.48152720000000004
39104,0.48233440000000005
39105,0.4831416
39106,0.4839488
39107,0.484756
39108,0.48556320000000003
39109,0.48637040000000004
39110,0.4871776
39111,0.4879848
39112,0.488792
39113,0.4895992
39114,0.4904064
39115,0.49121360000000003
39116,0.49202080000000004
39117,0.49282800000000004
39118,0.49363520000000005
39119,0.4944424
39120,0.4952496
39121,0.4960568
39122,0.49686400000000003
39123,0.49767120000000004
39124,0.4984784
39125,0.4992856
39126,0.5000928
39127,0.5009
39128,0.5017072
39129,0.5025144
39130,0.5033216
39131,0.5041288
39132,0.504936
39133,0.5057432000000001
39134,0.5065504000000001
39135,0.5073576
39136,0.5081648000000001
39137,0.508972
39138,0.5097792
39139,0.5105864
39140,0.5113936
39141,0.5122008
39142,0.513008
39143,0.5138152
39144,0.5146224
39145,0.5154296
39146,0.5162368
39147,0.5170440000000001
39148,0.5178512000000001
39149,0.5186584000000001
39150,0.5194656
39151,0.5202728
39152,0.52108
39153,0.5218872
39154,0.5226944
39155,0.5235016
39156,0.5243088
39157,0.525116
39158,0.5259232
39159,0.5267304
39160,0.5275376
39161,0.5283448000000001
39162,0.5291520000000001
39163,0.5299592
39164,0.5307664000000001
39165,0.5315736
39166,0.5323808
39167,0.533188
39168,0.5339952
39169,0.5348024
39170,0.5356096
39171,0.5364168
39172,0.537224
39173,0.5380312
39174,0.5388384
39175,0.5396456000000001
39176,0.5404528
39177,0.5412600000000001
39178,0.5420672
39179,0.5428744000000001
39180,0.4
39181,0.402083
39182,0.404166
39183,0.406249
39184,0.40833200000000003
39185,0.41041500000000003
39186,0.41249800000000003
39187,0.41458100000000003
39188,0.41666400000000003
39189,0.41874700000000004
39190,0.42083000000000004
39191,0.42291300000000004
39192,0.42499600000000004
39193,0.42707900000000004
39194,0.42916200000000004
39195,0.43124500000000004
39196,0.43332800000000005
39197,0.43541100000000005
39198,0.43749400000000005
39199,0.439577
39200,0.44166000000000005
39201,0.443743
39202,0.44582600000000006
39203,0.447909
39204,0.44999200000000006
39205,0.452075
39206,0.454158
39207,0.456241
39208,0.458324
39209,0.460407
39210,0.46249
39211,0.464573
39212,0.466656
39213,0.468739
39214,0.470822
39215,0.472905
39216,0.474988
39217,0.477071
39218,0.479154
39219,0.481237
39220,0.48332
39221,0.48540300000000003
39222,0.48748600000000003
39223,0.48956900000000003
39224,0.49165200000000003
39225,0.49373500000000003
39226,0.49581800000000004
39227,0.49790100000000004
39228,0.49998400000000004
39229,0.502067
39230,0.50415
39231,0.506233
39232,0.508316
39233,0.510399
39234,0.512482
39235,0.514565
39236,0.516648
39237,0.518731
39238,0.520814
39239,0.5228970000000001
39240,0.52498
39241,0.5270630000000001
39242,0.529146
39243,0.5312290000000001
39244,0.533312
39245,0.5353950000000001
39246,0.537478
39247,0.5395610000000001
39248,0.541644
39249,0.5437270000000001
39250,0.54581
39251,0.5478930000000001
39252,0.549976
39253,0.5520590000000001
39254,0.554142
39255,0.556225
39256,0.558308
39257,0.5603910000000001
39258,0.562474
39259,0.564557
39260,0.56664
39261,0.5687230000000001
39262,0.570806
39263,0.572889
39264,0.574972
39265,0.5770550000000001
39266,0.579138
39267,0.581221
39268,0.583304
39269,0.5853870000000001
39270,0.58747
39271,0.589553
39272,0.5
39273,0.5
39274,0.5
39275,0.5
39276,0.5
39277,0.5
39278,0.5
39279,0.5
39280,0.5
39281,0.5
39282,0.5
39283,0.5
39284,0.5
39285,0.5
39286,0.5
39287,0.5
39288,0.5
39289,0.5
39290,0.5
39291,0.5
39292,0.5
39293,0.5
39294,0.5
39295,0.5
39296,0.5
39297,0.5
39298,0.5
39299,0.5
39300,0.5
39301,0.5
39302,0.5
39303,0.5
39304,0.5
39305,0.5
39306,0.5
39307,0.5
39308,0.5
39309,0.5
39310,0.5
39311,0.5
39312,0.5
39313,0.5
39314,0.5
39315,0.5
39316,0.5
39317,0.5
39318,0.5
39319,0.5
39320,0.5
39321,0.5
39322,0.5
39323,0.5
39324,0.5
39325,0.5
39326,0.5
39327,0.5
39328,0.5
39329,0.5
39330,0.5
39331,0.5
39332,0.5
39333,0.5
39334,0.5
39335,0.5
39336,0.5
39337,0.5
39338,0.5
39339,0.5
39340,0.5
39341,0.5
39342,0.5
39343,0.5
39344,0.5
39345,0.5
39346,0.5
39347,0.5
39348,0.5
39349,0.5
39350,0.5
39351,0.5
39352,0.5
39353,0.5
39354,0.5
39355,0.5
39356,0.5
39357,0.5
39358,0.5
39359,0.5
39360,0.5
39361,0.5
39362,0.5
39363,0.5
39364,0.5
39365,0.5
39366,0.5
39367,0.5
39368,0.5
39369,0.5
39370,0.5
39371,0.5
39372,0.5
39373,0.5
39374,0.5
39375,0.5
39376,0.5
39377,0.5
39378,0.5
39379,0.5
39380,0.5
39381,0.5
39382,0.5
39383,0.5
39384,0.5
39385,0.5
39386,0.5
39387,0.5
39388,0.5
39389,0.5
39390,0.5
39391,0.5
39392,0.5
39393,0.5
39394,0.5
39395,0.5
39396,0.5
39397,0.5
39398,0.5
39399,0.5
39400,0.5
39401,0.5
39402,0.5
39403,0.5
39404,0.5
39405,0.5
39406,0.5
39407,0.5
39408,0.5
39409,0.5
39410,0.5
39411,0.5
39412,0.5
39413,0.5
39414,0.5
39415,0.5
39416,0.5
39417,0.5
39418,0.5
39419,0.5
39420,0.5
39421,0.5
39422,0.5
39423,0.5
39424,0.5
39425,0.5
39426,0.5
39427,0.5
39428,0.5
39429,0.5
39430,0.5
39431,0.5
39432,0.5
39433,0.5
39434,0.5
39435,0.5
39436,0.5
39437,0.5
39438,0.5
39439,0.5
39440,0.5
39441,0.5
39442,0.5
39443,0.5
39444,0.5
39445,0.5
39446,0.5
39447,0.5
39448,0.5
39449,0.5
39450,0.5
39451,0.5
39452,0.5
39453,0.5
39454,0.5
39455,0.5
39456,0.5
39457,0.5
39458,0.5
39459,0.5
39460,0.5
39461,0.5
39462,0.5
39463,0.5
39464,0.4
39465,0.40202000000000004
39466,0.40404
39467,0.40606000000000003
39468,0.40808
39469,0.4101
39470,0.41212000000000004
39471,0.41414
39472,0.41616000000000003
39473,0.41818
39474,0.4202
39475,0.42222000000000004
39476,0.42424
39477,0.42626000000000003
39478,0.42828
39479,0.4303
39480,0.43232000000000004
39481,0.43434
39482,0.43636
39483,0.43838000000000005
39484,0.4404
39485,0.44242000000000004
39486,0.44444
39487,0.44646
39488,0.44848000000000005
39489,0.4505
39490,0.45252000000000003
39491,0.45454000000000006
39492,0.45656
39493,0.45858000000000004
39494,0.4606
39495,0.46262000000000003
39496,0.46464000000000005
39497,0.46666
39498,0.46868000000000004
39499,0.4707
39500,0.47272000000000003
39501,0.47474000000000005
39502,0.47676
39503,0.47878000000000004
39504,0.4808
39505,0.48282
39506,0.48484000000000005
39507,0.48686
39508,0.48888000000000004
39509,0.4909
39510,0.49292
39511,0.49494000000000005
39512,0.49696
39513,0.49898000000000003
39514,0.501
39515,0.50302
39516,0.50504
39517,0.5070600000000001
39518,0.50908
39519,0.5111
39520,0.51312
39521,0.51514
39522,0.5171600000000001
39523,0.51918
39524,0.5212
39525,0.52322
39526,0.52524
39527,0.5272600000000001
39528,0.52928
39529,0.5313
39530,0.53332
39531,0.53534
39532,0.5373600000000001
39533,0.53938
39534,0.5414
39535,0.54342
39536,0.54544
39537,0.5474600000000001
39538,0.54948
39539,0.5515
39540,0.55352
39541,0.55554
39542,0.5575600000000001
39543,0.4
39544,0.4012507
39545,0.4025014
39546,0.4037521
39547,0.4050028
39548,0.40625350000000005
39549,0.40750420000000004
39550,0.40875490000000003
39551,0.4100056
39552,0.4112563
39553,0.412507
39554,0.4137577
39555,0.4150084
39556,0.4162591
39557,0.41750980000000004
39558,0.41876050000000004
39559,0.42001120000000003
39560,0.4212619
39561,0.4225126
39562,0.4237633
39563,0.425014
39564,0.4262647
39565,0.42751540000000005
39566,0.42876610000000004
39567,0.43001680000000003
39568,0.4312675
39569,0.4325182
39570,0.4337689
39571,0.4350196
39572,0.4362703
39573,0.43752100000000005
39574,0.43877170000000004
39575,0.44002240000000004
39576,0.44127310000000003
39577,0.4425238
39578,0.4437745
39579,0.4450252
39580,0.4462759
39581,0.4475266
39582,0.44877730000000005
39583,0.45002800000000004
39584,0.45127870000000003
39585,0.4525294
39586,0.4537801
39587,0.4550308
39588,0.4562815
39589,0.4575322
39590,0.4587829
39591,0.46003360000000004
39592,0.46128430000000004
39593,0.46253500000000003
39594,0.4637857
39595,0.4650364
39596,0.4662871
39597,0.4675378
39598,0.46878850000000005
39599,0.4700392
39600,0.47128990000000004
39601,0.47254060000000003
39602,0.4737913
39603,0.475042
39604,0.4762927
39605,0.4775434
39606,0.4787941
39607,0.48004480000000005
39608,0.4812955
39609,0.48254620000000004
39610,0.48379690000000003
39611,0.4850476
39612,0.4862983
39613,0.487549
39614,0.4887997
39615,0.4900504
39616,0.49130110000000005
39617,0.49255180000000004
39618,0.49380250000000003
39619,0.4950532
39620,0.4963039
39621,0.4975546
39622,0.4988053
39623,0.5000560000000001
39624,0.5013067
39625,0.5025574
39626,0.5038081
39627,0.5050588
39628,0.5063095
39629,0.5075602
39630,0.5088109000000001
39631,0.5100616
39632,0.5113123
39633,0.512563
39634,0.5138137
39635,0.5150644
39636,0.4
39637,0.400889
39638,0.401778
39639,0.402667
39640,0.403556
39641,0.404445
39642,0.405334
39643,0.406223
39644,0.40711200000000003
39645,0.408001
39646,0.40889000000000003
39647,0.409779
39648,0.41066800000000003
39649,0.411557
39650,0.41244600000000003
39651,0.413335
39652,0.41422400000000004
39653,0.415113
39654,0.41600200000000004
39655,0.416891
39656,0.41778000000000004
39657,0.418669
39658,0.41955800000000004
39659,0.420447
39660,0.42133600000000004
39661,0.422225
39662,0.42311400000000005
39663,0.424003
39664,0.42489200000000005
39665,0.425781
39666,0.42667
39667,0.427559
39668,0.42844800000000005
39669,0.429337
39670,0.430226
39671,0.431115
39672,0.43200400000000005
39673,0.43289300000000003
39674,0.433782
39675,0.43467100000000003
39676,0.43556
39677,0.43644900000000003
39678,0.437338
39679,0.43822700000000003
39680,0.439116
39681,0.44000500000000003
39682,0.440894
39683,0.44178300000000004
39684,0.442672
39685,0.44356100000000004
39686,0.44445
39687,0.44533900000000004
39688,0.446228
39689,0.44711700000000004
39690,0.448006
39691,0.44889500000000004
39692,0.449784
39693,0.45067300000000005
39694,0.451562
39695,0.45245100000000005
39696,0.45334
39697,0.454229
39698,0.455118
39699,0.45600700000000005
39700,0.456896
39701,0.457785
39702,0.458674
39703,0.45956300000000005
39704,0.46045200000000003
39705,0.461341
39706,0.46223000000000003
39707,0.46311900000000006
39708,0.46400800000000003
39709,0.464897
39710,0.46578600000000003
39711,0.466675
39712,0.46756400000000004
39713,0.468453
39714,0.46934200000000004
39715,0.470231
39716,0.47112000000000004
39717,0.472009
39718,0.47289800000000004
39719,0.473787
39720,0.47467600000000004
39721,0.475565
39722,0.47645400000000004
39723,0.477343
39724,0.478232
39725,0.479121
39726,0.48001000000000005
39727,0.480899
39728,0.481788
39729,0.482677
39730,0.48356600000000005
39731,0.484455
39732,0.485344
39733,0.486233
39734,0.48712200000000005
39735,0.48801100000000003
39736,0.4889
39737,0.48978900000000003
39738,0.49067800000000006
39739,0.49156700000000003
39740,0.492456
39741,0.49334500000000003
39742,0.494234
39743,0.49512300000000004
39744,0.496012
39745,0.49690100000000004
39746,0.49779
39747,0.49867900000000004
39748,0.499568
39749,0.500457
39750,0.5013460000000001
39751,0.502235
39752,0.503124
39753,0.504013
39754,0.5049020000000001
39755,0.505791
39756,0.50668
39757,0.507569
39758,0.5084580000000001
39759,0.509347
39760,0.510236
39761,0.511125
39762,0.512014
39763,0.512903
39764,0.513792
39765,0.514681
39766,0.5155700000000001
39767,0.516459
39768,0.517348
39769,0.5182370000000001
39770,0.519126
39771,0.520015
39772,0.520904
39773,0.5217930000000001
39774,0.522682
39775,0.523571
39776,0.52446
39777,0.5253490000000001
39778,0.526238
39779,0.527127
39780,0.528016
39781,0.528905
39782,0.529794
39783,0.530683
39784,0.531572
39785,0.5324610000000001
39786,0.53335
39787,0.534239
39788,0.535128
39789,0.536017
39790,0.536906
39791,0.537795
39792,0.538684
39793,0.5395730000000001
39794,0.540462
39795,0.541351
39796,0.54224
39797,0.543129
39798,0.544018
39799,0.544907
39800,0.5457960000000001
39801,0.5466850000000001
39802,0.547574
39803,0.548463
39804,0.5493520000000001
39805,0.550241
39806,0.55113
39807,0.552019
39808,0.5529080000000001
39809,0.5537970000000001
39810,0.554686
39811,0.555575
39812,0.5564640000000001
39813,0.557353
39814,0.558242
39815,0.559131
39816,0.56002
39817,0.560909
39818,0.561798
39819,0.562687
39820,0.5635760000000001
39821,0.564465
39822,0.565354
39823,0.566243
39824,0.567132
39825,0.568021
39826,0.56891
39827,0.569799
39828,0.5706880000000001
39829,0.571577
39830,0.572466
39831,0.5733550000000001
39832,0.574244
39833,0.575133
39834,0.576022
39835,0.5769110000000001
39836,0.5778000000000001
39837,0.578689
39838,0.579578
39839,0.4
39840,0.404
39841,0.40800000000000003
39842,0.41200000000000003
39843,0.41600000000000004
39844,0.42000000000000004
39845,0.42400000000000004
39846,0.42800000000000005
39847,0.43200000000000005
39848,0.43600000000000005
39849,0.44
39850,0.444
39851,0.448
39852,0.452
39853,0.456
39854,0.46
39855,0.464
39856,0.468
39857,0.47200000000000003
39858,0.47600000000000003
39859,0.48000000000000004
39860,0.48400000000000004
39861,0.488
39862,0.492
39863,0.496
39864,0.5
39865,0.504
39866,0.508
39867,0.512
39868,0.516
39869,0.52
39870,0.524
39871,0.528
39872,0.532
39873,0.536
39874,0.54
39875,0.544
39876,0.548
39877,0.552
39878,0.556
39879,0.56
39880,0.5640000000000001
39881,0.5680000000000001
39882,0.5720000000000001
39883,0.5760000000000001
39884,0.5800000000000001
39885,0.5840000000000001
39886,0.5880000000000001
39887,0.5920000000000001
39888,0.5960000000000001
39889,0.6000000000000001
39890,0.6040000000000001
39891,0.6080000000000001
39892,0.612
39893,0.616
39894,0.62
39895,0.624
39896,0.628
39897,0.632
39898,0.636
39899,0.64
39900,0.644
39901,0.648
39902,0.652
39903,0.5
39904,0.5001174
39905,0.5002348
39906,0.5003522
39907,0.5004696
39908,0.500587
39909,0.5007044
39910,0.5008218
39911,0.5009392
39912,0.5010566
39913,0.501174
39914,0.5012914
39915,0.5014088
39916,0.5015262
39917,0.5016436
39918,0.501761
39919,0.5018784
39920,0.5019958
39921,0.5021132
39922,0.5022306
39923,0.502348
39924,0.5024654
39925,0.5025828
39926,0.5027002
39927,0.5028176
39928,0.502935
39929,0.5030524
39930,0.5031698
39931,0.5032872
39932,0.5034046
39933,0.503522
39934,0.5036394
39935,0.5037568
39936,0.5038742
39937,0.5039916
39938,0.504109
39939,0.5042264
39940,0.5043438
39941,0.5044612
39942,0.5045786
39943,0.504696
39944,0.5048134
39945,0.5049308
39946,0.5050482
39947,0.5051656
39948,0.505283
39949,0.5054004
39950,0.5055178
39951,0.5056352
39952,0.5057526
39953,0.50587
39954,0.5059874
39955,0.5061048
39956,0.5062222
39957,0.5063396
39958,0.506457
39959,0.5065744
39960,0.5066918
39961,0.5068092
39962,0.5069266
39963,0.507044
39964,0.5071614
39965,0.5072788
39966,0.5073962
39967,0.5075136
39968,0.507631
39969,0.5077484
39970,0.5078658
39971,0.5079832
39972,0.5081006
39973,0.508218
39974,0.5083354
39975,0.5084528
39976,0.5085702
39977,0.5086876
39978,0.508805
39979,0.5089224
39980,0.5090398
39981,0.5091572
39982,0.5092746
39983,0.509392
39984,0.5095094
39985,0.5096268
39986,0.5097442
39987,0.5098616
39988,0.509979
39989,0.5100964
39990,0.5102138
39991,0.5103312
39992,0.5104486
39993,0.510566
39994,0.5106834
39995,0.5108007999999999
39996,0.5109182
39997,0.5110356
39998,0.511153
39999,0.5112704
40000,0.5113878
40001,0.5115052
40002,0.5116226
40003,0.51174
40004,0.5118574
40005,0.5119748
40006,0.5120922
40007,0.5122096
40008,0.512327
40009,0.5124444
40010,0.5125618
40011,0.5126792
40012,0.5127966
40013,0.512914
40014,0.5130314
40015,0.5131488
40016,0.5132662
40017,0.5133836
40018,0.513501
40019,0.5136184
40020,0.5137358
40021,0.5138532
40022,0.5139705999999999
40023,0.514088
40024,0.5142054
40025,0.5143228
40026,0.5144402
40027,0.5145576
40028,0.514675
40029,0.5147924
40030,0.5149098
40031,0.5150272
40032,0.5151446
40033,0.515262
40034,0.5153794
40035,0.5154968
40036,0.5156142
40037,0.5157316
40038,0.515849
40039,0.5159664
40040,0.5160838
40041,0.5162012
40042,0.5163186
40043,0.516436
40044,0.5165534
40045,0.5166708
40046,0.5167882
40047,0.5169056
40048,0.517023
40049,0.5171404
40050,0.6
40051,0.5988
40052,0.5976
40053,0.5963999999999999
40054,0.5952
40055,0.594
40056,0.5928
40057,0.5916
40058,0.5903999999999999
40059,0.5892
40060,0.588
40061,0.5868
40062,0.5856
40063,0.5844
40064,0.5831999999999999
40065,0.582
40066,0.5808
40067,0.5796
40068,0.5784
40069,0.5771999999999999
40070,0.576
40071,0.5748
40072,0.5736
40073,0.5724
40074,0.5711999999999999
40075,0.57
40076,0.5688
40077,0.5676
40078,0.5664
40079,0.5651999999999999
40080,0.564
40081,0.5628
40082,0.5616
40083,0.5604
40084,0.5592
40085,0.5579999999999999
40086,0.5568
40087,0.5556
40088,0.5544
40089,0.5532
40090,0.5519999999999999
40091,0.5508
40092,0.5496
40093,0.5484
40094,0.5472
40095,0.546
40096,0.5448
40097,0.5436
40098,0.5424
40099,0.5412
40100,0.54
40101,0.5388
40102,0.5376
40103,0.5364
40104,0.5352
40105,0.534
40106,0.5327999999999999
40107,0.5316
40108,0.5304
40109,0.5292
40110,0.528
40111,0.5267999999999999
40112,0.5256
40113,0.5244
40114,0.5232
40115,0.522
40116,0.5207999999999999
40117,0.5196
40118,0.5184
40119,0.5172
40120,0.516
40121,0.5147999999999999
40122,0.5136
40123,0.5124
40124,0.5112
40125,0.51
40126,0.5088
40127,0.5075999999999999
40128,0.5064
40129,0.5052
40130,0.504
40131,0.5028
40132,0.5016
40133,0.5004
40134,0.4992
40135,0.498
40136,0.4968
40137,0.4956
40138,0.4944
40139,0.49319999999999997
40140,0.492
40141,0.4908
40142,0.4896
40143,0.4884
40144,0.6
40145,0.598694
40146,0.597388
40147,0.596082
40148,0.594776
40149,0.5934699999999999
40150,0.592164
40151,0.590858
40152,0.589552
40153,0.5882459999999999
40154,0.58694
40155,0.585634
40156,0.584328
40157,0.5830219999999999
40158,0.581716
40159,0.58041
40160,0.579104
40161,0.5777979999999999
40162,0.576492
40163,0.575186
40164,0.57388
40165,0.572574
40166,0.571268
40167,0.569962
40168,0.5686559999999999
40169,0.56735
40170,0.566044
40171,0.564738
40172,0.5634319999999999
40173,0.562126
40174,0.56082
40175,0.559514
40176,0.5582079999999999
40177,0.556902
40178,0.555596
40179,0.55429
40180,0.5529839999999999
40181,0.551678
40182,0.550372
40183,0.5490659999999999
40184,0.54776
40185,0.546454
40186,0.545148
40187,0.5438419999999999
40188,0.542536
40189,0.54123
40190,0.539924
40191,0.5386179999999999
40192,0.537312
40193,0.536006
40194,0.5347
40195,0.5333939999999999
40196,0.532088
40197,0.530782
40198,0.529476
40199,0.52817
40200,0.526864
40201,0.525558
40202,0.5242519999999999
40203,0.5229459999999999
40204,0.52164
40205,0.520334
40206,0.5190279999999999
40207,0.517722
40208,0.516416
40209,0.51511
40210,0.5138039999999999
40211,0.512498
40212,0.511192
40213,0.509886
40214,0.50858
40215,0.507274
40216,0.505968
40217,0.5046619999999999
40218,0.5033559999999999
40219,0.50205
40220,0.500744
40221,0.49943799999999994
40222,0.49813199999999996
40223,0.496826
40224,0.49551999999999996
40225,0.494214
40226,0.49290799999999996
40227,0.491602
40228,0.49029599999999995
40229,0.48899
40230,0.48768399999999995
40231,0.486378
40232,0.48507199999999995
40233,0.483766
40234,0.48246
40235,0.48115399999999997
40236,0.47984799999999994
40237,0.47854199999999997
40238,0.477236
40239,0.47592999999999996
40240,0.47462399999999993
40241,0.47331799999999996
40242,0.472012
40243,0.47070599999999996
40244,0.46939999999999993
40245,0.468094
40246,0.466788
40247,0.46548199999999995
40248,0.464176
40249,0.46287
40250,0.461564
40251,0.46025799999999994
40252,0.45895199999999997
40253,0.457646
40254,0.45633999999999997
40255,0.45503399999999994
40256,0.45372799999999996
40257,0.452422
40258,0.45111599999999996
40259,0.44980999999999993
40260,0.44850399999999996
40261,0.447198
40262,0.44589199999999996
40263,0.444586
40264,0.44328
40265,0.441974
40266,0.44066799999999995
40267,0.439362
40268,0.438056
40269,0.43674999999999997
40270,0.43544399999999994
40271,0.43413799999999997
40272,0.432832
40273,0.43152599999999997
40274,0.43021999999999994
40275,0.42891399999999996
40276,0.427608
40277,0.42630199999999996
40278,0.42499599999999993
40279,0.42368999999999996
40280,0.422384
40281,0.42107799999999995
40282,0.419772
40283,0.418466
40284,0.41716
40285,0.41585399999999995
40286,0.41454799999999997
40287,0.413242
40288,0.41193599999999997
40289,0.41062999999999994
40290,0.40932399999999997
40291,0.408018
40292,0.40671199999999996
40293,0.40540599999999993
40294,0.40409999999999996
40295,0.402794
40296,0.40148799999999996
40297,0.4001819999999999
40298,0.39887599999999995
40299,0.39757
40300,0.39626399999999995
40301,0.394958
40302,0.393652
40303,0.392346
40304,0.39103999999999994
40305,0.38973399999999997
40306,0.388428
40307,0.38712199999999997
40308,0.38581599999999994
40309,0.38450999999999996
40310,0.383204
40311,0.38189799999999996
40312,0.38059199999999993
40313,0.37928599999999996
40314,0.37798
40315,0.37667399999999995
40316,0.3753679999999999
40317,0.37406199999999995
40318,0.372756
40319,0.37144999999999995
40320,0.5
40321,0.5
40322,0.5
40323,0.5
40324,0.5
40325,0.5
40326,0.5
40327,0.5
40328,0.5
40329,0.5
40330,0.5
40331,0.5
40332,0.5
40333,0.5
40334,0.5
40335,0.5
40336,0.5
40337,0.5
40338,0.5
40339,0.5
40340,0.5
40341,0.5
40342,0.5
40343,0.5
40344,0.5
40345,0.5
40346,0.5
40347,0.5
40348,0.5
40349,0.5
40350,0.5
40351,0.5
40352,0.5
40353,0.5
40354,0.5
40355,0.5
40356,0.5
40357,0.5
40358,0.5
40359,0.5
40360,0.5
40361,0.5
40362,0.5
40363,0.5
40364,0.5
40365,0.5
40366,0.5
40367,0.5
40368,0.5
40369,0.5
40370,0.5
40371,0.5
40372,0.5
40373,0.5
40374,0.5
40375,0.5
40376,0.5
40377,0.5
40378,0.5
40379,0.5
40380,0.5
40381,0.5
40382,0.5
40383,0.5
40384,0.5
40385,0.5
40386,0.5
40387,0.5
40388,0.5
40389,0.5
40390,0.5
40391,0.5
40392,0.5
40393,0.5
40394,0.5
40395,0.5
40396,0.5
40397,0.5
40398,0.5
40399,0.5
40400,0.5
40401,0.5
40402,0.5
40403,0.5
40404,0.5
40405,0.5
40406,0.5
40407,0.5
40408,0.5
40409,0.5
40410,0.5
40411,0.5
40412,0.5
40413,0.5
40414,0.5
40415,0.5
40416,0.5
40417,0.5
40418,0.5
40419,0.5
40420,0.5
40421,0.5
40422,0.5
40423,0.5
40424,0.5
40425,0.5
40426,0.5
40427,0.5
40428,0.5
40429,0.5
40430,0.5
40431,0.5
40432,0.5
40433,0.5
40434,0.5
40435,0.5
40436,0.5
40437,0.5
40438,0.5
40439,0.5
40440,0.5
40441,0.5
40442,0.5
40443,0.5
40444,0.5
40445,0.5
40446,0.5
40447,0.5
40448,0.5
40449,0.5
40450,0.5
40451,0.5
40452,0.5
40453,0.5
40454,0.5
40455,0.5
40456,0.5
40457,0.5
40458,0.5
40459,0.5
40460,0.5
40461,0.5
40462,0.5
40463,0.5
40464,0.5
40465,0.5
40466,0.5
40467,0.5
40468,0.5
40469,0.5
40470,0.5
40471,0.5
40472,0.5
40473,0.5
40474,0.5
40475,0.5
40476,0.5
40477,0.5
40478,0.5
40479,0.5
40480,0.5
40481,0.5
40482,0.5
40483,0.5
40484,0.5
40485,0.5
40486,0.5
40487,0.5
40488,0.5
40489,0.5
40490,0.5
40491,0.5
40492,0.5
40493,0.5
40494,0.5
40495,0.5
40496,0.5
40497,0.5
40498,0.5
40499,0.5
40500,0.5
40501,0.5
40502,0.5
40503,0.5
40504,0.5
40505,0.5
40506,0.5
40507,0.5
40508,0.5
40509,0.5
40510,0.5
40511,0.5
40512,0.5
40513,0.5
40514,0.5
40515,0.5
40516,0.5
40517,0.5
40518,0.5
40519,0.5
40520,0.5
40521,0.5
40522,0.5
40523,0.5
40524,0.5
40525,0.5
40526,0.5
40527,0.5
40528,0.5
40529,0.5
40530,0.5
40531,0.5
40532,0.5
40533,0.5
40534,0.5
40535,0.5
40536,0.5
40537,0.5
40538,0.5
40539,0.5
40540,0.5
40541,0.5
40542,0.5
40543,0.5
40544,0.5
40545,0.5
40546,0.5
40547,0.5
40548,0.5
40549,0.5
40550,0.5
40551,0.5
40552,0.5
40553,0.5
40554,0.5
40555,0.5
40556,0.5
40557,0.5
40558,0.5
40559,0.5
40560,0.5
40561,0.5
40562,0.5
40563,0.5
40564,0.5
40565,0.5
40566,0.5
40567,0.5
40568,0.5
40569,0.5
40570,0.5
40571,0.5
40572,0.5
40573,0.5
40574,0.5
40575,0.5
40576,0.5
40577,0.5
40578,0.5
40579,0.5
40580,0.5
40581,0.5
40582,0.5
40583,0.5
40584,0.5
40585,0.5
40586,0.5
40587,0.5
40588,0.5
40589,0.5
40590,0.5
40591,0.5
40592,0.5
40593,0.5
40594,0.5
40595,0.5
40596,0.5
40597,0.5
40598,0.5
40599,0.5
40600,0.5
40601,0.5
40602,0.5
40603,0.5
40604,0.5
40605,0.5
40606,0.6
40607,0.5986659
40608,0.5973318
40609,0.5959977
40610,0.5946636
40611,0.5933295
40612,0.5919954
40613,0.5906613
40614,0.5893271999999999
40615,0.5879930999999999
40616,0.5866589999999999
40617,0.5853248999999999
40618,0.5839908
40619,0.5826567
40620,0.5813226
40621,0.5799885
40622,0.5786544
40623,0.5773203
40624,0.5759862
40625,0.5746521
40626,0.573318
40627,0.5719839
40628,0.5706498
40629,0.5693157
40630,0.5679816
40631,0.5666475
40632,0.5653134
40633,0.5639793
40634,0.5626452
40635,0.5613111
40636,0.559977
40637,0.5586428999999999
40638,0.5573087999999999
40639,0.5559746999999999
40640,0.5546405999999999
40641,0.5533064999999999
40642,0.5519724
40643,0.5506383
40644,0.5493042
40645,0.5479701
40646,0.546636
40647,0.5453019
40648,0.5439678
40649,0.5426337
40650,0.5412996
40651,0.5399655
40652,0.5386314
40653,0.5372973
40654,0.5359632
40655,0.5346291
40656,0.533295
40657,0.5319609
40658,0.5306268
40659,0.5292927
40660,0.5279586
40661,0.5266244999999999
40662,0.5252903999999999
40663,0.5239563
40664,0.5226222
40665,0.5212881
40666,0.519954
40667,0.5186199
40668,0.5172858
40669,0.5159517
40670,0.5146176
40671,0.5132835
40672,0.5119494
40673,0.5106153
40674,0.5092812
40675,0.5079471
40676,0.506613
40677,0.5052789
40678,0.5039448
40679,0.5026107
40680,0.5012766
40681,0.49994249999999996
40682,0.49860839999999995
40683,0.49727429999999995
40684,0.4959402
40685,0.4946061
40686,0.493272
40687,0.4919379
40688,0.4906038
40689,0.4892697
40690,0.48793559999999997
40691,0.48660149999999996
40692,0.4852674
40693,0.4839333
40694,0.4825992
40695,0.4812651
40696,0.479931
40697,0.4785969
40698,0.4772628
40699,0.4759287
40700,0.4745946
40701,0.4732605
40702,0.47192639999999997
40703,0.47059229999999996
40704,0.46925819999999996
40705,0.6
40706,0.59871348
40707,0.59742696
40708,0.59614044
40709,0.5948539199999999
40710,0.5935674
40711,0.59228088
40712,0.5909943599999999
40713,0.58970784
40714,0.58842132
40715,0.5871348
40716,0.58584828
40717,0.5845617599999999
40718,0.58327524
40719,0.58198872
40720,0.5807022
40721,0.57941568
40722,0.57812916
40723,0.57684264
40724,0.57555612
40725,0.5742695999999999
40726,0.57298308
40727,0.57169656
40728,0.57041004
40729,0.56912352
40730,0.5678369999999999
40731,0.56655048
40732,0.56526396
40733,0.5639774399999999
40734,0.56269092
40735,0.5614044
40736,0.56011788
40737,0.55883136
40738,0.5575448399999999
40739,0.55625832
40740,0.5549718
40741,0.55368528
40742,0.55239876
40743,0.5511122399999999
40744,0.54982572
40745,0.5485392
40746,0.5472526799999999
40747,0.54596616
40748,0.54467964
40749,0.54339312
40750,0.5421066
40751,0.54082008
40752,0.53953356
40753,0.53824704
40754,0.5369605199999999
40755,0.535674
40756,0.53438748
40757,0.53310096
40758,0.53181444
40759,0.5305279199999999
40760,0.5292414
40761,0.52795488
40762,0.52666836
40763,0.52538184
40764,0.52409532
40765,0.5228088
40766,0.52152228
40767,0.5202357599999999
40768,0.51894924
40769,0.51766272
40770,0.5163762
40771,0.51508968
40772,0.5138031599999999
40773,0.51251664
40774,0.51123012
40775,0.5099435999999999
40776,0.50865708
40777,0.50737056
40778,0.50608404
40779,0.50479752
40780,0.5035109999999999
40781,0.50222448
40782,0.50093796
40783,0.49965143999999995
40784,0.49836492
40785,0.4970784
40786,0.49579187999999996
40787,0.49450536
40788,0.49321884
40789,0.49193232
40790,0.49064579999999997
40791,0.48935927999999995
40792,0.48807276
40793,0.48678624
40794,0.48549971999999997
40795,0.4842132
40796,0.48292668
40797,0.48164016
40798,0.48035363999999997
40799,0.47906711999999996
40800,0.4777806
40801,0.47649408
40802,0.47520756
40803,0.47392104
40804,0.47263451999999995
40805,0.471348
40806,0.47006148
40807,0.46877495999999996
40808,0.46748844
40809,0.46620192
40810,0.4649154
40811,0.46362888
40812,0.46234235999999995
40813,0.46105584
40814,0.45976932
40815,0.45848279999999997
40816,0.45719628
40817,0.45590975999999994
40818,0.45462324
40819,0.45333671999999997
40820,0.45205019999999996
40821,0.45076368
40822,0.44947716
40823,0.44819064
40824,0.44690412
40825,0.44561759999999995
40826,0.44433108
40827,0.44304456
40828,0.44175803999999996
40829,0.44047152
40830,0.439185
40831,0.43789848
40832,0.43661196
40833,0.43532543999999995
40834,0.43403892
40835,0.4327524
40836,0.43146587999999997
40837,0.43017936
40838,0.42889283999999994
40839,0.42760632
40840,0.42631979999999997
40841,0.42503327999999996
40842,0.42374676
40843,0.42246024
40844,0.42117372
40845,0.4198872
40846,0.41860067999999995
40847,0.41731416
40848,0.41602764
40849,0.41474111999999996
40850,0.4134546
40851,0.41216808
40852,0.41088156
40853,0.40959504
40854,0.40830851999999995
40855,0.407022
40856,0.40573548
40857,0.40444895999999997
40858,0.40316244
40859,0.40187591999999994
40860,0.4005894
40861,0.39930287999999997
40862,0.39801635999999996
40863,0.39672984
40864,0.39544332
40865,0.3941568
40866,0.39287028
40867,0.39158375999999995
40868,0.39029724
40869,0.38901072
40870,0.38772419999999996
40871,0.38643768
40872,0.38515116
40873,0.38386464
40874,0.38257812
40875,0.38129159999999995
40876,0.38000508
40877,0.37871856
40878,0.37743203999999997
40879,0.5
40880,0.50181
40881,0.50362
40882,0.50543
40883,0.50724
40884,0.50905
40885,0.51086
40886,0.51267
40887,0.51448
40888,0.51629
40889,0.5181
40890,0.51991
40891,0.52172
40892,0.52353
40893,0.52534
40894,0.52715
40895,0.52896
40896,0.53077
40897,0.53258
40898,0.53439
40899,0.5362
40900,0.53801
40901,0.53982
40902,0.5416300000000001
40903,0.54344
40904,0.54525
40905,0.54706
40906,0.54887
40907,0.5506800000000001
40908,0.55249
40909,0.5543
40910,0.55611
40911,0.55792
40912,0.55973
40913,0.56154
40914,0.56335
40915,0.56516
40916,0.56697
40917,0.56878
40918,0.57059
40919,0.5724
40920,0.57421
40921,0.57602
40922,0.57783
40923,0.57964
40924,0.58145
40925,0.58326
40926,0.58507
40927,0.58688
40928,0.58869
40929,0.5905
40930,0.59231
40931,0.59412
40932,0.5
40933,0.5
40934,0.5
40935,0.5
40936,0.5
40937,0.5
40938,0.5
40939,0.5
40940,0.5
40941,0.5
40942,0.5
40943,0.5
40944,0.5
40945,0.5
40946,0.5
40947,0.5
40948,0.5
40949,0.5
40950,0.5
40951,0.5
40952,0.5
40953,0.5
40954,0.5
40955,0.5
40956,0.5
40957,0.5
40958,0.5
40959,0.5
40960,0.5
40961,0.5
40962,0.5
40963,0.5
40964,0.5
40965,0.5
40966,0.5
40967,0.5
40968,0.5
40969,0.5
40970,0.5
40971,0.5
40972,0.5
40973,0.5
40974,0.5
40975,0.5
40976,0.5
40977,0.5
40978,0.5
40979,0.5
40980,0.5
40981,0.5
40982,0.5
40983,0.5
40984,0.5
40985,0.5
40986,0.5
40987,0.5
40988,0.5
40989,0.5
40990,0.5
40991,0.5
40992,0.5
40993,0.5
40994,0.5
40995,0.5
40996,0.5
40997,0.5
40998,0.5
40999,0.5
41000,0.5
41001,0.5
41002,0.5
41003,0.5
41004,0.5
41005,0.5
41006,0.5
41007,0.5
41008,0.5
41009,0.5
41010,0.5
41011,0.5
41012,0.5
41013,0.5
41014,0.5
41015,0.5
41016,0.5
41017,0.5
41018,0.5
41019,0.5
41020,0.5
41021,0.5
41022,0.5
41023,0.5
41024,0.5
41025,0.5
41026,0.5
41027,0.5
41028,0.5
41029,0.5
41030,0.5
41031,0.5
41032,0.5
41033,0.5
41034,0.5
41035,0.5
41036,0.5
41037,0.5
41038,0.5
41039,0.5
41040,0.5
41041,0.5
41042,0.5
41043,0.5
41044,0.5
41045,0.5
41046,0.5
41047,0.5
41048,0.5
41049,0.5
41050,0.5
41051,0.5
41052,0.5
41053,0.5
41054,0.5
41055,0.5
41056,0.5
41057,0.5
41058,0.5
41059,0.5
41060,0.5
41061,0.5
41062,0.5
41063,0.5
41064,0.5
41065,0.5
41066,0.5
41067,0.5
41068,0.5
41069,0.5
41070,0.5
41071,0.5
41072,0.5
41073,0.5
41074,0.5
41075,0.5
41076,0.5
41077,0.5
41078,0.5
41079,0.5
41080,0.5
41081,0.5
41082,0.5
41083,0.5
41084,0.5
41085,0.5
41086,0.5
41087,0.5
41088,0.5
41089,0.5
41090,0.5
41091,0.5
41092,0.5
41093,0.5
41094,0.5
41095,0.5
41096,0.5
41097,0.5
41098,0.5
41099,0.5
41100,0.5
41101,0.5
41102,0.5
41103,0.5
41104,0.5
41105,0.5
41106,0.5
41107,0.5
41108,0.5
41109,0.5
41110,0.5
41111,0.5
41112,0.5
41113,0.5
41114,0.5
41115,0.5
41116,0.5
41117,0.5
41118,0.5
41119,0.5
41120,0.5
41121,0.5
41122,0.5
41123,0.5
41124,0.5
41125,0.5
41126,0.5
41127,0.5
41128,0.5
41129,0.5
41130,0.5
41131,0.5
41132,0.5
41133,0.5
41134,0.5
41135,0.5
41136,0.5
41137,0.5
41138,0.5
41139,0.5
41140,0.5
41141,0.5
41142,0.5
41143,0.5
41144,0.5
41145,0.5
41146,0.5
41147,0.5
41148,0.5
41149,0.5
41150,0.5
41151,0.5
41152,0.5
41153,0.5
41154,0.5
41155,0.5
41156,0.5
41157,0.5
41158,0.5
41159,0.5
41160,0.5
41161,0.5
41162,0.5
41163,0.5
41164,0.5
41165,0.5
41166,0.5
41167,0.5
41168,0.5
41169,0.5
41170,0.5
41171,0.5
41172,0.5
41173,0.5
41174,0.5
41175,0.5
41176,0.5
41177,0.5
41178,0.5
41179,0.5
41180,0.5
41181,0.5
41182,0.5
41183,0.5
41184,0.5
41185,0.5
41186,0.5
41187,0.5
41188,0.5
41189,0.5
41190,0.5
41191,0.5
41192,0.5
41193,0.5
41194,0.5
41195,0.5
41196,0.5
41197,0.5
41198,0.5
41199,0.5
41200,0.5
41201,0.5
41202,0.5
41203,0.5
41204,0.5
41205,0.5
41206,0.5
41207,0.5
41208,0.5
41209,0.5
41210,0.5
41211,0.5
41212,0.5
41213,0.5
41214,0.5
41215,0.5
41216,0.5
41217,0.5
41218,0.5
41219,0.5
41220,0.5
41221,0.5
41222,0.5
41223,0.5
41224,0.5
41225,0.5
41226,0.5
41227,0.5
41228,0.5
41229,0.5
41230,0.5
41231,0.5
41232,0.5
41233,0.5
41234,0.5
41235,0.5
41236,0.5
41237,0.5
41238,0.5
41239,0.5
41240,0.5
41241,0.5
41242,0.5
41243,0.5
41244,0.5
41245,0.5
41246,0.5
41247,0.5
41248,0.5
41249,0.5
41250,0.5
41251,0.5
41252,0.5
41253,0.5
41254,0.5
41255,0.5
41256,0.5
41257,0.5
41258,0.5
41259,0.5
41260,0.5
41261,0.5
41262,0.5
41263,0.5
41264,0.5
41265,0.5
41266,0.5
41267,0.5
41268,0.5
41269,0.5
41270,0.5
41271,0.5
41272,0.5
41273,0.5
41274,0.5
41275,0.5
41276,0.5
41277,0.5
41278,0.5
41279,0.5
41280,0.5
41281,0.5
41282,0.5
41283,0.5
41284,0.5
41285,0.5
41286,0.5
41287,0.5
41288,0.5
41289,0.5
41290,0.5
41291,0.5
41292,0.5
41293,0.5
41294,0.5
41295,0.5
41296,0.5
41297,0.5
41298,0.5
41299,0.5
41300,0.5
41301,0.5
41302,0.5
41303,0.5
41304,0.5
41305,0.5
41306,0.5
41307,0.5
41308,0.5
41309,0.5
41310,0.5
41311,0.5
41312,0.5
41313,0.5
41314,0.5
41315,0.5
41316,0.5
41317,0.5
41318,0.5
41319,0.5
41320,0.5
41321,0.5
41322,0.5
41323,0.5
41324,0.5
41325,0.5
41326,0.5
41327,0.5
41328,0.5
41329,0.5
41330,0.5
41331,0.5
41332,0.5
41333,0.5
41334,0.5
41335,0.5
41336,0.5
41337,0.5
41338,0.5
41339,0.5
41340,0.5
41341,0.5
41342,0.5
41343,0.5
41344,0.5
41345,0.5
41346,0.5
41347,0.5
41348,0.5
41349,0.5
41350,0.5
41351,0.5
41352,0.5
41353,0.5
41354,0.5
41355,0.5
41356,0.5
41357,0.5
41358,0.5
41359,0.5
41360,0.5
41361,0.5
41362,0.5
41363,0.5
41364,0.5
41365,0.5
41366,0.5
41367,0.5
41368,0.5
41369,0.5
41370,0.5
41371,0.5
41372,0.5
41373,0.5
41374,0.5
41375,0.5
41376,0.5
41377,0.5
41378,0.5
41379,0.5
41380,0.5
41381,0.5
41382,0.5
41383,0.5
41384,0.5
41385,0.5
41386,0.5
41387,0.5
41388,0.5
41389,0.5
41390,0.5
41391,0.5
41392,0.5
41393,0.5
41394,0.5
41395,0.5
41396,0.5
41397,0.5
41398,0.5
41399,0.5
41400,0.5
41401,0.5
41402,0.5
41403,0.5
41404,0.5
41405,0.5
41406,0.5
41407,0.5
41408,0.5
41409,0.5
41410,0.5
41411,0.5
41412,0.5
41413,0.5
41414,0.5
41415,0.5
41416,0.5
41417,0.5
41418,0.5
41419,0.5
41420,0.5
41421,0.5
41422,0.5
41423,0.5
41424,0.5
41425,0.5
41426,0.5
41427,0.5
41428,0.5
41429,0.5
41430,0.5
41431,0.5
41432,0.5
41433,0.5
41434,0.5
41435,0.5
41436,0.5
41437,0.5
41438,0.5
41439,0.5
41440,0.5
41441,0.5
41442,0.5
41443,0.5
41444,0.5
41445,0.5
41446,0.5
41447,0.5
41448,0.5
41449,0.5
41450,0.5
41451,0.5
41452,0.5
41453,0.5
41454,0.5
41455,0.5
41456,0.5
41457,0.5
41458,0.5
41459,0.5
41460,0.5
41461,0.5
41462,0.5
41463,0.5
41464,0.5
41465,0.5
41466,0.5
41467,0.5
41468,0.5
41469,0.5
41470,0.5
41471,0.5
41472,0.5
41473,0.5
41474,0.5
41475,0.5
41476,0.5
41477,0.5
41478,0.5
41479,0.5
41480,0.5
41481,0.5
41482,0.5
41483,0.5
41484,0.5
41485,0.5
41486,0.5
41487,0.5
41488,0.5
41489,0.5
41490,0.5
41491,0.5
41492,0.5
41493,0.5
41494,0.5
41495,0.5
41496,0.5
41497,0.5
41498,0.5
41499,0.5
41500,0.5
41501,0.5
41502,0.5
41503,0.5
41504,0.5
41505,0.5
41506,0.5
41507,0.5
41508,0.5
41509,0.5
41510,0.5
41511,0.5
41512,0.5
41513,0.5
41514,0.5
41515,0.5
41516,0.5
41517,0.5
41518,0.5
41519,0.5
41520,0.5
41521,0.5
41522,0.5
41523,0.5
41524,0.5
41525,0.5
41526,0.5
41527,0.5
41528,0.5
41529,0.5
41530,0.5
41531,0.5
41532,0.5
41533,0.5
41534,0.5
41535,0.5
41536,0.5
41537,0.5
41538,0.5
41539,0.5
41540,0.5
41541,0.5
41542,0.5
41543,0.5
41544,0.5
41545,0.5
41546,0.5
41547,0.5
41548,0.5
41549,0.5
41550,0.5
41551,0.5
41552,0.5
41553,0.5
41554,0.5
41555,0.5
41556,0.5
41557,0.5
41558,0.5
41559,0.5
41560,0.5
41561,0.5
41562,0.5
41563,0.5
41564,0.5
41565,0.5
41566,0.5
41567,0.5
41568,0.5
41569,0.5
41570,0.5
41571,0.5
41572,0.5
41573,0.5
41574,0.5
41575,0.5
41576,0.5
41577,0.5
41578,0.5
41579,0.5
41580,0.5
41581,0.5
41582,0.5
41583,0.5
41584,0.5
41585,0.5
41586,0.5
41587,0.5
41588,0.5
41589,0.5
41590,0.5
41591,0.5
41592,0.5
41593,0.5
41594,0.5
41595,0.5
41596,0.5
41597,0.5
41598,0.5
41599,0.5
41600,0.5
41601,0.5
41602,0.5
41603,0.5
41604,0.5
41605,0.5
41606,0.5
41607,0.5
41608,0.5
41609,0.5
41610,0.5
41611,0.5
41612,0.5
41613,0.5
41614,0.5
41615,0.5
41616,0.5
41617,0.5
41618,0.5
41619,0.5
41620,0.5
41621,0.5
41622,0.5
41623,0.5
41624,0.5
41625,0.5
41626,0.5
41627,0.5
41628,0.5
41629,0.5
41630,0.5
41631,0.5
41632,0.5
41633,0.5
41634,0.5
41635,0.5
41636,0.5
41637,0.5
41638,0.5
41639,0.5
41640,0.5
41641,0.5
41642,0.5
41643,0.5
41644,0.5
41645,0.5
41646,0.5
41647,0.5
41648,0.5
41649,0.5
41650,0.5
41651,0.5
41652,0.5
41653,0.5
41654,0.5
41655,0.5
41656,0.5
41657,0.5
41658,0.5
41659,0.5
41660,0.5
41661,0.5
41662,0.5
41663,0.5
41664,0.5
41665,0.5
41666,0.5
41667,0.5
41668,0.5
41669,0.5
41670,0.5
41671,0.5
41672,0.5
41673,0.5
41674,0.5
41675,0.5
41676,0.5
41677,0.5
41678,0.5
41679,0.5
41680,0.5
41681,0.5
41682,0.5
41683,0.5
41684,0.5
41685,0.5
41686,0.4
41687,0.402527
41688,0.405054
41689,0.407581
41690,0.41010800000000003
41691,0.41263500000000003
41692,0.41516200000000003
41693,0.41768900000000003
41694,0.42021600000000003
41695,0.42274300000000004
41696,0.42527000000000004
41697,0.42779700000000004
41698,0.43032400000000004
41699,0.43285100000000004
41700,0.43537800000000004
41701,0.43790500000000004
41702,0.44043200000000005
41703,0.44295900000000005
41704,0.44548600000000005
41705,0.448013
41706,0.45054000000000005
41707,0.453067
41708,0.45559400000000005
41709,0.458121
41710,0.46064800000000006
41711,0.463175
41712,0.46570200000000006
41713,0.468229
41714,0.470756
41715,0.473283
41716,0.47581
41717,0.478337
41718,0.480864
41719,0.483391
41720,0.485918
41721,0.488445
41722,0.490972
41723,0.493499
41724,0.496026
41725,0.498553
41726,0.50108
41727,0.503607
41728,0.5061340000000001
41729,0.508661
41730,0.511188
41731,0.513715
41732,0.5162420000000001
41733,0.518769
41734,0.521296
41735,0.523823
41736,0.5263500000000001
41737,0.528877
41738,0.531404
41739,0.533931
41740,0.536458
41741,0.538985
41742,0.541512
41743,0.544039
41744,0.546566
41745,0.549093
41746,0.55162
41747,0.5541470000000001
41748,0.556674
41749,0.5592010000000001
41750,0.561728
41751,0.5642550000000001
41752,0.566782
41753,0.5693090000000001
41754,0.571836
41755,0.5743630000000001
41756,0.57689
41757,0.5794170000000001
41758,0.581944
41759,0.5844710000000001
41760,0.586998
41761,0.5895250000000001
41762,0.592052
41763,0.594579
41764,0.597106
41765,0.5996330000000001
41766,0.60216
41767,0.604687
41768,0.607214
41769,0.6097410000000001
41770,0.612268
41771,0.5
41772,0.5
41773,0.5
41774,0.5
41775,0.5
41776,0.5
41777,0.5
41778,0.5
41779,0.5
41780,0.5
41781,0.5
41782,0.5
41783,0.5
41784,0.5
41785,0.5
41786,0.5
41787,0.5
41788,0.5
41789,0.5
41790,0.5
41791,0.5
41792,0.5
41793,0.5
41794,0.5
41795,0.5
41796,0.5
41797,0.5
41798,0.5
41799,0.5
41800,0.5
41801,0.5
41802,0.5
41803,0.5
41804,0.5
41805,0.5
41806,0.5
41807,0.5
41808,0.5
41809,0.5
41810,0.5
41811,0.5
41812,0.5
41813,0.5
41814,0.5
41815,0.5
41816,0.5
41817,0.5
41818,0.5
41819,0.5
41820,0.5
41821,0.5
41822,0.5
41823,0.5
41824,0.5
41825,0.5
41826,0.5
41827,0.5
41828,0.5
41829,0.5
41830,0.5
41831,0.5
41832,0.5
41833,0.5
41834,0.5
41835,0.5
41836,0.5
41837,0.5
41838,0.5
41839,0.5
41840,0.5
41841,0.5
41842,0.5
41843,0.5
41844,0.5
41845,0.5
41846,0.5
41847,0.5
41848,0.5
41849,0.5
41850,0.5
41851,0.5
41852,0.5
41853,0.5
41854,0.5
41855,0.5
41856,0.5
41857,0.5
41858,0.5
41859,0.5
41860,0.5
41861,0.5
41862,0.5
41863,0.5
41864,0.5
41865,0.5
41866,0.5
41867,0.5
41868,0.5
41869,0.5
41870,0.5
41871,0.5
41872,0.5
41873,0.5
41874,0.5
41875,0.5
41876,0.5
41877,0.5
41878,0.5
41879,0.5
41880,0.5
41881,0.5
41882,0.5
41883,0.5
41884,0.5
41885,0.5
41886,0.5
41887,0.5
41888,0.5
41889,0.5
41890,0.5
41891,0.5
41892,0.5
41893,0.5
41894,0.5
41895,0.5
41896,0.5
41897,0.5
41898,0.5
41899,0.5
41900,0.5
41901,0.5
41902,0.5
41903,0.5
41904,0.5
41905,0.5
41906,0.5
41907,0.5
41908,0.5
41909,0.5
41910,0.5
41911,0.5
41912,0.5
41913,0.5
41914,0.5
41915,0.5
41916,0.5
41917,0.5
41918,0.5
41919,0.5
41920,0.5
41921,0.5
41922,0.5
41923,0.5
41924,0.5
41925,0.5
41926,0.5
41927,0.5
41928,0.5
41929,0.5
41930,0.5
41931,0.5
41932,0.5
41933,0.5
41934,0.5
41935,0.5
41936,0.5
41937,0.5
41938,0.5
41939,0.5
41940,0.5
41941,0.5
41942,0.5
41943,0.5
41944,0.5
41945,0.5
41946,0.5
41947,0.5
41948,0.5
41949,0.5
41950,0.5
41951,0.5
41952,0.5
41953,0.5
41954,0.5
41955,0.5
41956,0.5
41957,0.5
41958,0.5
41959,0.5
41960,0.5
41961,0.5
41962,0.5
41963,0.5
41964,0.5
41965,0.5
41966,0.5
41967,0.5
41968,0.5
41969,0.5
41970,0.5
41971,0.5
41972,0.5
41973,0.5
41974,0.5
41975,0.5
41976,0.5
41977,0.5
41978,0.5
41979,0.5
41980,0.5
41981,0.5
41982,0.5
41983,0.5
41984,0.5
41985,0.5
41986,0.5
41987,0.5
41988,0.5
41989,0.5
41990,0.5
41991,0.5
41992,0.5
41993,0.5
41994,0.5
41995,0.5
41996,0.5
41997,0.5
41998,0.5
41999,0.5
42000,0.5
42001,0.5
42002,0.5
42003,0.5
42004,0.5
42005,0.5
42006,0.5
42007,0.5
42008,0.5
42009,0.5
42010,0.5
42011,0.5
42012,0.5
42013,0.5
42014,0.5
42015,0.5
42016,0.5
42017,0.5
42018,0.5
42019,0.5
42020,0.5
42021,0.5
42022,0.5
42023,0.5
42024,0.5
42025,0.5
42026,0.5
42027,0.5
42028,0.5
42029,0.5
42030,0.5
42031,0.5
42032,0.5
42033,0.5
42034,0.5
42035,0.5
42036,0.5
42037,0.5
42038,0.5
42039,0.5
42040,0.5
42041,0.5
42042,0.5
42043,0.5
42044,0.5
42045,0.5
42046,0.5
42047,0.5
42048,0.5
42049,0.5
42050,0.5
42051,0.5
42052,0.5
42053,0.5
42054,0.5
42055,0.5
42056,0.5
42057,0.5
42058,0.5
42059,0.5
42060,0.5
42061,0.5
42062,0.5
42063,0.5
42064,0.5
42065,0.5
42066,0.5
42067,0.5
42068,0.5
42069,0.5
42070,0.5
42071,0.5
42072,0.5
42073,0.5
42074,0.5
42075,0.5
42076,0.5
42077,0.5
42078,0.5
42079,0.5
42080,0.5
42081,0.5
42082,0.5
42083,0.5
42084,0.5
42085,0.5
42086,0.5
42087,0.5
42088,0.5
42089,0.5
42090,0.5
42091,0.5
42092,0.5
42093,0.5
42094,0.5
42095,0.5
42096,0.5
42097,0.5
42098,0.5
42099,0.5
42100,0.5
42101,0.5
42102,0.5
42103,0.5
42104,0.5
42105,0.5
42106,0.5
42107,0.5
42108,0.5
42109,0.5
42110,0.5
42111,0.5
42112,0.5
42113,0.5
42114,0.5
42115,0.5
42116,0.5
42117,0.5
42118,0.5
42119,0.5
42120,0.5
42121,0.5
42122,0.5
42123,0.5
42124,0.5
42125,0.5
42126,0.5
42127,0.5
42128,0.5
42129,0.5
42130,0.5
42131,0.5
42132,0.5
42133,0.5
42134,0.5
42135,0.5
42136,0.5
42137,0.5
42138,0.5
42139,0.5
42140,0.5
42141,0.5
42142,0.5
42143,0.5
42144,0.5
42145,0.5
42146,0.5
42147,0.5
42148,0.5
42149,0.5
42150,0.5
42151,0.5
42152,0.5
42153,0.5
42154,0.5
42155,0.5
42156,0.5
42157,0.5
42158,0.5
42159,0.5
42160,0.5
42161,0.5
42162,0.5
42163,0.5
42164,0.5
42165,0.5
42166,0.5
42167,0.5
42168,0.5
42169,0.5
42170,0.5
42171,0.5
42172,0.5
42173,0.5
42174,0.5
42175,0.5
42176,0.5
42177,0.5
42178,0.5
42179,0.5
42180,0.5
42181,0.5
42182,0.5
42183,0.5
42184,0.5
42185,0.5
42186,0.5
42187,0.5
42188,0.5
42189,0.5
42190,0.5
42191,0.5
42192,0.5
42193,0.5
42194,0.5
42195,0.5
42196,0.5
42197,0.5
42198,0.5
42199,0.5
42200,0.5
42201,0.5
42202,0.5
42203,0.5
42204,0.5
42205,0.5
42206,0.5
42207,0.5
42208,0.5
42209,0.5
42210,0.5
42211,0.5
42212,0.5
42213,0.5
42214,0.5
42215,0.5
42216,0.5
42217,0.5
42218,0.5
42219,0.5
42220,0.5
42221,0.5
42222,0.5
42223,0.5
42224,0.5
42225,0.5
42226,0.5
42227,0.5
42228,0.5
42229,0.5
42230,0.5
42231,0.5
42232,0.5
42233,0.5
42234,0.5
42235,0.5
42236,0.5
42237,0.5
42238,0.5
42239,0.5
42240,0.5
42241,0.5
42242,0.5
42243,0.5
42244,0.5
42245,0.5
42246,0.5
42247,0.5
42248,0.5
42249,0.5
42250,0.5
42251,0.5
42252,0.5
42253,0.5
42254,0.5
42255,0.5
42256,0.5
42257,0.5
42258,0.5
42259,0.5
42260,0.5
42261,0.5
42262,0.5
42263,0.5
42264,0.5
42265,0.5
42266,0.5
42267,0.5
42268,0.5
42269,0.5
42270,0.5
42271,0.5
42272,0.5
42273,0.5
42274,0.5
42275,0.5
42276,0.5
42277,0.5
42278,0.5
42279,0.5
42280,0.5
42281,0.5
42282,0.5
42283,0.5
42284,0.5
42285,0.5
42286,0.5
42287,0.5
42288,0.5
42289,0.5
42290,0.5
42291,0.5
42292,0.5
42293,0.5
42294,0.5
42295,0.5
42296,0.5
42297,0.5
42298,0.5
42299,0.5
42300,0.5
42301,0.5
42302,0.5
42303,0.5
42304,0.5
42305,0.5
42306,0.5
42307,0.5
42308,0.5
42309,0.5
42310,0.5
42311,0.5
42312,0.5
42313,0.5
42314,0.5
42315,0.5
42316,0.5
42317,0.5
42318,0.4
42319,0.400938
42320,0.401876
42321,0.402814
42322,0.403752
42323,0.40469
42324,0.40562800000000004
42325,0.40656600000000004
42326,0.40750400000000003
42327,0.408442
42328,0.40938
42329,0.410318
42330,0.411256
42331,0.412194
42332,0.413132
42333,0.41407000000000005
42334,0.41500800000000004
42335,0.41594600000000004
42336,0.41688400000000003
42337,0.417822
42338,0.41876
42339,0.419698
42340,0.420636
42341,0.421574
42342,0.422512
42343,0.42345000000000005
42344,0.42438800000000004
42345,0.42532600000000004
42346,0.42626400000000003
42347,0.427202
42348,0.42814
42349,0.429078
42350,0.430016
42351,0.430954
42352,0.43189200000000005
42353,0.43283000000000005
42354,0.43376800000000004
42355,0.43470600000000004
42356,0.43564400000000003
42357,0.436582
42358,0.43752
42359,0.438458
42360,0.439396
42361,0.440334
42362,0.441272
42363,0.44221000000000005
42364,0.44314800000000004
42365,0.44408600000000004
42366,0.44502400000000003
42367,0.445962
42368,0.4469
42369,0.447838
42370,0.448776
42371,0.449714
42372,0.45065200000000005
42373,0.45159000000000005
42374,0.45252800000000004
42375,0.45346600000000004
42376,0.45440400000000003
42377,0.455342
42378,0.45628
42379,0.457218
42380,0.458156
42381,0.459094
42382,0.460032
42383,0.46097000000000005
42384,0.46190800000000004
42385,0.46284600000000004
42386,0.46378400000000003
42387,0.464722
42388,0.46566
42389,0.466598
42390,0.467536
42391,0.46847400000000006
42392,0.46941200000000005
42393,0.47035000000000005
42394,0.47128800000000004
42395,0.47222600000000003
42396,0.47316400000000003
42397,0.474102
42398,0.47504
42399,0.475978
42400,0.476916
42401,0.477854
42402,0.478792
42403,0.47973000000000005
42404,0.48066800000000004
42405,0.48160600000000003
42406,0.48254400000000003
42407,0.483482
42408,0.48442
42409,0.485358
42410,0.486296
42411,0.48723400000000006
42412,0.48817200000000005
42413,0.48911000000000004
42414,0.49004800000000004
42415,0.49098600000000003
42416,0.49192400000000003
42417,0.492862
42418,0.4938
42419,0.494738
42420,0.495676
42421,0.496614
42422,0.497552
42423,0.49849000000000004
42424,0.49942800000000004
42425,0.500366
42426,0.501304
42427,0.5022420000000001
42428,0.5031800000000001
42429,0.5041180000000001
42430,0.5050560000000001
42431,0.505994
42432,0.506932
42433,0.50787
42434,0.508808
42435,0.509746
42436,0.510684
42437,0.511622
42438,0.51256
42439,0.513498
42440,0.514436
42441,0.515374
42442,0.516312
42443,0.51725
42444,0.518188
42445,0.519126
42446,0.5200640000000001
42447,0.521002
42448,0.5219400000000001
42449,0.5228780000000001
42450,0.5238160000000001
42451,0.524754
42452,0.525692
42453,0.52663
42454,0.527568
42455,0.528506
42456,0.529444
42457,0.530382
42458,0.53132
42459,0.532258
42460,0.533196
42461,0.534134
42462,0.535072
42463,0.53601
42464,0.536948
42465,0.5378860000000001
42466,0.538824
42467,0.5397620000000001
42468,0.5407
42469,0.5416380000000001
42470,0.5425760000000001
42471,0.543514
42472,0.544452
42473,0.54539
42474,0.546328
42475,0.547266
42476,0.548204
42477,0.549142
42478,0.55008
42479,0.551018
42480,0.551956
42481,0.552894
42482,0.553832
42483,0.55477
42484,0.5557080000000001
42485,0.556646
42486,0.5575840000000001
42487,0.558522
42488,0.5594600000000001
42489,0.5603980000000001
42490,0.5613360000000001
42491,0.562274
42492,0.563212
42493,0.56415
42494,0.565088
42495,0.566026
42496,0.566964
42497,0.567902
42498,0.56884
42499,0.569778
42500,0.570716
42501,0.571654
42502,0.572592
42503,0.5735300000000001
42504,0.574468
42505,0.5754060000000001
42506,0.576344
42507,0.5772820000000001
42508,0.4
42509,0.40141530000000003
42510,0.40283060000000004
42511,0.40424590000000005
42512,0.4056612
42513,0.4070765
42514,0.4084918
42515,0.4099071
42516,0.41132240000000003
42517,0.41273770000000004
42518,0.414153
42519,0.4155683
42520,0.4169836
42521,0.4183989
42522,0.4198142
42523,0.42122950000000003
42524,0.42264480000000004
42525,0.42406010000000005
42526,0.4254754
42527,0.4268907
42528,0.428306
42529,0.42972130000000003
42530,0.43113660000000004
42531,0.43255190000000004
42532,0.4339672
42533,0.4353825
42534,0.4367978
42535,0.4382131
42536,0.43962840000000003
42537,0.44104370000000004
42538,0.44245900000000005
42539,0.4438743
42540,0.4452896
42541,0.4467049
42542,0.4481202
42543,0.44953550000000003
42544,0.45095080000000004
42545,0.4523661
42546,0.4537814
42547,0.4551967
42548,0.456612
42549,0.4580273
42550,0.45944260000000003
42551,0.46085790000000004
42552,0.46227320000000005
42553,0.4636885
42554,0.4651038
42555,0.4665191
42556,0.46793440000000003
42557,0.46934970000000004
42558,0.470765
42559,0.4721803
42560,0.4735956
42561,0.4750109
42562,0.4764262
42563,0.47784150000000003
42564,0.47925680000000004
42565,0.48067210000000005
42566,0.48208740000000005
42567,0.4835027
42568,0.484918
42569,0.4863333
42570,0.48774860000000003
42571,0.48916390000000004
42572,0.4905792
42573,0.4919945
42574,0.4934098
42575,0.4948251
42576,0.4962404
42577,0.49765570000000003
42578,0.49907100000000004
42579,0.5004863
42580,0.5019016000000001
42581,0.5033169000000001
42582,0.5047322000000001
42583,0.5061475
42584,0.5075628
42585,0.5089781
42586,0.5103934
42587,0.5118087
42588,0.513224
42589,0.5146393
42590,0.5160546
42591,0.5174699
42592,0.5188852
42593,0.5203005
42594,0.5217158000000001
42595,0.5231311000000001
42596,0.5245464
42597,0.5259617000000001
42598,0.527377
42599,0.5287923
42600,0.5302076
42601,0.5316229
42602,0.5330382
42603,0.5344535
42604,0.5358688
42605,0.5372841
42606,0.5386994
42607,0.5401147000000001
42608,0.5415300000000001
42609,0.5429453
42610,0.5443606000000001
42611,0.4
42612,0.4012945
42613,0.40258900000000003
42614,0.4038835
42615,0.40517800000000004
42616,0.4064725
42617,0.40776700000000005
42618,0.4090615
42619,0.410356
42620,0.41165050000000003
42621,0.412945
42622,0.41423950000000004
42623,0.415534
42624,0.41682850000000005
42625,0.418123
42626,0.4194175
42627,0.42071200000000003
42628,0.4220065
42629,0.42330100000000004
42630,0.4245955
42631,0.42589000000000005
42632,0.4271845
42633,0.428479
42634,0.42977350000000003
42635,0.431068
42636,0.43236250000000004
42637,0.433657
42638,0.43495150000000005
42639,0.436246
42640,0.4375405
42641,0.43883500000000003
42642,0.4401295
42643,0.44142400000000004
42644,0.4427185
42645,0.44401300000000005
42646,0.4453075
42647,0.44660200000000005
42648,0.44789650000000003
42649,0.449191
42650,0.45048550000000004
42651,0.45178
42652,0.45307450000000005
42653,0.454369
42654,0.4556635
42655,0.45695800000000003
42656,0.4582525
42657,0.45954700000000004
42658,0.4608415
42659,0.46213600000000005
42660,0.4634305
42661,0.46472500000000005
42662,0.46601950000000003
42663,0.467314
42664,0.46860850000000004
42665,0.469903
42666,0.47119750000000005
42667,0.472492
42668,0.4737865
42669,0.47508100000000003
42670,0.4763755
42671,0.47767000000000004
42672,0.4789645
42673,0.48025900000000005
42674,0.4815535
42675,0.48284800000000005
42676,0.48414250000000003
42677,0.485437
42678,0.48673150000000004
42679,0.488026
42680,0.48932050000000005
42681,0.490615
42682,0.4919095
42683,0.49320400000000003
42684,0.4944985
42685,0.49579300000000004
42686,0.4970875
42687,0.49838200000000005
42688,0.4996765
42689,0.500971
42690,0.5022655
42691,0.50356
42692,0.5048545
42693,0.5061490000000001
42694,0.5074435
42695,0.508738
42696,0.5100325
42697,0.5113270000000001
42698,0.5126215000000001
42699,0.513916
42700,0.5152105
42701,0.516505
42702,0.5177995
42703,0.519094
42704,0.5203885
42705,0.521683
42706,0.5229775
42707,0.5242720000000001
42708,0.5255665
42709,0.526861
42710,0.5281555
42711,0.52945
42712,0.5307445000000001
42713,0.532039
42714,0.5333335
42715,0.534628
42716,0.5359225000000001
42717,0.5372170000000001
42718,0.5385115
42719,0.539806
42720,0.5411005
42721,0.5423950000000001
42722,0.5436895
42723,0.544984
42724,0.5462785
42725,0.5475730000000001
42726,0.5488675000000001
42727,0.550162
42728,0.5514565
42729,0.552751
42730,0.5540455
42731,0.5553400000000001
42732,0.5566345
42733,0.557929
42734,0.5592235000000001
42735,0.5605180000000001
42736,0.5618125
42737,0.563107
42738,0.5644015
42739,0.565696
42740,0.5669905000000001
42741,0.568285
42742,0.5695795
42743,0.570874
42744,0.5721685000000001
42745,0.5734630000000001
42746,0.5747575
42747,0.576052
42748,0.5773465
42749,0.5786410000000001
42750,0.5799355
42751,0.58123
42752,0.5825245
42753,0.5838190000000001
42754,0.5851135000000001
42755,0.586408
42756,0.5877025
42757,0.588997
42758,0.5902915
42759,0.5915860000000001
42760,0.5928805
42761,0.594175
42762,0.5954695000000001
42763,0.5967640000000001
42764,0.5980585
42765,0.599353
42766,0.6006475
42767,0.601942
42768,0.6032365000000001
42769,0.604531
42770,0.6058255
42771,0.6071200000000001
42772,0.6084145000000001
42773,0.6097090000000001
42774,0.6110035
42775,0.612298
42776,0.6135925
42777,0.6148870000000001
42778,0.6161815
42779,0.617476
42780,0.6187705
42781,0.6200650000000001
42782,0.6213595000000001
42783,0.5
42784,0.5
42785,0.5
42786,0.5
42787,0.5
42788,0.5
42789,0.5
42790,0.5
42791,0.5
42792,0.5
42793,0.5
42794,0.5
42795,0.5
42796,0.5
42797,0.5
42798,0.5
42799,0.5
42800,0.5
42801,0.5
42802,0.5
42803,0.5
42804,0.5
42805,0.5
42806,0.5
42807,0.5
42808,0.5
42809,0.5
42810,0.5
42811,0.5
42812,0.5
42813,0.5
42814,0.5
42815,0.5
42816,0.5
42817,0.5
42818,0.5
42819,0.5
42820,0.5
42821,0.5
42822,0.5
42823,0.5
42824,0.5
42825,0.5
42826,0.5
42827,0.5
42828,0.5
42829,0.5
42830,0.5
42831,0.5
42832,0.5
42833,0.5
42834,0.5
42835,0.5
42836,0.5
42837,0.5
42838,0.5
42839,0.5
42840,0.5
42841,0.5
42842,0.5
42843,0.5
42844,0.5
42845,0.5
42846,0.5
42847,0.5
42848,0.5
42849,0.5
42850,0.5
42851,0.5
42852,0.5
42853,0.5
42854,0.5
42855,0.5
42856,0.5
42857,0.5
42858,0.5
42859,0.5
42860,0.5
42861,0.5
42862,0.5
42863,0.5
42864,0.5
42865,0.5
42866,0.5
42867,0.5
42868,0.5
42869,0.5
42870,0.5
42871,0.5
42872,0.5
42873,0.5
42874,0.5
42875,0.5
42876,0.5
42877,0.5
42878,0.5
42879,0.5
42880,0.5
42881,0.5
42882,0.5
42883,0.5
42884,0.5
42885,0.5
42886,0.5
42887,0.5
42888,0.5
42889,0.5
42890,0.5
42891,0.5
42892,0.5
42893,0.5
42894,0.5
42895,0.5
42896,0.5
42897,0.5
42898,0.5
42899,0.5
42900,0.5
42901,0.5
42902,0.5
42903,0.5
42904,0.5
42905,0.5
42906,0.5
42907,0.5
42908,0.5
42909,0.5
42910,0.5
42911,0.5
42912,0.5
42913,0.5
42914,0.5
42915,0.5
42916,0.5
42917,0.5
42918,0.5
42919,0.5
42920,0.5
42921,0.5
42922,0.5
42923,0.5
42924,0.5
42925,0.5
42926,0.5
42927,0.5
42928,0.5
42929,0.5
42930,0.5
42931,0.5
42932,0.5
42933,0.5
42934,0.5
42935,0.5
42936,0.5
42937,0.5
42938,0.5
42939,0.5
42940,0.5
42941,0.5
42942,0.5
42943,0.5
42944,0.5
42945,0.5
42946,0.5
42947,0.5
42948,0.5
42949,0.5
42950,0.5
42951,0.5
42952,0.5
42953,0.5
42954,0.5
42955,0.5
42956,0.5
42957,0.5
42958,0.5
42959,0.5
42960,0.5
42961,0.5
42962,0.5
42963,0.5
42964,0.5
42965,0.5
42966,0.5
42967,0.5
42968,0.5
42969,0.5
42970,0.5
42971,0.5
42972,0.5
42973,0.5
42974,0.5
42975,0.5
42976,0.5
42977,0.5
42978,0.5
42979,0.5
42980,0.5
42981,0.5
42982,0.5
42983,0.5
42984,0.5
42985,0.5
42986,0.5
42987,0.5
42988,0.5
42989,0.5
42990,0.5
42991,0.5
42992,0.5
42993,0.5
42994,0.5
42995,0.5
42996,0.5
42997,0.5
42998,0.5
42999,0.5
43000,0.5
43001,0.5
43002,0.5
43003,0.5
43004,0.5
43005,0.5
43006,0.5
43007,0.5
43008,0.5
43009,0.5
43010,0.5
43011,0.5
43012,0.5
43013,0.5
43014,0.5
43015,0.5
43016,0.5
43017,0.5
43018,0.5
43019,0.5
43020,0.5
43021,0.5
43022,0.5
43023,0.5
43024,0.5
43025,0.5
43026,0.5
43027,0.5
43028,0.5
43029,0.5
43030,0.5
43031,0.5
43032,0.5
43033,0.5
43034,0.5
43035,0.5
43036,0.5
43037,0.5
43038,0.5
43039,0.5
43040,0.5
43041,0.5
43042,0.5
43043,0.5
43044,0.5
43045,0.5
43046,0.5
43047,0.5
43048,0.5
43049,0.5
43050,0.5
43051,0.5
43052,0.5
43053,0.5
43054,0.5
43055,0.5
43056,0.5
43057,0.5
43058,0.5
43059,0.5
43060,0.5
43061,0.5
43062,0.5
43063,0.5
43064,0.5
43065,0.5
43066,0.5
43067,0.5
43068,0.5
43069,0.5
43070,0.5
43071,0.5
43072,0.5
43073,0.5
43074,0.5
43075,0.5
43076,0.5
43077,0.5
43078,0.5
43079,0.5
43080,0.5
43081,0.5
43082,0.5
43083,0.5
43084,0.5
43085,0.5
43086,0.5
43087,0.5
43088,0.5
43089,0.5
43090,0.5
43091,0.5
43092,0.5
43093,0.5
43094,0.5
43095,0.5
43096,0.5
43097,0.5
43098,0.5
43099,0.5
43100,0.5
43101,0.5
43102,0.5
43103,0.5
43104,0.5
43105,0.5
43106,0.5
43107,0.5
43108,0.5
43109,0.5
43110,0.5
43111,0.5
43112,0.5
43113,0.5
43114,0.5
43115,0.5
43116,0.5
43117,0.5
43118,0.5
43119,0.5
43120,0.5
43121,0.5
43122,0.5
43123,0.5
43124,0.5
43125,0.5
43126,0.5
43127,0.5
43128,0.5
43129,0.5
43130,0.5
43131,0.5
43132,0.5
43133,0.5
43134,0.5
43135,0.5
43136,0.5
43137,0.5
43138,0.5
43139,0.5
43140,0.5
43141,0.5
43142,0.5
43143,0.5
43144,0.5
43145,0.5
43146,0.5
43147,0.5
43148,0.5
43149,0.5
43150,0.5
43151,0.5
43152,0.5
43153,0.5
43154,0.5
43155,0.5
43156,0.5
43157,0.5
43158,0.5
43159,0.5
43160,0.5
43161,0.5
43162,0.5
43163,0.5
43164,0.5
43165,0.5
43166,0.5
43167,0.5
43168,0.5
43169,0.5
43170,0.5
43171,0.5
43172,0.5
43173,0.5
43174,0.5
43175,0.5
43176,0.5
43177,0.5
43178,0.5
43179,0.5
43180,0.5
43181,0.5
43182,0.5
43183,0.5
43184,0.5
43185,0.5
43186,0.5
43187,0.5
43188,0.5
43189,0.5
43190,0.5
43191,0.5
43192,0.5
43193,0.5
43194,0.5
43195,0.5
43196,0.5
43197,0.5
43198,0.5
43199,0.5
43200,0.5
43201,0.5
43202,0.5
43203,0.5
43204,0.5
43205,0.5
43206,0.5
43207,0.5
43208,0.5
43209,0.5
43210,0.5
43211,0.5
43212,0.5
43213,0.5
43214,0.5
43215,0.5
43216,0.5
43217,0.5
43218,0.5
43219,0.5
43220,0.5
43221,0.5
43222,0.5
43223,0.5
43224,0.5
43225,0.5
43226,0.5
43227,0.5
43228,0.5
43229,0.5
43230,0.5
43231,0.5
43232,0.5
43233,0.5
43234,0.5
43235,0.5
43236,0.5
43237,0.5
43238,0.5
43239,0.5
43240,0.5
43241,0.5
43242,0.5
43243,0.5
43244,0.5
43245,0.5
43246,0.5
43247,0.5
43248,0.5
43249,0.5
43250,0.5
43251,0.5
43252,0.5
43253,0.5
43254,0.5
43255,0.5
43256,0.5
43257,0.5
43258,0.5
43259,0.5
43260,0.5
43261,0.5
43262,0.5
43263,0.5
43264,0.5
43265,0.5
43266,0.5
43267,0.5
43268,0.5
43269,0.5
43270,0.5
43271,0.5
43272,0.5
43273,0.5
43274,0.5
43275,0.5
43276,0.5
43277,0.5
43278,0.5
43279,0.5
43280,0.5
43281,0.5
43282,0.5
43283,0.5
43284,0.5
43285,0.5
43286,0.5
43287,0.5
43288,0.5
43289,0.5
43290,0.5
43291,0.5
43292,0.5
43293,0.5
43294,0.5
43295,0.5
43296,0.5
43297,0.5
43298,0.5
43299,0.6
43300,0.5992609999999999
43301,0.598522
43302,0.597783
43303,0.597044
43304,0.596305
43305,0.5955659999999999
43306,0.594827
43307,0.594088
43308,0.593349
43309,0.59261
43310,0.5918709999999999
43311,0.591132
43312,0.590393
43313,0.589654
43314,0.588915
43315,0.588176
43316,0.587437
43317,0.5866979999999999
43318,0.585959
43319,0.58522
43320,0.584481
43321,0.583742
43322,0.5830029999999999
43323,0.582264
43324,0.581525
43325,0.580786
43326,0.580047
43327,0.5793079999999999
43328,0.578569
43329,0.57783
43330,0.577091
43331,0.576352
43332,0.5756129999999999
43333,0.574874
43334,0.574135
43335,0.573396
43336,0.572657
43337,0.5719179999999999
43338,0.571179
43339,0.57044
43340,0.569701
43341,0.568962
43342,0.5682229999999999
43343,0.567484
43344,0.5667449999999999
43345,0.566006
43346,0.565267
43347,0.564528
43348,0.563789
43349,0.5630499999999999
43350,0.562311
43351,0.561572
43352,0.560833
43353,0.560094
43354,0.5593549999999999
43355,0.558616
43356,0.557877
43357,0.557138
43358,0.556399
43359,0.5556599999999999
43360,0.554921
43361,0.554182
43362,0.553443
43363,0.552704
43364,0.551965
43365,0.551226
43366,0.550487
43367,0.549748
43368,0.549009
43369,0.54827
43370,0.547531
43371,0.546792
43372,0.546053
43373,0.545314
43374,0.544575
43375,0.543836
43376,0.5430969999999999
43377,0.542358
43378,0.541619
43379,0.54088
43380,0.540141
43381,0.5394019999999999
43382,0.538663
43383,0.537924
43384,0.537185
43385,0.536446
43386,0.5357069999999999
43387,0.534968
43388,0.534229
43389,0.53349
43390,0.532751
43391,0.5320119999999999
43392,0.531273
43393,0.530534
43394,0.529795
43395,0.529056
43396,0.5283169999999999
43397,0.527578
43398,0.6
43399,0.599361
43400,0.598722
43401,0.598083
43402,0.597444
43403,0.596805
43404,0.596166
43405,0.595527
43406,0.594888
43407,0.594249
43408,0.59361
43409,0.592971
43410,0.592332
43411,0.591693
43412,0.591054
43413,0.590415
43414,0.589776
43415,0.589137
43416,0.588498
43417,0.587859
43418,0.58722
43419,0.586581
43420,0.585942
43421,0.585303
43422,0.584664
43423,0.584025
43424,0.583386
43425,0.582747
43426,0.582108
43427,0.581469
43428,0.58083
43429,0.580191
43430,0.579552
43431,0.578913
43432,0.578274
43433,0.577635
43434,0.576996
43435,0.576357
43436,0.575718
43437,0.575079
43438,0.57444
43439,0.573801
43440,0.573162
43441,0.572523
43442,0.571884
43443,0.571245
43444,0.570606
43445,0.569967
43446,0.569328
43447,0.568689
43448,0.5680499999999999
43449,0.567411
43450,0.5667719999999999
43451,0.566133
43452,0.5654939999999999
43453,0.564855
43454,0.5642159999999999
43455,0.563577
43456,0.5629379999999999
43457,0.562299
43458,0.5616599999999999
43459,0.561021
43460,0.5603819999999999
43461,0.559743
43462,0.5591039999999999
43463,0.558465
43464,0.5578259999999999
43465,0.557187
43466,0.5565479999999999
43467,0.555909
43468,0.5552699999999999
43469,0.554631
43470,0.5539919999999999
43471,0.553353
43472,0.5527139999999999
43473,0.552075
43474,0.5514359999999999
43475,0.550797
43476,0.5501579999999999
43477,0.549519
43478,0.54888
43479,0.548241
43480,0.5476019999999999
43481,0.546963
43482,0.546324
43483,0.545685
43484,0.5450459999999999
43485,0.544407
43486,0.543768
43487,0.543129
43488,0.5424899999999999
43489,0.541851
43490,0.541212
43491,0.540573
43492,0.539934
43493,0.539295
43494,0.538656
43495,0.538017
43496,0.537378
43497,0.536739
43498,0.5361
43499,0.535461
43500,0.534822
43501,0.534183
43502,0.533544
43503,0.532905
43504,0.532266
43505,0.531627
43506,0.530988
43507,0.530349
43508,0.52971
43509,0.529071
43510,0.528432
43511,0.527793
43512,0.527154
43513,0.526515
43514,0.525876
43515,0.525237
43516,0.524598
43517,0.523959
43518,0.52332
43519,0.522681
43520,0.522042
43521,0.521403
43522,0.520764
43523,0.520125
43524,0.519486
43525,0.518847
43526,0.518208
43527,0.517569
43528,0.51693
43529,0.5162909999999999
43530,0.515652
43531,0.5150129999999999
43532,0.514374
43533,0.5137349999999999
43534,0.513096
43535,0.5124569999999999
43536,0.511818
43537,0.5111789999999999
43538,0.51054
43539,0.5099009999999999
43540,0.509262
43541,0.5086229999999999
43542,0.507984
43543,0.5073449999999999
43544,0.506706
43545,0.5060669999999999
43546,0.505428
43547,0.5047889999999999
43548,0.50415
43549,0.5035109999999999
43550,0.502872
43551,0.5022329999999999
43552,0.501594
43553,0.5009549999999999
43554,0.500316
43555,0.499677
43556,0.499038
43557,0.498399
43558,0.49776
43559,0.497121
43560,0.496482
43561,0.495843
43562,0.495204
43563,0.494565
43564,0.493926
43565,0.493287
43566,0.492648
43567,0.492009
43568,0.49137
43569,0.490731
43570,0.49009199999999997
43571,0.48945299999999997
43572,0.48881399999999997
43573,0.48817499999999997
43574,0.48753599999999997
43575,0.48689699999999997
43576,0.48625799999999997
43577,0.48561899999999997
43578,0.6
43579,0.599433
43580,0.598866
43581,0.598299
43582,0.5977319999999999
43583,0.597165
43584,0.596598
43585,0.596031
43586,0.595464
43587,0.594897
43588,0.59433
43589,0.5937629999999999
43590,0.593196
43591,0.592629
43592,0.592062
43593,0.591495
43594,0.590928
43595,0.590361
43596,0.5897939999999999
43597,0.589227
43598,0.58866
43599,0.588093
43600,0.587526
43601,0.586959
43602,0.586392
43603,0.5858249999999999
43604,0.585258
43605,0.584691
43606,0.584124
43607,0.583557
43608,0.58299
43609,0.582423
43610,0.5818559999999999
43611,0.581289
43612,0.580722
43613,0.580155
43614,0.579588
43615,0.579021
43616,0.578454
43617,0.5778869999999999
43618,0.5773199999999999
43619,0.576753
43620,0.576186
43621,0.575619
43622,0.575052
43623,0.574485
43624,0.5739179999999999
43625,0.5733509999999999
43626,0.572784
43627,0.572217
43628,0.57165
43629,0.571083
43630,0.570516
43631,0.5699489999999999
43632,0.5693819999999999
43633,0.568815
43634,0.568248
43635,0.567681
43636,0.567114
43637,0.566547
43638,0.5659799999999999
43639,0.5654129999999999
43640,0.564846
43641,0.564279
43642,0.563712
43643,0.563145
43644,0.562578
43645,0.5620109999999999
43646,0.5614439999999999
43647,0.560877
43648,0.56031
43649,0.559743
43650,0.559176
43651,0.558609
43652,0.5580419999999999
43653,0.5574749999999999
43654,0.556908
43655,0.556341
43656,0.555774
43657,0.555207
43658,0.55464
43659,0.5540729999999999
43660,0.5535059999999999
43661,0.552939
43662,0.552372
43663,0.551805
43664,0.551238
43665,0.550671
43666,0.5501039999999999
43667,0.5495369999999999
43668,0.54897
43669,0.548403
43670,0.547836
43671,0.547269
43672,0.546702
43673,0.5461349999999999
43674,0.5455679999999999
43675,0.545001
43676,0.544434
43677,0.543867
43678,0.5433
43679,0.542733
43680,0.5421659999999999
43681,0.5415989999999999
43682,0.541032
43683,0.540465
43684,0.539898
43685,0.539331
43686,0.538764
43687,0.5381969999999999
43688,0.5376299999999999
43689,0.537063
43690,0.536496
43691,0.535929
43692,0.535362
43693,0.534795
43694,0.5342279999999999
43695,0.5336609999999999
43696,0.533094
43697,0.532527
43698,0.53196
43699,0.531393
43700,0.530826
43701,0.530259
43702,0.5296919999999999
43703,0.529125
43704,0.528558
43705,0.527991
43706,0.527424
43707,0.526857
43708,0.5262899999999999
43709,0.5257229999999999
43710,0.525156
43711,0.524589
43712,0.524022
43713,0.523455
43714,0.522888
43715,0.522321
43716,0.5217539999999999
43717,0.521187
43718,0.52062
43719,0.520053
43720,0.519486
43721,0.518919
43722,0.5183519999999999
43723,0.5177849999999999
43724,0.517218
43725,0.516651
43726,0.516084
43727,0.515517
43728,0.51495
43729,0.514383
43730,0.5138159999999999
43731,0.513249
43732,0.512682
43733,0.512115
43734,0.511548
43735,0.510981
43736,0.5104139999999999
43737,0.5098469999999999
43738,0.50928
43739,0.508713
43740,0.508146
43741,0.507579
43742,0.507012
43743,0.506445
43744,0.5058779999999999
43745,0.505311
43746,0.504744
43747,0.504177
43748,0.50361
43749,0.503043
43750,0.5024759999999999
43751,0.5019089999999999
43752,0.501342
43753,0.500775
43754,0.500208
43755,0.499641
43756,0.49907399999999996
43757,0.498507
43758,0.49794
43759,0.49737299999999995
43760,0.49680599999999997
43761,0.496239
43762,0.495672
43763,0.49510499999999996
43764,0.494538
43765,0.493971
43766,0.6
43767,0.5988785999999999
43768,0.5977572
43769,0.5966357999999999
43770,0.5955144
43771,0.594393
43772,0.5932716
43773,0.5921502
43774,0.5910288
43775,0.5899074
43776,0.588786
43777,0.5876646
43778,0.5865431999999999
43779,0.5854218
43780,0.5843003999999999
43781,0.583179
43782,0.5820576
43783,0.5809362
43784,0.5798148
43785,0.5786934
43786,0.577572
43787,0.5764505999999999
43788,0.5753292
43789,0.5742077999999999
43790,0.5730864
43791,0.571965
43792,0.5708436
43793,0.5697222
43794,0.5686008
43795,0.5674794
43796,0.566358
43797,0.5652366
43798,0.5641151999999999
43799,0.5629938
43800,0.5618723999999999
43801,0.560751
43802,0.5596296
43803,0.5585082
43804,0.5573868
43805,0.5562654
43806,0.555144
43807,0.5540225999999999
43808,0.5529012
43809,0.5517797999999999
43810,0.5506584
43811,0.5495369999999999
43812,0.5484156
43813,0.5472942
43814,0.5461728
43815,0.5450514
43816,0.54393
43817,0.5428086
43818,0.5416871999999999
43819,0.5405658
43820,0.5394443999999999
43821,0.538323
43822,0.5372016
43823,0.5360802
43824,0.5349588
43825,0.5338374
43826,0.532716
43827,0.5315946
43828,0.5304732
43829,0.5293517999999999
43830,0.5282304
43831,0.5271089999999999
43832,0.5259876
43833,0.5248662
43834,0.5237448
43835,0.5226234
43836,0.521502
43837,0.5203806
43838,0.5192592
43839,0.5181378
43840,0.5170163999999999
43841,0.515895
43842,0.5147735999999999
43843,0.5136522
43844,0.5125308
43845,0.5114094
43846,0.510288
43847,0.5091665999999999
43848,0.5080452
43849,0.5069238
43850,0.5058024
43851,0.5046809999999999
43852,0.5035596
43853,0.5024382
43854,0.5013168
43855,0.5001954
43856,0.49907399999999996
43857,0.49795259999999997
43858,0.4968312
43859,0.4957098
43860,0.4945884
43861,0.493467
43862,0.49234559999999994
43863,0.4912242
43864,0.49010279999999995
43865,0.48898139999999995
43866,0.48785999999999996
43867,0.48673859999999997
43868,0.48561719999999997
43869,0.4844958
43870,0.4833744
43871,0.482253
43872,0.4811316
43873,0.48001019999999994
43874,0.4788888
43875,0.47776739999999995
43876,0.47664599999999996
43877,0.47552459999999996
43878,0.47440319999999997
43879,0.4732818
43880,0.4721604
43881,0.471039
43882,0.46991759999999994
43883,0.4687962
43884,0.46767479999999995
43885,0.4665534
43886,0.46543199999999996
43887,0.46431059999999996
43888,0.46318919999999997
43889,0.4620678
43890,0.4609464
43891,0.459825
43892,0.4587036
43893,0.45758219999999994
43894,0.4564608
43895,0.45533939999999995
43896,0.454218
43897,0.45309659999999996
43898,0.45197519999999997
43899,0.45085379999999997
43900,0.4497324
43901,0.448611
43902,0.44748959999999993
43903,0.4463682
43904,0.44524679999999994
43905,0.4441254
43906,0.44300399999999995
43907,0.44188259999999996
43908,0.44076119999999996
43909,0.43963979999999997
43910,0.4385184
43911,0.437397
43912,0.4362756
43913,0.43515419999999994
43914,0.4340328
43915,0.43291139999999995
43916,0.43179
43917,0.43066859999999996
43918,0.42954719999999996
43919,0.42842579999999997
43920,0.4273044
43921,0.426183
43922,0.4250616
43923,0.4239402
43924,0.42281879999999994
43925,0.4216974
43926,0.42057599999999995
43927,0.4194546
43928,0.41833319999999996
43929,0.41721179999999997
43930,0.41609039999999997
43931,0.414969
43932,0.4138476
43933,0.41272619999999993
43934,0.4116048
43935,0.41048339999999994
43936,0.409362
43937,0.40824059999999995
43938,0.40711919999999996
43939,0.40599779999999996
43940,0.40487639999999997
43941,0.6
43942,0.598609
43943,0.597218
43944,0.595827
43945,0.594436
43946,0.5930449999999999
43947,0.591654
43948,0.590263
43949,0.588872
43950,0.587481
43951,0.58609
43952,0.584699
43953,0.5833079999999999
43954,0.581917
43955,0.580526
43956,0.579135
43957,0.5777439999999999
43958,0.576353
43959,0.574962
43960,0.5735709999999999
43961,0.57218
43962,0.570789
43963,0.569398
43964,0.5680069999999999
43965,0.566616
43966,0.565225
43967,0.563834
43968,0.562443
43969,0.561052
43970,0.559661
43971,0.5582699999999999
43972,0.556879
43973,0.555488
43974,0.554097
43975,0.5527059999999999
43976,0.551315
43977,0.549924
43978,0.5485329999999999
43979,0.547142
43980,0.545751
43981,0.54436
43982,0.5429689999999999
43983,0.541578
43984,0.540187
43985,0.5387959999999999
43986,0.537405
43987,0.536014
43988,0.534623
43989,0.5332319999999999
43990,0.531841
43991,0.53045
43992,0.529059
43993,0.527668
43994,0.526277
43995,0.524886
43996,0.5234949999999999
43997,0.522104
43998,0.520713
43999,0.519322
44000,0.5179309999999999
44001,0.51654
44002,0.515149
44003,0.5137579999999999
44004,0.512367
44005,0.510976
44006,0.509585
44007,0.5081939999999999
44008,0.506803
44009,0.505412
44010,0.5040209999999999
44011,0.5026299999999999
44012,0.501239
44013,0.49984799999999996
44014,0.498457
44015,0.49706599999999995
44016,0.495675
44017,0.49428399999999995
44018,0.49289299999999997
44019,0.491502
44020,0.49011099999999996
44021,0.48872
44022,0.48732899999999996
44023,0.485938
44024,0.48454699999999995
44025,0.483156
44026,0.481765
44027,0.48037399999999997
44028,0.47898299999999994
44029,0.47759199999999996
44030,0.476201
44031,0.47480999999999995
44032,0.473419
44033,0.472028
44034,0.47063699999999997
44035,0.46924599999999994
44036,0.46785499999999997
44037,0.6
44038,0.598314
44039,0.5966279999999999
44040,0.594942
44041,0.593256
44042,0.5915699999999999
44043,0.589884
44044,0.588198
44045,0.5865119999999999
44046,0.584826
44047,0.58314
44048,0.581454
44049,0.579768
44050,0.578082
44051,0.576396
44052,0.5747099999999999
44053,0.573024
44054,0.571338
44055,0.5696519999999999
44056,0.567966
44057,0.56628
44058,0.5645939999999999
44059,0.562908
44060,0.561222
44061,0.559536
44062,0.55785
44063,0.556164
44064,0.554478
44065,0.552792
44066,0.551106
44067,0.54942
44068,0.5477339999999999
44069,0.546048
44070,0.544362
44071,0.5426759999999999
44072,0.54099
44073,0.539304
44074,0.5376179999999999
44075,0.535932
44076,0.534246
44077,0.5325599999999999
44078,0.530874
44079,0.529188
44080,0.5275019999999999
44081,0.525816
44082,0.52413
44083,0.522444
44084,0.5207579999999999
44085,0.519072
44086,0.517386
44087,0.5156999999999999
44088,0.514014
44089,0.512328
44090,0.510642
44091,0.508956
44092,0.50727
44093,0.505584
44094,0.503898
44095,0.502212
44096,0.500526
44097,0.49883999999999995
44098,0.497154
44099,0.49546799999999996
44100,0.49378199999999994
44101,0.492096
44102,0.49041
44103,0.488724
44104,0.48703799999999997
44105,0.485352
44106,0.483666
44107,0.48197999999999996
44108,0.480294
44109,0.478608
44110,0.47692199999999996
44111,0.475236
44112,0.47354999999999997
44113,0.47186399999999995
44114,0.470178
44115,0.46849199999999996
44116,0.46680599999999994
44117,0.46512
44118,0.463434
44119,0.461748
44120,0.46006199999999997
44121,0.458376
44122,0.45669
44123,0.45500399999999996
44124,0.453318
44125,0.451632
44126,0.44994599999999996
44127,0.44826
44128,0.44657399999999997
44129,0.44488799999999995
44130,0.443202
44131,0.44151599999999996
44132,0.5
44133,0.5
44134,0.5
44135,0.5
44136,0.5
44137,0.5
44138,0.5
44139,0.5
44140,0.5
44141,0.5
44142,0.5
44143,0.5
44144,0.5
44145,0.5
44146,0.5
44147,0.5
44148,0.5
44149,0.5
44150,0.5
44151,0.5
44152,0.5
44153,0.5
44154,0.5
44155,0.5
44156,0.5
44157,0.5
44158,0.5
44159,0.5
44160,0.5
44161,0.5
44162,0.5
44163,0.5
44164,0.5
44165,0.5
44166,0.5
44167,0.5
44168,0.5
44169,0.5
44170,0.5
44171,0.5
44172,0.5
44173,0.5
44174,0.5
44175,0.5
44176,0.5
44177,0.5
44178,0.5
44179,0.5
44180,0.5
44181,0.5
44182,0.5
44183,0.5
44184,0.5
44185,0.5
44186,0.5
44187,0.5
44188,0.5
44189,0.5
44190,0.5
44191,0.5
44192,0.5
44193,0.5
44194,0.5
44195,0.5
44196,0.5
44197,0.5
44198,0.5
44199,0.5
44200,0.5
44201,0.5
44202,0.5
44203,0.5
44204,0.5
44205,0.5
44206,0.5
44207,0.5
44208,0.5
44209,0.5
44210,0.5
44211,0.5
44212,0.5
44213,0.5
44214,0.5
44215,0.5
44216,0.5
44217,0.5
44218,0.5
44219,0.5
44220,0.5
44221,0.5
44222,0.5
44223,0.6
44224,0.598314
44225,0.5966279999999999
44226,0.594942
44227,0.593256
44228,0.5915699999999999
44229,0.589884
44230,0.588198
44231,0.5865119999999999
44232,0.584826
44233,0.58314
44234,0.581454
44235,0.579768
44236,0.578082
44237,0.576396
44238,0.5747099999999999
44239,0.573024
44240,0.571338
44241,0.5696519999999999
44242,0.567966
44243,0.56628
44244,0.5645939999999999
44245,0.562908
44246,0.561222
44247,0.559536
44248,0.55785
44249,0.556164
44250,0.554478
44251,0.552792
44252,0.551106
44253,0.54942
44254,0.5477339999999999
44255,0.546048
44256,0.544362
44257,0.5426759999999999
44258,0.54099
44259,0.539304
44260,0.5376179999999999
44261,0.535932
44262,0.534246
44263,0.5325599999999999
44264,0.530874
44265,0.529188
44266,0.5275019999999999
44267,0.525816
44268,0.52413
44269,0.522444
44270,0.5207579999999999
44271,0.519072
44272,0.517386
44273,0.5156999999999999
44274,0.514014
44275,0.512328
44276,0.510642
44277,0.508956
44278,0.50727
44279,0.505584
44280,0.503898
44281,0.502212
44282,0.500526
44283,0.49883999999999995
44284,0.497154
44285,0.49546799999999996
44286,0.49378199999999994
44287,0.492096
44288,0.49041
44289,0.488724
44290,0.48703799999999997
44291,0.485352
44292,0.483666
44293,0.48197999999999996
44294,0.480294
44295,0.478608
44296,0.47692199999999996
44297,0.475236
44298,0.47354999999999997
44299,0.47186399999999995
44300,0.470178
44301,0.46849199999999996
44302,0.46680599999999994
44303,0.46512
44304,0.463434
44305,0.461748
44306,0.46006199999999997
44307,0.458376
44308,0.45669
44309,0.45500399999999996
44310,0.453318
44311,0.451632
44312,0.44994599999999996
44313,0.44826
44314,0.44657399999999997
44315,0.44488799999999995
44316,0.5
44317,0.50379
44318,0.50758
44319,0.51137
44320,0.51516
44321,0.51895
44322,0.52274
44323,0.5265299999999999
44324,0.53032
44325,0.53411
44326,0.5379
44327,0.54169
44328,0.54548
44329,0.54927
44330,0.55306
44331,0.55685
44332,0.56064
44333,0.56443
44334,0.56822
44335,0.57201
44336,0.5758
44337,0.57959
44338,0.58338
44339,0.58717
44340,0.59096
44341,0.59475
44342,0.59854
44343,0.60233
44344,0.60612
44345,0.60991
44346,0.5
44347,0.499
44348,0.498
44349,0.497
44350,0.496
44351,0.495
44352,0.494
44353,0.493
44354,0.492
44355,0.491
44356,0.49
44357,0.489
44358,0.488
44359,0.487
44360,0.486
44361,0.485
44362,0.484
44363,0.483
44364,0.482
44365,0.481
44366,0.48
44367,0.479
44368,0.478
44369,0.477
44370,0.476
44371,0.475
44372,0.474
44373,0.473
44374,0.472
44375,0.471
44376,0.47
44377,0.469
44378,0.46799999999999997
44379,0.46699999999999997
44380,0.46599999999999997
44381,0.46499999999999997
44382,0.46399999999999997
44383,0.463
44384,0.462
44385,0.461
44386,0.46
44387,0.459
44388,0.458
44389,0.457
44390,0.456
44391,0.455
44392,0.454
44393,0.453
44394,0.452
44395,0.451
44396,0.45
44397,0.449
44398,0.448
44399,0.447
44400,0.446
44401,0.445
44402,0.444
44403,0.443
44404,0.442
44405,0.441
44406,0.44
44407,0.439
44408,0.5
44409,0.5027200000000001
44410,0.50544
44411,0.50816
44412,0.51088
44413,0.5136000000000001
44414,0.51632
44415,0.51904
44416,0.52176
44417,0.5244800000000001
44418,0.5272
44419,0.52992
44420,0.53264
44421,0.5353600000000001
44422,0.53808
44423,0.5408
44424,0.54352
44425,0.5462400000000001
44426,0.54896
44427,0.55168
44428,0.5544
44429,0.5571200000000001
44430,0.55984
44431,0.56256
44432,0.56528
44433,0.5680000000000001
44434,0.57072
44435,0.57344
44436,0.57616
44437,0.5788800000000001
44438,0.5816
44439,0.58432
44440,0.58704
44441,0.5
44442,0.49685
44443,0.4937
44444,0.49055
44445,0.4874
44446,0.48425
44447,0.48109999999999997
44448,0.47795
44449,0.4748
44450,0.47165
44451,0.4685
44452,0.46535
44453,0.4622
44454,0.45905
44455,0.45589999999999997
44456,0.45275
44457,0.4496
44458,0.44645
44459,0.4433
44460,0.44015
44461,0.437
44462,0.43385
44463,0.43069999999999997
44464,0.42755
44465,0.4244
44466,0.42125
44467,0.4181
44468,0.41495
44469,0.4118
44470,0.40865
44471,0.40549999999999997
44472,0.40235
44473,0.3992
44474,0.39605
44475,0.3929
44476,0.38975
44477,0.3866
44478,0.38345
44479,0.38029999999999997
44480,0.37715
44481,0.374
44482,0.37085
44483,0.3677
44484,0.36455
44485,0.3614
44486,0.35825
44487,0.35509999999999997
44488,0.35195
44489,0.3488
44490,0.34565
44491,0.3425
44492,0.33935
44493,0.3362
44494,0.33305
44495,0.32989999999999997
44496,0.32675
44497,0.4
44498,0.40700000000000003
44499,0.41400000000000003
44500,0.42100000000000004
44501,0.42800000000000005
44502,0.43500000000000005
44503,0.442
44504,0.449
44505,0.456
44506,0.463
44507,0.47000000000000003
44508,0.47700000000000004
44509,0.48400000000000004
44510,0.491
44511,0.498
44512,0.505
44513,0.512
44514,0.519
44515,0.526
44516,0.533
44517,0.54
44518,0.547
44519,0.554
44520,0.561
44521,0.5680000000000001
44522,0.5750000000000001
44523,0.5820000000000001
44524,0.589
44525,0.5960000000000001
44526,0.603
44527,0.61
44528,0.617
44529,0.624
44530,0.631
44531,0.6
44532,0.597
44533,0.594
44534,0.591
44535,0.588
44536,0.585
44537,0.582
44538,0.579
44539,0.576
44540,0.573
44541,0.57
44542,0.567
44543,0.564
44544,0.5609999999999999
44545,0.5579999999999999
44546,0.5549999999999999
44547,0.5519999999999999
44548,0.5489999999999999
44549,0.5459999999999999
44550,0.5429999999999999
44551,0.54
44552,0.5369999999999999
44553,0.534
44554,0.5309999999999999
44555,0.528
44556,0.525
44557,0.522
44558,0.519
44559,0.516
44560,0.513
44561,0.51
44562,0.507
44563,0.504
44564,0.501
44565,0.498
44566,0.495
44567,0.492
44568,0.489
44569,0.486
44570,0.483
44571,0.48
44572,0.477
44573,0.474
44574,0.471
44575,0.46799999999999997
44576,0.46499999999999997
44577,0.46199999999999997
44578,0.45899999999999996
44579,0.45599999999999996
44580,0.45299999999999996
44581,0.44999999999999996
44582,0.44699999999999995
44583,0.44399999999999995
44584,0.44099999999999995
44585,0.43799999999999994
44586,0.43499999999999994
44587,0.5
44588,0.5032753
44589,0.5065506
44590,0.5098259
44591,0.5131012
44592,0.5163765
44593,0.5196518
44594,0.5229271
44595,0.5262024
44596,0.5294777
44597,0.532753
44598,0.5360283
44599,0.5393036
44600,0.5425789
44601,0.5458542
44602,0.5491295
44603,0.5524048
44604,0.5556801
44605,0.5589554
44606,0.5622307
44607,0.5655060000000001
44608,0.5687813
44609,0.5720566
44610,0.5753319
44611,0.5786072
44612,0.5818825
44613,0.5851578
44614,0.5884331
44615,0.5917084
44616,0.5949837
44617,0.598259
44618,0.6015343
44619,0.6048096000000001
44620,0.6080849
44621,0.6113602
44622,0.6146355
44623,0.6179108
44624,0.6211861
44625,0.6
44626,0.597
44627,0.594
44628,0.591
44629,0.588
44630,0.585
44631,0.582
44632,0.579
44633,0.576
44634,0.573
44635,0.57
44636,0.567
44637,0.564
44638,0.5609999999999999
44639,0.5579999999999999
44640,0.5549999999999999
44641,0.5519999999999999
44642,0.5489999999999999
44643,0.5459999999999999
44644,0.5429999999999999
44645,0.54
44646,0.5369999999999999
44647,0.534
44648,0.5309999999999999
44649,0.528
44650,0.525
44651,0.522
44652,0.519
44653,0.516
44654,0.513
44655,0.51
44656,0.507
44657,0.504
44658,0.501
44659,0.498
44660,0.495
44661,0.492
44662,0.489
44663,0.486
44664,0.483
44665,0.48
44666,0.477
44667,0.474
44668,0.471
44669,0.46799999999999997
44670,0.46499999999999997
44671,0.46199999999999997
44672,0.45899999999999996
44673,0.45599999999999996
44674,0.45299999999999996
44675,0.44999999999999996
44676,0.44699999999999995
44677,0.44399999999999995
44678,0.44099999999999995
44679,0.43799999999999994
44680,0.43499999999999994
44681,0.5
44682,0.503451
44683,0.506902
44684,0.5103530000000001
44685,0.513804
44686,0.517255
44687,0.520706
44688,0.524157
44689,0.527608
44690,0.531059
44691,0.53451
44692,0.537961
44693,0.541412
44694,0.544863
44695,0.548314
44696,0.551765
44697,0.555216
44698,0.558667
44699,0.562118
44700,0.565569
44701,0.56902
44702,0.572471
44703,0.575922
44704,0.579373
44705,0.582824
44706,0.586275
44707,0.589726
44708,0.593177
44709,0.596628
44710,0.600079
44711,0.60353
44712,0.606981
44713,0.610432
44714,0.613883
44715,0.617334
44716,0.620785
44717,0.6
44718,0.59644
44719,0.59288
44720,0.58932
44721,0.58576
44722,0.5821999999999999
44723,0.5786399999999999
44724,0.57508
44725,0.57152
44726,0.56796
44727,0.5644
44728,0.56084
44729,0.55728
44730,0.55372
44731,0.55016
44732,0.5466
44733,0.54304
44734,0.53948
44735,0.53592
44736,0.5323599999999999
44737,0.5287999999999999
44738,0.5252399999999999
44739,0.5216799999999999
44740,0.51812
44741,0.51456
44742,0.511
44743,0.50744
44744,0.50388
44745,0.50032
44746,0.49676
44747,0.49319999999999997
44748,0.48963999999999996
44749,0.48607999999999996
44750,0.48252
44751,0.47896
44752,0.4754
44753,0.47184
44754,0.46828
44755,0.46472
44756,0.46116
44757,0.4576
44758,0.45404
44759,0.45048
44760,0.44692
44761,0.44336
44762,0.43979999999999997
44763,0.43623999999999996
44764,0.43267999999999995
44765,0.42912
44766,0.42556
44767,0.422
44768,0.41844
44769,0.41488
44770,0.41132
44771,0.40776
44772,0.4042
44773,0.40064
44774,0.39708
44775,0.39352
44776,0.5
44777,0.5
44778,0.5
44779,0.5
44780,0.5
44781,0.5
44782,0.5
44783,0.5
44784,0.5
44785,0.5
44786,0.5
44787,0.5
44788,0.5
44789,0.5
44790,0.5
44791,0.5
44792,0.5
44793,0.5
44794,0.5
44795,0.5
44796,0.5
44797,0.5
44798,0.5
44799,0.5
44800,0.5
44801,0.5
44802,0.5
44803,0.5
44804,0.5
44805,0.5
44806,0.5
44807,0.5
44808,0.5
44809,0.5
44810,0.5
44811,0.5
44812,0.5
44813,0.5
44814,0.5
44815,0.5
44816,0.5
44817,0.5
44818,0.5
44819,0.5
44820,0.5
44821,0.5
44822,0.5
44823,0.5
44824,0.5
44825,0.5
44826,0.5
44827,0.5
44828,0.5
44829,0.5
44830,0.5
44831,0.5
44832,0.5
44833,0.5
44834,0.5
44835,0.5
44836,0.5
44837,0.5
44838,0.5
44839,0.5
44840,0.5
44841,0.5
44842,0.5
44843,0.5
44844,0.5
44845,0.5
44846,0.5
44847,0.5
44848,0.5
44849,0.5
44850,0.5
44851,0.5
44852,0.5
44853,0.5
44854,0.5
44855,0.5
44856,0.5
44857,0.5
44858,0.5
44859,0.5
44860,0.5
44861,0.5
44862,0.5
44863,0.5
44864,0.5
44865,0.5
44866,0.5
44867,0.5
44868,0.5
44869,0.5
44870,0.5
44871,0.6
44872,0.597811
44873,0.595622
44874,0.593433
44875,0.591244
44876,0.589055
44877,0.586866
44878,0.584677
44879,0.582488
44880,0.580299
44881,0.57811
44882,0.575921
44883,0.573732
44884,0.571543
44885,0.569354
44886,0.5671649999999999
44887,0.5649759999999999
44888,0.5627869999999999
44889,0.5605979999999999
44890,0.5584089999999999
44891,0.5562199999999999
44892,0.5540309999999999
44893,0.5518419999999999
44894,0.549653
44895,0.547464
44896,0.545275
44897,0.543086
44898,0.540897
44899,0.538708
44900,0.536519
44901,0.53433
44902,0.532141
44903,0.529952
44904,0.527763
44905,0.525574
44906,0.523385
44907,0.521196
44908,0.519007
44909,0.516818
44910,0.514629
44911,0.51244
44912,0.510251
44913,0.508062
44914,0.505873
44915,0.503684
44916,0.501495
44917,0.49930599999999997
44918,0.497117
44919,0.494928
44920,0.492739
44921,0.49055
44922,0.488361
44923,0.486172
44924,0.483983
44925,0.48179399999999994
44926,0.47960499999999995
44927,0.47741599999999995
44928,0.47522699999999996
44929,0.47303799999999996
44930,0.47084899999999996
44931,0.46865999999999997
44932,0.46647099999999997
44933,0.464282
44934,0.462093
44935,0.459904
44936,0.457715
44937,0.455526
44938,0.453337
44939,0.451148
44940,0.448959
44941,0.44677
44942,0.444581
44943,0.442392
44944,0.440203
44945,0.438014
44946,0.435825
44947,0.43363599999999997
44948,0.43144699999999997
44949,0.429258
44950,0.427069
44951,0.42488
44952,0.422691
44953,0.420502
44954,0.418313
44955,0.416124
44956,0.41393499999999994
44957,0.41174599999999995
44958,0.40955699999999995
44959,0.40736799999999995
44960,0.5
44961,0.5001527
44962,0.5003054
44963,0.5004581
44964,0.5006108
44965,0.5007635
44966,0.5009162
44967,0.5010689
44968,0.5012216
44969,0.5013743
44970,0.501527
44971,0.5016797
44972,0.5018324
44973,0.5019851
44974,0.5021378
44975,0.5022905
44976,0.5024432
44977,0.5025959
44978,0.5027486
44979,0.5029013
44980,0.503054
44981,0.5032067
44982,0.5033594
44983,0.5035121
44984,0.5036648
44985,0.5038175
44986,0.5039702
44987,0.5041229
44988,0.5042756
44989,0.5044283
44990,0.504581
44991,0.5047337
44992,0.5048864
44993,0.5050391
44994,0.5051918
44995,0.5053445
44996,0.5054972
44997,0.5056499
44998,0.5058026
44999,0.5059553
45000,0.506108
45001,0.5062607
45002,0.5064134
45003,0.5065661
45004,0.5067188
45005,0.5068715
45006,0.4
45007,0.400372
45008,0.40074400000000004
45009,0.40111600000000003
45010,0.401488
45011,0.40186
45012,0.40223200000000003
45013,0.402604
45014,0.402976
45015,0.40334800000000004
45016,0.40372
45017,0.404092
45018,0.40446400000000005
45019,0.40483600000000003
45020,0.405208
45021,0.40558
45022,0.40595200000000004
45023,0.406324
45024,0.406696
45025,0.40706800000000004
45026,0.40744
45027,0.407812
45028,0.40818400000000005
45029,0.40855600000000003
45030,0.408928
45031,0.4093
45032,0.40967200000000004
45033,0.410044
45034,0.410416
45035,0.41078800000000004
45036,0.41116
45037,0.411532
45038,0.41190400000000005
45039,0.41227600000000003
45040,0.412648
45041,0.41302
45042,0.41339200000000004
45043,0.413764
45044,0.414136
45045,0.41450800000000004
45046,0.41488
45047,0.415252
45048,0.415624
45049,0.41599600000000003
45050,0.416368
45051,0.41674
45052,0.41711200000000004
45053,0.417484
45054,0.417856
45055,0.41822800000000004
45056,0.4186
45057,0.418972
45058,0.41934400000000005
45059,0.41971600000000003
45060,0.420088
45061,0.5
45062,0.498074
45063,0.496148
45064,0.494222
45065,0.492296
45066,0.49037
45067,0.488444
45068,0.486518
45069,0.484592
45070,0.482666
45071,0.48074
45072,0.478814
45073,0.476888
45074,0.474962
45075,0.473036
45076,0.47111000000000003
45077,0.469184
45078,0.467258
45079,0.465332
45080,0.463406
45081,0.46148
45082,0.459554
45083,0.457628
45084,0.455702
45085,0.453776
45086,0.45185
45087,0.449924
45088,0.447998
45089,0.446072
45090,0.444146
45091,0.44222
45092,0.440294
45093,0.438368
45094,0.436442
45095,0.434516
45096,0.43259000000000003
45097,0.430664
45098,0.428738
45099,0.42681199999999997
45100,0.424886
45101,0.42296
45102,0.421034
45103,0.419108
45104,0.417182
45105,0.415256
45106,0.41333
45107,0.411404
45108,0.409478
45109,0.407552
45110,0.405626
45111,0.4037
45112,0.401774
45113,0.399848
45114,0.397922
45115,0.395996
45116,0.39407000000000003
45117,0.392144
45118,0.390218
45119,0.38829199999999997
45120,0.386366
45121,0.38444
45122,0.382514
45123,0.380588
45124,0.378662
45125,0.376736
45126,0.37481
45127,0.372884
45128,0.370958
45129,0.369032
45130,0.367106
45131,0.36518
45132,0.36325399999999997
45133,0.361328
45134,0.359402
45135,0.357476
45136,0.35555000000000003
45137,0.353624
45138,0.351698
45139,0.34977199999999997
45140,0.347846
45141,0.34592
45142,0.343994
45143,0.34206800000000004
45144,0.4
45145,0.40313000000000004
45146,0.40626
45147,0.40939000000000003
45148,0.41252
45149,0.41565
45150,0.41878000000000004
45151,0.42191
45152,0.42504000000000003
45153,0.42817000000000005
45154,0.4313
45155,0.43443000000000004
45156,0.43756
45157,0.44069
45158,0.44382
45159,0.44695
45160,0.45008000000000004
45161,0.45321
45162,0.45634
45163,0.45947000000000005
45164,0.4626
45165,0.46573000000000003
45166,0.46886000000000005
45167,0.47199
45168,0.47512
45169,0.47825
45170,0.48138000000000003
45171,0.48451
45172,0.48764
45173,0.49077000000000004
45174,0.4939
45175,0.49703
45176,0.50016
45177,0.50329
45178,0.50642
45179,0.5095500000000001
45180,0.4
45181,0.4
45182,0.4
45183,0.4
45184,0.4
45185,0.4
45186,0.4
45187,0.4
45188,0.4
45189,0.4
45190,0.4
45191,0.4
45192,0.4
45193,0.4
45194,0.4
45195,0.4
45196,0.4
45197,0.4
45198,0.4
45199,0.4
45200,0.4
45201,0.4
45202,0.4
45203,0.4
45204,0.4
45205,0.4
45206,0.4
45207,0.4
45208,0.4
45209,0.4
45210,0.4
45211,0.4
45212,0.4
45213,0.4
45214,0.4
45215,0.4
45216,0.4
45217,0.4
45218,0.4
45219,0.4
45220,0.4
45221,0.4
45222,0.4
45223,0.4
45224,0.4
45225,0.4
45226,0.4
45227,0.4
45228,0.4
45229,0.4
45230,0.4
45231,0.4
45232,0.4
45233,0.4
45234,0.4
45235,0.4
45236,0.4
45237,0.4
45238,0.4
45239,0.4
45240,0.4
45241,0.4
45242,0.4
45243,0.4
45244,0.4
45245,0.4
45246,0.4
45247,0.4
45248,0.4
45249,0.4
45250,0.4
45251,0.4
45252,0.4
45253,0.4
45254,0.4
45255,0.4
45256,0.4
45257,0.4
45258,0.4
45259,0.4
45260,0.4
45261,0.4
45262,0.4
45263,0.4
45264,0.4
45265,0.4
45266,0.4
45267,0.4
45268,0.4
45269,0.4
45270,0.4
45271,0.4
45272,0.4
45273,0.4
45274,0.4
45275,0.4
45276,0.4
45277,0.4
45278,0.4
45279,0.4
45280,0.4
45281,0.4
45282,0.4
45283,0.4
45284,0.4
45285,0.4
45286,0.4
45287,0.4
45288,0.4
45289,0.4
45290,0.4
45291,0.4
45292,0.4
45293,0.4
45294,0.4
45295,0.4
45296,0.4
45297,0.4
45298,0.4
45299,0.4
45300,0.4
45301,0.4
45302,0.4
45303,0.4
45304,0.4
45305,0.4
45306,0.4
45307,0.4
45308,0.4
45309,0.4
45310,0.4
45311,0.4
45312,0.4
45313,0.4
45314,0.4
45315,0.4
45316,0.4
45317,0.4
45318,0.4
45319,0.4
45320,0.4
45321,0.4
45322,0.4
45323,0.4
45324,0.4
45325,0.4
45326,0.4
45327,0.4
45328,0.4
45329,0.4
45330,0.4
45331,0.4
45332,0.4
45333,0.4
45334,0.4
45335,0.4
45336,0.4
45337,0.4
45338,0.5
45339,0.49866
45340,0.49732
45341,0.49598
45342,0.49464
45343,0.4933
45344,0.49196
45345,0.49062
45346,0.48928
45347,0.48794
45348,0.4866
45349,0.48526
45350,0.48392
45351,0.48258
45352,0.48124
45353,0.4799
45354,0.47856
45355,0.47722
45356,0.47587999999999997
45357,0.47454
45358,0.4732
45359,0.47186
45360,0.47052
45361,0.46918
45362,0.46784
45363,0.4665
45364,0.46516
45365,0.46382
45366,0.46248
45367,0.46114
45368,0.4598
45369,0.45846
45370,0.45711999999999997
45371,0.45578
45372,0.45444
45373,0.4531
45374,0.45176
45375,0.45042
45376,0.44908
45377,0.44774
45378,0.4464
45379,0.44506
45380,0.44372
45381,0.44238
45382,0.44104
45383,0.4397
45384,0.43835999999999997
45385,0.43701999999999996
45386,0.43568
45387,0.43434
45388,0.433
45389,0.43166
45390,0.43032
45391,0.42898000000000003
45392,0.42764
45393,0.4263
45394,0.42496
45395,0.42362
45396,0.42228
45397,0.42094
45398,0.4196
45399,0.41825999999999997
45400,0.41692
45401,0.41558
45402,0.41424
45403,0.4129
45404,0.41156
45405,0.41022000000000003
45406,0.40888
45407,0.40754
45408,0.4062
45409,0.40486
45410,0.40352
45411,0.40218
45412,0.40084
45413,0.39949999999999997
45414,0.39816
45415,0.39682
45416,0.39548
45417,0.39414
45418,0.3928
45419,0.39146000000000003
45420,0.39012
45421,0.38878
45422,0.4
45423,0.411049
45424,0.42209800000000003
45425,0.433147
45426,0.44419600000000004
45427,0.455245
45428,0.466294
45429,0.477343
45430,0.48839200000000005
45431,0.499441
45432,0.51049
45433,0.521539
45434,0.5325880000000001
45435,0.543637
45436,0.554686
45437,0.565735
45438,0.576784
45439,0.587833
45440,0.598882
45441,0.609931
45442,0.6209800000000001
45443,0.632029
45444,0.643078
45445,0.654127
45446,0.6
45447,0.5984425999999999
45448,0.5968852
45449,0.5953278
45450,0.5937704
45451,0.592213
45452,0.5906556
45453,0.5890982
45454,0.5875408
45455,0.5859833999999999
45456,0.584426
45457,0.5828686
45458,0.5813112
45459,0.5797538
45460,0.5781963999999999
45461,0.576639
45462,0.5750816
45463,0.5735241999999999
45464,0.5719668
45465,0.5704094
45466,0.568852
45467,0.5672946
45468,0.5657371999999999
45469,0.5641798
45470,0.5626224
45471,0.5610649999999999
45472,0.5595076
45473,0.5579502
45474,0.5563928
45475,0.5548354
45476,0.5532779999999999
45477,0.5517206
45478,0.5501632
45479,0.5486058
45480,0.5470484
45481,0.545491
45482,0.5439336
45483,0.5423762
45484,0.5408187999999999
45485,0.5392614
45486,0.537704
45487,0.5361465999999999
45488,0.5345892
45489,0.5330318
45490,0.5314744
45491,0.529917
45492,0.5283595999999999
45493,0.5268022
45494,0.5252448
45495,0.5236874
45496,0.52213
45497,0.5205725999999999
45498,0.5190152
45499,0.5174578
45500,0.5159004
45501,0.514343
45502,0.5127856
45503,0.5112282
45504,0.5096708
45505,0.5081133999999999
45506,0.506556
45507,0.5049986
45508,0.5034411999999999
45509,0.5018838
45510,0.5003264
45511,0.49876899999999996
45512,0.4972116
45513,0.4956542
45514,0.4940968
45515,0.49253939999999996
45516,0.490982
45517,0.4894246
45518,0.48786719999999995
45519,0.6
45520,0.5987655
45521,0.5975309999999999
45522,0.5962965
45523,0.595062
45524,0.5938275
45525,0.5925929999999999
45526,0.5913585
45527,0.590124
45528,0.5888895
45529,0.5876549999999999
45530,0.5864205
45531,0.585186
45532,0.5839515
45533,0.5827169999999999
45534,0.5814825
45535,0.580248
45536,0.5790135
45537,0.5777789999999999
45538,0.5765445
45539,0.57531
45540,0.5740755
45541,0.5728409999999999
45542,0.5716065
45543,0.570372
45544,0.5691375
45545,0.5679029999999999
45546,0.5666685
45547,0.565434
45548,0.5641995
45549,0.5629649999999999
45550,0.5617305
45551,0.560496
45552,0.5592615
45553,0.5580269999999999
45554,0.5567925
45555,0.555558
45556,0.5543235
45557,0.5530889999999999
45558,0.5518545
45559,0.55062
45560,0.5493855
45561,0.5481509999999999
45562,0.5469165
45563,0.545682
45564,0.5444475
45565,0.543213
45566,0.5419785
45567,0.540744
45568,0.5395095
45569,0.538275
45570,0.5370405
45571,0.535806
45572,0.5345715
45573,0.533337
45574,0.5321024999999999
45575,0.530868
45576,0.5296335
45577,0.528399
45578,0.5271645
45579,0.52593
45580,0.5246955
45581,0.523461
45582,0.5222264999999999
45583,0.520992
45584,0.5197575
45585,0.518523
45586,0.5172885
45587,0.516054
45588,0.5148195
45589,0.513585
45590,0.5123504999999999
45591,0.511116
45592,0.5098815
45593,0.508647
45594,0.5074125
45595,0.506178
45596,0.5049435
45597,0.503709
45598,0.5024744999999999
45599,0.50124
45600,0.5000055
45601,0.49877099999999996
45602,0.4975365
45603,0.49630199999999997
45604,0.4950675
45605,0.49383299999999997
45606,0.4925985
45607,0.49136399999999997
45608,0.6
45609,0.5984425999999999
45610,0.5968852
45611,0.5953278
45612,0.5937704
45613,0.592213
45614,0.5906556
45615,0.5890982
45616,0.5875408
45617,0.5859833999999999
45618,0.584426
45619,0.5828686
45620,0.5813112
45621,0.5797538
45622,0.5781963999999999
45623,0.576639
45624,0.5750816
45625,0.5735241999999999
45626,0.5719668
45627,0.5704094
45628,0.568852
45629,0.5672946
45630,0.5657371999999999
45631,0.5641798
45632,0.5626224
45633,0.5610649999999999
45634,0.5595076
45635,0.5579502
45636,0.5563928
45637,0.5548354
45638,0.5532779999999999
45639,0.5517206
45640,0.5501632
45641,0.5486058
45642,0.5470484
45643,0.545491
45644,0.5439336
45645,0.5423762
45646,0.5408187999999999
45647,0.5392614
45648,0.537704
45649,0.5361465999999999
45650,0.5345892
45651,0.5330318
45652,0.5314744
45653,0.529917
45654,0.5283595999999999
45655,0.5268022
45656,0.5252448
45657,0.5236874
45658,0.52213
45659,0.5205725999999999
45660,0.5190152
45661,0.5174578
45662,0.5159004
45663,0.514343
45664,0.5127856
45665,0.5112282
45666,0.5096708
45667,0.5081133999999999
45668,0.506556
45669,0.5049986
45670,0.5034411999999999
45671,0.5018838
45672,0.5003264
45673,0.49876899999999996
45674,0.4972116
45675,0.4956542
45676,0.4940968
45677,0.49253939999999996
45678,0.490982
45679,0.4894246
45680,0.48786719999999995
45681,0.48630979999999996
45682,0.48475239999999997
45683,0.483195
45684,0.4816376
45685,0.48008019999999996
45686,0.47852279999999997
45687,0.4769654
45688,0.47540799999999994
45689,0.4738506
45690,0.47229319999999997
45691,0.4707358
45692,0.4691784
45693,0.46762099999999995
45694,0.46606359999999997
45695,0.4645062
45696,0.46294879999999994
45697,0.4613914
45698,0.45983399999999996
45699,0.5
45700,0.50572
45701,0.51144
45702,0.51716
45703,0.52288
45704,0.5286
45705,0.53432
45706,0.54004
45707,0.54576
45708,0.55148
45709,0.5572
45710,0.56292
45711,0.56864
45712,0.57436
45713,0.58008
45714,0.5858
45715,0.59152
45716,0.59724
45717,0.60296
45718,0.60868
45719,0.6144000000000001
45720,0.62012
45721,0.62584
45722,0.63156
45723,0.6372800000000001
45724,0.643
45725,0.64872
45726,0.65444
45727,0.66016
45728,0.66588
45729,0.6716
45730,0.67732
45731,0.68304
45732,0.68876
45733,0.69448
45734,0.6
45735,0.599523
45736,0.599046
45737,0.598569
45738,0.598092
45739,0.597615
45740,0.597138
45741,0.596661
45742,0.5961839999999999
45743,0.595707
45744,0.5952299999999999
45745,0.594753
45746,0.594276
45747,0.593799
45748,0.593322
45749,0.592845
45750,0.592368
45751,0.591891
45752,0.591414
45753,0.5909369999999999
45754,0.59046
45755,0.5899829999999999
45756,0.589506
45757,0.589029
45758,0.588552
45759,0.588075
45760,0.587598
45761,0.587121
45762,0.5866439999999999
45763,0.586167
45764,0.5856899999999999
45765,0.585213
45766,0.5847359999999999
45767,0.584259
45768,0.583782
45769,0.583305
45770,0.582828
45771,0.582351
45772,0.581874
45773,0.5813969999999999
45774,0.58092
45775,0.5804429999999999
45776,0.579966
45777,0.5794889999999999
45778,0.579012
45779,0.578535
45780,0.578058
45781,0.577581
45782,0.577104
45783,0.576627
45784,0.5761499999999999
45785,0.575673
45786,0.5751959999999999
45787,0.574719
45788,0.574242
45789,0.573765
45790,0.573288
45791,0.572811
45792,0.572334
45793,0.571857
45794,0.57138
45795,0.5709029999999999
45796,0.6
45797,0.6
45798,0.6
45799,0.6
45800,0.6
45801,0.6
45802,0.6
45803,0.6
45804,0.6
45805,0.6
45806,0.6
45807,0.6
45808,0.6
45809,0.6
45810,0.6
45811,0.6
45812,0.6
45813,0.6
45814,0.6
45815,0.6
45816,0.6
45817,0.6
45818,0.6
45819,0.6
45820,0.6
45821,0.6
45822,0.6
45823,0.6
45824,0.6
45825,0.6
45826,0.6
45827,0.6
45828,0.6
45829,0.6
45830,0.6
45831,0.6
45832,0.6
45833,0.6
45834,0.6
45835,0.6
45836,0.6
45837,0.6
45838,0.6
45839,0.6
45840,0.6
45841,0.6
45842,0.6
45843,0.6
45844,0.6
45845,0.6
45846,0.5
45847,0.501217
45848,0.502434
45849,0.503651
45850,0.504868
45851,0.506085
45852,0.507302
45853,0.508519
45854,0.509736
45855,0.510953
45856,0.51217
45857,0.513387
45858,0.514604
45859,0.515821
45860,0.517038
45861,0.518255
45862,0.519472
45863,0.520689
45864,0.521906
45865,0.523123
45866,0.52434
45867,0.525557
45868,0.526774
45869,0.527991
45870,0.529208
45871,0.530425
45872,0.531642
45873,0.532859
45874,0.534076
45875,0.535293
45876,0.53651
45877,0.537727
45878,0.538944
45879,0.540161
45880,0.541378
45881,0.542595
45882,0.543812
45883,0.545029
45884,0.546246
45885,0.547463
45886,0.5486800000000001
45887,0.549897
45888,0.551114
45889,0.552331
45890,0.553548
45891,0.554765
45892,0.555982
45893,0.557199
45894,0.558416
45895,0.559633
45896,0.56085
45897,0.562067
45898,0.563284
45899,0.564501
45900,0.5657179999999999
45901,0.566935
45902,0.568152
45903,0.569369
45904,0.570586
45905,0.5718030000000001
45906,0.57302
45907,0.574237
45908,0.575454
45909,0.576671
45910,0.577888
45911,0.579105
45912,0.580322
45913,0.581539
45914,0.582756
45915,0.583973
45916,0.58519
45917,0.586407
45918,0.587624
45919,0.588841
45920,0.590058
45921,0.591275
45922,0.592492
45923,0.593709
45924,0.594926
45925,0.596143
45926,0.59736
45927,0.598577
45928,0.5
45929,0.5007
45930,0.5014
45931,0.5021
45932,0.5028
45933,0.5035
45934,0.5042
45935,0.5049
45936,0.5056
45937,0.5063
45938,0.507
45939,0.5077
45940,0.5084
45941,0.5091
45942,0.5098
45943,0.5105
45944,0.5112
45945,0.5119
45946,0.5126
45947,0.5133
45948,0.514
45949,0.5147
45950,0.5154
45951,0.5161
45952,0.5168
45953,0.5175
45954,0.5182
45955,0.5189
45956,0.5196
45957,0.5203
45958,0.521
45959,0.5217
45960,0.5224
45961,0.5231
45962,0.5238
45963,0.5245
45964,0.5252
45965,0.5259
45966,0.5266
45967,0.5273
45968,0.528
45969,0.5287
45970,0.5294
45971,0.5301
45972,0.5308
45973,0.5315
45974,0.5322
45975,0.5329
45976,0.5336
45977,0.5343
45978,0.535
45979,0.5357
45980,0.5364
45981,0.5371
45982,0.5378000000000001
45983,0.5385
45984,0.5392
45985,0.5399
45986,0.5406
45987,0.5413
45988,0.542
45989,0.5427
45990,0.5434
45991,0.5441
45992,0.5448
45993,0.5455
45994,0.5462
45995,0.5468999999999999
45996,0.5476
45997,0.5483
45998,0.549
45999,0.5497
46000,0.5504
46001,0.5511
46002,0.5518
46003,0.5525
46004,0.5532
46005,0.5539
46006,0.5546
46007,0.5553
46008,0.556
46009,0.5567
46010,0.5574
46011,0.5581
46012,0.5588
46013,0.5595
46014,0.5602
46015,0.5609
46016,0.5616
46017,0.5623
46018,0.563
46019,0.5637
46020,0.5644
46021,0.5651
46022,0.5658
46023,0.5665
46024,0.5672
46025,0.5679
46026,0.5686
46027,0.5693
46028,0.57
46029,0.5707
46030,0.5714
46031,0.5721
46032,0.5728
46033,0.5735
46034,0.5742
46035,0.5749
46036,0.5756
46037,0.5763
46038,0.577
46039,0.5777
46040,0.5784
46041,0.5791
46042,0.5798
46043,0.5805
46044,0.5811999999999999
46045,0.5819
46046,0.5826
46047,0.5833
46048,0.584
46049,0.5847
46050,0.5854
46051,0.5861
46052,0.5868
46053,0.5875
46054,0.5882000000000001
46055,0.5889
46056,0.5896
46057,0.5903
46058,0.591
46059,0.5917
46060,0.5924
46061,0.5931
46062,0.5938
46063,0.5945
46064,0.5952
46065,0.5959
46066,0.5966
46067,0.5972999999999999
46068,0.598
46069,0.5987
46070,0.5994
46071,0.6001
46072,0.6008
46073,0.6015
46074,0.6022
46075,0.6
46076,0.60842
46077,0.6168399999999999
46078,0.6252599999999999
46079,0.63368
46080,0.6421
46081,0.65052
46082,0.65894
46083,0.66736
46084,0.6757799999999999
46085,0.6841999999999999
46086,0.69262
46087,0.70104
46088,0.70946
46089,0.71788
46090,0.6
46091,0.597692
46092,0.595384
46093,0.5930759999999999
46094,0.590768
46095,0.58846
46096,0.586152
46097,0.583844
46098,0.5815359999999999
46099,0.579228
46100,0.57692
46101,0.574612
46102,0.5723039999999999
46103,0.569996
46104,0.567688
46105,0.56538
46106,0.563072
46107,0.5607639999999999
46108,0.558456
46109,0.556148
46110,0.55384
46111,0.551532
46112,0.5492239999999999
46113,0.546916
46114,0.544608
46115,0.5423
46116,0.539992
46117,0.5376839999999999
46118,0.535376
46119,0.533068
46120,0.53076
46121,0.5284519999999999
46122,0.526144
46123,0.523836
46124,0.521528
46125,0.51922
46126,0.5169119999999999
46127,0.514604
46128,0.512296
46129,0.509988
46130,0.5076799999999999
46131,0.5053719999999999
46132,0.503064
46133,0.500756
46134,0.498448
46135,0.49613999999999997
46136,0.49383199999999994
46137,0.49152399999999996
46138,0.489216
46139,0.48690799999999995
46140,0.4846
46141,0.48229199999999994
46142,0.47998399999999997
46143,0.477676
46144,0.47536799999999996
46145,0.47306
46146,0.47075199999999995
46147,0.46844399999999997
46148,0.466136
46149,0.46382799999999996
46150,0.46151999999999993
46151,0.45921199999999995
46152,0.456904
46153,0.454596
46154,0.45228799999999997
46155,0.44997999999999994
46156,0.44767199999999996
46157,0.5
46158,0.50468
46159,0.50936
46160,0.51404
46161,0.51872
46162,0.5234
46163,0.52808
46164,0.53276
46165,0.53744
46166,0.54212
46167,0.5468
46168,0.55148
46169,0.55616
46170,0.56084
46171,0.56552
46172,0.5702
46173,0.5748800000000001
46174,0.57956
46175,0.58424
46176,0.58892
46177,0.5936
46178,0.59828
46179,0.6029599999999999
46180,0.60764
46181,0.61232
46182,0.617
46183,0.62168
46184,0.62636
46185,0.63104
46186,0.6357200000000001
46187,0.6404
46188,0.6
46189,0.59737
46190,0.5947399999999999
46191,0.59211
46192,0.58948
46193,0.58685
46194,0.58422
46195,0.5815899999999999
46196,0.57896
46197,0.57633
46198,0.5737
46199,0.57107
46200,0.56844
46201,0.5658099999999999
46202,0.56318
46203,0.56055
46204,0.55792
46205,0.55529
46206,0.5526599999999999
46207,0.55003
46208,0.5474
46209,0.54477
46210,0.54214
46211,0.5395099999999999
46212,0.53688
46213,0.53425
46214,0.53162
46215,0.52899
46216,0.5263599999999999
46217,0.52373
46218,0.5211
46219,0.51847
46220,0.51584
46221,0.5132099999999999
46222,0.51058
46223,0.50795
46224,0.50532
46225,0.50269
46226,0.50006
46227,0.49743
46228,0.49479999999999996
46229,0.49217
46230,0.48954
46231,0.48690999999999995
46232,0.48428
46233,0.48164999999999997
46234,0.47902
46235,0.47639
46236,0.47375999999999996
46237,0.47113
46238,0.46849999999999997
46239,0.46587
46240,0.46324
46241,0.46060999999999996
46242,0.45797999999999994
46243,0.45535
46244,0.45272
46245,0.45009
46246,0.44745999999999997
46247,0.44482999999999995
46248,0.4422
46249,0.5
46250,0.5027200000000001
46251,0.50544
46252,0.50816
46253,0.51088
46254,0.5136000000000001
46255,0.51632
46256,0.51904
46257,0.52176
46258,0.5244800000000001
46259,0.5272
46260,0.52992
46261,0.53264
46262,0.5353600000000001
46263,0.53808
46264,0.5408
46265,0.54352
46266,0.5462400000000001
46267,0.54896
46268,0.55168
46269,0.5544
46270,0.5571200000000001
46271,0.55984
46272,0.56256
46273,0.56528
46274,0.5680000000000001
46275,0.57072
46276,0.57344
46277,0.57616
46278,0.5788800000000001
46279,0.5816
46280,0.58432
46281,0.58704
46282,0.5
46283,0.49881
46284,0.49762
46285,0.49643
46286,0.49524
46287,0.49405
46288,0.49286
46289,0.49167
46290,0.49048
46291,0.48929
46292,0.4881
46293,0.48691
46294,0.48572
46295,0.48453
46296,0.48334
46297,0.48215
46298,0.48096
46299,0.47977
46300,0.47858
46301,0.47739
46302,0.4762
46303,0.47501
46304,0.47382
46305,0.47263
46306,0.47143999999999997
46307,0.47025
46308,0.46906
46309,0.46787
46310,0.46668
46311,0.46549
46312,0.4643
46313,0.46311
46314,0.46192
46315,0.46073
46316,0.45954
46317,0.45835
46318,0.45716
46319,0.45597
46320,0.45478
46321,0.45359
46322,0.4524
46323,0.45121
46324,0.45002
46325,0.44883
46326,0.44764
46327,0.44645
46328,0.44526
46329,0.44406999999999996
46330,0.44288
46331,0.44169
46332,0.4405
46333,0.43931
46334,0.43812
46335,0.43693
46336,0.43574
46337,0.43455
46338,0.43335999999999997
46339,0.43217
46340,0.5
46341,0.50719
46342,0.51438
46343,0.52157
46344,0.52876
46345,0.53595
46346,0.54314
46347,0.55033
46348,0.55752
46349,0.56471
46350,0.5719
46351,0.57909
46352,0.58628
46353,0.5934699999999999
46354,0.60066
46355,0.60785
46356,0.61504
46357,0.6222300000000001
46358,0.62942
46359,0.63661
46360,0.6438
46361,0.65099
46362,0.65818
46363,0.66537
46364,0.67256
46365,0.6
46366,0.597846
46367,0.595692
46368,0.593538
46369,0.591384
46370,0.58923
46371,0.5870759999999999
46372,0.5849219999999999
46373,0.582768
46374,0.580614
46375,0.57846
46376,0.576306
46377,0.574152
46378,0.571998
46379,0.569844
46380,0.56769
46381,0.5655359999999999
46382,0.5633819999999999
46383,0.561228
46384,0.559074
46385,0.55692
46386,0.554766
46387,0.552612
46388,0.550458
46389,0.548304
46390,0.54615
46391,0.5439959999999999
46392,0.5418419999999999
46393,0.539688
46394,0.537534
46395,0.53538
46396,0.533226
46397,0.531072
46398,0.528918
46399,0.526764
46400,0.52461
46401,0.522456
46402,0.5203019999999999
46403,0.5181479999999999
46404,0.515994
46405,0.51384
46406,0.511686
46407,0.509532
46408,0.507378
46409,0.505224
46410,0.50307
46411,0.5009159999999999
46412,0.498762
46413,0.49660799999999994
46414,0.49445399999999995
46415,0.49229999999999996
46416,0.49014599999999997
46417,0.487992
46418,0.485838
46419,0.483684
46420,0.48152999999999996
46421,0.47937599999999997
46422,0.477222
46423,0.475068
46424,0.47291399999999995
46425,0.47075999999999996
46426,0.46860599999999997
46427,0.466452
46428,0.464298
46429,0.462144
46430,0.45999
46431,0.45783599999999997
46432,0.455682
46433,0.45352799999999993
46434,0.45137399999999994
46435,0.44921999999999995
46436,0.44706599999999996
46437,0.5
46438,0.5027200000000001
46439,0.50544
46440,0.50816
46441,0.51088
46442,0.5136000000000001
46443,0.51632
46444,0.51904
46445,0.52176
46446,0.5244800000000001
46447,0.5272
46448,0.52992
46449,0.53264
46450,0.5353600000000001
46451,0.53808
46452,0.5408
46453,0.54352
46454,0.5462400000000001
46455,0.54896
46456,0.55168
46457,0.5544
46458,0.5571200000000001
46459,0.55984
46460,0.56256
46461,0.56528
46462,0.5680000000000001
46463,0.57072
46464,0.57344
46465,0.57616
46466,0.5788800000000001
46467,0.5816
46468,0.58432
46469,0.58704
46470,0.5897600000000001
46471,0.59248
46472,0.5952
46473,0.59792
46474,0.6006400000000001
46475,0.5
46476,0.5
46477,0.5
46478,0.5
46479,0.5
46480,0.5
46481,0.5
46482,0.5
46483,0.5
46484,0.5
46485,0.5
46486,0.5
46487,0.5
46488,0.5
46489,0.5
46490,0.5
46491,0.5
46492,0.5
46493,0.5
46494,0.5
46495,0.5
46496,0.5
46497,0.5
46498,0.5
46499,0.5
46500,0.5
46501,0.5
46502,0.5
46503,0.5
46504,0.5
46505,0.5
46506,0.5
46507,0.5
46508,0.5
46509,0.5
46510,0.5
46511,0.5
46512,0.5
46513,0.5
46514,0.5
46515,0.5
46516,0.5
46517,0.5
46518,0.5
46519,0.5
46520,0.5
46521,0.5
46522,0.5
46523,0.5
46524,0.5
46525,0.5
46526,0.5
46527,0.5
46528,0.5
46529,0.5
46530,0.5
46531,0.5
46532,0.5
46533,0.5
46534,0.6
46535,0.597692
46536,0.595384
46537,0.5930759999999999
46538,0.590768
46539,0.58846
46540,0.586152
46541,0.583844
46542,0.5815359999999999
46543,0.579228
46544,0.57692
46545,0.574612
46546,0.5723039999999999
46547,0.569996
46548,0.567688
46549,0.56538
46550,0.563072
46551,0.5607639999999999
46552,0.558456
46553,0.556148
46554,0.55384
46555,0.551532
46556,0.5492239999999999
46557,0.546916
46558,0.544608
46559,0.5423
46560,0.539992
46561,0.5376839999999999
46562,0.535376
46563,0.533068
46564,0.53076
46565,0.5284519999999999
46566,0.526144
46567,0.523836
46568,0.521528
46569,0.51922
46570,0.5169119999999999
46571,0.514604
46572,0.512296
46573,0.509988
46574,0.5076799999999999
46575,0.5053719999999999
46576,0.503064
46577,0.500756
46578,0.498448
46579,0.49613999999999997
46580,0.49383199999999994
46581,0.49152399999999996
46582,0.489216
46583,0.48690799999999995
46584,0.4846
46585,0.48229199999999994
46586,0.47998399999999997
46587,0.477676
46588,0.47536799999999996
46589,0.47306
46590,0.47075199999999995
46591,0.46844399999999997
46592,0.466136
46593,0.46382799999999996
46594,0.46151999999999993
46595,0.45921199999999995
46596,0.456904
46597,0.454596
46598,0.45228799999999997
46599,0.44997999999999994
46600,0.44767199999999996
46601,0.445364
46602,0.443056
46603,0.440748
46604,0.43843999999999994
46605,0.43613199999999996
46606,0.433824
46607,0.43151599999999996
46608,0.429208
46609,0.42689999999999995
46610,0.42459199999999997
46611,0.422284
46612,0.41997599999999996
46613,0.41766799999999993
46614,0.41535999999999995
46615,0.413052
46616,0.410744
46617,0.40843599999999997
46618,0.40612799999999993
46619,0.40381999999999996
46620,0.401512
46621,0.399204
46622,0.39689599999999997
46623,0.5
46624,0.5004617
46625,0.5009234
46626,0.5013851
46627,0.5018468
46628,0.5023085
46629,0.5027702
46630,0.5032319
46631,0.5036936
46632,0.5041553
46633,0.504617
46634,0.5050787
46635,0.5055404
46636,0.5060021
46637,0.5064638
46638,0.5069255
46639,0.5073872
46640,0.5078489
46641,0.5083106
46642,0.5087723
46643,0.509234
46644,0.5096957
46645,0.5101574
46646,0.5106191
46647,0.5110808
46648,0.5115425
46649,0.5120042
46650,0.5124659
46651,0.5129276
46652,0.5133893
46653,0.513851
46654,0.5143127
46655,0.5147744
46656,0.5152361
46657,0.5156978
46658,0.5161595
46659,0.5166212
46660,0.5170829
46661,0.5175446
46662,0.5180063
46663,0.518468
46664,0.5189297
46665,0.5193914
46666,0.5198531
46667,0.5203148
46668,0.5207765
46669,0.5212382
46670,0.5216999
46671,0.5221616
46672,0.5226233
46673,0.523085
46674,0.5235467
46675,0.5240084
46676,0.5244701
46677,0.5249318
46678,0.5253935
46679,0.5258552
46680,0.5263169
46681,0.5267786
46682,0.5272403
46683,0.527702
46684,0.5281637
46685,0.5286254
46686,0.5290871
46687,0.5295488
46688,0.5300105
46689,0.5304722
46690,0.5309339
46691,0.5313956
46692,0.5318573
46693,0.532319
46694,0.5327807
46695,0.5332424
46696,0.5337041
46697,0.5341658
46698,0.5346275
46699,0.5350892
46700,0.5355509
46701,0.5360126
46702,0.5364743
46703,0.536936
46704,0.5373977
46705,0.5378594
46706,0.5383211
46707,0.5387828
46708,0.5392445
46709,0.5397062
46710,0.5401679
46711,0.5406296
46712,0.5410912999999999
46713,0.541553
46714,0.5420147
46715,0.5424764
46716,0.5429381
46717,0.5433998
46718,0.5438615
46719,0.6
46720,0.5983402999999999
46721,0.5966806
46722,0.5950209
46723,0.5933611999999999
46724,0.5917015
46725,0.5900418
46726,0.5883821
46727,0.5867224
46728,0.5850626999999999
46729,0.583403
46730,0.5817433
46731,0.5800836
46732,0.5784239
46733,0.5767642
46734,0.5751045
46735,0.5734448
46736,0.5717850999999999
46737,0.5701254
46738,0.5684657
46739,0.5668059999999999
46740,0.5651463
46741,0.5634866
46742,0.5618269
46743,0.5601672
46744,0.5585074999999999
46745,0.5568478
46746,0.5551881
46747,0.5535284
46748,0.5518687
46749,0.550209
46750,0.5485493
46751,0.5468896
46752,0.5452298999999999
46753,0.5435702
46754,0.5419105
46755,0.5402507999999999
46756,0.5385911
46757,0.5369314
46758,0.5352717
46759,0.533612
46760,0.5319522999999999
46761,0.5302926
46762,0.5286329
46763,0.5269732
46764,0.5253135
46765,0.5236538
46766,0.5219941
46767,0.5203344
46768,0.5186746999999999
46769,0.517015
46770,0.5153553
46771,0.5136955999999999
46772,0.5120359
46773,0.5103762
46774,0.5087165
46775,0.5070568
46776,0.5053970999999999
46777,0.5037374
46778,0.5020777
46779,0.500418
46780,0.4987583
46781,0.49709859999999995
46782,0.49543889999999996
46783,0.4937792
46784,0.4921195
46785,0.4904598
46786,0.48880009999999996
46787,0.4871404
46788,0.4854807
46789,0.48382099999999995
46790,0.48216129999999996
46791,0.4805016
46792,0.4788419
46793,0.4771822
46794,0.47552249999999996
46795,0.4738628
46796,0.4722031
46797,0.47054339999999995
46798,0.46888369999999996
46799,0.467224
46800,0.4655643
46801,0.4639046
46802,0.46224489999999996
46803,0.4605852
46804,0.4589255
46805,0.6
46806,0.597692
46807,0.595384
46808,0.5930759999999999
46809,0.590768
46810,0.58846
46811,0.586152
46812,0.583844
46813,0.5815359999999999
46814,0.579228
46815,0.57692
46816,0.574612
46817,0.5723039999999999
46818,0.569996
46819,0.567688
46820,0.56538
46821,0.563072
46822,0.5607639999999999
46823,0.558456
46824,0.556148
46825,0.55384
46826,0.551532
46827,0.5492239999999999
46828,0.546916
46829,0.544608
46830,0.5423
46831,0.539992
46832,0.5376839999999999
46833,0.535376
46834,0.533068
46835,0.53076
46836,0.5284519999999999
46837,0.526144
46838,0.523836
46839,0.521528
46840,0.51922
46841,0.5169119999999999
46842,0.514604
46843,0.512296
46844,0.509988
46845,0.5076799999999999
46846,0.5053719999999999
46847,0.503064
46848,0.500756
46849,0.498448
46850,0.49613999999999997
46851,0.49383199999999994
46852,0.49152399999999996
46853,0.489216
46854,0.48690799999999995
46855,0.4846
46856,0.48229199999999994
46857,0.47998399999999997
46858,0.477676
46859,0.47536799999999996
46860,0.47306
46861,0.47075199999999995
46862,0.46844399999999997
46863,0.466136
46864,0.46382799999999996
46865,0.46151999999999993
46866,0.45921199999999995
46867,0.456904
46868,0.454596
46869,0.45228799999999997
46870,0.44997999999999994
46871,0.44767199999999996
46872,0.445364
46873,0.443056
46874,0.440748
46875,0.43843999999999994
46876,0.43613199999999996
46877,0.433824
46878,0.43151599999999996
46879,0.429208
46880,0.42689999999999995
46881,0.42459199999999997
46882,0.422284
46883,0.41997599999999996
46884,0.41766799999999993
46885,0.41535999999999995
46886,0.413052
46887,0.410744
46888,0.40843599999999997
46889,0.40612799999999993
46890,0.40381999999999996
46891,0.401512
46892,0.399204
46893,0.39689599999999997
46894,0.39458799999999994
46895,0.39227999999999996
46896,0.389972
46897,0.38766399999999995
46898,0.5
46899,0.49937
46900,0.49874
46901,0.49811
46902,0.49748
46903,0.49685
46904,0.49622
46905,0.49559
46906,0.49496
46907,0.49433
46908,0.4937
46909,0.49307
46910,0.49244
46911,0.49181
46912,0.49118
46913,0.49055
46914,0.48992
46915,0.48929
46916,0.48866
46917,0.48803
46918,0.4874
46919,0.48677
46920,0.48614
46921,0.48551
46922,0.48488
46923,0.48425
46924,0.48362
46925,0.48299
46926,0.48236
46927,0.48173
46928,0.48109999999999997
46929,0.48047
46930,0.47984
46931,0.47921
46932,0.47858
46933,0.47795
46934,0.47732
46935,0.47669
46936,0.47606
46937,0.47543
46938,0.4748
46939,0.47417
46940,0.47354
46941,0.47291
46942,0.47228
46943,0.47165
46944,0.47102
46945,0.47039
46946,0.46976
46947,0.46913
46948,0.4685
46949,0.46787
46950,0.46724
46951,0.46660999999999997
46952,0.46598
46953,0.46535
46954,0.46472
46955,0.46409
46956,0.46346
46957,0.46283
46958,0.4622
46959,0.46157
46960,0.46094
46961,0.46031
46962,0.45968
46963,0.45905
46964,0.45842
46965,0.45779
46966,0.45716
46967,0.45653
46968,0.45589999999999997
46969,0.45527
46970,0.45464
46971,0.45401
46972,0.45338
46973,0.45275
46974,0.45212
46975,0.45149
46976,0.45086
46977,0.45023
46978,0.4496
46979,0.44897
46980,0.44834
46981,0.44771
46982,0.44708
46983,0.44645
46984,0.44582
46985,0.44519
46986,0.44456
46987,0.5
46988,0.50468
46989,0.50936
46990,0.51404
46991,0.51872
46992,0.5234
46993,0.52808
46994,0.53276
46995,0.53744
46996,0.54212
46997,0.5468
46998,0.55148
46999,0.55616
47000,0.56084
47001,0.56552
47002,0.5702
47003,0.5748800000000001
47004,0.57956
47005,0.58424
47006,0.58892
47007,0.5936
47008,0.59828
47009,0.6029599999999999
47010,0.60764
47011,0.61232
47012,0.617
47013,0.62168
47014,0.62636
47015,0.63104
47016,0.6357200000000001
47017,0.6
47018,0.595828
47019,0.591656
47020,0.587484
47021,0.5833119999999999
47022,0.57914
47023,0.5749679999999999
47024,0.570796
47025,0.566624
47026,0.562452
47027,0.55828
47028,0.5541079999999999
47029,0.549936
47030,0.5457639999999999
47031,0.541592
47032,0.53742
47033,0.5332479999999999
47034,0.529076
47035,0.5249039999999999
47036,0.520732
47037,0.5165599999999999
47038,0.512388
47039,0.508216
47040,0.5040439999999999
47041,0.499872
47042,0.4957
47043,0.49152799999999996
47044,0.48735599999999996
47045,0.48318399999999995
47046,0.479012
47047,0.47483999999999993
47048,0.470668
47049,0.46649599999999997
47050,0.46232399999999996
47051,0.458152
47052,0.45397999999999994
47053,0.449808
47054,0.445636
47055,0.44146399999999997
47056,0.43729199999999996
47057,0.43311999999999995
47058,0.428948
47059,0.42477599999999993
47060,0.420604
47061,0.41643199999999997
47062,0.41225999999999996
47063,0.40808799999999995
47064,0.40391599999999994
47065,0.399744
47066,0.3955719999999999
47067,0.39139999999999997
47068,0.38722799999999996
47069,0.38305599999999995
47070,0.378884
47071,0.37471199999999993
47072,0.37054
47073,0.36636799999999997
47074,0.36219599999999996
47075,0.35802399999999995
47076,0.35385199999999994
47077,0.4
47078,0.40928000000000003
47079,0.41856000000000004
47080,0.42784
47081,0.43712
47082,0.4464
47083,0.45568000000000003
47084,0.46496000000000004
47085,0.47424
47086,0.48352
47087,0.4928
47088,0.5020800000000001
47089,0.51136
47090,0.52064
47091,0.5299200000000001
47092,0.5392
47093,0.5484800000000001
47094,0.55776
47095,0.56704
47096,0.57632
47097,0.5856
47098,0.5948800000000001
47099,0.60416
47100,0.61344
47101,0.62272
47102,0.632
47103,0.6412800000000001
47104,0.65056
47105,0.6
47106,0.597162
47107,0.594324
47108,0.591486
47109,0.588648
47110,0.5858099999999999
47111,0.5829719999999999
47112,0.5801339999999999
47113,0.577296
47114,0.574458
47115,0.57162
47116,0.568782
47117,0.565944
47118,0.563106
47119,0.560268
47120,0.55743
47121,0.554592
47122,0.551754
47123,0.548916
47124,0.546078
47125,0.54324
47126,0.5404019999999999
47127,0.5375639999999999
47128,0.534726
47129,0.531888
47130,0.52905
47131,0.526212
47132,0.523374
47133,0.520536
47134,0.517698
47135,0.51486
47136,0.512022
47137,0.509184
47138,0.506346
47139,0.503508
47140,0.50067
47141,0.497832
47142,0.494994
47143,0.492156
47144,0.489318
47145,0.48647999999999997
47146,0.483642
47147,0.480804
47148,0.477966
47149,0.475128
47150,0.47229
47151,0.469452
47152,0.466614
47153,0.46377599999999997
47154,0.46093799999999996
47155,0.45809999999999995
47156,0.455262
47157,0.452424
47158,0.449586
47159,0.446748
47160,0.44391
47161,0.441072
47162,0.438234
47163,0.435396
47164,0.432558
47165,0.42972
47166,0.426882
47167,0.424044
47168,0.42120599999999997
47169,0.41836799999999996
47170,0.41552999999999995
47171,0.412692
47172,0.409854
47173,0.5
47174,0.499075
47175,0.49815
47176,0.497225
47177,0.4963
47178,0.495375
47179,0.49445
47180,0.493525
47181,0.4926
47182,0.491675
47183,0.49075
47184,0.489825
47185,0.4889
47186,0.487975
47187,0.48705
47188,0.486125
47189,0.4852
47190,0.484275
47191,0.48335
47192,0.482425
47193,0.4815
47194,0.480575
47195,0.47965
47196,0.478725
47197,0.4778
47198,0.476875
47199,0.47595
47200,0.475025
47201,0.4741
47202,0.473175
47203,0.47225
47204,0.471325
47205,0.4704
47206,0.469475
47207,0.46855
47208,0.467625
47209,0.4667
47210,0.465775
47211,0.46485
47212,0.463925
47213,0.46299999999999997
47214,0.462075
47215,0.46115
47216,0.460225
47217,0.4593
47218,0.458375
47219,0.45745
47220,0.456525
47221,0.4556
47222,0.454675
47223,0.45375
47224,0.452825
47225,0.45189999999999997
47226,0.450975
47227,0.45005
47228,0.449125
47229,0.4482
47230,0.447275
47231,0.44635
47232,0.445425
47233,0.4445
47234,0.443575
47235,0.44265
47236,0.441725
47237,0.44079999999999997
47238,0.439875
47239,0.43895
47240,0.438025
47241,0.4371
47242,0.436175
47243,0.43525
47244,0.434325
47245,0.4334
47246,0.432475
47247,0.43155
47248,0.430625
47249,0.42969999999999997
47250,0.428775
47251,0.42785
47252,0.426925
47253,0.426
47254,0.425075
47255,0.42415
47256,0.42322499999999996
47257,0.4223
47258,0.421375
47259,0.42045
47260,0.419525
47261,0.41859999999999997
47262,0.417675
47263,0.41675
47264,0.415825
47265,0.5
47266,0.50249
47267,0.50498
47268,0.50747
47269,0.50996
47270,0.51245
47271,0.51494
47272,0.5174300000000001
47273,0.51992
47274,0.52241
47275,0.5249
47276,0.52739
47277,0.52988
47278,0.53237
47279,0.53486
47280,0.53735
47281,0.53984
47282,0.54233
47283,0.54482
47284,0.54731
47285,0.5498
47286,0.55229
47287,0.55478
47288,0.55727
47289,0.55976
47290,0.56225
47291,0.56474
47292,0.56723
47293,0.56972
47294,0.57221
47295,0.5747
47296,0.57719
47297,0.57968
47298,0.58217
47299,0.58466
47300,0.5871500000000001
47301,0.5896399999999999
47302,0.59213
47303,0.5
47304,0.49881
47305,0.49762
47306,0.49643
47307,0.49524
47308,0.49405
47309,0.49286
47310,0.49167
47311,0.49048
47312,0.48929
47313,0.4881
47314,0.48691
47315,0.48572
47316,0.48453
47317,0.48334
47318,0.48215
47319,0.48096
47320,0.47977
47321,0.47858
47322,0.47739
47323,0.4762
47324,0.47501
47325,0.47382
47326,0.47263
47327,0.47143999999999997
47328,0.47025
47329,0.46906
47330,0.46787
47331,0.46668
47332,0.46549
47333,0.4643
47334,0.46311
47335,0.46192
47336,0.46073
47337,0.45954
47338,0.45835
47339,0.45716
47340,0.45597
47341,0.45478
47342,0.45359
47343,0.4524
47344,0.45121
47345,0.45002
47346,0.44883
47347,0.44764
47348,0.44645
47349,0.44526
47350,0.44406999999999996
47351,0.44288
47352,0.44169
47353,0.4405
47354,0.43931
47355,0.43812
47356,0.43693
47357,0.43574
47358,0.43455
47359,0.43335999999999997
47360,0.43217
47361,0.43098000000000003
47362,0.42979
47363,0.4286
47364,0.42741
47365,0.5
47366,0.4991637
47367,0.4983274
47368,0.4974911
47369,0.4966548
47370,0.4958185
47371,0.4949822
47372,0.4941459
47373,0.4933096
47374,0.4924733
47375,0.491637
47376,0.4908007
47377,0.4899644
47378,0.4891281
47379,0.4882918
47380,0.4874555
47381,0.4866192
47382,0.4857829
47383,0.4849466
47384,0.4841103
47385,0.483274
47386,0.4824377
47387,0.4816014
47388,0.4807651
47389,0.4799288
47390,0.4790925
47391,0.4782562
47392,0.4774199
47393,0.4765836
47394,0.4757473
47395,0.47491099999999997
47396,0.4740747
47397,0.4732384
47398,0.4724021
47399,0.4715658
47400,0.4707295
47401,0.4698932
47402,0.4690569
47403,0.4682206
47404,0.4673843
47405,0.466548
47406,0.4657117
47407,0.4648754
47408,0.4640391
47409,0.4632028
47410,0.4623665
47411,0.4615302
47412,0.4606939
47413,0.4598576
47414,0.4590213
47415,0.458185
47416,0.4573487
47417,0.4565124
47418,0.45567610000000003
47419,0.4548398
47420,0.4540035
47421,0.4531672
47422,0.4523309
47423,0.4514946
47424,0.4506583
47425,0.449822
47426,0.4489857
47427,0.44814940000000003
47428,0.4473131
47429,0.4464768
47430,0.4456405
47431,0.4448042
47432,0.44396789999999997
47433,0.4431316
47434,0.4422953
47435,0.441459
47436,0.4406227
47437,0.4397864
47438,0.4389501
47439,0.4381138
47440,0.4372775
47441,0.4364412
47442,0.4356049
47443,0.4347686
47444,0.4339323
47445,0.433096
47446,0.4322597
47447,0.4314234
47448,0.4305871
47449,0.4297508
47450,0.4289145
47451,0.4280782
47452,0.4272419
47453,0.4264056
47454,0.4255693
47455,0.424733
47456,0.4238967
47457,0.4230604
47458,0.4222241
47459,0.4213878
47460,0.42055149999999997
47461,0.4197152
47462,0.4188789
47463,0.5
47464,0.497756
47465,0.495512
47466,0.493268
47467,0.491024
47468,0.48878
47469,0.486536
47470,0.484292
47471,0.482048
47472,0.479804
47473,0.47756
47474,0.475316
47475,0.473072
47476,0.470828
47477,0.468584
47478,0.46634
47479,0.464096
47480,0.461852
47481,0.459608
47482,0.457364
47483,0.45512
47484,0.452876
47485,0.45063200000000003
47486,0.448388
47487,0.446144
47488,0.4439
47489,0.441656
47490,0.439412
47491,0.437168
47492,0.434924
47493,0.43268
47494,0.430436
47495,0.428192
47496,0.425948
47497,0.42370399999999997
47498,0.42146
47499,0.41921600000000003
47500,0.416972
47501,0.414728
47502,0.412484
47503,0.41024
47504,0.407996
47505,0.405752
47506,0.403508
47507,0.401264
47508,0.39902
47509,0.396776
47510,0.394532
47511,0.39228799999999997
47512,0.390044
47513,0.38780000000000003
47514,0.385556
47515,0.383312
47516,0.381068
47517,0.378824
47518,0.37658
47519,0.374336
47520,0.372092
47521,0.369848
47522,0.36760400000000004
47523,0.36536
47524,0.363116
47525,0.36087199999999997
47526,0.358628
47527,0.35638400000000003
47528,0.35414
47529,0.351896
47530,0.349652
47531,0.347408
47532,0.345164
47533,0.34292
47534,0.340676
47535,0.338432
47536,0.33618800000000004
47537,0.333944
47538,0.3317
47539,0.32945599999999997
47540,0.327212
47541,0.32496800000000003
47542,0.322724
47543,0.32048
47544,0.318236
47545,0.315992
47546,0.313748
47547,0.311504
47548,0.30926
47549,0.307016
47550,0.30477200000000004
47551,0.302528
47552,0.4
47553,0.4
47554,0.4
47555,0.4
47556,0.4
47557,0.4
47558,0.4
47559,0.4
47560,0.4
47561,0.4
47562,0.4
47563,0.4
47564,0.4
47565,0.4
47566,0.4
47567,0.4
47568,0.4
47569,0.4
47570,0.4
47571,0.4
47572,0.4
47573,0.4
47574,0.4
47575,0.4
47576,0.4
47577,0.4
47578,0.4
47579,0.4
47580,0.4
47581,0.4
47582,0.4
47583,0.4
47584,0.4
47585,0.4
47586,0.4
47587,0.4
47588,0.4
47589,0.4
47590,0.4
47591,0.4
47592,0.4
47593,0.4
47594,0.4
47595,0.4
47596,0.4
47597,0.4
47598,0.4
47599,0.4
47600,0.4
47601,0.4
47602,0.4
47603,0.4
47604,0.4
47605,0.4
47606,0.4
47607,0.4
47608,0.4
47609,0.4
47610,0.4
47611,0.4
47612,0.4
47613,0.4
47614,0.4
47615,0.4
47616,0.4
47617,0.4
47618,0.4
47619,0.4
47620,0.4
47621,0.4
47622,0.4
47623,0.4
47624,0.4
47625,0.4
47626,0.4
47627,0.4
47628,0.4
47629,0.4
47630,0.4
47631,0.4
47632,0.4
47633,0.4
47634,0.4
47635,0.4
47636,0.4
47637,0.4
47638,0.4
47639,0.4
47640,0.4
47641,0.4
47642,0.5
47643,0.5
47644,0.5
47645,0.5
47646,0.5
47647,0.5
47648,0.5
47649,0.5
47650,0.5
47651,0.5
47652,0.5
47653,0.5
47654,0.5
47655,0.5
47656,0.5
47657,0.5
47658,0.5
47659,0.5
47660,0.5
47661,0.5
47662,0.5
47663,0.5
47664,0.5
47665,0.5
47666,0.5
47667,0.5
47668,0.5
47669,0.5
47670,0.5
47671,0.5
47672,0.5
47673,0.5
47674,0.5
47675,0.5
47676,0.5
47677,0.5
47678,0.5
47679,0.5
47680,0.5
47681,0.5
47682,0.5
47683,0.5
47684,0.5
47685,0.5
47686,0.5
47687,0.5
47688,0.5
47689,0.5
47690,0.5
47691,0.5
47692,0.5
47693,0.5
47694,0.5
47695,0.5
47696,0.5
47697,0.5
47698,0.5
47699,0.5
47700,0.5
47701,0.5
47702,0.5
47703,0.5
47704,0.5
47705,0.5
47706,0.5
47707,0.5
47708,0.5
47709,0.5
47710,0.5
47711,0.5
47712,0.5
47713,0.5
47714,0.5
47715,0.5
47716,0.5
47717,0.5
47718,0.5
47719,0.5
47720,0.5
47721,0.5
47722,0.5
47723,0.5
47724,0.5
47725,0.5
47726,0.5
47727,0.5
47728,0.5
47729,0.5
47730,0.5
47731,0.5
47732,0.5
47733,0.5
47734,0.5
47735,0.5
47736,0.5
47737,0.5
47738,0.5
47739,0.5
47740,0.5
47741,0.5
47742,0.5
47743,0.5
47744,0.5
47745,0.5
47746,0.5
47747,0.5
47748,0.5
47749,0.5
47750,0.5
47751,0.5
47752,0.5
47753,0.5
47754,0.5
47755,0.5
47756,0.5
47757,0.5
47758,0.5
47759,0.5
47760,0.5
47761,0.5
47762,0.5
47763,0.5
47764,0.5
47765,0.5
47766,0.5
47767,0.5
47768,0.5
47769,0.5
47770,0.5
47771,0.5
47772,0.5
47773,0.5
47774,0.5
47775,0.5
47776,0.5
47777,0.5
47778,0.5
47779,0.5
47780,0.5
47781,0.5
47782,0.5
47783,0.5
47784,0.5
47785,0.5
47786,0.5
47787,0.5
47788,0.5
47789,0.5
47790,0.5
47791,0.5
47792,0.5
47793,0.5
47794,0.5
47795,0.5
47796,0.5
47797,0.5
47798,0.5
47799,0.5
47800,0.5
47801,0.5
47802,0.5
47803,0.5
47804,0.5
47805,0.5
47806,0.5
47807,0.5
47808,0.5
47809,0.5
47810,0.5
47811,0.5
47812,0.5
47813,0.5
47814,0.5
47815,0.5
47816,0.5
47817,0.5
47818,0.5
47819,0.5
47820,0.5
47821,0.5
47822,0.5
47823,0.5
47824,0.5
47825,0.5
47826,0.5
47827,0.5
47828,0.5
47829,0.5
47830,0.5
47831,0.5
47832,0.5
47833,0.5
47834,0.5
47835,0.5
47836,0.5
47837,0.5
47838,0.5
47839,0.5
47840,0.5
47841,0.5
47842,0.5
47843,0.5
47844,0.5
47845,0.5
47846,0.5
47847,0.5
47848,0.5
47849,0.5
47850,0.5
47851,0.5
47852,0.5
47853,0.5
47854,0.5
47855,0.5
47856,0.5
47857,0.5
47858,0.5
47859,0.5
47860,0.5
47861,0.5
47862,0.5
47863,0.5
47864,0.5
47865,0.5
47866,0.5
47867,0.5
47868,0.5
47869,0.5
47870,0.5
47871,0.5
47872,0.5
47873,0.5
47874,0.5
47875,0.5
47876,0.5
47877,0.5
47878,0.5
47879,0.5
47880,0.5
47881,0.5
47882,0.5
47883,0.5
47884,0.5
47885,0.5
47886,0.5
47887,0.5
47888,0.5
47889,0.5
47890,0.5
47891,0.5
47892,0.5
47893,0.5
47894,0.5
47895,0.5
47896,0.5
47897,0.5
47898,0.5
47899,0.5
47900,0.5
47901,0.5
47902,0.5
47903,0.5
47904,0.5
47905,0.5
47906,0.5
47907,0.5
47908,0.5
47909,0.5
47910,0.5
47911,0.5
47912,0.6
47913,0.5990599999999999
47914,0.59812
47915,0.5971799999999999
47916,0.59624
47917,0.5952999999999999
47918,0.59436
47919,0.59342
47920,0.59248
47921,0.59154
47922,0.5906
47923,0.58966
47924,0.58872
47925,0.58778
47926,0.58684
47927,0.5859
47928,0.5849599999999999
47929,0.58402
47930,0.5830799999999999
47931,0.58214
47932,0.5811999999999999
47933,0.58026
47934,0.57932
47935,0.57838
47936,0.57744
47937,0.5765
47938,0.57556
47939,0.57462
47940,0.57368
47941,0.57274
47942,0.5718
47943,0.5708599999999999
47944,0.56992
47945,0.5689799999999999
47946,0.56804
47947,0.5670999999999999
47948,0.56616
47949,0.56522
47950,0.56428
47951,0.56334
47952,0.5624
47953,0.56146
47954,0.56052
47955,0.55958
47956,0.55864
47957,0.5577
47958,0.5567599999999999
47959,0.55582
47960,0.5548799999999999
47961,0.55394
47962,0.5529999999999999
47963,0.55206
47964,0.5511199999999999
47965,0.55018
47966,0.54924
47967,0.5483
47968,0.54736
47969,0.54642
47970,0.54548
47971,0.54454
47972,0.5436
47973,0.54266
47974,0.54172
47975,0.54078
47976,0.53984
47977,0.5388999999999999
47978,0.53796
47979,0.5370199999999999
47980,0.53608
47981,0.53514
47982,0.5342
47983,0.53326
47984,0.53232
47985,0.53138
47986,0.53044
47987,0.5295
47988,0.5285599999999999
47989,0.52762
47990,0.52668
47991,0.52574
47992,0.5247999999999999
47993,0.52386
47994,0.5229199999999999
47995,0.52198
47996,0.52104
47997,0.5201
47998,0.51916
47999,0.51822
48000,0.51728
48001,0.51634
48002,0.5154
48003,0.51446
48004,0.51352
48005,0.51258
48006,0.51164
48007,0.5106999999999999
48008,0.50976
48009,0.6
48010,0.599523
48011,0.599046
48012,0.598569
48013,0.598092
48014,0.597615
48015,0.597138
48016,0.596661
48017,0.5961839999999999
48018,0.595707
48019,0.5952299999999999
48020,0.594753
48021,0.594276
48022,0.593799
48023,0.593322
48024,0.592845
48025,0.592368
48026,0.591891
48027,0.591414
48028,0.5909369999999999
48029,0.59046
48030,0.5899829999999999
48031,0.589506
48032,0.589029
48033,0.588552
48034,0.588075
48035,0.587598
48036,0.587121
48037,0.5866439999999999
48038,0.586167
48039,0.5856899999999999
48040,0.585213
48041,0.5847359999999999
48042,0.584259
48043,0.583782
48044,0.583305
48045,0.582828
48046,0.582351
48047,0.581874
48048,0.5813969999999999
48049,0.58092
48050,0.5804429999999999
48051,0.579966
48052,0.5794889999999999
48053,0.579012
48054,0.578535
48055,0.578058
48056,0.577581
48057,0.577104
48058,0.576627
48059,0.5761499999999999
48060,0.575673
48061,0.5751959999999999
48062,0.574719
48063,0.574242
48064,0.573765
48065,0.573288
48066,0.572811
48067,0.572334
48068,0.571857
48069,0.57138
48070,0.5709029999999999
48071,0.570426
48072,0.5699489999999999
48073,0.569472
48074,0.568995
48075,0.568518
48076,0.568041
48077,0.567564
48078,0.567087
48079,0.56661
48080,0.566133
48081,0.5656559999999999
48082,0.565179
48083,0.564702
48084,0.564225
48085,0.563748
48086,0.563271
48087,0.562794
48088,0.562317
48089,0.56184
48090,0.561363
48091,0.560886
48092,0.5604089999999999
48093,0.559932
48094,0.559455
48095,0.558978
48096,0.558501
48097,0.558024
48098,0.557547
48099,0.55707
48100,0.556593
48101,0.5561159999999999
48102,0.555639
48103,0.6
48104,0.5988
48105,0.5976
48106,0.5963999999999999
48107,0.5952
48108,0.594
48109,0.5928
48110,0.5916
48111,0.5903999999999999
48112,0.5892
48113,0.588
48114,0.5868
48115,0.5856
48116,0.5844
48117,0.5831999999999999
48118,0.582
48119,0.5808
48120,0.5796
48121,0.5784
48122,0.5771999999999999
48123,0.576
48124,0.5748
48125,0.5736
48126,0.5724
48127,0.5711999999999999
48128,0.57
48129,0.5688
48130,0.5676
48131,0.5664
48132,0.5651999999999999
48133,0.564
48134,0.5628
48135,0.5616
48136,0.5604
48137,0.5592
48138,0.5579999999999999
48139,0.5568
48140,0.7
48141,0.7562
48142,0.8124
48143,0.6
48144,0.3372
48145,0.07440000000000002
48146,0.1
48147,0.3452
48148,0.5904
48149,0.8356
48150,0.9
48151,0.914
48152,0.928
48153,0.9420000000000001
48154,0.8
48155,0.8
48156,0.8
48157,0.8
48158,0.8
48159,0.8
48160,0.8
48161,0.8
48162,0.8
48163,0.8
48164,0.8
48165,0.8
48166,0.8
48167,0.8
48168,0.8
48169,0.8
48170,0.8
48171,0.8
48172,0.8
48173,0.8
48174,0.7
48175,0.6901349999999999
48176,0.6802699999999999
48177,0.6704049999999999
48178,0.6605399999999999
48179,0.650675
48180,0.64081
48181,0.630945
48182,0.62108
48183,0.611215
48184,0.6013499999999999
48185,0.5914849999999999
48186,0.5816199999999999
48187,0.571755
48188,0.56189
48189,0.552025
48190,0.54216
48191,0.532295
48192,0.52243
48193,0.5125649999999999
48194,0.5026999999999999
48195,0.4928349999999999
48196,0.48296999999999995
48197,0.47310499999999994
48198,0.46323999999999993
48199,0.453375
48200,0.44350999999999996
48201,0.43364499999999995
48202,0.42377999999999993
48203,0.4139149999999999
48204,0.40404999999999996
48205,0.39418499999999995
48206,0.38431999999999994
48207,0.3744549999999999
48208,0.3645899999999999
48209,0.35472499999999996
48210,0.34485999999999994
48211,0.33499499999999993
48212,0.3251299999999999
48213,0.31526499999999996
48214,0.30539999999999995
48215,0.29553499999999994
48216,0.2856699999999999
48217,0.2758049999999999
48218,0.26593999999999995
48219,0.25607499999999994
48220,0.24620999999999993
48221,0.23634499999999992
48222,0.2264799999999999
48223,0.3
48224,0.30044899999999997
48225,0.300898
48226,0.301347
48227,0.301796
48228,0.302245
48229,0.30269399999999996
48230,0.303143
48231,0.303592
48232,0.304041
48233,0.30449
48234,0.304939
48235,0.305388
48236,0.30583699999999997
48237,0.306286
48238,0.306735
48239,0.307184
48240,0.307633
48241,0.30808199999999997
48242,0.308531
48243,0.30898
48244,0.309429
48245,0.309878
48246,0.31032699999999996
48247,0.310776
48248,0.311225
48249,0.311674
48250,0.312123
48251,0.31257199999999996
48252,0.313021
48253,0.31346999999999997
48254,0.313919
48255,0.314368
48256,0.314817
48257,0.315266
48258,0.31571499999999997
48259,0.316164
48260,0.316613
48261,0.317062
48262,0.317511
48263,0.31795999999999996
48264,0.318409
48265,0.318858
48266,0.319307
48267,0.319756
48268,0.32020499999999996
48269,0.320654
48270,0.32110299999999997
48271,0.321552
48272,0.322001
48273,0.32245
48274,0.322899
48275,0.32334799999999997
48276,0.323797
48277,0.324246
48278,0.324695
48279,0.325144
48280,0.32559299999999997
48281,0.326042
48282,0.326491
48283,0.32694
48284,0.327389
48285,0.32783799999999996
48286,0.328287
48287,0.328736
48288,0.329185
48289,0.329634
48290,0.330083
48291,0.330532
48292,0.33098099999999997
48293,0.33143
48294,0.331879
48295,0.332328
48296,0.332777
48297,0.33322599999999997
48298,0.333675
48299,0.334124
48300,0.334573
48301,0.335022
48302,0.33547099999999996
48303,0.33592
48304,0.336369
48305,0.336818
48306,0.337267
48307,0.337716
48308,0.338165
48309,0.33861399999999997
48310,0.339063
48311,0.339512
48312,0.339961
48313,0.34041
48314,0.34085899999999997
48315,0.341308
48316,0.341757
48317,0.342206
48318,0.342655
48319,0.34310399999999996
48320,0.343553
48321,0.344002
48322,0.344451
48323,0.3449
48324,0.345349
48325,0.345798
48326,0.34624699999999997
48327,0.346696
48328,0.347145
48329,0.347594
48330,0.348043
48331,0.34849199999999997
48332,0.348941
48333,0.34939
48334,0.349839
48335,0.350288
48336,0.35073699999999997
48337,0.351186
48338,0.351635
48339,0.352084
48340,0.352533
48341,0.352982
48342,0.353431
48343,0.35388
48344,0.354329
48345,0.354778
48346,0.355227
48347,0.355676
48348,0.35612499999999997
48349,0.356574
48350,0.357023
48351,0.357472
48352,0.357921
48353,0.35836999999999997
48354,0.358819
48355,0.359268
48356,0.359717
48357,0.360166
48358,0.360615
48359,0.361064
48360,0.361513
48361,0.361962
48362,0.362411
48363,0.36285999999999996
48364,0.363309
48365,0.363758
48366,0.364207
48367,0.364656
48368,0.365105
48369,0.365554
48370,0.36600299999999997
48371,0.366452
48372,0.366901
48373,0.36735
48374,0.367799
48375,0.368248
48376,0.368697
48377,0.369146
48378,0.369595
48379,0.370044
48380,0.37049299999999996
48381,0.370942
48382,0.37139099999999997
48383,0.37184
48384,0.372289
48385,0.372738
48386,0.373187
48387,0.37363599999999997
48388,0.374085
48389,0.374534
48390,0.374983
48391,0.375432
48392,0.375881
48393,0.37633
48394,0.376779
48395,0.377228
48396,0.377677
48397,0.37812599999999996
48398,0.378575
48399,0.37902399999999997
48400,0.379473
48401,0.379922
48402,0.380371
48403,0.38082
48404,0.38126899999999997
48405,0.381718
48406,0.382167
48407,0.382616
48408,0.383065
48409,0.383514
48410,0.383963
48411,0.384412
48412,0.384861
48413,0.38531
48414,0.38575899999999996
48415,0.386208
48416,0.386657
48417,0.387106
48418,0.387555
48419,0.388004
48420,0.388453
48421,0.38890199999999997
48422,0.389351
48423,0.3898
48424,0.390249
48425,0.390698
48426,0.391147
48427,0.391596
48428,0.392045
48429,0.392494
48430,0.392943
48431,0.39339199999999996
48432,0.393841
48433,0.39429
48434,0.394739
48435,0.395188
48436,0.395637
48437,0.396086
48438,0.39653499999999997
48439,0.396984
48440,0.397433
48441,0.397882
48442,0.398331
48443,0.39878
48444,0.399229
48445,0.399678
48446,0.400127
48447,0.400576
48448,0.40102499999999996
48449,0.401474
48450,0.401923
48451,0.402372
48452,0.402821
48453,0.40327
48454,0.403719
48455,0.40416799999999997
48456,0.404617
48457,0.405066
48458,0.40551499999999996
48459,0.405964
48460,0.406413
48461,0.406862
48462,0.407311
48463,0.40776
48464,0.408209
48465,0.40865799999999997
48466,0.409107
48467,0.409556
48468,0.410005
48469,0.410454
48470,0.410903
48471,0.411352
48472,0.411801
48473,0.41225
48474,0.412699
48475,0.41314799999999996
48476,0.413597
48477,0.414046
48478,0.414495
48479,0.414944
48480,0.415393
48481,0.415842
48482,0.41629099999999997
48483,0.41674
48484,0.417189
48485,0.417638
48486,0.418087
48487,0.418536
48488,0.418985
48489,0.419434
48490,0.419883
48491,0.420332
48492,0.42078099999999996
48493,0.42123
48494,0.421679
48495,0.422128
48496,0.422577
48497,0.423026
48498,0.423475
48499,0.42392399999999997
48500,0.424373
48501,0.424822
48502,0.42527099999999995
48503,0.42572
48504,0.426169
48505,0.426618
48506,0.427067
48507,0.427516
48508,0.427965
48509,0.42841399999999996
48510,0.428863
48511,0.429312
48512,0.429761
48513,0.43021
48514,0.430659
48515,0.431108
48516,0.43155699999999997
48517,0.432006
48518,0.43245500000000003
48519,0.43290399999999996
48520,0.433353
48521,0.433802
48522,0.434251
48523,0.4347
48524,0.435149
48525,0.435598
48526,0.43604699999999996
48527,0.436496
48528,0.43694500000000003
48529,0.437394
48530,0.437843
48531,0.438292
48532,0.438741
48533,0.43918999999999997
48534,0.439639
48535,0.44008800000000003
48536,0.44053699999999996
48537,0.440986
48538,0.441435
48539,0.441884
48540,0.442333
48541,0.442782
48542,0.443231
48543,0.44367999999999996
48544,0.444129
48545,0.44457800000000003
48546,0.445027
48547,0.445476
48548,0.445925
48549,0.446374
48550,0.44682299999999997
48551,0.447272
48552,0.44772100000000004
48553,0.44816999999999996
48554,0.448619
48555,0.449068
48556,0.449517
48557,0.449966
48558,0.450415
48559,0.450864
48560,0.45131299999999996
48561,0.451762
48562,0.45221100000000003
48563,0.45266
48564,0.453109
48565,0.453558
48566,0.454007
48567,0.45445599999999997
48568,0.454905
48569,0.45535400000000004
48570,0.45580299999999996
48571,0.456252
48572,0.456701
48573,0.45715
48574,0.457599
48575,0.458048
48576,0.458497
48577,0.45894599999999997
48578,0.459395
48579,0.45984400000000003
48580,0.460293
48581,0.460742
48582,0.461191
48583,0.46164
48584,0.46208899999999997
48585,0.462538
48586,0.462987
48587,0.46343599999999996
48588,0.463885
48589,0.464334
48590,0.464783
48591,0.465232
48592,0.465681
48593,0.46613
48594,0.46657899999999997
48595,0.467028
48596,0.46747700000000003
48597,0.467926
48598,0.468375
48599,0.468824
48600,0.469273
48601,0.469722
48602,0.470171
48603,0.47062
48604,0.47106899999999996
48605,0.471518
48606,0.471967
48607,0.472416
48608,0.472865
48609,0.473314
48610,0.473763
48611,0.47421199999999997
48612,0.474661
48613,0.47511000000000003
48614,0.475559
48615,0.476008
48616,0.476457
48617,0.476906
48618,0.477355
48619,0.477804
48620,0.478253
48621,0.47870199999999996
48622,0.479151
48623,0.4796
48624,0.480049
48625,0.480498
48626,0.480947
48627,0.481396
48628,0.48184499999999997
48629,0.482294
48630,0.48274300000000003
48631,0.48319199999999995
48632,0.483641
48633,0.48409
48634,0.484539
48635,0.484988
48636,0.485437
48637,0.485886
48638,0.48633499999999996
48639,0.486784
48640,0.487233
48641,0.487682
48642,0.488131
48643,0.48858
48644,0.489029
48645,0.48947799999999997
48646,0.489927
48647,0.49037600000000003
48648,0.49082499999999996
48649,0.491274
48650,0.491723
48651,0.492172
48652,0.492621
48653,0.49307
48654,0.493519
48655,0.49396799999999996
48656,0.494417
48657,0.49486600000000003
48658,0.495315
48659,0.495764
48660,0.496213
48661,0.496662
48662,0.49711099999999997
48663,0.49756
48664,0.6
48665,0.598789
48666,0.5975779999999999
48667,0.596367
48668,0.595156
48669,0.593945
48670,0.592734
48671,0.591523
48672,0.590312
48673,0.589101
48674,0.58789
48675,0.586679
48676,0.585468
48677,0.584257
48678,0.583046
48679,0.581835
48680,0.580624
48681,0.579413
48682,0.578202
48683,0.576991
48684,0.57578
48685,0.574569
48686,0.5733579999999999
48687,0.572147
48688,0.570936
48689,0.5697249999999999
48690,0.568514
48691,0.567303
48692,0.5660919999999999
48693,0.564881
48694,0.56367
48695,0.5624589999999999
48696,0.561248
48697,0.560037
48698,0.5588259999999999
48699,0.557615
48700,0.556404
48701,0.5551929999999999
48702,0.553982
48703,0.552771
48704,0.5515599999999999
48705,0.550349
48706,0.549138
48707,0.5479269999999999
48708,0.546716
48709,0.545505
48710,0.544294
48711,0.543083
48712,0.541872
48713,0.540661
48714,0.53945
48715,0.538239
48716,0.537028
48717,0.535817
48718,0.5346059999999999
48719,0.533395
48720,0.532184
48721,0.5309729999999999
48722,0.529762
48723,0.528551
48724,0.5273399999999999
48725,0.526129
48726,0.524918
48727,0.5237069999999999
48728,0.522496
48729,0.521285
48730,0.5200739999999999
48731,0.518863
48732,0.517652
48733,0.5164409999999999
48734,0.51523
48735,0.514019
48736,0.5128079999999999
48737,0.511597
48738,0.510386
48739,0.5091749999999999
48740,0.507964
48741,0.506753
48742,0.5055419999999999
48743,0.504331
48744,0.50312
48745,0.5019089999999999
48746,0.500698
48747,0.49948699999999996
48748,0.49827599999999994
48749,0.497065
48750,0.49585399999999996
48751,0.49464299999999994
48752,0.493432
48753,0.49222099999999996
48754,0.49100999999999995
48755,0.489799
48756,0.48858799999999997
48757,0.48737699999999995
48758,0.486166
48759,0.48495499999999997
48760,0.48374399999999995
48761,0.482533
48762,0.48132199999999997
48763,0.48011099999999995
48764,0.4789
48765,0.477689
48766,0.47647799999999996
48767,0.475267
48768,0.474056
48769,0.47284499999999996
48770,0.471634
48771,0.470423
48772,0.46921199999999996
48773,0.468001
48774,0.46679
48775,0.46557899999999997
48776,0.464368
48777,0.463157
48778,0.46194599999999997
48779,0.460735
48780,0.45952399999999993
48781,0.45831299999999997
48782,0.457102
48783,0.45589099999999994
48784,0.45468
48785,0.453469
48786,0.45225799999999994
48787,0.451047
48788,0.44983599999999996
48789,0.44862499999999994
48790,0.447414
48791,0.44620299999999996
48792,0.44499199999999994
48793,0.443781
48794,0.44256999999999996
48795,0.44135899999999995
48796,0.440148
48797,0.43893699999999997
48798,0.43772599999999995
48799,0.436515
48800,0.43530399999999997
48801,0.43409299999999995
48802,0.432882
48803,0.43167099999999997
48804,0.43045999999999995
48805,0.429249
48806,0.428038
48807,0.42682699999999996
48808,0.425616
48809,0.424405
48810,0.42319399999999996
48811,0.421983
48812,0.420772
48813,0.41956099999999996
48814,0.41835
48815,0.417139
48816,0.41592799999999996
48817,0.5
48818,0.50172
48819,0.50344
48820,0.50516
48821,0.50688
48822,0.5086
48823,0.51032
48824,0.51204
48825,0.51376
48826,0.51548
48827,0.5172
48828,0.51892
48829,0.52064
48830,0.52236
48831,0.52408
48832,0.5258
48833,0.52752
48834,0.52924
48835,0.53096
48836,0.53268
48837,0.5344
48838,0.53612
48839,0.53784
48840,0.53956
48841,0.54128
48842,0.543
48843,0.54472
48844,0.54644
48845,0.54816
48846,0.54988
48847,0.5516
48848,0.55332
48849,0.55504
48850,0.55676
48851,0.55848
48852,0.5602
48853,0.56192
48854,0.56364
48855,0.56536
48856,0.56708
48857,0.5688
48858,0.57052
48859,0.57224
48860,0.57396
48861,0.57568
48862,0.5774
48863,0.57912
48864,0.58084
48865,0.58256
48866,0.58428
48867,0.586
48868,0.58772
48869,0.58944
48870,0.59116
48871,0.59288
48872,0.5946
48873,0.59632
48874,0.59804
48875,0.59976
48876,0.60148
48877,0.6032
48878,0.5
48879,0.500324
48880,0.500648
48881,0.500972
48882,0.501296
48883,0.50162
48884,0.501944
48885,0.502268
48886,0.502592
48887,0.502916
48888,0.50324
48889,0.503564
48890,0.503888
48891,0.504212
48892,0.504536
48893,0.50486
48894,0.505184
48895,0.505508
48896,0.505832
48897,0.506156
48898,0.50648
48899,0.506804
48900,0.507128
48901,0.507452
48902,0.507776
48903,0.5081
48904,0.508424
48905,0.508748
48906,0.509072
48907,0.509396
48908,0.50972
48909,0.510044
48910,0.510368
48911,0.510692
48912,0.511016
48913,0.51134
48914,0.511664
48915,0.511988
48916,0.512312
48917,0.512636
48918,0.51296
48919,0.513284
48920,0.513608
48921,0.513932
48922,0.514256
48923,0.51458
48924,0.514904
48925,0.515228
48926,0.515552
48927,0.515876
48928,0.5162
48929,0.516524
48930,0.516848
48931,0.517172
48932,0.517496
48933,0.51782
48934,0.518144
48935,0.518468
48936,0.518792
48937,0.519116
48938,0.51944
48939,0.519764
48940,0.520088
48941,0.520412
48942,0.520736
48943,0.52106
48944,0.521384
48945,0.521708
48946,0.522032
48947,0.522356
48948,0.52268
48949,0.523004
48950,0.523328
48951,0.523652
48952,0.523976
48953,0.5243
48954,0.524624
48955,0.524948
48956,0.525272
48957,0.525596
48958,0.52592
48959,0.526244
48960,0.526568
48961,0.526892
48962,0.527216
48963,0.52754
48964,0.527864
48965,0.528188
48966,0.528512
48967,0.528836
48968,0.52916
48969,0.529484
48970,0.5298080000000001
48971,0.530132
48972,0.530456
48973,0.53078
48974,0.531104
48975,0.531428
48976,0.531752
48977,0.532076
48978,0.5324
48979,0.532724
48980,0.533048
48981,0.533372
48982,0.4
48983,0.40195000000000003
48984,0.40390000000000004
48985,0.40585000000000004
48986,0.4078
48987,0.40975
48988,0.4117
48989,0.41365
48990,0.4156
48991,0.41755000000000003
48992,0.41950000000000004
48993,0.42145000000000005
48994,0.4234
48995,0.42535
48996,0.4273
48997,0.42925
48998,0.4312
48999,0.43315000000000003
49000,0.43510000000000004
49001,0.43705000000000005
49002,0.439
49003,0.44095
49004,0.4429
49005,0.44485
49006,0.44680000000000003
49007,0.44875000000000004
49008,0.4507
49009,0.45265
49010,0.4546
49011,0.45655
49012,0.4585
49013,0.46045
49014,0.46240000000000003
49015,0.46435000000000004
49016,0.46630000000000005
49017,0.46825
49018,0.4702
49019,0.47215
49020,0.4741
49021,0.47605000000000003
49022,0.47800000000000004
49023,0.47995
49024,0.4819
49025,0.48385
49026,0.4858
49027,0.48775
49028,0.4897
49029,0.49165000000000003
49030,0.49360000000000004
49031,0.49555000000000005
49032,0.4975
49033,0.49945
49034,0.5014000000000001
49035,0.50335
49036,0.5053
49037,0.50725
49038,0.5092
49039,0.51115
49040,0.5131
49041,0.51505
49042,0.517
49043,0.51895
49044,0.5209
49045,0.52285
49046,0.5248
49047,0.52675
49048,0.5287
49049,0.5306500000000001
49050,0.5326
49051,0.5345500000000001
49052,0.5365
49053,0.53845
49054,0.5404
49055,0.54235
49056,0.5443
49057,0.54625
49058,0.5
49059,0.49762
49060,0.49524
49061,0.49286
49062,0.49048
49063,0.4881
49064,0.48572
49065,0.48334
49066,0.48096
49067,0.47858
49068,0.4762
49069,0.47382
49070,0.47143999999999997
49071,0.46906
49072,0.46668
49073,0.4643
49074,0.46192
49075,0.45954
49076,0.45716
49077,0.45478
49078,0.4524
49079,0.45002
49080,0.44764
49081,0.44526
49082,0.44288
49083,0.4405
49084,0.43812
49085,0.43574
49086,0.43335999999999997
49087,0.43098000000000003
49088,0.4286
49089,0.42622
49090,0.42384
49091,0.42146
49092,0.41908
49093,0.41669999999999996
49094,0.41432
49095,0.41194
49096,0.40956
49097,0.40718
49098,0.4048
49099,0.40242
49100,0.40004
49101,0.39766
49102,0.39527999999999996
49103,0.3929
49104,0.39052
49105,0.38814
49106,0.38576
49107,0.38338
49108,0.381
49109,0.37861999999999996
49110,0.37624
49111,0.4
49112,0.411049
49113,0.42209800000000003
49114,0.433147
49115,0.44419600000000004
49116,0.455245
49117,0.466294
49118,0.477343
49119,0.48839200000000005
49120,0.499441
49121,0.51049
49122,0.521539
49123,0.5325880000000001
49124,0.543637
49125,0.554686
49126,0.565735
49127,0.576784
49128,0.587833
49129,0.598882
49130,0.609931
49131,0.6209800000000001
49132,0.632029
49133,0.643078
49134,0.654127
49135,0.665176
49136,0.6762250000000001
49137,0.6
49138,0.598148
49139,0.5962959999999999
49140,0.594444
49141,0.592592
49142,0.5907399999999999
49143,0.588888
49144,0.587036
49145,0.5851839999999999
49146,0.583332
49147,0.58148
49148,0.579628
49149,0.577776
49150,0.575924
49151,0.574072
49152,0.57222
49153,0.570368
49154,0.568516
49155,0.566664
49156,0.564812
49157,0.56296
49158,0.5611079999999999
49159,0.559256
49160,0.557404
49161,0.5555519999999999
49162,0.5537
49163,0.551848
49164,0.5499959999999999
49165,0.548144
49166,0.546292
49167,0.54444
49168,0.542588
49169,0.540736
49170,0.538884
49171,0.537032
49172,0.53518
49173,0.533328
49174,0.531476
49175,0.529624
49176,0.527772
49177,0.5259199999999999
49178,0.524068
49179,0.522216
49180,0.5203639999999999
49181,0.518512
49182,0.51666
49183,0.5148079999999999
49184,0.512956
49185,0.511104
49186,0.509252
49187,0.5074
49188,0.505548
49189,0.5036959999999999
49190,0.501844
49191,0.499992
49192,0.49813999999999997
49193,0.49628799999999995
49194,0.494436
49195,0.49258399999999997
49196,0.490732
49197,0.48888
49198,0.487028
49199,0.485176
49200,0.483324
49201,0.481472
49202,0.47962
49203,0.47776799999999997
49204,0.475916
49205,0.474064
49206,0.47221199999999997
49207,0.47036
49208,0.468508
49209,0.46665599999999996
49210,0.464804
49211,0.5
49212,0.501217
49213,0.502434
49214,0.503651
49215,0.504868
49216,0.506085
49217,0.507302
49218,0.508519
49219,0.509736
49220,0.510953
49221,0.51217
49222,0.513387
49223,0.514604
49224,0.515821
49225,0.517038
49226,0.518255
49227,0.519472
49228,0.520689
49229,0.521906
49230,0.523123
49231,0.52434
49232,0.525557
49233,0.526774
49234,0.527991
49235,0.529208
49236,0.530425
49237,0.531642
49238,0.532859
49239,0.534076
49240,0.535293
49241,0.53651
49242,0.537727
49243,0.538944
49244,0.540161
49245,0.541378
49246,0.542595
49247,0.543812
49248,0.545029
49249,0.546246
49250,0.547463
49251,0.5486800000000001
49252,0.549897
49253,0.551114
49254,0.552331
49255,0.553548
49256,0.554765
49257,0.555982
49258,0.5
49259,0.5
49260,0.5
49261,0.5
49262,0.5
49263,0.5
49264,0.5
49265,0.5
49266,0.5
49267,0.5
49268,0.5
49269,0.5
49270,0.5
49271,0.5
49272,0.5
49273,0.5
49274,0.5
49275,0.5
49276,0.5
49277,0.5
49278,0.5
49279,0.5
49280,0.5
49281,0.5
49282,0.5
49283,0.5
49284,0.5
49285,0.5
49286,0.5
49287,0.5
49288,0.5
49289,0.5
49290,0.5
49291,0.5
49292,0.5
49293,0.5
49294,0.5
49295,0.5
49296,0.5
49297,0.5
49298,0.5
49299,0.5
49300,0.5
49301,0.5
49302,0.5
49303,0.5
49304,0.5
49305,0.5
49306,0.5
49307,0.5
49308,0.5
49309,0.5
49310,0.5
49311,0.5
49312,0.5
49313,0.5
49314,0.5
49315,0.5
49316,0.5
49317,0.5
49318,0.5
49319,0.5
49320,0.5
49321,0.5
49322,0.5
49323,0.5
49324,0.5
49325,0.5
49326,0.5
49327,0.5
49328,0.5
49329,0.5
49330,0.5
49331,0.5
49332,0.5
49333,0.5
49334,0.5
49335,0.5
49336,0.5
49337,0.5
49338,0.5
49339,0.5
49340,0.5
49341,0.5
49342,0.5
49343,0.5
49344,0.5
49345,0.5
49346,0.5
49347,0.5
49348,0.5
49349,0.5
49350,0.5
49351,0.5
49352,0.5
49353,0.5
49354,0.5
49355,0.5
49356,0.5
49357,0.5
49358,0.4
49359,0.40142
49360,0.40284000000000003
49361,0.40426
49362,0.40568000000000004
49363,0.4071
49364,0.40852
49365,0.40994
49366,0.41136
49367,0.41278000000000004
49368,0.4142
49369,0.41562000000000004
49370,0.41704
49371,0.41846
49372,0.41988000000000003
49373,0.4213
49374,0.42272000000000004
49375,0.42414
49376,0.42556000000000005
49377,0.42698
49378,0.4284
49379,0.42982000000000004
49380,0.43124
49381,0.43266000000000004
49382,0.43408
49383,0.4355
49384,0.43692000000000003
49385,0.43834
49386,0.43976000000000004
49387,0.44118
49388,0.4426
49389,0.44402
49390,0.44544
49391,0.44686000000000003
49392,0.44828
49393,0.44970000000000004
49394,0.45112
49395,0.45254000000000005
49396,0.45396000000000003
49397,0.45538
49398,0.45680000000000004
49399,0.45822
49400,0.45964000000000005
49401,0.46106
49402,0.46248
49403,0.46390000000000003
49404,0.46532
49405,0.46674000000000004
49406,0.46816
49407,0.46958
49408,0.47100000000000003
49409,0.47242
49410,0.47384000000000004
49411,0.47526
49412,0.47668
49413,0.4781
49414,0.47952000000000006
49415,0.48094000000000003
49416,0.48236
49417,0.48378000000000004
49418,0.4852
49419,0.48662000000000005
49420,0.48804000000000003
49421,0.48946
49422,0.49088000000000004
49423,0.4923
49424,0.49372000000000005
49425,0.49514
49426,0.49656
49427,0.49798000000000003
49428,0.4994
49429,0.50082
49430,0.50224
49431,0.50366
49432,0.50508
49433,0.5065000000000001
49434,0.50792
49435,0.50934
49436,0.51076
49437,0.5121800000000001
49438,0.5136000000000001
49439,0.51502
49440,0.51644
49441,0.51786
49442,0.51928
49443,0.5207
49444,0.52212
49445,0.52354
49446,0.52496
49447,0.5263800000000001
49448,0.5278
49449,0.52922
49450,0.53064
49451,0.53206
49452,0.5334800000000001
49453,0.5349
49454,0.53632
49455,0.53774
49456,0.5391600000000001
49457,0.5405800000000001
49458,0.542
49459,0.54342
49460,0.54484
49461,0.54626
49462,0.5476800000000001
49463,0.5491
49464,0.55052
49465,0.55194
49466,0.5533600000000001
49467,0.55478
49468,0.5562
49469,0.55762
49470,0.55904
49471,0.56046
49472,0.56188
49473,0.5633
49474,0.56472
49475,0.5661400000000001
49476,0.5675600000000001
49477,0.56898
49478,0.5704
49479,0.57182
49480,0.57324
49481,0.5746600000000001
49482,0.57608
49483,0.5775
49484,0.57892
49485,0.5803400000000001
49486,0.58176
49487,0.58318
49488,0.5846
49489,0.58602
49490,0.58744
49491,0.58886
49492,0.59028
49493,0.5917
49494,0.5931200000000001
49495,0.5945400000000001
49496,0.59596
49497,0.59738
49498,0.5988
49499,0.60022
49500,0.6016400000000001
49501,0.60306
49502,0.60448
49503,0.6059
49504,0.6073200000000001
49505,0.6087400000000001
49506,0.61016
49507,0.61158
49508,0.613
49509,0.61442
49510,0.61584
49511,0.61726
49512,0.61868
49513,0.6201000000000001
49514,0.6215200000000001
49515,0.62294
49516,0.6
49517,0.597692
49518,0.595384
49519,0.5930759999999999
49520,0.590768
49521,0.58846
49522,0.586152
49523,0.583844
49524,0.5815359999999999
49525,0.579228
49526,0.57692
49527,0.574612
49528,0.5723039999999999
49529,0.569996
49530,0.567688
49531,0.56538
49532,0.563072
49533,0.5607639999999999
49534,0.558456
49535,0.556148
49536,0.55384
49537,0.551532
49538,0.5492239999999999
49539,0.546916
49540,0.544608
49541,0.5423
49542,0.539992
49543,0.5376839999999999
49544,0.535376
49545,0.533068
49546,0.53076
49547,0.5284519999999999
49548,0.526144
49549,0.523836
49550,0.521528
49551,0.51922
49552,0.5169119999999999
49553,0.514604
49554,0.512296
49555,0.509988
49556,0.5076799999999999
49557,0.5053719999999999
49558,0.503064
49559,0.500756
49560,0.498448
49561,0.49613999999999997
49562,0.49383199999999994
49563,0.49152399999999996
49564,0.489216
49565,0.48690799999999995
49566,0.4846
49567,0.48229199999999994
49568,0.47998399999999997
49569,0.477676
49570,0.47536799999999996
49571,0.47306
49572,0.47075199999999995
49573,0.46844399999999997
49574,0.466136
49575,0.46382799999999996
49576,0.46151999999999993
49577,0.6
49578,0.5986659
49579,0.5973318
49580,0.5959977
49581,0.5946636
49582,0.5933295
49583,0.5919954
49584,0.5906613
49585,0.5893271999999999
49586,0.5879930999999999
49587,0.5866589999999999
49588,0.5853248999999999
49589,0.5839908
49590,0.5826567
49591,0.5813226
49592,0.5799885
49593,0.5786544
49594,0.5773203
49595,0.5759862
49596,0.5746521
49597,0.573318
49598,0.5719839
49599,0.5706498
49600,0.5693157
49601,0.5679816
49602,0.5666475
49603,0.5653134
49604,0.5639793
49605,0.5626452
49606,0.5613111
49607,0.559977
49608,0.5586428999999999
49609,0.5573087999999999
49610,0.5559746999999999
49611,0.5546405999999999
49612,0.5533064999999999
49613,0.5519724
49614,0.5506383
49615,0.5493042
49616,0.5479701
49617,0.546636
49618,0.5453019
49619,0.5439678
49620,0.5426337
49621,0.5412996
49622,0.5399655
49623,0.5386314
49624,0.5372973
49625,0.5359632
49626,0.5346291
49627,0.533295
49628,0.5319609
49629,0.5306268
49630,0.5292927
49631,0.5279586
49632,0.5266244999999999
49633,0.5252903999999999
49634,0.5239563
49635,0.5226222
49636,0.5212881
49637,0.519954
49638,0.5186199
49639,0.5172858
49640,0.5159517
49641,0.5146176
49642,0.5132835
49643,0.5119494
49644,0.5106153
49645,0.5092812
49646,0.5079471
49647,0.506613
49648,0.5052789
49649,0.5039448
49650,0.5026107
49651,0.5012766
49652,0.49994249999999996
49653,0.49860839999999995
49654,0.49727429999999995
49655,0.4959402
49656,0.4946061
49657,0.493272
49658,0.4919379
49659,0.4906038
49660,0.4892697
49661,0.48793559999999997
49662,0.48660149999999996
49663,0.4852674
49664,0.4839333
49665,0.4825992
49666,0.4812651
49667,0.479931
49668,0.4785969
49669,0.4772628
49670,0.4759287
49671,0.4745946
49672,0.4732605
49673,0.47192639999999997
49674,0.47059229999999996
49675,0.46925819999999996
49676,0.46792409999999995
49677,0.46658999999999995
49678,0.46525589999999994
49679,0.4639218
49680,0.4625877
49681,0.4612536
49682,0.4599195
49683,0.4585854
49684,0.45725129999999997
49685,0.4559172
49686,0.4545831
49687,0.453249
49688,0.4519149
49689,0.4505808
49690,0.4492467
49691,0.4479126
49692,0.4465785
49693,0.4452444
49694,0.4439103
49695,0.4425762
49696,0.44124209999999997
49697,0.43990799999999997
49698,0.43857389999999996
49699,0.43723979999999996
49700,0.43590569999999995
49701,0.43457159999999995
49702,0.43323749999999994
49703,0.4319034
49704,0.4305693
49705,0.4292352
49706,0.4279011
49707,0.426567
49708,0.4252329
49709,0.4238988
49710,0.4225647
49711,0.4212306
49712,0.4198965
49713,0.4185624
49714,0.4172283
49715,0.4158942
49716,0.4145601
49717,0.413226
49718,0.4118919
49719,0.4105578
49720,0.40922369999999997
49721,0.40788959999999996
49722,0.40655549999999996
49723,0.40522139999999995
49724,0.40388729999999995
49725,0.40255319999999994
49726,0.4012191
49727,0.399885
49728,0.3985509
49729,0.3972168
49730,0.3958827
49731,0.39454859999999997
49732,0.3932145
49733,0.3918804
49734,0.3905463
49735,0.3892122
49736,0.3878781
49737,0.4
49738,0.40379000000000004
49739,0.40758
49740,0.41137
49741,0.41516000000000003
49742,0.41895000000000004
49743,0.42274
49744,0.42653
49745,0.43032000000000004
49746,0.43411
49747,0.4379
49748,0.44169
49749,0.44548000000000004
49750,0.44927
49751,0.45306
49752,0.45685000000000003
49753,0.46064000000000005
49754,0.46443
49755,0.46822
49756,0.47201000000000004
49757,0.4758
49758,0.47959
49759,0.48338000000000003
49760,0.48717
49761,0.49096
49762,0.49475
49763,0.49854000000000004
49764,0.50233
49765,0.50612
49766,0.50991
49767,0.5137
49768,0.51749
49769,0.52128
49770,0.52507
49771,0.52886
49772,0.5326500000000001
49773,0.53644
49774,0.54023
49775,0.5440200000000001
49776,0.54781
49777,0.5516000000000001
49778,0.55539
49779,0.55918
49780,0.56297
49781,0.56676
49782,0.57055
49783,0.5743400000000001
49784,0.57813
49785,0.58192
49786,0.58571
49787,0.5895
49788,0.59329
49789,0.59708
49790,0.60087
49791,0.60466
49792,0.5
49793,0.499847
49794,0.499694
49795,0.499541
49796,0.499388
49797,0.499235
49798,0.499082
49799,0.498929
49800,0.498776
49801,0.498623
49802,0.49847
49803,0.498317
49804,0.498164
49805,0.498011
49806,0.497858
49807,0.497705
49808,0.497552
49809,0.497399
49810,0.497246
49811,0.497093
49812,0.49694
49813,0.496787
49814,0.496634
49815,0.496481
49816,0.496328
49817,0.496175
49818,0.496022
49819,0.495869
49820,0.495716
49821,0.495563
49822,0.49541
49823,0.495257
49824,0.495104
49825,0.494951
49826,0.494798
49827,0.494645
49828,0.494492
49829,0.494339
49830,0.494186
49831,0.494033
49832,0.49388
49833,0.493727
49834,0.493574
49835,0.493421
49836,0.493268
49837,0.493115
49838,0.492962
49839,0.492809
49840,0.492656
49841,0.492503
49842,0.49235
49843,0.492197
49844,0.492044
49845,0.491891
49846,0.491738
49847,0.491585
49848,0.491432
49849,0.491279
49850,0.491126
49851,0.490973
49852,0.49082
49853,0.490667
49854,0.490514
49855,0.490361
49856,0.490208
49857,0.490055
49858,0.489902
49859,0.489749
49860,0.489596
49861,0.489443
49862,0.6
49863,0.598363
49864,0.596726
49865,0.595089
49866,0.593452
49867,0.591815
49868,0.590178
49869,0.588541
49870,0.586904
49871,0.585267
49872,0.58363
49873,0.581993
49874,0.580356
49875,0.578719
49876,0.577082
49877,0.575445
49878,0.573808
49879,0.572171
49880,0.570534
49881,0.568897
49882,0.56726
49883,0.565623
49884,0.563986
49885,0.562349
49886,0.560712
49887,0.559075
49888,0.557438
49889,0.555801
49890,0.554164
49891,0.552527
49892,0.55089
49893,0.549253
49894,0.547616
49895,0.545979
49896,0.544342
49897,0.542705
49898,0.541068
49899,0.539431
49900,0.537794
49901,0.536157
49902,0.53452
49903,0.532883
49904,0.531246
49905,0.529609
49906,0.527972
49907,0.526335
49908,0.524698
49909,0.523061
49910,0.521424
49911,0.519787
49912,0.51815
49913,0.516513
49914,0.514876
49915,0.513239
49916,0.511602
49917,0.509965
49918,0.508328
49919,0.506691
49920,0.505054
49921,0.503417
49922,0.50178
49923,0.500143
49924,0.498506
49925,0.496869
49926,0.495232
49927,0.493595
49928,0.491958
49929,0.490321
49930,0.488684
49931,0.487047
49932,0.48541
49933,0.483773
49934,0.482136
49935,0.480499
49936,0.478862
49937,0.477225
49938,0.475588
49939,0.473951
49940,0.472314
49941,0.470677
49942,0.46904
49943,0.467403
49944,0.465766
49945,0.464129
49946,0.462492
49947,0.460855
49948,0.459218
49949,0.457581
49950,0.455944
49951,0.454307
49952,0.5
49953,0.5
49954,0.5
49955,0.5
49956,0.5
49957,0.5
49958,0.5
49959,0.5
49960,0.5
49961,0.5
49962,0.5
49963,0.5
49964,0.5
49965,0.5
49966,0.5
49967,0.5
49968,0.5
49969,0.5
49970,0.5
49971,0.5
49972,0.5
49973,0.5
49974,0.5
49975,0.5
49976,0.5
49977,0.5
49978,0.5
49979,0.5
49980,0.5
49981,0.5
49982,0.5
49983,0.5
49984,0.5
49985,0.5
49986,0.5
49987,0.5
49988,0.5
49989,0.5
49990,0.5
49991,0.5
49992,0.5
49993,0.5
49994,0.5
49995,0.5
49996,0.5
49997,0.5
49998,0.5
49999,0.5
50000,0.5
50001,0.5
50002,0.5
50003,0.5
50004,0.5
50005,0.5
50006,0.5
50007,0.5
50008,0.5
50009,0.5
50010,0.5
50011,0.5
50012,0.5
50013,0.5
50014,0.5
50015,0.5
50016,0.5
50017,0.5
50018,0.5
50019,0.5
50020,0.5
50021,0.5
50022,0.5
50023,0.5
50024,0.5
50025,0.5
50026,0.5
50027,0.5
50028,0.5
50029,0.5
50030,0.5
50031,0.5
50032,0.5
50033,0.5
50034,0.5
50035,0.5
50036,0.5
50037,0.5
50038,0.5
50039,0.5
50040,0.5
50041,0.5
50042,0.5
50043,0.5
50044,0.5
50045,0.5
50046,0.5
50047,0.5
50048,0.5
50049,0.5
50050,0.5
50051,0.5
50052,0.5
50053,0.5
50054,0.5
50055,0.5
50056,0.5
50057,0.5
50058,0.5
50059,0.5
50060,0.5
50061,0.5
50062,0.5
50063,0.5
50064,0.5
50065,0.5
50066,0.5
50067,0.5
50068,0.5
50069,0.5
50070,0.5
50071,0.5
50072,0.5
50073,0.5
50074,0.5
50075,0.5
50076,0.5
50077,0.5
50078,0.5
50079,0.5
50080,0.5
50081,0.5
50082,0.5
50083,0.5
50084,0.5
50085,0.5
50086,0.5
50087,0.5
50088,0.5
50089,0.5
50090,0.5
50091,0.5
50092,0.5
50093,0.5
50094,0.5
50095,0.5
50096,0.5
50097,0.5
50098,0.5
50099,0.5
50100,0.5
50101,0.5
50102,0.5
50103,0.5
50104,0.5
50105,0.5
50106,0.5
50107,0.5
50108,0.5
50109,0.5
50110,0.5
50111,0.5
50112,0.5
50113,0.5
50114,0.5
50115,0.5
50116,0.5
50117,0.5
50118,0.5
50119,0.5
50120,0.5
50121,0.5
50122,0.5
50123,0.5
50124,0.5
50125,0.5
50126,0.5
50127,0.5
50128,0.5
50129,0.5
50130,0.5
50131,0.5
50132,0.5
50133,0.5
50134,0.5
50135,0.5
50136,0.5
50137,0.5
50138,0.5
50139,0.5
50140,0.5
50141,0.5
50142,0.5
50143,0.5
50144,0.5
50145,0.5
50146,0.5
50147,0.5
50148,0.5
50149,0.5
50150,0.5
50151,0.5
50152,0.5
50153,0.5
50154,0.5
50155,0.5
50156,0.5
50157,0.5
50158,0.5
50159,0.5
50160,0.5
50161,0.5
50162,0.5
50163,0.5
50164,0.5
50165,0.5
50166,0.5
50167,0.5
50168,0.5
50169,0.5
50170,0.5
50171,0.5
50172,0.5
50173,0.5
50174,0.5
50175,0.5
50176,0.5
50177,0.5
50178,0.5
50179,0.5
50180,0.5
50181,0.5
50182,0.5
50183,0.5
50184,0.5
50185,0.5
50186,0.5
50187,0.5
50188,0.5
50189,0.5
50190,0.5
50191,0.5
50192,0.5
50193,0.5
50194,0.5
50195,0.5
50196,0.5
50197,0.5
50198,0.5
50199,0.5
50200,0.5
50201,0.5
50202,0.5
50203,0.5
50204,0.5
50205,0.5
50206,0.5
50207,0.5
50208,0.5
50209,0.5
50210,0.5
50211,0.5
50212,0.5
50213,0.5
50214,0.5
50215,0.5
50216,0.5
50217,0.5
50218,0.5
50219,0.5
50220,0.5
50221,0.5
50222,0.5
50223,0.5
50224,0.5
50225,0.5
50226,0.5
50227,0.5
50228,0.5
50229,0.5
50230,0.5
50231,0.5
50232,0.5
50233,0.5
50234,0.5
50235,0.5
50236,0.5
50237,0.5
50238,0.5
50239,0.5
50240,0.5
50241,0.5
50242,0.5
50243,0.5
50244,0.5
50245,0.5
50246,0.5
50247,0.5
50248,0.5
50249,0.5
50250,0.5
50251,0.5
50252,0.5
50253,0.5
50254,0.5
50255,0.5
50256,0.5
50257,0.5
50258,0.5
50259,0.5
50260,0.5
50261,0.5
50262,0.5
50263,0.5
50264,0.5
50265,0.5
50266,0.5
50267,0.5
50268,0.5
50269,0.5
50270,0.5
50271,0.5
50272,0.5
50273,0.5
50274,0.5
50275,0.5
50276,0.5
50277,0.5
50278,0.5
50279,0.5
50280,0.5
50281,0.5
50282,0.5
50283,0.5
50284,0.5
50285,0.5
50286,0.5
50287,0.5
50288,0.5
50289,0.5
50290,0.5
50291,0.5
50292,0.5
50293,0.5
50294,0.5
50295,0.5
50296,0.5
50297,0.5
50298,0.5
50299,0.5
50300,0.5
50301,0.5
50302,0.5
50303,0.5
50304,0.5
50305,0.5
50306,0.5
50307,0.5
50308,0.5
50309,0.5
50310,0.5
50311,0.5
50312,0.5
50313,0.5
50314,0.5
50315,0.5
50316,0.5
50317,0.5
50318,0.5
50319,0.5
50320,0.5
50321,0.5
50322,0.5
50323,0.5
50324,0.5
50325,0.5
50326,0.5
50327,0.5
50328,0.5
50329,0.5
50330,0.5
50331,0.5
50332,0.5
50333,0.5
50334,0.5
50335,0.5
50336,0.5
50337,0.5
50338,0.5
50339,0.5
50340,0.5
50341,0.5
50342,0.5
50343,0.5
50344,0.5
50345,0.5
50346,0.5
50347,0.5
50348,0.5
50349,0.5
50350,0.5
50351,0.5
50352,0.5
50353,0.5
50354,0.5
50355,0.5
50356,0.5
50357,0.5
50358,0.5
50359,0.5
50360,0.5
50361,0.5
50362,0.5
50363,0.5
50364,0.5
50365,0.5
50366,0.5
50367,0.5
50368,0.5
50369,0.5
50370,0.5
50371,0.5
50372,0.5
50373,0.5
50374,0.5
50375,0.5
50376,0.5
50377,0.5
50378,0.5
50379,0.5
50380,0.5
50381,0.5
50382,0.5
50383,0.5
50384,0.5
50385,0.5
50386,0.5
50387,0.5
50388,0.5
50389,0.5
50390,0.5
50391,0.5
50392,0.5
50393,0.5
50394,0.5
50395,0.5
50396,0.5
50397,0.5
50398,0.5
50399,0.5
50400,0.5
50401,0.5
50402,0.5
50403,0.5
50404,0.5
50405,0.5
50406,0.5
50407,0.5
50408,0.5
50409,0.5
50410,0.5
50411,0.5
50412,0.5
50413,0.5
50414,0.5
50415,0.5
50416,0.5
50417,0.5
50418,0.5
50419,0.5
50420,0.5
50421,0.5
50422,0.5
50423,0.5
50424,0.5
50425,0.5
50426,0.5
50427,0.5
50428,0.5
50429,0.5
50430,0.5
50431,0.5
50432,0.5
50433,0.5
50434,0.5
50435,0.5
50436,0.5
50437,0.5
50438,0.5
50439,0.5
50440,0.5
50441,0.5
50442,0.5
50443,0.5
50444,0.5
50445,0.5
50446,0.5
50447,0.5
50448,0.5
50449,0.5
50450,0.5
50451,0.5
50452,0.5
50453,0.5
50454,0.5
50455,0.5
50456,0.5
50457,0.5
50458,0.5
50459,0.5
50460,0.5
50461,0.5
50462,0.5
50463,0.5
50464,0.5
50465,0.5
50466,0.5
50467,0.5
50468,0.5
50469,0.5
50470,0.5
50471,0.5
50472,0.5
50473,0.5
50474,0.5
50475,0.5
50476,0.5
50477,0.5
50478,0.5
50479,0.5
50480,0.5
50481,0.5
50482,0.5
50483,0.5
50484,0.5
50485,0.5
50486,0.5
50487,0.5
50488,0.5
50489,0.5
50490,0.5
50491,0.5
50492,0.5
50493,0.5
50494,0.5
50495,0.5
50496,0.5
50497,0.5
50498,0.5
50499,0.5
50500,0.5
50501,0.5
50502,0.5
50503,0.5
50504,0.5
50505,0.5
50506,0.5
50507,0.5
50508,0.5
50509,0.5
50510,0.5
50511,0.5
50512,0.5
50513,0.5
50514,0.5
50515,0.5
50516,0.5
50517,0.5
50518,0.5
50519,0.5
50520,0.5
50521,0.5
50522,0.5
50523,0.5
50524,0.5
50525,0.5
50526,0.5
50527,0.5
50528,0.5
50529,0.5
50530,0.5
50531,0.5
50532,0.5
50533,0.5
50534,0.5
50535,0.5
50536,0.5
50537,0.5
50538,0.5
50539,0.5
50540,0.5
50541,0.5
50542,0.5
50543,0.5
50544,0.5
50545,0.5
50546,0.5
50547,0.5
50548,0.5
50549,0.5
50550,0.5
50551,0.5
50552,0.5
50553,0.5
50554,0.5
50555,0.5
50556,0.5
50557,0.5
50558,0.5
50559,0.5
50560,0.5
50561,0.5
50562,0.5
50563,0.5
50564,0.5
50565,0.5
50566,0.5
50567,0.5
50568,0.5
50569,0.5
50570,0.5
50571,0.5
50572,0.5
50573,0.5
50574,0.5
50575,0.5
50576,0.5
50577,0.5
50578,0.5
50579,0.5
50580,0.5
50581,0.5
50582,0.5
50583,0.5
50584,0.5
50585,0.5
50586,0.5
50587,0.5
50588,0.5
50589,0.5
50590,0.5
50591,0.5
50592,0.5
50593,0.5
50594,0.5
50595,0.5
50596,0.5
50597,0.5
50598,0.5
50599,0.5
50600,0.5
50601,0.5
50602,0.5
50603,0.5
50604,0.5
50605,0.5
50606,0.5
50607,0.5
50608,0.5
50609,0.5
50610,0.5
50611,0.5
50612,0.5
50613,0.5
50614,0.5
50615,0.5
50616,0.5
50617,0.5
50618,0.5
50619,0.5
50620,0.5
50621,0.5
50622,0.5
50623,0.5
50624,0.5
50625,0.5
50626,0.5
50627,0.5
50628,0.5
50629,0.5
50630,0.5
50631,0.5
50632,0.5
50633,0.5
50634,0.5
50635,0.5
50636,0.5
50637,0.5
50638,0.5
50639,0.5
50640,0.5
50641,0.5
50642,0.5
50643,0.5
50644,0.5
50645,0.5
50646,0.5
50647,0.5
50648,0.5
50649,0.5
50650,0.5
50651,0.5
50652,0.5
50653,0.5
50654,0.5
50655,0.5
50656,0.5
50657,0.5
50658,0.5
50659,0.5
50660,0.5
50661,0.5
50662,0.5
50663,0.5
50664,0.5
50665,0.5
50666,0.5
50667,0.5
50668,0.5
50669,0.5
50670,0.5
50671,0.5
50672,0.5
50673,0.5
50674,0.5
50675,0.5
50676,0.5
50677,0.5
50678,0.5
50679,0.5
50680,0.5
50681,0.5
50682,0.5
50683,0.5
50684,0.5
50685,0.5
50686,0.5
50687,0.5
50688,0.5
50689,0.5
50690,0.5
50691,0.5
50692,0.5
50693,0.5
50694,0.5
50695,0.5
50696,0.5
50697,0.5
50698,0.5
50699,0.5
50700,0.5
50701,0.5
50702,0.5
50703,0.5
50704,0.5
50705,0.5
50706,0.5
50707,0.5
50708,0.5
50709,0.5
50710,0.5
50711,0.5
50712,0.5
50713,0.5
50714,0.5
50715,0.5
50716,0.5
50717,0.5
50718,0.5
50719,0.5
50720,0.5
50721,0.5
50722,0.5
50723,0.5
50724,0.5
50725,0.5
50726,0.5
50727,0.5
50728,0.5
50729,0.5
50730,0.5
50731,0.5
50732,0.5
50733,0.5
50734,0.5
50735,0.5
50736,0.5
50737,0.5
50738,0.5
50739,0.5
50740,0.5
50741,0.5
50742,0.5
50743,0.5
50744,0.5
50745,0.5
50746,0.5
50747,0.5
50748,0.5
50749,0.5
50750,0.5
50751,0.5
50752,0.5
50753,0.5
50754,0.5
50755,0.5
50756,0.5
50757,0.5
50758,0.5
50759,0.5
50760,0.5
50761,0.5
50762,0.5
50763,0.5
50764,0.5
50765,0.5
50766,0.5
50767,0.5
50768,0.5
50769,0.5
50770,0.5
50771,0.5
50772,0.5
50773,0.5
50774,0.5
50775,0.5
50776,0.5
50777,0.5
50778,0.5
50779,0.5
50780,0.5
50781,0.5
50782,0.5
50783,0.5
50784,0.5
50785,0.5
50786,0.5
50787,0.5
50788,0.5
50789,0.5
50790,0.5
50791,0.5
50792,0.5
50793,0.5
50794,0.5
50795,0.5
50796,0.5
50797,0.5
50798,0.5
50799,0.5
50800,0.5
50801,0.5
50802,0.5
50803,0.5
50804,0.5
50805,0.5
50806,0.5
50807,0.5
50808,0.5
50809,0.5
50810,0.5
50811,0.5
50812,0.5
50813,0.5
50814,0.5
50815,0.5
50816,0.5
50817,0.5
50818,0.5
50819,0.5
50820,0.5
50821,0.5
50822,0.5
50823,0.5
50824,0.5
50825,0.5
50826,0.5
50827,0.5
50828,0.5
50829,0.5
50830,0.5
50831,0.5
50832,0.5
50833,0.5
50834,0.5
50835,0.5
50836,0.5
50837,0.5
50838,0.5
50839,0.5
50840,0.5
50841,0.5
50842,0.5
50843,0.5
50844,0.5
50845,0.5
50846,0.5
50847,0.5
50848,0.5
50849,0.5
50850,0.5
50851,0.5
50852,0.5
50853,0.5
50854,0.5
50855,0.5
50856,0.5
50857,0.5
50858,0.5
50859,0.5
50860,0.5
50861,0.5
50862,0.5
50863,0.5
50864,0.5
50865,0.5
50866,0.5
50867,0.5
50868,0.5
50869,0.5
50870,0.5
50871,0.5
50872,0.5
50873,0.5
50874,0.5
50875,0.5
50876,0.5
50877,0.5
50878,0.5
50879,0.5
50880,0.5
50881,0.5
50882,0.5
50883,0.5
50884,0.5
50885,0.5
50886,0.5
50887,0.5
50888,0.5
50889,0.5
50890,0.5
50891,0.5
50892,0.5
50893,0.5
50894,0.5
50895,0.5
50896,0.5
50897,0.5
50898,0.5
50899,0.5
50900,0.5
50901,0.5
50902,0.5
50903,0.5
50904,0.5
50905,0.5
50906,0.5
50907,0.5
50908,0.5
50909,0.5
50910,0.5
50911,0.5
50912,0.5
50913,0.5
50914,0.5
50915,0.5
50916,0.5
50917,0.5
50918,0.5
50919,0.5
50920,0.5
50921,0.5
50922,0.5
50923,0.5
50924,0.5
50925,0.5
50926,0.5
50927,0.5
50928,0.5
50929,0.5
50930,0.5
50931,0.5
50932,0.5
50933,0.5
50934,0.5
50935,0.5
50936,0.5
50937,0.5
50938,0.5
50939,0.5
50940,0.5
50941,0.5
50942,0.5
50943,0.5
50944,0.5
50945,0.4
50946,0.4014417
50947,0.4028834
50948,0.40432510000000005
50949,0.40576680000000004
50950,0.40720850000000003
50951,0.4086502
50952,0.4100919
50953,0.4115336
50954,0.41297530000000005
50955,0.41441700000000004
50956,0.4158587
50957,0.4173004
50958,0.4187421
50959,0.4201838
50960,0.42162550000000004
50961,0.42306720000000003
50962,0.4245089
50963,0.4259506
50964,0.4273923
50965,0.42883400000000005
50966,0.43027570000000004
50967,0.43171740000000003
50968,0.4331591
50969,0.4346008
50970,0.4360425
50971,0.43748420000000005
50972,0.43892590000000004
50973,0.4403676
50974,0.4418093
50975,0.443251
50976,0.44469270000000005
50977,0.44613440000000004
50978,0.44757610000000003
50979,0.4490178
50980,0.4504595
50981,0.4519012
50982,0.4533429
50983,0.45478460000000004
50984,0.45622630000000003
50985,0.457668
50986,0.4591097
50987,0.4605514
50988,0.46199310000000005
50989,0.46343480000000004
50990,0.4648765
50991,0.4663182
50992,0.4677599
50993,0.4692016
50994,0.4706433
50995,0.47208500000000003
50996,0.4735267
50997,0.4749684
50998,0.4764101
50999,0.47785180000000005
51000,0.47929350000000004
51001,0.48073520000000003
51002,0.4821769
51003,0.4836186
51004,0.4850603
51005,0.486502
51006,0.48794370000000004
51007,0.4893854
51008,0.4908271
51009,0.4922688
51010,0.49371050000000005
51011,0.49515220000000004
51012,0.49659390000000003
51013,0.4980356
51014,0.4994773
51015,0.500919
51016,0.5023607
51017,0.5038024
51018,0.5052441
51019,0.5066858000000001
51020,0.5081275000000001
51021,0.5095692
51022,0.5110109
51023,0.5124526
51024,0.5138943
51025,0.515336
51026,0.5167777
51027,0.5182194
51028,0.5196611
51029,0.5211028
51030,0.5225445
51031,0.5239862
51032,0.5254279000000001
51033,0.5268696
51034,0.5283113
51035,0.529753
51036,0.5311947
51037,0.5326364
51038,0.5340781
51039,0.5355198
51040,0.5369615
51041,0.5384032000000001
51042,0.5398449000000001
51043,0.5412866000000001
51044,0.5427283
51045,0.54417
51046,0.5456117
51047,0.5470534
51048,0.5484951
51049,0.5499368
51050,0.5513785
51051,0.5528202
51052,0.5542619
51053,0.5557036
51054,0.5571453
51055,0.5585870000000001
51056,0.5600287
51057,0.5614704
51058,0.5629121
51059,0.5643538
51060,0.5657955
51061,0.5672372
51062,0.5686789
51063,0.5701206
51064,0.5715623000000001
51065,0.5730040000000001
51066,0.5744457000000001
51067,0.5758874
51068,0.5773291
51069,0.5787708
51070,0.5802125
51071,0.5816542
51072,0.5830959
51073,0.5845376
51074,0.5859793
51075,0.587421
51076,0.5888627
51077,0.5903044
51078,0.5917461
51079,0.5931878
51080,0.5946295
51081,0.5960712
51082,0.5975129
51083,0.5989546
51084,0.6003963
51085,0.601838
51086,0.6032797000000001
51087,0.6047214000000001
51088,0.6061631000000001
51089,0.6076048000000001
51090,0.6090465
51091,0.6104882
51092,0.6119299
51093,0.6133716
51094,0.6148133
51095,0.616255
51096,0.6176967
51097,0.6191384
51098,0.6205801
51099,0.6220218
51100,0.6234635
51101,0.6249052
51102,0.6263469
51103,0.6277886
51104,0.6292303
51105,0.630672
51106,0.6321137
51107,0.6335554
51108,0.5
51109,0.5
51110,0.5
51111,0.5
51112,0.5
51113,0.5
51114,0.5
51115,0.5
51116,0.5
51117,0.5
51118,0.5
51119,0.5
51120,0.5
51121,0.5
51122,0.5
51123,0.5
51124,0.5
51125,0.5
51126,0.5
51127,0.5
51128,0.5
51129,0.5
51130,0.5
51131,0.5
51132,0.5
51133,0.5
51134,0.5
51135,0.5
51136,0.5
51137,0.5
51138,0.5
51139,0.5
51140,0.5
51141,0.5
51142,0.5
51143,0.5
51144,0.5
51145,0.5
51146,0.5
51147,0.5
51148,0.5
51149,0.5
51150,0.5
51151,0.5
51152,0.5
51153,0.5
51154,0.5
51155,0.5
51156,0.5
51157,0.5
51158,0.5
51159,0.5
51160,0.5
51161,0.5
51162,0.5
51163,0.5
51164,0.5
51165,0.5
51166,0.5
51167,0.5
51168,0.5
51169,0.5
51170,0.5
51171,0.5
51172,0.5
51173,0.5
51174,0.5
51175,0.5
51176,0.5
51177,0.5
51178,0.5
51179,0.5
51180,0.5
51181,0.5
51182,0.5
51183,0.5
51184,0.5
51185,0.5
51186,0.5
51187,0.5
51188,0.5
51189,0.5
51190,0.5
51191,0.5
51192,0.5
51193,0.5
51194,0.5
51195,0.5
51196,0.5
51197,0.5
51198,0.5
51199,0.5
51200,0.5
51201,0.5
51202,0.5
51203,0.5
51204,0.5
51205,0.5
51206,0.5
51207,0.5
51208,0.5
51209,0.5
51210,0.5
51211,0.5
51212,0.5
51213,0.5
51214,0.5
51215,0.5
51216,0.5
51217,0.5
51218,0.5
51219,0.5
51220,0.5
51221,0.5
51222,0.5
51223,0.5
51224,0.5
51225,0.5
51226,0.5
51227,0.5
51228,0.5
51229,0.5
51230,0.5
51231,0.5
51232,0.5
51233,0.5
51234,0.5
51235,0.5
51236,0.5
51237,0.5
51238,0.5
51239,0.5
51240,0.5
51241,0.5
51242,0.5
51243,0.5
51244,0.5
51245,0.5
51246,0.5
51247,0.5
51248,0.5
51249,0.5
51250,0.5
51251,0.5
51252,0.5
51253,0.5
51254,0.5
51255,0.5
51256,0.5
51257,0.5
51258,0.5
51259,0.5
51260,0.5
51261,0.5
51262,0.5
51263,0.5
51264,0.5
51265,0.5
51266,0.5
51267,0.5
51268,0.5
51269,0.5
51270,0.5
51271,0.5
51272,0.5
51273,0.5
51274,0.5
51275,0.5
51276,0.5
51277,0.5
51278,0.5
51279,0.5
51280,0.5
51281,0.5
51282,0.5
51283,0.5
51284,0.5
51285,0.5
51286,0.5
51287,0.5
51288,0.5
51289,0.5
51290,0.5
51291,0.5
51292,0.5
51293,0.5
51294,0.5
51295,0.5
51296,0.5
51297,0.5
51298,0.5
51299,0.5
51300,0.5
51301,0.5
51302,0.5
51303,0.5
51304,0.5
51305,0.5
51306,0.5
51307,0.5
51308,0.5
51309,0.5
51310,0.5
51311,0.5
51312,0.5
51313,0.5
51314,0.5
51315,0.5
51316,0.5
51317,0.5
51318,0.5
51319,0.5
51320,0.5
51321,0.5
51322,0.5
51323,0.5
51324,0.5
51325,0.5
51326,0.5
51327,0.5
51328,0.5
51329,0.5
51330,0.5
51331,0.5
51332,0.5
51333,0.5
51334,0.5
51335,0.5
51336,0.5
51337,0.5
51338,0.5
51339,0.5
51340,0.5
51341,0.5
51342,0.5
51343,0.5
51344,0.5
51345,0.5
51346,0.5
51347,0.5
51348,0.5
51349,0.5
51350,0.5
51351,0.5
51352,0.5
51353,0.5
51354,0.5
51355,0.5
51356,0.5
51357,0.5
51358,0.5
51359,0.5
51360,0.5
51361,0.5
51362,0.5
51363,0.5
51364,0.5
51365,0.5
51366,0.5
51367,0.5
51368,0.5
51369,0.5
51370,0.5
51371,0.5
51372,0.5
51373,0.5
51374,0.5
51375,0.5
51376,0.5
51377,0.5
51378,0.5
51379,0.5
51380,0.5
51381,0.5
51382,0.5
51383,0.5
51384,0.5
51385,0.5
51386,0.5
51387,0.5
51388,0.5
51389,0.5
51390,0.5
51391,0.5
51392,0.5
51393,0.5
51394,0.5
51395,0.5
51396,0.5
51397,0.5
51398,0.5
51399,0.5
51400,0.5
51401,0.5
51402,0.5
51403,0.5
51404,0.5
51405,0.5
51406,0.5
51407,0.5
51408,0.5
51409,0.5
51410,0.5
51411,0.5
51412,0.5
51413,0.5
51414,0.5
51415,0.5
51416,0.5
51417,0.5
51418,0.5
51419,0.5
51420,0.5
51421,0.5
51422,0.5
51423,0.5
51424,0.5
51425,0.5
51426,0.5
51427,0.5
51428,0.5
51429,0.5
51430,0.5
51431,0.5
51432,0.5
51433,0.5
51434,0.5
51435,0.5
51436,0.5
51437,0.5
51438,0.5
51439,0.5
51440,0.5
51441,0.5
51442,0.5
51443,0.5
51444,0.5
51445,0.5
51446,0.5
51447,0.5
51448,0.5
51449,0.5
51450,0.5
51451,0.5
51452,0.5
51453,0.5
51454,0.5
51455,0.5
51456,0.5
51457,0.5
51458,0.5
51459,0.5
51460,0.5
51461,0.5
51462,0.5
51463,0.5
51464,0.5
51465,0.5
51466,0.5
51467,0.5
51468,0.5
51469,0.5
51470,0.5
51471,0.5
51472,0.5
51473,0.5
51474,0.5
51475,0.5
51476,0.5
51477,0.5
51478,0.5
51479,0.5
51480,0.5
51481,0.5
51482,0.5
51483,0.5
51484,0.5
51485,0.5
51486,0.5
51487,0.5
51488,0.5
51489,0.5
51490,0.5
51491,0.5
51492,0.5
51493,0.5
51494,0.5
51495,0.5
51496,0.5
51497,0.5
51498,0.5
51499,0.5
51500,0.5
51501,0.5
51502,0.5
51503,0.5
51504,0.5
51505,0.5
51506,0.5
51507,0.5
51508,0.5
51509,0.5
51510,0.5
51511,0.5
51512,0.5
51513,0.5
51514,0.5
51515,0.5
51516,0.5
51517,0.5
51518,0.5
51519,0.5
51520,0.5
51521,0.5
51522,0.5
51523,0.5
51524,0.5
51525,0.5
51526,0.5
51527,0.5
51528,0.5
51529,0.5
51530,0.5
51531,0.5
51532,0.5
51533,0.5
51534,0.5
51535,0.5
51536,0.5
51537,0.5
51538,0.5
51539,0.5
51540,0.5
51541,0.5
51542,0.5
51543,0.5
51544,0.5
51545,0.5
51546,0.5
51547,0.5
51548,0.5
51549,0.5
51550,0.5
51551,0.5
51552,0.5
51553,0.5
51554,0.5
51555,0.5
51556,0.5
51557,0.5
51558,0.5
51559,0.5
51560,0.5
51561,0.5
51562,0.5
51563,0.5
51564,0.5
51565,0.5
51566,0.5
51567,0.5
51568,0.5
51569,0.5
51570,0.5
51571,0.5
51572,0.5
51573,0.5
51574,0.5
51575,0.5
51576,0.5
51577,0.5
51578,0.5
51579,0.5
51580,0.5
51581,0.5
51582,0.5
51583,0.5
51584,0.5
51585,0.4
51586,0.401285
51587,0.40257000000000004
51588,0.403855
51589,0.40514
51590,0.40642500000000004
51591,0.40771
51592,0.408995
51593,0.41028000000000003
51594,0.411565
51595,0.41285
51596,0.41413500000000003
51597,0.41542
51598,0.416705
51599,0.41799000000000003
51600,0.419275
51601,0.42056000000000004
51602,0.421845
51603,0.42313
51604,0.42441500000000004
51605,0.4257
51606,0.426985
51607,0.42827000000000004
51608,0.429555
51609,0.43084
51610,0.43212500000000004
51611,0.43341
51612,0.434695
51613,0.43598000000000003
51614,0.437265
51615,0.43855
51616,0.43983500000000003
51617,0.44112
51618,0.44240500000000005
51619,0.44369000000000003
51620,0.444975
51621,0.44626
51622,0.447545
51623,0.44883
51624,0.45011500000000004
51625,0.4514
51626,0.452685
51627,0.45397000000000004
51628,0.455255
51629,0.45654
51630,0.45782500000000004
51631,0.45911
51632,0.460395
51633,0.46168000000000003
51634,0.462965
51635,0.46425000000000005
51636,0.46553500000000003
51637,0.46682
51638,0.468105
51639,0.46939000000000003
51640,0.470675
51641,0.47196000000000005
51642,0.473245
51643,0.47453
51644,0.475815
51645,0.4771
51646,0.478385
51647,0.47967000000000004
51648,0.480955
51649,0.48224
51650,0.483525
51651,0.48481
51652,0.486095
51653,0.48738000000000004
51654,0.488665
51655,0.48995
51656,0.49123500000000003
51657,0.49252
51658,0.49380500000000005
51659,0.49509000000000003
51660,0.496375
51661,0.49766
51662,0.498945
51663,0.50023
51664,0.501515
51665,0.5028
51666,0.504085
51667,0.50537
51668,0.506655
51669,0.5079400000000001
51670,0.509225
51671,0.51051
51672,0.511795
51673,0.51308
51674,0.514365
51675,0.51565
51676,0.516935
51677,0.51822
51678,0.519505
51679,0.52079
51680,0.5220750000000001
51681,0.52336
51682,0.524645
51683,0.52593
51684,0.527215
51685,0.5285
51686,0.529785
51687,0.53107
51688,0.532355
51689,0.53364
51690,0.534925
51691,0.5362100000000001
51692,0.5374950000000001
51693,0.53878
51694,0.540065
51695,0.54135
51696,0.542635
51697,0.54392
51698,0.545205
51699,0.54649
51700,0.547775
51701,0.54906
51702,0.550345
51703,0.5516300000000001
51704,0.552915
51705,0.5542
51706,0.555485
51707,0.55677
51708,0.558055
51709,0.55934
51710,0.560625
51711,0.56191
51712,0.563195
51713,0.56448
51714,0.5657650000000001
51715,0.56705
51716,0.568335
51717,0.56962
51718,0.570905
51719,0.57219
51720,0.573475
51721,0.57476
51722,0.576045
51723,0.57733
51724,0.578615
51725,0.5799
51726,0.5811850000000001
51727,0.58247
51728,0.583755
51729,0.58504
51730,0.586325
51731,0.58761
51732,0.588895
51733,0.59018
51734,0.591465
51735,0.59275
51736,0.594035
51737,0.5953200000000001
51738,0.596605
51739,0.59789
51740,0.599175
51741,0.60046
51742,0.601745
51743,0.60303
51744,0.604315
51745,0.6056
51746,0.606885
51747,0.60817
51748,0.609455
51749,0.6107400000000001
51750,0.612025
51751,0.61331
51752,0.614595
51753,0.61588
51754,0.617165
51755,0.6184499999999999
51756,0.619735
51757,0.62102
51758,0.622305
51759,0.62359
51760,0.6248750000000001
51761,0.62616
51762,0.627445
51763,0.5
51764,0.5
51765,0.5
51766,0.5
51767,0.5
51768,0.5
51769,0.5
51770,0.5
51771,0.5
51772,0.5
51773,0.5
51774,0.5
51775,0.5
51776,0.5
51777,0.5
51778,0.5
51779,0.5
51780,0.5
51781,0.5
51782,0.5
51783,0.5
51784,0.5
51785,0.5
51786,0.5
51787,0.5
51788,0.5
51789,0.5
51790,0.5
51791,0.5
51792,0.5
51793,0.5
51794,0.5
51795,0.5
51796,0.5
51797,0.5
51798,0.5
51799,0.5
51800,0.5
51801,0.5
51802,0.5
51803,0.5
51804,0.5
51805,0.5
51806,0.5
51807,0.5
51808,0.5
51809,0.5
51810,0.5
51811,0.5
51812,0.5
51813,0.5
51814,0.5
51815,0.5
51816,0.5
51817,0.5
51818,0.5
51819,0.5
51820,0.5
51821,0.5
51822,0.5
51823,0.5
51824,0.5
51825,0.5
51826,0.5
51827,0.5
51828,0.5
51829,0.5
51830,0.5
51831,0.5
51832,0.5
51833,0.5
51834,0.5
51835,0.5
51836,0.5
51837,0.5
51838,0.5
51839,0.5
51840,0.5
51841,0.5
51842,0.5
51843,0.5
51844,0.5
51845,0.5
51846,0.5
51847,0.5
51848,0.5
51849,0.5
51850,0.5
51851,0.5
51852,0.5
51853,0.5
51854,0.5
51855,0.5
51856,0.5
51857,0.5
51858,0.5
51859,0.5
51860,0.5
51861,0.5
51862,0.5
51863,0.5
51864,0.5
51865,0.5
51866,0.5
51867,0.5
51868,0.5
51869,0.5
51870,0.5
51871,0.5
51872,0.5
51873,0.5
51874,0.5
51875,0.5
51876,0.5
51877,0.5
51878,0.5
51879,0.5
51880,0.5
51881,0.5
51882,0.5
51883,0.5
51884,0.5
51885,0.5
51886,0.5
51887,0.5
51888,0.5
51889,0.5
51890,0.5
51891,0.5
51892,0.5
51893,0.5
51894,0.5
51895,0.5
51896,0.5
51897,0.5
51898,0.5
51899,0.5
51900,0.5
51901,0.5
51902,0.5
51903,0.5
51904,0.5
51905,0.5
51906,0.5
51907,0.5
51908,0.5
51909,0.5
51910,0.5
51911,0.5
51912,0.5
51913,0.5
51914,0.5
51915,0.5
51916,0.5
51917,0.5
51918,0.5
51919,0.5
51920,0.5
51921,0.5
51922,0.5
51923,0.5
51924,0.5
51925,0.5
51926,0.5
51927,0.5
51928,0.5
51929,0.5
51930,0.5
51931,0.5
51932,0.5
51933,0.5
51934,0.5
51935,0.5
51936,0.5
51937,0.5
51938,0.5
51939,0.5
51940,0.5
51941,0.5
51942,0.5
51943,0.5
51944,0.5
51945,0.5
51946,0.5
51947,0.5
51948,0.5
51949,0.5
51950,0.5
51951,0.5
51952,0.5
51953,0.5
51954,0.5
51955,0.5
51956,0.5
51957,0.5
51958,0.5
51959,0.5
51960,0.5
51961,0.5
51962,0.5
51963,0.5
51964,0.5
51965,0.5
51966,0.5
51967,0.5
51968,0.5
51969,0.5
51970,0.5
51971,0.5
51972,0.5
51973,0.5
51974,0.5
51975,0.5
51976,0.5
51977,0.5
51978,0.5
51979,0.5
51980,0.5
51981,0.5
51982,0.5
51983,0.5
51984,0.5
51985,0.5
51986,0.5
51987,0.5
51988,0.5
51989,0.5
51990,0.5
51991,0.5
51992,0.5
51993,0.5
51994,0.5
51995,0.5
51996,0.5
51997,0.5
51998,0.5
51999,0.5
52000,0.5
52001,0.5
52002,0.5
52003,0.5
52004,0.5
52005,0.5
52006,0.5
52007,0.5
52008,0.5
52009,0.5
52010,0.5
52011,0.5
52012,0.5
52013,0.5
52014,0.5
52015,0.5
52016,0.5
52017,0.5
52018,0.5
52019,0.5
52020,0.5
52021,0.5
52022,0.5
52023,0.5
52024,0.5
52025,0.5
52026,0.5
52027,0.5
52028,0.5
52029,0.5
52030,0.5
52031,0.5
52032,0.5
52033,0.5
52034,0.5
52035,0.5
52036,0.5
52037,0.5
52038,0.5
52039,0.5
52040,0.5
52041,0.5
52042,0.5
52043,0.5
52044,0.5
52045,0.5
52046,0.5
52047,0.5
52048,0.5
52049,0.5
52050,0.5
52051,0.5
52052,0.5
52053,0.5
52054,0.5
52055,0.5
52056,0.5
52057,0.5
52058,0.5
52059,0.5
52060,0.5
52061,0.5
52062,0.5
52063,0.5
52064,0.5
52065,0.5
52066,0.5
52067,0.5
52068,0.5
52069,0.5
52070,0.5
52071,0.5
52072,0.5
52073,0.5
52074,0.5
52075,0.5
52076,0.5
52077,0.5
52078,0.5
52079,0.5
52080,0.5
52081,0.5
52082,0.5
52083,0.5
52084,0.5
52085,0.5
52086,0.5
52087,0.5
52088,0.5
52089,0.5
52090,0.5
52091,0.5
52092,0.5
52093,0.5
52094,0.5
52095,0.5
52096,0.5
52097,0.5
52098,0.5
52099,0.5
52100,0.5
52101,0.5
52102,0.5
52103,0.5
52104,0.5
52105,0.5
52106,0.5
52107,0.5
52108,0.5
52109,0.5
52110,0.5
52111,0.5
52112,0.5
52113,0.5
52114,0.5
52115,0.5
52116,0.5
52117,0.5
52118,0.5
52119,0.5
52120,0.5
52121,0.5
52122,0.5
52123,0.5
52124,0.5
52125,0.5
52126,0.5
52127,0.5
52128,0.5
52129,0.5
52130,0.5
52131,0.5
52132,0.5
52133,0.5
52134,0.5
52135,0.5
52136,0.5
52137,0.5
52138,0.5
52139,0.5
52140,0.5
52141,0.5
52142,0.5
52143,0.5
52144,0.5
52145,0.5
52146,0.5
52147,0.5
52148,0.5
52149,0.5
52150,0.5
52151,0.5
52152,0.5
52153,0.5
52154,0.5
52155,0.5
52156,0.5
52157,0.5
52158,0.5
52159,0.5
52160,0.5
52161,0.5
52162,0.5
52163,0.5
52164,0.5
52165,0.5
52166,0.5
52167,0.5
52168,0.5
52169,0.5
52170,0.5
52171,0.5
52172,0.5
52173,0.5
52174,0.5
52175,0.5
52176,0.5
52177,0.5
52178,0.5
52179,0.5
52180,0.5
52181,0.5
52182,0.5
52183,0.5
52184,0.5
52185,0.5
52186,0.5
52187,0.5
52188,0.5
52189,0.5
52190,0.5
52191,0.5
52192,0.5
52193,0.5
52194,0.5
52195,0.5
52196,0.5
52197,0.5
52198,0.5
52199,0.5
52200,0.5
52201,0.5
52202,0.5
52203,0.5
52204,0.5
52205,0.5
52206,0.5
52207,0.5
52208,0.5
52209,0.5
52210,0.5
52211,0.5
52212,0.5
52213,0.5
52214,0.5
52215,0.5
52216,0.5
52217,0.5
52218,0.5
52219,0.5
52220,0.5
52221,0.5
52222,0.5
52223,0.5
52224,0.5
52225,0.5
52226,0.5
52227,0.5
52228,0.5
52229,0.5
52230,0.5
52231,0.5
52232,0.5
52233,0.5
52234,0.5
52235,0.5
52236,0.5
52237,0.5
52238,0.5
52239,0.5
52240,0.5
52241,0.5
52242,0.5
52243,0.5
52244,0.5
52245,0.5
52246,0.5
52247,0.5
52248,0.5
52249,0.5
52250,0.5
52251,0.5
52252,0.5
52253,0.5
52254,0.5
52255,0.5
52256,0.5
52257,0.5
52258,0.5
52259,0.5
52260,0.5
52261,0.5
52262,0.5
52263,0.5
52264,0.5
52265,0.5
52266,0.5
52267,0.5
52268,0.5
52269,0.5
52270,0.5
52271,0.5
52272,0.5
52273,0.5
52274,0.5
52275,0.5
52276,0.5
52277,0.5
52278,0.5
52279,0.5
52280,0.5
52281,0.5
52282,0.5
52283,0.5
52284,0.5
52285,0.5
52286,0.5
52287,0.5
52288,0.5
52289,0.5
52290,0.5
52291,0.5
52292,0.5
52293,0.5
52294,0.5
52295,0.5
52296,0.5
52297,0.5
52298,0.5
52299,0.5
52300,0.5
52301,0.5
52302,0.5
52303,0.5
52304,0.5
52305,0.5
52306,0.5
52307,0.5
52308,0.5
52309,0.5
52310,0.5
52311,0.5
52312,0.5
52313,0.5
52314,0.5
52315,0.5
52316,0.5
52317,0.5
52318,0.5
52319,0.5
52320,0.5
52321,0.5
52322,0.5
52323,0.5
52324,0.5
52325,0.5
52326,0.5
52327,0.5
52328,0.5
52329,0.5
52330,0.5
52331,0.5
52332,0.5
52333,0.5
52334,0.5
52335,0.5
52336,0.5
52337,0.5
52338,0.5
52339,0.5
52340,0.5
52341,0.5
52342,0.5
52343,0.5
52344,0.5
52345,0.5
52346,0.5
52347,0.5
52348,0.5
52349,0.5
52350,0.5
52351,0.5
52352,0.5
52353,0.5
52354,0.5
52355,0.5
52356,0.5
52357,0.5
52358,0.5
52359,0.5
52360,0.5
52361,0.5
52362,0.5
52363,0.5
52364,0.5
52365,0.5
52366,0.5
52367,0.5
52368,0.5
52369,0.5
52370,0.5
52371,0.5
52372,0.5
52373,0.5
52374,0.5
52375,0.5
52376,0.5
52377,0.5
52378,0.5
52379,0.5
52380,0.5
52381,0.5
52382,0.5
52383,0.5
52384,0.5
52385,0.5
52386,0.5
52387,0.5
52388,0.5
52389,0.5
52390,0.5
52391,0.5
52392,0.5
52393,0.5
52394,0.5
52395,0.5
52396,0.5
52397,0.5
52398,0.5
52399,0.5
52400,0.5
52401,0.5
52402,0.5
52403,0.5
52404,0.5
52405,0.5
52406,0.5
52407,0.5
52408,0.5
52409,0.5
52410,0.5
52411,0.5
52412,0.5
52413,0.5
52414,0.5
52415,0.5
52416,0.5
52417,0.5
52418,0.5
52419,0.5
52420,0.5
52421,0.5
52422,0.5
52423,0.5
52424,0.5
52425,0.5
52426,0.5
52427,0.5
52428,0.5
52429,0.5
52430,0.5
52431,0.5
52432,0.5
52433,0.5
52434,0.5
52435,0.5
52436,0.5
52437,0.5
52438,0.5
52439,0.5
52440,0.5
52441,0.5
52442,0.5
52443,0.5
52444,0.5
52445,0.5
52446,0.5
52447,0.5
52448,0.5
52449,0.5
52450,0.5
52451,0.5
52452,0.5
52453,0.5
52454,0.5
52455,0.5
52456,0.5
52457,0.5
52458,0.5
52459,0.5
52460,0.5
52461,0.5
52462,0.5
52463,0.5
52464,0.5
52465,0.5
52466,0.5
52467,0.5
52468,0.5
52469,0.5
52470,0.5
52471,0.5
52472,0.5
52473,0.5
52474,0.5
52475,0.5
52476,0.5
52477,0.5
52478,0.5
52479,0.5
52480,0.5
52481,0.5
52482,0.5
52483,0.5
52484,0.5
52485,0.5
52486,0.5
52487,0.5
52488,0.5
52489,0.5
52490,0.5
52491,0.5
52492,0.5
52493,0.5
52494,0.5
52495,0.5
52496,0.5
52497,0.5
52498,0.5
52499,0.5
52500,0.5
52501,0.5
52502,0.5
52503,0.4
52504,0.401351
52505,0.402702
52506,0.404053
52507,0.40540400000000004
52508,0.40675500000000003
52509,0.408106
52510,0.409457
52511,0.410808
52512,0.412159
52513,0.41351000000000004
52514,0.41486100000000004
52515,0.416212
52516,0.417563
52517,0.418914
52518,0.420265
52519,0.42161600000000005
52520,0.42296700000000004
52521,0.42431800000000003
52522,0.425669
52523,0.42702
52524,0.428371
52525,0.42972200000000005
52526,0.43107300000000004
52527,0.43242400000000003
52528,0.433775
52529,0.435126
52530,0.436477
52531,0.437828
52532,0.43917900000000004
52533,0.44053000000000003
52534,0.441881
52535,0.443232
52536,0.444583
52537,0.44593400000000005
52538,0.44728500000000004
52539,0.44863600000000003
52540,0.449987
52541,0.451338
52542,0.452689
52543,0.45404
52544,0.45539100000000005
52545,0.45674200000000004
52546,0.45809300000000003
52547,0.459444
52548,0.460795
52549,0.462146
52550,0.46349700000000005
52551,0.46484800000000004
52552,0.46619900000000003
52553,0.46755
52554,0.468901
52555,0.470252
52556,0.471603
52557,0.47295400000000004
52558,0.47430500000000003
52559,0.475656
52560,0.477007
52561,0.478358
52562,0.47970900000000005
52563,0.48106000000000004
52564,0.48241100000000003
52565,0.483762
52566,0.485113
52567,0.486464
52568,0.487815
52569,0.489166
52570,0.49051700000000004
52571,0.491868
52572,0.493219
52573,0.49457
52574,0.495921
52575,0.49727200000000005
52576,0.49862300000000004
52577,0.49997400000000003
52578,0.501325
52579,0.502676
52580,0.504027
52581,0.505378
52582,0.506729
52583,0.50808
52584,0.509431
52585,0.5107820000000001
52586,0.5121330000000001
52587,0.513484
52588,0.514835
52589,0.516186
52590,0.517537
52591,0.518888
52592,0.520239
52593,0.52159
52594,0.522941
52595,0.524292
52596,0.5256430000000001
52597,0.526994
52598,0.5283450000000001
52599,0.5296960000000001
52600,0.531047
52601,0.532398
52602,0.533749
52603,0.5351
52604,0.536451
52605,0.537802
52606,0.539153
52607,0.540504
52608,0.541855
52609,0.5432060000000001
52610,0.4
52611,0.401582
52612,0.403164
52613,0.40474600000000005
52614,0.406328
52615,0.40791
52616,0.409492
52617,0.41107400000000005
52618,0.412656
52619,0.414238
52620,0.41582
52621,0.41740200000000005
52622,0.418984
52623,0.420566
52624,0.422148
52625,0.42373000000000005
52626,0.425312
52627,0.426894
52628,0.428476
52629,0.43005800000000005
52630,0.43164
52631,0.433222
52632,0.434804
52633,0.43638600000000005
52634,0.437968
52635,0.43955
52636,0.441132
52637,0.44271400000000005
52638,0.444296
52639,0.445878
52640,0.44746
52641,0.44904200000000005
52642,0.450624
52643,0.452206
52644,0.453788
52645,0.45537000000000005
52646,0.456952
52647,0.458534
52648,0.460116
52649,0.46169800000000005
52650,0.46328
52651,0.464862
52652,0.466444
52653,0.46802600000000005
52654,0.469608
52655,0.47119
52656,0.472772
52657,0.47435400000000005
52658,0.475936
52659,0.477518
52660,0.4791
52661,0.48068200000000005
52662,0.482264
52663,0.483846
52664,0.485428
52665,0.48701000000000005
52666,0.488592
52667,0.490174
52668,0.491756
52669,0.49333800000000005
52670,0.49492
52671,0.496502
52672,0.498084
52673,0.49966600000000005
52674,0.501248
52675,0.50283
52676,0.5044120000000001
52677,0.505994
52678,0.507576
52679,0.509158
52680,0.51074
52681,0.512322
52682,0.513904
52683,0.515486
52684,0.5170680000000001
52685,0.51865
52686,0.520232
52687,0.521814
52688,0.523396
52689,0.5249780000000001
52690,0.52656
52691,0.528142
52692,0.5297240000000001
52693,0.5313060000000001
52694,0.532888
52695,0.53447
52696,0.536052
52697,0.5376340000000001
52698,0.539216
52699,0.540798
52700,0.4
52701,0.40133670000000005
52702,0.4026734
52703,0.40401010000000004
52704,0.4053468
52705,0.40668350000000003
52706,0.4080202
52707,0.4093569
52708,0.41069360000000005
52709,0.4120303
52710,0.41336700000000004
52711,0.4147037
52712,0.41604040000000003
52713,0.4173771
52714,0.4187138
52715,0.4200505
52716,0.4213872
52717,0.42272390000000004
52718,0.4240606
52719,0.42539730000000003
52720,0.426734
52721,0.4280707
52722,0.4294074
52723,0.4307441
52724,0.43208080000000004
52725,0.4334175
52726,0.43475420000000004
52727,0.4360909
52728,0.4374276
52729,0.4387643
52730,0.440101
52731,0.44143770000000004
52732,0.4427744
52733,0.44411110000000004
52734,0.4454478
52735,0.44678450000000003
52736,0.4481212
52737,0.4494579
52738,0.45079460000000005
52739,0.4521313
52740,0.45346800000000004
52741,0.4548047
52742,0.45614140000000003
52743,0.4574781
52744,0.4588148
52745,0.46015150000000005
52746,0.4614882
52747,0.4628249
52748,0.4641616
52749,0.46549830000000003
52750,0.466835
52751,0.4681717
52752,0.46950840000000005
52753,0.4708451
52754,0.4721818
52755,0.4735185
52756,0.47485520000000003
52757,0.4761919
52758,0.4775286
52759,0.47886530000000005
52760,0.480202
52761,0.4815387
52762,0.4828754
52763,0.48421210000000003
52764,0.4855488
52765,0.4868855
52766,0.48822220000000005
52767,0.4895589
52768,0.4908956
52769,0.4922323
52770,0.49356900000000004
52771,0.4949057
52772,0.49624240000000003
52773,0.4975791
52774,0.4989158
52775,0.5002525
52776,0.5015892
52777,0.5029259
52778,0.5042626
52779,0.5055993
52780,0.506936
52781,0.5082727
52782,0.5096094
52783,0.5109461
52784,0.5122828
52785,0.5136195
52786,0.5149562
52787,0.5162929
52788,0.5176296
52789,0.5189663
52790,0.520303
52791,0.5216397
52792,0.5229764
52793,0.5243131
52794,0.5256498000000001
52795,0.5269865
52796,0.5283232
52797,0.5296599
52798,0.5309966
52799,0.5323333
52800,0.53367
52801,0.4
52802,0.400762
52803,0.40152400000000005
52804,0.40228600000000003
52805,0.403048
52806,0.40381
52807,0.40457200000000004
52808,0.405334
52809,0.406096
52810,0.406858
52811,0.40762000000000004
52812,0.408382
52813,0.409144
52814,0.40990600000000005
52815,0.41066800000000003
52816,0.41143
52817,0.412192
52818,0.41295400000000004
52819,0.41371600000000003
52820,0.414478
52821,0.41524
52822,0.41600200000000004
52823,0.416764
52824,0.417526
52825,0.418288
52826,0.41905000000000003
52827,0.419812
52828,0.420574
52829,0.42133600000000004
52830,0.42209800000000003
52831,0.42286
52832,0.423622
52833,0.42438400000000004
52834,0.425146
52835,0.425908
52836,0.42667
52837,0.42743200000000003
52838,0.428194
52839,0.428956
52840,0.42971800000000004
52841,0.43048000000000003
52842,0.431242
52843,0.432004
52844,0.43276600000000004
52845,0.433528
52846,0.43429
52847,0.435052
52848,0.43581400000000003
52849,0.436576
52850,0.437338
52851,0.43810000000000004
52852,0.43886200000000003
52853,0.439624
52854,0.440386
52855,0.44114800000000004
52856,0.44191
52857,0.442672
52858,0.443434
52859,0.44419600000000004
52860,0.444958
52861,0.44572
52862,0.44648200000000005
52863,0.44724400000000003
52864,0.448006
52865,0.448768
52866,0.44953000000000004
52867,0.450292
52868,0.451054
52869,0.451816
52870,0.45257800000000004
52871,0.45334
52872,0.454102
52873,0.45486400000000005
52874,0.45562600000000003
52875,0.456388
52876,0.45715
52877,0.45791200000000004
52878,0.458674
52879,0.459436
52880,0.460198
52881,0.46096000000000004
52882,0.461722
52883,0.462484
52884,0.46324600000000005
52885,0.46400800000000003
52886,0.46477
52887,0.465532
52888,0.466294
52889,0.467056
52890,0.467818
52891,0.46858
52892,0.46934200000000004
52893,0.470104
52894,0.470866
52895,0.47162800000000005
52896,0.47239000000000003
52897,0.473152
52898,0.473914
52899,0.474676
52900,0.475438
52901,0.4762
52902,0.476962
52903,0.47772400000000004
52904,0.478486
52905,0.479248
52906,0.48001000000000005
52907,0.48077200000000003
52908,0.481534
52909,0.482296
52910,0.483058
52911,0.48382000000000003
52912,0.484582
52913,0.485344
52914,0.48610600000000004
52915,0.486868
52916,0.48763
52917,0.48839200000000005
52918,0.48915400000000003
52919,0.489916
52920,0.490678
52921,0.49144
52922,0.49220200000000003
52923,0.492964
52924,0.493726
52925,0.49448800000000004
52926,0.49525
52927,0.496012
52928,0.49677400000000005
52929,0.49753600000000003
52930,0.498298
52931,0.49906
52932,0.499822
52933,0.500584
52934,0.5013460000000001
52935,0.502108
52936,0.50287
52937,0.5036320000000001
52938,0.504394
52939,0.505156
52940,0.505918
52941,0.50668
52942,0.5074420000000001
52943,0.508204
52944,0.508966
52945,0.509728
52946,0.51049
52947,0.511252
52948,0.512014
52949,0.512776
52950,0.513538
52951,0.5143
52952,0.515062
52953,0.5158240000000001
52954,0.516586
52955,0.517348
52956,0.5181100000000001
52957,0.518872
52958,0.519634
52959,0.5203960000000001
52960,0.521158
52961,0.52192
52962,0.522682
52963,0.523444
52964,0.5242060000000001
52965,0.524968
52966,0.52573
52967,0.526492
52968,0.527254
52969,0.528016
52970,0.528778
52971,0.52954
52972,0.530302
52973,0.531064
52974,0.531826
52975,0.5325880000000001
52976,0.53335
52977,0.534112
52978,0.5348740000000001
52979,0.535636
52980,0.536398
52981,0.5371600000000001
52982,0.537922
52983,0.538684
52984,0.539446
52985,0.540208
52986,0.54097
52987,0.541732
52988,0.542494
52989,0.543256
52990,0.544018
52991,0.54478
52992,0.545542
52993,0.546304
52994,0.547066
52995,0.547828
52996,0.54859
52997,0.5493520000000001
52998,0.550114
52999,0.550876
53000,0.5516380000000001
53001,0.5524
53002,0.553162
53003,0.5539240000000001
53004,0.554686
53005,0.555448
53006,0.55621
53007,0.556972
53008,0.557734
53009,0.558496
53010,0.559258
53011,0.56002
53012,0.560782
53013,0.561544
53014,0.562306
53015,0.563068
53016,0.56383
53017,0.564592
53018,0.565354
53019,0.5661160000000001
53020,0.566878
53021,0.56764
53022,0.5684020000000001
53023,0.569164
53024,0.569926
53025,0.5706880000000001
53026,0.57145
53027,0.572212
53028,0.572974
53029,0.573736
53030,0.574498
53031,0.57526
53032,0.576022
53033,0.576784
53034,0.577546
53035,0.578308
53036,0.57907
53037,0.579832
53038,0.580594
53039,0.581356
53040,0.582118
53041,0.5828800000000001
53042,0.583642
53043,0.584404
53044,0.5851660000000001
53045,0.585928
53046,0.58669
53047,0.5874520000000001
53048,0.588214
53049,0.588976
53050,0.589738
53051,0.5905
53052,0.591262
53053,0.592024
53054,0.592786
53055,0.593548
53056,0.59431
53057,0.595072
53058,0.595834
53059,0.596596
53060,0.5973580000000001
53061,0.59812
53062,0.5
53063,0.5
53064,0.5
53065,0.5
53066,0.5
53067,0.5
53068,0.5
53069,0.5
53070,0.5
53071,0.5
53072,0.5
53073,0.5
53074,0.5
53075,0.5
53076,0.5
53077,0.5
53078,0.5
53079,0.5
53080,0.5
53081,0.5
53082,0.5
53083,0.5
53084,0.5
53085,0.5
53086,0.5
53087,0.5
53088,0.5
53089,0.5
53090,0.5
53091,0.5
53092,0.5
53093,0.5
53094,0.5
53095,0.5
53096,0.5
53097,0.5
53098,0.5
53099,0.5
53100,0.5
53101,0.5
53102,0.5
53103,0.5
53104,0.5
53105,0.5
53106,0.5
53107,0.5
53108,0.5
53109,0.5
53110,0.5
53111,0.5
53112,0.5
53113,0.5
53114,0.5
53115,0.5
53116,0.5
53117,0.5
53118,0.5
53119,0.5
53120,0.5
53121,0.5
53122,0.5
53123,0.5
53124,0.5
53125,0.5
53126,0.5
53127,0.5
53128,0.5
53129,0.5
53130,0.5
53131,0.5
53132,0.5
53133,0.5
53134,0.5
53135,0.5
53136,0.5
53137,0.5
53138,0.5
53139,0.5
53140,0.5
53141,0.5
53142,0.5
53143,0.5
53144,0.5
53145,0.5
53146,0.5
53147,0.5
53148,0.5
53149,0.5
53150,0.5
53151,0.5
53152,0.5
53153,0.5
53154,0.5
53155,0.5
53156,0.5
53157,0.5
53158,0.5
53159,0.5
53160,0.5
53161,0.5
53162,0.5
53163,0.5
53164,0.5
53165,0.5
53166,0.5
53167,0.5
53168,0.5
53169,0.5
53170,0.5
53171,0.5
53172,0.5
53173,0.5
53174,0.5
53175,0.5
53176,0.5
53177,0.5
53178,0.5
53179,0.5
53180,0.5
53181,0.5
53182,0.5
53183,0.5
53184,0.5
53185,0.5
53186,0.5
53187,0.5
53188,0.5
53189,0.5
53190,0.5
53191,0.5
53192,0.5
53193,0.5
53194,0.5
53195,0.5
53196,0.5
53197,0.5
53198,0.5
53199,0.5
53200,0.5
53201,0.5
53202,0.5
53203,0.6
53204,0.5992609999999999
53205,0.598522
53206,0.597783
53207,0.597044
53208,0.596305
53209,0.5955659999999999
53210,0.594827
53211,0.594088
53212,0.593349
53213,0.59261
53214,0.5918709999999999
53215,0.591132
53216,0.590393
53217,0.589654
53218,0.588915
53219,0.588176
53220,0.587437
53221,0.5866979999999999
53222,0.585959
53223,0.58522
53224,0.584481
53225,0.583742
53226,0.5830029999999999
53227,0.582264
53228,0.581525
53229,0.580786
53230,0.580047
53231,0.5793079999999999
53232,0.578569
53233,0.57783
53234,0.577091
53235,0.576352
53236,0.5756129999999999
53237,0.574874
53238,0.574135
53239,0.573396
53240,0.572657
53241,0.5719179999999999
53242,0.571179
53243,0.57044
53244,0.569701
53245,0.568962
53246,0.5682229999999999
53247,0.567484
53248,0.5667449999999999
53249,0.566006
53250,0.565267
53251,0.564528
53252,0.563789
53253,0.5630499999999999
53254,0.562311
53255,0.561572
53256,0.560833
53257,0.560094
53258,0.5593549999999999
53259,0.558616
53260,0.557877
53261,0.557138
53262,0.556399
53263,0.5556599999999999
53264,0.554921
53265,0.554182
53266,0.553443
53267,0.552704
53268,0.551965
53269,0.551226
53270,0.550487
53271,0.549748
53272,0.549009
53273,0.54827
53274,0.547531
53275,0.546792
53276,0.546053
53277,0.545314
53278,0.544575
53279,0.543836
53280,0.5430969999999999
53281,0.542358
53282,0.541619
53283,0.54088
53284,0.540141
53285,0.5394019999999999
53286,0.538663
53287,0.537924
53288,0.537185
53289,0.536446
53290,0.5357069999999999
53291,0.534968
53292,0.534229
53293,0.53349
53294,0.532751
53295,0.5320119999999999
53296,0.531273
53297,0.530534
53298,0.529795
53299,0.529056
53300,0.5283169999999999
53301,0.527578
53302,0.526839
53303,0.5261
53304,0.525361
53305,0.5246219999999999
53306,0.523883
53307,0.5231439999999999
53308,0.522405
53309,0.521666
53310,0.520927
53311,0.520188
53312,0.5194489999999999
53313,0.51871
53314,0.517971
53315,0.517232
53316,0.516493
53317,0.5157539999999999
53318,0.515015
53319,0.514276
53320,0.513537
53321,0.512798
53322,0.512059
53323,0.51132
53324,0.510581
53325,0.509842
53326,0.509103
53327,0.508364
53328,0.507625
53329,0.506886
53330,0.506147
53331,0.505408
53332,0.504669
53333,0.50393
53334,0.5031909999999999
53335,0.502452
53336,0.501713
53337,0.500974
53338,0.500235
53339,0.499496
53340,0.498757
53341,0.49801799999999996
53342,0.49727899999999997
53343,0.49654
53344,0.495801
53345,0.495062
53346,0.49432299999999996
53347,0.49358399999999997
53348,0.492845
53349,0.492106
53350,0.491367
53351,0.49062799999999995
53352,0.48988899999999996
53353,0.48915
53354,0.488411
53355,0.487672
53356,0.48693299999999995
53357,0.486194
53358,0.48545499999999997
53359,0.484716
53360,0.483977
53361,0.483238
53362,0.482499
53363,0.48175999999999997
53364,0.481021
53365,0.480282
53366,0.479543
53367,0.478804
53368,0.47806499999999996
53369,0.477326
53370,0.476587
53371,0.475848
53372,0.475109
53373,0.47436999999999996
53374,0.473631
53375,0.472892
53376,0.472153
53377,0.471414
53378,0.47067499999999995
53379,0.469936
53380,0.469197
53381,0.468458
53382,0.467719
53383,0.46697999999999995
53384,0.466241
53385,0.46550199999999997
53386,0.464763
53387,0.464024
53388,0.46328499999999995
53389,0.462546
53390,0.6
53391,0.5983402999999999
53392,0.5966806
53393,0.5950209
53394,0.5933611999999999
53395,0.5917015
53396,0.5900418
53397,0.5883821
53398,0.5867224
53399,0.5850626999999999
53400,0.583403
53401,0.5817433
53402,0.5800836
53403,0.5784239
53404,0.5767642
53405,0.5751045
53406,0.5734448
53407,0.5717850999999999
53408,0.5701254
53409,0.5684657
53410,0.5668059999999999
53411,0.5651463
53412,0.5634866
53413,0.5618269
53414,0.5601672
53415,0.5585074999999999
53416,0.5568478
53417,0.5551881
53418,0.5535284
53419,0.5518687
53420,0.550209
53421,0.5485493
53422,0.5468896
53423,0.5452298999999999
53424,0.5435702
53425,0.5419105
53426,0.5402507999999999
53427,0.5385911
53428,0.5369314
53429,0.5352717
53430,0.533612
53431,0.5319522999999999
53432,0.5302926
53433,0.5286329
53434,0.5269732
53435,0.5253135
53436,0.5236538
53437,0.5219941
53438,0.5203344
53439,0.5186746999999999
53440,0.517015
53441,0.5153553
53442,0.5136955999999999
53443,0.5120359
53444,0.5103762
53445,0.5087165
53446,0.5070568
53447,0.5053970999999999
53448,0.5037374
53449,0.5020777
53450,0.500418
53451,0.4987583
53452,0.49709859999999995
53453,0.49543889999999996
53454,0.4937792
53455,0.4921195
53456,0.4904598
53457,0.48880009999999996
53458,0.4871404
53459,0.4854807
53460,0.48382099999999995
53461,0.48216129999999996
53462,0.4805016
53463,0.4788419
53464,0.4771822
53465,0.47552249999999996
53466,0.4738628
53467,0.4722031
53468,0.47054339999999995
53469,0.46888369999999996
53470,0.467224
53471,0.4655643
53472,0.4639046
53473,0.46224489999999996
53474,0.4605852
53475,0.4589255
53476,0.45726579999999994
53477,0.45560609999999996
53478,0.45394639999999997
53479,0.4522867
53480,0.450627
53481,0.44896729999999996
53482,0.44730759999999997
53483,0.4456479
53484,0.44398819999999994
53485,0.44232849999999996
53486,0.44066879999999997
53487,0.4390091
53488,0.5
53489,0.5
53490,0.5
53491,0.5
53492,0.5
53493,0.5
53494,0.5
53495,0.5
53496,0.5
53497,0.5
53498,0.5
53499,0.5
53500,0.5
53501,0.5
53502,0.5
53503,0.5
53504,0.5
53505,0.5
53506,0.5
53507,0.5
53508,0.5
53509,0.5
53510,0.5
53511,0.5
53512,0.5
53513,0.5
53514,0.5
53515,0.5
53516,0.5
53517,0.5
53518,0.5
53519,0.5
53520,0.5
53521,0.5
53522,0.5
53523,0.5
53524,0.5
53525,0.5
53526,0.5
53527,0.5
53528,0.5
53529,0.5
53530,0.5
53531,0.5
53532,0.5
53533,0.5
53534,0.5
53535,0.5
53536,0.5
53537,0.5
53538,0.5
53539,0.5
53540,0.5
53541,0.5
53542,0.5
53543,0.5
53544,0.5
53545,0.5
53546,0.5
53547,0.5
53548,0.5
53549,0.5
53550,0.5
53551,0.5
53552,0.5
53553,0.5
53554,0.5
53555,0.5
53556,0.5
53557,0.5
53558,0.5
53559,0.5
53560,0.5
53561,0.5
53562,0.5
53563,0.5
53564,0.5
53565,0.5
53566,0.5
53567,0.5
53568,0.5
53569,0.5
53570,0.5
53571,0.5
53572,0.5
53573,0.5
53574,0.5
53575,0.5
53576,0.5
53577,0.5
53578,0.5
53579,0.5
53580,0.5
53581,0.5
53582,0.5
53583,0.5
53584,0.5
53585,0.5
53586,0.5
53587,0.5
53588,0.5
53589,0.5
53590,0.5
53591,0.5
53592,0.5
53593,0.5
53594,0.5
53595,0.5
53596,0.5
53597,0.5
53598,0.5
53599,0.5
53600,0.5
53601,0.5
53602,0.5
53603,0.5
53604,0.5
53605,0.5
53606,0.5
53607,0.5
53608,0.5
53609,0.5
53610,0.5
53611,0.5
53612,0.5
53613,0.5
53614,0.5
53615,0.5
53616,0.5
53617,0.5
53618,0.5
53619,0.5
53620,0.5
53621,0.5
53622,0.5
53623,0.5
53624,0.5
53625,0.5
53626,0.5
53627,0.5
53628,0.5
53629,0.5
53630,0.5
53631,0.5
53632,0.5
53633,0.5
53634,0.5
53635,0.5
53636,0.5
53637,0.5
53638,0.5
53639,0.5
53640,0.5
53641,0.5
53642,0.5
53643,0.5
53644,0.5
53645,0.5
53646,0.5
53647,0.5
53648,0.5
53649,0.5
53650,0.5
53651,0.5
53652,0.5
53653,0.5
53654,0.5
53655,0.5
53656,0.5
53657,0.5
53658,0.5
53659,0.5
53660,0.5
53661,0.5
53662,0.5
53663,0.5
53664,0.5
53665,0.5
53666,0.5
53667,0.5
53668,0.5
53669,0.5
53670,0.5
53671,0.5
53672,0.5
53673,0.5
53674,0.5
53675,0.5
53676,0.5
53677,0.5
53678,0.5
53679,0.5
53680,0.5
53681,0.5
53682,0.5
53683,0.5
53684,0.5
53685,0.5
53686,0.5
53687,0.5
53688,0.5
53689,0.5
53690,0.5
53691,0.5
53692,0.5
53693,0.5
53694,0.5
53695,0.5
53696,0.5
53697,0.5
53698,0.5
53699,0.5
53700,0.5
53701,0.5
53702,0.5
53703,0.5
53704,0.5
53705,0.5
53706,0.5
53707,0.5
53708,0.5
53709,0.5
53710,0.5
53711,0.5
53712,0.5
53713,0.5
53714,0.5
53715,0.5
53716,0.5
53717,0.5
53718,0.5
53719,0.5
53720,0.5
53721,0.5
53722,0.5
53723,0.5
53724,0.5
53725,0.5
53726,0.5
53727,0.5
53728,0.5
53729,0.5
53730,0.5
53731,0.5
53732,0.5
53733,0.5
53734,0.5
53735,0.5
53736,0.5
53737,0.5
53738,0.5
53739,0.5
53740,0.5
53741,0.5
53742,0.5
53743,0.5
53744,0.5
53745,0.5
53746,0.5
53747,0.5
53748,0.5
53749,0.5
53750,0.5
53751,0.5
53752,0.5
53753,0.5
53754,0.5
53755,0.5
53756,0.5
53757,0.5
53758,0.5
53759,0.5
53760,0.5
53761,0.5
53762,0.5
53763,0.5
53764,0.5
53765,0.5
53766,0.5
53767,0.5
53768,0.5
53769,0.5
53770,0.5
53771,0.5
53772,0.5
53773,0.5
53774,0.5
53775,0.5
53776,0.5
53777,0.5
53778,0.5
53779,0.5
53780,0.5
53781,0.5
53782,0.5
53783,0.5
53784,0.5
53785,0.5
53786,0.5
53787,0.5
53788,0.5
53789,0.5
53790,0.5
53791,0.5
53792,0.5
53793,0.5
53794,0.5
53795,0.5
53796,0.5
53797,0.5
53798,0.4
53799,0.402083
53800,0.404166
53801,0.406249
53802,0.40833200000000003
53803,0.41041500000000003
53804,0.41249800000000003
53805,0.41458100000000003
53806,0.41666400000000003
53807,0.41874700000000004
53808,0.42083000000000004
53809,0.42291300000000004
53810,0.42499600000000004
53811,0.42707900000000004
53812,0.42916200000000004
53813,0.43124500000000004
53814,0.43332800000000005
53815,0.43541100000000005
53816,0.43749400000000005
53817,0.439577
53818,0.44166000000000005
53819,0.443743
53820,0.44582600000000006
53821,0.447909
53822,0.44999200000000006
53823,0.452075
53824,0.454158
53825,0.456241
53826,0.458324
53827,0.460407
53828,0.46249
53829,0.464573
53830,0.466656
53831,0.468739
53832,0.470822
53833,0.472905
53834,0.474988
53835,0.477071
53836,0.479154
53837,0.481237
53838,0.48332
53839,0.48540300000000003
53840,0.48748600000000003
53841,0.48956900000000003
53842,0.49165200000000003
53843,0.49373500000000003
53844,0.49581800000000004
53845,0.49790100000000004
53846,0.49998400000000004
53847,0.502067
53848,0.50415
53849,0.506233
53850,0.508316
53851,0.510399
53852,0.512482
53853,0.514565
53854,0.516648
53855,0.518731
53856,0.520814
53857,0.5228970000000001
53858,0.52498
53859,0.5270630000000001
53860,0.529146
53861,0.5312290000000001
53862,0.533312
53863,0.5353950000000001
53864,0.537478
53865,0.5395610000000001
53866,0.541644
53867,0.5437270000000001
53868,0.54581
53869,0.5478930000000001
53870,0.549976
53871,0.5520590000000001
53872,0.554142
53873,0.556225
53874,0.558308
53875,0.5603910000000001
53876,0.562474
53877,0.564557
53878,0.56664
53879,0.5687230000000001
53880,0.570806
53881,0.572889
53882,0.574972
53883,0.5770550000000001
53884,0.579138
53885,0.581221
53886,0.583304
53887,0.4
53888,0.40141530000000003
53889,0.40283060000000004
53890,0.40424590000000005
53891,0.4056612
53892,0.4070765
53893,0.4084918
53894,0.4099071
53895,0.41132240000000003
53896,0.41273770000000004
53897,0.414153
53898,0.4155683
53899,0.4169836
53900,0.4183989
53901,0.4198142
53902,0.42122950000000003
53903,0.42264480000000004
53904,0.42406010000000005
53905,0.4254754
53906,0.4268907
53907,0.428306
53908,0.42972130000000003
53909,0.43113660000000004
53910,0.43255190000000004
53911,0.4339672
53912,0.4353825
53913,0.4367978
53914,0.4382131
53915,0.43962840000000003
53916,0.44104370000000004
53917,0.44245900000000005
53918,0.4438743
53919,0.4452896
53920,0.4467049
53921,0.4481202
53922,0.44953550000000003
53923,0.45095080000000004
53924,0.4523661
53925,0.4537814
53926,0.4551967
53927,0.456612
53928,0.4580273
53929,0.45944260000000003
53930,0.46085790000000004
53931,0.46227320000000005
53932,0.4636885
53933,0.4651038
53934,0.4665191
53935,0.46793440000000003
53936,0.46934970000000004
53937,0.470765
53938,0.4721803
53939,0.4735956
53940,0.4750109
53941,0.4764262
53942,0.47784150000000003
53943,0.47925680000000004
53944,0.48067210000000005
53945,0.48208740000000005
53946,0.4835027
53947,0.484918
53948,0.4863333
53949,0.48774860000000003
53950,0.48916390000000004
53951,0.4905792
53952,0.4919945
53953,0.4934098
53954,0.4948251
53955,0.4962404
53956,0.49765570000000003
53957,0.49907100000000004
53958,0.5004863
53959,0.5019016000000001
53960,0.5033169000000001
53961,0.5047322000000001
53962,0.5061475
53963,0.5075628
53964,0.5089781
53965,0.5103934
53966,0.5118087
53967,0.513224
53968,0.5146393
53969,0.5160546
53970,0.5174699
53971,0.5188852
53972,0.5203005
53973,0.5217158000000001
53974,0.5231311000000001
53975,0.5245464
53976,0.5259617000000001
53977,0.527377
53978,0.5287923
53979,0.5302076
53980,0.5316229
53981,0.5330382
53982,0.5344535
53983,0.5358688
53984,0.5372841
53985,0.5386994
53986,0.5401147000000001
53987,0.5415300000000001
53988,0.5429453
53989,0.5443606000000001
53990,0.4
53991,0.4012507
53992,0.4025014
53993,0.4037521
53994,0.4050028
53995,0.40625350000000005
53996,0.40750420000000004
53997,0.40875490000000003
53998,0.4100056
53999,0.4112563
54000,0.412507
54001,0.4137577
54002,0.4150084
54003,0.4162591
54004,0.41750980000000004
54005,0.41876050000000004
54006,0.42001120000000003
54007,0.4212619
54008,0.4225126
54009,0.4237633
54010,0.425014
54011,0.4262647
54012,0.42751540000000005
54013,0.42876610000000004
54014,0.43001680000000003
54015,0.4312675
54016,0.4325182
54017,0.4337689
54018,0.4350196
54019,0.4362703
54020,0.43752100000000005
54021,0.43877170000000004
54022,0.44002240000000004
54023,0.44127310000000003
54024,0.4425238
54025,0.4437745
54026,0.4450252
54027,0.4462759
54028,0.4475266
54029,0.44877730000000005
54030,0.45002800000000004
54031,0.45127870000000003
54032,0.4525294
54033,0.4537801
54034,0.4550308
54035,0.4562815
54036,0.4575322
54037,0.4587829
54038,0.46003360000000004
54039,0.46128430000000004
54040,0.46253500000000003
54041,0.4637857
54042,0.4650364
54043,0.4662871
54044,0.4675378
54045,0.46878850000000005
54046,0.4700392
54047,0.47128990000000004
54048,0.47254060000000003
54049,0.4737913
54050,0.475042
54051,0.4762927
54052,0.4775434
54053,0.4787941
54054,0.48004480000000005
54055,0.4812955
54056,0.48254620000000004
54057,0.48379690000000003
54058,0.4850476
54059,0.4862983
54060,0.487549
54061,0.4887997
54062,0.4900504
54063,0.49130110000000005
54064,0.49255180000000004
54065,0.49380250000000003
54066,0.4950532
54067,0.4963039
54068,0.4975546
54069,0.4988053
54070,0.5000560000000001
54071,0.5013067
54072,0.5025574
54073,0.5038081
54074,0.5050588
54075,0.5063095
54076,0.5075602
54077,0.5088109000000001
54078,0.4
54079,0.401625
54080,0.40325
54081,0.40487500000000004
54082,0.40650000000000003
54083,0.408125
54084,0.40975
54085,0.41137500000000005
54086,0.41300000000000003
54087,0.414625
54088,0.41625
54089,0.417875
54090,0.41950000000000004
54091,0.421125
54092,0.42275
54093,0.424375
54094,0.42600000000000005
54095,0.42762500000000003
54096,0.42925
54097,0.430875
54098,0.4325
54099,0.43412500000000004
54100,0.43575
54101,0.437375
54102,0.439
54103,0.44062500000000004
54104,0.44225000000000003
54105,0.443875
54106,0.4455
54107,0.447125
54108,0.44875000000000004
54109,0.450375
54110,0.452
54111,0.453625
54112,0.45525000000000004
54113,0.45687500000000003
54114,0.4585
54115,0.460125
54116,0.46175
54117,0.46337500000000004
54118,0.465
54119,0.466625
54120,0.46825
54121,0.46987500000000004
54122,0.47150000000000003
54123,0.473125
54124,0.47475
54125,0.476375
54126,0.47800000000000004
54127,0.479625
54128,0.48125
54129,0.482875
54130,0.48450000000000004
54131,0.48612500000000003
54132,0.48775
54133,0.489375
54134,0.491
54135,0.49262500000000004
54136,0.49425
54137,0.495875
54138,0.4975
54139,0.49912500000000004
54140,0.50075
54141,0.502375
54142,0.504
54143,0.505625
54144,0.50725
54145,0.508875
54146,0.5105000000000001
54147,0.512125
54148,0.51375
54149,0.515375
54150,0.517
54151,0.518625
54152,0.52025
54153,0.521875
54154,0.5235000000000001
54155,0.5251250000000001
54156,0.52675
54157,0.528375
54158,0.53
54159,0.531625
54160,0.53325
54161,0.534875
54162,0.5365
54163,0.538125
54164,0.53975
54165,0.541375
54166,0.543
54167,0.544625
54168,0.54625
54169,0.547875
54170,0.5495
54171,0.551125
54172,0.5527500000000001
54173,0.5543750000000001
54174,0.556
54175,0.557625
54176,0.55925
54177,0.560875
54178,0.5625
54179,0.564125
54180,0.56575
54181,0.567375
54182,0.4
54183,0.4014417
54184,0.4028834
54185,0.40432510000000005
54186,0.40576680000000004
54187,0.40720850000000003
54188,0.4086502
54189,0.4100919
54190,0.4115336
54191,0.41297530000000005
54192,0.41441700000000004
54193,0.4158587
54194,0.4173004
54195,0.4187421
54196,0.4201838
54197,0.42162550000000004
54198,0.42306720000000003
54199,0.4245089
54200,0.4259506
54201,0.4273923
54202,0.42883400000000005
54203,0.43027570000000004
54204,0.43171740000000003
54205,0.4331591
54206,0.4346008
54207,0.4360425
54208,0.43748420000000005
54209,0.43892590000000004
54210,0.4403676
54211,0.4418093
54212,0.443251
54213,0.44469270000000005
54214,0.44613440000000004
54215,0.44757610000000003
54216,0.4490178
54217,0.4504595
54218,0.4519012
54219,0.4533429
54220,0.45478460000000004
54221,0.45622630000000003
54222,0.457668
54223,0.4591097
54224,0.4605514
54225,0.46199310000000005
54226,0.46343480000000004
54227,0.4648765
54228,0.4663182
54229,0.4677599
54230,0.4692016
54231,0.4706433
54232,0.47208500000000003
54233,0.4735267
54234,0.4749684
54235,0.4764101
54236,0.47785180000000005
54237,0.47929350000000004
54238,0.48073520000000003
54239,0.4821769
54240,0.4836186
54241,0.4850603
54242,0.486502
54243,0.48794370000000004
54244,0.4893854
54245,0.4908271
54246,0.4922688
54247,0.49371050000000005
54248,0.49515220000000004
54249,0.49659390000000003
54250,0.4980356
54251,0.4994773
54252,0.500919
54253,0.5023607
54254,0.5038024
54255,0.5052441
54256,0.5066858000000001
54257,0.5081275000000001
54258,0.5095692
54259,0.5110109
54260,0.5124526
54261,0.5138943
54262,0.515336
54263,0.5167777
54264,0.5182194
54265,0.5196611
54266,0.5211028
54267,0.5225445
54268,0.5239862
54269,0.5254279000000001
54270,0.5268696
54271,0.5283113
54272,0.529753
54273,0.5311947
54274,0.5326364
54275,0.4
54276,0.400473
54277,0.400946
54278,0.401419
54279,0.401892
54280,0.40236500000000003
54281,0.40283800000000003
54282,0.40331100000000003
54283,0.40378400000000003
54284,0.40425700000000003
54285,0.40473000000000003
54286,0.40520300000000004
54287,0.40567600000000004
54288,0.40614900000000004
54289,0.40662200000000004
54290,0.40709500000000004
54291,0.40756800000000004
54292,0.40804100000000004
54293,0.40851400000000004
54294,0.40898700000000004
54295,0.40946000000000005
54296,0.40993300000000005
54297,0.41040600000000005
54298,0.410879
54299,0.41135200000000005
54300,0.411825
54301,0.412298
54302,0.412771
54303,0.413244
54304,0.413717
54305,0.41419
54306,0.414663
54307,0.415136
54308,0.415609
54309,0.416082
54310,0.416555
54311,0.417028
54312,0.417501
54313,0.417974
54314,0.418447
54315,0.41892
54316,0.419393
54317,0.419866
54318,0.420339
54319,0.420812
54320,0.421285
54321,0.421758
54322,0.422231
54323,0.422704
54324,0.423177
54325,0.42365
54326,0.424123
54327,0.42459600000000003
54328,0.42506900000000003
54329,0.42554200000000003
54330,0.42601500000000003
54331,0.42648800000000003
54332,0.42696100000000003
54333,0.42743400000000004
54334,0.42790700000000004
54335,0.42838000000000004
54336,0.42885300000000004
54337,0.42932600000000004
54338,0.42979900000000004
54339,0.43027200000000004
54340,0.43074500000000004
54341,0.43121800000000005
54342,0.43169100000000005
54343,0.432164
54344,0.43263700000000005
54345,0.43311
54346,0.43358300000000005
54347,0.434056
54348,0.434529
54349,0.435002
54350,0.435475
54351,0.435948
54352,0.436421
54353,0.436894
54354,0.437367
54355,0.43784
54356,0.438313
54357,0.438786
54358,0.439259
54359,0.439732
54360,0.440205
54361,0.440678
54362,0.441151
54363,0.441624
54364,0.442097
54365,0.44257
54366,0.443043
54367,0.443516
54368,0.443989
54369,0.444462
54370,0.444935
54371,0.445408
54372,0.445881
54373,0.44635400000000003
54374,0.44682700000000003
54375,0.44730000000000003
54376,0.44777300000000003
54377,0.44824600000000003
54378,0.44871900000000003
54379,0.44919200000000004
54380,0.44966500000000004
54381,0.45013800000000004
54382,0.45061100000000004
54383,0.45108400000000004
54384,0.45155700000000004
54385,0.45203000000000004
54386,0.45250300000000004
54387,0.45297600000000005
54388,0.45344900000000005
54389,0.45392200000000005
54390,0.454395
54391,0.45486800000000005
54392,0.455341
54393,0.45581400000000005
54394,0.456287
54395,0.45676
54396,0.457233
54397,0.457706
54398,0.458179
54399,0.458652
54400,0.459125
54401,0.459598
54402,0.460071
54403,0.460544
54404,0.461017
54405,0.46149
54406,0.461963
54407,0.462436
54408,0.462909
54409,0.463382
54410,0.463855
54411,0.464328
54412,0.464801
54413,0.465274
54414,0.465747
54415,0.46622
54416,0.466693
54417,0.467166
54418,0.467639
54419,0.46811200000000003
54420,0.46858500000000003
54421,0.46905800000000003
54422,0.46953100000000003
54423,0.47000400000000003
54424,0.47047700000000003
54425,0.47095000000000004
54426,0.47142300000000004
54427,0.47189600000000004
54428,0.47236900000000004
54429,0.47284200000000004
54430,0.47331500000000004
54431,0.47378800000000004
54432,0.47426100000000004
54433,0.474734
54434,0.47520700000000005
54435,0.47568
54436,0.47615300000000005
54437,0.476626
54438,0.47709900000000005
54439,0.477572
54440,0.47804500000000005
54441,0.478518
54442,0.47899100000000006
54443,0.479464
54444,0.479937
54445,0.48041
54446,0.480883
54447,0.481356
54448,0.481829
54449,0.482302
54450,0.482775
54451,0.483248
54452,0.483721
54453,0.484194
54454,0.484667
54455,0.48514
54456,0.485613
54457,0.486086
54458,0.486559
54459,0.487032
54460,0.487505
54461,0.487978
54462,0.488451
54463,0.488924
54464,0.489397
54465,0.48987
54466,0.49034300000000003
54467,0.49081600000000003
54468,0.49128900000000003
54469,0.49176200000000003
54470,0.49223500000000003
54471,0.49270800000000003
54472,0.49318100000000004
54473,0.49365400000000004
54474,0.49412700000000004
54475,0.49460000000000004
54476,0.49507300000000004
54477,0.49554600000000004
54478,0.49601900000000004
54479,0.49649200000000004
54480,0.496965
54481,0.49743800000000005
54482,0.497911
54483,0.49838400000000005
54484,0.498857
54485,0.49933000000000005
54486,0.499803
54487,0.500276
54488,0.500749
54489,0.5012220000000001
54490,0.501695
54491,0.5021680000000001
54492,0.502641
54493,0.5031140000000001
54494,0.503587
54495,0.5040600000000001
54496,0.504533
54497,0.5050060000000001
54498,0.505479
54499,0.5059520000000001
54500,0.506425
54501,0.5068980000000001
54502,0.507371
54503,0.507844
54504,0.508317
54505,0.5087900000000001
54506,0.509263
54507,0.509736
54508,0.510209
54509,0.5106820000000001
54510,0.511155
54511,0.511628
54512,0.512101
54513,0.5125740000000001
54514,0.513047
54515,0.51352
54516,0.513993
54517,0.514466
54518,0.514939
54519,0.515412
54520,0.515885
54521,0.516358
54522,0.516831
54523,0.517304
54524,0.517777
54525,0.51825
54526,0.518723
54527,0.519196
54528,0.519669
54529,0.520142
54530,0.520615
54531,0.521088
54532,0.521561
54533,0.522034
54534,0.522507
54535,0.52298
54536,0.5234530000000001
54537,0.523926
54538,0.5243990000000001
54539,0.524872
54540,0.4
54541,0.400669
54542,0.40133800000000003
54543,0.402007
54544,0.40267600000000003
54545,0.403345
54546,0.40401400000000004
54547,0.404683
54548,0.40535200000000005
54549,0.406021
54550,0.40669
54551,0.407359
54552,0.408028
54553,0.40869700000000003
54554,0.409366
54555,0.41003500000000004
54556,0.410704
54557,0.41137300000000004
54558,0.412042
54559,0.41271100000000005
54560,0.41338
54561,0.414049
54562,0.41471800000000003
54563,0.415387
54564,0.41605600000000004
54565,0.416725
54566,0.41739400000000004
54567,0.418063
54568,0.418732
54569,0.419401
54570,0.42007
54571,0.42073900000000003
54572,0.421408
54573,0.42207700000000004
54574,0.422746
54575,0.42341500000000004
54576,0.424084
54577,0.42475300000000005
54578,0.425422
54579,0.426091
54580,0.42676000000000003
54581,0.427429
54582,0.42809800000000003
54583,0.428767
54584,0.42943600000000004
54585,0.430105
54586,0.43077400000000005
54587,0.431443
54588,0.43211200000000005
54589,0.432781
54590,0.43345
54591,0.43411900000000003
54592,0.434788
54593,0.43545700000000004
54594,0.436126
54595,0.43679500000000004
54596,0.437464
54597,0.438133
54598,0.438802
54599,0.439471
54600,0.44014000000000003
54601,0.440809
54602,0.44147800000000004
54603,0.442147
54604,0.44281600000000004
54605,0.443485
54606,0.44415400000000005
54607,0.444823
54608,0.445492
54609,0.44616100000000003
54610,0.44683
54611,0.44749900000000004
54612,0.448168
54613,0.44883700000000004
54614,0.449506
54615,0.450175
54616,0.450844
54617,0.45151300000000005
54618,0.45218200000000003
54619,0.452851
54620,0.45352000000000003
54621,0.454189
54622,0.45485800000000004
54623,0.455527
54624,0.45619600000000005
54625,0.456865
54626,0.457534
54627,0.458203
54628,0.458872
54629,0.45954100000000003
54630,0.46021
54631,0.46087900000000004
54632,0.461548
54633,0.46221700000000004
54634,0.462886
54635,0.46355500000000005
54636,0.464224
54637,0.464893
54638,0.46556200000000003
54639,0.466231
54640,0.46690000000000004
54641,0.467569
54642,0.46823800000000004
54643,0.468907
54644,0.469576
54645,0.470245
54646,0.47091400000000005
54647,0.47158300000000003
54648,0.472252
54649,0.47292100000000004
54650,0.47359
54651,0.47425900000000004
54652,0.474928
54653,0.47559700000000005
54654,0.476266
54655,0.476935
54656,0.47760400000000003
54657,0.478273
54658,0.47894200000000003
54659,0.479611
54660,0.48028000000000004
54661,0.480949
54662,0.481618
54663,0.482287
54664,0.48295600000000005
54665,0.483625
54666,0.484294
54667,0.48496300000000003
54668,0.485632
54669,0.48630100000000004
54670,0.48697
54671,0.48763900000000004
54672,0.488308
54673,0.488977
54674,0.489646
54675,0.49031500000000006
54676,0.49098400000000003
54677,0.491653
54678,0.49232200000000004
54679,0.492991
54680,0.49366
54681,0.494329
54682,0.49499800000000005
54683,0.495667
54684,0.496336
54685,0.49700500000000003
54686,0.497674
54687,0.49834300000000004
54688,0.499012
54689,0.49968100000000004
54690,0.5003500000000001
54691,0.501019
54692,0.501688
54693,0.502357
54694,0.503026
54695,0.503695
54696,0.504364
54697,0.5050330000000001
54698,0.505702
54699,0.506371
54700,0.50704
54701,0.507709
54702,0.508378
54703,0.509047
54704,0.5097160000000001
54705,0.510385
54706,0.511054
54707,0.511723
54708,0.5123920000000001
54709,0.513061
54710,0.51373
54711,0.514399
54712,0.5150680000000001
54713,0.515737
54714,0.516406
54715,0.5170750000000001
54716,0.517744
54717,0.518413
54718,0.519082
54719,0.5197510000000001
54720,0.52042
54721,0.521089
54722,0.521758
54723,0.522427
54724,0.523096
54725,0.523765
54726,0.5244340000000001
54727,0.525103
54728,0.525772
54729,0.526441
54730,0.52711
54731,0.527779
54732,0.528448
54733,0.5291170000000001
54734,0.5297860000000001
54735,0.530455
54736,0.531124
54737,0.531793
54738,0.532462
54739,0.533131
54740,0.5338
54741,0.5344690000000001
54742,0.535138
54743,0.535807
54744,0.536476
54745,0.537145
54746,0.537814
54747,0.538483
54748,0.5391520000000001
54749,0.539821
54750,0.54049
54751,0.5411590000000001
54752,0.541828
54753,0.542497
54754,0.543166
54755,0.5438350000000001
54756,0.544504
54757,0.545173
54758,0.545842
54759,0.546511
54760,0.54718
54761,0.547849
54762,0.5485180000000001
54763,0.549187
54764,0.549856
54765,0.550525
54766,0.551194
54767,0.551863
54768,0.552532
54769,0.553201
54770,0.5538700000000001
54771,0.554539
54772,0.555208
54773,0.555877
54774,0.556546
54775,0.557215
54776,0.557884
54777,0.5585530000000001
54778,0.559222
54779,0.559891
54780,0.5605600000000001
54781,0.561229
54782,0.561898
54783,0.562567
54784,0.5632360000000001
54785,0.563905
54786,0.564574
54787,0.565243
54788,0.565912
54789,0.566581
54790,0.56725
54791,0.5679190000000001
54792,0.568588
54793,0.569257
54794,0.569926
54795,0.570595
54796,0.571264
54797,0.571933
54798,0.572602
54799,0.5732710000000001
54800,0.57394
54801,0.574609
54802,0.575278
54803,0.575947
54804,0.576616
54805,0.577285
54806,0.5779540000000001
54807,0.578623
54808,0.579292
54809,0.5799610000000001
54810,0.58063
54811,0.581299
54812,0.581968
54813,0.5826370000000001
54814,0.583306
54815,0.583975
54816,0.584644
54817,0.585313
54818,0.585982
54819,0.5
54820,0.50018876
54821,0.50037752
54822,0.50056628
54823,0.50075504
54824,0.5009438
54825,0.50113256
54826,0.50132132
54827,0.50151008
54828,0.50169884
54829,0.5018876
54830,0.50207636
54831,0.50226512
54832,0.50245388
54833,0.50264264
54834,0.5028314
54835,0.50302016
54836,0.50320892
54837,0.50339768
54838,0.50358644
54839,0.5037752
54840,0.50396396
54841,0.50415272
54842,0.50434148
54843,0.50453024
54844,0.504719
54845,0.50490776
54846,0.50509652
54847,0.50528528
54848,0.50547404
54849,0.5056628
54850,0.50585156
54851,0.50604032
54852,0.50622908
54853,0.50641784
54854,0.5066066
54855,0.50679536
54856,0.50698412
54857,0.50717288
54858,0.50736164
54859,0.5075504
54860,0.50773916
54861,0.50792792
54862,0.50811668
54863,0.50830544
54864,0.5084942
54865,0.50868296
54866,0.50887172
54867,0.50906048
54868,0.50924924
54869,0.509438
54870,0.50962676
54871,0.50981552
54872,0.51000428
54873,0.51019304
54874,0.5103818
54875,0.51057056
54876,0.51075932
54877,0.51094808
54878,0.51113684
54879,0.5113256
54880,0.51151436
54881,0.51170312
54882,0.51189188
54883,0.51208064
54884,0.5122694
54885,0.51245816
54886,0.51264692
54887,0.51283568
54888,0.51302444
54889,0.5132132
54890,0.51340196
54891,0.5135907200000001
54892,0.51377948
54893,0.51396824
54894,0.514157
54895,0.51434576
54896,0.51453452
54897,0.51472328
54898,0.51491204
54899,0.5151008
54900,0.51528956
54901,0.51547832
54902,0.51566708
54903,0.51585584
54904,0.5160446
54905,0.51623336
54906,0.51642212
54907,0.51661088
54908,0.51679964
54909,0.5169884
54910,0.51717716
54911,0.51736592
54912,0.51755468
54913,0.51774344
54914,0.5179322
54915,0.51812096
54916,0.51830972
54917,0.51849848
54918,0.51868724
54919,0.518876
54920,0.51906476
54921,0.51925352
54922,0.51944228
54923,0.51963104
54924,0.5198198
54925,0.52000856
54926,0.52019732
54927,0.52038608
54928,0.52057484
54929,0.5207636
54930,0.52095236
54931,0.52114112
54932,0.52132988
54933,0.52151864
54934,0.5217074
54935,0.52189616
54936,0.52208492
54937,0.52227368
54938,0.52246244
54939,0.5226512
54940,0.52283996
54941,0.52302872
54942,0.52321748
54943,0.52340624
54944,0.523595
54945,0.52378376
54946,0.52397252
54947,0.52416128
54948,0.52435004
54949,0.5245388
54950,0.52472756
54951,0.52491632
54952,0.52510508
54953,0.52529384
54954,0.5254826
54955,0.52567136
54956,0.52586012
54957,0.52604888
54958,0.52623764
54959,0.5264264
54960,0.52661516
54961,0.52680392
54962,0.52699268
54963,0.52718144
54964,0.5273702
54965,0.52755896
54966,0.52774772
54967,0.52793648
54968,0.52812524
54969,0.528314
54970,0.52850276
54971,0.52869152
54972,0.52888028
54973,0.52906904
54974,0.5292578
54975,0.52944656
54976,0.52963532
54977,0.52982408
54978,0.53001284
54979,0.5302016
54980,0.53039036
54981,0.53057912
54982,0.53076788
54983,0.53095664
54984,0.5311454
54985,0.53133416
54986,0.53152292
54987,0.53171168
54988,0.53190044
54989,0.5320892
54990,0.53227796
54991,0.53246672
54992,0.53265548
54993,0.53284424
54994,0.533033
54995,0.53322176
54996,0.53341052
54997,0.53359928
54998,0.53378804
54999,0.5339768
55000,0.53416556
55001,0.53435432
55002,0.53454308
55003,0.53473184
55004,0.5349206
55005,0.53510936
55006,0.53529812
55007,0.53548688
55008,0.53567564
55009,0.5358644
55010,0.53605316
55011,0.53624192
55012,0.53643068
55013,0.53661944
55014,0.5368082
55015,0.53699696
55016,0.53718572
55017,0.53737448
55018,0.53756324
55019,0.537752
55020,0.53794076
55021,0.53812952
55022,0.53831828
55023,0.53850704
55024,0.5386958
55025,0.53888456
55026,0.53907332
55027,0.53926208
55028,0.53945084
55029,0.5396396
55030,0.53982836
55031,0.54001712
55032,0.54020588
55033,0.54039464
55034,0.5405834
55035,0.54077216
55036,0.54096092
55037,0.54114968
55038,0.54133844
55039,0.5415272
55040,0.54171596
55041,0.54190472
55042,0.54209348
55043,0.54228224
55044,0.542471
55045,0.54265976
55046,0.54284852
55047,0.54303728
55048,0.54322604
55049,0.5434148
55050,0.54360356
55051,0.6
55052,0.5994744
55053,0.5989488
55054,0.5984231999999999
55055,0.5978976
55056,0.597372
55057,0.5968464
55058,0.5963208
55059,0.5957952
55060,0.5952696
55061,0.5947439999999999
55062,0.5942183999999999
55063,0.5936928
55064,0.5931672
55065,0.5926416
55066,0.592116
55067,0.5915904
55068,0.5910648
55069,0.5905391999999999
55070,0.5900136
55071,0.589488
55072,0.5889624
55073,0.5884368
55074,0.5879112
55075,0.5873856
55076,0.5868599999999999
55077,0.5863343999999999
55078,0.5858088
55079,0.5852832
55080,0.5847576
55081,0.584232
55082,0.5837064
55083,0.5831807999999999
55084,0.5826551999999999
55085,0.5821296
55086,0.581604
55087,0.5810784
55088,0.5805528
55089,0.5800272
55090,0.5795016
55091,0.5789759999999999
55092,0.5784504
55093,0.5779248
55094,0.5773992
55095,0.5768736
55096,0.576348
55097,0.5758224
55098,0.5752967999999999
55099,0.5747711999999999
55100,0.5742456
55101,0.57372
55102,0.5731944
55103,0.5726688
55104,0.5721432
55105,0.5716176
55106,0.5710919999999999
55107,0.5705664
55108,0.5700408
55109,0.5695152
55110,0.5689896
55111,0.568464
55112,0.5679384
55113,0.5674127999999999
55114,0.5668872
55115,0.5663616
55116,0.565836
55117,0.5653104
55118,0.5647848
55119,0.5642592
55120,0.5637336
55121,0.5632079999999999
55122,0.5626824
55123,0.5621568
55124,0.5616312
55125,0.5611056
55126,0.56058
55127,0.5600544
55128,0.5595287999999999
55129,0.5590032
55130,0.5584776
55131,0.557952
55132,0.5574264
55133,0.5569008
55134,0.5563752
55135,0.5558495999999999
55136,0.5553239999999999
55137,0.5547984
55138,0.5542728
55139,0.5537472
55140,0.5532216
55141,0.552696
55142,0.5521704
55143,0.5516447999999999
55144,0.5511192
55145,0.5505936
55146,0.550068
55147,0.5495424
55148,0.5490168
55149,0.5484912
55150,0.5479655999999999
55151,0.5474399999999999
55152,0.5469144
55153,0.5463888
55154,0.5458632
55155,0.5453376
55156,0.544812
55157,0.5442864
55158,0.5437607999999999
55159,0.5432352
55160,0.5427096
55161,0.542184
55162,0.5416584
55163,0.5411328
55164,0.5406072
55165,0.5400815999999999
55166,0.5395559999999999
55167,0.5390304
55168,0.5385048
55169,0.5379792
55170,0.5374536
55171,0.536928
55172,0.5364024
55173,0.5358768
55174,0.5353512
55175,0.5348256
55176,0.5343
55177,0.5337744
55178,0.5332488
55179,0.5327232
55180,0.5321975999999999
55181,0.5316719999999999
55182,0.5311464
55183,0.5306208
55184,0.5300952
55185,0.5295696
55186,0.529044
55187,0.5285183999999999
55188,0.5279928
55189,0.5274672
55190,0.5269416
55191,0.526416
55192,0.5258904
55193,0.5253648
55194,0.5248392
55195,0.5243135999999999
55196,0.5237879999999999
55197,0.5232624
55198,0.5227368
55199,0.5222112
55200,0.5216856
55201,0.52116
55202,0.5206343999999999
55203,0.5201088
55204,0.5195832
55205,0.5190576
55206,0.518532
55207,0.5180064
55208,0.5174808
55209,0.5169552
55210,0.5164295999999999
55211,0.5159039999999999
55212,0.5153784
55213,0.5148528
55214,0.5143272
55215,0.5138016
55216,0.513276
55217,0.5127503999999999
55218,0.5122248
55219,0.5116992
55220,0.5111736
55221,0.510648
55222,0.5101224
55223,0.5095968
55224,0.5090712
55225,0.5085455999999999
55226,0.50802
55227,0.5074944
55228,0.5069688
55229,0.5064432
55230,0.5059176
55231,0.505392
55232,0.5048663999999999
55233,0.5043408
55234,0.5038152
55235,0.5032896
55236,0.502764
55237,0.5022384
55238,0.5017128
55239,0.5011871999999999
55240,0.5006615999999999
55241,0.500136
55242,0.4996104
55243,0.4990848
55244,0.4985592
55245,0.49803359999999997
55246,0.49750799999999995
55247,0.4969824
55248,0.4964568
55249,0.49593119999999996
55250,0.4954056
55251,0.49488
55252,0.49435439999999997
55253,0.49382879999999996
55254,0.4933032
55255,0.4927776
55256,0.49225199999999997
55257,0.4917264
55258,0.4912008
55259,0.4906752
55260,0.49014959999999996
55261,0.48962399999999995
55262,0.4890984
55263,0.4885728
55264,0.4880472
55265,0.4875216
55266,0.486996
55267,0.48647039999999997
55268,0.48594479999999995
55269,0.4854192
55270,0.4848936
55271,0.48436799999999997
55272,0.4838424
55273,0.4833168
55274,0.4827912
55275,0.48226559999999996
55276,0.48174
55277,0.4812144
55278,0.48068879999999997
55279,0.4801632
55280,0.4796376
55281,0.479112
55282,0.47858639999999997
55283,0.47806079999999995
55284,0.4775352
55285,0.4770096
55286,0.47648399999999996
55287,0.4759584
55288,0.4754328
55289,0.4749072
55290,0.47438159999999996
55291,0.47385599999999994
55292,0.4733304
55293,0.47280479999999997
55294,0.4722792
55295,0.4717536
55296,0.471228
55297,0.47070239999999997
55298,0.47017679999999995
55299,0.4696512
55300,0.4691256
55301,0.4686
55302,0.4680744
55303,0.4675488
55304,0.46702319999999997
55305,0.46649759999999996
55306,0.46597199999999994
55307,0.4654464
55308,0.4649208
55309,0.4643952
55310,0.4638696
55311,0.463344
55312,0.46281839999999996
55313,0.46229279999999995
55314,0.4617672
55315,0.4612416
55316,0.460716
55317,0.4601904
55318,0.4596648
55319,0.45913919999999997
55320,0.45861359999999995
55321,0.458088
55322,0.4575624
55323,0.4570368
55324,0.4565112
55325,0.4559856
55326,0.45546
55327,0.45493439999999996
55328,0.45440879999999995
55329,0.4538832
55330,0.45335759999999997
55331,0.452832
55332,0.4523064
55333,0.4517808
55334,0.45125519999999997
55335,0.45072959999999995
55336,0.450204
55337,0.4496784
55338,0.4491528
55339,0.4486272
55340,0.4481016
55341,0.447576
55342,0.44705039999999996
55343,0.44652479999999994
55344,0.4459992
55345,0.44547359999999997
55346,0.444948
55347,0.4444224
55348,0.4438968
55349,0.44337119999999997
55350,0.44284559999999995
55351,0.44232
55352,0.4417944
55353,0.4412688
55354,0.4407432
55355,0.4402176
55356,0.43969199999999997
55357,0.43916639999999996
55358,0.5
55359,0.5005935
55360,0.501187
55361,0.5017805
55362,0.502374
55363,0.5029675
55364,0.503561
55365,0.5041545
55366,0.504748
55367,0.5053415
55368,0.505935
55369,0.5065285
55370,0.507122
55371,0.5077155
55372,0.508309
55373,0.5089025
55374,0.509496
55375,0.5100895
55376,0.510683
55377,0.5112765
55378,0.51187
55379,0.5124635
55380,0.513057
55381,0.5136505
55382,0.514244
55383,0.5148375
55384,0.515431
55385,0.5160245
55386,0.516618
55387,0.5172115
55388,0.517805
55389,0.5183985
55390,0.518992
55391,0.5195855
55392,0.520179
55393,0.5207725
55394,0.521366
55395,0.5219595
55396,0.522553
55397,0.5231465
55398,0.52374
55399,0.5243335
55400,0.524927
55401,0.5255205
55402,0.526114
55403,0.5267075
55404,0.527301
55405,0.5278945
55406,0.528488
55407,0.5290815
55408,0.529675
55409,0.5302685
55410,0.530862
55411,0.5314555
55412,0.532049
55413,0.5326425
55414,0.533236
55415,0.5338295
55416,0.534423
55417,0.5350165
55418,0.53561
55419,0.5362035
55420,0.536797
55421,0.5373905
55422,0.537984
55423,0.5385775
55424,0.539171
55425,0.5397645
55426,0.540358
55427,0.5409515
55428,0.5415449999999999
55429,0.5421385
55430,0.542732
55431,0.5433255
55432,0.543919
55433,0.5445125
55434,0.545106
55435,0.5456995
55436,0.546293
55437,0.5468865
55438,0.54748
55439,0.5480735
55440,0.548667
55441,0.5492605
55442,0.549854
55443,0.5504475
55444,0.551041
55445,0.5516345
55446,0.5522279999999999
55447,0.5528215
55448,0.553415
55449,0.5540085
55450,0.554602
55451,0.5551955
55452,0.555789
55453,0.5563825
55454,0.556976
55455,0.5575695
55456,0.558163
55457,0.5587565
55458,0.55935
55459,0.5599435
55460,0.560537
55461,0.5611305
55462,0.561724
55463,0.5623175
55464,0.5629109999999999
55465,0.5635045
55466,0.564098
55467,0.5646915
55468,0.565285
55469,0.5658785
55470,0.566472
55471,0.5670655
55472,0.567659
55473,0.5682525
55474,0.568846
55475,0.5694395
55476,0.570033
55477,0.5706265
55478,0.4
55479,0.40232500000000004
55480,0.40465
55481,0.40697500000000003
55482,0.4093
55483,0.411625
55484,0.41395000000000004
55485,0.416275
55486,0.4186
55487,0.420925
55488,0.42325
55489,0.42557500000000004
55490,0.4279
55491,0.430225
55492,0.43255
55493,0.434875
55494,0.43720000000000003
55495,0.439525
55496,0.44185
55497,0.44417500000000004
55498,0.4465
55499,0.44882500000000003
55500,0.45115
55501,0.453475
55502,0.45580000000000004
55503,0.458125
55504,0.46045
55505,0.46277500000000005
55506,0.4651
55507,0.46742500000000003
55508,0.46975
55509,0.472075
55510,0.47440000000000004
55511,0.476725
55512,0.47905000000000003
55513,0.481375
55514,0.4837
55515,0.48602500000000004
55516,0.48835
55517,0.49067500000000003
55518,0.493
55519,0.495325
55520,0.49765000000000004
55521,0.499975
55522,0.5023
55523,0.504625
55524,0.50695
55525,0.509275
55526,0.5116
55527,0.513925
55528,0.51625
55529,0.518575
55530,0.5209
55531,0.523225
55532,0.52555
55533,0.527875
55534,0.5302
55535,0.532525
55536,0.53485
55537,0.537175
55538,0.5395
55539,0.541825
55540,0.54415
55541,0.546475
55542,0.5488
55543,0.551125
55544,0.55345
55545,0.555775
55546,0.5581
55547,0.560425
55548,0.56275
55549,0.565075
55550,0.5674
55551,0.569725
55552,0.57205
55553,0.574375
55554,0.5767
55555,0.4
55556,0.40025730000000004
55557,0.4005146
55558,0.4007719
55559,0.40102920000000003
55560,0.40128650000000005
55561,0.4015438
55562,0.4018011
55563,0.40205840000000004
55564,0.4023157
55565,0.402573
55566,0.40283030000000003
55567,0.40308760000000005
55568,0.4033449
55569,0.4036022
55570,0.40385950000000004
55571,0.4041168
55572,0.4043741
55573,0.40463140000000003
55574,0.40488870000000005
55575,0.405146
55576,0.4054033
55577,0.40566060000000004
55578,0.4059179
55579,0.4061752
55580,0.40643250000000003
55581,0.40668980000000005
55582,0.4069471
55583,0.4072044
55584,0.40746170000000004
55585,0.407719
55586,0.4079763
55587,0.40823360000000003
55588,0.40849090000000005
55589,0.4087482
55590,0.4090055
55591,0.40926280000000004
55592,0.4095201
55593,0.4097774
55594,0.41003470000000003
55595,0.41029200000000005
55596,0.4105493
55597,0.4108066
55598,0.41106390000000004
55599,0.4113212
55600,0.4115785
55601,0.41183580000000003
55602,0.41209310000000005
55603,0.4123504
55604,0.4126077
55605,0.41286500000000004
55606,0.4131223
55607,0.4133796
55608,0.41363690000000003
55609,0.41389420000000005
55610,0.4141515
55611,0.4144088
55612,0.41466610000000004
55613,0.4149234
55614,0.4151807
55615,0.41543800000000003
55616,0.41569530000000005
55617,0.4159526
55618,0.4162099
55619,0.41646720000000004
55620,0.4167245
55621,0.4169818
55622,0.41723910000000003
55623,0.41749640000000005
55624,0.4177537
55625,0.418011
55626,0.41826830000000004
55627,0.41852560000000005
55628,0.4187829
55629,0.41904020000000003
55630,0.41929750000000005
55631,0.4195548
55632,0.4198121
55633,0.42006940000000004
55634,0.42032670000000005
55635,0.420584
55636,0.42084130000000003
55637,0.42109860000000005
55638,0.4213559
55639,0.4216132
55640,0.42187050000000004
55641,0.42212780000000005
55642,0.4223851
55643,0.42264240000000003
55644,0.42289970000000005
55645,0.423157
55646,0.4234143
55647,0.42367160000000004
55648,0.42392890000000005
55649,0.4241862
55650,0.42444350000000003
55651,0.42470080000000004
55652,0.4249581
55653,0.4252154
55654,0.42547270000000004
55655,0.42573000000000005
55656,0.4259873
55657,0.42624460000000003
55658,0.42650190000000004
55659,0.4267592
55660,0.4270165
55661,0.42727380000000004
55662,0.42753110000000005
55663,0.4277884
55664,0.42804570000000003
55665,0.42830300000000004
55666,0.4285603
55667,0.4288176
55668,0.42907490000000004
55669,0.42933220000000005
55670,0.4295895
55671,0.42984680000000003
55672,0.43010410000000004
55673,0.4303614
55674,0.4306187
55675,0.43087600000000004
55676,0.43113330000000005
55677,0.4313906
55678,0.43164790000000003
55679,0.43190520000000004
55680,0.4321625
55681,0.4324198
55682,0.43267710000000004
55683,0.43293440000000005
55684,0.4331917
55685,0.43344900000000003
55686,0.43370630000000004
55687,0.4339636
55688,0.4342209
55689,0.43447820000000004
55690,0.43473550000000005
55691,0.4349928
55692,0.43525010000000003
55693,0.43550740000000004
55694,0.4357647
55695,0.436022
55696,0.43627930000000004
55697,0.43653660000000005
55698,0.4367939
55699,0.43705120000000003
55700,0.43730850000000004
55701,0.4375658
55702,0.4378231
55703,0.43808040000000004
55704,0.43833770000000005
55705,0.438595
55706,0.43885230000000003
55707,0.43910960000000004
55708,0.4393669
55709,0.4396242
55710,0.43988150000000004
55711,0.44013880000000005
55712,0.4403961
55713,0.44065340000000003
55714,0.44091070000000004
55715,0.441168
55716,0.4414253
55717,0.44168260000000004
55718,0.44193990000000005
55719,0.4421972
55720,0.44245450000000003
55721,0.44271180000000004
55722,0.4429691
55723,0.4432264
55724,0.44348370000000004
55725,0.44374100000000005
55726,0.4439983
55727,0.44425560000000003
55728,0.44451290000000004
55729,0.4447702
55730,0.4450275
55731,0.44528480000000004
55732,0.44554210000000005
55733,0.4457994
55734,0.44605670000000003
55735,0.44631400000000004
55736,0.4465713
55737,0.4468286
55738,0.44708590000000004
55739,0.44734320000000005
55740,0.4476005
55741,0.44785780000000003
55742,0.44811510000000004
55743,0.4483724
55744,0.4486297
55745,0.44888700000000004
55746,0.44914430000000005
55747,0.4494016
55748,0.44965890000000003
55749,0.44991620000000004
55750,0.4501735
55751,0.4504308
55752,0.45068810000000004
55753,0.45094540000000005
55754,0.4512027
55755,0.45146000000000003
55756,0.45171730000000004
55757,0.4519746
55758,0.4522319
55759,0.45248920000000004
55760,0.45274650000000005
55761,0.4530038
55762,0.45326110000000003
55763,0.45351840000000004
55764,0.4537757
55765,0.454033
55766,0.45429030000000004
55767,0.45454760000000005
55768,0.4548049
55769,0.45506220000000003
55770,0.45531950000000004
55771,0.4555768
55772,0.4558341
55773,0.45609140000000004
55774,0.45634870000000005
55775,0.456606
55776,0.4568633
55777,0.45712060000000004
55778,0.4573779
55779,0.4576352
55780,0.45789250000000004
55781,0.45814980000000005
55782,0.4584071
55783,0.4586644
55784,0.45892170000000004
55785,0.459179
55786,0.4594363
55787,0.45969360000000004
55788,0.45995090000000005
55789,0.4602082
55790,0.4604655
55791,0.46072280000000004
55792,0.4609801
55793,0.4612374
55794,0.46149470000000004
55795,0.46175200000000005
55796,0.4620093
55797,0.4622666
55798,0.46252390000000004
55799,0.4627812
55800,0.4630385
55801,0.46329580000000004
55802,0.46355310000000005
55803,0.4638104
55804,0.4640677
55805,0.46432500000000004
55806,0.4645823
55807,0.4648396
55808,0.46509690000000004
55809,0.46535420000000005
55810,0.4656115
55811,0.4658688
55812,0.46612610000000004
55813,0.4663834
55814,0.4666407
55815,0.46689800000000004
55816,0.46715530000000005
55817,0.4674126
55818,0.4676699
55819,0.46792720000000004
55820,0.4681845
55821,0.4684418
55822,0.46869910000000004
55823,0.46895640000000005
55824,0.4692137
55825,0.469471
55826,0.46972830000000004
55827,0.4699856
55828,0.4702429
55829,0.47050020000000004
55830,0.47075750000000005
55831,0.4710148
55832,0.4712721
55833,0.47152940000000004
55834,0.4717867
55835,0.472044
55836,0.47230130000000003
55837,0.47255860000000005
55838,0.4728159
55839,0.4730732
55840,0.47333050000000004
55841,0.4735878
55842,0.4738451
55843,0.47410240000000003
55844,0.47435970000000005
55845,0.474617
55846,0.4748743
55847,0.47513160000000004
55848,0.4753889
55849,0.4756462
55850,0.47590350000000003
55851,0.47616080000000005
55852,0.4764181
55853,0.4766754
55854,0.47693270000000004
55855,0.47719
55856,0.4774473
55857,0.47770460000000003
55858,0.47796190000000005
55859,0.4782192
55860,0.4784765
55861,0.47873380000000004
55862,0.4789911
55863,0.4792484
55864,0.47950570000000003
55865,0.47976300000000005
55866,0.4800203
55867,0.4802776
55868,0.48053490000000004
55869,0.4807922
55870,0.4810495
55871,0.48130680000000003
55872,0.48156410000000005
55873,0.4818214
55874,0.4820787
55875,0.48233600000000004
55876,0.4825933
55877,0.4828506
55878,0.48310790000000003
55879,0.48336520000000005
55880,0.4836225
55881,0.4838798
55882,0.48413710000000004
55883,0.4843944
55884,0.4846517
55885,0.48490900000000003
55886,0.48516630000000005
55887,0.4854236
55888,0.4856809
55889,0.48593820000000004
55890,0.4861955
55891,0.4864528
55892,0.48671010000000003
55893,0.48696740000000005
55894,0.4872247
55895,0.487482
55896,0.48773930000000004
55897,0.4879966
55898,0.4882539
55899,0.48851120000000003
55900,0.48876850000000005
55901,0.4890258
55902,0.4892831
55903,0.48954040000000004
55904,0.4897977
55905,0.490055
55906,0.49031230000000003
55907,0.49056960000000005
55908,0.4908269
55909,0.4910842
55910,0.49134150000000004
55911,0.4915988
55912,0.4918561
55913,0.49211340000000003
55914,0.49237070000000005
55915,0.492628
55916,0.4928853
55917,0.49314260000000004
55918,0.4933999
55919,0.4936572
55920,0.49391450000000003
55921,0.49417180000000005
55922,0.4944291
55923,0.4946864
55924,0.49494370000000004
55925,0.495201
55926,0.4954583
55927,0.49571560000000003
55928,0.49597290000000005
55929,0.4962302
55930,0.4964875
55931,0.49674480000000004
55932,0.4970021
55933,0.4972594
55934,0.49751670000000003
55935,0.49777400000000005
55936,0.4980313
55937,0.4982886
55938,0.49854590000000004
55939,0.4988032
55940,0.4990605
55941,0.49931780000000003
55942,0.49957510000000005
55943,0.4998324
55944,0.5000897
55945,0.500347
55946,0.5006043
55947,0.5008616
55948,0.5011189
55949,0.5013762
55950,0.5016335000000001
55951,0.5018908
55952,0.5021481
55953,0.5024054
55954,0.5026627
55955,0.50292
55956,0.5031773
55957,0.5034346000000001
55958,0.5036919
55959,0.5039492
55960,0.5042065
55961,0.5044638
55962,0.5047211
55963,0.5049784
55964,0.5052357000000001
55965,0.505493
55966,0.5057503
55967,0.5060076
55968,0.5062649
55969,0.5065222
55970,0.5067795
55971,0.5070368000000001
55972,0.5072941
55973,0.5075514
55974,0.5078087
55975,0.508066
55976,0.5083233
55977,0.5085806
55978,0.5088379000000001
55979,0.5090952
55980,0.5093525
55981,0.5096098
55982,0.5098671
55983,0.5101244
55984,0.5103817
55985,0.5106390000000001
55986,0.5108963
55987,0.5111536
55988,0.5114109
55989,0.5116682
55990,0.5119255
55991,0.5121828
55992,0.5124401000000001
55993,0.5126974
55994,0.5129547
55995,0.513212
55996,0.5134693
55997,0.5137266
55998,0.5139839
55999,0.5142412000000001
56000,0.5144985
56001,0.5147558
56002,0.5150131
56003,0.5152704
56004,0.5155277
56005,0.515785
56006,0.5160423000000001
56007,0.5162996
56008,0.5165569
56009,0.5168142
56010,0.5170715
56011,0.5173288
56012,0.5175861
56013,0.5178434000000001
56014,0.5181007
56015,0.518358
56016,0.5186153
56017,0.5188726
56018,0.5191299
56019,0.5193872
56020,0.5196445000000001
56021,0.5199018
56022,0.5201591
56023,0.5204164
56024,0.5206737
56025,0.520931
56026,0.5211883
56027,0.5214456000000001
56028,0.5217029
56029,0.5219602
56030,0.5222175
56031,0.5224748
56032,0.5227321
56033,0.5229894
56034,0.5232467000000001
56035,0.523504
56036,0.5237613
56037,0.5240186
56038,0.5242759
56039,0.5245332
56040,0.5247905
56041,0.5250478000000001
56042,0.5253051
56043,0.5255624000000001
56044,0.5258197
56045,0.526077
56046,0.5263343
56047,0.5265916
56048,0.5268489000000001
56049,0.5271062
56050,0.5273635000000001
56051,0.5276208
56052,0.5278781
56053,0.5281354
56054,0.5283927
56055,0.5286500000000001
56056,0.5289073
56057,0.5291646000000001
56058,0.5294219
56059,0.5296792
56060,0.5299365
56061,0.5301938
56062,0.5304511000000001
56063,0.5307084
56064,0.5309657000000001
56065,0.531223
56066,0.5314803
56067,0.5317376
56068,0.5319949
56069,0.5322522000000001
56070,0.5325095
56071,0.5327668000000001
56072,0.5330241
56073,0.5332814
56074,0.5335387
56075,0.533796
56076,0.5340533000000001
56077,0.5343106
56078,0.5345679000000001
56079,0.5348252
56080,0.5350825
56081,0.5353398
56082,0.5355971
56083,0.5358544000000001
56084,0.5361117
56085,0.5363690000000001
56086,0.5366263
56087,0.5368836
56088,0.5371409
56089,0.5373982
56090,0.5376555000000001
56091,0.5379128
56092,0.5381701000000001
56093,0.5384274
56094,0.5386847
56095,0.538942
56096,0.5391993
56097,0.5394566000000001
56098,0.5397139
56099,0.5399712000000001
56100,0.5402285
56101,0.5404858
56102,0.5407431
56103,0.5410004
56104,0.5412577000000001
56105,0.541515
56106,0.5417723000000001
56107,0.5420296
56108,0.5422869
56109,0.5425442
56110,0.5428015
56111,0.5430588000000001
56112,0.5433161
56113,0.5435734000000001
56114,0.5438307
56115,0.544088
56116,0.5443453
56117,0.5446026
56118,0.5448599000000001
56119,0.5451172
56120,0.5453745000000001
56121,0.5456318
56122,0.5458891
56123,0.5461464
56124,0.5464037
56125,0.5466610000000001
56126,0.5469183
56127,0.5471756000000001
56128,0.5474329
56129,0.5476902
56130,0.5479475
56131,0.5482048
56132,0.5484621000000001
56133,0.5487194
56134,0.5489767000000001
56135,0.549234
56136,0.5494913
56137,0.5497486
56138,0.5500059
56139,0.5502632000000001
56140,0.5505205
56141,0.5507778000000001
56142,0.5510351
56143,0.5512924
56144,0.5515497
56145,0.551807
56146,0.5520643000000001
56147,0.5523216
56148,0.5525789000000001
56149,0.5528362
56150,0.5530935
56151,0.5533508
56152,0.5536081
56153,0.5538654000000001
56154,0.5541227
56155,0.5543800000000001
56156,0.5546373
56157,0.5548946
56158,0.5551519
56159,0.5554092
56160,0.5556665000000001
56161,0.5559238
56162,0.5561811000000001
56163,0.5564384
56164,0.5566957
56165,0.556953
56166,0.5572103
56167,0.5574676000000001
56168,0.5577249
56169,0.5579822000000001
56170,0.5582395
56171,0.5584968
56172,0.5587541
56173,0.5590114
56174,0.5592687000000001
56175,0.559526
56176,0.5597833000000001
56177,0.5600406
56178,0.5602979
56179,0.5605552
56180,0.5608125
56181,0.5610698000000001
56182,0.5613271
56183,0.5615844000000001
56184,0.5618417
56185,0.562099
56186,0.5623563
56187,0.5626136
56188,0.5628709000000001
56189,0.5631282
56190,0.5633855000000001
56191,0.5636428
56192,0.5639001
56193,0.5641574
56194,0.5644147
56195,0.5646720000000001
56196,0.5649293
56197,0.5651866000000001
56198,0.5654439
56199,0.5657012
56200,0.5659585
56201,0.5662158
56202,0.5664731000000001
56203,0.5667304
56204,0.5669877000000001
56205,0.567245
56206,0.5675023
56207,0.5677596
56208,0.5680169
56209,0.5682742000000001
56210,0.5685315
56211,0.5687888000000001
56212,0.5690461
56213,0.5693034
56214,0.5695607
56215,0.569818
56216,0.5700753000000001
56217,0.5703326
56218,0.5705899000000001
56219,0.5708472
56220,0.5711045
56221,0.5713618
56222,0.5716191
56223,0.5718764000000001
56224,0.5721337
56225,0.5723910000000001
56226,0.5726483
56227,0.5729056
56228,0.5731629
56229,0.5734202
56230,0.5736775000000001
56231,0.5739348
56232,0.5741921000000001
56233,0.5744494
56234,0.5747067
56235,0.574964
56236,0.5752213
56237,0.5754786000000001
56238,0.5757359
56239,0.5759932000000001
56240,0.5762505
56241,0.5765078
56242,0.5767651
56243,0.5770224
56244,0.5772797000000001
56245,0.577537
56246,0.5777943000000001
56247,0.5780516
56248,0.5783089
56249,0.5785662
56250,0.5788235
56251,0.5790808000000001
56252,0.5793381
56253,0.5795954000000001
56254,0.5798527
56255,0.58011
56256,0.5803673
56257,0.5806246
56258,0.5808819000000001
56259,0.5811392
56260,0.5813965000000001
56261,0.5816538
56262,0.5819111
56263,0.5821684
56264,0.5824257
56265,0.5826830000000001
56266,0.5829403000000001
56267,0.5831976000000001
56268,0.5834549
56269,0.5837122
56270,0.5839695
56271,0.5842268
56272,0.5844841000000001
56273,0.5847414000000001
56274,0.5849987000000001
56275,0.585256
56276,0.5855133
56277,0.5857706
56278,0.5860279
56279,0.5862852000000001
56280,0.5865425000000001
56281,0.5867998000000001
56282,0.5870571
56283,0.5873144
56284,0.5875717
56285,0.587829
56286,0.5880863000000001
56287,0.5883436000000001
56288,0.5886009000000001
56289,0.5888582
56290,0.5891155
56291,0.5893728
56292,0.5896301
56293,0.5898874000000001
56294,0.5901447000000001
56295,0.5904020000000001
56296,0.5906593
56297,0.5909166
56298,0.5911739
56299,0.5914312
56300,0.5916885000000001
56301,0.5919458000000001
56302,0.5922031000000001
56303,0.5924604
56304,0.5927177
56305,0.592975
56306,0.5932323
56307,0.5934896000000001
56308,0.5937469000000001
56309,0.5940042000000001
56310,0.5942615
56311,0.5945188
56312,0.5947761
56313,0.5950334
56314,0.5952907000000001
56315,0.5955480000000001
56316,0.5958053000000001
56317,0.5960626
56318,0.5963199
56319,0.5965772
56320,0.5968345
56321,0.5970918000000001
56322,0.5973491000000001
56323,0.5976064000000001
56324,0.5978637
56325,0.598121
56326,0.5983783
56327,0.5986356
56328,0.5988929000000001
56329,0.5991502000000001
56330,0.5994075000000001
56331,0.5996648
56332,0.5999221
56333,0.6001794
56334,0.6004367
56335,0.6006940000000001
56336,0.6009513000000001
56337,0.6012086000000001
56338,0.6014659
56339,0.6017232
56340,0.6019805
56341,0.6022378
56342,0.6024951000000001
56343,0.6027524000000001
56344,0.6030097000000001
56345,0.603267
56346,0.6035243
56347,0.6037816
56348,0.6040389
56349,0.6042962000000001
56350,0.6045535000000001
56351,0.6048108000000001
56352,0.6050681
56353,0.6053254
56354,0.6055827
56355,0.60584
56356,0.6060973000000001
56357,0.6063546000000001
56358,0.6066119000000001
56359,0.6068692
56360,0.6071265
56361,0.6073838
56362,0.6076411
56363,0.6078984000000001
56364,0.6081557000000001
56365,0.6084130000000001
56366,0.6086703
56367,0.6089276
56368,0.6091849
56369,0.6094422
56370,0.6096995000000001
56371,0.6099568000000001
56372,0.6102141000000001
56373,0.6104714
56374,0.6107287
56375,0.610986
56376,0.6112433
56377,0.6115006000000001
56378,0.6117579000000001
56379,0.6120152000000001
56380,0.6122725
56381,0.6125298
56382,0.6127871
56383,0.6130444
56384,0.4
56385,0.40122
56386,0.40244
56387,0.40366
56388,0.40488
56389,0.4061
56390,0.40732
56391,0.40854
56392,0.40976
56393,0.41098
56394,0.4122
56395,0.41342
56396,0.41464
56397,0.41586
56398,0.41708
56399,0.4183
56400,0.41952
56401,0.42074
56402,0.42196
56403,0.42318
56404,0.4244
56405,0.42562
56406,0.42684
56407,0.42806
56408,0.42928
56409,0.4305
56410,0.43172
56411,0.43294
56412,0.43416
56413,0.43538000000000004
56414,0.43660000000000004
56415,0.43782000000000004
56416,0.43904000000000004
56417,0.44026000000000004
56418,0.44148000000000004
56419,0.44270000000000004
56420,0.44392000000000004
56421,0.44514000000000004
56422,0.44636000000000003
56423,0.44758000000000003
56424,0.44880000000000003
56425,0.45002000000000003
56426,0.45124000000000003
56427,0.45246000000000003
56428,0.45368
56429,0.4549
56430,0.45612
56431,0.45734
56432,0.45856
56433,0.45978
56434,0.461
56435,0.46222
56436,0.46344
56437,0.46466
56438,0.46588
56439,0.4671
56440,0.46832
56441,0.46954
56442,0.47076
56443,0.47198
56444,0.4732
56445,0.47442
56446,0.47564
56447,0.47686
56448,0.47808
56449,0.4793
56450,0.48052
56451,0.48174
56452,0.48296
56453,0.48418
56454,0.4854
56455,0.48662000000000005
56456,0.48784000000000005
56457,0.48906000000000005
56458,0.49028000000000005
56459,0.49150000000000005
56460,0.49272000000000005
56461,0.49394000000000005
56462,0.49516000000000004
56463,0.49638000000000004
56464,0.49760000000000004
56465,0.49882000000000004
56466,0.50004
56467,0.50126
56468,0.50248
56469,0.5037
56470,0.50492
56471,0.50614
56472,0.50736
56473,0.50858
56474,0.5098
56475,0.51102
56476,0.51224
56477,0.51346
56478,0.51468
56479,0.5159
56480,0.51712
56481,0.51834
56482,0.51956
56483,0.52078
56484,0.522
56485,0.52322
56486,0.52444
56487,0.52566
56488,0.52688
56489,0.5281
56490,0.52932
56491,0.53054
56492,0.53176
56493,0.53298
56494,0.5342
56495,0.53542
56496,0.53664
56497,0.53786
56498,0.53908
56499,0.5403
56500,0.54152
56501,0.54274
56502,0.54396
56503,0.54518
56504,0.5464
56505,0.54762
56506,0.54884
56507,0.55006
56508,0.55128
56509,0.5525
56510,0.55372
56511,0.55494
56512,0.55616
56513,0.55738
56514,0.5586
56515,0.55982
56516,0.56104
56517,0.56226
56518,0.56348
56519,0.5647
56520,0.56592
56521,0.56714
56522,0.56836
56523,0.56958
56524,0.5708
56525,0.57202
56526,0.57324
56527,0.57446
56528,0.57568
56529,0.5769
56530,0.57812
56531,0.57934
56532,0.58056
56533,0.58178
56534,0.583
56535,0.58422
56536,0.58544
56537,0.58666
56538,0.58788
56539,0.5891
56540,0.59032
56541,0.59154
56542,0.59276
56543,0.59398
56544,0.5952
56545,0.59642
56546,0.59764
56547,0.59886
56548,0.60008
56549,0.6013
56550,0.60252
56551,0.60374
56552,0.60496
56553,0.60618
56554,0.4
56555,0.40141530000000003
56556,0.40283060000000004
56557,0.40424590000000005
56558,0.4056612
56559,0.4070765
56560,0.4084918
56561,0.4099071
56562,0.41132240000000003
56563,0.41273770000000004
56564,0.414153
56565,0.4155683
56566,0.4169836
56567,0.4183989
56568,0.4198142
56569,0.42122950000000003
56570,0.42264480000000004
56571,0.42406010000000005
56572,0.4254754
56573,0.4268907
56574,0.428306
56575,0.42972130000000003
56576,0.43113660000000004
56577,0.43255190000000004
56578,0.4339672
56579,0.4353825
56580,0.4367978
56581,0.4382131
56582,0.43962840000000003
56583,0.44104370000000004
56584,0.44245900000000005
56585,0.4438743
56586,0.4452896
56587,0.4467049
56588,0.4481202
56589,0.44953550000000003
56590,0.45095080000000004
56591,0.4523661
56592,0.4537814
56593,0.4551967
56594,0.456612
56595,0.4580273
56596,0.45944260000000003
56597,0.46085790000000004
56598,0.46227320000000005
56599,0.4636885
56600,0.4651038
56601,0.4665191
56602,0.46793440000000003
56603,0.46934970000000004
56604,0.470765
56605,0.4721803
56606,0.4735956
56607,0.4750109
56608,0.4764262
56609,0.47784150000000003
56610,0.47925680000000004
56611,0.48067210000000005
56612,0.48208740000000005
56613,0.4835027
56614,0.484918
56615,0.4863333
56616,0.48774860000000003
56617,0.48916390000000004
56618,0.4905792
56619,0.4919945
56620,0.4934098
56621,0.4948251
56622,0.4962404
56623,0.49765570000000003
56624,0.49907100000000004
56625,0.5004863
56626,0.5019016000000001
56627,0.5033169000000001
56628,0.5047322000000001
56629,0.5061475
56630,0.5075628
56631,0.5089781
56632,0.5103934
56633,0.5118087
56634,0.513224
56635,0.5146393
56636,0.5160546
56637,0.5174699
56638,0.5188852
56639,0.5203005
56640,0.5217158000000001
56641,0.5231311000000001
56642,0.5245464
56643,0.5259617000000001
56644,0.527377
56645,0.5287923
56646,0.5302076
56647,0.5316229
56648,0.5330382
56649,0.5344535
56650,0.5358688
56651,0.5372841
56652,0.5386994
56653,0.5401147000000001
56654,0.5415300000000001
56655,0.5429453
56656,0.5443606000000001
56657,0.5457759
56658,0.5471912
56659,0.5486065
56660,0.5500218
56661,0.5514371
56662,0.5528524
56663,0.5542677
56664,0.555683
56665,0.5570983
56666,0.5585136
56667,0.5599289000000001
56668,0.5613442
56669,0.5627595000000001
56670,0.5641748
56671,0.5655901
56672,0.5670054
56673,0.5684207
56674,0.569836
56675,0.5712513
56676,0.5726666
56677,0.5740819
56678,0.5754972
56679,0.5769125
56680,0.5783278000000001
56681,0.5797431
56682,0.4
56683,0.40227300000000005
56684,0.404546
56685,0.40681900000000004
56686,0.409092
56687,0.41136500000000004
56688,0.413638
56689,0.41591100000000003
56690,0.418184
56691,0.420457
56692,0.42273000000000005
56693,0.425003
56694,0.42727600000000004
56695,0.429549
56696,0.43182200000000004
56697,0.434095
56698,0.43636800000000003
56699,0.438641
56700,0.44091400000000003
56701,0.443187
56702,0.44546
56703,0.44773300000000005
56704,0.450006
56705,0.45227900000000004
56706,0.454552
56707,0.45682500000000004
56708,0.459098
56709,0.46137100000000003
56710,0.463644
56711,0.465917
56712,0.46819
56713,0.470463
56714,0.47273600000000005
56715,0.475009
56716,0.477282
56717,0.479555
56718,0.48182800000000003
56719,0.484101
56720,0.48637400000000003
56721,0.488647
56722,0.49092
56723,0.493193
56724,0.495466
56725,0.49773900000000004
56726,0.500012
56727,0.502285
56728,0.5045580000000001
56729,0.506831
56730,0.509104
56731,0.511377
56732,0.51365
56733,0.515923
56734,0.518196
56735,0.5204690000000001
56736,0.522742
56737,0.525015
56738,0.527288
56739,0.529561
56740,0.531834
56741,0.534107
56742,0.5363800000000001
56743,0.538653
56744,0.540926
56745,0.543199
56746,0.545472
56747,0.547745
56748,0.550018
56749,0.552291
56750,0.5545640000000001
56751,0.556837
56752,0.55911
56753,0.561383
56754,0.563656
56755,0.565929
56756,0.568202
56757,0.5704750000000001
56758,0.572748
56759,0.575021
56760,0.577294
56761,0.5795669999999999
56762,0.58184
56763,0.584113
56764,0.5863860000000001
56765,0.588659
56766,0.590932
56767,0.593205
56768,0.595478
56769,0.597751
56770,0.600024
56771,0.4
56772,0.4017353
56773,0.4034706
56774,0.4052059
56775,0.4069412
56776,0.4086765
56777,0.4104118
56778,0.41214710000000004
56779,0.41388240000000004
56780,0.41561770000000003
56781,0.41735300000000003
56782,0.4190883
56783,0.4208236
56784,0.4225589
56785,0.4242942
56786,0.4260295
56787,0.4277648
56788,0.4295001
56789,0.43123540000000005
56790,0.43297070000000004
56791,0.43470600000000004
56792,0.43644130000000003
56793,0.4381766
56794,0.4399119
56795,0.4416472
56796,0.4433825
56797,0.4451178
56798,0.4468531
56799,0.4485884
56800,0.4503237
56801,0.45205900000000004
56802,0.45379430000000004
56803,0.45552960000000003
56804,0.45726490000000003
56805,0.4590002
56806,0.4607355
56807,0.4624708
56808,0.4642061
56809,0.4659414
56810,0.4676767
56811,0.46941200000000005
56812,0.47114730000000005
56813,0.47288260000000004
56814,0.47461790000000004
56815,0.47635320000000003
56816,0.4780885
56817,0.4798238
56818,0.4815591
56819,0.4832944
56820,0.4850297
56821,0.486765
56822,0.4885003
56823,0.4902356
56824,0.4919709
56825,0.49370620000000004
56826,0.49544150000000003
56827,0.49717680000000003
56828,0.4989121
56829,0.5006474000000001
56830,0.5023827000000001
56831,0.5041180000000001
56832,0.5058533000000001
56833,0.5075886000000001
56834,0.5093239
56835,0.5110592
56836,0.5127945
56837,0.5145298
56838,0.5162651
56839,0.5180004
56840,0.5197357
56841,0.521471
56842,0.5232063
56843,0.5249416
56844,0.5266769
56845,0.5284122
56846,0.5301475
56847,0.5318828
56848,0.5336181
56849,0.5353534
56850,0.5370887
56851,0.538824
56852,0.5405593
56853,0.4
56854,0.401582
56855,0.403164
56856,0.40474600000000005
56857,0.406328
56858,0.40791
56859,0.409492
56860,0.41107400000000005
56861,0.412656
56862,0.414238
56863,0.41582
56864,0.41740200000000005
56865,0.418984
56866,0.420566
56867,0.422148
56868,0.42373000000000005
56869,0.425312
56870,0.426894
56871,0.428476
56872,0.43005800000000005
56873,0.43164
56874,0.433222
56875,0.434804
56876,0.43638600000000005
56877,0.437968
56878,0.43955
56879,0.441132
56880,0.44271400000000005
56881,0.444296
56882,0.445878
56883,0.44746
56884,0.44904200000000005
56885,0.450624
56886,0.452206
56887,0.453788
56888,0.45537000000000005
56889,0.456952
56890,0.458534
56891,0.460116
56892,0.46169800000000005
56893,0.46328
56894,0.464862
56895,0.466444
56896,0.46802600000000005
56897,0.469608
56898,0.47119
56899,0.472772
56900,0.47435400000000005
56901,0.475936
56902,0.477518
56903,0.4791
56904,0.48068200000000005
56905,0.482264
56906,0.483846
56907,0.485428
56908,0.48701000000000005
56909,0.488592
56910,0.490174
56911,0.491756
56912,0.49333800000000005
56913,0.49492
56914,0.496502
56915,0.498084
56916,0.49966600000000005
56917,0.501248
56918,0.50283
56919,0.5044120000000001
56920,0.505994
56921,0.507576
56922,0.509158
56923,0.51074
56924,0.512322
56925,0.513904
56926,0.515486
56927,0.5170680000000001
56928,0.51865
56929,0.520232
56930,0.521814
56931,0.523396
56932,0.5249780000000001
56933,0.52656
56934,0.528142
56935,0.5297240000000001
56936,0.5313060000000001
56937,0.532888
56938,0.53447
56939,0.536052
56940,0.5376340000000001
56941,0.539216
56942,0.540798
56943,0.5423800000000001
56944,0.5439620000000001
56945,0.545544
56946,0.547126
56947,0.548708
56948,0.5502900000000001
56949,0.551872
56950,0.553454
56951,0.5550360000000001
56952,0.5566180000000001
56953,0.5582
56954,0.559782
56955,0.561364
56956,0.5629460000000001
56957,0.564528
56958,0.56611
56959,0.5676920000000001
56960,0.5692740000000001
56961,0.570856
56962,0.572438
56963,0.57402
56964,0.5756020000000001
56965,0.577184
56966,0.578766
56967,0.5803480000000001
56968,0.4
56969,0.40214300000000003
56970,0.40428600000000003
56971,0.40642900000000004
56972,0.40857200000000005
56973,0.410715
56974,0.412858
56975,0.415001
56976,0.417144
56977,0.419287
56978,0.42143
56979,0.42357300000000003
56980,0.42571600000000004
56981,0.42785900000000004
56982,0.430002
56983,0.432145
56984,0.434288
56985,0.436431
56986,0.438574
56987,0.440717
56988,0.44286000000000003
56989,0.44500300000000004
56990,0.44714600000000004
56991,0.44928900000000005
56992,0.451432
56993,0.453575
56994,0.455718
56995,0.457861
56996,0.460004
56997,0.46214700000000003
56998,0.46429000000000004
56999,0.466433
57000,0.468576
57001,0.470719
57002,0.472862
57003,0.475005
57004,0.477148
57005,0.479291
57006,0.48143400000000003
57007,0.48357700000000003
57008,0.48572000000000004
57009,0.48786300000000005
57010,0.49000600000000005
57011,0.492149
57012,0.494292
57013,0.496435
57014,0.498578
57015,0.500721
57016,0.502864
57017,0.505007
57018,0.50715
57019,0.509293
57020,0.511436
57021,0.513579
57022,0.515722
57023,0.517865
57024,0.520008
57025,0.522151
57026,0.524294
57027,0.526437
57028,0.52858
57029,0.5307230000000001
57030,0.5328660000000001
57031,0.5350090000000001
57032,0.5371520000000001
57033,0.5392950000000001
57034,0.5414380000000001
57035,0.543581
57036,0.545724
57037,0.547867
57038,0.55001
57039,0.552153
57040,0.554296
57041,0.556439
57042,0.558582
57043,0.560725
57044,0.562868
57045,0.565011
57046,0.567154
57047,0.569297
57048,0.57144
57049,0.573583
57050,0.575726
57051,0.577869
57052,0.4
57053,0.40130390000000005
57054,0.4026078
57055,0.40391170000000004
57056,0.4052156
57057,0.40651950000000003
57058,0.4078234
57059,0.4091273
57060,0.4104312
57061,0.4117351
57062,0.41303900000000004
57063,0.4143429
57064,0.41564680000000004
57065,0.4169507
57066,0.41825460000000003
57067,0.4195585
57068,0.4208624
57069,0.4221663
57070,0.4234702
57071,0.42477410000000004
57072,0.426078
57073,0.42738190000000004
57074,0.4286858
57075,0.42998970000000003
57076,0.4312936
57077,0.4325975
57078,0.4339014
57079,0.4352053
57080,0.43650920000000004
57081,0.4378131
57082,0.43911700000000004
57083,0.4404209
57084,0.44172480000000003
57085,0.4430287
57086,0.4443326
57087,0.4456365
57088,0.4469404
57089,0.44824430000000004
57090,0.4495482
57091,0.45085210000000003
57092,0.452156
57093,0.4534599
57094,0.45476380000000005
57095,0.4560677
57096,0.45737160000000004
57097,0.4586755
57098,0.45997940000000004
57099,0.4612833
57100,0.46258720000000003
57101,0.4638911
57102,0.465195
57103,0.46649890000000005
57104,0.4678028
57105,0.4691067
57106,0.4704106
57107,0.47171450000000004
57108,0.4730184
57109,0.47432230000000003
57110,0.4756262
57111,0.4769301
57112,0.47823400000000005
57113,0.4795379
57114,0.48084180000000004
57115,0.4821457
57116,0.48344960000000003
57117,0.4847535
57118,0.48605740000000003
57119,0.4873613
57120,0.4886652
57121,0.48996910000000005
57122,0.491273
57123,0.49257690000000004
57124,0.4938808
57125,0.49518470000000003
57126,0.4964886
57127,0.4977925
57128,0.4990964
57129,0.5004003
57130,0.5017042
57131,0.5030081000000001
57132,0.504312
57133,0.5056159
57134,0.5069198
57135,0.5082237000000001
57136,0.5095276
57137,0.5108315
57138,0.5121354
57139,0.5134393
57140,0.5147432000000001
57141,0.5160471
57142,0.517351
57143,0.5186549
57144,0.5199588
57145,0.5212627000000001
57146,0.5225666
57147,0.5238705
57148,0.5251744
57149,0.5264783
57150,0.5277822
57151,0.5290861
57152,0.53039
57153,0.4
57154,0.4005019
57155,0.4010038
57156,0.4015057
57157,0.4020076
57158,0.4025095
57159,0.4030114
57160,0.4035133
57161,0.4040152
57162,0.4045171
57163,0.405019
57164,0.4055209
57165,0.4060228
57166,0.4065247
57167,0.4070266
57168,0.4075285
57169,0.4080304
57170,0.4085323
57171,0.4090342
57172,0.4095361
57173,0.410038
57174,0.4105399
57175,0.4110418
57176,0.4115437
57177,0.4120456
57178,0.4125475
57179,0.4130494
57180,0.4135513
57181,0.4140532
57182,0.4145551
57183,0.415057
57184,0.4155589
57185,0.4160608
57186,0.4165627
57187,0.4170646
57188,0.4175665
57189,0.4180684
57190,0.4185703
57191,0.4190722
57192,0.4195741
57193,0.420076
57194,0.4205779
57195,0.4210798
57196,0.4215817
57197,0.4220836
57198,0.4225855
57199,0.4230874
57200,0.4235893
57201,0.4240912
57202,0.4245931
57203,0.425095
57204,0.4255969
57205,0.4260988
57206,0.4266007
57207,0.4271026
57208,0.4276045
57209,0.4281064
57210,0.4286083
57211,0.4291102
57212,0.4296121
57213,0.430114
57214,0.43061590000000005
57215,0.4311178
57216,0.43161970000000005
57217,0.4321216
57218,0.43262350000000005
57219,0.4331254
57220,0.43362730000000005
57221,0.4341292
57222,0.43463110000000005
57223,0.435133
57224,0.43563490000000005
57225,0.4361368
57226,0.43663870000000005
57227,0.43714060000000005
57228,0.43764250000000005
57229,0.43814440000000004
57230,0.43864630000000004
57231,0.43914820000000004
57232,0.43965010000000004
57233,0.44015200000000004
57234,0.44065390000000004
57235,0.44115580000000004
57236,0.44165770000000004
57237,0.44215960000000004
57238,0.44266150000000004
57239,0.44316340000000004
57240,0.44366530000000004
57241,0.44416720000000004
57242,0.44466910000000004
57243,0.44517100000000004
57244,0.44567290000000004
57245,0.44617480000000004
57246,0.44667670000000004
57247,0.44717860000000004
57248,0.44768050000000004
57249,0.44818240000000004
57250,0.44868430000000004
57251,0.44918620000000004
57252,0.44968810000000004
57253,0.45019000000000003
57254,0.45069190000000003
57255,0.45119380000000003
57256,0.45169570000000003
57257,0.45219760000000003
57258,0.45269950000000003
57259,0.45320140000000003
57260,0.45370330000000003
57261,0.45420520000000003
57262,0.45470710000000003
57263,0.45520900000000003
57264,0.45571090000000003
57265,0.45621280000000003
57266,0.45671470000000003
57267,0.45721660000000003
57268,0.45771850000000003
57269,0.4582204
57270,0.4587223
57271,0.4592242
57272,0.4597261
57273,0.460228
57274,0.4607299
57275,0.4612318
57276,0.4617337
57277,0.4622356
57278,0.4627375
57279,0.4632394
57280,0.4637413
57281,0.4642432
57282,0.4647451
57283,0.465247
57284,0.4657489
57285,0.4662508
57286,0.4667527
57287,0.4672546
57288,0.4677565
57289,0.4682584
57290,0.4687603
57291,0.4692622
57292,0.4697641
57293,0.470266
57294,0.4707679
57295,0.4712698
57296,0.4717717
57297,0.4722736
57298,0.4727755
57299,0.4732774
57300,0.4737793
57301,0.4742812
57302,0.4747831
57303,0.475285
57304,0.4757869
57305,0.4762888
57306,0.4767907
57307,0.4772926
57308,0.4777945
57309,0.4782964
57310,0.4787983
57311,0.4793002
57312,0.4798021
57313,0.480304
57314,0.4808059
57315,0.4813078
57316,0.4818097
57317,0.4823116
57318,0.4828135
57319,0.4833154
57320,0.4838173
57321,0.4843192
57322,0.4848211
57323,0.485323
57324,0.4858249
57325,0.4863268
57326,0.4868287
57327,0.4873306
57328,0.4878325
57329,0.48833440000000006
57330,0.4888363
57331,0.48933820000000006
57332,0.4898401
57333,0.49034200000000006
57334,0.4908439
57335,0.49134580000000005
57336,0.4918477
57337,0.49234960000000005
57338,0.4928515
57339,0.49335340000000005
57340,0.4938553
57341,0.49435720000000005
57342,0.4948591
57343,0.49536100000000005
57344,0.4958629
57345,0.49636480000000005
57346,0.4968667
57347,0.49736860000000005
57348,0.4978705
57349,0.49837240000000005
57350,0.4988743
57351,0.49937620000000005
57352,0.4998781
57353,0.50038
57354,0.5008819
57355,0.5013838
57356,0.5018857
57357,0.5023876
57358,0.5028895
57359,0.5033914
57360,0.5038933
57361,0.5043952
57362,0.5048971
57363,0.505399
57364,0.5059009
57365,0.5064028
57366,0.5069047
57367,0.5074066
57368,0.5079085
57369,0.5084104
57370,0.5089123
57371,0.5094142
57372,0.5099161
57373,0.510418
57374,0.5109199
57375,0.5114218
57376,0.5119237
57377,0.5124256
57378,0.5129275
57379,0.5134294
57380,0.5139313
57381,0.5144332
57382,0.5149351
57383,0.515437
57384,0.5159389
57385,0.5164408
57386,0.5169427
57387,0.5174446
57388,0.5179465
57389,0.5184484
57390,0.5189503
57391,0.5194522
57392,0.5199541
57393,0.520456
57394,0.5209579
57395,0.5214598
57396,0.5219617000000001
57397,0.5224636
57398,0.5229655
57399,0.5234674
57400,0.5239693000000001
57401,0.5244712
57402,0.5249731
57403,0.525475
57404,0.5259769000000001
57405,0.5264788
57406,0.5269807
57407,0.5274826
57408,0.5279845000000001
57409,0.5284864
57410,0.5289883
57411,0.5294902
57412,0.5299921000000001
57413,0.530494
57414,0.5309959
57415,0.5314978
57416,0.5319997000000001
57417,0.5325016
57418,0.5330035
57419,0.5335054
57420,0.5340073000000001
57421,0.5345092
57422,0.5350111
57423,0.535513
57424,0.5360149000000001
57425,0.5365168
57426,0.5370187
57427,0.5375206
57428,0.5380225000000001
57429,0.5385244
57430,0.5390263
57431,0.5395282
57432,0.5400301000000001
57433,0.540532
57434,0.5410339
57435,0.5415358
57436,0.5420377000000001
57437,0.5425396
57438,0.5430415
57439,0.5435434
57440,0.5440453000000001
57441,0.5445472
57442,0.5450491000000001
57443,0.545551
57444,0.5460529000000001
57445,0.5465548
57446,0.5470567000000001
57447,0.5475586
57448,0.5480605000000001
57449,0.5485624
57450,0.5490643000000001
57451,0.5495662
57452,0.5500681000000001
57453,0.55057
57454,0.5510719000000001
57455,0.5515738
57456,0.5520757000000001
57457,0.5525776
57458,0.5530795000000001
57459,0.5535814
57460,0.5540833000000001
57461,0.5545852
57462,0.5550871
57463,0.555589
57464,0.5560909
57465,0.5565928
57466,0.5570947
57467,0.5575966
57468,0.5580985
57469,0.5586004
57470,0.5591023
57471,0.5596042
57472,0.5601061
57473,0.560608
57474,0.5611099
57475,0.5616118
57476,0.5621137
57477,0.5626156
57478,0.5631175
57479,0.5636194
57480,0.5641213
57481,0.5646232
57482,0.5651251
57483,0.565627
57484,0.5661289
57485,0.5666308
57486,0.5671327
57487,0.5676346
57488,0.5681365
57489,0.5686384
57490,0.5691403
57491,0.5696422
57492,0.5701441
57493,0.570646
57494,0.5711479
57495,0.5716498
57496,0.5721517
57497,0.5726536
57498,0.5731555
57499,0.5736574
57500,0.5741593
57501,0.5746612
57502,0.5751631
57503,0.575665
57504,0.5761669
57505,0.5766688
57506,0.5771707
57507,0.5776726000000001
57508,0.5781745
57509,0.5786764
57510,0.5791783
57511,0.5796802000000001
57512,0.4
57513,0.4012507
57514,0.4025014
57515,0.4037521
57516,0.4050028
57517,0.40625350000000005
57518,0.40750420000000004
57519,0.40875490000000003
57520,0.4100056
57521,0.4112563
57522,0.412507
57523,0.4137577
57524,0.4150084
57525,0.4162591
57526,0.41750980000000004
57527,0.41876050000000004
57528,0.42001120000000003
57529,0.4212619
57530,0.4225126
57531,0.4237633
57532,0.425014
57533,0.4262647
57534,0.42751540000000005
57535,0.42876610000000004
57536,0.43001680000000003
57537,0.4312675
57538,0.4325182
57539,0.4337689
57540,0.4350196
57541,0.4362703
57542,0.43752100000000005
57543,0.43877170000000004
57544,0.44002240000000004
57545,0.44127310000000003
57546,0.4425238
57547,0.4437745
57548,0.4450252
57549,0.4462759
57550,0.4475266
57551,0.44877730000000005
57552,0.45002800000000004
57553,0.45127870000000003
57554,0.4525294
57555,0.4537801
57556,0.4550308
57557,0.4562815
57558,0.4575322
57559,0.4587829
57560,0.46003360000000004
57561,0.46128430000000004
57562,0.46253500000000003
57563,0.4637857
57564,0.4650364
57565,0.4662871
57566,0.4675378
57567,0.46878850000000005
57568,0.4700392
57569,0.47128990000000004
57570,0.47254060000000003
57571,0.4737913
57572,0.475042
57573,0.4762927
57574,0.4775434
57575,0.4787941
57576,0.48004480000000005
57577,0.4812955
57578,0.48254620000000004
57579,0.48379690000000003
57580,0.4850476
57581,0.4862983
57582,0.487549
57583,0.4887997
57584,0.4900504
57585,0.49130110000000005
57586,0.49255180000000004
57587,0.49380250000000003
57588,0.4950532
57589,0.4963039
57590,0.4975546
57591,0.4988053
57592,0.5000560000000001
57593,0.5013067
57594,0.5025574
57595,0.5038081
57596,0.5050588
57597,0.5063095
57598,0.5075602
57599,0.5088109000000001
57600,0.5100616
57601,0.5113123
57602,0.512563
57603,0.5138137
57604,0.5150644
57605,0.5163151
57606,0.5175658000000001
57607,0.5188165
57608,0.5200672000000001
57609,0.5213179
57610,0.5225686
57611,0.5238193
57612,0.52507
57613,0.5263207000000001
57614,0.5275714
57615,0.5288221
57616,0.5300728
57617,0.5313235000000001
57618,0.5325742
57619,0.5338249
57620,0.5350756
57621,0.5363263
57622,0.537577
57623,0.5388277
57624,0.5400784000000001
57625,0.5413291
57626,0.5425798000000001
57627,0.5438305
57628,0.5450812
57629,0.5463319
57630,0.5475826
57631,0.5488333000000001
57632,0.550084
57633,0.5513347
57634,0.5525854
57635,0.5538361
57636,0.5550868
57637,0.5563375
57638,0.5575882000000001
57639,0.5588389
57640,0.5600896
57641,0.5613403
57642,0.5625910000000001
57643,0.5638417
57644,0.5650924
57645,0.5663431
57646,0.5675938
57647,0.5688445
57648,0.5700952
57649,0.5713459000000001
57650,0.5725966
57651,0.5738473000000001
57652,0.575098
57653,0.5763487
57654,0.5775994
57655,0.5788501
57656,0.5801008000000001
57657,0.5813515
57658,0.5826022
57659,0.5838529
57660,0.5851036000000001
57661,0.5863543
57662,0.587605
57663,0.5888557
57664,0.5901064
57665,0.5913571
57666,0.5926078
57667,0.5938585000000001
57668,0.5951092
57669,0.5963599
57670,0.5976106
57671,0.5988613
57672,0.600112
57673,0.6013627
57674,0.6026134000000001
57675,0.6038641
57676,0.6051148
57677,0.6063655
57678,0.6076162
57679,0.6088669
57680,0.6101176
57681,0.4
57682,0.400312
57683,0.40062400000000004
57684,0.400936
57685,0.40124800000000005
57686,0.40156000000000003
57687,0.401872
57688,0.40218400000000004
57689,0.402496
57690,0.402808
57691,0.40312000000000003
57692,0.403432
57693,0.40374400000000005
57694,0.404056
57695,0.404368
57696,0.40468000000000004
57697,0.404992
57698,0.405304
57699,0.40561600000000003
57700,0.405928
57701,0.40624000000000005
57702,0.406552
57703,0.406864
57704,0.40717600000000004
57705,0.407488
57706,0.4078
57707,0.40811200000000003
57708,0.408424
57709,0.40873600000000004
57710,0.409048
57711,0.40936
57712,0.40967200000000004
57713,0.409984
57714,0.410296
57715,0.41060800000000003
57716,0.41092
57717,0.41123200000000004
57718,0.411544
57719,0.411856
57720,0.41216800000000003
57721,0.41248
57722,0.41279200000000005
57723,0.413104
57724,0.413416
57725,0.41372800000000004
57726,0.41404
57727,0.414352
57728,0.41466400000000003
57729,0.414976
57730,0.41528800000000005
57731,0.4156
57732,0.415912
57733,0.41622400000000004
57734,0.416536
57735,0.416848
57736,0.41716000000000003
57737,0.417472
57738,0.41778400000000004
57739,0.418096
57740,0.418408
57741,0.41872000000000004
57742,0.419032
57743,0.41934400000000005
57744,0.41965600000000003
57745,0.419968
57746,0.42028000000000004
57747,0.420592
57748,0.420904
57749,0.42121600000000003
57750,0.421528
57751,0.42184
57752,0.422152
57753,0.422464
57754,0.42277600000000004
57755,0.423088
57756,0.4234
57757,0.42371200000000003
57758,0.424024
57759,0.42433600000000005
57760,0.424648
57761,0.42496
57762,0.42527200000000004
57763,0.425584
57764,0.425896
57765,0.42620800000000003
57766,0.42652
57767,0.42683200000000004
57768,0.427144
57769,0.427456
57770,0.42776800000000004
57771,0.42808
57772,0.428392
57773,0.42870400000000003
57774,0.429016
57775,0.42932800000000004
57776,0.42964
57777,0.429952
57778,0.43026400000000004
57779,0.430576
57780,0.43088800000000005
57781,0.4312
57782,0.431512
57783,0.43182400000000004
57784,0.432136
57785,0.432448
57786,0.43276000000000003
57787,0.433072
57788,0.433384
57789,0.433696
57790,0.434008
57791,0.43432000000000004
57792,0.434632
57793,0.434944
57794,0.43525600000000003
57795,0.435568
57796,0.43588000000000005
57797,0.436192
57798,0.436504
57799,0.43681600000000004
57800,0.437128
57801,0.43744000000000005
57802,0.43775200000000003
57803,0.438064
57804,0.43837600000000004
57805,0.438688
57806,0.439
57807,0.43931200000000004
57808,0.439624
57809,0.439936
57810,0.44024800000000003
57811,0.44056
57812,0.44087200000000004
57813,0.441184
57814,0.441496
57815,0.44180800000000003
57816,0.44212
57817,0.44243200000000005
57818,0.442744
57819,0.443056
57820,0.44336800000000004
57821,0.44368
57822,0.443992
57823,0.44430400000000003
57824,0.444616
57825,0.444928
57826,0.44524
57827,0.445552
57828,0.44586400000000004
57829,0.446176
57830,0.446488
57831,0.44680000000000003
57832,0.447112
57833,0.44742400000000004
57834,0.447736
57835,0.448048
57836,0.44836000000000004
57837,0.448672
57838,0.44898400000000005
57839,0.44929600000000003
57840,0.449608
57841,0.44992000000000004
57842,0.450232
57843,0.450544
57844,0.45085600000000003
57845,0.451168
57846,0.45148
57847,0.451792
57848,0.452104
57849,0.45241600000000004
57850,0.452728
57851,0.45304
57852,0.45335200000000003
57853,0.453664
57854,0.45397600000000005
57855,0.454288
57856,0.4546
57857,0.45491200000000004
57858,0.455224
57859,0.45553600000000005
57860,0.45584800000000003
57861,0.45616
57862,0.45647200000000004
57863,0.456784
57864,0.457096
57865,0.45740800000000004
57866,0.45772
57867,0.458032
57868,0.45834400000000003
57869,0.458656
57870,0.45896800000000004
57871,0.45928
57872,0.459592
57873,0.45990400000000003
57874,0.460216
57875,0.46052800000000005
57876,0.46084
57877,0.461152
57878,0.46146400000000004
57879,0.461776
57880,0.462088
57881,0.46240000000000003
57882,0.462712
57883,0.463024
57884,0.463336
57885,0.463648
57886,0.46396000000000004
57887,0.464272
57888,0.464584
57889,0.46489600000000003
57890,0.465208
57891,0.46552000000000004
57892,0.465832
57893,0.466144
57894,0.46645600000000004
57895,0.466768
57896,0.46708000000000005
57897,0.46739200000000003
57898,0.467704
57899,0.468016
57900,0.468328
57901,0.46864
57902,0.46895200000000004
57903,0.469264
57904,0.469576
57905,0.46988800000000003
57906,0.4702
57907,0.47051200000000004
57908,0.470824
57909,0.471136
57910,0.47144800000000003
57911,0.47176
57912,0.47207200000000005
57913,0.472384
57914,0.472696
57915,0.47300800000000004
57916,0.47332
57917,0.47363200000000005
57918,0.47394400000000003
57919,0.474256
57920,0.474568
57921,0.47488
57922,0.475192
57923,0.47550400000000004
57924,0.475816
57925,0.476128
57926,0.47644000000000003
57927,0.476752
57928,0.47706400000000004
57929,0.477376
57930,0.477688
57931,0.47800000000000004
57932,0.478312
57933,0.47862400000000005
57934,0.47893600000000003
57935,0.479248
57936,0.47956
57937,0.479872
57938,0.48018400000000006
57939,0.48049600000000003
57940,0.480808
57941,0.48112
57942,0.481432
57943,0.481744
57944,0.48205600000000004
57945,0.482368
57946,0.48268
57947,0.48299200000000003
57948,0.483304
57949,0.48361600000000005
57950,0.483928
57951,0.48424
57952,0.48455200000000004
57953,0.484864
57954,0.48517600000000005
57955,0.48548800000000003
57956,0.4858
57957,0.486112
57958,0.486424
57959,0.486736
57960,0.48704800000000004
57961,0.48736
57962,0.487672
57963,0.48798400000000003
57964,0.488296
57965,0.48860800000000004
57966,0.48892
57967,0.489232
57968,0.48954400000000003
57969,0.489856
57970,0.49016800000000005
57971,0.49048
57972,0.490792
57973,0.49110400000000004
57974,0.491416
57975,0.49172800000000005
57976,0.49204000000000003
57977,0.492352
57978,0.492664
57979,0.492976
57980,0.493288
57981,0.49360000000000004
57982,0.493912
57983,0.494224
57984,0.49453600000000003
57985,0.494848
57986,0.49516000000000004
57987,0.495472
57988,0.495784
57989,0.49609600000000004
57990,0.496408
57991,0.49672000000000005
57992,0.49703200000000003
57993,0.497344
57994,0.497656
57995,0.497968
57996,0.49828
57997,0.49859200000000004
57998,0.498904
57999,0.499216
58000,0.499528
58001,0.49984
58002,0.500152
58003,0.500464
58004,0.500776
58005,0.501088
58006,0.5014000000000001
58007,0.501712
58008,0.502024
58009,0.502336
58010,0.502648
58011,0.5029600000000001
58012,0.503272
58013,0.503584
58014,0.503896
58015,0.504208
58016,0.5045200000000001
58017,0.5048320000000001
58018,0.505144
58019,0.505456
58020,0.505768
58021,0.50608
58022,0.5063920000000001
58023,0.506704
58024,0.507016
58025,0.507328
58026,0.50764
58027,0.507952
58028,0.508264
58029,0.508576
58030,0.508888
58031,0.5092
58032,0.509512
58033,0.509824
58034,0.510136
58035,0.510448
58036,0.51076
58037,0.511072
58038,0.5113840000000001
58039,0.511696
58040,0.512008
58041,0.51232
58042,0.512632
58043,0.5129440000000001
58044,0.513256
58045,0.513568
58046,0.51388
58047,0.514192
58048,0.5145040000000001
58049,0.514816
58050,0.515128
58051,0.51544
58052,0.515752
58053,0.5160640000000001
58054,0.5163760000000001
58055,0.516688
58056,0.517
58057,0.517312
58058,0.517624
58059,0.5179360000000001
58060,0.518248
58061,0.51856
58062,0.518872
58063,0.519184
58064,0.519496
58065,0.519808
58066,0.52012
58067,0.520432
58068,0.520744
58069,0.521056
58070,0.521368
58071,0.52168
58072,0.521992
58073,0.522304
58074,0.522616
58075,0.5229280000000001
58076,0.52324
58077,0.523552
58078,0.523864
58079,0.524176
58080,0.5244880000000001
58081,0.5248
58082,0.525112
58083,0.525424
58084,0.525736
58085,0.5260480000000001
58086,0.52636
58087,0.526672
58088,0.526984
58089,0.527296
58090,0.5276080000000001
58091,0.5279200000000001
58092,0.528232
58093,0.528544
58094,0.528856
58095,0.5291680000000001
58096,0.52948
58097,0.529792
58098,0.530104
58099,0.530416
58100,0.5307280000000001
58101,0.53104
58102,0.531352
58103,0.531664
58104,0.531976
58105,0.532288
58106,0.5326
58107,0.532912
58108,0.533224
58109,0.533536
58110,0.533848
58111,0.53416
58112,0.5344720000000001
58113,0.534784
58114,0.535096
58115,0.535408
58116,0.53572
58117,0.5360320000000001
58118,0.536344
58119,0.536656
58120,0.536968
58121,0.53728
58122,0.5375920000000001
58123,0.537904
58124,0.538216
58125,0.538528
58126,0.53884
58127,0.5391520000000001
58128,0.539464
58129,0.539776
58130,0.540088
58131,0.5404
58132,0.5407120000000001
58133,0.5410240000000001
58134,0.541336
58135,0.541648
58136,0.54196
58137,0.5422720000000001
58138,0.542584
58139,0.542896
58140,0.543208
58141,0.54352
58142,0.543832
58143,0.544144
58144,0.544456
58145,0.544768
58146,0.54508
58147,0.545392
58148,0.545704
58149,0.5460160000000001
58150,0.546328
58151,0.54664
58152,0.546952
58153,0.547264
58154,0.5475760000000001
58155,0.547888
58156,0.5482
58157,0.548512
58158,0.548824
58159,0.5491360000000001
58160,0.549448
58161,0.54976
58162,0.550072
58163,0.550384
58164,0.5506960000000001
58165,0.551008
58166,0.55132
58167,0.551632
58168,0.551944
58169,0.5522560000000001
58170,0.5525680000000001
58171,0.55288
58172,0.553192
58173,0.553504
58174,0.5538160000000001
58175,0.554128
58176,0.55444
58177,0.554752
58178,0.555064
58179,0.555376
58180,0.555688
58181,0.556
58182,0.556312
58183,0.556624
58184,0.556936
58185,0.557248
58186,0.5575600000000001
58187,0.557872
58188,0.558184
58189,0.558496
58190,0.558808
58191,0.5591200000000001
58192,0.559432
58193,0.559744
58194,0.560056
58195,0.560368
58196,0.5606800000000001
58197,0.560992
58198,0.561304
58199,0.561616
58200,0.561928
58201,0.5622400000000001
58202,0.562552
58203,0.562864
58204,0.563176
58205,0.563488
58206,0.5638000000000001
58207,0.5641120000000001
58208,0.564424
58209,0.564736
58210,0.565048
58211,0.5653600000000001
58212,0.565672
58213,0.565984
58214,0.566296
58215,0.566608
58216,0.56692
58217,0.567232
58218,0.567544
58219,0.567856
58220,0.568168
58221,0.56848
58222,0.568792
58223,0.569104
58224,0.569416
58225,0.569728
58226,0.57004
58227,0.570352
58228,0.5706640000000001
58229,0.570976
58230,0.571288
58231,0.5716
58232,0.571912
58233,0.5722240000000001
58234,0.572536
58235,0.572848
58236,0.57316
58237,0.573472
58238,0.5737840000000001
58239,0.574096
58240,0.574408
58241,0.57472
58242,0.575032
58243,0.5753440000000001
58244,0.5756560000000001
58245,0.575968
58246,0.57628
58247,0.576592
58248,0.5769040000000001
58249,0.577216
58250,0.577528
58251,0.57784
58252,0.578152
58253,0.578464
58254,0.578776
58255,0.579088
58256,0.5794
58257,0.579712
58258,0.580024
58259,0.4
58260,0.401926
58261,0.40385200000000004
58262,0.405778
58263,0.407704
58264,0.40963000000000005
58265,0.41155600000000003
58266,0.413482
58267,0.415408
58268,0.41733400000000004
58269,0.41926
58270,0.421186
58271,0.42311200000000004
58272,0.425038
58273,0.426964
58274,0.42889
58275,0.43081600000000003
58276,0.432742
58277,0.434668
58278,0.43659400000000004
58279,0.43852
58280,0.440446
58281,0.44237200000000004
58282,0.444298
58283,0.446224
58284,0.44815000000000005
58285,0.45007600000000003
58286,0.452002
58287,0.453928
58288,0.45585400000000004
58289,0.45778
58290,0.459706
58291,0.46163200000000004
58292,0.463558
58293,0.465484
58294,0.46741
58295,0.46933600000000003
58296,0.471262
58297,0.47318800000000005
58298,0.47511400000000004
58299,0.47704
58300,0.478966
58301,0.48089200000000004
58302,0.482818
58303,0.484744
58304,0.48667000000000005
58305,0.48859600000000003
58306,0.490522
58307,0.492448
58308,0.49437400000000004
58309,0.4963
58310,0.498226
58311,0.500152
58312,0.502078
58313,0.504004
58314,0.50593
58315,0.507856
58316,0.5097820000000001
58317,0.511708
58318,0.513634
58319,0.51556
58320,0.517486
58321,0.519412
58322,0.5213380000000001
58323,0.5232640000000001
58324,0.52519
58325,0.527116
58326,0.529042
58327,0.530968
58328,0.532894
58329,0.5348200000000001
58330,0.5367460000000001
58331,0.538672
58332,0.540598
58333,0.542524
58334,0.54445
58335,0.546376
58336,0.5483020000000001
58337,0.550228
58338,0.552154
58339,0.55408
58340,0.556006
58341,0.557932
58342,0.559858
58343,0.5617840000000001
58344,0.56371
58345,0.565636
58346,0.567562
58347,0.569488
58348,0.5714140000000001
58349,0.57334
58350,0.575266
58351,0.577192
58352,0.4
58353,0.40133670000000005
58354,0.4026734
58355,0.40401010000000004
58356,0.4053468
58357,0.40668350000000003
58358,0.4080202
58359,0.4093569
58360,0.41069360000000005
58361,0.4120303
58362,0.41336700000000004
58363,0.4147037
58364,0.41604040000000003
58365,0.4173771
58366,0.4187138
58367,0.4200505
58368,0.4213872
58369,0.42272390000000004
58370,0.4240606
58371,0.42539730000000003
58372,0.426734
58373,0.4280707
58374,0.4294074
58375,0.4307441
58376,0.43208080000000004
58377,0.4334175
58378,0.43475420000000004
58379,0.4360909
58380,0.4374276
58381,0.4387643
58382,0.440101
58383,0.44143770000000004
58384,0.4427744
58385,0.44411110000000004
58386,0.4454478
58387,0.44678450000000003
58388,0.4481212
58389,0.4494579
58390,0.45079460000000005
58391,0.4521313
58392,0.45346800000000004
58393,0.4548047
58394,0.45614140000000003
58395,0.4574781
58396,0.4588148
58397,0.46015150000000005
58398,0.4614882
58399,0.4628249
58400,0.4641616
58401,0.46549830000000003
58402,0.466835
58403,0.4681717
58404,0.46950840000000005
58405,0.4708451
58406,0.4721818
58407,0.4735185
58408,0.47485520000000003
58409,0.4761919
58410,0.4775286
58411,0.47886530000000005
58412,0.480202
58413,0.4815387
58414,0.4828754
58415,0.48421210000000003
58416,0.4855488
58417,0.4868855
58418,0.48822220000000005
58419,0.4895589
58420,0.4908956
58421,0.4922323
58422,0.49356900000000004
58423,0.4949057
58424,0.49624240000000003
58425,0.4975791
58426,0.4989158
58427,0.5002525
58428,0.5015892
58429,0.5029259
58430,0.5042626
58431,0.5055993
58432,0.506936
58433,0.5082727
58434,0.4
58435,0.40113000000000004
58436,0.40226
58437,0.40339
58438,0.40452000000000005
58439,0.40565
58440,0.40678000000000003
58441,0.40791
58442,0.40904
58443,0.41017000000000003
58444,0.4113
58445,0.41243
58446,0.41356000000000004
58447,0.41469
58448,0.41582
58449,0.41695000000000004
58450,0.41808
58451,0.41921
58452,0.42034000000000005
58453,0.42147
58454,0.42260000000000003
58455,0.42373
58456,0.42486
58457,0.42599000000000004
58458,0.42712
58459,0.42825
58460,0.42938000000000004
58461,0.43051
58462,0.43164
58463,0.43277000000000004
58464,0.4339
58465,0.43503000000000003
58466,0.43616
58467,0.43729
58468,0.43842000000000003
58469,0.43955
58470,0.44068
58471,0.44181000000000004
58472,0.44294
58473,0.44407
58474,0.44520000000000004
58475,0.44633
58476,0.44746
58477,0.44859000000000004
58478,0.44972
58479,0.45085000000000003
58480,0.45198000000000005
58481,0.45311
58482,0.45424000000000003
58483,0.45537
58484,0.4565
58485,0.45763000000000004
58486,0.45876
58487,0.45989
58488,0.46102000000000004
58489,0.46215
58490,0.46328
58491,0.46441
58492,0.46554
58493,0.46667000000000003
58494,0.4678
58495,0.46893
58496,0.47006000000000003
58497,0.47119
58498,0.47232
58499,0.47345000000000004
58500,0.47458
58501,0.47571
58502,0.47684000000000004
58503,0.47797
58504,0.4791
58505,0.48023000000000005
58506,0.48136
58507,0.48249000000000003
58508,0.48362000000000005
58509,0.48475
58510,0.48588000000000003
58511,0.48701
58512,0.48814
58513,0.48927
58514,0.4904
58515,0.49153
58516,0.49266
58517,0.49379
58518,0.49492
58519,0.49605
58520,0.49718
58521,0.49831000000000003
58522,0.49944
58523,0.50057
58524,0.5017
58525,0.50283
58526,0.50396
58527,0.50509
58528,0.50622
58529,0.50735
58530,0.50848
58531,0.50961
58532,0.51074
58533,0.51187
58534,0.513
58535,0.51413
58536,0.51526
58537,0.51639
58538,0.51752
58539,0.51865
58540,0.51978
58541,0.52091
58542,0.5220400000000001
58543,0.52317
58544,0.5243
58545,0.5254300000000001
58546,0.52656
58547,0.4
58548,0.400938
58549,0.401876
58550,0.402814
58551,0.403752
58552,0.40469
58553,0.40562800000000004
58554,0.40656600000000004
58555,0.40750400000000003
58556,0.408442
58557,0.40938
58558,0.410318
58559,0.411256
58560,0.412194
58561,0.413132
58562,0.41407000000000005
58563,0.41500800000000004
58564,0.41594600000000004
58565,0.41688400000000003
58566,0.417822
58567,0.41876
58568,0.419698
58569,0.420636
58570,0.421574
58571,0.422512
58572,0.42345000000000005
58573,0.42438800000000004
58574,0.42532600000000004
58575,0.42626400000000003
58576,0.427202
58577,0.42814
58578,0.429078
58579,0.430016
58580,0.430954
58581,0.43189200000000005
58582,0.43283000000000005
58583,0.43376800000000004
58584,0.43470600000000004
58585,0.43564400000000003
58586,0.436582
58587,0.43752
58588,0.438458
58589,0.439396
58590,0.440334
58591,0.441272
58592,0.44221000000000005
58593,0.44314800000000004
58594,0.44408600000000004
58595,0.44502400000000003
58596,0.445962
58597,0.4469
58598,0.447838
58599,0.448776
58600,0.449714
58601,0.45065200000000005
58602,0.45159000000000005
58603,0.45252800000000004
58604,0.45346600000000004
58605,0.45440400000000003
58606,0.455342
58607,0.45628
58608,0.457218
58609,0.458156
58610,0.459094
58611,0.460032
58612,0.46097000000000005
58613,0.46190800000000004
58614,0.46284600000000004
58615,0.46378400000000003
58616,0.464722
58617,0.46566
58618,0.466598
58619,0.467536
58620,0.46847400000000006
58621,0.46941200000000005
58622,0.47035000000000005
58623,0.47128800000000004
58624,0.47222600000000003
58625,0.47316400000000003
58626,0.474102
58627,0.47504
58628,0.475978
58629,0.476916
58630,0.477854
58631,0.478792
58632,0.47973000000000005
58633,0.48066800000000004
58634,0.48160600000000003
58635,0.48254400000000003
58636,0.483482
58637,0.48442
58638,0.485358
58639,0.486296
58640,0.48723400000000006
58641,0.48817200000000005
58642,0.48911000000000004
58643,0.49004800000000004
58644,0.49098600000000003
58645,0.49192400000000003
58646,0.492862
58647,0.4938
58648,0.494738
58649,0.495676
58650,0.496614
58651,0.497552
58652,0.49849000000000004
58653,0.49942800000000004
58654,0.500366
58655,0.501304
58656,0.5022420000000001
58657,0.5031800000000001
58658,0.5041180000000001
58659,0.5050560000000001
58660,0.505994
58661,0.506932
58662,0.50787
58663,0.508808
58664,0.509746
58665,0.510684
58666,0.511622
58667,0.51256
58668,0.513498
58669,0.514436
58670,0.515374
58671,0.516312
58672,0.51725
58673,0.518188
58674,0.519126
58675,0.5200640000000001
58676,0.521002
58677,0.5219400000000001
58678,0.5228780000000001
58679,0.5238160000000001
58680,0.524754
58681,0.525692
58682,0.52663
58683,0.527568
58684,0.528506
58685,0.529444
58686,0.530382
58687,0.53132
58688,0.532258
58689,0.533196
58690,0.534134
58691,0.535072
58692,0.53601
58693,0.536948
58694,0.5378860000000001
58695,0.538824
58696,0.5397620000000001
58697,0.5407
58698,0.5416380000000001
58699,0.5425760000000001
58700,0.543514
58701,0.544452
58702,0.54539
58703,0.546328
58704,0.547266
58705,0.548204
58706,0.549142
58707,0.55008
58708,0.551018
58709,0.551956
58710,0.552894
58711,0.553832
58712,0.55477
58713,0.5557080000000001
58714,0.556646
58715,0.5575840000000001
58716,0.558522
58717,0.5594600000000001
58718,0.5603980000000001
58719,0.5613360000000001
58720,0.562274
58721,0.563212
58722,0.4
58723,0.400453
58724,0.40090600000000004
58725,0.401359
58726,0.401812
58727,0.40226500000000004
58728,0.402718
58729,0.403171
58730,0.40362400000000004
58731,0.404077
58732,0.40453
58733,0.40498300000000004
58734,0.405436
58735,0.405889
58736,0.40634200000000004
58737,0.406795
58738,0.407248
58739,0.40770100000000004
58740,0.408154
58741,0.408607
58742,0.40906000000000003
58743,0.409513
58744,0.409966
58745,0.41041900000000003
58746,0.410872
58747,0.411325
58748,0.41177800000000003
58749,0.412231
58750,0.41268400000000005
58751,0.41313700000000003
58752,0.41359
58753,0.41404300000000005
58754,0.41449600000000003
58755,0.414949
58756,0.41540200000000005
58757,0.41585500000000003
58758,0.416308
58759,0.41676100000000005
58760,0.41721400000000003
58761,0.417667
58762,0.41812000000000005
58763,0.41857300000000003
58764,0.419026
58765,0.41947900000000005
58766,0.419932
58767,0.420385
58768,0.42083800000000005
58769,0.421291
58770,0.421744
58771,0.42219700000000004
58772,0.42265
58773,0.423103
58774,0.42355600000000004
58775,0.424009
58776,0.424462
58777,0.42491500000000004
58778,0.425368
58779,0.425821
58780,0.42627400000000004
58781,0.426727
58782,0.42718
58783,0.42763300000000004
58784,0.428086
58785,0.428539
58786,0.42899200000000004
58787,0.429445
58788,0.429898
58789,0.43035100000000004
58790,0.430804
58791,0.431257
58792,0.43171000000000004
58793,0.432163
58794,0.432616
58795,0.43306900000000004
58796,0.433522
58797,0.433975
58798,0.43442800000000004
58799,0.434881
58800,0.435334
58801,0.43578700000000004
58802,0.43624
58803,0.436693
58804,0.43714600000000003
58805,0.437599
58806,0.438052
58807,0.43850500000000003
58808,0.438958
58809,0.439411
58810,0.43986400000000003
58811,0.440317
58812,0.44077
58813,0.44122300000000003
58814,0.441676
58815,0.442129
58816,0.44258200000000003
58817,0.443035
58818,0.443488
58819,0.44394100000000003
58820,0.444394
58821,0.444847
58822,0.44530000000000003
58823,0.445753
58824,0.44620600000000005
58825,0.44665900000000003
58826,0.447112
58827,0.44756500000000005
58828,0.448018
58829,0.448471
58830,0.44892400000000005
58831,0.449377
58832,0.44983
58833,0.45028300000000004
58834,0.450736
58835,0.451189
58836,0.45164200000000004
58837,0.452095
58838,0.452548
58839,0.45300100000000004
58840,0.453454
58841,0.453907
58842,0.45436000000000004
58843,0.454813
58844,0.455266
58845,0.45571900000000004
58846,0.456172
58847,0.456625
58848,0.45707800000000004
58849,0.457531
58850,0.457984
58851,0.45843700000000004
58852,0.45889
58853,0.459343
58854,0.45979600000000004
58855,0.460249
58856,0.460702
58857,0.46115500000000004
58858,0.461608
58859,0.462061
58860,0.46251400000000004
58861,0.462967
58862,0.46342000000000005
58863,0.46387300000000004
58864,0.464326
58865,0.46477900000000005
58866,0.46523200000000003
58867,0.465685
58868,0.46613800000000005
58869,0.46659100000000003
58870,0.467044
58871,0.46749700000000005
58872,0.46795000000000003
58873,0.468403
58874,0.46885600000000005
58875,0.46930900000000003
58876,0.469762
58877,0.47021500000000005
58878,0.47066800000000003
58879,0.471121
58880,0.47157400000000005
58881,0.47202700000000003
58882,0.47248
58883,0.47293300000000005
58884,0.47338600000000003
58885,0.473839
58886,0.47429200000000005
58887,0.47474500000000003
58888,0.475198
58889,0.47565100000000005
58890,0.476104
58891,0.476557
58892,0.47701000000000005
58893,0.477463
58894,0.477916
58895,0.47836900000000004
58896,0.478822
58897,0.479275
58898,0.47972800000000004
58899,0.480181
58900,0.480634
58901,0.48108700000000004
58902,0.48154
58903,0.481993
58904,0.48244600000000004
58905,0.482899
58906,0.483352
58907,0.48380500000000004
58908,0.484258
58909,0.484711
58910,0.48516400000000004
58911,0.485617
58912,0.48607
58913,0.48652300000000004
58914,0.486976
58915,0.487429
58916,0.48788200000000004
58917,0.488335
58918,0.488788
58919,0.48924100000000004
58920,0.489694
58921,0.490147
58922,0.49060000000000004
58923,0.491053
58924,0.491506
58925,0.49195900000000004
58926,0.492412
58927,0.492865
58928,0.49331800000000003
58929,0.493771
58930,0.494224
58931,0.49467700000000003
58932,0.49513
58933,0.495583
58934,0.49603600000000003
58935,0.496489
58936,0.496942
58937,0.49739500000000003
58938,0.497848
58939,0.498301
58940,0.49875400000000003
58941,0.499207
58942,0.49966
58943,0.500113
58944,0.5005660000000001
58945,0.501019
58946,0.501472
58947,0.5019250000000001
58948,0.502378
58949,0.502831
58950,0.5032840000000001
58951,0.503737
58952,0.50419
58953,0.5046430000000001
58954,0.505096
58955,0.505549
58956,0.5060020000000001
58957,0.506455
58958,0.506908
58959,0.5073610000000001
58960,0.507814
58961,0.508267
58962,0.5087200000000001
58963,0.509173
58964,0.509626
58965,0.5100790000000001
58966,0.510532
58967,0.510985
58968,0.5114380000000001
58969,0.511891
58970,0.512344
58971,0.5127970000000001
58972,0.51325
58973,0.513703
58974,0.5141560000000001
58975,0.514609
58976,0.515062
58977,0.5155150000000001
58978,0.515968
58979,0.516421
58980,0.5168740000000001
58981,0.517327
58982,0.51778
58983,0.518233
58984,0.518686
58985,0.519139
58986,0.519592
58987,0.520045
58988,0.520498
58989,0.520951
58990,0.521404
58991,0.521857
58992,0.52231
58993,0.522763
58994,0.523216
58995,0.523669
58996,0.524122
58997,0.524575
58998,0.525028
58999,0.5254810000000001
59000,0.525934
59001,0.526387
59002,0.52684
59003,0.527293
59004,0.527746
59005,0.5281990000000001
59006,0.528652
59007,0.529105
59008,0.529558
59009,0.530011
59010,0.530464
59011,0.5309170000000001
59012,0.53137
59013,0.531823
59014,0.532276
59015,0.532729
59016,0.533182
59017,0.5336350000000001
59018,0.534088
59019,0.534541
59020,0.534994
59021,0.535447
59022,0.5359
59023,0.5363530000000001
59024,0.536806
59025,0.537259
59026,0.537712
59027,0.538165
59028,0.538618
59029,0.5390710000000001
59030,0.539524
59031,0.539977
59032,0.54043
59033,0.540883
59034,0.541336
59035,0.5417890000000001
59036,0.542242
59037,0.542695
59038,0.543148
59039,0.543601
59040,0.544054
59041,0.5445070000000001
59042,0.54496
59043,0.545413
59044,0.545866
59045,0.546319
59046,0.546772
59047,0.5472250000000001
59048,0.547678
59049,0.548131
59050,0.548584
59051,0.549037
59052,0.54949
59053,0.5499430000000001
59054,0.550396
59055,0.550849
59056,0.551302
59057,0.551755
59058,0.552208
59059,0.5526610000000001
59060,0.553114
59061,0.553567
59062,0.55402
59063,0.554473
59064,0.554926
59065,0.5553790000000001
59066,0.555832
59067,0.556285
59068,0.556738
59069,0.557191
59070,0.557644
59071,0.5580970000000001
59072,0.55855
59073,0.559003
59074,0.5594560000000001
59075,0.559909
59076,0.560362
59077,0.5608150000000001
59078,0.561268
59079,0.561721
59080,0.5621740000000001
59081,0.562627
59082,0.56308
59083,0.5635330000000001
59084,0.563986
59085,0.564439
59086,0.5648920000000001
59087,0.565345
59088,0.565798
59089,0.5662510000000001
59090,0.566704
59091,0.567157
59092,0.5676100000000001
59093,0.568063
59094,0.568516
59095,0.5689690000000001
59096,0.569422
59097,0.569875
59098,0.5703280000000001
59099,0.570781
59100,0.571234
59101,0.5716870000000001
59102,0.5721400000000001
59103,0.572593
59104,0.573046
59105,0.573499
59106,0.573952
59107,0.574405
59108,0.5748580000000001
59109,0.575311
59110,0.575764
59111,0.576217
59112,0.57667
59113,0.577123
59114,0.5775760000000001
59115,0.578029
59116,0.578482
59117,0.578935
59118,0.579388
59119,0.579841
59120,0.5802940000000001
59121,0.580747
59122,0.5812
59123,0.581653
59124,0.582106
59125,0.582559
59126,0.5830120000000001
59127,0.583465
59128,0.583918
59129,0.584371
59130,0.584824
59131,0.585277
59132,0.5857300000000001
59133,0.586183
59134,0.586636
59135,0.587089
59136,0.587542
59137,0.587995
59138,0.5884480000000001
59139,0.588901
59140,0.589354
59141,0.589807
59142,0.59026
59143,0.590713
59144,0.5911660000000001
59145,0.591619
59146,0.592072
59147,0.592525
59148,0.592978
59149,0.593431
59150,0.5938840000000001
59151,0.594337
59152,0.59479
59153,0.595243
59154,0.595696
59155,0.596149
59156,0.5966020000000001
59157,0.597055
59158,0.597508
59159,0.597961
59160,0.598414
59161,0.598867
59162,0.5993200000000001
59163,0.599773
59164,0.600226
59165,0.600679
59166,0.601132
59167,0.601585
59168,0.6020380000000001
59169,0.602491
59170,0.602944
59171,0.603397
59172,0.60385
59173,0.604303
59174,0.4
59175,0.40122
59176,0.40244
59177,0.40366
59178,0.40488
59179,0.4061
59180,0.40732
59181,0.40854
59182,0.40976
59183,0.41098
59184,0.4122
59185,0.41342
59186,0.41464
59187,0.41586
59188,0.41708
59189,0.4183
59190,0.41952
59191,0.42074
59192,0.42196
59193,0.42318
59194,0.4244
59195,0.42562
59196,0.42684
59197,0.42806
59198,0.42928
59199,0.4305
59200,0.43172
59201,0.43294
59202,0.43416
59203,0.43538000000000004
59204,0.43660000000000004
59205,0.43782000000000004
59206,0.43904000000000004
59207,0.44026000000000004
59208,0.44148000000000004
59209,0.44270000000000004
59210,0.44392000000000004
59211,0.44514000000000004
59212,0.44636000000000003
59213,0.44758000000000003
59214,0.44880000000000003
59215,0.45002000000000003
59216,0.45124000000000003
59217,0.45246000000000003
59218,0.45368
59219,0.4549
59220,0.45612
59221,0.45734
59222,0.45856
59223,0.45978
59224,0.461
59225,0.46222
59226,0.46344
59227,0.46466
59228,0.46588
59229,0.4671
59230,0.46832
59231,0.46954
59232,0.47076
59233,0.47198
59234,0.4732
59235,0.47442
59236,0.47564
59237,0.47686
59238,0.47808
59239,0.4793
59240,0.48052
59241,0.48174
59242,0.48296
59243,0.48418
59244,0.4854
59245,0.48662000000000005
59246,0.48784000000000005
59247,0.48906000000000005
59248,0.49028000000000005
59249,0.49150000000000005
59250,0.49272000000000005
59251,0.49394000000000005
59252,0.49516000000000004
59253,0.49638000000000004
59254,0.49760000000000004
59255,0.49882000000000004
59256,0.50004
59257,0.50126
59258,0.50248
59259,0.5037
59260,0.50492
59261,0.50614
59262,0.50736
59263,0.50858
59264,0.5098
59265,0.51102
59266,0.51224
59267,0.51346
59268,0.51468
59269,0.5159
59270,0.51712
59271,0.51834
59272,0.51956
59273,0.52078
59274,0.522
59275,0.52322
59276,0.52444
59277,0.52566
59278,0.52688
59279,0.5281
59280,0.52932
59281,0.53054
59282,0.53176
59283,0.53298
59284,0.5342
59285,0.53542
59286,0.53664
59287,0.53786
59288,0.53908
59289,0.5403
59290,0.54152
59291,0.54274
59292,0.54396
59293,0.54518
59294,0.5464
59295,0.54762
59296,0.54884
59297,0.55006
59298,0.55128
59299,0.5525
59300,0.55372
59301,0.55494
59302,0.55616
59303,0.55738
59304,0.5586
59305,0.55982
59306,0.56104
59307,0.56226
59308,0.56348
59309,0.5647
59310,0.56592
59311,0.56714
59312,0.56836
59313,0.56958
59314,0.5708
59315,0.57202
59316,0.57324
59317,0.57446
59318,0.57568
59319,0.5769
59320,0.57812
59321,0.57934
59322,0.58056
59323,0.58178
59324,0.583
59325,0.58422
59326,0.58544
59327,0.58666
59328,0.58788
59329,0.5891
59330,0.59032
59331,0.59154
59332,0.59276
59333,0.59398
59334,0.5952
59335,0.59642
59336,0.59764
59337,0.59886
59338,0.60008
59339,0.6013
59340,0.60252
59341,0.60374
59342,0.60496
59343,0.60618
59344,0.6074
59345,0.4
59346,0.4011
59347,0.4022
59348,0.40330000000000005
59349,0.40440000000000004
59350,0.4055
59351,0.4066
59352,0.4077
59353,0.4088
59354,0.40990000000000004
59355,0.41100000000000003
59356,0.4121
59357,0.4132
59358,0.4143
59359,0.41540000000000005
59360,0.41650000000000004
59361,0.4176
59362,0.4187
59363,0.4198
59364,0.42090000000000005
59365,0.42200000000000004
59366,0.42310000000000003
59367,0.4242
59368,0.4253
59369,0.4264
59370,0.42750000000000005
59371,0.42860000000000004
59372,0.4297
59373,0.4308
59374,0.4319
59375,0.43300000000000005
59376,0.43410000000000004
59377,0.43520000000000003
59378,0.4363
59379,0.4374
59380,0.4385
59381,0.43960000000000005
59382,0.44070000000000004
59383,0.4418
59384,0.4429
59385,0.444
59386,0.44510000000000005
59387,0.44620000000000004
59388,0.44730000000000003
59389,0.4484
59390,0.4495
59391,0.4506
59392,0.45170000000000005
59393,0.45280000000000004
59394,0.4539
59395,0.455
59396,0.4561
59397,0.45720000000000005
59398,0.45830000000000004
59399,0.45940000000000003
59400,0.4605
59401,0.4616
59402,0.4627
59403,0.46380000000000005
59404,0.46490000000000004
59405,0.466
59406,0.4671
59407,0.46820000000000006
59408,0.46930000000000005
59409,0.47040000000000004
59410,0.47150000000000003
59411,0.4726
59412,0.4737
59413,0.4748
59414,0.47590000000000005
59415,0.47700000000000004
59416,0.4781
59417,0.4792
59418,0.48030000000000006
59419,0.48140000000000005
59420,0.48250000000000004
59421,0.48360000000000003
59422,0.4847
59423,0.4858
59424,0.4869
59425,0.48800000000000004
59426,0.48910000000000003
59427,0.4902
59428,0.4913
59429,0.49240000000000006
59430,0.49350000000000005
59431,0.49460000000000004
59432,0.49570000000000003
59433,0.4968
59434,0.4979
59435,0.499
59436,0.5001
59437,0.5012000000000001
59438,0.5023
59439,0.5034000000000001
59440,0.5045000000000001
59441,0.5056
59442,0.5067
59443,0.5078
59444,0.5089
59445,0.51
59446,0.5111
59447,0.5122
59448,0.5133000000000001
59449,0.5144
59450,0.5155000000000001
59451,0.5166000000000001
59452,0.5177
59453,0.5188
59454,0.5199
59455,0.521
59456,0.5221
59457,0.5232
59458,0.5243
59459,0.5254000000000001
59460,0.5265
59461,0.5276000000000001
59462,0.5287000000000001
59463,0.5298
59464,0.5309
59465,0.532
59466,0.5331
59467,0.5342
59468,0.5353
59469,0.5364
59470,0.5375000000000001
59471,0.5386
59472,0.5397000000000001
59473,0.5408000000000001
59474,0.5419
59475,0.543
59476,0.5441
59477,0.5452
59478,0.5463
59479,0.5474
59480,0.5485
59481,0.5496000000000001
59482,0.5507
59483,0.5518000000000001
59484,0.5529000000000001
59485,0.554
59486,0.5551
59487,0.5562
59488,0.5573
59489,0.5584
59490,0.5595
59491,0.5606
59492,0.5617000000000001
59493,0.5628
59494,0.5639000000000001
59495,0.5650000000000001
59496,0.5661
59497,0.5672
59498,0.5683
59499,0.5694
59500,0.5705
59501,0.5716
59502,0.5727
59503,0.5738000000000001
59504,0.5749
59505,0.5760000000000001
59506,0.5771000000000001
59507,0.5782
59508,0.5793
59509,0.5804
59510,0.5815
59511,0.5826
59512,0.5837
59513,0.5848
59514,0.5859000000000001
59515,0.587
59516,0.5881000000000001
59517,0.5892000000000001
59518,0.5903
59519,0.5914
59520,0.5925
59521,0.5936
59522,0.5947
59523,0.5958
59524,0.5969
59525,0.5980000000000001
59526,0.5991
59527,0.6002000000000001
59528,0.6013000000000001
59529,0.6024
59530,0.6035
59531,0.6046
59532,0.6057
59533,0.6068
59534,0.6079
59535,0.609
59536,0.6101000000000001
59537,0.6112
59538,0.6123000000000001
59539,0.6134000000000001
59540,0.6145
59541,0.6156
59542,0.6167
59543,0.6178
59544,0.6189
59545,0.62
59546,0.6211
59547,0.4
59548,0.401079
59549,0.402158
59550,0.403237
59551,0.404316
59552,0.405395
59553,0.406474
59554,0.407553
59555,0.408632
59556,0.40971100000000005
59557,0.41079000000000004
59558,0.41186900000000004
59559,0.41294800000000004
59560,0.41402700000000003
59561,0.41510600000000003
59562,0.416185
59563,0.417264
59564,0.418343
59565,0.419422
59566,0.420501
59567,0.42158
59568,0.422659
59569,0.423738
59570,0.424817
59571,0.42589600000000005
59572,0.42697500000000005
59573,0.42805400000000005
59574,0.42913300000000004
59575,0.43021200000000004
59576,0.43129100000000004
59577,0.43237000000000003
59578,0.43344900000000003
59579,0.434528
59580,0.435607
59581,0.436686
59582,0.437765
59583,0.438844
59584,0.439923
59585,0.441002
59586,0.44208100000000006
59587,0.44316
59588,0.44423900000000005
59589,0.44531800000000005
59590,0.44639700000000004
59591,0.44747600000000004
59592,0.44855500000000004
59593,0.44963400000000003
59594,0.45071300000000003
59595,0.451792
59596,0.452871
59597,0.45395
59598,0.455029
59599,0.456108
59600,0.457187
59601,0.458266
59602,0.459345
59603,0.46042400000000006
59604,0.461503
59605,0.46258200000000005
59606,0.46366100000000005
59607,0.46474000000000004
59608,0.46581900000000004
59609,0.46689800000000004
59610,0.46797700000000003
59611,0.46905600000000003
59612,0.470135
59613,0.471214
59614,0.472293
59615,0.473372
59616,0.474451
59617,0.47553
59618,0.47660900000000006
59619,0.477688
59620,0.47876700000000005
59621,0.479846
59622,0.48092500000000005
59623,0.48200400000000004
59624,0.48308300000000004
59625,0.48416200000000004
59626,0.48524100000000003
59627,0.48632000000000003
59628,0.487399
59629,0.488478
59630,0.489557
59631,0.490636
59632,0.491715
59633,0.49279400000000007
59634,0.493873
59635,0.49495200000000006
59636,0.496031
59637,0.49711000000000005
59638,0.49818900000000005
59639,0.49926800000000005
59640,0.500347
59641,0.501426
59642,0.502505
59643,0.503584
59644,0.5046630000000001
59645,0.505742
59646,0.5068210000000001
59647,0.5079
59648,0.5089790000000001
59649,0.510058
59650,0.5111370000000001
59651,0.512216
59652,0.5132950000000001
59653,0.514374
59654,0.515453
59655,0.516532
59656,0.517611
59657,0.5186900000000001
59658,0.519769
59659,0.520848
59660,0.521927
59661,0.5230060000000001
59662,0.4
59663,0.400687
59664,0.401374
59665,0.402061
59666,0.402748
59667,0.40343500000000004
59668,0.40412200000000004
59669,0.40480900000000003
59670,0.405496
59671,0.406183
59672,0.40687
59673,0.407557
59674,0.408244
59675,0.40893100000000004
59676,0.40961800000000004
59677,0.41030500000000003
59678,0.410992
59679,0.411679
59680,0.412366
59681,0.413053
59682,0.41374
59683,0.41442700000000005
59684,0.41511400000000004
59685,0.41580100000000003
59686,0.416488
59687,0.417175
59688,0.417862
59689,0.418549
59690,0.419236
59691,0.41992300000000005
59692,0.42061000000000004
59693,0.42129700000000003
59694,0.421984
59695,0.422671
59696,0.423358
59697,0.424045
59698,0.424732
59699,0.42541900000000005
59700,0.42610600000000004
59701,0.42679300000000003
59702,0.42748
59703,0.428167
59704,0.428854
59705,0.429541
59706,0.430228
59707,0.43091500000000005
59708,0.43160200000000004
59709,0.43228900000000003
59710,0.432976
59711,0.433663
59712,0.43435
59713,0.435037
59714,0.435724
59715,0.436411
59716,0.43709800000000004
59717,0.43778500000000004
59718,0.43847200000000003
59719,0.439159
59720,0.439846
59721,0.440533
59722,0.44122
59723,0.44190700000000005
59724,0.44259400000000004
59725,0.44328100000000004
59726,0.44396800000000003
59727,0.444655
59728,0.445342
59729,0.446029
59730,0.446716
59731,0.447403
59732,0.44809000000000004
59733,0.44877700000000004
59734,0.44946400000000003
59735,0.450151
59736,0.450838
59737,0.451525
59738,0.452212
59739,0.45289900000000005
59740,0.45358600000000004
59741,0.45427300000000004
59742,0.45496000000000003
59743,0.455647
59744,0.456334
59745,0.457021
59746,0.457708
59747,0.458395
59748,0.45908200000000005
59749,0.45976900000000004
59750,0.46045600000000003
59751,0.461143
59752,0.46183
59753,0.462517
59754,0.463204
59755,0.46389100000000005
59756,0.46457800000000005
59757,0.46526500000000004
59758,0.46595200000000003
59759,0.466639
59760,0.467326
59761,0.468013
59762,0.4687
59763,0.469387
59764,0.470074
59765,0.47076100000000004
59766,0.47144800000000003
59767,0.472135
59768,0.472822
59769,0.473509
59770,0.474196
59771,0.47488300000000006
59772,0.47557000000000005
59773,0.47625700000000004
59774,0.47694400000000003
59775,0.47763100000000003
59776,0.478318
59777,0.479005
59778,0.479692
59779,0.480379
59780,0.481066
59781,0.48175300000000004
59782,0.48244000000000004
59783,0.48312700000000003
59784,0.483814
59785,0.484501
59786,0.485188
59787,0.48587500000000006
59788,0.48656200000000005
59789,0.48724900000000004
59790,0.48793600000000004
59791,0.48862300000000003
59792,0.48931
59793,0.489997
59794,0.490684
59795,0.491371
59796,0.492058
59797,0.492745
59798,0.49343200000000004
59799,0.49411900000000003
59800,0.494806
59801,0.495493
59802,0.49618
59803,0.496867
59804,0.49755400000000005
59805,0.49824100000000004
59806,0.49892800000000004
59807,0.49961500000000003
59808,0.500302
59809,0.500989
59810,0.501676
59811,0.502363
59812,0.50305
59813,0.503737
59814,0.504424
59815,0.505111
59816,0.505798
59817,0.5064850000000001
59818,0.5071720000000001
59819,0.5078590000000001
59820,0.508546
59821,0.509233
59822,0.50992
59823,0.510607
59824,0.511294
59825,0.511981
59826,0.512668
59827,0.513355
59828,0.514042
59829,0.514729
59830,0.515416
59831,0.516103
59832,0.5167900000000001
59833,0.517477
59834,0.5181640000000001
59835,0.5188510000000001
59836,0.519538
59837,0.520225
59838,0.520912
59839,0.521599
59840,0.522286
59841,0.522973
59842,0.52366
59843,0.524347
59844,0.525034
59845,0.525721
59846,0.526408
59847,0.5270950000000001
59848,0.527782
59849,0.5284690000000001
59850,0.529156
59851,0.5298430000000001
59852,0.5305300000000001
59853,0.531217
59854,0.531904
59855,0.532591
59856,0.533278
59857,0.533965
59858,0.534652
59859,0.535339
59860,0.536026
59861,0.536713
59862,0.5374
59863,0.538087
59864,0.5387740000000001
59865,0.539461
59866,0.5401480000000001
59867,0.540835
59868,0.5415220000000001
59869,0.542209
59870,0.542896
59871,0.543583
59872,0.54427
59873,0.544957
59874,0.545644
59875,0.546331
59876,0.547018
59877,0.547705
59878,0.548392
59879,0.549079
59880,0.549766
59881,0.5504530000000001
59882,0.55114
59883,0.5518270000000001
59884,0.5525140000000001
59885,0.553201
59886,0.553888
59887,0.554575
59888,0.555262
59889,0.555949
59890,0.556636
59891,0.557323
59892,0.55801
59893,0.558697
59894,0.559384
59895,0.560071
59896,0.5607580000000001
59897,0.561445
59898,0.5621320000000001
59899,0.562819
59900,0.5635060000000001
59901,0.5641930000000001
59902,0.56488
59903,0.565567
59904,0.566254
59905,0.566941
59906,0.567628
59907,0.568315
59908,0.569002
59909,0.569689
59910,0.570376
59911,0.571063
59912,0.57175
59913,0.5724370000000001
59914,0.573124
59915,0.5738110000000001
59916,0.5744980000000001
59917,0.5751850000000001
59918,0.575872
59919,0.576559
59920,0.577246
59921,0.577933
59922,0.57862
59923,0.579307
59924,0.579994
59925,0.580681
59926,0.581368
59927,0.582055
59928,0.582742
59929,0.583429
59930,0.4
59931,0.401351
59932,0.402702
59933,0.404053
59934,0.40540400000000004
59935,0.40675500000000003
59936,0.408106
59937,0.409457
59938,0.410808
59939,0.412159
59940,0.41351000000000004
59941,0.41486100000000004
59942,0.416212
59943,0.417563
59944,0.418914
59945,0.420265
59946,0.42161600000000005
59947,0.42296700000000004
59948,0.42431800000000003
59949,0.425669
59950,0.42702
59951,0.428371
59952,0.42972200000000005
59953,0.43107300000000004
59954,0.43242400000000003
59955,0.433775
59956,0.435126
59957,0.436477
59958,0.437828
59959,0.43917900000000004
59960,0.44053000000000003
59961,0.441881
59962,0.443232
59963,0.444583
59964,0.44593400000000005
59965,0.44728500000000004
59966,0.44863600000000003
59967,0.449987
59968,0.451338
59969,0.452689
59970,0.45404
59971,0.45539100000000005
59972,0.45674200000000004
59973,0.45809300000000003
59974,0.459444
59975,0.460795
59976,0.462146
59977,0.46349700000000005
59978,0.46484800000000004
59979,0.46619900000000003
59980,0.46755
59981,0.468901
59982,0.470252
59983,0.471603
59984,0.47295400000000004
59985,0.47430500000000003
59986,0.475656
59987,0.477007
59988,0.478358
59989,0.47970900000000005
59990,0.48106000000000004
59991,0.48241100000000003
59992,0.483762
59993,0.485113
59994,0.486464
59995,0.487815
59996,0.489166
59997,0.49051700000000004
59998,0.491868
59999,0.493219
60000,0.49457
