filename,base_epsilon,compression_ratio_base_only,compression_ratio,compression_time,decompression_time,rmse,inference_time,dataset,dimension,model,preprocessing,window_length,cycles,batch_size,split,compressed
data/BeijingPM10Quality_TRAIN_dim0_INTERPOLATION.csv,,,,,,12.227750778198242,632.3168547000969,BeijingPM10Quality,0,InceptionTime,INTERPOLATION,100,50,16,train,False
data/BeijingPM10Quality_TEST_dim0_INTERPOLATION.csv,0.0,1.0,1.0,0.0,0.0,15.372829230205657,2.2217043000273407,BeijingPM10Quality,0,InceptionTime,INTERPOLATION,100,50,16,test,False
BeijingPM10Quality_TEST_dim0_INTERPOLATION_e0_eb1.0_decompressed.csv,1.0,13.650616847399023,8.753949457028396,931.0,303.0,15.462559140314395,2.149816800025292,BeijingPM10Quality,0,InceptionTime,INTERPOLATION,100,50,16,test,True
BeijingPM10Quality_TEST_dim0_INTERPOLATION_e0_eb2.0_decompressed.csv,2.0,17.27074116418949,8.63322482854587,764.0,193.0,15.625300578689489,2.080187299987301,BeijingPM10Quality,0,InceptionTime,INTERPOLATION,100,50,16,test,True
data/BeijingPM10Quality_TRAIN_dim0_INTERPOLATION.csv,,,,,,13.964486122131348,52.28945500007831,BeijingPM10Quality,0,MLP,INTERPOLATION,100,50,16,train,False
data/BeijingPM10Quality_TEST_dim0_INTERPOLATION.csv,0.0,1.0,1.0,0.0,0.0,14.678686064173874,0.1237986999331042,BeijingPM10Quality,0,MLP,INTERPOLATION,100,50,16,test,False
BeijingPM10Quality_TEST_dim0_INTERPOLATION_e0_eb1.0_decompressed.csv,1.0,13.650616847399023,8.753949457028396,784.0,318.0,15.29465816669373,0.1635898998938501,BeijingPM10Quality,0,MLP,INTERPOLATION,100,50,16,test,True
BeijingPM10Quality_TEST_dim0_INTERPOLATION_e0_eb2.0_decompressed.csv,2.0,17.27074116418949,8.63322482854587,845.0,179.0,16.14198351348173,0.1199441000353545,BeijingPM10Quality,0,MLP,INTERPOLATION,100,50,16,test,True
data/BeijingPM10Quality_TRAIN_dim1_INTERPOLATION.csv,,,,,,56.49968338012695,645.0542957000434,BeijingPM10Quality,1,InceptionTime,INTERPOLATION,100,50,16,train,False
data/BeijingPM10Quality_TEST_dim1_INTERPOLATION.csv,0.0,1.0,1.0,0.0,0.0,56.53129553461871,2.1811492000706494,BeijingPM10Quality,1,InceptionTime,INTERPOLATION,100,50,16,test,False
BeijingPM10Quality_TEST_dim1_INTERPOLATION_e0_eb1.0_decompressed.csv,1.0,9.369957956427571,7.988963479545504,1098.0,356.0,56.48839867343552,2.200843999977224,BeijingPM10Quality,1,InceptionTime,INTERPOLATION,100,50,16,test,True
BeijingPM10Quality_TEST_dim1_INTERPOLATION_e0_eb2.0_decompressed.csv,2.0,10.209167383880729,7.6721051533486335,1084.0,329.0,56.43666529171095,2.076516899978742,BeijingPM10Quality,1,InceptionTime,INTERPOLATION,100,50,16,test,True
BeijingPM10Quality_TEST_dim1_INTERPOLATION_e0_eb4.0_decompressed.csv,4.0,11.41007819287576,7.506869449831581,902.0,325.0,56.38236954477277,2.024536499986425,BeijingPM10Quality,1,InceptionTime,INTERPOLATION,100,50,16,test,True
BeijingPM10Quality_TEST_dim1_INTERPOLATION_e0_eb8.0_decompressed.csv,8.0,14.069635751453934,7.19926387094248,987.0,175.0,56.175457220149845,2.2007606000406668,BeijingPM10Quality,1,InceptionTime,INTERPOLATION,100,50,16,test,True
data/BeijingPM10Quality_TRAIN_dim1_INTERPOLATION.csv,,,,,,33.346126556396484,52.22334400005639,BeijingPM10Quality,1,MLP,INTERPOLATION,100,50,16,train,False
data/BeijingPM10Quality_TEST_dim1_INTERPOLATION.csv,0.0,1.0,1.0,0.0,0.0,33.90029213447901,0.1227721000323072,BeijingPM10Quality,1,MLP,INTERPOLATION,100,50,16,test,False
BeijingPM10Quality_TEST_dim1_INTERPOLATION_e0_eb1.0_decompressed.csv,1.0,9.369957956427571,7.988963479545504,1026.0,181.0,33.92365282878441,0.1316689000232145,BeijingPM10Quality,1,MLP,INTERPOLATION,100,50,16,test,True
BeijingPM10Quality_TEST_dim1_INTERPOLATION_e0_eb2.0_decompressed.csv,2.0,10.209167383880729,7.6721051533486335,1078.0,328.0,33.89612008373209,0.1345332000637427,BeijingPM10Quality,1,MLP,INTERPOLATION,100,50,16,test,True
BeijingPM10Quality_TEST_dim1_INTERPOLATION_e0_eb4.0_decompressed.csv,4.0,11.41007819287576,7.506869449831581,889.0,330.0,33.89950013927045,0.1264173999661579,BeijingPM10Quality,1,MLP,INTERPOLATION,100,50,16,test,True
BeijingPM10Quality_TEST_dim1_INTERPOLATION_e0_eb8.0_decompressed.csv,8.0,14.069635751453934,7.19926387094248,941.0,180.0,33.739778625404405,0.1212042000843212,BeijingPM10Quality,1,MLP,INTERPOLATION,100,50,16,test,True
data/BeijingPM10Quality_TRAIN_dim2_INTERPOLATION.csv,,,,,,1783.901123046875,648.3286147000035,BeijingPM10Quality,2,InceptionTime,INTERPOLATION,100,50,16,train,False
data/BeijingPM10Quality_TEST_dim2_INTERPOLATION.csv,0.0,1.0,1.0,0.0,0.0,1703.711656991908,2.178368699969724,BeijingPM10Quality,2,InceptionTime,INTERPOLATION,100,50,16,test,False
BeijingPM10Quality_TEST_dim2_INTERPOLATION_e0_eb128.0_decompressed.csv,128.0,15.068821153139918,7.607750069528135,828.0,165.0,1700.0665793239216,2.2345662999432534,BeijingPM10Quality,2,InceptionTime,INTERPOLATION,100,50,16,test,True
BeijingPM10Quality_TEST_dim2_INTERPOLATION_e0_eb256.0_decompressed.csv,256.0,22.15691992008208,6.602581018890999,868.0,321.0,1695.9598392393534,2.0283522999379784,BeijingPM10Quality,2,InceptionTime,INTERPOLATION,100,50,16,test,True
BeijingPM10Quality_TEST_dim2_INTERPOLATION_e0_eb32.0_decompressed.csv,32.0,11.420412480169222,8.561794470526864,1097.0,318.0,1702.3227082587268,2.043659400078468,BeijingPM10Quality,2,InceptionTime,INTERPOLATION,100,50,16,test,True
BeijingPM10Quality_TEST_dim2_INTERPOLATION_e0_eb64.0_decompressed.csv,64.0,12.384148733890685,8.110131636162391,911.0,306.0,1700.85942784978,2.2540941999759525,BeijingPM10Quality,2,InceptionTime,INTERPOLATION,100,50,16,test,True
data/BeijingPM10Quality_TRAIN_dim2_INTERPOLATION.csv,,,,,,1671.4500732421875,52.75138000003062,BeijingPM10Quality,2,MLP,INTERPOLATION,100,50,16,train,False
data/BeijingPM10Quality_TEST_dim2_INTERPOLATION.csv,0.0,1.0,1.0,0.0,0.0,1589.927271809243,0.1372810999164357,BeijingPM10Quality,2,MLP,INTERPOLATION,100,50,16,test,False
BeijingPM10Quality_TEST_dim2_INTERPOLATION_e0_eb128.0_decompressed.csv,128.0,15.068821153139918,7.607750069528135,940.0,300.0,1586.3410916998355,0.1259391000494361,BeijingPM10Quality,2,MLP,INTERPOLATION,100,50,16,test,True
BeijingPM10Quality_TEST_dim2_INTERPOLATION_e0_eb256.0_decompressed.csv,256.0,22.15691992008208,6.602581018890999,722.0,618.0,1581.0918765047024,0.1283852000487968,BeijingPM10Quality,2,MLP,INTERPOLATION,100,50,16,test,True
BeijingPM10Quality_TEST_dim2_INTERPOLATION_e0_eb32.0_decompressed.csv,32.0,11.420412480169222,8.561794470526864,980.0,199.0,1588.7647968355611,0.1269521000795066,BeijingPM10Quality,2,MLP,INTERPOLATION,100,50,16,test,True
BeijingPM10Quality_TEST_dim2_INTERPOLATION_e0_eb64.0_decompressed.csv,64.0,12.384148733890685,8.110131636162391,1022.0,321.0,1587.4261370540023,0.1263732999796047,BeijingPM10Quality,2,MLP,INTERPOLATION,100,50,16,test,True
data/BeijingPM10Quality_TRAIN_dim3_INTERPOLATION.csv,,,,,,43.40983963012695,640.365762499976,BeijingPM10Quality,3,InceptionTime,INTERPOLATION,100,50,16,train,False
data/BeijingPM10Quality_TEST_dim3_INTERPOLATION.csv,0.0,1.0,1.0,0.0,0.0,37.59006783036809,2.111110199941322,BeijingPM10Quality,3,InceptionTime,INTERPOLATION,100,50,16,test,False
BeijingPM10Quality_TEST_dim3_INTERPOLATION_e0_eb2.0_decompressed.csv,2.0,10.564016972716214,7.72347217516517,897.0,348.0,37.75232241015605,2.1464484001044184,BeijingPM10Quality,3,InceptionTime,INTERPOLATION,100,50,16,test,True
BeijingPM10Quality_TEST_dim3_INTERPOLATION_e0_eb4.0_decompressed.csv,4.0,11.98991617357002,7.274442051097948,864.0,173.0,39.248520392144414,2.055832599988207,BeijingPM10Quality,3,InceptionTime,INTERPOLATION,100,50,16,test,True
BeijingPM10Quality_TEST_dim3_INTERPOLATION_e0_eb8.0_decompressed.csv,8.0,15.04550985892253,6.858337564167654,917.0,162.0,44.59761257393753,1.970262800110504,BeijingPM10Quality,3,InceptionTime,INTERPOLATION,100,50,16,test,True
data/BeijingPM10Quality_TRAIN_dim3_INTERPOLATION.csv,,,,,,46.20612716674805,57.76030780002475,BeijingPM10Quality,3,MLP,INTERPOLATION,100,50,16,train,False
data/BeijingPM10Quality_TEST_dim3_INTERPOLATION.csv,0.0,1.0,1.0,0.0,0.0,43.48596214578256,0.1655158000066876,BeijingPM10Quality,3,MLP,INTERPOLATION,100,50,16,test,False
BeijingPM10Quality_TEST_dim3_INTERPOLATION_e0_eb2.0_decompressed.csv,2.0,10.564016972716214,7.72347217516517,1095.0,336.0,43.22512140760032,0.1307566000614315,BeijingPM10Quality,3,MLP,INTERPOLATION,100,50,16,test,True
BeijingPM10Quality_TEST_dim3_INTERPOLATION_e0_eb4.0_decompressed.csv,4.0,11.98991617357002,7.274442051097948,1023.0,180.0,44.71501846815188,0.1264535000082105,BeijingPM10Quality,3,MLP,INTERPOLATION,100,50,16,test,True
BeijingPM10Quality_TEST_dim3_INTERPOLATION_e0_eb8.0_decompressed.csv,8.0,15.04550985892253,6.858337564167654,911.0,287.0,49.89810415138531,0.1307259999448433,BeijingPM10Quality,3,MLP,INTERPOLATION,100,50,16,test,True
data/HouseholdPowerConsumption1_TRAIN_dim0_INTERPOLATION.csv,,,,,,2.953852891921997,757.7614589000004,HouseholdPowerConsumption1,0,FCN,INTERPOLATION,100,50,16,train,False
data/HouseholdPowerConsumption1_TEST_dim0_INTERPOLATION.csv,0.0,1.0,1.0,0.0,0.0,3.479448242655784,4.599636800005101,HouseholdPowerConsumption1,0,FCN,INTERPOLATION,100,50,16,test,False
HouseholdPowerConsumption1_TEST_dim0_INTERPOLATION_e0_eb16.0_decompressed.csv,16.0,233817.8095238096,13.24893351213813,1319.0,1171.0,0.9484327894251822,3.8892173999920487,HouseholdPowerConsumption1,0,FCN,INTERPOLATION,100,50,16,test,True
HouseholdPowerConsumption1_TEST_dim0_INTERPOLATION_e0_eb32.0_decompressed.csv,32.0,377705.6923076923,13.939075246574731,1476.0,1402.0,16.136062622070312,3.7241361000051256,HouseholdPowerConsumption1,0,FCN,INTERPOLATION,100,50,16,test,True
HouseholdPowerConsumption1_TEST_dim0_INTERPOLATION_e0_eb4.0_decompressed.csv,4.0,735.0559880239521,5.433146997379789,1765.0,1343.0,3.2160516414473497,4.296023800008697,HouseholdPowerConsumption1,0,FCN,INTERPOLATION,100,50,16,test,True
HouseholdPowerConsumption1_TEST_dim0_INTERPOLATION_e0_eb8.0_decompressed.csv,8.0,5306.384005763689,6.364781064475151,1512.0,1684.0,2.825507383587161,4.041732099984074,HouseholdPowerConsumption1,0,FCN,INTERPOLATION,100,50,16,test,True
data/HouseholdPowerConsumption1_TRAIN_dim0_INTERPOLATION.csv,,,,,,2.9584555625915527,2759.6699615999823,HouseholdPowerConsumption1,0,InceptionTime,INTERPOLATION,100,50,16,train,False
data/HouseholdPowerConsumption1_TEST_dim0_INTERPOLATION.csv,0.0,1.0,1.0,0.0,0.0,3.4862364741953926,28.14287510002032,HouseholdPowerConsumption1,0,InceptionTime,INTERPOLATION,100,50,16,test,False
HouseholdPowerConsumption1_TEST_dim0_INTERPOLATION_e0_eb16.0_decompressed.csv,16.0,233817.8095238096,13.24893351213813,1402.0,1906.0,0.951153253369836,26.109602199983783,HouseholdPowerConsumption1,0,InceptionTime,INTERPOLATION,100,50,16,test,True
HouseholdPowerConsumption1_TEST_dim0_INTERPOLATION_e0_eb32.0_decompressed.csv,32.0,377705.6923076923,13.939075246574731,1505.0,1474.0,16.14862060546875,31.374995699967258,HouseholdPowerConsumption1,0,InceptionTime,INTERPOLATION,100,50,16,test,True
HouseholdPowerConsumption1_TEST_dim0_INTERPOLATION_e0_eb4.0_decompressed.csv,4.0,735.0559880239521,5.433146997379789,1724.0,1349.0,3.222361063133603,29.092853800044395,HouseholdPowerConsumption1,0,InceptionTime,INTERPOLATION,100,50,16,test,True
HouseholdPowerConsumption1_TEST_dim0_INTERPOLATION_e0_eb8.0_decompressed.csv,8.0,5306.384005763689,6.364781064475151,1880.0,1766.0,2.830164262860627,27.757269600057043,HouseholdPowerConsumption1,0,InceptionTime,INTERPOLATION,100,50,16,test,True
data/HouseholdPowerConsumption1_TRAIN_dim0_KNN.csv,,,,,,2.955251693725586,2853.737341200001,HouseholdPowerConsumption1,0,InceptionTime,KNN,100,50,16,train,False
data/HouseholdPowerConsumption1_TEST_dim0_KNN.csv,0.0,1.0,1.0,0.0,0.0,3.468719235085886,22.77084080001805,HouseholdPowerConsumption1,0,InceptionTime,KNN,100,50,16,test,False
HouseholdPowerConsumption1_TEST_dim0_KNN_e0_eb16.0_decompressed.csv,16.0,233713.2063492064,13.99854157416818,1871.0,1439.0,0.949245700167556,21.43055240006652,HouseholdPowerConsumption1,0,InceptionTime,KNN,100,50,16,test,True
HouseholdPowerConsumption1_TEST_dim0_KNN_e0_eb32.0_decompressed.csv,32.0,377536.71794871794,14.796330444866731,2220.0,1290.0,16.139892578125,20.793950599967506,HouseholdPowerConsumption1,0,InceptionTime,KNN,100,50,16,test,True
HouseholdPowerConsumption1_TEST_dim0_KNN_e0_eb4.0_decompressed.csv,4.0,734.9105066134265,5.4786010228704,1794.0,1335.0,3.200435812783686,22.968570500030182,HouseholdPowerConsumption1,0,InceptionTime,KNN,100,50,16,test,True
HouseholdPowerConsumption1_TEST_dim0_KNN_e0_eb8.0_decompressed.csv,8.0,5304.010086455332,6.476020492538732,1751.0,1616.0,2.8269229447820043,22.089768799953163,HouseholdPowerConsumption1,0,InceptionTime,KNN,100,50,16,test,True
data/HouseholdPowerConsumption1_TRAIN_dim0_MEAN.csv,,,,,,2.9546046257019043,3071.3167592999525,HouseholdPowerConsumption1,0,InceptionTime,MEAN,100,50,16,train,False
data/HouseholdPowerConsumption1_TEST_dim0_MEAN.csv,0.0,1.0,1.0,0.0,0.0,3.5568213221390503,28.36308439995628,HouseholdPowerConsumption1,0,InceptionTime,MEAN,100,50,16,test,False
HouseholdPowerConsumption1_TEST_dim0_MEAN_e0_eb16.0_decompressed.csv,16.0,231899.253968254,13.890632205164092,1287.0,1518.0,0.9488681775879004,26.013281799969263,HouseholdPowerConsumption1,0,InceptionTime,MEAN,100,50,16,test,True
HouseholdPowerConsumption1_TEST_dim0_MEAN_e0_eb32.0_decompressed.csv,32.0,374606.4871794872,14.682551870034722,1446.0,1341.0,16.13812255859375,26.035864699981172,HouseholdPowerConsumption1,0,InceptionTime,MEAN,100,50,16,test,True
HouseholdPowerConsumption1_TEST_dim0_MEAN_e0_eb4.0_decompressed.csv,4.0,722.2490112715049,5.517107214931361,1681.0,1362.0,3.2663835141506232,28.21288010000717,HouseholdPowerConsumption1,0,InceptionTime,MEAN,100,50,16,test,True
HouseholdPowerConsumption1_TEST_dim0_MEAN_e0_eb8.0_decompressed.csv,8.0,5242.071402942232,6.465469545410492,1683.0,1744.0,2.809165066566366,27.60468680004124,HouseholdPowerConsumption1,0,InceptionTime,MEAN,100,50,16,test,True
data/HouseholdPowerConsumption1_TRAIN_dim0_INTERPOLATION.csv,,,,,,3.025521993637085,312.64026420004666,HouseholdPowerConsumption1,0,MLP,INTERPOLATION,100,50,16,train,False
data/HouseholdPowerConsumption1_TEST_dim0_INTERPOLATION.csv,0.0,1.0,1.0,0.0,0.0,3.5816360459173078,1.092931400053203,HouseholdPowerConsumption1,0,MLP,INTERPOLATION,100,50,16,test,False
HouseholdPowerConsumption1_TEST_dim0_INTERPOLATION_e0_eb16.0_decompressed.csv,16.0,233817.8095238096,13.24893351213813,1400.0,1131.0,1.0031283331719267,1.0902452000882477,HouseholdPowerConsumption1,0,MLP,INTERPOLATION,100,50,16,test,True
HouseholdPowerConsumption1_TEST_dim0_INTERPOLATION_e0_eb32.0_decompressed.csv,32.0,377705.6923076923,13.939075246574731,1273.0,1361.0,16.319381713867188,1.0806021000025794,HouseholdPowerConsumption1,0,MLP,INTERPOLATION,100,50,16,test,True
HouseholdPowerConsumption1_TEST_dim0_INTERPOLATION_e0_eb4.0_decompressed.csv,4.0,735.0559880239521,5.433146997379789,1653.0,1461.0,3.311690494591702,1.08386180002708,HouseholdPowerConsumption1,0,MLP,INTERPOLATION,100,50,16,test,True
HouseholdPowerConsumption1_TEST_dim0_INTERPOLATION_e0_eb8.0_decompressed.csv,8.0,5306.384005763689,6.364781064475151,1641.0,1677.0,2.8981493631469504,1.0104850000934675,HouseholdPowerConsumption1,0,MLP,INTERPOLATION,100,50,16,test,True
data/HouseholdPowerConsumption1_TRAIN_dim0_KNN.csv,,,,,,3.1117188930511475,263.097005299991,HouseholdPowerConsumption1,0,MLP,KNN,100,50,16,train,False
data/HouseholdPowerConsumption1_TEST_dim0_KNN.csv,0.0,1.0,1.0,0.0,0.0,3.6850969963863274,0.9196489999303594,HouseholdPowerConsumption1,0,MLP,KNN,100,50,16,test,False
HouseholdPowerConsumption1_TEST_dim0_KNN_e0_eb16.0_decompressed.csv,16.0,233713.2063492064,13.99854157416818,1310.0,1162.0,1.0924026232990198,0.885216600028798,HouseholdPowerConsumption1,0,MLP,KNN,100,50,16,test,True
HouseholdPowerConsumption1_TEST_dim0_KNN_e0_eb32.0_decompressed.csv,32.0,377536.71794871794,14.796330444866731,1424.0,1512.0,16.514175415039062,0.8818645999999717,HouseholdPowerConsumption1,0,MLP,KNN,100,50,16,test,True
HouseholdPowerConsumption1_TEST_dim0_KNN_e0_eb4.0_decompressed.csv,4.0,734.9105066134265,5.4786010228704,1687.0,1694.0,3.403134294422673,0.9319468999747188,HouseholdPowerConsumption1,0,MLP,KNN,100,50,16,test,True
HouseholdPowerConsumption1_TEST_dim0_KNN_e0_eb8.0_decompressed.csv,8.0,5304.010086455332,6.476020492538732,1446.0,1609.0,2.9857546450374666,0.8791212999494746,HouseholdPowerConsumption1,0,MLP,KNN,100,50,16,test,True
data/HouseholdPowerConsumption1_TRAIN_dim1_INTERPOLATION.csv,,,,,,3.4445009231567383,619.8258695999975,HouseholdPowerConsumption1,1,FCN,INTERPOLATION,100,50,16,train,False
data/HouseholdPowerConsumption1_TEST_dim1_INTERPOLATION.csv,0.0,1.0,1.0,0.0,0.0,3.170529417996236,3.6248237999971034,HouseholdPowerConsumption1,1,FCN,INTERPOLATION,100,50,16,test,False
HouseholdPowerConsumption1_TEST_dim1_INTERPOLATION_e0_eb0.0625_decompressed.csv,0.0625,16.835141659219794,14.332594476396451,4655.0,1524.0,3.172200617892285,3.564585599990096,HouseholdPowerConsumption1,1,FCN,INTERPOLATION,100,50,16,test,True
HouseholdPowerConsumption1_TEST_dim1_INTERPOLATION_e0_eb0.125_decompressed.csv,0.125,19.18288227420894,11.439299189624752,4196.0,1657.0,3.1769813117324093,3.4981772999744862,HouseholdPowerConsumption1,1,FCN,INTERPOLATION,100,50,16,test,True
HouseholdPowerConsumption1_TEST_dim1_INTERPOLATION_e0_eb0.25_decompressed.csv,0.25,25.003140598654447,10.87462470639061,3484.0,1497.0,3.18749162478482,3.4496340999903623,HouseholdPowerConsumption1,1,FCN,INTERPOLATION,100,50,16,test,True
HouseholdPowerConsumption1_TEST_dim1_INTERPOLATION_e0_eb0.5_decompressed.csv,0.5,35.747076197863834,8.875600017778305,2917.0,1704.0,4.065278557817689,3.776002200000221,HouseholdPowerConsumption1,1,FCN,INTERPOLATION,100,50,16,test,True
HouseholdPowerConsumption1_TEST_dim1_INTERPOLATION_e0_eb1.0_decompressed.csv,1.0,66.11836151333216,8.929629182466433,2545.0,1268.0,3.864443123748808,3.706815300014569,HouseholdPowerConsumption1,1,FCN,INTERPOLATION,100,50,16,test,True
data/HouseholdPowerConsumption1_TRAIN_dim1_KNN.csv,,,,,,3.4522182941436768,879.380140000023,HouseholdPowerConsumption1,1,FCN,KNN,100,50,16,train,False
data/HouseholdPowerConsumption1_TEST_dim1_KNN.csv,0.0,1.0,1.0,0.0,0.0,3.100627178073699,5.49871549999807,HouseholdPowerConsumption1,1,FCN,KNN,100,50,16,test,False
HouseholdPowerConsumption1_TEST_dim1_KNN_e0_eb0.0625_decompressed.csv,0.0625,16.8312998077939,15.689508756672936,5746.0,1986.0,3.1006481785765514,5.081315499963239,HouseholdPowerConsumption1,1,FCN,KNN,100,50,16,test,True
HouseholdPowerConsumption1_TEST_dim1_KNN_e0_eb0.125_decompressed.csv,0.125,19.175820692922866,12.251423604009,5467.0,2041.0,3.132039366017127,5.111750299925916,HouseholdPowerConsumption1,1,FCN,KNN,100,50,16,test,True
HouseholdPowerConsumption1_TEST_dim1_KNN_e0_eb0.25_decompressed.csv,0.25,24.993619862299187,11.545604370185895,4712.0,1865.0,3.1638763438581177,5.159634100040421,HouseholdPowerConsumption1,1,FCN,KNN,100,50,16,test,True
HouseholdPowerConsumption1_TEST_dim1_KNN_e0_eb0.5_decompressed.csv,0.5,35.73478068919435,9.409337828242524,4183.0,1861.0,4.52775013703775,5.0372128000017256,HouseholdPowerConsumption1,1,FCN,KNN,100,50,16,test,True
HouseholdPowerConsumption1_TEST_dim1_KNN_e0_eb1.0_decompressed.csv,1.0,66.06941472346621,9.385364730068098,5176.0,2300.0,3.903310629261692,5.006387299974449,HouseholdPowerConsumption1,1,FCN,KNN,100,50,16,test,True
data/HouseholdPowerConsumption1_TRAIN_dim1_MEAN.csv,,,,,,3.4351608753204346,893.7129281000234,HouseholdPowerConsumption1,1,FCN,MEAN,100,50,16,train,False
data/HouseholdPowerConsumption1_TEST_dim1_MEAN.csv,0.0,1.0,1.0,0.0,0.0,3.1070919790543505,5.66427189996466,HouseholdPowerConsumption1,1,FCN,MEAN,100,50,16,test,False
HouseholdPowerConsumption1_TEST_dim1_MEAN_e0_eb0.0625_decompressed.csv,0.0625,16.62965627722661,15.51511130922726,4679.0,1587.0,3.107091469210544,5.0936812000582,HouseholdPowerConsumption1,1,FCN,MEAN,100,50,16,test,True
HouseholdPowerConsumption1_TEST_dim1_MEAN_e0_eb0.125_decompressed.csv,0.125,18.94409297560351,12.105299983224016,4172.0,1658.0,3.123521406851606,5.108175200060941,HouseholdPowerConsumption1,1,FCN,MEAN,100,50,16,test,True
HouseholdPowerConsumption1_TEST_dim1_MEAN_e0_eb0.25_decompressed.csv,0.25,24.69140119680518,11.408900372134276,3653.0,1504.0,3.1267569326205997,4.977310399990529,HouseholdPowerConsumption1,1,FCN,MEAN,100,50,16,test,True
HouseholdPowerConsumption1_TEST_dim1_MEAN_e0_eb0.5_decompressed.csv,0.5,35.30133521066259,9.270252147183516,2929.0,1533.0,3.994811805127822,5.008417699951679,HouseholdPowerConsumption1,1,FCN,MEAN,100,50,16,test,True
HouseholdPowerConsumption1_TEST_dim1_MEAN_e0_eb1.0_decompressed.csv,1.0,65.26580630928744,9.34551077332272,2250.0,1435.0,3.756311214919781,5.00758139998652,HouseholdPowerConsumption1,1,FCN,MEAN,100,50,16,test,True
data/HouseholdPowerConsumption1_TRAIN_dim1_INTERPOLATION.csv,,,,,,3.261519432067871,2351.7359090999234,HouseholdPowerConsumption1,1,InceptionTime,INTERPOLATION,100,50,16,train,False
data/HouseholdPowerConsumption1_TEST_dim1_INTERPOLATION.csv,0.0,1.0,1.0,0.0,0.0,3.451677500435413,15.62755279999692,HouseholdPowerConsumption1,1,InceptionTime,INTERPOLATION,100,50,16,test,False
HouseholdPowerConsumption1_TEST_dim1_INTERPOLATION_e0_eb0.0625_decompressed.csv,0.0625,16.835141659219794,14.332594476396451,4622.0,1583.0,3.453285443807651,15.76363840000704,HouseholdPowerConsumption1,1,InceptionTime,INTERPOLATION,100,50,16,test,True
HouseholdPowerConsumption1_TEST_dim1_INTERPOLATION_e0_eb0.125_decompressed.csv,0.125,19.18288227420894,11.439299189624752,4195.0,1564.0,3.446239449433501,15.643134200014174,HouseholdPowerConsumption1,1,InceptionTime,INTERPOLATION,100,50,16,test,True
HouseholdPowerConsumption1_TEST_dim1_INTERPOLATION_e0_eb0.25_decompressed.csv,0.25,25.003140598654447,10.87462470639061,3779.0,1506.0,3.526242496913944,15.79921180009842,HouseholdPowerConsumption1,1,InceptionTime,INTERPOLATION,100,50,16,test,True
HouseholdPowerConsumption1_TEST_dim1_INTERPOLATION_e0_eb0.5_decompressed.csv,0.5,35.747076197863834,8.875600017778305,3397.0,1345.0,7.464229132041683,15.63733980001416,HouseholdPowerConsumption1,1,InceptionTime,INTERPOLATION,100,50,16,test,True
HouseholdPowerConsumption1_TEST_dim1_INTERPOLATION_e0_eb1.0_decompressed.csv,1.0,66.11836151333216,8.929629182466433,2433.0,1553.0,5.746994372544836,15.607863600016572,HouseholdPowerConsumption1,1,InceptionTime,INTERPOLATION,100,50,16,test,True
data/HouseholdPowerConsumption1_TRAIN_dim1_KNN.csv,,,,,,3.318347215652466,2328.0950926999794,HouseholdPowerConsumption1,1,InceptionTime,KNN,100,50,16,train,False
data/HouseholdPowerConsumption1_TEST_dim1_KNN.csv,0.0,1.0,1.0,0.0,0.0,3.1357507787169885,15.591325600049458,HouseholdPowerConsumption1,1,InceptionTime,KNN,100,50,16,test,False
HouseholdPowerConsumption1_TEST_dim1_KNN_e0_eb0.0625_decompressed.csv,0.0625,16.8312998077939,15.689508756672936,4209.0,1588.0,3.171902079694468,15.70668000006117,HouseholdPowerConsumption1,1,InceptionTime,KNN,100,50,16,test,True
HouseholdPowerConsumption1_TEST_dim1_KNN_e0_eb0.125_decompressed.csv,0.125,19.175820692922866,12.251423604009,4397.0,1542.0,3.203768693936341,15.199159299954772,HouseholdPowerConsumption1,1,InceptionTime,KNN,100,50,16,test,True
HouseholdPowerConsumption1_TEST_dim1_KNN_e0_eb0.25_decompressed.csv,0.25,24.993619862299187,11.545604370185895,3278.0,1436.0,3.279901607399101,15.248423899989575,HouseholdPowerConsumption1,1,InceptionTime,KNN,100,50,16,test,True
HouseholdPowerConsumption1_TEST_dim1_KNN_e0_eb0.5_decompressed.csv,0.5,35.73478068919435,9.409337828242524,3617.0,1648.0,3.8402536327817423,15.221934300032444,HouseholdPowerConsumption1,1,InceptionTime,KNN,100,50,16,test,True
HouseholdPowerConsumption1_TEST_dim1_KNN_e0_eb1.0_decompressed.csv,1.0,66.06941472346621,9.385364730068098,2314.0,1284.0,4.296209188687096,15.196536300005391,HouseholdPowerConsumption1,1,InceptionTime,KNN,100,50,16,test,True
data/HouseholdPowerConsumption1_TRAIN_dim1_MEAN.csv,,,,,,3.3228683471679688,2376.442391900113,HouseholdPowerConsumption1,1,InceptionTime,MEAN,100,50,16,train,False
data/HouseholdPowerConsumption1_TEST_dim1_MEAN.csv,0.0,1.0,1.0,0.0,0.0,3.2455209140399317,15.964719000039622,HouseholdPowerConsumption1,1,InceptionTime,MEAN,100,50,16,test,False
HouseholdPowerConsumption1_TEST_dim1_MEAN_e0_eb0.0625_decompressed.csv,0.0625,16.62965627722661,15.51511130922726,4679.0,1587.0,3.2455270228114967,15.818872799980454,HouseholdPowerConsumption1,1,InceptionTime,MEAN,100,50,16,test,True
HouseholdPowerConsumption1_TEST_dim1_MEAN_e0_eb0.125_decompressed.csv,0.125,18.94409297560351,12.105299983224016,4172.0,1658.0,3.294933087856256,15.828409199952148,HouseholdPowerConsumption1,1,InceptionTime,MEAN,100,50,16,test,True
HouseholdPowerConsumption1_TEST_dim1_MEAN_e0_eb0.25_decompressed.csv,0.25,24.69140119680518,11.408900372134276,3653.0,1504.0,3.333361313145726,15.779133400064891,HouseholdPowerConsumption1,1,InceptionTime,MEAN,100,50,16,test,True
HouseholdPowerConsumption1_TEST_dim1_MEAN_e0_eb0.5_decompressed.csv,0.5,35.30133521066259,9.270252147183516,2929.0,1533.0,4.321567402144053,15.77086439996492,HouseholdPowerConsumption1,1,InceptionTime,MEAN,100,50,16,test,True
HouseholdPowerConsumption1_TEST_dim1_MEAN_e0_eb1.0_decompressed.csv,1.0,65.26580630928744,9.34551077332272,2250.0,1435.0,4.327452384104709,15.619899699930102,HouseholdPowerConsumption1,1,InceptionTime,MEAN,100,50,16,test,True
data/HouseholdPowerConsumption1_TRAIN_dim1_INTERPOLATION.csv,,,,,,3.799235582351685,257.2449645999586,HouseholdPowerConsumption1,1,MLP,INTERPOLATION,100,50,16,train,False
data/HouseholdPowerConsumption1_TEST_dim1_INTERPOLATION.csv,0.0,1.0,1.0,0.0,0.0,3.5066282438425977,0.9674396000336856,HouseholdPowerConsumption1,1,MLP,INTERPOLATION,100,50,16,test,False
HouseholdPowerConsumption1_TEST_dim1_INTERPOLATION_e0_eb0.0625_decompressed.csv,0.0625,16.835141659219794,14.332594476396451,4332.0,2083.0,3.5066849611934643,0.8738364999881014,HouseholdPowerConsumption1,1,MLP,INTERPOLATION,100,50,16,test,True
HouseholdPowerConsumption1_TEST_dim1_INTERPOLATION_e0_eb0.125_decompressed.csv,0.125,19.18288227420894,11.439299189624752,4195.0,2028.0,3.4912472021538923,1.006632599979639,HouseholdPowerConsumption1,1,MLP,INTERPOLATION,100,50,16,test,True
HouseholdPowerConsumption1_TEST_dim1_INTERPOLATION_e0_eb0.25_decompressed.csv,0.25,25.003140598654447,10.87462470639061,3540.0,1477.0,3.509539335198496,1.048200200079009,HouseholdPowerConsumption1,1,MLP,INTERPOLATION,100,50,16,test,True
HouseholdPowerConsumption1_TEST_dim1_INTERPOLATION_e0_eb0.5_decompressed.csv,0.5,35.747076197863834,8.875600017778305,3266.0,1453.0,3.64524226661214,0.9961119999643416,HouseholdPowerConsumption1,1,MLP,INTERPOLATION,100,50,16,test,True
HouseholdPowerConsumption1_TEST_dim1_INTERPOLATION_e0_eb1.0_decompressed.csv,1.0,66.11836151333216,8.929629182466433,2516.0,1546.0,4.53307054154068,1.0374326999299228,HouseholdPowerConsumption1,1,MLP,INTERPOLATION,100,50,16,test,True
data/HouseholdPowerConsumption1_TRAIN_dim1_KNN.csv,,,,,,3.785069465637207,254.87255570001437,HouseholdPowerConsumption1,1,MLP,KNN,100,50,16,train,False
data/HouseholdPowerConsumption1_TEST_dim1_KNN.csv,0.0,1.0,1.0,0.0,0.0,3.446576247827255,1.3728235999587923,HouseholdPowerConsumption1,1,MLP,KNN,100,50,16,test,False
HouseholdPowerConsumption1_TEST_dim1_KNN_e0_eb0.0625_decompressed.csv,0.0625,16.8312998077939,15.689508756672936,5746.0,1986.0,3.446232050195791,1.2713536000810564,HouseholdPowerConsumption1,1,MLP,KNN,100,50,16,test,True
HouseholdPowerConsumption1_TEST_dim1_KNN_e0_eb0.125_decompressed.csv,0.125,19.175820692922866,12.251423604009,5467.0,2041.0,3.4506093623295504,1.6739191999658942,HouseholdPowerConsumption1,1,MLP,KNN,100,50,16,test,True
HouseholdPowerConsumption1_TEST_dim1_KNN_e0_eb0.25_decompressed.csv,0.25,24.993619862299187,11.545604370185895,4712.0,1865.0,3.458855686089944,2.3600167999975383,HouseholdPowerConsumption1,1,MLP,KNN,100,50,16,test,True
HouseholdPowerConsumption1_TEST_dim1_KNN_e0_eb0.5_decompressed.csv,0.5,35.73478068919435,9.409337828242524,4183.0,1861.0,3.5374594141736937,2.7301955999573693,HouseholdPowerConsumption1,1,MLP,KNN,100,50,16,test,True
HouseholdPowerConsumption1_TEST_dim1_KNN_e0_eb1.0_decompressed.csv,1.0,66.06941472346621,9.385364730068098,5176.0,2300.0,4.068853166258108,1.601907999953255,HouseholdPowerConsumption1,1,MLP,KNN,100,50,16,test,True
data/HouseholdPowerConsumption1_TRAIN_dim1_MEAN.csv,,,,,,3.737413883209229,258.3767248999793,HouseholdPowerConsumption1,1,MLP,MEAN,100,50,16,train,False
data/HouseholdPowerConsumption1_TEST_dim1_MEAN.csv,0.0,1.0,1.0,0.0,0.0,3.3806901180940008,1.4353883999865502,HouseholdPowerConsumption1,1,MLP,MEAN,100,50,16,test,False
HouseholdPowerConsumption1_TEST_dim1_MEAN_e0_eb0.0625_decompressed.csv,0.0625,16.62965627722661,15.51511130922726,4679.0,1587.0,3.3806896597887697,1.5270373000530526,HouseholdPowerConsumption1,1,MLP,MEAN,100,50,16,test,True
HouseholdPowerConsumption1_TEST_dim1_MEAN_e0_eb0.125_decompressed.csv,0.125,18.94409297560351,12.105299983224016,4172.0,1658.0,3.3842814294600907,1.523984899977222,HouseholdPowerConsumption1,1,MLP,MEAN,100,50,16,test,True
HouseholdPowerConsumption1_TEST_dim1_MEAN_e0_eb0.25_decompressed.csv,0.25,24.69140119680518,11.408900372134276,3653.0,1504.0,3.3935810588803563,1.332224000012502,HouseholdPowerConsumption1,1,MLP,MEAN,100,50,16,test,True
HouseholdPowerConsumption1_TEST_dim1_MEAN_e0_eb0.5_decompressed.csv,0.5,35.30133521066259,9.270252147183516,2929.0,1533.0,3.5045266483065585,1.3484504000516608,HouseholdPowerConsumption1,1,MLP,MEAN,100,50,16,test,True
HouseholdPowerConsumption1_TEST_dim1_MEAN_e0_eb1.0_decompressed.csv,1.0,65.26580630928744,9.34551077332272,2250.0,1435.0,4.112236367923113,1.3348929000785574,HouseholdPowerConsumption1,1,MLP,MEAN,100,50,16,test,True
data/HouseholdPowerConsumption1_TRAIN_dim4_INTERPOLATION.csv,,,,,,7.366485595703125,633.6616729999951,HouseholdPowerConsumption1,4,FCN,INTERPOLATION,100,50,16,train,False
data/HouseholdPowerConsumption1_TEST_dim4_INTERPOLATION.csv,0.0,1.0,1.0,0.0,0.0,8.61735801196714,3.6973056999850087,HouseholdPowerConsumption1,4,FCN,INTERPOLATION,100,50,16,test,False
HouseholdPowerConsumption1_TEST_dim4_INTERPOLATION_e0_eb1.0_decompressed.csv,1.0,108.87470621750587,26.64719750385665,1950.0,1572.0,9.634363770035886,4.094206600013422,HouseholdPowerConsumption1,4,FCN,INTERPOLATION,100,50,16,test,True
HouseholdPowerConsumption1_TEST_dim4_INTERPOLATION_e0_eb2.0_decompressed.csv,2.0,129.26138333403796,23.72962264443824,1910.0,1383.0,9.754708287894555,4.224491200002376,HouseholdPowerConsumption1,4,FCN,INTERPOLATION,100,50,16,test,True
data/HouseholdPowerConsumption1_TRAIN_dim4_INTERPOLATION.csv,,,,,,4.394761562347412,2341.3306994999293,HouseholdPowerConsumption1,4,InceptionTime,INTERPOLATION,100,50,16,train,False
data/HouseholdPowerConsumption1_TEST_dim4_INTERPOLATION.csv,0.0,1.0,1.0,0.0,0.0,5.459487878037989,14.773581000044942,HouseholdPowerConsumption1,4,InceptionTime,INTERPOLATION,100,50,16,test,False
HouseholdPowerConsumption1_TEST_dim4_INTERPOLATION_e0_eb1.0_decompressed.csv,1.0,108.87470621750587,26.64719750385665,1797.0,1259.0,8.916116704899043,15.839605699991807,HouseholdPowerConsumption1,4,InceptionTime,INTERPOLATION,100,50,16,test,True
HouseholdPowerConsumption1_TEST_dim4_INTERPOLATION_e0_eb2.0_decompressed.csv,2.0,129.26138333403796,23.72962264443824,2050.0,1482.0,9.83659994458039,15.155091100023128,HouseholdPowerConsumption1,4,InceptionTime,INTERPOLATION,100,50,16,test,True
data/HouseholdPowerConsumption1_TRAIN_dim4_KNN.csv,,,,,,4.436050415039063,2318.8684257999994,HouseholdPowerConsumption1,4,InceptionTime,KNN,100,50,16,train,False
data/HouseholdPowerConsumption1_TEST_dim4_KNN.csv,0.0,1.0,1.0,0.0,0.0,7.219796115452676,15.091680700075813,HouseholdPowerConsumption1,4,InceptionTime,KNN,100,50,16,test,False
HouseholdPowerConsumption1_TEST_dim4_KNN_e0_eb1.0_decompressed.csv,1.0,108.83459254782052,30.799309272749227,1749.0,1185.0,8.996140957371,14.942441900027916,HouseholdPowerConsumption1,4,InceptionTime,KNN,100,50,16,test,True
HouseholdPowerConsumption1_TEST_dim4_KNN_e0_eb2.0_decompressed.csv,2.0,129.1650175112874,26.72033650488827,1833.0,1337.0,9.838813411049374,14.84373439999763,HouseholdPowerConsumption1,4,InceptionTime,KNN,100,50,16,test,True
data/HouseholdPowerConsumption1_TRAIN_dim4_MEAN.csv,,,,,,4.260345935821533,2368.55139519996,HouseholdPowerConsumption1,4,InceptionTime,MEAN,100,50,16,train,False
data/HouseholdPowerConsumption1_TEST_dim4_MEAN.csv,0.0,1.0,1.0,0.0,0.0,5.247353185180368,15.890724800061436,HouseholdPowerConsumption1,4,InceptionTime,MEAN,100,50,16,test,False
HouseholdPowerConsumption1_TEST_dim4_MEAN_e0_eb1.0_decompressed.csv,1.0,107.64512082280508,29.92017498738785,2307.0,1216.0,8.910768552940203,15.552177699981256,HouseholdPowerConsumption1,4,InceptionTime,MEAN,100,50,16,test,True
HouseholdPowerConsumption1_TEST_dim4_MEAN_e0_eb2.0_decompressed.csv,2.0,127.7870828052387,26.453273950079584,1832.0,1449.0,9.783209612107944,15.484466699999755,HouseholdPowerConsumption1,4,InceptionTime,MEAN,100,50,16,test,True
data/HouseholdPowerConsumption1_TRAIN_dim4_INTERPOLATION.csv,,,,,,6.525219917297363,190.8702598999953,HouseholdPowerConsumption1,4,MLP,INTERPOLATION,100,50,16,train,False
data/HouseholdPowerConsumption1_TEST_dim4_INTERPOLATION.csv,0.0,1.0,1.0,0.0,0.0,7.206678426826581,0.961395199992694,HouseholdPowerConsumption1,4,MLP,INTERPOLATION,100,50,16,test,False
HouseholdPowerConsumption1_TEST_dim4_INTERPOLATION_e0_eb1.0_decompressed.csv,1.0,108.87470621750587,26.64719750385665,1768.0,1832.0,9.16156266174988,1.011923599988222,HouseholdPowerConsumption1,4,MLP,INTERPOLATION,100,50,16,test,True
HouseholdPowerConsumption1_TEST_dim4_INTERPOLATION_e0_eb2.0_decompressed.csv,2.0,129.26138333403796,23.72962264443824,1884.0,1484.0,10.246854793125497,1.0461072999751195,HouseholdPowerConsumption1,4,MLP,INTERPOLATION,100,50,16,test,True
data/HouseholdPowerConsumption1_TRAIN_dim4_KNN.csv,,,,,,6.485001087188721,185.28927119995933,HouseholdPowerConsumption1,4,MLP,KNN,100,50,16,train,False
data/HouseholdPowerConsumption1_TEST_dim4_KNN.csv,0.0,1.0,1.0,0.0,0.0,59.83539986479262,0.9839415999595076,HouseholdPowerConsumption1,4,MLP,KNN,100,50,16,test,False
HouseholdPowerConsumption1_TEST_dim4_KNN_e0_eb1.0_decompressed.csv,1.0,108.83459254782052,30.799309272749227,1747.0,1201.0,9.103005734314076,0.9589133999543265,HouseholdPowerConsumption1,4,MLP,KNN,100,50,16,test,True
HouseholdPowerConsumption1_TEST_dim4_KNN_e0_eb2.0_decompressed.csv,2.0,129.1650175112874,26.72033650488827,1993.0,1398.0,10.153499648736217,0.9058713000267744,HouseholdPowerConsumption1,4,MLP,KNN,100,50,16,test,True
data/HouseholdPowerConsumption2_TRAIN_dim0_INTERPOLATION.csv,,,,,,2.953852891921997,752.899341900018,HouseholdPowerConsumption2,0,FCN,INTERPOLATION,100,50,16,train,False
data/HouseholdPowerConsumption2_TEST_dim0_INTERPOLATION.csv,0.0,1.0,1.0,0.0,0.0,3.479448242655784,4.299130700004753,HouseholdPowerConsumption2,0,FCN,INTERPOLATION,100,50,16,test,False
HouseholdPowerConsumption2_TEST_dim0_INTERPOLATION_e0_eb16.0_decompressed.csv,16.0,233817.8095238096,13.24893351213813,1378.0,1294.0,0.9484327894251822,5.4141752999858,HouseholdPowerConsumption2,0,FCN,INTERPOLATION,100,50,16,test,True
HouseholdPowerConsumption2_TEST_dim0_INTERPOLATION_e0_eb32.0_decompressed.csv,32.0,377705.6923076923,13.939075246574731,1302.0,1371.0,16.136062622070312,4.588417499995558,HouseholdPowerConsumption2,0,FCN,INTERPOLATION,100,50,16,test,True
HouseholdPowerConsumption2_TEST_dim0_INTERPOLATION_e0_eb4.0_decompressed.csv,4.0,735.0559880239521,5.433146997379789,1851.0,1473.0,3.2160516414473497,4.497650200006319,HouseholdPowerConsumption2,0,FCN,INTERPOLATION,100,50,16,test,True
HouseholdPowerConsumption2_TEST_dim0_INTERPOLATION_e0_eb8.0_decompressed.csv,8.0,5306.384005763689,6.364781064475151,1557.0,1696.0,2.825507383587161,4.079218900005799,HouseholdPowerConsumption2,0,FCN,INTERPOLATION,100,50,16,test,True
data/HouseholdPowerConsumption2_TRAIN_dim0_INTERPOLATION.csv,,,,,,2.9584555625915527,2877.631812800071,HouseholdPowerConsumption2,0,InceptionTime,INTERPOLATION,100,50,16,train,False
data/HouseholdPowerConsumption2_TEST_dim0_INTERPOLATION.csv,0.0,1.0,1.0,0.0,0.0,3.4862364741953926,27.053035099990662,HouseholdPowerConsumption2,0,InceptionTime,INTERPOLATION,100,50,16,test,False
HouseholdPowerConsumption2_TEST_dim0_INTERPOLATION_e0_eb16.0_decompressed.csv,16.0,233817.8095238096,13.24893351213813,1373.0,1624.0,0.951153253369836,23.326005000039004,HouseholdPowerConsumption2,0,InceptionTime,INTERPOLATION,100,50,16,test,True
HouseholdPowerConsumption2_TEST_dim0_INTERPOLATION_e0_eb32.0_decompressed.csv,32.0,377705.6923076923,13.939075246574731,1594.0,1285.0,16.14862060546875,22.899330000043847,HouseholdPowerConsumption2,0,InceptionTime,INTERPOLATION,100,50,16,test,True
HouseholdPowerConsumption2_TEST_dim0_INTERPOLATION_e0_eb4.0_decompressed.csv,4.0,735.0559880239521,5.433146997379789,1778.0,1334.0,3.222361063133603,25.131435099989176,HouseholdPowerConsumption2,0,InceptionTime,INTERPOLATION,100,50,16,test,True
HouseholdPowerConsumption2_TEST_dim0_INTERPOLATION_e0_eb8.0_decompressed.csv,8.0,5306.384005763689,6.364781064475151,1765.0,1644.0,2.830164262860627,24.250197799992748,HouseholdPowerConsumption2,0,InceptionTime,INTERPOLATION,100,50,16,test,True
data/HouseholdPowerConsumption2_TRAIN_dim0_INTERPOLATION.csv,,,,,,3.061074495315552,268.71907500003,HouseholdPowerConsumption2,0,MLP,INTERPOLATION,100,50,16,train,False
data/HouseholdPowerConsumption2_TEST_dim0_INTERPOLATION.csv,0.0,1.0,1.0,0.0,0.0,3.630409949479518,0.8842226000269875,HouseholdPowerConsumption2,0,MLP,INTERPOLATION,100,50,16,test,False
HouseholdPowerConsumption2_TEST_dim0_INTERPOLATION_e0_eb16.0_decompressed.csv,16.0,233817.8095238096,13.24893351213813,1322.0,1144.0,0.9690540451482133,1.0334228000137955,HouseholdPowerConsumption2,0,MLP,INTERPOLATION,100,50,16,test,True
HouseholdPowerConsumption2_TEST_dim0_INTERPOLATION_e0_eb32.0_decompressed.csv,32.0,377705.6923076923,13.939075246574731,1563.0,1305.0,15.850601196289062,0.9575849999673663,HouseholdPowerConsumption2,0,MLP,INTERPOLATION,100,50,16,test,True
HouseholdPowerConsumption2_TEST_dim0_INTERPOLATION_e0_eb4.0_decompressed.csv,4.0,735.0559880239521,5.433146997379789,1889.0,1373.0,3.353745777381655,0.9712693999754264,HouseholdPowerConsumption2,0,MLP,INTERPOLATION,100,50,16,test,True
HouseholdPowerConsumption2_TEST_dim0_INTERPOLATION_e0_eb8.0_decompressed.csv,8.0,5306.384005763689,6.364781064475151,1638.0,1723.0,2.9253353766457177,0.944555600057356,HouseholdPowerConsumption2,0,MLP,INTERPOLATION,100,50,16,test,True
data/HouseholdPowerConsumption2_TRAIN_dim1_INTERPOLATION.csv,,,,,,3.451190710067749,558.5422293999873,HouseholdPowerConsumption2,1,FCN,INTERPOLATION,100,50,16,train,False
data/HouseholdPowerConsumption2_TEST_dim1_INTERPOLATION.csv,0.0,1.0,1.0,0.0,0.0,3.160179366782701,3.1541814999945927,HouseholdPowerConsumption2,1,FCN,INTERPOLATION,100,50,16,test,False
HouseholdPowerConsumption2_TEST_dim1_INTERPOLATION_e0_eb0.0625_decompressed.csv,0.0625,16.835141659219794,14.332594476396451,6252.0,1614.0,3.1618910384510834,4.374917500012089,HouseholdPowerConsumption2,1,FCN,INTERPOLATION,100,50,16,test,True
HouseholdPowerConsumption2_TEST_dim1_INTERPOLATION_e0_eb0.125_decompressed.csv,0.125,19.18288227420894,11.439299189624752,4351.0,1634.0,3.1876794908814667,3.235180199990282,HouseholdPowerConsumption2,1,FCN,INTERPOLATION,100,50,16,test,True
HouseholdPowerConsumption2_TEST_dim1_INTERPOLATION_e0_eb0.25_decompressed.csv,0.25,25.003140598654447,10.87462470639061,4108.0,1567.0,3.222420091661899,3.676235299994005,HouseholdPowerConsumption2,1,FCN,INTERPOLATION,100,50,16,test,True
HouseholdPowerConsumption2_TEST_dim1_INTERPOLATION_e0_eb0.5_decompressed.csv,0.5,35.747076197863834,8.875600017778305,4049.0,1532.0,4.338759948895534,3.5111769000068307,HouseholdPowerConsumption2,1,FCN,INTERPOLATION,100,50,16,test,True
HouseholdPowerConsumption2_TEST_dim1_INTERPOLATION_e0_eb1.0_decompressed.csv,1.0,66.11836151333216,8.929629182466433,2736.0,1667.0,3.950735446824951,3.1363505000190344,HouseholdPowerConsumption2,1,FCN,INTERPOLATION,100,50,16,test,True
data/HouseholdPowerConsumption2_TRAIN_dim1_INTERPOLATION.csv,,,,,,3.3106534481048584,2391.6830725000477,HouseholdPowerConsumption2,1,InceptionTime,INTERPOLATION,100,50,16,train,False
data/HouseholdPowerConsumption2_TEST_dim1_INTERPOLATION.csv,0.0,1.0,1.0,0.0,0.0,3.2807700912462088,16.038061500061303,HouseholdPowerConsumption2,1,InceptionTime,INTERPOLATION,100,50,16,test,False
HouseholdPowerConsumption2_TEST_dim1_INTERPOLATION_e0_eb0.0625_decompressed.csv,0.0625,16.835141659219794,14.332594476396451,4703.0,1605.0,3.282587221821698,16.53124729997944,HouseholdPowerConsumption2,1,InceptionTime,INTERPOLATION,100,50,16,test,True
HouseholdPowerConsumption2_TEST_dim1_INTERPOLATION_e0_eb0.125_decompressed.csv,0.125,19.18288227420894,11.439299189624752,4263.0,1571.0,3.3434982770031523,15.00229470001068,HouseholdPowerConsumption2,1,InceptionTime,INTERPOLATION,100,50,16,test,True
HouseholdPowerConsumption2_TEST_dim1_INTERPOLATION_e0_eb0.25_decompressed.csv,0.25,25.003140598654447,10.87462470639061,4141.0,1498.0,3.432039107778145,14.79496199998539,HouseholdPowerConsumption2,1,InceptionTime,INTERPOLATION,100,50,16,test,True
HouseholdPowerConsumption2_TEST_dim1_INTERPOLATION_e0_eb0.5_decompressed.csv,0.5,35.747076197863834,8.875600017778305,3468.0,1496.0,4.445704028061235,14.75599420000799,HouseholdPowerConsumption2,1,InceptionTime,INTERPOLATION,100,50,16,test,True
HouseholdPowerConsumption2_TEST_dim1_INTERPOLATION_e0_eb1.0_decompressed.csv,1.0,66.11836151333216,8.929629182466433,2445.0,1570.0,4.904800145439038,14.678113500005566,HouseholdPowerConsumption2,1,InceptionTime,INTERPOLATION,100,50,16,test,True
data/HouseholdPowerConsumption2_TRAIN_dim1_INTERPOLATION.csv,,,,,,3.733711242675781,187.4615481999936,HouseholdPowerConsumption2,1,MLP,INTERPOLATION,100,50,16,train,False
data/HouseholdPowerConsumption2_TEST_dim1_INTERPOLATION.csv,0.0,1.0,1.0,0.0,0.0,3.4686296967202472,0.8896557999541983,HouseholdPowerConsumption2,1,MLP,INTERPOLATION,100,50,16,test,False
HouseholdPowerConsumption2_TEST_dim1_INTERPOLATION_e0_eb0.0625_decompressed.csv,0.0625,16.835141659219794,14.332594476396451,4399.0,2018.0,3.468622385914704,0.8627878000261262,HouseholdPowerConsumption2,1,MLP,INTERPOLATION,100,50,16,test,True
HouseholdPowerConsumption2_TEST_dim1_INTERPOLATION_e0_eb0.125_decompressed.csv,0.125,19.18288227420894,11.439299189624752,4311.0,2058.0,3.455551053575764,0.9495527999242768,HouseholdPowerConsumption2,1,MLP,INTERPOLATION,100,50,16,test,True
HouseholdPowerConsumption2_TEST_dim1_INTERPOLATION_e0_eb0.25_decompressed.csv,0.25,25.003140598654447,10.87462470639061,3729.0,1444.0,3.4658797622961077,0.9923955000704154,HouseholdPowerConsumption2,1,MLP,INTERPOLATION,100,50,16,test,True
HouseholdPowerConsumption2_TEST_dim1_INTERPOLATION_e0_eb0.5_decompressed.csv,0.5,35.747076197863834,8.875600017778305,3405.0,1419.0,3.558014644278978,0.9205411000875756,HouseholdPowerConsumption2,1,MLP,INTERPOLATION,100,50,16,test,True
HouseholdPowerConsumption2_TEST_dim1_INTERPOLATION_e0_eb1.0_decompressed.csv,1.0,66.11836151333216,8.929629182466433,2839.0,1561.0,4.158847746787675,0.8954542999854311,HouseholdPowerConsumption2,1,MLP,INTERPOLATION,100,50,16,test,True
data/BIDMC32_TRAIN_dimAVR.csv,,,,,,0.04178062453866,417.86303159999807,BIDMC32,AVR,InceptionTime,,10,50,16,train,False
data/BIDMC32_TEST_dimAVR.csv,0.0,1.0,1.0,0.0,0.0,0.0548963176761586,0.7635630999939167,BIDMC32,AVR,InceptionTime,,10,50,16,test,False
BIDMC32_TEST_dimAVR_e0_eb0.00390625_decompressed.csv,0.00390625,11.824940680200369,6.115625852195255,391.0,39.0,0.1390922035334098,0.7922829000017373,BIDMC32,AVR,InceptionTime,,10,50,16,test,True
BIDMC32_TEST_dimAVR_e0_eb0.0078125_decompressed.csv,0.0078125,13.141517726340464,6.472150072150072,402.0,58.0,0.1307482408952664,0.7701067999951192,BIDMC32,AVR,InceptionTime,,10,50,16,test,True
BIDMC32_TEST_dimAVR_e0_eb0.015625_decompressed.csv,0.015625,16.970109723798714,6.124812235422641,356.0,158.0,0.1414886494062644,0.7349360000007437,BIDMC32,AVR,InceptionTime,,10,50,16,test,True
BIDMC32_TEST_dimAVR_e0_eb0.03125_decompressed.csv,0.03125,23.8067940552017,6.009110396570204,359.0,55.0,0.163546672053736,0.70646499999566,BIDMC32,AVR,InceptionTime,,10,50,16,test,True
BIDMC32_TEST_dimAVR_e0_eb0.0625_decompressed.csv,0.0625,32.12893982808023,6.266871594243398,379.0,50.0,0.253023427892304,0.7026228000031551,BIDMC32,AVR,InceptionTime,,10,50,16,test,True
data/BIDMC32_TRAIN_dimAVR.csv,,,,,,0.2529324293136596,123.77726359991355,BIDMC32,AVR,MLP,,10,50,16,train,False
data/BIDMC32_TEST_dimAVR.csv,0.0,1.0,1.0,0.0,0.0,0.2470363009207329,0.2095533000538125,BIDMC32,AVR,MLP,,10,50,16,test,False
BIDMC32_TEST_dimAVR_e0_eb0.00390625_decompressed.csv,0.00390625,11.824940680200369,6.115625852195255,491.0,51.0,0.245354712694093,0.190698399906978,BIDMC32,AVR,MLP,,10,50,16,test,True
BIDMC32_TEST_dimAVR_e0_eb0.0078125_decompressed.csv,0.0078125,13.141517726340464,6.472150072150072,548.0,86.0,0.2460007160830495,0.1588275000685826,BIDMC32,AVR,MLP,,10,50,16,test,True
BIDMC32_TEST_dimAVR_e0_eb0.015625_decompressed.csv,0.015625,16.970109723798714,6.124812235422641,603.0,72.0,0.2663188147141647,0.1548356000566855,BIDMC32,AVR,MLP,,10,50,16,test,True
BIDMC32_TEST_dimAVR_e0_eb0.03125_decompressed.csv,0.03125,23.8067940552017,6.009110396570204,626.0,67.0,0.2811096296180727,0.1548296000109985,BIDMC32,AVR,MLP,,10,50,16,test,True
BIDMC32_TEST_dimAVR_e0_eb0.0625_decompressed.csv,0.0625,32.12893982808023,6.266871594243398,702.0,104.0,0.2571481380343756,0.1506029000738635,BIDMC32,AVR,MLP,,10,50,16,test,True
data/BIDMC32_TRAIN_dimAVR.csv,,,,,,0.3102119863033294,63.99492189999728,BIDMC32,AVR,RNN,,10,50,16,train,False
data/BIDMC32_TEST_dimAVR.csv,0.0,1.0,1.0,0.0,0.0,0.3023586162612335,0.1214725999889196,BIDMC32,AVR,RNN,,10,50,16,test,False
BIDMC32_TEST_dimAVR_e0_eb0.00390625_decompressed.csv,0.00390625,11.824940680200369,6.115625852195255,356.0,58.0,0.301099639177522,0.1154344999958993,BIDMC32,AVR,RNN,,10,50,16,test,True
BIDMC32_TEST_dimAVR_e0_eb0.0078125_decompressed.csv,0.0078125,13.141517726340464,6.472150072150072,378.0,52.0,0.3017058474327775,0.120902800001204,BIDMC32,AVR,RNN,,10,50,16,test,True
BIDMC32_TEST_dimAVR_e0_eb0.015625_decompressed.csv,0.015625,16.970109723798714,6.124812235422641,360.0,47.0,0.3142889104295094,0.138219599990407,BIDMC32,AVR,RNN,,10,50,16,test,True
BIDMC32_TEST_dimAVR_e0_eb0.03125_decompressed.csv,0.03125,23.8067940552017,6.009110396570204,371.0,51.0,0.3240990101166599,0.1292996000120183,BIDMC32,AVR,RNN,,10,50,16,test,True
BIDMC32_TEST_dimAVR_e0_eb0.0625_decompressed.csv,0.0625,32.12893982808023,6.266871594243398,497.0,54.0,0.316854576410854,0.1258455999923171,BIDMC32,AVR,RNN,,10,50,16,test,True
data/BIDMC32_TRAIN_dimII.csv,,,,,,0.1385600417852401,447.64723989999766,BIDMC32,II,InceptionTime,,10,50,16,train,False
data/BIDMC32_TEST_dimII.csv,0.0,1.0,1.0,0.0,0.0,0.1509338830280868,0.7745923999973456,BIDMC32,II,InceptionTime,,10,50,16,test,False
BIDMC32_TEST_dimII_e0_eb0.015625_decompressed.csv,0.015625,13.257986447241043,6.745444097849286,366.0,48.0,0.2237783451645587,0.7645828000022448,BIDMC32,II,InceptionTime,,10,50,16,test,True
BIDMC32_TEST_dimII_e0_eb0.03125_decompressed.csv,0.03125,19.334823529411764,6.745444097849286,379.0,38.0,0.2324513044823184,0.7958545000001322,BIDMC32,II,InceptionTime,,10,50,16,test,True
BIDMC32_TEST_dimII_e0_eb0.0625_decompressed.csv,0.0625,29.92461762563729,6.590712223291627,360.0,44.0,0.2987643764912216,0.7235197999980301,BIDMC32,II,InceptionTime,,10,50,16,test,True
BIDMC32_TEST_dimII_e0_eb0.125_decompressed.csv,0.125,42.53260869565217,8.016878048780487,406.0,50.0,0.4049822076897071,0.70759640000324,BIDMC32,II,InceptionTime,,10,50,16,test,True
data/BIDMC32_TRAIN_dimII.csv,,,,,,0.1387217193841934,158.64978560002055,BIDMC32,II,MLP,,10,50,16,train,False
data/BIDMC32_TEST_dimII.csv,0.0,1.0,1.0,0.0,0.0,0.1487545721674347,0.1907979999668896,BIDMC32,II,MLP,,10,50,16,test,False
BIDMC32_TEST_dimII_e0_eb0.015625_decompressed.csv,0.015625,13.257986447241043,6.745444097849286,622.0,56.0,0.2844521941895818,0.2372973000165075,BIDMC32,II,MLP,,10,50,16,test,True
BIDMC32_TEST_dimII_e0_eb0.03125_decompressed.csv,0.03125,19.334823529411764,6.745444097849286,537.0,76.0,0.2709416688233088,0.1767005999572575,BIDMC32,II,MLP,,10,50,16,test,True
BIDMC32_TEST_dimII_e0_eb0.0625_decompressed.csv,0.0625,29.92461762563729,6.590712223291627,511.0,70.0,0.284686179732682,0.17983399995137,BIDMC32,II,MLP,,10,50,16,test,True
BIDMC32_TEST_dimII_e0_eb0.125_decompressed.csv,0.125,42.53260869565217,8.016878048780487,561.0,145.0,0.4232957748732136,0.1809294000267982,BIDMC32,II,MLP,,10,50,16,test,True
data/BIDMC32_TRAIN_dimII.csv,,,,,,0.1413091868162155,63.2246116999886,BIDMC32,II,RNN,,10,50,16,train,False
data/BIDMC32_TEST_dimII.csv,0.0,1.0,1.0,0.0,0.0,0.1421441567059568,0.1147075000044424,BIDMC32,II,RNN,,10,50,16,test,False
BIDMC32_TEST_dimII_e0_eb0.015625_decompressed.csv,0.015625,13.257986447241043,6.745444097849286,349.0,46.0,0.2500278488278223,0.10873680000077,BIDMC32,II,RNN,,10,50,16,test,True
BIDMC32_TEST_dimII_e0_eb0.03125_decompressed.csv,0.03125,19.334823529411764,6.745444097849286,345.0,50.0,0.2721240842414269,0.1066442000010283,BIDMC32,II,RNN,,10,50,16,test,True
BIDMC32_TEST_dimII_e0_eb0.0625_decompressed.csv,0.0625,29.92461762563729,6.590712223291627,325.0,32.0,0.3130438894152297,0.1167739000084111,BIDMC32,II,RNN,,10,50,16,test,True
BIDMC32_TEST_dimII_e0_eb0.125_decompressed.csv,0.125,42.53260869565217,8.016878048780487,365.0,46.0,0.3694378248904403,0.1173976999998558,BIDMC32,II,RNN,,10,50,16,test,True
data/BIDMC32_TRAIN_dimPLETH.csv,,,,,,0.0553305372595787,416.922421999996,BIDMC32,PLETH,InceptionTime,,10,50,16,train,False
data/BIDMC32_TEST_dimPLETH.csv,0.0,1.0,1.0,0.0,0.0,0.0588755866784051,0.7852413000000524,BIDMC32,PLETH,InceptionTime,,10,50,16,test,False
BIDMC32_TEST_dimPLETH_e0_eb0.0078125_decompressed.csv,0.0078125,24.070011500862563,5.439603638726446,362.0,50.0,0.08944259863438,0.7413203999967664,BIDMC32,PLETH,InceptionTime,,10,50,16,test,True
BIDMC32_TEST_dimPLETH_e0_eb0.015625_decompressed.csv,0.015625,48.74264919941776,5.597639664337534,324.0,42.0,0.0811127091511817,0.7647171999997227,BIDMC32,PLETH,InceptionTime,,10,50,16,test,True
BIDMC32_TEST_dimPLETH_e0_eb0.03125_decompressed.csv,0.03125,84.00953336678374,5.566005119510654,332.0,53.0,0.0752320040751016,0.7452941000010469,BIDMC32,PLETH,InceptionTime,,10,50,16,test,True
BIDMC32_TEST_dimPLETH_e0_eb0.0625_decompressed.csv,0.0625,168.10341365461846,5.431838826888139,361.0,49.0,0.0711753241748473,0.7212506999931065,BIDMC32,PLETH,InceptionTime,,10,50,16,test,True
data/BIDMC32_TRAIN_dimPLETH.csv,,,,,,0.0575973354279994,174.2794114999706,BIDMC32,PLETH,MLP,,10,50,16,train,False
data/BIDMC32_TEST_dimPLETH.csv,0.0,1.0,1.0,0.0,0.0,0.0579622839439716,0.2191423999611288,BIDMC32,PLETH,MLP,,10,50,16,test,False
BIDMC32_TEST_dimPLETH_e0_eb0.0078125_decompressed.csv,0.0078125,24.070011500862563,5.439603638726446,566.0,76.0,0.0723655899711049,0.1654303000541404,BIDMC32,PLETH,MLP,,10,50,16,test,True
BIDMC32_TEST_dimPLETH_e0_eb0.015625_decompressed.csv,0.015625,48.74264919941776,5.597639664337534,482.0,165.0,0.0736825472534597,0.1545194999780506,BIDMC32,PLETH,MLP,,10,50,16,test,True
BIDMC32_TEST_dimPLETH_e0_eb0.03125_decompressed.csv,0.03125,84.00953336678374,5.566005119510654,440.0,58.0,0.0690820553757368,0.1747740000719204,BIDMC32,PLETH,MLP,,10,50,16,test,True
BIDMC32_TEST_dimPLETH_e0_eb0.0625_decompressed.csv,0.0625,168.10341365461846,5.431838826888139,509.0,57.0,0.0697313761480985,0.1601992000360041,BIDMC32,PLETH,MLP,,10,50,16,test,True
data/BIDMC32_TRAIN_dimPLETH.csv,,,,,,0.0576662644743919,70.5253420000081,BIDMC32,PLETH,RNN,,10,50,16,train,False
data/BIDMC32_TEST_dimPLETH.csv,0.0,1.0,1.0,0.0,0.0,0.0576854265848175,0.145509599999059,BIDMC32,PLETH,RNN,,10,50,16,test,False
BIDMC32_TEST_dimPLETH_e0_eb0.0078125_decompressed.csv,0.0078125,24.070011500862563,5.439603638726446,333.0,47.0,0.089191934088777,0.105303600008483,BIDMC32,PLETH,RNN,,10,50,16,test,True
BIDMC32_TEST_dimPLETH_e0_eb0.015625_decompressed.csv,0.015625,48.74264919941776,5.597639664337534,354.0,47.0,0.0807001393330061,0.1102587999921524,BIDMC32,PLETH,RNN,,10,50,16,test,True
BIDMC32_TEST_dimPLETH_e0_eb0.03125_decompressed.csv,0.03125,84.00953336678374,5.566005119510654,380.0,53.0,0.0729049624971935,0.1158889000071212,BIDMC32,PLETH,RNN,,10,50,16,test,True
BIDMC32_TEST_dimPLETH_e0_eb0.0625_decompressed.csv,0.0625,168.10341365461846,5.431838826888139,425.0,62.0,0.0701129883317202,0.1200699000037275,BIDMC32,PLETH,RNN,,10,50,16,test,True
data/BIDMC32_TRAIN_dimRESP.csv,,,,,,0.469302773475647,428.27950370000326,BIDMC32,RESP,InceptionTime,,10,50,16,train,False
data/BIDMC32_TEST_dimRESP.csv,0.0,1.0,1.0,0.0,0.0,0.4541234602187432,0.761718200003088,BIDMC32,RESP,InceptionTime,,10,50,16,test,False
BIDMC32_TEST_dimRESP_e0_eb0.0078125_decompressed.csv,0.0078125,15.901197053406998,4.955435032139578,358.0,159.0,0.6117015891599032,0.7905047000022023,BIDMC32,RESP,InceptionTime,,10,50,16,test,True
BIDMC32_TEST_dimRESP_e0_eb0.015625_decompressed.csv,0.015625,19.32486571172784,5.071273346646306,363.0,48.0,0.6112348371602608,0.8240530999973998,BIDMC32,RESP,InceptionTime,,10,50,16,test,True
BIDMC32_TEST_dimRESP_e0_eb0.03125_decompressed.csv,0.03125,30.69991111111111,5.289197218904101,350.0,51.0,0.5583333510150359,0.7570272000011755,BIDMC32,RESP,InceptionTime,,10,50,16,test,True
BIDMC32_TEST_dimRESP_e0_eb0.0625_decompressed.csv,0.0625,51.56375037324575,5.398324424020757,370.0,39.0,0.5587447009201076,0.7375109999993583,BIDMC32,RESP,InceptionTime,,10,50,16,test,True
data/BIDMC32_TRAIN_dimRESP.csv,,,,,,0.4926958680152893,129.49209580000024,BIDMC32,RESP,MLP,,10,50,16,train,False
data/BIDMC32_TEST_dimRESP.csv,0.0,1.0,1.0,0.0,0.0,0.4870707802739831,0.1857822999591007,BIDMC32,RESP,MLP,,10,50,16,test,False
BIDMC32_TEST_dimRESP_e0_eb0.0078125_decompressed.csv,0.0078125,15.901197053406998,4.955435032139578,487.0,210.0,0.5051120497637366,0.1631836000597104,BIDMC32,RESP,MLP,,10,50,16,test,True
BIDMC32_TEST_dimRESP_e0_eb0.015625_decompressed.csv,0.015625,19.32486571172784,5.071273346646306,503.0,66.0,0.5096565951604805,0.1568254999583587,BIDMC32,RESP,MLP,,10,50,16,test,True
BIDMC32_TEST_dimRESP_e0_eb0.03125_decompressed.csv,0.03125,30.69991111111111,5.289197218904101,534.0,65.0,0.5152105720839983,0.1639022999443113,BIDMC32,RESP,MLP,,10,50,16,test,True
BIDMC32_TEST_dimRESP_e0_eb0.0625_decompressed.csv,0.0625,51.56375037324575,5.398324424020757,518.0,69.0,0.5146755289328933,0.1651699999347329,BIDMC32,RESP,MLP,,10,50,16,test,True
data/BIDMC32_TRAIN_dimRESP.csv,,,,,,0.5094472169876099,70.78358699999808,BIDMC32,RESP,RNN,,10,50,16,train,False
data/BIDMC32_TEST_dimRESP.csv,0.0,1.0,1.0,0.0,0.0,0.5031821903266724,0.1316251000098418,BIDMC32,RESP,RNN,,10,50,16,test,False
BIDMC32_TEST_dimRESP_e0_eb0.0078125_decompressed.csv,0.0078125,15.901197053406998,4.955435032139578,363.0,47.0,0.5127033989455944,0.1196147000009659,BIDMC32,RESP,RNN,,10,50,16,test,True
BIDMC32_TEST_dimRESP_e0_eb0.015625_decompressed.csv,0.015625,19.32486571172784,5.071273346646306,364.0,51.0,0.5138320079542633,0.1193803999922238,BIDMC32,RESP,RNN,,10,50,16,test,True
BIDMC32_TEST_dimRESP_e0_eb0.03125_decompressed.csv,0.03125,30.69991111111111,5.289197218904101,339.0,62.0,0.5138251971448312,0.129793799991603,BIDMC32,RESP,RNN,,10,50,16,test,True
BIDMC32_TEST_dimRESP_e0_eb0.0625_decompressed.csv,0.0625,51.56375037324575,5.398324424020757,437.0,56.0,0.5133904153945446,0.1267234999977518,BIDMC32,RESP,RNN,,10,50,16,test,True
data/BIDMC32_TRAIN_dimV.csv,,,,,,0.1686146408319473,434.5750853999998,BIDMC32,V,InceptionTime,,10,50,16,train,False
data/BIDMC32_TEST_dimV.csv,0.0,1.0,1.0,0.0,0.0,0.1816739840123004,0.797719700000016,BIDMC32,V,InceptionTime,,10,50,16,test,False
BIDMC32_TEST_dimV_e0_eb0.015625_decompressed.csv,0.015625,12.0512162954279,6.744095456782024,380.0,49.0,0.2692013213475117,0.7136791000011726,BIDMC32,V,InceptionTime,,10,50,16,test,True
BIDMC32_TEST_dimV_e0_eb0.03125_decompressed.csv,0.03125,17.512244463373083,6.961020822752666,479.0,46.0,0.2465202339901977,0.7003521000006003,BIDMC32,V,InceptionTime,,10,50,16,test,True
BIDMC32_TEST_dimV_e0_eb0.0625_decompressed.csv,0.0625,30.32356194690265,7.100457606630979,344.0,38.0,0.3513494609979236,0.7076005999988411,BIDMC32,V,InceptionTime,,10,50,16,test,True
BIDMC32_TEST_dimV_e0_eb0.125_decompressed.csv,0.125,43.05628272251309,7.580890486725663,341.0,62.0,0.3856538748062392,0.7066570000024512,BIDMC32,V,InceptionTime,,10,50,16,test,True
data/BIDMC32_TRAIN_dimV.csv,,,,,,0.1886113286018371,152.31234910001513,BIDMC32,V,MLP,,10,50,16,train,False
data/BIDMC32_TEST_dimV.csv,0.0,1.0,1.0,0.0,0.0,0.2011286374458597,0.1739855000050738,BIDMC32,V,MLP,,10,50,16,test,False
BIDMC32_TEST_dimV_e0_eb0.015625_decompressed.csv,0.015625,12.0512162954279,6.744095456782024,544.0,63.0,0.2624622839821198,0.1790496000321582,BIDMC32,V,MLP,,10,50,16,test,True
BIDMC32_TEST_dimV_e0_eb0.03125_decompressed.csv,0.03125,17.512244463373083,6.961020822752666,570.0,72.0,0.2661555040292223,0.2163572999415919,BIDMC32,V,MLP,,10,50,16,test,True
BIDMC32_TEST_dimV_e0_eb0.0625_decompressed.csv,0.0625,30.32356194690265,7.100457606630979,597.0,63.0,0.3667880975567891,0.1775652999058365,BIDMC32,V,MLP,,10,50,16,test,True
BIDMC32_TEST_dimV_e0_eb0.125_decompressed.csv,0.125,43.05628272251309,7.580890486725663,502.0,99.0,0.3709439026111171,0.1741550000151619,BIDMC32,V,MLP,,10,50,16,test,True
data/BIDMC32_TRAIN_dimV.csv,,,,,,0.2103508114814758,69.84797640000761,BIDMC32,V,RNN,,10,50,16,train,False
data/BIDMC32_TEST_dimV.csv,0.0,1.0,1.0,0.0,0.0,0.2138923299769655,0.1315938000043388,BIDMC32,V,RNN,,10,50,16,test,False
BIDMC32_TEST_dimV_e0_eb0.015625_decompressed.csv,0.015625,12.0512162954279,6.744095456782024,372.0,48.0,0.2806164236877971,0.1328558999957749,BIDMC32,V,RNN,,10,50,16,test,True
BIDMC32_TEST_dimV_e0_eb0.03125_decompressed.csv,0.03125,17.512244463373083,6.961020822752666,351.0,55.0,0.2749916447673351,0.1308845000021392,BIDMC32,V,RNN,,10,50,16,test,True
BIDMC32_TEST_dimV_e0_eb0.0625_decompressed.csv,0.0625,30.32356194690265,7.100457606630979,351.0,45.0,0.362477726018361,0.1217343000025721,BIDMC32,V,RNN,,10,50,16,test,True
BIDMC32_TEST_dimV_e0_eb0.125_decompressed.csv,0.125,43.05628272251309,7.580890486725663,377.0,52.0,0.3712858406492175,0.1343723000027239,BIDMC32,V,RNN,,10,50,16,test,True
data/BeijingPM10Quality_TRAIN_dim0_INTERPOLATION.csv,,,,,,11.545147895812988,818.3079826999456,BeijingPM10Quality,0,InceptionTime,INTERPOLATION,150,50,16,train,False
data/BeijingPM10Quality_TEST_dim0_INTERPOLATION.csv,0.0,1.0,1.0,0.0,0.0,16.88637597423938,2.93279860005714,BeijingPM10Quality,0,InceptionTime,INTERPOLATION,150,50,16,test,False
BeijingPM10Quality_TEST_dim0_INTERPOLATION_e0_eb1.0_decompressed.csv,1.0,13.650616847399023,8.753949457028396,1117.0,403.0,16.861862846815637,2.2379201999865472,BeijingPM10Quality,0,InceptionTime,INTERPOLATION,150,50,16,test,True
BeijingPM10Quality_TEST_dim0_INTERPOLATION_e0_eb2.0_decompressed.csv,2.0,17.27074116418949,8.63322482854587,1142.0,475.0,16.877606240518297,2.301691100001335,BeijingPM10Quality,0,InceptionTime,INTERPOLATION,150,50,16,test,True
data/BeijingPM10Quality_TRAIN_dim0_INTERPOLATION.csv,,,,,,12.09087085723877,35.77238910004962,BeijingPM10Quality,0,MLP,INTERPOLATION,150,50,16,train,False
data/BeijingPM10Quality_TEST_dim0_INTERPOLATION.csv,0.0,1.0,1.0,0.0,0.0,14.399170712357584,0.0842613000422716,BeijingPM10Quality,0,MLP,INTERPOLATION,150,50,16,test,False
BeijingPM10Quality_TEST_dim0_INTERPOLATION_e0_eb1.0_decompressed.csv,1.0,13.650616847399023,8.753949457028396,1026.0,367.0,14.663014293588104,0.0965395000530406,BeijingPM10Quality,0,MLP,INTERPOLATION,150,50,16,test,True
BeijingPM10Quality_TEST_dim0_INTERPOLATION_e0_eb2.0_decompressed.csv,2.0,17.27074116418949,8.63322482854587,997.0,204.0,15.35734595920644,0.0876654000021517,BeijingPM10Quality,0,MLP,INTERPOLATION,150,50,16,test,True
data/BeijingPM10Quality_TRAIN_dim1_INTERPOLATION.csv,,,,,,53.46981430053711,860.1236185999587,BeijingPM10Quality,1,InceptionTime,INTERPOLATION,150,50,16,train,False
data/BeijingPM10Quality_TEST_dim1_INTERPOLATION.csv,0.0,1.0,1.0,0.0,0.0,56.83732597809037,2.502672799979337,BeijingPM10Quality,1,InceptionTime,INTERPOLATION,150,50,16,test,False
BeijingPM10Quality_TEST_dim1_INTERPOLATION_e0_eb1.0_decompressed.csv,1.0,9.369957956427571,7.988963479545504,1615.0,459.0,56.801624733682175,2.261309299967252,BeijingPM10Quality,1,InceptionTime,INTERPOLATION,150,50,16,test,True
BeijingPM10Quality_TEST_dim1_INTERPOLATION_e0_eb2.0_decompressed.csv,2.0,10.209167383880729,7.6721051533486335,1265.0,453.0,56.69088053123755,2.5238550000358373,BeijingPM10Quality,1,InceptionTime,INTERPOLATION,150,50,16,test,True
BeijingPM10Quality_TEST_dim1_INTERPOLATION_e0_eb4.0_decompressed.csv,4.0,11.41007819287576,7.506869449831581,1337.0,254.0,56.64583087546855,2.741569999954663,BeijingPM10Quality,1,InceptionTime,INTERPOLATION,150,50,16,test,True
BeijingPM10Quality_TEST_dim1_INTERPOLATION_e0_eb8.0_decompressed.csv,8.0,14.069635751453934,7.19926387094248,1276.0,410.0,56.602420435919456,3.165415999945253,BeijingPM10Quality,1,InceptionTime,INTERPOLATION,150,50,16,test,True
data/BeijingPM10Quality_TRAIN_dim1_INTERPOLATION.csv,,,,,,30.67424201965332,35.16857139999047,BeijingPM10Quality,1,MLP,INTERPOLATION,150,50,16,train,False
data/BeijingPM10Quality_TEST_dim1_INTERPOLATION.csv,0.0,1.0,1.0,0.0,0.0,33.630303226003946,0.1065472000045701,BeijingPM10Quality,1,MLP,INTERPOLATION,150,50,16,test,False
BeijingPM10Quality_TEST_dim1_INTERPOLATION_e0_eb1.0_decompressed.csv,1.0,9.369957956427571,7.988963479545504,1369.0,444.0,33.636090583615506,0.1221027999417856,BeijingPM10Quality,1,MLP,INTERPOLATION,150,50,16,test,True
BeijingPM10Quality_TEST_dim1_INTERPOLATION_e0_eb2.0_decompressed.csv,2.0,10.209167383880729,7.6721051533486335,1103.0,360.0,33.55169798626586,0.1050445999717339,BeijingPM10Quality,1,MLP,INTERPOLATION,150,50,16,test,True
BeijingPM10Quality_TEST_dim1_INTERPOLATION_e0_eb4.0_decompressed.csv,4.0,11.41007819287576,7.506869449831581,916.0,326.0,33.5057297821667,0.1292130999499932,BeijingPM10Quality,1,MLP,INTERPOLATION,150,50,16,test,True
BeijingPM10Quality_TEST_dim1_INTERPOLATION_e0_eb8.0_decompressed.csv,8.0,14.069635751453934,7.19926387094248,991.0,321.0,33.3402610090075,0.0946216998854652,BeijingPM10Quality,1,MLP,INTERPOLATION,150,50,16,test,True
data/BeijingPM10Quality_TRAIN_dim2_INTERPOLATION.csv,,,,,,1745.618408203125,868.0326998999808,BeijingPM10Quality,2,InceptionTime,INTERPOLATION,150,50,16,train,False
data/BeijingPM10Quality_TEST_dim2_INTERPOLATION.csv,0.0,1.0,1.0,0.0,0.0,1740.9701336016833,2.506028800038621,BeijingPM10Quality,2,InceptionTime,INTERPOLATION,150,50,16,test,False
BeijingPM10Quality_TEST_dim2_INTERPOLATION_e0_eb128.0_decompressed.csv,128.0,15.068821153139918,7.607750069528135,998.0,259.0,1738.0228805984025,1.8713928000070157,BeijingPM10Quality,2,InceptionTime,INTERPOLATION,150,50,16,test,True
BeijingPM10Quality_TEST_dim2_INTERPOLATION_e0_eb256.0_decompressed.csv,256.0,22.15691992008208,6.602581018890999,1047.0,214.0,1739.135177459136,1.842351899947971,BeijingPM10Quality,2,InceptionTime,INTERPOLATION,150,50,16,test,True
BeijingPM10Quality_TEST_dim2_INTERPOLATION_e0_eb32.0_decompressed.csv,32.0,11.420412480169222,8.561794470526864,1544.0,482.0,1740.050124758669,2.16654930007644,BeijingPM10Quality,2,InceptionTime,INTERPOLATION,150,50,16,test,True
BeijingPM10Quality_TEST_dim2_INTERPOLATION_e0_eb64.0_decompressed.csv,64.0,12.384148733890685,8.110131636162391,1335.0,430.0,1736.694051360951,2.493017900036648,BeijingPM10Quality,2,InceptionTime,INTERPOLATION,150,50,16,test,True
data/BeijingPM10Quality_TRAIN_dim2_INTERPOLATION.csv,,,,,,1704.34228515625,40.26772170001641,BeijingPM10Quality,2,MLP,INTERPOLATION,150,50,16,train,False
data/BeijingPM10Quality_TEST_dim2_INTERPOLATION.csv,0.0,1.0,1.0,0.0,0.0,1698.5717156020507,0.0812531999545171,BeijingPM10Quality,2,MLP,INTERPOLATION,150,50,16,test,False
BeijingPM10Quality_TEST_dim2_INTERPOLATION_e0_eb128.0_decompressed.csv,128.0,15.068821153139918,7.607750069528135,865.0,176.0,1695.507596655744,0.0791722000576555,BeijingPM10Quality,2,MLP,INTERPOLATION,150,50,16,test,True
BeijingPM10Quality_TEST_dim2_INTERPOLATION_e0_eb256.0_decompressed.csv,256.0,22.15691992008208,6.602581018890999,823.0,298.0,1696.039159910476,0.0766143000219017,BeijingPM10Quality,2,MLP,INTERPOLATION,150,50,16,test,True
BeijingPM10Quality_TEST_dim2_INTERPOLATION_e0_eb32.0_decompressed.csv,32.0,11.420412480169222,8.561794470526864,1104.0,185.0,1697.7028323946072,0.0809090000111609,BeijingPM10Quality,2,MLP,INTERPOLATION,150,50,16,test,True
BeijingPM10Quality_TEST_dim2_INTERPOLATION_e0_eb64.0_decompressed.csv,64.0,12.384148733890685,8.110131636162391,953.0,183.0,1694.4078229076508,0.1147649000631645,BeijingPM10Quality,2,MLP,INTERPOLATION,150,50,16,test,True
data/BeijingPM10Quality_TRAIN_dim3_INTERPOLATION.csv,,,,,,52.41248321533203,849.0983417999232,,,,,150,50,16,train,False
data/BeijingPM10Quality_TEST_dim3_INTERPOLATION.csv,0.0,1.0,1.0,0.0,0.0,44.174103088039246,2.835561899933964,,,,,150,50,16,test,False
BeijingPM10Quality_TEST_dim3_INTERPOLATION_e0_eb2.0_decompressed.csv,2.0,10.564016972716214,7.72347217516517,1345.0,223.0,44.20741916532357,2.317472100025043,,,,,150,50,16,test,True
BeijingPM10Quality_TEST_dim3_INTERPOLATION_e0_eb4.0_decompressed.csv,4.0,11.98991617357002,7.274442051097948,1142.0,265.0,44.414234614047096,2.3754148998996243,,,,,150,50,16,test,True
BeijingPM10Quality_TEST_dim3_INTERPOLATION_e0_eb8.0_decompressed.csv,8.0,15.04550985892253,6.858337564167654,1839.0,436.0,45.77984841741008,2.759791999938898,,,,,150,50,16,test,True
data/BeijingPM10Quality_TRAIN_dim3_INTERPOLATION.csv,,,,,,45.05194091796875,37.81406960007735,BeijingPM10Quality,3,MLP,INTERPOLATION,150,50,16,train,False
data/BeijingPM10Quality_TEST_dim3_INTERPOLATION.csv,0.0,1.0,1.0,0.0,0.0,40.47180159438963,0.0906258999602869,BeijingPM10Quality,3,MLP,INTERPOLATION,150,50,16,test,False
BeijingPM10Quality_TEST_dim3_INTERPOLATION_e0_eb2.0_decompressed.csv,2.0,10.564016972716214,7.72347217516517,927.0,194.0,40.41966329913813,0.1155276000499725,BeijingPM10Quality,3,MLP,INTERPOLATION,150,50,16,test,True
BeijingPM10Quality_TEST_dim3_INTERPOLATION_e0_eb4.0_decompressed.csv,4.0,11.98991617357002,7.274442051097948,933.0,186.0,40.82939705761804,0.1313096000812947,BeijingPM10Quality,3,MLP,INTERPOLATION,150,50,16,test,True
BeijingPM10Quality_TEST_dim3_INTERPOLATION_e0_eb8.0_decompressed.csv,8.0,15.04550985892253,6.858337564167654,924.0,302.0,43.748835029606425,0.1169514000648632,BeijingPM10Quality,3,MLP,INTERPOLATION,150,50,16,test,True
data/HouseholdPowerConsumption1_TRAIN_dim0_INTERPOLATION.csv,,,,,,2.9604945182800293,615.6551356000127,HouseholdPowerConsumption1,0,FCN,INTERPOLATION,150,50,16,train,False
data/HouseholdPowerConsumption1_TEST_dim0_INTERPOLATION.csv,0.0,1.0,1.0,0.0,0.0,3.491509964366569,4.102427399979206,HouseholdPowerConsumption1,0,FCN,INTERPOLATION,150,50,16,test,False
HouseholdPowerConsumption1_TEST_dim0_INTERPOLATION_e0_eb16.0_decompressed.csv,16.0,233817.8095238096,13.24893351213813,1367.0,1419.0,0.9521983579896968,4.098175999999512,HouseholdPowerConsumption1,0,FCN,INTERPOLATION,150,50,16,test,True
HouseholdPowerConsumption1_TEST_dim0_INTERPOLATION_e0_eb32.0_decompressed.csv,32.0,377705.6923076923,13.939075246574731,1526.0,1329.0,16.210037231445312,3.667137599986745,HouseholdPowerConsumption1,0,FCN,INTERPOLATION,150,50,16,test,True
HouseholdPowerConsumption1_TEST_dim0_INTERPOLATION_e0_eb4.0_decompressed.csv,4.0,735.0559880239521,5.433146997379789,1830.0,1389.0,3.246334864845162,4.026285800006008,HouseholdPowerConsumption1,0,FCN,INTERPOLATION,150,50,16,test,True
HouseholdPowerConsumption1_TEST_dim0_INTERPOLATION_e0_eb8.0_decompressed.csv,8.0,5306.384005763689,6.364781064475151,1750.0,1378.0,2.8472297459376787,3.814561600011075,HouseholdPowerConsumption1,0,FCN,INTERPOLATION,150,50,16,test,True
data/HouseholdPowerConsumption1_TRAIN_dim0_INTERPOLATION.csv,,,,,,2.9630448818206787,3129.036525099975,HouseholdPowerConsumption1,0,InceptionTime,INTERPOLATION,150,50,16,train,False
data/HouseholdPowerConsumption1_TEST_dim0_INTERPOLATION.csv,0.0,1.0,1.0,0.0,0.0,3.4951140592206777,15.242906200001016,HouseholdPowerConsumption1,0,InceptionTime,INTERPOLATION,150,50,16,test,False
HouseholdPowerConsumption1_TEST_dim0_INTERPOLATION_e0_eb16.0_decompressed.csv,16.0,233817.8095238096,13.24893351213813,1736.0,1206.0,0.9541284157822756,14.454555299977072,HouseholdPowerConsumption1,0,InceptionTime,INTERPOLATION,150,50,16,test,True
HouseholdPowerConsumption1_TEST_dim0_INTERPOLATION_e0_eb32.0_decompressed.csv,32.0,377705.6923076923,13.939075246574731,1883.0,1350.0,16.216720581054688,14.059507900004974,HouseholdPowerConsumption1,0,InceptionTime,INTERPOLATION,150,50,16,test,True
HouseholdPowerConsumption1_TEST_dim0_INTERPOLATION_e0_eb4.0_decompressed.csv,4.0,735.0559880239521,5.433146997379789,1898.0,1384.0,3.2497518778051737,14.702784900000552,HouseholdPowerConsumption1,0,InceptionTime,INTERPOLATION,150,50,16,test,True
HouseholdPowerConsumption1_TEST_dim0_INTERPOLATION_e0_eb8.0_decompressed.csv,8.0,5306.384005763689,6.364781064475151,1501.0,1300.0,2.8498491974484708,14.555238100001588,HouseholdPowerConsumption1,0,InceptionTime,INTERPOLATION,150,50,16,test,True
data/HouseholdPowerConsumption1_TRAIN_dim0_INTERPOLATION.csv,,,,,,2.9786148071289062,184.66248359996823,HouseholdPowerConsumption1,0,MLP,INTERPOLATION,150,50,16,train,False
data/HouseholdPowerConsumption1_TEST_dim0_INTERPOLATION.csv,0.0,1.0,1.0,0.0,0.0,3.5169277845745044,0.6531506000319496,HouseholdPowerConsumption1,0,MLP,INTERPOLATION,150,50,16,test,False
HouseholdPowerConsumption1_TEST_dim0_INTERPOLATION_e0_eb16.0_decompressed.csv,16.0,233817.8095238096,13.24893351213813,2345.0,1676.0,0.9665986652570766,0.7042849999852479,HouseholdPowerConsumption1,0,MLP,INTERPOLATION,150,50,16,test,True
HouseholdPowerConsumption1_TEST_dim0_INTERPOLATION_e0_eb32.0_decompressed.csv,32.0,377705.6923076923,13.939075246574731,1731.0,1929.0,16.256820678710938,0.9802106000715868,HouseholdPowerConsumption1,0,MLP,INTERPOLATION,150,50,16,test,True
HouseholdPowerConsumption1_TEST_dim0_INTERPOLATION_e0_eb4.0_decompressed.csv,4.0,735.0559880239521,5.433146997379789,1799.0,1598.0,3.270465802242281,0.8139425000408664,HouseholdPowerConsumption1,0,MLP,INTERPOLATION,150,50,16,test,True
HouseholdPowerConsumption1_TEST_dim0_INTERPOLATION_e0_eb8.0_decompressed.csv,8.0,5306.384005763689,6.364781064475151,1818.0,1420.0,2.8658429477684013,0.8275811999337748,HouseholdPowerConsumption1,0,MLP,INTERPOLATION,150,50,16,test,True
data/HouseholdPowerConsumption1_TRAIN_dim1_INTERPOLATION.csv,,,,,,3.575801372528076,554.8482162000146,HouseholdPowerConsumption1,1,FCN,INTERPOLATION,150,50,16,train,False
data/HouseholdPowerConsumption1_TEST_dim1_INTERPOLATION.csv,0.0,1.0,1.0,0.0,0.0,3.108366951861421,2.7393513999995776,HouseholdPowerConsumption1,1,FCN,INTERPOLATION,150,50,16,test,False
HouseholdPowerConsumption1_TEST_dim1_INTERPOLATION_e0_eb0.0625_decompressed.csv,0.0625,16.835141659219794,14.332594476396451,4174.0,1669.0,3.1092452484158755,3.2333413000160363,HouseholdPowerConsumption1,1,FCN,INTERPOLATION,150,50,16,test,True
HouseholdPowerConsumption1_TEST_dim1_INTERPOLATION_e0_eb0.125_decompressed.csv,0.125,19.18288227420894,11.439299189624752,4100.0,1590.0,3.118429768595095,2.9523937000194564,HouseholdPowerConsumption1,1,FCN,INTERPOLATION,150,50,16,test,True
HouseholdPowerConsumption1_TEST_dim1_INTERPOLATION_e0_eb0.25_decompressed.csv,0.25,25.003140598654447,10.87462470639061,3392.0,1487.0,3.128093933693188,2.6983460999908857,HouseholdPowerConsumption1,1,FCN,INTERPOLATION,150,50,16,test,True
HouseholdPowerConsumption1_TEST_dim1_INTERPOLATION_e0_eb0.5_decompressed.csv,0.5,35.747076197863834,8.875600017778305,3291.0,1364.0,3.822710455492545,2.701935799996136,HouseholdPowerConsumption1,1,FCN,INTERPOLATION,150,50,16,test,True
HouseholdPowerConsumption1_TEST_dim1_INTERPOLATION_e0_eb1.0_decompressed.csv,1.0,66.11836151333216,8.929629182466433,2621.0,1496.0,3.378366462025417,2.747545399994124,HouseholdPowerConsumption1,1,FCN,INTERPOLATION,150,50,16,test,True
data/HouseholdPowerConsumption1_TRAIN_dim1_INTERPOLATION.csv,,,,,,3.085789680480957,2413.350145200005,HouseholdPowerConsumption1,1,InceptionTime,INTERPOLATION,150,50,16,train,False
data/HouseholdPowerConsumption1_TEST_dim1_INTERPOLATION.csv,0.0,1.0,1.0,0.0,0.0,2.970987703660052,15.02761869999813,HouseholdPowerConsumption1,1,InceptionTime,INTERPOLATION,150,50,16,test,False
HouseholdPowerConsumption1_TEST_dim1_INTERPOLATION_e0_eb0.0625_decompressed.csv,0.0625,16.835141659219794,14.332594476396451,4267.0,1605.0,2.9717239786473937,15.104314399999566,HouseholdPowerConsumption1,1,InceptionTime,INTERPOLATION,150,50,16,test,True
HouseholdPowerConsumption1_TEST_dim1_INTERPOLATION_e0_eb0.125_decompressed.csv,0.125,19.18288227420894,11.439299189624752,4526.0,1608.0,2.990818436490577,15.213670800003456,HouseholdPowerConsumption1,1,InceptionTime,INTERPOLATION,150,50,16,test,True
HouseholdPowerConsumption1_TEST_dim1_INTERPOLATION_e0_eb0.25_decompressed.csv,0.25,25.003140598654447,10.87462470639061,3752.0,1457.0,3.0356790980370776,15.147666300006676,HouseholdPowerConsumption1,1,InceptionTime,INTERPOLATION,150,50,16,test,True
HouseholdPowerConsumption1_TEST_dim1_INTERPOLATION_e0_eb0.5_decompressed.csv,0.5,35.747076197863834,8.875600017778305,2934.0,1430.0,4.157570708646608,15.079710599995453,HouseholdPowerConsumption1,1,InceptionTime,INTERPOLATION,150,50,16,test,True
HouseholdPowerConsumption1_TEST_dim1_INTERPOLATION_e0_eb1.0_decompressed.csv,1.0,66.11836151333216,8.929629182466433,2429.0,1508.0,3.948684466707809,15.104166500008432,HouseholdPowerConsumption1,1,InceptionTime,INTERPOLATION,150,50,16,test,True
data/HouseholdPowerConsumption1_TRAIN_dim1_INTERPOLATION.csv,,,,,,3.516960382461548,140.96757160010748,HouseholdPowerConsumption1,1,MLP,INTERPOLATION,150,50,16,train,False
data/HouseholdPowerConsumption1_TEST_dim1_INTERPOLATION.csv,0.0,1.0,1.0,0.0,0.0,3.2796338006867027,0.6710833000252023,HouseholdPowerConsumption1,1,MLP,INTERPOLATION,150,50,16,test,False
HouseholdPowerConsumption1_TEST_dim1_INTERPOLATION_e0_eb0.0625_decompressed.csv,0.0625,16.835141659219794,14.332594476396451,4816.0,1801.0,3.279633721272685,0.642300600069575,HouseholdPowerConsumption1,1,MLP,INTERPOLATION,150,50,16,test,True
HouseholdPowerConsumption1_TEST_dim1_INTERPOLATION_e0_eb0.125_decompressed.csv,0.125,19.18288227420894,11.439299189624752,4553.0,2122.0,3.263763721171447,0.6742496999213472,HouseholdPowerConsumption1,1,MLP,INTERPOLATION,150,50,16,test,True
HouseholdPowerConsumption1_TEST_dim1_INTERPOLATION_e0_eb0.25_decompressed.csv,0.25,25.003140598654447,10.87462470639061,3816.0,1477.0,3.273758879041184,0.6719232999021187,HouseholdPowerConsumption1,1,MLP,INTERPOLATION,150,50,16,test,True
HouseholdPowerConsumption1_TEST_dim1_INTERPOLATION_e0_eb0.5_decompressed.csv,0.5,35.747076197863834,8.875600017778305,3503.0,1377.0,3.8733128733233926,0.7278657000279054,HouseholdPowerConsumption1,1,MLP,INTERPOLATION,150,50,16,test,True
HouseholdPowerConsumption1_TEST_dim1_INTERPOLATION_e0_eb1.0_decompressed.csv,1.0,66.11836151333216,8.929629182466433,2357.0,1770.0,3.829514739143647,0.7375306999310851,HouseholdPowerConsumption1,1,MLP,INTERPOLATION,150,50,16,test,True
data/HouseholdPowerConsumption1_TRAIN_dim4_INTERPOLATION.csv,,,,,,6.611420631408691,486.3977950999979,HouseholdPowerConsumption1,4,FCN,INTERPOLATION,150,50,16,train,False
data/HouseholdPowerConsumption1_TEST_dim4_INTERPOLATION.csv,0.0,1.0,1.0,0.0,0.0,7.84014775306082,3.1302925999916624,HouseholdPowerConsumption1,4,FCN,INTERPOLATION,150,50,16,test,False
HouseholdPowerConsumption1_TEST_dim4_INTERPOLATION_e0_eb1.0_decompressed.csv,1.0,108.87470621750587,26.64719750385665,1805.0,1232.0,8.88063298278472,3.2573418999963906,HouseholdPowerConsumption1,4,FCN,INTERPOLATION,150,50,16,test,True
HouseholdPowerConsumption1_TEST_dim4_INTERPOLATION_e0_eb2.0_decompressed.csv,2.0,129.26138333403796,23.72962264443824,2102.0,1425.0,9.119353609572125,3.0643513000104576,HouseholdPowerConsumption1,4,FCN,INTERPOLATION,150,50,16,test,True
data/HouseholdPowerConsumption1_TRAIN_dim4_INTERPOLATION.csv,,,,,,1.977649450302124,2411.755162000016,HouseholdPowerConsumption1,4,InceptionTime,INTERPOLATION,150,50,16,train,False
data/HouseholdPowerConsumption1_TEST_dim4_INTERPOLATION.csv,0.0,1.0,1.0,0.0,0.0,2.4781714939220367,15.010678899998313,HouseholdPowerConsumption1,4,InceptionTime,INTERPOLATION,150,50,16,test,False
HouseholdPowerConsumption1_TEST_dim4_INTERPOLATION_e0_eb1.0_decompressed.csv,1.0,108.87470621750587,26.64719750385665,1979.0,1265.0,7.79870080861147,14.797810099989874,HouseholdPowerConsumption1,4,InceptionTime,INTERPOLATION,150,50,16,test,True
HouseholdPowerConsumption1_TEST_dim4_INTERPOLATION_e0_eb2.0_decompressed.csv,2.0,129.26138333403796,23.72962264443824,2006.0,1437.0,8.317268037456099,14.836979899992002,HouseholdPowerConsumption1,4,InceptionTime,INTERPOLATION,150,50,16,test,True
data/HouseholdPowerConsumption1_TRAIN_dim4_INTERPOLATION.csv,,,,,,4.440584659576416,170.50209419999737,HouseholdPowerConsumption1,4,MLP,INTERPOLATION,150,50,16,train,False
data/HouseholdPowerConsumption1_TEST_dim4_INTERPOLATION.csv,0.0,1.0,1.0,0.0,0.0,5.862414121734872,0.6228403999703005,HouseholdPowerConsumption1,4,MLP,INTERPOLATION,150,50,16,test,False
HouseholdPowerConsumption1_TEST_dim4_INTERPOLATION_e0_eb1.0_decompressed.csv,1.0,108.87470621750587,26.64719750385665,1879.0,1602.0,7.740239245270502,0.6509374999441206,HouseholdPowerConsumption1,4,MLP,INTERPOLATION,150,50,16,test,True
HouseholdPowerConsumption1_TEST_dim4_INTERPOLATION_e0_eb2.0_decompressed.csv,2.0,129.26138333403796,23.72962264443824,2052.0,1189.0,8.289966644203053,0.7326417000731453,HouseholdPowerConsumption1,4,MLP,INTERPOLATION,150,50,16,test,True
data/HouseholdPowerConsumption2_TRAIN_dim0_INTERPOLATION.csv,,,,,,2.9604945182800293,595.59357550001,HouseholdPowerConsumption2,0,FCN,INTERPOLATION,150,50,16,train,False
data/HouseholdPowerConsumption2_TEST_dim0_INTERPOLATION.csv,0.0,1.0,1.0,0.0,0.0,3.491509964366569,3.747660100023495,HouseholdPowerConsumption2,0,FCN,INTERPOLATION,150,50,16,test,False
HouseholdPowerConsumption2_TEST_dim0_INTERPOLATION_e0_eb16.0_decompressed.csv,16.0,233817.8095238096,13.24893351213813,1484.0,1377.0,0.9521983579896968,3.2901220999774523,HouseholdPowerConsumption2,0,FCN,INTERPOLATION,150,50,16,test,True
HouseholdPowerConsumption2_TEST_dim0_INTERPOLATION_e0_eb32.0_decompressed.csv,32.0,377705.6923076923,13.939075246574731,1731.0,1743.0,16.210037231445312,3.3589915000193287,HouseholdPowerConsumption2,0,FCN,INTERPOLATION,150,50,16,test,True
HouseholdPowerConsumption2_TEST_dim0_INTERPOLATION_e0_eb4.0_decompressed.csv,4.0,735.0559880239521,5.433146997379789,1792.0,1440.0,3.246334864845162,3.9237929000228178,HouseholdPowerConsumption2,0,FCN,INTERPOLATION,150,50,16,test,True
HouseholdPowerConsumption2_TEST_dim0_INTERPOLATION_e0_eb8.0_decompressed.csv,8.0,5306.384005763689,6.364781064475151,1715.0,1365.0,2.8472297459376787,3.6361556999909226,HouseholdPowerConsumption2,0,FCN,INTERPOLATION,150,50,16,test,True
data/HouseholdPowerConsumption2_TRAIN_dim0_INTERPOLATION.csv,,,,,,2.9630448818206787,4949.654157300014,HouseholdPowerConsumption2,0,InceptionTime,INTERPOLATION,150,50,16,train,False
data/HouseholdPowerConsumption2_TEST_dim0_INTERPOLATION.csv,0.0,1.0,1.0,0.0,0.0,3.4951140592206777,14.41295590007212,HouseholdPowerConsumption2,0,InceptionTime,INTERPOLATION,150,50,16,test,False
HouseholdPowerConsumption2_TEST_dim0_INTERPOLATION_e0_eb16.0_decompressed.csv,16.0,233817.8095238096,13.24893351213813,1467.0,1708.0,0.9541284157822756,15.585275999968871,HouseholdPowerConsumption2,0,InceptionTime,INTERPOLATION,150,50,16,test,True
HouseholdPowerConsumption2_TEST_dim0_INTERPOLATION_e0_eb32.0_decompressed.csv,32.0,377705.6923076923,13.939075246574731,2325.0,1816.0,16.216720581054688,12.975784500013106,HouseholdPowerConsumption2,0,InceptionTime,INTERPOLATION,150,50,16,test,True
HouseholdPowerConsumption2_TEST_dim0_INTERPOLATION_e0_eb4.0_decompressed.csv,4.0,735.0559880239521,5.433146997379789,1963.0,1416.0,3.2497518778051737,13.527267399942502,HouseholdPowerConsumption2,0,InceptionTime,INTERPOLATION,150,50,16,test,True
HouseholdPowerConsumption2_TEST_dim0_INTERPOLATION_e0_eb8.0_decompressed.csv,8.0,5306.384005763689,6.364781064475151,2196.0,1393.0,2.8498491974484708,12.177947300020604,HouseholdPowerConsumption2,0,InceptionTime,INTERPOLATION,150,50,16,test,True
data/HouseholdPowerConsumption2_TRAIN_dim0_INTERPOLATION.csv,,,,,,35.428165435791016,172.81321890000254,HouseholdPowerConsumption2,0,MLP,INTERPOLATION,150,50,16,train,False
data/HouseholdPowerConsumption2_TEST_dim0_INTERPOLATION.csv,0.0,1.0,1.0,0.0,0.0,36.276254625772495,0.6482835999922827,HouseholdPowerConsumption2,0,MLP,INTERPOLATION,150,50,16,test,False
HouseholdPowerConsumption2_TEST_dim0_INTERPOLATION_e0_eb16.0_decompressed.csv,16.0,233817.8095238096,13.24893351213813,1702.0,1163.0,41.6064184644553,0.5792396999895573,HouseholdPowerConsumption2,0,MLP,INTERPOLATION,150,50,16,test,True
HouseholdPowerConsumption2_TEST_dim0_INTERPOLATION_e0_eb32.0_decompressed.csv,32.0,377705.6923076923,13.939075246574731,1253.0,1398.0,57.6005859375,0.6620408999733627,HouseholdPowerConsumption2,0,MLP,INTERPOLATION,150,50,16,test,True
HouseholdPowerConsumption2_TEST_dim0_INTERPOLATION_e0_eb4.0_decompressed.csv,4.0,735.0559880239521,5.433146997379789,1755.0,1424.0,35.909972246891726,0.7036576999817044,HouseholdPowerConsumption2,0,MLP,INTERPOLATION,150,50,16,test,True
HouseholdPowerConsumption2_TEST_dim0_INTERPOLATION_e0_eb8.0_decompressed.csv,8.0,5306.384005763689,6.364781064475151,1449.0,1325.0,37.94242163766327,0.6797965000150725,HouseholdPowerConsumption2,0,MLP,INTERPOLATION,150,50,16,test,True
data/HouseholdPowerConsumption2_TRAIN_dim1_INTERPOLATION.csv,,,,,,3.592215061187744,496.34470849999343,HouseholdPowerConsumption2,1,FCN,INTERPOLATION,150,50,16,train,False
data/HouseholdPowerConsumption2_TEST_dim1_INTERPOLATION.csv,0.0,1.0,1.0,0.0,0.0,3.122901403917828,3.668980200018268,HouseholdPowerConsumption2,1,FCN,INTERPOLATION,150,50,16,test,False
HouseholdPowerConsumption2_TEST_dim1_INTERPOLATION_e0_eb0.0625_decompressed.csv,0.0625,16.835141659219794,14.332594476396451,5733.0,2026.0,3.12371827280349,4.385756300005596,HouseholdPowerConsumption2,1,FCN,INTERPOLATION,150,50,16,test,True
HouseholdPowerConsumption2_TEST_dim1_INTERPOLATION_e0_eb0.125_decompressed.csv,0.125,19.18288227420894,11.439299189624752,4999.0,2094.0,3.1355655126312447,3.9299768000200856,HouseholdPowerConsumption2,1,FCN,INTERPOLATION,150,50,16,test,True
HouseholdPowerConsumption2_TEST_dim1_INTERPOLATION_e0_eb0.25_decompressed.csv,0.25,25.003140598654447,10.87462470639061,4288.0,1841.0,3.1514406885817,4.267765099997632,HouseholdPowerConsumption2,1,FCN,INTERPOLATION,150,50,16,test,True
HouseholdPowerConsumption2_TEST_dim1_INTERPOLATION_e0_eb0.5_decompressed.csv,0.5,35.747076197863834,8.875600017778305,4398.0,1887.0,3.873513473517342,3.968107600026997,HouseholdPowerConsumption2,1,FCN,INTERPOLATION,150,50,16,test,True
HouseholdPowerConsumption2_TEST_dim1_INTERPOLATION_e0_eb1.0_decompressed.csv,1.0,66.11836151333216,8.929629182466433,2566.0,1405.0,3.4258729266238963,3.866423499974189,HouseholdPowerConsumption2,1,FCN,INTERPOLATION,150,50,16,test,True
data/HouseholdPowerConsumption2_TRAIN_dim1_INTERPOLATION.csv,,,,,,2.9826202392578125,2205.338561099954,HouseholdPowerConsumption2,1,InceptionTime,INTERPOLATION,150,50,16,train,False
data/HouseholdPowerConsumption2_TEST_dim1_INTERPOLATION.csv,0.0,1.0,1.0,0.0,0.0,2.9889656896092016,15.204982899944298,HouseholdPowerConsumption2,1,InceptionTime,INTERPOLATION,150,50,16,test,False
HouseholdPowerConsumption2_TEST_dim1_INTERPOLATION_e0_eb0.0625_decompressed.csv,0.0625,16.835141659219794,14.332594476396451,4497.0,1556.0,2.989622947348353,14.715125599992462,HouseholdPowerConsumption2,1,InceptionTime,INTERPOLATION,150,50,16,test,True
HouseholdPowerConsumption2_TEST_dim1_INTERPOLATION_e0_eb0.125_decompressed.csv,0.125,19.18288227420894,11.439299189624752,4615.0,1525.0,2.97926692570909,14.089982100063937,HouseholdPowerConsumption2,1,InceptionTime,INTERPOLATION,150,50,16,test,True
HouseholdPowerConsumption2_TEST_dim1_INTERPOLATION_e0_eb0.25_decompressed.csv,0.25,25.003140598654447,10.87462470639061,3698.0,1467.0,3.012002008846871,13.433649400016291,HouseholdPowerConsumption2,1,InceptionTime,INTERPOLATION,150,50,16,test,True
HouseholdPowerConsumption2_TEST_dim1_INTERPOLATION_e0_eb0.5_decompressed.csv,0.5,35.747076197863834,8.875600017778305,3117.0,1405.0,3.864350235429355,13.839366199914366,HouseholdPowerConsumption2,1,InceptionTime,INTERPOLATION,150,50,16,test,True
HouseholdPowerConsumption2_TEST_dim1_INTERPOLATION_e0_eb1.0_decompressed.csv,1.0,66.11836151333216,8.929629182466433,2802.0,1677.0,4.040658341217827,14.10945929994341,HouseholdPowerConsumption2,1,InceptionTime,INTERPOLATION,150,50,16,test,True
data/HouseholdPowerConsumption2_TRAIN_dim1_INTERPOLATION.csv,,,,,,3.5081491470336914,124.00580159993842,HouseholdPowerConsumption2,1,MLP,INTERPOLATION,150,50,16,train,False
data/HouseholdPowerConsumption2_TEST_dim1_INTERPOLATION.csv,0.0,1.0,1.0,0.0,0.0,3.275869367827696,0.657569200033322,HouseholdPowerConsumption2,1,MLP,INTERPOLATION,150,50,16,test,False
HouseholdPowerConsumption2_TEST_dim1_INTERPOLATION_e0_eb0.0625_decompressed.csv,0.0625,16.835141659219794,14.332594476396451,4667.0,1653.0,3.275879262672068,0.618074500001967,HouseholdPowerConsumption2,1,MLP,INTERPOLATION,150,50,16,test,True
HouseholdPowerConsumption2_TEST_dim1_INTERPOLATION_e0_eb0.125_decompressed.csv,0.125,19.18288227420894,11.439299189624752,4186.0,1625.0,3.260849015667484,0.6560795999830589,HouseholdPowerConsumption2,1,MLP,INTERPOLATION,150,50,16,test,True
HouseholdPowerConsumption2_TEST_dim1_INTERPOLATION_e0_eb0.25_decompressed.csv,0.25,25.003140598654447,10.87462470639061,3505.0,1544.0,3.2693611464879675,0.6573274000547826,HouseholdPowerConsumption2,1,MLP,INTERPOLATION,150,50,16,test,True
HouseholdPowerConsumption2_TEST_dim1_INTERPOLATION_e0_eb0.5_decompressed.csv,0.5,35.747076197863834,8.875600017778305,2936.0,1337.0,3.684747903784935,0.7201256999978796,HouseholdPowerConsumption2,1,MLP,INTERPOLATION,150,50,16,test,True
HouseholdPowerConsumption2_TEST_dim1_INTERPOLATION_e0_eb1.0_decompressed.csv,1.0,66.11836151333216,8.929629182466433,2293.0,1466.0,3.791032856447027,0.7547705998877063,HouseholdPowerConsumption2,1,MLP,INTERPOLATION,150,50,16,test,True
data/BeijingPM10Quality_TRAIN_dim0_INTERPOLATION.csv,,,,,,13.319058418273926,522.3168212000746,BeijingPM10Quality,0,InceptionTime,INTERPOLATION,200,50,16,train,False
data/BeijingPM10Quality_TEST_dim0_INTERPOLATION.csv,0.0,1.0,1.0,0.0,0.0,15.915707767112012,1.8165425999322904,BeijingPM10Quality,0,InceptionTime,INTERPOLATION,200,50,16,test,False
BeijingPM10Quality_TEST_dim0_INTERPOLATION_e0_eb1.0_decompressed.csv,1.0,13.650616847399023,8.753949457028396,809.0,295.0,15.883725268582417,1.6817133999429643,BeijingPM10Quality,0,InceptionTime,INTERPOLATION,200,50,16,test,True
BeijingPM10Quality_TEST_dim0_INTERPOLATION_e0_eb2.0_decompressed.csv,2.0,17.27074116418949,8.63322482854587,891.0,157.0,15.852617324801118,1.9060210000025108,BeijingPM10Quality,0,InceptionTime,INTERPOLATION,200,50,16,test,True
data/BeijingPM10Quality_TRAIN_dim0_INTERPOLATION.csv,,,,,,11.442389488220217,29.74604800005909,BeijingPM10Quality,0,MLP,INTERPOLATION,200,50,16,train,False
data/BeijingPM10Quality_TEST_dim0_INTERPOLATION.csv,0.0,1.0,1.0,0.0,0.0,12.747298730549817,0.0810794000281021,BeijingPM10Quality,0,MLP,INTERPOLATION,200,50,16,test,False
BeijingPM10Quality_TEST_dim0_INTERPOLATION_e0_eb1.0_decompressed.csv,1.0,13.650616847399023,8.753949457028396,794.0,312.0,12.803766802759132,0.0718956000637263,BeijingPM10Quality,0,MLP,INTERPOLATION,200,50,16,test,True
BeijingPM10Quality_TEST_dim0_INTERPOLATION_e0_eb2.0_decompressed.csv,2.0,17.27074116418949,8.63322482854587,896.0,167.0,13.181082611838775,0.0767997000366449,BeijingPM10Quality,0,MLP,INTERPOLATION,200,50,16,test,True
data/BeijingPM10Quality_TRAIN_dim1_INTERPOLATION.csv,,,,,,56.64524841308594,525.2604245000985,BeijingPM10Quality,1,InceptionTime,INTERPOLATION,200,50,16,train,False
data/BeijingPM10Quality_TEST_dim1_INTERPOLATION.csv,0.0,1.0,1.0,0.0,0.0,56.87948142380841,1.7959685999667272,BeijingPM10Quality,1,InceptionTime,INTERPOLATION,200,50,16,test,False
BeijingPM10Quality_TEST_dim1_INTERPOLATION_e0_eb1.0_decompressed.csv,1.0,9.369957956427571,7.988963479545504,1098.0,340.0,56.81229467609488,1.8040876999730244,BeijingPM10Quality,1,InceptionTime,INTERPOLATION,200,50,16,test,True
BeijingPM10Quality_TEST_dim1_INTERPOLATION_e0_eb2.0_decompressed.csv,2.0,10.209167383880729,7.6721051533486335,1088.0,330.0,56.76888440529042,1.8206189000047743,BeijingPM10Quality,1,InceptionTime,INTERPOLATION,200,50,16,test,True
BeijingPM10Quality_TEST_dim1_INTERPOLATION_e0_eb4.0_decompressed.csv,4.0,11.41007819287576,7.506869449831581,887.0,335.0,56.60421539967148,1.7217468000017109,BeijingPM10Quality,1,InceptionTime,INTERPOLATION,200,50,16,test,True
BeijingPM10Quality_TEST_dim1_INTERPOLATION_e0_eb8.0_decompressed.csv,8.0,14.069635751453934,7.19926387094248,952.0,288.0,56.3481959079537,1.6853832000633702,BeijingPM10Quality,1,InceptionTime,INTERPOLATION,200,50,16,test,True
data/BeijingPM10Quality_TRAIN_dim1_INTERPOLATION.csv,,,,,,35.48160934448242,29.78492580004968,BeijingPM10Quality,1,MLP,INTERPOLATION,200,50,16,train,False
data/BeijingPM10Quality_TEST_dim1_INTERPOLATION.csv,0.0,1.0,1.0,0.0,0.0,35.54742101318876,0.0974257999332621,BeijingPM10Quality,1,MLP,INTERPOLATION,200,50,16,test,False
BeijingPM10Quality_TEST_dim1_INTERPOLATION_e0_eb1.0_decompressed.csv,1.0,9.369957956427571,7.988963479545504,1236.0,358.0,35.52195190953821,0.0683706999989226,BeijingPM10Quality,1,MLP,INTERPOLATION,200,50,16,test,True
BeijingPM10Quality_TEST_dim1_INTERPOLATION_e0_eb2.0_decompressed.csv,2.0,10.209167383880729,7.6721051533486335,1069.0,380.0,35.46666888490958,0.0908395000733435,BeijingPM10Quality,1,MLP,INTERPOLATION,200,50,16,test,True
BeijingPM10Quality_TEST_dim1_INTERPOLATION_e0_eb4.0_decompressed.csv,4.0,11.41007819287576,7.506869449831581,924.0,190.0,35.308943481408164,0.1532498999731615,BeijingPM10Quality,1,MLP,INTERPOLATION,200,50,16,test,True
BeijingPM10Quality_TEST_dim1_INTERPOLATION_e0_eb8.0_decompressed.csv,8.0,14.069635751453934,7.19926387094248,880.0,308.0,35.03613098843896,0.1291538999648764,BeijingPM10Quality,1,MLP,INTERPOLATION,200,50,16,test,True
data/BeijingPM10Quality_TRAIN_dim2_INTERPOLATION.csv,,,,,,1772.796142578125,526.0883920000633,BeijingPM10Quality,2,InceptionTime,INTERPOLATION,200,50,16,train,False
data/BeijingPM10Quality_TEST_dim2_INTERPOLATION.csv,0.0,1.0,1.0,0.0,0.0,1732.8887009833732,1.8493154998868704,BeijingPM10Quality,2,InceptionTime,INTERPOLATION,200,50,16,test,False
BeijingPM10Quality_TEST_dim2_INTERPOLATION_e0_eb128.0_decompressed.csv,128.0,15.068821153139918,7.607750069528135,827.0,194.0,1728.2306138347765,1.8994427000870928,BeijingPM10Quality,2,InceptionTime,INTERPOLATION,200,50,16,test,True
BeijingPM10Quality_TEST_dim2_INTERPOLATION_e0_eb256.0_decompressed.csv,256.0,22.15691992008208,6.602581018890999,728.0,289.0,1729.520817778049,1.7150538000278177,BeijingPM10Quality,2,InceptionTime,INTERPOLATION,200,50,16,test,True
BeijingPM10Quality_TEST_dim2_INTERPOLATION_e0_eb32.0_decompressed.csv,32.0,11.420412480169222,8.561794470526864,1091.0,191.0,1731.5443542419805,1.713689099997282,BeijingPM10Quality,2,InceptionTime,INTERPOLATION,200,50,16,test,True
BeijingPM10Quality_TEST_dim2_INTERPOLATION_e0_eb64.0_decompressed.csv,64.0,12.384148733890685,8.110131636162391,898.0,178.0,1730.988603416189,1.8490929999388757,BeijingPM10Quality,2,InceptionTime,INTERPOLATION,200,50,16,test,True
data/BeijingPM10Quality_TRAIN_dim2_INTERPOLATION.csv,,,,,,1748.06201171875,30.791544900042936,BeijingPM10Quality,2,MLP,INTERPOLATION,200,50,16,train,False
data/BeijingPM10Quality_TEST_dim2_INTERPOLATION.csv,0.0,1.0,1.0,0.0,0.0,1706.960684152866,0.0621145999757573,BeijingPM10Quality,2,MLP,INTERPOLATION,200,50,16,test,False
BeijingPM10Quality_TEST_dim2_INTERPOLATION_e0_eb128.0_decompressed.csv,128.0,15.068821153139918,7.607750069528135,960.0,226.0,1702.2692208802605,0.0615675000008195,BeijingPM10Quality,2,MLP,INTERPOLATION,200,50,16,test,True
BeijingPM10Quality_TEST_dim2_INTERPOLATION_e0_eb256.0_decompressed.csv,256.0,22.15691992008208,6.602581018890999,715.0,341.0,1703.3268081843514,0.0697034000186249,BeijingPM10Quality,2,MLP,INTERPOLATION,200,50,16,test,True
BeijingPM10Quality_TEST_dim2_INTERPOLATION_e0_eb32.0_decompressed.csv,32.0,11.420412480169222,8.561794470526864,1009.0,337.0,1705.645854890617,0.0691268000518903,BeijingPM10Quality,2,MLP,INTERPOLATION,200,50,16,test,True
BeijingPM10Quality_TEST_dim2_INTERPOLATION_e0_eb64.0_decompressed.csv,64.0,12.384148733890685,8.110131636162391,940.0,189.0,1705.1063142191074,0.0691590000642463,BeijingPM10Quality,2,MLP,INTERPOLATION,200,50,16,test,True
data/BeijingPM10Quality_TRAIN_dim3_INTERPOLATION.csv,,,,,,77.11293029785156,801.9075219000224,BeijingPM10Quality,3,InceptionTime,INTERPOLATION,200,50,16,train,False
data/BeijingPM10Quality_TEST_dim3_INTERPOLATION.csv,0.0,1.0,1.0,0.0,0.0,68.90309954466153,2.7201998999807984,BeijingPM10Quality,3,InceptionTime,INTERPOLATION,200,50,16,test,False
BeijingPM10Quality_TEST_dim3_INTERPOLATION_e0_eb2.0_decompressed.csv,2.0,10.564016972716214,7.72347217516517,1442.0,543.0,68.78373834215557,1.9510353000368923,BeijingPM10Quality,3,InceptionTime,INTERPOLATION,200,50,16,test,True
BeijingPM10Quality_TEST_dim3_INTERPOLATION_e0_eb4.0_decompressed.csv,4.0,11.98991617357002,7.274442051097948,1440.0,436.0,68.55616125574144,2.588416999904439,BeijingPM10Quality,3,InceptionTime,INTERPOLATION,200,50,16,test,True
BeijingPM10Quality_TEST_dim3_INTERPOLATION_e0_eb8.0_decompressed.csv,8.0,15.04550985892253,6.858337564167654,1299.0,266.0,68.98331164275463,2.46566480002366,BeijingPM10Quality,3,InceptionTime,INTERPOLATION,200,50,16,test,True
data/BeijingPM10Quality_TRAIN_dim3_INTERPOLATION.csv,,,,,,46.90701675415039,28.882342700031582,BeijingPM10Quality,3,MLP,INTERPOLATION,200,50,16,train,False
data/BeijingPM10Quality_TEST_dim3_INTERPOLATION.csv,0.0,1.0,1.0,0.0,0.0,41.047360077688126,0.0682239000452682,BeijingPM10Quality,3,MLP,INTERPOLATION,200,50,16,test,False
BeijingPM10Quality_TEST_dim3_INTERPOLATION_e0_eb2.0_decompressed.csv,2.0,10.564016972716214,7.72347217516517,1107.0,343.0,40.907378308668726,0.0584878999507054,BeijingPM10Quality,3,MLP,INTERPOLATION,200,50,16,test,True
BeijingPM10Quality_TEST_dim3_INTERPOLATION_e0_eb4.0_decompressed.csv,4.0,11.98991617357002,7.274442051097948,1029.0,335.0,40.8451277011557,0.0607844999758526,BeijingPM10Quality,3,MLP,INTERPOLATION,200,50,16,test,True
BeijingPM10Quality_TEST_dim3_INTERPOLATION_e0_eb8.0_decompressed.csv,8.0,15.04550985892253,6.858337564167654,883.0,171.0,41.443736720616535,0.0622460000449791,BeijingPM10Quality,3,MLP,INTERPOLATION,200,50,16,test,True
data/HouseholdPowerConsumption1_TRAIN_dim0_INTERPOLATION.csv,,,,,,3.000382423400879,522.5304354999971,HouseholdPowerConsumption1,0,FCN,INTERPOLATION,200,50,16,train,False
data/HouseholdPowerConsumption1_TEST_dim0_INTERPOLATION.csv,0.0,1.0,1.0,0.0,0.0,3.5197482781545197,3.678191800019704,HouseholdPowerConsumption1,0,FCN,INTERPOLATION,200,50,16,test,False
HouseholdPowerConsumption1_TEST_dim0_INTERPOLATION_e0_eb16.0_decompressed.csv,16.0,233817.8095238096,13.24893351213813,1354.0,1182.0,0.9687118576908652,3.233300699997926,HouseholdPowerConsumption1,0,FCN,INTERPOLATION,200,50,16,test,True
HouseholdPowerConsumption1_TEST_dim0_INTERPOLATION_e0_eb32.0_decompressed.csv,32.0,377705.6923076923,13.939075246574731,1444.0,1354.0,16.178009033203125,3.203877099993406,HouseholdPowerConsumption1,0,FCN,INTERPOLATION,200,50,16,test,True
HouseholdPowerConsumption1_TEST_dim0_INTERPOLATION_e0_eb4.0_decompressed.csv,4.0,735.0559880239521,5.433146997379789,1706.0,1378.0,3.242851275709035,3.4198983999958728,HouseholdPowerConsumption1,0,FCN,INTERPOLATION,200,50,16,test,True
HouseholdPowerConsumption1_TEST_dim0_INTERPOLATION_e0_eb8.0_decompressed.csv,8.0,5306.384005763689,6.364781064475151,1522.0,1293.0,2.837628527302394,3.209915399987949,HouseholdPowerConsumption1,0,FCN,INTERPOLATION,200,50,16,test,True
data/HouseholdPowerConsumption1_TRAIN_dim0_INTERPOLATION.csv,,,,,,2.995222806930542,3070.179968100012,HouseholdPowerConsumption1,0,InceptionTime,INTERPOLATION,200,50,16,train,False
data/HouseholdPowerConsumption1_TEST_dim0_INTERPOLATION.csv,0.0,1.0,1.0,0.0,0.0,3.512308416634049,16.056980299996212,HouseholdPowerConsumption1,0,InceptionTime,INTERPOLATION,200,50,16,test,False
HouseholdPowerConsumption1_TEST_dim0_INTERPOLATION_e0_eb16.0_decompressed.csv,16.0,233817.8095238096,13.24893351213813,1341.0,1257.0,0.9652742525213992,15.796282499999506,HouseholdPowerConsumption1,0,InceptionTime,INTERPOLATION,200,50,16,test,True
HouseholdPowerConsumption1_TEST_dim0_INTERPOLATION_e0_eb32.0_decompressed.csv,32.0,377705.6923076923,13.939075246574731,1888.0,1453.0,16.163970947265625,14.85729519999586,HouseholdPowerConsumption1,0,InceptionTime,INTERPOLATION,200,50,16,test,True
HouseholdPowerConsumption1_TEST_dim0_INTERPOLATION_e0_eb4.0_decompressed.csv,4.0,735.0559880239521,5.433146997379789,2146.0,1629.0,3.235762449841115,17.32231160000083,HouseholdPowerConsumption1,0,InceptionTime,INTERPOLATION,200,50,16,test,True
HouseholdPowerConsumption1_TEST_dim0_INTERPOLATION_e0_eb8.0_decompressed.csv,8.0,5306.384005763689,6.364781064475151,1870.0,1288.0,2.8323070014734992,16.48278059999575,HouseholdPowerConsumption1,0,InceptionTime,INTERPOLATION,200,50,16,test,True
data/HouseholdPowerConsumption1_TRAIN_dim0_INTERPOLATION.csv,,,,,,3.099017143249512,139.08288929995615,HouseholdPowerConsumption1,0,MLP,INTERPOLATION,200,50,16,train,False
data/HouseholdPowerConsumption1_TEST_dim0_INTERPOLATION.csv,0.0,1.0,1.0,0.0,0.0,3.655466234934335,0.6239933000179008,HouseholdPowerConsumption1,0,MLP,INTERPOLATION,200,50,16,test,False
HouseholdPowerConsumption1_TEST_dim0_INTERPOLATION_e0_eb16.0_decompressed.csv,16.0,233817.8095238096,13.24893351213813,1307.0,1171.0,1.0570077432863207,0.4786439000163227,HouseholdPowerConsumption1,0,MLP,INTERPOLATION,200,50,16,test,True
HouseholdPowerConsumption1_TEST_dim0_INTERPOLATION_e0_eb32.0_decompressed.csv,32.0,377705.6923076923,13.939075246574731,1568.0,1390.0,16.42236328125,0.5611603000434116,HouseholdPowerConsumption1,0,MLP,INTERPOLATION,200,50,16,test,True
HouseholdPowerConsumption1_TEST_dim0_INTERPOLATION_e0_eb4.0_decompressed.csv,4.0,735.0559880239521,5.433146997379789,1800.0,1431.0,3.373222714281221,0.5775827000616118,HouseholdPowerConsumption1,0,MLP,INTERPOLATION,200,50,16,test,True
HouseholdPowerConsumption1_TEST_dim0_INTERPOLATION_e0_eb8.0_decompressed.csv,8.0,5306.384005763689,6.364781064475151,1673.0,1297.0,2.9394688002270226,0.6035283000674099,HouseholdPowerConsumption1,0,MLP,INTERPOLATION,200,50,16,test,True
data/HouseholdPowerConsumption1_TRAIN_dim1_INTERPOLATION.csv,,,,,,4.380781650543213,444.8976514000096,HouseholdPowerConsumption1,1,FCN,INTERPOLATION,200,50,16,train,False
data/HouseholdPowerConsumption1_TEST_dim1_INTERPOLATION.csv,0.0,1.0,1.0,0.0,0.0,3.9143121738140585,2.9369294999924023,HouseholdPowerConsumption1,1,FCN,INTERPOLATION,200,50,16,test,False
HouseholdPowerConsumption1_TEST_dim1_INTERPOLATION_e0_eb0.0625_decompressed.csv,0.0625,16.835141659219794,14.332594476396451,5054.0,1590.0,3.9142930377160696,3.0269152999971998,HouseholdPowerConsumption1,1,FCN,INTERPOLATION,200,50,16,test,True
HouseholdPowerConsumption1_TEST_dim1_INTERPOLATION_e0_eb0.125_decompressed.csv,0.125,19.18288227420894,11.439299189624752,4527.0,1559.0,3.914292783835098,2.645603500015568,HouseholdPowerConsumption1,1,FCN,INTERPOLATION,200,50,16,test,True
HouseholdPowerConsumption1_TEST_dim1_INTERPOLATION_e0_eb0.25_decompressed.csv,0.25,25.003140598654447,10.87462470639061,3372.0,1505.0,3.917256625361593,2.691273000004003,HouseholdPowerConsumption1,1,FCN,INTERPOLATION,200,50,16,test,True
HouseholdPowerConsumption1_TEST_dim1_INTERPOLATION_e0_eb0.5_decompressed.csv,0.5,35.747076197863834,8.875600017778305,2935.0,1387.0,3.9287107376936574,2.674012900009984,HouseholdPowerConsumption1,1,FCN,INTERPOLATION,200,50,16,test,True
HouseholdPowerConsumption1_TEST_dim1_INTERPOLATION_e0_eb1.0_decompressed.csv,1.0,66.11836151333216,8.929629182466433,2153.0,1763.0,3.938952957706082,2.682170500018401,HouseholdPowerConsumption1,1,FCN,INTERPOLATION,200,50,16,test,True
data/HouseholdPowerConsumption1_TRAIN_dim1_INTERPOLATION.csv,,,,,,2.906414747238159,2095.8568597999983,HouseholdPowerConsumption1,1,InceptionTime,INTERPOLATION,200,50,16,train,False
data/HouseholdPowerConsumption1_TEST_dim1_INTERPOLATION.csv,0.0,1.0,1.0,0.0,0.0,2.926169537348099,13.408152100018924,HouseholdPowerConsumption1,1,InceptionTime,INTERPOLATION,200,50,16,test,False
HouseholdPowerConsumption1_TEST_dim1_INTERPOLATION_e0_eb0.0625_decompressed.csv,0.0625,16.835141659219794,14.332594476396451,4192.0,1641.0,2.9265761996468336,14.213571000000227,HouseholdPowerConsumption1,1,InceptionTime,INTERPOLATION,200,50,16,test,True
HouseholdPowerConsumption1_TEST_dim1_INTERPOLATION_e0_eb0.125_decompressed.csv,0.125,19.18288227420894,11.439299189624752,4765.0,1706.0,2.912440552430941,13.817537800001446,HouseholdPowerConsumption1,1,InceptionTime,INTERPOLATION,200,50,16,test,True
HouseholdPowerConsumption1_TEST_dim1_INTERPOLATION_e0_eb0.25_decompressed.csv,0.25,25.003140598654447,10.87462470639061,4112.0,2100.0,2.937473059991789,13.76083009998547,HouseholdPowerConsumption1,1,InceptionTime,INTERPOLATION,200,50,16,test,True
HouseholdPowerConsumption1_TEST_dim1_INTERPOLATION_e0_eb0.5_decompressed.csv,0.5,35.747076197863834,8.875600017778305,517982.0,1497.0,3.071786105679636,13.759015099989483,HouseholdPowerConsumption1,1,InceptionTime,INTERPOLATION,200,50,16,test,True
HouseholdPowerConsumption1_TEST_dim1_INTERPOLATION_e0_eb1.0_decompressed.csv,1.0,66.11836151333216,8.929629182466433,2202.0,2005.0,3.612424358565142,13.5790814999782,HouseholdPowerConsumption1,1,InceptionTime,INTERPOLATION,200,50,16,test,True
data/HouseholdPowerConsumption1_TRAIN_dim1_INTERPOLATION.csv,,,,,,3.463268756866455,98.3911453000037,HouseholdPowerConsumption1,1,MLP,INTERPOLATION,200,50,16,train,False
data/HouseholdPowerConsumption1_TEST_dim1_INTERPOLATION.csv,0.0,1.0,1.0,0.0,0.0,3.301048694565184,0.4892126000486314,HouseholdPowerConsumption1,1,MLP,INTERPOLATION,200,50,16,test,False
HouseholdPowerConsumption1_TEST_dim1_INTERPOLATION_e0_eb0.0625_decompressed.csv,0.0625,16.835141659219794,14.332594476396451,4968.0,1613.0,3.30104204142044,0.4830999000696465,HouseholdPowerConsumption1,1,MLP,INTERPOLATION,200,50,16,test,True
HouseholdPowerConsumption1_TEST_dim1_INTERPOLATION_e0_eb0.125_decompressed.csv,0.125,19.18288227420894,11.439299189624752,4583.0,1748.0,3.287318343200041,0.4968679000157863,HouseholdPowerConsumption1,1,MLP,INTERPOLATION,200,50,16,test,True
HouseholdPowerConsumption1_TEST_dim1_INTERPOLATION_e0_eb0.25_decompressed.csv,0.25,25.003140598654447,10.87462470639061,3439.0,4748.0,3.291244593693956,0.5032715999986976,HouseholdPowerConsumption1,1,MLP,INTERPOLATION,200,50,16,test,True
HouseholdPowerConsumption1_TEST_dim1_INTERPOLATION_e0_eb0.5_decompressed.csv,0.5,35.747076197863834,8.875600017778305,3156.0,1360.0,3.301638669172437,0.5171603000489995,HouseholdPowerConsumption1,1,MLP,INTERPOLATION,200,50,16,test,True
HouseholdPowerConsumption1_TEST_dim1_INTERPOLATION_e0_eb1.0_decompressed.csv,1.0,66.11836151333216,8.929629182466433,2132.0,1469.0,3.611578955996007,0.5610929999966174,HouseholdPowerConsumption1,1,MLP,INTERPOLATION,200,50,16,test,True
data/HouseholdPowerConsumption1_TRAIN_dim4_INTERPOLATION.csv,,,,,,2.7972543239593506,452.5387847000093,HouseholdPowerConsumption1,4,FCN,INTERPOLATION,200,50,16,train,False
data/HouseholdPowerConsumption1_TEST_dim4_INTERPOLATION.csv,0.0,1.0,1.0,0.0,0.0,2.9154608955010715,2.923439399979543,HouseholdPowerConsumption1,4,FCN,INTERPOLATION,200,50,16,test,False
HouseholdPowerConsumption1_TEST_dim4_INTERPOLATION_e0_eb1.0_decompressed.csv,1.0,108.87470621750587,26.64719750385665,1730.0,1575.0,6.254900895406966,3.069613600004232,HouseholdPowerConsumption1,4,FCN,INTERPOLATION,200,50,16,test,True
HouseholdPowerConsumption1_TEST_dim4_INTERPOLATION_e0_eb2.0_decompressed.csv,2.0,129.26138333403796,23.72962264443824,1735.0,1728.0,6.725568370146707,2.5861585999955423,HouseholdPowerConsumption1,4,FCN,INTERPOLATION,200,50,16,test,True
data/HouseholdPowerConsumption1_TRAIN_dim4_INTERPOLATION.csv,,,,,,2.514076232910156,2142.934307999996,HouseholdPowerConsumption1,4,InceptionTime,INTERPOLATION,200,50,16,train,False
data/HouseholdPowerConsumption1_TEST_dim4_INTERPOLATION.csv,0.0,1.0,1.0,0.0,0.0,2.983616942727157,13.41454729999532,HouseholdPowerConsumption1,4,InceptionTime,INTERPOLATION,200,50,16,test,False
HouseholdPowerConsumption1_TEST_dim4_INTERPOLATION_e0_eb1.0_decompressed.csv,1.0,108.87470621750587,26.64719750385665,1911.0,1225.0,6.890964711623909,13.348633300018264,HouseholdPowerConsumption1,4,InceptionTime,INTERPOLATION,200,50,16,test,True
HouseholdPowerConsumption1_TEST_dim4_INTERPOLATION_e0_eb2.0_decompressed.csv,2.0,129.26138333403796,23.72962264443824,2420.0,1418.0,7.183768879659886,13.431038999988232,HouseholdPowerConsumption1,4,InceptionTime,INTERPOLATION,200,50,16,test,True
data/HouseholdPowerConsumption1_TRAIN_dim4_INTERPOLATION.csv,,,,,,6.028716087341309,129.46415670006536,HouseholdPowerConsumption1,4,MLP,INTERPOLATION,200,50,16,train,False
data/HouseholdPowerConsumption1_TEST_dim4_INTERPOLATION.csv,0.0,1.0,1.0,0.0,0.0,6.415520999680431,0.4799687000922858,HouseholdPowerConsumption1,4,MLP,INTERPOLATION,200,50,16,test,False
HouseholdPowerConsumption1_TEST_dim4_INTERPOLATION_e0_eb1.0_decompressed.csv,1.0,108.87470621750587,26.64719750385665,1961.0,1553.0,7.671172057874883,0.4579484000569209,HouseholdPowerConsumption1,4,MLP,INTERPOLATION,200,50,16,test,True
HouseholdPowerConsumption1_TEST_dim4_INTERPOLATION_e0_eb2.0_decompressed.csv,2.0,129.26138333403796,23.72962264443824,2231.0,1150.0,8.265410544034982,0.4946017999900505,HouseholdPowerConsumption1,4,MLP,INTERPOLATION,200,50,16,test,True
data/HouseholdPowerConsumption2_TRAIN_dim0_INTERPOLATION.csv,,,,,,3.000382423400879,545.3660694999853,HouseholdPowerConsumption2,0,FCN,INTERPOLATION,200,50,16,train,False
data/HouseholdPowerConsumption2_TEST_dim0_INTERPOLATION.csv,0.0,1.0,1.0,0.0,0.0,3.5197482781545197,2.8608940000121947,HouseholdPowerConsumption2,0,FCN,INTERPOLATION,200,50,16,test,False
HouseholdPowerConsumption2_TEST_dim0_INTERPOLATION_e0_eb16.0_decompressed.csv,16.0,233817.8095238096,13.24893351213813,1392.0,1542.0,0.9687118576908652,2.6967718999949284,HouseholdPowerConsumption2,0,FCN,INTERPOLATION,200,50,16,test,True
HouseholdPowerConsumption2_TEST_dim0_INTERPOLATION_e0_eb32.0_decompressed.csv,32.0,377705.6923076923,13.939075246574731,1501.0,1416.0,16.178009033203125,2.7411296000063885,HouseholdPowerConsumption2,0,FCN,INTERPOLATION,200,50,16,test,True
HouseholdPowerConsumption2_TEST_dim0_INTERPOLATION_e0_eb4.0_decompressed.csv,4.0,735.0559880239521,5.433146997379789,1685.0,1395.0,3.242851275709035,2.894302800006699,HouseholdPowerConsumption2,0,FCN,INTERPOLATION,200,50,16,test,True
HouseholdPowerConsumption2_TEST_dim0_INTERPOLATION_e0_eb8.0_decompressed.csv,8.0,5306.384005763689,6.364781064475151,2056.0,1306.0,2.837628527302394,2.688917099992977,HouseholdPowerConsumption2,0,FCN,INTERPOLATION,200,50,16,test,True
data/HouseholdPowerConsumption2_TRAIN_dim0_INTERPOLATION.csv,,,,,,2.995222806930542,2508.4818177999696,HouseholdPowerConsumption2,0,InceptionTime,INTERPOLATION,200,50,16,train,False
data/HouseholdPowerConsumption2_TEST_dim0_INTERPOLATION.csv,0.0,1.0,1.0,0.0,0.0,3.512308416634049,14.019606600049883,HouseholdPowerConsumption2,0,InceptionTime,INTERPOLATION,200,50,16,test,False
HouseholdPowerConsumption2_TEST_dim0_INTERPOLATION_e0_eb16.0_decompressed.csv,16.0,233817.8095238096,13.24893351213813,1828.0,1222.0,0.9652742525213992,14.830623700050635,HouseholdPowerConsumption2,0,InceptionTime,INTERPOLATION,200,50,16,test,True
HouseholdPowerConsumption2_TEST_dim0_INTERPOLATION_e0_eb32.0_decompressed.csv,32.0,377705.6923076923,13.939075246574731,1256.0,1355.0,16.163970947265625,15.164211900089867,HouseholdPowerConsumption2,0,InceptionTime,INTERPOLATION,200,50,16,test,True
HouseholdPowerConsumption2_TEST_dim0_INTERPOLATION_e0_eb4.0_decompressed.csv,4.0,735.0559880239521,5.433146997379789,1719.0,1422.0,3.235762449841115,14.201664000051096,HouseholdPowerConsumption2,0,InceptionTime,INTERPOLATION,200,50,16,test,True
HouseholdPowerConsumption2_TEST_dim0_INTERPOLATION_e0_eb8.0_decompressed.csv,8.0,5306.384005763689,6.364781064475151,1980.0,1936.0,2.8323070014734992,16.030215800041333,HouseholdPowerConsumption2,0,InceptionTime,INTERPOLATION,200,50,16,test,True
data/HouseholdPowerConsumption2_TRAIN_dim0_INTERPOLATION.csv,,,,,,2.9991321563720703,117.83988479990512,HouseholdPowerConsumption2,0,MLP,INTERPOLATION,200,50,16,train,False
data/HouseholdPowerConsumption2_TEST_dim0_INTERPOLATION.csv,0.0,1.0,1.0,0.0,0.0,3.517949319715871,0.4772631000960246,HouseholdPowerConsumption2,0,MLP,INTERPOLATION,200,50,16,test,False
HouseholdPowerConsumption2_TEST_dim0_INTERPOLATION_e0_eb16.0_decompressed.csv,16.0,233817.8095238096,13.24893351213813,1304.0,1161.0,42.96875522365681,0.459177799988538,HouseholdPowerConsumption2,0,MLP,INTERPOLATION,200,50,16,test,True
HouseholdPowerConsumption2_TEST_dim0_INTERPOLATION_e0_eb32.0_decompressed.csv,32.0,377705.6923076923,13.939075246574731,1257.0,1347.0,59.248138427734375,0.5560870000626892,HouseholdPowerConsumption2,0,MLP,INTERPOLATION,200,50,16,test,True
HouseholdPowerConsumption2_TEST_dim0_INTERPOLATION_e0_eb4.0_decompressed.csv,4.0,735.0559880239521,5.433146997379789,2036.0,1474.0,6.391439157161304,0.5887606999604031,HouseholdPowerConsumption2,0,MLP,INTERPOLATION,200,50,16,test,True
HouseholdPowerConsumption2_TEST_dim0_INTERPOLATION_e0_eb8.0_decompressed.csv,8.0,5306.384005763689,6.364781064475151,1564.0,1271.0,26.46841540584741,0.5403322000056505,HouseholdPowerConsumption2,0,MLP,INTERPOLATION,200,50,16,test,True
data/HouseholdPowerConsumption2_TRAIN_dim1_INTERPOLATION.csv,,,,,,4.371524810791016,381.9473050000088,HouseholdPowerConsumption2,1,FCN,INTERPOLATION,200,50,16,train,False
data/HouseholdPowerConsumption2_TEST_dim1_INTERPOLATION.csv,0.0,1.0,1.0,0.0,0.0,3.895751898311967,2.4946588999882806,HouseholdPowerConsumption2,1,FCN,INTERPOLATION,200,50,16,test,False
HouseholdPowerConsumption2_TEST_dim1_INTERPOLATION_e0_eb0.0625_decompressed.csv,0.0625,16.835141659219794,14.332594476396451,4694.0,1545.0,3.8956995059970505,2.5955795999907423,HouseholdPowerConsumption2,1,FCN,INTERPOLATION,200,50,16,test,True
HouseholdPowerConsumption2_TEST_dim1_INTERPOLATION_e0_eb0.125_decompressed.csv,0.125,19.18288227420894,11.439299189624752,4048.0,1601.0,3.8966768941627343,2.2889166999957524,HouseholdPowerConsumption2,1,FCN,INTERPOLATION,200,50,16,test,True
HouseholdPowerConsumption2_TEST_dim1_INTERPOLATION_e0_eb0.25_decompressed.csv,0.25,25.003140598654447,10.87462470639061,3485.0,1482.0,3.8989468390897617,2.286913299991284,HouseholdPowerConsumption2,1,FCN,INTERPOLATION,200,50,16,test,True
HouseholdPowerConsumption2_TEST_dim1_INTERPOLATION_e0_eb0.5_decompressed.csv,0.5,35.747076197863834,8.875600017778305,2895.0,1362.0,3.910880455473704,2.3944225999875925,HouseholdPowerConsumption2,1,FCN,INTERPOLATION,200,50,16,test,True
HouseholdPowerConsumption2_TEST_dim1_INTERPOLATION_e0_eb1.0_decompressed.csv,1.0,66.11836151333216,8.929629182466433,2275.0,1480.0,3.918626336859769,2.2891269999963697,HouseholdPowerConsumption2,1,FCN,INTERPOLATION,200,50,16,test,True
data/HouseholdPowerConsumption2_TRAIN_dim1_INTERPOLATION.csv,,,,,,2.9349160194396973,2461.9489198999945,HouseholdPowerConsumption2,1,InceptionTime,INTERPOLATION,200,50,16,train,False
data/HouseholdPowerConsumption2_TEST_dim1_INTERPOLATION.csv,0.0,1.0,1.0,0.0,0.0,2.9802464989313715,17.325225499924272,HouseholdPowerConsumption2,1,InceptionTime,INTERPOLATION,200,50,16,test,False
HouseholdPowerConsumption2_TEST_dim1_INTERPOLATION_e0_eb0.0625_decompressed.csv,0.0625,16.835141659219794,14.332594476396451,6410.0,2233.0,2.9804542830742964,18.418972500017844,HouseholdPowerConsumption2,1,InceptionTime,INTERPOLATION,200,50,16,test,True
HouseholdPowerConsumption2_TEST_dim1_INTERPOLATION_e0_eb0.125_decompressed.csv,0.125,19.18288227420894,11.439299189624752,5565.0,2249.0,2.957849079915015,18.75518480001483,HouseholdPowerConsumption2,1,InceptionTime,INTERPOLATION,200,50,16,test,True
HouseholdPowerConsumption2_TEST_dim1_INTERPOLATION_e0_eb0.25_decompressed.csv,0.25,25.003140598654447,10.87462470639061,4892.0,2332.0,2.9863163063729283,17.16971259994898,HouseholdPowerConsumption2,1,InceptionTime,INTERPOLATION,200,50,16,test,True
HouseholdPowerConsumption2_TEST_dim1_INTERPOLATION_e0_eb0.5_decompressed.csv,0.5,35.747076197863834,8.875600017778305,4814.0,1896.0,3.0810235517165827,17.22811789996922,HouseholdPowerConsumption2,1,InceptionTime,INTERPOLATION,200,50,16,test,True
HouseholdPowerConsumption2_TEST_dim1_INTERPOLATION_e0_eb1.0_decompressed.csv,1.0,66.11836151333216,8.929629182466433,3367.0,2542.0,3.87264459382944,16.96107220009435,HouseholdPowerConsumption2,1,InceptionTime,INTERPOLATION,200,50,16,test,True
data/HouseholdPowerConsumption2_TRAIN_dim1_INTERPOLATION.csv,,,,,,3.46205472946167,94.13129110005684,HouseholdPowerConsumption2,1,MLP,INTERPOLATION,200,50,16,train,False
data/HouseholdPowerConsumption2_TEST_dim1_INTERPOLATION.csv,0.0,1.0,1.0,0.0,0.0,3.304898713717516,0.486246700049378,HouseholdPowerConsumption2,1,MLP,INTERPOLATION,200,50,16,test,False
HouseholdPowerConsumption2_TEST_dim1_INTERPOLATION_e0_eb0.0625_decompressed.csv,0.0625,16.835141659219794,14.332594476396451,4905.0,1590.0,3.3048937989744096,0.4567541000433266,HouseholdPowerConsumption2,1,MLP,INTERPOLATION,200,50,16,test,True
HouseholdPowerConsumption2_TEST_dim1_INTERPOLATION_e0_eb0.125_decompressed.csv,0.125,19.18288227420894,11.439299189624752,4449.0,1591.0,3.2913427490485123,0.461313399951905,HouseholdPowerConsumption2,1,MLP,INTERPOLATION,200,50,16,test,True
HouseholdPowerConsumption2_TEST_dim1_INTERPOLATION_e0_eb0.25_decompressed.csv,0.25,25.003140598654447,10.87462470639061,3606.0,1527.0,3.296294673913331,0.4726585000753402,HouseholdPowerConsumption2,1,MLP,INTERPOLATION,200,50,16,test,True
HouseholdPowerConsumption2_TEST_dim1_INTERPOLATION_e0_eb0.5_decompressed.csv,0.5,35.747076197863834,8.875600017778305,3044.0,1330.0,3.3056601960234957,0.5718659999547526,HouseholdPowerConsumption2,1,MLP,INTERPOLATION,200,50,16,test,True
HouseholdPowerConsumption2_TEST_dim1_INTERPOLATION_e0_eb1.0_decompressed.csv,1.0,66.11836151333216,8.929629182466433,2160.0,1462.0,3.613308883958421,0.5500836999854073,HouseholdPowerConsumption2,1,MLP,INTERPOLATION,200,50,16,test,True
data/BIDMC32_TRAIN_dimAVR.csv,,,,,,0.0306695718318223,253.03253130000667,BIDMC32,AVR,InceptionTime,,20,50,16,train,False
data/BIDMC32_TEST_dimAVR.csv,0.0,1.0,1.0,0.0,0.0,0.0412007738244849,0.4669887000054586,BIDMC32,AVR,InceptionTime,,20,50,16,test,False
BIDMC32_TEST_dimAVR_e0_eb0.00390625_decompressed.csv,0.00390625,11.824940680200369,6.115625852195255,499.0,52.0,0.0848483805284204,0.4364364999928511,BIDMC32,AVR,InceptionTime,,20,50,16,test,True
BIDMC32_TEST_dimAVR_e0_eb0.0078125_decompressed.csv,0.0078125,13.141517726340464,6.472150072150072,368.0,50.0,0.0931624521850219,0.509783299989067,BIDMC32,AVR,InceptionTime,,20,50,16,test,True
BIDMC32_TEST_dimAVR_e0_eb0.015625_decompressed.csv,0.015625,16.970109723798714,6.124812235422641,354.0,56.0,0.1348420308478215,0.5897453000070527,BIDMC32,AVR,InceptionTime,,20,50,16,test,True
BIDMC32_TEST_dimAVR_e0_eb0.03125_decompressed.csv,0.03125,23.8067940552017,6.009110396570204,358.0,58.0,0.2335757481390427,0.5661069999914616,BIDMC32,AVR,InceptionTime,,20,50,16,test,True
BIDMC32_TEST_dimAVR_e0_eb0.0625_decompressed.csv,0.0625,32.12893982808023,6.266871594243398,391.0,60.0,0.2369710624804558,0.555353700008709,BIDMC32,AVR,InceptionTime,,20,50,16,test,True
data/BIDMC32_TRAIN_dimAVR.csv,,,,,,0.070328488945961,62.45449509995524,BIDMC32,AVR,MLP,,20,50,16,train,False
data/BIDMC32_TEST_dimAVR.csv,0.0,1.0,1.0,0.0,0.0,0.0786740491421503,0.113443800015375,BIDMC32,AVR,MLP,,20,50,16,test,False
BIDMC32_TEST_dimAVR_e0_eb0.00390625_decompressed.csv,0.00390625,11.824940680200369,6.115625852195255,556.0,73.0,0.0800418877221952,0.101079799933359,BIDMC32,AVR,MLP,,20,50,16,test,True
BIDMC32_TEST_dimAVR_e0_eb0.0078125_decompressed.csv,0.0078125,13.141517726340464,6.472150072150072,641.0,67.0,0.0725636457732775,0.1033161000814288,BIDMC32,AVR,MLP,,20,50,16,test,True
BIDMC32_TEST_dimAVR_e0_eb0.015625_decompressed.csv,0.015625,16.970109723798714,6.124812235422641,491.0,64.0,0.1386997232222804,0.0977176999440416,BIDMC32,AVR,MLP,,20,50,16,test,True
BIDMC32_TEST_dimAVR_e0_eb0.03125_decompressed.csv,0.03125,23.8067940552017,6.009110396570204,645.0,48.0,0.2242800822985318,0.1229132999433204,BIDMC32,AVR,MLP,,20,50,16,test,True
BIDMC32_TEST_dimAVR_e0_eb0.0625_decompressed.csv,0.0625,32.12893982808023,6.266871594243398,729.0,98.0,0.1436083553744958,0.0994226000038907,BIDMC32,AVR,MLP,,20,50,16,test,True
data/BIDMC32_TRAIN_dimAVR.csv,,,,,,0.0408880412578582,41.36963330001163,BIDMC32,AVR,RNN,,20,50,16,train,False
data/BIDMC32_TEST_dimAVR.csv,0.0,1.0,1.0,0.0,0.0,0.048322001572683,0.0918688000092515,BIDMC32,AVR,RNN,,20,50,16,test,False
BIDMC32_TEST_dimAVR_e0_eb0.00390625_decompressed.csv,0.00390625,11.824940680200369,6.115625852195255,364.0,49.0,0.1114790387068048,0.0814192999969236,BIDMC32,AVR,RNN,,20,50,16,test,True
BIDMC32_TEST_dimAVR_e0_eb0.0078125_decompressed.csv,0.0078125,13.141517726340464,6.472150072150072,481.0,59.0,0.1135309002030023,0.0865849999972852,BIDMC32,AVR,RNN,,20,50,16,test,True
BIDMC32_TEST_dimAVR_e0_eb0.015625_decompressed.csv,0.015625,16.970109723798714,6.124812235422641,355.0,32.0,0.1603049965060294,0.0838571000058436,BIDMC32,AVR,RNN,,20,50,16,test,True
BIDMC32_TEST_dimAVR_e0_eb0.03125_decompressed.csv,0.03125,23.8067940552017,6.009110396570204,356.0,47.0,0.2435308723584809,0.0960740999871632,BIDMC32,AVR,RNN,,20,50,16,test,True
BIDMC32_TEST_dimAVR_e0_eb0.0625_decompressed.csv,0.0625,32.12893982808023,6.266871594243398,378.0,56.0,0.2359335272845686,0.0992839999962598,BIDMC32,AVR,RNN,,20,50,16,test,True
data/BIDMC32_TRAIN_dimII.csv,,,,,,0.0305630769580602,255.61221940000544,BIDMC32,II,InceptionTime,,20,50,16,train,False
data/BIDMC32_TEST_dimII.csv,0.0,1.0,1.0,0.0,0.0,0.040189878965318,0.4575012999994214,BIDMC32,II,InceptionTime,,20,50,16,test,False
BIDMC32_TEST_dimII_e0_eb0.015625_decompressed.csv,0.015625,13.257986447241043,6.745444097849286,369.0,61.0,0.10618301828617,0.4254394000163302,BIDMC32,II,InceptionTime,,20,50,16,test,True
BIDMC32_TEST_dimII_e0_eb0.03125_decompressed.csv,0.03125,19.334823529411764,6.745444097849286,453.0,44.0,0.1268451012803126,0.4537755000055767,BIDMC32,II,InceptionTime,,20,50,16,test,True
BIDMC32_TEST_dimII_e0_eb0.0625_decompressed.csv,0.0625,29.92461762563729,6.590712223291627,342.0,42.0,0.1915873382110825,0.5284088999906089,BIDMC32,II,InceptionTime,,20,50,16,test,True
BIDMC32_TEST_dimII_e0_eb0.125_decompressed.csv,0.125,42.53260869565217,8.016878048780487,363.0,43.0,0.1928041291108507,0.4868545999925118,BIDMC32,II,InceptionTime,,20,50,16,test,True
data/BIDMC32_TRAIN_dimII.csv,,,,,,0.056290753185749,66.26764810003806,BIDMC32,II,MLP,,20,50,16,train,False
data/BIDMC32_TEST_dimII.csv,0.0,1.0,1.0,0.0,0.0,0.0617330121902942,0.0899820000631734,BIDMC32,II,MLP,,20,50,16,test,False
BIDMC32_TEST_dimII_e0_eb0.015625_decompressed.csv,0.015625,13.257986447241043,6.745444097849286,532.0,69.0,0.1257689227488553,0.129968799999915,BIDMC32,II,MLP,,20,50,16,test,True
BIDMC32_TEST_dimII_e0_eb0.03125_decompressed.csv,0.03125,19.334823529411764,6.745444097849286,554.0,57.0,0.1260623616794237,0.0847190999193117,BIDMC32,II,MLP,,20,50,16,test,True
BIDMC32_TEST_dimII_e0_eb0.0625_decompressed.csv,0.0625,29.92461762563729,6.590712223291627,468.0,74.0,0.2028288380729489,0.1277342999819666,BIDMC32,II,MLP,,20,50,16,test,True
BIDMC32_TEST_dimII_e0_eb0.125_decompressed.csv,0.125,42.53260869565217,8.016878048780487,505.0,58.0,0.1807346081030918,0.0993529000552371,BIDMC32,II,MLP,,20,50,16,test,True
data/BIDMC32_TRAIN_dimII.csv,,,,,,0.1212305575609207,43.01075820000551,BIDMC32,II,RNN,,20,50,16,train,False
data/BIDMC32_TEST_dimII.csv,0.0,1.0,1.0,0.0,0.0,0.1124111149122118,0.0812936000002082,BIDMC32,II,RNN,,20,50,16,test,False
BIDMC32_TEST_dimII_e0_eb0.015625_decompressed.csv,0.015625,13.257986447241043,6.745444097849286,368.0,56.0,0.1722070176188581,0.0733485000091604,BIDMC32,II,RNN,,20,50,16,test,True
BIDMC32_TEST_dimII_e0_eb0.03125_decompressed.csv,0.03125,19.334823529411764,6.745444097849286,366.0,51.0,0.1571333584889651,0.075601500007906,BIDMC32,II,RNN,,20,50,16,test,True
BIDMC32_TEST_dimII_e0_eb0.0625_decompressed.csv,0.0625,29.92461762563729,6.590712223291627,350.0,57.0,0.2061579943039821,0.0751531999994767,BIDMC32,II,RNN,,20,50,16,test,True
BIDMC32_TEST_dimII_e0_eb0.125_decompressed.csv,0.125,42.53260869565217,8.016878048780487,365.0,45.0,0.1600600914677053,0.0788795000116806,BIDMC32,II,RNN,,20,50,16,test,True
data/BIDMC32_TRAIN_dimPLETH.csv,,,,,,0.0481146797537803,253.28422750000027,BIDMC32,PLETH,InceptionTime,,20,50,16,train,False
data/BIDMC32_TEST_dimPLETH.csv,0.0,1.0,1.0,0.0,0.0,0.1855304325668977,0.4695844000088982,BIDMC32,PLETH,InceptionTime,,20,50,16,test,False
BIDMC32_TEST_dimPLETH_e0_eb0.0078125_decompressed.csv,0.0078125,24.070011500862563,5.439603638726446,342.0,49.0,0.0838152021901215,0.4310852999915369,BIDMC32,PLETH,InceptionTime,,20,50,16,test,True
BIDMC32_TEST_dimPLETH_e0_eb0.015625_decompressed.csv,0.015625,48.74264919941776,5.597639664337534,344.0,58.0,0.1686729267446788,0.4398569999902975,BIDMC32,PLETH,InceptionTime,,20,50,16,test,True
BIDMC32_TEST_dimPLETH_e0_eb0.03125_decompressed.csv,0.03125,84.00953336678374,5.566005119510654,341.0,51.0,0.0823652962885597,0.5128103999886662,BIDMC32,PLETH,InceptionTime,,20,50,16,test,True
BIDMC32_TEST_dimPLETH_e0_eb0.0625_decompressed.csv,0.0625,168.10341365461846,5.431838826888139,376.0,55.0,0.1425058364292169,0.4986945999844465,BIDMC32,PLETH,InceptionTime,,20,50,16,test,True
data/BIDMC32_TRAIN_dimPLETH.csv,,,,,,0.0499085523188114,65.35474969993811,BIDMC32,PLETH,MLP,,20,50,16,train,False
data/BIDMC32_TEST_dimPLETH.csv,0.0,1.0,1.0,0.0,0.0,0.0676431043710583,0.1045503000495955,BIDMC32,PLETH,MLP,,20,50,16,test,False
BIDMC32_TEST_dimPLETH_e0_eb0.0078125_decompressed.csv,0.0078125,24.070011500862563,5.439603638726446,523.0,72.0,0.0594972650740397,0.1093884999863803,BIDMC32,PLETH,MLP,,20,50,16,test,True
BIDMC32_TEST_dimPLETH_e0_eb0.015625_decompressed.csv,0.015625,48.74264919941776,5.597639664337534,451.0,61.0,0.0691341981702825,0.0920593000482767,BIDMC32,PLETH,MLP,,20,50,16,test,True
BIDMC32_TEST_dimPLETH_e0_eb0.03125_decompressed.csv,0.03125,84.00953336678374,5.566005119510654,473.0,66.0,0.0641720391934077,0.094120500027202,BIDMC32,PLETH,MLP,,20,50,16,test,True
BIDMC32_TEST_dimPLETH_e0_eb0.0625_decompressed.csv,0.0625,168.10341365461846,5.431838826888139,459.0,185.0,0.0771487105377525,0.0873460000148043,BIDMC32,PLETH,MLP,,20,50,16,test,True
data/BIDMC32_TRAIN_dimPLETH.csv,,,,,,0.0503506511449813,42.23988219999592,BIDMC32,PLETH,RNN,,20,50,16,train,False
data/BIDMC32_TEST_dimPLETH.csv,0.0,1.0,1.0,0.0,0.0,0.0535523042714323,0.0832304000068688,BIDMC32,PLETH,RNN,,20,50,16,test,False
BIDMC32_TEST_dimPLETH_e0_eb0.0078125_decompressed.csv,0.0078125,24.070011500862563,5.439603638726446,368.0,38.0,0.081739651055262,0.0759171999961836,BIDMC32,PLETH,RNN,,20,50,16,test,True
BIDMC32_TEST_dimPLETH_e0_eb0.015625_decompressed.csv,0.015625,48.74264919941776,5.597639664337534,337.0,139.0,0.0773705000039939,0.0757126999960746,BIDMC32,PLETH,RNN,,20,50,16,test,True
BIDMC32_TEST_dimPLETH_e0_eb0.03125_decompressed.csv,0.03125,84.00953336678374,5.566005119510654,343.0,45.0,0.0702603813857769,0.0800801000004867,BIDMC32,PLETH,RNN,,20,50,16,test,True
BIDMC32_TEST_dimPLETH_e0_eb0.0625_decompressed.csv,0.0625,168.10341365461846,5.431838826888139,346.0,42.0,0.0790169595129974,0.0792657999991206,BIDMC32,PLETH,RNN,,20,50,16,test,True
data/BIDMC32_TRAIN_dimRESP.csv,,,,,,0.3378269076347351,53078.47431210001,BIDMC32,RESP,InceptionTime,,20,50,16,train,False
data/BIDMC32_TEST_dimRESP.csv,0.0,1.0,1.0,0.0,0.0,0.3250541495512678,0.5157947999832686,BIDMC32,RESP,InceptionTime,,20,50,16,test,False
BIDMC32_TEST_dimRESP_e0_eb0.0078125_decompressed.csv,0.0078125,15.901197053406998,4.955435032139578,494.0,87.0,1.2458271371220564,0.5148269000055734,BIDMC32,RESP,InceptionTime,,20,50,16,test,True
BIDMC32_TEST_dimRESP_e0_eb0.015625_decompressed.csv,0.015625,19.32486571172784,5.071273346646306,387.0,56.0,1.1077549628313434,0.4664714999962598,BIDMC32,RESP,InceptionTime,,20,50,16,test,True
BIDMC32_TEST_dimRESP_e0_eb0.03125_decompressed.csv,0.03125,30.69991111111111,5.289197218904101,469.0,50.0,0.7301066649878559,0.4781294999993406,BIDMC32,RESP,InceptionTime,,20,50,16,test,True
BIDMC32_TEST_dimRESP_e0_eb0.0625_decompressed.csv,0.0625,51.56375037324575,5.398324424020757,595.0,162.0,0.7556491371122873,0.4904523000004701,BIDMC32,RESP,InceptionTime,,20,50,16,test,True
data/BIDMC32_TRAIN_dimRESP.csv,,,,,,0.489662617444992,59.60178150003776,BIDMC32,RESP,MLP,,20,50,16,train,False
data/BIDMC32_TEST_dimRESP.csv,0.0,1.0,1.0,0.0,0.0,0.4830109688442762,0.1151955999666825,BIDMC32,RESP,MLP,,20,50,16,test,False
BIDMC32_TEST_dimRESP_e0_eb0.0078125_decompressed.csv,0.0078125,15.901197053406998,4.955435032139578,477.0,76.0,0.4878156219229626,0.1014314000494778,BIDMC32,RESP,MLP,,20,50,16,test,True
BIDMC32_TEST_dimRESP_e0_eb0.015625_decompressed.csv,0.015625,19.32486571172784,5.071273346646306,468.0,53.0,0.4877506999950426,0.0847852999577298,BIDMC32,RESP,MLP,,20,50,16,test,True
BIDMC32_TEST_dimRESP_e0_eb0.03125_decompressed.csv,0.03125,30.69991111111111,5.289197218904101,439.0,54.0,0.4859916479845956,0.0948497999925166,BIDMC32,RESP,MLP,,20,50,16,test,True
BIDMC32_TEST_dimRESP_e0_eb0.0625_decompressed.csv,0.0625,51.56375037324575,5.398324424020757,551.0,57.0,0.4929887749297174,0.0968625000678002,BIDMC32,RESP,MLP,,20,50,16,test,True
data/BIDMC32_TRAIN_dimRESP.csv,,,,,,0.5020251870155334,42.04971639999712,BIDMC32,RESP,RNN,,20,50,16,train,False
data/BIDMC32_TEST_dimRESP.csv,0.0,1.0,1.0,0.0,0.0,0.4944319902261172,0.1049198000109754,BIDMC32,RESP,RNN,,20,50,16,test,False
BIDMC32_TEST_dimRESP_e0_eb0.0078125_decompressed.csv,0.0078125,15.901197053406998,4.955435032139578,358.0,37.0,0.5015972501340761,0.0756486000027507,BIDMC32,RESP,RNN,,20,50,16,test,True
BIDMC32_TEST_dimRESP_e0_eb0.015625_decompressed.csv,0.015625,19.32486571172784,5.071273346646306,348.0,57.0,0.4967328035783103,0.0995187999942572,BIDMC32,RESP,RNN,,20,50,16,test,True
BIDMC32_TEST_dimRESP_e0_eb0.03125_decompressed.csv,0.03125,30.69991111111111,5.289197218904101,350.0,42.0,0.4965695427122548,0.0808790000010049,BIDMC32,RESP,RNN,,20,50,16,test,True
BIDMC32_TEST_dimRESP_e0_eb0.0625_decompressed.csv,0.0625,51.56375037324575,5.398324424020757,365.0,147.0,0.5035479766142351,0.0830760999961057,BIDMC32,RESP,RNN,,20,50,16,test,True
data/BIDMC32_TRAIN_dimV.csv,,,,,,0.0244264807552099,241.6147332000255,BIDMC32,V,InceptionTime,,20,50,16,train,False
data/BIDMC32_TEST_dimV.csv,0.0,1.0,1.0,0.0,0.0,0.0259928001315024,0.4634533999778796,BIDMC32,V,InceptionTime,,20,50,16,test,False
BIDMC32_TEST_dimV_e0_eb0.015625_decompressed.csv,0.015625,12.0512162954279,6.744095456782024,392.0,42.0,0.1102577292823328,0.441947400016943,BIDMC32,V,InceptionTime,,20,50,16,test,True
BIDMC32_TEST_dimV_e0_eb0.03125_decompressed.csv,0.03125,17.512244463373083,6.961020822752666,370.0,48.0,0.0786217942275865,0.4643799999903422,BIDMC32,V,InceptionTime,,20,50,16,test,True
BIDMC32_TEST_dimV_e0_eb0.0625_decompressed.csv,0.0625,30.32356194690265,7.100457606630979,345.0,55.0,0.1711249339900336,0.5198473999917042,BIDMC32,V,InceptionTime,,20,50,16,test,True
BIDMC32_TEST_dimV_e0_eb0.125_decompressed.csv,0.125,43.05628272251309,7.580890486725663,436.0,63.0,0.2661450156437585,0.5087380000040866,BIDMC32,V,InceptionTime,,20,50,16,test,True
data/BIDMC32_TRAIN_dimV.csv,,,,,,0.0535034984350204,66.67438070010394,BIDMC32,V,MLP,,20,50,16,train,False
data/BIDMC32_TEST_dimV.csv,0.0,1.0,1.0,0.0,0.0,0.0623217571014501,0.098940199939534,BIDMC32,V,MLP,,20,50,16,test,False
BIDMC32_TEST_dimV_e0_eb0.015625_decompressed.csv,0.015625,12.0512162954279,6.744095456782024,550.0,61.0,0.072193044824287,0.094170399941504,BIDMC32,V,MLP,,20,50,16,test,True
BIDMC32_TEST_dimV_e0_eb0.03125_decompressed.csv,0.03125,17.512244463373083,6.961020822752666,569.0,65.0,0.0804903658508519,0.098923199926503,BIDMC32,V,MLP,,20,50,16,test,True
BIDMC32_TEST_dimV_e0_eb0.0625_decompressed.csv,0.0625,30.32356194690265,7.100457606630979,469.0,55.0,0.2310856314738737,0.0906662000343203,BIDMC32,V,MLP,,20,50,16,test,True
BIDMC32_TEST_dimV_e0_eb0.125_decompressed.csv,0.125,43.05628272251309,7.580890486725663,512.0,55.0,0.3800554215830853,0.0935049999970942,BIDMC32,V,MLP,,20,50,16,test,True
data/BIDMC32_TRAIN_dimV.csv,,,,,,0.1437289863824844,42.26217779998842,BIDMC32,V,RNN,,20,50,16,train,False
data/BIDMC32_TEST_dimV.csv,0.0,1.0,1.0,0.0,0.0,0.1521518513025851,0.0898923999920953,BIDMC32,V,RNN,,20,50,16,test,False
BIDMC32_TEST_dimV_e0_eb0.015625_decompressed.csv,0.015625,12.0512162954279,6.744095456782024,375.0,42.0,0.1627653035343756,0.0855855000118026,BIDMC32,V,RNN,,20,50,16,test,True
BIDMC32_TEST_dimV_e0_eb0.03125_decompressed.csv,0.03125,17.512244463373083,6.961020822752666,361.0,50.0,0.168988325719,0.0867934999987483,BIDMC32,V,RNN,,20,50,16,test,True
BIDMC32_TEST_dimV_e0_eb0.0625_decompressed.csv,0.0625,30.32356194690265,7.100457606630979,358.0,42.0,0.2611429184279072,0.0906826999998884,BIDMC32,V,RNN,,20,50,16,test,True
BIDMC32_TEST_dimV_e0_eb0.125_decompressed.csv,0.125,43.05628272251309,7.580890486725663,354.0,43.0,0.3555979550639775,0.0976375000027474,BIDMC32,V,RNN,,20,50,16,test,True
data/BIDMC32_TRAIN_dimAVR.csv,,,,,,0.0280136093497276,174.40676419998636,BIDMC32,AVR,InceptionTime,,40,50,16,train,False
data/BIDMC32_TEST_dimAVR.csv,0.0,1.0,1.0,0.0,0.0,0.0617330074989975,0.3197097000083886,BIDMC32,AVR,InceptionTime,,40,50,16,test,False
BIDMC32_TEST_dimAVR_e0_eb0.00390625_decompressed.csv,0.00390625,11.824940680200369,6.115625852195255,390.0,151.0,0.0629316752149024,0.2973006000102032,BIDMC32,AVR,InceptionTime,,40,50,16,test,True
BIDMC32_TEST_dimAVR_e0_eb0.0078125_decompressed.csv,0.0078125,13.141517726340464,6.472150072150072,383.0,48.0,0.0607774534580687,0.3216011000040453,BIDMC32,AVR,InceptionTime,,40,50,16,test,True
BIDMC32_TEST_dimAVR_e0_eb0.015625_decompressed.csv,0.015625,16.970109723798714,6.124812235422641,372.0,46.0,0.0646212244781298,0.3163466000114567,BIDMC32,AVR,InceptionTime,,40,50,16,test,True
BIDMC32_TEST_dimAVR_e0_eb0.03125_decompressed.csv,0.03125,23.8067940552017,6.009110396570204,402.0,72.0,0.1465260408392092,0.3668804000189993,BIDMC32,AVR,InceptionTime,,40,50,16,test,True
BIDMC32_TEST_dimAVR_e0_eb0.0625_decompressed.csv,0.0625,32.12893982808023,6.266871594243398,393.0,51.0,0.0660279647359411,0.3460442000068724,BIDMC32,AVR,InceptionTime,,40,50,16,test,True
data/BIDMC32_TRAIN_dimAVR.csv,,,,,,0.0325965881347656,31.86791410006117,BIDMC32,AVR,MLP,,40,50,16,train,False
data/BIDMC32_TEST_dimAVR.csv,0.0,1.0,1.0,0.0,0.0,0.0840049166061668,0.063129200018011,BIDMC32,AVR,MLP,,40,50,16,test,False
BIDMC32_TEST_dimAVR_e0_eb0.00390625_decompressed.csv,0.00390625,11.824940680200369,6.115625852195255,539.0,67.0,0.0860807305903513,0.095374200027436,BIDMC32,AVR,MLP,,40,50,16,test,True
BIDMC32_TEST_dimAVR_e0_eb0.0078125_decompressed.csv,0.0078125,13.141517726340464,6.472150072150072,543.0,68.0,0.0724100694986618,0.0622766999294981,BIDMC32,AVR,MLP,,40,50,16,test,True
BIDMC32_TEST_dimAVR_e0_eb0.015625_decompressed.csv,0.015625,16.970109723798714,6.124812235422641,499.0,77.0,0.080816127792984,0.0513204000890255,BIDMC32,AVR,MLP,,40,50,16,test,True
BIDMC32_TEST_dimAVR_e0_eb0.03125_decompressed.csv,0.03125,23.8067940552017,6.009110396570204,476.0,63.0,0.1369652130318618,0.0509576000040397,BIDMC32,AVR,MLP,,40,50,16,test,True
BIDMC32_TEST_dimAVR_e0_eb0.0625_decompressed.csv,0.0625,32.12893982808023,6.266871594243398,715.0,71.0,0.111853454615949,0.0497817000141367,BIDMC32,AVR,MLP,,40,50,16,test,True
data/BIDMC32_TRAIN_dimAVR.csv,,,,,,0.1926376521587371,42.9878810000082,BIDMC32,AVR,RNN,,40,50,16,train,False
data/BIDMC32_TEST_dimAVR.csv,0.0,1.0,1.0,0.0,0.0,0.2307352563616953,0.0813436999887926,BIDMC32,AVR,RNN,,40,50,16,test,False
BIDMC32_TEST_dimAVR_e0_eb0.00390625_decompressed.csv,0.00390625,11.824940680200369,6.115625852195255,538.0,52.0,0.2298956833283427,0.2033500999968964,BIDMC32,AVR,RNN,,40,50,16,test,True
BIDMC32_TEST_dimAVR_e0_eb0.0078125_decompressed.csv,0.0078125,13.141517726340464,6.472150072150072,457.0,65.0,0.2109426373687439,0.0765562000015052,BIDMC32,AVR,RNN,,40,50,16,test,True
BIDMC32_TEST_dimAVR_e0_eb0.015625_decompressed.csv,0.015625,16.970109723798714,6.124812235422641,448.0,55.0,0.2154549196042066,0.0773451999993994,BIDMC32,AVR,RNN,,40,50,16,test,True
BIDMC32_TEST_dimAVR_e0_eb0.03125_decompressed.csv,0.03125,23.8067940552017,6.009110396570204,417.0,54.0,0.2439898177891545,0.0741479999996954,BIDMC32,AVR,RNN,,40,50,16,test,True
BIDMC32_TEST_dimAVR_e0_eb0.0625_decompressed.csv,0.0625,32.12893982808023,6.266871594243398,501.0,67.0,0.207963707206357,0.0830745999992359,BIDMC32,AVR,RNN,,40,50,16,test,True
data/BIDMC32_TRAIN_dimII.csv,,,,,,0.0234872605651617,172.4005261999846,BIDMC32,II,InceptionTime,,40,50,16,train,False
data/BIDMC32_TEST_dimII.csv,0.0,1.0,1.0,0.0,0.0,0.0345346465146921,0.3151624999882187,BIDMC32,II,InceptionTime,,40,50,16,test,False
BIDMC32_TEST_dimII_e0_eb0.015625_decompressed.csv,0.015625,13.257986447241043,6.745444097849286,383.0,49.0,0.070819921232356,0.2935570999979973,BIDMC32,II,InceptionTime,,40,50,16,test,True
BIDMC32_TEST_dimII_e0_eb0.03125_decompressed.csv,0.03125,19.334823529411764,6.745444097849286,367.0,156.0,0.0727518200762946,0.3216229000245221,BIDMC32,II,InceptionTime,,40,50,16,test,True
BIDMC32_TEST_dimII_e0_eb0.0625_decompressed.csv,0.0625,29.92461762563729,6.590712223291627,351.0,49.0,0.1296079642966942,0.3125026999914553,BIDMC32,II,InceptionTime,,40,50,16,test,True
BIDMC32_TEST_dimII_e0_eb0.125_decompressed.csv,0.125,42.53260869565217,8.016878048780487,367.0,45.0,0.1954221771490815,0.3672882000100799,BIDMC32,II,InceptionTime,,40,50,16,test,True
data/BIDMC32_TRAIN_dimII.csv,,,,,,0.0388578362762928,35.88355730008334,BIDMC32,II,MLP,,40,50,16,train,False
data/BIDMC32_TEST_dimII.csv,0.0,1.0,1.0,0.0,0.0,0.0592006635177917,0.0707796999486163,BIDMC32,II,MLP,,40,50,16,test,False
BIDMC32_TEST_dimII_e0_eb0.015625_decompressed.csv,0.015625,13.257986447241043,6.745444097849286,520.0,191.0,0.0774705990855514,0.0532400000374764,BIDMC32,II,MLP,,40,50,16,test,True
BIDMC32_TEST_dimII_e0_eb0.03125_decompressed.csv,0.03125,19.334823529411764,6.745444097849286,604.0,79.0,0.0914798263045281,0.0572781999362632,BIDMC32,II,MLP,,40,50,16,test,True
BIDMC32_TEST_dimII_e0_eb0.0625_decompressed.csv,0.0625,29.92461762563729,6.590712223291627,570.0,76.0,0.1353793274828639,0.0585569000104442,BIDMC32,II,MLP,,40,50,16,test,True
BIDMC32_TEST_dimII_e0_eb0.125_decompressed.csv,0.125,42.53260869565217,8.016878048780487,566.0,82.0,0.1064285867644019,0.0604904999490827,BIDMC32,II,MLP,,40,50,16,test,True
data/BIDMC32_TRAIN_dimII.csv,,,,,,0.0547650232911109,42.60304010000255,BIDMC32,II,RNN,,40,50,16,train,False
data/BIDMC32_TEST_dimII.csv,0.0,1.0,1.0,0.0,0.0,0.0623280804719481,0.0984133999882033,BIDMC32,II,RNN,,40,50,16,test,False
BIDMC32_TEST_dimII_e0_eb0.015625_decompressed.csv,0.015625,13.257986447241043,6.745444097849286,512.0,170.0,0.0732580759667224,0.0787638000037986,BIDMC32,II,RNN,,40,50,16,test,True
BIDMC32_TEST_dimII_e0_eb0.03125_decompressed.csv,0.03125,19.334823529411764,6.745444097849286,491.0,57.0,0.0857502335299973,0.0820265999936964,BIDMC32,II,RNN,,40,50,16,test,True
BIDMC32_TEST_dimII_e0_eb0.0625_decompressed.csv,0.0625,29.92461762563729,6.590712223291627,406.0,66.0,0.086513399000507,0.0831561999948462,BIDMC32,II,RNN,,40,50,16,test,True
BIDMC32_TEST_dimII_e0_eb0.125_decompressed.csv,0.125,42.53260869565217,8.016878048780487,527.0,64.0,0.0905750948996405,0.0791977999906521,BIDMC32,II,RNN,,40,50,16,test,True
data/BIDMC32_TRAIN_dimPLETH.csv,,,,,,0.0410102643072605,172.42647840001155,BIDMC32,PLETH,InceptionTime,,40,50,16,train,False
data/BIDMC32_TEST_dimPLETH.csv,0.0,1.0,1.0,0.0,0.0,0.5060344893746034,0.3159630000009201,BIDMC32,PLETH,InceptionTime,,40,50,16,test,False
BIDMC32_TEST_dimPLETH_e0_eb0.0078125_decompressed.csv,0.0078125,24.070011500862563,5.439603638726446,367.0,45.0,0.0684171697735429,0.2949620000144932,BIDMC32,PLETH,InceptionTime,,40,50,16,test,True
BIDMC32_TEST_dimPLETH_e0_eb0.015625_decompressed.csv,0.015625,48.74264919941776,5.597639664337534,342.0,42.0,0.0709040433749634,0.3192742000101134,BIDMC32,PLETH,InceptionTime,,40,50,16,test,True
BIDMC32_TEST_dimPLETH_e0_eb0.03125_decompressed.csv,0.03125,84.00953336678374,5.566005119510654,344.0,44.0,0.0799346497517949,0.3168429000070318,BIDMC32,PLETH,InceptionTime,,40,50,16,test,True
BIDMC32_TEST_dimPLETH_e0_eb0.0625_decompressed.csv,0.0625,168.10341365461846,5.431838826888139,391.0,55.0,0.1362255908225008,0.3617310000117868,BIDMC32,PLETH,InceptionTime,,40,50,16,test,True
data/BIDMC32_TRAIN_dimPLETH.csv,,,,,,0.0432772673666477,37.79651899996679,BIDMC32,PLETH,MLP,,40,50,16,train,False
data/BIDMC32_TEST_dimPLETH.csv,0.0,1.0,1.0,0.0,0.0,0.0584941943954014,0.0649106999626383,BIDMC32,PLETH,MLP,,40,50,16,test,False
BIDMC32_TEST_dimPLETH_e0_eb0.0078125_decompressed.csv,0.0078125,24.070011500862563,5.439603638726446,544.0,99.0,0.0493660048423242,0.0553072000620886,BIDMC32,PLETH,MLP,,40,50,16,test,True
BIDMC32_TEST_dimPLETH_e0_eb0.015625_decompressed.csv,0.015625,48.74264919941776,5.597639664337534,518.0,68.0,0.0535784959834603,0.0532696000300347,BIDMC32,PLETH,MLP,,40,50,16,test,True
BIDMC32_TEST_dimPLETH_e0_eb0.03125_decompressed.csv,0.03125,84.00953336678374,5.566005119510654,449.0,66.0,0.0546462082373566,0.0648783000651747,BIDMC32,PLETH,MLP,,40,50,16,test,True
BIDMC32_TEST_dimPLETH_e0_eb0.0625_decompressed.csv,0.0625,168.10341365461846,5.431838826888139,559.0,75.0,0.071127718786399,0.0556104999268427,BIDMC32,PLETH,MLP,,40,50,16,test,True
data/BIDMC32_TRAIN_dimPLETH.csv,,,,,,0.0428216271102428,41.57528409999213,BIDMC32,PLETH,RNN,,40,50,16,train,False
data/BIDMC32_TEST_dimPLETH.csv,0.0,1.0,1.0,0.0,0.0,0.0544954634239639,0.0939174999948591,BIDMC32,PLETH,RNN,,40,50,16,test,False
BIDMC32_TEST_dimPLETH_e0_eb0.0078125_decompressed.csv,0.0078125,24.070011500862563,5.439603638726446,424.0,67.0,0.0642518096589346,0.0788309000054141,BIDMC32,PLETH,RNN,,40,50,16,test,True
BIDMC32_TEST_dimPLETH_e0_eb0.015625_decompressed.csv,0.015625,48.74264919941776,5.597639664337534,398.0,66.0,0.0654610814308036,0.0746652000088943,BIDMC32,PLETH,RNN,,40,50,16,test,True
BIDMC32_TEST_dimPLETH_e0_eb0.03125_decompressed.csv,0.03125,84.00953336678374,5.566005119510654,449.0,54.0,0.0670582545785169,0.0756841000111308,BIDMC32,PLETH,RNN,,40,50,16,test,True
BIDMC32_TEST_dimPLETH_e0_eb0.0625_decompressed.csv,0.0625,168.10341365461846,5.431838826888139,459.0,59.0,0.0857119244545405,0.0756862000125693,BIDMC32,PLETH,RNN,,40,50,16,test,True
data/BIDMC32_TRAIN_dimRESP.csv,,,,,,0.2818011939525604,172.9887806000188,BIDMC32,RESP,InceptionTime,,40,50,16,train,False
data/BIDMC32_TEST_dimRESP.csv,0.0,1.0,1.0,0.0,0.0,0.2716276165961216,0.359719000000041,BIDMC32,RESP,InceptionTime,,40,50,16,test,False
BIDMC32_TEST_dimRESP_e0_eb0.0078125_decompressed.csv,0.0078125,15.901197053406998,4.955435032139578,370.0,46.0,0.4079675558732647,0.2863212999945972,BIDMC32,RESP,InceptionTime,,40,50,16,test,True
BIDMC32_TEST_dimRESP_e0_eb0.015625_decompressed.csv,0.015625,19.32486571172784,5.071273346646306,358.0,42.0,0.4002345009900932,0.3316347999789286,BIDMC32,RESP,InceptionTime,,40,50,16,test,True
BIDMC32_TEST_dimRESP_e0_eb0.03125_decompressed.csv,0.03125,30.69991111111111,5.289197218904101,358.0,48.0,0.4667774699359642,0.316153400024632,BIDMC32,RESP,InceptionTime,,40,50,16,test,True
BIDMC32_TEST_dimRESP_e0_eb0.0625_decompressed.csv,0.0625,51.56375037324575,5.398324424020757,429.0,56.0,0.5762445471419702,0.3581724000105168,BIDMC32,RESP,InceptionTime,,40,50,16,test,True
data/BIDMC32_TRAIN_dimRESP.csv,,,,,,0.45448699593544,34.63087760005146,BIDMC32,RESP,MLP,,40,50,16,train,False
data/BIDMC32_TEST_dimRESP.csv,0.0,1.0,1.0,0.0,0.0,0.4664294302769747,0.0597963000182062,BIDMC32,RESP,MLP,,40,50,16,test,False
BIDMC32_TEST_dimRESP_e0_eb0.0078125_decompressed.csv,0.0078125,15.901197053406998,4.955435032139578,502.0,53.0,0.4669161279660444,0.0668593000154942,BIDMC32,RESP,MLP,,40,50,16,test,True
BIDMC32_TEST_dimRESP_e0_eb0.015625_decompressed.csv,0.015625,19.32486571172784,5.071273346646306,436.0,70.0,0.4623273558925888,0.0515478999586775,BIDMC32,RESP,MLP,,40,50,16,test,True
BIDMC32_TEST_dimRESP_e0_eb0.03125_decompressed.csv,0.03125,30.69991111111111,5.289197218904101,475.0,69.0,0.4651243153829315,0.0532285999506711,BIDMC32,RESP,MLP,,40,50,16,test,True
BIDMC32_TEST_dimRESP_e0_eb0.0625_decompressed.csv,0.0625,51.56375037324575,5.398324424020757,505.0,66.0,0.4696224826443037,0.0535370000870898,BIDMC32,RESP,MLP,,40,50,16,test,True
data/BIDMC32_TRAIN_dimRESP.csv,,,,,,0.5028615593910217,41.52482869999949,BIDMC32,RESP,RNN,,40,50,16,train,False
data/BIDMC32_TEST_dimRESP.csv,0.0,1.0,1.0,0.0,0.0,0.4911664922112309,0.090382900001714,BIDMC32,RESP,RNN,,40,50,16,test,False
BIDMC32_TEST_dimRESP_e0_eb0.0078125_decompressed.csv,0.0078125,15.901197053406998,4.955435032139578,468.0,72.0,0.4936322231912427,0.0802640000038081,BIDMC32,RESP,RNN,,40,50,16,test,True
BIDMC32_TEST_dimRESP_e0_eb0.015625_decompressed.csv,0.015625,19.32486571172784,5.071273346646306,446.0,55.0,0.4900548779224997,0.0849884999915957,BIDMC32,RESP,RNN,,40,50,16,test,True
BIDMC32_TEST_dimRESP_e0_eb0.03125_decompressed.csv,0.03125,30.69991111111111,5.289197218904101,436.0,158.0,0.4903393609969381,0.0838208000059239,BIDMC32,RESP,RNN,,40,50,16,test,True
BIDMC32_TEST_dimRESP_e0_eb0.0625_decompressed.csv,0.0625,51.56375037324575,5.398324424020757,435.0,54.0,0.492336405056116,0.0832949999894481,BIDMC32,RESP,RNN,,40,50,16,test,True
data/BIDMC32_TRAIN_dimV.csv,,,,,,0.0211026389151811,170.59924030001275,BIDMC32,V,InceptionTime,,40,50,16,train,False
data/BIDMC32_TEST_dimV.csv,0.0,1.0,1.0,0.0,0.0,0.0242687576124488,0.3048190000117756,BIDMC32,V,InceptionTime,,40,50,16,test,False
BIDMC32_TEST_dimV_e0_eb0.015625_decompressed.csv,0.015625,12.0512162954279,6.744095456782024,382.0,51.0,0.0631389796158627,0.2869997000088915,BIDMC32,V,InceptionTime,,40,50,16,test,True
BIDMC32_TEST_dimV_e0_eb0.03125_decompressed.csv,0.03125,17.512244463373083,6.961020822752666,366.0,50.0,0.0631174757818942,0.3070315000077244,BIDMC32,V,InceptionTime,,40,50,16,test,True
BIDMC32_TEST_dimV_e0_eb0.0625_decompressed.csv,0.0625,30.32356194690265,7.100457606630979,349.0,48.0,0.0791797487170254,0.3146199000184424,BIDMC32,V,InceptionTime,,40,50,16,test,True
BIDMC32_TEST_dimV_e0_eb0.125_decompressed.csv,0.125,43.05628272251309,7.580890486725663,361.0,53.0,0.0852623026391214,0.4223507000133395,BIDMC32,V,InceptionTime,,40,50,16,test,True
data/BIDMC32_TRAIN_dimV.csv,,,,,,0.036096379160881,38.00213000003714,BIDMC32,V,MLP,,40,50,16,train,False
data/BIDMC32_TEST_dimV.csv,0.0,1.0,1.0,0.0,0.0,0.0413764057164848,0.0782038000179454,BIDMC32,V,MLP,,40,50,16,test,False
BIDMC32_TEST_dimV_e0_eb0.015625_decompressed.csv,0.015625,12.0512162954279,6.744095456782024,527.0,74.0,0.0747308100759629,0.0721107000717893,BIDMC32,V,MLP,,40,50,16,test,True
BIDMC32_TEST_dimV_e0_eb0.03125_decompressed.csv,0.03125,17.512244463373083,6.961020822752666,520.0,75.0,0.0626838763962112,0.0747722999658435,BIDMC32,V,MLP,,40,50,16,test,True
BIDMC32_TEST_dimV_e0_eb0.0625_decompressed.csv,0.0625,30.32356194690265,7.100457606630979,520.0,63.0,0.0904634667866888,0.0588490000227466,BIDMC32,V,MLP,,40,50,16,test,True
BIDMC32_TEST_dimV_e0_eb0.125_decompressed.csv,0.125,43.05628272251309,7.580890486725663,487.0,62.0,0.1579938258420543,0.0505488000344485,BIDMC32,V,MLP,,40,50,16,test,True
data/BIDMC32_TRAIN_dimV.csv,,,,,,0.0433605350553989,44.16072580000037,BIDMC32,V,RNN,,40,50,16,train,False
data/BIDMC32_TEST_dimV.csv,0.0,1.0,1.0,0.0,0.0,0.045693840310309,0.0997814999864203,BIDMC32,V,RNN,,40,50,16,test,False
BIDMC32_TEST_dimV_e0_eb0.015625_decompressed.csv,0.015625,12.0512162954279,6.744095456782024,502.0,64.0,0.0854530975121005,0.0866246000077808,BIDMC32,V,RNN,,40,50,16,test,True
BIDMC32_TEST_dimV_e0_eb0.03125_decompressed.csv,0.03125,17.512244463373083,6.961020822752666,544.0,78.0,0.0753803705675432,0.0901217999926302,BIDMC32,V,RNN,,40,50,16,test,True
BIDMC32_TEST_dimV_e0_eb0.0625_decompressed.csv,0.0625,30.32356194690265,7.100457606630979,504.0,63.0,0.0840414690703292,0.0887780000048223,BIDMC32,V,RNN,,40,50,16,test,True
BIDMC32_TEST_dimV_e0_eb0.125_decompressed.csv,0.125,43.05628272251309,7.580890486725663,430.0,58.0,0.1649029093869312,0.0789332999993348,BIDMC32,V,RNN,,40,50,16,test,True
data/BIDMC32_TRAIN_dimAVR.csv,,,,,,0.0291329994797706,126.4090511999966,BIDMC32,AVR,InceptionTime,,40,50,32,train,False
data/BIDMC32_TEST_dimAVR.csv,0.0,1.0,1.0,0.0,0.0,0.062579583075531,0.2565335000108462,BIDMC32,AVR,InceptionTime,,40,50,32,test,False
BIDMC32_TEST_dimAVR_e0_eb0.00390625_decompressed.csv,0.00390625,11.824940680200369,6.115625852195255,389.0,52.0,0.0562637431207468,0.2430607000133022,BIDMC32,AVR,InceptionTime,,40,50,32,test,True
BIDMC32_TEST_dimAVR_e0_eb0.0078125_decompressed.csv,0.0078125,13.141517726340464,6.472150072150072,376.0,48.0,0.0580381655204228,0.2627368000103161,BIDMC32,AVR,InceptionTime,,40,50,32,test,True
BIDMC32_TEST_dimAVR_e0_eb0.015625_decompressed.csv,0.015625,16.970109723798714,6.124812235422641,365.0,48.0,0.0638587935423171,0.2546112000127323,BIDMC32,AVR,InceptionTime,,40,50,32,test,True
BIDMC32_TEST_dimAVR_e0_eb0.03125_decompressed.csv,0.03125,23.8067940552017,6.009110396570204,360.0,59.0,0.1424376451360917,0.2547410000115633,BIDMC32,AVR,InceptionTime,,40,50,32,test,True
BIDMC32_TEST_dimAVR_e0_eb0.0625_decompressed.csv,0.0625,32.12893982808023,6.266871594243398,370.0,44.0,0.0631204882768516,0.2544966999848839,BIDMC32,AVR,InceptionTime,,40,50,32,test,True
data/BIDMC32_TRAIN_dimAVR.csv,,,,,,0.0305313263088464,12.42186710005626,BIDMC32,AVR,MLP,,40,50,32,train,False
data/BIDMC32_TEST_dimAVR.csv,0.0,1.0,1.0,0.0,0.0,0.069327635972302,0.0242729999590665,BIDMC32,AVR,MLP,,40,50,32,test,False
BIDMC32_TEST_dimAVR_e0_eb0.00390625_decompressed.csv,0.00390625,11.824940680200369,6.115625852195255,362.0,47.0,0.0734235682229383,0.0192536000395193,BIDMC32,AVR,MLP,,40,50,32,test,True
BIDMC32_TEST_dimAVR_e0_eb0.0078125_decompressed.csv,0.0078125,13.141517726340464,6.472150072150072,370.0,57.0,0.0615413359166561,0.0231505000265315,BIDMC32,AVR,MLP,,40,50,32,test,True
BIDMC32_TEST_dimAVR_e0_eb0.015625_decompressed.csv,0.015625,16.970109723798714,6.124812235422641,347.0,57.0,0.0690679230940485,0.0208865000167861,BIDMC32,AVR,MLP,,40,50,32,test,True
BIDMC32_TEST_dimAVR_e0_eb0.03125_decompressed.csv,0.03125,23.8067940552017,6.009110396570204,328.0,58.0,0.1316010743910015,0.0234865000238642,BIDMC32,AVR,MLP,,40,50,32,test,True
BIDMC32_TEST_dimAVR_e0_eb0.0625_decompressed.csv,0.0625,32.12893982808023,6.266871594243398,372.0,52.0,0.1095765437308789,0.0242694000480696,BIDMC32,AVR,MLP,,40,50,32,test,True
data/BIDMC32_TRAIN_dimII.csv,,,,,,0.0170394424349069,124.26418779999948,BIDMC32,II,InceptionTime,,40,50,32,train,False
data/BIDMC32_TEST_dimII.csv,0.0,1.0,1.0,0.0,0.0,0.0265020608095276,0.2568934000155423,BIDMC32,II,InceptionTime,,40,50,32,test,False
BIDMC32_TEST_dimII_e0_eb0.015625_decompressed.csv,0.015625,13.257986447241043,6.745444097849286,379.0,44.0,0.0661177567247634,0.2405825000023469,BIDMC32,II,InceptionTime,,40,50,32,test,True
BIDMC32_TEST_dimII_e0_eb0.03125_decompressed.csv,0.03125,19.334823529411764,6.745444097849286,418.0,159.0,0.0698175528275142,0.2609299999894574,BIDMC32,II,InceptionTime,,40,50,32,test,True
BIDMC32_TEST_dimII_e0_eb0.0625_decompressed.csv,0.0625,29.92461762563729,6.590712223291627,356.0,46.0,0.1342035745376539,0.2744145999895409,BIDMC32,II,InceptionTime,,40,50,32,test,True
BIDMC32_TEST_dimII_e0_eb0.125_decompressed.csv,0.125,42.53260869565217,8.016878048780487,389.0,56.0,0.1651747665072803,0.2482517999887932,BIDMC32,II,InceptionTime,,40,50,32,test,True
data/BIDMC32_TRAIN_dimII.csv,,,,,,0.0613104179501533,13.963161500054412,BIDMC32,II,MLP,,40,50,32,train,False
data/BIDMC32_TEST_dimII.csv,0.0,1.0,1.0,0.0,0.0,0.0630909504760779,0.0292957000201568,BIDMC32,II,MLP,,40,50,32,test,False
BIDMC32_TEST_dimII_e0_eb0.015625_decompressed.csv,0.015625,13.257986447241043,6.745444097849286,359.0,70.0,0.0838454034171282,0.022947399993427,BIDMC32,II,MLP,,40,50,32,test,True
BIDMC32_TEST_dimII_e0_eb0.03125_decompressed.csv,0.03125,19.334823529411764,6.745444097849286,363.0,55.0,0.1115798991423151,0.0254631000570952,BIDMC32,II,MLP,,40,50,32,test,True
BIDMC32_TEST_dimII_e0_eb0.0625_decompressed.csv,0.0625,29.92461762563729,6.590712223291627,349.0,140.0,0.1507659319508689,0.0256688001099973,BIDMC32,II,MLP,,40,50,32,test,True
BIDMC32_TEST_dimII_e0_eb0.125_decompressed.csv,0.125,42.53260869565217,8.016878048780487,368.0,38.0,0.1278481465112463,0.0225972000043839,BIDMC32,II,MLP,,40,50,32,test,True
data/BIDMC32_TRAIN_dimPLETH.csv,,,,,,0.0424891300499439,123.0713112000085,BIDMC32,PLETH,InceptionTime,,40,50,32,train,False
data/BIDMC32_TEST_dimPLETH.csv,0.0,1.0,1.0,0.0,0.0,0.9033045752517492,0.248757299996214,BIDMC32,PLETH,InceptionTime,,40,50,32,test,False
BIDMC32_TEST_dimPLETH_e0_eb0.0078125_decompressed.csv,0.0078125,24.070011500862563,5.439603638726446,361.0,47.0,0.1640127968165737,0.2345324000052642,BIDMC32,PLETH,InceptionTime,,40,50,32,test,True
BIDMC32_TEST_dimPLETH_e0_eb0.015625_decompressed.csv,0.015625,48.74264919941776,5.597639664337534,349.0,44.0,0.0806149932406163,0.2510594000050332,BIDMC32,PLETH,InceptionTime,,40,50,32,test,True
BIDMC32_TEST_dimPLETH_e0_eb0.03125_decompressed.csv,0.03125,84.00953336678374,5.566005119510654,344.0,47.0,0.087684082825007,0.2582792000030167,BIDMC32,PLETH,InceptionTime,,40,50,32,test,True
BIDMC32_TEST_dimPLETH_e0_eb0.0625_decompressed.csv,0.0625,168.10341365461846,5.431838826888139,355.0,49.0,0.160933822680406,0.2549588000110816,BIDMC32,PLETH,InceptionTime,,40,50,32,test,True
data/BIDMC32_TRAIN_dimPLETH.csv,,,,,,0.0567116141319274,13.83391369995661,BIDMC32,PLETH,MLP,,40,50,32,train,False
data/BIDMC32_TEST_dimPLETH.csv,0.0,1.0,1.0,0.0,0.0,0.2307424390337593,0.0283150000032037,BIDMC32,PLETH,MLP,,40,50,32,test,False
BIDMC32_TEST_dimPLETH_e0_eb0.0078125_decompressed.csv,0.0078125,24.070011500862563,5.439603638726446,356.0,136.0,0.0603618848265341,0.022083600051701,BIDMC32,PLETH,MLP,,40,50,32,test,True
BIDMC32_TEST_dimPLETH_e0_eb0.015625_decompressed.csv,0.015625,48.74264919941776,5.597639664337534,332.0,43.0,0.0615740031054934,0.0224184000398963,BIDMC32,PLETH,MLP,,40,50,32,test,True
BIDMC32_TEST_dimPLETH_e0_eb0.03125_decompressed.csv,0.03125,84.00953336678374,5.566005119510654,346.0,37.0,0.0662966190765712,0.0375698999268934,BIDMC32,PLETH,MLP,,40,50,32,test,True
BIDMC32_TEST_dimPLETH_e0_eb0.0625_decompressed.csv,0.0625,168.10341365461846,5.431838826888139,367.0,41.0,0.0883503827128841,0.0243331999517977,BIDMC32,PLETH,MLP,,40,50,32,test,True
data/BIDMC32_TRAIN_dimRESP.csv,,,,,,0.2382664084434509,134.79278379998868,BIDMC32,RESP,InceptionTime,,40,50,32,train,False
data/BIDMC32_TEST_dimRESP.csv,0.0,1.0,1.0,0.0,0.0,0.2376862737807128,0.2554650000238325,BIDMC32,RESP,InceptionTime,,40,50,32,test,False
BIDMC32_TEST_dimRESP_e0_eb0.0078125_decompressed.csv,0.0078125,15.901197053406998,4.955435032139578,368.0,49.0,0.4134250159418152,0.2341087000095285,BIDMC32,RESP,InceptionTime,,40,50,32,test,True
BIDMC32_TEST_dimRESP_e0_eb0.015625_decompressed.csv,0.015625,19.32486571172784,5.071273346646306,369.0,47.0,0.4180679211666733,0.2561469000065699,BIDMC32,RESP,InceptionTime,,40,50,32,test,True
BIDMC32_TEST_dimRESP_e0_eb0.03125_decompressed.csv,0.03125,30.69991111111111,5.289197218904101,351.0,48.0,0.4981164699441248,0.2630470000149216,BIDMC32,RESP,InceptionTime,,40,50,32,test,True
BIDMC32_TEST_dimRESP_e0_eb0.0625_decompressed.csv,0.0625,51.56375037324575,5.398324424020757,396.0,49.0,0.6319225678343805,0.2553007999958936,BIDMC32,RESP,InceptionTime,,40,50,32,test,True
data/BIDMC32_TRAIN_dimRESP.csv,,,,,,0.3362716734409332,13.538436700007878,BIDMC32,RESP,MLP,,40,50,32,train,False
data/BIDMC32_TEST_dimRESP.csv,0.0,1.0,1.0,0.0,0.0,0.3482275613345705,0.0249730000505223,BIDMC32,RESP,MLP,,40,50,32,test,False
BIDMC32_TEST_dimRESP_e0_eb0.0078125_decompressed.csv,0.0078125,15.901197053406998,4.955435032139578,335.0,39.0,0.3938494809531445,0.0248930000234395,BIDMC32,RESP,MLP,,40,50,32,test,True
BIDMC32_TEST_dimRESP_e0_eb0.015625_decompressed.csv,0.015625,19.32486571172784,5.071273346646306,348.0,45.0,0.3709629029876297,0.024695900036022,BIDMC32,RESP,MLP,,40,50,32,test,True
BIDMC32_TEST_dimRESP_e0_eb0.03125_decompressed.csv,0.03125,30.69991111111111,5.289197218904101,343.0,49.0,0.4197360963725364,0.0248154998989775,BIDMC32,RESP,MLP,,40,50,32,test,True
BIDMC32_TEST_dimRESP_e0_eb0.0625_decompressed.csv,0.0625,51.56375037324575,5.398324424020757,352.0,47.0,0.4454373077464088,0.0236331999767571,BIDMC32,RESP,MLP,,40,50,32,test,True
data/BIDMC32_TRAIN_dimV.csv,,,,,,0.0189627259969711,128.87912319999305,BIDMC32,V,InceptionTime,,40,50,32,train,False
data/BIDMC32_TEST_dimV.csv,0.0,1.0,1.0,0.0,0.0,0.0210437479450495,0.2793887999723665,BIDMC32,V,InceptionTime,,40,50,32,test,False
BIDMC32_TEST_dimV_e0_eb0.015625_decompressed.csv,0.015625,12.0512162954279,6.744095456782024,451.0,61.0,0.0670143357928715,0.3038784000091254,BIDMC32,V,InceptionTime,,40,50,32,test,True
BIDMC32_TEST_dimV_e0_eb0.03125_decompressed.csv,0.03125,17.512244463373083,6.961020822752666,385.0,53.0,0.0737127427000967,0.2995134000084363,BIDMC32,V,InceptionTime,,40,50,32,test,True
BIDMC32_TEST_dimV_e0_eb0.0625_decompressed.csv,0.0625,30.32356194690265,7.100457606630979,430.0,52.0,0.0726145274059429,0.3197159000264946,BIDMC32,V,InceptionTime,,40,50,32,test,True
BIDMC32_TEST_dimV_e0_eb0.125_decompressed.csv,0.125,43.05628272251309,7.580890486725663,467.0,106.0,0.0896011028392905,0.3524536999757401,BIDMC32,V,InceptionTime,,40,50,32,test,True
data/BIDMC32_TRAIN_dimV.csv,,,,,,0.067402608692646,13.429456599988043,BIDMC32,V,MLP,,40,50,32,train,False
data/BIDMC32_TEST_dimV.csv,0.0,1.0,1.0,0.0,0.0,0.0699247618442237,0.0282305999426171,BIDMC32,V,MLP,,40,50,32,test,False
BIDMC32_TEST_dimV_e0_eb0.015625_decompressed.csv,0.015625,12.0512162954279,6.744095456782024,367.0,37.0,0.0932263043200971,0.0245167999528348,BIDMC32,V,MLP,,40,50,32,test,True
BIDMC32_TEST_dimV_e0_eb0.03125_decompressed.csv,0.03125,17.512244463373083,6.961020822752666,347.0,45.0,0.0896342830181937,0.0222668000496923,BIDMC32,V,MLP,,40,50,32,test,True
BIDMC32_TEST_dimV_e0_eb0.0625_decompressed.csv,0.0625,30.32356194690265,7.100457606630979,335.0,57.0,0.1037281193156847,0.024292099988088,BIDMC32,V,MLP,,40,50,32,test,True
BIDMC32_TEST_dimV_e0_eb0.125_decompressed.csv,0.125,43.05628272251309,7.580890486725663,356.0,65.0,0.1509478787214384,0.0238857000367715,BIDMC32,V,MLP,,40,50,32,test,True
data/BIDMC32_TRAIN_dimAVR.csv,,,,,,0.0303805693984031,103.6415507000056,BIDMC32,AVR,InceptionTime,,40,50,64,train,False
data/BIDMC32_TEST_dimAVR.csv,0.0,1.0,1.0,0.0,0.0,0.0600404204515038,0.2244328999950084,BIDMC32,AVR,InceptionTime,,40,50,64,test,False
BIDMC32_TEST_dimAVR_e0_eb0.00390625_decompressed.csv,0.00390625,11.824940680200369,6.115625852195255,389.0,56.0,0.0563038635143826,0.2011702999880071,BIDMC32,AVR,InceptionTime,,40,50,64,test,True
BIDMC32_TEST_dimAVR_e0_eb0.0078125_decompressed.csv,0.0078125,13.141517726340464,6.472150072150072,393.0,46.0,0.0568790032008871,0.2012243999924976,BIDMC32,AVR,InceptionTime,,40,50,64,test,True
BIDMC32_TEST_dimAVR_e0_eb0.015625_decompressed.csv,0.015625,16.970109723798714,6.124812235422641,368.0,48.0,0.05721654303676,0.2029927000112366,BIDMC32,AVR,InceptionTime,,40,50,64,test,True
BIDMC32_TEST_dimAVR_e0_eb0.03125_decompressed.csv,0.03125,23.8067940552017,6.009110396570204,374.0,162.0,0.1386538417396594,0.195534200000111,BIDMC32,AVR,InceptionTime,,40,50,64,test,True
BIDMC32_TEST_dimAVR_e0_eb0.0625_decompressed.csv,0.0625,32.12893982808023,6.266871594243398,397.0,56.0,0.0691872559338495,0.2166854999959468,BIDMC32,AVR,InceptionTime,,40,50,64,test,True
data/BIDMC32_TRAIN_dimAVR.csv,,,,,,0.0442818515002727,7.015347799984738,BIDMC32,AVR,MLP,,40,50,64,train,False
data/BIDMC32_TEST_dimAVR.csv,0.0,1.0,1.0,0.0,0.0,0.0804375285769039,0.0152154999086633,BIDMC32,AVR,MLP,,40,50,64,test,False
BIDMC32_TEST_dimAVR_e0_eb0.00390625_decompressed.csv,0.00390625,11.824940680200369,6.115625852195255,360.0,65.0,0.0947616536063242,0.0149778999621048,BIDMC32,AVR,MLP,,40,50,64,test,True
BIDMC32_TEST_dimAVR_e0_eb0.0078125_decompressed.csv,0.0078125,13.141517726340464,6.472150072150072,361.0,50.0,0.0765672130319735,0.0156598000321537,BIDMC32,AVR,MLP,,40,50,64,test,True
BIDMC32_TEST_dimAVR_e0_eb0.015625_decompressed.csv,0.015625,16.970109723798714,6.124812235422641,360.0,50.0,0.0897814851353508,0.0160639999667182,BIDMC32,AVR,MLP,,40,50,64,test,True
BIDMC32_TEST_dimAVR_e0_eb0.03125_decompressed.csv,0.03125,23.8067940552017,6.009110396570204,345.0,61.0,0.1321566217030053,0.0161316000157967,BIDMC32,AVR,MLP,,40,50,64,test,True
BIDMC32_TEST_dimAVR_e0_eb0.0625_decompressed.csv,0.0625,32.12893982808023,6.266871594243398,551.0,61.0,0.1030759855011178,0.0152009000303223,BIDMC32,AVR,MLP,,40,50,64,test,True
data/BIDMC32_TRAIN_dimII.csv,,,,,,0.020626189187169,106.64844700001412,BIDMC32,II,InceptionTime,,40,50,64,train,False
data/BIDMC32_TEST_dimII.csv,0.0,1.0,1.0,0.0,0.0,0.0331908083077603,0.2177071000041905,BIDMC32,II,InceptionTime,,40,50,64,test,False
BIDMC32_TEST_dimII_e0_eb0.015625_decompressed.csv,0.015625,13.257986447241043,6.745444097849286,417.0,45.0,0.0753103379783759,0.202337599999737,BIDMC32,II,InceptionTime,,40,50,64,test,True
BIDMC32_TEST_dimII_e0_eb0.03125_decompressed.csv,0.03125,19.334823529411764,6.745444097849286,365.0,45.0,0.0833530543911936,0.262729699985357,BIDMC32,II,InceptionTime,,40,50,64,test,True
BIDMC32_TEST_dimII_e0_eb0.0625_decompressed.csv,0.0625,29.92461762563729,6.590712223291627,369.0,44.0,0.1409226550937307,0.2237663999840151,BIDMC32,II,InceptionTime,,40,50,64,test,True
BIDMC32_TEST_dimII_e0_eb0.125_decompressed.csv,0.125,42.53260869565217,8.016878048780487,502.0,57.0,0.1703039204157612,0.2137314999999944,BIDMC32,II,InceptionTime,,40,50,64,test,True
data/BIDMC32_TRAIN_dimII.csv,,,,,,0.075968250632286,7.725458300090395,BIDMC32,II,MLP,,40,50,64,train,False
data/BIDMC32_TEST_dimII.csv,0.0,1.0,1.0,0.0,0.0,0.0778958255080075,0.0178800000576302,BIDMC32,II,MLP,,40,50,64,test,False
BIDMC32_TEST_dimII_e0_eb0.015625_decompressed.csv,0.015625,13.257986447241043,6.745444097849286,366.0,50.0,0.1104183649916267,0.0141728000016883,BIDMC32,II,MLP,,40,50,64,test,True
BIDMC32_TEST_dimII_e0_eb0.03125_decompressed.csv,0.03125,19.334823529411764,6.745444097849286,348.0,44.0,0.1082037128045386,0.0149025999708101,BIDMC32,II,MLP,,40,50,64,test,True
BIDMC32_TEST_dimII_e0_eb0.0625_decompressed.csv,0.0625,29.92461762563729,6.590712223291627,333.0,130.0,0.1448127770448188,0.0146904999855905,BIDMC32,II,MLP,,40,50,64,test,True
BIDMC32_TEST_dimII_e0_eb0.125_decompressed.csv,0.125,42.53260869565217,8.016878048780487,353.0,48.0,0.132832142540655,0.0142021001083776,BIDMC32,II,MLP,,40,50,64,test,True
data/BIDMC32_TRAIN_dimPLETH.csv,,,,,,0.041980143636465,102.1344332000008,BIDMC32,PLETH,InceptionTime,,40,50,64,train,False
data/BIDMC32_TEST_dimPLETH.csv,0.0,1.0,1.0,0.0,0.0,0.1227137765172198,0.2104593999974895,BIDMC32,PLETH,InceptionTime,,40,50,64,test,False
BIDMC32_TEST_dimPLETH_e0_eb0.0078125_decompressed.csv,0.0078125,24.070011500862563,5.439603638726446,359.0,45.0,0.0662003326821956,0.1907791999983601,BIDMC32,PLETH,InceptionTime,,40,50,64,test,True
BIDMC32_TEST_dimPLETH_e0_eb0.015625_decompressed.csv,0.015625,48.74264919941776,5.597639664337534,357.0,43.0,0.072724541742423,0.1977849999966565,BIDMC32,PLETH,InceptionTime,,40,50,64,test,True
BIDMC32_TEST_dimPLETH_e0_eb0.03125_decompressed.csv,0.03125,84.00953336678374,5.566005119510654,363.0,45.0,0.0769055501942946,0.2220184000034351,BIDMC32,PLETH,InceptionTime,,40,50,64,test,True
BIDMC32_TEST_dimPLETH_e0_eb0.0625_decompressed.csv,0.0625,168.10341365461846,5.431838826888139,421.0,56.0,0.1358604801107459,0.2161202999996021,BIDMC32,PLETH,InceptionTime,,40,50,64,test,True
data/BIDMC32_TRAIN_dimPLETH.csv,,,,,,0.0746971666812896,7.708209099946544,BIDMC32,PLETH,MLP,,40,50,64,train,False
data/BIDMC32_TEST_dimPLETH.csv,0.0,1.0,1.0,0.0,0.0,0.2539283932205173,0.017779599991627,BIDMC32,PLETH,MLP,,40,50,64,test,False
BIDMC32_TEST_dimPLETH_e0_eb0.0078125_decompressed.csv,0.0078125,24.070011500862563,5.439603638726446,362.0,42.0,0.0723367098004881,0.0158190999645739,BIDMC32,PLETH,MLP,,40,50,64,test,True
BIDMC32_TEST_dimPLETH_e0_eb0.015625_decompressed.csv,0.015625,48.74264919941776,5.597639664337534,334.0,41.0,0.0735655889389562,0.0144690999295562,BIDMC32,PLETH,MLP,,40,50,64,test,True
BIDMC32_TEST_dimPLETH_e0_eb0.03125_decompressed.csv,0.03125,84.00953336678374,5.566005119510654,319.0,54.0,0.0812995218964994,0.015906500048004,BIDMC32,PLETH,MLP,,40,50,64,test,True
BIDMC32_TEST_dimPLETH_e0_eb0.0625_decompressed.csv,0.0625,168.10341365461846,5.431838826888139,354.0,46.0,0.1103987856857463,0.0150625000242143,BIDMC32,PLETH,MLP,,40,50,64,test,True
data/BIDMC32_TRAIN_dimRESP.csv,,,,,,0.2674055993556976,96.59570859998348,BIDMC32,RESP,InceptionTime,,40,50,64,train,False
data/BIDMC32_TEST_dimRESP.csv,0.0,1.0,1.0,0.0,0.0,0.2677288262246874,0.2185854999988805,BIDMC32,RESP,InceptionTime,,40,50,64,test,False
BIDMC32_TEST_dimRESP_e0_eb0.0078125_decompressed.csv,0.0078125,15.901197053406998,4.955435032139578,357.0,47.0,0.3459433832086728,0.1955055000144057,BIDMC32,RESP,InceptionTime,,40,50,64,test,True
BIDMC32_TEST_dimRESP_e0_eb0.015625_decompressed.csv,0.015625,19.32486571172784,5.071273346646306,347.0,45.0,0.3434119417899169,0.2080249999999068,BIDMC32,RESP,InceptionTime,,40,50,64,test,True
BIDMC32_TEST_dimRESP_e0_eb0.03125_decompressed.csv,0.03125,30.69991111111111,5.289197218904101,337.0,48.0,0.4141448436316876,0.2149761000182479,BIDMC32,RESP,InceptionTime,,40,50,64,test,True
BIDMC32_TEST_dimRESP_e0_eb0.0625_decompressed.csv,0.0625,51.56375037324575,5.398324424020757,362.0,46.0,0.5997173237305575,0.2206413999956566,BIDMC32,RESP,InceptionTime,,40,50,64,test,True
data/BIDMC32_TRAIN_dimRESP.csv,,,,,,0.3389661312103271,7.8333879000274464,BIDMC32,RESP,MLP,,40,50,64,train,False
data/BIDMC32_TEST_dimRESP.csv,0.0,1.0,1.0,0.0,0.0,0.3521731839997834,0.017871499992907,BIDMC32,RESP,MLP,,40,50,64,test,False
BIDMC32_TEST_dimRESP_e0_eb0.0078125_decompressed.csv,0.0078125,15.901197053406998,4.955435032139578,341.0,57.0,0.3880185047049391,0.0360612000804394,BIDMC32,RESP,MLP,,40,50,64,test,True
BIDMC32_TEST_dimRESP_e0_eb0.015625_decompressed.csv,0.015625,19.32486571172784,5.071273346646306,348.0,76.0,0.3701686276243382,0.0159259000793099,BIDMC32,RESP,MLP,,40,50,64,test,True
BIDMC32_TEST_dimRESP_e0_eb0.03125_decompressed.csv,0.03125,30.69991111111111,5.289197218904101,326.0,57.0,0.4131761064775325,0.014457399956882,BIDMC32,RESP,MLP,,40,50,64,test,True
BIDMC32_TEST_dimRESP_e0_eb0.0625_decompressed.csv,0.0625,51.56375037324575,5.398324424020757,353.0,37.0,0.4448889620549952,0.0162289000581949,BIDMC32,RESP,MLP,,40,50,64,test,True
data/BIDMC32_TRAIN_dimV.csv,,,,,,0.0190843641757965,103.45115629999782,BIDMC32,V,InceptionTime,,40,50,64,train,False
data/BIDMC32_TEST_dimV.csv,0.0,1.0,1.0,0.0,0.0,0.0236646783827331,0.2212493999977596,BIDMC32,V,InceptionTime,,40,50,64,test,False
BIDMC32_TEST_dimV_e0_eb0.015625_decompressed.csv,0.015625,12.0512162954279,6.744095456782024,393.0,48.0,0.0687801854460586,0.1992881000041961,BIDMC32,V,InceptionTime,,40,50,64,test,True
BIDMC32_TEST_dimV_e0_eb0.03125_decompressed.csv,0.03125,17.512244463373083,6.961020822752666,372.0,51.0,0.0745708414639978,0.2192113999917637,BIDMC32,V,InceptionTime,,40,50,64,test,True
BIDMC32_TEST_dimV_e0_eb0.0625_decompressed.csv,0.0625,30.32356194690265,7.100457606630979,357.0,43.0,0.0903021735330484,0.2236094000109005,BIDMC32,V,InceptionTime,,40,50,64,test,True
BIDMC32_TEST_dimV_e0_eb0.125_decompressed.csv,0.125,43.05628272251309,7.580890486725663,518.0,56.0,0.1003567564886767,0.218166700011352,BIDMC32,V,InceptionTime,,40,50,64,test,True
data/BIDMC32_TRAIN_dimV.csv,,,,,,0.105259783565998,7.824459000024944,BIDMC32,V,MLP,,40,50,64,train,False
data/BIDMC32_TEST_dimV.csv,0.0,1.0,1.0,0.0,0.0,0.1064451180099611,0.0180753999156877,BIDMC32,V,MLP,,40,50,64,test,False
BIDMC32_TEST_dimV_e0_eb0.015625_decompressed.csv,0.015625,12.0512162954279,6.744095456782024,383.0,56.0,0.1248846326967106,0.0141916000284254,BIDMC32,V,MLP,,40,50,64,test,True
BIDMC32_TEST_dimV_e0_eb0.03125_decompressed.csv,0.03125,17.512244463373083,6.961020822752666,340.0,58.0,0.1183484883880201,0.0148860999615862,BIDMC32,V,MLP,,40,50,64,test,True
BIDMC32_TEST_dimV_e0_eb0.0625_decompressed.csv,0.0625,30.32356194690265,7.100457606630979,339.0,49.0,0.1216411501535086,0.0182324999477714,BIDMC32,V,MLP,,40,50,64,test,True
BIDMC32_TEST_dimV_e0_eb0.125_decompressed.csv,0.125,43.05628272251309,7.580890486725663,375.0,155.0,0.1505783684029874,0.0161588999908417,BIDMC32,V,MLP,,40,50,64,test,True
data/BIDMC32_TRAIN_dimAVR.csv,,,,,,0.0362744778394699,265.5162547000218,BIDMC32,AVR,InceptionTime,,40,50,8,train,False
data/BIDMC32_TEST_dimAVR.csv,0.0,1.0,1.0,0.0,0.0,0.067915156140035,0.4249724999826867,BIDMC32,AVR,InceptionTime,,40,50,8,test,False
BIDMC32_TEST_dimAVR_e0_eb0.00390625_decompressed.csv,0.00390625,11.824940680200369,6.115625852195255,488.0,50.0,0.0564311040990991,0.4306228999921586,BIDMC32,AVR,InceptionTime,,40,50,8,test,True
BIDMC32_TEST_dimAVR_e0_eb0.0078125_decompressed.csv,0.0078125,13.141517726340464,6.472150072150072,372.0,45.0,0.0557290179890773,0.4426625000196509,BIDMC32,AVR,InceptionTime,,40,50,8,test,True
BIDMC32_TEST_dimAVR_e0_eb0.015625_decompressed.csv,0.015625,16.970109723798714,6.124812235422641,378.0,48.0,0.0674074346722403,0.4930290000047534,BIDMC32,AVR,InceptionTime,,40,50,8,test,True
BIDMC32_TEST_dimAVR_e0_eb0.03125_decompressed.csv,0.03125,23.8067940552017,6.009110396570204,354.0,50.0,0.16917710855037,0.4816428999765776,BIDMC32,AVR,InceptionTime,,40,50,8,test,True
BIDMC32_TEST_dimAVR_e0_eb0.0625_decompressed.csv,0.0625,32.12893982808023,6.266871594243398,341.0,59.0,0.0723149429140038,0.4404903999820817,BIDMC32,AVR,InceptionTime,,40,50,8,test,True
data/BIDMC32_TRAIN_dimAVR.csv,,,,,,0.0495436564087867,62.55717379995622,BIDMC32,AVR,MLP,,40,50,8,train,False
data/BIDMC32_TEST_dimAVR.csv,0.0,1.0,1.0,0.0,0.0,0.0921192627951158,0.100257100071758,BIDMC32,AVR,MLP,,40,50,8,test,False
BIDMC32_TEST_dimAVR_e0_eb0.00390625_decompressed.csv,0.00390625,11.824940680200369,6.115625852195255,447.0,52.0,0.1036044918765358,0.0837918000761419,BIDMC32,AVR,MLP,,40,50,8,test,True
BIDMC32_TEST_dimAVR_e0_eb0.0078125_decompressed.csv,0.0078125,13.141517726340464,6.472150072150072,705.0,98.0,0.1005562733763959,0.0746945000719279,BIDMC32,AVR,MLP,,40,50,8,test,True
BIDMC32_TEST_dimAVR_e0_eb0.015625_decompressed.csv,0.015625,16.970109723798714,6.124812235422641,482.0,67.0,0.0882156926099392,0.075066199991852,BIDMC32,AVR,MLP,,40,50,8,test,True
BIDMC32_TEST_dimAVR_e0_eb0.03125_decompressed.csv,0.03125,23.8067940552017,6.009110396570204,489.0,77.0,0.1507107052051972,0.0727122999960556,BIDMC32,AVR,MLP,,40,50,8,test,True
BIDMC32_TEST_dimAVR_e0_eb0.0625_decompressed.csv,0.0625,32.12893982808023,6.266871594243398,551.0,83.0,0.1188631663976302,0.0730751000810414,BIDMC32,AVR,MLP,,40,50,8,test,True
data/BIDMC32_TRAIN_dimII.csv,,,,,,0.0241947285830974,248.12561899999852,BIDMC32,II,InceptionTime,,40,50,8,train,False
data/BIDMC32_TEST_dimII.csv,0.0,1.0,1.0,0.0,0.0,0.0329952173461784,0.4964736000110861,BIDMC32,II,InceptionTime,,40,50,8,test,False
BIDMC32_TEST_dimII_e0_eb0.015625_decompressed.csv,0.015625,13.257986447241043,6.745444097849286,382.0,48.0,0.0673316363020819,0.4102080999873578,BIDMC32,II,InceptionTime,,40,50,8,test,True
BIDMC32_TEST_dimII_e0_eb0.03125_decompressed.csv,0.03125,19.334823529411764,6.745444097849286,348.0,39.0,0.0668400579875753,0.4404300000169314,BIDMC32,II,InceptionTime,,40,50,8,test,True
BIDMC32_TEST_dimII_e0_eb0.0625_decompressed.csv,0.0625,29.92461762563729,6.590712223291627,353.0,46.0,0.1370451934339521,0.5458390999992844,BIDMC32,II,InceptionTime,,40,50,8,test,True
BIDMC32_TEST_dimII_e0_eb0.125_decompressed.csv,0.125,42.53260869565217,8.016878048780487,344.0,54.0,0.1618205500314846,0.4704344999918248,BIDMC32,II,InceptionTime,,40,50,8,test,True
data/BIDMC32_TRAIN_dimII.csv,,,,,,0.0309282205998897,46.47651890001725,BIDMC32,II,MLP,,40,50,8,train,False
data/BIDMC32_TEST_dimII.csv,0.0,1.0,1.0,0.0,0.0,0.0533487605323504,0.0728763999650254,BIDMC32,II,MLP,,40,50,8,test,False
BIDMC32_TEST_dimII_e0_eb0.015625_decompressed.csv,0.015625,13.257986447241043,6.745444097849286,378.0,51.0,0.1114733787293891,0.0946451999479904,BIDMC32,II,MLP,,40,50,8,test,True
BIDMC32_TEST_dimII_e0_eb0.03125_decompressed.csv,0.03125,19.334823529411764,6.745444097849286,367.0,47.0,0.1007042977897499,0.0655876999953761,BIDMC32,II,MLP,,40,50,8,test,True
BIDMC32_TEST_dimII_e0_eb0.0625_decompressed.csv,0.0625,29.92461762563729,6.590712223291627,348.0,52.0,0.1372588628145671,0.070040600025095,BIDMC32,II,MLP,,40,50,8,test,True
BIDMC32_TEST_dimII_e0_eb0.125_decompressed.csv,0.125,42.53260869565217,8.016878048780487,351.0,48.0,0.129600008703994,0.0672403000062331,BIDMC32,II,MLP,,40,50,8,test,True
data/BIDMC32_TRAIN_dimPLETH.csv,,,,,,0.0423822216689586,248.37814310000977,BIDMC32,PLETH,InceptionTime,,40,50,8,train,False
data/BIDMC32_TEST_dimPLETH.csv,0.0,1.0,1.0,0.0,0.0,0.3593457505942395,0.5061253000167198,BIDMC32,PLETH,InceptionTime,,40,50,8,test,False
BIDMC32_TEST_dimPLETH_e0_eb0.0078125_decompressed.csv,0.0078125,24.070011500862563,5.439603638726446,354.0,45.0,0.071338062412589,0.4082198000105563,BIDMC32,PLETH,InceptionTime,,40,50,8,test,True
BIDMC32_TEST_dimPLETH_e0_eb0.015625_decompressed.csv,0.015625,48.74264919941776,5.597639664337534,324.0,52.0,0.0722552951099974,0.4247797999996692,BIDMC32,PLETH,InceptionTime,,40,50,8,test,True
BIDMC32_TEST_dimPLETH_e0_eb0.03125_decompressed.csv,0.03125,84.00953336678374,5.566005119510654,336.0,47.0,0.0803662828107181,0.5258267000026535,BIDMC32,PLETH,InceptionTime,,40,50,8,test,True
BIDMC32_TEST_dimPLETH_e0_eb0.0625_decompressed.csv,0.0625,168.10341365461846,5.431838826888139,344.0,48.0,0.1066268552118597,0.4845526000135578,BIDMC32,PLETH,InceptionTime,,40,50,8,test,True
data/BIDMC32_TRAIN_dimPLETH.csv,,,,,,0.043579127639532,47.11715649999678,BIDMC32,PLETH,MLP,,40,50,8,train,False
data/BIDMC32_TEST_dimPLETH.csv,0.0,1.0,1.0,0.0,0.0,0.0474652685578507,0.0674371999921277,BIDMC32,PLETH,MLP,,40,50,8,test,False
BIDMC32_TEST_dimPLETH_e0_eb0.0078125_decompressed.csv,0.0078125,24.070011500862563,5.439603638726446,351.0,51.0,0.0499363023750138,0.0696449000388383,BIDMC32,PLETH,MLP,,40,50,8,test,True
BIDMC32_TEST_dimPLETH_e0_eb0.015625_decompressed.csv,0.015625,48.74264919941776,5.597639664337534,370.0,49.0,0.05664516717422,0.0685733000282198,BIDMC32,PLETH,MLP,,40,50,8,test,True
BIDMC32_TEST_dimPLETH_e0_eb0.03125_decompressed.csv,0.03125,84.00953336678374,5.566005119510654,345.0,46.0,0.0578438487378808,0.0685141000431031,BIDMC32,PLETH,MLP,,40,50,8,test,True
BIDMC32_TEST_dimPLETH_e0_eb0.0625_decompressed.csv,0.0625,168.10341365461846,5.431838826888139,356.0,37.0,0.0792021444905243,0.0697377999313175,BIDMC32,PLETH,MLP,,40,50,8,test,True
data/BIDMC32_TRAIN_dimRESP.csv,,,,,,0.3090191483497619,249.1763837999897,BIDMC32,RESP,InceptionTime,,40,50,8,train,False
data/BIDMC32_TEST_dimRESP.csv,0.0,1.0,1.0,0.0,0.0,0.3258945402293687,0.4307965000043623,BIDMC32,RESP,InceptionTime,,40,50,8,test,False
BIDMC32_TEST_dimRESP_e0_eb0.0078125_decompressed.csv,0.0078125,15.901197053406998,4.955435032139578,355.0,50.0,0.4440561387661958,0.4169458000105805,BIDMC32,RESP,InceptionTime,,40,50,8,test,True
BIDMC32_TEST_dimRESP_e0_eb0.015625_decompressed.csv,0.015625,19.32486571172784,5.071273346646306,352.0,48.0,0.42646400653796,0.4231712000037078,BIDMC32,RESP,InceptionTime,,40,50,8,test,True
BIDMC32_TEST_dimRESP_e0_eb0.03125_decompressed.csv,0.03125,30.69991111111111,5.289197218904101,336.0,160.0,0.5362698990353747,0.4785940999863669,BIDMC32,RESP,InceptionTime,,40,50,8,test,True
BIDMC32_TEST_dimRESP_e0_eb0.0625_decompressed.csv,0.0625,51.56375037324575,5.398324424020757,351.0,49.0,0.6791704411500045,0.5234352000115905,BIDMC32,RESP,InceptionTime,,40,50,8,test,True
data/BIDMC32_TRAIN_dimRESP.csv,,,,,,0.4494585990905761,42.03958119999152,BIDMC32,RESP,MLP,,40,50,8,train,False
data/BIDMC32_TEST_dimRESP.csv,0.0,1.0,1.0,0.0,0.0,0.4625400477831637,0.0735479000722989,BIDMC32,RESP,MLP,,40,50,8,test,False
BIDMC32_TEST_dimRESP_e0_eb0.0078125_decompressed.csv,0.0078125,15.901197053406998,4.955435032139578,355.0,57.0,0.4643650825814618,0.0693627001019194,BIDMC32,RESP,MLP,,40,50,8,test,True
BIDMC32_TEST_dimRESP_e0_eb0.015625_decompressed.csv,0.015625,19.32486571172784,5.071273346646306,342.0,38.0,0.4600943328418063,0.0686672000447288,BIDMC32,RESP,MLP,,40,50,8,test,True
BIDMC32_TEST_dimRESP_e0_eb0.03125_decompressed.csv,0.03125,30.69991111111111,5.289197218904101,347.0,47.0,0.4641839339101975,0.0858010000083595,BIDMC32,RESP,MLP,,40,50,8,test,True
BIDMC32_TEST_dimRESP_e0_eb0.0625_decompressed.csv,0.0625,51.56375037324575,5.398324424020757,356.0,43.0,0.4686437358040165,0.0632756999693811,BIDMC32,RESP,MLP,,40,50,8,test,True
data/BIDMC32_TRAIN_dimV.csv,,,,,,0.0245773270726203,249.9889581000025,BIDMC32,V,InceptionTime,,40,50,8,train,False
data/BIDMC32_TEST_dimV.csv,0.0,1.0,1.0,0.0,0.0,0.0251941005989575,0.5036889000039082,BIDMC32,V,InceptionTime,,40,50,8,test,False
BIDMC32_TEST_dimV_e0_eb0.015625_decompressed.csv,0.015625,12.0512162954279,6.744095456782024,403.0,67.0,0.0584190438815945,0.4788126999919768,BIDMC32,V,InceptionTime,,40,50,8,test,True
BIDMC32_TEST_dimV_e0_eb0.03125_decompressed.csv,0.03125,17.512244463373083,6.961020822752666,390.0,51.0,0.0527080854411177,0.4504009999800473,BIDMC32,V,InceptionTime,,40,50,8,test,True
BIDMC32_TEST_dimV_e0_eb0.0625_decompressed.csv,0.0625,30.32356194690265,7.100457606630979,424.0,56.0,0.0750834015222737,0.5288216999906581,BIDMC32,V,InceptionTime,,40,50,8,test,True
BIDMC32_TEST_dimV_e0_eb0.125_decompressed.csv,0.125,43.05628272251309,7.580890486725663,428.0,60.0,0.0926167628504251,0.5206524000095669,BIDMC32,V,InceptionTime,,40,50,8,test,True
data/BIDMC32_TRAIN_dimV.csv,,,,,,0.0249875299632549,53.30226459994447,BIDMC32,V,MLP,,40,50,8,train,False
data/BIDMC32_TEST_dimV.csv,0.0,1.0,1.0,0.0,0.0,0.0318588494775341,0.0672361999750137,BIDMC32,V,MLP,,40,50,8,test,False
BIDMC32_TEST_dimV_e0_eb0.015625_decompressed.csv,0.015625,12.0512162954279,6.744095456782024,454.0,49.0,0.0532931960213357,0.0675131999887526,BIDMC32,V,MLP,,40,50,8,test,True
BIDMC32_TEST_dimV_e0_eb0.03125_decompressed.csv,0.03125,17.512244463373083,6.961020822752666,388.0,53.0,0.0516652690800497,0.0704782999819144,BIDMC32,V,MLP,,40,50,8,test,True
BIDMC32_TEST_dimV_e0_eb0.0625_decompressed.csv,0.0625,30.32356194690265,7.100457606630979,364.0,48.0,0.0907996746701822,0.0680058000143617,BIDMC32,V,MLP,,40,50,8,test,True
BIDMC32_TEST_dimV_e0_eb0.125_decompressed.csv,0.125,43.05628272251309,7.580890486725663,527.0,56.0,0.1608507582419771,0.0666450000135228,BIDMC32,V,MLP,,40,50,8,test,True
data/BIDMC32_TRAIN_dimAVR.csv,,,,,,0.0356692187488079,152.08436929999152,BIDMC32,AVR,InceptionTime,,50,50,16,train,False
data/BIDMC32_TEST_dimAVR.csv,0.0,1.0,1.0,0.0,0.0,0.0357864476679983,0.2792728999920655,BIDMC32,AVR,InceptionTime,,50,50,16,test,False
BIDMC32_TEST_dimAVR_e0_eb0.00390625_decompressed.csv,0.00390625,11.824940680200369,6.115625852195255,367.0,161.0,0.0456518579321459,0.2649627999926451,BIDMC32,AVR,InceptionTime,,50,50,16,test,True
BIDMC32_TEST_dimAVR_e0_eb0.0078125_decompressed.csv,0.0078125,13.141517726340464,6.472150072150072,372.0,47.0,0.0419985622422342,0.2781187999935355,BIDMC32,AVR,InceptionTime,,50,50,16,test,True
BIDMC32_TEST_dimAVR_e0_eb0.015625_decompressed.csv,0.015625,16.970109723798714,6.124812235422641,379.0,52.0,0.0474967473839438,0.2937863999977708,BIDMC32,AVR,InceptionTime,,50,50,16,test,True
BIDMC32_TEST_dimAVR_e0_eb0.03125_decompressed.csv,0.03125,23.8067940552017,6.009110396570204,346.0,50.0,0.0431086558401111,0.3129362999752629,BIDMC32,AVR,InceptionTime,,50,50,16,test,True
BIDMC32_TEST_dimAVR_e0_eb0.0625_decompressed.csv,0.0625,32.12893982808023,6.266871594243398,363.0,45.0,0.052011082295927,0.3327829000190831,BIDMC32,AVR,InceptionTime,,50,50,16,test,True
data/BIDMC32_TRAIN_dimAVR.csv,,,,,,0.0318636111915111,26.62522000004537,BIDMC32,AVR,MLP,,50,50,16,train,False
data/BIDMC32_TEST_dimAVR.csv,0.0,1.0,1.0,0.0,0.0,0.0419447372902856,0.0574567000148817,BIDMC32,AVR,MLP,,50,50,16,test,False
BIDMC32_TEST_dimAVR_e0_eb0.00390625_decompressed.csv,0.00390625,11.824940680200369,6.115625852195255,695.0,63.0,0.0371722127646997,0.0450955999549478,BIDMC32,AVR,MLP,,50,50,16,test,True
BIDMC32_TEST_dimAVR_e0_eb0.0078125_decompressed.csv,0.0078125,13.141517726340464,6.472150072150072,515.0,66.0,0.0338102975415481,0.0426879000151529,BIDMC32,AVR,MLP,,50,50,16,test,True
BIDMC32_TEST_dimAVR_e0_eb0.015625_decompressed.csv,0.015625,16.970109723798714,6.124812235422641,499.0,63.0,0.0483306745487336,0.0449913000920787,BIDMC32,AVR,MLP,,50,50,16,test,True
BIDMC32_TEST_dimAVR_e0_eb0.03125_decompressed.csv,0.03125,23.8067940552017,6.009110396570204,474.0,67.0,0.0433283866181537,0.0443912000628188,BIDMC32,AVR,MLP,,50,50,16,test,True
BIDMC32_TEST_dimAVR_e0_eb0.0625_decompressed.csv,0.0625,32.12893982808023,6.266871594243398,564.0,79.0,0.0681013200225069,0.0426216999767348,BIDMC32,AVR,MLP,,50,50,16,test,True
data/BIDMC32_TRAIN_dimAVR.csv,,,,,,0.0406330078840255,45.46533010000712,BIDMC32,AVR,RNN,,50,50,16,train,False
data/BIDMC32_TEST_dimAVR.csv,0.0,1.0,1.0,0.0,0.0,0.0308352739455418,0.1011261999956332,BIDMC32,AVR,RNN,,50,50,16,test,False
BIDMC32_TEST_dimAVR_e0_eb0.00390625_decompressed.csv,0.00390625,11.824940680200369,6.115625852195255,550.0,67.0,0.043813726411924,0.1714581999985966,BIDMC32,AVR,RNN,,50,50,16,test,True
BIDMC32_TEST_dimAVR_e0_eb0.0078125_decompressed.csv,0.0078125,13.141517726340464,6.472150072150072,536.0,61.0,0.0463515523684011,0.0719966999895405,BIDMC32,AVR,RNN,,50,50,16,test,True
BIDMC32_TEST_dimAVR_e0_eb0.015625_decompressed.csv,0.015625,16.970109723798714,6.124812235422641,541.0,59.0,0.0501995059785408,0.0707451000052969,BIDMC32,AVR,RNN,,50,50,16,test,True
BIDMC32_TEST_dimAVR_e0_eb0.03125_decompressed.csv,0.03125,23.8067940552017,6.009110396570204,493.0,69.0,0.0378477948679444,0.068800100008957,BIDMC32,AVR,RNN,,50,50,16,test,True
BIDMC32_TEST_dimAVR_e0_eb0.0625_decompressed.csv,0.0625,32.12893982808023,6.266871594243398,675.0,82.0,0.0688100897993133,0.0689207999967038,BIDMC32,AVR,RNN,,50,50,16,test,True
data/BIDMC32_TRAIN_dimII.csv,,,,,,0.0423817597329616,152.63543850000133,BIDMC32,II,InceptionTime,,50,50,16,train,False
data/BIDMC32_TEST_dimII.csv,0.0,1.0,1.0,0.0,0.0,0.0388207040352255,0.3349176999763585,BIDMC32,II,InceptionTime,,50,50,16,test,False
BIDMC32_TEST_dimII_e0_eb0.015625_decompressed.csv,0.015625,13.257986447241043,6.745444097849286,383.0,45.0,0.0566323471756102,0.2607174000004306,BIDMC32,II,InceptionTime,,50,50,16,test,True
BIDMC32_TEST_dimII_e0_eb0.03125_decompressed.csv,0.03125,19.334823529411764,6.745444097849286,354.0,45.0,0.0582159362967223,0.2807516000175383,BIDMC32,II,InceptionTime,,50,50,16,test,True
BIDMC32_TEST_dimII_e0_eb0.0625_decompressed.csv,0.0625,29.92461762563729,6.590712223291627,351.0,53.0,0.0589403398334577,0.2922331000154372,BIDMC32,II,InceptionTime,,50,50,16,test,True
BIDMC32_TEST_dimII_e0_eb0.125_decompressed.csv,0.125,42.53260869565217,8.016878048780487,353.0,45.0,0.0692717505548312,0.3192324999836273,BIDMC32,II,InceptionTime,,50,50,16,test,True
data/BIDMC32_TRAIN_dimII.csv,,,,,,0.0542775616049766,34.36785649997182,BIDMC32,II,MLP,,50,50,16,train,False
data/BIDMC32_TEST_dimII.csv,0.0,1.0,1.0,0.0,0.0,0.0471804083595739,0.0643672998994588,BIDMC32,II,MLP,,50,50,16,test,False
BIDMC32_TEST_dimII_e0_eb0.015625_decompressed.csv,0.015625,13.257986447241043,6.745444097849286,847.0,70.0,0.0579730691465806,0.0553437999915331,BIDMC32,II,MLP,,50,50,16,test,True
BIDMC32_TEST_dimII_e0_eb0.03125_decompressed.csv,0.03125,19.334823529411764,6.745444097849286,545.0,65.0,0.0590633541938922,0.0605931000318378,BIDMC32,II,MLP,,50,50,16,test,True
BIDMC32_TEST_dimII_e0_eb0.0625_decompressed.csv,0.0625,29.92461762563729,6.590712223291627,543.0,199.0,0.0779228070474589,0.0460642999969422,BIDMC32,II,MLP,,50,50,16,test,True
BIDMC32_TEST_dimII_e0_eb0.125_decompressed.csv,0.125,42.53260869565217,8.016878048780487,523.0,63.0,0.080593596211068,0.0474154000403359,BIDMC32,II,MLP,,50,50,16,test,True
data/BIDMC32_TRAIN_dimII.csv,,,,,,0.0799987763166427,43.58328520000214,BIDMC32,II,RNN,,50,50,16,train,False
data/BIDMC32_TEST_dimII.csv,0.0,1.0,1.0,0.0,0.0,0.0588810649349947,0.0740541999984998,BIDMC32,II,RNN,,50,50,16,test,False
BIDMC32_TEST_dimII_e0_eb0.015625_decompressed.csv,0.015625,13.257986447241043,6.745444097849286,574.0,186.0,0.0695195556882146,0.0856094999762717,BIDMC32,II,RNN,,50,50,16,test,True
BIDMC32_TEST_dimII_e0_eb0.03125_decompressed.csv,0.03125,19.334823529411764,6.745444097849286,454.0,58.0,0.0610277303185018,0.0877052000141702,BIDMC32,II,RNN,,50,50,16,test,True
BIDMC32_TEST_dimII_e0_eb0.0625_decompressed.csv,0.0625,29.92461762563729,6.590712223291627,505.0,65.0,0.0695599127409736,0.1156446999812033,BIDMC32,II,RNN,,50,50,16,test,True
BIDMC32_TEST_dimII_e0_eb0.125_decompressed.csv,0.125,42.53260869565217,8.016878048780487,524.0,61.0,0.0695370658527312,0.0729150999977719,BIDMC32,II,RNN,,50,50,16,test,True
data/BIDMC32_TRAIN_dimPLETH.csv,,,,,,0.0403132662177085,152.4617600000056,BIDMC32,PLETH,InceptionTime,,50,50,16,train,False
data/BIDMC32_TEST_dimPLETH.csv,0.0,1.0,1.0,0.0,0.0,0.2619800579562777,0.2712408000079449,BIDMC32,PLETH,InceptionTime,,50,50,16,test,False
BIDMC32_TEST_dimPLETH_e0_eb0.0078125_decompressed.csv,0.0078125,24.070011500862563,5.439603638726446,349.0,47.0,0.0875426861083675,0.2606759000045713,BIDMC32,PLETH,InceptionTime,,50,50,16,test,True
BIDMC32_TEST_dimPLETH_e0_eb0.015625_decompressed.csv,0.015625,48.74264919941776,5.597639664337534,335.0,43.0,0.0622639919285325,0.2813772999797947,BIDMC32,PLETH,InceptionTime,,50,50,16,test,True
BIDMC32_TEST_dimPLETH_e0_eb0.03125_decompressed.csv,0.03125,84.00953336678374,5.566005119510654,335.0,46.0,0.0739041501155835,0.2886642999947071,BIDMC32,PLETH,InceptionTime,,50,50,16,test,True
BIDMC32_TEST_dimPLETH_e0_eb0.0625_decompressed.csv,0.0625,168.10341365461846,5.431838826888139,335.0,62.0,0.0893256254882471,0.3014301999937743,BIDMC32,PLETH,InceptionTime,,50,50,16,test,True
data/BIDMC32_TRAIN_dimPLETH.csv,,,,,,0.0425611361861228,31.77448090002872,BIDMC32,PLETH,MLP,,50,50,16,train,False
data/BIDMC32_TEST_dimPLETH.csv,0.0,1.0,1.0,0.0,0.0,0.1023118636674029,0.0594110999954864,BIDMC32,PLETH,MLP,,50,50,16,test,False
BIDMC32_TEST_dimPLETH_e0_eb0.0078125_decompressed.csv,0.0078125,24.070011500862563,5.439603638726446,571.0,67.0,0.0595563738399874,0.0749541000695899,BIDMC32,PLETH,MLP,,50,50,16,test,True
BIDMC32_TEST_dimPLETH_e0_eb0.015625_decompressed.csv,0.015625,48.74264919941776,5.597639664337534,550.0,73.0,0.0588500633093484,0.0616814000532031,BIDMC32,PLETH,MLP,,50,50,16,test,True
BIDMC32_TEST_dimPLETH_e0_eb0.03125_decompressed.csv,0.03125,84.00953336678374,5.566005119510654,480.0,68.0,0.0586518204606445,0.0516986000584438,BIDMC32,PLETH,MLP,,50,50,16,test,True
BIDMC32_TEST_dimPLETH_e0_eb0.0625_decompressed.csv,0.0625,168.10341365461846,5.431838826888139,507.0,71.0,0.0711064200603924,0.0425013999920338,BIDMC32,PLETH,MLP,,50,50,16,test,True
data/BIDMC32_TRAIN_dimPLETH.csv,,,,,,0.0410162918269634,42.27515139998286,BIDMC32,PLETH,RNN,,50,50,16,train,False
data/BIDMC32_TEST_dimPLETH.csv,0.0,1.0,1.0,0.0,0.0,0.0522688382204695,0.0813791000109631,BIDMC32,PLETH,RNN,,50,50,16,test,False
BIDMC32_TEST_dimPLETH_e0_eb0.0078125_decompressed.csv,0.0078125,24.070011500862563,5.439603638726446,551.0,62.0,0.0977562568644016,0.1760084000125061,BIDMC32,PLETH,RNN,,50,50,16,test,True
BIDMC32_TEST_dimPLETH_e0_eb0.015625_decompressed.csv,0.015625,48.74264919941776,5.597639664337534,607.0,64.0,0.0766815162705161,0.0691445999837014,BIDMC32,PLETH,RNN,,50,50,16,test,True
BIDMC32_TEST_dimPLETH_e0_eb0.03125_decompressed.csv,0.03125,84.00953336678374,5.566005119510654,436.0,58.0,0.0633744566262515,0.0708371000073384,BIDMC32,PLETH,RNN,,50,50,16,test,True
BIDMC32_TEST_dimPLETH_e0_eb0.0625_decompressed.csv,0.0625,168.10341365461846,5.431838826888139,521.0,74.0,0.0802288191221742,0.0707457999815233,BIDMC32,PLETH,RNN,,50,50,16,test,True
data/BIDMC32_TRAIN_dimRESP.csv,,,,,,0.0918015390634536,151.32454650002182,BIDMC32,RESP,InceptionTime,,50,50,16,train,False
data/BIDMC32_TEST_dimRESP.csv,0.0,1.0,1.0,0.0,0.0,0.0972721017019422,0.331663999997545,BIDMC32,RESP,InceptionTime,,50,50,16,test,False
BIDMC32_TEST_dimRESP_e0_eb0.0078125_decompressed.csv,0.0078125,15.901197053406998,4.955435032139578,359.0,46.0,0.2137826684643886,0.2565076999890152,BIDMC32,RESP,InceptionTime,,50,50,16,test,True
BIDMC32_TEST_dimRESP_e0_eb0.015625_decompressed.csv,0.015625,19.32486571172784,5.071273346646306,344.0,46.0,0.2414469660345418,0.2825439000152983,BIDMC32,RESP,InceptionTime,,50,50,16,test,True
BIDMC32_TEST_dimRESP_e0_eb0.03125_decompressed.csv,0.03125,30.69991111111111,5.289197218904101,330.0,44.0,0.3456398954254155,0.2867102999880444,BIDMC32,RESP,InceptionTime,,50,50,16,test,True
BIDMC32_TEST_dimRESP_e0_eb0.0625_decompressed.csv,0.0625,51.56375037324575,5.398324424020757,350.0,44.0,0.4615435412967669,0.3775959000049624,BIDMC32,RESP,InceptionTime,,50,50,16,test,True
data/BIDMC32_TRAIN_dimRESP.csv,,,,,,0.2452790141105651,31.94207320001442,BIDMC32,RESP,MLP,,50,50,16,train,False
data/BIDMC32_TEST_dimRESP.csv,0.0,1.0,1.0,0.0,0.0,0.2537172048849443,0.1335866999579593,BIDMC32,RESP,MLP,,50,50,16,test,False
BIDMC32_TEST_dimRESP_e0_eb0.0078125_decompressed.csv,0.0078125,15.901197053406998,4.955435032139578,480.0,74.0,0.2894528306446939,0.042379799997434,BIDMC32,RESP,MLP,,50,50,16,test,True
BIDMC32_TEST_dimRESP_e0_eb0.015625_decompressed.csv,0.015625,19.32486571172784,5.071273346646306,499.0,61.0,0.3054625474277792,0.0449382000369951,BIDMC32,RESP,MLP,,50,50,16,test,True
BIDMC32_TEST_dimRESP_e0_eb0.03125_decompressed.csv,0.03125,30.69991111111111,5.289197218904101,507.0,68.0,0.3330841665967056,0.0458083000266924,BIDMC32,RESP,MLP,,50,50,16,test,True
BIDMC32_TEST_dimRESP_e0_eb0.0625_decompressed.csv,0.0625,51.56375037324575,5.398324424020757,473.0,64.0,0.3949513941034579,0.0527812000364065,BIDMC32,RESP,MLP,,50,50,16,test,True
data/BIDMC32_TRAIN_dimRESP.csv,,,,,,0.3966428637504577,44.15531110001029,BIDMC32,RESP,RNN,,50,50,16,train,False
data/BIDMC32_TEST_dimRESP.csv,0.0,1.0,1.0,0.0,0.0,0.4297793327536639,0.1250964000064414,BIDMC32,RESP,RNN,,50,50,16,test,False
BIDMC32_TEST_dimRESP_e0_eb0.0078125_decompressed.csv,0.0078125,15.901197053406998,4.955435032139578,491.0,66.0,0.4341236873463626,0.089763199997833,BIDMC32,RESP,RNN,,50,50,16,test,True
BIDMC32_TEST_dimRESP_e0_eb0.015625_decompressed.csv,0.015625,19.32486571172784,5.071273346646306,441.0,57.0,0.4294007251058427,0.0838730999967083,BIDMC32,RESP,RNN,,50,50,16,test,True
BIDMC32_TEST_dimRESP_e0_eb0.03125_decompressed.csv,0.03125,30.69991111111111,5.289197218904101,538.0,186.0,0.4178314130123634,0.0654950000171084,BIDMC32,RESP,RNN,,50,50,16,test,True
BIDMC32_TEST_dimRESP_e0_eb0.0625_decompressed.csv,0.0625,51.56375037324575,5.398324424020757,614.0,100.0,0.4180811408749462,0.0682268000091426,BIDMC32,RESP,RNN,,50,50,16,test,True
data/BIDMC32_TRAIN_dimV.csv,,,,,,0.0139515986666083,148.9512728000118,BIDMC32,V,InceptionTime,,50,50,16,train,False
data/BIDMC32_TEST_dimV.csv,0.0,1.0,1.0,0.0,0.0,0.0162222318341906,0.3584296999906655,BIDMC32,V,InceptionTime,,50,50,16,test,False
BIDMC32_TEST_dimV_e0_eb0.015625_decompressed.csv,0.015625,12.0512162954279,6.744095456782024,385.0,48.0,0.0383215080886542,0.2672877000004519,BIDMC32,V,InceptionTime,,50,50,16,test,True
BIDMC32_TEST_dimV_e0_eb0.03125_decompressed.csv,0.03125,17.512244463373083,6.961020822752666,369.0,49.0,0.0369498686631456,0.2890227000170853,BIDMC32,V,InceptionTime,,50,50,16,test,True
BIDMC32_TEST_dimV_e0_eb0.0625_decompressed.csv,0.0625,30.32356194690265,7.100457606630979,350.0,48.0,0.0435578804351175,0.2825358000118285,BIDMC32,V,InceptionTime,,50,50,16,test,True
BIDMC32_TEST_dimV_e0_eb0.125_decompressed.csv,0.125,43.05628272251309,7.580890486725663,541.0,49.0,0.0625012933751625,0.3058863000187557,BIDMC32,V,InceptionTime,,50,50,16,test,True
data/BIDMC32_TRAIN_dimV.csv,,,,,,0.0408162176609039,30.59321690001525,BIDMC32,V,MLP,,50,50,16,train,False
data/BIDMC32_TEST_dimV.csv,0.0,1.0,1.0,0.0,0.0,0.0438583787890418,0.0573129999684169,BIDMC32,V,MLP,,50,50,16,test,False
BIDMC32_TEST_dimV_e0_eb0.015625_decompressed.csv,0.015625,12.0512162954279,6.744095456782024,626.0,65.0,0.0487454009352861,0.044497299939394,BIDMC32,V,MLP,,50,50,16,test,True
BIDMC32_TEST_dimV_e0_eb0.03125_decompressed.csv,0.03125,17.512244463373083,6.961020822752666,496.0,71.0,0.0552610414251643,0.0466193000320345,BIDMC32,V,MLP,,50,50,16,test,True
BIDMC32_TEST_dimV_e0_eb0.0625_decompressed.csv,0.0625,30.32356194690265,7.100457606630979,465.0,76.0,0.0583772806147886,0.0471224000211805,BIDMC32,V,MLP,,50,50,16,test,True
BIDMC32_TEST_dimV_e0_eb0.125_decompressed.csv,0.125,43.05628272251309,7.580890486725663,489.0,63.0,0.0785086591448947,0.058501899940893,BIDMC32,V,MLP,,50,50,16,test,True
data/BIDMC32_TRAIN_dimV.csv,,,,,,0.0336443968117237,40.54566559998784,BIDMC32,V,RNN,,50,50,16,train,False
data/BIDMC32_TEST_dimV.csv,0.0,1.0,1.0,0.0,0.0,0.0324999426978538,0.1145356000051833,BIDMC32,V,RNN,,50,50,16,test,False
BIDMC32_TEST_dimV_e0_eb0.015625_decompressed.csv,0.015625,12.0512162954279,6.744095456782024,508.0,68.0,0.0520758244410891,0.1304959999979473,BIDMC32,V,RNN,,50,50,16,test,True
BIDMC32_TEST_dimV_e0_eb0.03125_decompressed.csv,0.03125,17.512244463373083,6.961020822752666,496.0,70.0,0.0412339848330402,0.0724855000153184,BIDMC32,V,RNN,,50,50,16,test,True
BIDMC32_TEST_dimV_e0_eb0.0625_decompressed.csv,0.0625,30.32356194690265,7.100457606630979,513.0,61.0,0.0453941930216841,0.072272299992619,BIDMC32,V,RNN,,50,50,16,test,True
BIDMC32_TEST_dimV_e0_eb0.125_decompressed.csv,0.125,43.05628272251309,7.580890486725663,430.0,64.0,0.0616951289126648,0.06837190000806,BIDMC32,V,RNN,,50,50,16,test,True
data/BIDMC32_TRAIN_dimAVR.csv,,,,,,0.0210182853043079,160.6071699000022,BIDMC32,AVR,InceptionTime,,60,50,16,train,False
data/BIDMC32_TEST_dimAVR.csv,0.0,1.0,1.0,0.0,0.0,0.0230389745027015,0.2833293000003323,BIDMC32,AVR,InceptionTime,,60,50,16,test,False
BIDMC32_TEST_dimAVR_e0_eb0.00390625_decompressed.csv,0.00390625,11.824940680200369,6.115625852195255,411.0,158.0,0.0308043045563379,0.2678073999995831,BIDMC32,AVR,InceptionTime,,60,50,16,test,True
BIDMC32_TEST_dimAVR_e0_eb0.0078125_decompressed.csv,0.0078125,13.141517726340464,6.472150072150072,401.0,51.0,0.0343111900085039,0.2930960000085179,BIDMC32,AVR,InceptionTime,,60,50,16,test,True
BIDMC32_TEST_dimAVR_e0_eb0.015625_decompressed.csv,0.015625,16.970109723798714,6.124812235422641,364.0,49.0,0.0298833975845332,0.3458985000033863,BIDMC32,AVR,InceptionTime,,60,50,16,test,True
BIDMC32_TEST_dimAVR_e0_eb0.03125_decompressed.csv,0.03125,23.8067940552017,6.009110396570204,421.0,179.0,0.029683516513164,0.331310100009432,BIDMC32,AVR,InceptionTime,,60,50,16,test,True
BIDMC32_TEST_dimAVR_e0_eb0.0625_decompressed.csv,0.0625,32.12893982808023,6.266871594243398,508.0,71.0,0.034971059714605,0.322448599996278,BIDMC32,AVR,InceptionTime,,60,50,16,test,True
data/BIDMC32_TRAIN_dimAVR.csv,,,,,,0.0448418781161308,20.889799800002947,BIDMC32,AVR,MLP,,60,50,16,train,False
data/BIDMC32_TEST_dimAVR.csv,0.0,1.0,1.0,0.0,0.0,0.0504250103811831,0.056681300047785,BIDMC32,AVR,MLP,,60,50,16,test,False
BIDMC32_TEST_dimAVR_e0_eb0.00390625_decompressed.csv,0.00390625,11.824940680200369,6.115625852195255,533.0,68.0,0.0522863168032541,0.038709899992682,BIDMC32,AVR,MLP,,60,50,16,test,True
BIDMC32_TEST_dimAVR_e0_eb0.0078125_decompressed.csv,0.0078125,13.141517726340464,6.472150072150072,584.0,78.0,0.0493173610702502,0.0423968998948112,BIDMC32,AVR,MLP,,60,50,16,test,True
BIDMC32_TEST_dimAVR_e0_eb0.015625_decompressed.csv,0.015625,16.970109723798714,6.124812235422641,526.0,64.0,0.0504491421663229,0.0430933999596163,BIDMC32,AVR,MLP,,60,50,16,test,True
BIDMC32_TEST_dimAVR_e0_eb0.03125_decompressed.csv,0.03125,23.8067940552017,6.009110396570204,485.0,64.0,0.0459905354606744,0.0436149999732151,BIDMC32,AVR,MLP,,60,50,16,test,True
BIDMC32_TEST_dimAVR_e0_eb0.0625_decompressed.csv,0.0625,32.12893982808023,6.266871594243398,537.0,73.0,0.0486534400460008,0.0378916000481694,BIDMC32,AVR,MLP,,60,50,16,test,True
data/BIDMC32_TRAIN_dimAVR.csv,,,,,,0.0369910225272178,37.63099299999885,BIDMC32,AVR,RNN,,60,50,16,train,False
data/BIDMC32_TEST_dimAVR.csv,0.0,1.0,1.0,0.0,0.0,0.0421617589166397,0.0789987000171095,BIDMC32,AVR,RNN,,60,50,16,test,False
BIDMC32_TEST_dimAVR_e0_eb0.00390625_decompressed.csv,0.00390625,11.824940680200369,6.115625852195255,613.0,64.0,0.0574261613932317,0.1799347000196576,BIDMC32,AVR,RNN,,60,50,16,test,True
BIDMC32_TEST_dimAVR_e0_eb0.0078125_decompressed.csv,0.0078125,13.141517726340464,6.472150072150072,593.0,73.0,0.0602574928355566,0.069676499988418,BIDMC32,AVR,RNN,,60,50,16,test,True
BIDMC32_TEST_dimAVR_e0_eb0.015625_decompressed.csv,0.015625,16.970109723798714,6.124812235422641,526.0,69.0,0.0502128084769468,0.0686272000020835,BIDMC32,AVR,RNN,,60,50,16,test,True
BIDMC32_TEST_dimAVR_e0_eb0.03125_decompressed.csv,0.03125,23.8067940552017,6.009110396570204,476.0,68.0,0.0466213013608707,0.0717875999980606,BIDMC32,AVR,RNN,,60,50,16,test,True
BIDMC32_TEST_dimAVR_e0_eb0.0625_decompressed.csv,0.0625,32.12893982808023,6.266871594243398,550.0,107.0,0.0432970870676752,0.0681476000172551,BIDMC32,AVR,RNN,,60,50,16,test,True
data/BIDMC32_TRAIN_dimII.csv,,,,,,0.0155258066952228,138.29273580000154,BIDMC32,II,InceptionTime,,60,50,16,train,False
data/BIDMC32_TEST_dimII.csv,0.0,1.0,1.0,0.0,0.0,0.0217015111704101,0.3077989000012167,BIDMC32,II,InceptionTime,,60,50,16,test,False
BIDMC32_TEST_dimII_e0_eb0.015625_decompressed.csv,0.015625,13.257986447241043,6.745444097849286,375.0,44.0,0.0628925145016121,0.2498014000011608,BIDMC32,II,InceptionTime,,60,50,16,test,True
BIDMC32_TEST_dimII_e0_eb0.03125_decompressed.csv,0.03125,19.334823529411764,6.745444097849286,356.0,49.0,0.0613167048825694,0.2792667000030633,BIDMC32,II,InceptionTime,,60,50,16,test,True
BIDMC32_TEST_dimII_e0_eb0.0625_decompressed.csv,0.0625,29.92461762563729,6.590712223291627,359.0,46.0,0.0438329070645888,0.2742434999963734,BIDMC32,II,InceptionTime,,60,50,16,test,True
BIDMC32_TEST_dimII_e0_eb0.125_decompressed.csv,0.125,42.53260869565217,8.016878048780487,404.0,46.0,0.0640963059701077,0.2902504999947268,BIDMC32,II,InceptionTime,,60,50,16,test,True
data/BIDMC32_TRAIN_dimII.csv,,,,,,0.0478866137564182,28.3002902000444,BIDMC32,II,MLP,,60,50,16,train,False
data/BIDMC32_TEST_dimII.csv,0.0,1.0,1.0,0.0,0.0,0.0524713131975885,0.0665743999416008,BIDMC32,II,MLP,,60,50,16,test,False
BIDMC32_TEST_dimII_e0_eb0.015625_decompressed.csv,0.015625,13.257986447241043,6.745444097849286,612.0,76.0,0.0574783561973614,0.0764306000201031,BIDMC32,II,MLP,,60,50,16,test,True
BIDMC32_TEST_dimII_e0_eb0.03125_decompressed.csv,0.03125,19.334823529411764,6.745444097849286,477.0,71.0,0.0566694731676061,0.0574883000226691,BIDMC32,II,MLP,,60,50,16,test,True
BIDMC32_TEST_dimII_e0_eb0.0625_decompressed.csv,0.0625,29.92461762563729,6.590712223291627,523.0,64.0,0.0643312462592214,0.0430664999876171,BIDMC32,II,MLP,,60,50,16,test,True
BIDMC32_TEST_dimII_e0_eb0.125_decompressed.csv,0.125,42.53260869565217,8.016878048780487,576.0,70.0,0.0702497687876785,0.0415279000299051,BIDMC32,II,MLP,,60,50,16,test,True
data/BIDMC32_TRAIN_dimII.csv,,,,,,0.0550402179360389,45.07961270000669,BIDMC32,II,RNN,,60,50,16,train,False
data/BIDMC32_TEST_dimII.csv,0.0,1.0,1.0,0.0,0.0,0.0625912749614294,0.0820103000150993,BIDMC32,II,RNN,,60,50,16,test,False
BIDMC32_TEST_dimII_e0_eb0.015625_decompressed.csv,0.015625,13.257986447241043,6.745444097849286,436.0,78.0,0.1035996289368849,0.0754902999906335,BIDMC32,II,RNN,,60,50,16,test,True
BIDMC32_TEST_dimII_e0_eb0.03125_decompressed.csv,0.03125,19.334823529411764,6.745444097849286,481.0,64.0,0.0796514894382708,0.0668479999876581,BIDMC32,II,RNN,,60,50,16,test,True
BIDMC32_TEST_dimII_e0_eb0.0625_decompressed.csv,0.0625,29.92461762563729,6.590712223291627,459.0,184.0,0.0678190937008515,0.0689968000224325,BIDMC32,II,RNN,,60,50,16,test,True
BIDMC32_TEST_dimII_e0_eb0.125_decompressed.csv,0.125,42.53260869565217,8.016878048780487,533.0,82.0,0.0776779949645784,0.0655141999886836,BIDMC32,II,RNN,,60,50,16,test,True
data/BIDMC32_TRAIN_dimPLETH.csv,,,,,,0.0373718291521072,137.71327989999554,BIDMC32,PLETH,InceptionTime,,60,50,16,train,False
data/BIDMC32_TEST_dimPLETH.csv,0.0,1.0,1.0,0.0,0.0,0.039680563277016,0.2645341999887023,BIDMC32,PLETH,InceptionTime,,60,50,16,test,False
BIDMC32_TEST_dimPLETH_e0_eb0.0078125_decompressed.csv,0.0078125,24.070011500862563,5.439603638726446,347.0,45.0,0.0527083914098153,0.2440714999975171,BIDMC32,PLETH,InceptionTime,,60,50,16,test,True
BIDMC32_TEST_dimPLETH_e0_eb0.015625_decompressed.csv,0.015625,48.74264919941776,5.597639664337534,342.0,48.0,0.0506161257605411,0.3157399000192527,BIDMC32,PLETH,InceptionTime,,60,50,16,test,True
BIDMC32_TEST_dimPLETH_e0_eb0.03125_decompressed.csv,0.03125,84.00953336678374,5.566005119510654,355.0,46.0,0.0580455398199374,0.2794401999854017,BIDMC32,PLETH,InceptionTime,,60,50,16,test,True
BIDMC32_TEST_dimPLETH_e0_eb0.0625_decompressed.csv,0.0625,168.10341365461846,5.431838826888139,358.0,46.0,0.0788887932772462,0.2728208999906201,BIDMC32,PLETH,InceptionTime,,60,50,16,test,True
data/BIDMC32_TRAIN_dimPLETH.csv,,,,,,0.0414502844214439,27.82033110002521,BIDMC32,PLETH,MLP,,60,50,16,train,False
data/BIDMC32_TEST_dimPLETH.csv,0.0,1.0,1.0,0.0,0.0,0.0431195507827679,0.0518453000113368,BIDMC32,PLETH,MLP,,60,50,16,test,False
BIDMC32_TEST_dimPLETH_e0_eb0.0078125_decompressed.csv,0.0078125,24.070011500862563,5.439603638726446,496.0,67.0,0.0475184907051669,0.0442944999085739,BIDMC32,PLETH,MLP,,60,50,16,test,True
BIDMC32_TEST_dimPLETH_e0_eb0.015625_decompressed.csv,0.015625,48.74264919941776,5.597639664337534,464.0,67.0,0.0504596320629836,0.0384774000849574,BIDMC32,PLETH,MLP,,60,50,16,test,True
BIDMC32_TEST_dimPLETH_e0_eb0.03125_decompressed.csv,0.03125,84.00953336678374,5.566005119510654,478.0,65.0,0.0536757819232003,0.0391721000196412,BIDMC32,PLETH,MLP,,60,50,16,test,True
BIDMC32_TEST_dimPLETH_e0_eb0.0625_decompressed.csv,0.0625,168.10341365461846,5.431838826888139,464.0,65.0,0.070833531555111,0.0639358999906107,BIDMC32,PLETH,MLP,,60,50,16,test,True
data/BIDMC32_TRAIN_dimPLETH.csv,,,,,,0.0446543246507644,37.96976820001146,BIDMC32,PLETH,RNN,,60,50,16,train,False
data/BIDMC32_TEST_dimPLETH.csv,0.0,1.0,1.0,0.0,0.0,0.0436975828985823,0.0919235000037588,BIDMC32,PLETH,RNN,,60,50,16,test,False
BIDMC32_TEST_dimPLETH_e0_eb0.0078125_decompressed.csv,0.0078125,24.070011500862563,5.439603638726446,578.0,69.0,0.0482480297800587,0.1717092999897431,BIDMC32,PLETH,RNN,,60,50,16,test,True
BIDMC32_TEST_dimPLETH_e0_eb0.015625_decompressed.csv,0.015625,48.74264919941776,5.597639664337534,439.0,64.0,0.0482567727741764,0.0719650000100955,BIDMC32,PLETH,RNN,,60,50,16,test,True
BIDMC32_TEST_dimPLETH_e0_eb0.03125_decompressed.csv,0.03125,84.00953336678374,5.566005119510654,433.0,62.0,0.0502212247219037,0.0687308000051416,BIDMC32,PLETH,RNN,,60,50,16,test,True
BIDMC32_TEST_dimPLETH_e0_eb0.0625_decompressed.csv,0.0625,168.10341365461846,5.431838826888139,472.0,68.0,0.0593716017647296,0.0681120999797713,BIDMC32,PLETH,RNN,,60,50,16,test,True
data/BIDMC32_TRAIN_dimRESP.csv,,,,,,0.1493737399578094,138.15035680000435,BIDMC32,RESP,InceptionTime,,60,50,16,train,False
data/BIDMC32_TEST_dimRESP.csv,0.0,1.0,1.0,0.0,0.0,0.1460834918679351,0.2586438000143971,BIDMC32,RESP,InceptionTime,,60,50,16,test,False
BIDMC32_TEST_dimRESP_e0_eb0.0078125_decompressed.csv,0.0078125,15.901197053406998,4.955435032139578,352.0,49.0,0.1781629440569418,0.2531195000046864,BIDMC32,RESP,InceptionTime,,60,50,16,test,True
BIDMC32_TEST_dimRESP_e0_eb0.015625_decompressed.csv,0.015625,19.32486571172784,5.071273346646306,342.0,53.0,0.2141069012431818,0.2635909000237006,BIDMC32,RESP,InceptionTime,,60,50,16,test,True
BIDMC32_TEST_dimRESP_e0_eb0.03125_decompressed.csv,0.03125,30.69991111111111,5.289197218904101,338.0,47.0,0.259922469975717,0.2705981000035535,BIDMC32,RESP,InceptionTime,,60,50,16,test,True
BIDMC32_TEST_dimRESP_e0_eb0.0625_decompressed.csv,0.0625,51.56375037324575,5.398324424020757,360.0,45.0,0.3502047192369426,0.2656018999987282,BIDMC32,RESP,InceptionTime,,60,50,16,test,True
data/BIDMC32_TRAIN_dimRESP.csv,,,,,,0.1946543604135513,28.12013629998546,BIDMC32,RESP,MLP,,60,50,16,train,False
data/BIDMC32_TEST_dimRESP.csv,0.0,1.0,1.0,0.0,0.0,0.2045611490921943,0.0576718000229448,BIDMC32,RESP,MLP,,60,50,16,test,False
BIDMC32_TEST_dimRESP_e0_eb0.0078125_decompressed.csv,0.0078125,15.901197053406998,4.955435032139578,457.0,63.0,0.2212531991118256,0.037337000016123,BIDMC32,RESP,MLP,,60,50,16,test,True
BIDMC32_TEST_dimRESP_e0_eb0.015625_decompressed.csv,0.015625,19.32486571172784,5.071273346646306,475.0,73.0,0.2564545248394768,0.0374110999982804,BIDMC32,RESP,MLP,,60,50,16,test,True
BIDMC32_TEST_dimRESP_e0_eb0.03125_decompressed.csv,0.03125,30.69991111111111,5.289197218904101,457.0,70.0,0.2860059518015831,0.0405979000497609,BIDMC32,RESP,MLP,,60,50,16,test,True
BIDMC32_TEST_dimRESP_e0_eb0.0625_decompressed.csv,0.0625,51.56375037324575,5.398324424020757,519.0,64.0,0.3466665792144051,0.0474858999950811,BIDMC32,RESP,MLP,,60,50,16,test,True
data/BIDMC32_TRAIN_dimRESP.csv,,,,,,0.4037663638591766,41.36117789999116,BIDMC32,RESP,RNN,,60,50,16,train,False
data/BIDMC32_TEST_dimRESP.csv,0.0,1.0,1.0,0.0,0.0,0.4540200492686466,0.0786480999959167,BIDMC32,RESP,RNN,,60,50,16,test,False
BIDMC32_TEST_dimRESP_e0_eb0.0078125_decompressed.csv,0.0078125,15.901197053406998,4.955435032139578,457.0,65.0,0.4573068640838087,0.1138510999735444,BIDMC32,RESP,RNN,,60,50,16,test,True
BIDMC32_TEST_dimRESP_e0_eb0.015625_decompressed.csv,0.015625,19.32486571172784,5.071273346646306,463.0,63.0,0.454690027982909,0.0799253000004682,BIDMC32,RESP,RNN,,60,50,16,test,True
BIDMC32_TEST_dimRESP_e0_eb0.03125_decompressed.csv,0.03125,30.69991111111111,5.289197218904101,500.0,190.0,0.4525902830280137,0.0678192999912425,BIDMC32,RESP,RNN,,60,50,16,test,True
BIDMC32_TEST_dimRESP_e0_eb0.0625_decompressed.csv,0.0625,51.56375037324575,5.398324424020757,472.0,61.0,0.4752718610857301,0.0661877999955322,BIDMC32,RESP,RNN,,60,50,16,test,True
data/BIDMC32_TRAIN_dimV.csv,,,,,,0.0179766174405813,141.0551870999916,BIDMC32,V,InceptionTime,,60,50,16,train,False
data/BIDMC32_TEST_dimV.csv,0.0,1.0,1.0,0.0,0.0,0.0182230564729375,0.2910315000044647,BIDMC32,V,InceptionTime,,60,50,16,test,False
BIDMC32_TEST_dimV_e0_eb0.015625_decompressed.csv,0.015625,12.0512162954279,6.744095456782024,422.0,49.0,0.0375006916797424,0.2590702000015881,BIDMC32,V,InceptionTime,,60,50,16,test,True
BIDMC32_TEST_dimV_e0_eb0.03125_decompressed.csv,0.03125,17.512244463373083,6.961020822752666,375.0,52.0,0.0305717690334392,0.3088182000210508,BIDMC32,V,InceptionTime,,60,50,16,test,True
BIDMC32_TEST_dimV_e0_eb0.0625_decompressed.csv,0.0625,30.32356194690265,7.100457606630979,414.0,49.0,0.0402404908165955,0.3197206000040751,BIDMC32,V,InceptionTime,,60,50,16,test,True
BIDMC32_TEST_dimV_e0_eb0.125_decompressed.csv,0.125,43.05628272251309,7.580890486725663,615.0,57.0,0.0621805852986633,0.362095299991779,BIDMC32,V,InceptionTime,,60,50,16,test,True
data/BIDMC32_TRAIN_dimV.csv,,,,,,0.0468393824994564,26.95960139995441,BIDMC32,V,MLP,,60,50,16,train,False
data/BIDMC32_TEST_dimV.csv,0.0,1.0,1.0,0.0,0.0,0.0518609114174921,0.0525811999104917,BIDMC32,V,MLP,,60,50,16,test,False
BIDMC32_TEST_dimV_e0_eb0.015625_decompressed.csv,0.015625,12.0512162954279,6.744095456782024,533.0,76.0,0.0490513130119437,0.0414492000127211,BIDMC32,V,MLP,,60,50,16,test,True
BIDMC32_TEST_dimV_e0_eb0.03125_decompressed.csv,0.03125,17.512244463373083,6.961020822752666,488.0,71.0,0.0468729801614545,0.057611700030975,BIDMC32,V,MLP,,60,50,16,test,True
BIDMC32_TEST_dimV_e0_eb0.0625_decompressed.csv,0.0625,30.32356194690265,7.100457606630979,458.0,64.0,0.0618279231767567,0.0423978999024257,BIDMC32,V,MLP,,60,50,16,test,True
BIDMC32_TEST_dimV_e0_eb0.125_decompressed.csv,0.125,43.05628272251309,7.580890486725663,443.0,62.0,0.0648814263582789,0.0416717999614775,BIDMC32,V,MLP,,60,50,16,test,True
data/BIDMC32_TRAIN_dimV.csv,,,,,,0.0347744859755039,47.58552769999369,BIDMC32,V,RNN,,60,50,16,train,False
data/BIDMC32_TEST_dimV.csv,0.0,1.0,1.0,0.0,0.0,0.0385272970763131,0.1759878000011667,BIDMC32,V,RNN,,60,50,16,test,False
BIDMC32_TEST_dimV_e0_eb0.015625_decompressed.csv,0.015625,12.0512162954279,6.744095456782024,495.0,65.0,0.0745504735721349,0.0773994000046514,BIDMC32,V,RNN,,60,50,16,test,True
BIDMC32_TEST_dimV_e0_eb0.03125_decompressed.csv,0.03125,17.512244463373083,6.961020822752666,483.0,78.0,0.0625343739409568,0.07010780001292,BIDMC32,V,RNN,,60,50,16,test,True
BIDMC32_TEST_dimV_e0_eb0.0625_decompressed.csv,0.0625,30.32356194690265,7.100457606630979,476.0,57.0,0.06298979594976,0.0685468000010587,BIDMC32,V,RNN,,60,50,16,test,True
BIDMC32_TEST_dimV_e0_eb0.125_decompressed.csv,0.125,43.05628272251309,7.580890486725663,636.0,77.0,0.0681890533693712,0.0715801999904215,BIDMC32,V,RNN,,60,50,16,test,True
data/BIDMC32_TRAIN_dimAVR.csv,,,,,,0.041688397526741,131.45385530000203,BIDMC32,AVR,InceptionTime,,70,50,16,train,False
data/BIDMC32_TEST_dimAVR.csv,0.0,1.0,1.0,0.0,0.0,0.0287974056964002,0.2521495999826584,BIDMC32,AVR,InceptionTime,,70,50,16,test,False
BIDMC32_TEST_dimAVR_e0_eb0.00390625_decompressed.csv,0.00390625,11.824940680200369,6.115625852195255,379.0,152.0,0.0372736693440225,0.2406338000146206,BIDMC32,AVR,InceptionTime,,70,50,16,test,True
BIDMC32_TEST_dimAVR_e0_eb0.0078125_decompressed.csv,0.0078125,13.141517726340464,6.472150072150072,372.0,45.0,0.0408224517319373,0.2576232999854255,BIDMC32,AVR,InceptionTime,,70,50,16,test,True
BIDMC32_TEST_dimAVR_e0_eb0.015625_decompressed.csv,0.015625,16.970109723798714,6.124812235422641,359.0,48.0,0.0372870431647961,0.2649199000152293,BIDMC32,AVR,InceptionTime,,70,50,16,test,True
BIDMC32_TEST_dimAVR_e0_eb0.03125_decompressed.csv,0.03125,23.8067940552017,6.009110396570204,363.0,48.0,0.0323714929623909,0.2567398999817669,BIDMC32,AVR,InceptionTime,,70,50,16,test,True
BIDMC32_TEST_dimAVR_e0_eb0.0625_decompressed.csv,0.0625,32.12893982808023,6.266871594243398,399.0,45.0,0.0341343997498384,0.3569750000024214,BIDMC32,AVR,InceptionTime,,70,50,16,test,True
data/BIDMC32_TRAIN_dimAVR.csv,,,,,,0.086387924849987,39.03809040001943,BIDMC32,AVR,RNN,,70,50,16,train,False
data/BIDMC32_TEST_dimAVR.csv,0.0,1.0,1.0,0.0,0.0,0.0795642067745536,0.1197605000052135,BIDMC32,AVR,RNN,,70,50,16,test,False
BIDMC32_TEST_dimAVR_e0_eb0.00390625_decompressed.csv,0.00390625,11.824940680200369,6.115625852195255,553.0,71.0,0.0832636560659199,0.075176599988481,BIDMC32,AVR,RNN,,70,50,16,test,True
BIDMC32_TEST_dimAVR_e0_eb0.0078125_decompressed.csv,0.0078125,13.141517726340464,6.472150072150072,511.0,65.0,0.0813331648052949,0.0786343999789096,BIDMC32,AVR,RNN,,70,50,16,test,True
BIDMC32_TEST_dimAVR_e0_eb0.015625_decompressed.csv,0.015625,16.970109723798714,6.124812235422641,482.0,73.0,0.0773659165515678,0.0681874000001698,BIDMC32,AVR,RNN,,70,50,16,test,True
BIDMC32_TEST_dimAVR_e0_eb0.03125_decompressed.csv,0.03125,23.8067940552017,6.009110396570204,497.0,88.0,0.0776105661796389,0.0649781000101938,BIDMC32,AVR,RNN,,70,50,16,test,True
BIDMC32_TEST_dimAVR_e0_eb0.0625_decompressed.csv,0.0625,32.12893982808023,6.266871594243398,536.0,90.0,0.0727715488869833,0.0653466999938245,BIDMC32,AVR,RNN,,70,50,16,test,True
data/BIDMC32_TRAIN_dimII.csv,,,,,,0.0520236641168594,133.0338124000118,BIDMC32,II,InceptionTime,,70,50,16,train,False
data/BIDMC32_TEST_dimII.csv,0.0,1.0,1.0,0.0,0.0,0.0387265359821919,0.2543960999755654,BIDMC32,II,InceptionTime,,70,50,16,test,False
BIDMC32_TEST_dimII_e0_eb0.015625_decompressed.csv,0.015625,13.257986447241043,6.745444097849286,367.0,56.0,0.1085191577918852,0.2351013000006787,BIDMC32,II,InceptionTime,,70,50,16,test,True
BIDMC32_TEST_dimII_e0_eb0.03125_decompressed.csv,0.03125,19.334823529411764,6.745444097849286,354.0,46.0,0.0551328297657167,0.2478900999994948,BIDMC32,II,InceptionTime,,70,50,16,test,True
BIDMC32_TEST_dimII_e0_eb0.0625_decompressed.csv,0.0625,29.92461762563729,6.590712223291627,343.0,44.0,0.0664145381557678,0.2657971000007819,BIDMC32,II,InceptionTime,,70,50,16,test,True
BIDMC32_TEST_dimII_e0_eb0.125_decompressed.csv,0.125,42.53260869565217,8.016878048780487,362.0,45.0,0.0649368791963653,0.2532953999761957,BIDMC32,II,InceptionTime,,70,50,16,test,True
data/BIDMC32_TRAIN_dimII.csv,,,,,,0.0439299419522285,38.55514280000352,BIDMC32,II,RNN,,70,50,16,train,False
data/BIDMC32_TEST_dimII.csv,0.0,1.0,1.0,0.0,0.0,0.0342795007317942,0.0761817000166047,BIDMC32,II,RNN,,70,50,16,test,False
BIDMC32_TEST_dimII_e0_eb0.015625_decompressed.csv,0.015625,13.257986447241043,6.745444097849286,513.0,61.0,0.0537657854901609,0.0716500999988056,BIDMC32,II,RNN,,70,50,16,test,True
BIDMC32_TEST_dimII_e0_eb0.03125_decompressed.csv,0.03125,19.334823529411764,6.745444097849286,492.0,67.0,0.0538208340495647,0.0635209000029135,BIDMC32,II,RNN,,70,50,16,test,True
BIDMC32_TEST_dimII_e0_eb0.0625_decompressed.csv,0.0625,29.92461762563729,6.590712223291627,443.0,164.0,0.0828651179441244,0.061820600007195,BIDMC32,II,RNN,,70,50,16,test,True
BIDMC32_TEST_dimII_e0_eb0.125_decompressed.csv,0.125,42.53260869565217,8.016878048780487,466.0,55.0,0.0917841306465979,0.0656812999804969,BIDMC32,II,RNN,,70,50,16,test,True
data/BIDMC32_TRAIN_dimPLETH.csv,,,,,,0.0419349819421768,131.54755709998426,BIDMC32,PLETH,InceptionTime,,70,50,16,train,False
data/BIDMC32_TEST_dimPLETH.csv,0.0,1.0,1.0,0.0,0.0,0.1602253927807702,0.2586845000041649,BIDMC32,PLETH,InceptionTime,,70,50,16,test,False
BIDMC32_TEST_dimPLETH_e0_eb0.0078125_decompressed.csv,0.0078125,24.070011500862563,5.439603638726446,365.0,42.0,0.0678428302678767,0.2376383999944664,BIDMC32,PLETH,InceptionTime,,70,50,16,test,True
BIDMC32_TEST_dimPLETH_e0_eb0.015625_decompressed.csv,0.015625,48.74264919941776,5.597639664337534,355.0,44.0,0.0616585661993105,0.2476463000057265,BIDMC32,PLETH,InceptionTime,,70,50,16,test,True
BIDMC32_TEST_dimPLETH_e0_eb0.03125_decompressed.csv,0.03125,84.00953336678374,5.566005119510654,333.0,55.0,0.0751997134924033,0.2591282000066712,BIDMC32,PLETH,InceptionTime,,70,50,16,test,True
BIDMC32_TEST_dimPLETH_e0_eb0.0625_decompressed.csv,0.0625,168.10341365461846,5.431838826888139,371.0,46.0,0.1108958530887226,0.2486142999841831,BIDMC32,PLETH,InceptionTime,,70,50,16,test,True
data/BIDMC32_TRAIN_dimPLETH.csv,,,,,,0.0419169627130031,42.32091639999999,BIDMC32,PLETH,RNN,,70,50,16,train,False
data/BIDMC32_TEST_dimPLETH.csv,0.0,1.0,1.0,0.0,0.0,0.0538895998999606,0.0789703999762423,BIDMC32,PLETH,RNN,,70,50,16,test,False
BIDMC32_TEST_dimPLETH_e0_eb0.0078125_decompressed.csv,0.0078125,24.070011500862563,5.439603638726446,461.0,69.0,0.0637196445633934,0.0743518999952357,BIDMC32,PLETH,RNN,,70,50,16,test,True
BIDMC32_TEST_dimPLETH_e0_eb0.015625_decompressed.csv,0.015625,48.74264919941776,5.597639664337534,462.0,66.0,0.0609928012732209,0.0725089999905321,BIDMC32,PLETH,RNN,,70,50,16,test,True
BIDMC32_TEST_dimPLETH_e0_eb0.03125_decompressed.csv,0.03125,84.00953336678374,5.566005119510654,474.0,67.0,0.0610138016441663,0.0680931000097189,BIDMC32,PLETH,RNN,,70,50,16,test,True
BIDMC32_TEST_dimPLETH_e0_eb0.0625_decompressed.csv,0.0625,168.10341365461846,5.431838826888139,453.0,64.0,0.0714136598696505,0.0643466000037733,BIDMC32,PLETH,RNN,,70,50,16,test,True
data/BIDMC32_TRAIN_dimRESP.csv,,,,,,0.1176389455795288,131.28299529998912,BIDMC32,RESP,InceptionTime,,70,50,16,train,False
data/BIDMC32_TEST_dimRESP.csv,0.0,1.0,1.0,0.0,0.0,0.1691883251139544,0.2460397000249941,BIDMC32,RESP,InceptionTime,,70,50,16,test,False
BIDMC32_TEST_dimRESP_e0_eb0.0078125_decompressed.csv,0.0078125,15.901197053406998,4.955435032139578,365.0,49.0,0.2425580708800818,0.2396890000090934,BIDMC32,RESP,InceptionTime,,70,50,16,test,True
BIDMC32_TEST_dimRESP_e0_eb0.015625_decompressed.csv,0.015625,19.32486571172784,5.071273346646306,354.0,43.0,0.252926857847058,0.2527643000066746,BIDMC32,RESP,InceptionTime,,70,50,16,test,True
BIDMC32_TEST_dimRESP_e0_eb0.03125_decompressed.csv,0.03125,30.69991111111111,5.289197218904101,389.0,45.0,0.3239696886498752,0.2636221000284422,BIDMC32,RESP,InceptionTime,,70,50,16,test,True
BIDMC32_TEST_dimRESP_e0_eb0.0625_decompressed.csv,0.0625,51.56375037324575,5.398324424020757,353.0,44.0,0.3767455418215072,0.2590725000191014,BIDMC32,RESP,InceptionTime,,70,50,16,test,True
data/BIDMC32_TRAIN_dimRESP.csv,,,,,,0.481145441532135,37.454554500000086,BIDMC32,RESP,RNN,,70,50,16,train,False
data/BIDMC32_TEST_dimRESP.csv,0.0,1.0,1.0,0.0,0.0,0.4730347544362626,0.0655155999993439,BIDMC32,RESP,RNN,,70,50,16,test,False
BIDMC32_TEST_dimRESP_e0_eb0.0078125_decompressed.csv,0.0078125,15.901197053406998,4.955435032139578,498.0,59.0,0.4731187878703684,0.065064499998698,BIDMC32,RESP,RNN,,70,50,16,test,True
BIDMC32_TEST_dimRESP_e0_eb0.015625_decompressed.csv,0.015625,19.32486571172784,5.071273346646306,447.0,61.0,0.4731413061410822,0.0558003000041935,BIDMC32,RESP,RNN,,70,50,16,test,True
BIDMC32_TEST_dimRESP_e0_eb0.03125_decompressed.csv,0.03125,30.69991111111111,5.289197218904101,430.0,61.0,0.4735821482497839,0.0544922999979462,BIDMC32,RESP,RNN,,70,50,16,test,True
BIDMC32_TEST_dimRESP_e0_eb0.0625_decompressed.csv,0.0625,51.56375037324575,5.398324424020757,533.0,82.0,0.4716444760427813,0.0574864999798592,BIDMC32,RESP,RNN,,70,50,16,test,True
data/BIDMC32_TRAIN_dimV.csv,,,,,,0.0193223617970943,130.3849123000109,BIDMC32,V,InceptionTime,,70,50,16,train,False
data/BIDMC32_TEST_dimV.csv,0.0,1.0,1.0,0.0,0.0,0.0244392811057862,0.2461211000045295,BIDMC32,V,InceptionTime,,70,50,16,test,False
BIDMC32_TEST_dimV_e0_eb0.015625_decompressed.csv,0.015625,12.0512162954279,6.744095456782024,394.0,47.0,0.037872051752667,0.2287238000135403,BIDMC32,V,InceptionTime,,70,50,16,test,True
BIDMC32_TEST_dimV_e0_eb0.03125_decompressed.csv,0.03125,17.512244463373083,6.961020822752666,399.0,49.0,0.0398364527681615,0.2559419000172056,BIDMC32,V,InceptionTime,,70,50,16,test,True
BIDMC32_TEST_dimV_e0_eb0.0625_decompressed.csv,0.0625,30.32356194690265,7.100457606630979,752.0,53.0,0.046191322151317,0.2495576000073924,BIDMC32,V,InceptionTime,,70,50,16,test,True
BIDMC32_TEST_dimV_e0_eb0.125_decompressed.csv,0.125,43.05628272251309,7.580890486725663,593.0,67.0,0.0616941371776417,0.2591063000145368,BIDMC32,V,InceptionTime,,70,50,16,test,True
data/BIDMC32_TRAIN_dimV.csv,,,,,,0.0324561893939971,34.64632800000254,BIDMC32,V,RNN,,70,50,16,train,False
data/BIDMC32_TEST_dimV.csv,0.0,1.0,1.0,0.0,0.0,0.035609660719337,0.0663713999965693,BIDMC32,V,RNN,,70,50,16,test,False
BIDMC32_TEST_dimV_e0_eb0.015625_decompressed.csv,0.015625,12.0512162954279,6.744095456782024,572.0,79.0,0.0680508958958668,0.0664562000019941,BIDMC32,V,RNN,,70,50,16,test,True
BIDMC32_TEST_dimV_e0_eb0.03125_decompressed.csv,0.03125,17.512244463373083,6.961020822752666,472.0,55.0,0.0542589563728582,0.0633453999762423,BIDMC32,V,RNN,,70,50,16,test,True
BIDMC32_TEST_dimV_e0_eb0.0625_decompressed.csv,0.0625,30.32356194690265,7.100457606630979,455.0,57.0,0.0542817919703554,0.0685241000028327,BIDMC32,V,RNN,,70,50,16,test,True
BIDMC32_TEST_dimV_e0_eb0.125_decompressed.csv,0.125,43.05628272251309,7.580890486725663,532.0,66.0,0.069891353706422,0.0742667999875266,BIDMC32,V,RNN,,70,50,16,test,True
