0,-0.49805
1,-0.44336
2,-0.35938
3,-0.27344
4,-0.20508
5,-0.12891
6,-0.074219
7,-0.044922
8,-0.013672
9,0.0097656
10,0.019531
11,0.019531
12,0.041016
13,0.050781
14,0.03125
15,0.041016
16,0.03125
17,0.035156
18,0.044922
19,0.035156
20,0.044922
21,0.03125
22,0.041016
23,0.03125
24,0.041016
25,0.019531
26,0.03125
27,0.03125
28,0.035156
29,0.019531
30,0.03125
31,0.025391
32,0.025391
33,0.019531
34,0.03125
35,0.019531
36,0.025391
37,0.015625
38,0.0097656
39,0.025391
40,0.015625
41,0.019531
42,0.0
43,0.0058594
44,0.015625
45,0.025391
46,0.044922
47,0.044922
48,0.041016
49,0.044922
50,0.041016
51,0.025391
52,-0.035156
53,-0.064453
54,0.38086
55,0.95508
56,1.4883
57,1.5
58,1.4883
59,1.2051
60,0.91406
61,0.67578
62,0.42969
63,0.17969
64,-0.0039062
65,-0.11914
66,-0.17969
67,-0.22461
68,-0.24023
69,-0.25
70,-0.25
71,-0.25977
72,-0.25391
73,-0.25977
74,-0.25977
75,-0.26953
76,-0.27344
77,-0.28516
78,-0.29492
79,-0.30859
80,-0.33398
81,-0.35938
82,-0.38867
83,-0.44336
84,-0.49805
85,-0.49805
86,-0.49805
87,-0.49805
88,-0.49805
89,-0.49805
90,-0.49805
91,-0.49805
92,-0.44922
93,-0.35352
94,-0.27344
95,-0.19922
96,-0.14453
97,-0.09375
98,-0.064453
99,-0.039062
100,-0.029297
101,-0.013672
102,-0.013672
103,0.0
104,0.0
105,0.0
106,0.0
107,0.0
108,0.0
109,0.0
110,-0.0097656
111,-0.0039062
112,-0.0097656
113,-0.0039062
114,-0.0097656
115,-0.0039062
116,-0.0097656
117,-0.0039062
118,-0.0039062
119,-0.0039062
120,0.0
121,-0.0039062
122,0.0
123,-0.0039062
124,-0.0039062
125,0.0
126,-0.0039062
127,-0.0039062
128,-0.0039062
129,-0.0039062
130,-0.0097656
131,-0.013672
132,-0.019531
133,-0.0097656
134,-0.019531
135,-0.013672
136,-0.025391
137,-0.013672
138,0.0
139,0.019531
140,0.03125
141,0.03125
142,0.03125
143,0.03125
144,0.03125
145,0.0058594
146,-0.054688
147,0.041016
148,0.50977
149,1.0391
150,1.4746
151,1.5
152,1.3086
153,1.0391
154,0.7793
155,0.57422
156,0.33008
157,0.099609
158,-0.054688
159,-0.13867
160,-0.16992
161,-0.19336
162,-0.20898
163,-0.21484
164,-0.20898
165,-0.21484
166,-0.21875
167,-0.22461
168,-0.22852
169,-0.23438
170,-0.23438
171,-0.25
172,-0.25977
173,-0.28516
174,-0.29883
175,-0.33398
176,-0.36914
177,-0.41992
178,-0.46484
179,-0.49805
180,-0.49805
181,-0.49805
182,-0.49805
183,-0.49805
184,-0.49805
185,-0.48828
186,-0.4082
187,-0.31445
188,-0.24023
189,-0.17383
190,-0.125
191,-0.083984
192,-0.054688
193,-0.035156
194,-0.019531
195,-0.0039062
196,0.0
197,0.0
198,0.0
199,0.0
200,0.0
201,0.0
202,0.0
203,0.0
204,0.0
205,0.0
206,0.0
207,-0.0039062
208,-0.0039062
209,-0.0039062
210,0.0
211,-0.0039062
212,0.0
213,0.0
214,-0.0039062
215,-0.0097656
216,-0.0097656
217,-0.013672
218,-0.0097656
219,-0.0097656
220,-0.013672
221,-0.013672
222,-0.0097656
223,-0.025391
224,-0.025391
225,-0.019531
226,-0.025391
227,-0.019531
228,-0.025391
229,-0.013672
230,0.0058594
231,0.015625
232,0.025391
233,0.03125
234,0.025391
235,0.025391
236,0.025391
237,0.0
238,-0.064453
239,0.064453
240,0.55078
241,1.084
242,1.5
243,1.5
244,1.2734
245,1.0098
246,0.74414
247,0.53906
248,0.30469
249,0.076172
250,-0.074219
251,-0.14844
252,-0.18359
253,-0.20508
254,-0.21484
255,-0.21484
256,-0.21875
257,-0.22461
258,-0.22461
259,-0.21875
260,-0.22852
261,-0.23438
262,-0.24414
263,-0.25
264,-0.26367
265,-0.2793
266,-0.30469
267,-0.33398
268,-0.375
269,-0.42383
270,-0.47461
271,-0.49805
272,-0.49805
273,-0.49805
274,-0.49805
275,-0.49805
276,-0.49805
277,-0.47852
278,-0.38867
279,-0.30469
280,-0.22461
281,-0.16016
282,-0.10938
283,-0.070312
284,-0.048828
285,-0.025391
286,-0.013672
287,-0.0039062
288,0.0058594
289,0.0
290,0.0
291,0.015625
292,0.0058594
293,0.0097656
294,0.015625
295,0.0058594
296,0.019531
297,0.015625
298,0.0058594
299,0.015625
300,0.025391
301,0.015625
302,0.025391
303,0.019531
304,0.03125
305,0.019531
306,0.015625
307,0.041016
308,0.03125
309,0.025391
310,0.044922
311,0.019531
312,0.035156
313,0.041016
314,0.019531
315,0.025391
316,0.041016
317,0.015625
318,0.035156
319,0.019531
320,0.0058594
321,0.015625
322,0.044922
323,0.044922
324,0.060547
325,0.044922
326,0.064453
327,0.044922
328,0.050781
329,0.0097656
330,-0.044922
331,0.20508
332,0.76953
333,1.3633
334,1.5
335,1.5
336,1.375
337,1.0586
338,0.78516
339,0.54492
340,0.2793
341,0.054688
342,-0.083984
343,-0.1543
344,-0.20898
345,-0.22461
346,-0.23438
347,-0.24023
348,-0.25
349,-0.25
350,-0.24414
351,-0.25391
352,-0.25
353,-0.25977
354,-0.26953
355,-0.28516
356,-0.29883
357,-0.31836
358,-0.34961
359,-0.38477
360,-0.42969
361,-0.47852
362,-0.49805
363,-0.49805
364,-0.49805
365,-0.49805
366,-0.49805
367,-0.49805
368,-0.49805
369,-0.49805
370,-0.4043
371,-0.30859
372,-0.22852
373,-0.16992
374,-0.125
375,-0.083984
376,-0.054688
377,-0.044922
378,-0.025391
379,-0.019531
380,-0.013672
381,-0.019531
382,-0.013672
383,-0.019531
384,-0.013672
385,-0.019531
386,-0.019531
387,-0.025391
388,-0.025391
389,-0.019531
390,-0.019531
391,-0.025391
392,-0.019531
393,-0.019531
394,-0.019531
395,-0.019531
396,-0.019531
397,-0.013672
398,-0.013672
399,-0.0097656
400,-0.013672
401,-0.0039062
402,-0.0039062
403,0.0
404,-0.0039062
405,-0.0097656
406,-0.0039062
407,-0.0097656
408,-0.013672
409,-0.013672
410,-0.019531
411,-0.013672
412,-0.019531
413,-0.019531
414,-0.025391
415,-0.029297
416,-0.0039062
417,0.0
418,0.015625
419,0.019531
420,0.025391
421,0.019531
422,0.019531
423,0.0097656
424,-0.039062
425,-0.070312
426,0.37109
427,0.89453
428,1.3887
429,1.5
430,1.3848
431,1.1094
432,0.84375
433,0.62891
434,0.40039
435,0.15039
436,-0.013672
437,-0.11914
438,-0.16406
439,-0.19336
440,-0.20898
441,-0.21484
442,-0.21875
443,-0.21484
444,-0.22461
445,-0.22852
446,-0.23438
447,-0.23438
448,-0.24023
449,-0.25
450,-0.25977
451,-0.27344
452,-0.29492
453,-0.31445
454,-0.35352
455,-0.39844
456,-0.45312
457,-0.49805
458,-0.49805
459,-0.49805
460,-0.49805
461,-0.49805
462,-0.49805
463,-0.49805
464,-0.43945
465,-0.34961
466,-0.26953
467,-0.19922
468,-0.14844
469,-0.099609
470,-0.070312
471,-0.048828
472,-0.025391
473,-0.019531
474,-0.0039062
475,0.0
476,0.0
477,0.0
478,-0.0039062
479,-0.0097656
480,-0.0039062
481,0.0
482,0.0
483,-0.0039062
484,0.0
485,0.0
486,0.0
487,0.0
488,0.0
489,-0.0097656
490,-0.0039062
491,0.0
492,-0.0097656
493,0.0
494,-0.0097656
495,-0.0039062
496,-0.0097656
497,-0.0039062
498,-0.0097656
499,-0.0039062
500,-0.0097656
501,-0.013672
502,-0.019531
503,-0.013672
504,-0.025391
505,-0.019531
506,-0.025391
507,-0.0097656
508,0.0
509,0.015625
510,0.019531
511,0.025391
512,0.025391
513,0.03125
514,0.025391
515,-0.0039062
516,-0.064453
517,0.064453
518,0.55469
519,1.084
520,1.5
521,1.5
522,1.2852
523,1.0098
524,0.75391
525,0.55078
526,0.31445
527,0.080078
528,-0.064453
529,-0.14453
530,-0.17383
531,-0.19922
532,-0.21484
533,-0.21484
534,-0.21875
535,-0.21875
536,-0.22461
537,-0.22461
538,-0.22852
539,-0.23438
540,-0.24023
541,-0.25
542,-0.26367
543,-0.28516
544,-0.30469
545,-0.33398
546,-0.37891
547,-0.42383
548,-0.47461
549,-0.49805
550,-0.49805
551,-0.49805
552,-0.49805
553,-0.49805
554,-0.49805
555,-0.47852
556,-0.39453
557,-0.30469
558,-0.22852
559,-0.16992
560,-0.125
561,-0.080078
562,-0.054688
563,-0.029297
564,-0.013672
565,0.0
566,0.015625
567,0.0
568,0.0
569,0.0
570,0.0097656
571,-0.0039062
572,0.0
573,0.015625
574,0.0
575,0.0097656
576,0.0
577,-0.0039062
578,0.03125
579,0.0
580,0.0058594
581,0.0058594
582,0.019531
583,0.019531
584,0.019531
585,0.025391
586,0.019531
587,0.025391
588,0.019531
589,0.03125
590,0.019531
591,0.019531
592,0.025391
593,0.015625
594,0.03125
595,0.0097656
596,0.019531
597,0.0097656
598,0.019531
599,0.044922
600,0.035156
601,0.054688
602,0.070312
603,0.050781
604,0.050781
605,0.054688
606,0.03125
607,-0.019531
608,-0.029297
609,0.54492
610,1.1602
611,1.5
612,1.5
613,1.4941
614,1.1895
615,0.88477
616,0.64062
617,0.375
618,0.125
619,-0.044922
620,-0.1543
621,-0.19336
622,-0.22852
623,-0.24023
624,-0.24023
625,-0.25
626,-0.24414
627,-0.25
628,-0.24414
629,-0.25977
630,-0.25977
631,-0.26953
632,-0.2793
633,-0.29492
634,-0.31445
635,-0.33398
636,-0.36328
637,-0.4082
638,-0.46484
639,-0.49805
640,-0.49805
641,-0.49805
642,-0.49805
643,-0.49805
644,-0.49805
645,-0.49805
646,-0.49805
647,-0.43945
648,-0.34961
649,-0.25977
650,-0.18945
651,-0.13867
652,-0.099609
653,-0.064453
654,-0.039062
655,-0.025391
656,-0.025391
657,-0.013672
658,-0.019531
659,-0.013672
660,-0.019531
661,-0.019531
662,-0.019531
663,-0.019531
664,-0.019531
665,-0.019531
666,-0.013672
667,-0.013672
668,-0.013672
669,-0.013672
670,-0.0097656
671,-0.013672
672,-0.013672
673,-0.013672
674,-0.0097656
675,-0.0097656
676,-0.0097656
677,-0.0097656
678,-0.0039062
679,-0.013672
680,-0.0097656
681,-0.013672
682,-0.013672
683,-0.013672
684,-0.019531
685,-0.025391
686,-0.019531
687,-0.029297
688,-0.025391
689,-0.029297
690,-0.035156
691,-0.025391
692,-0.035156
693,-0.013672
694,-0.0039062
695,0.0097656
696,0.015625
697,0.019531
698,0.019531
699,0.019531
700,0.0097656
701,-0.029297
702,-0.070312
703,0.20508
704,0.73438
705,1.2539
706,1.5
707,1.4531
708,1.1895
709,0.92383
710,0.67969
711,0.4707
712,0.2207
713,0.025391
714,-0.099609
715,-0.16406
716,-0.19336
717,-0.21484
718,-0.21875
719,-0.22461
720,-0.22461
721,-0.22852
722,-0.22852
723,-0.22852
724,-0.23438
725,-0.24023
726,-0.24414
727,-0.25977
728,-0.26367
729,-0.28516
730,-0.30859
731,-0.34961
732,-0.38477
733,-0.43359
734,-0.48828
735,-0.49805
736,-0.49805
737,-0.49805
738,-0.49805
739,-0.49805
740,-0.49805
741,-0.45898
742,-0.375
743,-0.28906
744,-0.22461
745,-0.16016
746,-0.10938
747,-0.074219
748,-0.054688
749,-0.029297
750,-0.025391
751,-0.013672
752,-0.0097656
753,-0.0039062
754,0.0
755,0.0
756,-0.0039062
757,-0.0039062
758,-0.0097656
759,-0.0039062
760,-0.0039062
761,0.0
762,-0.0039062
763,0.0
764,0.0
765,-0.0039062
766,0.0
767,-0.0097656
768,-0.0097656
769,-0.0039062
770,-0.0097656
771,-0.0039062
772,-0.0039062
773,0.0
774,-0.0039062
775,-0.0097656
776,-0.0039062
777,-0.0097656
778,-0.013672
779,-0.013672
780,-0.019531
781,-0.025391
782,-0.019531
783,-0.029297
784,-0.013672
785,-0.0039062
786,0.0058594
787,0.019531
788,0.025391
789,0.03125
790,0.025391
791,0.019531
792,0.0
793,-0.054688
794,-0.074219
795,0.44922
796,0.98438
797,1.4434
798,1.5
799,1.334
800,1.0586
801,0.79883
802,0.58984
803,0.35547
804,0.11523
805,-0.044922
806,-0.14453
807,-0.17383
808,-0.20508
809,-0.20898
810,-0.21484
811,-0.21484
812,-0.21484
813,-0.21875
814,-0.22852
815,-0.22852
816,-0.23438
817,-0.24023
818,-0.25
819,-0.25977
820,-0.27344
821,-0.29492
822,-0.32422
823,-0.36328
824,-0.4082
825,-0.46484
826,-0.49805
827,-0.49805
828,-0.49805
829,-0.49805
830,-0.49805
831,-0.49805
832,-0.49414
833,-0.4082
834,-0.31836
835,-0.24414
836,-0.17383
837,-0.125
838,-0.080078
839,-0.054688
840,-0.035156
841,-0.019531
842,-0.0039062
843,0.0
844,0.0058594
845,0.0058594
846,0.0
847,0.015625
848,0.019531
849,-0.0097656
850,0.0097656
851,0.0
852,0.0
853,0.0058594
854,0.0097656
855,0.015625
856,0.0058594
857,0.0097656
858,0.0058594
859,0.019531
860,0.035156
861,0.019531
862,0.0058594
863,0.019531
864,0.025391
865,0.019531
866,0.025391
867,0.03125
868,0.019531
869,0.03125
870,0.015625
871,0.019531
872,0.019531
873,0.019531
874,0.0
875,0.015625
876,0.025391
877,0.050781
878,0.044922
879,0.064453
880,0.064453
881,0.060547
882,0.070312
883,0.044922
884,0.03125
885,-0.029297
886,0.15625
887,0.69531
888,1.2988
889,1.5
890,1.5
891,1.4199
892,1.1152
893,0.81445
894,0.58008
895,0.31445
896,0.089844
897,-0.058594
898,-0.14844
899,-0.18945
900,-0.21875
901,-0.22461
902,-0.22852
903,-0.23438
904,-0.23438
905,-0.23438
906,-0.24023
907,-0.24414
908,-0.25977
909,-0.25977
910,-0.26953
911,-0.28906
912,-0.30859
913,-0.33398
914,-0.375
915,-0.41406
916,-0.46484
917,-0.49805
918,-0.49805
919,-0.49805
920,-0.49805
921,-0.49805
922,-0.49805
923,-0.49805
924,-0.49805
925,-0.4082
926,-0.31836
927,-0.24023
928,-0.16992
929,-0.12891
930,-0.083984
931,-0.058594
932,-0.035156
933,-0.029297
934,-0.019531
935,-0.019531
936,-0.013672
937,-0.013672
938,-0.013672
939,-0.013672
940,-0.019531
941,-0.013672
942,-0.019531
943,-0.019531
944,-0.025391
945,-0.025391
946,-0.019531
947,-0.019531
948,-0.019531
949,-0.013672
950,-0.013672
951,-0.019531
952,-0.013672
953,-0.0097656
954,-0.013672
955,-0.0097656
956,-0.0097656
957,-0.0039062
958,-0.013672
959,-0.013672
960,-0.013672
961,-0.019531
962,-0.019531
963,-0.019531
964,-0.025391
965,-0.019531
966,-0.025391
967,-0.019531
968,-0.025391
969,-0.035156
970,-0.019531
971,0.0
972,0.015625
973,0.019531
974,0.019531
975,0.019531
976,0.019531
977,0.019531
978,-0.013672
979,-0.074219
980,0.10547
981,0.625
982,1.1484
983,1.5
984,1.5
985,1.2539
986,0.99414
987,0.73438
988,0.5293
989,0.28516
990,0.064453
991,-0.070312
992,-0.14844
993,-0.18359
994,-0.20898
995,-0.21484
996,-0.21875
997,-0.22461
998,-0.22852
999,-0.22852
1000,-0.22852
1001,-0.23438
1002,-0.24023
1003,-0.24414
1004,-0.25391
1005,-0.25977
1006,-0.2793
1007,-0.30469
1008,-0.33398
1009,-0.375
1010,-0.41992
1011,-0.46875
1012,-0.49805
1013,-0.49805
1014,-0.49805
1015,-0.49805
1016,-0.49805
1017,-0.49805
1018,-0.47852
1019,-0.38867
1020,-0.30469
1021,-0.22461
1022,-0.16406
1023,-0.11523
1024,-0.080078
1025,-0.048828
1026,-0.025391
1027,-0.013672
1028,0.0
1029,0.0
1030,0.0
1031,0.0
1032,0.0
1033,0.0
1034,0.0
1035,0.0
1036,0.0
1037,0.0
1038,0.0
1039,-0.0039062
1040,0.0
1041,-0.0039062
1042,0.0
1043,-0.0039062
1044,0.0
1045,-0.0039062
1046,0.0
1047,-0.0039062
1048,-0.0097656
1049,-0.0039062
1050,-0.013672
1051,-0.0097656
1052,-0.0097656
1053,-0.013672
1054,-0.019531
1055,-0.019531
1056,-0.025391
1057,-0.019531
1058,-0.025391
1059,-0.025391
1060,-0.029297
1061,-0.013672
1062,0.0
1063,0.015625
1064,0.019531
1065,0.025391
1066,0.025391
1067,0.025391
1068,0.019531
1069,0.0058594
1070,-0.054688
1071,-0.070312
1072,0.44922
1073,0.98047
1074,1.4434
1075,1.5
1076,1.334
1077,1.0586
1078,0.79883
1079,0.58984
1080,0.35938
1081,0.12109
1082,-0.039062
1083,-0.13477
1084,-0.16992
1085,-0.19336
1086,-0.20508
1087,-0.20898
1088,-0.21484
1089,-0.21484
1090,-0.21875
1091,-0.22461
1092,-0.22461
1093,-0.23438
1094,-0.23438
1095,-0.24414
1096,-0.25391
1097,-0.27344
1098,-0.29492
1099,-0.31836
1100,-0.35938
1101,-0.4043
1102,-0.45898
1103,-0.49805
1104,-0.49805
1105,-0.49805
1106,-0.49805
1107,-0.49805
1108,-0.49805
1109,-0.49414
1110,-0.4082
1111,-0.31836
1112,-0.24414
1113,-0.17383
1114,-0.125
1115,-0.089844
1116,-0.054688
1117,-0.029297
1118,-0.019531
1119,-0.0039062
1120,0.0
1121,0.0
1122,0.0058594
1123,0.015625
1124,0.0
1125,0.015625
1126,0.0
1127,-0.0039062
1128,0.0
1129,0.0097656
1130,0.0
1131,-0.0039062
1132,0.0097656
1133,-0.0039062
1134,0.015625
1135,0.019531
1136,0.0058594
1137,0.0097656
1138,0.015625
1139,0.0058594
1140,0.015625
1141,0.025391
1142,0.019531
1143,0.019531
1144,0.015625
1145,0.025391
1146,0.03125
1147,0.0097656
1148,0.019531
1149,0.025391
1150,0.035156
1151,0.041016
1152,0.0
1153,0.035156
1154,0.03125
1155,0.050781
1156,0.070312
1157,0.050781
1158,0.050781
1159,0.064453
1160,0.054688
1161,0.035156
1162,-0.039062
1163,0.15039
1164,0.70508
1165,1.2988
1166,1.5
1167,1.5
1168,1.4141
1169,1.1094
1170,0.81055
1171,0.57031
1172,0.30469
1173,0.076172
1174,-0.074219
1175,-0.16016
1176,-0.19922
1177,-0.22852
1178,-0.23438
1179,-0.23438
1180,-0.24023
1181,-0.24414
1182,-0.23438
1183,-0.25391
1184,-0.25977
1185,-0.25977
1186,-0.26367
1187,-0.28516
1188,-0.28906
1189,-0.31445
1190,-0.33398
1191,-0.375
1192,-0.41992
1193,-0.47461
1194,-0.49805
1195,-0.49805
1196,-0.49805
1197,-0.49805
1198,-0.49805
1199,-0.49805
1200,-0.49805
1201,-0.49805
1202,-0.41406
1203,-0.32422
1204,-0.24414
1205,-0.17383
1206,-0.125
1207,-0.080078
1208,-0.054688
1209,-0.035156
1210,-0.029297
1211,-0.025391
1212,-0.019531
1213,-0.013672
1214,-0.019531
1215,-0.013672
1216,-0.019531
1217,-0.013672
1218,-0.019531
1219,-0.019531
1220,-0.019531
1221,-0.025391
1222,-0.019531
1223,-0.025391
1224,-0.019531
1225,-0.025391
1226,-0.013672
1227,-0.019531
1228,-0.013672
1229,-0.019531
1230,-0.0097656
1231,-0.013672
1232,-0.0097656
1233,-0.013672
1234,-0.0097656
1235,-0.0097656
1236,-0.0097656
1237,-0.013672
1238,-0.0097656
1239,-0.019531
1240,-0.013672
1241,-0.025391
1242,-0.025391
1243,-0.025391
1244,-0.025391
1245,-0.029297
1246,-0.025391
1247,-0.0097656
1248,0.0
1249,0.015625
1250,0.019531
1251,0.019531
1252,0.019531
1253,0.019531
1254,0.019531
1255,-0.019531
1256,-0.064453
1257,0.19531
1258,0.7207
1259,1.2402
1260,1.5
1261,1.4688
1262,1.209
1263,0.94531
1264,0.69922
1265,0.49023
1266,0.24023
1267,0.035156
1268,-0.089844
1269,-0.1543
1270,-0.18945
1271,-0.20898
1272,-0.21484
1273,-0.21875
1274,-0.22461
1275,-0.22461
1276,-0.22852
1277,-0.23438
1278,-0.23438
1279,-0.24023
1280,-0.25
1281,-0.25977
1282,-0.26953
1283,-0.28906
1284,-0.30859
1285,-0.34375
1286,-0.38477
1287,-0.43359
1288,-0.48438
1289,-0.49805
1290,-0.49805
1291,-0.49805
1292,-0.49805
1293,-0.49805
1294,-0.49805
1295,-0.45898
1296,-0.375
1297,-0.28906
1298,-0.21875
1299,-0.1543
1300,-0.10352
1301,-0.070312
1302,-0.048828
1303,-0.025391
1304,-0.013672
1305,-0.0039062
1306,0.0
1307,0.0
1308,-0.0039062
1309,0.0
1310,-0.0039062
1311,0.0
1312,0.0
1313,0.0
1314,-0.0039062
1315,0.0
1316,-0.0039062
1317,-0.0097656
1318,-0.0039062
1319,-0.013672
1320,-0.0097656
1321,-0.0039062
1322,-0.0039062
1323,-0.0097656
1324,-0.0039062
1325,0.0
1326,0.0
1327,0.0
1328,-0.0039062
1329,-0.0039062
1330,-0.0097656
1331,-0.013672
1332,-0.019531
1333,-0.025391
1334,-0.019531
1335,-0.025391
1336,-0.019531
1337,-0.025391
1338,-0.025391
1339,-0.0097656
1340,0.0
1341,0.0097656
1342,0.025391
1343,0.025391
1344,0.019531
1345,0.019531
1346,0.019531
1347,-0.019531
1348,-0.064453
1349,0.23047
1350,0.74414
1351,1.2598
1352,1.5
1353,1.4434
1354,1.1797
1355,0.91406
1356,0.67578
1357,0.46094
1358,0.21484
1359,0.025391
1360,-0.10352
1361,-0.16406
1362,-0.19336
1363,-0.20898
1364,-0.21484
1365,-0.21484
1366,-0.22461
1367,-0.22461
1368,-0.22852
1369,-0.22461
1370,-0.23438
1371,-0.24023
1372,-0.24414
1373,-0.25977
1374,-0.26953
1375,-0.28906
1376,-0.30859
1377,-0.34375
1378,-0.38477
1379,-0.44336
1380,-0.48828
1381,-0.49805
1382,-0.49805
1383,-0.49805
1384,-0.49805
1385,-0.49805
1386,-0.49805
1387,-0.44922
1388,-0.35938
1389,-0.2793
1390,-0.20898
1391,-0.1543
1392,-0.10352
1393,-0.070312
1394,-0.044922
1395,-0.025391
1396,-0.013672
1397,-0.0039062
1398,0.0
1399,0.0
1400,0.0
1401,0.0058594
1402,0.0
1403,0.0058594
1404,0.0058594
1405,0.0058594
1406,0.0
1407,0.0
1408,0.0
1409,0.0
1410,0.0
1411,0.0
1412,0.0
1413,0.0
1414,0.0
1415,0.0
1416,0.0
1417,0.0
1418,0.0
1419,0.0
1420,0.0
1421,0.0
1422,-0.0039062
1423,-0.0097656
1424,-0.013672
1425,-0.013672
1426,-0.0097656
1427,-0.019531
1428,-0.0097656
1429,-0.025391
1430,-0.0097656
1431,0.0097656
1432,-0.0039062
1433,0.041016
1434,0.025391
1435,0.03125
1436,0.041016
1437,0.019531
1438,0.025391
1439,-0.039062
1440,-0.074219
1441,0.35938
1442,0.92383
1443,1.4395
1444,1.5
1445,1.4199
1446,1.1602
1447,0.88867
1448,0.66406
1449,0.41992
1450,0.17969
1451,0.0097656
1452,-0.083984
1453,-0.14844
1454,-0.17969
1455,-0.18945
1456,-0.19336
1457,-0.18359
1458,-0.21484
1459,-0.18945
1460,-0.22461
1461,-0.19336
1462,-0.21875
1463,-0.21484
1464,-0.24023
1465,-0.25
1466,-0.2793
1467,-0.27344
1468,-0.30859
1469,-0.36328
1470,-0.4043
1471,-0.45898
1472,-0.49805
1473,-0.49805
1474,-0.49805
1475,-0.49805
1476,-0.49805
1477,-0.49805
1478,-0.49805
1479,-0.41992
1480,-0.31836
1481,-0.24414
1482,-0.16406
1483,-0.10352
1484,-0.058594
1485,-0.029297
1486,0.0
1487,0.015625
1488,0.019531
1489,0.019531
1490,0.025391
1491,0.03125
1492,0.019531
1493,0.025391
1494,0.019531
1495,0.019531
1496,0.019531
1497,0.025391
1498,0.015625
1499,0.0097656
1500,0.0097656
1501,0.0058594
1502,0.0097656
1503,0.0058594
1504,0.0058594
1505,0.0097656
1506,0.0058594
1507,0.0
1508,0.0
1509,0.0
1510,0.0
1511,-0.0039062
1512,-0.0097656
1513,0.0
1514,-0.019531
1515,-0.013672
1516,-0.013672
1517,-0.019531
1518,-0.013672
1519,-0.025391
1520,-0.025391
1521,-0.0039062
1522,0.0
1523,0.015625
1524,0.019531
1525,0.025391
1526,0.019531
1527,0.019531
1528,0.0
1529,-0.054688
1530,-0.074219
1531,0.40039
1532,0.94922
1533,1.4531
1534,1.5
1535,1.4043
1536,1.1289
1537,0.84961
1538,0.625
1539,0.39062
1540,0.14453
1541,-0.029297
1542,-0.12891
1543,-0.17969
1544,-0.21484
1545,-0.23438
1546,-0.23438
1547,-0.23438
1548,-0.24023
1549,-0.24414
1550,-0.24414
1551,-0.25
1552,-0.25391
1553,-0.25977
1554,-0.26953
1555,-0.2793
1556,-0.29492
1557,-0.31445
1558,-0.33984
1559,-0.38477
1560,-0.43359
1561,-0.48438
1562,-0.49805
1563,-0.49805
1564,-0.49805
1565,-0.49805
1566,-0.49805
1567,-0.49805
1568,-0.49805
1569,-0.42383
1570,-0.33398
1571,-0.25391
1572,-0.18945
1573,-0.12891
1574,-0.083984
1575,-0.054688
1576,-0.035156
1577,-0.025391
1578,-0.0097656
1579,0.0
1580,0.0
1581,0.0
1582,0.0
1583,0.0
1584,0.0
1585,0.0
1586,0.0
1587,-0.0039062
1588,0.0
1589,0.0
1590,0.0
1591,0.0
1592,0.0
1593,-0.0039062
1594,-0.0039062
1595,0.0
1596,0.0
1597,-0.0039062
1598,0.0
1599,0.0
1600,0.0
1601,-0.0039062
1602,-0.0097656
1603,0.0
1604,-0.0097656
1605,-0.0039062
1606,-0.013672
1607,-0.019531
1608,-0.019531
1609,-0.025391
1610,-0.025391
1611,-0.019531
1612,-0.029297
1613,-0.0097656
1614,0.0058594
1615,0.019531
1616,0.025391
1617,0.03125
1618,0.035156
1619,0.03125
1620,0.035156
1621,-0.0097656
1622,-0.070312
1623,0.13086
1624,0.64062
1625,1.1641
1626,1.5
1627,1.4941
1628,1.2402
1629,0.96875
1630,0.7207
1631,0.50977
1632,0.26562
1633,0.054688
1634,-0.080078
1635,-0.1543
1636,-0.17969
1637,-0.20508
1638,-0.21484
1639,-0.21484
1640,-0.21484
1641,-0.22461
1642,-0.22461
1643,-0.22852
1644,-0.23438
1645,-0.24023
1646,-0.24414
1647,-0.25977
1648,-0.26953
1649,-0.28516
1650,-0.30469
1651,-0.34375
1652,-0.38477
1653,-0.42969
1654,-0.48438
1655,-0.49805
1656,-0.49805
1657,-0.49805
1658,-0.49805
1659,-0.49805
1660,-0.49805
1661,-0.46484
1662,-0.38477
1663,-0.29492
1664,-0.22461
1665,-0.16016
1666,-0.11523
1667,-0.074219
1668,-0.048828
1669,-0.025391
1670,-0.025391
1671,-0.013672
1672,-0.0097656
1673,0.0
1674,0.0
1675,0.0
1676,0.0
1677,0.0
1678,0.0
1679,-0.0039062
1680,-0.0097656
1681,-0.0039062
1682,-0.0039062
1683,-0.0039062
1684,0.0
1685,-0.0039062
1686,-0.0039062
1687,-0.0039062
1688,0.0
1689,-0.0039062
1690,-0.0039062
1691,-0.0097656
1692,0.0
1693,-0.0039062
1694,0.0
1695,-0.0097656
1696,-0.0039062
1697,-0.0097656
1698,-0.013672
1699,-0.019531
1700,-0.025391
1701,-0.019531
1702,-0.025391
1703,-0.019531
1704,-0.029297
1705,-0.0097656
1706,0.0
1707,0.019531
1708,0.015625
1709,0.025391
1710,0.03125
1711,0.025391
1712,0.019531
1713,-0.0097656
1714,-0.074219
1715,0.10547
1716,0.60938
1717,1.1387
1718,1.5
1719,1.4941
1720,1.2402
1721,0.96875
1722,0.71484
1723,0.51562
1724,0.27539
1725,0.060547
1726,-0.080078
1727,-0.14453
1728,-0.17969
1729,-0.21484
1730,-0.20508
1731,-0.21875
1732,-0.21484
1733,-0.22461
1734,-0.21875
1735,-0.23438
1736,-0.21875
1737,-0.24414
1738,-0.23438
1739,-0.24023
1740,-0.26367
1741,-0.25977
1742,-0.29492
1743,-0.34961
1744,-0.37891
1745,-0.41992
1746,-0.48438
1747,-0.49805
1748,-0.49805
1749,-0.49805
1750,-0.49805
1751,-0.49805
1752,-0.49805
1753,-0.45898
1754,-0.36914
1755,-0.2793
1756,-0.19336
1757,-0.13477
1758,-0.089844
1759,-0.048828
1760,-0.013672
1761,-0.0039062
1762,0.0058594
1763,0.019531
1764,0.025391
1765,0.035156
1766,0.019531
1767,0.019531
1768,0.025391
1769,0.03125
1770,0.019531
1771,0.019531
1772,0.019531
1773,0.019531
1774,0.019531
1775,0.019531
1776,0.015625
1777,0.019531
1778,0.019531
1779,0.025391
1780,0.015625
1781,0.019531
1782,0.015625
1783,0.015625
1784,0.019531
1785,0.015625
1786,0.015625
1787,0.0058594
1788,0.0
1789,0.0
1790,0.0
1791,0.0
1792,0.0
1793,-0.0039062
1794,-0.019531
1795,-0.0097656
1796,0.0
1797,0.0097656
1798,0.019531
1799,0.025391
1800,0.025391
1801,0.019531
1802,0.019531
1803,0.0
1804,-0.058594
1805,-0.080078
1806,0.46484
1807,1.0391
1808,1.5
1809,1.5
1810,1.3984
1811,1.1152
1812,0.82422
1813,0.60547
1814,0.35938
1815,0.12109
1816,-0.048828
1817,-0.14844
1818,-0.20508
1819,-0.24023
1820,-0.25391
1821,-0.25391
1822,-0.25
1823,-0.25391
1824,-0.25977
1825,-0.25977
1826,-0.25977
1827,-0.26367
1828,-0.27344
1829,-0.28516
1830,-0.29883
1831,-0.31445
1832,-0.33008
1833,-0.36328
1834,-0.4082
1835,-0.45312
1836,-0.49805
1837,-0.49805
1838,-0.49805
1839,-0.49805
1840,-0.49805
1841,-0.49805
1842,-0.49805
1843,-0.49805
1844,-0.42969
1845,-0.34375
1846,-0.25977
1847,-0.19336
1848,-0.13477
1849,-0.09375
1850,-0.064453
1851,-0.044922
1852,-0.029297
1853,-0.025391
1854,-0.013672
1855,-0.019531
1856,-0.0097656
1857,-0.013672
1858,-0.0097656
1859,-0.0097656
1860,-0.0097656
1861,-0.0097656
1862,-0.0097656
1863,-0.0039062
1864,-0.013672
1865,-0.0039062
1866,-0.0039062
1867,0.0
1868,-0.0039062
1869,0.0
1870,0.0
1871,-0.0039062
1872,0.0
1873,0.0
1874,0.0
1875,0.0
1876,0.0
1877,-0.0039062
1878,0.0
1879,-0.0039062
1880,-0.0097656
1881,-0.0097656
1882,-0.019531
1883,-0.025391
1884,-0.019531
1885,-0.025391
1886,-0.025391
1887,-0.029297
1888,-0.029297
1889,-0.0097656
1890,0.0058594
1891,0.015625
1892,0.025391
1893,0.03125
1894,0.03125
1895,0.025391
1896,0.019531
1897,-0.013672
1898,-0.064453
1899,0.18945
1900,0.70898
1901,1.2285
1902,1.5
1903,1.4648
1904,1.2051
1905,0.93555
1906,0.68945
1907,0.48438
1908,0.23047
1909,0.025391
1910,-0.099609
1911,-0.16016
1912,-0.18359
1913,-0.19922
1914,-0.21484
1915,-0.21484
1916,-0.21875
1917,-0.21875
1918,-0.22461
1919,-0.22461
1920,-0.23438
1921,-0.23438
1922,-0.24414
1923,-0.25391
1924,-0.26953
1925,-0.28906
1926,-0.30859
1927,-0.33984
1928,-0.38477
1929,-0.43359
1930,-0.48828
1931,-0.49805
1932,-0.49805
1933,-0.49805
1934,-0.49805
1935,-0.49805
1936,-0.49805
1937,-0.45898
1938,-0.36914
1939,-0.28516
1940,-0.20898
1941,-0.1543
1942,-0.10352
1943,-0.074219
1944,-0.044922
1945,-0.029297
1946,-0.013672
1947,-0.0039062
1948,-0.0097656
1949,0.0
1950,0.0
1951,0.0
1952,0.0
1953,0.0058594
1954,0.0
1955,0.0058594
1956,0.0
1957,0.0
1958,-0.0039062
1959,-0.0039062
1960,0.0
1961,0.0
1962,-0.0039062
1963,0.0
1964,-0.0039062
1965,0.0
1966,0.0
1967,0.0
1968,-0.0039062
1969,0.0
1970,-0.0039062
1971,-0.0097656
1972,-0.013672
1973,-0.0097656
1974,-0.025391
1975,-0.025391
1976,-0.025391
1977,-0.025391
1978,-0.025391
1979,-0.029297
1980,-0.025391
1981,-0.0097656
1982,0.0058594
1983,0.019531
1984,0.019531
1985,0.025391
1986,0.019531
1987,0.025391
1988,0.015625
1989,-0.035156
1990,-0.064453
1991,0.26562
1992,0.78516
1993,1.2949
1994,1.5
1995,1.4199
1996,1.1543
1997,0.88867
1998,0.6543
1999,0.43945
2000,0.18945
2001,0.0058594
2002,-0.10938
2003,-0.16406
2004,-0.18945
2005,-0.20508
2006,-0.21484
2007,-0.21484
2008,-0.21484
2009,-0.21875
2010,-0.22852
2011,-0.23438
2012,-0.23438
2013,-0.24023
2014,-0.24414
2015,-0.25
2016,-0.26367
2017,-0.30469
2018,-0.31445
2019,-0.33984
2020,-0.39453
2021,-0.44922
2022,-0.49805
2023,-0.49805
2024,-0.49805
2025,-0.49805
2026,-0.49805
2027,-0.49805
2028,-0.49805
2029,-0.43359
2030,-0.35938
2031,-0.26953
2032,-0.19336
2033,-0.13477
2034,-0.080078
2035,-0.048828
2036,-0.019531
2037,-0.013672
2038,0.019531
2039,0.025391
2040,0.044922
2041,0.0097656
2042,0.019531
2043,0.03125
2044,0.035156
2045,0.019531
2046,0.041016
2047,0.019531
2048,0.015625
2049,0.025391
2050,0.019531
2051,0.035156
2052,0.041016
2053,0.019531
2054,0.015625
2055,0.03125
2056,0.019531
2057,0.035156
2058,0.019531
2059,0.015625
2060,0.019531
2061,0.015625
2062,0.019531
2063,0.0097656
2064,0.0097656
2065,0.0097656
2066,0.0097656
2067,0.0058594
2068,0.0097656
2069,0.0
2070,-0.0039062
2071,0.0058594
2072,0.019531
2073,0.03125
2074,0.035156
2075,0.044922
2076,0.041016
2077,0.035156
2078,0.041016
2079,0.0
2080,-0.058594
2081,0.17969
2082,0.75391
2083,1.3398
2084,1.5
2085,1.5
2086,1.3242
2087,1.0293
2088,0.75391
2089,0.51953
2090,0.26562
2091,0.044922
2092,-0.089844
2093,-0.17383
2094,-0.21875
2095,-0.25
2096,-0.25
2097,-0.25977
2098,-0.25977
2099,-0.25977
2100,-0.26367
2101,-0.26953
2102,-0.27344
2103,-0.2793
2104,-0.28516
2105,-0.29492
2106,-0.30859
2107,-0.33008
2108,-0.35938
2109,-0.38867
2110,-0.43359
2111,-0.48828
2112,-0.49805
2113,-0.49805
2114,-0.49805
2115,-0.49805
2116,-0.49805
2117,-0.49805
2118,-0.49805
2119,-0.49414
2120,-0.39844
2121,-0.30469
2122,-0.22852
2123,-0.16406
2124,-0.11914
2125,-0.080078
2126,-0.054688
2127,-0.035156
2128,-0.019531
2129,-0.013672
2130,-0.0097656
2131,-0.0097656
2132,-0.0097656
2133,-0.0097656
2134,-0.0039062
2135,-0.0039062
2136,-0.0097656
2137,-0.0097656
2138,-0.0097656
2139,-0.013672
2140,-0.0097656
2141,-0.013672
2142,-0.013672
2143,-0.0097656
2144,0.0
2145,-0.0097656
2146,-0.0039062
2147,-0.0097656
2148,-0.0039062
2149,-0.0097656
2150,-0.0097656
2151,-0.0097656
2152,-0.0039062
2153,-0.0097656
2154,-0.0097656
2155,-0.0097656
2156,-0.0097656
2157,-0.013672
2158,-0.019531
2159,-0.025391
2160,-0.025391
2161,-0.019531
2162,-0.025391
2163,-0.029297
2164,-0.029297
2165,-0.019531
2166,-0.0039062
2167,0.0097656
2168,0.019531
2169,0.025391
2170,0.019531
2171,0.019531
2172,0.019531
2173,-0.0039062
2174,-0.070312
2175,0.060547
2176,0.54492
2177,1.0801
2178,1.498
2179,1.5
2180,1.2793
2181,1.0137
2182,0.75391
2183,0.54492
2184,0.31055
2185,0.076172
2186,-0.064453
2187,-0.1543
2188,-0.17969
2189,-0.20508
2190,-0.21484
2191,-0.21875
2192,-0.21875
2193,-0.22461
2194,-0.22461
2195,-0.22852
2196,-0.22461
2197,-0.23438
2198,-0.24023
2199,-0.25
2200,-0.26367
2201,-0.28516
2202,-0.30469
2203,-0.33398
2204,-0.36914
2205,-0.41992
2206,-0.46875
2207,-0.49805
2208,-0.49805
2209,-0.49805
2210,-0.49805
2211,-0.49805
2212,-0.49805
2213,-0.48438
2214,-0.39844
2215,-0.30859
2216,-0.24023
2217,-0.17383
2218,-0.11914
2219,-0.080078
2220,-0.058594
2221,-0.035156
2222,-0.025391
2223,-0.013672
2224,-0.0097656
2225,0.0
2226,0.0
2227,0.0
2228,0.0
2229,0.0
2230,0.0
2231,0.0
2232,0.0
2233,-0.0039062
2234,-0.0097656
2235,-0.0039062
2236,-0.0039062
2237,-0.0039062
2238,0.0
2239,0.0
2240,-0.0039062
2241,-0.0097656
2242,-0.0039062
2243,-0.0039062
2244,0.0
2245,-0.0039062
2246,0.0
2247,-0.0039062
2248,0.0
2249,-0.0039062
2250,-0.0097656
2251,-0.013672
2252,-0.013672
2253,-0.0097656
2254,-0.025391
2255,-0.013672
2256,-0.025391
2257,-0.013672
2258,-0.0039062
2259,0.0058594
2260,0.019531
2261,0.025391
2262,0.03125
2263,0.025391
2264,0.019531
2265,0.0097656
2266,-0.044922
2267,-0.070312
2268,0.39062
2269,0.91992
2270,1.3984
2271,1.5
2272,1.3535
2273,1.084
2274,0.82031
2275,0.60938
2276,0.38086
2277,0.14062
2278,-0.035156
2279,-0.12891
2280,-0.16992
2281,-0.19336
2282,-0.21484
2283,-0.20898
2284,-0.21484
2285,-0.21875
2286,-0.21875
2287,-0.22852
2288,-0.22461
2289,-0.23438
2290,-0.23438
2291,-0.24414
2292,-0.25977
2293,-0.2793
2294,-0.29492
2295,-0.33008
2296,-0.35938
2297,-0.4082
2298,-0.45898
2299,-0.49805
2300,-0.49805
2301,-0.49805
2302,-0.49805
2303,-0.49805
2304,-0.49805
2305,-0.49805
2306,-0.42383
2307,-0.33398
2308,-0.24023
2309,-0.17969
2310,-0.13477
2311,-0.083984
2312,-0.054688
2313,-0.035156
2314,-0.0097656
2315,-0.013672
2316,0.0097656
2317,0.0058594
2318,0.0
2319,0.0058594
2320,0.0058594
2321,0.015625
2322,0.025391
2323,0.0058594
2324,0.025391
2325,0.015625
2326,0.015625
2327,0.025391
2328,0.0097656
2329,0.035156
2330,0.03125
2331,0.019531
2332,0.019531
2333,0.035156
2334,0.03125
2335,0.019531
2336,0.035156
2337,0.041016
2338,0.019531
2339,0.035156
2340,0.019531
2341,0.019531
2342,0.035156
2343,0.019531
2344,0.025391
2345,0.0097656
2346,0.0058594
2347,0.015625
2348,0.0058594
2349,0.0097656
2350,0.035156
2351,0.041016
2352,0.035156
2353,0.035156
2354,0.044922
2355,0.044922
2356,0.044922
2357,0.03125
2358,-0.013672
2359,-0.048828
2360,0.37109
2361,0.97461
2362,1.5
2363,1.5
2364,1.5
2365,1.2637
2366,0.94922
2367,0.69531
2368,0.44531
2369,0.18945
2370,-0.0039062
2371,-0.11523
2372,-0.18359
2373,-0.21875
2374,-0.23438
2375,-0.24414
2376,-0.25
2377,-0.25
2378,-0.25391
2379,-0.25977
2380,-0.25977
2381,-0.26367
2382,-0.27344
2383,-0.28516
2384,-0.28906
2385,-0.30859
2386,-0.33008
2387,-0.35938
2388,-0.39844
2389,-0.44922
2390,-0.49805
2391,-0.49805
2392,-0.49805
2393,-0.49805
2394,-0.49805
2395,-0.49805
2396,-0.49805
2397,-0.49805
2398,-0.46875
2399,-0.375
2400,-0.29492
2401,-0.22461
2402,-0.16016
2403,-0.11523
2404,-0.080078
2405,-0.054688
2406,-0.035156
2407,-0.025391
2408,-0.025391
2409,-0.019531
2410,-0.019531
2411,-0.019531
2412,-0.019531
2413,-0.019531
2414,-0.025391
2415,-0.013672
2416,-0.019531
2417,-0.013672
2418,-0.019531
2419,-0.013672
2420,-0.0097656
2421,-0.0097656
2422,-0.013672
2423,-0.0097656
2424,-0.0097656
2425,-0.0039062
2426,-0.0097656
2427,-0.0097656
2428,-0.0097656
2429,-0.013672
2430,-0.0097656
2431,-0.0097656
2432,-0.0039062
2433,-0.0097656
2434,-0.0097656
2435,-0.013672
2436,-0.0097656
2437,-0.019531
2438,-0.019531
2439,-0.025391
2440,-0.025391
2441,-0.025391
2442,-0.025391
2443,-0.029297
2444,-0.025391
2445,-0.013672
2446,0.0
2447,0.0058594
2448,0.019531
2449,0.019531
2450,0.025391
2451,0.015625
2452,0.015625
2453,-0.019531
2454,-0.074219
2455,0.15039
2456,0.66016
2457,1.1895
2458,1.5
2459,1.4785
2460,1.2285
2461,0.95508
2462,0.69922
2463,0.5
2464,0.25586
2465,0.041016
2466,-0.089844
2467,-0.16016
2468,-0.19336
2469,-0.21484
2470,-0.21484
2471,-0.21875
2472,-0.22852
2473,-0.22852
2474,-0.23438
2475,-0.23438
2476,-0.23438
2477,-0.24023
2478,-0.25
2479,-0.25977
2480,-0.27344
2481,-0.28516
2482,-0.30859
2483,-0.33984
2484,-0.375
2485,-0.42383
2486,-0.47852
2487,-0.49805
2488,-0.49805
2489,-0.49805
2490,-0.49805
2491,-0.49805
2492,-0.49805
2493,-0.47461
2494,-0.38867
2495,-0.29883
2496,-0.22852
2497,-0.16406
2498,-0.125
2499,-0.080078
2500,-0.054688
2501,-0.035156
2502,-0.019531
2503,-0.0097656
2504,-0.0039062
2505,0.0
2506,0.0
2507,0.0
2508,0.0
2509,0.0
2510,0.0
2511,-0.0039062
2512,0.0
2513,0.0
2514,0.0
2515,-0.0039062
2516,-0.0039062
2517,-0.0039062
2518,-0.0097656
2519,-0.0039062
2520,-0.0097656
2521,-0.0097656
2522,-0.013672
2523,-0.0097656
2524,-0.0097656
2525,0.0
2526,-0.0097656
2527,-0.0039062
2528,-0.013672
2529,-0.0097656
2530,-0.013672
2531,-0.019531
2532,-0.019531
2533,-0.025391
2534,-0.019531
2535,-0.025391
2536,-0.029297
2537,-0.013672
2538,0.0
2539,0.0097656
2540,0.025391
2541,0.019531
2542,0.025391
2543,0.019531
2544,0.03125
2545,-0.0039062
2546,-0.058594
2547,0.076172
2548,0.57422
2549,1.0938
2550,1.5
2551,1.5
2552,1.2734
2553,0.99414
2554,0.74414
2555,0.53906
2556,0.29102
2557,0.070312
2558,-0.070312
2559,-0.14844
2560,-0.18359
2561,-0.20508
2562,-0.21484
2563,-0.21484
2564,-0.22461
2565,-0.21875
2566,-0.22461
2567,-0.22852
2568,-0.23438
2569,-0.23438
2570,-0.24023
2571,-0.25
2572,-0.26367
2573,-0.2793
2574,-0.30469
2575,-0.33398
2576,-0.375
2577,-0.41992
2578,-0.47461
2579,-0.49805
2580,-0.49805
2581,-0.49805
2582,-0.49805
2583,-0.49805
2584,-0.49805
2585,-0.47852
2586,-0.39453
2587,-0.30859
2588,-0.22852
2589,-0.17383
2590,-0.11914
2591,-0.080078
2592,-0.048828
2593,-0.029297
2594,-0.013672
2595,-0.0039062
2596,0.0
2597,-0.0039062
2598,0.0
2599,0.0
2600,0.0
2601,0.0
2602,0.0
2603,0.0
2604,0.0
2605,-0.0039062
2606,0.0058594
2607,0.0
2608,0.0
2609,0.0
2610,0.0
2611,0.0
2612,0.0
2613,0.0
2614,-0.0039062
2615,0.0
2616,0.0
2617,0.0
2618,-0.0039062
2619,-0.0039062
2620,-0.0097656
2621,-0.0039062
2622,-0.019531
2623,-0.019531
2624,-0.0039062
2625,-0.019531
2626,-0.013672
2627,-0.029297
2628,-0.013672
2629,-0.0097656
2630,0.015625
2631,0.03125
2632,0.025391
2633,0.035156
2634,0.035156
2635,0.041016
2636,0.03125
2637,-0.0039062
2638,-0.044922
2639,0.2207
2640,0.74414
2641,1.2852
2642,1.5
2643,1.5
2644,1.2695
2645,0.99414
2646,0.73047
2647,0.51562
2648,0.25977
2649,0.041016
2650,-0.064453
2651,-0.14453
2652,-0.16992
2653,-0.19922
2654,-0.20508
2655,-0.21484
2656,-0.21484
2657,-0.20508
2658,-0.21484
2659,-0.21875
2660,-0.21484
2661,-0.23438
2662,-0.24414
2663,-0.25977
2664,-0.26953
2665,-0.28906
2666,-0.28516
2667,-0.35352
2668,-0.38867
2669,-0.44336
2670,-0.49805
2671,-0.49805
2672,-0.49805
2673,-0.49805
2674,-0.49805
2675,-0.49805
2676,-0.49805
2677,-0.44922
2678,-0.36328
2679,-0.27344
2680,-0.18359
2681,-0.12891
2682,-0.074219
2683,-0.039062
2684,-0.013672
2685,0.0
2686,0.015625
2687,0.019531
2688,0.019531
2689,0.019531
2690,0.019531
2691,0.019531
2692,0.019531
2693,0.015625
2694,0.0097656
2695,0.0097656
2696,0.0097656
2697,0.0
2698,0.0058594
2699,0.0
2700,0.0058594
2701,0.0
2702,0.0
2703,-0.0039062
2704,-0.0039062
2705,-0.0097656
2706,0.0
2707,-0.0097656
2708,-0.0097656
2709,-0.0039062
2710,-0.0097656
2711,-0.0039062
2712,-0.019531
2713,-0.013672
2714,-0.025391
2715,-0.025391
2716,-0.019531
2717,-0.025391
2718,-0.019531
2719,-0.025391
2720,-0.019531
2721,0.0
2722,0.0058594
2723,0.019531
2724,0.019531
2725,0.019531
2726,0.019531
2727,0.025391
2728,0.0
2729,-0.058594
2730,-0.074219
2731,0.43555
2732,0.98047
2733,1.4746
2734,1.5
2735,1.3848
2736,1.1035
2737,0.83008
2738,0.60938
2739,0.375
2740,0.13477
2741,-0.029297
2742,-0.13477
2743,-0.18359
2744,-0.21875
2745,-0.22852
2746,-0.23438
2747,-0.23438
2748,-0.23438
2749,-0.24023
2750,-0.24023
2751,-0.25
2752,-0.25977
2753,-0.25977
2754,-0.26953
2755,-0.2793
2756,-0.29883
2757,-0.31836
2758,-0.34375
2759,-0.38477
2760,-0.42969
2761,-0.48438
2762,-0.49805
2763,-0.49805
2764,-0.49805
2765,-0.49805
2766,-0.49805
2767,-0.49805
2768,-0.49805
2769,-0.42969
2770,-0.33398
2771,-0.25
2772,-0.18945
2773,-0.13477
2774,-0.089844
2775,-0.054688
2776,-0.039062
2777,-0.019531
2778,-0.0097656
2779,0.0
2780,-0.0039062
2781,0.0
2782,0.0
2783,0.0
2784,0.0
2785,0.0
2786,0.0
2787,0.0
2788,0.0
2789,-0.0039062
2790,-0.0039062
2791,-0.0097656
2792,-0.0039062
2793,-0.0097656
2794,-0.0039062
2795,-0.0039062
2796,0.0
2797,-0.0039062
2798,0.0
2799,-0.0039062
2800,-0.0039062
2801,-0.0097656
2802,-0.0039062
2803,-0.013672
2804,-0.0097656
2805,-0.013672
2806,-0.013672
2807,-0.025391
2808,-0.025391
2809,-0.019531
2810,-0.029297
2811,-0.025391
2812,-0.029297
2813,-0.013672
2814,0.0
2815,0.019531
2816,0.019531
2817,0.03125
2818,0.025391
2819,0.03125
2820,0.025391
2821,-0.0039062
2822,-0.064453
2823,0.089844
2824,0.58398
2825,1.125
2826,1.5
2827,1.5
2828,1.2598
2829,0.99414
2830,0.73438
2831,0.53516
2832,0.28516
2833,0.064453
2834,-0.074219
2835,-0.14844
2836,-0.17969
2837,-0.20508
2838,-0.20898
2839,-0.21484
2840,-0.21875
2841,-0.22461
2842,-0.22852
2843,-0.22852
2844,-0.23438
2845,-0.24023
2846,-0.24023
2847,-0.25391
2848,-0.26367
2849,-0.2793
2850,-0.29883
2851,-0.33398
2852,-0.375
2853,-0.42383
2854,-0.47852
2855,-0.49805
2856,-0.49805
2857,-0.49805
2858,-0.49805
2859,-0.49805
2860,-0.49805
2861,-0.46875
2862,-0.38867
2863,-0.30469
2864,-0.22461
2865,-0.16016
2866,-0.11523
2867,-0.080078
2868,-0.054688
2869,-0.029297
2870,-0.019531
2871,-0.0097656
2872,-0.0039062
2873,0.0
2874,-0.0039062
2875,0.0
2876,0.0
2877,0.0058594
2878,0.0
2879,0.0
2880,0.0
2881,0.0
2882,0.0
2883,0.0
2884,0.0
2885,0.0
2886,0.0
2887,0.0
2888,0.0
2889,0.0
2890,0.0
2891,0.0
2892,0.0
2893,0.0
2894,0.0
2895,0.0
2896,0.0
2897,0.0
2898,-0.0039062
2899,-0.013672
2900,-0.019531
2901,-0.025391
2902,-0.019531
2903,-0.025391
2904,-0.025391
2905,-0.029297
2906,-0.0097656
2907,0.0058594
2908,0.03125
2909,0.041016
2910,0.019531
2911,0.03125
2912,0.025391
2913,0.03125
2914,0.0058594
2915,-0.070312
2916,0.16992
2917,0.69922
2918,1.2188
2919,1.5
2920,1.4844
2921,1.2539
2922,0.99023
2923,0.74023
2924,0.51953
2925,0.25977
2926,0.050781
2927,-0.070312
2928,-0.14453
2929,-0.16016
2930,-0.19922
2931,-0.18945
2932,-0.20898
2933,-0.21484
2934,-0.20508
2935,-0.19922
2936,-0.22461
2937,-0.21484
2938,-0.20898
2939,-0.24023
2940,-0.23438
2941,-0.25391
2942,-0.2793
2943,-0.29492
2944,-0.32422
2945,-0.38867
2946,-0.42969
2947,-0.49414
2948,-0.49805
2949,-0.49805
2950,-0.49805
2951,-0.49805
2952,-0.49805
2953,-0.49805
2954,-0.45312
2955,-0.35352
2956,-0.26367
2957,-0.18945
2958,-0.11914
2959,-0.074219
2960,-0.039062
2961,-0.019531
2962,0.0
2963,0.019531
2964,0.019531
2965,0.019531
2966,0.019531
2967,0.025391
2968,0.019531
2969,0.025391
2970,0.0097656
2971,0.015625
2972,0.0097656
2973,0.0058594
2974,0.0058594
2975,0.0097656
2976,0.0
2977,0.0
2978,0.0
2979,0.0
2980,0.0
2981,0.0
2982,-0.0039062
2983,0.0
2984,-0.0039062
2985,-0.0039062
2986,0.0
2987,-0.0097656
2988,-0.013672
2989,-0.019531
2990,-0.025391
2991,-0.025391
2992,-0.025391
2993,-0.025391
2994,-0.025391
2995,-0.029297
2996,-0.029297
2997,-0.025391
2998,-0.0097656
2999,0.0058594
3000,0.019531
3001,0.015625
3002,0.019531
3003,0.019531
3004,0.015625
3005,-0.013672
3006,-0.070312
3007,0.054688
3008,0.56055
3009,1.1094
3010,1.5
3011,1.5
3012,1.3184
3013,1.0391
3014,0.76953
3015,0.56445
3016,0.31445
3017,0.085938
3018,-0.064453
3019,-0.14844
3020,-0.18945
3021,-0.22461
3022,-0.23438
3023,-0.23438
3024,-0.24023
3025,-0.23438
3026,-0.24023
3027,-0.24414
3028,-0.25391
3029,-0.25391
3030,-0.25977
3031,-0.26953
3032,-0.28516
3033,-0.29883
3034,-0.32422
3035,-0.35352
3036,-0.39453
3037,-0.44336
3038,-0.49805
3039,-0.49805
3040,-0.49805
3041,-0.49805
3042,-0.49805
3043,-0.49805
3044,-0.49805
3045,-0.49414
3046,-0.4043
3047,-0.31445
3048,-0.22852
3049,-0.17383
3050,-0.11914
3051,-0.083984
3052,-0.054688
3053,-0.035156
3054,-0.025391
3055,-0.0097656
3056,-0.0039062
3057,-0.0039062
3058,0.0
3059,0.0
3060,0.0
3061,0.0
3062,0.0
3063,0.0
3064,0.0
3065,-0.0039062
3066,-0.0039062
3067,-0.0039062
3068,0.0
3069,0.0
3070,0.0
3071,0.0
3072,0.0
3073,0.0
3074,0.0
3075,0.0
3076,-0.0039062
3077,-0.0039062
3078,0.0
3079,-0.0039062
3080,0.0
3081,-0.0039062
3082,-0.0097656
3083,-0.0097656
3084,-0.019531
3085,-0.013672
3086,-0.019531
3087,-0.013672
3088,-0.025391
3089,-0.025391
3090,-0.0097656
3091,0.0
3092,0.0097656
3093,0.025391
3094,0.03125
3095,0.025391
3096,0.025391
3097,0.019531
3098,-0.0097656
3099,-0.070312
3100,0.12109
3101,0.625
3102,1.1543
3103,1.5
3104,1.4941
3105,1.2441
3106,0.97461
3107,0.7207
3108,0.51562
3109,0.27539
3110,0.054688
3111,-0.080078
3112,-0.1543
3113,-0.18359
3114,-0.20898
3115,-0.21484
3116,-0.21875
3117,-0.22461
3118,-0.22852
3119,-0.22852
3120,-0.23438
3121,-0.23438
3122,-0.23438
3123,-0.24414
3124,-0.25391
3125,-0.26367
3126,-0.28516
3127,-0.30469
3128,-0.33984
3129,-0.375
3130,-0.42969
3131,-0.48438
3132,-0.49805
3133,-0.49805
3134,-0.49805
3135,-0.49805
3136,-0.49805
3137,-0.49805
3138,-0.47461
3139,-0.38867
3140,-0.29492
3141,-0.22461
3142,-0.16016
3143,-0.11523
3144,-0.074219
3145,-0.048828
3146,-0.035156
3147,-0.025391
3148,-0.013672
3149,-0.0097656
3150,0.0
3151,0.0
3152,-0.0039062
3153,-0.0097656
3154,-0.0039062
3155,-0.013672
3156,-0.0039062
3157,-0.0097656
3158,-0.0097656
3159,-0.0039062
3160,-0.0097656
3161,0.0
3162,-0.0039062
3163,0.0
3164,-0.0039062
3165,0.0
3166,-0.0039062
3167,-0.0097656
3168,-0.013672
3169,-0.0097656
3170,-0.0039062
3171,-0.0097656
3172,-0.0097656
3173,-0.0097656
3174,-0.013672
3175,-0.013672
3176,-0.019531
3177,-0.025391
3178,-0.025391
3179,-0.025391
3180,-0.019531
3181,-0.029297
3182,-0.019531
3183,-0.0039062
3184,0.0058594
3185,0.019531
3186,0.025391
3187,0.019531
3188,0.019531
3189,0.019531
3190,0.0
3191,-0.054688
3192,-0.070312
3193,0.43555
3194,0.96484
3195,1.4434
3196,1.5
3197,1.3398
3198,1.0645
3199,0.81055
3200,0.59961
3201,0.37109
3202,0.13086
3203,-0.035156
3204,-0.12891
3205,-0.16992
3206,-0.18945
3207,-0.19336
3208,-0.19922
3209,-0.21484
3210,-0.21875
3211,-0.20898
3212,-0.22852
3213,-0.21484
3214,-0.24023
3215,-0.22461
3216,-0.25391
3217,-0.24023
3218,-0.27344
3219,-0.29883
3220,-0.31836
3221,-0.35352
3222,-0.4043
3223,-0.44336
3224,-0.49805
3225,-0.49805
3226,-0.49805
3227,-0.49805
3228,-0.49805
3229,-0.49805
3230,-0.48438
3231,-0.39844
3232,-0.30469
3233,-0.21484
3234,-0.14844
3235,-0.099609
3236,-0.048828
3237,-0.029297
3238,-0.013672
3239,0.019531
3240,0.025391
3241,0.015625
3242,0.019531
3243,0.03125
3244,0.025391
3245,0.044922
3246,0.035156
3247,0.019531
3248,0.03125
3249,0.019531
3250,0.025391
3251,0.019531
3252,0.025391
3253,0.015625
3254,0.019531
3255,0.019531
3256,0.0097656
3257,0.019531
3258,0.019531
3259,0.015625
3260,0.019531
3261,0.019531
3262,0.019531
3263,0.015625
3264,0.0058594
3265,0.0097656
3266,0.0058594
3267,0.0
3268,0.0058594
3269,0.0
3270,0.0
3271,-0.0039062
3272,0.0
3273,0.015625
3274,0.019531
3275,0.03125
3276,0.041016
3277,0.03125
3278,0.035156
3279,0.035156
3280,0.015625
3281,-0.029297
3282,-0.064453
3283,0.33008
3284,0.9043
3285,1.4434
3286,1.5
3287,1.4883
3288,1.2051
3289,0.92383
3290,0.67578
3291,0.44531
3292,0.18555
3293,-0.0097656
3294,-0.11914
3295,-0.18359
3296,-0.22852
3297,-0.24023
3298,-0.25
3299,-0.25391
3300,-0.25391
3301,-0.25977
3302,-0.25977
3303,-0.26953
3304,-0.26953
3305,-0.2793
3306,-0.28516
3307,-0.29883
3308,-0.30469
3309,-0.33008
3310,-0.35352
3311,-0.39453
3312,-0.43945
3313,-0.49414
3314,-0.49805
3315,-0.49805
3316,-0.49805
3317,-0.49805
3318,-0.49805
3319,-0.49805
3320,-0.49805
3321,-0.45898
3322,-0.36914
3323,-0.27344
3324,-0.20508
3325,-0.14844
3326,-0.10352
3327,-0.070312
3328,-0.048828
3329,-0.025391
3330,-0.025391
3331,-0.0097656
3332,-0.0097656
3333,-0.0039062
3334,-0.0097656
3335,-0.0039062
3336,-0.0039062
3337,-0.0039062
3338,-0.0097656
3339,-0.013672
3340,-0.0097656
3341,-0.0097656
3342,-0.0039062
3343,-0.0039062
3344,-0.0039062
3345,0.0
3346,0.0
3347,-0.0039062
3348,-0.0039062
3349,-0.0039062
3350,0.0
3351,0.0
3352,0.0
3353,0.0
3354,0.0
3355,-0.0039062
3356,0.0
3357,-0.0097656
3358,-0.0039062
3359,-0.0097656
3360,-0.0097656
3361,-0.019531
3362,-0.013672
3363,-0.025391
3364,-0.019531
3365,-0.029297
3366,-0.025391
3367,0.0
3368,0.015625
3369,0.019531
3370,0.025391
3371,0.025391
3372,0.03125
3373,0.03125
3374,0.0097656
3375,-0.039062
3376,-0.070312
3377,0.38086
3378,0.9043
3379,1.3984
3380,1.5
3381,1.375
3382,1.1035
3383,0.84375
3384,0.625
3385,0.40039
3386,0.15039
3387,-0.025391
3388,-0.12891
3389,-0.16992
3390,-0.19922
3391,-0.20898
3392,-0.21875
3393,-0.21484
3394,-0.21875
3395,-0.22852
3396,-0.22461
3397,-0.22461
3398,-0.23438
3399,-0.24023
3400,-0.25
3401,-0.25977
3402,-0.26953
3403,-0.28906
3404,-0.31445
3405,-0.35352
3406,-0.39453
3407,-0.44922
3408,-0.49805
3409,-0.49805
3410,-0.49805
3411,-0.49805
3412,-0.49805
3413,-0.49805
3414,-0.49805
3415,-0.42969
3416,-0.33984
3417,-0.25977
3418,-0.19336
3419,-0.13867
3420,-0.089844
3421,-0.058594
3422,-0.039062
3423,-0.025391
3424,-0.013672
3425,0.0
3426,-0.0039062
3427,0.0
3428,0.0
3429,0.0
3430,0.0
3431,-0.0039062
3432,-0.0097656
3433,-0.0039062
3434,-0.0039062
3435,0.0
3436,0.0
3437,0.0
3438,0.0
3439,0.0
3440,-0.0039062
3441,-0.0039062
3442,0.0
3443,-0.0039062
3444,0.0
3445,0.0
3446,0.0
3447,0.0
3448,-0.0039062
3449,-0.0097656
3450,-0.013672
3451,-0.013672
3452,-0.013672
3453,-0.025391
3454,-0.013672
3455,-0.025391
3456,-0.019531
3457,-0.039062
3458,-0.019531
3459,-0.0039062
3460,0.0097656
3461,0.019531
3462,0.025391
3463,0.025391
3464,0.025391
3465,0.03125
3466,0.015625
3467,-0.039062
3468,-0.070312
3469,0.375
3470,0.9043
3471,1.3984
3472,1.5
3473,1.3633
3474,1.0898
3475,0.83008
3476,0.61523
3477,0.39062
3478,0.14453
3479,-0.025391
3480,-0.125
3481,-0.16406
3482,-0.19922
3483,-0.20508
3484,-0.21484
3485,-0.21484
3486,-0.21484
3487,-0.21875
3488,-0.22461
3489,-0.22852
3490,-0.23438
3491,-0.23438
3492,-0.25
3493,-0.25977
3494,-0.27344
3495,-0.28906
3496,-0.31836
3497,-0.35938
3498,-0.39844
3499,-0.45312
3500,-0.49805
3501,-0.49805
3502,-0.49805
3503,-0.49805
3504,-0.49805
3505,-0.49805
3506,-0.49805
3507,-0.42383
3508,-0.33398
3509,-0.25391
3510,-0.17383
3511,-0.125
3512,-0.080078
3513,-0.064453
3514,-0.029297
3515,-0.0097656
3516,-0.0097656
3517,-0.0039062
3518,-0.0097656
3519,0.0058594
3520,0.015625
3521,0.0
3522,0.0
3523,0.0097656
3524,0.0058594
3525,0.019531
3526,0.03125
3527,0.0058594
3528,0.019531
3529,0.0097656
3530,0.025391
3531,0.015625
3532,0.0097656
3533,0.025391
3534,0.015625
3535,0.041016
3536,0.025391
3537,0.03125
3538,0.019531
3539,0.015625
3540,0.03125
3541,0.019531
3542,0.03125
3543,0.015625
3544,0.019531
3545,0.019531
3546,0.019531
3547,0.015625
3548,0.035156
3549,0.0
3550,0.019531
3551,0.03125
3552,0.03125
3553,0.044922
3554,0.064453
3555,0.054688
3556,0.044922
3557,0.050781
3558,0.03125
3559,-0.035156
3560,-0.054688
3561,0.46094
3562,1.0742
3563,1.5
3564,1.5
3565,1.5
3566,1.1992
3567,0.89453
3568,0.6543
3569,0.40039
3570,0.14062
3571,-0.035156
3572,-0.13867
3573,-0.18359
3574,-0.22461
3575,-0.23438
3576,-0.24414
3577,-0.24414
3578,-0.25
3579,-0.25
3580,-0.25977
3581,-0.25977
3582,-0.26367
3583,-0.2793
3584,-0.28906
3585,-0.29883
3586,-0.31445
3587,-0.33398
3588,-0.36328
3589,-0.4043
3590,-0.44922
3591,-0.49805
3592,-0.49805
3593,-0.49805
3594,-0.49805
3595,-0.49805
3596,-0.49805
3597,-0.49805
3598,-0.49805
3599,-0.45312
3600,-0.35352
3601,-0.27344
3602,-0.20508
3603,-0.14453
3604,-0.099609
3605,-0.070312
3606,-0.048828
3607,-0.035156
3608,-0.025391
3609,-0.013672
3610,-0.0097656
3611,-0.013672
3612,-0.0097656
3613,-0.013672
3614,-0.019531
3615,-0.019531
3616,-0.019531
3617,-0.013672
3618,-0.019531
3619,-0.013672
3620,-0.019531
3621,-0.013672
3622,-0.019531
3623,-0.013672
3624,-0.013672
3625,-0.013672
3626,-0.013672
3627,-0.0097656
3628,-0.013672
3629,-0.0097656
3630,-0.013672
3631,-0.0097656
3632,-0.0097656
3633,-0.0097656
3634,-0.013672
3635,-0.0097656
3636,-0.013672
3637,-0.0097656
3638,-0.019531
3639,-0.025391
3640,-0.025391
3641,-0.025391
3642,-0.025391
3643,-0.029297
3644,-0.029297
3645,-0.013672
3646,0.0
3647,0.0058594
3648,0.019531
3649,0.019531
3650,0.025391
3651,0.019531
3652,0.019531
3653,-0.0097656
3654,-0.064453
3655,0.095703
3656,0.59961
3657,1.125
3658,1.5
3659,1.498
3660,1.2598
3661,0.99023
3662,0.73047
3663,0.52539
3664,0.28516
3665,0.064453
3666,-0.074219
3667,-0.16016
3668,-0.18359
3669,-0.20898
3670,-0.21484
3671,-0.21484
3672,-0.21875
3673,-0.22461
3674,-0.22852
3675,-0.22852
3676,-0.23438
3677,-0.24023
3678,-0.24414
3679,-0.25391
3680,-0.26367
3681,-0.2793
3682,-0.30469
3683,-0.33008
3684,-0.36914
3685,-0.41992
3686,-0.47461
3687,-0.49805
3688,-0.49805
3689,-0.49805
3690,-0.49805
3691,-0.49805
3692,-0.49805
3693,-0.48438
3694,-0.39844
3695,-0.31445
3696,-0.24023
3697,-0.17383
3698,-0.125
3699,-0.080078
3700,-0.054688
3701,-0.029297
3702,-0.019531
3703,-0.0097656
3704,-0.0039062
3705,-0.0039062
3706,0.0
3707,0.0
3708,0.0
3709,-0.0039062
3710,0.0
3711,0.0
3712,0.0
3713,-0.0039062
3714,0.0
3715,-0.0039062
3716,-0.0097656
3717,-0.0039062
3718,-0.0039062
3719,0.0
3720,-0.0039062
3721,-0.0039062
3722,0.0
3723,0.0
3724,-0.0039062
3725,-0.0097656
3726,-0.013672
3727,-0.0097656
3728,-0.0097656
3729,-0.0039062
3730,-0.013672
3731,-0.025391
3732,-0.025391
3733,-0.019531
3734,-0.025391
3735,-0.029297
3736,-0.029297
3737,-0.013672
3738,-0.0039062
3739,0.015625
3740,0.019531
3741,0.025391
3742,0.025391
3743,0.025391
3744,0.019531
3745,-0.0039062
3746,-0.058594
3747,-0.064453
3748,0.51562
3749,1.0449
3750,1.4844
3751,1.5
3752,1.2949
3753,1.0195
3754,0.76562
3755,0.56055
3756,0.32031
3757,0.085938
3758,-0.058594
3759,-0.14844
3760,-0.16992
3761,-0.19922
3762,-0.20508
3763,-0.21484
3764,-0.21484
3765,-0.21875
3766,-0.21484
3767,-0.21875
3768,-0.22852
3769,-0.21875
3770,-0.23438
3771,-0.25
3772,-0.24414
3773,-0.2793
3774,-0.29492
3775,-0.33008
3776,-0.35938
3777,-0.41992
3778,-0.45898
3779,-0.49805
3780,-0.49805
3781,-0.49805
3782,-0.49805
3783,-0.49805
3784,-0.49805
3785,-0.46875
3786,-0.39453
3787,-0.29492
3788,-0.21484
3789,-0.16016
3790,-0.10352
3791,-0.054688
3792,-0.0097656
3793,0.0
3794,0.0
3795,0.019531
3796,0.025391
3797,0.019531
3798,0.041016
3799,0.019531
3800,0.041016
3801,0.044922
3802,0.025391
3803,0.041016
3804,0.03125
3805,0.041016
3806,0.050781
3807,0.03125
3808,0.041016
3809,0.03125
3810,0.044922
3811,0.03125
3812,0.025391
3813,0.03125
3814,0.025391
3815,0.03125
3816,0.025391
3817,0.025391
3818,0.025391
3819,0.019531
3820,0.025391
3821,0.015625
3822,0.019531
3823,0.015625
3824,0.019531
3825,0.015625
3826,0.0
3827,0.0
3828,0.0058594
3829,0.019531
3830,0.025391
3831,0.044922
3832,0.041016
3833,0.041016
3834,0.035156
3835,0.03125
3836,-0.0097656
3837,-0.070312
3838,0.15039
3839,0.70898
3840,1.2793
3841,1.5
3842,1.5
3843,1.3047
3844,1.0137
3845,0.74414
3846,0.51953
3847,0.26562
3848,0.050781
3849,-0.09375
3850,-0.16992
3851,-0.21875
3852,-0.24023
3853,-0.25
3854,-0.25391
3855,-0.25391
3856,-0.25391
3857,-0.25977
3858,-0.25977
3859,-0.26367
3860,-0.26367
3861,-0.2793
3862,-0.28516
3863,-0.30469
3864,-0.31836
3865,-0.34375
3866,-0.37891
3867,-0.42383
3868,-0.46484
3869,-0.49805
3870,-0.49805
3871,-0.49805
3872,-0.49805
3873,-0.49805
3874,-0.49805
3875,-0.49805
3876,-0.49414
3877,-0.39453
3878,-0.30859
3879,-0.22852
3880,-0.16406
3881,-0.11914
3882,-0.083984
3883,-0.058594
3884,-0.044922
3885,-0.025391
3886,-0.0097656
3887,-0.0039062
3888,-0.0097656
3889,-0.0039062
3890,0.0
3891,-0.0097656
3892,-0.013672
3893,-0.0097656
3894,-0.0097656
3895,-0.0097656
3896,-0.0039062
3897,-0.0097656
3898,-0.0039062
3899,-0.0039062
3900,-0.0039062
3901,-0.0039062
3902,-0.0039062
3903,-0.0039062
3904,0.0
3905,0.0
3906,0.0
3907,-0.0039062
3908,0.0
3909,0.0
3910,0.0
3911,-0.0039062
3912,-0.0039062
3913,-0.0097656
3914,-0.0097656
3915,-0.019531
3916,-0.025391
3917,-0.013672
3918,-0.025391
3919,-0.019531
3920,-0.025391
3921,-0.025391
3922,-0.0039062
3923,0.0058594
3924,0.015625
3925,0.019531
3926,0.019531
3927,0.025391
3928,0.019531
3929,0.019531
3930,-0.019531
3931,-0.070312
3932,0.17578
3933,0.69531
3934,1.2148
3935,1.5
3936,1.4648
3937,1.2051
3938,0.93945
3939,0.69922
3940,0.48438
3941,0.24023
3942,0.03125
3943,-0.09375
3944,-0.16406
3945,-0.18945
3946,-0.21484
3947,-0.21484
3948,-0.21484
3949,-0.21875
3950,-0.22461
3951,-0.22852
3952,-0.22461
3953,-0.23438
3954,-0.24023
3955,-0.25391
3956,-0.25977
3957,-0.27344
3958,-0.29492
3959,-0.31836
3960,-0.34961
3961,-0.38477
3962,-0.43945
3963,-0.48828
3964,-0.49805
3965,-0.49805
3966,-0.49805
3967,-0.49805
3968,-0.49805
3969,-0.49805
3970,-0.46875
3971,-0.37891
3972,-0.29492
3973,-0.22461
3974,-0.16016
3975,-0.11523
3976,-0.080078
3977,-0.048828
3978,-0.035156
3979,-0.019531
3980,-0.013672
3981,-0.0039062
3982,0.0
3983,0.0
3984,0.0
3985,0.0
3986,-0.0039062
3987,0.0
3988,-0.0039062
3989,-0.0039062
3990,-0.0097656
3991,-0.0097656
3992,-0.0039062
3993,-0.0039062
3994,-0.0039062
3995,-0.0039062
3996,-0.0097656
3997,-0.013672
3998,-0.0097656
3999,-0.0039062
4000,-0.0097656
4001,-0.013672
4002,-0.0039062
4003,-0.013672
4004,-0.0039062
4005,-0.013672
4006,-0.013672
4007,-0.025391
4008,-0.025391
4009,-0.025391
4010,-0.029297
4011,-0.025391
4012,-0.029297
4013,-0.029297
4014,-0.013672
4015,-0.0039062
4016,0.0097656
4017,0.019531
4018,0.019531
4019,0.019531
4020,0.015625
4021,0.019531
4022,-0.013672
4023,-0.074219
4024,0.11133
4025,0.61914
4026,1.1445
4027,1.5
4028,1.4844
4029,1.2285
4030,0.96875
4031,0.71484
4032,0.50586
4033,0.25977
4034,0.044922
4035,-0.083984
4036,-0.16406
4037,-0.18945
4038,-0.21484
4039,-0.21484
4040,-0.22461
4041,-0.22852
4042,-0.22852
4043,-0.23438
4044,-0.24023
4045,-0.24023
4046,-0.24414
4047,-0.25
4048,-0.25977
4049,-0.26953
4050,-0.28906
4051,-0.31836
4052,-0.34961
4053,-0.38867
4054,-0.43945
4055,-0.49414
4056,-0.49805
4057,-0.49805
4058,-0.49805
4059,-0.49805
4060,-0.49805
4061,-0.49805
4062,-0.47461
4063,-0.38867
4064,-0.29883
4065,-0.22461
4066,-0.16406
4067,-0.10938
4068,-0.080078
4069,-0.058594
4070,-0.019531
4071,-0.025391
4072,-0.0039062
4073,-0.0097656
4074,-0.0039062
4075,0.0058594
4076,-0.0097656
4077,0.0058594
4078,-0.0039062
4079,0.015625
4080,0.019531
4081,0.0
4082,0.0
4083,0.0097656
4084,0.015625
4085,0.0058594
4086,0.015625
4087,0.025391
4088,0.015625
4089,0.019531
4090,0.019531
4091,0.025391
4092,0.0097656
4093,0.019531
4094,0.03125
4095,0.015625
4096,0.0097656
4097,0.019531
4098,0.044922
4099,0.0
4100,0.019531
4101,0.015625
4102,0.015625
4103,0.0
4104,0.0
4105,0.015625
4106,0.019531
4107,0.019531
4108,0.060547
4109,0.035156
4110,0.03125
4111,0.044922
4112,0.041016
4113,0.025391
4114,-0.025391
4115,-0.054688
4116,0.42578
4117,1.0352
4118,1.5
4119,1.5
4120,1.5
4121,1.2344
4122,0.92383
4123,0.67578
4124,0.41602
4125,0.16016
4126,-0.019531
4127,-0.13477
4128,-0.18359
4129,-0.22852
4130,-0.24023
4131,-0.24414
4132,-0.24023
4133,-0.25
4134,-0.25391
4135,-0.25
4136,-0.25977
4137,-0.26367
4138,-0.26953
4139,-0.28516
4140,-0.29492
4141,-0.30859
4142,-0.33398
4143,-0.35938
4144,-0.4043
4145,-0.44922
4146,-0.49805
4147,-0.49805
4148,-0.49805
4149,-0.49805
4150,-0.49805
4151,-0.49805
4152,-0.49805
4153,-0.49805
4154,-0.45898
4155,-0.375
4156,-0.28516
4157,-0.20898
4158,-0.1543
4159,-0.10938
4160,-0.074219
4161,-0.054688
4162,-0.035156
4163,-0.025391
4164,-0.025391
4165,-0.019531
4166,-0.013672
4167,-0.019531
4168,-0.019531
4169,-0.019531
4170,-0.019531
4171,-0.019531
4172,-0.019531
4173,-0.019531
4174,-0.019531
4175,-0.019531
4176,-0.013672
4177,-0.013672
4178,-0.013672
4179,-0.0097656
4180,-0.013672
4181,-0.0097656
4182,-0.013672
4183,-0.0097656
4184,-0.0097656
4185,-0.0039062
4186,-0.0097656
4187,-0.013672
4188,-0.0097656
4189,-0.0039062
4190,-0.013672
4191,-0.0097656
4192,-0.013672
4193,-0.019531
4194,-0.019531
4195,-0.025391
4196,-0.019531
4197,-0.025391
4198,-0.019531
4199,-0.025391
4200,-0.013672
4201,0.0
4202,0.0097656
4203,0.019531
4204,0.019531
4205,0.019531
4206,0.025391
4207,0.019531
4208,-0.0097656
4209,-0.070312
4210,0.095703
4211,0.59961
4212,1.1348
4213,1.5
4214,1.5
4215,1.2695
4216,1.0039
4217,0.74023
4218,0.5293
4219,0.29102
4220,0.070312
4221,-0.064453
4222,-0.14844
4223,-0.17969
4224,-0.19922
4225,-0.21484
4226,-0.21484
4227,-0.21875
4228,-0.22461
4229,-0.22461
4230,-0.22852
4231,-0.23438
4232,-0.24414
4233,-0.24023
4234,-0.25
4235,-0.26367
4236,-0.2793
4237,-0.29883
4238,-0.33398
4239,-0.375
4240,-0.41992
4241,-0.46875
4242,-0.49805
4243,-0.49805
4244,-0.49805
4245,-0.49805
4246,-0.49805
4247,-0.49805
4248,-0.48438
4249,-0.39453
4250,-0.30859
4251,-0.23438
4252,-0.17383
4253,-0.125
4254,-0.080078
4255,-0.054688
4256,-0.029297
4257,-0.019531
4258,-0.0039062
4259,-0.0039062
4260,0.0
4261,0.0
4262,0.0
4263,0.0
4264,0.0
4265,0.0
4266,0.0
4267,0.0
4268,0.0
4269,0.0
4270,0.0
4271,0.0
4272,0.0
4273,0.0
4274,0.0
4275,0.0
4276,-0.0039062
4277,0.0
4278,0.0
4279,0.0
4280,0.0
4281,0.0
4282,0.0
4283,-0.0039062
4284,-0.0039062
4285,-0.0097656
4286,-0.013672
4287,-0.019531
4288,-0.025391
4289,-0.013672
4290,-0.025391
4291,-0.019531
4292,0.0
4293,0.0097656
4294,0.019531
4295,0.03125
4296,0.035156
4297,0.03125
4298,0.03125
4299,0.025391
4300,-0.013672
4301,-0.064453
4302,0.21484
4303,0.73438
4304,1.2539
4305,1.5
4306,1.4492
4307,1.1895
4308,0.92969
4309,0.68945
4310,0.48047
4311,0.23047
4312,0.025391
4313,-0.10352
4314,-0.16406
4315,-0.18945
4316,-0.20508
4317,-0.21484
4318,-0.21484
4319,-0.21875
4320,-0.21484
4321,-0.22461
4322,-0.22461
4323,-0.23438
4324,-0.23438
4325,-0.23438
4326,-0.25
4327,-0.25977
4328,-0.28516
4329,-0.30859
4330,-0.34375
4331,-0.38477
4332,-0.43359
4333,-0.49414
4334,-0.49805
4335,-0.49805
4336,-0.49805
4337,-0.49805
4338,-0.49805
4339,-0.49805
4340,-0.45312
4341,-0.35938
4342,-0.2793
4343,-0.20508
4344,-0.14844
4345,-0.10352
4346,-0.070312
4347,-0.039062
4348,-0.019531
4349,-0.0039062
4350,0.0
4351,0.0
4352,0.0058594
4353,0.0058594
4354,0.0097656
4355,0.0
4356,0.019531
4357,0.0058594
4358,0.0097656
4359,0.0
4360,0.0097656
4361,0.0058594
4362,0.0097656
4363,0.015625
4364,0.015625
4365,0.0
4366,0.015625
4367,0.03125
4368,0.015625
4369,0.019531
4370,0.025391
4371,0.0097656
4372,0.025391
4373,0.041016
4374,0.015625
4375,0.015625
4376,0.03125
4377,0.019531
4378,0.025391
4379,0.03125
4380,0.015625
4381,0.03125
4382,0.0058594
4383,0.041016
4384,0.03125
4385,0.044922
4386,0.064453
4387,0.060547
4388,0.080078
4389,0.070312
4390,0.060547
4391,0.041016
4392,-0.019531
4393,-0.039062
4394,0.53906
4395,1.1387
4396,1.5
4397,1.5
4398,1.498
4399,1.1992
4400,0.91016
4401,0.6543
4402,0.39453
4403,0.14062
4404,-0.029297
4405,-0.13867
4406,-0.17969
4407,-0.21484
4408,-0.22461
4409,-0.22852
4410,-0.23438
4411,-0.23438
4412,-0.23438
4413,-0.24414
4414,-0.25
4415,-0.24023
4416,-0.25977
4417,-0.26953
4418,-0.2793
4419,-0.29883
4420,-0.32422
4421,-0.35938
4422,-0.39453
4423,-0.44336
4424,-0.49805
4425,-0.49805
4426,-0.49805
4427,-0.49805
4428,-0.49805
4429,-0.49805
4430,-0.49805
4431,-0.49805
4432,-0.43945
4433,-0.33984
4434,-0.25391
4435,-0.18945
4436,-0.13477
4437,-0.089844
4438,-0.058594
4439,-0.039062
4440,-0.029297
4441,-0.019531
4442,-0.0097656
4443,-0.0097656
4444,-0.013672
4445,-0.013672
4446,-0.013672
4447,-0.0097656
4448,-0.0039062
4449,-0.0097656
4450,-0.013672
4451,-0.013672
4452,-0.0097656
4453,-0.013672
4454,-0.013672
4455,-0.013672
4456,-0.013672
4457,-0.013672
4458,-0.013672
4459,-0.013672
4460,-0.013672
4461,-0.0097656
4462,-0.0039062
4463,-0.0097656
4464,-0.0039062
4465,-0.0039062
4466,-0.0039062
4467,-0.0097656
4468,-0.0097656
4469,-0.013672
4470,-0.013672
4471,-0.019531
4472,-0.019531
4473,-0.013672
4474,-0.025391
4475,-0.029297
4476,-0.035156
4477,-0.013672
4478,-0.0039062
4479,0.0058594
4480,0.019531
4481,0.019531
4482,0.019531
4483,0.019531
4484,0.015625
4485,-0.019531
4486,-0.074219
4487,0.20117
4488,0.72461
4489,1.2539
4490,1.5
4491,1.4746
4492,1.2148
4493,0.94922
4494,0.69922
4495,0.48438
4496,0.23438
4497,0.035156
4498,-0.089844
4499,-0.16016
4500,-0.18945
4501,-0.20508
4502,-0.21484
4503,-0.21875
4504,-0.21875
4505,-0.22461
4506,-0.22461
4507,-0.22852
4508,-0.23438
4509,-0.24023
4510,-0.25
4511,-0.25977
4512,-0.26953
4513,-0.28906
4514,-0.30859
4515,-0.34961
4516,-0.38477
4517,-0.43945
4518,-0.49414
4519,-0.49805
4520,-0.49805
4521,-0.49805
4522,-0.49805
4523,-0.49805
4524,-0.49805
4525,-0.46875
4526,-0.37891
4527,-0.29492
4528,-0.21875
4529,-0.16016
4530,-0.11523
4531,-0.074219
4532,-0.048828
4533,-0.029297
4534,-0.019531
4535,-0.0097656
4536,-0.0039062
4537,0.0
4538,0.0
4539,0.0
4540,0.0
4541,0.0
4542,0.0
4543,0.0
4544,-0.0039062
4545,-0.0039062
4546,-0.0097656
4547,-0.0039062
4548,-0.0039062
4549,-0.0039062
4550,-0.0097656
4551,-0.0039062
4552,-0.0097656
4553,-0.013672
4554,-0.0097656
4555,-0.0097656
4556,-0.0097656
4557,-0.0097656
4558,-0.013672
4559,-0.0097656
4560,-0.013672
4561,-0.019531
4562,-0.019531
4563,-0.025391
4564,-0.025391
4565,-0.025391
4566,-0.019531
4567,-0.025391
4568,-0.029297
4569,-0.013672
4570,0.0
4571,0.0097656
4572,0.025391
4573,0.025391
4574,0.025391
4575,0.019531
4576,0.025391
4577,-0.0039062
4578,-0.070312
4579,0.070312
4580,0.56055
4581,1.0898
4582,1.5
4583,1.5
4584,1.2734
4585,1.0039
4586,0.75
4587,0.54492
4588,0.30078
4589,0.076172
4590,-0.070312
4591,-0.14844
4592,-0.17969
4593,-0.20508
4594,-0.20898
4595,-0.21484
4596,-0.21484
4597,-0.21875
4598,-0.21875
4599,-0.22461
4600,-0.22852
4601,-0.23438
4602,-0.24023
4603,-0.25
4604,-0.25977
4605,-0.27344
4606,-0.29883
4607,-0.33398
4608,-0.36914
4609,-0.41992
4610,-0.46875
4611,-0.49805
4612,-0.49805
4613,-0.49805
4614,-0.49805
4615,-0.49805
4616,-0.49805
4617,-0.47852
4618,-0.38867
4619,-0.30859
4620,-0.23438
4621,-0.16992
4622,-0.11523
4623,-0.080078
4624,-0.048828
4625,-0.029297
4626,-0.019531
4627,-0.0039062
4628,-0.0097656
4629,0.0
4630,0.0
4631,0.0
4632,0.0
4633,0.0
4634,0.0
4635,0.0
4636,0.0
4637,0.0
4638,0.0
4639,0.0
4640,-0.0039062
4641,0.0
4642,-0.0039062
4643,-0.0039062
4644,-0.0097656
4645,0.0
4646,0.0
4647,0.0
4648,-0.0039062
4649,-0.0097656
4650,-0.0097656
4651,-0.0039062
4652,-0.013672
4653,-0.0097656
4654,-0.019531
4655,-0.025391
4656,-0.025391
4657,-0.025391
4658,-0.025391
4659,-0.025391
4660,-0.029297
4661,-0.025391
4662,-0.0039062
4663,0.0
4664,0.019531
4665,0.019531
4666,0.025391
4667,0.025391
4668,0.025391
4669,0.0058594
4670,-0.039062
4671,-0.070312
4672,0.37109
4673,0.89453
4674,1.3887
4675,1.5
4676,1.375
4677,1.0996
4678,0.84375
4679,0.61914
4680,0.40039
4681,0.15625
4682,-0.019531
4683,-0.125
4684,-0.1543
4685,-0.18359
4686,-0.20898
4687,-0.21484
4688,-0.19922
4689,-0.21875
4690,-0.21484
4691,-0.20508
4692,-0.21484
4693,-0.21875
4694,-0.22852
4695,-0.23438
4696,-0.24414
4697,-0.25391
4698,-0.27344
4699,-0.31445
4700,-0.34375
4701,-0.37891
4702,-0.44922
4703,-0.49805
4704,-0.49805
4705,-0.49805
4706,-0.49805
4707,-0.49805
4708,-0.49805
4709,-0.49805
4710,-0.39844
4711,-0.31836
4712,-0.21875
4713,-0.1543
4714,-0.10938
4715,-0.054688
4716,-0.039062
4717,-0.0039062
4718,0.019531
4719,0.019531
4720,0.025391
4721,0.025391
4722,0.019531
4723,0.025391
4724,0.03125
4725,0.019531
4726,0.025391
4727,0.019531
4728,0.03125
4729,0.019531
4730,0.019531
4731,0.025391
4732,0.015625
4733,0.019531
4734,0.019531
4735,0.019531
4736,0.019531
4737,0.019531
4738,0.015625
4739,0.015625
4740,0.019531
4741,0.0097656
4742,0.015625
4743,0.0058594
4744,0.0
4745,0.0
4746,-0.0039062
4747,0.0
4748,-0.0097656
4749,0.0
4750,-0.013672
4751,-0.019531
4752,0.0
4753,0.0097656
4754,0.019531
4755,0.019531
4756,0.019531
4757,0.019531
4758,0.025391
4759,0.0058594
4760,-0.044922
4761,-0.080078
4762,0.375
4763,0.94531
4764,1.4648
4765,1.5
4766,1.4531
4767,1.1641
4768,0.88477
4769,0.65039
4770,0.41602
4771,0.15625
4772,-0.013672
4773,-0.13477
4774,-0.18359
4775,-0.22852
4776,-0.24414
4777,-0.25
4778,-0.25391
4779,-0.25
4780,-0.25977
4781,-0.25977
4782,-0.26367
4783,-0.25977
4784,-0.27344
4785,-0.28516
4786,-0.28516
4787,-0.30469
4788,-0.33008
4789,-0.35938
4790,-0.39844
4791,-0.44336
4792,-0.49414
4793,-0.49805
4794,-0.49805
4795,-0.49805
4796,-0.49805
4797,-0.49805
4798,-0.49805
4799,-0.49805
4800,-0.44336
4801,-0.34961
4802,-0.27344
4803,-0.20508
4804,-0.14844
4805,-0.099609
4806,-0.074219
4807,-0.048828
4808,-0.035156
4809,-0.025391
4810,-0.013672
4811,-0.0097656
4812,-0.0097656
4813,-0.013672
4814,-0.0097656
4815,-0.013672
4816,-0.013672
4817,-0.013672
4818,-0.013672
4819,-0.013672
4820,-0.013672
4821,-0.013672
4822,-0.0097656
4823,-0.0097656
4824,-0.0097656
4825,-0.0097656
4826,-0.0097656
4827,-0.013672
4828,-0.0097656
4829,-0.0039062
4830,-0.0097656
4831,-0.0039062
4832,-0.0097656
4833,-0.0039062
4834,-0.0097656
4835,-0.0039062
4836,-0.0097656
4837,-0.0039062
4838,-0.019531
4839,-0.019531
4840,-0.013672
4841,-0.025391
4842,-0.013672
4843,-0.025391
4844,-0.019531
4845,-0.0039062
4846,0.0058594
4847,0.019531
4848,0.025391
4849,0.019531
4850,0.025391
4851,0.019531
4852,0.0097656
4853,-0.039062
4854,-0.070312
4855,0.38086
4856,0.91406
4857,1.4043
4858,1.5
4859,1.375
4860,1.0996
4861,0.83398
4862,0.61914
4863,0.39062
4864,0.14453
4865,-0.029297
4866,-0.12891
4867,-0.16992
4868,-0.19922
4869,-0.20898
4870,-0.21484
4871,-0.21875
4872,-0.21875
4873,-0.22461
4874,-0.22852
4875,-0.23438
4876,-0.23438
4877,-0.24023
4878,-0.25
4879,-0.25977
4880,-0.2793
4881,-0.29883
4882,-0.31836
4883,-0.36328
4884,-0.4043
4885,-0.45898
4886,-0.49805
4887,-0.49805
4888,-0.49805
4889,-0.49805
4890,-0.49805
4891,-0.49805
4892,-0.49805
4893,-0.42969
4894,-0.33984
4895,-0.25977
4896,-0.19336
4897,-0.13477
4898,-0.09375
4899,-0.058594
4900,-0.044922
4901,-0.025391
4902,-0.019531
4903,-0.0097656
4904,0.0
4905,0.0
4906,0.0
4907,0.0
4908,0.0
4909,0.0
4910,-0.0039062
4911,0.0
4912,0.0
4913,-0.0039062
4914,0.0
4915,0.0
4916,-0.0039062
4917,-0.0097656
4918,-0.0039062
4919,-0.0039062
4920,0.0
4921,0.0
4922,0.0
4923,0.0
4924,0.0
4925,-0.0039062
4926,-0.0039062
4927,-0.0097656
4928,-0.0097656
4929,-0.0097656
4930,-0.019531
4931,-0.025391
4932,-0.019531
4933,-0.025391
4934,-0.019531
4935,-0.025391
4936,-0.019531
4937,0.0
4938,0.0058594
4939,0.019531
4940,0.025391
4941,0.025391
4942,0.019531
4943,0.03125
4944,0.0097656
4945,-0.039062
4946,-0.070312
4947,0.3457
4948,0.87891
4949,1.3789
4950,1.5
4951,1.3848
4952,1.1094
4953,0.84961
4954,0.62891
4955,0.4043
4956,0.15625
4957,-0.013672
4958,-0.11914
4959,-0.16406
4960,-0.19336
4961,-0.20898
4962,-0.21484
4963,-0.21875
4964,-0.21484
4965,-0.21875
4966,-0.22461
4967,-0.23438
4968,-0.23438
4969,-0.24023
4970,-0.24414
4971,-0.25977
4972,-0.26953
4973,-0.28516
4974,-0.31445
4975,-0.35352
4976,-0.39453
4977,-0.45898
4978,-0.49805
4979,-0.49805
4980,-0.49805
4981,-0.49805
4982,-0.49805
4983,-0.49805
4984,-0.49805
4985,-0.41406
4986,-0.33008
4987,-0.25
4988,-0.17969
4989,-0.11914
4990,-0.074219
4991,-0.044922
4992,-0.019531
4993,0.0058594
4994,0.0097656
4995,0.0058594
4996,0.015625
4997,0.035156
4998,0.044922
4999,0.019531
5000,0.03125
5001,0.019531
5002,0.03125
5003,0.035156
5004,0.015625
5005,0.035156
5006,0.025391
5007,0.019531
5008,0.03125
5009,0.019531
5010,0.041016
5011,0.025391
5012,0.019531
5013,0.025391
5014,0.035156
5015,0.019531
5016,0.019531
5017,0.019531
5018,0.019531
5019,0.019531
5020,0.041016
5021,0.0
5022,0.0058594
5023,0.0097656
5024,0.015625
5025,0.0
5026,-0.0039062
5027,0.0058594
5028,0.019531
5029,0.025391
5030,0.041016
5031,0.044922
5032,0.044922
5033,0.041016
5034,0.035156
5035,0.019531
5036,-0.035156
5037,-0.070312
5038,0.38477
5039,1.0
5040,1.5
5041,1.5
5042,1.5
5043,1.2246
5044,0.91406
5045,0.66992
5046,0.42578
5047,0.16602
5048,-0.013672
5049,-0.12891
5050,-0.18945
5051,-0.23438
5052,-0.25
5053,-0.25977
5054,-0.25391
5055,-0.25977
5056,-0.26367
5057,-0.26953
5058,-0.27344
5059,-0.2793
5060,-0.28516
5061,-0.29492
5062,-0.30469
5063,-0.31836
5064,-0.33398
5065,-0.375
5066,-0.4082
5067,-0.45312
5068,-0.49805
5069,-0.49805
5070,-0.49805
5071,-0.49805
5072,-0.49805
5073,-0.49805
5074,-0.49805
5075,-0.49805
5076,-0.45898
5077,-0.36914
5078,-0.28516
5079,-0.21484
5080,-0.1543
5081,-0.10938
5082,-0.074219
5083,-0.054688
5084,-0.035156
5085,-0.025391
5086,-0.025391
5087,-0.013672
5088,-0.0097656
5089,-0.0097656
5090,-0.0097656
5091,-0.0097656
5092,-0.013672
5093,-0.013672
5094,-0.013672
5095,-0.013672
5096,-0.013672
5097,-0.019531
5098,-0.0097656
5099,-0.013672
5100,-0.0097656
5101,-0.0097656
5102,-0.0097656
5103,-0.0097656
5104,-0.0097656
5105,-0.0097656
5106,-0.0097656
5107,-0.0039062
5108,-0.0039062
5109,-0.0039062
5110,-0.0039062
5111,-0.0097656
5112,-0.0039062
5113,-0.0097656
5114,-0.013672
5115,-0.013672
5116,-0.0097656
5117,-0.0097656
5118,-0.013672
5119,-0.013672
5120,-0.025391
5121,-0.019531
5122,0.0
5123,0.0058594
5124,0.019531
5125,0.03125
5126,0.035156
5127,0.041016
5128,0.025391
5129,0.019531
5130,-0.013672
5131,-0.058594
5132,0.2207
5133,0.74414
5134,1.2695
5135,1.5
5136,1.4531
5137,1.1934
5138,0.92383
5139,0.68945
5140,0.48047
5141,0.2207
5142,0.025391
5143,-0.099609
5144,-0.16406
5145,-0.18945
5146,-0.20898
5147,-0.21484
5148,-0.21875
5149,-0.21875
5150,-0.22461
5151,-0.22461
5152,-0.23438
5153,-0.22852
5154,-0.23438
5155,-0.24023
5156,-0.25391
5157,-0.25977
5158,-0.28516
5159,-0.30469
5160,-0.33984
5161,-0.38477
5162,-0.43359
5163,-0.48828
5164,-0.49805
5165,-0.49805
5166,-0.49805
5167,-0.49805
5168,-0.49805
5169,-0.49805
5170,-0.45312
5171,-0.36914
5172,-0.2793
5173,-0.20898
5174,-0.14453
5175,-0.10938
5176,-0.070312
5177,-0.048828
5178,-0.025391
5179,-0.013672
5180,-0.0097656
5181,0.0
5182,0.0
5183,0.0058594
5184,0.0
5185,0.0
5186,0.0
5187,0.0058594
5188,0.0
5189,0.0097656
5190,0.0
5191,0.0
5192,0.0
5193,0.0
5194,0.0
5195,0.0
5196,0.0
5197,0.0
5198,0.0
5199,0.0
5200,-0.0039062
5201,-0.0039062
5202,-0.0039062
5203,-0.0097656
5204,-0.0097656
5205,-0.013672
5206,-0.013672
5207,-0.019531
5208,-0.019531
5209,-0.013672
5210,-0.025391
5211,-0.019531
5212,-0.025391
5213,-0.019531
5214,0.0
5215,0.015625
5216,0.03125
5217,0.03125
5218,0.03125
5219,0.025391
5220,0.035156
5221,0.015625
5222,-0.035156
5223,-0.064453
5224,0.35547
5225,0.88477
5226,1.3789
5227,1.5
5228,1.3848
5229,1.1152
5230,0.85547
5231,0.63477
5232,0.41602
5233,0.16992
5234,-0.0097656
5235,-0.11914
5236,-0.16406
5237,-0.18945
5238,-0.19922
5239,-0.20898
5240,-0.21484
5241,-0.21484
5242,-0.21875
5243,-0.21875
5244,-0.22852
5245,-0.22852
5246,-0.23438
5247,-0.24414
5248,-0.25391
5249,-0.26367
5250,-0.28906
5251,-0.30859
5252,-0.34961
5253,-0.39453
5254,-0.45312
5255,-0.49805
5256,-0.49805
5257,-0.49805
5258,-0.49805
5259,-0.49805
5260,-0.49805
5261,-0.49805
5262,-0.41992
5263,-0.33984
5264,-0.25
5265,-0.18945
5266,-0.125
5267,-0.089844
5268,-0.044922
5269,-0.025391
5270,-0.019531
5271,0.0
5272,0.0097656
5273,0.0
5274,0.0058594
5275,0.0097656
5276,0.0
5277,0.015625
5278,0.0058594
5279,0.019531
5280,0.019531
5281,0.019531
5282,0.0097656
5283,0.0097656
5284,0.015625
5285,0.019531
5286,0.025391
5287,0.035156
5288,0.015625
5289,0.03125
5290,0.03125
5291,0.019531
5292,0.041016
5293,0.035156
5294,0.025391
5295,0.025391
5296,0.03125
5297,0.041016
5298,0.019531
5299,0.041016
5300,0.03125
5301,0.015625
5302,0.019531
5303,0.015625
5304,0.0097656
5305,0.035156
5306,0.044922
5307,0.050781
5308,0.044922
5309,0.054688
5310,0.044922
5311,0.076172
5312,0.050781
5313,0.041016
5314,-0.013672
5315,-0.039062
5316,0.47461
5317,1.0898
5318,1.5
5319,1.5
5320,1.5
5321,1.2344
5322,0.92383
5323,0.66992
5324,0.41016
5325,0.15625
5326,-0.019531
5327,-0.12891
5328,-0.18359
5329,-0.21875
5330,-0.23438
5331,-0.24414
5332,-0.24414
5333,-0.24414
5334,-0.25391
5335,-0.25977
5336,-0.25977
5337,-0.25977
5338,-0.26953
5339,-0.2793
5340,-0.28906
5341,-0.30469
5342,-0.33398
5343,-0.35938
5344,-0.39453
5345,-0.44922
5346,-0.49805
5347,-0.49805
5348,-0.49805
5349,-0.49805
5350,-0.49805
5351,-0.49805
5352,-0.49805
5353,-0.49805
5354,-0.45898
5355,-0.36914
5356,-0.2793
5357,-0.20508
5358,-0.14844
5359,-0.099609
5360,-0.074219
5361,-0.048828
5362,-0.035156
5363,-0.029297
5364,-0.025391
5365,-0.025391
5366,-0.019531
5367,-0.025391
5368,-0.025391
5369,-0.025391
5370,-0.019531
5371,-0.019531
5372,-0.025391
5373,-0.025391
5374,-0.025391
5375,-0.019531
5376,-0.019531
5377,-0.025391
5378,-0.025391
5379,-0.019531
5380,-0.019531
5381,-0.013672
5382,-0.019531
5383,-0.019531
5384,-0.013672
5385,-0.013672
5386,-0.013672
5387,-0.0097656
5388,-0.013672
5389,-0.0097656
5390,-0.019531
5391,-0.013672
5392,-0.019531
5393,-0.025391
5394,-0.025391
5395,-0.025391
5396,-0.025391
5397,-0.029297
5398,-0.025391
5399,-0.035156
5400,-0.025391
5401,-0.0097656
5402,0.0
5403,0.019531
5404,0.019531
5405,0.019531
5406,0.015625
5407,0.015625
5408,0.0
5409,-0.058594
5410,-0.074219
5411,0.43555
5412,0.96875
5413,1.4492
5414,1.5
5415,1.3535
5416,1.0801
5417,0.81055
5418,0.59961
5419,0.35938
5420,0.12109
5421,-0.044922
5422,-0.13867
5423,-0.17969
5424,-0.20898
5425,-0.21875
5426,-0.22461
5427,-0.22461
5428,-0.22852
5429,-0.23438
5430,-0.22852
5431,-0.24023
5432,-0.24023
5433,-0.25
5434,-0.25391
5435,-0.26367
5436,-0.2793
5437,-0.29883
5438,-0.33008
5439,-0.35938
5440,-0.4082
5441,-0.45898
5442,-0.49805
5443,-0.49805
5444,-0.49805
5445,-0.49805
5446,-0.49805
5447,-0.49805
5448,-0.49805
5449,-0.42969
5450,-0.34375
5451,-0.25977
5452,-0.19336
5453,-0.13867
5454,-0.099609
5455,-0.064453
5456,-0.039062
5457,-0.025391
5458,-0.019531
5459,-0.013672
5460,-0.0097656
5461,-0.0097656
5462,-0.0039062
5463,0.0
5464,-0.0039062
5465,-0.0097656
5466,-0.0039062
5467,-0.0097656
5468,-0.0039062
5469,-0.0097656
5470,-0.0039062
5471,-0.0097656
5472,-0.0039062
5473,-0.0097656
5474,-0.0039062
5475,-0.0097656
5476,-0.0097656
5477,-0.0097656
5478,-0.0039062
5479,-0.0039062
5480,-0.0039062
5481,-0.0097656
5482,-0.0039062
5483,-0.0039062
5484,-0.0039062
5485,-0.013672
5486,-0.019531
5487,-0.025391
5488,-0.025391
5489,-0.025391
5490,-0.025391
5491,-0.035156
5492,-0.025391
5493,-0.0097656
5494,0.0058594
5495,0.015625
5496,0.019531
5497,0.025391
5498,0.019531
5499,0.019531
5500,0.0058594
5501,-0.048828
5502,-0.074219
5503,0.41016
5504,0.94531
5505,1.4238
5506,1.5
5507,1.3535
5508,1.0801
5509,0.81445
5510,0.60547
5511,0.38086
5512,0.13086
5513,-0.039062
5514,-0.13477
5515,-0.16992
5516,-0.19922
5517,-0.20898
5518,-0.21484
5519,-0.21875
5520,-0.22461
5521,-0.22461
5522,-0.23438
5523,-0.23438
5524,-0.23438
5525,-0.25
5526,-0.25391
5527,-0.26367
5528,-0.2793
5529,-0.29883
5530,-0.33008
5531,-0.36328
5532,-0.4082
5533,-0.46484
5534,-0.49805
5535,-0.49805
5536,-0.49805
5537,-0.49805
5538,-0.49805
5539,-0.49805
5540,-0.49805
5541,-0.41992
5542,-0.33398
5543,-0.25391
5544,-0.18945
5545,-0.13477
5546,-0.09375
5547,-0.058594
5548,-0.035156
5549,-0.013672
5550,-0.0097656
5551,0.0
5552,0.0
5553,0.0
5554,-0.0039062
5555,0.0
5556,-0.0097656
5557,-0.0039062
5558,-0.0097656
5559,-0.0039062
5560,0.0
5561,0.0
5562,0.0
5563,-0.0039062
5564,-0.0039062
5565,-0.0097656
5566,-0.0039062
5567,-0.0097656
5568,-0.0039062
5569,-0.0097656
5570,0.0
5571,0.0
5572,0.0
5573,-0.0039062
5574,-0.0039062
5575,-0.0097656
5576,-0.013672
5577,-0.0097656
5578,-0.019531
5579,-0.025391
5580,-0.019531
5581,-0.025391
5582,-0.025391
5583,-0.019531
5584,-0.0039062
5585,0.0058594
5586,0.0
5587,0.03125
5588,0.041016
5589,0.025391
5590,0.041016
5591,0.035156
5592,0.015625
5593,-0.044922
5594,0.050781
5595,0.5
5596,1.0547
5597,1.5
5598,1.5
5599,1.3594
5600,1.0996
5601,0.83008
5602,0.60938
5603,0.35938
5604,0.12109
5605,-0.039062
5606,-0.11523
5607,-0.14453
5608,-0.18359
5609,-0.20508
5610,-0.19336
5611,-0.20508
5612,-0.19336
5613,-0.21484
5614,-0.20898
5615,-0.20508
5616,-0.23438
5617,-0.22461
5618,-0.21875
5619,-0.25
5620,-0.27344
5621,-0.28906
5622,-0.32422
5623,-0.36914
5624,-0.41992
5625,-0.46875
5626,-0.49805
5627,-0.49805
5628,-0.49805
5629,-0.49805
5630,-0.49805
5631,-0.49805
5632,-0.48438
5633,-0.39844
5634,-0.29883
5635,-0.22461
5636,-0.1543
5637,-0.10352
5638,-0.054688
5639,-0.025391
5640,-0.013672
5641,0.0
5642,0.0097656
5643,0.015625
5644,0.019531
5645,0.019531
5646,0.015625
5647,0.015625
5648,0.019531
5649,0.015625
5650,0.015625
5651,0.0097656
5652,0.0097656
5653,0.0058594
5654,0.0
5655,0.0
5656,0.0
5657,0.0
5658,0.0
5659,0.0
5660,0.0
5661,0.0
5662,0.0
5663,0.0
5664,-0.0039062
5665,-0.0097656
5666,-0.0097656
5667,-0.013672
5668,-0.025391
5669,-0.025391
5670,-0.025391
5671,-0.029297
5672,-0.025391
5673,-0.035156
5674,-0.039062
5675,-0.025391
5676,-0.0097656
5677,0.0
5678,0.0097656
5679,0.015625
5680,0.019531
5681,0.015625
5682,0.0097656
5683,-0.019531
5684,-0.080078
5685,0.080078
5686,0.59961
5687,1.1543
5688,1.5
5689,1.5
5690,1.3086
5691,1.0254
5692,0.75977
5693,0.55078
5694,0.30469
5695,0.076172
5696,-0.064453
5697,-0.16016
5698,-0.20508
5699,-0.22852
5700,-0.23438
5701,-0.24414
5702,-0.24414
5703,-0.25
5704,-0.24414
5705,-0.25
5706,-0.25391
5707,-0.25977
5708,-0.26367
5709,-0.26953
5710,-0.28516
5711,-0.30469
5712,-0.32422
5713,-0.35938
5714,-0.39844
5715,-0.44336
5716,-0.49805
5717,-0.49805
5718,-0.49805
5719,-0.49805
5720,-0.49805
5721,-0.49805
5722,-0.49805
5723,-0.48438
5724,-0.39453
5725,-0.30469
5726,-0.22852
5727,-0.16406
5728,-0.11523
5729,-0.080078
5730,-0.048828
5731,-0.029297
5732,-0.019531
5733,-0.0097656
5734,0.0
5735,0.0
5736,0.0
5737,0.0
5738,-0.0039062
5739,0.0
5740,-0.0039062
5741,-0.0039062
5742,-0.0039062
5743,-0.0097656
5744,-0.013672
5745,-0.0097656
5746,-0.0097656
5747,-0.0039062
5748,-0.0039062
5749,0.0
5750,0.0
5751,0.0
5752,-0.0039062
5753,0.0
5754,0.0
5755,0.0
5756,-0.0039062
5757,0.0
5758,0.0
5759,0.0
5760,-0.013672
5761,-0.013672
5762,-0.025391
5763,-0.025391
5764,-0.019531
5765,-0.025391
5766,-0.029297
5767,-0.025391
5768,-0.0039062
5769,0.0
5770,0.019531
5771,0.025391
5772,0.025391
5773,0.025391
5774,0.03125
5775,0.019531
5776,-0.013672
5777,-0.070312
5778,0.18555
5779,0.69922
5780,1.2246
5781,1.5
5782,1.4746
5783,1.2148
5784,0.94922
5785,0.69922
5786,0.49023
5787,0.24609
5788,0.035156
5789,-0.09375
5790,-0.16016
5791,-0.18945
5792,-0.20898
5793,-0.21484
5794,-0.21875
5795,-0.21875
5796,-0.22461
5797,-0.21875
5798,-0.23438
5799,-0.22852
5800,-0.23438
5801,-0.24023
5802,-0.25391
5803,-0.26367
5804,-0.28516
5805,-0.30859
5806,-0.34375
5807,-0.37891
5808,-0.43359
5809,-0.48828
5810,-0.49805
5811,-0.49805
5812,-0.49805
5813,-0.49805
5814,-0.49805
5815,-0.49805
5816,-0.45312
5817,-0.36328
5818,-0.2793
5819,-0.20898
5820,-0.1543
5821,-0.10352
5822,-0.070312
5823,-0.044922
5824,-0.025391
5825,-0.013672
5826,0.0
5827,0.0
5828,0.0
5829,0.0058594
5830,0.0
5831,0.0
5832,0.0
5833,0.0
5834,0.0
5835,0.0
5836,0.0
5837,0.0
5838,0.0
5839,0.0
5840,0.0
5841,-0.0039062
5842,-0.0039062
5843,0.0
5844,0.0
5845,-0.0039062
5846,0.0
5847,-0.0039062
5848,0.0
5849,0.0
5850,-0.0039062
5851,-0.0039062
5852,-0.013672
5853,-0.013672
5854,-0.025391
5855,-0.019531
5856,-0.025391
5857,-0.019531
5858,-0.025391
5859,-0.025391
5860,-0.0097656
5861,0.0
5862,0.019531
5863,0.025391
5864,0.025391
5865,0.025391
5866,0.03125
5867,0.025391
5868,-0.0097656
5869,-0.074219
5870,0.125
5871,0.62891
5872,1.1738
5873,1.5
5874,1.498
5875,1.2441
5876,0.98047
5877,0.72461
5878,0.51953
5879,0.26953
5880,0.060547
5881,-0.074219
5882,-0.14453
5883,-0.17383
5884,-0.19336
5885,-0.18945
5886,-0.21875
5887,-0.21484
5888,-0.21875
5889,-0.21484
5890,-0.22852
5891,-0.22461
5892,-0.23438
5893,-0.22852
5894,-0.25
5895,-0.26953
5896,-0.25977
5897,-0.29883
5898,-0.33398
5899,-0.375
5900,-0.4082
5901,-0.47461
5902,-0.49805
5903,-0.49805
5904,-0.49805
5905,-0.49805
5906,-0.49805
5907,-0.49805
5908,-0.45898
5909,-0.35938
5910,-0.27344
5911,-0.18945
5912,-0.125
5913,-0.074219
5914,-0.048828
5915,-0.013672
5916,0.015625
5917,0.0097656
5918,0.03125
5919,0.041016
5920,0.025391
5921,0.044922
5922,0.03125
5923,0.019531
5924,0.044922
5925,0.025391
5926,0.025391
5927,0.03125
5928,0.041016
5929,0.019531
5930,0.025391
5931,0.019531
5932,0.019531
5933,0.019531
5934,0.025391
5935,0.015625
5936,0.019531
5937,0.015625
5938,0.025391
5939,0.019531
5940,0.019531
5941,0.015625
5942,0.0097656
5943,0.0097656
5944,0.0058594
5945,0.0058594
5946,0.0
5947,0.0
5948,-0.0039062
5949,-0.013672
5950,0.0
5951,0.0058594
5952,0.019531
5953,0.035156
5954,0.025391
5955,0.025391
5956,0.025391
5957,0.025391
5958,0.0058594
5959,-0.058594
5960,-0.064453
5961,0.5293
5962,1.1152
5963,1.5
5964,1.5
5965,1.4043
5966,1.1094
5967,0.82422
5968,0.5957
5969,0.3457
5970,0.11133
5971,-0.048828
5972,-0.14844
5973,-0.19922
5974,-0.23438
5975,-0.25
5976,-0.25391
5977,-0.25391
5978,-0.25977
5979,-0.25977
5980,-0.26367
5981,-0.26953
5982,-0.26953
5983,-0.2793
5984,-0.28906
5985,-0.30469
5986,-0.31836
5987,-0.33984
5988,-0.375
5989,-0.41406
5990,-0.46484
5991,-0.49805
5992,-0.49805
5993,-0.49805
5994,-0.49805
5995,-0.49805
5996,-0.49805
5997,-0.49805
5998,-0.49805
5999,-0.42969
6000,-0.33984
6001,-0.25391
6002,-0.19336
6003,-0.13867
6004,-0.099609
6005,-0.070312
6006,-0.048828
6007,-0.039062
6008,-0.029297
6009,-0.025391
6010,-0.025391
6011,-0.019531
6012,-0.025391
6013,-0.019531
6014,-0.019531
6015,-0.025391
6016,-0.019531
6017,-0.025391
6018,-0.019531
6019,-0.019531
6020,-0.025391
6021,-0.025391
6022,-0.019531
6023,-0.019531
6024,-0.013672
6025,-0.013672
6026,-0.013672
6027,-0.013672
6028,-0.013672
6029,-0.013672
6030,-0.0097656
6031,-0.0097656
6032,-0.0097656
6033,-0.013672
6034,-0.0097656
6035,-0.019531
6036,-0.013672
6037,-0.025391
6038,-0.025391
6039,-0.025391
6040,-0.025391
6041,-0.025391
6042,-0.029297
6043,-0.025391
6044,-0.0097656
6045,0.0
6046,0.0097656
6047,0.019531
6048,0.019531
6049,0.019531
6050,0.019531
6051,0.0097656
6052,-0.035156
6053,-0.070312
6054,0.25977
6055,0.78906
6056,1.2988
6057,1.5
6058,1.4238
6059,1.1602
6060,0.89453
6061,0.66016
6062,0.44531
6063,0.18945
6064,0.0
6065,-0.11523
6066,-0.16992
6067,-0.20508
6068,-0.21875
6069,-0.22461
6070,-0.22461
6071,-0.22852
6072,-0.23438
6073,-0.23438
6074,-0.23438
6075,-0.23438
6076,-0.24414
6077,-0.25
6078,-0.25977
6079,-0.2793
6080,-0.29883
6081,-0.31836
6082,-0.35352
6083,-0.39453
6084,-0.44336
6085,-0.49805
6086,-0.49805
6087,-0.49805
6088,-0.49805
6089,-0.49805
6090,-0.49805
6091,-0.49805
6092,-0.45312
6093,-0.36328
6094,-0.2793
6095,-0.20898
6096,-0.16016
6097,-0.10352
6098,-0.074219
6099,-0.048828
6100,-0.029297
6101,-0.019531
6102,-0.0097656
6103,-0.0039062
6104,-0.0039062
6105,0.0
6106,0.0
6107,0.0
6108,-0.0039062
6109,-0.0039062
6110,-0.0097656
6111,-0.0039062
6112,-0.0039062
6113,-0.0097656
6114,0.0
6115,-0.0097656
6116,-0.0097656
6117,-0.0097656
6118,-0.0039062
6119,-0.0039062
6120,0.0
6121,-0.0039062
6122,-0.0097656
6123,-0.0039062
6124,-0.0039062
6125,-0.0097656
6126,-0.0097656
6127,-0.0097656
6128,-0.013672
6129,-0.025391
6130,-0.025391
6131,-0.019531
6132,-0.025391
6133,-0.019531
6134,-0.035156
6135,-0.025391
6136,-0.0097656
6137,0.0058594
6138,0.019531
6139,0.019531
6140,0.019531
6141,0.019531
6142,0.025391
6143,0.0097656
6144,-0.044922
6145,-0.064453
6146,0.42578
6147,0.95508
6148,1.4336
6149,1.5
6150,1.3594
6151,1.084
6152,0.81445
6153,0.60938
6154,0.375
6155,0.13477
6156,-0.029297
6157,-0.12891
6158,-0.16992
6159,-0.19336
6160,-0.20898
6161,-0.21484
6162,-0.21484
6163,-0.21484
6164,-0.22461
6165,-0.22852
6166,-0.23438
6167,-0.23438
6168,-0.24023
6169,-0.25391
6170,-0.25977
6171,-0.27344
6172,-0.29492
6173,-0.32422
6174,-0.35938
6175,-0.4082
6176,-0.45898
6177,-0.49805
6178,-0.49805
6179,-0.49805
6180,-0.49805
6181,-0.49805
6182,-0.49805
6183,-0.49805
6184,-0.41406
6185,-0.32422
6186,-0.24414
6187,-0.17969
6188,-0.125
6189,-0.080078
6190,-0.048828
6191,-0.035156
6192,-0.013672
6193,0.0
6194,-0.0039062
6195,0.0097656
6196,0.0058594
6197,0.0
6198,0.015625
6199,0.0
6200,0.015625
6201,0.0058594
6202,0.0097656
6203,0.015625
6204,0.0058594
6205,0.0
6206,0.015625
6207,0.025391
6208,0.019531
6209,0.015625
6210,0.015625
6211,0.015625
6212,0.041016
6213,0.015625
6214,0.025391
6215,0.035156
6216,0.025391
6217,0.035156
6218,0.015625
6219,0.015625
6220,0.03125
6221,0.041016
6222,0.025391
6223,0.0097656
6224,0.0058594
6225,0.03125
6226,0.0097656
6227,0.041016
6228,0.050781
6229,0.041016
6230,0.044922
6231,0.060547
6232,0.050781
6233,0.060547
6234,0.064453
6235,0.041016
6236,-0.025391
6237,-0.039062
6238,0.49023
6239,1.1094
6240,1.5
6241,1.5
6242,1.5
6243,1.209
6244,0.9043
6245,0.66016
6246,0.4043
6247,0.14453
6248,-0.019531
6249,-0.13477
6250,-0.18359
6251,-0.21875
6252,-0.23438
6253,-0.22852
6254,-0.23438
6255,-0.24023
6256,-0.24414
6257,-0.25
6258,-0.25
6259,-0.25
6260,-0.25977
6261,-0.26953
6262,-0.28516
6263,-0.29883
6264,-0.32422
6265,-0.35938
6266,-0.39453
6267,-0.44922
6268,-0.49805
6269,-0.49805
6270,-0.49805
6271,-0.49805
6272,-0.49805
6273,-0.49805
6274,-0.49805
6275,-0.49805
6276,-0.44336
6277,-0.35938
6278,-0.26953
6279,-0.20508
6280,-0.13867
6281,-0.099609
6282,-0.070312
6283,-0.048828
6284,-0.029297
6285,-0.025391
6286,-0.013672
6287,-0.0097656
6288,-0.0097656
6289,-0.013672
6290,-0.013672
6291,-0.013672
6292,-0.013672
6293,-0.013672
6294,-0.019531
6295,-0.019531
6296,-0.019531
6297,-0.013672
6298,-0.019531
6299,-0.0097656
6300,-0.013672
6301,-0.0097656
6302,-0.0097656
6303,-0.0039062
6304,-0.0097656
6305,-0.0097656
6306,-0.013672
6307,-0.0097656
6308,-0.0039062
6309,-0.0039062
6310,-0.0097656
6311,-0.0097656
6312,-0.013672
6313,-0.0097656
6314,-0.0039062
6315,-0.025391
6316,-0.025391
6317,-0.025391
6318,-0.025391
6319,-0.025391
6320,-0.035156
6321,-0.039062
6322,-0.019531
6323,-0.0039062
6324,0.0058594
6325,0.015625
6326,0.019531
6327,0.019531
6328,0.019531
6329,0.015625
6330,-0.025391
6331,-0.070312
6332,0.19531
6333,0.7207
6334,1.2441
6335,1.5
6336,1.4746
6337,1.209
6338,0.94531
6339,0.69531
6340,0.48438
6341,0.23438
6342,0.035156
6343,-0.089844
6344,-0.16016
6345,-0.18945
6346,-0.20898
6347,-0.21484
6348,-0.21875
6349,-0.21484
6350,-0.22461
6351,-0.22461
6352,-0.22852
6353,-0.23438
6354,-0.23438
6355,-0.24414
6356,-0.25977
6357,-0.26953
6358,-0.28906
6359,-0.30469
6360,-0.33984
6361,-0.37891
6362,-0.43359
6363,-0.48438
6364,-0.49805
6365,-0.49805
6366,-0.49805
6367,-0.49805
6368,-0.49805
6369,-0.49805
6370,-0.45898
6371,-0.375
6372,-0.28906
6373,-0.21875
6374,-0.1543
6375,-0.10352
6376,-0.070312
6377,-0.044922
6378,-0.025391
6379,-0.013672
6380,-0.0097656
6381,-0.0039062
6382,0.0
6383,0.0058594
6384,0.0058594
6385,0.0058594
6386,0.0058594
6387,0.0
6388,0.0
6389,0.0
6390,0.0
6391,0.0
6392,-0.0039062
6393,0.0
6394,0.0
6395,0.0
6396,-0.0039062
6397,0.0
6398,0.0
6399,-0.0039062
6400,0.0
6401,0.0
6402,-0.0039062
6403,0.0
6404,-0.0039062
6405,-0.0039062
6406,-0.013672
6407,-0.0097656
6408,-0.025391
6409,-0.013672
6410,-0.025391
6411,-0.019531
6412,-0.029297
6413,-0.019531
6414,-0.0039062
6415,0.0058594
6416,0.019531
6417,0.025391
6418,0.03125
6419,0.025391
6420,0.025391
6421,0.019531
6422,-0.029297
6423,-0.058594
6424,0.27539
6425,0.79883
6426,1.3184
6427,1.5
6428,1.4336
6429,1.1602
6430,0.90039
6431,0.66406
6432,0.44922
6433,0.19531
6434,0.0058594
6435,-0.10938
6436,-0.16406
6437,-0.19336
6438,-0.20898
6439,-0.21484
6440,-0.21484
6441,-0.21484
6442,-0.21875
6443,-0.22461
6444,-0.22852
6445,-0.23438
6446,-0.23438
6447,-0.24414
6448,-0.25391
6449,-0.26367
6450,-0.28906
6451,-0.31445
6452,-0.34961
6453,-0.38867
6454,-0.44336
6455,-0.49805
6456,-0.49805
6457,-0.49805
6458,-0.49805
6459,-0.49805
6460,-0.49805
6461,-0.49805
6462,-0.43945
6463,-0.34961
6464,-0.26953
6465,-0.19922
6466,-0.14453
6467,-0.09375
6468,-0.058594
6469,-0.039062
6470,-0.019531
6471,-0.0097656
6472,0.0
6473,0.0058594
6474,0.0058594
6475,0.0
6476,0.0
6477,0.0
6478,0.0058594
6479,0.0058594
6480,0.0097656
6481,0.0058594
6482,0.0
6483,0.0
6484,0.0
6485,-0.0039062
6486,0.0
6487,0.0
6488,0.0058594
6489,0.0
6490,0.0
6491,-0.0039062
6492,-0.0039062
6493,0.0
6494,0.0
6495,-0.0039062
6496,-0.0039062
6497,0.0
6498,-0.0039062
6499,-0.0097656
6500,-0.013672
6501,-0.013672
6502,-0.019531
6503,-0.013672
6504,-0.025391
6505,-0.013672
6506,0.0058594
6507,0.015625
6508,0.025391
6509,0.03125
6510,0.041016
6511,0.025391
6512,0.035156
6513,0.015625
6514,-0.019531
6515,-0.044922
6516,0.32031
6517,0.85547
6518,1.375
6519,1.5
6520,1.4492
6521,1.1797
6522,0.9043
6523,0.67969
6524,0.43945
6525,0.19531
6526,0.0097656
6527,-0.083984
6528,-0.13477
6529,-0.16992
6530,-0.19336
6531,-0.17969
6532,-0.20508
6533,-0.20898
6534,-0.20508
6535,-0.18359
6536,-0.21875
6537,-0.20508
6538,-0.22461
6539,-0.22461
6540,-0.24023
6541,-0.26367
6542,-0.26953
6543,-0.30469
6544,-0.34961
6545,-0.38867
6546,-0.44336
6547,-0.49805
6548,-0.49805
6549,-0.49805
6550,-0.49805
6551,-0.49805
6552,-0.49805
6553,-0.49805
6554,-0.42383
6555,-0.31836
6556,-0.24023
6557,-0.16992
6558,-0.10938
6559,-0.058594
6560,-0.029297
6561,-0.0097656
6562,0.0058594
6563,0.015625
6564,0.019531
6565,0.025391
6566,0.019531
6567,0.025391
6568,0.03125
6569,0.019531
6570,0.019531
6571,0.019531
6572,0.019531
6573,0.019531
6574,0.015625
6575,0.0097656
6576,0.0058594
6577,0.0
6578,0.0058594
6579,0.0058594
6580,0.0
6581,0.0058594
6582,0.0058594
6583,0.0
6584,0.0
6585,-0.0039062
6586,0.0
6587,0.0
6588,-0.0039062
6589,-0.0097656
6590,-0.013672
6591,-0.019531
6592,-0.019531
6593,-0.013672
6594,-0.019531
6595,-0.025391
6596,-0.0097656
6597,0.0
6598,0.0097656
6599,0.019531
6600,0.015625
6601,0.019531
6602,0.015625
6603,0.019531
6604,-0.019531
6605,-0.080078
6606,0.10547
6607,0.62891
6608,1.1934
6609,1.5
6610,1.5
6611,1.2988
6612,1.0098
6613,0.74023
6614,0.51953
6615,0.2793
6616,0.060547
6617,-0.080078
6618,-0.16406
6619,-0.20898
6620,-0.23438
6621,-0.23438
6622,-0.24414
6623,-0.24414
6624,-0.25
6625,-0.25391
6626,-0.25977
6627,-0.26367
6628,-0.26953
6629,-0.2793
6630,-0.28516
6631,-0.30469
6632,-0.31836
6633,-0.34375
6634,-0.375
6635,-0.41992
6636,-0.46484
6637,-0.49805
6638,-0.49805
6639,-0.49805
6640,-0.49805
6641,-0.49805
6642,-0.49805
6643,-0.49805
6644,-0.48828
6645,-0.39844
6646,-0.30859
6647,-0.23438
6648,-0.17383
6649,-0.11914
6650,-0.083984
6651,-0.054688
6652,-0.035156
6653,-0.019531
6654,-0.013672
6655,-0.0039062
6656,-0.0097656
6657,-0.0039062
6658,-0.0097656
6659,-0.0039062
6660,-0.013672
6661,-0.0097656
6662,-0.013672
6663,-0.0097656
6664,-0.0097656
6665,-0.0097656
6666,-0.0097656
6667,-0.0097656
6668,-0.0097656
6669,-0.0039062
6670,-0.0097656
6671,-0.0039062
6672,-0.0039062
6673,-0.0039062
6674,0.0
6675,0.0
6676,0.0
6677,-0.0097656
6678,-0.0039062
6679,-0.0097656
6680,-0.0039062
6681,-0.013672
6682,-0.0097656
6683,-0.025391
6684,-0.019531
6685,-0.025391
6686,-0.013672
6687,-0.025391
6688,-0.025391
6689,-0.013672
6690,0.0
6691,0.019531
6692,0.019531
6693,0.019531
6694,0.025391
6695,0.019531
6696,0.019531
6697,-0.013672
6698,-0.070312
6699,0.14453
6700,0.66016
6701,1.1992
6702,1.5
6703,1.4883
6704,1.2344
6705,0.96875
6706,0.71484
6707,0.50977
6708,0.25977
6709,0.044922
6710,-0.089844
6711,-0.1543
6712,-0.18359
6713,-0.20508
6714,-0.21484
6715,-0.21484
6716,-0.22461
6717,-0.21875
6718,-0.22461
6719,-0.22461
6720,-0.22852
6721,-0.23438
6722,-0.24023
6723,-0.25
6724,-0.26367
6725,-0.28516
6726,-0.30859
6727,-0.33984
6728,-0.38477
6729,-0.43359
6730,-0.47852
6731,-0.49805
6732,-0.49805
6733,-0.49805
6734,-0.49805
6735,-0.49805
6736,-0.49805
6737,-0.45898
6738,-0.36914
6739,-0.28906
6740,-0.21484
6741,-0.1543
6742,-0.11523
6743,-0.074219
6744,-0.044922
6745,-0.025391
6746,-0.013672
6747,-0.0039062
6748,0.0
6749,0.0058594
6750,0.0
6751,0.0058594
6752,0.0
6753,0.0058594
6754,0.0
6755,0.0058594
6756,0.0058594
6757,0.0
6758,0.0
6759,0.0058594
6760,0.0
6761,0.0
6762,0.0
6763,0.0
6764,-0.0039062
6765,0.0
6766,0.0
6767,0.0
6768,-0.0039062
6769,-0.0097656
6770,0.0
6771,-0.0039062
6772,-0.0039062
6773,-0.0097656
6774,-0.013672
6775,-0.019531
6776,-0.0097656
6777,-0.019531
6778,-0.013672
6779,-0.029297
6780,-0.013672
6781,0.0
6782,0.015625
6783,0.019531
6784,0.03125
6785,0.03125
6786,0.03125
6787,0.035156
6788,0.025391
6789,-0.013672
6790,-0.054688
6791,0.26953
6792,0.79883
6793,1.3184
6794,1.5
6795,1.4336
6796,1.1602
6797,0.89453
6798,0.66406
6799,0.44922
6800,0.20117
6801,0.019531
6802,-0.10352
6803,-0.1543
6804,-0.18359
6805,-0.19922
6806,-0.20898
6807,-0.20508
6808,-0.21484
6809,-0.21484
6810,-0.21484
6811,-0.21484
6812,-0.22461
6813,-0.23438
6814,-0.23438
6815,-0.25391
6816,-0.24023
6817,-0.28906
6818,-0.31445
6819,-0.33398
6820,-0.39453
6821,-0.44336
6822,-0.49805
6823,-0.49805
6824,-0.49805
6825,-0.49805
6826,-0.49805
6827,-0.49805
6828,-0.49805
6829,-0.42383
6830,-0.34375
6831,-0.24414
6832,-0.17383
6833,-0.12891
6834,-0.070312
6835,-0.035156
6836,-0.0039062
6837,-0.0097656
6838,0.015625
6839,0.019531
6840,0.025391
6841,0.041016
6842,0.035156
6843,0.041016
6844,0.019531
6845,0.044922
6846,0.025391
6847,0.041016
6848,0.03125
6849,0.019531
6850,0.044922
6851,0.019531
6852,0.019531
6853,0.025391
6854,0.03125
6855,0.025391
6856,0.03125
6857,0.035156
6858,0.019531
6859,0.035156
6860,0.019531
6861,0.019531
6862,0.019531
6863,0.019531
6864,0.015625
6865,0.015625
6866,0.0097656
6867,0.019531
6868,0.0097656
6869,0.015625
6870,0.0
6871,0.0
6872,0.015625
6873,0.019531
6874,0.044922
6875,0.041016
6876,0.041016
6877,0.041016
6878,0.041016
6879,0.019531
6880,-0.025391
6881,-0.058594
6882,0.30078
6883,0.88867
6884,1.4336
6885,1.5
6886,1.5
6887,1.2402
6888,0.94922
6889,0.69922
6890,0.46094
6891,0.20117
6892,0.0097656
6893,-0.10938
6894,-0.17969
6895,-0.22461
6896,-0.24414
6897,-0.25
6898,-0.25391
6899,-0.25977
6900,-0.25977
6901,-0.26367
6902,-0.26367
6903,-0.26953
6904,-0.2793
6905,-0.28516
6906,-0.29883
6907,-0.30859
6908,-0.33398
6909,-0.35938
6910,-0.39453
6911,-0.43945
6912,-0.49805
6913,-0.49805
6914,-0.49805
6915,-0.49805
6916,-0.49805
6917,-0.49805
6918,-0.49805
6919,-0.49805
6920,-0.46875
6921,-0.375
6922,-0.28906
6923,-0.21484
6924,-0.1543
6925,-0.10938
6926,-0.080078
6927,-0.048828
6928,-0.029297
6929,-0.025391
6930,-0.019531
6931,-0.013672
6932,-0.0097656
6933,-0.0097656
6934,-0.0097656
6935,-0.019531
6936,-0.013672
6937,-0.013672
6938,-0.019531
6939,-0.013672
6940,-0.019531
6941,-0.019531
6942,-0.013672
6943,-0.013672
6944,-0.013672
6945,-0.0097656
6946,-0.0097656
6947,-0.0039062
6948,-0.0097656
6949,-0.0097656
6950,-0.0097656
6951,-0.0039062
6952,-0.0097656
6953,-0.0039062
6954,-0.0097656
6955,-0.0039062
6956,-0.0097656
6957,-0.0097656
6958,-0.013672
6959,-0.013672
6960,-0.019531
6961,-0.013672
6962,-0.019531
6963,-0.025391
6964,-0.025391
6965,-0.0097656
6966,0.0
6967,0.019531
6968,0.025391
6969,0.03125
6970,0.03125
6971,0.03125
6972,0.019531
6973,-0.013672
6974,-0.074219
6975,0.14453
6976,0.65039
6977,1.1797
6978,1.5
6979,1.4883
6980,1.2402
6981,0.96875
6982,0.72461
6983,0.50977
6984,0.25977
6985,0.044922
6986,-0.083984
6987,-0.16016
6988,-0.18359
6989,-0.20898
6990,-0.21484
6991,-0.21484
6992,-0.21875
6993,-0.22852
6994,-0.22461
6995,-0.22852
6996,-0.23438
6997,-0.23438
6998,-0.24023
6999,-0.25391
7000,-0.26367
7001,-0.28906
7002,-0.30859
7003,-0.33398
7004,-0.37891
7005,-0.42969
7006,-0.48438
7007,-0.49805
7008,-0.49805
7009,-0.49805
7010,-0.49805
7011,-0.49805
7012,-0.49805
7013,-0.46875
7014,-0.38477
7015,-0.29492
7016,-0.22461
7017,-0.16016
7018,-0.11523
7019,-0.074219
7020,-0.048828
7021,-0.029297
7022,-0.013672
7023,-0.0039062
7024,0.0
7025,0.0
7026,0.0
7027,0.0
7028,0.0
7029,0.0
7030,0.0
7031,0.0
7032,0.0
7033,-0.0039062
7034,0.0
7035,-0.0097656
7036,-0.0039062
7037,-0.0039062
7038,-0.0039062
7039,-0.0097656
7040,-0.0039062
7041,-0.0039062
7042,-0.0097656
7043,-0.0039062
7044,-0.0039062
7045,-0.0097656
7046,-0.0039062
7047,0.0
7048,-0.0097656
7049,-0.013672
7050,-0.013672
7051,-0.019531
7052,-0.019531
7053,-0.0097656
7054,-0.019531
7055,-0.013672
7056,-0.025391
7057,-0.0097656
7058,0.0
7059,0.0097656
7060,0.019531
7061,0.03125
7062,0.03125
7063,0.025391
7064,0.019531
7065,0.0097656
7066,-0.048828
7067,-0.070312
7068,0.46484
7069,1.0
7070,1.4648
7071,1.5
7072,1.3301
7073,1.0547
7074,0.78906
7075,0.58398
7076,0.3457
7077,0.11133
7078,-0.048828
7079,-0.13867
7080,-0.16992
7081,-0.20508
7082,-0.20898
7083,-0.21875
7084,-0.21875
7085,-0.22461
7086,-0.21875
7087,-0.22852
7088,-0.23438
7089,-0.24023
7090,-0.24414
7091,-0.25977
7092,-0.26367
7093,-0.28516
7094,-0.30469
7095,-0.33398
7096,-0.36914
7097,-0.41992
7098,-0.46484
7099,-0.49805
7100,-0.49805
7101,-0.49805
7102,-0.49805
7103,-0.49805
7104,-0.49805
7105,-0.48828
7106,-0.41406
7107,-0.32422
7108,-0.24414
7109,-0.17969
7110,-0.125
7111,-0.083984
7112,-0.054688
7113,-0.039062
7114,0.0
7115,0.0
7116,0.0058594
7117,0.0058594
7118,0.015625
7119,0.019531
7120,0.025391
7121,0.019531
7122,0.019531
7123,0.019531
7124,0.03125
7125,0.025391
7126,0.019531
7127,0.019531
7128,0.03125
7129,0.025391
7130,0.044922
7131,0.019531
7132,0.03125
7133,0.041016
7134,0.0097656
7135,0.035156
7136,0.044922
7137,0.025391
7138,0.019531
7139,0.025391
7140,0.019531
7141,0.03125
7142,0.015625
7143,0.0097656
7144,0.025391
7145,0.0097656
7146,0.0097656
7147,0.0
7148,0.015625
7149,0.015625
7150,0.03125
7151,0.044922
7152,0.044922
7153,0.050781
7154,0.044922
7155,0.044922
7156,0.03125
7157,-0.019531
7158,-0.054688
7159,0.34961
7160,0.94531
7161,1.5
7162,1.5
7163,1.5
7164,1.2598
7165,0.95508
7166,0.69531
7167,0.44922
7168,0.18945
7169,0.0
7170,-0.125
7171,-0.17969
7172,-0.22461
7173,-0.24414
7174,-0.25
7175,-0.25391
7176,-0.25391
7177,-0.25977
7178,-0.25977
7179,-0.26953
7180,-0.27344
7181,-0.2793
7182,-0.28516
7183,-0.29492
7184,-0.31445
7185,-0.33984
7186,-0.36328
7187,-0.4043
7188,-0.44336
7189,-0.49805
7190,-0.49805
7191,-0.49805
7192,-0.49805
7193,-0.49805
7194,-0.49805
7195,-0.49805
7196,-0.49805
7197,-0.47852
7198,-0.37891
7199,-0.29492
7200,-0.21875
7201,-0.16016
7202,-0.11914
7203,-0.080078
7204,-0.058594
7205,-0.039062
7206,-0.035156
7207,-0.025391
7208,-0.025391
7209,-0.025391
7210,-0.019531
7211,-0.013672
7212,-0.019531
7213,-0.013672
7214,-0.019531
7215,-0.019531
7216,-0.013672
7217,-0.013672
7218,-0.019531
7219,-0.013672
7220,-0.013672
7221,-0.019531
7222,-0.013672
7223,-0.019531
7224,-0.013672
7225,-0.019531
7226,-0.013672
7227,-0.019531
7228,-0.0097656
7229,-0.013672
7230,-0.0097656
7231,-0.013672
7232,-0.013672
7233,-0.019531
7234,-0.019531
7235,-0.019531
7236,-0.019531
7237,-0.025391
7238,-0.025391
7239,-0.029297
7240,-0.025391
7241,-0.029297
7242,-0.035156
7243,-0.019531
7244,-0.0039062
7245,0.0058594
7246,0.015625
7247,0.019531
7248,0.019531
7249,0.019531
7250,0.019531
7251,-0.0097656
7252,-0.070312
7253,0.089844
7254,0.5957
7255,1.1191
7256,1.5
7257,1.5
7258,1.2637
7259,0.99414
7260,0.73438
7261,0.5293
7262,0.28516
7263,0.064453
7264,-0.083984
7265,-0.1543
7266,-0.18359
7267,-0.20898
7268,-0.21484
7269,-0.21875
7270,-0.21875
7271,-0.22461
7272,-0.21875
7273,-0.22852
7274,-0.23438
7275,-0.23438
7276,-0.24414
7277,-0.25977
7278,-0.25977
7279,-0.28516
7280,-0.30469
7281,-0.33398
7282,-0.375
7283,-0.42383
7284,-0.47461
7285,-0.49805
7286,-0.49805
7287,-0.49805
7288,-0.49805
7289,-0.49805
7290,-0.49805
7291,-0.48438
7292,-0.39453
7293,-0.31445
7294,-0.23438
7295,-0.17383
7296,-0.125
7297,-0.083984
7298,-0.054688
7299,-0.039062
7300,-0.025391
7301,-0.013672
7302,-0.0097656
7303,-0.0039062
7304,0.0
7305,0.0
7306,0.0
7307,0.0
7308,0.0
7309,0.0
7310,-0.0039062
7311,-0.0039062
7312,-0.0097656
7313,-0.0039062
7314,-0.0039062
7315,-0.0039062
7316,0.0
7317,-0.0039062
7318,0.0
7319,-0.0039062
7320,-0.0097656
7321,-0.0039062
7322,-0.0039062
7323,0.0
7324,-0.0097656
7325,-0.0097656
7326,-0.0097656
7327,-0.013672
7328,-0.019531
7329,-0.025391
7330,-0.019531
7331,-0.025391
7332,-0.025391
7333,-0.025391
7334,-0.029297
7335,-0.0039062
7336,0.0058594
7337,0.019531
7338,0.025391
7339,0.019531
7340,0.019531
7341,0.025391
7342,0.019531
7343,-0.025391
7344,-0.058594
7345,0.27539
7346,0.79492
7347,1.3047
7348,1.5
7349,1.4199
7350,1.1602
7351,0.89453
7352,0.66016
7353,0.43945
7354,0.19531
7355,0.0058594
7356,-0.10938
7357,-0.16016
7358,-0.18945
7359,-0.19922
7360,-0.21484
7361,-0.21875
7362,-0.21875
7363,-0.21875
7364,-0.22461
7365,-0.23438
7366,-0.23438
7367,-0.23438
7368,-0.25
7369,-0.25977
7370,-0.27344
7371,-0.28906
7372,-0.31445
7373,-0.34961
7374,-0.38867
7375,-0.44336
7376,-0.49805
7377,-0.49805
7378,-0.49805
7379,-0.49805
7380,-0.49805
7381,-0.49805
7382,-0.49805
7383,-0.43945
7384,-0.34961
7385,-0.27344
7386,-0.19922
7387,-0.13867
7388,-0.089844
7389,-0.058594
7390,-0.035156
7391,-0.025391
7392,-0.0097656
7393,0.0
7394,0.0
7395,0.0
7396,0.0
7397,0.0058594
7398,0.0
7399,0.0058594
7400,0.0
7401,0.0058594
7402,0.0
7403,0.0
7404,0.0
7405,0.0
7406,0.0
7407,-0.0039062
7408,0.0
7409,0.0058594
7410,0.0
7411,0.0058594
7412,0.0
7413,0.0058594
7414,0.0058594
7415,0.0
7416,0.0097656
7417,0.0
7418,0.0058594
7419,-0.0039062
7420,-0.0097656
7421,0.0058594
7422,-0.0097656
7423,-0.019531
7424,-0.0097656
7425,-0.013672
7426,0.0
7427,0.019531
7428,0.03125
7429,0.041016
7430,0.044922
7431,0.041016
7432,0.054688
7433,0.050781
7434,0.035156
7435,-0.0039062
7436,-0.044922
7437,0.35938
7438,0.90039
7439,1.459
7440,1.5
7441,1.5
7442,1.2734
7443,0.95898
7444,0.7207
7445,0.48438
7446,0.23047
7447,0.025391
7448,-0.083984
7449,-0.14844
7450,-0.18945
7451,-0.20898
7452,-0.20508
7453,-0.21484
7454,-0.21875
7455,-0.20508
7456,-0.22461
7457,-0.23438
7458,-0.22461
7459,-0.24023
7460,-0.24023
7461,-0.26367
7462,-0.28516
7463,-0.29883
7464,-0.33008
7465,-0.36328
7466,-0.41992
7467,-0.46484
7468,-0.49805
7469,-0.49805
7470,-0.49805
7471,-0.49805
7472,-0.49805
7473,-0.49805
7474,-0.49805
7475,-0.43945
7476,-0.34375
7477,-0.25977
7478,-0.18359
7479,-0.12891
7480,-0.083984
7481,-0.048828
7482,-0.025391
7483,-0.0039062
7484,0.0
7485,0.0058594
7486,0.0058594
7487,0.0058594
7488,0.0097656
7489,0.0
7490,0.0
7491,-0.0097656
7492,-0.0039062
7493,0.0
7494,-0.0097656
7495,-0.0097656
7496,-0.013672
7497,-0.0097656
7498,-0.013672
7499,-0.0097656
7500,-0.013672
7501,-0.013672
7502,-0.0097656
7503,-0.0097656
7504,-0.013672
7505,-0.0097656
7506,-0.013672
7507,-0.0039062
7508,-0.0097656
7509,-0.0097656
7510,-0.013672
7511,-0.013672
7512,-0.019531
7513,-0.013672
7514,-0.025391
7515,-0.019531
7516,-0.025391
7517,-0.025391
7518,-0.013672
7519,0.0
7520,0.0097656
7521,0.019531
7522,0.019531
7523,0.019531
7524,0.019531
7525,0.019531
7526,-0.013672
7527,-0.070312
7528,0.099609
7529,0.61523
7530,1.1641
7531,1.5
7532,1.5
7533,1.2891
7534,1.0098
7535,0.74414
7536,0.53906
7537,0.29102
7538,0.070312
7539,-0.064453
7540,-0.14844
7541,-0.18945
7542,-0.21484
7543,-0.21875
7544,-0.22461
7545,-0.22852
7546,-0.23438
7547,-0.23438
7548,-0.24023
7549,-0.24414
7550,-0.25
7551,-0.25977
7552,-0.26367
7553,-0.2793
7554,-0.29492
7555,-0.31445
7556,-0.34961
7557,-0.38477
7558,-0.43945
7559,-0.48828
7560,-0.49805
7561,-0.49805
7562,-0.49805
7563,-0.49805
7564,-0.49805
7565,-0.49805
7566,-0.47852
7567,-0.38867
7568,-0.30469
7569,-0.22852
7570,-0.16992
7571,-0.125
7572,-0.083984
7573,-0.048828
7574,-0.035156
7575,-0.019531
7576,-0.013672
7577,-0.0097656
7578,0.0
7579,-0.0039062
7580,0.0
7581,-0.0039062
7582,-0.0039062
7583,-0.0097656
7584,-0.0039062
7585,-0.0039062
7586,0.0
7587,-0.0039062
7588,0.0
7589,0.0
7590,0.0
7591,-0.0097656
7592,-0.0039062
7593,-0.0097656
7594,-0.0097656
7595,-0.013672
7596,-0.0097656
7597,-0.0039062
7598,-0.0039062
7599,-0.0097656
7600,-0.0039062
7601,-0.0039062
7602,0.0
7603,-0.0039062
7604,-0.013672
7605,-0.019531
7606,-0.019531
7607,-0.025391
7608,-0.025391
7609,-0.029297
7610,-0.025391
7611,-0.0039062
7612,0.0
7613,0.0097656
7614,0.019531
7615,0.025391
7616,0.019531
7617,0.019531
7618,0.015625
7619,-0.025391
7620,-0.064453
7621,0.24609
7622,0.76953
7623,1.2852
7624,1.5
7625,1.4336
7626,1.1738
7627,0.9043
7628,0.66992
7629,0.46094
7630,0.20508
7631,0.0097656
7632,-0.10938
7633,-0.16406
7634,-0.19336
7635,-0.20898
7636,-0.21484
7637,-0.21875
7638,-0.21875
7639,-0.22461
7640,-0.22461
7641,-0.22852
7642,-0.23438
7643,-0.24023
7644,-0.25
7645,-0.25977
7646,-0.26367
7647,-0.29492
7648,-0.31445
7649,-0.34961
7650,-0.39453
7651,-0.44336
7652,-0.49805
7653,-0.49805
7654,-0.49805
7655,-0.49805
7656,-0.49805
7657,-0.49805
7658,-0.49805
7659,-0.44336
7660,-0.35938
7661,-0.2793
7662,-0.20508
7663,-0.13867
7664,-0.099609
7665,-0.064453
7666,-0.039062
7667,-0.025391
7668,-0.013672
7669,-0.0097656
7670,0.0
7671,0.0
7672,0.0058594
7673,0.0
7674,0.0
7675,0.0
7676,0.0
7677,0.0
7678,0.0
7679,0.0
7680,-0.0039062
7681,-0.0039062
7682,-0.0039062
7683,-0.0039062
7684,0.0
7685,0.0
7686,0.0
7687,0.0
7688,0.0
7689,0.0
7690,0.0
7691,-0.0039062
7692,-0.0039062
7693,-0.0039062
7694,-0.013672
7695,-0.0097656
7696,-0.025391
7697,-0.019531
7698,-0.013672
7699,-0.025391
7700,-0.019531
7701,-0.029297
7702,-0.025391
7703,-0.0039062
7704,0.0058594
7705,0.019531
7706,0.019531
7707,0.019531
7708,0.025391
7709,0.025391
7710,0.0097656
7711,-0.039062
7712,-0.070312
7713,0.3457
7714,0.875
7715,1.3789
7716,1.5
7717,1.3984
7718,1.125
7719,0.85547
7720,0.63477
7721,0.41992
7722,0.15625
7723,-0.0097656
7724,-0.11914
7725,-0.16992
7726,-0.19336
7727,-0.21484
7728,-0.20898
7729,-0.21484
7730,-0.20508
7731,-0.21875
7732,-0.21484
7733,-0.22461
7734,-0.21484
7735,-0.23438
7736,-0.23438
7737,-0.24023
7738,-0.26367
7739,-0.25391
7740,-0.29883
7741,-0.34961
7742,-0.4043
7743,-0.44922
7744,-0.48828
7745,-0.49805
7746,-0.49805
7747,-0.49805
7748,-0.49805
7749,-0.49805
7750,-0.48828
7751,-0.4082
7752,-0.31836
7753,-0.24023
7754,-0.16016
7755,-0.099609
7756,-0.058594
7757,-0.0039062
7758,-0.0097656
7759,0.0097656
7760,0.0058594
7761,0.019531
7762,0.019531
7763,0.025391
7764,0.019531
7765,0.03125
7766,0.035156
7767,0.019531
7768,0.015625
7769,0.019531
7770,0.019531
7771,0.03125
7772,0.019531
7773,0.015625
7774,0.015625
7775,0.019531
7776,0.015625
7777,0.015625
7778,0.019531
7779,0.015625
7780,0.019531
7781,0.0058594
7782,0.0
7783,0.0058594
7784,0.0097656
7785,0.0
7786,0.0058594
7787,-0.0039062
7788,0.0
7789,-0.0097656
7790,-0.0097656
7791,-0.019531
7792,-0.025391
7793,-0.0097656
7794,0.0
7795,0.0097656
7796,0.019531
7797,0.019531
7798,0.019531
7799,0.019531
7800,0.015625
7801,-0.019531
7802,-0.080078
7803,0.064453
7804,0.5957
7805,1.1699
7806,1.5
7807,1.5
7808,1.3398
7809,1.0488
7810,0.76953
7811,0.55078
7812,0.30469
7813,0.070312
7814,-0.080078
7815,-0.16016
7816,-0.20898
7817,-0.23438
7818,-0.25
7819,-0.25391
7820,-0.25391
7821,-0.25391
7822,-0.25977
7823,-0.26367
7824,-0.26953
7825,-0.27344
7826,-0.2793
7827,-0.28516
7828,-0.29883
7829,-0.31836
7830,-0.33984
7831,-0.36914
7832,-0.41406
7833,-0.46484
7834,-0.49805
7835,-0.49805
7836,-0.49805
7837,-0.49805
7838,-0.49805
7839,-0.49805
7840,-0.49805
7841,-0.49805
7842,-0.41406
7843,-0.31836
7844,-0.24023
7845,-0.17383
7846,-0.125
7847,-0.089844
7848,-0.054688
7849,-0.039062
7850,-0.025391
7851,-0.019531
7852,-0.0097656
7853,-0.0097656
7854,-0.0039062
7855,-0.0039062
7856,-0.0039062
7857,-0.0039062
7858,-0.0097656
7859,-0.0097656
7860,-0.0097656
7861,-0.0097656
7862,-0.013672
7863,-0.0097656
7864,-0.013672
7865,-0.0039062
7866,-0.0039062
7867,-0.0097656
7868,-0.0039062
7869,0.0
7870,-0.0039062
7871,0.0
7872,-0.0039062
7873,-0.0039062
7874,0.0
7875,-0.0039062
7876,-0.0097656
7877,-0.013672
7878,-0.013672
7879,-0.013672
7880,-0.025391
7881,-0.025391
7882,-0.025391
7883,-0.029297
7884,-0.025391
7885,-0.035156
7886,-0.025391
7887,-0.0097656
7888,0.0
7889,0.015625
7890,0.019531
7891,0.019531
7892,0.019531
7893,0.019531
7894,0.0058594
7895,-0.044922
7896,-0.070312
7897,0.4043
7898,0.93945
7899,1.4199
7900,1.5
7901,1.3633
7902,1.0938
7903,0.83398
7904,0.61523
7905,0.38477
7906,0.13477
7907,-0.035156
7908,-0.13867
7909,-0.16992
7910,-0.20508
7911,-0.21484
7912,-0.21875
7913,-0.21875
7914,-0.22461
7915,-0.22461
7916,-0.22852
7917,-0.23438
7918,-0.23438
7919,-0.24023
7920,-0.25
7921,-0.25977
7922,-0.2793
7923,-0.29883
7924,-0.33008
7925,-0.36328
7926,-0.4082
7927,-0.45898
7928,-0.49805
7929,-0.49805
7930,-0.49805
7931,-0.49805
7932,-0.49805
7933,-0.49805
7934,-0.49805
7935,-0.42969
7936,-0.33984
7937,-0.26367
7938,-0.18945
7939,-0.13867
7940,-0.09375
7941,-0.064453
7942,-0.029297
7943,-0.019531
7944,-0.0097656
7945,0.0
7946,0.0
7947,0.0
7948,0.0058594
7949,0.0
7950,0.0
7951,0.0
7952,0.0
7953,0.0
7954,0.0
7955,0.0
7956,0.0
7957,-0.0039062
7958,-0.0097656
7959,-0.0039062
7960,-0.0097656
7961,-0.0039062
7962,-0.0097656
7963,-0.0039062
7964,0.0
7965,0.0
7966,0.0
7967,0.0
7968,0.0
7969,0.0
7970,-0.0039062
7971,-0.0097656
7972,-0.019531
7973,-0.019531
7974,-0.0097656
7975,-0.019531
7976,-0.013672
7977,-0.025391
7978,-0.025391
7979,0.0
7980,0.015625
7981,0.019531
7982,0.03125
7983,0.025391
7984,0.025391
7985,0.025391
7986,0.035156
7987,-0.019531
7988,-0.058594
7989,0.2207
7990,0.74023
7991,1.2539
7992,1.5
7993,1.4531
7994,1.1934
7995,0.92383
7996,0.68555
7997,0.47461
7998,0.2207
7999,0.019531
8000,-0.099609
8001,-0.16406
8002,-0.19336
8003,-0.21484
8004,-0.21484
8005,-0.21484
8006,-0.22461
8007,-0.22461
8008,-0.22461
8009,-0.22852
8010,-0.23438
8011,-0.23438
8012,-0.24414
8013,-0.24023
8014,-0.26367
8015,-0.29492
8016,-0.30859
8017,-0.34375
8018,-0.38477
8019,-0.43945
8020,-0.49805
8021,-0.49805
8022,-0.49805
8023,-0.49805
8024,-0.49805
8025,-0.49805
8026,-0.49805
8027,-0.45312
8028,-0.34961
8029,-0.26367
8030,-0.18945
8031,-0.125
8032,-0.080078
8033,-0.044922
8034,-0.0097656
8035,0.0058594
8036,0.019531
8037,0.015625
8038,0.025391
8039,0.03125
8040,0.025391
8041,0.041016
8042,0.044922
8043,0.03125
8044,0.044922
8045,0.041016
8046,0.041016
8047,0.03125
8048,0.041016
8049,0.035156
8050,0.025391
8051,0.035156
8052,0.03125
8053,0.041016
8054,0.03125
8055,0.035156
8056,0.03125
8057,0.035156
8058,0.019531
8059,0.03125
8060,0.03125
8061,0.019531
8062,0.019531
8063,0.019531
8064,0.015625
8065,0.0097656
8066,0.0097656
8067,0.0
8068,0.0
8069,0.015625
8070,0.019531
8071,0.044922
8072,0.044922
8073,0.044922
8074,0.044922
8075,0.041016
8076,0.03125
8077,0.0058594
8078,-0.058594
8079,0.15625
8080,0.71484
8081,1.3086
8082,1.5
8083,1.5
8084,1.3633
8085,1.0645
8086,0.7793
8087,0.54492
8088,0.29102
8089,0.064453
8090,-0.080078
8091,-0.16406
8092,-0.20898
8093,-0.24023
8094,-0.25
8095,-0.25977
8096,-0.25391
8097,-0.25977
8098,-0.25977
8099,-0.26367
8100,-0.26953
8101,-0.2793
8102,-0.28516
8103,-0.28906
8104,-0.30469
8105,-0.33008
8106,-0.35352
8107,-0.38867
8108,-0.43359
8109,-0.47852
8110,-0.49805
8111,-0.49805
8112,-0.49805
8113,-0.49805
8114,-0.49805
8115,-0.49805
8116,-0.49805
8117,-0.49805
8118,-0.41406
8119,-0.31445
8120,-0.24023
8121,-0.17383
8122,-0.125
8123,-0.083984
8124,-0.054688
8125,-0.035156
8126,-0.029297
8127,-0.025391
8128,-0.0097656
8129,-0.013672
8130,-0.0039062
8131,-0.013672
8132,-0.0097656
8133,-0.013672
8134,-0.0097656
8135,-0.0097656
8136,-0.013672
8137,-0.0097656
8138,-0.0039062
8139,-0.0097656
8140,-0.0097656
8141,-0.013672
8142,-0.0097656
8143,-0.0097656
8144,-0.0039062
8145,-0.0097656
8146,-0.0039062
8147,-0.0097656
8148,-0.0097656
8149,-0.0039062
8150,-0.0097656
8151,-0.0097656
8152,-0.0097656
8153,-0.0039062
8154,-0.0097656
8155,-0.0097656
8156,-0.0097656
8157,-0.013672
8158,-0.019531
8159,-0.013672
8160,-0.019531
8161,-0.013672
8162,-0.025391
8163,-0.025391
8164,-0.0097656
8165,0.0
8166,0.015625
8167,0.019531
8168,0.025391
8169,0.019531
8170,0.025391
8171,0.019531
8172,-0.019531
8173,-0.070312
8174,0.15039
8175,0.66992
8176,1.1934
8177,1.5
8178,1.4844
8179,1.2344
8180,0.96484
8181,0.70898
8182,0.5
8183,0.25977
8184,0.044922
8185,-0.089844
8186,-0.16016
8187,-0.18945
8188,-0.20508
8189,-0.21484
8190,-0.21875
8191,-0.22461
8192,-0.22461
8193,-0.22852
8194,-0.22852
8195,-0.23438
8196,-0.23438
8197,-0.24414
8198,-0.25
8199,-0.26953
8200,-0.28516
8201,-0.30859
8202,-0.33398
8203,-0.375
8204,-0.42383
8205,-0.47852
8206,-0.49805
8207,-0.49805
8208,-0.49805
8209,-0.49805
8210,-0.49805
8211,-0.49805
8212,-0.47461
8213,-0.38477
8214,-0.29492
8215,-0.22461
8216,-0.16406
8217,-0.11523
8218,-0.080078
8219,-0.048828
8220,-0.029297
8221,-0.013672
8222,-0.0097656
8223,-0.0039062
8224,-0.0039062
8225,0.0
8226,0.0
8227,0.0
8228,-0.0039062
8229,-0.0039062
8230,0.0
8231,0.0
8232,0.0
8233,0.0
8234,-0.0039062
8235,-0.0039062
8236,0.0
8237,-0.0039062
8238,-0.0039062
8239,-0.0039062
8240,-0.0039062
8241,-0.0039062
8242,-0.0039062
8243,-0.0097656
8244,-0.0039062
8245,-0.0097656
8246,-0.0039062
8247,-0.0097656
8248,-0.0039062
8249,-0.013672
8250,-0.019531
8251,-0.019531
8252,-0.025391
8253,-0.019531
8254,-0.025391
8255,-0.029297
8256,-0.013672
8257,0.0
8258,0.0097656
8259,0.019531
8260,0.025391
8261,0.03125
8262,0.019531
8263,0.025391
8264,0.0
8265,-0.058594
8266,0.041016
8267,0.51562
8268,1.0547
8269,1.4883
8270,1.5
8271,1.3047
8272,1.0254
8273,0.76953
8274,0.56055
8275,0.33008
8276,0.089844
8277,-0.054688
8278,-0.14453
8279,-0.17383
8280,-0.20508
8281,-0.21484
8282,-0.21484
8283,-0.21484
8284,-0.21875
8285,-0.22461
8286,-0.22852
8287,-0.23438
8288,-0.23438
8289,-0.24414
8290,-0.25
8291,-0.25977
8292,-0.27344
8293,-0.29883
8294,-0.33008
8295,-0.36914
8296,-0.41992
8297,-0.46484
8298,-0.49805
8299,-0.49805
8300,-0.49805
8301,-0.49805
8302,-0.49805
8303,-0.49805
8304,-0.48438
8305,-0.39844
8306,-0.31445
8307,-0.24023
8308,-0.17383
8309,-0.125
8310,-0.083984
8311,-0.058594
8312,-0.039062
8313,-0.025391
8314,-0.013672
8315,-0.0039062
8316,0.0
8317,0.0
8318,0.0
8319,0.0
8320,0.0
8321,0.0
8322,0.0
8323,0.0
8324,-0.0097656
8325,-0.0039062
8326,-0.0097656
8327,-0.0097656
8328,0.0
8329,-0.0039062
8330,0.0
8331,-0.0039062
8332,0.0058594
8333,0.0
8334,0.0058594
8335,-0.013672
8336,0.015625
8337,-0.0097656
8338,-0.0039062
8339,0.0
8340,-0.013672
8341,-0.0097656
8342,0.0
8343,-0.013672
8344,-0.013672
8345,0.0
8346,-0.0097656
8347,0.0058594
8348,-0.025391
8349,0.0097656
8350,0.03125
8351,0.019531
8352,0.060547
8353,0.070312
8354,0.035156
8355,0.050781
8356,0.044922
8357,0.0058594
8358,-0.048828
8359,0.23438
8360,0.76562
8361,1.3594
8362,1.5
8363,1.5
8364,1.3691
8365,1.0586
8366,0.78906
8367,0.53516
8368,0.30078
8369,0.064453
8370,-0.080078
8371,-0.14844
8372,-0.18945
8373,-0.20898
8374,-0.20508
8375,-0.21875
8376,-0.23438
8377,-0.21484
8378,-0.23438
8379,-0.24414
8380,-0.25
8381,-0.25977
8382,-0.25977
8383,-0.27344
8384,-0.28906
8385,-0.30859
8386,-0.33008
8387,-0.36914
8388,-0.4082
8389,-0.45312
8390,-0.49805
8391,-0.49805
8392,-0.49805
8393,-0.49805
8394,-0.49805
8395,-0.49805
8396,-0.49805
8397,-0.47852
8398,-0.38477
8399,-0.28906
8400,-0.20508
8401,-0.1543
8402,-0.099609
8403,-0.064453
8404,-0.029297
8405,-0.019531
8406,-0.0097656
8407,0.0
8408,-0.0039062
8409,0.0
8410,-0.0039062
8411,0.0
8412,-0.0039062
8413,-0.0039062
8414,-0.0097656
8415,-0.0097656
8416,-0.0097656
8417,-0.0097656
8418,-0.013672
8419,-0.0097656
8420,-0.0097656
8421,-0.013672
8422,-0.019531
8423,-0.013672
8424,-0.013672
8425,-0.0097656
8426,-0.019531
8427,-0.019531
8428,-0.013672
8429,-0.019531
8430,-0.013672
8431,-0.019531
8432,-0.019531
8433,-0.025391
8434,-0.025391
8435,-0.029297
8436,-0.025391
8437,-0.035156
8438,-0.029297
8439,-0.035156
8440,-0.035156
8441,-0.025391
8442,-0.0039062
8443,0.0
8444,0.015625
8445,0.019531
8446,0.015625
8447,0.015625
8448,0.019531
8449,-0.019531
8450,-0.080078
8451,0.099609
8452,0.625
8453,1.1699
8454,1.5
8455,1.5
8456,1.2734
8457,0.99414
8458,0.73438
8459,0.5293
8460,0.2793
8461,0.060547
8462,-0.080078
8463,-0.16016
8464,-0.19336
8465,-0.21875
8466,-0.23438
8467,-0.23438
8468,-0.24023
8469,-0.23438
8470,-0.24414
8471,-0.24023
8472,-0.25
8473,-0.25391
8474,-0.25977
8475,-0.25977
8476,-0.28516
8477,-0.29492
8478,-0.31836
8479,-0.34961
8480,-0.38867
8481,-0.43359
8482,-0.48828
8483,-0.49805
8484,-0.49805
8485,-0.49805
8486,-0.49805
8487,-0.49805
8488,-0.49805
8489,-0.48438
8490,-0.38867
8491,-0.30469
8492,-0.22852
8493,-0.16406
8494,-0.11523
8495,-0.083984
8496,-0.054688
8497,-0.039062
8498,-0.019531
8499,-0.0097656
8500,-0.0097656
8501,-0.0039062
8502,-0.0039062
8503,-0.0097656
8504,-0.0039062
8505,-0.0039062
8506,-0.0039062
8507,-0.0097656
8508,-0.0097656
8509,0.0
8510,-0.0097656
8511,-0.0097656
8512,-0.0097656
8513,-0.0039062
8514,-0.0097656
8515,-0.0039062
8516,-0.0097656
8517,-0.0039062
8518,-0.0039062
8519,0.0
8520,0.0
8521,0.0
8522,-0.0039062
8523,-0.0039062
8524,-0.0097656
8525,-0.0097656
8526,-0.013672
8527,-0.019531
8528,-0.025391
8529,-0.019531
8530,-0.025391
8531,-0.025391
8532,-0.029297
8533,-0.025391
8534,-0.0039062
8535,0.0
8536,0.015625
8537,0.019531
8538,0.025391
8539,0.019531
8540,0.019531
8541,0.015625
8542,-0.035156
8543,-0.070312
8544,0.30078
8545,0.82422
8546,1.3301
8547,1.5
8548,1.4043
8549,1.1348
8550,0.875
8551,0.64453
8552,0.42578
8553,0.17578
8554,-0.0097656
8555,-0.11914
8556,-0.16406
8557,-0.19336
8558,-0.21484
8559,-0.21875
8560,-0.22461
8561,-0.22461
8562,-0.22852
8563,-0.23438
8564,-0.23438
8565,-0.23438
8566,-0.24414
8567,-0.25
8568,-0.25977
8569,-0.27344
8570,-0.29492
8571,-0.32422
8572,-0.35938
8573,-0.39844
8574,-0.44922
8575,-0.49805
8576,-0.49805
8577,-0.49805
8578,-0.49805
8579,-0.49805
8580,-0.49805
8581,-0.49805
8582,-0.44336
8583,-0.35938
8584,-0.27344
8585,-0.20508
8586,-0.14844
8587,-0.10352
8588,-0.074219
8589,-0.048828
8590,-0.025391
8591,-0.013672
8592,0.0
8593,0.0
8594,0.0
8595,0.0
8596,0.0
8597,-0.0039062
8598,0.0
8599,0.0
8600,0.0
8601,0.0
8602,-0.0039062
8603,-0.0039062
8604,-0.0039062
8605,-0.0097656
8606,-0.0039062
8607,-0.0097656
8608,-0.0039062
8609,-0.0039062
8610,-0.0039062
8611,-0.0039062
8612,-0.0097656
8613,-0.0039062
8614,-0.0097656
8615,-0.0097656
8616,-0.0039062
8617,-0.0039062
8618,-0.0097656
8619,-0.019531
8620,-0.019531
8621,-0.019531
8622,-0.025391
8623,-0.025391
8624,-0.035156
8625,-0.019531
8626,-0.0039062
8627,0.0097656
8628,0.019531
8629,0.019531
8630,0.019531
8631,0.019531
8632,0.025391
8633,0.0058594
8634,-0.048828
8635,-0.074219
8636,0.36523
8637,0.89453
8638,1.3887
8639,1.5
8640,1.3691
8641,1.0996
8642,0.83398
8643,0.625
8644,0.40039
8645,0.16016
8646,-0.013672
8647,-0.125
8648,-0.1543
8649,-0.18945
8650,-0.20508
8651,-0.21484
8652,-0.20898
8653,-0.21875
8654,-0.21875
8655,-0.22852
8656,-0.21484
8657,-0.21875
8658,-0.24023
8659,-0.22852
8660,-0.22461
8661,-0.25977
8662,-0.28906
8663,-0.31836
8664,-0.33984
8665,-0.38867
8666,-0.42969
8667,-0.49805
8668,-0.49805
8669,-0.49805
8670,-0.49805
8671,-0.49805
8672,-0.49805
8673,-0.48828
8674,-0.41406
8675,-0.29492
8676,-0.22852
8677,-0.14844
8678,-0.099609
8679,-0.058594
8680,-0.035156
8681,0.0
8682,0.019531
8683,0.019531
8684,0.03125
8685,0.035156
8686,0.025391
8687,0.03125
8688,0.035156
8689,0.041016
8690,0.035156
8691,0.041016
8692,0.025391
8693,0.019531
8694,0.025391
8695,0.019531
8696,0.025391
8697,0.015625
8698,0.025391
8699,0.019531
8700,0.03125
8701,0.015625
8702,0.019531
8703,0.019531
8704,0.019531
8705,0.0097656
8706,0.015625
8707,0.015625
8708,0.0097656
8709,0.0
8710,0.0
8711,0.0058594
8712,-0.0039062
8713,0.0058594
8714,-0.0097656
8715,-0.013672
8716,0.0
8717,0.015625
8718,0.019531
8719,0.035156
8720,0.03125
8721,0.025391
8722,0.025391
8723,0.019531
8724,-0.0097656
8725,-0.074219
8726,0.125
8727,0.67578
8728,1.2344
8729,1.5
8730,1.5
8731,1.3086
8732,1.0195
8733,0.75391
8734,0.52539
8735,0.27539
8736,0.060547
8737,-0.083984
8738,-0.16016
8739,-0.21484
8740,-0.23438
8741,-0.24023
8742,-0.25
8743,-0.25391
8744,-0.25
8745,-0.25977
8746,-0.25977
8747,-0.26367
8748,-0.26367
8749,-0.27344
8750,-0.28516
8751,-0.30469
8752,-0.31445
8753,-0.33984
8754,-0.375
8755,-0.41992
8756,-0.46484
8757,-0.49805
8758,-0.49805
8759,-0.49805
8760,-0.49805
8761,-0.49805
8762,-0.49805
8763,-0.49805
8764,-0.48828
8765,-0.39453
8766,-0.30859
8767,-0.22461
8768,-0.16406
8769,-0.11523
8770,-0.080078
8771,-0.048828
8772,-0.035156
8773,-0.025391
8774,-0.013672
8775,-0.013672
8776,-0.0039062
8777,-0.0097656
8778,-0.0097656
8779,-0.0097656
8780,-0.013672
8781,-0.0097656
8782,-0.0039062
8783,-0.0039062
8784,-0.0097656
8785,-0.0097656
8786,-0.0039062
8787,-0.0039062
8788,0.0
8789,0.0
8790,0.0
8791,0.0
8792,0.0
8793,0.0
8794,0.0
8795,-0.0039062
8796,0.0
8797,-0.0039062
8798,0.0
8799,-0.0039062
8800,-0.0097656
8801,-0.0097656
8802,-0.013672
8803,-0.019531
8804,-0.013672
8805,-0.019531
8806,-0.025391
8807,-0.019531
8808,-0.025391
8809,-0.013672
8810,0.0
8811,0.015625
8812,0.025391
8813,0.03125
8814,0.025391
8815,0.03125
8816,0.025391
8817,0.0058594
8818,-0.058594
8819,0.054688
8820,0.5293
8821,1.0645
8822,1.498
8823,1.5
8824,1.2988
8825,1.0254
8826,0.76562
8827,0.56445
8828,0.32422
8829,0.089844
8830,-0.054688
8831,-0.13867
8832,-0.16992
8833,-0.19336
8834,-0.20508
8835,-0.21484
8836,-0.21484
8837,-0.21875
8838,-0.21484
8839,-0.21875
8840,-0.22461
8841,-0.23438
8842,-0.24023
8843,-0.25
8844,-0.25977
8845,-0.28516
8846,-0.29492
8847,-0.32422
8848,-0.36914
8849,-0.41406
8850,-0.46484
8851,-0.49805
8852,-0.49805
8853,-0.49805
8854,-0.49805
8855,-0.49805
8856,-0.49805
8857,-0.48438
8858,-0.39844
8859,-0.30859
8860,-0.22852
8861,-0.17383
8862,-0.11523
8863,-0.080078
8864,-0.044922
8865,-0.025391
8866,-0.013672
8867,-0.0039062
8868,0.0
8869,0.0
8870,0.0
8871,0.0
8872,0.0
8873,0.0
8874,0.0
8875,0.0
8876,0.0
8877,0.0
8878,-0.0039062
8879,0.0
8880,0.0
8881,-0.0039062
8882,-0.0097656
8883,-0.0039062
8884,0.0
8885,-0.0039062
8886,-0.0097656
8887,-0.0039062
8888,0.0
8889,0.0
8890,0.0
8891,-0.0039062
8892,-0.0097656
8893,-0.0097656
8894,-0.0097656
8895,-0.019531
8896,-0.025391
8897,-0.025391
8898,-0.025391
8899,-0.025391
8900,-0.035156
8901,-0.025391
8902,0.0
8903,0.0058594
8904,0.019531
8905,0.03125
8906,0.019531
8907,0.025391
8908,0.019531
8909,0.0097656
8910,-0.039062
8911,-0.070312
8912,0.35547
8913,0.88867
8914,1.3848
8915,1.5
8916,1.3691
8917,1.0996
8918,0.83398
8919,0.625
8920,0.39453
8921,0.15039
8922,-0.025391
8923,-0.125
8924,-0.16992
8925,-0.19336
8926,-0.20898
8927,-0.20898
8928,-0.21484
8929,-0.21875
8930,-0.22461
8931,-0.21875
8932,-0.22461
8933,-0.23438
8934,-0.23438
8935,-0.24414
8936,-0.25977
8937,-0.26953
8938,-0.28906
8939,-0.31836
8940,-0.35938
8941,-0.39844
8942,-0.44922
8943,-0.49805
8944,-0.49805
8945,-0.49805
8946,-0.49805
8947,-0.49805
8948,-0.49805
8949,-0.49805
8950,-0.42383
8951,-0.33398
8952,-0.25
8953,-0.18359
8954,-0.12891
8955,-0.080078
8956,-0.048828
8957,-0.039062
8958,-0.0097656
8959,-0.013672
8960,0.0097656
8961,-0.0097656
8962,0.0058594
8963,0.0097656
8964,0.015625
8965,-0.0039062
8966,0.0058594
8967,0.0
8968,0.025391
8969,0.041016
8970,0.0058594
8971,0.0
8972,0.019531
8973,0.015625
8974,0.03125
8975,0.0058594
8976,0.035156
8977,0.019531
8978,0.035156
8979,0.03125
8980,0.019531
8981,0.03125
8982,0.025391
8983,0.035156
8984,0.041016
8985,0.025391
8986,0.044922
8987,0.015625
8988,0.0097656
8989,0.044922
8990,0.025391
8991,0.019531
8992,0.015625
8993,0.019531
8994,0.035156
8995,0.041016
8996,0.054688
8997,0.064453
8998,0.050781
8999,0.064453
9000,0.054688
9001,0.035156
9002,-0.0039062
9003,-0.039062
9004,0.38086
9005,0.99023
9006,1.5
9007,1.5
9008,1.5
9009,1.2852
9010,0.96875
9011,0.71484
9012,0.45508
9013,0.17969
9014,0.0058594
9015,-0.11914
9016,-0.17383
9017,-0.21484
9018,-0.23438
9019,-0.23438
9020,-0.24414
9021,-0.25
9022,-0.25391
9023,-0.25391
9024,-0.25
9025,-0.25977
9026,-0.26367
9027,-0.27344
9028,-0.28516
9029,-0.30469
9030,-0.32422
9031,-0.35938
9032,-0.39453
9033,-0.44336
9034,-0.49805
9035,-0.49805
9036,-0.49805
9037,-0.49805
9038,-0.49805
9039,-0.49805
9040,-0.49805
9041,-0.49805
9042,-0.47461
9043,-0.37891
9044,-0.28516
9045,-0.20898
9046,-0.1543
9047,-0.11523
9048,-0.074219
9049,-0.048828
9050,-0.035156
9051,-0.025391
9052,-0.013672
9053,-0.019531
9054,-0.013672
9055,-0.019531
9056,-0.013672
9057,-0.019531
9058,-0.019531
9059,-0.019531
9060,-0.019531
9061,-0.019531
9062,-0.019531
9063,-0.019531
9064,-0.019531
9065,-0.013672
9066,-0.019531
9067,-0.013672
9068,-0.019531
9069,-0.0097656
9070,-0.0097656
9071,-0.0097656
9072,-0.0097656
9073,-0.0097656
9074,-0.013672
9075,-0.0097656
9076,-0.013672
9077,-0.0097656
9078,-0.0039062
9079,-0.0039062
9080,-0.0097656
9081,-0.0097656
9082,-0.013672
9083,-0.019531
9084,-0.019531
9085,-0.025391
9086,-0.013672
9087,-0.029297
9088,-0.025391
9089,-0.013672
9090,0.0
9091,0.015625
9092,0.019531
9093,0.019531
9094,0.019531
9095,0.025391
9096,0.019531
9097,-0.019531
9098,-0.064453
9099,0.16992
9100,0.68945
9101,1.209
9102,1.5
9103,1.4746
9104,1.2285
9105,0.95898
9106,0.70508
9107,0.49414
9108,0.25
9109,0.041016
9110,-0.083984
9111,-0.16016
9112,-0.18945
9113,-0.20898
9114,-0.21484
9115,-0.21484
9116,-0.21875
9117,-0.21484
9118,-0.22461
9119,-0.22461
9120,-0.23438
9121,-0.23438
9122,-0.24023
9123,-0.25391
9124,-0.26367
9125,-0.28516
9126,-0.30859
9127,-0.33398
9128,-0.375
9129,-0.42383
9130,-0.47852
9131,-0.49805
9132,-0.49805
9133,-0.49805
9134,-0.49805
9135,-0.49805
9136,-0.49805
9137,-0.46875
9138,-0.37891
9139,-0.29492
9140,-0.22461
9141,-0.16016
9142,-0.11523
9143,-0.080078
9144,-0.044922
9145,-0.029297
9146,-0.0097656
9147,-0.0039062
9148,0.0
9149,-0.0039062
9150,0.0
9151,0.0
9152,0.0
9153,0.0
9154,0.0058594
9155,0.0
9156,0.0
9157,0.0
9158,0.0
9159,0.0
9160,0.0
9161,0.0
9162,0.0
9163,-0.0039062
9164,-0.0039062
9165,0.0
9166,0.0
9167,-0.0039062
9168,-0.0039062
9169,0.0
9170,0.0
9171,0.0
9172,-0.0039062
9173,-0.0097656
9174,-0.013672
9175,-0.013672
9176,-0.019531
9177,-0.013672
9178,-0.019531
9179,-0.025391
9180,-0.025391
9181,-0.013672
9182,0.0
9183,0.019531
9184,0.03125
9185,0.035156
9186,0.03125
9187,0.03125
9188,0.03125
9189,0.019531
9190,-0.035156
9191,-0.058594
9192,0.41016
9193,0.93555
9194,1.4141
9195,1.5
9196,1.3633
9197,1.0898
9198,0.83008
9199,0.61523
9200,0.38477
9201,0.14062
9202,-0.025391
9203,-0.125
9204,-0.16406
9205,-0.19336
9206,-0.20508
9207,-0.21484
9208,-0.21484
9209,-0.21875
9210,-0.21875
9211,-0.22461
9212,-0.22852
9213,-0.23438
9214,-0.24023
9215,-0.24414
9216,-0.25977
9217,-0.27344
9218,-0.29492
9219,-0.32422
9220,-0.36328
9221,-0.4043
9222,-0.45898
9223,-0.49805
9224,-0.49805
9225,-0.49805
9226,-0.49805
9227,-0.49805
9228,-0.49805
9229,-0.49805
9230,-0.42969
9231,-0.33398
9232,-0.25977
9233,-0.18945
9234,-0.13477
9235,-0.089844
9236,-0.064453
9237,-0.035156
9238,-0.025391
9239,-0.0097656
9240,0.0
9241,0.0
9242,0.0
9243,0.0
9244,0.0
9245,0.0
9246,0.0
9247,0.0
9248,0.0
9249,0.0
9250,0.0
9251,-0.0039062
9252,0.0
9253,-0.0039062
9254,0.0
9255,0.0
9256,0.0
9257,-0.0039062
9258,0.0
9259,0.0
9260,0.0
9261,0.0
9262,0.0
9263,0.0058594
9264,-0.0097656
9265,-0.0039062
9266,0.015625
9267,-0.019531
9268,-0.0039062
9269,0.0058594
9270,-0.025391
9271,0.0058594
9272,-0.019531
9273,-0.0097656
9274,-0.013672
9275,0.019531
9276,0.015625
9277,0.044922
9278,0.041016
9279,0.041016
9280,0.060547
9281,0.044922
9282,0.0058594
9283,-0.044922
9284,0.14062
9285,0.67969
9286,1.25
9287,1.5
9288,1.5
9289,1.3848
9290,1.0801
9291,0.79492
9292,0.58008
9293,0.30469
9294,0.089844
9295,-0.044922
9296,-0.14453
9297,-0.18359
9298,-0.21484
9299,-0.21484
9300,-0.21875
9301,-0.22852
9302,-0.21484
9303,-0.23438
9304,-0.22852
9305,-0.24023
9306,-0.23438
9307,-0.25391
9308,-0.25977
9309,-0.2793
9310,-0.29492
9311,-0.31445
9312,-0.35352
9313,-0.39453
9314,-0.43945
9315,-0.49805
9316,-0.49805
9317,-0.49805
9318,-0.49805
9319,-0.49805
9320,-0.49805
9321,-0.49805
9322,-0.48828
9323,-0.38867
9324,-0.30469
9325,-0.22461
9326,-0.1543
9327,-0.099609
9328,-0.064453
9329,-0.035156
9330,-0.019531
9331,-0.0097656
9332,-0.0039062
9333,0.0
9334,-0.0039062
9335,-0.0039062
9336,-0.0039062
9337,-0.0097656
9338,-0.0039062
9339,-0.0097656
9340,-0.0039062
9341,-0.013672
9342,-0.0097656
9343,-0.013672
9344,-0.0097656
9345,-0.013672
9346,-0.019531
9347,-0.019531
9348,-0.019531
9349,-0.019531
9350,-0.025391
9351,-0.025391
9352,-0.019531
9353,-0.019531
9354,-0.019531
9355,-0.025391
9356,-0.025391
9357,-0.019531
9358,-0.025391
9359,-0.025391
9360,-0.029297
9361,-0.029297
9362,-0.025391
9363,-0.029297
9364,-0.025391
9365,-0.039062
9366,-0.025391
9367,-0.013672
9368,-0.0039062
9369,0.0097656
9370,0.019531
9371,0.019531
9372,0.015625
9373,0.019531
9374,-0.0039062
9375,-0.048828
9376,-0.080078
9377,0.3457
9378,0.88867
9379,1.3984
9380,1.5
9381,1.4082
9382,1.1289
9383,0.85938
9384,0.62891
9385,0.4043
9386,0.15625
9387,-0.019531
9388,-0.12891
9389,-0.17969
9390,-0.21484
9391,-0.22461
9392,-0.22852
9393,-0.23438
9394,-0.23438
9395,-0.23438
9396,-0.24023
9397,-0.25
9398,-0.24414
9399,-0.25391
9400,-0.25977
9401,-0.27344
9402,-0.28516
9403,-0.30469
9404,-0.33398
9405,-0.36914
9406,-0.4082
9407,-0.46484
9408,-0.49805
9409,-0.49805
9410,-0.49805
9411,-0.49805
9412,-0.49805
9413,-0.49805
9414,-0.49805
9415,-0.43945
9416,-0.34961
9417,-0.26953
9418,-0.19922
9419,-0.13867
9420,-0.099609
9421,-0.070312
9422,-0.048828
9423,-0.035156
9424,-0.025391
9425,-0.0097656
9426,-0.0097656
9427,-0.0039062
9428,0.0
9429,0.0
9430,0.0
9431,0.0
9432,-0.0039062
9433,-0.0039062
9434,-0.013672
9435,-0.0097656
9436,-0.0039062
9437,-0.0097656
9438,-0.0097656
9439,-0.0039062
9440,-0.0039062
9441,-0.0097656
9442,-0.0039062
9443,-0.0039062
9444,0.0
9445,-0.0039062
9446,0.0
9447,-0.0039062
9448,-0.0097656
9449,-0.013672
9450,-0.0097656
9451,-0.013672
9452,-0.013672
9453,-0.025391
9454,-0.025391
9455,-0.019531
9456,-0.025391
9457,-0.025391
9458,-0.029297
9459,-0.025391
9460,-0.0039062
9461,0.0058594
9462,0.019531
9463,0.019531
9464,0.019531
9465,0.019531
9466,0.019531
9467,0.025391
9468,-0.035156
9469,-0.058594
9470,0.2793
9471,0.79883
9472,1.3184
9473,1.5
9474,1.4082
9475,1.1445
9476,0.875
9477,0.65039
9478,0.43555
9479,0.18555
9480,-0.0039062
9481,-0.10938
9482,-0.16406
9483,-0.18945
9484,-0.20898
9485,-0.21484
9486,-0.21875
9487,-0.22461
9488,-0.22852
9489,-0.22852
9490,-0.23438
9491,-0.23438
9492,-0.24023
9493,-0.25
9494,-0.25977
9495,-0.27344
9496,-0.29492
9497,-0.31836
9498,-0.34961
9499,-0.38867
9500,-0.44336
9501,-0.49805
9502,-0.49805
9503,-0.49805
9504,-0.49805
9505,-0.49805
9506,-0.49805
9507,-0.49805
9508,-0.44922
9509,-0.35938
9510,-0.27344
9511,-0.20898
9512,-0.14844
9513,-0.099609
9514,-0.064453
9515,-0.044922
9516,-0.029297
9517,-0.013672
9518,-0.0097656
9519,-0.0039062
9520,-0.0039062
9521,0.0
9522,0.0
9523,0.0
9524,0.0
9525,0.0
9526,-0.0039062
9527,-0.0039062
9528,-0.0039062
9529,-0.0039062
9530,-0.0039062
9531,0.0
9532,-0.0039062
9533,-0.0039062
9534,0.0
9535,0.0
9536,-0.0039062
9537,-0.0039062
9538,0.0
9539,-0.0039062
9540,0.0
9541,-0.0039062
9542,0.0
9543,-0.0039062
9544,0.0
9545,-0.013672
9546,-0.019531
9547,-0.019531
9548,-0.025391
9549,-0.019531
9550,-0.025391
9551,-0.029297
9552,-0.0097656
9553,0.0
9554,0.0097656
9555,0.019531
9556,0.025391
9557,0.019531
9558,0.019531
9559,0.025391
9560,-0.013672
9561,-0.074219
9562,0.13477
9563,0.66016
9564,1.1699
9565,1.5
9566,1.4844
9567,1.2285
9568,0.96875
9569,0.71484
9570,0.52539
9571,0.26953
9572,0.054688
9573,-0.080078
9574,-0.13477
9575,-0.17383
9576,-0.19336
9577,-0.19922
9578,-0.18945
9579,-0.21484
9580,-0.19336
9581,-0.20898
9582,-0.22461
9583,-0.21875
9584,-0.21484
9585,-0.22461
9586,-0.22852
9587,-0.24023
9588,-0.26367
9589,-0.2793
9590,-0.32422
9591,-0.36328
9592,-0.41406
9593,-0.48438
9594,-0.49805
9595,-0.49805
9596,-0.49805
9597,-0.49805
9598,-0.49805
9599,-0.49805
9600,-0.46484
9601,-0.36328
9602,-0.26367
9603,-0.18359
9604,-0.11914
9605,-0.074219
9606,-0.044922
9607,-0.0097656
9608,0.0097656
9609,0.0058594
9610,0.03125
9611,0.025391
9612,0.035156
9613,0.025391
9614,0.03125
9615,0.025391
9616,0.035156
9617,0.041016
9618,0.025391
9619,0.019531
9620,0.015625
9621,0.019531
9622,0.015625
9623,0.019531
9624,0.015625
9625,0.0097656
9626,0.0097656
9627,0.015625
9628,0.0097656
9629,0.015625
9630,0.0058594
9631,0.0097656
9632,0.0058594
9633,0.0
9634,0.0097656
9635,0.0
9636,-0.0039062
9637,-0.0039062
9638,-0.0097656
9639,-0.0097656
9640,-0.0097656
9641,-0.019531
9642,-0.025391
9643,-0.0097656
9644,0.0
9645,0.0097656
9646,0.019531
9647,0.019531
9648,0.019531
9649,0.015625
9650,0.019531
9651,-0.013672
9652,-0.080078
9653,0.044922
9654,0.56055
9655,1.125
9656,1.5
9657,1.5
9658,1.3301
9659,1.0391
9660,0.76953
9661,0.55469
9662,0.31055
9663,0.080078
9664,-0.070312
9665,-0.16016
9666,-0.20898
9667,-0.23438
9668,-0.25
9669,-0.25
9670,-0.25391
9671,-0.25391
9672,-0.25391
9673,-0.25977
9674,-0.25977
9675,-0.25977
9676,-0.26953
9677,-0.2793
9678,-0.29492
9679,-0.30469
9680,-0.33398
9681,-0.35938
9682,-0.4043
9683,-0.45312
9684,-0.49805
9685,-0.49805
9686,-0.49805
9687,-0.49805
9688,-0.49805
9689,-0.49805
9690,-0.49805
9691,-0.49805
9692,-0.41406
9693,-0.32422
9694,-0.24414
9695,-0.17969
9696,-0.12891
9697,-0.089844
9698,-0.054688
9699,-0.039062
9700,-0.025391
9701,-0.019531
9702,-0.0097656
9703,-0.0039062
9704,0.0
9705,-0.0039062
9706,-0.0039062
9707,-0.0097656
9708,-0.0039062
9709,-0.0039062
9710,-0.0039062
9711,-0.0097656
9712,-0.0097656
9713,-0.013672
9714,-0.0097656
9715,-0.013672
9716,-0.0097656
9717,-0.0039062
9718,-0.0097656
9719,-0.0039062
9720,-0.0039062
9721,-0.0039062
9722,0.0
9723,-0.0039062
9724,-0.0039062
9725,0.0
9726,-0.0097656
9727,-0.0039062
9728,-0.0097656
9729,-0.0097656
9730,-0.019531
9731,-0.019531
9732,-0.019531
9733,-0.025391
9734,-0.025391
9735,-0.029297
9736,-0.025391
9737,-0.0039062
9738,0.0058594
9739,0.019531
9740,0.025391
9741,0.025391
9742,0.025391
9743,0.025391
9744,0.015625
9745,-0.039062
9746,-0.070312
9747,0.35938
9748,0.88477
9749,1.3848
9750,1.5
9751,1.375
9752,1.1035
9753,0.83398
9754,0.61914
9755,0.40039
9756,0.15039
9757,-0.025391
9758,-0.12891
9759,-0.16992
9760,-0.18945
9761,-0.20898
9762,-0.21484
9763,-0.21875
9764,-0.21875
9765,-0.22461
9766,-0.22461
9767,-0.22852
9768,-0.23438
9769,-0.24023
9770,-0.25
9771,-0.25977
9772,-0.2793
9773,-0.28906
9774,-0.31836
9775,-0.35352
9776,-0.39844
9777,-0.44922
9778,-0.49805
9779,-0.49805
9780,-0.49805
9781,-0.49805
9782,-0.49805
9783,-0.49805
9784,-0.49805
9785,-0.42969
9786,-0.34375
9787,-0.26367
9788,-0.19336
9789,-0.13867
9790,-0.099609
9791,-0.064453
9792,-0.039062
9793,-0.025391
9794,-0.013672
9795,-0.0097656
9796,-0.0039062
9797,-0.0039062
9798,0.0
9799,-0.0039062
9800,-0.0039062
9801,0.0
9802,0.0
9803,-0.0097656
9804,-0.0039062
9805,-0.0039062
9806,0.0
9807,0.0
9808,-0.0039062
9809,0.0
9810,-0.0039062
9811,-0.0097656
9812,-0.0097656
9813,-0.0039062
9814,-0.0097656
9815,0.0
9816,-0.0097656
9817,-0.0039062
9818,-0.0039062
9819,-0.0097656
9820,-0.0097656
9821,-0.0097656
9822,-0.0097656
9823,-0.019531
9824,-0.019531
9825,-0.013672
9826,-0.025391
9827,-0.019531
9828,-0.029297
9829,-0.019531
9830,0.0
9831,0.015625
9832,0.019531
9833,0.019531
9834,0.025391
9835,0.03125
9836,0.03125
9837,0.0097656
9838,-0.044922
9839,-0.070312
9840,0.40039
9841,0.92969
9842,1.4082
9843,1.5
9844,1.3438
9845,1.0801
9846,0.81445
9847,0.60938
9848,0.38086
9849,0.13477
9850,-0.029297
9851,-0.12891
9852,-0.16406
9853,-0.19336
9854,-0.19922
9855,-0.20898
9856,-0.20898
9857,-0.21484
9858,-0.20898
9859,-0.21484
9860,-0.22461
9861,-0.23438
9862,-0.22852
9863,-0.24023
9864,-0.25
9865,-0.26953
9866,-0.2793
9867,-0.30859
9868,-0.34961
9869,-0.37891
9870,-0.44336
9871,-0.49805
9872,-0.49805
9873,-0.49805
9874,-0.49805
9875,-0.49805
9876,-0.49805
9877,-0.48828
9878,-0.39844
9879,-0.30469
9880,-0.22461
9881,-0.14844
9882,-0.089844
9883,-0.044922
9884,-0.029297
9885,0.0058594
9886,0.019531
9887,0.03125
9888,0.041016
9889,0.03125
9890,0.041016
9891,0.054688
9892,0.035156
9893,0.054688
9894,0.044922
9895,0.03125
9896,0.054688
9897,0.03125
9898,0.025391
9899,0.044922
9900,0.035156
9901,0.025391
9902,0.019531
9903,0.03125
9904,0.035156
9905,0.025391
9906,0.025391
9907,0.019531
9908,0.025391
9909,0.019531
9910,0.025391
9911,0.019531
9912,0.019531
9913,0.0097656
9914,0.0058594
9915,0.015625
9916,0.0058594
9917,0.0058594
9918,-0.0039062
9919,0.0
9920,0.015625
9921,0.019531
9922,0.035156
9923,0.041016
9924,0.041016
9925,0.041016
9926,0.03125
9927,0.025391
9928,-0.0097656
9929,-0.074219
9930,0.17578
9931,0.73438
9932,1.2988
9933,1.5
9934,1.5
9935,1.2988
9936,1.0137
9937,0.74414
9938,0.51953
9939,0.25977
9940,0.041016
9941,-0.09375
9942,-0.17383
9943,-0.21484
9944,-0.24414
9945,-0.25391
9946,-0.25977
9947,-0.26367
9948,-0.25977
9949,-0.26367
9950,-0.26953
9951,-0.26953
9952,-0.26953
9953,-0.27344
9954,-0.28906
9955,-0.30469
9956,-0.33008
9957,-0.35352
9958,-0.38867
9959,-0.42969
9960,-0.47852
9961,-0.49805
9962,-0.49805
9963,-0.49805
9964,-0.49805
9965,-0.49805
9966,-0.49805
9967,-0.49805
9968,-0.48828
9969,-0.39844
9970,-0.30469
9971,-0.22461
9972,-0.16992
9973,-0.125
9974,-0.083984
9975,-0.058594
9976,-0.044922
9977,-0.025391
9978,-0.025391
9979,-0.013672
9980,-0.0097656
9981,-0.0097656
9982,-0.0097656
9983,-0.0097656
9984,-0.0097656
9985,-0.013672
9986,-0.0097656
9987,-0.0097656
9988,-0.013672
9989,-0.013672
9990,-0.0097656
9991,-0.013672
9992,-0.0097656
9993,-0.013672
9994,-0.0097656
9995,-0.0097656
9996,-0.0097656
9997,-0.0097656
9998,-0.0039062
9999,-0.0097656
10000,-0.0039062
10001,-0.0097656
10002,0.0
10003,-0.0039062
10004,0.0
10005,-0.0039062
10006,-0.0039062
10007,-0.0097656
10008,-0.013672
10009,-0.013672
10010,-0.013672
10011,-0.019531
10012,-0.0097656
10013,-0.025391
10014,-0.0097656
10015,0.0
10016,0.0058594
10017,0.019531
10018,0.025391
10019,0.025391
10020,0.019531
10021,0.025391
10022,0.0058594
10023,-0.048828
10024,-0.070312
10025,0.43945
10026,0.96875
10027,1.4395
10028,1.5
10029,1.334
10030,1.0645
10031,0.79883
10032,0.58984
10033,0.35938
10034,0.11523
10035,-0.044922
10036,-0.13867
10037,-0.17383
10038,-0.20508
10039,-0.21484
10040,-0.21875
10041,-0.22461
10042,-0.21875
10043,-0.22852
10044,-0.22461
10045,-0.22852
10046,-0.23438
10047,-0.23438
10048,-0.24414
10049,-0.25977
10050,-0.27344
10051,-0.29492
10052,-0.31445
10053,-0.35352
10054,-0.39844
10055,-0.45312
10056,-0.49805
10057,-0.49805
10058,-0.49805
10059,-0.49805
10060,-0.49805
10061,-0.49805
10062,-0.49805
10063,-0.41992
10064,-0.33008
10065,-0.25
10066,-0.18359
10067,-0.13477
10068,-0.09375
10069,-0.064453
10070,-0.039062
10071,-0.025391
10072,-0.013672
10073,-0.0097656
10074,-0.0039062
10075,-0.0097656
10076,-0.0097656
10077,-0.0039062
10078,-0.0039062
10079,0.0
10080,-0.0097656
10081,-0.0039062
10082,-0.0097656
10083,0.0
10084,0.0
10085,-0.0039062
10086,-0.0039062
10087,-0.0039062
10088,-0.0039062
10089,-0.0039062
10090,-0.0039062
10091,0.0
10092,-0.0039062
10093,-0.0039062
10094,-0.0039062
10095,-0.0039062
10096,-0.0039062
10097,-0.0097656
10098,-0.0039062
10099,-0.0097656
10100,-0.019531
10101,-0.019531
10102,-0.013672
10103,-0.025391
10104,-0.025391
10105,-0.025391
10106,-0.025391
10107,-0.0039062
10108,0.0097656
10109,0.015625
10110,0.025391
10111,0.025391
10112,0.03125
10113,0.019531
10114,0.015625
10115,-0.035156
10116,-0.064453
10117,0.3457
10118,0.86914
10119,1.3633
10120,1.5
10121,1.3848
10122,1.1094
10123,0.84375
10124,0.62891
10125,0.41016
10126,0.16016
10127,-0.019531
10128,-0.125
10129,-0.16406
10130,-0.19922
10131,-0.21484
10132,-0.21875
10133,-0.21875
10134,-0.21875
10135,-0.22461
10136,-0.22461
10137,-0.22852
10138,-0.23438
10139,-0.24023
10140,-0.25391
10141,-0.25977
10142,-0.2793
10143,-0.29492
10144,-0.31445
10145,-0.35352
10146,-0.39453
10147,-0.45312
10148,-0.49805
10149,-0.49805
10150,-0.49805
10151,-0.49805
10152,-0.49805
10153,-0.49805
10154,-0.49805
10155,-0.42969
10156,-0.33984
10157,-0.25977
10158,-0.18945
10159,-0.13477
10160,-0.089844
10161,-0.054688
10162,-0.029297
10163,-0.025391
10164,0.0
10165,-0.0097656
10166,0.0
10167,0.0097656
10168,0.0058594
10169,-0.0097656
10170,0.0058594
10171,0.0097656
10172,0.0
10173,0.0097656
10174,0.0058594
10175,0.019531
10176,0.0097656
10177,0.015625
10178,0.0058594
10179,0.019531
10180,0.015625
10181,0.015625
10182,0.019531
10183,0.0097656
10184,0.035156
10185,0.03125
10186,0.019531
10187,0.0058594
10188,0.044922
10189,0.019531
10190,0.041016
10191,0.025391
10192,0.019531
10193,0.015625
10194,0.035156
10195,0.041016
10196,0.015625
10197,0.019531
10198,0.015625
10199,0.035156
10200,0.041016
10201,0.064453
10202,0.060547
10203,0.054688
10204,0.054688
10205,0.064453
10206,0.044922
10207,-0.0039062
10208,-0.035156
10209,0.27539
10210,0.85938
10211,1.4395
10212,1.5
10213,1.5
10214,1.3301
10215,1.0293
10216,0.75391
10217,0.50977
10218,0.23438
10219,0.035156
10220,-0.099609
10221,-0.16406
10222,-0.20898
10223,-0.22852
10224,-0.24023
10225,-0.24023
10226,-0.25
10227,-0.24414
10228,-0.25391
10229,-0.25
10230,-0.25977
10231,-0.25977
10232,-0.27344
10233,-0.28516
10234,-0.30469
10235,-0.31836
10236,-0.34961
10237,-0.37891
10238,-0.42383
10239,-0.47852
10240,-0.49805
10241,-0.49805
10242,-0.49805
10243,-0.49805
10244,-0.49805
10245,-0.49805
10246,-0.49805
10247,-0.48438
10248,-0.38867
10249,-0.30469
10250,-0.22852
10251,-0.17383
10252,-0.11914
10253,-0.080078
10254,-0.054688
10255,-0.039062
10256,-0.025391
10257,-0.025391
10258,-0.019531
10259,-0.019531
10260,-0.013672
10261,-0.019531
10262,-0.013672
10263,-0.019531
10264,-0.019531
10265,-0.025391
10266,-0.025391
10267,-0.025391
10268,-0.019531
10269,-0.025391
10270,-0.025391
10271,-0.025391
10272,-0.025391
10273,-0.019531
10274,-0.025391
10275,-0.019531
10276,-0.013672
10277,-0.013672
10278,-0.013672
10279,-0.013672
10280,-0.0097656
10281,-0.0097656
10282,-0.0097656
10283,-0.0039062
10284,-0.0097656
10285,-0.013672
10286,-0.013672
10287,-0.025391
10288,-0.025391
10289,-0.019531
10290,-0.029297
10291,-0.025391
10292,-0.039062
10293,-0.029297
10294,-0.013672
10295,0.0
10296,0.0097656
10297,0.019531
10298,0.025391
10299,0.019531
10300,0.019531
10301,0.0058594
10302,-0.035156
10303,-0.064453
10304,0.29492
10305,0.82422
10306,1.334
10307,1.5
10308,1.4141
10309,1.1387
10310,0.87891
10311,0.65039
10312,0.43555
10313,0.17969
10314,-0.0039062
10315,-0.11523
10316,-0.16992
10317,-0.19336
10318,-0.20898
10319,-0.21484
10320,-0.21875
10321,-0.21875
10322,-0.22461
10323,-0.22461
10324,-0.22852
10325,-0.22852
10326,-0.23438
10327,-0.24023
10328,-0.25391
10329,-0.26367
10330,-0.28906
10331,-0.30859
10332,-0.34961
10333,-0.38477
10334,-0.43945
10335,-0.48828
10336,-0.49805
10337,-0.49805
10338,-0.49805
10339,-0.49805
10340,-0.49805
10341,-0.49805
10342,-0.44922
10343,-0.35352
10344,-0.27344
10345,-0.20508
10346,-0.13867
10347,-0.099609
10348,-0.070312
10349,-0.044922
10350,-0.025391
10351,-0.025391
10352,-0.0097656
10353,-0.0039062
10354,0.0
10355,0.0
10356,0.0
10357,0.0058594
10358,0.0
10359,0.0
10360,0.0
10361,-0.0039062
10362,0.0
10363,0.0
10364,0.0
10365,-0.0039062
10366,0.0
10367,-0.0039062
10368,0.0
10369,0.0
10370,-0.0097656
10371,0.0
10372,-0.013672
10373,0.0
10374,-0.0097656
10375,0.0
10376,-0.0039062
10377,-0.0097656
10378,-0.0097656
10379,-0.019531
10380,-0.025391
10381,-0.025391
10382,-0.029297
10383,-0.025391
10384,-0.029297
10385,-0.025391
10386,-0.0039062
10387,0.0097656
10388,0.019531
10389,0.025391
10390,0.019531
10391,0.03125
10392,0.03125
10393,0.015625
10394,-0.035156
10395,-0.064453
10396,0.31055
10397,0.83984
10398,1.3398
10399,1.5
10400,1.3984
10401,1.1289
10402,0.86914
10403,0.64062
10404,0.41992
10405,0.17578
10406,-0.0039062
10407,-0.11523
10408,-0.16406
10409,-0.19336
10410,-0.20898
10411,-0.21484
10412,-0.21484
10413,-0.21875
10414,-0.21875
10415,-0.23438
10416,-0.23438
10417,-0.22852
10418,-0.23438
10419,-0.25
10420,-0.25977
10421,-0.27344
10422,-0.28906
10423,-0.31445
10424,-0.35352
10425,-0.39453
10426,-0.44922
10427,-0.49805
10428,-0.49805
10429,-0.49805
10430,-0.49805
10431,-0.49805
10432,-0.49805
10433,-0.49805
10434,-0.43945
10435,-0.34375
10436,-0.26953
10437,-0.19922
10438,-0.13867
10439,-0.09375
10440,-0.070312
10441,-0.044922
10442,-0.029297
10443,-0.019531
10444,-0.0097656
10445,-0.0039062
10446,0.0
10447,0.0
10448,0.0
10449,0.0
10450,0.0058594
10451,0.0
10452,-0.0039062
10453,-0.0039062
10454,0.0
10455,-0.0039062
10456,-0.0039062
10457,0.0
10458,-0.0039062
10459,0.0
10460,0.0
10461,0.0
10462,0.0
10463,-0.0039062
10464,0.0
10465,0.0
10466,0.0
10467,0.0
10468,0.0
10469,0.0
10470,0.0
10471,-0.019531
10472,-0.013672
10473,-0.0039062
10474,-0.029297
10475,-0.025391
10476,-0.029297
10477,-0.0097656
10478,0.0
10479,0.019531
10480,0.019531
10481,0.041016
10482,0.03125
10483,0.054688
10484,0.041016
10485,0.0097656
10486,-0.044922
10487,-0.048828
10488,0.58398
10489,1.1445
10490,1.5
10491,1.5
10492,1.3789
10493,1.1035
10494,0.82422
10495,0.60547
10496,0.34961
10497,0.11523
10498,-0.039062
10499,-0.11914
10500,-0.16016
10501,-0.20508
10502,-0.19336
10503,-0.21484
10504,-0.20508
10505,-0.18945
10506,-0.21484
10507,-0.21875
10508,-0.22461
10509,-0.23438
10510,-0.24023
10511,-0.24414
10512,-0.25391
10513,-0.27344
10514,-0.30469
10515,-0.33398
10516,-0.37891
10517,-0.42383
10518,-0.47852
10519,-0.49805
10520,-0.49805
10521,-0.49805
10522,-0.49805
10523,-0.49805
10524,-0.49805
10525,-0.47852
10526,-0.38867
10527,-0.28906
10528,-0.20898
10529,-0.14453
10530,-0.09375
10531,-0.054688
10532,-0.013672
10533,-0.0039062
10534,0.0
10535,0.0058594
10536,0.0097656
10537,0.015625
10538,0.015625
10539,0.019531
10540,0.0097656
10541,0.0058594
10542,0.0058594
10543,0.0
10544,0.0
10545,0.0
10546,0.0
10547,0.0
10548,0.0058594
10549,0.0
10550,0.0
10551,0.0
10552,0.0
10553,-0.0039062
10554,0.0
10555,-0.0039062
10556,0.0
10557,-0.0097656
10558,-0.0039062
10559,-0.013672
10560,-0.0097656
10561,-0.013672
10562,-0.019531
10563,-0.025391
10564,-0.019531
10565,-0.025391
10566,-0.025391
10567,-0.035156
10568,-0.025391
10569,-0.013672
10570,-0.0039062
10571,0.0058594
10572,0.0097656
10573,0.015625
10574,0.015625
10575,0.019531
10576,0.0058594
10577,-0.039062
10578,-0.074219
10579,0.29102
10580,0.82422
10581,1.3496
10582,1.5
10583,1.4395
10584,1.1699
10585,0.90039
10586,0.66016
10587,0.43945
10588,0.18945
10589,0.0
10590,-0.11523
10591,-0.16992
10592,-0.21484
10593,-0.22852
10594,-0.23438
10595,-0.24023
10596,-0.24414
10597,-0.25
10598,-0.25
10599,-0.25
10600,-0.25977
10601,-0.25977
10602,-0.26953
10603,-0.2793
10604,-0.28906
10605,-0.30859
10606,-0.33398
10607,-0.375
10608,-0.41406
10609,-0.46484
10610,-0.49805
10611,-0.49805
10612,-0.49805
10613,-0.49805
10614,-0.49805
10615,-0.49805
10616,-0.49805
10617,-0.45312
10618,-0.36328
10619,-0.27344
10620,-0.19922
10621,-0.13867
10622,-0.099609
10623,-0.070312
10624,-0.048828
10625,-0.029297
10626,-0.019531
10627,-0.013672
10628,-0.0097656
10629,-0.0039062
10630,-0.0039062
10631,0.0
10632,-0.0039062
10633,-0.0039062
10634,-0.0039062
10635,-0.0039062
10636,-0.0039062
10637,-0.0039062
10638,-0.0097656
10639,-0.0039062
10640,-0.0097656
10641,-0.0097656
10642,-0.0039062
10643,-0.0097656
10644,-0.0039062
10645,-0.0039062
10646,-0.0039062
10647,0.0
10648,-0.0097656
10649,-0.0039062
10650,0.0
10651,-0.0039062
10652,-0.0039062
10653,-0.0097656
10654,-0.0039062
10655,-0.019531
10656,-0.019531
10657,-0.025391
10658,-0.019531
10659,-0.025391
10660,-0.025391
10661,-0.0039062
10662,0.0
10663,0.0097656
10664,0.025391
10665,0.019531
10666,0.025391
10667,0.019531
10668,0.025391
10669,-0.019531
10670,-0.070312
10671,0.15625
10672,0.67969
10673,1.2051
10674,1.5
10675,1.4746
10676,1.2148
10677,0.94531
10678,0.69922
10679,0.49414
10680,0.25
10681,0.041016
10682,-0.089844
10683,-0.1543
10684,-0.18359
10685,-0.20508
10686,-0.21484
10687,-0.21484
10688,-0.22461
10689,-0.22461
10690,-0.22852
10691,-0.22852
10692,-0.23438
10693,-0.23438
10694,-0.25
10695,-0.25391
10696,-0.26953
10697,-0.28906
10698,-0.31445
10699,-0.33984
10700,-0.37891
10701,-0.42969
10702,-0.48828
10703,-0.49805
10704,-0.49805
10705,-0.49805
10706,-0.49805
10707,-0.49805
10708,-0.49805
10709,-0.45898
10710,-0.36914
10711,-0.28516
10712,-0.21484
10713,-0.1543
10714,-0.11523
10715,-0.070312
10716,-0.044922
10717,-0.025391
10718,-0.013672
10719,-0.0039062
10720,0.0
10721,0.0
10722,0.0
10723,0.0
10724,0.0
10725,0.0
10726,0.0
10727,0.0058594
10728,0.0
10729,0.0
10730,-0.0039062
10731,-0.0039062
10732,0.0
10733,0.0
10734,-0.0039062
10735,0.0
10736,0.0
10737,0.0
10738,0.0
10739,-0.0039062
10740,-0.0097656
10741,0.0
10742,-0.0039062
10743,-0.0039062
10744,-0.0097656
10745,-0.0097656
10746,-0.013672
10747,-0.019531
10748,-0.025391
10749,-0.013672
10750,-0.019531
10751,-0.025391
10752,-0.025391
10753,-0.0097656
10754,0.0
10755,0.0097656
10756,0.019531
10757,0.025391
10758,0.035156
10759,0.03125
10760,0.03125
10761,0.0058594
10762,-0.048828
10763,-0.070312
10764,0.42578
10765,0.94922
10766,1.4297
10767,1.5
10768,1.3398
10769,1.0645
10770,0.80469
10771,0.60547
10772,0.375
10773,0.13086
10774,-0.035156
10775,-0.12891
10776,-0.16406
10777,-0.19336
10778,-0.20508
10779,-0.20898
10780,-0.21484
10781,-0.21875
10782,-0.21875
10783,-0.22461
10784,-0.22852
10785,-0.23438
10786,-0.23438
10787,-0.24023
10788,-0.25977
10789,-0.26367
10790,-0.29883
10791,-0.32422
10792,-0.35938
10793,-0.4043
10794,-0.46484
10795,-0.49805
10796,-0.49805
10797,-0.49805
10798,-0.49805
10799,-0.49805
10800,-0.49805
10801,-0.49414
10802,-0.4082
10803,-0.30469
10804,-0.23438
10805,-0.18359
10806,-0.099609
10807,-0.074219
10808,-0.029297
10809,-0.0039062
10810,0.0
10811,0.015625
10812,0.025391
10813,0.041016
10814,0.015625
10815,0.019531
10816,0.041016
10817,0.03125
10818,0.019531
10819,0.015625
10820,0.03125
10821,0.025391
10822,0.03125
10823,0.035156
10824,0.025391
10825,0.035156
10826,0.015625
10827,0.025391
10828,0.044922
10829,0.03125
10830,0.025391
10831,0.019531
10832,0.03125
10833,0.019531
10834,0.035156
10835,0.015625
10836,0.0097656
10837,0.019531
10838,0.015625
10839,0.019531
10840,0.0058594
10841,0.0097656
10842,-0.0039062
10843,-0.0097656
10844,0.015625
10845,0.019531
10846,0.035156
10847,0.044922
10848,0.041016
10849,0.044922
10850,0.041016
10851,0.035156
10852,0.0097656
10853,-0.054688
10854,0.080078
10855,0.625
10856,1.2148
10857,1.5
10858,1.5
10859,1.4043
10860,1.1035
10861,0.82031
10862,0.58398
10863,0.32422
10864,0.089844
10865,-0.064453
10866,-0.16016
10867,-0.20898
10868,-0.24023
10869,-0.25
10870,-0.25391
10871,-0.25977
10872,-0.25977
10873,-0.25977
10874,-0.26367
10875,-0.27344
10876,-0.27344
10877,-0.28516
10878,-0.29492
10879,-0.30859
10880,-0.33008
10881,-0.35938
10882,-0.38867
10883,-0.42969
10884,-0.47852
10885,-0.49805
10886,-0.49805
10887,-0.49805
10888,-0.49805
10889,-0.49805
10890,-0.49805
10891,-0.49805
10892,-0.49805
10893,-0.42383
10894,-0.33984
10895,-0.25
10896,-0.18359
10897,-0.13477
10898,-0.089844
10899,-0.058594
10900,-0.039062
10901,-0.025391
10902,-0.019531
10903,-0.019531
10904,-0.013672
10905,-0.025391
10906,-0.013672
10907,-0.013672
10908,-0.019531
10909,-0.019531
10910,-0.019531
10911,-0.019531
10912,-0.013672
10913,-0.019531
10914,-0.019531
10915,-0.019531
10916,-0.013672
10917,-0.013672
10918,-0.019531
10919,-0.0097656
10920,-0.0097656
10921,-0.0097656
10922,-0.0097656
10923,-0.0039062
10924,-0.013672
10925,-0.0097656
10926,-0.0039062
10927,-0.0039062
10928,-0.0097656
10929,-0.0039062
10930,-0.0097656
10931,-0.013672
10932,-0.019531
10933,-0.019531
10934,-0.013672
10935,-0.025391
10936,-0.019531
10937,-0.025391
10938,-0.029297
10939,-0.0097656
10940,0.0
10941,0.015625
10942,0.019531
10943,0.019531
10944,0.019531
10945,0.019531
10946,0.0097656
10947,-0.035156
10948,-0.064453
10949,0.26953
10950,0.79492
10951,1.3086
10952,1.5
10953,1.4199
10954,1.1602
10955,0.88867
10956,0.6543
10957,0.43945
10958,0.18945
10959,0.0
10960,-0.10938
10961,-0.16016
10962,-0.19336
10963,-0.20898
10964,-0.20898
10965,-0.21484
10966,-0.21875
10967,-0.21875
10968,-0.22461
10969,-0.22852
10970,-0.23438
10971,-0.24023
10972,-0.25
10973,-0.25977
10974,-0.26953
10975,-0.28906
10976,-0.30859
10977,-0.34375
10978,-0.38867
10979,-0.43945
10980,-0.48828
10981,-0.49805
10982,-0.49805
10983,-0.49805
10984,-0.49805
10985,-0.49805
10986,-0.49805
10987,-0.44922
10988,-0.36328
10989,-0.27344
10990,-0.21484
10991,-0.14844
10992,-0.099609
10993,-0.064453
10994,-0.044922
10995,-0.025391
10996,-0.013672
10997,-0.0097656
10998,0.0
10999,0.0
11000,0.0
11001,0.0
11002,-0.0039062
11003,0.0
11004,-0.0039062
11005,-0.0097656
11006,-0.0039062
11007,-0.0039062
11008,0.0
11009,0.0
11010,-0.0039062
11011,-0.0097656
11012,-0.0039062
11013,-0.0097656
11014,-0.0039062
11015,0.0
11016,0.0
11017,0.0
11018,0.0
11019,-0.0039062
11020,0.0
11021,-0.0039062
11022,-0.013672
11023,-0.0097656
11024,-0.019531
11025,-0.025391
11026,-0.019531
11027,-0.025391
11028,-0.025391
11029,-0.029297
11030,-0.025391
11031,-0.0039062
11032,0.0058594
11033,0.019531
11034,0.019531
11035,0.025391
11036,0.019531
11037,0.019531
11038,0.0058594
11039,-0.044922
11040,-0.074219
11041,0.39453
11042,0.92969
11043,1.4141
11044,1.5
11045,1.3535
11046,1.084
11047,0.82422
11048,0.60938
11049,0.38086
11050,0.14062
11051,-0.035156
11052,-0.12891
11053,-0.16992
11054,-0.19922
11055,-0.20898
11056,-0.21484
11057,-0.21484
11058,-0.21484
11059,-0.21875
11060,-0.22461
11061,-0.22852
11062,-0.23438
11063,-0.24023
11064,-0.25
11065,-0.25977
11066,-0.2793
11067,-0.29883
11068,-0.32422
11069,-0.35938
11070,-0.4043
11071,-0.45898
11072,-0.49805
11073,-0.49805
11074,-0.49805
11075,-0.49805
11076,-0.49805
11077,-0.49805
11078,-0.49805
11079,-0.41992
11080,-0.33398
11081,-0.25
11082,-0.18945
11083,-0.12891
11084,-0.089844
11085,-0.054688
11086,-0.039062
11087,-0.019531
11088,-0.0097656
11089,0.0
11090,0.0
11091,0.015625
11092,0.0
11093,-0.0039062
11094,0.0
11095,-0.0097656
11096,0.0097656
11097,0.0
11098,0.0
11099,0.0
11100,0.0
11101,0.0097656
11102,0.0
11103,0.0
11104,0.015625
11105,0.019531
11106,0.015625
11107,0.019531
11108,0.015625
11109,0.019531
11110,0.0097656
11111,0.019531
11112,0.03125
11113,0.0097656
11114,0.025391
11115,0.044922
11116,0.015625
11117,0.019531
11118,0.019531
11119,0.0097656
11120,0.025391
11121,0.0097656
11122,0.025391
11123,0.041016
11124,0.044922
11125,0.060547
11126,0.080078
11127,0.060547
11128,0.054688
11129,0.044922
11130,0.054688
11131,-0.019531
11132,-0.025391
11133,0.54492
11134,1.1602
11135,1.5
11136,1.5
11137,1.4844
11138,1.1797
11139,0.875
11140,0.64453
11141,0.38086
11142,0.125
11143,-0.029297
11144,-0.12891
11145,-0.17969
11146,-0.21484
11147,-0.22461
11148,-0.23438
11149,-0.23438
11150,-0.24414
11151,-0.24023
11152,-0.24414
11153,-0.25391
11154,-0.25
11155,-0.25977
11156,-0.26367
11157,-0.28516
11158,-0.30469
11159,-0.33008
11160,-0.35938
11161,-0.39844
11162,-0.45312
11163,-0.49805
11164,-0.49805
11165,-0.49805
11166,-0.49805
11167,-0.49805
11168,-0.49805
11169,-0.49805
11170,-0.49805
11171,-0.43945
11172,-0.34375
11173,-0.26367
11174,-0.19336
11175,-0.13867
11176,-0.089844
11177,-0.064453
11178,-0.044922
11179,-0.029297
11180,-0.025391
11181,-0.0097656
11182,-0.013672
11183,-0.013672
11184,-0.013672
11185,-0.0097656
11186,-0.019531
11187,-0.019531
11188,-0.025391
11189,-0.025391
11190,-0.025391
11191,-0.025391
11192,-0.025391
11193,-0.019531
11194,-0.019531
11195,-0.019531
11196,-0.019531
11197,-0.019531
11198,-0.019531
11199,-0.019531
11200,-0.019531
11201,-0.013672
11202,-0.019531
11203,-0.013672
11204,-0.0097656
11205,-0.019531
11206,-0.013672
11207,-0.019531
11208,-0.013672
11209,-0.019531
11210,-0.025391
11211,-0.029297
11212,-0.025391
11213,-0.035156
11214,-0.025391
11215,-0.039062
11216,-0.035156
11217,-0.025391
11218,-0.0039062
11219,0.0
11220,0.015625
11221,0.0097656
11222,0.019531
11223,0.015625
11224,0.0
11225,-0.048828
11226,-0.074219
11227,0.33594
11228,0.86914
11229,1.375
11230,1.5
11231,1.3848
11232,1.1094
11233,0.84375
11234,0.61914
11235,0.39453
11236,0.15039
11237,-0.025391
11238,-0.13477
11239,-0.17969
11240,-0.20898
11241,-0.21875
11242,-0.22461
11243,-0.22852
11244,-0.23438
11245,-0.23438
11246,-0.23438
11247,-0.24023
11248,-0.24023
11249,-0.25
11250,-0.25977
11251,-0.26367
11252,-0.2793
11253,-0.29883
11254,-0.32422
11255,-0.35938
11256,-0.39844
11257,-0.45312
11258,-0.49805
11259,-0.49805
11260,-0.49805
11261,-0.49805
11262,-0.49805
11263,-0.49805
11264,-0.49805
11265,-0.44336
11266,-0.34961
11267,-0.26953
11268,-0.19922
11269,-0.14844
11270,-0.099609
11271,-0.074219
11272,-0.044922
11273,-0.029297
11274,-0.019531
11275,-0.013672
11276,0.0
11277,-0.0039062
11278,0.0
11279,-0.0039062
11280,-0.0039062
11281,0.0
11282,-0.0039062
11283,-0.0039062
11284,-0.0039062
11285,-0.0039062
11286,-0.0039062
11287,-0.0039062
11288,-0.0039062
11289,-0.0039062
11290,-0.0097656
11291,-0.0097656
11292,-0.0039062
11293,0.0
11294,-0.0097656
11295,-0.0039062
11296,-0.0097656
11297,-0.0039062
11298,-0.0097656
11299,-0.0039062
11300,-0.0097656
11301,-0.0097656
11302,-0.019531
11303,-0.025391
11304,-0.019531
11305,-0.025391
11306,-0.025391
11307,-0.025391
11308,-0.025391
11309,-0.0039062
11310,0.0097656
11311,0.019531
11312,0.019531
11313,0.019531
11314,0.025391
11315,0.019531
11316,0.0097656
11317,-0.035156
11318,-0.070312
11319,0.32031
11320,0.85547
11321,1.3496
11322,1.5
11323,1.3887
11324,1.1191
11325,0.85938
11326,0.63477
11327,0.41602
11328,0.16992
11329,-0.0097656
11330,-0.11914
11331,-0.16406
11332,-0.19922
11333,-0.20898
11334,-0.21484
11335,-0.21484
11336,-0.21875
11337,-0.22461
11338,-0.22461
11339,-0.22852
11340,-0.23438
11341,-0.23438
11342,-0.25
11343,-0.25977
11344,-0.27344
11345,-0.28906
11346,-0.31836
11347,-0.34961
11348,-0.39844
11349,-0.44922
11350,-0.49805
11351,-0.49805
11352,-0.49805
11353,-0.49805
11354,-0.49805
11355,-0.49805
11356,-0.49805
11357,-0.43359
11358,-0.34375
11359,-0.26953
11360,-0.19922
11361,-0.13477
11362,-0.089844
11363,-0.058594
11364,-0.039062
11365,-0.025391
11366,-0.013672
11367,-0.0097656
11368,0.0
11369,0.0
11370,0.0
11371,0.0
11372,0.0
11373,0.0
11374,0.0
11375,0.0
11376,0.0
11377,0.0
11378,0.0
11379,0.0
11380,0.0
11381,0.0
11382,-0.0039062
11383,0.0
11384,0.0
11385,0.0058594
11386,-0.0039062
11387,0.0
11388,-0.0039062
11389,0.0097656
11390,-0.0039062
11391,0.0
11392,-0.0097656
11393,-0.025391
11394,0.0
11395,-0.025391
11396,-0.0039062
11397,0.0
11398,-0.0039062
11399,0.0
11400,0.0
11401,0.025391
11402,0.041016
11403,0.050781
11404,0.054688
11405,0.050781
11406,0.064453
11407,0.060547
11408,0.044922
11409,0.015625
11410,-0.029297
11411,0.40039
11412,0.99414
11413,1.5
11414,1.5
11415,1.5
11416,1.2598
11417,0.96875
11418,0.69922
11419,0.44922
11420,0.20117
11421,0.0058594
11422,-0.089844
11423,-0.16016
11424,-0.19336
11425,-0.19922
11426,-0.20898
11427,-0.21875
11428,-0.23438
11429,-0.22852
11430,-0.23438
11431,-0.22852
11432,-0.24023
11433,-0.24414
11434,-0.25977
11435,-0.25391
11436,-0.2793
11437,-0.30469
11438,-0.33398
11439,-0.36914
11440,-0.41992
11441,-0.46875
11442,-0.49805
11443,-0.49805
11444,-0.49805
11445,-0.49805
11446,-0.49805
11447,-0.49805
11448,-0.49805
11449,-0.43359
11450,-0.34375
11451,-0.25
11452,-0.17969
11453,-0.11914
11454,-0.074219
11455,-0.048828
11456,-0.025391
11457,-0.0039062
11458,0.0
11459,0.0058594
11460,0.0097656
11461,0.0
11462,0.0058594
11463,0.0
11464,0.0
11465,0.0
11466,0.0
11467,0.0
11468,-0.0039062
11469,0.0
11470,-0.0097656
11471,-0.0097656
11472,-0.013672
11473,-0.0097656
11474,-0.013672
11475,-0.0097656
11476,-0.013672
11477,-0.0097656
11478,-0.0097656
11479,-0.0097656
11480,-0.0097656
11481,-0.0097656
11482,-0.013672
11483,-0.013672
11484,-0.019531
11485,-0.025391
11486,-0.025391
11487,-0.025391
11488,-0.025391
11489,-0.025391
11490,-0.029297
11491,-0.025391
11492,-0.035156
11493,-0.025391
11494,-0.013672
11495,0.0
11496,0.015625
11497,0.019531
11498,0.019531
11499,0.019531
11500,0.015625
11501,-0.0039062
11502,-0.064453
11503,-0.074219
11504,0.4707
11505,1.0137
11506,1.4746
11507,1.5
11508,1.3438
11509,1.0703
11510,0.79883
11511,0.58398
11512,0.35547
11513,0.11523
11514,-0.044922
11515,-0.14453
11516,-0.17969
11517,-0.21484
11518,-0.21875
11519,-0.22461
11520,-0.22461
11521,-0.23438
11522,-0.23438
11523,-0.23438
11524,-0.23438
11525,-0.24414
11526,-0.24414
11527,-0.25977
11528,-0.26367
11529,-0.2793
11530,-0.30469
11531,-0.33398
11532,-0.36914
11533,-0.41406
11534,-0.46484
11535,-0.49805
11536,-0.49805
11537,-0.49805
11538,-0.49805
11539,-0.49805
11540,-0.49805
11541,-0.49805
11542,-0.41992
11543,-0.33008
11544,-0.25
11545,-0.17969
11546,-0.125
11547,-0.083984
11548,-0.058594
11549,-0.035156
11550,-0.025391
11551,-0.013672
11552,-0.0039062
11553,0.0
11554,0.0
11555,0.0
11556,0.0
11557,0.0058594
11558,0.0
11559,0.0
11560,0.0
11561,0.0
11562,-0.0039062
11563,0.0
11564,0.0
11565,-0.0039062
11566,0.0
11567,0.0
11568,0.0
11569,-0.0039062
11570,0.0
11571,-0.0097656
11572,-0.0039062
11573,-0.0039062
11574,0.0
11575,0.0
11576,-0.0039062
11577,0.0
11578,-0.0097656
11579,-0.013672
11580,-0.013672
11581,-0.0097656
11582,-0.019531
11583,-0.0097656
11584,-0.025391
11585,-0.013672
11586,-0.0039062
11587,0.015625
11588,0.019531
11589,0.03125
11590,0.03125
11591,0.035156
11592,0.03125
11593,0.015625
11594,-0.039062
11595,-0.064453
11596,0.41602
11597,0.93945
11598,1.4141
11599,1.5
11600,1.3438
11601,1.0801
11602,0.82031
11603,0.60547
11604,0.375
11605,0.13086
11606,-0.035156
11607,-0.13477
11608,-0.16992
11609,-0.19922
11610,-0.20898
11611,-0.21484
11612,-0.21875
11613,-0.22461
11614,-0.22461
11615,-0.22852
11616,-0.23438
11617,-0.23438
11618,-0.24023
11619,-0.25
11620,-0.25977
11621,-0.27344
11622,-0.29492
11623,-0.32422
11624,-0.35938
11625,-0.4082
11626,-0.45898
11627,-0.49805
11628,-0.49805
11629,-0.49805
11630,-0.49805
11631,-0.49805
11632,-0.49805
11633,-0.49805
11634,-0.41992
11635,-0.33398
11636,-0.25
11637,-0.18359
11638,-0.13477
11639,-0.089844
11640,-0.058594
11641,-0.035156
11642,-0.025391
11643,-0.013672
11644,-0.0039062
11645,0.0
11646,0.0
11647,0.0
11648,0.0
11649,0.0
11650,0.0
11651,0.0
11652,0.0
11653,0.0
11654,0.0
11655,-0.0039062
11656,0.0
11657,0.0
11658,-0.0097656
11659,0.0
11660,0.0
11661,-0.0039062
11662,0.0
11663,0.0
11664,-0.0039062
11665,-0.0039062
11666,-0.0039062
11667,0.0
11668,0.0
11669,-0.0097656
11670,0.0
11671,-0.019531
11672,-0.019531
11673,-0.025391
11674,-0.019531
11675,-0.025391
11676,-0.025391
11677,-0.019531
11678,0.0097656
11679,0.019531
11680,0.041016
11681,0.03125
11682,0.050781
11683,0.035156
11684,0.035156
11685,0.041016
11686,-0.019531
11687,-0.029297
11688,0.41992
11689,0.98438
11690,1.5
11691,1.5
11692,1.4785
11693,1.1934
11694,0.90039
11695,0.67578
11696,0.43945
11697,0.16602
11698,-0.0039062
11699,-0.099609
11700,-0.1543
11701,-0.17969
11702,-0.21484
11703,-0.21875
11704,-0.20898
11705,-0.20508
11706,-0.21875
11707,-0.21875
11708,-0.22852
11709,-0.21484
11710,-0.25
11711,-0.25977
11712,-0.26367
11713,-0.28516
11714,-0.29883
11715,-0.33398
11716,-0.375
11717,-0.42383
11718,-0.47461
11719,-0.49805
11720,-0.49805
11721,-0.49805
11722,-0.49805
11723,-0.49805
11724,-0.49805
11725,-0.49805
11726,-0.42383
11727,-0.32422
11728,-0.24414
11729,-0.17383
11730,-0.11523
11731,-0.070312
11732,-0.039062
11733,-0.025391
11734,-0.0097656
11735,0.0
11736,0.0097656
11737,0.0058594
11738,0.0
11739,0.0058594
11740,0.0058594
11741,0.0097656
11742,0.0
11743,0.0
11744,-0.0039062
11745,-0.0097656
11746,-0.019531
11747,-0.013672
11748,-0.019531
11749,-0.013672
11750,-0.019531
11751,-0.013672
11752,-0.025391
11753,-0.019531
11754,-0.025391
11755,-0.025391
11756,-0.019531
11757,-0.025391
11758,-0.019531
11759,-0.019531
11760,-0.019531
11761,-0.025391
11762,-0.025391
11763,-0.029297
11764,-0.025391
11765,-0.025391
11766,-0.025391
11767,-0.029297
11768,-0.035156
11769,-0.019531
11770,-0.0097656
11771,0.0
11772,0.0097656
11773,0.015625
11774,0.015625
11775,0.015625
11776,0.0097656
11777,-0.029297
11778,-0.083984
11779,0.15039
11780,0.67969
11781,1.2148
11782,1.5
11783,1.4941
11784,1.2402
11785,0.96875
11786,0.70508
11787,0.5
11788,0.25586
11789,0.044922
11790,-0.089844
11791,-0.16406
11792,-0.19922
11793,-0.22461
11794,-0.22852
11795,-0.23438
11796,-0.23438
11797,-0.23438
11798,-0.24023
11799,-0.24023
11800,-0.24414
11801,-0.25
11802,-0.25977
11803,-0.26953
11804,-0.28516
11805,-0.29492
11806,-0.31836
11807,-0.34961
11808,-0.39453
11809,-0.43945
11810,-0.49805
11811,-0.49805
11812,-0.49805
11813,-0.49805
11814,-0.49805
11815,-0.49805
11816,-0.49805
11817,-0.47461
11818,-0.37891
11819,-0.29492
11820,-0.21875
11821,-0.16016
11822,-0.10938
11823,-0.074219
11824,-0.044922
11825,-0.025391
11826,-0.0097656
11827,0.0
11828,0.0
11829,0.0
11830,0.0
11831,0.0
11832,0.0
11833,0.0
11834,0.0
11835,0.0
11836,0.0
11837,0.0
11838,-0.0097656
11839,-0.0039062
11840,-0.0097656
11841,-0.0039062
11842,-0.0097656
11843,-0.0097656
11844,-0.0039062
11845,0.0
11846,-0.0039062
11847,0.0
11848,-0.0039062
11849,-0.0039062
11850,0.0
11851,-0.0039062
11852,-0.0097656
11853,-0.0039062
11854,-0.0097656
11855,-0.019531
11856,-0.025391
11857,-0.019531
11858,-0.025391
11859,-0.013672
11860,-0.025391
11861,-0.0097656
11862,0.0
11863,0.015625
11864,0.03125
11865,0.025391
11866,0.03125
11867,0.019531
11868,0.025391
11869,0.0
11870,-0.054688
11871,-0.064453
11872,0.49023
11873,1.0195
11874,1.4688
11875,1.5
11876,1.3145
11877,1.0391
11878,0.7793
11879,0.57422
11880,0.33984
11881,0.099609
11882,-0.048828
11883,-0.14453
11884,-0.16992
11885,-0.19922
11886,-0.21484
11887,-0.21484
11888,-0.21484
11889,-0.22461
11890,-0.22852
11891,-0.22852
11892,-0.23438
11893,-0.22852
11894,-0.24414
11895,-0.25
11896,-0.25977
11897,-0.27344
11898,-0.29883
11899,-0.32422
11900,-0.36914
11901,-0.4082
11902,-0.45898
11903,-0.49805
11904,-0.49805
11905,-0.49805
11906,-0.49805
11907,-0.49805
11908,-0.49805
11909,-0.48828
11910,-0.4082
11911,-0.31836
11912,-0.24414
11913,-0.17969
11914,-0.125
11915,-0.080078
11916,-0.048828
11917,-0.035156
11918,-0.019531
11919,-0.0039062
11920,0.0
11921,0.0
11922,0.0
11923,0.0058594
11924,0.0097656
11925,0.0
11926,0.0
11927,0.0
11928,0.0
11929,0.0
11930,0.0
11931,0.0
11932,0.0
11933,0.0058594
11934,-0.0039062
11935,0.0
11936,0.0
11937,0.0
11938,0.0
11939,0.0
11940,0.0
11941,0.0
11942,-0.0039062
11943,-0.0039062
11944,-0.0097656
11945,-0.013672
11946,-0.019531
11947,-0.025391
11948,-0.019531
11949,-0.025391
11950,-0.019531
11951,-0.025391
11952,-0.019531
11953,0.0
11954,0.0097656
11955,0.019531
11956,0.035156
11957,0.03125
11958,0.03125
11959,0.03125
11960,0.019531
11961,-0.025391
11962,-0.058594
11963,0.26953
11964,0.78906
11965,1.2949
11966,1.5
11967,1.4082
11968,1.1445
11969,0.88477
11970,0.66016
11971,0.44531
11972,0.19531
11973,0.0097656
11974,-0.10352
11975,-0.16016
11976,-0.18359
11977,-0.19922
11978,-0.20898
11979,-0.21484
11980,-0.21484
11981,-0.20508
11982,-0.21484
11983,-0.22852
11984,-0.21484
11985,-0.23438
11986,-0.24023
11987,-0.25391
11988,-0.23438
11989,-0.28516
11990,-0.30859
11991,-0.33984
11992,-0.39453
11993,-0.41992
11994,-0.49414
11995,-0.49805
11996,-0.49805
11997,-0.49805
11998,-0.49805
11999,-0.49805
12000,-0.49805
12001,-0.42969
12002,-0.32422
12003,-0.25391
12004,-0.16992
12005,-0.10938
12006,-0.070312
12007,-0.029297
12008,0.0
12009,0.0097656
12010,0.03125
12011,0.035156
12012,0.019531
12013,0.044922
12014,0.041016
12015,0.044922
12016,0.041016
12017,0.025391
12018,0.044922
12019,0.044922
12020,0.054688
12021,0.03125
12022,0.041016
12023,0.035156
12024,0.03125
12025,0.041016
12026,0.025391
12027,0.03125
12028,0.019531
12029,0.03125
12030,0.019531
12031,0.03125
12032,0.019531
12033,0.019531
12034,0.019531
12035,0.0097656
12036,0.0097656
12037,0.0097656
12038,0.019531
12039,0.0097656
12040,0.0058594
12041,0.0
12042,-0.0039062
12043,0.0097656
12044,0.019531
12045,0.041016
12046,0.044922
12047,0.044922
12048,0.035156
12049,0.041016
12050,0.03125
12051,-0.0097656
12052,-0.054688
12053,0.23438
12054,0.80469
12055,1.3789
12056,1.5
12057,1.5
12058,1.2734
12059,0.98438
12060,0.7207
12061,0.49414
12062,0.23438
12063,0.025391
12064,-0.10352
12065,-0.17969
12066,-0.22461
12067,-0.25
12068,-0.25391
12069,-0.25977
12070,-0.25977
12071,-0.26367
12072,-0.26367
12073,-0.2793
12074,-0.27344
12075,-0.28516
12076,-0.28516
12077,-0.30469
12078,-0.30859
12079,-0.33398
12080,-0.36328
12081,-0.39844
12082,-0.43945
12083,-0.48828
12084,-0.49805
12085,-0.49805
12086,-0.49805
12087,-0.49805
12088,-0.49805
12089,-0.49805
12090,-0.49805
12091,-0.48438
12092,-0.38867
12093,-0.29883
12094,-0.22852
12095,-0.16406
12096,-0.11914
12097,-0.080078
12098,-0.058594
12099,-0.039062
12100,-0.029297
12101,-0.025391
12102,-0.025391
12103,-0.025391
12104,-0.025391
12105,-0.013672
12106,-0.019531
12107,-0.013672
12108,-0.025391
12109,-0.019531
12110,-0.025391
12111,-0.013672
12112,-0.019531
12113,-0.019531
12114,-0.013672
12115,-0.019531
12116,-0.013672
12117,-0.013672
12118,-0.0097656
12119,-0.0097656
12120,-0.013672
12121,-0.013672
12122,-0.0097656
12123,-0.0039062
12124,-0.0097656
12125,-0.0097656
12126,-0.0097656
12127,-0.0097656
12128,-0.0039062
12129,-0.0039062
12130,-0.013672
12131,-0.013672
12132,-0.013672
12133,-0.019531
12134,-0.013672
12135,-0.025391
12136,-0.0039062
12137,0.0
12138,0.019531
12139,0.025391
12140,0.035156
12141,0.035156
12142,0.041016
12143,0.035156
12144,0.0058594
12145,-0.058594
12146,0.064453
12147,0.55078
12148,1.0703
12149,1.4941
12150,1.5
12151,1.2891
12152,1.0137
12153,0.75977
12154,0.55078
12155,0.31445
12156,0.080078
12157,-0.064453
12158,-0.1543
12159,-0.17969
12160,-0.20508
12161,-0.21484
12162,-0.21484
12163,-0.22461
12164,-0.21875
12165,-0.22461
12166,-0.22461
12167,-0.23438
12168,-0.22852
12169,-0.24023
12170,-0.24023
12171,-0.25977
12172,-0.27344
12173,-0.29883
12174,-0.32422
12175,-0.36914
12176,-0.41406
12177,-0.46484
12178,-0.49805
12179,-0.49805
12180,-0.49805
12181,-0.49805
12182,-0.49805
12183,-0.49805
12184,-0.48438
12185,-0.39844
12186,-0.31445
12187,-0.22852
12188,-0.17383
12189,-0.125
12190,-0.083984
12191,-0.054688
12192,-0.029297
12193,-0.019531
12194,-0.0097656
12195,-0.0039062
12196,-0.0039062
12197,-0.0039062
12198,-0.0039062
12199,0.0
12200,0.0
12201,-0.0039062
12202,-0.0097656
12203,-0.0039062
12204,-0.0039062
12205,0.0
12206,-0.0039062
12207,-0.0097656
12208,-0.0039062
12209,-0.0039062
12210,-0.0039062
12211,-0.0097656
12212,-0.0039062
12213,-0.0097656
12214,-0.0039062
12215,-0.013672
12216,-0.0039062
12217,-0.0097656
12218,-0.0039062
12219,-0.0097656
12220,-0.0097656
12221,-0.019531
12222,-0.013672
12223,-0.025391
12224,-0.013672
12225,-0.025391
12226,-0.019531
12227,-0.025391
12228,-0.013672
12229,0.0
12230,0.0097656
12231,0.019531
12232,0.025391
12233,0.019531
12234,0.025391
12235,0.019531
12236,0.0
12237,-0.064453
12238,-0.070312
12239,0.49414
12240,1.0254
12241,1.4688
12242,1.5
12243,1.2949
12244,1.0254
12245,0.76562
12246,0.56445
12247,0.33594
12248,0.095703
12249,-0.044922
12250,-0.13477
12251,-0.16992
12252,-0.19336
12253,-0.20898
12254,-0.21484
12255,-0.21484
12256,-0.21484
12257,-0.21875
12258,-0.22461
12259,-0.23438
12260,-0.22852
12261,-0.24023
12262,-0.25391
12263,-0.25977
12264,-0.2793
12265,-0.29883
12266,-0.33008
12267,-0.36914
12268,-0.41992
12269,-0.46875
12270,-0.49805
12271,-0.49805
12272,-0.49805
12273,-0.49805
12274,-0.49805
12275,-0.49805
12276,-0.48438
12277,-0.39453
12278,-0.30859
12279,-0.24023
12280,-0.16406
12281,-0.11914
12282,-0.070312
12283,-0.044922
12284,-0.025391
12285,0.0
12286,-0.0097656
12287,0.015625
12288,0.0097656
12289,0.019531
12290,0.019531
12291,0.015625
12292,0.0097656
12293,0.035156
12294,0.015625
12295,0.041016
12296,0.019531
12297,0.035156
12298,0.015625
12299,0.019531
12300,0.025391
12301,0.03125
12302,0.019531
12303,0.019531
12304,0.03125
12305,0.025391
12306,0.019531
12307,0.025391
12308,0.019531
12309,0.03125
12310,0.019531
12311,0.03125
12312,0.019531
12313,0.019531
12314,0.015625
12315,0.015625
12316,0.0097656
12317,0.015625
12318,0.0
12319,0.0097656
12320,0.025391
12321,0.03125
12322,0.044922
12323,0.050781
12324,0.044922
12325,0.044922
12326,0.050781
12327,0.025391
12328,-0.029297
12329,-0.058594
12330,0.41602
12331,1.0098
12332,1.5
12333,1.5
12334,1.498
12335,1.1992
12336,0.9043
12337,0.66406
12338,0.42578
12339,0.16016
12340,-0.013672
12341,-0.12891
12342,-0.18359
12343,-0.22461
12344,-0.23438
12345,-0.24414
12346,-0.25
12347,-0.25391
12348,-0.25977
12349,-0.25977
12350,-0.26367
12351,-0.26953
12352,-0.27344
12353,-0.28516
12354,-0.29883
12355,-0.30859
12356,-0.33398
12357,-0.36328
12358,-0.4043
12359,-0.45312
12360,-0.49805
12361,-0.49805
12362,-0.49805
12363,-0.49805
12364,-0.49805
12365,-0.49805
12366,-0.49805
12367,-0.49805
12368,-0.45898
12369,-0.36328
12370,-0.27344
12371,-0.20508
12372,-0.14844
12373,-0.10352
12374,-0.070312
12375,-0.048828
12376,-0.029297
12377,-0.025391
12378,-0.019531
12379,-0.013672
12380,-0.0097656
12381,-0.019531
12382,-0.013672
12383,-0.019531
12384,-0.013672
12385,-0.019531
12386,-0.019531
12387,-0.019531
12388,-0.019531
12389,-0.025391
12390,-0.013672
12391,-0.013672
12392,-0.013672
12393,-0.013672
12394,-0.0097656
12395,-0.0097656
12396,-0.013672
12397,-0.0097656
12398,-0.013672
12399,-0.0039062
12400,-0.0039062
12401,-0.0097656
12402,-0.0097656
12403,-0.0039062
12404,0.0
12405,0.0
12406,-0.0039062
12407,-0.0097656
12408,-0.013672
12409,-0.019531
12410,-0.013672
12411,-0.025391
12412,-0.019531
12413,-0.025391
12414,-0.013672
12415,-0.0039062
12416,0.0097656
12417,0.019531
12418,0.025391
12419,0.03125
12420,0.03125
12421,0.025391
12422,0.0058594
12423,-0.058594
12424,0.054688
12425,0.53906
12426,1.0645
12427,1.4844
12428,1.5
12429,1.2891
12430,1.0195
12431,0.75391
12432,0.56055
12433,0.31445
12434,0.085938
12435,-0.058594
12436,-0.13867
12437,-0.17383
12438,-0.19922
12439,-0.21484
12440,-0.21484
12441,-0.21875
12442,-0.21875
12443,-0.21875
12444,-0.22461
12445,-0.22852
12446,-0.23438
12447,-0.24414
12448,-0.25977
12449,-0.26367
12450,-0.28516
12451,-0.29492
12452,-0.32422
12453,-0.35938
12454,-0.4082
12455,-0.46484
12456,-0.49805
12457,-0.49805
12458,-0.49805
12459,-0.49805
12460,-0.49805
12461,-0.49805
12462,-0.48828
12463,-0.4043
12464,-0.31836
12465,-0.24414
12466,-0.18359
12467,-0.12891
12468,-0.089844
12469,-0.058594
12470,-0.039062
12471,-0.025391
12472,-0.013672
12473,-0.013672
12474,-0.0039062
12475,-0.0039062
12476,-0.0039062
12477,0.0
12478,-0.0039062
12479,-0.0097656
12480,-0.0039062
12481,0.0
12482,-0.0039062
12483,-0.0097656
12484,-0.0097656
12485,-0.0097656
12486,-0.0097656
12487,-0.0039062
12488,-0.0097656
12489,-0.0039062
12490,-0.0039062
12491,0.0
12492,-0.0039062
12493,0.0
12494,0.0
12495,0.0
12496,-0.0039062
12497,-0.0097656
12498,-0.013672
12499,-0.013672
12500,-0.025391
12501,-0.025391
12502,-0.019531
12503,-0.025391
12504,-0.019531
12505,-0.025391
12506,-0.013672
12507,0.0
12508,0.015625
12509,0.025391
12510,0.03125
12511,0.035156
12512,0.03125
12513,0.035156
12514,0.015625
12515,-0.039062
12516,-0.058594
12517,0.39453
12518,0.92969
12519,1.4082
12520,1.5
12521,1.3496
12522,1.084
12523,0.82422
12524,0.61523
12525,0.38477
12526,0.14062
12527,-0.025391
12528,-0.125
12529,-0.16016
12530,-0.18945
12531,-0.19922
12532,-0.19922
12533,-0.20898
12534,-0.20898
12535,-0.21484
12536,-0.21484
12537,-0.21484
12538,-0.21875
12539,-0.22461
12540,-0.21875
12541,-0.24023
12542,-0.25977
12543,-0.28516
12544,-0.30859
12545,-0.34961
12546,-0.38867
12547,-0.43945
12548,-0.49805
12549,-0.49805
12550,-0.49805
12551,-0.49805
12552,-0.49805
12553,-0.49805
12554,-0.48438
12555,-0.4082
12556,-0.30859
12557,-0.23438
12558,-0.16992
12559,-0.089844
12560,-0.064453
12561,-0.029297
12562,0.0
12563,0.0058594
12564,0.015625
12565,0.019531
12566,0.03125
12567,0.019531
12568,0.025391
12569,0.03125
12570,0.035156
12571,0.041016
12572,0.019531
12573,0.03125
12574,0.019531
12575,0.035156
12576,0.025391
12577,0.041016
12578,0.025391
12579,0.03125
12580,0.025391
12581,0.0097656
12582,0.025391
12583,0.019531
12584,0.03125
12585,0.025391
12586,0.019531
12587,0.019531
12588,0.019531
12589,0.019531
12590,0.0097656
12591,0.0058594
12592,0.0058594
12593,0.0097656
12594,0.0
12595,0.0058594
12596,-0.0039062
12597,0.0058594
12598,0.019531
12599,0.025391
12600,0.035156
12601,0.041016
12602,0.041016
12603,0.035156
12604,0.041016
12605,0.015625
12606,-0.058594
12607,0.044922
12608,0.55078
12609,1.125
12610,1.5
12611,1.5
12612,1.3887
12613,1.1035
12614,0.82031
12615,0.59961
12616,0.35547
12617,0.11133
12618,-0.044922
12619,-0.14453
12620,-0.19336
12621,-0.23438
12622,-0.24023
12623,-0.24414
12624,-0.25391
12625,-0.25977
12626,-0.25391
12627,-0.25977
12628,-0.25977
12629,-0.26953
12630,-0.26953
12631,-0.28516
12632,-0.28906
12633,-0.30859
12634,-0.33008
12635,-0.36328
12636,-0.4043
12637,-0.45312
12638,-0.49805
12639,-0.49805
12640,-0.49805
12641,-0.49805
12642,-0.49805
12643,-0.49805
12644,-0.49805
12645,-0.49805
12646,-0.42383
12647,-0.33008
12648,-0.25391
12649,-0.17969
12650,-0.13477
12651,-0.083984
12652,-0.058594
12653,-0.039062
12654,-0.025391
12655,-0.019531
12656,-0.013672
12657,-0.013672
12658,-0.0097656
12659,-0.0039062
12660,-0.0097656
12661,-0.0039062
12662,-0.013672
12663,-0.0097656
12664,-0.0097656
12665,-0.0097656
12666,-0.0097656
12667,-0.013672
12668,-0.0097656
12669,-0.0097656
12670,-0.013672
12671,-0.0097656
12672,-0.0039062
12673,-0.0039062
12674,0.0
12675,0.0
12676,-0.0039062
12677,-0.0039062
12678,0.0
12679,0.0
12680,0.0
12681,0.0
12682,-0.0039062
12683,-0.0097656
12684,-0.0097656
12685,-0.019531
12686,-0.013672
12687,-0.025391
12688,-0.013672
12689,-0.025391
12690,-0.019531
12691,-0.0097656
12692,0.0097656
12693,0.019531
12694,0.019531
12695,0.025391
12696,0.019531
12697,0.03125
12698,0.015625
12699,-0.013672
12700,-0.070312
12701,0.18555
12702,0.69922
12703,1.209
12704,1.5
12705,1.4531
12706,1.1992
12707,0.93945
12708,0.69531
12709,0.49023
12710,0.24023
12711,0.035156
12712,-0.089844
12713,-0.16016
12714,-0.18945
12715,-0.20508
12716,-0.21484
12717,-0.21484
12718,-0.21484
12719,-0.21875
12720,-0.22461
12721,-0.22852
12722,-0.22852
12723,-0.23438
12724,-0.24023
12725,-0.25
12726,-0.25977
12727,-0.28516
12728,-0.30469
12729,-0.33398
12730,-0.375
12731,-0.42969
12732,-0.48438
12733,-0.49805
12734,-0.49805
12735,-0.49805
12736,-0.49805
12737,-0.49805
12738,-0.49805
12739,-0.45898
12740,-0.36914
12741,-0.28906
12742,-0.21875
12743,-0.1543
12744,-0.10938
12745,-0.070312
12746,-0.048828
12747,-0.025391
12748,-0.013672
12749,0.0
12750,0.0
12751,0.0
12752,0.0
12753,0.0
12754,0.0
12755,0.0
12756,0.0
12757,0.0
12758,0.0
12759,0.0
12760,0.0
12761,0.0
12762,-0.0039062
12763,-0.0039062
12764,0.0
12765,0.0
12766,0.0
12767,0.0
12768,0.0
12769,0.0
12770,0.0
12771,-0.0039062
12772,0.0
12773,0.0
12774,-0.0039062
12775,-0.0039062
12776,-0.0039062
12777,-0.013672
12778,-0.0097656
12779,-0.025391
12780,-0.013672
12781,-0.025391
12782,-0.025391
12783,-0.0039062
12784,0.0058594
12785,0.015625
12786,0.025391
12787,0.03125
12788,0.025391
12789,0.025391
12790,0.025391
12791,-0.013672
12792,-0.070312
12793,0.15039
12794,0.66406
12795,1.1934
12796,1.5
12797,1.4746
12798,1.2188
12799,0.94922
12800,0.69922
12801,0.50586
12802,0.25977
12803,0.050781
12804,-0.083984
12805,-0.1543
12806,-0.17969
12807,-0.19922
12808,-0.20898
12809,-0.20898
12810,-0.21484
12811,-0.21875
12812,-0.22461
12813,-0.22852
12814,-0.23438
12815,-0.23438
12816,-0.24414
12817,-0.25391
12818,-0.26953
12819,-0.28516
12820,-0.30469
12821,-0.33398
12822,-0.37891
12823,-0.42969
12824,-0.47852
12825,-0.49805
12826,-0.49805
12827,-0.49805
12828,-0.49805
12829,-0.49805
12830,-0.49805
12831,-0.45898
12832,-0.36914
12833,-0.28906
12834,-0.21484
12835,-0.16016
12836,-0.10938
12837,-0.074219
12838,-0.048828
12839,-0.025391
12840,-0.019531
12841,-0.0039062
12842,0.0
12843,0.0058594
12844,0.0
12845,0.0
12846,0.0
12847,0.0
12848,0.0
12849,-0.0039062
12850,-0.0039062
12851,0.0
12852,-0.0039062
12853,-0.0039062
12854,0.0
12855,0.0
12856,0.0097656
12857,-0.0039062
12858,-0.0097656
12859,0.0
12860,-0.0097656
12861,0.0058594
12862,-0.0097656
12863,0.0058594
12864,-0.0039062
12865,-0.0097656
12866,0.0
12867,0.0097656
12868,-0.019531
12869,-0.0039062
12870,-0.0039062
12871,0.0
12872,-0.013672
12873,0.0058594
12874,-0.013672
12875,0.0097656
12876,0.03125
12877,0.035156
12878,0.054688
12879,0.044922
12880,0.070312
12881,0.035156
12882,0.041016
12883,0.0058594
12884,-0.035156
12885,0.25586
12886,0.81055
12887,1.3984
12888,1.5
12889,1.5
12890,1.3398
12891,1.0293
12892,0.76562
12893,0.50977
12894,0.25
12895,0.041016
12896,-0.083984
12897,-0.14453
12898,-0.18359
12899,-0.21484
12900,-0.21484
12901,-0.22461
12902,-0.21875
12903,-0.23438
12904,-0.23438
12905,-0.24414
12906,-0.24023
12907,-0.25977
12908,-0.26953
12909,-0.26953
12910,-0.28516
12911,-0.30859
12912,-0.33398
12913,-0.36914
12914,-0.41406
12915,-0.46484
12916,-0.49805
12917,-0.49805
12918,-0.49805
12919,-0.49805
12920,-0.49805
12921,-0.49805
12922,-0.49805
12923,-0.46875
12924,-0.36914
12925,-0.26953
12926,-0.19922
12927,-0.13867
12928,-0.089844
12929,-0.054688
12930,-0.025391
12931,-0.0097656
12932,0.0
12933,0.0
12934,0.0
12935,0.0
12936,0.0
12937,-0.0039062
12938,-0.0039062
12939,-0.0039062
12940,-0.0039062
12941,-0.0097656
12942,-0.0039062
12943,-0.0097656
12944,-0.0097656
12945,-0.013672
12946,-0.013672
12947,-0.0097656
12948,-0.0097656
12949,-0.0097656
12950,-0.0097656
12951,-0.0039062
12952,-0.0039062
12953,-0.0039062
12954,-0.0097656
12955,-0.0039062
12956,-0.0039062
12957,-0.0097656
12958,-0.0097656
12959,-0.013672
12960,-0.013672
12961,-0.019531
12962,-0.025391
12963,-0.019531
12964,-0.025391
12965,-0.013672
12966,-0.025391
12967,-0.025391
12968,-0.013672
12969,0.0
12970,0.015625
12971,0.019531
12972,0.019531
12973,0.019531
12974,0.019531
12975,0.015625
12976,-0.019531
12977,-0.074219
12978,0.16992
12979,0.68945
12980,1.2246
12981,1.5
12982,1.4941
12983,1.2344
12984,0.96875
12985,0.70898
12986,0.49414
12987,0.25586
12988,0.050781
12989,-0.083984
12990,-0.1543
12991,-0.18945
12992,-0.21484
12993,-0.22461
12994,-0.22461
12995,-0.22852
12996,-0.23438
12997,-0.23438
12998,-0.23438
12999,-0.24023
13000,-0.24414
13001,-0.25391
13002,-0.26367
13003,-0.27344
13004,-0.28906
13005,-0.30859
13006,-0.34375
13007,-0.38477
13008,-0.43359
13009,-0.48438
13010,-0.49805
13011,-0.49805
13012,-0.49805
13013,-0.49805
13014,-0.49805
13015,-0.49805
13016,-0.47461
13017,-0.38477
13018,-0.29492
13019,-0.22461
13020,-0.16016
13021,-0.11523
13022,-0.074219
13023,-0.048828
13024,-0.025391
13025,-0.013672
13026,-0.0039062
13027,0.0
13028,0.0
13029,0.0
13030,0.0
13031,-0.0039062
13032,0.0
13033,-0.0039062
13034,-0.0039062
13035,-0.0039062
13036,0.0
13037,-0.0039062
13038,0.0
13039,0.0
13040,0.0
13041,-0.0039062
13042,-0.0097656
13043,-0.0039062
13044,-0.0039062
13045,0.0
13046,-0.0039062
13047,0.0
13048,-0.0039062
13049,0.0
13050,-0.0039062
13051,-0.0039062
13052,-0.0097656
13053,-0.0039062
13054,-0.013672
13055,-0.0097656
13056,-0.013672
13057,-0.013672
13058,-0.025391
13059,-0.025391
13060,-0.0097656
13061,0.0
13062,0.015625
13063,0.019531
13064,0.025391
13065,0.03125
13066,0.025391
13067,0.03125
13068,0.0058594
13069,-0.048828
13070,-0.058594
13071,0.4707
13072,0.99414
13073,1.459
13074,1.5
13075,1.3242
13076,1.0586
13077,0.79883
13078,0.58984
13079,0.35547
13080,0.11523
13081,-0.044922
13082,-0.13867
13083,-0.16992
13084,-0.19922
13085,-0.20898
13086,-0.21484
13087,-0.21484
13088,-0.21484
13089,-0.22461
13090,-0.22461
13091,-0.22852
13092,-0.22852
13093,-0.23438
13094,-0.24414
13095,-0.25977
13096,-0.27344
13097,-0.29492
13098,-0.33008
13099,-0.35938
13100,-0.4043
13101,-0.45898
13102,-0.49805
13103,-0.49805
13104,-0.49805
13105,-0.49805
13106,-0.49805
13107,-0.49805
13108,-0.49414
13109,-0.4043
13110,-0.31836
13111,-0.24414
13112,-0.17969
13113,-0.12891
13114,-0.083984
13115,-0.054688
13116,-0.035156
13117,-0.019531
13118,-0.0039062
13119,0.0
13120,0.0
13121,0.0
13122,0.0058594
13123,0.0
13124,0.0
13125,0.0
13126,0.0058594
13127,0.0
13128,0.0
13129,0.0
13130,0.0058594
13131,-0.0039062
13132,0.0
13133,0.0
13134,0.0
13135,-0.0039062
13136,0.0
13137,0.0
13138,0.0
13139,-0.0039062
13140,-0.0097656
13141,0.0
13142,-0.0039062
13143,-0.0097656
13144,-0.013672
13145,-0.0097656
13146,-0.019531
13147,-0.013672
13148,-0.013672
13149,-0.019531
13150,-0.025391
13151,-0.029297
13152,-0.019531
13153,-0.0039062
13154,0.0058594
13155,0.019531
13156,0.025391
13157,0.019531
13158,0.025391
13159,0.03125
13160,0.015625
13161,-0.039062
13162,-0.064453
13163,0.3457
13164,0.86914
13165,1.3691
13166,1.5
13167,1.375
13168,1.1094
13169,0.84375
13170,0.62891
13171,0.4043
13172,0.16016
13173,-0.0097656
13174,-0.125
13175,-0.16406
13176,-0.19336
13177,-0.20898
13178,-0.21484
13179,-0.21875
13180,-0.21484
13181,-0.22461
13182,-0.22461
13183,-0.22852
13184,-0.23438
13185,-0.24023
13186,-0.25
13187,-0.25977
13188,-0.27344
13189,-0.29492
13190,-0.31836
13191,-0.35938
13192,-0.39453
13193,-0.44922
13194,-0.49805
13195,-0.49805
13196,-0.49805
13197,-0.49805
13198,-0.49805
13199,-0.49805
13200,-0.49805
13201,-0.41992
13202,-0.33008
13203,-0.25
13204,-0.19336
13205,-0.13867
13206,-0.089844
13207,-0.064453
13208,-0.025391
13209,-0.029297
13210,0.0
13211,-0.0039062
13212,0.0058594
13213,0.0097656
13214,0.019531
13215,0.0
13216,0.015625
13217,0.015625
13218,0.019531
13219,0.0058594
13220,0.015625
13221,0.03125
13222,0.015625
13223,0.03125
13224,0.035156
13225,0.015625
13226,0.025391
13227,0.025391
13228,0.019531
13229,0.035156
13230,0.044922
13231,0.019531
13232,0.035156
13233,0.041016
13234,0.015625
13235,0.03125
13236,0.035156
13237,0.041016
13238,0.019531
13239,0.0097656
13240,0.019531
13241,0.015625
13242,0.019531
13243,0.0
13244,0.0097656
13245,0.025391
13246,0.035156
13247,0.044922
13248,0.041016
13249,0.050781
13250,0.054688
13251,0.044922
13252,0.035156
13253,-0.013672
13254,-0.048828
13255,0.36523
13256,0.96484
13257,1.5
13258,1.5
13259,1.5
13260,1.2539
13261,0.95508
13262,0.69531
13263,0.45508
13264,0.18555
13265,0.0
13266,-0.125
13267,-0.17383
13268,-0.21484
13269,-0.23438
13270,-0.24023
13271,-0.24414
13272,-0.25391
13273,-0.25
13274,-0.25977
13275,-0.25977
13276,-0.26367
13277,-0.27344
13278,-0.28516
13279,-0.28906
13280,-0.30469
13281,-0.33008
13282,-0.35938
13283,-0.39453
13284,-0.44922
13285,-0.49805
13286,-0.49805
13287,-0.49805
13288,-0.49805
13289,-0.49805
13290,-0.49805
13291,-0.49805
13292,-0.49805
13293,-0.46875
13294,-0.37891
13295,-0.29492
13296,-0.21875
13297,-0.16016
13298,-0.11523
13299,-0.074219
13300,-0.054688
13301,-0.039062
13302,-0.029297
13303,-0.019531
13304,-0.019531
13305,-0.013672
13306,-0.019531
13307,-0.019531
13308,-0.019531
13309,-0.013672
13310,-0.025391
13311,-0.019531
13312,-0.025391
13313,-0.019531
13314,-0.025391
13315,-0.025391
13316,-0.025391
13317,-0.019531
13318,-0.013672
13319,-0.019531
13320,-0.013672
13321,-0.019531
13322,-0.013672
13323,-0.019531
13324,-0.013672
13325,-0.019531
13326,-0.0097656
13327,-0.013672
13328,-0.0097656
13329,-0.013672
13330,-0.019531
13331,-0.019531
13332,-0.013672
13333,-0.025391
13334,-0.025391
13335,-0.025391
13336,-0.025391
13337,-0.029297
13338,-0.025391
13339,-0.035156
13340,-0.019531
13341,-0.0097656
13342,0.0097656
13343,0.019531
13344,0.019531
13345,0.019531
13346,0.015625
13347,0.019531
13348,-0.013672
13349,-0.070312
13350,0.11133
13351,0.60938
13352,1.1289
13353,1.5
13354,1.4941
13355,1.25
13356,0.96875
13357,0.7207
13358,0.51562
13359,0.27539
13360,0.054688
13361,-0.083984
13362,-0.1543
13363,-0.18359
13364,-0.20898
13365,-0.21484
13366,-0.22461
13367,-0.22461
13368,-0.22852
13369,-0.22852
13370,-0.23438
13371,-0.23438
13372,-0.24414
13373,-0.25
13374,-0.25391
13375,-0.26953
13376,-0.28516
13377,-0.30469
13378,-0.33398
13379,-0.36914
13380,-0.41992
13381,-0.47461
13382,-0.49805
13383,-0.49805
13384,-0.49805
13385,-0.49805
13386,-0.49805
13387,-0.49805
13388,-0.48438
13389,-0.4043
13390,-0.31445
13391,-0.24023
13392,-0.17383
13393,-0.11914
13394,-0.083984
13395,-0.058594
13396,-0.039062
13397,-0.025391
13398,-0.019531
13399,-0.0097656
13400,-0.0097656
13401,-0.0097656
13402,-0.0039062
13403,-0.0039062
13404,-0.0039062
13405,0.0
13406,-0.0039062
13407,0.0
13408,-0.0039062
13409,0.0
13410,-0.0097656
13411,-0.0097656
13412,-0.0039062
13413,-0.0097656
13414,-0.0097656
13415,-0.0039062
13416,-0.0039062
13417,-0.0039062
13418,-0.0097656
13419,-0.0039062
13420,-0.0097656
13421,-0.0039062
13422,-0.0039062
13423,-0.0039062
13424,-0.0097656
13425,-0.0097656
13426,-0.019531
13427,-0.019531
13428,-0.013672
13429,-0.025391
13430,-0.019531
13431,-0.029297
13432,-0.013672
13433,-0.0039062
13434,0.0097656
13435,0.019531
13436,0.03125
13437,0.025391
13438,0.03125
13439,0.025391
13440,0.015625
13441,-0.044922
13442,-0.070312
13443,0.39062
13444,0.92969
13445,1.4082
13446,1.5
13447,1.3535
13448,1.084
13449,0.82422
13450,0.61523
13451,0.38477
13452,0.14062
13453,-0.029297
13454,-0.12891
13455,-0.16992
13456,-0.19336
13457,-0.20508
13458,-0.21484
13459,-0.21484
13460,-0.21875
13461,-0.21484
13462,-0.22461
13463,-0.22852
13464,-0.23438
13465,-0.23438
13466,-0.25
13467,-0.25391
13468,-0.26953
13469,-0.28906
13470,-0.31836
13471,-0.35352
13472,-0.39844
13473,-0.44922
13474,-0.49805
13475,-0.49805
13476,-0.49805
13477,-0.49805
13478,-0.49805
13479,-0.49805
13480,-0.49805
13481,-0.42969
13482,-0.33984
13483,-0.25391
13484,-0.18359
13485,-0.13477
13486,-0.089844
13487,-0.058594
13488,-0.035156
13489,-0.025391
13490,-0.0097656
13491,-0.0039062
13492,0.0
13493,0.0
13494,0.0
13495,0.0
13496,0.0
13497,-0.0039062
13498,-0.0039062
13499,0.0
13500,0.0
13501,0.0
13502,0.0
13503,0.0
13504,0.0
13505,-0.0039062
13506,0.0
13507,0.0
13508,0.0
13509,0.0058594
13510,-0.0039062
13511,0.0097656
13512,-0.0097656
13513,0.0097656
13514,-0.019531
13515,-0.0039062
13516,-0.0097656
13517,-0.0039062
13518,-0.013672
13519,-0.025391
13520,-0.0039062
13521,-0.013672
13522,0.0058594
13523,-0.019531
13524,0.0
13525,0.015625
13526,0.025391
13527,0.054688
13528,0.044922
13529,0.050781
13530,0.064453
13531,0.054688
13532,0.03125
13533,-0.013672
13534,-0.039062
13535,0.50977
13536,1.0898
13537,1.5
13538,1.5
13539,1.4785
13540,1.1895
13541,0.89453
13542,0.6543
13543,0.41016
13544,0.14453
13545,-0.025391
13546,-0.11523
13547,-0.16992
13548,-0.19336
13549,-0.21484
13550,-0.20898
13551,-0.22461
13552,-0.21875
13553,-0.22852
13554,-0.24023
13555,-0.23438
13556,-0.24023
13557,-0.24023
13558,-0.26367
13559,-0.2793
13560,-0.28906
13561,-0.30469
13562,-0.34375
13563,-0.37891
13564,-0.43359
13565,-0.48828
13566,-0.49805
13567,-0.49805
13568,-0.49805
13569,-0.49805
13570,-0.49805
13571,-0.49805
13572,-0.49805
13573,-0.41992
13574,-0.33398
13575,-0.25
13576,-0.16992
13577,-0.10938
13578,-0.074219
13579,-0.039062
13580,-0.019531
13581,-0.0097656
13582,0.0
13583,-0.0039062
13584,0.0
13585,0.0
13586,0.0
13587,-0.0039062
13588,-0.0039062
13589,-0.0039062
13590,-0.0097656
13591,-0.0097656
13592,-0.0097656
13593,-0.013672
13594,-0.0097656
13595,-0.0097656
13596,-0.0097656
13597,-0.013672
13598,-0.013672
13599,-0.019531
13600,-0.019531
13601,-0.013672
13602,-0.019531
13603,-0.013672
13604,-0.019531
13605,-0.013672
13606,-0.019531
13607,-0.013672
13608,-0.013672
13609,-0.013672
13610,-0.019531
13611,-0.025391
13612,-0.025391
13613,-0.025391
13614,-0.025391
13615,-0.019531
13616,-0.029297
13617,-0.019531
13618,-0.0039062
13619,0.0
13620,0.0097656
13621,0.019531
13622,0.019531
13623,0.019531
13624,0.015625
13625,-0.0039062
13626,-0.058594
13627,-0.080078
13628,0.41992
13629,0.96484
13630,1.4492
13631,1.5
13632,1.3633
13633,1.084
13634,0.81445
13635,0.5957
13636,0.36523
13637,0.11523
13638,-0.039062
13639,-0.14453
13640,-0.18359
13641,-0.21484
13642,-0.21875
13643,-0.23438
13644,-0.23438
13645,-0.23438
13646,-0.23438
13647,-0.24414
13648,-0.24414
13649,-0.25
13650,-0.25391
13651,-0.25977
13652,-0.27344
13653,-0.28906
13654,-0.31445
13655,-0.33398
13656,-0.375
13657,-0.41992
13658,-0.46875
13659,-0.49805
13660,-0.49805
13661,-0.49805
13662,-0.49805
13663,-0.49805
13664,-0.49805
13665,-0.49805
13666,-0.42969
13667,-0.33984
13668,-0.26367
13669,-0.18945
13670,-0.13867
13671,-0.09375
13672,-0.064453
13673,-0.039062
13674,-0.025391
13675,-0.019531
13676,-0.0097656
13677,-0.0039062
13678,0.0
13679,-0.0097656
13680,0.0
13681,0.0
13682,-0.0039062
13683,-0.0039062
13684,-0.0039062
13685,-0.0097656
13686,-0.0039062
13687,-0.0097656
13688,-0.0039062
13689,-0.0039062
13690,0.0
13691,-0.0039062
13692,0.0
13693,0.0
13694,-0.0039062
13695,-0.0039062
13696,-0.0097656
13697,-0.0039062
13698,-0.0039062
13699,-0.0097656
13700,-0.0039062
13701,-0.0097656
13702,-0.013672
13703,-0.019531
13704,-0.025391
13705,-0.013672
13706,-0.025391
13707,-0.013672
13708,-0.025391
13709,-0.013672
13710,0.0
13711,0.015625
13712,0.019531
13713,0.025391
13714,0.025391
13715,0.03125
13716,0.025391
13717,0.0097656
13718,-0.044922
13719,-0.070312
13720,0.38477
13721,0.91016
13722,1.3887
13723,1.5
13724,1.3594
13725,1.0898
13726,0.83008
13727,0.60938
13728,0.38477
13729,0.14062
13730,-0.029297
13731,-0.13477
13732,-0.16992
13733,-0.19922
13734,-0.20898
13735,-0.21484
13736,-0.21875
13737,-0.22852
13738,-0.22461
13739,-0.22852
13740,-0.23438
13741,-0.23438
13742,-0.24414
13743,-0.25977
13744,-0.26367
13745,-0.2793
13746,-0.29492
13747,-0.32422
13748,-0.35938
13749,-0.4082
13750,-0.45898
13751,-0.49805
13752,-0.49805
13753,-0.49805
13754,-0.49805
13755,-0.49805
13756,-0.49805
13757,-0.49805
13758,-0.42969
13759,-0.34375
13760,-0.26367
13761,-0.18945
13762,-0.13867
13763,-0.089844
13764,-0.058594
13765,-0.035156
13766,-0.019531
13767,-0.0097656
13768,-0.0039062
13769,0.0
13770,0.0
13771,0.0
13772,-0.0039062
13773,0.0
13774,-0.0039062
13775,-0.0039062
13776,0.0
13777,0.0
13778,0.0
13779,-0.0039062
13780,0.0
13781,0.0
13782,-0.0039062
13783,0.0
13784,0.0
13785,0.0
13786,0.0
13787,0.0
13788,0.0
13789,0.0
13790,0.0
13791,-0.0097656
13792,0.0
13793,-0.0039062
13794,-0.013672
13795,-0.013672
13796,-0.019531
13797,-0.013672
13798,0.0
13799,-0.025391
13800,-0.0097656
13801,0.0
13802,0.0058594
13803,0.025391
13804,0.044922
13805,0.064453
13806,0.044922
13807,0.060547
13808,0.064453
13809,0.025391
13810,-0.029297
13811,-0.039062
13812,0.48438
13813,1.0938
13814,1.5
13815,1.5
13816,1.459
13817,1.1602
13818,0.875
13819,0.64062
13820,0.39453
13821,0.16016
13822,-0.013672
13823,-0.10938
13824,-0.16016
13825,-0.19336
13826,-0.18945
13827,-0.21484
13828,-0.21484
13829,-0.21484
13830,-0.20508
13831,-0.21875
13832,-0.21875
13833,-0.23438
13834,-0.23438
13835,-0.25
13836,-0.25977
13837,-0.2793
13838,-0.30469
13839,-0.33984
13840,-0.375
13841,-0.42383
13842,-0.47852
13843,-0.49805
13844,-0.49805
13845,-0.49805
13846,-0.49805
13847,-0.49805
13848,-0.49805
13849,-0.49805
13850,-0.41406
13851,-0.31836
13852,-0.23438
13853,-0.16406
13854,-0.10938
13855,-0.074219
13856,-0.048828
13857,-0.029297
13858,-0.013672
13859,0.0
13860,0.0
13861,0.0
13862,0.0
13863,-0.0039062
13864,-0.0097656
13865,-0.0039062
13866,-0.013672
13867,-0.0097656
13868,-0.0097656
13869,-0.0097656
13870,-0.013672
13871,-0.0097656
13872,-0.0097656
13873,-0.0039062
13874,0.0
13875,-0.0039062
13876,0.0
13877,-0.0039062
13878,-0.0039062
13879,-0.0097656
13880,-0.0039062
13881,-0.0039062
13882,-0.013672
13883,-0.019531
13884,-0.0097656
13885,-0.019531
13886,-0.019531
13887,-0.025391
13888,-0.025391
13889,-0.025391
13890,-0.025391
13891,-0.029297
13892,-0.029297
13893,-0.035156
13894,-0.013672
13895,0.0
13896,0.0097656
13897,0.015625
13898,0.019531
13899,0.019531
13900,0.019531
13901,0.0
13902,-0.048828
13903,-0.074219
13904,0.375
13905,0.91406
13906,1.4199
13907,1.5
13908,1.3945
13909,1.1094
13910,0.83984
13911,0.625
13912,0.39453
13913,0.14062
13914,-0.029297
13915,-0.12891
13916,-0.17969
13917,-0.21484
13918,-0.22461
13919,-0.22461
13920,-0.23438
13921,-0.23438
13922,-0.23438
13923,-0.24023
13924,-0.24023
13925,-0.25
13926,-0.25391
13927,-0.25977
13928,-0.26367
13929,-0.28516
13930,-0.30469
13931,-0.33398
13932,-0.36914
13933,-0.41406
13934,-0.46484
13935,-0.49805
13936,-0.49805
13937,-0.49805
13938,-0.49805
13939,-0.49805
13940,-0.49805
13941,-0.49805
13942,-0.42969
13943,-0.34375
13944,-0.25391
13945,-0.18945
13946,-0.13867
13947,-0.09375
13948,-0.064453
13949,-0.044922
13950,-0.025391
13951,-0.019531
13952,-0.0039062
13953,0.0
13954,0.0
13955,0.0
13956,-0.0039062
13957,0.0
13958,-0.0039062
13959,0.0
13960,-0.0097656
13961,-0.0097656
13962,-0.0097656
13963,0.0
13964,-0.0039062
13965,0.0
13966,-0.0039062
13967,0.0
13968,-0.0039062
13969,0.0
13970,0.0
13971,0.0
13972,0.0
13973,0.0
13974,0.0
13975,0.0
13976,0.0
13977,-0.0039062
13978,-0.013672
13979,-0.019531
13980,-0.019531
13981,-0.013672
13982,-0.019531
13983,-0.0097656
13984,-0.025391
13985,-0.029297
13986,0.0
13987,0.0058594
13988,0.019531
13989,0.025391
13990,0.03125
13991,0.03125
13992,0.025391
13993,0.015625
13994,-0.029297
13995,-0.070312
13996,0.25
13997,0.76953
13998,1.2891
13999,1.5
14000,1.4238
14001,1.1641
14002,0.90039
14003,0.66406
14004,0.45508
14005,0.20508
14006,0.0097656
14007,-0.10352
14008,-0.16406
14009,-0.19336
14010,-0.21484
14011,-0.21484
14012,-0.21875
14013,-0.21875
14014,-0.22461
14015,-0.21875
14016,-0.22461
14017,-0.22852
14018,-0.23438
14019,-0.23438
14020,-0.25391
14021,-0.26367
14022,-0.28906
14023,-0.30859
14024,-0.34961
14025,-0.39453
14026,-0.44336
14027,-0.49414
14028,-0.49805
14029,-0.49805
14030,-0.49805
14031,-0.49805
14032,-0.49805
14033,-0.49805
14034,-0.44336
14035,-0.35938
14036,-0.27344
14037,-0.19922
14038,-0.14844
14039,-0.10352
14040,-0.070312
14041,-0.044922
14042,-0.025391
14043,-0.013672
14044,-0.0039062
14045,-0.0039062
14046,0.0
14047,0.0
14048,0.0
14049,0.0
14050,0.0
14051,0.0
14052,0.0
14053,-0.0039062
14054,0.0
14055,0.0
14056,-0.0039062
14057,-0.013672
14058,-0.0097656
14059,-0.0097656
14060,-0.0097656
14061,-0.0039062
14062,-0.0039062
14063,0.0
14064,0.0
14065,0.0
14066,0.0
14067,0.0
14068,-0.0097656
14069,-0.0039062
14070,-0.013672
14071,-0.019531
14072,-0.025391
14073,-0.019531
14074,-0.025391
14075,-0.025391
14076,-0.029297
14077,-0.035156
14078,-0.0097656
14079,0.0
14080,0.015625
14081,0.03125
14082,0.035156
14083,0.025391
14084,0.03125
14085,0.025391
14086,0.0
14087,-0.064453
14088,0.11523
14089,0.60938
14090,1.1445
14091,1.5
14092,1.4883
14093,1.2344
14094,0.96875
14095,0.72461
14096,0.52539
14097,0.2793
14098,0.064453
14099,-0.074219
14100,-0.14844
14101,-0.16992
14102,-0.19336
14103,-0.20898
14104,-0.21484
14105,-0.19922
14106,-0.21484
14107,-0.21875
14108,-0.22461
14109,-0.22852
14110,-0.23438
14111,-0.21875
14112,-0.23438
14113,-0.25977
14114,-0.26953
14115,-0.2793
14116,-0.32422
14117,-0.36328
14118,-0.41406
14119,-0.46875
14120,-0.49805
14121,-0.49805
14122,-0.49805
14123,-0.49805
14124,-0.49805
14125,-0.49805
14126,-0.45312
14127,-0.36914
14128,-0.25977
14129,-0.18359
14130,-0.125
14131,-0.074219
14132,-0.044922
14133,0.0
14134,0.019531
14135,0.019531
14136,0.015625
14137,0.041016
14138,0.041016
14139,0.041016
14140,0.025391
14141,0.041016
14142,0.044922
14143,0.041016
14144,0.025391
14145,0.03125
14146,0.035156
14147,0.019531
14148,0.019531
14149,0.019531
14150,0.041016
14151,0.025391
14152,0.025391
14153,0.019531
14154,0.025391
14155,0.019531
14156,0.019531
14157,0.015625
14158,0.0097656
14159,0.019531
14160,0.015625
14161,0.015625
14162,0.0097656
14163,0.0097656
14164,0.0
14165,-0.0039062
14166,-0.013672
14167,0.0097656
14168,0.0097656
14169,0.019531
14170,0.025391
14171,0.035156
14172,0.03125
14173,0.025391
14174,0.03125
14175,0.0
14176,-0.074219
14177,0.054688
14178,0.58398
14179,1.1543
14180,1.5
14181,1.5
14182,1.3691
14183,1.0703
14184,0.79492
14185,0.57422
14186,0.32422
14187,0.089844
14188,-0.058594
14189,-0.1543
14190,-0.19922
14191,-0.23438
14192,-0.24414
14193,-0.25
14194,-0.25
14195,-0.25977
14196,-0.25977
14197,-0.25977
14198,-0.26367
14199,-0.27344
14200,-0.26953
14201,-0.28516
14202,-0.29883
14203,-0.31445
14204,-0.33984
14205,-0.375
14206,-0.4082
14207,-0.46484
14208,-0.49805
14209,-0.49805
14210,-0.49805
14211,-0.49805
14212,-0.49805
14213,-0.49805
14214,-0.49805
14215,-0.49805
14216,-0.41992
14217,-0.33008
14218,-0.25
14219,-0.18359
14220,-0.13867
14221,-0.099609
14222,-0.074219
14223,-0.048828
14224,-0.039062
14225,-0.035156
14226,-0.025391
14227,-0.025391
14228,-0.025391
14229,-0.019531
14230,-0.025391
14231,-0.025391
14232,-0.025391
14233,-0.029297
14234,-0.025391
14235,-0.029297
14236,-0.025391
14237,-0.029297
14238,-0.025391
14239,-0.029297
14240,-0.025391
14241,-0.025391
14242,-0.025391
14243,-0.025391
14244,-0.025391
14245,-0.025391
14246,-0.019531
14247,-0.013672
14248,-0.019531
14249,-0.019531
14250,-0.019531
14251,-0.025391
14252,-0.025391
14253,-0.025391
14254,-0.025391
14255,-0.029297
14256,-0.035156
14257,-0.029297
14258,-0.039062
14259,-0.035156
14260,-0.044922
14261,-0.039062
14262,-0.025391
14263,-0.0039062
14264,0.0
14265,0.015625
14266,0.015625
14267,0.015625
14268,0.019531
14269,0.0097656
14270,-0.029297
14271,-0.070312
14272,0.20117
14273,0.72461
14274,1.2344
14275,1.5
14276,1.4395
14277,1.1797
14278,0.92383
14279,0.67969
14280,0.46094
14281,0.2207
14282,0.019531
14283,-0.10352
14284,-0.16406
14285,-0.19336
14286,-0.20898
14287,-0.21875
14288,-0.21484
14289,-0.22461
14290,-0.22461
14291,-0.22852
14292,-0.22852
14293,-0.23438
14294,-0.23438
14295,-0.25
14296,-0.25977
14297,-0.27344
14298,-0.28906
14299,-0.31445
14300,-0.33984
14301,-0.38477
14302,-0.42969
14303,-0.48828
14304,-0.49805
14305,-0.49805
14306,-0.49805
14307,-0.49805
14308,-0.49805
14309,-0.49805
14310,-0.46484
14311,-0.36914
14312,-0.29492
14313,-0.22461
14314,-0.16406
14315,-0.11523
14316,-0.080078
14317,-0.048828
14318,-0.035156
14319,-0.025391
14320,-0.019531
14321,-0.0039062
14322,-0.0039062
14323,0.0
14324,0.0
14325,0.0
14326,0.0
14327,-0.0039062
14328,-0.0097656
14329,-0.0097656
14330,-0.013672
14331,-0.0097656
14332,-0.013672
14333,-0.0097656
14334,-0.0039062
14335,-0.013672
14336,-0.0097656
14337,-0.0039062
14338,0.0
14339,-0.0097656
14340,-0.0039062
14341,-0.0039062
14342,0.0
14343,-0.0097656
14344,-0.0039062
14345,-0.0097656
14346,0.0
14347,-0.013672
14348,-0.013672
14349,-0.019531
14350,-0.025391
14351,-0.019531
14352,-0.025391
14353,-0.029297
14354,-0.0097656
14355,0.0
14356,0.015625
14357,0.025391
14358,0.025391
14359,0.03125
14360,0.015625
14361,0.03125
14362,-0.0097656
14363,-0.070312
14364,0.125
14365,0.61914
14366,1.1699
14367,1.5
14368,1.5
14369,1.2734
14370,1.0039
14371,0.76562
14372,0.5293
14373,0.28516
14374,0.080078
14375,-0.048828
14376,-0.125
14377,-0.16406
14378,-0.18359
14379,-0.19922
14380,-0.18945
14381,-0.19922
14382,-0.20508
14383,-0.19922
14384,-0.19336
14385,-0.21484
14386,-0.20898
14387,-0.22852
14388,-0.21875
14389,-0.25
14390,-0.27344
14391,-0.28906
14392,-0.31445
14393,-0.37891
14394,-0.41992
14395,-0.48828
14396,-0.49805
14397,-0.49805
14398,-0.49805
14399,-0.49805
14400,-0.49805
14401,-0.49805
14402,-0.45312
14403,-0.35938
14404,-0.26953
14405,-0.18359
14406,-0.125
14407,-0.080078
14408,-0.039062
14409,-0.019531
14410,0.0
14411,0.015625
14412,0.019531
14413,0.025391
14414,0.019531
14415,0.025391
14416,0.019531
14417,0.019531
14418,0.019531
14419,0.025391
14420,0.0097656
14421,0.0058594
14422,0.0097656
14423,0.0097656
14424,0.0058594
14425,0.0058594
14426,0.0058594
14427,0.015625
14428,0.0
14429,0.0
14430,0.0058594
14431,0.0
14432,0.0
14433,0.0
14434,0.0
14435,0.0
14436,-0.0097656
14437,-0.013672
14438,-0.025391
14439,-0.025391
14440,-0.025391
14441,-0.029297
14442,-0.025391
14443,-0.029297
14444,-0.035156
14445,-0.013672
14446,-0.0039062
14447,0.0
14448,0.015625
14449,0.015625
14450,0.015625
14451,0.0097656
14452,0.0058594
14453,-0.025391
14454,-0.083984
14455,0.13086
14456,0.66016
14457,1.2051
14458,1.5
14459,1.5
14460,1.2539
14461,0.98047
14462,0.7207
14463,0.50977
14464,0.25977
14465,0.044922
14466,-0.083984
14467,-0.16016
14468,-0.20508
14469,-0.22852
14470,-0.23438
14471,-0.23438
14472,-0.23438
14473,-0.24023
14474,-0.25
14475,-0.25
14476,-0.25391
14477,-0.25977
14478,-0.26367
14479,-0.26953
14480,-0.28516
14481,-0.30469
14482,-0.33398
14483,-0.35938
14484,-0.4082
14485,-0.45312
14486,-0.49805
14487,-0.49805
14488,-0.49805
14489,-0.49805
14490,-0.49805
14491,-0.49805
14492,-0.49805
14493,-0.48438
14494,-0.38867
14495,-0.30469
14496,-0.22461
14497,-0.16406
14498,-0.11523
14499,-0.080078
14500,-0.048828
14501,-0.029297
14502,-0.019531
14503,-0.0097656
14504,-0.0039062
14505,0.0
14506,0.0
14507,-0.0039062
14508,0.0
14509,0.0
14510,-0.0039062
14511,-0.0039062
14512,-0.0039062
14513,0.0
14514,-0.0097656
14515,-0.0039062
14516,-0.0097656
14517,-0.0039062
14518,-0.0097656
14519,-0.0039062
14520,-0.0097656
14521,-0.0097656
14522,-0.0039062
14523,-0.0039062
14524,-0.013672
14525,-0.0097656
14526,-0.0097656
14527,-0.0097656
14528,-0.0039062
14529,-0.0097656
14530,-0.0097656
14531,-0.019531
14532,-0.025391
14533,-0.025391
14534,-0.025391
14535,-0.025391
14536,-0.029297
14537,-0.025391
14538,-0.0039062
14539,0.0058594
14540,0.019531
14541,0.019531
14542,0.025391
14543,0.019531
14544,0.025391
14545,0.0058594
14546,-0.044922
14547,-0.074219
14548,0.39453
14549,0.92383
14550,1.4043
14551,1.5
14552,1.3535
14553,1.0742
14554,0.81445
14555,0.60938
14556,0.38086
14557,0.13477
14558,-0.035156
14559,-0.13477
14560,-0.16992
14561,-0.20508
14562,-0.21484
14563,-0.21484
14564,-0.21484
14565,-0.21484
14566,-0.22461
14567,-0.22852
14568,-0.23438
14569,-0.23438
14570,-0.24414
14571,-0.25
14572,-0.26367
14573,-0.2793
14574,-0.30469
14575,-0.33008
14576,-0.36328
14577,-0.4082
14578,-0.46484
14579,-0.49805
14580,-0.49805
14581,-0.49805
14582,-0.49805
14583,-0.49805
14584,-0.49805
14585,-0.49805
14586,-0.42383
14587,-0.33398
14588,-0.25977
14589,-0.18945
14590,-0.13477
14591,-0.089844
14592,-0.058594
14593,-0.048828
14594,-0.025391
14595,-0.019531
14596,-0.0039062
14597,-0.0097656
14598,-0.0039062
14599,0.0
14600,0.0
14601,0.0
14602,-0.0039062
14603,-0.0097656
14604,-0.0039062
14605,-0.0097656
14606,-0.0097656
14607,-0.0039062
14608,-0.0039062
14609,-0.0039062
14610,-0.0039062
14611,0.0
14612,-0.0039062
14613,-0.0039062
14614,-0.0039062
14615,-0.0039062
14616,-0.0097656
14617,-0.0039062
14618,0.0
14619,-0.0039062
14620,-0.0097656
14621,-0.013672
14622,-0.013672
14623,-0.013672
14624,-0.025391
14625,-0.019531
14626,-0.029297
14627,-0.025391
14628,-0.029297
14629,-0.019531
14630,0.0
14631,0.0097656
14632,0.019531
14633,0.03125
14634,0.025391
14635,0.019531
14636,0.03125
14637,0.0097656
14638,-0.044922
14639,-0.070312
14640,0.39062
14641,0.91016
14642,1.4043
14643,1.5
14644,1.3691
14645,1.0898
14646,0.84375
14647,0.625
14648,0.39062
14649,0.14062
14650,-0.013672
14651,-0.125
14652,-0.16016
14653,-0.18945
14654,-0.20508
14655,-0.20508
14656,-0.20898
14657,-0.21484
14658,-0.19922
14659,-0.21875
14660,-0.22461
14661,-0.21484
14662,-0.22461
14663,-0.21484
14664,-0.24414
14665,-0.25977
14666,-0.26953
14667,-0.30469
14668,-0.33398
14669,-0.375
14670,-0.45312
14671,-0.48828
14672,-0.49805
14673,-0.49805
14674,-0.49805
14675,-0.49805
14676,-0.49805
14677,-0.48438
14678,-0.38477
14679,-0.29883
14680,-0.22461
14681,-0.13867
14682,-0.083984
14683,-0.044922
14684,-0.013672
14685,0.0097656
14686,0.0058594
14687,0.03125
14688,0.025391
14689,0.019531
14690,0.041016
14691,0.035156
14692,0.041016
14693,0.035156
14694,0.03125
14695,0.025391
14696,0.025391
14697,0.025391
14698,0.03125
14699,0.025391
14700,0.019531
14701,0.019531
14702,0.019531
14703,0.015625
14704,0.019531
14705,0.015625
14706,0.0097656
14707,0.019531
14708,0.0097656
14709,0.015625
14710,0.0058594
14711,0.0097656
14712,0.0
14713,-0.0039062
14714,-0.0039062
14715,0.0
14716,-0.0097656
14717,-0.0039062
14718,-0.013672
14719,-0.0039062
14720,0.0097656
14721,0.019531
14722,0.019531
14723,0.035156
14724,0.03125
14725,0.03125
14726,0.019531
14727,0.0058594
14728,-0.054688
14729,-0.074219
14730,0.46094
14731,1.0293
14732,1.5
14733,1.5
14734,1.3945
14735,1.1094
14736,0.83008
14737,0.60938
14738,0.37109
14739,0.125
14740,-0.039062
14741,-0.14453
14742,-0.19336
14743,-0.22852
14744,-0.24023
14745,-0.25
14746,-0.24414
14747,-0.25
14748,-0.24414
14749,-0.25391
14750,-0.25391
14751,-0.25977
14752,-0.26367
14753,-0.27344
14754,-0.28516
14755,-0.30469
14756,-0.32422
14757,-0.35938
14758,-0.39453
14759,-0.44336
14760,-0.49805
14761,-0.49805
14762,-0.49805
14763,-0.49805
14764,-0.49805
14765,-0.49805
14766,-0.49805
14767,-0.49805
14768,-0.42383
14769,-0.33398
14770,-0.25
14771,-0.18359
14772,-0.12891
14773,-0.083984
14774,-0.054688
14775,-0.035156
14776,-0.025391
14777,-0.0097656
14778,-0.0097656
14779,-0.0039062
14780,0.0
14781,0.0
14782,-0.0039062
14783,0.0
14784,-0.0039062
14785,0.0
14786,-0.0039062
14787,-0.0039062
14788,0.0
14789,-0.0039062
14790,0.0
14791,-0.0039062
14792,-0.0039062
14793,-0.0039062
14794,0.0
14795,0.0
14796,0.0
14797,0.0
14798,0.0058594
14799,0.0
14800,0.0
14801,0.0
14802,0.0
14803,0.0
14804,0.0
14805,-0.0039062
14806,-0.0097656
14807,-0.013672
14808,-0.013672
14809,-0.019531
14810,-0.013672
14811,-0.025391
14812,-0.0097656
14813,0.0
14814,0.0097656
14815,0.019531
14816,0.019531
14817,0.025391
14818,0.03125
14819,0.025391
14820,0.0058594
14821,-0.048828
14822,-0.070312
14823,0.43945
14824,0.97461
14825,1.4434
14826,1.5
14827,1.3398
14828,1.0703
14829,0.80469
14830,0.5957
14831,0.36523
14832,0.12109
14833,-0.039062
14834,-0.13477
14835,-0.16406
14836,-0.19922
14837,-0.20898
14838,-0.20508
14839,-0.21484
14840,-0.21875
14841,-0.21875
14842,-0.22461
14843,-0.22852
14844,-0.23438
14845,-0.23438
14846,-0.24414
14847,-0.25977
14848,-0.26953
14849,-0.29492
14850,-0.31836
14851,-0.35938
14852,-0.4043
14853,-0.45898
14854,-0.49805
14855,-0.49805
14856,-0.49805
14857,-0.49805
14858,-0.49805
14859,-0.49805
14860,-0.49414
14861,-0.41406
14862,-0.32422
14863,-0.24414
14864,-0.17969
14865,-0.125
14866,-0.083984
14867,-0.054688
14868,-0.035156
14869,-0.025391
14870,-0.019531
14871,-0.0097656
14872,-0.0039062
14873,0.0
14874,0.0
14875,0.0
14876,0.0
14877,0.0
14878,-0.0097656
14879,-0.0039062
14880,-0.0039062
14881,0.0
14882,0.0
14883,0.0
14884,0.0
14885,0.0
14886,-0.0039062
14887,0.0
14888,-0.0039062
14889,0.0
14890,0.0
14891,0.0
14892,-0.0039062
14893,-0.0039062
14894,0.0
14895,-0.0097656
14896,-0.0039062
14897,-0.013672
14898,-0.019531
14899,-0.019531
14900,-0.025391
14901,-0.019531
14902,-0.025391
14903,-0.029297
14904,-0.0097656
14905,0.0
14906,0.0058594
14907,0.019531
14908,0.019531
14909,0.019531
14910,0.019531
14911,0.015625
14912,-0.0097656
14913,-0.070312
14914,0.089844
14915,0.58984
14916,1.125
14917,1.5
14918,1.5
14919,1.2598
14920,0.99023
14921,0.74023
14922,0.53516
14923,0.29102
14924,0.064453
14925,-0.064453
14926,-0.14844
14927,-0.17383
14928,-0.20508
14929,-0.20898
14930,-0.21484
14931,-0.21875
14932,-0.22461
14933,-0.22852
14934,-0.22461
14935,-0.22852
14936,-0.23438
14937,-0.24023
14938,-0.25391
14939,-0.26367
14940,-0.28516
14941,-0.30859
14942,-0.33398
14943,-0.375
14944,-0.41992
14945,-0.47461
14946,-0.49805
14947,-0.49805
14948,-0.49805
14949,-0.49805
14950,-0.49805
14951,-0.49805
14952,-0.46484
14953,-0.375
14954,-0.29492
14955,-0.21484
14956,-0.1543
14957,-0.125
14958,-0.070312
14959,-0.048828
14960,-0.025391
14961,-0.025391
14962,0.0
14963,0.0
14964,-0.0039062
14965,0.0097656
14966,-0.0039062
14967,0.015625
14968,0.0
14969,0.015625
14970,0.019531
14971,0.0
14972,0.0097656
14973,0.0
14974,0.019531
14975,0.0097656
14976,0.019531
14977,0.041016
14978,0.019531
14979,0.015625
14980,0.025391
14981,0.019531
14982,0.019531
14983,0.044922
14984,0.025391
14985,0.03125
14986,0.019531
14987,0.041016
14988,0.019531
14989,0.041016
14990,0.019531
14991,0.035156
14992,0.015625
14993,0.0097656
14994,0.025391
14995,0.0058594
14996,0.041016
14997,0.035156
14998,0.044922
14999,0.054688
15000,0.076172
15001,0.044922
15002,0.044922
15003,0.050781
15004,0.015625
15005,-0.048828
15006,0.17969
15007,0.75391
15008,1.3633
15009,1.5
15010,1.5
15011,1.375
15012,1.0742
15013,0.78516
15014,0.54492
15015,0.27539
15016,0.054688
15017,-0.083984
15018,-0.16406
15019,-0.20898
15020,-0.23438
15021,-0.24023
15022,-0.24414
15023,-0.25
15024,-0.25391
15025,-0.25977
15026,-0.25977
15027,-0.26367
15028,-0.2793
15029,-0.2793
15030,-0.28906
15031,-0.29883
15032,-0.32422
15033,-0.34961
15034,-0.38477
15035,-0.42969
15036,-0.48438
15037,-0.49805
15038,-0.49805
15039,-0.49805
15040,-0.49805
15041,-0.49805
15042,-0.49805
15043,-0.49805
15044,-0.49805
15045,-0.41406
15046,-0.31836
15047,-0.24023
15048,-0.17383
15049,-0.12891
15050,-0.083984
15051,-0.058594
15052,-0.044922
15053,-0.029297
15054,-0.025391
15055,-0.019531
15056,-0.025391
15057,-0.019531
15058,-0.013672
15059,-0.019531
15060,-0.013672
15061,-0.019531
15062,-0.019531
15063,-0.019531
15064,-0.019531
15065,-0.019531
15066,-0.019531
15067,-0.019531
15068,-0.013672
15069,-0.019531
15070,-0.019531
15071,-0.013672
15072,-0.013672
15073,-0.013672
15074,-0.013672
15075,-0.0039062
15076,-0.013672
15077,-0.0097656
15078,-0.0097656
15079,-0.0039062
15080,-0.0097656
15081,-0.013672
15082,-0.019531
15083,-0.013672
15084,-0.025391
15085,-0.025391
15086,-0.019531
15087,-0.025391
15088,-0.025391
15089,-0.035156
15090,-0.025391
15091,-0.013672
15092,0.0
15093,0.015625
15094,0.019531
15095,0.019531
15096,0.019531
15097,0.019531
15098,0.025391
15099,-0.035156
15100,-0.058594
15101,0.31055
15102,0.83984
15103,1.3398
15104,1.5
15105,1.4082
15106,1.1387
15107,0.875
15108,0.65039
15109,0.42969
15110,0.17969
15111,0.0
15112,-0.10938
15113,-0.16406
15114,-0.19336
15115,-0.20898
15116,-0.21484
15117,-0.21875
15118,-0.22461
15119,-0.22461
15120,-0.22852
15121,-0.23438
15122,-0.23438
15123,-0.24023
15124,-0.25
15125,-0.25977
15126,-0.2793
15127,-0.29492
15128,-0.31836
15129,-0.34961
15130,-0.39453
15131,-0.43945
15132,-0.49805
15133,-0.49805
15134,-0.49805
15135,-0.49805
15136,-0.49805
15137,-0.49805
15138,-0.49805
15139,-0.44922
15140,-0.36914
15141,-0.2793
15142,-0.21484
15143,-0.14844
15144,-0.10352
15145,-0.074219
15146,-0.048828
15147,-0.035156
15148,-0.025391
15149,-0.019531
15150,-0.013672
15151,-0.0097656
15152,-0.0097656
15153,-0.0039062
15154,0.0
15155,-0.0039062
15156,-0.0039062
15157,-0.0097656
15158,-0.0039062
15159,-0.013672
15160,-0.0097656
15161,-0.013672
15162,-0.0097656
15163,-0.0097656
15164,-0.0097656
15165,-0.0097656
15166,-0.0039062
15167,-0.0039062
15168,-0.0039062
15169,-0.013672
15170,-0.0097656
15171,-0.0097656
15172,-0.013672
15173,-0.013672
15174,-0.019531
15175,-0.013672
15176,-0.025391
15177,-0.025391
15178,-0.025391
15179,-0.025391
15180,-0.025391
15181,-0.025391
15182,-0.035156
15183,-0.019531
15184,-0.0097656
15185,0.0058594
15186,0.0097656
15187,0.019531
15188,0.025391
15189,0.019531
15190,0.019531
15191,-0.0039062
15192,-0.070312
15193,0.050781
15194,0.52539
15195,1.0547
15196,1.4941
15197,1.5
15198,1.2852
15199,1.0137
15200,0.75391
15201,0.55078
15202,0.31055
15203,0.076172
15204,-0.064453
15205,-0.1543
15206,-0.17969
15207,-0.21484
15208,-0.21484
15209,-0.21875
15210,-0.22461
15211,-0.22852
15212,-0.22852
15213,-0.23438
15214,-0.23438
15215,-0.24414
15216,-0.25
15217,-0.25977
15218,-0.26953
15219,-0.28516
15220,-0.30469
15221,-0.33398
15222,-0.37891
15223,-0.42383
15224,-0.47461
15225,-0.49805
15226,-0.49805
15227,-0.49805
15228,-0.49805
15229,-0.49805
15230,-0.49805
15231,-0.48828
15232,-0.4082
15233,-0.31836
15234,-0.24414
15235,-0.17969
15236,-0.12891
15237,-0.089844
15238,-0.058594
15239,-0.039062
15240,-0.025391
15241,-0.013672
15242,-0.013672
15243,-0.0039062
15244,0.0
15245,-0.0039062
15246,-0.0039062
15247,-0.0039062
15248,-0.0039062
15249,-0.0097656
15250,-0.0039062
15251,-0.0097656
15252,-0.0039062
15253,-0.0039062
15254,0.0
15255,-0.0039062
15256,-0.0097656
15257,-0.0039062
15258,-0.0039062
15259,0.0
15260,-0.0039062
15261,0.0
15262,0.0
15263,0.0058594
15264,0.0
15265,0.0058594
15266,-0.019531
15267,0.0
15268,-0.013672
15269,-0.0039062
15270,-0.025391
15271,-0.0039062
15272,-0.035156
15273,-0.0097656
15274,0.0
15275,-0.019531
15276,0.0058594
15277,0.035156
15278,0.041016
15279,0.050781
15280,0.044922
15281,0.054688
15282,0.044922
15283,0.025391
15284,-0.035156
15285,-0.039062
15286,0.49414
15287,1.0938
15288,1.5
15289,1.5
15290,1.4746
15291,1.1797
15292,0.88867
15293,0.66016
15294,0.41016
15295,0.14062
15296,0.0058594
15297,-0.10352
15298,-0.16016
15299,-0.18945
15300,-0.19336
15301,-0.19922
15302,-0.20898
15303,-0.19922
15304,-0.21875
15305,-0.21484
15306,-0.22461
15307,-0.22852
15308,-0.22852
15309,-0.24414
15310,-0.25391
15311,-0.26953
15312,-0.28906
15313,-0.33008
15314,-0.375
15315,-0.42383
15316,-0.47852
15317,-0.49805
15318,-0.49805
15319,-0.49805
15320,-0.49805
15321,-0.49805
15322,-0.49805
15323,-0.49805
15324,-0.41406
15325,-0.29883
15326,-0.22461
15327,-0.16016
15328,-0.099609
15329,-0.054688
15330,-0.029297
15331,-0.0039062
15332,0.0058594
15333,0.0097656
15334,0.0097656
15335,0.015625
15336,0.019531
15337,0.0097656
15338,0.015625
15339,0.0097656
15340,0.0058594
15341,0.0058594
15342,0.0
15343,0.0
15344,0.0
15345,0.0
15346,0.0
15347,-0.0039062
15348,0.0
15349,-0.0039062
15350,0.0
15351,-0.0039062
15352,-0.0039062
15353,-0.0039062
15354,0.0
15355,-0.0039062
15356,0.0
15357,-0.0039062
15358,-0.0039062
15359,-0.013672
15360,-0.013672
15361,-0.025391
15362,-0.025391
15363,-0.019531
15364,-0.025391
15365,-0.019531
15366,-0.029297
15367,-0.025391
15368,-0.013672
15369,0.0
15370,0.0097656
15371,0.019531
15372,0.015625
15373,0.019531
15374,0.019531
15375,0.0097656
15376,-0.035156
15377,-0.070312
15378,0.30469
15379,0.84961
15380,1.3691
15381,1.5
15382,1.4336
15383,1.1602
15384,0.88477
15385,0.6543
15386,0.42969
15387,0.17969
15388,-0.0039062
15389,-0.11523
15390,-0.16992
15391,-0.20898
15392,-0.22852
15393,-0.23438
15394,-0.23438
15395,-0.24023
15396,-0.25
15397,-0.25
15398,-0.24414
15399,-0.25391
15400,-0.25977
15401,-0.25977
15402,-0.26953
15403,-0.28516
15404,-0.30469
15405,-0.33398
15406,-0.36328
15407,-0.4043
15408,-0.45312
15409,-0.49805
15410,-0.49805
15411,-0.49805
15412,-0.49805
15413,-0.49805
15414,-0.49805
15415,-0.49805
15416,-0.44922
15417,-0.35938
15418,-0.27344
15419,-0.19922
15420,-0.14453
15421,-0.099609
15422,-0.070312
15423,-0.044922
15424,-0.029297
15425,-0.013672
15426,-0.013672
15427,-0.0039062
15428,0.0
15429,0.0
15430,-0.0039062
15431,0.0
15432,0.0
15433,0.0
15434,-0.0039062
15435,0.0
15436,-0.0097656
15437,-0.0039062
15438,-0.0097656
15439,-0.0039062
15440,-0.0097656
15441,-0.0039062
15442,-0.0039062
15443,-0.0039062
15444,0.0
15445,-0.0039062
15446,0.0
15447,-0.0039062
15448,0.0
15449,-0.0039062
15450,0.0
15451,-0.0039062
15452,-0.0097656
15453,-0.019531
15454,-0.025391
15455,-0.019531
15456,-0.025391
15457,-0.019531
15458,-0.025391
15459,-0.025391
15460,-0.0097656
15461,0.0
15462,0.019531
15463,0.025391
15464,0.025391
15465,0.019531
15466,0.019531
15467,0.015625
15468,-0.019531
15469,-0.070312
15470,0.16992
15471,0.67969
15472,1.2051
15473,1.5
15474,1.4648
15475,1.2148
15476,0.94922
15477,0.69922
15478,0.49023
15479,0.24609
15480,0.035156
15481,-0.09375
15482,-0.16406
15483,-0.18945
15484,-0.21484
15485,-0.21484
15486,-0.21875
15487,-0.21875
15488,-0.22852
15489,-0.22852
15490,-0.22461
15491,-0.22852
15492,-0.23438
15493,-0.24414
15494,-0.25391
15495,-0.26367
15496,-0.28516
15497,-0.30859
15498,-0.33984
15499,-0.38477
15500,-0.43359
15501,-0.48828
15502,-0.49805
15503,-0.49805
15504,-0.49805
15505,-0.49805
15506,-0.49805
15507,-0.49805
15508,-0.46484
15509,-0.37891
15510,-0.29492
15511,-0.22461
15512,-0.1543
15513,-0.10938
15514,-0.074219
15515,-0.048828
15516,-0.025391
15517,-0.013672
15518,-0.0039062
15519,0.0
15520,0.0
15521,0.0
15522,0.0
15523,0.0
15524,0.0
15525,0.0
15526,-0.0039062
15527,0.0
15528,0.0
15529,0.0
15530,-0.0039062
15531,0.0
15532,-0.0039062
15533,0.0
15534,-0.0039062
15535,0.0
15536,0.0
15537,0.0
15538,-0.0039062
15539,-0.0097656
15540,0.0
15541,-0.0039062
15542,0.0
15543,-0.0039062
15544,-0.013672
15545,-0.0097656
15546,-0.019531
15547,-0.019531
15548,-0.013672
15549,-0.025391
15550,-0.019531
15551,-0.029297
15552,-0.013672
15553,-0.0039062
15554,0.015625
15555,0.019531
15556,0.025391
15557,0.019531
15558,0.03125
15559,0.03125
15560,0.0097656
15561,-0.044922
15562,-0.070312
15563,0.42578
15564,0.94922
15565,1.4297
15566,1.5
15567,1.3496
15568,1.084
15569,0.83398
15570,0.60938
15571,0.40039
15572,0.13086
15573,-0.019531
15574,-0.10938
15575,-0.16016
15576,-0.18359
15577,-0.19922
15578,-0.18945
15579,-0.19922
15580,-0.19922
15581,-0.20898
15582,-0.21484
15583,-0.18945
15584,-0.21484
15585,-0.21875
15586,-0.23438
15587,-0.23438
15588,-0.25391
15589,-0.26953
15590,-0.30469
15591,-0.33984
15592,-0.38867
15593,-0.43359
15594,-0.49805
15595,-0.49805
15596,-0.49805
15597,-0.49805
15598,-0.49805
15599,-0.49805
15600,-0.48828
15601,-0.38867
15602,-0.30469
15603,-0.20898
15604,-0.14844
15605,-0.099609
15606,-0.054688
15607,-0.019531
15608,0.0
15609,0.0097656
15610,0.019531
15611,0.025391
15612,0.03125
15613,0.035156
15614,0.03125
15615,0.019531
15616,0.025391
15617,0.035156
15618,0.025391
15619,0.019531
15620,0.015625
15621,0.015625
15622,0.015625
15623,0.0097656
15624,0.0097656
15625,0.015625
15626,0.0097656
15627,0.0097656
15628,0.015625
15629,0.0
15630,0.0
15631,0.0058594
15632,0.0
15633,0.0
15634,-0.0039062
15635,-0.0097656
15636,-0.019531
15637,-0.013672
15638,-0.019531
15639,-0.019531
15640,-0.019531
15641,-0.029297
15642,-0.025391
15643,-0.0097656
15644,0.0
15645,0.0
15646,0.0058594
15647,0.0058594
15648,0.0097656
15649,0.015625
15650,0.0
15651,-0.048828
15652,-0.080078
15653,0.26953
15654,0.82422
15655,1.3633
15656,1.5
15657,1.4688
15658,1.1895
15659,0.91016
15660,0.66992
15661,0.44531
15662,0.19531
15663,0.0
15664,-0.11523
15665,-0.17969
15666,-0.21875
15667,-0.23438
15668,-0.23438
15669,-0.24414
15670,-0.25
15671,-0.24414
15672,-0.25
15673,-0.25
15674,-0.25391
15675,-0.25977
15676,-0.26953
15677,-0.2793
15678,-0.29492
15679,-0.31445
15680,-0.34375
15681,-0.37891
15682,-0.41992
15683,-0.46875
15684,-0.49805
15685,-0.49805
15686,-0.49805
15687,-0.49805
15688,-0.49805
15689,-0.49805
15690,-0.49805
15691,-0.45898
15692,-0.36328
15693,-0.2793
15694,-0.20898
15695,-0.14844
15696,-0.10352
15697,-0.070312
15698,-0.044922
15699,-0.025391
15700,-0.013672
15701,-0.013672
15702,0.0
15703,0.0
15704,0.0
15705,-0.0097656
15706,-0.0097656
15707,-0.0039062
15708,-0.0097656
15709,-0.013672
15710,-0.0097656
15711,-0.013672
15712,-0.0097656
15713,-0.013672
15714,-0.0097656
15715,-0.0097656
15716,-0.0097656
15717,-0.0039062
15718,0.0
15719,-0.0097656
15720,-0.0039062
15721,0.0
15722,0.0
15723,0.0
15724,-0.0097656
15725,-0.0039062
15726,-0.013672
15727,-0.0097656
15728,-0.013672
15729,-0.0097656
15730,-0.019531
15731,-0.025391
15732,-0.025391
15733,-0.029297
15734,-0.025391
15735,-0.029297
15736,-0.025391
15737,0.0
15738,0.0058594
15739,0.019531
15740,0.019531
15741,0.019531
15742,0.019531
15743,0.019531
15744,-0.0039062
15745,-0.058594
15746,0.050781
15747,0.52539
15748,1.0586
15749,1.4941
15750,1.5
15751,1.2949
15752,1.0195
15753,0.75977
15754,0.56055
15755,0.31445
15756,0.080078
15757,-0.064453
15758,-0.14844
15759,-0.17383
15760,-0.19922
15761,-0.20898
15762,-0.21484
15763,-0.21875
15764,-0.21875
15765,-0.22461
15766,-0.22461
15767,-0.23438
15768,-0.23438
15769,-0.24023
15770,-0.25391
15771,-0.26367
15772,-0.28516
15773,-0.30469
15774,-0.33398
15775,-0.36914
15776,-0.41406
15777,-0.46875
15778,-0.49805
15779,-0.49805
15780,-0.49805
15781,-0.49805
15782,-0.49805
15783,-0.49805
15784,-0.48438
15785,-0.39844
15786,-0.31445
15787,-0.23438
15788,-0.17383
15789,-0.11914
15790,-0.080078
15791,-0.048828
15792,-0.029297
15793,-0.013672
15794,-0.0097656
15795,-0.0039062
15796,0.0
15797,0.0
15798,0.0
15799,0.0
15800,0.0
15801,-0.0039062
15802,0.0
15803,0.0
15804,0.0
15805,-0.0039062
15806,-0.0097656
15807,-0.013672
15808,-0.0039062
15809,-0.0097656
15810,0.0
15811,0.0
15812,0.0
15813,-0.0039062
15814,0.0
15815,0.0
15816,0.0
15817,-0.0039062
15818,-0.0039062
15819,-0.0097656
15820,-0.013672
15821,-0.019531
15822,-0.025391
15823,-0.025391
15824,-0.025391
15825,-0.025391
15826,-0.025391
15827,-0.029297
15828,-0.025391
15829,-0.0097656
15830,0.0
15831,0.015625
15832,0.019531
15833,0.019531
15834,0.019531
15835,0.019531
15836,0.019531
15837,-0.019531
15838,-0.070312
15839,0.2207
15840,0.73438
15841,1.25
15842,1.5
15843,1.4492
15844,1.1797
15845,0.91992
15846,0.68555
15847,0.4707
15848,0.2207
15849,0.019531
15850,-0.099609
15851,-0.16016
15852,-0.18945
15853,-0.20508
15854,-0.21484
15855,-0.21484
15856,-0.21484
15857,-0.21875
15858,-0.22461
15859,-0.23438
15860,-0.23438
15861,-0.24023
15862,-0.24414
15863,-0.26367
15864,-0.26953
15865,-0.28516
15866,-0.30859
15867,-0.34375
15868,-0.38867
15869,-0.43945
15870,-0.48828
15871,-0.49805
15872,-0.49805
15873,-0.49805
15874,-0.49805
15875,-0.49805
15876,-0.49805
15877,-0.44922
15878,-0.36914
15879,-0.2793
15880,-0.20898
15881,-0.14844
15882,-0.099609
15883,-0.064453
15884,-0.048828
15885,-0.025391
15886,-0.019531
15887,-0.0039062
15888,0.0
15889,0.0
15890,0.0058594
15891,0.0
15892,-0.0039062
15893,0.0
15894,0.0
15895,0.0097656
15896,0.0
15897,0.0058594
15898,-0.0097656
15899,0.0
15900,0.0
15901,0.0097656
15902,0.0058594
15903,0.015625
15904,0.019531
15905,0.0058594
15906,0.019531
15907,0.035156
15908,0.015625
15909,0.019531
15910,0.025391
15911,0.041016
15912,0.025391
15913,0.03125
15914,0.019531
15915,0.03125
15916,0.019531
15917,0.015625
15918,0.025391
15919,0.035156
15920,0.0097656
15921,0.019531
15922,0.044922
15923,0.041016
15924,0.070312
15925,0.085938
15926,0.064453
15927,0.070312
15928,0.050781
15929,0.064453
15930,0.0058594
15931,-0.039062
15932,0.4043
15933,1.0098
15934,1.5
15935,1.5
15936,1.5
15937,1.2852
15938,0.97461
15939,0.70508
15940,0.44922
15941,0.18555
15942,-0.0039062
15943,-0.125
15944,-0.18359
15945,-0.21875
15946,-0.23438
15947,-0.24414
15948,-0.24023
15949,-0.25391
15950,-0.25391
15951,-0.25
15952,-0.25977
15953,-0.25977
15954,-0.26953
15955,-0.2793
15956,-0.2793
15957,-0.30469
15958,-0.31836
15959,-0.35352
15960,-0.38867
15961,-0.43945
15962,-0.48828
15963,-0.49805
15964,-0.49805
15965,-0.49805
15966,-0.49805
15967,-0.49805
15968,-0.49805
15969,-0.49805
15970,-0.46484
15971,-0.36914
15972,-0.28906
15973,-0.21484
15974,-0.1543
15975,-0.10352
15976,-0.074219
15977,-0.054688
15978,-0.039062
15979,-0.025391
15980,-0.025391
15981,-0.025391
15982,-0.025391
15983,-0.019531
15984,-0.025391
15985,-0.019531
15986,-0.025391
15987,-0.025391
15988,-0.025391
15989,-0.025391
15990,-0.025391
15991,-0.025391
15992,-0.025391
15993,-0.025391
15994,-0.025391
15995,-0.025391
15996,-0.019531
15997,-0.019531
15998,-0.019531
15999,-0.019531
16000,-0.019531
16001,-0.013672
16002,-0.013672
16003,-0.013672
16004,-0.013672
16005,-0.0097656
16006,-0.013672
16007,-0.013672
16008,-0.019531
16009,-0.019531
16010,-0.019531
16011,-0.025391
16012,-0.019531
16013,-0.025391
16014,-0.025391
16015,-0.035156
16016,-0.019531
16017,0.0
16018,0.0058594
16019,0.019531
16020,0.019531
16021,0.019531
16022,0.019531
16023,0.015625
16024,-0.013672
16025,-0.070312
16026,0.070312
16027,0.57031
16028,1.1094
16029,1.5
16030,1.5
16031,1.2891
16032,1.0137
16033,0.75391
16034,0.55078
16035,0.30469
16036,0.076172
16037,-0.064453
16038,-0.14844
16039,-0.17969
16040,-0.20508
16041,-0.21484
16042,-0.22461
16043,-0.22461
16044,-0.22852
16045,-0.23438
16046,-0.22852
16047,-0.23438
16048,-0.24023
16049,-0.24414
16050,-0.25391
16051,-0.25977
16052,-0.2793
16053,-0.30469
16054,-0.33008
16055,-0.375
16056,-0.41992
16057,-0.46875
16058,-0.49805
16059,-0.49805
16060,-0.49805
16061,-0.49805
16062,-0.49805
16063,-0.49805
16064,-0.48828
16065,-0.4043
16066,-0.31836
16067,-0.24023
16068,-0.17383
16069,-0.125
16070,-0.083984
16071,-0.054688
16072,-0.029297
16073,-0.013672
16074,-0.0097656
16075,-0.0039062
16076,0.0058594
16077,0.0
16078,0.0
16079,0.0
16080,0.0
16081,0.0
16082,0.0
16083,0.0
16084,0.0
16085,0.0
16086,0.0
16087,0.0
16088,0.0
16089,0.0
16090,0.0
16091,0.0
16092,-0.0039062
16093,0.0
16094,-0.0039062
16095,-0.0039062
16096,-0.0039062
16097,0.0
16098,-0.0039062
16099,-0.0039062
16100,-0.0097656
16101,-0.0039062
16102,-0.019531
16103,-0.019531
16104,-0.013672
16105,-0.025391
16106,-0.019531
16107,-0.029297
16108,-0.019531
16109,-0.0039062
16110,0.0097656
16111,0.019531
16112,0.025391
16113,0.025391
16114,0.03125
16115,0.019531
16116,0.0058594
16117,-0.048828
16118,-0.070312
16119,0.41602
16120,0.95508
16121,1.4297
16122,1.5
16123,1.3496
16124,1.0801
16125,0.81445
16126,0.60547
16127,0.375
16128,0.13086
16129,-0.035156
16130,-0.12891
16131,-0.16992
16132,-0.19336
16133,-0.21484
16134,-0.21484
16135,-0.21875
16136,-0.22461
16137,-0.22461
16138,-0.22852
16139,-0.23438
16140,-0.24023
16141,-0.24414
16142,-0.25391
16143,-0.26367
16144,-0.28516
16145,-0.29883
16146,-0.33008
16147,-0.36328
16148,-0.4082
16149,-0.46484
16150,-0.49805
16151,-0.49805
16152,-0.49805
16153,-0.49805
16154,-0.49805
16155,-0.49805
16156,-0.49805
16157,-0.41992
16158,-0.33398
16159,-0.25391
16160,-0.18945
16161,-0.13867
16162,-0.09375
16163,-0.070312
16164,-0.044922
16165,-0.029297
16166,-0.019531
16167,-0.013672
16168,-0.0097656
16169,-0.0097656
16170,-0.0039062
16171,0.0
16172,0.0
16173,0.0
16174,0.0
16175,-0.0039062
16176,0.0
16177,0.0
16178,-0.0039062
16179,0.0
16180,0.0
16181,0.0
16182,0.0
16183,0.0
16184,0.0
16185,0.0
16186,-0.0039062
16187,0.0
16188,-0.0039062
16189,0.0
16190,-0.0097656
16191,-0.0039062
16192,-0.013672
16193,-0.0097656
16194,-0.019531
16195,-0.013672
16196,-0.0097656
16197,-0.019531
16198,0.0
16199,-0.025391
16200,-0.035156
16201,-0.0039062
16202,0.0058594
16203,0.019531
16204,0.035156
16205,0.019531
16206,0.03125
16207,0.035156
16208,0.025391
16209,-0.029297
16210,-0.058594
16211,0.32422
16212,0.86914
16213,1.3945
16214,1.5
16215,1.4785
16216,1.209
16217,0.93555
16218,0.68945
16219,0.49023
16220,0.20117
16221,0.03125
16222,-0.10352
16223,-0.13477
16224,-0.17383
16225,-0.19336
16226,-0.18359
16227,-0.20898
16228,-0.20508
16229,-0.20898
16230,-0.19336
16231,-0.21484
16232,-0.20898
16233,-0.22461
16234,-0.24023
16235,-0.25391
16236,-0.26367
16237,-0.26953
16238,-0.32422
16239,-0.35938
16240,-0.39453
16241,-0.43945
16242,-0.49805
16243,-0.49805
16244,-0.49805
16245,-0.49805
16246,-0.49805
16247,-0.49805
16248,-0.49805
16249,-0.43945
16250,-0.34375
16251,-0.25391
16252,-0.17969
16253,-0.11523
16254,-0.070312
16255,-0.035156
16256,-0.0097656
16257,0.0058594
16258,0.015625
16259,0.019531
16260,0.019531
16261,0.019531
16262,0.019531
16263,0.019531
16264,0.025391
16265,0.015625
16266,0.019531
16267,0.015625
16268,0.0097656
16269,0.0097656
16270,0.0097656
16271,0.0
16272,0.0097656
16273,0.0058594
16274,0.0097656
16275,0.0
16276,0.0
16277,0.0
16278,0.0
16279,0.0058594
16280,0.0058594
16281,0.0
16282,-0.0039062
16283,-0.0039062
16284,-0.0097656
16285,-0.013672
16286,-0.025391
16287,-0.025391
16288,-0.025391
16289,-0.025391
16290,-0.029297
16291,-0.025391
16292,-0.013672
16293,0.0
16294,0.0097656
16295,0.019531
16296,0.019531
16297,0.019531
16298,0.015625
16299,0.0
16300,-0.048828
16301,-0.080078
16302,0.32422
16303,0.87891
16304,1.3984
16305,1.5
16306,1.4297
16307,1.1543
16308,0.875
16309,0.65039
16310,0.42578
16311,0.17578
16312,-0.0097656
16313,-0.11914
16314,-0.17383
16315,-0.21875
16316,-0.23438
16317,-0.24023
16318,-0.24023
16319,-0.24414
16320,-0.24414
16321,-0.25391
16322,-0.25391
16323,-0.25977
16324,-0.26367
16325,-0.27344
16326,-0.28516
16327,-0.29883
16328,-0.31445
16329,-0.33984
16330,-0.37891
16331,-0.42383
16332,-0.47852
16333,-0.49805
16334,-0.49805
16335,-0.49805
16336,-0.49805
16337,-0.49805
16338,-0.49805
16339,-0.49805
16340,-0.45312
16341,-0.35938
16342,-0.27344
16343,-0.19922
16344,-0.14844
16345,-0.099609
16346,-0.070312
16347,-0.048828
16348,-0.029297
16349,-0.019531
16350,-0.013672
16351,-0.0097656
16352,-0.0039062
16353,-0.0097656
16354,0.0
16355,-0.0039062
16356,0.0
16357,-0.0039062
16358,0.0
16359,0.0
16360,-0.0039062
16361,-0.0097656
16362,-0.0039062
16363,-0.0097656
16364,-0.0039062
16365,-0.0097656
16366,0.0
16367,0.0
16368,0.0
16369,0.0
16370,0.0
16371,-0.0097656
16372,-0.0097656
16373,-0.013672
16374,-0.0097656
16375,-0.0097656
16376,-0.013672
16377,-0.025391
16378,-0.025391
16379,-0.025391
16380,-0.029297
16381,-0.025391
16382,-0.029297
16383,-0.025391
16384,0.0
16385,0.0058594
16386,0.019531
16387,0.025391
16388,0.025391
16389,0.025391
16390,0.025391
16391,0.015625
16392,-0.035156
16393,-0.064453
16394,0.33008
16395,0.85938
16396,1.3633
16397,1.5
16398,1.3945
16399,1.1191
16400,0.85547
16401,0.63477
16402,0.41602
16403,0.16016
16404,-0.019531
16405,-0.12891
16406,-0.16992
16407,-0.20508
16408,-0.21484
16409,-0.21484
16410,-0.22461
16411,-0.22852
16412,-0.22852
16413,-0.23438
16414,-0.23438
16415,-0.24023
16416,-0.24023
16417,-0.25
16418,-0.25391
16419,-0.2793
16420,-0.29883
16421,-0.32422
16422,-0.35938
16423,-0.4082
16424,-0.45312
16425,-0.49805
16426,-0.49805
16427,-0.49805
16428,-0.49805
16429,-0.49805
16430,-0.49805
16431,-0.49805
16432,-0.43945
16433,-0.34375
16434,-0.25977
16435,-0.19922
16436,-0.14453
16437,-0.09375
16438,-0.064453
16439,-0.044922
16440,-0.025391
16441,-0.019531
16442,-0.0097656
16443,0.0
16444,-0.0039062
16445,0.0
16446,0.0
16447,0.0
16448,0.0
16449,0.0
16450,0.0
16451,0.0
16452,0.0
16453,0.0
16454,0.0
16455,-0.0039062
16456,0.0
16457,-0.0039062
16458,-0.0097656
16459,-0.0039062
16460,-0.0097656
16461,-0.0097656
16462,-0.0039062
16463,-0.0039062
16464,0.0
16465,-0.0039062
16466,-0.0039062
16467,-0.0097656
16468,-0.013672
16469,-0.019531
16470,-0.019531
16471,-0.019531
16472,-0.025391
16473,-0.019531
16474,-0.029297
16475,-0.019531
16476,0.0
16477,0.0097656
16478,0.019531
16479,0.019531
16480,0.03125
16481,0.025391
16482,0.025391
16483,0.0097656
16484,-0.039062
16485,-0.074219
16486,0.35938
16487,0.89453
16488,1.3848
16489,1.5
16490,1.3633
16491,1.0938
16492,0.83398
16493,0.61914
16494,0.39453
16495,0.14453
16496,-0.019531
16497,-0.125
16498,-0.16406
16499,-0.19336
16500,-0.20898
16501,-0.21484
16502,-0.20898
16503,-0.21484
16504,-0.21875
16505,-0.21484
16506,-0.22852
16507,-0.23438
16508,-0.24023
16509,-0.25
16510,-0.23438
16511,-0.26953
16512,-0.29492
16513,-0.30859
16514,-0.36328
16515,-0.38477
16516,-0.42969
16517,-0.49805
16518,-0.49805
16519,-0.49805
16520,-0.49805
16521,-0.49805
16522,-0.49805
16523,-0.49414
16524,-0.41406
16525,-0.30859
16526,-0.22461
16527,-0.16406
16528,-0.10352
16529,-0.074219
16530,-0.019531
16531,0.0
16532,0.0058594
16533,0.025391
16534,0.019531
16535,0.03125
16536,0.035156
16537,0.03125
16538,0.044922
16539,0.035156
16540,0.019531
16541,0.041016
16542,0.035156
16543,0.035156
16544,0.025391
16545,0.041016
16546,0.019531
16547,0.019531
16548,0.03125
16549,0.019531
16550,0.025391
16551,0.019531
16552,0.019531
16553,0.019531
16554,0.019531
16555,0.019531
16556,0.015625
16557,0.0097656
16558,0.015625
16559,0.0097656
16560,0.0058594
16561,0.0097656
16562,0.0
16563,0.0058594
16564,-0.0039062
16565,-0.0097656
16566,0.0058594
16567,0.019531
16568,0.035156
16569,0.035156
16570,0.035156
16571,0.03125
16572,0.041016
16573,0.019531
16574,-0.035156
16575,-0.070312
16576,0.38086
16577,0.95898
16578,1.4941
16579,1.5
16580,1.4746
16581,1.1836
16582,0.89453
16583,0.6543
16584,0.42578
16585,0.16016
16586,-0.019531
16587,-0.13477
16588,-0.19922
16589,-0.24023
16590,-0.25977
16591,-0.25391
16592,-0.25977
16593,-0.26367
16594,-0.26953
16595,-0.26953
16596,-0.27344
16597,-0.27344
16598,-0.28516
16599,-0.28906
16600,-0.30469
16601,-0.31445
16602,-0.33398
16603,-0.36914
16604,-0.4082
16605,-0.44922
16606,-0.49805
16607,-0.49805
16608,-0.49805
16609,-0.49805
16610,-0.49805
16611,-0.49805
16612,-0.49805
16613,-0.49805
16614,-0.45312
16615,-0.36328
16616,-0.2793
16617,-0.20508
16618,-0.14844
16619,-0.11523
16620,-0.074219
16621,-0.054688
16622,-0.039062
16623,-0.029297
16624,-0.025391
16625,-0.025391
16626,-0.013672
16627,-0.019531
16628,-0.013672
16629,-0.013672
16630,-0.013672
16631,-0.013672
16632,-0.019531
16633,-0.013672
16634,-0.025391
16635,-0.019531
16636,-0.025391
16637,-0.019531
16638,-0.019531
16639,-0.013672
16640,-0.019531
16641,-0.013672
16642,-0.019531
16643,-0.013672
16644,-0.0097656
16645,-0.013672
16646,-0.013672
16647,-0.013672
16648,-0.013672
16649,-0.0097656
16650,-0.0097656
16651,-0.0097656
16652,-0.019531
16653,-0.025391
16654,-0.025391
16655,-0.019531
16656,-0.025391
16657,-0.025391
16658,-0.035156
16659,-0.019531
16660,-0.0097656
16661,0.0058594
16662,0.019531
16663,0.015625
16664,0.019531
16665,0.019531
16666,0.019531
16667,0.0
16668,-0.054688
16669,-0.064453
16670,0.48438
16671,1.0098
16672,1.459
16673,1.5
16674,1.2988
16675,1.0352
16676,0.77539
16677,0.56445
16678,0.33594
16679,0.095703
16680,-0.064453
16681,-0.14844
16682,-0.17969
16683,-0.20898
16684,-0.21484
16685,-0.21875
16686,-0.22461
16687,-0.22852
16688,-0.22852
16689,-0.23438
16690,-0.23438
16691,-0.24414
16692,-0.25
16693,-0.25977
16694,-0.26953
16695,-0.28516
16696,-0.30469
16697,-0.33398
16698,-0.36914
16699,-0.41406
16700,-0.46484
16701,-0.49805
16702,-0.49805
16703,-0.49805
16704,-0.49805
16705,-0.49805
16706,-0.49805
16707,-0.49414
16708,-0.41406
16709,-0.32422
16710,-0.24414
16711,-0.18359
16712,-0.13477
16713,-0.09375
16714,-0.064453
16715,-0.044922
16716,-0.025391
16717,-0.025391
16718,-0.013672
16719,-0.0097656
16720,0.0
16721,-0.0097656
16722,-0.0097656
16723,-0.0039062
16724,-0.0097656
16725,-0.0097656
16726,-0.0097656
16727,-0.0039062
16728,-0.0039062
16729,-0.0039062
16730,-0.0039062
16731,-0.0039062
16732,-0.0039062
16733,-0.0039062
16734,-0.0097656
16735,0.0
16736,-0.0039062
16737,-0.0039062
16738,-0.0039062
16739,0.0
16740,-0.0039062
16741,-0.0097656
16742,-0.0097656
16743,-0.0097656
16744,-0.019531
16745,-0.019531
16746,-0.025391
16747,-0.025391
16748,-0.025391
16749,-0.029297
16750,-0.035156
16751,-0.0097656
16752,0.0
16753,0.019531
16754,0.025391
16755,0.025391
16756,0.019531
16757,0.019531
16758,0.025391
16759,-0.025391
16760,-0.070312
16761,0.23438
16762,0.75391
16763,1.2695
16764,1.5
16765,1.4238
16766,1.1641
16767,0.90039
16768,0.66992
16769,0.46094
16770,0.21094
16771,0.0097656
16772,-0.10352
16773,-0.16406
16774,-0.18359
16775,-0.20508
16776,-0.20898
16777,-0.21484
16778,-0.21484
16779,-0.22461
16780,-0.22461
16781,-0.21875
16782,-0.23438
16783,-0.24023
16784,-0.24414
16785,-0.25977
16786,-0.27344
16787,-0.28906
16788,-0.31836
16789,-0.34961
16790,-0.38867
16791,-0.43945
16792,-0.49414
16793,-0.49805
16794,-0.49805
16795,-0.49805
16796,-0.49805
16797,-0.49805
16798,-0.49805
16799,-0.43945
16800,-0.34375
16801,-0.26953
16802,-0.20508
16803,-0.14844
16804,-0.089844
16805,-0.070312
16806,-0.044922
16807,-0.048828
16808,-0.0097656
16809,0.0
16810,0.0058594
16811,0.0097656
16812,0.0
16813,0.019531
16814,0.0058594
16815,0.0
16816,0.019531
16817,0.015625
16818,0.025391
16819,0.019531
16820,0.019531
16821,0.015625
16822,0.03125
16823,0.025391
16824,0.044922
16825,0.015625
16826,0.025391
16827,0.035156
16828,0.041016
16829,0.044922
16830,0.025391
16831,0.019531
16832,0.03125
16833,0.025391
16834,0.041016
16835,0.025391
16836,0.015625
16837,0.025391
16838,0.025391
16839,0.025391
16840,0.015625
16841,0.0
16842,0.019531
16843,0.041016
16844,0.041016
16845,0.044922
16846,0.054688
16847,0.054688
16848,0.050781
16849,0.050781
16850,0.03125
16851,-0.025391
16852,-0.048828
16853,0.44531
16854,1.0449
16855,1.5
16856,1.5
16857,1.5
16858,1.2188
16859,0.91406
16860,0.67578
16861,0.42578
16862,0.15625
16863,-0.019531
16864,-0.13477
16865,-0.18359
16866,-0.21875
16867,-0.24023
16868,-0.24414
16869,-0.25
16870,-0.25391
16871,-0.25977
16872,-0.25391
16873,-0.26367
16874,-0.26367
16875,-0.27344
16876,-0.28516
16877,-0.29883
16878,-0.30469
16879,-0.33008
16880,-0.35938
16881,-0.39844
16882,-0.44336
16883,-0.49805
16884,-0.49805
16885,-0.49805
16886,-0.49805
16887,-0.49805
16888,-0.49805
16889,-0.49805
16890,-0.49805
16891,-0.45898
16892,-0.36328
16893,-0.27344
16894,-0.20508
16895,-0.14453
16896,-0.10352
16897,-0.070312
16898,-0.048828
16899,-0.029297
16900,-0.025391
16901,-0.013672
16902,-0.013672
16903,-0.0097656
16904,-0.013672
16905,-0.0097656
16906,-0.0097656
16907,-0.0039062
16908,-0.0097656
16909,-0.013672
16910,-0.013672
16911,-0.013672
16912,-0.0097656
16913,-0.013672
16914,-0.0097656
16915,-0.013672
16916,-0.0097656
16917,-0.0097656
16918,-0.0039062
16919,-0.0039062
16920,-0.0097656
16921,-0.0097656
16922,-0.0039062
16923,-0.0097656
16924,-0.0039062
16925,-0.0097656
16926,-0.0039062
16927,-0.013672
16928,-0.013672
16929,-0.013672
16930,-0.013672
16931,-0.025391
16932,-0.025391
16933,-0.019531
16934,-0.025391
16935,-0.029297
16936,-0.035156
16937,-0.019531
16938,-0.0039062
16939,0.0097656
16940,0.019531
16941,0.025391
16942,0.019531
16943,0.025391
16944,0.019531
16945,-0.0039062
16946,-0.064453
16947,0.076172
16948,0.56055
16949,1.0898
16950,1.5
16951,1.5
16952,1.2793
16953,1.0137
16954,0.74414
16955,0.54492
16956,0.31055
16957,0.076172
16958,-0.064453
16959,-0.14844
16960,-0.18359
16961,-0.20508
16962,-0.21484
16963,-0.21875
16964,-0.22461
16965,-0.22852
16966,-0.22852
16967,-0.23438
16968,-0.23438
16969,-0.23438
16970,-0.24023
16971,-0.25391
16972,-0.25977
16973,-0.28516
16974,-0.30469
16975,-0.33398
16976,-0.36328
16977,-0.4082
16978,-0.46484
16979,-0.49805
16980,-0.49805
16981,-0.49805
16982,-0.49805
16983,-0.49805
16984,-0.49805
16985,-0.48438
16986,-0.39453
16987,-0.30469
16988,-0.22852
16989,-0.16992
16990,-0.125
16991,-0.080078
16992,-0.048828
16993,-0.025391
16994,-0.013672
16995,-0.0039062
16996,0.0
16997,0.0
16998,0.0
16999,0.0
17000,0.0
17001,0.0
17002,0.0
17003,0.0
17004,0.0
17005,0.0
17006,0.0
17007,0.0
17008,0.0
17009,0.0
17010,0.0
17011,0.0
17012,0.0
17013,0.0
17014,0.0
17015,-0.0039062
17016,0.0
17017,0.0
17018,0.0
17019,0.0
17020,-0.0039062
17021,-0.0097656
17022,-0.0097656
17023,-0.019531
17024,-0.013672
17025,-0.025391
17026,-0.019531
17027,-0.025391
17028,-0.025391
17029,-0.0097656
17030,0.0058594
17031,0.019531
17032,0.019531
17033,0.03125
17034,0.025391
17035,0.03125
17036,0.025391
17037,-0.0039062
17038,-0.064453
17039,0.089844
17040,0.58984
17041,1.1191
17042,1.5
17043,1.498
17044,1.2539
17045,0.99023
17046,0.73438
17047,0.5293
17048,0.29102
17049,0.064453
17050,-0.070312
17051,-0.14844
17052,-0.17383
17053,-0.19922
17054,-0.20898
17055,-0.21484
17056,-0.21875
17057,-0.21875
17058,-0.22461
17059,-0.22852
17060,-0.22852
17061,-0.23438
17062,-0.24414
17063,-0.25
17064,-0.26367
17065,-0.28516
17066,-0.30859
17067,-0.33398
17068,-0.375
17069,-0.41992
17070,-0.46875
17071,-0.49805
17072,-0.49805
17073,-0.49805
17074,-0.49805
17075,-0.49805
17076,-0.49805
17077,-0.47461
17078,-0.38477
17079,-0.29883
17080,-0.22461
17081,-0.16406
17082,-0.11523
17083,-0.083984
17084,-0.048828
17085,-0.035156
17086,-0.013672
17087,0.0
17088,0.0
17089,0.0
17090,0.0
17091,-0.0039062
17092,0.015625
17093,0.0
17094,-0.0039062
17095,0.0058594
17096,-0.0097656
17097,0.015625
17098,0.0
17099,0.0097656
17100,0.0
17101,0.015625
17102,0.0097656
17103,0.015625
17104,0.0058594
17105,0.019531
17106,0.025391
17107,0.0
17108,0.035156
17109,0.019531
17110,0.025391
17111,0.041016
17112,0.019531
17113,0.03125
17114,0.019531
17115,0.0058594
17116,0.035156
17117,0.015625
17118,0.019531
17119,0.0058594
17120,0.03125
17121,0.025391
17122,0.054688
17123,0.050781
17124,0.064453
17125,0.044922
17126,0.070312
17127,0.076172
17128,0.060547
17129,0.0058594
17130,-0.039062
17131,0.32031
17132,0.9043
17133,1.4746
17134,1.5
17135,1.5
17136,1.3086
17137,1.0195
17138,0.73047
17139,0.48047
17140,0.21094
17141,0.015625
17142,-0.11523
17143,-0.17969
17144,-0.21875
17145,-0.23438
17146,-0.24414
17147,-0.24023
17148,-0.25
17149,-0.25391
17150,-0.25
17151,-0.25391
17152,-0.25977
17153,-0.26367
17154,-0.2793
17155,-0.2793
17156,-0.30469
17157,-0.32422
17158,-0.34961
17159,-0.38867
17160,-0.43945
17161,-0.48438
17162,-0.49805
17163,-0.49805
17164,-0.49805
17165,-0.49805
17166,-0.49805
17167,-0.49805
17168,-0.49805
17169,-0.47461
17170,-0.37891
17171,-0.28906
17172,-0.21484
17173,-0.1543
17174,-0.10938
17175,-0.080078
17176,-0.048828
17177,-0.029297
17178,-0.019531
17179,-0.013672
17180,-0.0097656
17181,-0.013672
17182,-0.019531
17183,-0.013672
17184,-0.019531
17185,-0.019531
17186,-0.019531
17187,-0.019531
17188,-0.025391
17189,-0.019531
17190,-0.025391
17191,-0.019531
17192,-0.019531
17193,-0.013672
17194,-0.013672
17195,-0.013672
17196,-0.019531
17197,-0.0097656
17198,-0.013672
17199,-0.0097656
17200,-0.013672
17201,-0.0097656
17202,-0.0097656
17203,-0.0097656
17204,-0.013672
17205,-0.0097656
17206,-0.0097656
17207,-0.0097656
17208,-0.013672
17209,-0.019531
17210,-0.025391
17211,-0.019531
17212,-0.025391
17213,-0.019531
17214,-0.029297
17215,-0.025391
17216,-0.0097656
17217,0.0058594
17218,0.019531
17219,0.019531
17220,0.019531
17221,0.019531
17222,0.019531
17223,0.0097656
17224,-0.035156
17225,-0.064453
17226,0.35938
17227,0.89453
17228,1.3945
17229,1.5
17230,1.4043
17231,1.1289
17232,0.86523
17233,0.63477
17234,0.41602
17235,0.16602
17236,-0.0097656
17237,-0.10938
17238,-0.16406
17239,-0.18945
17240,-0.20508
17241,-0.21484
17242,-0.21484
17243,-0.21484
17244,-0.21484
17245,-0.22461
17246,-0.22852
17247,-0.22852
17248,-0.23438
17249,-0.24414
17250,-0.25977
17251,-0.26953
17252,-0.28516
17253,-0.30859
17254,-0.34375
17255,-0.38867
17256,-0.44336
17257,-0.49414
17258,-0.49805
17259,-0.49805
17260,-0.49805
17261,-0.49805
17262,-0.49805
17263,-0.49805
17264,-0.43359
17265,-0.34375
17266,-0.26953
17267,-0.19336
17268,-0.13867
17269,-0.089844
17270,-0.058594
17271,-0.039062
17272,-0.019531
17273,-0.0039062
17274,0.0
17275,0.0
17276,0.0
17277,0.0
17278,0.0
17279,0.0
17280,0.0
17281,0.0
17282,0.0
17283,0.0
17284,0.0
17285,0.0
17286,0.0
17287,0.0
17288,0.0
17289,0.0
17290,0.0
17291,0.0
17292,0.0
17293,0.0
17294,0.0
17295,0.0
17296,0.0
17297,0.0
17298,-0.0039062
17299,-0.0039062
17300,-0.0097656
17301,-0.0039062
17302,-0.013672
17303,-0.0097656
17304,-0.019531
17305,-0.013672
17306,-0.025391
17307,-0.013672
17308,0.0
17309,0.0097656
17310,0.019531
17311,0.025391
17312,0.03125
17313,0.03125
17314,0.025391
17315,0.019531
17316,-0.029297
17317,-0.064453
17318,0.33008
17319,0.85938
17320,1.3633
17321,1.5
17322,1.3984
17323,1.1289
17324,0.85938
17325,0.63477
17326,0.41992
17327,0.16992
17328,-0.0097656
17329,-0.11914
17330,-0.16406
17331,-0.18945
17332,-0.20508
17333,-0.20898
17334,-0.21484
17335,-0.21484
17336,-0.21875
17337,-0.22461
17338,-0.22461
17339,-0.23438
17340,-0.23438
17341,-0.24023
17342,-0.25391
17343,-0.26953
17344,-0.28906
17345,-0.30859
17346,-0.34375
17347,-0.38867
17348,-0.44336
17349,-0.49805
17350,-0.49805
17351,-0.49805
17352,-0.49805
17353,-0.49805
17354,-0.49805
17355,-0.49805
17356,-0.43359
17357,-0.34375
17358,-0.26367
17359,-0.19922
17360,-0.13867
17361,-0.09375
17362,-0.064453
17363,-0.035156
17364,-0.019531
17365,-0.0039062
17366,0.0
17367,0.0
17368,0.0058594
17369,0.0058594
17370,0.0058594
17371,0.0058594
17372,0.0097656
17373,0.0058594
17374,0.0
17375,0.0
17376,0.0
17377,0.0
17378,0.0
17379,0.0
17380,0.0
17381,0.0
17382,0.0
17383,-0.0039062
17384,-0.0097656
17385,-0.013672
17386,-0.0097656
17387,-0.0039062
17388,-0.0097656
17389,0.0
17390,-0.0039062
17391,-0.0039062
17392,-0.0039062
17393,-0.013672
17394,-0.019531
17395,-0.025391
17396,-0.019531
17397,-0.025391
17398,-0.013672
17399,-0.025391
17400,-0.0097656
17401,0.0
17402,0.015625
17403,0.019531
17404,0.025391
17405,0.03125
17406,0.025391
17407,0.03125
17408,0.0
17409,-0.054688
17410,0.11523
17411,0.60938
17412,1.1289
17413,1.5
17414,1.4941
17415,1.2598
17416,0.98438
17417,0.74023
17418,0.53906
17419,0.29492
17420,0.070312
17421,-0.054688
17422,-0.14453
17423,-0.16406
17424,-0.18359
17425,-0.19336
17426,-0.19922
17427,-0.20898
17428,-0.21484
17429,-0.19336
17430,-0.20508
17431,-0.21484
17432,-0.21484
17433,-0.22852
17434,-0.21484
17435,-0.24023
17436,-0.26367
17437,-0.28516
17438,-0.31445
17439,-0.35352
17440,-0.4082
17441,-0.44922
17442,-0.49805
17443,-0.49805
17444,-0.49805
17445,-0.49805
17446,-0.49805
17447,-0.49805
17448,-0.45898
17449,-0.36914
17450,-0.27344
17451,-0.19922
17452,-0.12891
17453,-0.074219
17454,-0.048828
17455,-0.0097656
17456,0.015625
17457,0.0097656
17458,0.019531
17459,0.025391
17460,0.035156
17461,0.050781
17462,0.03125
17463,0.03125
17464,0.03125
17465,0.035156
17466,0.03125
17467,0.019531
17468,0.025391
17469,0.03125
17470,0.025391
17471,0.019531
17472,0.019531
17473,0.025391
17474,0.015625
17475,0.019531
17476,0.015625
17477,0.015625
17478,0.015625
17479,0.015625
17480,0.019531
17481,0.0058594
17482,0.0097656
17483,0.0
17484,0.0
17485,-0.0039062
17486,0.0
17487,-0.0097656
17488,-0.0039062
17489,-0.013672
17490,-0.019531
17491,0.0
17492,0.0058594
17493,0.019531
17494,0.019531
17495,0.019531
17496,0.025391
17497,0.019531
17498,0.0097656
17499,-0.029297
17500,-0.074219
17501,0.23438
17502,0.78906
17503,1.3438
17504,1.5
17505,1.5
17506,1.2246
17507,0.94531
17508,0.68945
17509,0.4707
17510,0.21484
17511,0.019531
17512,-0.10352
17513,-0.16992
17514,-0.21875
17515,-0.24023
17516,-0.25
17517,-0.25
17518,-0.25391
17519,-0.25391
17520,-0.25391
17521,-0.25977
17522,-0.25977
17523,-0.25977
17524,-0.26953
17525,-0.28516
17526,-0.29492
17527,-0.31445
17528,-0.34375
17529,-0.37891
17530,-0.41992
17531,-0.46875
17532,-0.49805
17533,-0.49805
17534,-0.49805
17535,-0.49805
17536,-0.49805
17537,-0.49805
17538,-0.49805
17539,-0.47461
17540,-0.375
17541,-0.29492
17542,-0.21484
17543,-0.16016
17544,-0.11523
17545,-0.080078
17546,-0.048828
17547,-0.035156
17548,-0.025391
17549,-0.013672
17550,-0.0097656
17551,0.0
17552,0.0
17553,0.0
17554,0.0
17555,0.0
17556,-0.0039062
17557,-0.0039062
17558,-0.0039062
17559,0.0
17560,-0.0039062
17561,-0.0039062
17562,-0.0039062
17563,0.0
17564,0.0
17565,0.0
17566,0.0
17567,0.0
17568,0.0
17569,-0.0039062
17570,0.0
17571,0.0
17572,0.0
17573,0.0
17574,-0.0039062
17575,-0.013672
17576,-0.013672
17577,-0.019531
17578,-0.019531
17579,-0.025391
17580,-0.019531
17581,-0.025391
17582,-0.019531
17583,-0.029297
17584,-0.013672
17585,0.0
17586,0.0097656
17587,0.019531
17588,0.025391
17589,0.019531
17590,0.025391
17591,0.019531
17592,0.0
17593,-0.058594
17594,0.050781
17595,0.52539
17596,1.0703
17597,1.498
17598,1.5
17599,1.3047
17600,1.0254
17601,0.76953
17602,0.56055
17603,0.32031
17604,0.085938
17605,-0.058594
17606,-0.14844
17607,-0.17969
17608,-0.20898
17609,-0.21484
17610,-0.21484
17611,-0.21875
17612,-0.21875
17613,-0.22461
17614,-0.22852
17615,-0.22852
17616,-0.23438
17617,-0.23438
17618,-0.24414
17619,-0.25977
17620,-0.27344
17621,-0.29492
17622,-0.32422
17623,-0.36328
17624,-0.41406
17625,-0.46484
17626,-0.49805
17627,-0.49805
17628,-0.49805
17629,-0.49805
17630,-0.49805
17631,-0.49805
17632,-0.48438
17633,-0.4043
17634,-0.31445
17635,-0.24023
17636,-0.17383
17637,-0.125
17638,-0.083984
17639,-0.054688
17640,-0.035156
17641,-0.019531
17642,-0.0097656
17643,-0.0039062
17644,0.0
17645,0.0
17646,0.0
17647,-0.0039062
17648,-0.0039062
17649,0.0
17650,-0.0039062
17651,0.0
17652,-0.0039062
17653,-0.0039062
17654,-0.0097656
17655,-0.0039062
17656,-0.0039062
17657,-0.0039062
17658,-0.0097656
17659,-0.0039062
17660,-0.0097656
17661,-0.0039062
17662,-0.0097656
17663,-0.0097656
17664,-0.0097656
17665,-0.0097656
17666,-0.0097656
17667,-0.0097656
17668,-0.013672
17669,-0.013672
17670,-0.019531
17671,-0.019531
17672,-0.025391
17673,-0.019531
17674,-0.025391
17675,-0.029297
17676,-0.0097656
17677,0.0
17678,0.019531
17679,0.025391
17680,0.03125
17681,0.025391
17682,0.035156
17683,0.025391
17684,-0.013672
17685,-0.064453
17686,0.15625
17687,0.66992
17688,1.1992
17689,1.5
17690,1.4883
17691,1.2285
17692,0.95898
17693,0.70898
17694,0.50586
17695,0.25586
17696,0.044922
17697,-0.083984
17698,-0.1543
17699,-0.18359
17700,-0.20508
17701,-0.21484
17702,-0.21484
17703,-0.21484
17704,-0.21875
17705,-0.21875
17706,-0.22852
17707,-0.22852
17708,-0.23438
17709,-0.24023
17710,-0.25
17711,-0.25977
17712,-0.2793
17713,-0.30859
17714,-0.33398
17715,-0.38477
17716,-0.42969
17717,-0.47852
17718,-0.49805
17719,-0.49805
17720,-0.49805
17721,-0.49805
17722,-0.49805
17723,-0.49805
17724,-0.44922
17725,-0.35938
17726,-0.2793
17727,-0.20508
17728,-0.13867
17729,-0.083984
17730,-0.054688
17731,-0.029297
17732,0.0
17733,0.019531
17734,0.0
17735,0.025391
17736,0.019531
17737,0.035156
17738,0.03125
17739,0.041016
17740,0.041016
17741,0.03125
17742,0.035156
17743,0.03125
17744,0.041016
17745,0.025391
17746,0.035156
17747,0.03125
17748,0.041016
17749,0.019531
17750,0.025391
17751,0.03125
17752,0.019531
17753,0.03125
17754,0.041016
17755,0.025391
17756,0.015625
17757,0.019531
17758,0.019531
17759,0.035156
17760,0.015625
17761,0.015625
17762,0.019531
17763,0.0097656
17764,0.0058594
17765,0.015625
17766,0.0
17767,0.0097656
17768,0.019531
17769,0.03125
17770,0.044922
17771,0.044922
17772,0.035156
17773,0.041016
17774,0.044922
17775,0.0097656
17776,-0.048828
17777,0.085938
17778,0.625
17779,1.2148
17780,1.5
17781,1.5
17782,1.3887
17783,1.084
17784,0.79883
17785,0.57422
17786,0.32422
17787,0.089844
17788,-0.058594
17789,-0.1543
17790,-0.19922
17791,-0.22852
17792,-0.24023
17793,-0.25
17794,-0.25
17795,-0.25391
17796,-0.25391
17797,-0.25977
17798,-0.26367
17799,-0.25977
17800,-0.26953
17801,-0.28516
17802,-0.29492
17803,-0.30859
17804,-0.33984
17805,-0.375
17806,-0.41992
17807,-0.46875
17808,-0.49805
17809,-0.49805
17810,-0.49805
17811,-0.49805
17812,-0.49805
17813,-0.49805
17814,-0.49805
17815,-0.49805
17816,-0.42383
17817,-0.33008
17818,-0.25
17819,-0.17969
17820,-0.12891
17821,-0.089844
17822,-0.064453
17823,-0.044922
17824,-0.025391
17825,-0.025391
17826,-0.019531
17827,-0.013672
17828,-0.013672
17829,-0.019531
17830,-0.013672
17831,-0.019531
17832,-0.013672
17833,-0.013672
17834,-0.013672
17835,-0.013672
17836,-0.019531
17837,-0.013672
17838,-0.013672
17839,-0.013672
17840,-0.013672
17841,-0.013672
17842,-0.0097656
17843,-0.0097656
17844,-0.0097656
17845,-0.0039062
17846,-0.0097656
17847,-0.0039062
17848,-0.0097656
17849,-0.013672
17850,-0.0097656
17851,-0.0097656
17852,-0.013672
17853,-0.0097656
17854,-0.019531
17855,-0.019531
17856,-0.025391
17857,-0.019531
17858,-0.025391
17859,-0.025391
17860,-0.029297
17861,-0.019531
17862,-0.0039062
17863,0.0058594
17864,0.019531
17865,0.019531
17866,0.03125
17867,0.019531
17868,0.019531
17869,0.0058594
17870,-0.058594
17871,0.035156
17872,0.50977
17873,1.0449
17874,1.4844
17875,1.5
17876,1.3086
17877,1.0391
17878,0.7793
17879,0.57031
17880,0.33008
17881,0.095703
17882,-0.058594
17883,-0.13867
17884,-0.16992
17885,-0.20508
17886,-0.20898
17887,-0.21484
17888,-0.21484
17889,-0.22461
17890,-0.22461
17891,-0.22461
17892,-0.23438
17893,-0.23438
17894,-0.24414
17895,-0.25391
17896,-0.26367
17897,-0.2793
17898,-0.30469
17899,-0.33008
17900,-0.36328
17901,-0.4082
17902,-0.45898
17903,-0.49805
17904,-0.49805
17905,-0.49805
17906,-0.49805
17907,-0.49805
17908,-0.49805
17909,-0.49805
17910,-0.41406
17911,-0.31836
17912,-0.24414
17913,-0.17969
17914,-0.12891
17915,-0.089844
17916,-0.064453
17917,-0.039062
17918,-0.025391
17919,-0.019531
17920,-0.0097656
17921,-0.0039062
17922,-0.0039062
17923,0.0
17924,0.0
17925,0.0
17926,0.0
17927,0.0
17928,0.0
17929,0.0
17930,-0.0097656
17931,-0.0097656
17932,-0.0039062
17933,-0.0097656
17934,0.0
17935,0.0
17936,0.0
17937,-0.0039062
17938,0.0
17939,-0.0039062
17940,-0.0039062
17941,-0.0097656
17942,-0.0039062
17943,-0.0097656
17944,-0.0097656
17945,-0.019531
17946,-0.019531
17947,-0.025391
17948,-0.025391
17949,-0.025391
17950,-0.025391
17951,-0.025391
17952,-0.029297
17953,-0.025391
17954,-0.0097656
17955,0.0
17956,0.019531
17957,0.025391
17958,0.025391
17959,0.019531
17960,0.019531
17961,0.015625
17962,-0.035156
17963,-0.070312
17964,0.32422
17965,0.85547
17966,1.3633
17967,1.5
17968,1.3984
17969,1.125
17970,0.85938
17971,0.63477
17972,0.41602
17973,0.16602
17974,-0.013672
17975,-0.11914
17976,-0.16406
17977,-0.19336
17978,-0.21484
17979,-0.21875
17980,-0.21875
17981,-0.22461
17982,-0.22461
17983,-0.22852
17984,-0.23438
17985,-0.24023
17986,-0.24023
17987,-0.25
17988,-0.25977
17989,-0.27344
17990,-0.28906
17991,-0.31836
17992,-0.35352
17993,-0.39844
17994,-0.44922
17995,-0.49805
17996,-0.49805
17997,-0.49805
17998,-0.49805
17999,-0.49805
18000,-0.49805
18001,-0.49805
18002,-0.43945
18003,-0.34375
18004,-0.26953
18005,-0.19922
18006,-0.13867
18007,-0.099609
18008,-0.058594
18009,-0.039062
18010,-0.025391
18011,-0.0097656
18012,-0.0039062
18013,0.0058594
18014,0.0
18015,0.0
18016,0.0
18017,0.015625
18018,-0.0039062
18019,0.0
18020,0.0
18021,0.0
18022,-0.0039062
18023,0.0058594
18024,0.0
18025,0.0097656
18026,0.015625
18027,-0.0039062
18028,0.0097656
18029,0.019531
18030,0.015625
18031,0.015625
18032,0.019531
18033,0.025391
18034,0.025391
18035,0.019531
18036,0.015625
18037,0.025391
18038,0.035156
18039,0.0097656
18040,0.019531
18041,0.015625
18042,0.019531
18043,0.0097656
18044,0.019531
18045,0.0
18046,0.035156
18047,0.050781
18048,0.044922
18049,0.064453
18050,0.054688
18051,0.060547
18052,0.044922
18053,0.054688
18054,0.0
18055,-0.035156
18056,0.41602
18057,1.0137
18058,1.5
18059,1.5
18060,1.5
18061,1.2539
18062,0.93945
18063,0.68945
18064,0.43945
18065,0.16992
18066,-0.019531
18067,-0.12891
18068,-0.17969
18069,-0.21484
18070,-0.23438
18071,-0.24023
18072,-0.23438
18073,-0.24414
18074,-0.25
18075,-0.25
18076,-0.25391
18077,-0.25977
18078,-0.25977
18079,-0.2793
18080,-0.28516
18081,-0.29883
18082,-0.32422
18083,-0.35352
18084,-0.39453
18085,-0.44336
18086,-0.49414
18087,-0.49805
18088,-0.49805
18089,-0.49805
18090,-0.49805
18091,-0.49805
18092,-0.49805
18093,-0.49805
18094,-0.46875
18095,-0.36914
18096,-0.2793
18097,-0.20898
18098,-0.1543
18099,-0.10352
18100,-0.074219
18101,-0.048828
18102,-0.035156
18103,-0.029297
18104,-0.025391
18105,-0.019531
18106,-0.019531
18107,-0.013672
18108,-0.019531
18109,-0.019531
18110,-0.025391
18111,-0.019531
18112,-0.025391
18113,-0.025391
18114,-0.025391
18115,-0.025391
18116,-0.025391
18117,-0.025391
18118,-0.025391
18119,-0.025391
18120,-0.025391
18121,-0.025391
18122,-0.025391
18123,-0.019531
18124,-0.019531
18125,-0.019531
18126,-0.013672
18127,-0.019531
18128,-0.019531
18129,-0.019531
18130,-0.013672
18131,-0.019531
18132,-0.019531
18133,-0.025391
18134,-0.025391
18135,-0.025391
18136,-0.025391
18137,-0.025391
18138,-0.029297
18139,-0.035156
18140,-0.019531
18141,-0.0039062
18142,0.015625
18143,0.019531
18144,0.019531
18145,0.019531
18146,0.019531
18147,0.015625
18148,-0.019531
18149,-0.074219
18150,0.17578
18151,0.69531
18152,1.2246
18153,1.5
18154,1.4746
18155,1.2188
18156,0.94531
18157,0.69922
18158,0.49023
18159,0.24023
18160,0.035156
18161,-0.089844
18162,-0.16016
18163,-0.18945
18164,-0.21484
18165,-0.21484
18166,-0.21875
18167,-0.21484
18168,-0.22852
18169,-0.22852
18170,-0.23438
18171,-0.23438
18172,-0.24023
18173,-0.25
18174,-0.25977
18175,-0.26953
18176,-0.28516
18177,-0.30859
18178,-0.33984
18179,-0.38477
18180,-0.42969
18181,-0.48438
18182,-0.49805
18183,-0.49805
18184,-0.49805
18185,-0.49805
18186,-0.49805
18187,-0.49805
18188,-0.47461
18189,-0.38477
18190,-0.29492
18191,-0.22461
18192,-0.16406
18193,-0.11523
18194,-0.080078
18195,-0.048828
18196,-0.035156
18197,-0.025391
18198,-0.013672
18199,-0.0097656
18200,-0.0039062
18201,0.0
18202,0.0
18203,0.0
18204,-0.0039062
18205,0.0
18206,-0.0039062
18207,0.0
18208,-0.0039062
18209,0.0
18210,-0.0039062
18211,0.0
18212,-0.0039062
18213,0.0
18214,-0.0039062
18215,-0.0039062
18216,-0.0039062
18217,0.0
18218,0.0
18219,0.0
18220,-0.0039062
18221,-0.0039062
18222,-0.0097656
18223,-0.0039062
18224,-0.0097656
18225,-0.019531
18226,-0.019531
18227,-0.019531
18228,-0.025391
18229,-0.019531
18230,-0.025391
18231,-0.029297
18232,-0.0039062
18233,0.0
18234,0.015625
18235,0.015625
18236,0.019531
18237,0.019531
18238,0.019531
18239,0.0097656
18240,-0.035156
18241,-0.064453
18242,0.26562
18243,0.79492
18244,1.3145
18245,1.5
18246,1.4297
18247,1.1602
18248,0.88867
18249,0.66016
18250,0.44531
18251,0.18945
18252,0.0
18253,-0.10938
18254,-0.16406
18255,-0.19336
18256,-0.21484
18257,-0.21484
18258,-0.21484
18259,-0.21875
18260,-0.22461
18261,-0.22852
18262,-0.23438
18263,-0.23438
18264,-0.24414
18265,-0.25
18266,-0.26367
18267,-0.2793
18268,-0.29492
18269,-0.31836
18270,-0.35938
18271,-0.39453
18272,-0.45312
18273,-0.49805
18274,-0.49805
18275,-0.49805
18276,-0.49805
18277,-0.49805
18278,-0.49805
18279,-0.49805
18280,-0.44922
18281,-0.36328
18282,-0.2793
18283,-0.20898
18284,-0.14844
18285,-0.10352
18286,-0.070312
18287,-0.048828
18288,-0.025391
18289,-0.019531
18290,-0.0097656
18291,-0.0039062
18292,0.0
18293,-0.0039062
18294,0.0
18295,0.0
18296,0.0
18297,0.0
18298,-0.0039062
18299,-0.0097656
18300,-0.0039062
18301,-0.0097656
18302,-0.0039062
18303,-0.0097656
18304,-0.0097656
18305,-0.0039062
18306,-0.0097656
18307,-0.0039062
18308,-0.0097656
18309,0.0
18310,-0.0097656
18311,-0.0039062
18312,-0.013672
18313,-0.0039062
18314,-0.025391
18315,-0.0097656
18316,-0.025391
18317,-0.0039062
18318,-0.025391
18319,-0.0039062
18320,-0.025391
18321,-0.0097656
18322,-0.019531
18323,0.0058594
18324,0.019531
18325,0.025391
18326,0.044922
18327,0.050781
18328,0.03125
18329,0.035156
18330,0.044922
18331,0.0058594
18332,-0.029297
18333,0.17969
18334,0.7207
18335,1.2988
18336,1.5
18337,1.5
18338,1.3594
18339,1.0547
18340,0.78516
18341,0.54492
18342,0.28516
18343,0.054688
18344,-0.058594
18345,-0.14453
18346,-0.18359
18347,-0.20898
18348,-0.22461
18349,-0.21484
18350,-0.22852
18351,-0.22461
18352,-0.23438
18353,-0.22461
18354,-0.24414
18355,-0.24414
18356,-0.25391
18357,-0.26367
18358,-0.28516
18359,-0.29883
18360,-0.33008
18361,-0.36328
18362,-0.4043
18363,-0.45312
18364,-0.49805
18365,-0.49805
18366,-0.49805
18367,-0.49805
18368,-0.49805
18369,-0.49805
18370,-0.49805
18371,-0.47461
18372,-0.38477
18373,-0.28516
18374,-0.20898
18375,-0.14453
18376,-0.099609
18377,-0.058594
18378,-0.035156
18379,-0.013672
18380,0.0
18381,0.0
18382,0.0
18383,0.0
18384,0.0058594
18385,0.0
18386,0.0
18387,0.0
18388,0.0
18389,-0.0097656
18390,-0.0039062
18391,-0.013672
18392,-0.013672
18393,-0.019531
18394,-0.013672
18395,-0.013672
18396,-0.0097656
18397,-0.019531
18398,-0.013672
18399,-0.013672
18400,-0.019531
18401,-0.013672
18402,-0.019531
18403,-0.019531
18404,-0.013672
18405,-0.025391
18406,-0.019531
18407,-0.025391
18408,-0.029297
18409,-0.025391
18410,-0.029297
18411,-0.035156
18412,-0.029297
18413,-0.035156
18414,-0.025391
18415,-0.0097656
18416,0.0
18417,0.0097656
18418,0.0097656
18419,0.015625
18420,0.015625
18421,0.019531
18422,0.0
18423,-0.048828
18424,-0.074219
18425,0.41602
18426,0.95898
18427,1.4531
18428,1.5
18429,1.3848
18430,1.1094
18431,0.83008
18432,0.60938
18433,0.38086
18434,0.13477
18435,-0.029297
18436,-0.12891
18437,-0.17383
18438,-0.20898
18439,-0.22461
18440,-0.22852
18441,-0.23438
18442,-0.23438
18443,-0.24023
18444,-0.24023
18445,-0.24414
18446,-0.25
18447,-0.25977
18448,-0.26367
18449,-0.2793
18450,-0.28906
18451,-0.31445
18452,-0.33984
18453,-0.375
18454,-0.41992
18455,-0.47461
18456,-0.49805
18457,-0.49805
18458,-0.49805
18459,-0.49805
18460,-0.49805
18461,-0.49805
18462,-0.49805
18463,-0.42969
18464,-0.33984
18465,-0.25391
18466,-0.19336
18467,-0.13477
18468,-0.09375
18469,-0.064453
18470,-0.039062
18471,-0.025391
18472,-0.019531
18473,-0.013672
18474,-0.0097656
18475,-0.0039062
18476,-0.0039062
18477,-0.0039062
18478,-0.0097656
18479,-0.0039062
18480,-0.0097656
18481,-0.0039062
18482,-0.013672
18483,-0.013672
18484,-0.0097656
18485,-0.013672
18486,-0.0039062
18487,-0.0097656
18488,-0.0039062
18489,-0.0097656
18490,-0.0039062
18491,-0.0097656
18492,-0.0097656
18493,-0.0097656
18494,-0.0039062
18495,-0.0097656
18496,-0.0039062
18497,-0.0097656
18498,-0.0097656
18499,-0.013672
18500,-0.019531
18501,-0.025391
18502,-0.019531
18503,-0.025391
18504,-0.013672
18505,-0.029297
18506,-0.019531
18507,-0.0097656
18508,0.0058594
18509,0.019531
18510,0.019531
18511,0.019531
18512,0.019531
18513,0.025391
18514,0.0058594
18515,-0.048828
18516,-0.074219
18517,0.38477
18518,0.91016
18519,1.3984
18520,1.5
18521,1.3633
18522,1.0898
18523,0.82422
18524,0.61523
18525,0.38477
18526,0.14062
18527,-0.035156
18528,-0.13477
18529,-0.17383
18530,-0.20508
18531,-0.21484
18532,-0.22461
18533,-0.21484
18534,-0.22461
18535,-0.22852
18536,-0.23438
18537,-0.23438
18538,-0.24023
18539,-0.25
18540,-0.25
18541,-0.26367
18542,-0.2793
18543,-0.30469
18544,-0.33008
18545,-0.36914
18546,-0.41406
18547,-0.46484
18548,-0.49805
18549,-0.49805
18550,-0.49805
18551,-0.49805
18552,-0.49805
18553,-0.49805
18554,-0.49805
18555,-0.43359
18556,-0.34375
18557,-0.25977
18558,-0.19336
18559,-0.13867
18560,-0.099609
18561,-0.064453
18562,-0.039062
18563,-0.025391
18564,-0.013672
18565,-0.0097656
18566,-0.0039062
18567,-0.0039062
18568,0.0
18569,0.0
18570,0.0
18571,0.0
18572,-0.0039062
18573,-0.0039062
18574,0.0
18575,-0.0039062
18576,-0.0097656
18577,-0.013672
18578,-0.013672
18579,-0.0097656
18580,-0.013672
18581,-0.0097656
18582,-0.0039062
18583,-0.0097656
18584,-0.0039062
18585,-0.0039062
18586,-0.0097656
18587,-0.0097656
18588,-0.0039062
18589,-0.0097656
18590,-0.013672
18591,-0.019531
18592,-0.025391
18593,-0.025391
18594,-0.025391
18595,-0.029297
18596,-0.025391
18597,-0.029297
18598,-0.013672
18599,-0.0039062
18600,0.015625
18601,0.019531
18602,0.025391
18603,0.025391
18604,0.025391
18605,0.019531
18606,0.0
18607,-0.058594
18608,-0.064453
18609,0.49414
18610,1.0254
18611,1.4785
18612,1.5
18613,1.2988
18614,1.0352
18615,0.77539
18616,0.57031
18617,0.33008
18618,0.095703
18619,-0.054688
18620,-0.14453
18621,-0.16992
18622,-0.18945
18623,-0.20508
18624,-0.19336
18625,-0.22461
18626,-0.22852
18627,-0.21484
18628,-0.22852
18629,-0.23438
18630,-0.22461
18631,-0.23438
18632,-0.25977
18633,-0.24023
18634,-0.26367
18635,-0.29492
18636,-0.31836
18637,-0.36914
18638,-0.4082
18639,-0.45898
18640,-0.49805
18641,-0.49805
18642,-0.49805
18643,-0.49805
18644,-0.49805
18645,-0.49805
18646,-0.46875
18647,-0.38867
18648,-0.29492
18649,-0.19336
18650,-0.14844
18651,-0.089844
18652,-0.044922
18653,-0.025391
18654,0.0
18655,0.041016
18656,0.019531
18657,0.025391
18658,0.025391
18659,0.050781
18660,0.025391
18661,0.044922
18662,0.041016
18663,0.035156
18664,0.03125
18665,0.041016
18666,0.019531
18667,0.019531
18668,0.025391
18669,0.019531
18670,0.019531
18671,0.035156
18672,0.019531
18673,0.019531
18674,0.015625
18675,0.019531
18676,0.019531
18677,0.019531
18678,0.015625
18679,0.019531
18680,0.015625
18681,0.0058594
18682,0.0
18683,0.0097656
18684,0.015625
18685,0.0
18686,-0.0097656
18687,-0.013672
18688,0.0058594
18689,0.0097656
18690,0.025391
18691,0.035156
18692,0.041016
18693,0.041016
18694,0.035156
18695,0.019531
18696,-0.013672
18697,-0.070312
18698,0.23438
18699,0.79492
18700,1.3633
18701,1.5
18702,1.5
18703,1.2793
18704,0.98438
18705,0.72461
18706,0.49414
18707,0.23438
18708,0.03125
18709,-0.10352
18710,-0.17969
18711,-0.22461
18712,-0.25
18713,-0.25391
18714,-0.25977
18715,-0.25977
18716,-0.26367
18717,-0.26953
18718,-0.26953
18719,-0.27344
18720,-0.2793
18721,-0.28516
18722,-0.29492
18723,-0.30859
18724,-0.33398
18725,-0.35352
18726,-0.39453
18727,-0.43945
18728,-0.48828
18729,-0.49805
18730,-0.49805
18731,-0.49805
18732,-0.49805
18733,-0.49805
18734,-0.49805
18735,-0.49805
18736,-0.47852
18737,-0.38867
18738,-0.29492
18739,-0.21875
18740,-0.16016
18741,-0.11523
18742,-0.080078
18743,-0.054688
18744,-0.035156
18745,-0.019531
18746,-0.013672
18747,-0.013672
18748,-0.0097656
18749,-0.0097656
18750,-0.0097656
18751,-0.0097656
18752,-0.0097656
18753,-0.013672
18754,-0.0097656
18755,-0.0039062
18756,-0.013672
18757,-0.0097656
18758,-0.013672
18759,-0.0097656
18760,-0.0097656
18761,-0.0039062
18762,-0.0039062
18763,-0.0039062
18764,-0.0039062
18765,0.0
18766,-0.0039062
18767,0.0
18768,-0.0039062
18769,-0.0039062
18770,-0.0097656
18771,-0.0039062
18772,-0.0097656
18773,0.0
18774,-0.0039062
18775,-0.013672
18776,-0.013672
18777,-0.0097656
18778,-0.019531
18779,-0.0097656
18780,-0.025391
18781,-0.0097656
18782,0.0
18783,0.019531
18784,0.025391
18785,0.025391
18786,0.035156
18787,0.03125
18788,0.035156
18789,0.0097656
18790,-0.039062
18791,-0.064453
18792,0.41602
18793,0.94922
18794,1.4238
18795,1.5
18796,1.3633
18797,1.0938
18798,0.83398
18799,0.61523
18800,0.38477
18801,0.14062
18802,-0.025391
18803,-0.12891
18804,-0.16406
18805,-0.19336
18806,-0.20508
18807,-0.20898
18808,-0.20898
18809,-0.21484
18810,-0.21484
18811,-0.21875
18812,-0.22461
18813,-0.22461
18814,-0.23438
18815,-0.23438
18816,-0.25
18817,-0.26367
18818,-0.28906
18819,-0.31445
18820,-0.35352
18821,-0.39453
18822,-0.45312
18823,-0.49805
18824,-0.49805
18825,-0.49805
18826,-0.49805
18827,-0.49805
18828,-0.49805
18829,-0.49805
18830,-0.41406
18831,-0.32422
18832,-0.25
18833,-0.18359
18834,-0.13477
18835,-0.089844
18836,-0.054688
18837,-0.029297
18838,-0.013672
18839,-0.0039062
18840,0.0
18841,0.0
18842,0.0058594
18843,0.0
18844,0.0
18845,0.0
18846,0.0058594
18847,0.0
18848,0.0058594
18849,0.0
18850,0.0058594
18851,0.0
18852,0.0
18853,0.0
18854,0.0
18855,0.0
18856,0.0
18857,0.0058594
18858,0.0097656
18859,0.0058594
18860,0.0
18861,0.0058594
18862,0.0
18863,0.0
18864,0.0
18865,0.0
18866,0.0
18867,-0.0039062
18868,-0.0039062
18869,-0.0097656
18870,-0.019531
18871,-0.013672
18872,-0.025391
18873,-0.013672
18874,0.0
18875,0.015625
18876,0.025391
18877,0.035156
18878,0.03125
18879,0.035156
18880,0.035156
18881,0.015625
18882,-0.039062
18883,-0.058594
18884,0.40039
18885,0.92969
18886,1.4238
18887,1.5
18888,1.3691
18889,1.0938
18890,0.83008
18891,0.61523
18892,0.39062
18893,0.14453
18894,-0.025391
18895,-0.125
18896,-0.16016
18897,-0.19336
18898,-0.20508
18899,-0.21484
18900,-0.20898
18901,-0.21484
18902,-0.21484
18903,-0.21875
18904,-0.22461
18905,-0.23438
18906,-0.24023
18907,-0.25
18908,-0.25977
18909,-0.26953
18910,-0.28906
18911,-0.32422
18912,-0.35938
18913,-0.4043
18914,-0.45898
18915,-0.49805
18916,-0.49805
18917,-0.49805
18918,-0.49805
18919,-0.49805
18920,-0.49805
18921,-0.49805
18922,-0.41406
18923,-0.31836
18924,-0.25
18925,-0.17969
18926,-0.12891
18927,-0.083984
18928,-0.054688
18929,-0.025391
18930,-0.013672
18931,-0.0039062
18932,0.0
18933,0.0058594
18934,0.0097656
18935,0.0097656
18936,0.0058594
18937,0.0058594
18938,0.015625
18939,0.0058594
18940,0.0097656
18941,0.0058594
18942,0.0097656
18943,0.019531
18944,0.0
18945,0.0058594
18946,0.0097656
18947,0.0
18948,0.0058594
18949,0.019531
18950,0.0058594
18951,0.0
18952,0.025391
18953,0.0097656
18954,0.025391
18955,0.019531
18956,0.015625
18957,0.0097656
18958,0.019531
18959,0.019531
18960,0.0097656
18961,0.0097656
18962,0.041016
18963,0.0058594
18964,0.015625
18965,0.03125
18966,0.035156
18967,0.060547
18968,0.076172
18969,0.054688
18970,0.050781
18971,0.060547
18972,0.044922
18973,0.050781
18974,-0.035156
18975,0.25586
18976,0.84375
18977,1.4238
18978,1.5
18979,1.5
18980,1.3496
18981,1.0391
18982,0.76953
18983,0.5293
18984,0.25
18985,0.054688
18986,-0.083984
18987,-0.16016
18988,-0.19922
18989,-0.22461
18990,-0.21484
18991,-0.23438
18992,-0.23438
18993,-0.24023
18994,-0.24023
18995,-0.24414
18996,-0.24414
18997,-0.25391
18998,-0.25977
18999,-0.26367
19000,-0.28516
19001,-0.29883
19002,-0.33984
19003,-0.375
19004,-0.41992
19005,-0.46875
19006,-0.49805
19007,-0.49805
19008,-0.49805
19009,-0.49805
19010,-0.49805
19011,-0.49805
19012,-0.49805
19013,-0.48438
19014,-0.38477
19015,-0.29492
19016,-0.22461
19017,-0.16016
19018,-0.11523
19019,-0.080078
19020,-0.048828
19021,-0.039062
19022,-0.029297
19023,-0.025391
19024,-0.025391
19025,-0.025391
19026,-0.019531
19027,-0.013672
19028,-0.019531
19029,-0.019531
19030,-0.025391
19031,-0.019531
19032,-0.025391
19033,-0.025391
19034,-0.025391
19035,-0.025391
19036,-0.025391
19037,-0.025391
19038,-0.025391
19039,-0.025391
19040,-0.025391
19041,-0.025391
19042,-0.019531
19043,-0.025391
19044,-0.019531
19045,-0.019531
19046,-0.019531
19047,-0.025391
19048,-0.013672
19049,-0.019531
19050,-0.019531
19051,-0.025391
19052,-0.025391
19053,-0.025391
19054,-0.025391
19055,-0.029297
19056,-0.025391
19057,-0.029297
19058,-0.025391
19059,-0.0097656
19060,0.0
19061,0.0097656
19062,0.019531
19063,0.019531
19064,0.019531
19065,0.025391
19066,0.0097656
19067,-0.029297
19068,-0.070312
19069,0.23047
19070,0.75
19071,1.2734
19072,1.5
19073,1.4492
19074,1.1836
19075,0.92383
19076,0.67578
19077,0.46484
19078,0.21484
19079,0.019531
19080,-0.099609
19081,-0.16016
19082,-0.19336
19083,-0.21484
19084,-0.21875
19085,-0.21875
19086,-0.22852
19087,-0.22852
19088,-0.22852
19089,-0.23438
19090,-0.23438
19091,-0.24023
19092,-0.25
19093,-0.25977
19094,-0.26953
19095,-0.28906
19096,-0.30859
19097,-0.34375
19098,-0.38477
19099,-0.43359
19100,-0.48828
19101,-0.49805
19102,-0.49805
19103,-0.49805
19104,-0.49805
19105,-0.49805
19106,-0.49805
19107,-0.44336
19108,-0.36328
19109,-0.2793
19110,-0.20898
19111,-0.14844
19112,-0.10352
19113,-0.064453
19114,-0.044922
19115,-0.025391
19116,-0.013672
19117,-0.0039062
19118,0.0
19119,0.0
19120,-0.0039062
19121,0.0
19122,0.0
19123,0.0
19124,0.0
19125,0.0
19126,0.0
19127,0.0
19128,-0.0039062
19129,0.0
19130,-0.0039062
19131,0.0
19132,0.0
19133,0.0
19134,0.0
19135,0.0
19136,-0.0039062
19137,-0.0039062
19138,0.0
19139,-0.0097656
19140,0.0
19141,-0.0097656
19142,-0.0039062
19143,-0.0097656
19144,-0.013672
19145,-0.019531
19146,-0.0097656
19147,-0.019531
19148,-0.013672
19149,-0.029297
19150,-0.0097656
19151,0.0
19152,0.015625
19153,0.025391
19154,0.025391
19155,0.03125
19156,0.025391
19157,0.03125
19158,0.0058594
19159,-0.054688
19160,-0.064453
19161,0.49023
19162,1.0137
19163,1.4648
19164,1.5
19165,1.3184
19166,1.0449
19167,0.78906
19168,0.58008
19169,0.3457
19170,0.10547
19171,-0.044922
19172,-0.13477
19173,-0.16992
19174,-0.19922
19175,-0.20898
19176,-0.21484
19177,-0.21875
19178,-0.22461
19179,-0.22461
19180,-0.22852
19181,-0.23438
19182,-0.24023
19183,-0.24023
19184,-0.25391
19185,-0.26367
19186,-0.28516
19187,-0.29883
19188,-0.33008
19189,-0.36328
19190,-0.41992
19191,-0.46875
19192,-0.49805
19193,-0.49805
19194,-0.49805
19195,-0.49805
19196,-0.49805
19197,-0.49805
19198,-0.48438
19199,-0.39844
19200,-0.31445
19201,-0.24023
19202,-0.17383
19203,-0.11914
19204,-0.080078
19205,-0.048828
19206,-0.025391
19207,-0.019531
19208,-0.0039062
19209,0.0
19210,0.0
19211,0.0
19212,0.0058594
19213,0.0058594
19214,0.0
19215,0.0
19216,0.0
19217,0.0
19218,0.0
19219,0.0
19220,0.0
19221,0.0
19222,-0.0039062
19223,-0.0039062
19224,-0.0039062
19225,-0.0039062
19226,-0.0039062
19227,-0.0039062
19228,0.0
19229,0.0
19230,-0.0039062
19231,-0.0039062
19232,-0.0097656
19233,-0.0039062
19234,-0.0039062
19235,-0.0097656
19236,-0.025391
19237,-0.019531
19238,-0.025391
19239,-0.019531
19240,-0.025391
19241,-0.029297
19242,-0.0097656
19243,0.0
19244,0.019531
19245,0.03125
19246,0.025391
19247,0.019531
19248,0.03125
19249,0.019531
19250,-0.0097656
19251,-0.074219
19252,0.11133
19253,0.60938
19254,1.1348
19255,1.5
19256,1.4883
19257,1.2441
19258,0.97461
19259,0.72461
19260,0.5293
19261,0.28516
19262,0.064453
19263,-0.070312
19264,-0.14844
19265,-0.18359
19266,-0.20508
19267,-0.20898
19268,-0.21484
19269,-0.21875
19270,-0.21875
19271,-0.21484
19272,-0.22461
19273,-0.23438
19274,-0.24023
19275,-0.24414
19276,-0.24023
19277,-0.26367
19278,-0.2793
19279,-0.30859
19280,-0.33398
19281,-0.375
19282,-0.42969
19283,-0.46875
19284,-0.49805
19285,-0.49805
19286,-0.49805
19287,-0.49805
19288,-0.49805
19289,-0.49805
19290,-0.45898
19291,-0.36914
19292,-0.28516
19293,-0.20508
19294,-0.13867
19295,-0.083984
19296,-0.044922
19297,-0.019531
19298,0.0097656
19299,0.0058594
19300,0.015625
19301,0.03125
19302,0.03125
19303,0.019531
19304,0.041016
19305,0.025391
19306,0.015625
19307,0.041016
19308,0.03125
19309,0.019531
19310,0.041016
19311,0.019531
19312,0.03125
19313,0.041016
19314,0.019531
19315,0.019531
19316,0.025391
19317,0.019531
19318,0.015625
19319,0.019531
19320,0.015625
19321,0.025391
19322,0.0097656
19323,0.019531
19324,0.015625
19325,0.0058594
19326,0.0
19327,0.0
19328,0.0
19329,0.0058594
19330,-0.0097656
19331,-0.0039062
19332,0.0058594
19333,0.015625
19334,0.019531
19335,0.035156
19336,0.03125
19337,0.035156
19338,0.025391
19339,0.03125
19340,0.0058594
19341,-0.064453
19342,0.076172
19343,0.59961
19344,1.1934
19345,1.5
19346,1.5
19347,1.375
19348,1.084
19349,0.79492
19350,0.57031
19351,0.31445
19352,0.085938
19353,-0.070312
19354,-0.16016
19355,-0.20898
19356,-0.24023
19357,-0.25977
19358,-0.25977
19359,-0.26367
19360,-0.26367
19361,-0.26953
19362,-0.27344
19363,-0.28516
19364,-0.28516
19365,-0.28516
19366,-0.29492
19367,-0.30859
19368,-0.33008
19369,-0.35352
19370,-0.38477
19371,-0.42383
19372,-0.47852
19373,-0.49805
19374,-0.49805
19375,-0.49805
19376,-0.49805
19377,-0.49805
19378,-0.49805
19379,-0.49805
19380,-0.49805
19381,-0.41406
19382,-0.32422
19383,-0.24414
19384,-0.17969
19385,-0.12891
19386,-0.083984
19387,-0.064453
19388,-0.044922
19389,-0.029297
19390,-0.025391
19391,-0.019531
19392,-0.0097656
19393,-0.013672
19394,-0.0097656
19395,-0.013672
19396,-0.0097656
19397,-0.013672
19398,-0.013672
19399,-0.019531
19400,-0.019531
19401,-0.019531
19402,-0.019531
19403,-0.013672
19404,-0.0097656
19405,-0.013672
19406,-0.013672
19407,-0.0097656
19408,-0.0097656
19409,-0.013672
19410,-0.0097656
19411,-0.0097656
19412,-0.0097656
19413,-0.0039062
19414,-0.0097656
19415,-0.0039062
19416,-0.0039062
19417,-0.0039062
19418,-0.0097656
19419,-0.0039062
19420,-0.019531
19421,-0.013672
19422,-0.019531
19423,-0.013672
19424,-0.025391
19425,-0.025391
19426,-0.0097656
19427,0.0058594
19428,0.015625
19429,0.025391
19430,0.03125
19431,0.035156
19432,0.025391
19433,0.025391
19434,-0.0039062
19435,-0.064453
19436,0.10547
19437,0.60938
19438,1.1348
19439,1.5
19440,1.4941
19441,1.2539
19442,0.99414
19443,0.74023
19444,0.5293
19445,0.29102
19446,0.064453
19447,-0.070312
19448,-0.14453
19449,-0.17969
19450,-0.20508
19451,-0.21484
19452,-0.21484
19453,-0.21875
19454,-0.21875
19455,-0.22461
19456,-0.21875
19457,-0.22852
19458,-0.23438
19459,-0.24023
19460,-0.25
19461,-0.25977
19462,-0.2793
19463,-0.29883
19464,-0.33008
19465,-0.36914
19466,-0.41992
19467,-0.46875
19468,-0.49805
19469,-0.49805
19470,-0.49805
19471,-0.49805
19472,-0.49805
19473,-0.49805
19474,-0.47461
19475,-0.38477
19476,-0.29883
19477,-0.22852
19478,-0.16406
19479,-0.11523
19480,-0.080078
19481,-0.048828
19482,-0.029297
19483,-0.019531
19484,-0.0097656
19485,-0.0039062
19486,0.0
19487,0.0
19488,0.0058594
19489,0.0
19490,0.0
19491,0.0
19492,0.0
19493,0.0
19494,-0.0039062
19495,-0.0097656
19496,-0.0039062
19497,-0.0039062
19498,0.0
19499,-0.0039062
19500,-0.0097656
19501,-0.0039062
19502,-0.0039062
19503,-0.0097656
19504,0.0
19505,0.0
19506,0.0
19507,0.0
19508,-0.0039062
19509,-0.0039062
19510,-0.0039062
19511,-0.0097656
19512,-0.013672
19513,-0.013672
19514,-0.019531
19515,-0.025391
19516,-0.013672
19517,-0.029297
19518,-0.013672
19519,0.0
19520,0.0097656
19521,0.019531
19522,0.025391
19523,0.025391
19524,0.019531
19525,0.019531
19526,0.0
19527,-0.058594
19528,-0.070312
19529,0.4707
19530,1.0
19531,1.4648
19532,1.5
19533,1.3184
19534,1.0449
19535,0.78906
19536,0.57422
19537,0.3457
19538,0.099609
19539,-0.048828
19540,-0.13867
19541,-0.17383
19542,-0.20898
19543,-0.21484
19544,-0.21875
19545,-0.22852
19546,-0.22461
19547,-0.22852
19548,-0.23438
19549,-0.23438
19550,-0.23438
19551,-0.24414
19552,-0.25391
19553,-0.26367
19554,-0.28516
19555,-0.30469
19556,-0.33398
19557,-0.36914
19558,-0.41406
19559,-0.46875
19560,-0.49805
19561,-0.49805
19562,-0.49805
19563,-0.49805
19564,-0.49805
19565,-0.49805
19566,-0.48828
19567,-0.4043
19568,-0.31836
19569,-0.24414
19570,-0.17383
19571,-0.11523
19572,-0.083984
19573,-0.039062
19574,-0.0097656
19575,-0.0039062
19576,0.0
19577,0.0097656
19578,0.019531
19579,0.03125
19580,0.0
19581,0.019531
19582,0.0097656
19583,0.044922
19584,0.025391
19585,0.03125
19586,0.035156
19587,0.019531
19588,0.035156
19589,0.025391
19590,0.025391
19591,0.041016
19592,0.019531
19593,0.015625
19594,0.019531
19595,0.041016
19596,0.025391
19597,0.044922
19598,0.019531
19599,0.015625
19600,0.025391
19601,0.019531
19602,0.015625
19603,0.025391
19604,0.015625
19605,0.019531
19606,0.0058594
19607,0.0
19608,0.0058594
19609,-0.0097656
19610,0.0097656
19611,0.015625
19612,0.03125
19613,0.041016
19614,0.044922
19615,0.044922
19616,0.044922
19617,0.035156
19618,0.0058594
19619,-0.054688
19620,0.064453
19621,0.58008
19622,1.1895
19623,1.5
19624,1.5
19625,1.4082
19626,1.1094
19627,0.82031
19628,0.58984
19629,0.33984
19630,0.099609
19631,-0.058594
19632,-0.16016
19633,-0.19922
19634,-0.23438
19635,-0.24414
19636,-0.25391
19637,-0.25391
19638,-0.25977
19639,-0.25977
19640,-0.25977
19641,-0.26367
19642,-0.26953
19643,-0.2793
19644,-0.28516
19645,-0.30469
19646,-0.31836
19647,-0.34375
19648,-0.375
19649,-0.41406
19650,-0.46484
19651,-0.49805
19652,-0.49805
19653,-0.49805
19654,-0.49805
19655,-0.49805
19656,-0.49805
19657,-0.49805
19658,-0.49805
19659,-0.43359
19660,-0.34375
19661,-0.25977
19662,-0.18945
19663,-0.13477
19664,-0.09375
19665,-0.064453
19666,-0.044922
19667,-0.029297
19668,-0.025391
19669,-0.019531
19670,-0.013672
19671,-0.0097656
19672,-0.013672
19673,-0.0039062
19674,-0.0097656
19675,-0.013672
19676,-0.013672
19677,-0.013672
19678,-0.013672
19679,-0.013672
19680,-0.019531
19681,-0.0097656
19682,-0.0039062
19683,-0.0097656
19684,-0.013672
19685,-0.0097656
19686,-0.0039062
19687,-0.0039062
19688,-0.0039062
19689,-0.0097656
19690,-0.013672
19691,-0.0097656
19692,-0.013672
19693,-0.013672
19694,-0.013672
19695,-0.0097656
19696,-0.013672
19697,-0.019531
19698,-0.013672
19699,-0.025391
19700,-0.025391
19701,-0.025391
19702,-0.025391
19703,-0.035156
19704,-0.029297
19705,-0.019531
19706,-0.0039062
19707,0.0058594
19708,0.019531
19709,0.019531
19710,0.019531
19711,0.019531
19712,0.015625
19713,-0.019531
19714,-0.064453
19715,0.20508
19716,0.73047
19717,1.25
19718,1.5
19719,1.4531
19720,1.1992
19721,0.92383
19722,0.67969
19723,0.47461
19724,0.22461
19725,0.025391
19726,-0.10938
19727,-0.16406
19728,-0.19336
19729,-0.21484
19730,-0.21875
19731,-0.22461
19732,-0.22852
19733,-0.22461
19734,-0.22852
19735,-0.23438
19736,-0.23438
19737,-0.23438
19738,-0.24023
19739,-0.25
19740,-0.26367
19741,-0.28906
19742,-0.30859
19743,-0.34375
19744,-0.38477
19745,-0.43359
19746,-0.48828
19747,-0.49805
19748,-0.49805
19749,-0.49805
19750,-0.49805
19751,-0.49805
19752,-0.49805
19753,-0.47461
19754,-0.37891
19755,-0.29492
19756,-0.21875
19757,-0.16406
19758,-0.11523
19759,-0.080078
19760,-0.054688
19761,-0.039062
19762,-0.025391
19763,-0.025391
19764,-0.0097656
19765,-0.0097656
19766,-0.0097656
19767,-0.0039062
19768,-0.0097656
19769,-0.0039062
19770,-0.0039062
19771,-0.0039062
19772,-0.0039062
19773,0.0
19774,-0.0039062
19775,-0.0097656
19776,0.0
19777,-0.0039062
19778,-0.0097656
19779,-0.0039062
19780,-0.0097656
19781,-0.0039062
19782,-0.0097656
19783,-0.0039062
19784,0.0
19785,0.0
19786,0.0
19787,0.0
19788,-0.0097656
19789,-0.0039062
19790,-0.013672
19791,-0.019531
19792,-0.019531
19793,-0.019531
19794,-0.025391
19795,-0.019531
19796,-0.029297
19797,-0.019531
19798,0.0
19799,0.015625
19800,0.019531
19801,0.025391
19802,0.03125
19803,0.025391
19804,0.03125
19805,0.0097656
19806,-0.048828
19807,-0.064453
19808,0.48047
19809,1.0137
19810,1.4746
19811,1.5
19812,1.334
19813,1.0586
19814,0.79492
19815,0.58398
19816,0.34961
19817,0.11523
19818,-0.039062
19819,-0.13867
19820,-0.16992
19821,-0.19922
19822,-0.20898
19823,-0.21484
19824,-0.21875
19825,-0.21484
19826,-0.21875
19827,-0.22461
19828,-0.22852
19829,-0.22461
19830,-0.24023
19831,-0.25
19832,-0.25977
19833,-0.27344
19834,-0.29883
19835,-0.32422
19836,-0.35938
19837,-0.4082
19838,-0.45898
19839,-0.49805
19840,-0.49805
19841,-0.49805
19842,-0.49805
19843,-0.49805
19844,-0.49805
19845,-0.49414
19846,-0.4082
19847,-0.31836
19848,-0.24414
19849,-0.17383
19850,-0.12891
19851,-0.083984
19852,-0.048828
19853,-0.039062
19854,-0.013672
19855,-0.0097656
19856,0.0
19857,0.0
19858,0.0058594
19859,0.0
19860,0.0
19861,0.0058594
19862,0.0
19863,0.0
19864,0.0
19865,0.0
19866,0.0
19867,0.0
19868,0.0
19869,0.0
19870,0.0
19871,0.0
19872,0.0
19873,0.0
19874,0.0097656
19875,0.015625
19876,-0.0039062
19877,0.0
19878,0.0
19879,-0.0039062
19880,-0.013672
19881,0.0058594
19882,-0.0039062
19883,0.0
19884,-0.019531
19885,0.0
19886,0.0
19887,0.0
19888,-0.019531
19889,0.0
19890,0.019531
19891,0.041016
19892,0.050781
19893,0.041016
19894,0.060547
19895,0.050781
19896,0.064453
19897,0.041016
19898,-0.013672
19899,-0.035156
19900,0.44531
19901,1.0352
19902,1.5
19903,1.5
19904,1.5
19905,1.2188
19906,0.91992
19907,0.67578
19908,0.43555
19909,0.16602
19910,-0.0039062
19911,-0.11914
19912,-0.16406
19913,-0.19336
19914,-0.21484
19915,-0.21875
19916,-0.21875
19917,-0.23438
19918,-0.22852
19919,-0.23438
19920,-0.23438
19921,-0.22852
19922,-0.25391
19923,-0.25977
19924,-0.26367
19925,-0.28516
19926,-0.30859
19927,-0.33984
19928,-0.37891
19929,-0.42383
19930,-0.48438
19931,-0.49805
19932,-0.49805
19933,-0.49805
19934,-0.49805
19935,-0.49805
19936,-0.49805
19937,-0.49805
19938,-0.43359
19939,-0.33984
19940,-0.25
19941,-0.17383
19942,-0.11523
19943,-0.080078
19944,-0.048828
19945,-0.025391
19946,-0.013672
19947,0.0
19948,0.0
19949,0.0
19950,0.0
19951,-0.0039062
19952,0.0
19953,-0.0039062
19954,0.0
19955,-0.0097656
19956,-0.0097656
19957,-0.013672
19958,-0.0097656
19959,-0.013672
19960,-0.019531
19961,-0.0097656
19962,-0.013672
19963,-0.019531
19964,-0.013672
19965,-0.0097656
19966,-0.013672
19967,-0.0039062
19968,-0.0097656
19969,-0.0097656
19970,-0.0039062
19971,-0.0039062
19972,-0.0097656
19973,-0.0039062
19974,-0.0097656
19975,-0.013672
19976,-0.019531
19977,-0.019531
19978,-0.013672
19979,-0.025391
19980,-0.013672
19981,-0.025391
19982,-0.013672
19983,-0.0039062
19984,0.0
19985,0.019531
19986,0.019531
19987,0.019531
19988,0.019531
19989,0.019531
19990,0.0
19991,-0.058594
19992,-0.070312
19993,0.46094
19994,1.0039
19995,1.4785
19996,1.5
19997,1.3535
19998,1.0742
19999,0.79883
20000,0.58984
20001,0.35547
20002,0.12109
20003,-0.039062
20004,-0.13867
20005,-0.17383
20006,-0.20898
20007,-0.21875
20008,-0.22461
20009,-0.22852
20010,-0.23438
20011,-0.23438
20012,-0.23438
20013,-0.24023
20014,-0.23438
20015,-0.24414
20016,-0.25391
20017,-0.25977
20018,-0.28516
20019,-0.30469
20020,-0.33008
20021,-0.36328
20022,-0.4082
20023,-0.45898
20024,-0.49805
20025,-0.49805
20026,-0.49805
20027,-0.49805
20028,-0.49805
20029,-0.49805
20030,-0.49805
20031,-0.41992
20032,-0.33398
20033,-0.25
20034,-0.18359
20035,-0.12891
20036,-0.089844
20037,-0.058594
20038,-0.039062
20039,-0.025391
20040,-0.013672
20041,-0.0039062
20042,0.0
20043,-0.0039062
20044,0.0
20045,0.0
20046,0.0
20047,0.0
20048,0.0
20049,0.0
20050,0.0
20051,-0.0039062
20052,0.0
20053,-0.0039062
20054,-0.0039062
20055,-0.0039062
20056,-0.0039062
20057,-0.0097656
20058,-0.0039062
20059,-0.0039062
20060,0.0
20061,-0.0039062
20062,0.0
20063,-0.0039062
20064,-0.0097656
20065,-0.0039062
20066,-0.0097656
20067,-0.0097656
20068,-0.019531
20069,-0.025391
20070,-0.025391
20071,-0.029297
20072,-0.025391
20073,-0.035156
20074,-0.025391
20075,-0.0097656
20076,0.0
20077,0.019531
20078,0.019531
20079,0.025391
20080,0.019531
20081,0.025391
20082,0.015625
20083,-0.035156
20084,-0.070312
20085,0.30078
20086,0.82422
20087,1.334
20088,1.5
20089,1.4082
20090,1.1387
20091,0.86914
20092,0.65039
20093,0.42969
20094,0.17969
20095,-0.0039062
20096,-0.11914
20097,-0.16992
20098,-0.19336
20099,-0.20898
20100,-0.21484
20101,-0.22461
20102,-0.22461
20103,-0.22852
20104,-0.22461
20105,-0.23438
20106,-0.23438
20107,-0.24023
20108,-0.25391
20109,-0.25977
20110,-0.27344
20111,-0.28906
20112,-0.31836
20113,-0.35352
20114,-0.39844
20115,-0.44922
20116,-0.49805
20117,-0.49805
20118,-0.49805
20119,-0.49805
20120,-0.49805
20121,-0.49805
20122,-0.49805
20123,-0.44922
20124,-0.35938
20125,-0.27344
20126,-0.20508
20127,-0.14844
20128,-0.10352
20129,-0.070312
20130,-0.048828
20131,-0.025391
20132,-0.019531
20133,-0.0097656
20134,-0.0097656
20135,-0.0039062
20136,-0.0097656
20137,-0.0039062
20138,0.0
20139,0.0
20140,-0.0039062
20141,0.0
20142,0.0
20143,-0.0039062
20144,-0.0097656
20145,-0.0039062
20146,-0.0097656
20147,-0.0039062
20148,-0.0097656
20149,-0.0039062
20150,-0.0039062
20151,-0.0097656
20152,-0.0039062
20153,-0.0039062
20154,-0.0097656
20155,-0.013672
20156,-0.0097656
20157,-0.013672
20158,-0.0097656
20159,-0.025391
20160,-0.025391
20161,-0.025391
20162,-0.025391
20163,-0.029297
20164,-0.025391
20165,-0.029297
20166,-0.025391
20167,-0.0039062
20168,0.015625
20169,0.015625
20170,0.025391
20171,0.015625
20172,0.03125
20173,0.019531
20174,0.025391
20175,-0.0097656
20176,-0.070312
20177,0.16992
20178,0.69922
20179,1.2402
20180,1.5
20181,1.498
20182,1.2598
20183,0.97461
20184,0.73047
20185,0.50586
20186,0.26562
20187,0.050781
20188,-0.080078
20189,-0.13477
20190,-0.16992
20191,-0.18359
20192,-0.20508
20193,-0.21484
20194,-0.19922
20195,-0.19336
20196,-0.20898
20197,-0.19922
20198,-0.21875
20199,-0.22461
20200,-0.24023
20201,-0.25
20202,-0.24414
20203,-0.26953
20204,-0.30469
20205,-0.34961
20206,-0.38477
20207,-0.43359
20208,-0.48438
20209,-0.49805
20210,-0.49805
20211,-0.49805
20212,-0.49805
20213,-0.49805
20214,-0.49805
20215,-0.44922
20216,-0.35352
20217,-0.26953
20218,-0.18945
20219,-0.125
20220,-0.080078
20221,-0.039062
20222,-0.0097656
20223,0.0
20224,0.0097656
20225,0.019531
20226,0.019531
20227,0.019531
20228,0.019531
20229,0.019531
20230,0.015625
20231,0.015625
20232,0.0097656
20233,0.0097656
20234,0.0097656
20235,0.015625
20236,0.0
20237,0.0058594
20238,0.0
20239,0.0
20240,-0.0039062
20241,0.0
20242,0.0
20243,-0.0039062
20244,0.0
20245,-0.0097656
20246,-0.0039062
20247,-0.0097656
20248,-0.013672
20249,-0.013672
20250,-0.025391
20251,-0.025391
20252,-0.025391
20253,-0.025391
20254,-0.025391
20255,-0.029297
20256,-0.029297
20257,-0.019531
20258,-0.0039062
20259,0.0
20260,0.015625
20261,0.019531
20262,0.019531
20263,0.015625
20264,0.019531
20265,-0.013672
20266,-0.074219
20267,0.041016
20268,0.53516
20269,1.0996
20270,1.5
20271,1.5
20272,1.3301
20273,1.0449
20274,0.7793
20275,0.56445
20276,0.32422
20277,0.089844
20278,-0.058594
20279,-0.1543
20280,-0.19336
20281,-0.21875
20282,-0.23438
20283,-0.23438
20284,-0.24414
20285,-0.24414
20286,-0.24023
20287,-0.25391
20288,-0.25977
20289,-0.25977
20290,-0.26367
20291,-0.27344
20292,-0.28516
20293,-0.29883
20294,-0.32422
20295,-0.35352
20296,-0.39453
20297,-0.44336
20298,-0.49805
20299,-0.49805
20300,-0.49805
20301,-0.49805
20302,-0.49805
20303,-0.49805
20304,-0.49805
20305,-0.49414
20306,-0.4043
20307,-0.31445
20308,-0.23438
20309,-0.17383
20310,-0.11914
20311,-0.083984
20312,-0.048828
20313,-0.029297
20314,-0.019531
20315,-0.0097656
20316,-0.0039062
20317,0.0
20318,0.0
20319,-0.0039062
20320,0.0
20321,0.0
20322,0.0
20323,0.0
20324,0.0
20325,0.0
20326,0.0
20327,-0.0039062
20328,0.0
20329,-0.0039062
20330,-0.0039062
20331,-0.0039062
20332,0.0
20333,0.0
20334,0.0
20335,-0.0039062
20336,0.0
20337,-0.0039062
20338,-0.0039062
20339,0.0
20340,-0.0039062
20341,-0.0039062
20342,-0.0097656
20343,-0.0097656
20344,-0.019531
20345,-0.025391
20346,-0.019531
20347,-0.025391
20348,-0.025391
20349,-0.025391
20350,-0.0097656
20351,0.0058594
20352,0.015625
20353,0.019531
20354,0.025391
20355,0.019531
20356,0.03125
20357,0.015625
20358,-0.019531
20359,-0.074219
20360,0.19531
20361,0.7207
20362,1.2402
20363,1.5
20364,1.459
20365,1.1934
20366,0.92383
20367,0.68555
20368,0.48047
20369,0.22461
20370,0.025391
20371,-0.10352
20372,-0.16406
20373,-0.19336
20374,-0.21484
20375,-0.21875
20376,-0.21875
20377,-0.22461
20378,-0.23438
20379,-0.22852
20380,-0.23438
20381,-0.23438
20382,-0.24023
20383,-0.25
20384,-0.25977
20385,-0.26953
20386,-0.29492
20387,-0.31445
20388,-0.34961
20389,-0.39453
20390,-0.43945
20391,-0.49414
20392,-0.49805
20393,-0.49805
20394,-0.49805
20395,-0.49805
20396,-0.49805
20397,-0.49805
20398,-0.45898
20399,-0.36914
20400,-0.28516
20401,-0.21484
20402,-0.1543
20403,-0.11523
20404,-0.080078
20405,-0.054688
20406,-0.029297
20407,-0.019531
20408,-0.0097656
20409,-0.0039062
20410,0.0
20411,-0.0039062
20412,-0.0039062
20413,-0.0039062
20414,-0.0039062
20415,-0.0097656
20416,-0.0039062
20417,-0.013672
20418,-0.0039062
20419,-0.0039062
20420,-0.0039062
20421,-0.0039062
20422,-0.0039062
20423,-0.0039062
20424,-0.0039062
20425,-0.0039062
20426,-0.0039062
20427,-0.0039062
20428,-0.0097656
20429,0.0
20430,0.0
20431,0.0
20432,0.0
20433,-0.0097656
20434,-0.0039062
20435,-0.013672
20436,-0.019531
20437,-0.013672
20438,-0.025391
20439,-0.019531
20440,-0.029297
20441,-0.035156
20442,-0.013672
20443,0.0
20444,0.019531
20445,0.019531
20446,0.025391
20447,0.019531
20448,0.03125
20449,0.019531
20450,-0.013672
20451,-0.074219
20452,0.16016
20453,0.67578
20454,1.2051
20455,1.5
20456,1.4746
20457,1.2148
20458,0.95508
20459,0.69922
20460,0.50977
20461,0.25
20462,0.044922
20463,-0.083984
20464,-0.14453
20465,-0.17383
20466,-0.19922
20467,-0.20898
20468,-0.19336
20469,-0.21484
20470,-0.21484
20471,-0.21484
20472,-0.21484
20473,-0.21484
20474,-0.21875
20475,-0.23438
20476,-0.24023
20477,-0.25391
20478,-0.25
20479,-0.2793
20480,-0.33398
20481,-0.36914
20482,-0.41992
20483,-0.46875
20484,-0.49805
20485,-0.49805
20486,-0.49805
20487,-0.49805
20488,-0.49805
20489,-0.49805
20490,-0.43945
20491,-0.35352
20492,-0.25977
20493,-0.17969
20494,-0.10938
20495,-0.080078
20496,-0.035156
20497,-0.0097656
20498,0.015625
20499,0.019531
20500,0.025391
20501,0.03125
20502,0.035156
20503,0.044922
20504,0.025391
20505,0.019531
20506,0.025391
20507,0.019531
20508,0.025391
20509,0.019531
20510,0.019531
20511,0.019531
20512,0.019531
20513,0.019531
20514,0.019531
20515,0.019531
20516,0.015625
20517,0.015625
20518,0.019531
20519,0.015625
20520,0.015625
20521,0.015625
20522,0.0097656
20523,0.0097656
20524,0.0
20525,0.0
20526,0.0
20527,-0.0039062
20528,-0.0039062
20529,-0.013672
20530,-0.0039062
20531,-0.025391
20532,-0.019531
20533,-0.0039062
20534,0.0058594
20535,0.019531
20536,0.019531
20537,0.025391
20538,0.019531
20539,0.019531
20540,0.015625
20541,-0.029297
20542,-0.080078
20543,0.23047
20544,0.79492
20545,1.3438
20546,1.5
20547,1.5
20548,1.2285
20549,0.94922
20550,0.69922
20551,0.47461
20552,0.2207
20553,0.019531
20554,-0.099609
20555,-0.17383
20556,-0.21875
20557,-0.23438
20558,-0.24023
20559,-0.24414
20560,-0.24414
20561,-0.25
20562,-0.25
20563,-0.25977
20564,-0.25977
20565,-0.26367
20566,-0.26953
20567,-0.28516
20568,-0.29492
20569,-0.31445
20570,-0.34375
20571,-0.38477
20572,-0.42383
20573,-0.47852
20574,-0.49805
20575,-0.49805
20576,-0.49805
20577,-0.49805
20578,-0.49805
20579,-0.49805
20580,-0.49805
20581,-0.46875
20582,-0.37891
20583,-0.28906
20584,-0.21875
20585,-0.1543
20586,-0.11523
20587,-0.074219
20588,-0.048828
20589,-0.029297
20590,-0.019531
20591,-0.0097656
20592,-0.0097656
20593,-0.0039062
20594,-0.0039062
20595,0.0
20596,0.0
20597,-0.0039062
20598,-0.0097656
20599,-0.0097656
20600,-0.0039062
20601,-0.0097656
20602,-0.0039062
20603,-0.0097656
20604,-0.0097656
20605,-0.0039062
20606,-0.0039062
20607,-0.0039062
20608,0.0
20609,0.0
20610,0.0
20611,-0.0039062
20612,0.0
20613,-0.0039062
20614,0.0
20615,0.0
20616,0.0
20617,-0.0039062
20618,0.0
20619,-0.013672
20620,-0.013672
20621,-0.013672
20622,-0.019531
20623,-0.013672
20624,-0.025391
20625,-0.025391
20626,-0.0039062
20627,0.0
20628,0.015625
20629,0.025391
20630,0.019531
20631,0.035156
20632,0.025391
20633,0.03125
20634,-0.019531
20635,-0.064453
20636,0.20508
20637,0.72461
20638,1.25
20639,1.5
20640,1.459
20641,1.2051
20642,0.93945
20643,0.69922
20644,0.48438
20645,0.23438
20646,0.035156
20647,-0.089844
20648,-0.1543
20649,-0.17969
20650,-0.19922
20651,-0.20898
20652,-0.20898
20653,-0.20898
20654,-0.21484
20655,-0.21484
20656,-0.21484
20657,-0.22461
20658,-0.23438
20659,-0.23438
20660,-0.24414
20661,-0.25977
20662,-0.28516
20663,-0.30469
20664,-0.33398
20665,-0.37891
20666,-0.42969
20667,-0.48438
20668,-0.49805
20669,-0.49805
20670,-0.49805
20671,-0.49805
20672,-0.49805
20673,-0.49805
20674,-0.44922
20675,-0.36328
20676,-0.2793
20677,-0.20898
20678,-0.14844
20679,-0.10352
20680,-0.070312
20681,-0.044922
20682,-0.025391
20683,-0.013672
20684,-0.0039062
20685,0.0
20686,0.0
20687,0.0058594
20688,0.0058594
20689,0.0
20690,0.0
20691,0.0
20692,0.0
20693,0.0
20694,-0.0039062
20695,0.0
20696,-0.0039062
20697,0.0
20698,0.0
20699,-0.0097656
20700,-0.0097656
20701,-0.0039062
20702,-0.0097656
20703,-0.0039062
20704,-0.0097656
20705,-0.0039062
20706,-0.0097656
20707,-0.0097656
20708,-0.0097656
20709,-0.013672
20710,-0.013672
20711,-0.019531
20712,-0.019531
20713,-0.025391
20714,-0.019531
20715,-0.025391
20716,-0.025391
20717,-0.029297
20718,-0.013672
20719,0.0
20720,0.015625
20721,0.019531
20722,0.019531
20723,0.019531
20724,0.025391
20725,0.019531
20726,0.0
20727,-0.064453
20728,0.044922
20729,0.50977
20730,1.0449
20731,1.4785
20732,1.5
20733,1.2988
20734,1.0254
20735,0.76562
20736,0.56055
20737,0.32422
20738,0.089844
20739,-0.058594
20740,-0.14453
20741,-0.16992
20742,-0.19922
20743,-0.20898
20744,-0.21484
20745,-0.21875
20746,-0.22461
20747,-0.22461
20748,-0.22461
20749,-0.23438
20750,-0.23438
20751,-0.23438
20752,-0.24023
20753,-0.25977
20754,-0.28516
20755,-0.2793
20756,-0.33984
20757,-0.36328
20758,-0.41992
20759,-0.46875
20760,-0.49805
20761,-0.49805
20762,-0.49805
20763,-0.49805
20764,-0.49805
20765,-0.49805
20766,-0.47852
20767,-0.39844
20768,-0.29883
20769,-0.22461
20770,-0.1543
20771,-0.10352
20772,-0.054688
20773,-0.029297
20774,-0.013672
20775,0.0097656
20776,0.015625
20777,0.019531
20778,0.03125
20779,0.035156
20780,0.025391
20781,0.03125
20782,0.041016
20783,0.019531
20784,0.025391
20785,0.044922
20786,0.025391
20787,0.044922
20788,0.019531
20789,0.025391
20790,0.03125
20791,0.025391
20792,0.035156
20793,0.019531
20794,0.025391
20795,0.019531
20796,0.019531
20797,0.025391
20798,0.019531
20799,0.025391
20800,0.015625
20801,0.019531
20802,0.019531
20803,0.015625
20804,0.0058594
20805,0.0097656
20806,0.015625
20807,0.0
20808,-0.0039062
20809,0.015625
20810,0.019531
20811,0.03125
20812,0.044922
20813,0.041016
20814,0.041016
20815,0.035156
20816,0.044922
20817,0.0058594
20818,-0.054688
20819,-0.058594
20820,0.56055
20821,1.1484
20822,1.5
20823,1.5
20824,1.3984
20825,1.0996
20826,0.81055
20827,0.58984
20828,0.33984
20829,0.099609
20830,-0.058594
20831,-0.1543
20832,-0.20508
20833,-0.24023
20834,-0.25391
20835,-0.25391
20836,-0.25977
20837,-0.25977
20838,-0.25977
20839,-0.26367
20840,-0.26953
20841,-0.27344
20842,-0.28516
20843,-0.28906
20844,-0.30469
20845,-0.31836
20846,-0.34961
20847,-0.37891
20848,-0.41992
20849,-0.46484
20850,-0.49805
20851,-0.49805
20852,-0.49805
20853,-0.49805
20854,-0.49805
20855,-0.49805
20856,-0.49805
20857,-0.49805
20858,-0.43359
20859,-0.34375
20860,-0.25977
20861,-0.19336
20862,-0.13867
20863,-0.10352
20864,-0.074219
20865,-0.048828
20866,-0.035156
20867,-0.025391
20868,-0.019531
20869,-0.019531
20870,-0.019531
20871,-0.019531
20872,-0.019531
20873,-0.019531
20874,-0.019531
20875,-0.019531
20876,-0.019531
20877,-0.025391
20878,-0.025391
20879,-0.025391
20880,-0.025391
20881,-0.019531
20882,-0.019531
20883,-0.013672
20884,-0.019531
20885,-0.019531
20886,-0.013672
20887,-0.019531
20888,-0.013672
20889,-0.0097656
20890,-0.013672
20891,-0.013672
20892,-0.013672
20893,-0.0097656
20894,-0.013672
20895,-0.013672
20896,-0.019531
20897,-0.019531
20898,-0.019531
20899,-0.019531
20900,-0.029297
20901,-0.025391
20902,-0.035156
20903,-0.029297
20904,-0.013672
20905,-0.0039062
20906,0.0097656
20907,0.019531
20908,0.019531
20909,0.019531
20910,0.019531
20911,0.0097656
20912,-0.029297
20913,-0.064453
20914,0.27539
20915,0.79883
20916,1.3184
20917,1.5
20918,1.4141
20919,1.1445
20920,0.88477
20921,0.65039
20922,0.43555
20923,0.17969
20924,-0.0039062
20925,-0.11914
20926,-0.16406
20927,-0.19922
20928,-0.21484
20929,-0.21875
20930,-0.21875
20931,-0.22852
20932,-0.22461
20933,-0.22852
20934,-0.23438
20935,-0.24023
20936,-0.24414
20937,-0.25
20938,-0.25977
20939,-0.26953
20940,-0.29492
20941,-0.31836
20942,-0.34961
20943,-0.38867
20944,-0.43945
20945,-0.49414
20946,-0.49805
20947,-0.49805
20948,-0.49805
20949,-0.49805
20950,-0.49805
20951,-0.49805
20952,-0.44922
20953,-0.35938
20954,-0.2793
20955,-0.20898
20956,-0.1543
20957,-0.10938
20958,-0.074219
20959,-0.054688
20960,-0.035156
20961,-0.019531
20962,-0.0097656
20963,-0.0039062
20964,0.0
20965,-0.0039062
20966,0.0
20967,0.0
20968,-0.0039062
20969,-0.0097656
20970,-0.0039062
20971,-0.0039062
20972,0.0
20973,-0.0039062
20974,-0.0039062
20975,-0.0097656
20976,-0.0039062
20977,-0.0039062
20978,-0.0039062
20979,-0.0097656
20980,0.0
20981,-0.0039062
20982,-0.0039062
20983,-0.0097656
20984,-0.0039062
20985,-0.0097656
20986,-0.0097656
20987,-0.013672
20988,-0.019531
20989,-0.013672
20990,-0.025391
20991,-0.019531
20992,-0.029297
20993,-0.025391
20994,-0.029297
20995,-0.019531
20996,-0.0039062
20997,0.0058594
20998,0.019531
20999,0.025391
21000,0.025391
21001,0.025391
21002,0.025391
21003,0.019531
21004,-0.025391
21005,-0.058594
21006,0.29492
21007,0.83008
21008,1.3398
21009,1.5
21010,1.4082
21011,1.1387
21012,0.875
21013,0.65039
21014,0.43555
21015,0.17969
21016,0.0
21017,-0.10938
21018,-0.16016
21019,-0.19336
21020,-0.20508
21021,-0.21484
21022,-0.21484
21023,-0.21875
21024,-0.22461
21025,-0.21875
21026,-0.22461
21027,-0.23438
21028,-0.23438
21029,-0.24414
21030,-0.25391
21031,-0.27344
21032,-0.28906
21033,-0.31836
21034,-0.35352
21035,-0.39453
21036,-0.44922
21037,-0.49805
21038,-0.49805
21039,-0.49805
21040,-0.49805
21041,-0.49805
21042,-0.49805
21043,-0.49805
21044,-0.44336
21045,-0.33984
21046,-0.26953
21047,-0.17969
21048,-0.13867
21049,-0.089844
21050,-0.064453
21051,-0.035156
21052,-0.013672
21053,0.0
21054,0.0058594
21055,-0.0039062
21056,0.015625
21057,0.03125
21058,0.0058594
21059,0.0
21060,0.019531
21061,0.019531
21062,0.015625
21063,0.025391
21064,0.019531
21065,0.03125
21066,0.015625
21067,0.025391
21068,0.03125
21069,0.015625
21070,0.019531
21071,0.041016
21072,0.015625
21073,0.019531
21074,0.035156
21075,0.019531
21076,0.025391
21077,0.019531
21078,0.025391
21079,0.025391
21080,0.015625
21081,0.019531
21082,0.0097656
21083,0.019531
21084,0.0097656
21085,0.015625
21086,0.0058594
21087,0.015625
21088,0.015625
21089,0.03125
21090,0.041016
21091,0.044922
21092,0.044922
21093,0.050781
21094,0.044922
21095,0.041016
21096,-0.0039062
21097,-0.054688
21098,0.23438
21099,0.82031
21100,1.3984
21101,1.5
21102,1.5
21103,1.3086
21104,1.0137
21105,0.73438
21106,0.5
21107,0.24609
21108,0.03125
21109,-0.10352
21110,-0.17383
21111,-0.21875
21112,-0.24023
21113,-0.25
21114,-0.25391
21115,-0.25977
21116,-0.25977
21117,-0.26367
21118,-0.26367
21119,-0.26953
21120,-0.27344
21121,-0.28516
21122,-0.29492
21123,-0.30469
21124,-0.33008
21125,-0.35938
21126,-0.38867
21127,-0.43945
21128,-0.48828
21129,-0.49805
21130,-0.49805
21131,-0.49805
21132,-0.49805
21133,-0.49805
21134,-0.49805
21135,-0.49805
21136,-0.49414
21137,-0.39453
21138,-0.30859
21139,-0.23438
21140,-0.17383
21141,-0.125
21142,-0.083984
21143,-0.064453
21144,-0.048828
21145,-0.029297
21146,-0.025391
21147,-0.019531
21148,-0.019531
21149,-0.013672
21150,-0.019531
21151,-0.019531
21152,-0.013672
21153,-0.019531
21154,-0.019531
21155,-0.019531
21156,-0.019531
21157,-0.019531
21158,-0.019531
21159,-0.013672
21160,-0.019531
21161,-0.013672
21162,-0.019531
21163,-0.019531
21164,-0.013672
21165,-0.019531
21166,-0.013672
21167,-0.019531
21168,-0.013672
21169,-0.013672
21170,-0.013672
21171,-0.013672
21172,-0.013672
21173,-0.013672
21174,-0.013672
21175,-0.019531
21176,-0.025391
21177,-0.025391
21178,-0.025391
21179,-0.029297
21180,-0.025391
21181,-0.035156
21182,-0.025391
21183,-0.0097656
21184,0.0097656
21185,0.019531
21186,0.019531
21187,0.019531
21188,0.019531
21189,0.019531
21190,-0.0039062
21191,-0.058594
21192,0.041016
21193,0.51953
21194,1.0547
21195,1.4941
21196,1.5
21197,1.2988
21198,1.0293
21199,0.76562
21200,0.56055
21201,0.32031
21202,0.089844
21203,-0.058594
21204,-0.14844
21205,-0.17383
21206,-0.20898
21207,-0.21484
21208,-0.21484
21209,-0.22461
21210,-0.22461
21211,-0.22852
21212,-0.22852
21213,-0.23438
21214,-0.23438
21215,-0.24414
21216,-0.25
21217,-0.25977
21218,-0.2793
21219,-0.30469
21220,-0.33008
21221,-0.36914
21222,-0.4082
21223,-0.46484
21224,-0.49805
21225,-0.49805
21226,-0.49805
21227,-0.49805
21228,-0.49805
21229,-0.49805
21230,-0.48438
21231,-0.4043
21232,-0.31836
21233,-0.24414
21234,-0.17383
21235,-0.125
21236,-0.083984
21237,-0.054688
21238,-0.029297
21239,-0.019531
21240,-0.0097656
21241,-0.0039062
21242,-0.0039062
21243,0.0
21244,-0.0039062
21245,0.0
21246,0.0
21247,0.0
21248,0.0
21249,0.0
21250,-0.0039062
21251,-0.0039062
21252,-0.0097656
21253,-0.0039062
21254,-0.0097656
21255,-0.0039062
21256,-0.0097656
21257,0.0
21258,-0.0039062
21259,-0.0039062
21260,0.0
21261,-0.0039062
21262,0.0
21263,-0.0039062
21264,-0.0039062
21265,-0.013672
21266,-0.0097656
21267,-0.013672
21268,-0.025391
21269,-0.025391
21270,-0.025391
21271,-0.025391
21272,-0.025391
21273,-0.029297
21274,-0.013672
21275,-0.0039062
21276,0.0097656
21277,0.019531
21278,0.03125
21279,0.025391
21280,0.019531
21281,0.025391
21282,0.0097656
21283,-0.054688
21284,-0.070312
21285,0.46094
21286,0.99414
21287,1.459
21288,1.5
21289,1.3301
21290,1.0586
21291,0.79492
21292,0.58984
21293,0.35938
21294,0.11523
21295,-0.039062
21296,-0.13867
21297,-0.16992
21298,-0.19922
21299,-0.20508
21300,-0.21484
21301,-0.21484
21302,-0.21875
21303,-0.21875
21304,-0.22852
21305,-0.22852
21306,-0.23438
21307,-0.23438
21308,-0.25391
21309,-0.25977
21310,-0.2793
21311,-0.29492
21312,-0.32422
21313,-0.35938
21314,-0.4082
21315,-0.46484
21316,-0.49805
21317,-0.49805
21318,-0.49805
21319,-0.49805
21320,-0.49805
21321,-0.49805
21322,-0.47852
21323,-0.4043
21324,-0.30859
21325,-0.25
21326,-0.16992
21327,-0.11914
21328,-0.083984
21329,-0.035156
21330,-0.029297
21331,-0.0039062
21332,0.0
21333,0.015625
21334,0.0058594
21335,0.0097656
21336,0.019531
21337,0.0097656
21338,0.019531
21339,0.019531
21340,0.015625
21341,0.019531
21342,0.025391
21343,0.019531
21344,0.041016
21345,0.044922
21346,0.0058594
21347,0.035156
21348,0.025391
21349,0.019531
21350,0.041016
21351,0.044922
21352,0.019531
21353,0.035156
21354,0.03125
21355,0.025391
21356,0.050781
21357,0.025391
21358,0.041016
21359,0.044922
21360,0.019531
21361,0.019531
21362,0.035156
21363,0.019531
21364,0.03125
21365,0.0097656
21366,0.03125
21367,0.041016
21368,0.054688
21369,0.050781
21370,0.054688
21371,0.060547
21372,0.050781
21373,0.044922
21374,0.0097656
21375,-0.048828
21376,0.22461
21377,0.81055
21378,1.4141
21379,1.5
21380,1.5
21381,1.3594
21382,1.0488
21383,0.76953
21384,0.52539
21385,0.26562
21386,0.041016
21387,-0.089844
21388,-0.16406
21389,-0.20898
21390,-0.23438
21391,-0.24023
21392,-0.25
21393,-0.25
21394,-0.25977
21395,-0.25977
21396,-0.25977
21397,-0.26367
21398,-0.2793
21399,-0.28516
21400,-0.29883
21401,-0.30859
21402,-0.33398
21403,-0.35352
21404,-0.39453
21405,-0.43359
21406,-0.48828
21407,-0.49805
21408,-0.49805
21409,-0.49805
21410,-0.49805
21411,-0.49805
21412,-0.49805
21413,-0.49805
21414,-0.49805
21415,-0.41406
21416,-0.31445
21417,-0.23438
21418,-0.16992
21419,-0.125
21420,-0.083984
21421,-0.058594
21422,-0.039062
21423,-0.029297
21424,-0.025391
21425,-0.019531
21426,-0.0097656
21427,-0.0097656
21428,-0.0097656
21429,-0.0097656
21430,-0.013672
21431,-0.019531
21432,-0.013672
21433,-0.019531
21434,-0.013672
21435,-0.013672
21436,-0.013672
21437,-0.0097656
21438,-0.0097656
21439,-0.0097656
21440,-0.0097656
21441,-0.0039062
21442,-0.0097656
21443,-0.0097656
21444,-0.0039062
21445,-0.0039062
21446,-0.0039062
21447,0.0
21448,0.0
21449,0.0
21450,-0.0039062
21451,-0.0039062
21452,-0.0097656
21453,-0.0039062
21454,-0.013672
21455,-0.013672
21456,-0.0097656
21457,-0.013672
21458,-0.0097656
21459,-0.025391
21460,-0.013672
21461,0.0
21462,0.0097656
21463,0.025391
21464,0.035156
21465,0.035156
21466,0.03125
21467,0.03125
21468,0.019531
21469,-0.029297
21470,-0.054688
21471,0.33594
21472,0.86914
21473,1.3691
21474,1.5
21475,1.4043
21476,1.1348
21477,0.86914
21478,0.64453
21479,0.42578
21480,0.17969
21481,-0.0097656
21482,-0.10938
21483,-0.16406
21484,-0.18945
21485,-0.20508
21486,-0.20898
21487,-0.21484
21488,-0.21484
21489,-0.21875
21490,-0.22461
21491,-0.22461
21492,-0.22461
21493,-0.23438
21494,-0.24023
21495,-0.25
21496,-0.26367
21497,-0.28516
21498,-0.30859
21499,-0.33398
21500,-0.37891
21501,-0.43359
21502,-0.48828
21503,-0.49805
21504,-0.49805
21505,-0.49805
21506,-0.49805
21507,-0.49805
21508,-0.49805
21509,-0.43359
21510,-0.34375
21511,-0.25977
21512,-0.19922
21513,-0.13867
21514,-0.09375
21515,-0.058594
21516,-0.039062
21517,-0.019531
21518,-0.0039062
21519,-0.0039062
21520,0.0
21521,0.0
21522,0.0
21523,-0.0039062
21524,0.0
21525,0.0
21526,0.0
21527,0.0
21528,0.0
21529,0.0
21530,0.0
21531,0.0
21532,0.0
21533,0.0
21534,0.0
21535,0.0
21536,0.0
21537,0.0
21538,-0.0039062
21539,-0.0039062
21540,-0.0039062
21541,-0.0039062
21542,0.0
21543,-0.0097656
21544,-0.0097656
21545,-0.013672
21546,-0.019531
21547,-0.019531
21548,-0.019531
21549,-0.025391
21550,-0.013672
21551,-0.025391
21552,-0.019531
21553,0.0
21554,0.0097656
21555,0.019531
21556,0.025391
21557,0.03125
21558,0.03125
21559,0.025391
21560,0.0058594
21561,-0.054688
21562,-0.074219
21563,0.42578
21564,0.95898
21565,1.4336
21566,1.5
21567,1.3438
21568,1.0703
21569,0.81055
21570,0.60938
21571,0.375
21572,0.125
21573,-0.035156
21574,-0.12891
21575,-0.16992
21576,-0.19336
21577,-0.20898
21578,-0.21484
21579,-0.21484
21580,-0.21484
21581,-0.22461
21582,-0.22852
21583,-0.23438
21584,-0.23438
21585,-0.25
21586,-0.25
21587,-0.25977
21588,-0.2793
21589,-0.29883
21590,-0.33008
21591,-0.36328
21592,-0.41406
21593,-0.45898
21594,-0.49805
21595,-0.49805
21596,-0.49805
21597,-0.49805
21598,-0.49805
21599,-0.49805
21600,-0.49805
21601,-0.41406
21602,-0.33984
21603,-0.25
21604,-0.18945
21605,-0.13867
21606,-0.09375
21607,-0.064453
21608,-0.044922
21609,-0.025391
21610,-0.013672
21611,-0.0039062
21612,-0.019531
21613,0.0
21614,0.0097656
21615,0.0
21616,0.0
21617,-0.0039062
21618,0.0097656
21619,0.0
21620,0.0097656
21621,-0.0039062
21622,0.0058594
21623,0.0
21624,0.019531
21625,0.015625
21626,0.0058594
21627,0.015625
21628,0.0097656
21629,0.025391
21630,0.019531
21631,0.019531
21632,0.0097656
21633,0.03125
21634,0.035156
21635,0.019531
21636,0.019531
21637,0.0097656
21638,0.015625
21639,0.035156
21640,0.0058594
21641,0.019531
21642,0.03125
21643,-0.0039062
21644,0.03125
21645,0.035156
21646,0.044922
21647,0.050781
21648,0.060547
21649,0.050781
21650,0.064453
21651,0.054688
21652,0.03125
21653,-0.044922
21654,0.076172
21655,0.60938
21656,1.2148
21657,1.5
21658,1.5
21659,1.459
21660,1.1445
21661,0.85547
21662,0.60938
21663,0.34961
21664,0.11133
21665,-0.044922
21666,-0.14453
21667,-0.18945
21668,-0.21875
21669,-0.23438
21670,-0.22852
21671,-0.23438
21672,-0.24414
21673,-0.24414
21674,-0.24414
21675,-0.24023
21676,-0.25391
21677,-0.26953
21678,-0.26953
21679,-0.28516
21680,-0.30469
21681,-0.33398
21682,-0.36328
21683,-0.4082
21684,-0.45312
21685,-0.49805
21686,-0.49805
21687,-0.49805
21688,-0.49805
21689,-0.49805
21690,-0.49805
21691,-0.49805
21692,-0.49805
21693,-0.42383
21694,-0.33398
21695,-0.25
21696,-0.18359
21697,-0.12891
21698,-0.09375
21699,-0.058594
21700,-0.044922
21701,-0.025391
21702,-0.025391
21703,-0.013672
21704,-0.019531
21705,-0.013672
21706,-0.025391
21707,-0.019531
21708,-0.019531
21709,-0.019531
21710,-0.019531
21711,-0.025391
21712,-0.025391
21713,-0.013672
21714,-0.013672
21715,-0.013672
21716,-0.0097656
21717,-0.013672
21718,-0.0039062
21719,-0.0097656
21720,0.0
21721,-0.0097656
21722,-0.0039062
21723,-0.0039062
21724,-0.0039062
21725,-0.0097656
21726,-0.0097656
21727,-0.0097656
21728,-0.0039062
21729,-0.0039062
21730,-0.013672
21731,-0.019531
21732,-0.025391
21733,-0.025391
21734,-0.025391
21735,-0.025391
21736,-0.025391
21737,-0.029297
21738,-0.019531
21739,-0.0039062
21740,0.0097656
21741,0.019531
21742,0.019531
21743,0.019531
21744,0.019531
21745,0.025391
21746,0.0
21747,-0.054688
21748,-0.058594
21749,0.50977
21750,1.0449
21751,1.4883
21752,1.5
21753,1.3184
21754,1.0391
21755,0.7793
21756,0.57422
21757,0.33594
21758,0.095703
21759,-0.048828
21760,-0.13867
21761,-0.16992
21762,-0.20508
21763,-0.20898
21764,-0.21484
21765,-0.21484
21766,-0.21875
21767,-0.21875
21768,-0.22461
21769,-0.22852
21770,-0.23438
21771,-0.23438
21772,-0.25
21773,-0.25977
21774,-0.27344
21775,-0.29492
21776,-0.31836
21777,-0.35938
21778,-0.4043
21779,-0.45898
21780,-0.49805
21781,-0.49805
21782,-0.49805
21783,-0.49805
21784,-0.49805
21785,-0.49805
21786,-0.48438
21787,-0.4043
21788,-0.31836
21789,-0.24414
21790,-0.17969
21791,-0.125
21792,-0.080078
21793,-0.054688
21794,-0.035156
21795,-0.019531
21796,-0.0097656
21797,-0.0039062
21798,0.0
21799,0.0
21800,0.0
21801,0.0058594
21802,0.0
21803,0.0058594
21804,0.0
21805,0.0
21806,0.0
21807,0.0
21808,0.0
21809,0.0
21810,0.0
21811,0.0
21812,0.0
21813,0.0
21814,-0.0039062
21815,-0.0039062
21816,0.0
21817,0.0
21818,0.0058594
21819,0.0
21820,0.0
21821,-0.0039062
21822,-0.0039062
21823,-0.0097656
21824,-0.013672
21825,-0.013672
21826,-0.019531
21827,-0.013672
21828,-0.025391
21829,-0.025391
21830,-0.0039062
21831,0.0058594
21832,0.019531
21833,0.025391
21834,0.03125
21835,0.035156
21836,0.035156
21837,0.025391
21838,-0.0097656
21839,-0.064453
21840,0.14062
21841,0.65039
21842,1.1738
21843,1.5
21844,1.4883
21845,1.2402
21846,0.96875
21847,0.72461
21848,0.51562
21849,0.26953
21850,0.054688
21851,-0.074219
21852,-0.14844
21853,-0.17383
21854,-0.19336
21855,-0.20508
21856,-0.21484
21857,-0.21484
21858,-0.21875
21859,-0.22461
21860,-0.22461
21861,-0.22852
21862,-0.22461
21863,-0.23438
21864,-0.25
21865,-0.25977
21866,-0.27344
21867,-0.29883
21868,-0.33008
21869,-0.375
21870,-0.41992
21871,-0.47461
21872,-0.49805
21873,-0.49805
21874,-0.49805
21875,-0.49805
21876,-0.49805
21877,-0.49805
21878,-0.45898
21879,-0.375
21880,-0.28906
21881,-0.21875
21882,-0.1543
21883,-0.10938
21884,-0.070312
21885,-0.044922
21886,-0.025391
21887,-0.0097656
21888,0.0
21889,0.0
21890,0.0
21891,0.0
21892,0.0
21893,0.0
21894,0.0
21895,0.0
21896,0.0
21897,0.0058594
21898,0.0
21899,0.0
21900,-0.0039062
21901,0.0
21902,0.0
21903,0.0
21904,0.0
21905,0.0058594
21906,0.0
21907,0.0
21908,0.0
21909,0.0
21910,0.0
21911,0.0
21912,0.0
21913,0.0
21914,0.0
21915,0.0
21916,-0.0039062
21917,-0.0097656
21918,-0.025391
21919,-0.013672
21920,-0.025391
21921,-0.025391
21922,-0.0039062
21923,0.0058594
21924,0.019531
21925,0.03125
21926,0.025391
21927,0.019531
21928,0.03125
21929,0.019531
21930,-0.019531
21931,-0.064453
21932,0.24023
21933,0.75391
21934,1.2734
21935,1.5
21936,1.4336
21937,1.1699
21938,0.90039
21939,0.67578
21940,0.4707
21941,0.2207
21942,0.019531
21943,-0.10352
21944,-0.1543
21945,-0.16992
21946,-0.21484
21947,-0.20508
21948,-0.21484
21949,-0.22461
21950,-0.20508
21951,-0.21484
21952,-0.23438
21953,-0.22461
21954,-0.21875
21955,-0.22461
21956,-0.24023
21957,-0.23438
21958,-0.26953
21959,-0.29492
21960,-0.31445
21961,-0.38477
21962,-0.41992
21963,-0.47461
21964,-0.49805
21965,-0.49805
21966,-0.49805
21967,-0.49805
21968,-0.49805
21969,-0.49805
21970,-0.42383
21971,-0.31836
21972,-0.24023
21973,-0.16406
21974,-0.10938
21975,-0.070312
21976,-0.019531
21977,0.0
21978,0.0058594
21979,0.025391
21980,0.041016
21981,0.03125
21982,0.041016
21983,0.035156
21984,0.041016
21985,0.044922
21986,0.03125
21987,0.03125
21988,0.025391
21989,0.03125
21990,0.041016
21991,0.025391
21992,0.019531
21993,0.025391
21994,0.03125
21995,0.019531
21996,0.019531
21997,0.025391
21998,0.019531
21999,0.019531
22000,0.019531
22001,0.019531
22002,0.019531
22003,0.019531
22004,0.015625
22005,0.0058594
22006,0.0
22007,0.0
22008,0.0
22009,0.0097656
22010,-0.0097656
22011,-0.0039062
22012,0.0
22013,0.015625
22014,0.025391
22015,0.03125
22016,0.03125
22017,0.03125
22018,0.025391
22019,0.019531
22020,-0.013672
22021,-0.080078
22022,0.15039
22023,0.69922
22024,1.2695
22025,1.5
22026,1.5
22027,1.2891
22028,1.0
22029,0.74023
22030,0.51562
22031,0.25977
22032,0.041016
22033,-0.09375
22034,-0.17969
22035,-0.22461
22036,-0.24023
22037,-0.25391
22038,-0.25391
22039,-0.25977
22040,-0.25977
22041,-0.25977
22042,-0.26367
22043,-0.26953
22044,-0.27344
22045,-0.28516
22046,-0.28906
22047,-0.30469
22048,-0.32422
22049,-0.34961
22050,-0.38477
22051,-0.41992
22052,-0.46875
22053,-0.49805
22054,-0.49805
22055,-0.49805
22056,-0.49805
22057,-0.49805
22058,-0.49805
22059,-0.49805
22060,-0.48438
22061,-0.38867
22062,-0.29883
22063,-0.22461
22064,-0.16406
22065,-0.11523
22066,-0.080078
22067,-0.048828
22068,-0.035156
22069,-0.025391
22070,-0.013672
22071,-0.0097656
22072,-0.0039062
22073,-0.0097656
22074,0.0
22075,-0.0039062
22076,0.0
22077,-0.0097656
22078,-0.0097656
22079,-0.0039062
22080,-0.0039062
22081,-0.0097656
22082,-0.0039062
22083,0.0
22084,0.0
22085,0.0
22086,0.0
22087,0.0
22088,-0.0039062
22089,0.0
22090,-0.0039062
22091,0.0
22092,-0.0039062
22093,0.0
22094,-0.0039062
22095,-0.0039062
22096,-0.0097656
22097,-0.0097656
22098,-0.013672
22099,-0.019531
22100,-0.025391
22101,-0.019531
22102,-0.025391
22103,-0.025391
22104,-0.029297
22105,-0.0039062
22106,0.0
22107,0.015625
22108,0.019531
22109,0.025391
22110,0.025391
22111,0.025391
22112,0.019531
22113,-0.0097656
22114,-0.070312
22115,0.14453
22116,0.6543
22117,1.1797
22118,1.5
22119,1.4785
22120,1.2285
22121,0.95508
22122,0.70898
22123,0.5
22124,0.25586
22125,0.041016
22126,-0.083984
22127,-0.16016
22128,-0.18359
22129,-0.20898
22130,-0.21484
22131,-0.21875
22132,-0.21875
22133,-0.22461
22134,-0.22852
22135,-0.23438
22136,-0.23438
22137,-0.23438
22138,-0.24414
22139,-0.25977
22140,-0.26953
22141,-0.28516
22142,-0.30469
22143,-0.33398
22144,-0.37891
22145,-0.43359
22146,-0.48438
22147,-0.49805
22148,-0.49805
22149,-0.49805
22150,-0.49805
22151,-0.49805
22152,-0.49805
22153,-0.46875
22154,-0.38477
22155,-0.29492
22156,-0.22461
22157,-0.16016
22158,-0.11523
22159,-0.074219
22160,-0.048828
22161,-0.025391
22162,-0.013672
22163,-0.0039062
22164,0.0
22165,0.0
22166,0.0
22167,0.0
22168,0.0
22169,0.0
22170,-0.0039062
22171,-0.0097656
22172,-0.0039062
22173,-0.0039062
22174,0.0
22175,-0.0039062
22176,0.0
22177,-0.0097656
22178,-0.0039062
22179,-0.0097656
22180,-0.0097656
22181,-0.0097656
22182,-0.0039062
22183,-0.0097656
22184,0.0
22185,-0.0039062
22186,-0.0097656
22187,-0.0039062
22188,-0.013672
22189,-0.0097656
22190,-0.019531
22191,-0.025391
22192,-0.019531
22193,-0.025391
22194,-0.025391
22195,-0.029297
22196,-0.013672
22197,0.0
22198,0.0058594
22199,0.019531
22200,0.019531
22201,0.025391
22202,0.019531
22203,0.025391
22204,-0.0039062
22205,-0.064453
22206,-0.070312
22207,0.48438
22208,1.0195
22209,1.4746
22210,1.5
22211,1.3047
22212,1.0293
22213,0.7793
22214,0.57031
22215,0.33594
22216,0.099609
22217,-0.048828
22218,-0.14453
22219,-0.17383
22220,-0.19922
22221,-0.20898
22222,-0.21484
22223,-0.21484
22224,-0.21875
22225,-0.22461
22226,-0.22461
22227,-0.22852
22228,-0.22461
22229,-0.23438
22230,-0.24414
22231,-0.25977
22232,-0.27344
22233,-0.29883
22234,-0.32422
22235,-0.36328
22236,-0.39844
22237,-0.47461
22238,-0.49805
22239,-0.49805
22240,-0.49805
22241,-0.49805
22242,-0.49805
22243,-0.49805
22244,-0.48438
22245,-0.39844
22246,-0.30859
22247,-0.22852
22248,-0.16016
22249,-0.10938
22250,-0.058594
22251,-0.035156
22252,-0.013672
22253,-0.0039062
22254,0.019531
22255,0.0097656
22256,0.035156
22257,0.019531
22258,0.044922
22259,0.025391
22260,0.035156
22261,0.044922
22262,0.035156
22263,0.03125
22264,0.035156
22265,0.025391
22266,0.035156
22267,0.019531
22268,0.044922
22269,0.03125
22270,0.025391
22271,0.054688
22272,0.025391
22273,0.019531
22274,0.019531
22275,0.03125
22276,0.03125
22277,0.041016
22278,0.03125
22279,0.015625
22280,0.019531
22281,0.015625
22282,0.019531
22283,0.0058594
22284,0.0
22285,0.015625
22286,0.0
22287,0.015625
22288,0.019531
22289,0.03125
22290,0.044922
22291,0.044922
22292,0.044922
22293,0.041016
22294,0.035156
22295,0.015625
22296,-0.048828
22297,-0.058594
22298,0.55469
22299,1.1602
22300,1.5
22301,1.5
22302,1.4395
22303,1.1348
22304,0.83984
22305,0.61523
22306,0.34961
22307,0.11133
22308,-0.054688
22309,-0.1543
22310,-0.20898
22311,-0.24023
22312,-0.25391
22313,-0.25391
22314,-0.25391
22315,-0.25977
22316,-0.25977
22317,-0.26367
22318,-0.26367
22319,-0.27344
22320,-0.28516
22321,-0.28906
22322,-0.30469
22323,-0.31836
22324,-0.34375
22325,-0.37891
22326,-0.41992
22327,-0.46875
22328,-0.49805
22329,-0.49805
22330,-0.49805
22331,-0.49805
22332,-0.49805
22333,-0.49805
22334,-0.49805
22335,-0.49805
22336,-0.43359
22337,-0.34375
22338,-0.25391
22339,-0.19922
22340,-0.13867
22341,-0.10352
22342,-0.070312
22343,-0.048828
22344,-0.039062
22345,-0.029297
22346,-0.025391
22347,-0.019531
22348,-0.013672
22349,-0.013672
22350,-0.0097656
22351,-0.013672
22352,-0.019531
22353,-0.019531
22354,-0.019531
22355,-0.013672
22356,-0.019531
22357,-0.013672
22358,-0.013672
22359,-0.0097656
22360,-0.013672
22361,-0.0097656
22362,-0.013672
22363,-0.013672
22364,-0.019531
22365,-0.013672
22366,-0.013672
22367,-0.0097656
22368,-0.0097656
22369,-0.0039062
22370,-0.0039062
22371,-0.0097656
22372,-0.0039062
22373,-0.0097656
22374,-0.013672
22375,-0.019531
22376,-0.019531
22377,-0.019531
22378,-0.025391
22379,-0.025391
22380,-0.029297
22381,-0.025391
22382,0.0
22383,0.0058594
22384,0.019531
22385,0.019531
22386,0.025391
22387,0.019531
22388,0.019531
22389,0.0058594
22390,-0.044922
22391,-0.074219
22392,0.38477
22393,0.92383
22394,1.4082
22395,1.5
22396,1.3789
22397,1.0996
22398,0.83008
22399,0.61914
22400,0.39062
22401,0.14062
22402,-0.029297
22403,-0.13477
22404,-0.16992
22405,-0.19922
22406,-0.21484
22407,-0.21484
22408,-0.22461
22409,-0.22461
22410,-0.22852
22411,-0.22461
22412,-0.23438
22413,-0.24023
22414,-0.24414
22415,-0.25391
22416,-0.26953
22417,-0.2793
22418,-0.29883
22419,-0.32422
22420,-0.36328
22421,-0.4082
22422,-0.45898
22423,-0.49805
22424,-0.49805
22425,-0.49805
22426,-0.49805
22427,-0.49805
22428,-0.49805
22429,-0.49805
22430,-0.43945
22431,-0.34375
22432,-0.26367
22433,-0.19336
22434,-0.13867
22435,-0.099609
22436,-0.070312
22437,-0.048828
22438,-0.035156
22439,-0.025391
22440,-0.019531
22441,-0.013672
22442,-0.013672
22443,-0.0097656
22444,-0.013672
22445,-0.0097656
22446,-0.013672
22447,-0.0097656
22448,-0.013672
22449,-0.0097656
22450,-0.019531
22451,-0.013672
22452,-0.013672
22453,-0.013672
22454,-0.0097656
22455,-0.0097656
22456,-0.013672
22457,-0.0097656
22458,-0.0039062
22459,-0.0097656
22460,-0.0097656
22461,-0.0097656
22462,-0.0097656
22463,-0.0097656
22464,-0.013672
22465,-0.0097656
22466,-0.013672
22467,-0.019531
22468,-0.025391
22469,-0.025391
22470,-0.029297
22471,-0.025391
22472,-0.039062
22473,-0.029297
22474,-0.0097656
22475,0.0
22476,0.015625
22477,0.019531
22478,0.019531
22479,0.019531
22480,0.019531
22481,0.0058594
22482,-0.039062
22483,-0.074219
22484,0.31055
22485,0.83398
22486,1.3496
22487,1.5
22488,1.3984
22489,1.125
22490,0.85547
22491,0.62891
22492,0.41602
22493,0.16992
22494,-0.019531
22495,-0.11914
22496,-0.16992
22497,-0.19922
22498,-0.21484
22499,-0.21875
22500,-0.22461
22501,-0.22461
22502,-0.22852
22503,-0.23438
22504,-0.23438
22505,-0.23438
22506,-0.25
22507,-0.24414
22508,-0.25977
22509,-0.2793
22510,-0.29883
22511,-0.33008
22512,-0.36328
22513,-0.4043
22514,-0.45898
22515,-0.49805
22516,-0.49805
22517,-0.49805
22518,-0.49805
22519,-0.49805
22520,-0.49805
22521,-0.49805
22522,-0.44336
22523,-0.35938
22524,-0.27344
22525,-0.20898
22526,-0.14844
22527,-0.10352
22528,-0.058594
22529,-0.035156
22530,-0.025391
22531,-0.019531
22532,-0.0097656
22533,0.0
22534,0.0097656
22535,-0.0097656
22536,-0.0039062
22537,-0.013672
22538,0.0
22539,0.0
22540,-0.0039062
22541,0.0058594
22542,0.015625
22543,0.0058594
22544,0.015625
22545,0.019531
22546,0.015625
22547,0.0
22548,0.019531
22549,0.019531
22550,0.03125
22551,0.015625
22552,0.025391
22553,0.019531
22554,0.03125
22555,0.035156
22556,0.025391
22557,0.025391
22558,0.044922
22559,0.015625
22560,0.019531
22561,0.03125
22562,0.019531
22563,0.015625
22564,0.025391
22565,0.015625
22566,0.03125
22567,0.060547
22568,0.076172
22569,0.044922
22570,0.070312
22571,0.044922
22572,0.060547
22573,0.03125
22574,-0.019531
22575,-0.048828
22576,0.44531
22577,1.0449
22578,1.5
22579,1.5
22580,1.5
22581,1.25
22582,0.94531
22583,0.68555
22584,0.42969
22585,0.16016
22586,-0.019531
22587,-0.13477
22588,-0.17969
22589,-0.22461
22590,-0.23438
22591,-0.24023
22592,-0.24414
22593,-0.25
22594,-0.24414
22595,-0.25
22596,-0.25391
22597,-0.25977
22598,-0.26953
22599,-0.2793
22600,-0.28906
22601,-0.30469
22602,-0.33398
22603,-0.36328
22604,-0.4043
22605,-0.45312
22606,-0.49805
22607,-0.49805
22608,-0.49805
22609,-0.49805
22610,-0.49805
22611,-0.49805
22612,-0.49805
22613,-0.49805
22614,-0.47461
22615,-0.375
22616,-0.29492
22617,-0.21875
22618,-0.16016
22619,-0.11914
22620,-0.083984
22621,-0.064453
22622,-0.044922
22623,-0.035156
22624,-0.029297
22625,-0.025391
22626,-0.025391
22627,-0.025391
22628,-0.025391
22629,-0.029297
22630,-0.025391
22631,-0.029297
22632,-0.029297
22633,-0.035156
22634,-0.029297
22635,-0.035156
22636,-0.025391
22637,-0.029297
22638,-0.025391
22639,-0.029297
22640,-0.025391
22641,-0.025391
22642,-0.025391
22643,-0.025391
22644,-0.025391
22645,-0.025391
22646,-0.025391
22647,-0.025391
22648,-0.025391
22649,-0.019531
22650,-0.025391
22651,-0.029297
22652,-0.029297
22653,-0.025391
22654,-0.035156
22655,-0.035156
22656,-0.039062
22657,-0.044922
22658,-0.035156
22659,-0.044922
22660,-0.029297
22661,-0.019531
22662,-0.013672
22663,0.0
22664,0.0097656
22665,0.019531
22666,0.015625
22667,0.019531
22668,0.0058594
22669,-0.044922
22670,-0.074219
22671,0.3457
22672,0.88477
22673,1.3887
22674,1.5
22675,1.4043
22676,1.1289
22677,0.85938
22678,0.64062
22679,0.41016
22680,0.16016
22681,-0.019531
22682,-0.125
22683,-0.16992
22684,-0.19922
22685,-0.21484
22686,-0.21484
22687,-0.21875
22688,-0.21875
22689,-0.22461
22690,-0.22852
22691,-0.23438
22692,-0.23438
22693,-0.24023
22694,-0.25
22695,-0.25977
22696,-0.27344
22697,-0.28906
22698,-0.31836
22699,-0.34961
22700,-0.38867
22701,-0.43945
22702,-0.49414
22703,-0.49805
22704,-0.49805
22705,-0.49805
22706,-0.49805
22707,-0.49805
22708,-0.49805
22709,-0.43945
22710,-0.34961
22711,-0.26953
22712,-0.19922
22713,-0.13867
22714,-0.099609
22715,-0.054688
22716,-0.039062
22717,-0.019531
22718,-0.0097656
22719,0.0
22720,0.0
22721,0.0
22722,0.0
22723,0.0
22724,0.0
22725,0.0
22726,0.0
22727,0.0
22728,0.0
22729,0.0
22730,0.0
22731,0.0
22732,-0.0039062
22733,0.0
22734,0.0
22735,-0.0097656
22736,0.0
22737,0.0
22738,-0.0039062
22739,-0.0039062
22740,-0.0097656
22741,0.0
22742,0.0
22743,-0.0039062
22744,-0.0097656
22745,-0.013672
22746,-0.025391
22747,-0.025391
22748,-0.025391
22749,-0.025391
22750,-0.019531
22751,-0.025391
22752,-0.013672
22753,0.0
22754,0.015625
22755,0.025391
22756,0.03125
22757,0.03125
22758,0.03125
22759,0.035156
22760,0.015625
22761,-0.035156
22762,-0.064453
22763,0.34961
22764,0.88477
22765,1.3848
22766,1.5
22767,1.3984
22768,1.1152
22769,0.85547
22770,0.62891
22771,0.41016
22772,0.15625
22773,-0.019531
22774,-0.125
22775,-0.16992
22776,-0.19336
22777,-0.20898
22778,-0.21484
22779,-0.21484
22780,-0.21875
22781,-0.22852
22782,-0.22461
22783,-0.22852
22784,-0.23438
22785,-0.24023
22786,-0.24414
22787,-0.25977
22788,-0.26953
22789,-0.29492
22790,-0.31836
22791,-0.36328
22792,-0.4043
22793,-0.44922
22794,-0.49805
22795,-0.49805
22796,-0.49805
22797,-0.49805
22798,-0.49805
22799,-0.49805
22800,-0.49805
22801,-0.43359
22802,-0.34375
22803,-0.25977
22804,-0.19336
22805,-0.13867
22806,-0.09375
22807,-0.064453
22808,-0.039062
22809,-0.025391
22810,-0.0097656
22811,0.0
22812,0.0
22813,0.0058594
22814,0.0
22815,0.0
22816,-0.0039062
22817,0.0
22818,-0.0039062
22819,0.0
22820,-0.0039062
22821,0.0
22822,0.0
22823,0.0
22824,-0.0039062
22825,-0.0039062
22826,-0.0039062
22827,-0.0039062
22828,0.0
22829,-0.0039062
22830,-0.0039062
22831,0.0
22832,-0.0039062
22833,-0.0097656
22834,-0.0097656
22835,-0.0097656
22836,-0.013672
22837,-0.019531
22838,-0.025391
22839,-0.013672
22840,-0.025391
22841,-0.025391
22842,-0.025391
22843,-0.029297
22844,-0.013672
22845,-0.0039062
22846,0.0097656
22847,0.019531
22848,0.03125
22849,0.025391
22850,0.025391
22851,0.019531
22852,0.0
22853,-0.058594
22854,0.041016
22855,0.50977
22856,1.0391
22857,1.4844
22858,1.5
22859,1.3145
22860,1.0352
22861,0.79492
22862,0.56445
22863,0.33594
22864,0.095703
22865,-0.039062
22866,-0.13477
22867,-0.16992
22868,-0.18945
22869,-0.18359
22870,-0.21484
22871,-0.20898
22872,-0.19336
22873,-0.21875
22874,-0.19336
22875,-0.21484
22876,-0.20898
22877,-0.23438
22878,-0.24023
22879,-0.22852
22880,-0.24414
22881,-0.27344
22882,-0.31445
22883,-0.36328
22884,-0.39453
22885,-0.45312
22886,-0.49805
22887,-0.49805
22888,-0.49805
22889,-0.49805
22890,-0.49805
22891,-0.49805
22892,-0.46484
22893,-0.38867
22894,-0.28906
22895,-0.20508
22896,-0.12891
22897,-0.070312
22898,-0.044922
22899,-0.0097656
22900,0.0
22901,0.019531
22902,0.015625
22903,0.03125
22904,0.035156
22905,0.035156
22906,0.035156
22907,0.03125
22908,0.03125
22909,0.035156
22910,0.035156
22911,0.03125
22912,0.025391
22913,0.03125
22914,0.019531
22915,0.019531
22916,0.025391
22917,0.015625
22918,0.015625
22919,0.015625
22920,0.0097656
22921,0.015625
22922,0.019531
22923,0.0058594
22924,0.0058594
22925,0.0
22926,0.0058594
22927,-0.0039062
22928,-0.0097656
22929,-0.0039062
22930,-0.0097656
22931,-0.013672
22932,-0.0097656
22933,-0.025391
22934,-0.0039062
22935,0.0
22936,0.0097656
22937,0.019531
22938,0.019531
22939,0.019531
22940,0.025391
22941,0.019531
22942,-0.0097656
22943,-0.074219
22944,0.054688
22945,0.57031
22946,1.1445
22947,1.5
22948,1.5
22949,1.3496
22950,1.0586
22951,0.78516
22952,0.56055
22953,0.31445
22954,0.085938
22955,-0.064453
22956,-0.1543
22957,-0.20898
22958,-0.23438
22959,-0.24414
22960,-0.25
22961,-0.25
22962,-0.25977
22963,-0.25391
22964,-0.25977
22965,-0.25977
22966,-0.26367
22967,-0.27344
22968,-0.28516
22969,-0.29492
22970,-0.31445
22971,-0.33398
22972,-0.36328
22973,-0.4043
22974,-0.45312
22975,-0.49805
22976,-0.49805
22977,-0.49805
22978,-0.49805
22979,-0.49805
22980,-0.49805
22981,-0.49805
22982,-0.49805
22983,-0.4082
22984,-0.31836
22985,-0.24414
22986,-0.17383
22987,-0.125
22988,-0.083984
22989,-0.058594
22990,-0.029297
22991,-0.019531
22992,-0.0097656
22993,-0.0039062
22994,-0.0039062
22995,-0.0039062
22996,0.0
22997,-0.0039062
22998,-0.0097656
22999,0.0
23000,-0.0039062
23001,-0.0039062
23002,-0.0097656
23003,-0.0039062
23004,-0.0097656
23005,0.0
23006,-0.0097656
23007,-0.0039062
23008,-0.0039062
23009,-0.0039062
23010,-0.0097656
23011,0.0
23012,0.0
23013,-0.0039062
23014,-0.0097656
23015,-0.0039062
23016,-0.0097656
23017,-0.0039062
23018,-0.0097656
23019,-0.0039062
23020,-0.013672
23021,-0.019531
23022,-0.019531
23023,-0.019531
23024,-0.025391
23025,-0.019531
23026,-0.025391
23027,-0.0097656
23028,0.0
23029,0.0097656
23030,0.019531
23031,0.019531
23032,0.025391
23033,0.019531
23034,0.019531
23035,-0.0097656
23036,-0.064453
23037,0.064453
23038,0.55469
23039,1.084
23040,1.5
23041,1.5
23042,1.2852
23043,1.0098
23044,0.75
23045,0.54492
23046,0.30469
23047,0.070312
23048,-0.070312
23049,-0.1543
23050,-0.17969
23051,-0.20508
23052,-0.21484
23053,-0.21875
23054,-0.21875
23055,-0.22461
23056,-0.22461
23057,-0.22852
23058,-0.22852
23059,-0.23438
23060,-0.24023
23061,-0.25391
23062,-0.26367
23063,-0.2793
23064,-0.30469
23065,-0.33398
23066,-0.375
23067,-0.41992
23068,-0.47852
23069,-0.49805
23070,-0.49805
23071,-0.49805
23072,-0.49805
23073,-0.49805
23074,-0.49805
23075,-0.48438
23076,-0.39453
23077,-0.31445
23078,-0.24023
23079,-0.17383
23080,-0.125
23081,-0.083984
23082,-0.058594
23083,-0.035156
23084,-0.025391
23085,-0.013672
23086,-0.0039062
23087,-0.0097656
23088,-0.0039062
23089,0.0
23090,0.0
23091,-0.0039062
23092,0.0
23093,-0.0039062
23094,0.0
23095,-0.0039062
23096,-0.0039062
23097,-0.0039062
23098,-0.0039062
23099,0.0
23100,-0.0039062
23101,0.0
23102,-0.0039062
23103,-0.0097656
23104,-0.013672
23105,-0.0097656
23106,-0.013672
23107,-0.0097656
23108,-0.013672
23109,-0.013672
23110,-0.019531
23111,-0.019531
23112,-0.019531
23113,-0.025391
23114,-0.025391
23115,-0.025391
23116,-0.035156
23117,-0.025391
23118,-0.035156
23119,-0.025391
23120,-0.0097656
23121,0.0058594
23122,0.015625
23123,0.019531
23124,0.019531
23125,0.019531
23126,0.019531
23127,0.0058594
23128,-0.039062
23129,-0.070312
23130,0.33008
23131,0.85938
23132,1.3691
23133,1.5
23134,1.3848
23135,1.1094
23136,0.84961
23137,0.62891
23138,0.41602
23139,0.16016
23140,-0.013672
23141,-0.12891
23142,-0.16992
23143,-0.19922
23144,-0.21484
23145,-0.21484
23146,-0.21484
23147,-0.22852
23148,-0.23438
23149,-0.23438
23150,-0.23438
23151,-0.24414
23152,-0.25
23153,-0.25977
23154,-0.26953
23155,-0.2793
23156,-0.29883
23157,-0.32422
23158,-0.35938
23159,-0.39453
23160,-0.47461
23161,-0.49805
23162,-0.49805
23163,-0.49805
23164,-0.49805
23165,-0.49805
23166,-0.49805
23167,-0.49805
23168,-0.41992
23169,-0.33984
23170,-0.26367
23171,-0.17383
23172,-0.11914
23173,-0.083984
23174,-0.044922
23175,-0.025391
23176,-0.0039062
23177,0.0058594
23178,0.019531
23179,0.0058594
23180,0.015625
23181,0.019531
23182,0.025391
23183,0.019531
23184,0.019531
23185,0.015625
23186,0.019531
23187,0.025391
23188,0.035156
23189,0.015625
23190,0.03125
23191,0.015625
23192,0.025391
23193,0.019531
23194,0.025391
23195,0.0097656
23196,0.015625
23197,0.0097656
23198,0.03125
23199,0.019531
23200,0.019531
23201,0.025391
23202,0.0097656
23203,0.025391
23204,0.015625
23205,0.0058594
23206,0.0097656
23207,0.0
23208,0.0
23209,0.0
23210,0.0
23211,0.015625
23212,0.019531
23213,0.025391
23214,0.041016
23215,0.041016
23216,0.03125
23217,0.035156
23218,0.015625
23219,-0.029297
23220,-0.070312
23221,0.31055
23222,0.9043
23223,1.4746
23224,1.5
23225,1.5
23226,1.25
23227,0.94922
23228,0.69531
23229,0.44922
23230,0.18945
23231,-0.0039062
23232,-0.13477
23233,-0.19336
23234,-0.23438
23235,-0.25977
23236,-0.25977
23237,-0.25977
23238,-0.25977
23239,-0.26953
23240,-0.26953
23241,-0.27344
23242,-0.28516
23243,-0.28906
23244,-0.29492
23245,-0.30469
23246,-0.32422
23247,-0.34961
23248,-0.36914
23249,-0.41406
23250,-0.45312
23251,-0.49805
23252,-0.49805
23253,-0.49805
23254,-0.49805
23255,-0.49805
23256,-0.49805
23257,-0.49805
23258,-0.49805
23259,-0.48438
23260,-0.38867
23261,-0.29883
23262,-0.22461
23263,-0.16406
23264,-0.125
23265,-0.089844
23266,-0.058594
23267,-0.044922
23268,-0.029297
23269,-0.025391
23270,-0.019531
23271,-0.013672
23272,-0.019531
23273,-0.019531
23274,-0.019531
23275,-0.019531
23276,-0.019531
23277,-0.019531
23278,-0.025391
23279,-0.025391
23280,-0.025391
23281,-0.025391
23282,-0.025391
23283,-0.025391
23284,-0.019531
23285,-0.019531
23286,-0.019531
23287,-0.013672
23288,-0.019531
23289,-0.019531
23290,-0.019531
23291,-0.019531
23292,-0.025391
23293,-0.019531
23294,-0.013672
23295,-0.019531
23296,-0.025391
23297,-0.025391
23298,-0.025391
23299,-0.029297
23300,-0.029297
23301,-0.029297
23302,-0.025391
23303,-0.025391
23304,-0.029297
23305,-0.013672
23306,-0.0039062
23307,0.0058594
23308,0.019531
23309,0.019531
23310,0.019531
23311,0.019531
23312,0.019531
23313,-0.0097656
23314,-0.070312
23315,0.025391
23316,0.5
23317,1.0352
23318,1.4785
23319,1.5
23320,1.2988
23321,1.0254
23322,0.76562
23323,0.56055
23324,0.32422
23325,0.089844
23326,-0.064453
23327,-0.14844
23328,-0.17969
23329,-0.20898
23330,-0.21484
23331,-0.21875
23332,-0.22461
23333,-0.22852
23334,-0.22852
23335,-0.23438
23336,-0.22852
23337,-0.23438
23338,-0.25
23339,-0.25391
23340,-0.25977
23341,-0.28516
23342,-0.29883
23343,-0.33008
23344,-0.36328
23345,-0.4082
23346,-0.45898
23347,-0.49805
23348,-0.49805
23349,-0.49805
23350,-0.49805
23351,-0.49805
23352,-0.49805
23353,-0.49414
23354,-0.4082
23355,-0.31836
23356,-0.24414
23357,-0.17969
23358,-0.12891
23359,-0.089844
23360,-0.058594
23361,-0.039062
23362,-0.025391
23363,-0.013672
23364,-0.0097656
23365,0.0
23366,-0.0039062
23367,0.0
23368,0.0
23369,0.0058594
23370,0.0
23371,0.0
23372,-0.0039062
23373,0.0
23374,-0.0039062
23375,0.0
23376,0.0
23377,0.0
23378,0.0
23379,0.0
23380,0.0
23381,0.0
23382,0.0
23383,0.0
23384,0.0
23385,0.0
23386,0.0
23387,-0.0039062
23388,0.0
23389,-0.0097656
23390,-0.0039062
23391,-0.025391
23392,-0.025391
23393,-0.025391
23394,-0.025391
23395,-0.019531
23396,-0.025391
23397,-0.013672
23398,0.0
23399,0.0097656
23400,0.019531
23401,0.025391
23402,0.03125
23403,0.03125
23404,0.025391
23405,0.0
23406,-0.064453
23407,0.041016
23408,0.51953
23409,1.0645
23410,1.5
23411,1.5
23412,1.3047
23413,1.0293
23414,0.76953
23415,0.56055
23416,0.32422
23417,0.095703
23418,-0.058594
23419,-0.14453
23420,-0.17969
23421,-0.19336
23422,-0.20898
23423,-0.21484
23424,-0.21484
23425,-0.21484
23426,-0.21484
23427,-0.20508
23428,-0.22852
23429,-0.22461
23430,-0.24414
23431,-0.24414
23432,-0.25977
23433,-0.27344
23434,-0.28906
23435,-0.33008
23436,-0.35352
23437,-0.4082
23438,-0.45312
23439,-0.49805
23440,-0.49805
23441,-0.49805
23442,-0.49805
23443,-0.49805
23444,-0.49805
23445,-0.45898
23446,-0.36914
23447,-0.29492
23448,-0.18945
23449,-0.13477
23450,-0.083984
23451,-0.035156
23452,-0.0039062
23453,0.0097656
23454,0.019531
23455,0.035156
23456,0.03125
23457,0.025391
23458,0.044922
23459,0.035156
23460,0.060547
23461,0.064453
23462,0.035156
23463,0.044922
23464,0.041016
23465,0.035156
23466,0.050781
23467,0.035156
23468,0.041016
23469,0.050781
23470,0.041016
23471,0.035156
23472,0.03125
23473,0.035156
23474,0.03125
23475,0.044922
23476,0.03125
23477,0.025391
23478,0.035156
23479,0.03125
23480,0.019531
23481,0.019531
23482,0.015625
23483,0.019531
23484,0.015625
23485,0.0097656
23486,0.0
23487,0.0097656
23488,0.019531
23489,0.03125
23490,0.044922
23491,0.044922
23492,0.044922
23493,0.035156
23494,0.041016
23495,0.015625
23496,-0.035156
23497,-0.070312
23498,0.40039
23499,0.96875
23500,1.4941
23501,1.5
23502,1.4785
23503,1.1836
23504,0.90039
23505,0.66016
23506,0.41992
23507,0.16602
23508,-0.019531
23509,-0.12891
23510,-0.18945
23511,-0.22461
23512,-0.24023
23513,-0.25
23514,-0.25
23515,-0.25391
23516,-0.25977
23517,-0.25977
23518,-0.26367
23519,-0.26953
23520,-0.2793
23521,-0.2793
23522,-0.29492
23523,-0.30859
23524,-0.33398
23525,-0.35938
23526,-0.39453
23527,-0.43945
23528,-0.49805
23529,-0.49805
23530,-0.49805
23531,-0.49805
23532,-0.49805
23533,-0.49805
23534,-0.49805
23535,-0.49805
23536,-0.44922
23537,-0.35938
23538,-0.27344
23539,-0.20508
23540,-0.14453
23541,-0.10352
23542,-0.070312
23543,-0.048828
23544,-0.025391
23545,-0.019531
23546,-0.013672
23547,-0.013672
23548,-0.0039062
23549,-0.0097656
23550,-0.0039062
23551,-0.0097656
23552,-0.0039062
23553,-0.0039062
23554,0.0
23555,-0.0097656
23556,-0.0097656
23557,-0.0039062
23558,-0.0097656
23559,0.0
23560,0.0
23561,0.0
23562,0.0
23563,0.0
23564,-0.0039062
23565,-0.0039062
23566,-0.0097656
23567,0.0
23568,-0.0039062
23569,0.0
23570,-0.0039062
23571,0.0
23572,-0.0097656
23573,-0.0039062
23574,-0.013672
23575,-0.019531
23576,-0.013672
23577,-0.025391
23578,-0.013672
23579,-0.025391
23580,-0.025391
23581,-0.0039062
23582,0.0058594
23583,0.019531
23584,0.025391
23585,0.025391
23586,0.035156
23587,0.025391
23588,0.019531
23589,-0.0097656
23590,-0.064453
23591,0.15039
23592,0.67578
23593,1.1992
23594,1.5
23595,1.4844
23596,1.2285
23597,0.95508
23598,0.70508
23599,0.5
23600,0.25586
23601,0.044922
23602,-0.089844
23603,-0.1543
23604,-0.18945
23605,-0.20508
23606,-0.21484
23607,-0.21875
23608,-0.21875
23609,-0.21875
23610,-0.22461
23611,-0.22852
23612,-0.23438
23613,-0.23438
23614,-0.24414
23615,-0.25
23616,-0.26367
23617,-0.2793
23618,-0.30859
23619,-0.33398
23620,-0.375
23621,-0.42383
23622,-0.47852
23623,-0.49805
23624,-0.49805
23625,-0.49805
23626,-0.49805
23627,-0.49805
23628,-0.49805
23629,-0.46484
23630,-0.37891
23631,-0.29492
23632,-0.21875
23633,-0.16406
23634,-0.11523
23635,-0.080078
23636,-0.048828
23637,-0.035156
23638,-0.019531
23639,-0.013672
23640,-0.0039062
23641,-0.0039062
23642,0.0
23643,-0.0039062
23644,0.0
23645,0.0
23646,0.0
23647,-0.0039062
23648,-0.0039062
23649,-0.0039062
23650,-0.0039062
23651,-0.0039062
23652,-0.0039062
23653,0.0
23654,-0.0097656
23655,-0.0097656
23656,-0.0039062
23657,-0.0039062
23658,-0.0039062
23659,-0.0097656
23660,-0.0097656
23661,-0.0039062
23662,0.0
23663,-0.0097656
23664,-0.0097656
23665,-0.013672
23666,-0.019531
23667,-0.019531
23668,-0.019531
23669,-0.025391
23670,-0.019531
23671,-0.025391
23672,-0.025391
23673,0.0
23674,0.0097656
23675,0.025391
23676,0.025391
23677,0.025391
23678,0.019531
23679,0.025391
23680,0.019531
23681,-0.025391
23682,-0.064453
23683,0.25586
23684,0.7793
23685,1.2949
23686,1.5
23687,1.4336
23688,1.1641
23689,0.90039
23690,0.66992
23691,0.44922
23692,0.20508
23693,0.0097656
23694,-0.10938
23695,-0.16406
23696,-0.19336
23697,-0.21484
23698,-0.21484
23699,-0.21875
23700,-0.21484
23701,-0.21875
23702,-0.22461
23703,-0.23438
23704,-0.23438
23705,-0.24023
23706,-0.25
23707,-0.25977
23708,-0.2793
23709,-0.29883
23710,-0.32422
23711,-0.35352
23712,-0.39453
23713,-0.44922
23714,-0.49805
23715,-0.49805
23716,-0.49805
23717,-0.49805
23718,-0.49805
23719,-0.49805
23720,-0.49805
23721,-0.43945
23722,-0.35352
23723,-0.27344
23724,-0.20898
23725,-0.14844
23726,-0.10352
23727,-0.070312
23728,-0.039062
23729,-0.013672
23730,-0.0039062
23731,0.0
23732,-0.013672
23733,0.015625
23734,0.0
23735,0.0058594
23736,0.0
23737,0.0058594
23738,-0.0039062
23739,0.015625
23740,0.0
23741,0.0058594
23742,0.0
23743,0.0058594
23744,0.019531
23745,0.0097656
23746,0.015625
23747,0.019531
23748,0.0097656
23749,0.019531
23750,0.025391
23751,0.019531
23752,0.03125
23753,0.041016
23754,0.019531
23755,0.025391
23756,0.035156
23757,0.019531
23758,0.03125
23759,0.019531
23760,0.035156
23761,0.019531
23762,0.035156
23763,0.019531
23764,0.03125
23765,0.044922
23766,0.050781
23767,0.044922
23768,0.064453
23769,0.070312
23770,0.064453
23771,0.070312
23772,0.041016
23773,-0.019531
23774,-0.025391
23775,0.53516
23776,1.1484
23777,1.5
23778,1.5
23779,1.498
23780,1.1934
23781,0.88867
23782,0.64453
23783,0.38477
23784,0.13086
23785,-0.035156
23786,-0.12891
23787,-0.17969
23788,-0.20898
23789,-0.22461
23790,-0.23438
23791,-0.23438
23792,-0.23438
23793,-0.24023
23794,-0.24414
23795,-0.25391
23796,-0.25977
23797,-0.26953
23798,-0.27344
23799,-0.28906
23800,-0.30469
23801,-0.33008
23802,-0.35938
23803,-0.4043
23804,-0.45898
23805,-0.49805
23806,-0.49805
23807,-0.49805
23808,-0.49805
23809,-0.49805
23810,-0.49805
23811,-0.49805
23812,-0.49805
23813,-0.44336
23814,-0.34375
23815,-0.26367
23816,-0.19336
23817,-0.13867
23818,-0.099609
23819,-0.064453
23820,-0.048828
23821,-0.035156
23822,-0.025391
23823,-0.025391
23824,-0.025391
23825,-0.025391
23826,-0.019531
23827,-0.025391
23828,-0.025391
23829,-0.025391
23830,-0.025391
23831,-0.025391
23832,-0.025391
23833,-0.025391
23834,-0.019531
23835,-0.025391
23836,-0.019531
23837,-0.025391
23838,-0.019531
23839,-0.019531
23840,-0.013672
23841,-0.019531
23842,-0.019531
23843,-0.019531
23844,-0.013672
23845,-0.025391
23846,-0.019531
23847,-0.019531
23848,-0.013672
23849,-0.019531
23850,-0.019531
23851,-0.025391
23852,-0.025391
23853,-0.025391
23854,-0.025391
23855,-0.025391
23856,-0.029297
23857,-0.039062
23858,-0.029297
23859,-0.0097656
23860,0.0
23861,0.0097656
23862,0.015625
23863,0.019531
23864,0.019531
23865,0.025391
23866,0.015625
23867,-0.035156
23868,-0.070312
23869,0.31445
23870,0.84375
23871,1.3535
23872,1.5
23873,1.4199
23874,1.1445
23875,0.87891
23876,0.65039
23877,0.42969
23878,0.17578
23879,-0.0039062
23880,-0.11523
23881,-0.16406
23882,-0.19336
23883,-0.20898
23884,-0.21484
23885,-0.21875
23886,-0.21875
23887,-0.22461
23888,-0.22461
23889,-0.23438
23890,-0.23438
23891,-0.24023
23892,-0.24414
23893,-0.25391
23894,-0.26953
23895,-0.28906
23896,-0.30859
23897,-0.34961
23898,-0.39453
23899,-0.43945
23900,-0.48828
23901,-0.49805
23902,-0.49805
23903,-0.49805
23904,-0.49805
23905,-0.49805
23906,-0.49805
23907,-0.43945
23908,-0.35352
23909,-0.27344
23910,-0.20898
23911,-0.14844
23912,-0.099609
23913,-0.064453
23914,-0.044922
23915,-0.025391
23916,-0.013672
23917,-0.0039062
23918,-0.0039062
23919,0.0
23920,0.0
23921,-0.0039062
23922,0.0
23923,0.0
23924,0.0
23925,0.0
23926,-0.0039062
23927,0.0
23928,-0.0039062
23929,-0.0039062
23930,-0.0097656
23931,-0.0097656
23932,-0.0097656
23933,-0.0097656
23934,-0.0039062
23935,-0.0097656
23936,-0.0039062
23937,-0.0097656
23938,-0.0039062
23939,-0.0097656
23940,-0.0039062
23941,-0.0097656
23942,-0.0039062
23943,-0.0097656
23944,-0.019531
23945,-0.025391
23946,-0.013672
23947,-0.025391
23948,-0.019531
23949,-0.025391
23950,-0.013672
23951,0.0
23952,0.0097656
23953,0.019531
23954,0.025391
23955,0.03125
23956,0.03125
23957,0.025391
23958,0.015625
23959,-0.029297
23960,-0.058594
23961,0.28516
23962,0.81445
23963,1.3301
23964,1.5
23965,1.4238
23966,1.1484
23967,0.88477
23968,0.65039
23969,0.43945
23970,0.18555
23971,0.0
23972,-0.10938
23973,-0.16016
23974,-0.18945
23975,-0.20898
23976,-0.21484
23977,-0.21484
23978,-0.21875
23979,-0.21875
23980,-0.22461
23981,-0.23438
23982,-0.23438
23983,-0.24023
23984,-0.23438
23985,-0.25
23986,-0.26953
23987,-0.29492
23988,-0.31445
23989,-0.34961
23990,-0.39453
23991,-0.44336
23992,-0.49805
23993,-0.49805
23994,-0.49805
23995,-0.49805
23996,-0.49805
23997,-0.49805
23998,-0.49805
23999,-0.43945
24000,-0.34961
24001,-0.26953
24002,-0.19922
24003,-0.14453
24004,-0.099609
24005,-0.064453
24006,-0.039062
24007,-0.025391
24008,-0.019531
24009,0.0
24010,-0.0039062
24011,0.0
24012,0.0
24013,0.0
24014,0.0
24015,0.0058594
24016,0.0
24017,-0.0039062
24018,-0.0039062
24019,0.0
24020,-0.0039062
24021,0.0
24022,0.0058594
24023,0.0058594
24024,0.0058594
24025,0.0
24026,-0.0039062
24027,0.015625
24028,-0.0097656
24029,0.0058594
24030,0.0
24031,0.0058594
24032,0.0058594
24033,0.015625
24034,0.0
24035,0.015625
24036,0.0058594
24037,0.0
24038,0.0058594
24039,-0.0039062
24040,0.015625
24041,0.0
24042,0.0058594
24043,0.0097656
24044,0.041016
24045,0.064453
24046,0.070312
24047,0.054688
24048,0.064453
24049,0.070312
24050,0.060547
24051,0.025391
24052,-0.025391
24053,0.20117
24054,0.76562
24055,1.3594
24056,1.5
24057,1.5
24058,1.3945
24059,1.0898
24060,0.80469
24061,0.56445
24062,0.30078
24063,0.085938
24064,-0.070312
24065,-0.13867
24066,-0.17969
24067,-0.21484
24068,-0.22461
24069,-0.21484
24070,-0.22852
24071,-0.21875
24072,-0.23438
24073,-0.23438
24074,-0.23438
24075,-0.24414
24076,-0.25391
24077,-0.25
24078,-0.2793
24079,-0.28906
24080,-0.31836
24081,-0.35352
24082,-0.39844
24083,-0.45312
24084,-0.49805
24085,-0.49805
24086,-0.49805
24087,-0.49805
24088,-0.49805
24089,-0.49805
24090,-0.49805
24091,-0.48438
24092,-0.38867
24093,-0.29492
24094,-0.21875
24095,-0.16016
24096,-0.10938
24097,-0.074219
24098,-0.048828
24099,-0.025391
24100,-0.0097656
24101,-0.0039062
24102,-0.0039062
24103,-0.0097656
24104,-0.0097656
24105,-0.0097656
24106,-0.013672
24107,-0.019531
24108,-0.013672
24109,-0.019531
24110,-0.025391
24111,-0.019531
24112,-0.025391
24113,-0.025391
24114,-0.019531
24115,-0.025391
24116,-0.025391
24117,-0.019531
24118,-0.019531
24119,-0.013672
24120,-0.019531
24121,-0.013672
24122,-0.013672
24123,-0.013672
24124,-0.019531
24125,-0.013672
24126,-0.013672
24127,-0.019531
24128,-0.013672
24129,-0.025391
24130,-0.025391
24131,-0.019531
24132,-0.025391
24133,-0.029297
24134,-0.025391
24135,-0.035156
24136,-0.025391
24137,-0.0039062
24138,0.0058594
24139,0.015625
24140,0.019531
24141,0.019531
24142,0.019531
24143,0.015625
24144,-0.013672
24145,-0.074219
24146,0.10547
24147,0.61523
24148,1.1543
24149,1.5
24150,1.5
24151,1.2695
24152,0.99414
24153,0.73047
24154,0.52539
24155,0.2793
24156,0.054688
24157,-0.080078
24158,-0.16016
24159,-0.19336
24160,-0.21484
24161,-0.21875
24162,-0.22852
24163,-0.22852
24164,-0.23438
24165,-0.23438
24166,-0.23438
24167,-0.23438
24168,-0.24414
24169,-0.25
24170,-0.25977
24171,-0.26953
24172,-0.28906
24173,-0.30859
24174,-0.34375
24175,-0.38477
24176,-0.42969
24177,-0.47852
24178,-0.49805
24179,-0.49805
24180,-0.49805
24181,-0.49805
24182,-0.49805
24183,-0.49805
24184,-0.47852
24185,-0.39453
24186,-0.30859
24187,-0.22852
24188,-0.16406
24189,-0.11523
24190,-0.080078
24191,-0.048828
24192,-0.029297
24193,-0.019531
24194,-0.0039062
24195,-0.0097656
24196,0.0
24197,-0.0039062
24198,-0.0039062
24199,-0.0039062
24200,0.0
24201,0.0
24202,0.0
24203,0.0
24204,0.0
24205,-0.0039062
24206,-0.0039062
24207,-0.0039062
24208,-0.0039062
24209,0.0
24210,0.0
24211,0.0
24212,-0.0039062
24213,0.0
24214,-0.0039062
24215,-0.0039062
24216,-0.0097656
24217,-0.0039062
24218,-0.0097656
24219,-0.0039062
24220,-0.0097656
24221,-0.013672
24222,-0.025391
24223,-0.019531
24224,-0.025391
24225,-0.025391
24226,-0.025391
24227,-0.029297
24228,-0.013672
24229,0.0
24230,0.0097656
24231,0.025391
24232,0.019531
24233,0.019531
24234,0.025391
24235,0.025391
24236,-0.0039062
24237,-0.070312
24238,0.044922
24239,0.51953
24240,1.0586
24241,1.4941
24242,1.5
24243,1.2988
24244,1.0254
24245,0.76562
24246,0.56055
24247,0.31445
24248,0.089844
24249,-0.058594
24250,-0.14453
24251,-0.17383
24252,-0.19922
24253,-0.21484
24254,-0.21484
24255,-0.21875
24256,-0.22461
24257,-0.22461
24258,-0.22461
24259,-0.22852
24260,-0.23438
24261,-0.24414
24262,-0.25
24263,-0.25977
24264,-0.27344
24265,-0.29883
24266,-0.33398
24267,-0.36328
24268,-0.41992
24269,-0.47461
24270,-0.49805
24271,-0.49805
24272,-0.49805
24273,-0.49805
24274,-0.49805
24275,-0.49805
24276,-0.48438
24277,-0.39453
24278,-0.31445
24279,-0.24023
24280,-0.17969
24281,-0.125
24282,-0.083984
24283,-0.054688
24284,-0.035156
24285,-0.019531
24286,-0.0097656
24287,0.0
24288,0.0
24289,0.0
24290,0.0
24291,-0.0039062
24292,0.0
24293,0.0
24294,0.0
24295,-0.0039062
24296,-0.0039062
24297,-0.0097656
24298,-0.0039062
24299,-0.0097656
24300,-0.0039062
24301,-0.013672
24302,-0.0097656
24303,-0.0039062
24304,-0.0039062
24305,0.0
24306,-0.0097656
24307,-0.013672
24308,-0.013672
24309,-0.0097656
24310,-0.019531
24311,-0.019531
24312,-0.019531
24313,-0.019531
24314,-0.025391
24315,-0.025391
24316,-0.025391
24317,-0.025391
24318,-0.025391
24319,-0.029297
24320,-0.0097656
24321,0.0
24322,0.015625
24323,0.019531
24324,0.019531
24325,0.019531
24326,0.025391
24327,0.019531
24328,-0.0039062
24329,-0.064453
24330,0.054688
24331,0.55078
24332,1.084
24333,1.5
24334,1.5
24335,1.2852
24336,1.0254
24337,0.74023
24338,0.56055
24339,0.31055
24340,0.085938
24341,-0.064453
24342,-0.13477
24343,-0.17969
24344,-0.19922
24345,-0.19336
24346,-0.20508
24347,-0.22461
24348,-0.20508
24349,-0.21484
24350,-0.20898
24351,-0.21484
24352,-0.22461
24353,-0.21875
24354,-0.23438
24355,-0.24414
24356,-0.26367
24357,-0.28516
24358,-0.31445
24359,-0.34375
24360,-0.4043
24361,-0.46484
24362,-0.49805
24363,-0.49805
24364,-0.49805
24365,-0.49805
24366,-0.49805
24367,-0.49805
24368,-0.44922
24369,-0.36328
24370,-0.27344
24371,-0.19336
24372,-0.11914
24373,-0.083984
24374,-0.048828
24375,0.0
24376,0.0
24377,0.025391
24378,0.019531
24379,0.03125
24380,0.025391
24381,0.035156
24382,0.035156
24383,0.035156
24384,0.025391
24385,0.035156
24386,0.019531
24387,0.025391
24388,0.035156
24389,0.019531
24390,0.025391
24391,0.019531
24392,0.019531
24393,0.019531
24394,0.019531
24395,0.019531
24396,0.015625
24397,0.019531
24398,0.015625
24399,0.0097656
24400,0.019531
24401,0.019531
24402,0.0097656
24403,0.0058594
24404,0.0
24405,-0.0039062
24406,0.0
24407,-0.0039062
24408,0.0
24409,-0.013672
24410,-0.019531
24411,0.0
24412,0.0097656
24413,0.019531
24414,0.019531
24415,0.019531
24416,0.019531
24417,0.019531
24418,0.0058594
24419,-0.048828
24420,-0.083984
24421,0.38086
24422,0.95508
24423,1.4785
24424,1.5
24425,1.4492
24426,1.1602
24427,0.875
24428,0.64062
24429,0.4043
24430,0.15039
24431,-0.029297
24432,-0.13867
24433,-0.19336
24434,-0.23438
24435,-0.25
24436,-0.25391
24437,-0.25977
24438,-0.25977
24439,-0.25977
24440,-0.25977
24441,-0.25977
24442,-0.26367
24443,-0.26953
24444,-0.28516
24445,-0.28906
24446,-0.30469
24447,-0.33008
24448,-0.35938
24449,-0.39453
24450,-0.44336
24451,-0.49414
24452,-0.49805
24453,-0.49805
24454,-0.49805
24455,-0.49805
24456,-0.49805
24457,-0.49805
24458,-0.49805
24459,-0.44922
24460,-0.35352
24461,-0.26953
24462,-0.19922
24463,-0.14453
24464,-0.10352
24465,-0.070312
24466,-0.048828
24467,-0.029297
24468,-0.025391
24469,-0.013672
24470,-0.0097656
24471,-0.0097656
24472,-0.0097656
24473,-0.0097656
24474,-0.0097656
24475,-0.0097656
24476,-0.0097656
24477,-0.0039062
24478,-0.0097656
24479,-0.0097656
24480,-0.013672
24481,-0.0097656
24482,-0.0097656
24483,-0.0039062
24484,0.0
24485,-0.0039062
24486,0.0
24487,-0.0039062
24488,-0.0039062
24489,-0.0097656
24490,0.0
24491,0.0
24492,-0.0039062
24493,-0.0097656
24494,-0.013672
24495,-0.013672
24496,-0.0097656
24497,-0.013672
24498,-0.019531
24499,-0.025391
24500,-0.025391
24501,-0.019531
24502,-0.029297
24503,-0.035156
24504,-0.019531
24505,-0.0039062
24506,0.015625
24507,0.019531
24508,0.025391
24509,0.019531
24510,0.019531
24511,0.015625
24512,-0.025391
24513,-0.074219
24514,0.20508
24515,0.72461
24516,1.25
24517,1.5
24518,1.459
24519,1.2051
24520,0.92383
24521,0.68555
24522,0.47461
24523,0.22461
24524,0.019531
24525,-0.10352
24526,-0.16406
24527,-0.19336
24528,-0.21484
24529,-0.21484
24530,-0.21875
24531,-0.22461
24532,-0.22852
24533,-0.22852
24534,-0.23438
24535,-0.23438
24536,-0.24414
24537,-0.25391
24538,-0.25977
24539,-0.27344
24540,-0.28906
24541,-0.31836
24542,-0.34961
24543,-0.38867
24544,-0.43945
24545,-0.49414
24546,-0.49805
24547,-0.49805
24548,-0.49805
24549,-0.49805
24550,-0.49805
24551,-0.49805
24552,-0.45898
24553,-0.37891
24554,-0.28906
24555,-0.21875
24556,-0.16016
24557,-0.10938
24558,-0.074219
24559,-0.054688
24560,-0.035156
24561,-0.025391
24562,-0.013672
24563,-0.0097656
24564,-0.0097656
24565,-0.0039062
24566,-0.0039062
24567,0.0
24568,0.0
24569,0.0
24570,0.0
24571,-0.0039062
24572,-0.0097656
24573,-0.0039062
24574,-0.0097656
24575,-0.0039062
24576,-0.0097656
24577,-0.0097656
24578,-0.013672
24579,-0.0097656
24580,-0.0097656
24581,0.0
24582,-0.0039062
24583,0.0
24584,-0.0039062
24585,0.0
24586,-0.0097656
24587,-0.0097656
24588,-0.019531
24589,-0.013672
24590,-0.019531
24591,-0.025391
24592,-0.019531
24593,-0.025391
24594,-0.025391
24595,-0.025391
24596,-0.0039062
24597,0.0
24598,0.015625
24599,0.019531
24600,0.025391
24601,0.025391
24602,0.025391
24603,0.019531
24604,-0.0039062
24605,-0.070312
24606,0.11523
24607,0.625
24608,1.1641
24609,1.5
24610,1.5
24611,1.25
24612,0.97461
24613,0.7207
24614,0.51562
24615,0.26953
24616,0.054688
24617,-0.080078
24618,-0.1543
24619,-0.17969
24620,-0.20508
24621,-0.20898
24622,-0.21484
24623,-0.21875
24624,-0.21875
24625,-0.22461
24626,-0.22852
24627,-0.23438
24628,-0.23438
24629,-0.24023
24630,-0.25391
24631,-0.26367
24632,-0.28516
24633,-0.30469
24634,-0.33398
24635,-0.37891
24636,-0.42969
24637,-0.48438
24638,-0.49805
24639,-0.49805
24640,-0.49805
24641,-0.49805
24642,-0.49805
24643,-0.49805
24644,-0.46875
24645,-0.38477
24646,-0.29492
24647,-0.22461
24648,-0.1543
24649,-0.11523
24650,-0.074219
24651,-0.048828
24652,-0.029297
24653,-0.019531
24654,-0.0097656
24655,-0.0039062
24656,0.0
24657,-0.0039062
24658,0.0
24659,0.0
24660,0.0058594
24661,0.0
24662,0.0058594
24663,0.0097656
24664,-0.0039062
24665,0.0
24666,-0.0097656
24667,0.0058594
24668,0.015625
24669,0.0058594
24670,0.0097656
24671,0.0
24672,-0.0039062
24673,0.0
24674,0.0058594
24675,0.0
24676,0.019531
24677,0.019531
24678,0.019531
24679,0.0058594
24680,0.0097656
24681,0.0
24682,0.019531
24683,0.0097656
24684,0.015625
24685,0.0
24686,0.025391
24687,0.019531
24688,0.0058594
24689,0.025391
24690,0.041016
24691,0.070312
24692,0.060547
24693,0.054688
24694,0.076172
24695,0.054688
24696,0.076172
24697,-0.019531
24698,-0.035156
24699,0.41992
24700,1.0352
24701,1.5
24702,1.5
24703,1.5
24704,1.2734
24705,0.94922
24706,0.69531
24707,0.44922
24708,0.18945
24709,0.0
24710,-0.11914
24711,-0.17969
24712,-0.20898
24713,-0.21484
24714,-0.23438
24715,-0.23438
24716,-0.23438
24717,-0.23438
24718,-0.24023
24719,-0.23438
24720,-0.25
24721,-0.24414
24722,-0.25977
24723,-0.2793
24724,-0.28516
24725,-0.30859
24726,-0.34375
24727,-0.38477
24728,-0.43359
24729,-0.48438
24730,-0.49805
24731,-0.49805
24732,-0.49805
24733,-0.49805
24734,-0.49805
24735,-0.49805
24736,-0.49805
24737,-0.45312
24738,-0.35938
24739,-0.26953
24740,-0.19922
24741,-0.13867
24742,-0.099609
24743,-0.064453
24744,-0.039062
24745,-0.029297
24746,-0.019531
24747,-0.019531
24748,-0.013672
24749,-0.013672
24750,-0.0097656
24751,-0.013672
24752,-0.0097656
24753,-0.019531
24754,-0.013672
24755,-0.025391
24756,-0.019531
24757,-0.025391
24758,-0.025391
24759,-0.019531
24760,-0.025391
24761,-0.019531
24762,-0.019531
24763,-0.019531
24764,-0.019531
24765,-0.019531
24766,-0.013672
24767,-0.013672
24768,-0.019531
24769,-0.013672
24770,-0.019531
24771,-0.013672
24772,-0.025391
24773,-0.019531
24774,-0.025391
24775,-0.019531
24776,-0.025391
24777,-0.029297
24778,-0.025391
24779,-0.029297
24780,-0.025391
24781,-0.029297
24782,-0.035156
24783,-0.019531
24784,-0.0039062
24785,0.0058594
24786,0.015625
24787,0.019531
24788,0.019531
24789,0.019531
24790,0.015625
24791,-0.025391
24792,-0.074219
24793,0.20508
24794,0.74023
24795,1.2695
24796,1.5
24797,1.4785
24798,1.2148
24799,0.93945
24800,0.68945
24801,0.47461
24802,0.2207
24803,0.025391
24804,-0.099609
24805,-0.16406
24806,-0.19336
24807,-0.21484
24808,-0.21875
24809,-0.21484
24810,-0.22461
24811,-0.22852
24812,-0.23438
24813,-0.23438
24814,-0.23438
24815,-0.24414
24816,-0.25
24817,-0.25977
24818,-0.27344
24819,-0.28906
24820,-0.30859
24821,-0.33984
24822,-0.38477
24823,-0.43359
24824,-0.49414
24825,-0.49805
24826,-0.49805
24827,-0.49805
24828,-0.49805
24829,-0.49805
24830,-0.49805
24831,-0.46484
24832,-0.38477
24833,-0.29492
24834,-0.22461
24835,-0.16016
24836,-0.11523
24837,-0.080078
24838,-0.054688
24839,-0.035156
24840,-0.025391
24841,-0.013672
24842,-0.013672
24843,-0.0097656
24844,-0.0039062
24845,-0.0097656
24846,-0.0039062
24847,-0.0039062
24848,0.0
24849,-0.0039062
24850,0.0
24851,0.0
24852,-0.0039062
24853,-0.0097656
24854,-0.0039062
24855,-0.0039062
24856,-0.0097656
24857,-0.0039062
24858,0.0
24859,0.0
24860,0.0
24861,-0.0039062
24862,-0.0039062
24863,-0.0097656
24864,-0.0039062
24865,-0.0039062
24866,-0.0097656
24867,-0.013672
24868,-0.019531
24869,-0.025391
24870,-0.025391
24871,-0.025391
24872,-0.029297
24873,-0.025391
24874,-0.035156
24875,-0.025391
24876,-0.0097656
24877,0.0058594
24878,0.015625
24879,0.019531
24880,0.019531
24881,0.03125
24882,0.025391
24883,0.015625
24884,-0.035156
24885,-0.064453
24886,0.31055
24887,0.83984
24888,1.3535
24889,1.5
24890,1.4082
24891,1.1348
24892,0.875
24893,0.64453
24894,0.42578
24895,0.16602
24896,-0.0097656
24897,-0.125
24898,-0.16992
24899,-0.19922
24900,-0.21484
24901,-0.21875
24902,-0.22461
24903,-0.22461
24904,-0.22461
24905,-0.22852
24906,-0.23438
24907,-0.24023
24908,-0.24414
24909,-0.25
24910,-0.26367
24911,-0.27344
24912,-0.28906
24913,-0.31836
24914,-0.35352
24915,-0.39453
24916,-0.44922
24917,-0.49805
24918,-0.49805
24919,-0.49805
24920,-0.49805
24921,-0.49805
24922,-0.49805
24923,-0.49805
24924,-0.44922
24925,-0.35352
24926,-0.27344
24927,-0.20508
24928,-0.14844
24929,-0.099609
24930,-0.074219
24931,-0.044922
24932,-0.029297
24933,-0.013672
24934,-0.0039062
24935,0.0
24936,-0.0039062
24937,-0.0039062
24938,0.0
24939,-0.0039062
24940,0.0
24941,-0.0039062
24942,-0.0039062
24943,-0.0039062
24944,-0.0097656
24945,-0.0039062
24946,-0.0039062
24947,-0.0039062
24948,-0.0039062
24949,-0.0039062
24950,0.0
24951,-0.0097656
24952,-0.0039062
24953,-0.0097656
24954,-0.0039062
24955,-0.0097656
24956,-0.0039062
24957,-0.0097656
24958,-0.0039062
24959,-0.0097656
24960,-0.0097656
24961,-0.0097656
24962,-0.013672
24963,-0.013672
24964,-0.013672
24965,-0.025391
24966,-0.013672
24967,-0.029297
24968,-0.025391
24969,-0.0097656
24970,0.0058594
24971,0.019531
24972,0.019531
24973,0.03125
24974,0.03125
24975,0.041016
24976,0.025391
24977,-0.025391
24978,-0.074219
24979,0.22461
24980,0.73438
24981,1.2637
24982,1.5
24983,1.4648
24984,1.2051
24985,0.94531
24986,0.71484
24987,0.48047
24988,0.24609
24989,0.041016
24990,-0.080078
24991,-0.12891
24992,-0.16406
24993,-0.18359
24994,-0.19336
24995,-0.18945
24996,-0.20508
24997,-0.19922
24998,-0.18945
24999,-0.21484
25000,-0.21875
25001,-0.21484
25002,-0.21875
25003,-0.20898
25004,-0.25
25005,-0.26367
25006,-0.28906
25007,-0.33398
25008,-0.36328
25009,-0.42969
25010,-0.46484
25011,-0.49805
25012,-0.49805
25013,-0.49805
25014,-0.49805
25015,-0.49805
25016,-0.49805
25017,-0.43945
25018,-0.34375
25019,-0.25
25020,-0.17383
25021,-0.11523
25022,-0.070312
25023,-0.029297
25024,-0.0039062
25025,0.0058594
25026,0.015625
25027,0.019531
25028,0.025391
25029,0.035156
25030,0.025391
25031,0.035156
25032,0.025391
25033,0.025391
25034,0.019531
25035,0.019531
25036,0.015625
25037,0.015625
25038,0.0097656
25039,0.0097656
25040,0.0058594
25041,0.0097656
25042,0.019531
25043,0.0097656
25044,0.0058594
25045,0.0097656
25046,0.0058594
25047,0.0
25048,0.0
25049,0.0
25050,-0.0039062
25051,-0.0039062
25052,-0.0039062
25053,-0.013672
25054,-0.013672
25055,-0.0097656
25056,-0.013672
25057,-0.019531
25058,-0.025391
25059,-0.029297
25060,-0.0097656
25061,0.0
25062,0.0097656
25063,0.019531
25064,0.0097656
25065,0.019531
25066,0.015625
25067,0.0097656
25068,-0.025391
25069,-0.083984
25070,0.17969
25071,0.72461
25072,1.2793
25073,1.5
25074,1.5
25075,1.2539
25076,0.96875
25077,0.70898
25078,0.49414
25079,0.24609
25080,0.035156
25081,-0.09375
25082,-0.16992
25083,-0.20898
25084,-0.23438
25085,-0.24023
25086,-0.24414
25087,-0.25
25088,-0.25391
25089,-0.25391
25090,-0.25391
25091,-0.25391
25092,-0.25977
25093,-0.27344
25094,-0.28516
25095,-0.28906
25096,-0.30859
25097,-0.33398
25098,-0.36328
25099,-0.4082
25100,-0.45898
25101,-0.49805
25102,-0.49805
25103,-0.49805
25104,-0.49805
25105,-0.49805
25106,-0.49805
25107,-0.49805
25108,-0.47461
25109,-0.38867
25110,-0.29883
25111,-0.22461
25112,-0.16016
25113,-0.10938
25114,-0.080078
25115,-0.048828
25116,-0.029297
25117,-0.019531
25118,-0.013672
25119,-0.0039062
25120,-0.0039062
25121,0.0
25122,-0.0039062
25123,-0.0039062
25124,-0.0097656
25125,-0.0097656
25126,-0.0039062
25127,0.0
25128,-0.0039062
25129,0.0
25130,-0.0039062
25131,-0.0039062
25132,-0.0097656
25133,-0.0039062
25134,-0.013672
25135,-0.013672
25136,-0.0097656
25137,-0.013672
25138,-0.0039062
25139,-0.0097656
25140,-0.0039062
25141,-0.0039062
25142,-0.0097656
25143,-0.0039062
25144,0.0
25145,-0.013672
25146,-0.019531
25147,-0.025391
25148,-0.025391
25149,-0.019531
25150,-0.025391
25151,-0.025391
25152,-0.029297
25153,-0.013672
25154,0.0
25155,0.0097656
25156,0.019531
25157,0.019531
25158,0.025391
25159,0.019531
25160,0.025391
25161,-0.0039062
25162,-0.058594
25163,0.041016
25164,0.51953
25165,1.0586
25166,1.498
25167,1.5
25168,1.3047
25169,1.0352
25170,0.76562
25171,0.56055
25172,0.32031
25173,0.089844
25174,-0.064453
25175,-0.14844
25176,-0.17969
25177,-0.20508
25178,-0.21484
25179,-0.21875
25180,-0.22461
25181,-0.22852
25182,-0.23438
25183,-0.22852
25184,-0.23438
25185,-0.24023
25186,-0.25
25187,-0.25391
25188,-0.26953
25189,-0.28516
25190,-0.30859
25191,-0.33984
25192,-0.375
25193,-0.42383
25194,-0.47461
25195,-0.49805
25196,-0.49805
25197,-0.49805
25198,-0.49805
25199,-0.49805
25200,-0.49805
25201,-0.49805
25202,-0.41406
25203,-0.32422
25204,-0.24414
25205,-0.18359
25206,-0.12891
25207,-0.09375
25208,-0.058594
25209,-0.044922
25210,-0.025391
25211,-0.019531
25212,-0.013672
25213,-0.0097656
25214,-0.0039062
25215,-0.0097656
25216,-0.0039062
25217,0.0
25218,-0.0097656
25219,-0.0039062
25220,-0.0097656
25221,-0.0097656
25222,-0.013672
25223,-0.0039062
25224,-0.0097656
25225,-0.0039062
25226,-0.0097656
25227,-0.0039062
25228,-0.0039062
25229,-0.0097656
25230,-0.0097656
25231,-0.0097656
25232,-0.0097656
25233,-0.0039062
25234,-0.0039062
25235,-0.0039062
25236,-0.0097656
25237,-0.0097656
25238,-0.013672
25239,-0.019531
25240,-0.019531
25241,-0.019531
25242,-0.025391
25243,-0.029297
25244,-0.025391
25245,-0.035156
25246,-0.013672
25247,0.0
25248,0.015625
25249,0.019531
25250,0.019531
25251,0.019531
25252,0.025391
25253,0.019531
25254,-0.0097656
25255,-0.070312
25256,0.18555
25257,0.68945
25258,1.2246
25259,1.5
25260,1.4746
25261,1.1992
25262,0.95508
25263,0.69922
25264,0.5
25265,0.24609
25266,0.041016
25267,-0.083984
25268,-0.14453
25269,-0.16992
25270,-0.20508
25271,-0.18945
25272,-0.20508
25273,-0.17969
25274,-0.20898
25275,-0.20508
25276,-0.21484
25277,-0.19922
25278,-0.21484
25279,-0.20898
25280,-0.23438
25281,-0.25977
25282,-0.25391
25283,-0.27344
25284,-0.33008
25285,-0.35352
25286,-0.41406
25287,-0.47461
25288,-0.49805
25289,-0.49805
25290,-0.49805
25291,-0.49805
25292,-0.49805
25293,-0.49805
25294,-0.42383
25295,-0.34961
25296,-0.25391
25297,-0.18945
25298,-0.10938
25299,-0.074219
25300,-0.029297
25301,-0.0039062
25302,0.015625
25303,0.0097656
25304,0.015625
25305,0.025391
25306,0.03125
25307,0.025391
25308,0.035156
25309,0.025391
25310,0.019531
25311,0.025391
25312,0.015625
25313,0.019531
25314,0.015625
25315,0.019531
25316,0.015625
25317,0.0097656
25318,0.0097656
25319,0.0097656
25320,0.015625
25321,0.0097656
25322,0.0058594
25323,0.0097656
25324,0.0058594
25325,0.015625
25326,0.0
25327,-0.0039062
25328,-0.0039062
25329,0.0
25330,-0.019531
25331,-0.013672
25332,-0.0097656
25333,-0.019531
25334,-0.013672
25335,-0.025391
25336,-0.025391
25337,-0.0039062
25338,0.0
25339,0.015625
25340,0.019531
25341,0.019531
25342,0.019531
25343,0.019531
25344,0.0
25345,-0.058594
25346,-0.080078
25347,0.41992
25348,0.99023
25349,1.4941
25350,1.5
25351,1.4141
25352,1.1348
25353,0.84375
25354,0.625
25355,0.38086
25356,0.14062
25357,-0.035156
25358,-0.13477
25359,-0.18945
25360,-0.22461
25361,-0.23438
25362,-0.24023
25363,-0.25
25364,-0.25
25365,-0.25391
25366,-0.25391
25367,-0.25977
25368,-0.25977
25369,-0.26367
25370,-0.27344
25371,-0.28516
25372,-0.30469
25373,-0.31836
25374,-0.35352
25375,-0.39453
25376,-0.43945
25377,-0.48438
25378,-0.49805
25379,-0.49805
25380,-0.49805
25381,-0.49805
25382,-0.49805
25383,-0.49805
25384,-0.49805
25385,-0.43945
25386,-0.34375
25387,-0.25391
25388,-0.18945
25389,-0.13867
25390,-0.09375
25391,-0.064453
25392,-0.048828
25393,-0.025391
25394,-0.013672
25395,-0.0039062
25396,-0.0039062
25397,-0.0039062
25398,0.0
25399,0.0
25400,0.0
25401,0.0
25402,0.0
25403,0.0
25404,-0.0039062
25405,-0.0097656
25406,-0.0039062
25407,-0.0097656
25408,-0.0039062
25409,-0.0097656
25410,-0.0097656
25411,-0.0039062
25412,0.0
25413,-0.0039062
25414,-0.0039062
25415,0.0
25416,0.0
25417,0.0
25418,0.0
25419,-0.0039062
25420,-0.0039062
25421,0.0
25422,-0.0097656
25423,-0.013672
25424,-0.019531
25425,-0.013672
25426,-0.019531
25427,-0.019531
25428,-0.013672
25429,-0.025391
25430,-0.013672
25431,0.0
25432,0.0097656
25433,0.019531
25434,0.019531
25435,0.019531
25436,0.03125
25437,0.019531
25438,-0.0039062
25439,-0.058594
25440,0.044922
25441,0.51953
25442,1.0586
25443,1.498
25444,1.5
25445,1.3047
25446,1.0293
25447,0.76562
25448,0.56055
25449,0.32031
25450,0.089844
25451,-0.058594
25452,-0.14453
25453,-0.16992
25454,-0.19336
25455,-0.21484
25456,-0.21484
25457,-0.21875
25458,-0.21484
25459,-0.22461
25460,-0.22461
25461,-0.23438
25462,-0.22852
25463,-0.24414
25464,-0.25
25465,-0.25977
25466,-0.2793
25467,-0.29883
25468,-0.33008
25469,-0.36914
25470,-0.41406
25471,-0.46875
25472,-0.49805
25473,-0.49805
25474,-0.49805
25475,-0.49805
25476,-0.49805
25477,-0.49805
25478,-0.48438
25479,-0.39844
25480,-0.31836
25481,-0.24023
25482,-0.17383
25483,-0.125
25484,-0.083984
25485,-0.054688
25486,-0.035156
25487,-0.019531
25488,-0.0097656
25489,0.0
25490,0.0
25491,0.0
25492,-0.0039062
25493,-0.0039062
25494,0.0
25495,0.0
25496,-0.0039062
25497,-0.0039062
25498,-0.0039062
25499,-0.0039062
25500,-0.0039062
25501,-0.0039062
25502,0.0
25503,0.0
25504,-0.0039062
25505,-0.0039062
25506,-0.0039062
25507,-0.0039062
25508,0.0
25509,-0.0039062
25510,0.0
25511,-0.0039062
25512,-0.0039062
25513,-0.0097656
25514,-0.0097656
25515,-0.013672
25516,-0.019531
25517,-0.025391
25518,-0.019531
25519,-0.025391
25520,-0.025391
25521,-0.035156
25522,-0.039062
25523,-0.013672
25524,-0.0039062
25525,0.015625
25526,0.019531
25527,0.019531
25528,0.019531
25529,0.019531
25530,0.015625
25531,-0.019531
25532,-0.070312
25533,0.20508
25534,0.73047
25535,1.2539
25536,1.5
25537,1.4434
25538,1.1797
25539,0.91016
25540,0.66992
25541,0.46094
25542,0.21484
25543,0.019531
25544,-0.10938
25545,-0.16406
25546,-0.19336
25547,-0.20898
25548,-0.21484
25549,-0.21875
25550,-0.22461
25551,-0.22461
25552,-0.22852
25553,-0.22461
25554,-0.23438
25555,-0.23438
25556,-0.24023
25557,-0.25391
25558,-0.26367
25559,-0.28516
25560,-0.30859
25561,-0.33984
25562,-0.38477
25563,-0.43945
25564,-0.48828
25565,-0.49805
25566,-0.49805
25567,-0.49805
25568,-0.49805
25569,-0.49805
25570,-0.49805
25571,-0.45312
25572,-0.36914
25573,-0.28516
25574,-0.21484
25575,-0.1543
25576,-0.10938
25577,-0.074219
25578,-0.048828
25579,-0.025391
25580,-0.013672
25581,-0.0039062
25582,-0.0097656
25583,0.0
25584,-0.0039062
25585,-0.0039062
25586,0.0
25587,0.0
25588,0.0058594
25589,0.015625
25590,-0.0097656
25591,-0.013672
25592,0.0
25593,0.0
25594,0.0
25595,-0.0039062
25596,-0.0097656
25597,0.0058594
25598,0.019531
25599,0.0058594
25600,0.0058594
25601,0.015625
25602,0.0097656
25603,0.015625
25604,0.019531
25605,0.0097656
25606,0.025391
25607,0.019531
25608,0.025391
25609,-0.0039062
25610,0.015625
25611,0.025391
25612,0.015625
25613,0.0097656
25614,0.0
25615,0.019531
25616,0.03125
25617,0.044922
25618,0.070312
25619,0.076172
25620,0.050781
25621,0.070312
25622,0.076172
25623,0.025391
25624,-0.013672
25625,-0.029297
25626,0.53516
25627,1.1445
25628,1.5
25629,1.5
25630,1.5
25631,1.2051
25632,0.89453
25633,0.6543
25634,0.39453
25635,0.13477
25636,-0.029297
25637,-0.12891
25638,-0.18359
25639,-0.21484
25640,-0.22461
25641,-0.22852
25642,-0.22461
25643,-0.23438
25644,-0.23438
25645,-0.23438
25646,-0.23438
25647,-0.23438
25648,-0.25
25649,-0.25977
25650,-0.27344
25651,-0.28906
25652,-0.31445
25653,-0.34375
25654,-0.38477
25655,-0.42969
25656,-0.48828
25657,-0.49805
25658,-0.49805
25659,-0.49805
25660,-0.49805
25661,-0.49805
25662,-0.49805
25663,-0.49805
25664,-0.43945
25665,-0.34375
25666,-0.25977
25667,-0.19922
25668,-0.13867
25669,-0.099609
25670,-0.070312
25671,-0.048828
25672,-0.025391
25673,-0.025391
25674,-0.019531
25675,-0.013672
25676,-0.019531
25677,-0.013672
25678,-0.019531
25679,-0.019531
25680,-0.025391
25681,-0.025391
25682,-0.025391
25683,-0.025391
25684,-0.025391
25685,-0.025391
25686,-0.025391
25687,-0.025391
25688,-0.025391
25689,-0.025391
25690,-0.025391
25691,-0.025391
25692,-0.019531
25693,-0.025391
25694,-0.019531
25695,-0.025391
25696,-0.019531
25697,-0.013672
25698,-0.019531
25699,-0.019531
25700,-0.013672
25701,-0.019531
25702,-0.025391
25703,-0.025391
25704,-0.025391
25705,-0.025391
25706,-0.029297
25707,-0.025391
25708,-0.035156
25709,-0.039062
25710,-0.019531
25711,-0.0039062
25712,0.0
25713,0.0097656
25714,0.015625
25715,0.0097656
25716,0.019531
25717,0.0058594
25718,-0.035156
25719,-0.074219
25720,0.24023
25721,0.76953
25722,1.2949
25723,1.5
25724,1.4492
25725,1.1797
25726,0.91016
25727,0.66992
25728,0.45508
25729,0.20508
25730,0.0097656
25731,-0.10352
25732,-0.16406
25733,-0.19336
25734,-0.21484
25735,-0.21484
25736,-0.21875
25737,-0.22461
25738,-0.22852
25739,-0.22852
25740,-0.23438
25741,-0.23438
25742,-0.24414
25743,-0.25
25744,-0.25977
25745,-0.26953
25746,-0.29492
25747,-0.31445
25748,-0.34961
25749,-0.38867
25750,-0.43945
25751,-0.49414
25752,-0.49805
25753,-0.49805
25754,-0.49805
25755,-0.49805
25756,-0.49805
25757,-0.49805
25758,-0.45898
25759,-0.37891
25760,-0.28906
25761,-0.21875
25762,-0.1543
25763,-0.10938
25764,-0.074219
25765,-0.048828
25766,-0.029297
25767,-0.025391
25768,-0.013672
25769,-0.0039062
25770,-0.0039062
25771,0.0
25772,0.0
25773,0.0
25774,-0.0039062
25775,0.0
25776,0.0
25777,0.0
25778,0.0
25779,0.0
25780,-0.0039062
25781,-0.0039062
25782,-0.0097656
25783,-0.0097656
25784,-0.0039062
25785,-0.0039062
25786,-0.0097656
25787,-0.0039062
25788,-0.0039062
25789,-0.0039062
25790,-0.0039062
25791,-0.0039062
25792,0.0
25793,-0.0039062
25794,-0.0097656
25795,-0.013672
25796,-0.019531
25797,-0.019531
25798,-0.025391
25799,-0.019531
25800,-0.025391
25801,-0.025391
25802,-0.0097656
25803,0.0
25804,0.015625
25805,0.019531
25806,0.025391
25807,0.019531
25808,0.025391
25809,0.015625
25810,-0.019531
25811,-0.070312
25812,0.21094
25813,0.72461
25814,1.2539
25815,1.5
25816,1.459
25817,1.1934
25818,0.92383
25819,0.68555
25820,0.47461
25821,0.2207
25822,0.025391
25823,-0.099609
25824,-0.16016
25825,-0.18359
25826,-0.20898
25827,-0.21484
25828,-0.21484
25829,-0.21484
25830,-0.21875
25831,-0.22461
25832,-0.22852
25833,-0.23438
25834,-0.23438
25835,-0.24023
25836,-0.25391
25837,-0.26953
25838,-0.28516
25839,-0.30859
25840,-0.33984
25841,-0.37891
25842,-0.43945
25843,-0.48828
25844,-0.49805
25845,-0.49805
25846,-0.49805
25847,-0.49805
25848,-0.49805
25849,-0.49805
25850,-0.45312
25851,-0.36914
25852,-0.28906
25853,-0.20898
25854,-0.1543
25855,-0.099609
25856,-0.070312
25857,-0.044922
25858,-0.025391
25859,-0.013672
25860,0.0
25861,0.0
25862,0.0
25863,0.0
25864,0.0058594
25865,0.0
25866,0.0
25867,0.0
25868,0.0
25869,0.0058594
25870,0.0
25871,0.0
25872,0.0
25873,0.0
25874,-0.0039062
25875,0.0
25876,-0.0039062
25877,0.0
25878,-0.0039062
25879,0.0
25880,0.0
25881,0.0
25882,-0.0039062
25883,0.0
25884,-0.0039062
25885,-0.0097656
25886,-0.0039062
25887,0.0
25888,-0.025391
25889,-0.019531
25890,-0.013672
25891,-0.0097656
25892,-0.025391
25893,-0.013672
25894,0.0
25895,0.015625
25896,0.041016
25897,0.041016
25898,0.03125
25899,0.064453
25900,0.044922
25901,0.041016
25902,0.015625
25903,-0.048828
25904,0.20508
25905,0.74414
25906,1.3086
25907,1.5
25908,1.5
25909,1.3398
25910,1.0293
25911,0.77539
25912,0.53906
25913,0.28516
25914,0.064453
25915,-0.058594
25916,-0.11914
25917,-0.16992
25918,-0.18945
25919,-0.19336
25920,-0.18945
25921,-0.21484
25922,-0.19922
25923,-0.21484
25924,-0.20508
25925,-0.21484
25926,-0.22461
25927,-0.23438
25928,-0.25
25929,-0.26367
25930,-0.28516
25931,-0.30859
25932,-0.34375
25933,-0.38477
25934,-0.44336
25935,-0.49414
25936,-0.49805
25937,-0.49805
25938,-0.49805
25939,-0.49805
25940,-0.49805
25941,-0.49805
25942,-0.45898
25943,-0.36328
25944,-0.27344
25945,-0.18945
25946,-0.13477
25947,-0.083984
25948,-0.044922
25949,-0.025391
25950,0.0
25951,0.0097656
25952,0.015625
25953,0.019531
25954,0.0097656
25955,0.0097656
25956,0.015625
25957,0.0097656
25958,0.0097656
25959,0.0058594
25960,0.0058594
25961,0.0
25962,0.0058594
25963,0.0
25964,0.0
25965,0.0
25966,0.0
25967,0.0
25968,0.0
25969,0.0
25970,0.0
25971,-0.0039062
25972,0.0
25973,-0.0039062
25974,0.0
25975,-0.0039062
25976,-0.0097656
25977,-0.0097656
25978,-0.013672
25979,-0.025391
25980,-0.025391
25981,-0.025391
25982,-0.025391
25983,-0.019531
25984,-0.029297
25985,-0.019531
25986,-0.0097656
25987,0.0058594
25988,0.019531
25989,0.019531
25990,0.019531
25991,0.019531
25992,0.019531
25993,0.0
25994,-0.054688
25995,-0.074219
25996,0.41016
25997,0.95898
25998,1.4531
25999,1.5
26000,1.3945
26001,1.1094
26002,0.84375
26003,0.61914
26004,0.39062
26005,0.14062
26006,-0.025391
26007,-0.12891
26008,-0.17383
26009,-0.21484
26010,-0.21875
26011,-0.22852
26012,-0.23438
26013,-0.23438
26014,-0.23438
26015,-0.24414
26016,-0.24414
26017,-0.25391
26018,-0.25391
26019,-0.26367
26020,-0.27344
26021,-0.28906
26022,-0.30859
26023,-0.33984
26024,-0.375
26025,-0.42383
26026,-0.47461
26027,-0.49805
26028,-0.49805
26029,-0.49805
26030,-0.49805
26031,-0.49805
26032,-0.49805
26033,-0.49805
26034,-0.43359
26035,-0.34375
26036,-0.26953
26037,-0.19336
26038,-0.13867
26039,-0.099609
26040,-0.070312
26041,-0.044922
26042,-0.025391
26043,-0.019531
26044,-0.0097656
26045,-0.0039062
26046,-0.0039062
26047,-0.0097656
26048,-0.0039062
26049,-0.0039062
26050,-0.0039062
26051,0.0
26052,0.0
26053,0.0
26054,0.0
26055,-0.0039062
26056,-0.0097656
26057,-0.013672
26058,-0.0097656
26059,-0.013672
26060,-0.0097656
26061,-0.013672
26062,-0.0039062
26063,-0.0097656
26064,-0.0039062
26065,-0.0097656
26066,-0.0039062
26067,-0.0097656
26068,0.0
26069,-0.0097656
26070,-0.0097656
26071,-0.019531
26072,-0.025391
26073,-0.019531
26074,-0.025391
26075,-0.019531
26076,-0.025391
26077,-0.025391
26078,-0.0039062
26079,0.0058594
26080,0.015625
26081,0.019531
26082,0.019531
26083,0.025391
26084,0.025391
26085,0.019531
26086,-0.019531
26087,-0.070312
26088,0.20117
26089,0.72461
26090,1.25
26091,1.5
26092,1.459
26093,1.1992
26094,0.92969
26095,0.68555
26096,0.47461
26097,0.22461
26098,0.019531
26099,-0.10352
26100,-0.16406
26101,-0.19336
26102,-0.20898
26103,-0.21484
26104,-0.21875
26105,-0.21875
26106,-0.22852
26107,-0.22852
26108,-0.23438
26109,-0.23438
26110,-0.23438
26111,-0.25
26112,-0.25391
26113,-0.26953
26114,-0.28516
26115,-0.30859
26116,-0.34375
26117,-0.38867
26118,-0.43945
26119,-0.48828
26120,-0.49805
26121,-0.49805
26122,-0.49805
26123,-0.49805
26124,-0.49805
26125,-0.49805
26126,-0.45898
26127,-0.36914
26128,-0.28516
26129,-0.20898
26130,-0.1543
26131,-0.10352
26132,-0.070312
26133,-0.044922
26134,-0.029297
26135,-0.019531
26136,-0.0097656
26137,0.0
26138,0.0
26139,0.0
26140,0.0
26141,0.0
26142,0.0
26143,0.0
26144,0.0
26145,0.0
26146,0.0
26147,-0.0039062
26148,0.0
26149,0.0
26150,-0.0097656
26151,-0.0097656
26152,-0.0039062
26153,0.0
26154,-0.0039062
26155,0.0
26156,0.0
26157,-0.0039062
26158,0.0
26159,-0.0097656
26160,-0.0039062
26161,-0.0097656
26162,-0.0039062
26163,-0.019531
26164,-0.025391
26165,-0.025391
26166,-0.025391
26167,-0.019531
26168,-0.025391
26169,-0.025391
26170,-0.0039062
26171,0.0
26172,0.019531
26173,0.019531
26174,0.03125
26175,0.025391
26176,0.03125
26177,0.035156
26178,-0.013672
26179,-0.070312
26180,0.20117
26181,0.70508
26182,1.2344
26183,1.5
26184,1.4688
26185,1.209
26186,0.93945
26187,0.69922
26188,0.48438
26189,0.25
26190,0.035156
26191,-0.083984
26192,-0.14453
26193,-0.16992
26194,-0.20508
26195,-0.20898
26196,-0.21484
26197,-0.19922
26198,-0.18945
26199,-0.21484
26200,-0.21484
26201,-0.21875
26202,-0.22461
26203,-0.21875
26204,-0.23438
26205,-0.25977
26206,-0.27344
26207,-0.29883
26208,-0.32422
26209,-0.375
26210,-0.42383
26211,-0.48828
26212,-0.49805
26213,-0.49805
26214,-0.49805
26215,-0.49805
26216,-0.49805
26217,-0.49805
26218,-0.41406
26219,-0.34961
26220,-0.25
26221,-0.17969
26222,-0.11523
26223,-0.074219
26224,-0.029297
26225,0.0
26226,-0.0039062
26227,0.019531
26228,0.03125
26229,0.035156
26230,0.019531
26231,0.019531
26232,0.03125
26233,0.025391
26234,0.015625
26235,0.019531
26236,0.035156
26237,0.025391
26238,0.019531
26239,0.025391
26240,0.019531
26241,0.025391
26242,0.019531
26243,0.015625
26244,0.015625
26245,0.0097656
26246,0.0097656
26247,0.0097656
26248,0.0097656
26249,0.0097656
26250,0.0
26251,0.0058594
26252,0.0
26253,0.0
26254,-0.0039062
26255,0.0
26256,-0.0097656
26257,-0.013672
26258,-0.0097656
26259,-0.025391
26260,-0.0097656
26261,0.0
26262,0.015625
26263,0.019531
26264,0.019531
26265,0.019531
26266,0.019531
26267,0.0097656
26268,-0.019531
26269,-0.083984
26270,0.070312
26271,0.5957
26272,1.1699
26273,1.5
26274,1.5
26275,1.3301
26276,1.0391
26277,0.76562
26278,0.55078
26279,0.30078
26280,0.070312
26281,-0.070312
26282,-0.16016
26283,-0.19922
26284,-0.22852
26285,-0.24023
26286,-0.24414
26287,-0.24414
26288,-0.25391
26289,-0.25977
26290,-0.25977
26291,-0.25977
26292,-0.26953
26293,-0.26953
26294,-0.28516
26295,-0.29492
26296,-0.31445
26297,-0.33398
26298,-0.36914
26299,-0.4082
26300,-0.45898
26301,-0.49805
26302,-0.49805
26303,-0.49805
26304,-0.49805
26305,-0.49805
26306,-0.49805
26307,-0.49805
26308,-0.49805
26309,-0.41406
26310,-0.31836
26311,-0.24414
26312,-0.17969
26313,-0.13477
26314,-0.089844
26315,-0.064453
26316,-0.044922
26317,-0.029297
26318,-0.025391
26319,-0.025391
26320,-0.019531
26321,-0.019531
26322,-0.013672
26323,-0.013672
26324,-0.0097656
26325,-0.013672
26326,-0.0097656
26327,-0.0097656
26328,-0.0097656
26329,-0.0039062
26330,-0.0097656
26331,0.0
26332,-0.0039062
26333,-0.0039062
26334,-0.0039062
26335,0.0
26336,-0.0097656
26337,0.0
26338,-0.0039062
26339,-0.0039062
26340,-0.0097656
26341,-0.0039062
26342,-0.0097656
26343,-0.0039062
26344,-0.013672
26345,-0.019531
26346,-0.0097656
26347,-0.025391
26348,-0.025391
26349,-0.025391
26350,-0.029297
26351,-0.035156
26352,-0.035156
26353,-0.019531
26354,-0.0039062
26355,0.0097656
26356,0.019531
26357,0.019531
26358,0.019531
26359,0.019531
26360,0.025391
26361,-0.0039062
26362,-0.070312
26363,0.076172
26364,0.57422
26365,1.1035
26366,1.5
26367,1.5
26368,1.2734
26369,1.0098
26370,0.75
26371,0.53906
26372,0.29492
26373,0.064453
26374,-0.074219
26375,-0.16016
26376,-0.18945
26377,-0.21484
26378,-0.21875
26379,-0.21875
26380,-0.22461
26381,-0.22461
26382,-0.23438
26383,-0.23438
26384,-0.23438
26385,-0.23438
26386,-0.24414
26387,-0.25391
26388,-0.26367
26389,-0.28516
26390,-0.30469
26391,-0.33398
26392,-0.375
26393,-0.42383
26394,-0.47852
26395,-0.49805
26396,-0.49805
26397,-0.49805
26398,-0.49805
26399,-0.49805
26400,-0.49805
26401,-0.48438
26402,-0.39453
26403,-0.30469
26404,-0.23438
26405,-0.16992
26406,-0.125
26407,-0.083984
26408,-0.058594
26409,-0.039062
26410,-0.025391
26411,-0.019531
26412,-0.013672
26413,-0.0097656
26414,-0.0039062
26415,-0.0039062
26416,0.0
26417,-0.0039062
26418,0.0
26419,-0.0039062
26420,0.0
26421,-0.0097656
26422,-0.0097656
26423,-0.013672
26424,-0.0097656
26425,-0.0097656
26426,-0.0097656
26427,-0.0097656
26428,-0.0039062
26429,-0.0097656
26430,-0.0039062
26431,-0.0097656
26432,-0.0039062
26433,0.0
26434,-0.0039062
26435,0.0
26436,-0.013672
26437,-0.013672
26438,-0.0097656
26439,-0.019531
26440,-0.025391
26441,-0.013672
26442,-0.025391
26443,-0.025391
26444,-0.029297
26445,-0.013672
26446,-0.0039062
26447,0.0097656
26448,0.015625
26449,0.019531
26450,0.019531
26451,0.019531
26452,0.019531
26453,0.0058594
26454,-0.058594
26455,-0.070312
26456,0.4707
26457,1.0
26458,1.4648
26459,1.5
26460,1.3184
26461,1.0488
26462,0.78516
26463,0.58398
26464,0.34961
26465,0.11133
26466,-0.048828
26467,-0.13867
26468,-0.16992
26469,-0.20898
26470,-0.20898
26471,-0.21484
26472,-0.21484
26473,-0.21875
26474,-0.21875
26475,-0.22852
26476,-0.22852
26477,-0.23438
26478,-0.24414
26479,-0.25
26480,-0.26367
26481,-0.27344
26482,-0.29883
26483,-0.33008
26484,-0.36328
26485,-0.4082
26486,-0.46484
26487,-0.49805
26488,-0.49805
26489,-0.49805
26490,-0.49805
26491,-0.49805
26492,-0.49805
26493,-0.48438
26494,-0.39453
26495,-0.30859
26496,-0.24414
26497,-0.17383
26498,-0.11523
26499,-0.064453
26500,-0.054688
26501,-0.025391
26502,-0.0097656
26503,0.0
26504,0.019531
26505,0.025391
26506,0.0058594
26507,0.025391
26508,0.03125
26509,0.019531
26510,0.025391
26511,0.019531
26512,0.019531
26513,0.03125
26514,0.041016
26515,0.025391
26516,0.041016
26517,0.019531
26518,0.019531
26519,0.019531
26520,0.044922
26521,0.019531
26522,0.035156
26523,0.041016
26524,0.019531
26525,0.044922
26526,0.03125
26527,0.035156
26528,0.019531
26529,0.019531
26530,0.025391
26531,0.019531
26532,0.019531
26533,0.0058594
26534,0.019531
26535,0.015625
26536,0.015625
26537,0.019531
26538,0.035156
26539,0.050781
26540,0.054688
26541,0.064453
26542,0.054688
26543,0.050781
26544,0.041016
26545,0.0058594
26546,-0.054688
26547,0.2207
26548,0.79883
26549,1.3984
26550,1.5
26551,1.5
26552,1.3438
26553,1.0352
26554,0.75391
26555,0.51953
26556,0.25
26557,0.041016
26558,-0.089844
26559,-0.16992
26560,-0.21484
26561,-0.23438
26562,-0.24414
26563,-0.25
26564,-0.25
26565,-0.25977
26566,-0.25977
26567,-0.26367
26568,-0.26367
26569,-0.2793
26570,-0.28516
26571,-0.29883
26572,-0.30469
26573,-0.33008
26574,-0.35352
26575,-0.38477
26576,-0.42969
26577,-0.48828
26578,-0.49805
26579,-0.49805
26580,-0.49805
26581,-0.49805
26582,-0.49805
26583,-0.49805
26584,-0.49805
26585,-0.49805
26586,-0.4043
26587,-0.30859
26588,-0.24023
26589,-0.17383
26590,-0.11914
26591,-0.083984
26592,-0.058594
26593,-0.039062
26594,-0.029297
26595,-0.019531
26596,-0.013672
26597,-0.013672
26598,-0.0097656
26599,0.0
26600,-0.0097656
26601,-0.013672
26602,-0.013672
26603,-0.0097656
26604,-0.013672
26605,-0.019531
26606,-0.013672
26607,-0.0097656
26608,-0.0097656
26609,-0.013672
26610,-0.0097656
26611,-0.019531
26612,-0.0097656
26613,-0.013672
26614,-0.0097656
26615,-0.0097656
26616,-0.0039062
26617,-0.0097656
26618,-0.0039062
26619,-0.0097656
26620,-0.0097656
26621,-0.0097656
26622,-0.0097656
26623,-0.013672
26624,-0.0097656
26625,-0.013672
26626,-0.019531
26627,-0.019531
26628,-0.025391
26629,-0.019531
26630,-0.025391
26631,-0.025391
26632,-0.0097656
26633,0.0
26634,0.019531
26635,0.025391
26636,0.025391
26637,0.03125
26638,0.03125
26639,0.019531
26640,-0.0097656
26641,-0.064453
26642,0.17969
26643,0.69922
26644,1.2188
26645,1.5
26646,1.4688
26647,1.2148
26648,0.94531
26649,0.69922
26650,0.49414
26651,0.24023
26652,0.035156
26653,-0.089844
26654,-0.16016
26655,-0.18359
26656,-0.19922
26657,-0.20508
26658,-0.21484
26659,-0.21484
26660,-0.21875
26661,-0.22461
26662,-0.22852
26663,-0.22852
26664,-0.22852
26665,-0.23438
26666,-0.24414
26667,-0.25977
26668,-0.27344
26669,-0.29883
26670,-0.33008
26671,-0.375
26672,-0.41992
26673,-0.46875
26674,-0.49805
26675,-0.49805
26676,-0.49805
26677,-0.49805
26678,-0.49805
26679,-0.49805
26680,-0.45898
26681,-0.375
26682,-0.28516
26683,-0.21484
26684,-0.16016
26685,-0.10938
26686,-0.074219
26687,-0.048828
26688,-0.029297
26689,-0.0097656
26690,0.0
26691,0.0
26692,0.0
26693,0.0
26694,0.0
26695,0.0
26696,0.0
26697,0.0
26698,0.0
26699,0.0
26700,0.0
26701,0.0
26702,-0.0039062
26703,0.0
26704,0.0
26705,0.0
26706,0.0
26707,0.0
26708,0.0
26709,0.0
26710,-0.0039062
26711,0.0
26712,0.0
26713,-0.0039062
26714,0.0
26715,-0.0097656
26716,-0.0097656
26717,-0.013672
26718,-0.019531
26719,-0.019531
26720,-0.025391
26721,-0.019531
26722,-0.025391
26723,-0.019531
26724,0.0
26725,0.015625
26726,0.019531
26727,0.025391
26728,0.03125
26729,0.035156
26730,0.03125
26731,0.015625
26732,-0.019531
26733,-0.064453
26734,0.25
26735,0.7793
26736,1.2949
26737,1.5
26738,1.4297
26739,1.1641
26740,0.90039
26741,0.67578
26742,0.45508
26743,0.20508
26744,0.0097656
26745,-0.10352
26746,-0.16016
26747,-0.18945
26748,-0.20508
26749,-0.20898
26750,-0.20898
26751,-0.21484
26752,-0.21484
26753,-0.21875
26754,-0.22461
26755,-0.22852
26756,-0.23438
26757,-0.24023
26758,-0.25391
26759,-0.26953
26760,-0.28516
26761,-0.30859
26762,-0.33398
26763,-0.37891
26764,-0.42969
26765,-0.48828
26766,-0.49805
26767,-0.49805
26768,-0.49805
26769,-0.49805
26770,-0.49805
26771,-0.49805
26772,-0.43359
26773,-0.34375
26774,-0.26367
26775,-0.19922
26776,-0.125
26777,-0.080078
26778,-0.044922
26779,-0.029297
26780,0.0
26781,0.0058594
26782,0.019531
26783,0.019531
26784,0.03125
26785,0.019531
26786,0.015625
26787,0.025391
26788,0.019531
26789,0.041016
26790,0.019531
26791,0.025391
26792,0.044922
26793,0.019531
26794,0.015625
26795,0.03125
26796,0.025391
26797,0.025391
26798,0.041016
26799,0.03125
26800,0.041016
26801,0.019531
26802,0.025391
26803,0.03125
26804,0.025391
26805,0.03125
26806,0.035156
26807,0.025391
26808,0.015625
26809,0.019531
26810,0.019531
26811,0.015625
26812,0.0097656
26813,0.0058594
26814,0.0097656
26815,0.019531
26816,0.025391
26817,0.035156
26818,0.054688
26819,0.050781
26820,0.044922
26821,0.044922
26822,0.044922
26823,0.0097656
26824,-0.048828
26825,0.054688
26826,0.58984
26827,1.1836
26828,1.5
26829,1.5
26830,1.3984
26831,1.1035
26832,0.81445
26833,0.58984
26834,0.33008
26835,0.089844
26836,-0.058594
26837,-0.1543
26838,-0.20508
26839,-0.23438
26840,-0.24414
26841,-0.25
26842,-0.25391
26843,-0.25391
26844,-0.25977
26845,-0.26367
26846,-0.26953
26847,-0.27344
26848,-0.2793
26849,-0.28516
26850,-0.29492
26851,-0.31445
26852,-0.33398
26853,-0.36914
26854,-0.41406
26855,-0.46484
26856,-0.49805
26857,-0.49805
26858,-0.49805
26859,-0.49805
26860,-0.49805
26861,-0.49805
26862,-0.49805
26863,-0.49805
26864,-0.42383
26865,-0.33398
26866,-0.25
26867,-0.18945
26868,-0.12891
26869,-0.09375
26870,-0.054688
26871,-0.039062
26872,-0.025391
26873,-0.019531
26874,-0.0097656
26875,-0.0039062
26876,0.0
26877,-0.0039062
26878,-0.0039062
26879,-0.013672
26880,-0.0097656
26881,-0.0097656
26882,-0.013672
26883,-0.013672
26884,-0.013672
26885,-0.0097656
26886,-0.0097656
26887,-0.0097656
26888,-0.013672
26889,-0.013672
26890,-0.0097656
26891,-0.0039062
26892,-0.0097656
26893,-0.0039062
26894,-0.0097656
26895,-0.0039062
26896,-0.0097656
26897,-0.0039062
26898,-0.0039062
26899,-0.0039062
26900,-0.0039062
26901,-0.0039062
26902,-0.013672
26903,-0.013672
26904,-0.019531
26905,-0.013672
26906,-0.025391
26907,-0.013672
26908,-0.025391
26909,-0.0097656
26910,0.0
26911,0.015625
26912,0.019531
26913,0.025391
26914,0.03125
26915,0.025391
26916,0.03125
26917,0.0
26918,-0.054688
26919,0.064453
26920,0.55078
26921,1.084
26922,1.5
26923,1.5
26924,1.2891
26925,1.0137
26926,0.75391
26927,0.54492
26928,0.31055
26929,0.076172
26930,-0.064453
26931,-0.1543
26932,-0.17969
26933,-0.20508
26934,-0.21484
26935,-0.21484
26936,-0.21484
26937,-0.21875
26938,-0.22461
26939,-0.22852
26940,-0.22852
26941,-0.23438
26942,-0.24023
26943,-0.25
26944,-0.26367
26945,-0.27344
26946,-0.29883
26947,-0.33008
26948,-0.36328
26949,-0.4082
26950,-0.46484
26951,-0.49805
26952,-0.49805
26953,-0.49805
26954,-0.49805
26955,-0.49805
26956,-0.49805
26957,-0.48438
26958,-0.39844
26959,-0.31836
26960,-0.24414
26961,-0.17383
26962,-0.125
26963,-0.083984
26964,-0.054688
26965,-0.035156
26966,-0.025391
26967,-0.019531
26968,-0.0039062
26969,-0.0039062
26970,0.0
26971,0.0
26972,-0.0039062
26973,0.0
26974,0.0
26975,-0.0039062
26976,-0.0039062
26977,-0.0097656
26978,-0.013672
26979,-0.0097656
26980,-0.0097656
26981,-0.0097656
26982,-0.013672
26983,-0.0039062
26984,0.0
26985,-0.0039062
26986,-0.0039062
26987,0.0
26988,-0.0039062
26989,-0.0039062
26990,-0.0097656
26991,-0.0097656
26992,-0.0097656
26993,-0.0097656
26994,-0.019531
26995,-0.019531
26996,-0.019531
26997,-0.025391
26998,-0.029297
26999,-0.025391
27000,-0.035156
27001,-0.013672
27002,-0.0039062
27003,0.0058594
27004,0.019531
27005,0.025391
27006,0.019531
27007,0.019531
27008,0.019531
27009,0.0
27010,-0.064453
27011,0.050781
27012,0.53516
27013,1.0742
27014,1.5
27015,1.5
27016,1.2852
27017,1.0137
27018,0.75977
27019,0.55078
27020,0.31055
27021,0.076172
27022,-0.064453
27023,-0.14844
27024,-0.16992
27025,-0.20508
27026,-0.20898
27027,-0.21875
27028,-0.21875
27029,-0.22461
27030,-0.22461
27031,-0.23438
27032,-0.22852
27033,-0.23438
27034,-0.24023
27035,-0.25391
27036,-0.26367
27037,-0.28516
27038,-0.30469
27039,-0.33398
27040,-0.37891
27041,-0.41992
27042,-0.47461
27043,-0.49805
27044,-0.49805
27045,-0.49805
27046,-0.49805
27047,-0.49805
27048,-0.49805
27049,-0.48438
27050,-0.4043
27051,-0.30859
27052,-0.24023
27053,-0.16992
27054,-0.125
27055,-0.080078
27056,-0.054688
27057,-0.035156
27058,-0.013672
27059,-0.0039062
27060,0.0058594
27061,0.0
27062,-0.0039062
27063,0.0
27064,0.0058594
27065,-0.0097656
27066,0.0058594
27067,0.0
27068,0.0058594
27069,0.0
27070,0.015625
27071,0.0058594
27072,0.0
27073,0.0097656
27074,0.0058594
27075,0.019531
27076,0.0097656
27077,0.019531
27078,0.015625
27079,0.019531
27080,0.015625
27081,0.03125
27082,0.019531
27083,0.025391
27084,0.019531
27085,0.019531
27086,0.041016
27087,0.0097656
27088,0.015625
27089,0.019531
27090,0.0097656
27091,0.0
27092,0.025391
27093,0.019531
27094,0.044922
27095,0.054688
27096,0.044922
27097,0.054688
27098,0.076172
27099,0.044922
27100,0.044922
27101,0.0058594
27102,-0.035156
27103,0.34961
27104,0.94531
27105,1.5
27106,1.5
27107,1.5
27108,1.2734
27109,0.96484
27110,0.71484
27111,0.46484
27112,0.18945
27113,0.0058594
27114,-0.10938
27115,-0.17969
27116,-0.21484
27117,-0.22852
27118,-0.23438
27119,-0.24414
27120,-0.24023
27121,-0.24023
27122,-0.24414
27123,-0.25391
27124,-0.25
27125,-0.26367
27126,-0.26953
27127,-0.28516
27128,-0.29492
27129,-0.32422
27130,-0.34375
27131,-0.38477
27132,-0.42969
27133,-0.48828
27134,-0.49805
27135,-0.49805
27136,-0.49805
27137,-0.49805
27138,-0.49805
27139,-0.49805
27140,-0.49805
27141,-0.46875
27142,-0.375
27143,-0.29492
27144,-0.22461
27145,-0.16016
27146,-0.11523
27147,-0.080078
27148,-0.054688
27149,-0.035156
27150,-0.029297
27151,-0.019531
27152,-0.019531
27153,-0.013672
27154,-0.019531
27155,-0.013672
27156,-0.019531
27157,-0.019531
27158,-0.019531
27159,-0.019531
27160,-0.019531
27161,-0.019531
27162,-0.019531
27163,-0.013672
27164,-0.0097656
27165,-0.013672
27166,-0.0097656
27167,-0.013672
27168,-0.0097656
27169,-0.013672
27170,-0.0097656
27171,-0.0097656
27172,-0.0097656
27173,-0.0039062
27174,-0.0039062
27175,-0.0039062
27176,-0.0039062
27177,-0.0039062
27178,-0.0097656
27179,-0.019531
27180,-0.013672
27181,-0.025391
27182,-0.019531
27183,-0.013672
27184,-0.025391
27185,-0.025391
27186,-0.035156
27187,-0.013672
27188,-0.0039062
27189,0.0097656
27190,0.015625
27191,0.019531
27192,0.019531
27193,0.019531
27194,0.015625
27195,-0.019531
27196,-0.070312
27197,0.14453
27198,0.6543
27199,1.1797
27200,1.5
27201,1.4883
27202,1.2402
27203,0.96875
27204,0.71484
27205,0.50977
27206,0.26562
27207,0.044922
27208,-0.089844
27209,-0.1543
27210,-0.18359
27211,-0.20898
27212,-0.21484
27213,-0.21484
27214,-0.22461
27215,-0.22852
27216,-0.22852
27217,-0.23438
27218,-0.23438
27219,-0.24023
27220,-0.24414
27221,-0.25391
27222,-0.26367
27223,-0.28516
27224,-0.30469
27225,-0.33398
27226,-0.375
27227,-0.41992
27228,-0.47461
27229,-0.49805
27230,-0.49805
27231,-0.49805
27232,-0.49805
27233,-0.49805
27234,-0.49805
27235,-0.47461
27236,-0.38867
27237,-0.29883
27238,-0.22461
27239,-0.16406
27240,-0.11523
27241,-0.080078
27242,-0.054688
27243,-0.035156
27244,-0.025391
27245,-0.0097656
27246,0.0
27247,0.0
27248,-0.0039062
27249,0.0
27250,0.0
27251,-0.0039062
27252,-0.0039062
27253,0.0
27254,-0.0039062
27255,-0.0039062
27256,-0.0097656
27257,-0.0039062
27258,-0.0097656
27259,-0.0039062
27260,-0.0097656
27261,-0.0039062
27262,0.0
27263,0.0
27264,-0.0039062
27265,-0.0097656
27266,-0.0039062
27267,-0.0039062
27268,-0.0097656
27269,-0.0097656
27270,-0.0039062
27271,-0.013672
27272,-0.025391
27273,-0.025391
27274,-0.025391
27275,-0.029297
27276,-0.025391
27277,-0.035156
27278,-0.025391
27279,-0.0039062
27280,0.0
27281,0.019531
27282,0.019531
27283,0.019531
27284,0.019531
27285,0.019531
27286,0.015625
27287,-0.039062
27288,-0.070312
27289,0.33008
27290,0.85938
27291,1.3594
27292,1.5
27293,1.3945
27294,1.125
27295,0.85547
27296,0.62891
27297,0.41602
27298,0.16016
27299,-0.013672
27300,-0.125
27301,-0.16992
27302,-0.20508
27303,-0.21484
27304,-0.21875
27305,-0.22461
27306,-0.22852
27307,-0.22852
27308,-0.22852
27309,-0.22852
27310,-0.23438
27311,-0.24023
27312,-0.25
27313,-0.26367
27314,-0.28516
27315,-0.29883
27316,-0.32422
27317,-0.35938
27318,-0.4043
27319,-0.45312
27320,-0.49805
27321,-0.49805
27322,-0.49805
27323,-0.49805
27324,-0.49805
27325,-0.49805
27326,-0.49805
27327,-0.43945
27328,-0.34375
27329,-0.26953
27330,-0.19922
27331,-0.14453
27332,-0.099609
27333,-0.058594
27334,-0.039062
27335,-0.025391
27336,-0.019531
27337,0.0
27338,-0.0039062
27339,0.0058594
27340,0.0
27341,0.0097656
27342,-0.0097656
27343,0.0058594
27344,-0.0097656
27345,0.0
27346,0.019531
27347,0.0
27348,-0.0039062
27349,0.019531
27350,0.0058594
27351,0.0
27352,0.0058594
27353,0.03125
27354,0.0097656
27355,0.019531
27356,0.019531
27357,0.025391
27358,0.0058594
27359,0.03125
27360,0.035156
27361,0.019531
27362,0.03125
27363,0.0097656
27364,0.0058594
27365,0.015625
27366,0.03125
27367,0.015625
27368,0.025391
27369,0.0097656
27370,-0.0039062
27371,0.035156
27372,0.050781
27373,0.041016
27374,0.064453
27375,0.054688
27376,0.054688
27377,0.050781
27378,0.064453
27379,0.0058594
27380,-0.035156
27381,0.30469
27382,0.91016
27383,1.4746
27384,1.5
27385,1.5
27386,1.3047
27387,0.99414
27388,0.72461
27389,0.48047
27390,0.21484
27391,0.019531
27392,-0.10352
27393,-0.16992
27394,-0.20898
27395,-0.22852
27396,-0.23438
27397,-0.23438
27398,-0.24023
27399,-0.24023
27400,-0.24414
27401,-0.25
27402,-0.25391
27403,-0.25977
27404,-0.26953
27405,-0.28516
27406,-0.30469
27407,-0.31836
27408,-0.35352
27409,-0.38867
27410,-0.43945
27411,-0.48828
27412,-0.49805
27413,-0.49805
27414,-0.49805
27415,-0.49805
27416,-0.49805
27417,-0.49805
27418,-0.49805
27419,-0.48438
27420,-0.38867
27421,-0.29492
27422,-0.21875
27423,-0.16406
27424,-0.10938
27425,-0.074219
27426,-0.048828
27427,-0.035156
27428,-0.025391
27429,-0.019531
27430,-0.0097656
27431,-0.013672
27432,-0.0097656
27433,-0.013672
27434,-0.0097656
27435,-0.013672
27436,-0.013672
27437,-0.0097656
27438,-0.013672
27439,-0.013672
27440,-0.013672
27441,-0.0097656
27442,-0.019531
27443,-0.0097656
27444,-0.013672
27445,-0.0097656
27446,-0.0039062
27447,-0.0097656
27448,-0.0039062
27449,-0.0097656
27450,-0.013672
27451,-0.0097656
27452,-0.0097656
27453,-0.0039062
27454,-0.0097656
27455,-0.0097656
27456,-0.0097656
27457,-0.013672
27458,-0.0097656
27459,-0.019531
27460,-0.025391
27461,-0.019531
27462,-0.025391
27463,-0.025391
27464,-0.029297
27465,-0.0097656
27466,0.0
27467,0.0058594
27468,0.019531
27469,0.019531
27470,0.025391
27471,0.025391
27472,0.019531
27473,-0.0039062
27474,-0.058594
27475,0.070312
27476,0.57031
27477,1.1035
27478,1.5
27479,1.5
27480,1.2891
27481,1.0137
27482,0.75391
27483,0.55078
27484,0.31055
27485,0.080078
27486,-0.064453
27487,-0.13867
27488,-0.17969
27489,-0.19922
27490,-0.20898
27491,-0.21484
27492,-0.21484
27493,-0.21875
27494,-0.22461
27495,-0.22852
27496,-0.23438
27497,-0.23438
27498,-0.24023
27499,-0.25
27500,-0.25977
27501,-0.27344
27502,-0.29883
27503,-0.33008
27504,-0.36914
27505,-0.4082
27506,-0.46484
27507,-0.49805
27508,-0.49805
27509,-0.49805
27510,-0.49805
27511,-0.49805
27512,-0.49805
27513,-0.48438
27514,-0.39844
27515,-0.31445
27516,-0.24023
27517,-0.17383
27518,-0.125
27519,-0.083984
27520,-0.054688
27521,-0.035156
27522,-0.019531
27523,-0.0097656
27524,0.0
27525,0.0
27526,0.0
27527,0.0
27528,0.0
27529,0.0
27530,-0.0039062
27531,-0.0039062
27532,0.0
27533,-0.0039062
27534,-0.0039062
27535,-0.0039062
27536,-0.0039062
27537,-0.0039062
27538,0.0
27539,0.0
27540,-0.0039062
27541,0.0
27542,-0.0039062
27543,0.0
27544,-0.0039062
27545,-0.0039062
27546,-0.0039062
27547,-0.0039062
27548,-0.0097656
27549,-0.0097656
27550,-0.013672
27551,-0.013672
27552,-0.019531
27553,-0.013672
27554,-0.025391
27555,-0.013672
27556,-0.029297
27557,-0.0039062
27558,0.0
27559,0.015625
27560,0.019531
27561,0.019531
27562,0.03125
27563,0.025391
27564,0.025391
27565,0.0058594
27566,-0.054688
27567,-0.064453
27568,0.4707
27569,1.0
27570,1.459
27571,1.5
27572,1.3242
27573,1.0547
27574,0.79492
27575,0.58398
27576,0.34961
27577,0.11523
27578,-0.039062
27579,-0.13477
27580,-0.16992
27581,-0.19922
27582,-0.20898
27583,-0.21484
27584,-0.21484
27585,-0.21484
27586,-0.21875
27587,-0.22461
27588,-0.22852
27589,-0.23438
27590,-0.23438
27591,-0.24414
27592,-0.25977
27593,-0.27344
27594,-0.29492
27595,-0.32422
27596,-0.35938
27597,-0.4043
27598,-0.45898
27599,-0.49805
27600,-0.49805
27601,-0.49805
27602,-0.49805
27603,-0.49805
27604,-0.49805
27605,-0.49414
27606,-0.4082
27607,-0.31836
27608,-0.24414
27609,-0.17969
27610,-0.12891
27611,-0.083984
27612,-0.054688
27613,-0.035156
27614,-0.019531
27615,-0.013672
27616,0.0
27617,0.0058594
27618,0.0097656
27619,0.015625
27620,0.0058594
27621,0.0097656
27622,0.0
27623,0.0097656
27624,0.0058594
27625,0.0
27626,0.0
27627,0.019531
27628,0.0058594
27629,0.0
27630,0.0058594
27631,0.015625
27632,0.0097656
27633,0.019531
27634,0.0097656
27635,0.025391
27636,0.019531
27637,0.015625
27638,0.025391
27639,0.019531
27640,0.015625
27641,0.019531
27642,0.03125
27643,0.015625
27644,0.025391
27645,0.019531
27646,0.019531
27647,0.015625
27648,0.0097656
27649,0.041016
27650,0.044922
27651,0.064453
27652,0.054688
27653,0.070312
27654,0.076172
27655,0.064453
27656,0.070312
27657,0.0
27658,-0.039062
27659,0.3457
27660,0.94531
27661,1.5
27662,1.5
27663,1.5
27664,1.3047
27665,1.0
27666,0.74023
27667,0.48047
27668,0.22461
27669,0.041016
27670,-0.099609
27671,-0.16406
27672,-0.19922
27673,-0.21875
27674,-0.21484
27675,-0.23438
27676,-0.22852
27677,-0.23438
27678,-0.23438
27679,-0.24023
27680,-0.24023
27681,-0.25391
27682,-0.25977
27683,-0.27344
27684,-0.28906
27685,-0.30859
27686,-0.33984
27687,-0.375
27688,-0.41992
27689,-0.47461
27690,-0.49805
27691,-0.49805
27692,-0.49805
27693,-0.49805
27694,-0.49805
27695,-0.49805
27696,-0.49805
27697,-0.46875
27698,-0.36914
27699,-0.28516
27700,-0.21484
27701,-0.14844
27702,-0.10352
27703,-0.074219
27704,-0.054688
27705,-0.029297
27706,-0.025391
27707,-0.013672
27708,-0.013672
27709,-0.013672
27710,-0.013672
27711,-0.0097656
27712,-0.013672
27713,-0.013672
27714,-0.019531
27715,-0.013672
27716,-0.0097656
27717,-0.013672
27718,-0.013672
27719,-0.019531
27720,-0.013672
27721,-0.0039062
27722,-0.0039062
27723,-0.0097656
27724,-0.0039062
27725,-0.0039062
27726,0.0
27727,-0.0039062
27728,0.0
27729,-0.0039062
27730,0.0
27731,0.0
27732,-0.0039062
27733,-0.013672
27734,-0.019531
27735,-0.013672
27736,-0.025391
27737,-0.025391
27738,-0.025391
27739,-0.029297
27740,-0.025391
27741,-0.035156
27742,-0.029297
27743,-0.013672
27744,0.0
27745,0.0097656
27746,0.015625
27747,0.019531
27748,0.019531
27749,0.025391
27750,0.015625
27751,-0.019531
27752,-0.074219
27753,0.16016
27754,0.67969
27755,1.2051
27756,1.5
27757,1.4844
27758,1.2285
27759,0.95898
27760,0.70898
27761,0.5
27762,0.25586
27763,0.041016
27764,-0.083984
27765,-0.1543
27766,-0.18359
27767,-0.20508
27768,-0.20898
27769,-0.21484
27770,-0.22461
27771,-0.22461
27772,-0.22852
27773,-0.23438
27774,-0.22852
27775,-0.24023
27776,-0.24414
27777,-0.25977
27778,-0.26367
27779,-0.28516
27780,-0.30469
27781,-0.33398
27782,-0.375
27783,-0.42383
27784,-0.47852
27785,-0.49805
27786,-0.49805
27787,-0.49805
27788,-0.49805
27789,-0.49805
27790,-0.49805
27791,-0.47461
27792,-0.38867
27793,-0.29883
27794,-0.22852
27795,-0.16406
27796,-0.11523
27797,-0.080078
27798,-0.054688
27799,-0.035156
27800,-0.025391
27801,-0.019531
27802,-0.013672
27803,-0.0039062
27804,-0.0097656
27805,-0.0039062
27806,-0.0097656
27807,-0.0039062
27808,-0.0039062
27809,-0.0039062
27810,-0.0097656
27811,-0.0039062
27812,-0.0097656
27813,-0.0039062
27814,-0.0097656
27815,-0.0097656
27816,0.0
27817,-0.0039062
27818,0.0
27819,-0.0097656
27820,-0.0097656
27821,-0.0039062
27822,-0.0097656
27823,-0.0097656
27824,-0.0039062
27825,-0.013672
27826,-0.013672
27827,-0.019531
27828,-0.019531
27829,-0.025391
27830,-0.019531
27831,-0.025391
27832,-0.019531
27833,-0.035156
27834,-0.025391
27835,-0.013672
27836,0.0058594
27837,0.019531
27838,0.025391
27839,0.019531
27840,0.019531
27841,0.019531
27842,0.0097656
27843,-0.035156
27844,-0.070312
27845,0.35547
27846,0.88477
27847,1.3789
27848,1.5
27849,1.3789
27850,1.1094
27851,0.84375
27852,0.625
27853,0.39453
27854,0.14453
27855,-0.029297
27856,-0.13477
27857,-0.17383
27858,-0.20508
27859,-0.21484
27860,-0.22852
27861,-0.22461
27862,-0.23438
27863,-0.22852
27864,-0.23438
27865,-0.23438
27866,-0.24023
27867,-0.25
27868,-0.25391
27869,-0.26367
27870,-0.2793
27871,-0.29883
27872,-0.32422
27873,-0.36328
27874,-0.4082
27875,-0.46484
27876,-0.49805
27877,-0.49805
27878,-0.49805
27879,-0.49805
27880,-0.49805
27881,-0.49805
27882,-0.49805
27883,-0.43945
27884,-0.34375
27885,-0.26953
27886,-0.19336
27887,-0.13867
27888,-0.099609
27889,-0.064453
27890,-0.044922
27891,-0.025391
27892,-0.019531
27893,-0.0097656
27894,-0.0039062
27895,0.0
27896,-0.0039062
27897,-0.0039062
27898,-0.0097656
27899,-0.0039062
27900,-0.0097656
27901,-0.0039062
27902,-0.0097656
27903,-0.0097656
27904,-0.0097656
27905,-0.0039062
27906,0.0
27907,-0.0097656
27908,-0.0039062
27909,0.0
27910,-0.0039062
27911,0.0
27912,-0.0039062
27913,-0.0039062
27914,0.0
27915,0.0
27916,-0.0039062
27917,-0.0097656
27918,-0.013672
27919,-0.0097656
27920,-0.019531
27921,-0.025391
27922,-0.013672
27923,-0.025391
27924,-0.025391
27925,-0.035156
27926,-0.013672
27927,0.0
27928,0.015625
27929,0.019531
27930,0.025391
27931,0.019531
27932,0.03125
27933,0.025391
27934,-0.0039062
27935,-0.064453
27936,0.054688
27937,0.53516
27938,1.0645
27939,1.4941
27940,1.5
27941,1.2852
27942,1.0098
27943,0.75
27944,0.55469
27945,0.31445
27946,0.089844
27947,-0.058594
27948,-0.14453
27949,-0.17383
27950,-0.19336
27951,-0.20898
27952,-0.20508
27953,-0.22461
27954,-0.20898
27955,-0.22461
27956,-0.21484
27957,-0.23438
27958,-0.22852
27959,-0.22461
27960,-0.24414
27961,-0.25977
27962,-0.27344
27963,-0.29883
27964,-0.28516
27965,-0.36328
27966,-0.4082
27967,-0.45312
27968,-0.49805
27969,-0.49805
27970,-0.49805
27971,-0.49805
27972,-0.49805
27973,-0.49805
27974,-0.46484
27975,-0.375
27976,-0.2793
27977,-0.19336
27978,-0.14453
27979,-0.083984
27980,-0.054688
27981,-0.013672
27982,0.0058594
27983,0.0097656
27984,0.019531
27985,0.044922
27986,0.03125
27987,0.025391
27988,0.041016
27989,0.041016
27990,0.035156
27991,0.044922
27992,0.03125
27993,0.019531
27994,0.025391
27995,0.041016
27996,0.041016
27997,0.025391
27998,0.019531
27999,0.019531
28000,0.019531
28001,0.025391
28002,0.03125
28003,0.019531
28004,0.015625
28005,0.019531
28006,0.015625
28007,0.019531
28008,0.015625
28009,0.019531
28010,0.0058594
28011,0.0097656
28012,0.015625
28013,0.0058594
28014,-0.0039062
28015,-0.0097656
28016,0.0
28017,0.0097656
28018,0.025391
28019,0.035156
28020,0.041016
28021,0.035156
28022,0.035156
28023,0.03125
28024,0.015625
28025,-0.044922
28026,-0.074219
28027,0.46484
28028,1.0488
28029,1.5
28030,1.5
28031,1.4395
28032,1.1484
28033,0.85547
28034,0.625
28035,0.38086
28036,0.13086
28037,-0.039062
28038,-0.14453
28039,-0.20508
28040,-0.24023
28041,-0.25
28042,-0.25977
28043,-0.25977
28044,-0.26367
28045,-0.26953
28046,-0.26953
28047,-0.26953
28048,-0.2793
28049,-0.28516
28050,-0.28906
28051,-0.29883
28052,-0.31836
28053,-0.33984
28054,-0.36914
28055,-0.4082
28056,-0.45312
28057,-0.49805
28058,-0.49805
28059,-0.49805
28060,-0.49805
28061,-0.49805
28062,-0.49805
28063,-0.49805
28064,-0.49805
28065,-0.43945
28066,-0.34375
28067,-0.26367
28068,-0.19922
28069,-0.14453
28070,-0.099609
28071,-0.074219
28072,-0.048828
28073,-0.035156
28074,-0.025391
28075,-0.013672
28076,-0.0097656
28077,-0.0097656
28078,-0.0097656
28079,-0.0097656
28080,-0.013672
28081,-0.013672
28082,-0.0097656
28083,-0.013672
28084,-0.0097656
28085,-0.019531
28086,-0.0097656
28087,-0.0097656
28088,-0.013672
28089,-0.0097656
28090,-0.0097656
28091,-0.0039062
28092,-0.0097656
28093,-0.013672
28094,-0.0097656
28095,-0.013672
28096,-0.013672
28097,-0.0097656
28098,-0.013672
28099,-0.0097656
28100,-0.0039062
28101,-0.013672
28102,-0.019531
28103,-0.025391
28104,-0.019531
28105,-0.025391
28106,-0.025391
28107,-0.019531
28108,-0.029297
28109,-0.029297
28110,-0.013672
28111,0.0
28112,0.015625
28113,0.025391
28114,0.019531
28115,0.025391
28116,0.025391
28117,0.03125
28118,0.0
28119,-0.058594
28120,0.064453
28121,0.55078
28122,1.0801
28123,1.5
28124,1.5
28125,1.2852
28126,1.0195
28127,0.75391
28128,0.55469
28129,0.31055
28130,0.080078
28131,-0.070312
28132,-0.14844
28133,-0.18359
28134,-0.20898
28135,-0.21484
28136,-0.21484
28137,-0.22461
28138,-0.22461
28139,-0.22852
28140,-0.23438
28141,-0.23438
28142,-0.24023
28143,-0.24414
28144,-0.25977
28145,-0.26367
28146,-0.28516
28147,-0.30469
28148,-0.33398
28149,-0.375
28150,-0.41992
28151,-0.46875
28152,-0.49805
28153,-0.49805
28154,-0.49805
28155,-0.49805
28156,-0.49805
28157,-0.49805
28158,-0.49414
28159,-0.4082
28160,-0.31836
28161,-0.24023
28162,-0.17969
28163,-0.125
28164,-0.089844
28165,-0.054688
28166,-0.035156
28167,-0.025391
28168,-0.013672
28169,-0.0097656
28170,-0.0039062
28171,-0.0039062
28172,0.0
28173,-0.0039062
28174,0.0
28175,-0.0039062
28176,-0.0039062
28177,-0.0097656
28178,-0.0097656
28179,-0.0039062
28180,-0.0039062
28181,-0.0097656
28182,-0.0039062
28183,-0.0097656
28184,-0.0039062
28185,-0.0097656
28186,-0.013672
28187,-0.0039062
28188,0.0
28189,-0.0039062
28190,0.0
28191,-0.013672
28192,-0.013672
28193,-0.013672
28194,-0.019531
28195,-0.025391
28196,-0.025391
28197,-0.025391
28198,-0.029297
28199,-0.025391
28200,-0.029297
28201,-0.025391
28202,-0.0097656
28203,0.0
28204,0.015625
28205,0.025391
28206,0.03125
28207,0.025391
28208,0.019531
28209,0.015625
28210,-0.035156
28211,-0.070312
28212,0.2793
28213,0.81055
28214,1.3184
28215,1.5
28216,1.4141
28217,1.1484
28218,0.87891
28219,0.6543
28220,0.43555
28221,0.18945
28222,-0.0039062
28223,-0.11523
28224,-0.16406
28225,-0.19336
28226,-0.20898
28227,-0.21484
28228,-0.21875
28229,-0.22461
28230,-0.22852
28231,-0.22852
28232,-0.22852
28233,-0.23438
28234,-0.24414
28235,-0.25391
28236,-0.25977
28237,-0.2793
28238,-0.29492
28239,-0.32422
28240,-0.34961
28241,-0.39844
28242,-0.43945
28243,-0.49805
28244,-0.49805
28245,-0.49805
28246,-0.49805
28247,-0.49805
28248,-0.49805
28249,-0.49805
28250,-0.42969
28251,-0.35938
28252,-0.26367
28253,-0.18945
28254,-0.13867
28255,-0.083984
28256,-0.048828
28257,-0.029297
28258,0.0058594
28259,0.025391
28260,0.0
28261,0.015625
28262,0.025391
28263,0.03125
28264,0.015625
28265,0.035156
28266,0.03125
28267,0.044922
28268,0.025391
28269,0.044922
28270,0.035156
28271,0.041016
28272,0.03125
28273,0.025391
28274,0.041016
28275,0.044922
28276,0.025391
28277,0.041016
28278,0.019531
28279,0.041016
28280,0.03125
28281,0.035156
28282,0.044922
28283,0.019531
28284,0.019531
28285,0.03125
28286,0.019531
28287,0.015625
28288,0.0097656
28289,0.015625
28290,0.015625
28291,0.0058594
28292,0.0097656
28293,0.019531
28294,0.03125
28295,0.044922
28296,0.044922
28297,0.050781
28298,0.041016
28299,0.044922
28300,0.025391
28301,-0.013672
28302,-0.058594
28303,0.4043
28304,1.0
28305,1.5
28306,1.5
28307,1.5
28308,1.2246
28309,0.91992
28310,0.66992
28311,0.42578
28312,0.16602
28313,-0.013672
28314,-0.13477
28315,-0.18945
28316,-0.23438
28317,-0.24414
28318,-0.25391
28319,-0.25
28320,-0.25977
28321,-0.25977
28322,-0.25977
28323,-0.26367
28324,-0.27344
28325,-0.2793
28326,-0.28906
28327,-0.29883
28328,-0.31445
28329,-0.33398
28330,-0.36328
28331,-0.4043
28332,-0.45312
28333,-0.49805
28334,-0.49805
28335,-0.49805
28336,-0.49805
28337,-0.49805
28338,-0.49805
28339,-0.49805
28340,-0.49805
28341,-0.46484
28342,-0.375
28343,-0.28516
28344,-0.20898
28345,-0.1543
28346,-0.11523
28347,-0.080078
28348,-0.058594
28349,-0.039062
28350,-0.025391
28351,-0.019531
28352,-0.019531
28353,-0.013672
28354,-0.019531
28355,-0.0097656
28356,-0.0097656
28357,-0.0097656
28358,-0.013672
28359,-0.019531
28360,-0.0097656
28361,-0.013672
28362,-0.0097656
28363,-0.0097656
28364,-0.0097656
28365,-0.0097656
28366,-0.0039062
28367,-0.0039062
28368,-0.013672
28369,-0.0097656
28370,-0.0097656
28371,-0.013672
28372,-0.0039062
28373,-0.013672
28374,-0.0039062
28375,-0.0097656
28376,-0.0097656
28377,-0.013672
28378,-0.013672
28379,-0.013672
28380,-0.019531
28381,-0.025391
28382,-0.013672
28383,-0.025391
28384,-0.019531
28385,-0.025391
28386,-0.013672
28387,0.0
28388,0.0097656
28389,0.019531
28390,0.025391
28391,0.03125
28392,0.035156
28393,0.035156
28394,0.015625
28395,-0.035156
28396,-0.064453
28397,0.35547
28398,0.88867
28399,1.3887
28400,1.5
28401,1.3984
28402,1.1289
28403,0.85547
28404,0.62891
28405,0.4043
28406,0.15625
28407,-0.019531
28408,-0.12891
28409,-0.16992
28410,-0.20508
28411,-0.21484
28412,-0.21484
28413,-0.21875
28414,-0.21875
28415,-0.21875
28416,-0.22852
28417,-0.22852
28418,-0.23438
28419,-0.24023
28420,-0.25
28421,-0.25977
28422,-0.26367
28423,-0.28516
28424,-0.31445
28425,-0.35352
28426,-0.39453
28427,-0.44922
28428,-0.49805
28429,-0.49805
28430,-0.49805
28431,-0.49805
28432,-0.49805
28433,-0.49805
28434,-0.49805
28435,-0.43945
28436,-0.34375
28437,-0.26953
28438,-0.19922
28439,-0.14453
28440,-0.099609
28441,-0.064453
28442,-0.044922
28443,-0.025391
28444,-0.013672
28445,-0.0097656
28446,0.0
28447,0.0
28448,0.0
28449,0.0
28450,-0.0039062
28451,0.0
28452,-0.0039062
28453,0.0
28454,0.0
28455,0.0
28456,0.0
28457,-0.0039062
28458,0.0
28459,0.0
28460,-0.0039062
28461,-0.0039062
28462,-0.0039062
28463,0.0
28464,0.0
28465,-0.0039062
28466,-0.0097656
28467,-0.0097656
28468,-0.013672
28469,-0.013672
28470,-0.013672
28471,-0.025391
28472,-0.025391
28473,-0.025391
28474,-0.029297
28475,-0.029297
28476,-0.025391
28477,-0.035156
28478,-0.019531
28479,-0.0097656
28480,0.0097656
28481,0.019531
28482,0.025391
28483,0.019531
28484,0.025391
28485,0.019531
28486,-0.0039062
28487,-0.070312
28488,0.064453
28489,0.56055
28490,1.0938
28491,1.5
28492,1.5
28493,1.2852
28494,1.0098
28495,0.75
28496,0.54492
28497,0.30469
28498,0.076172
28499,-0.070312
28500,-0.14844
28501,-0.17969
28502,-0.20508
28503,-0.21484
28504,-0.21484
28505,-0.21875
28506,-0.22461
28507,-0.22852
28508,-0.22852
28509,-0.22852
28510,-0.23438
28511,-0.23438
28512,-0.25391
28513,-0.25977
28514,-0.2793
28515,-0.29883
28516,-0.33398
28517,-0.375
28518,-0.41992
28519,-0.47461
28520,-0.49805
28521,-0.49805
28522,-0.49805
28523,-0.49805
28524,-0.49805
28525,-0.49805
28526,-0.47461
28527,-0.38867
28528,-0.29883
28529,-0.22461
28530,-0.16406
28531,-0.11914
28532,-0.080078
28533,-0.044922
28534,-0.025391
28535,-0.013672
28536,0.015625
28537,-0.013672
28538,0.0058594
28539,0.0
28540,0.019531
28541,0.0058594
28542,0.03125
28543,0.0097656
28544,0.019531
28545,0.015625
28546,0.025391
28547,0.019531
28548,0.019531
28549,0.03125
28550,0.019531
28551,0.03125
28552,0.041016
28553,0.03125
28554,0.054688
28555,0.035156
28556,0.03125
28557,0.035156
28558,0.041016
28559,0.03125
28560,0.03125
28561,0.044922
28562,0.03125
28563,0.03125
28564,0.035156
28565,0.035156
28566,0.019531
28567,0.03125
28568,0.0058594
28569,0.019531
28570,0.03125
28571,0.044922
28572,0.044922
28573,0.064453
28574,0.044922
28575,0.044922
28576,0.054688
28577,0.03125
28578,-0.025391
28579,-0.048828
28580,0.46094
28581,1.0703
28582,1.5
28583,1.5
28584,1.5
28585,1.2188
28586,0.91992
28587,0.66406
28588,0.41016
28589,0.15625
28590,-0.013672
28591,-0.12891
28592,-0.17383
28593,-0.21875
28594,-0.23438
28595,-0.24023
28596,-0.24023
28597,-0.25
28598,-0.25
28599,-0.25391
28600,-0.25977
28601,-0.26953
28602,-0.27344
28603,-0.28516
28604,-0.29492
28605,-0.31445
28606,-0.33398
28607,-0.36328
28608,-0.4043
28609,-0.45312
28610,-0.49805
28611,-0.49805
28612,-0.49805
28613,-0.49805
28614,-0.49805
28615,-0.49805
28616,-0.49805
28617,-0.49805
28618,-0.45898
28619,-0.36328
28620,-0.2793
28621,-0.20898
28622,-0.14844
28623,-0.10352
28624,-0.074219
28625,-0.048828
28626,-0.039062
28627,-0.025391
28628,-0.019531
28629,-0.019531
28630,-0.013672
28631,-0.013672
28632,-0.013672
28633,-0.019531
28634,-0.019531
28635,-0.019531
28636,-0.013672
28637,-0.013672
28638,-0.013672
28639,-0.019531
28640,-0.013672
28641,-0.019531
28642,-0.013672
28643,-0.013672
28644,-0.0097656
28645,-0.013672
28646,-0.0097656
28647,-0.0097656
28648,-0.0097656
28649,-0.0039062
28650,-0.0097656
28651,-0.0039062
28652,-0.0097656
28653,-0.0097656
28654,-0.0097656
28655,-0.013672
28656,-0.013672
28657,-0.025391
28658,-0.025391
28659,-0.013672
28660,-0.025391
28661,-0.019531
28662,-0.025391
28663,-0.013672
28664,-0.0039062
28665,0.0097656
28666,0.019531
28667,0.025391
28668,0.025391
28669,0.03125
28670,0.03125
28671,0.015625
28672,-0.035156
28673,-0.064453
28674,0.35938
28675,0.88867
28676,1.3984
28677,1.5
28678,1.4043
28679,1.1289
28680,0.85938
28681,0.63477
28682,0.41602
28683,0.16016
28684,-0.013672
28685,-0.125
28686,-0.16992
28687,-0.19336
28688,-0.20898
28689,-0.21484
28690,-0.21875
28691,-0.21875
28692,-0.22461
28693,-0.21875
28694,-0.22852
28695,-0.23438
28696,-0.23438
28697,-0.24023
28698,-0.25977
28699,-0.26953
28700,-0.29492
28701,-0.31836
28702,-0.34961
28703,-0.39453
28704,-0.44336
28705,-0.49805
28706,-0.49805
28707,-0.49805
28708,-0.49805
28709,-0.49805
28710,-0.49805
28711,-0.49805
28712,-0.43359
28713,-0.34375
28714,-0.26367
28715,-0.19336
28716,-0.13867
28717,-0.089844
28718,-0.064453
28719,-0.035156
28720,-0.019531
28721,-0.0097656
28722,0.0
28723,0.0
28724,0.0058594
28725,0.0058594
28726,0.0097656
28727,0.0
28728,0.0
28729,0.0
28730,0.0
28731,0.0
28732,0.0
28733,0.0
28734,0.0
28735,0.0
28736,0.0
28737,-0.0039062
28738,0.0
28739,0.0
28740,0.0
28741,0.0
28742,0.0
28743,0.0
28744,0.0
28745,0.0
28746,-0.0039062
28747,-0.0039062
28748,-0.013672
28749,-0.0097656
28750,-0.019531
28751,-0.0097656
28752,-0.019531
28753,-0.019531
28754,-0.025391
28755,-0.0039062
28756,0.0058594
28757,0.019531
28758,0.019531
28759,0.03125
28760,0.035156
28761,0.041016
28762,0.025391
28763,0.0
28764,-0.064453
28765,0.125
28766,0.625
28767,1.1602
28768,1.5
28769,1.5
28770,1.2598
28771,0.99023
28772,0.73047
28773,0.5293
28774,0.27539
28775,0.064453
28776,-0.074219
28777,-0.14844
28778,-0.17969
28779,-0.20508
28780,-0.20898
28781,-0.20898
28782,-0.21484
28783,-0.21875
28784,-0.21875
28785,-0.22461
28786,-0.22461
28787,-0.23438
28788,-0.24023
28789,-0.25391
28790,-0.25977
28791,-0.28516
28792,-0.30469
28793,-0.33984
28794,-0.37891
28795,-0.42969
28796,-0.47852
28797,-0.49805
28798,-0.49805
28799,-0.49805
28800,-0.49805
28801,-0.49805
28802,-0.49805
28803,-0.46484
28804,-0.37891
28805,-0.29492
28806,-0.22461
28807,-0.16016
28808,-0.11523
28809,-0.074219
28810,-0.039062
28811,-0.025391
28812,-0.013672
28813,0.0
28814,0.0
28815,0.0058594
28816,0.0
28817,0.0
28818,0.0
28819,0.0
28820,0.0058594
28821,0.0
28822,0.0
28823,0.0097656
28824,0.0
28825,-0.0039062
28826,0.015625
28827,0.0
28828,0.0097656
28829,0.015625
28830,0.0
28831,0.015625
28832,0.0
28833,-0.0039062
28834,0.0097656
28835,0.03125
28836,0.015625
28837,0.0097656
28838,0.015625
28839,0.0058594
28840,0.019531
28841,0.0097656
28842,0.0058594
28843,0.019531
28844,0.0058594
28845,0.0
28846,0.015625
28847,0.054688
28848,0.044922
28849,0.060547
28850,0.054688
28851,0.064453
28852,0.060547
28853,0.070312
28854,0.041016
28855,0.0058594
28856,-0.019531
28857,0.54492
28858,1.1641
28859,1.5
28860,1.5
28861,1.5
28862,1.1836
28863,0.87891
28864,0.6543
28865,0.39453
28866,0.14062
28867,-0.019531
28868,-0.12891
28869,-0.16992
28870,-0.21484
28871,-0.21875
28872,-0.21484
28873,-0.22461
28874,-0.22852
28875,-0.23438
28876,-0.22461
28877,-0.23438
28878,-0.23438
28879,-0.24414
28880,-0.25977
28881,-0.27344
28882,-0.29492
28883,-0.32422
28884,-0.34961
28885,-0.38477
28886,-0.43945
28887,-0.48828
28888,-0.49805
28889,-0.49805
28890,-0.49805
28891,-0.49805
28892,-0.49805
28893,-0.49805
28894,-0.49805
28895,-0.42383
28896,-0.33008
28897,-0.25
28898,-0.17383
28899,-0.11914
28900,-0.080078
28901,-0.054688
28902,-0.035156
28903,-0.025391
28904,-0.013672
28905,-0.0039062
28906,0.0
28907,0.0
28908,0.0
28909,-0.0039062
28910,-0.0039062
28911,-0.0097656
28912,-0.0097656
28913,-0.0097656
28914,-0.013672
28915,-0.0097656
28916,-0.0097656
28917,-0.0039062
28918,-0.0097656
28919,-0.0097656
28920,-0.013672
28921,-0.0097656
28922,-0.019531
28923,-0.013672
28924,-0.0097656
28925,-0.0097656
28926,-0.0097656
28927,-0.013672
28928,-0.013672
28929,-0.019531
28930,-0.013672
28931,-0.019531
28932,-0.025391
28933,-0.025391
28934,-0.025391
28935,-0.029297
28936,-0.025391
28937,-0.029297
28938,-0.029297
28939,-0.013672
28940,-0.0039062
28941,0.0
28942,0.015625
28943,0.019531
28944,0.019531
28945,0.019531
28946,0.015625
28947,-0.0097656
28948,-0.070312
28949,0.064453
28950,0.56055
28951,1.1035
28952,1.5
28953,1.5
28954,1.3086
28955,1.0352
28956,0.75977
28957,0.55469
28958,0.31055
28959,0.085938
28960,-0.064453
28961,-0.14844
28962,-0.18945
28963,-0.21484
28964,-0.22461
28965,-0.21875
28966,-0.23438
28967,-0.22852
28968,-0.23438
28969,-0.23438
28970,-0.24023
28971,-0.24023
28972,-0.24414
28973,-0.25977
28974,-0.26953
28975,-0.28516
28976,-0.30469
28977,-0.33398
28978,-0.375
28979,-0.42383
28980,-0.47852
28981,-0.49805
28982,-0.49805
28983,-0.49805
28984,-0.49805
28985,-0.49805
28986,-0.49805
28987,-0.48828
28988,-0.39844
28989,-0.31445
28990,-0.24023
28991,-0.17383
28992,-0.11914
28993,-0.083984
28994,-0.048828
28995,-0.035156
28996,-0.019531
28997,-0.013672
28998,-0.0039062
28999,0.0
29000,-0.0039062
29001,-0.0039062
29002,0.0
29003,-0.0039062
29004,-0.0039062
29005,0.0
29006,-0.0097656
29007,0.0
29008,-0.0039062
29009,-0.0039062
29010,0.0
29011,-0.0039062
29012,-0.0097656
29013,-0.0039062
29014,-0.0039062
29015,0.0
29016,-0.0039062
29017,-0.0039062
29018,-0.0039062
29019,0.0
29020,-0.0039062
29021,0.0
29022,-0.0039062
29023,-0.0039062
29024,-0.0097656
29025,-0.013672
29026,-0.019531
29027,-0.013672
29028,-0.025391
29029,-0.025391
29030,-0.025391
29031,-0.0097656
29032,0.0
29033,0.0097656
29034,0.019531
29035,0.019531
29036,0.025391
29037,0.019531
29038,0.019531
29039,0.0
29040,-0.058594
29041,-0.070312
29042,0.5
29043,1.0352
29044,1.4883
29045,1.5
29046,1.3184
29047,1.0391
29048,0.7793
29049,0.57031
29050,0.33594
29051,0.095703
29052,-0.058594
29053,-0.14453
29054,-0.17383
29055,-0.19922
29056,-0.21484
29057,-0.21484
29058,-0.21484
29059,-0.21875
29060,-0.22852
29061,-0.21875
29062,-0.22852
29063,-0.23438
29064,-0.24414
29065,-0.24414
29066,-0.25977
29067,-0.2793
29068,-0.30469
29069,-0.33008
29070,-0.36914
29071,-0.41992
29072,-0.47461
29073,-0.49805
29074,-0.49805
29075,-0.49805
29076,-0.49805
29077,-0.49805
29078,-0.49805
29079,-0.48828
29080,-0.4043
29081,-0.31836
29082,-0.24023
29083,-0.17383
29084,-0.125
29085,-0.083984
29086,-0.054688
29087,-0.035156
29088,-0.019531
29089,-0.0097656
29090,0.0
29091,0.0
29092,0.0
29093,0.0
29094,0.0
29095,0.0
29096,0.0
29097,0.0
29098,0.0
29099,0.0
29100,-0.0039062
29101,-0.0039062
29102,-0.0097656
29103,0.0
29104,-0.0039062
29105,0.0
29106,0.0
29107,0.0
29108,-0.0039062
29109,0.0
29110,-0.0097656
29111,-0.0097656
29112,-0.0097656
29113,-0.0097656
29114,-0.013672
29115,-0.0097656
29116,-0.013672
29117,-0.019531
29118,-0.025391
29119,-0.019531
29120,-0.025391
29121,-0.025391
29122,-0.035156
29123,-0.025391
29124,-0.0097656
29125,0.0058594
29126,0.019531
29127,0.019531
29128,0.025391
29129,0.019531
29130,0.019531
29131,0.0097656
29132,-0.039062
29133,-0.074219
29134,0.35938
29135,0.88867
29136,1.3945
29137,1.5
29138,1.375
29139,1.0996
29140,0.83398
29141,0.61914
29142,0.40039
29143,0.15625
29144,-0.025391
29145,-0.125
29146,-0.16992
29147,-0.18945
29148,-0.21484
29149,-0.21484
29150,-0.22461
29151,-0.20898
29152,-0.22852
29153,-0.21875
29154,-0.22461
29155,-0.20898
29156,-0.23438
29157,-0.24023
29158,-0.25391
29159,-0.25977
29160,-0.28906
29161,-0.30859
29162,-0.33398
29163,-0.39844
29164,-0.44922
29165,-0.49805
29166,-0.49805
29167,-0.49805
29168,-0.49805
29169,-0.49805
29170,-0.49805
29171,-0.49805
29172,-0.41406
29173,-0.31445
29174,-0.22461
29175,-0.16016
29176,-0.10352
29177,-0.048828
29178,-0.025391
29179,-0.013672
29180,0.015625
29181,0.0097656
29182,0.025391
29183,0.03125
29184,0.025391
29185,0.044922
29186,0.019531
29187,0.025391
29188,0.03125
29189,0.03125
29190,0.025391
29191,0.025391
29192,0.019531
29193,0.025391
29194,0.019531
29195,0.019531
29196,0.019531
29197,0.015625
29198,0.019531
29199,0.019531
29200,0.019531
29201,0.015625
29202,0.019531
29203,0.0097656
29204,0.0097656
29205,0.0097656
29206,0.015625
29207,0.0097656
29208,0.0
29209,0.0
29210,-0.0039062
29211,-0.0039062
29212,-0.013672
29213,-0.025391
29214,-0.0097656
29215,0.0
29216,0.0097656
29217,0.019531
29218,0.019531
29219,0.019531
29220,0.015625
29221,0.019531
29222,-0.0097656
29223,-0.074219
29224,0.041016
29225,0.55469
29226,1.125
29227,1.5
29228,1.5
29229,1.3594
29230,1.0645
29231,0.78516
29232,0.56445
29233,0.32031
29234,0.085938
29235,-0.064453
29236,-0.16406
29237,-0.20898
29238,-0.24414
29239,-0.25977
29240,-0.25977
29241,-0.26367
29242,-0.25977
29243,-0.26367
29244,-0.26367
29245,-0.27344
29246,-0.2793
29247,-0.2793
29248,-0.28516
29249,-0.29883
29250,-0.31836
29251,-0.33984
29252,-0.375
29253,-0.41992
29254,-0.46484
29255,-0.49805
29256,-0.49805
29257,-0.49805
29258,-0.49805
29259,-0.49805
29260,-0.49805
29261,-0.49805
29262,-0.49805
29263,-0.42383
29264,-0.33984
29265,-0.25391
29266,-0.19336
29267,-0.13867
29268,-0.099609
29269,-0.070312
29270,-0.048828
29271,-0.035156
29272,-0.029297
29273,-0.025391
29274,-0.025391
29275,-0.019531
29276,-0.013672
29277,-0.019531
29278,-0.013672
29279,-0.013672
29280,-0.013672
29281,-0.019531
29282,-0.019531
29283,-0.019531
29284,-0.013672
29285,-0.013672
29286,-0.013672
29287,-0.013672
29288,-0.013672
29289,-0.013672
29290,-0.0097656
29291,-0.0097656
29292,-0.0097656
29293,-0.0039062
29294,-0.0039062
29295,-0.0097656
29296,-0.0039062
29297,-0.0097656
29298,-0.0097656
29299,-0.013672
29300,-0.013672
29301,-0.025391
29302,-0.025391
29303,-0.019531
29304,-0.025391
29305,-0.025391
29306,-0.029297
29307,-0.019531
29308,-0.0039062
29309,0.0
29310,0.019531
29311,0.019531
29312,0.019531
29313,0.025391
29314,0.019531
29315,0.0097656
29316,-0.044922
29317,-0.070312
29318,0.36523
29319,0.89453
29320,1.3945
29321,1.5
29322,1.3789
29323,1.1094
29324,0.84375
29325,0.625
29326,0.40039
29327,0.15039
29328,-0.025391
29329,-0.12891
29330,-0.16992
29331,-0.20508
29332,-0.21484
29333,-0.21484
29334,-0.21875
29335,-0.22461
29336,-0.22852
29337,-0.22461
29338,-0.22852
29339,-0.23438
29340,-0.23438
29341,-0.25
29342,-0.25391
29343,-0.27344
29344,-0.28906
29345,-0.31836
29346,-0.35352
29347,-0.39844
29348,-0.44922
29349,-0.49805
29350,-0.49805
29351,-0.49805
29352,-0.49805
29353,-0.49805
29354,-0.49805
29355,-0.49805
29356,-0.43359
29357,-0.34375
29358,-0.26367
29359,-0.18945
29360,-0.13477
29361,-0.09375
29362,-0.070312
29363,-0.044922
29364,-0.025391
29365,-0.013672
29366,-0.013672
29367,-0.0039062
29368,0.0
29369,0.0
29370,0.0
29371,0.0
29372,0.0
29373,0.0
29374,-0.0097656
29375,-0.0097656
29376,-0.0039062
29377,-0.0039062
29378,-0.0039062
29379,0.0
29380,0.0
29381,0.0
29382,0.0
29383,0.0
29384,-0.0039062
29385,-0.0039062
29386,0.0
29387,-0.0039062
29388,-0.0039062
29389,-0.0097656
29390,-0.0097656
29391,-0.013672
29392,-0.013672
29393,-0.025391
29394,-0.019531
29395,-0.025391
29396,-0.025391
29397,-0.019531
29398,-0.029297
29399,-0.019531
29400,0.0
29401,0.0097656
29402,0.019531
29403,0.025391
29404,0.025391
29405,0.03125
29406,0.03125
29407,0.0097656
29408,-0.044922
29409,-0.070312
29410,0.42969
29411,0.96484
29412,1.4434
29413,1.5
29414,1.3496
29415,1.0742
29416,0.81055
29417,0.60547
29418,0.37109
29419,0.13086
29420,-0.029297
29421,-0.11914
29422,-0.16016
29423,-0.19922
29424,-0.19336
29425,-0.19922
29426,-0.20508
29427,-0.20508
29428,-0.22461
29429,-0.21484
29430,-0.20898
29431,-0.22461
29432,-0.21484
29433,-0.23438
29434,-0.23438
29435,-0.26367
29436,-0.2793
29437,-0.31445
29438,-0.34961
29439,-0.4043
29440,-0.44922
29441,-0.49805
29442,-0.49805
29443,-0.49805
29444,-0.49805
29445,-0.49805
29446,-0.49805
29447,-0.49414
29448,-0.38477
29449,-0.30859
29450,-0.22461
29451,-0.1543
29452,-0.089844
29453,-0.039062
29454,-0.025391
29455,-0.0097656
29456,0.0058594
29457,0.03125
29458,0.044922
29459,0.025391
29460,0.03125
29461,0.041016
29462,0.025391
29463,0.025391
29464,0.025391
29465,0.035156
29466,0.025391
29467,0.03125
29468,0.025391
29469,0.025391
29470,0.019531
29471,0.019531
29472,0.019531
29473,0.019531
29474,0.025391
29475,0.019531
29476,0.019531
29477,0.015625
29478,0.019531
29479,0.019531
29480,0.015625
29481,0.0097656
29482,0.0097656
29483,0.0
29484,-0.0039062
29485,0.0
29486,-0.0039062
29487,-0.0097656
29488,0.0
29489,-0.019531
29490,0.0
29491,0.0
29492,0.015625
29493,0.019531
29494,0.025391
29495,0.019531
29496,0.019531
29497,0.015625
29498,-0.0097656
29499,-0.074219
29500,0.070312
29501,0.58398
29502,1.1602
29503,1.5
29504,1.5
29505,1.334
29506,1.0449
29507,0.76953
29508,0.55078
29509,0.31055
29510,0.076172
29511,-0.074219
29512,-0.16406
29513,-0.20898
29514,-0.23438
29515,-0.24414
29516,-0.25
29517,-0.25
29518,-0.25391
29519,-0.25391
29520,-0.25977
29521,-0.25977
29522,-0.26367
29523,-0.26953
29524,-0.28516
29525,-0.28906
29526,-0.31445
29527,-0.33398
29528,-0.36914
29529,-0.4043
29530,-0.45898
29531,-0.49805
29532,-0.49805
29533,-0.49805
29534,-0.49805
29535,-0.49805
29536,-0.49805
29537,-0.49805
29538,-0.49805
29539,-0.41406
29540,-0.31836
29541,-0.24414
29542,-0.17383
29543,-0.125
29544,-0.083984
29545,-0.058594
29546,-0.039062
29547,-0.025391
29548,-0.025391
29549,-0.013672
29550,-0.0097656
29551,-0.0097656
29552,-0.0097656
29553,-0.0097656
29554,-0.013672
29555,-0.0097656
29556,-0.0097656
29557,-0.0097656
29558,-0.0097656
29559,-0.0039062
29560,-0.0097656
29561,-0.0039062
29562,-0.0039062
29563,-0.0039062
29564,-0.0039062
29565,-0.0039062
29566,-0.0039062
29567,-0.0039062
29568,-0.0039062
29569,-0.0039062
29570,-0.0097656
29571,-0.0039062
29572,-0.0097656
29573,-0.0097656
29574,-0.0039062
29575,-0.0097656
29576,-0.013672
29577,-0.019531
29578,-0.019531
29579,-0.013672
29580,-0.025391
29581,-0.025391
29582,-0.025391
29583,-0.025391
29584,-0.0039062
29585,0.0097656
29586,0.019531
29587,0.025391
29588,0.025391
29589,0.019531
29590,0.025391
29591,0.015625
29592,-0.035156
29593,-0.070312
29594,0.33008
29595,0.85938
29596,1.3633
29597,1.5
29598,1.3945
29599,1.125
29600,0.85938
29601,0.63477
29602,0.41016
29603,0.16602
29604,-0.0097656
29605,-0.11914
29606,-0.16992
29607,-0.19922
29608,-0.21484
29609,-0.21484
29610,-0.22461
29611,-0.22852
29612,-0.22852
29613,-0.23438
29614,-0.23438
29615,-0.22852
29616,-0.24023
29617,-0.24414
29618,-0.25977
29619,-0.26953
29620,-0.28906
29621,-0.30859
29622,-0.34961
29623,-0.39453
29624,-0.44922
29625,-0.49805
29626,-0.49805
29627,-0.49805
29628,-0.49805
29629,-0.49805
29630,-0.49805
29631,-0.49805
29632,-0.43945
29633,-0.34375
29634,-0.26367
29635,-0.19922
29636,-0.13867
29637,-0.09375
29638,-0.064453
29639,-0.044922
29640,-0.025391
29641,-0.019531
29642,-0.013672
29643,-0.0097656
29644,-0.0039062
29645,0.0
29646,0.0
29647,-0.0039062
29648,0.0
29649,0.0
29650,-0.0097656
29651,-0.013672
29652,-0.0097656
29653,-0.0097656
29654,-0.0097656
29655,-0.0039062
29656,-0.0039062
29657,-0.013672
29658,-0.0039062
29659,0.0
29660,-0.0097656
29661,-0.0039062
29662,-0.0097656
29663,-0.0097656
29664,-0.0097656
29665,-0.0097656
29666,-0.013672
29667,-0.013672
29668,-0.013672
29669,-0.025391
29670,-0.025391
29671,-0.019531
29672,-0.025391
29673,-0.019531
29674,-0.035156
29675,-0.019531
29676,-0.0039062
29677,0.0
29678,0.015625
29679,0.019531
29680,0.019531
29681,0.019531
29682,0.019531
29683,0.0
29684,-0.048828
29685,-0.074219
29686,0.38086
29687,0.91016
29688,1.4043
29689,1.5
29690,1.3633
29691,1.0898
29692,0.82422
29693,0.61523
29694,0.39062
29695,0.14062
29696,-0.029297
29697,-0.12891
29698,-0.16406
29699,-0.18945
29700,-0.19922
29701,-0.21484
29702,-0.21484
29703,-0.21875
29704,-0.19336
29705,-0.22852
29706,-0.22461
29707,-0.21875
29708,-0.24414
29709,-0.23438
29710,-0.25
29711,-0.26953
29712,-0.28516
29713,-0.31836
29714,-0.35938
29715,-0.4043
29716,-0.45312
29717,-0.47461
29718,-0.49805
29719,-0.49805
29720,-0.49805
29721,-0.49805
29722,-0.49805
29723,-0.48438
29724,-0.39844
29725,-0.29883
29726,-0.22852
29727,-0.16016
29728,-0.099609
29729,-0.044922
29730,-0.029297
29731,0.0
29732,0.015625
29733,0.0097656
29734,0.041016
29735,0.025391
29736,0.035156
29737,0.019531
29738,0.025391
29739,0.035156
29740,0.035156
29741,0.03125
29742,0.025391
29743,0.03125
29744,0.025391
29745,0.025391
29746,0.019531
29747,0.019531
29748,0.03125
29749,0.015625
29750,0.0097656
29751,0.019531
29752,0.015625
29753,0.019531
29754,0.019531
29755,0.019531
29756,0.015625
29757,0.0097656
29758,0.015625
29759,0.019531
29760,0.0097656
29761,0.0058594
29762,-0.0039062
29763,-0.0097656
29764,0.0
29765,-0.0097656
29766,0.0
29767,0.0097656
29768,0.019531
29769,0.03125
29770,0.025391
29771,0.03125
29772,0.035156
29773,0.025391
29774,0.0
29775,-0.064453
29776,-0.070312
29777,0.55469
29778,1.1348
29779,1.5
29780,1.5
29781,1.3887
29782,1.0996
29783,0.81445
29784,0.5957
29785,0.33984
29786,0.099609
29787,-0.058594
29788,-0.1543
29789,-0.20508
29790,-0.23438
29791,-0.24414
29792,-0.25391
29793,-0.25391
29794,-0.25977
29795,-0.25977
29796,-0.25977
29797,-0.26953
29798,-0.26953
29799,-0.27344
29800,-0.28516
29801,-0.29883
29802,-0.31445
29803,-0.33398
29804,-0.36328
29805,-0.4082
29806,-0.45312
29807,-0.49805
29808,-0.49805
29809,-0.49805
29810,-0.49805
29811,-0.49805
29812,-0.49805
29813,-0.49805
29814,-0.49805
29815,-0.42383
29816,-0.33398
29817,-0.25
29818,-0.18359
29819,-0.125
29820,-0.09375
29821,-0.058594
29822,-0.048828
29823,-0.029297
29824,-0.025391
29825,-0.013672
29826,-0.0097656
29827,-0.0097656
29828,-0.0097656
29829,-0.013672
29830,-0.0097656
29831,-0.013672
29832,-0.013672
29833,-0.013672
29834,-0.013672
29835,-0.019531
29836,-0.0097656
29837,-0.013672
29838,-0.013672
29839,-0.0097656
29840,-0.0039062
29841,-0.0097656
29842,-0.0097656
29843,-0.0039062
29844,0.0
29845,-0.0039062
29846,0.0
29847,0.0
29848,0.0
29849,-0.0039062
29850,-0.0097656
29851,-0.013672
29852,-0.0097656
29853,-0.019531
29854,-0.019531
29855,-0.019531
29856,-0.025391
29857,-0.019531
29858,-0.029297
29859,-0.019531
29860,0.0
29861,0.0058594
29862,0.019531
29863,0.025391
29864,0.019531
29865,0.025391
29866,0.019531
29867,0.0058594
29868,-0.048828
29869,-0.070312
29870,0.41602
29871,0.94922
29872,1.4238
29873,1.5
29874,1.3594
29875,1.0898
29876,0.82031
29877,0.60547
29878,0.375
29879,0.13086
29880,-0.035156
29881,-0.13867
29882,-0.17383
29883,-0.20508
29884,-0.20898
29885,-0.21875
29886,-0.21484
29887,-0.22461
29888,-0.22852
29889,-0.23438
29890,-0.22852
29891,-0.24023
29892,-0.24414
29893,-0.25391
29894,-0.25977
29895,-0.27344
29896,-0.29492
29897,-0.33008
29898,-0.35938
29899,-0.4082
29900,-0.45312
29901,-0.49805
29902,-0.49805
29903,-0.49805
29904,-0.49805
29905,-0.49805
29906,-0.49805
29907,-0.49805
29908,-0.41992
29909,-0.33984
29910,-0.25391
29911,-0.18945
29912,-0.13867
29913,-0.09375
29914,-0.070312
29915,-0.044922
29916,-0.025391
29917,-0.019531
29918,-0.0097656
29919,-0.0039062
29920,-0.0039062
29921,-0.0039062
29922,-0.0097656
29923,-0.0039062
29924,-0.0097656
29925,-0.013672
29926,-0.0097656
29927,-0.013672
29928,-0.0039062
29929,-0.0097656
29930,-0.0039062
29931,-0.0097656
29932,-0.0039062
29933,-0.0039062
29934,-0.0039062
29935,-0.0097656
29936,-0.0039062
29937,-0.0097656
29938,0.0
29939,-0.0039062
29940,-0.0039062
29941,-0.0097656
29942,-0.0039062
29943,-0.013672
29944,-0.013672
29945,-0.019531
29946,-0.025391
29947,-0.025391
29948,-0.029297
29949,-0.025391
29950,-0.035156
29951,-0.029297
29952,-0.0097656
29953,0.0
29954,0.015625
29955,0.019531
29956,0.019531
29957,0.015625
29958,0.019531
29959,0.0097656
29960,-0.035156
29961,-0.070312
29962,0.26562
29963,0.79883
29964,1.3184
29965,1.5
29966,1.4199
29967,1.1602
29968,0.88867
29969,0.66016
29970,0.43555
29971,0.18945
29972,0.0
29973,-0.10938
29974,-0.16406
29975,-0.18945
29976,-0.20508
29977,-0.20898
29978,-0.21484
29979,-0.21484
29980,-0.22461
29981,-0.22852
29982,-0.23438
29983,-0.22852
29984,-0.23438
29985,-0.24414
29986,-0.25391
29987,-0.26953
29988,-0.28906
29989,-0.31445
29990,-0.34961
29991,-0.39453
29992,-0.44922
29993,-0.49805
29994,-0.49805
29995,-0.49805
29996,-0.49805
29997,-0.49805
29998,-0.49805
29999,-0.49805
30000,-0.43945
30001,-0.34961
30002,-0.26953
30003,-0.20898
30004,-0.14844
30005,-0.099609
30006,-0.070312
30007,-0.039062
30008,-0.0097656
30009,0.0
30010,-0.019531
30011,-0.0097656
30012,0.0058594
30013,-0.0097656
30014,0.0058594
30015,-0.0039062
30016,0.015625
30017,0.0
30018,0.0097656
30019,0.0
30020,-0.0097656
30021,0.0097656
30022,0.0058594
30023,0.0
30024,0.0097656
30025,0.019531
30026,0.015625
30027,0.019531
30028,0.015625
30029,0.019531
30030,0.019531
30031,0.015625
30032,0.025391
30033,0.041016
30034,0.025391
30035,0.019531
30036,0.044922
30037,0.015625
30038,0.019531
30039,0.025391
30040,0.019531
30041,0.025391
30042,0.041016
30043,0.0058594
30044,0.041016
30045,0.041016
30046,0.060547
30047,0.076172
30048,0.070312
30049,0.070312
30050,0.060547
30051,0.035156
30052,0.0058594
30053,-0.035156
30054,0.34961
30055,0.96875
30056,1.5
30057,1.5
30058,1.5
30059,1.2949
30060,0.99023
30061,0.7207
30062,0.4707
30063,0.20117
30064,0.0058594
30065,-0.11523
30066,-0.17383
30067,-0.21484
30068,-0.22852
30069,-0.23438
30070,-0.23438
30071,-0.23438
30072,-0.25
30073,-0.24023
30074,-0.25977
30075,-0.25977
30076,-0.26367
30077,-0.27344
30078,-0.28516
30079,-0.29883
30080,-0.31836
30081,-0.34961
30082,-0.39844
30083,-0.44336
30084,-0.49805
30085,-0.49805
30086,-0.49805
30087,-0.49805
30088,-0.49805
30089,-0.49805
30090,-0.49805
30091,-0.49805
30092,-0.47852
30093,-0.38477
30094,-0.28906
30095,-0.21875
30096,-0.16016
30097,-0.11523
30098,-0.080078
30099,-0.054688
30100,-0.035156
30101,-0.025391
30102,-0.025391
30103,-0.019531
30104,-0.019531
30105,-0.019531
30106,-0.019531
30107,-0.013672
30108,-0.019531
30109,-0.019531
30110,-0.025391
30111,-0.019531
30112,-0.025391
30113,-0.019531
30114,-0.025391
30115,-0.025391
30116,-0.019531
30117,-0.019531
30118,-0.019531
30119,-0.0097656
30120,-0.019531
30121,-0.019531
30122,-0.0097656
30123,-0.0097656
30124,-0.0097656
30125,-0.0039062
30126,-0.013672
30127,-0.0097656
30128,-0.013672
30129,-0.0097656
30130,-0.019531
30131,-0.019531
30132,-0.025391
30133,-0.025391
30134,-0.025391
30135,-0.029297
30136,-0.025391
30137,-0.039062
30138,-0.025391
30139,-0.019531
30140,-0.0039062
30141,0.0058594
30142,0.019531
30143,0.015625
30144,0.015625
30145,0.015625
30146,0.0
30147,-0.048828
30148,-0.080078
30149,0.32031
30150,0.86523
30151,1.3633
30152,1.5
30153,1.4043
30154,1.1387
30155,0.86914
30156,0.64062
30157,0.41602
30158,0.16602
30159,-0.013672
30160,-0.125
30161,-0.17383
30162,-0.20898
30163,-0.22461
30164,-0.22461
30165,-0.22461
30166,-0.22852
30167,-0.22852
30168,-0.23438
30169,-0.23438
30170,-0.24023
30171,-0.24414
30172,-0.25977
30173,-0.26367
30174,-0.2793
30175,-0.29883
30176,-0.32422
30177,-0.35938
30178,-0.39844
30179,-0.44922
30180,-0.49805
30181,-0.49805
30182,-0.49805
30183,-0.49805
30184,-0.49805
30185,-0.49805
30186,-0.49805
30187,-0.45312
30188,-0.36328
30189,-0.2793
30190,-0.20898
30191,-0.1543
30192,-0.10938
30193,-0.080078
30194,-0.048828
30195,-0.029297
30196,-0.025391
30197,-0.013672
30198,-0.0097656
30199,-0.0097656
30200,-0.0039062
30201,-0.0097656
30202,-0.0039062
30203,-0.0097656
30204,-0.0039062
30205,-0.0097656
30206,-0.0097656
30207,-0.013672
30208,-0.013672
30209,-0.0097656
30210,-0.0039062
30211,-0.0097656
30212,-0.0039062
30213,-0.0097656
30214,-0.0039062
30215,-0.0039062
30216,-0.0097656
30217,-0.0097656
30218,-0.0097656
30219,-0.0097656
30220,-0.013672
30221,-0.0097656
30222,-0.013672
30223,-0.013672
30224,-0.025391
30225,-0.019531
30226,-0.025391
30227,-0.025391
30228,-0.019531
30229,-0.029297
30230,-0.019531
30231,0.0
30232,0.0097656
30233,0.019531
30234,0.025391
30235,0.025391
30236,0.019531
30237,0.019531
30238,0.0097656
30239,-0.039062
30240,-0.064453
30241,0.36523
30242,0.90039
30243,1.3945
30244,1.5
30245,1.3848
30246,1.1094
30247,0.84375
30248,0.62891
30249,0.40039
30250,0.15039
30251,-0.025391
30252,-0.12891
30253,-0.16992
30254,-0.19336
30255,-0.21484
30256,-0.21484
30257,-0.21875
30258,-0.22461
30259,-0.22852
30260,-0.23438
30261,-0.22852
30262,-0.23438
30263,-0.24023
30264,-0.25
30265,-0.25977
30266,-0.2793
30267,-0.29883
30268,-0.32422
30269,-0.35938
30270,-0.4043
30271,-0.45312
30272,-0.49805
30273,-0.49805
30274,-0.49805
30275,-0.49805
30276,-0.49805
30277,-0.49805
30278,-0.49805
30279,-0.43359
30280,-0.34375
30281,-0.25977
30282,-0.19922
30283,-0.13867
30284,-0.099609
30285,-0.064453
30286,-0.039062
30287,-0.025391
30288,-0.013672
30289,-0.0097656
30290,0.0
30291,-0.0039062
30292,0.0
30293,-0.0039062
30294,-0.0097656
30295,-0.0039062
30296,-0.0039062
30297,0.0
30298,0.0
30299,-0.0039062
30300,0.0
30301,-0.0039062
30302,-0.0039062
30303,0.0
30304,-0.0039062
30305,-0.0039062
30306,-0.0039062
30307,0.0
30308,-0.0039062
30309,-0.0039062
30310,-0.0039062
30311,0.0
30312,0.0
30313,-0.0039062
30314,-0.0097656
30315,-0.0097656
30316,-0.019531
30317,-0.025391
30318,-0.019531
30319,-0.025391
30320,-0.025391
30321,-0.029297
30322,-0.025391
30323,-0.0039062
30324,0.0058594
30325,0.019531
30326,0.025391
30327,0.03125
30328,0.025391
30329,0.03125
30330,0.015625
30331,-0.035156
30332,-0.064453
30333,0.31445
30334,0.83984
30335,1.3496
30336,1.5
30337,1.4082
30338,1.1348
30339,0.86914
30340,0.65039
30341,0.42969
30342,0.17969
30343,-0.0039062
30344,-0.099609
30345,-0.1543
30346,-0.19336
30347,-0.21484
30348,-0.19336
30349,-0.21484
30350,-0.20898
30351,-0.21875
30352,-0.22461
30353,-0.20898
30354,-0.21875
30355,-0.23438
30356,-0.21875
30357,-0.24023
30358,-0.23438
30359,-0.2793
30360,-0.29492
30361,-0.33008
30362,-0.375
30363,-0.42383
30364,-0.49414
30365,-0.49805
30366,-0.49805
30367,-0.49805
30368,-0.49805
30369,-0.49805
30370,-0.49805
30371,-0.42383
30372,-0.31445
30373,-0.24023
30374,-0.16992
30375,-0.089844
30376,-0.064453
30377,-0.025391
30378,0.0097656
30379,0.025391
30380,0.0058594
30381,0.041016
30382,0.044922
30383,0.03125
30384,0.044922
30385,0.050781
30386,0.025391
30387,0.044922
30388,0.03125
30389,0.019531
30390,0.035156
30391,0.025391
30392,0.019531
30393,0.03125
30394,0.025391
30395,0.019531
30396,0.03125
30397,0.0097656
30398,0.019531
30399,0.035156
30400,0.044922
30401,0.025391
30402,0.025391
30403,0.019531
30404,0.019531
30405,0.025391
30406,0.015625
30407,0.0097656
30408,0.015625
30409,0.019531
30410,0.0097656
30411,0.0
30412,0.0097656
30413,0.019531
30414,0.025391
30415,0.041016
30416,0.044922
30417,0.044922
30418,0.041016
30419,0.044922
30420,0.025391
30421,-0.025391
30422,-0.054688
30423,0.35547
30424,0.93555
30425,1.4785
30426,1.5
30427,1.5
30428,1.2188
30429,0.92383
30430,0.67578
30431,0.43945
30432,0.17969
30433,-0.0097656
30434,-0.12891
30435,-0.18945
30436,-0.23438
30437,-0.25
30438,-0.25391
30439,-0.25977
30440,-0.25391
30441,-0.26367
30442,-0.25977
30443,-0.27344
30444,-0.26953
30445,-0.27344
30446,-0.28516
30447,-0.29492
30448,-0.30469
30449,-0.33398
30450,-0.35938
30451,-0.39844
30452,-0.44336
30453,-0.49414
30454,-0.49805
30455,-0.49805
30456,-0.49805
30457,-0.49805
30458,-0.49805
30459,-0.49805
30460,-0.49805
30461,-0.45898
30462,-0.36328
30463,-0.27344
30464,-0.20898
30465,-0.14844
30466,-0.10352
30467,-0.070312
30468,-0.048828
30469,-0.029297
30470,-0.025391
30471,-0.013672
30472,-0.013672
30473,-0.013672
30474,-0.013672
30475,-0.0039062
30476,-0.0097656
30477,-0.0039062
30478,-0.0097656
30479,-0.0097656
30480,-0.0097656
30481,-0.0039062
30482,-0.0097656
30483,-0.0039062
30484,-0.0039062
30485,-0.0039062
30486,0.0
30487,-0.0039062
30488,0.0
30489,-0.0039062
30490,0.0
30491,0.0
30492,0.0
30493,0.0
30494,0.0
30495,0.0
30496,0.0
30497,0.0
30498,-0.0039062
30499,0.0
30500,-0.0097656
30501,-0.013672
30502,-0.0097656
30503,-0.025391
30504,-0.019531
30505,-0.025391
30506,-0.0097656
30507,0.0
30508,0.0097656
30509,0.025391
30510,0.03125
30511,0.025391
30512,0.03125
30513,0.03125
30514,0.0097656
30515,-0.039062
30516,-0.058594
30517,0.41016
30518,0.94531
30519,1.4238
30520,1.5
30521,1.3691
30522,1.0898
30523,0.82422
30524,0.60938
30525,0.38086
30526,0.13086
30527,-0.035156
30528,-0.13477
30529,-0.16992
30530,-0.19922
30531,-0.20898
30532,-0.21484
30533,-0.21875
30534,-0.22461
30535,-0.22852
30536,-0.22852
30537,-0.23438
30538,-0.23438
30539,-0.24023
30540,-0.24414
30541,-0.25977
30542,-0.26953
30543,-0.28906
30544,-0.31836
30545,-0.35352
30546,-0.39453
30547,-0.44922
30548,-0.49805
30549,-0.49805
30550,-0.49805
30551,-0.49805
30552,-0.49805
30553,-0.49805
30554,-0.49805
30555,-0.42969
30556,-0.33984
30557,-0.25977
30558,-0.18945
30559,-0.13477
30560,-0.09375
30561,-0.064453
30562,-0.035156
30563,-0.025391
30564,-0.013672
30565,-0.0039062
30566,-0.0097656
30567,-0.0097656
30568,-0.0039062
30569,-0.0097656
30570,-0.0039062
30571,0.0
30572,0.0
30573,0.0
30574,0.0
30575,0.0
30576,0.0
30577,-0.0039062
30578,0.0
30579,-0.0039062
30580,0.0
30581,0.0
30582,0.0
30583,-0.0039062
30584,0.0
30585,-0.0039062
30586,-0.0039062
30587,-0.0039062
30588,-0.0039062
30589,-0.0097656
30590,-0.013672
30591,-0.025391
30592,-0.025391
30593,-0.019531
30594,-0.025391
30595,-0.029297
30596,-0.025391
30597,-0.029297
30598,-0.013672
30599,-0.0039062
30600,0.0097656
30601,0.019531
30602,0.019531
30603,0.019531
30604,0.025391
30605,0.019531
30606,-0.0039062
30607,-0.070312
30608,0.10547
30609,0.60547
30610,1.1348
30611,1.5
30612,1.498
30613,1.2598
30614,0.98438
30615,0.72461
30616,0.52539
30617,0.28516
30618,0.064453
30619,-0.074219
30620,-0.14844
30621,-0.17969
30622,-0.20898
30623,-0.21484
30624,-0.21484
30625,-0.21484
30626,-0.22461
30627,-0.21875
30628,-0.22461
30629,-0.23438
30630,-0.23438
30631,-0.24414
30632,-0.25391
30633,-0.26367
30634,-0.28516
30635,-0.30469
30636,-0.33398
30637,-0.37891
30638,-0.42383
30639,-0.47852
30640,-0.49805
30641,-0.49805
30642,-0.49805
30643,-0.49805
30644,-0.49805
30645,-0.49805
30646,-0.45898
30647,-0.37891
30648,-0.29492
30649,-0.22461
30650,-0.16406
30651,-0.10938
30652,-0.074219
30653,-0.048828
30654,-0.029297
30655,-0.019531
30656,-0.0097656
30657,-0.0097656
30658,0.0
30659,0.0058594
30660,0.0
30661,0.015625
30662,0.0
30663,0.0058594
30664,-0.0039062
30665,0.015625
30666,-0.0039062
30667,0.0
30668,-0.0039062
30669,0.0
30670,0.0058594
30671,0.0
30672,0.0058594
30673,0.0
30674,0.019531
30675,0.0097656
30676,0.0058594
30677,0.019531
30678,0.0097656
30679,0.035156
30680,0.0097656
30681,0.019531
30682,0.015625
30683,0.035156
30684,0.015625
30685,0.025391
30686,0.041016
30687,0.0097656
30688,0.019531
30689,0.015625
30690,0.019531
30691,0.03125
30692,0.054688
30693,0.050781
30694,0.070312
30695,0.070312
30696,0.070312
30697,0.054688
30698,0.064453
30699,0.0097656
30700,-0.029297
30701,0.33594
30702,0.92383
30703,1.498
30704,1.5
30705,1.5
30706,1.3047
30707,0.99023
30708,0.74023
30709,0.48047
30710,0.20508
30711,0.0058594
30712,-0.10938
30713,-0.16992
30714,-0.20898
30715,-0.21484
30716,-0.22852
30717,-0.24023
30718,-0.23438
30719,-0.24023
30720,-0.24023
30721,-0.23438
30722,-0.25
30723,-0.25391
30724,-0.26367
30725,-0.26953
30726,-0.29492
30727,-0.31445
30728,-0.34961
30729,-0.375
30730,-0.42383
30731,-0.47852
30732,-0.49805
30733,-0.49805
30734,-0.49805
30735,-0.49805
30736,-0.49805
30737,-0.49805
30738,-0.49805
30739,-0.47852
30740,-0.38477
30741,-0.29492
30742,-0.22461
30743,-0.16016
30744,-0.10938
30745,-0.080078
30746,-0.054688
30747,-0.044922
30748,-0.029297
30749,-0.025391
30750,-0.025391
30751,-0.025391
30752,-0.025391
30753,-0.025391
30754,-0.025391
30755,-0.025391
30756,-0.029297
30757,-0.025391
30758,-0.025391
30759,-0.025391
30760,-0.029297
30761,-0.029297
30762,-0.025391
30763,-0.029297
30764,-0.029297
30765,-0.025391
30766,-0.029297
30767,-0.025391
30768,-0.025391
30769,-0.025391
30770,-0.025391
30771,-0.025391
30772,-0.029297
30773,-0.025391
30774,-0.025391
30775,-0.019531
30776,-0.025391
30777,-0.025391
30778,-0.035156
30779,-0.029297
30780,-0.029297
30781,-0.029297
30782,-0.025391
30783,-0.035156
30784,-0.035156
30785,-0.025391
30786,-0.0097656
30787,0.0
30788,0.0058594
30789,0.0097656
30790,0.015625
30791,0.0058594
30792,0.0097656
30793,-0.035156
30794,-0.074219
30795,0.21484
30796,0.74414
30797,1.2695
30798,1.5
30799,1.4531
30800,1.1992
30801,0.91992
30802,0.67578
30803,0.46484
30804,0.21484
30805,0.015625
30806,-0.10938
30807,-0.16992
30808,-0.20508
30809,-0.21875
30810,-0.22461
30811,-0.22852
30812,-0.22852
30813,-0.23438
30814,-0.23438
30815,-0.23438
30816,-0.24023
30817,-0.24414
30818,-0.25977
30819,-0.25977
30820,-0.2793
30821,-0.29492
30822,-0.31445
30823,-0.34375
30824,-0.38867
30825,-0.43359
30826,-0.49414
30827,-0.49805
30828,-0.49805
30829,-0.49805
30830,-0.49805
30831,-0.49805
30832,-0.49805
30833,-0.45898
30834,-0.375
30835,-0.28516
30836,-0.21875
30837,-0.1543
30838,-0.10938
30839,-0.074219
30840,-0.048828
30841,-0.029297
30842,-0.019531
30843,-0.0097656
30844,0.0
30845,-0.0039062
30846,0.0
30847,-0.0039062
30848,-0.0039062
30849,-0.0039062
30850,-0.0039062
30851,0.0
30852,-0.0039062
30853,-0.0039062
30854,-0.0097656
30855,0.0
30856,-0.0039062
30857,0.0
30858,-0.0097656
30859,-0.0039062
30860,-0.0097656
30861,0.0
30862,-0.0039062
30863,-0.0097656
30864,-0.0097656
30865,-0.0039062
30866,-0.0097656
30867,0.0
30868,-0.0039062
30869,-0.0039062
30870,-0.0097656
30871,-0.013672
30872,-0.019531
30873,-0.013672
30874,-0.025391
30875,-0.019531
30876,-0.025391
30877,-0.025391
30878,-0.0039062
30879,0.0058594
30880,0.019531
30881,0.025391
30882,0.03125
30883,0.03125
30884,0.025391
30885,0.019531
30886,-0.0097656
30887,-0.064453
30888,0.20117
30889,0.7207
30890,1.2441
30891,1.5
30892,1.4648
30893,1.2051
30894,0.94531
30895,0.69531
30896,0.48438
30897,0.23047
30898,0.03125
30899,-0.09375
30900,-0.1543
30901,-0.18945
30902,-0.20508
30903,-0.21484
30904,-0.21484
30905,-0.21484
30906,-0.21875
30907,-0.22461
30908,-0.22852
30909,-0.22852
30910,-0.23438
30911,-0.23438
30912,-0.25
30913,-0.26367
30914,-0.28516
30915,-0.30859
30916,-0.33984
30917,-0.37891
30918,-0.42969
30919,-0.48438
30920,-0.49805
30921,-0.49805
30922,-0.49805
30923,-0.49805
30924,-0.49805
30925,-0.49805
30926,-0.45898
30927,-0.36914
30928,-0.28906
30929,-0.21484
30930,-0.16016
30931,-0.10352
30932,-0.074219
30933,-0.048828
30934,-0.029297
30935,-0.019531
30936,-0.0097656
30937,-0.0039062
30938,0.0
30939,0.0
30940,0.0
30941,0.0
30942,0.0
30943,0.0
30944,0.0
30945,-0.0039062
30946,0.0
30947,-0.0039062
30948,0.0
30949,-0.0097656
30950,-0.0039062
30951,-0.0097656
30952,-0.0039062
30953,0.0
30954,-0.0039062
30955,-0.0039062
30956,-0.0039062
30957,-0.0039062
30958,0.0
30959,-0.0039062
30960,-0.0097656
30961,-0.0097656
30962,-0.013672
30963,-0.0097656
30964,-0.025391
30965,-0.019531
30966,-0.019531
30967,-0.013672
30968,-0.025391
30969,-0.025391
30970,-0.0097656
30971,0.0
30972,0.0097656
30973,0.019531
30974,0.025391
30975,0.041016
30976,0.019531
30977,0.044922
30978,-0.0097656
30979,-0.054688
30980,0.041016
30981,0.51562
30982,1.0645
30983,1.4941
30984,1.5
30985,1.3184
30986,1.0449
30987,0.79492
30988,0.58398
30989,0.33984
30990,0.10547
30991,-0.044922
30992,-0.125
30993,-0.16016
30994,-0.19922
30995,-0.18945
30996,-0.19922
30997,-0.20898
30998,-0.18945
30999,-0.21484
31000,-0.19922
31001,-0.19336
31002,-0.21484
31003,-0.22461
31004,-0.21484
31005,-0.25
31006,-0.26953
31007,-0.28906
31008,-0.30469
31009,-0.33008
31010,-0.4082
31011,-0.47461
31012,-0.49805
31013,-0.49805
31014,-0.49805
31015,-0.49805
31016,-0.49805
31017,-0.49805
31018,-0.47852
31019,-0.38867
31020,-0.29492
31021,-0.20898
31022,-0.14844
31023,-0.083984
31024,-0.054688
31025,-0.025391
31026,-0.0039062
31027,0.015625
31028,0.019531
31029,0.025391
31030,0.03125
31031,0.025391
31032,0.03125
31033,0.025391
31034,0.025391
31035,0.025391
31036,0.019531
31037,0.019531
31038,0.019531
31039,0.0097656
31040,0.0097656
31041,0.0097656
31042,0.0058594
31043,0.0097656
31044,0.0097656
31045,0.0097656
31046,0.0058594
31047,0.0
31048,0.0
31049,0.0
31050,-0.0039062
31051,-0.0097656
31052,-0.0039062
31053,-0.013672
31054,-0.013672
31055,-0.025391
31056,-0.025391
31057,-0.019531
31058,-0.025391
31059,-0.029297
31060,-0.035156
31061,-0.025391
31062,-0.013672
31063,0.0
31064,0.0058594
31065,0.015625
31066,0.015625
31067,0.019531
31068,0.0058594
31069,-0.019531
31070,-0.080078
31071,0.044922
31072,0.55469
31073,1.125
31074,1.5
31075,1.5
31076,1.3438
31077,1.0586
31078,0.7793
31079,0.56445
31080,0.31445
31081,0.085938
31082,-0.064453
31083,-0.1543
31084,-0.20508
31085,-0.22852
31086,-0.23438
31087,-0.24414
31088,-0.25
31089,-0.25391
31090,-0.25
31091,-0.25391
31092,-0.25391
31093,-0.25977
31094,-0.26367
31095,-0.27344
31096,-0.2793
31097,-0.29883
31098,-0.32422
31099,-0.35352
31100,-0.39453
31101,-0.44336
31102,-0.49414
31103,-0.49805
31104,-0.49805
31105,-0.49805
31106,-0.49805
31107,-0.49805
31108,-0.49805
31109,-0.49805
31110,-0.4082
31111,-0.31836
31112,-0.24023
31113,-0.17383
31114,-0.12891
31115,-0.080078
31116,-0.054688
31117,-0.029297
31118,-0.019531
31119,-0.0097656
31120,-0.0039062
31121,0.0
31122,0.0
31123,-0.0039062
31124,0.0
31125,0.0
31126,0.0
31127,0.0
31128,0.0
31129,0.0058594
31130,0.0
31131,0.0
31132,0.0
31133,0.0
31134,0.0
31135,0.0
31136,0.0
31137,0.0
31138,0.0
31139,0.0
31140,0.0
31141,0.0
31142,0.0
31143,0.0
31144,0.0
31145,-0.0097656
31146,-0.0039062
31147,-0.013672
31148,-0.013672
31149,-0.019531
31150,-0.0097656
31151,-0.025391
31152,-0.019531
31153,-0.025391
31154,-0.0097656
31155,0.0
31156,0.0058594
31157,0.019531
31158,0.019531
31159,0.019531
31160,0.019531
31161,0.019531
31162,-0.0097656
31163,-0.064453
31164,0.044922
31165,0.54492
31166,1.084
31167,1.5
31168,1.5
31169,1.3047
31170,1.0254
31171,0.76953
31172,0.55469
31173,0.31445
31174,0.080078
31175,-0.064453
31176,-0.14844
31177,-0.17969
31178,-0.20898
31179,-0.21484
31180,-0.21875
31181,-0.21875
31182,-0.22461
31183,-0.22461
31184,-0.23438
31185,-0.23438
31186,-0.24023
31187,-0.24414
31188,-0.25391
31189,-0.26367
31190,-0.28516
31191,-0.30469
31192,-0.33984
31193,-0.37891
31194,-0.42383
31195,-0.47852
31196,-0.49805
31197,-0.49805
31198,-0.49805
31199,-0.49805
31200,-0.49805
31201,-0.49805
31202,-0.49414
31203,-0.4082
31204,-0.31836
31205,-0.24414
31206,-0.17383
31207,-0.125
31208,-0.083984
31209,-0.058594
31210,-0.039062
31211,-0.025391
31212,-0.013672
31213,-0.0097656
31214,-0.0039062
31215,-0.0039062
31216,-0.0097656
31217,0.0
31218,-0.0039062
31219,-0.0039062
31220,-0.0097656
31221,0.0
31222,-0.0097656
31223,-0.0039062
31224,-0.013672
31225,-0.0097656
31226,-0.013672
31227,-0.0097656
31228,-0.0097656
31229,-0.013672
31230,-0.013672
31231,-0.0097656
31232,-0.013672
31233,-0.0097656
31234,-0.0097656
31235,-0.013672
31236,-0.0097656
31237,-0.0097656
31238,-0.013672
31239,-0.013672
31240,-0.019531
31241,-0.025391
31242,-0.019531
31243,-0.025391
31244,-0.025391
31245,-0.029297
31246,-0.025391
31247,-0.0097656
31248,0.0
31249,0.015625
31250,0.025391
31251,0.019531
31252,0.019531
31253,0.019531
31254,0.019531
31255,-0.019531
31256,-0.070312
31257,0.20117
31258,0.72461
31259,1.2539
31260,1.5
31261,1.4531
31262,1.1836
31263,0.91016
31264,0.67578
31265,0.47461
31266,0.21484
31267,0.019531
31268,-0.10352
31269,-0.16016
31270,-0.18945
31271,-0.21484
31272,-0.21484
31273,-0.21875
31274,-0.22461
31275,-0.21875
31276,-0.22461
31277,-0.22461
31278,-0.23438
31279,-0.22852
31280,-0.24023
31281,-0.25
31282,-0.25977
31283,-0.2793
31284,-0.30469
31285,-0.33984
31286,-0.38867
31287,-0.42969
31288,-0.49414
31289,-0.49805
31290,-0.49805
31291,-0.49805
31292,-0.49805
31293,-0.49805
31294,-0.49805
31295,-0.44922
31296,-0.36914
31297,-0.25977
31298,-0.19922
31299,-0.13867
31300,-0.089844
31301,-0.048828
31302,-0.025391
31303,-0.0039062
31304,0.0058594
31305,0.019531
31306,0.0097656
31307,0.041016
31308,0.03125
31309,0.035156
31310,0.03125
31311,0.025391
31312,0.019531
31313,0.050781
31314,0.041016
31315,0.025391
31316,0.044922
31317,0.025391
31318,0.041016
31319,0.03125
31320,0.035156
31321,0.044922
31322,0.019531
31323,0.044922
31324,0.035156
31325,0.025391
31326,0.019531
31327,0.035156
31328,0.025391
31329,0.03125
31330,0.025391
31331,0.015625
31332,0.019531
31333,0.0
31334,0.0058594
31335,0.0097656
31336,0.0
31337,-0.0039062
31338,0.0097656
31339,0.03125
31340,0.044922
31341,0.044922
31342,0.054688
31343,0.041016
31344,0.041016
31345,0.025391
31346,-0.029297
31347,-0.054688
31348,0.47461
31349,1.0898
31350,1.5
31351,1.5
31352,1.5
31353,1.1992
31354,0.89453
31355,0.64453
31356,0.39062
31357,0.13086
31358,-0.039062
31359,-0.14453
31360,-0.19336
31361,-0.24023
31362,-0.25
31363,-0.25391
31364,-0.25977
31365,-0.26367
31366,-0.26367
31367,-0.26367
31368,-0.27344
31369,-0.2793
31370,-0.28516
31371,-0.29492
31372,-0.30469
31373,-0.32422
31374,-0.34375
31375,-0.375
31376,-0.41406
31377,-0.46484
31378,-0.49805
31379,-0.49805
31380,-0.49805
31381,-0.49805
31382,-0.49805
31383,-0.49805
31384,-0.49805
31385,-0.49805
31386,-0.45898
31387,-0.36328
31388,-0.27344
31389,-0.19922
31390,-0.14844
31391,-0.10352
31392,-0.070312
31393,-0.048828
31394,-0.029297
31395,-0.019531
31396,-0.025391
31397,-0.019531
31398,-0.013672
31399,-0.013672
31400,-0.013672
31401,-0.019531
31402,-0.013672
31403,-0.0097656
31404,-0.013672
31405,-0.0097656
31406,-0.0097656
31407,-0.013672
31408,-0.0097656
31409,-0.0039062
31410,-0.0097656
31411,-0.0039062
31412,-0.0039062
31413,0.0
31414,-0.0039062
31415,-0.0097656
31416,-0.013672
31417,-0.0097656
31418,-0.0097656
31419,-0.013672
31420,-0.0097656
31421,-0.013672
31422,-0.0097656
31423,-0.0097656
31424,-0.013672
31425,-0.0097656
31426,-0.025391
31427,-0.025391
31428,-0.019531
31429,-0.025391
31430,-0.025391
31431,-0.029297
31432,-0.019531
31433,-0.0039062
31434,0.0097656
31435,0.019531
31436,0.025391
31437,0.019531
31438,0.03125
31439,0.03125
31440,0.0097656
31441,-0.044922
31442,-0.058594
31443,0.43945
31444,0.97461
31445,1.4531
31446,1.5
31447,1.3633
31448,1.084
31449,0.81055
31450,0.60547
31451,0.35938
31452,0.12109
31453,-0.039062
31454,-0.13477
31455,-0.16992
31456,-0.20508
31457,-0.21484
31458,-0.21484
31459,-0.22461
31460,-0.22461
31461,-0.22461
31462,-0.22852
31463,-0.23438
31464,-0.24023
31465,-0.24414
31466,-0.25391
31467,-0.25977
31468,-0.2793
31469,-0.29492
31470,-0.31836
31471,-0.35938
31472,-0.4043
31473,-0.45898
31474,-0.49805
31475,-0.49805
31476,-0.49805
31477,-0.49805
31478,-0.49805
31479,-0.49805
31480,-0.49805
31481,-0.42383
31482,-0.33984
31483,-0.25977
31484,-0.18945
31485,-0.13477
31486,-0.089844
31487,-0.058594
31488,-0.044922
31489,-0.025391
31490,-0.013672
31491,-0.0039062
31492,-0.0097656
31493,-0.0039062
31494,0.0
31495,0.0
31496,-0.0039062
31497,-0.0097656
31498,0.0
31499,-0.0039062
31500,-0.0039062
31501,-0.013672
31502,-0.0097656
31503,-0.0097656
31504,-0.0097656
31505,-0.0039062
31506,-0.0039062
31507,-0.0039062
31508,-0.0097656
31509,-0.0039062
31510,-0.0039062
31511,0.0
31512,-0.0039062
31513,-0.0039062
31514,-0.0039062
31515,-0.0097656
31516,-0.013672
31517,-0.013672
31518,-0.019531
31519,-0.025391
31520,-0.025391
31521,-0.025391
31522,-0.029297
31523,-0.025391
31524,-0.035156
31525,-0.013672
31526,-0.0039062
31527,0.0058594
31528,0.015625
31529,0.019531
31530,0.019531
31531,0.025391
31532,0.019531
31533,-0.0097656
31534,-0.070312
31535,0.095703
31536,0.60547
31537,1.1387
31538,1.5
31539,1.5
31540,1.2598
31541,0.99023
31542,0.73047
31543,0.51953
31544,0.2793
31545,0.060547
31546,-0.074219
31547,-0.1543
31548,-0.18359
31549,-0.20898
31550,-0.21484
31551,-0.21875
31552,-0.21484
31553,-0.22461
31554,-0.22461
31555,-0.22852
31556,-0.22852
31557,-0.23438
31558,-0.24414
31559,-0.25977
31560,-0.26367
31561,-0.28516
31562,-0.30469
31563,-0.33398
31564,-0.375
31565,-0.41992
31566,-0.47852
31567,-0.49805
31568,-0.49805
31569,-0.49805
31570,-0.49805
31571,-0.49805
31572,-0.49805
31573,-0.47461
31574,-0.38867
31575,-0.29883
31576,-0.22852
31577,-0.16016
31578,-0.11914
31579,-0.080078
31580,-0.054688
31581,-0.029297
31582,-0.013672
31583,-0.0039062
31584,-0.0039062
31585,0.0
31586,-0.0039062
31587,0.0
31588,0.0
31589,0.0
31590,0.0
31591,0.0
31592,0.0
31593,0.0
31594,0.0
31595,0.0
31596,0.0
31597,0.0
31598,0.0
31599,0.0
31600,0.0
31601,0.0
31602,0.0097656
31603,0.0
31604,0.0058594
31605,0.0
31606,0.0097656
31607,0.0
31608,-0.0039062
31609,-0.0039062
31610,0.0
31611,-0.0039062
31612,-0.0097656
31613,-0.019531
31614,-0.0039062
31615,-0.013672
31616,0.0058594
31617,-0.013672
31618,0.015625
31619,0.019531
31620,0.041016
31621,0.035156
31622,0.050781
31623,0.054688
31624,0.060547
31625,0.050781
31626,0.015625
31627,-0.029297
31628,0.24609
31629,0.83398
31630,1.4238
31631,1.5
31632,1.5
31633,1.3496
31634,1.0391
31635,0.76953
31636,0.53516
31637,0.25586
31638,0.064453
31639,-0.080078
31640,-0.13477
31641,-0.17969
31642,-0.19336
31643,-0.18945
31644,-0.20898
31645,-0.21875
31646,-0.22461
31647,-0.22852
31648,-0.21875
31649,-0.23438
31650,-0.22852
31651,-0.24023
31652,-0.25977
31653,-0.27344
31654,-0.29492
31655,-0.31445
31656,-0.34961
31657,-0.39844
31658,-0.44922
31659,-0.49805
31660,-0.49805
31661,-0.49805
31662,-0.49805
31663,-0.49805
31664,-0.49805
31665,-0.49805
31666,-0.46484
31667,-0.36914
31668,-0.27344
31669,-0.19922
31670,-0.14453
31671,-0.089844
31672,-0.054688
31673,-0.029297
31674,-0.019531
31675,0.0
31676,0.0
31677,0.0
31678,0.0
31679,-0.0039062
31680,-0.0097656
31681,-0.0039062
31682,-0.0097656
31683,-0.0039062
31684,-0.013672
31685,-0.013672
31686,-0.019531
31687,-0.019531
31688,-0.019531
31689,-0.013672
31690,-0.013672
31691,-0.013672
31692,-0.019531
31693,-0.013672
31694,-0.0097656
31695,-0.019531
31696,-0.013672
31697,-0.013672
31698,-0.019531
31699,-0.013672
31700,-0.013672
31701,-0.013672
31702,-0.019531
31703,-0.025391
31704,-0.019531
31705,-0.025391
31706,-0.025391
31707,-0.029297
31708,-0.025391
31709,-0.029297
31710,-0.035156
31711,-0.019531
31712,0.0
31713,0.0058594
31714,0.019531
31715,0.019531
31716,0.015625
31717,0.0097656
31718,0.0
31719,-0.039062
31720,-0.089844
31721,0.14453
31722,0.66406
31723,1.209
31724,1.5
31725,1.4883
31726,1.2285
31727,0.95508
31728,0.69922
31729,0.49023
31730,0.23438
31731,0.03125
31732,-0.10352
31733,-0.16992
31734,-0.20898
31735,-0.22852
31736,-0.23438
31737,-0.23438
31738,-0.24023
31739,-0.24414
31740,-0.24023
31741,-0.25
31742,-0.25
31743,-0.25391
31744,-0.25977
31745,-0.26953
31746,-0.2793
31747,-0.30469
31748,-0.32422
31749,-0.35352
31750,-0.38477
31751,-0.44336
31752,-0.48828
31753,-0.49805
31754,-0.49805
31755,-0.49805
31756,-0.49805
31757,-0.49805
31758,-0.49805
31759,-0.48438
31760,-0.38867
31761,-0.30469
31762,-0.22852
31763,-0.16992
31764,-0.11914
31765,-0.080078
31766,-0.054688
31767,-0.029297
31768,-0.019531
31769,-0.0097656
31770,-0.0039062
31771,0.0
31772,-0.0039062
31773,-0.0039062
31774,-0.0039062
31775,0.0
31776,-0.0039062
31777,0.0
31778,0.0
31779,-0.0039062
31780,-0.0039062
31781,0.0
31782,-0.0097656
31783,-0.0039062
31784,-0.0097656
31785,-0.0039062
31786,-0.013672
31787,-0.0097656
31788,-0.0039062
31789,0.0
31790,0.0
31791,-0.0039062
31792,-0.0097656
31793,-0.0039062
31794,0.0
31795,-0.0097656
31796,-0.0039062
31797,-0.0097656
31798,-0.013672
31799,-0.019531
31800,-0.013672
31801,-0.019531
31802,-0.013672
31803,-0.025391
31804,-0.0039062
31805,0.0
31806,0.015625
31807,0.025391
31808,0.03125
31809,0.035156
31810,0.03125
31811,0.019531
31812,-0.0097656
31813,-0.064453
31814,0.16016
31815,0.67969
31816,1.2148
31817,1.5
31818,1.4883
31819,1.2285
31820,0.95898
31821,0.70898
31822,0.49414
31823,0.25
31824,0.041016
31825,-0.089844
31826,-0.16016
31827,-0.18359
31828,-0.20508
31829,-0.20898
31830,-0.21484
31831,-0.21484
31832,-0.21875
31833,-0.21875
31834,-0.22852
31835,-0.23438
31836,-0.23438
31837,-0.24023
31838,-0.25
31839,-0.25977
31840,-0.2793
31841,-0.30859
31842,-0.33984
31843,-0.375
31844,-0.42969
31845,-0.48438
31846,-0.49805
31847,-0.49805
31848,-0.49805
31849,-0.49805
31850,-0.49805
31851,-0.49805
31852,-0.46484
31853,-0.375
31854,-0.28906
31855,-0.22461
31856,-0.16016
31857,-0.11523
31858,-0.070312
31859,-0.048828
31860,-0.025391
31861,-0.0097656
31862,0.0
31863,0.0
31864,0.0
31865,0.0
31866,0.0
31867,0.0
31868,0.0
31869,0.0
31870,0.0
31871,0.0
31872,0.0
31873,-0.0039062
31874,-0.0039062
31875,0.0
31876,-0.0039062
31877,-0.0039062
31878,-0.0039062
31879,0.0
31880,0.0
31881,0.0
31882,-0.0039062
31883,0.0
31884,0.0
31885,0.0
31886,-0.0039062
31887,-0.0039062
31888,-0.0039062
31889,0.0
31890,-0.013672
31891,-0.013672
31892,-0.0097656
31893,-0.019531
31894,-0.013672
31895,-0.025391
31896,-0.013672
31897,0.0
31898,0.0058594
31899,0.019531
31900,0.025391
31901,0.03125
31902,0.025391
31903,0.025391
31904,0.019531
31905,-0.029297
31906,-0.058594
31907,0.2793
31908,0.80469
31909,1.3184
31910,1.5
31911,1.4141
31912,1.1543
31913,0.88477
31914,0.66016
31915,0.44531
31916,0.18945
31917,0.0
31918,-0.10938
31919,-0.1543
31920,-0.17969
31921,-0.18945
31922,-0.20898
31923,-0.19922
31924,-0.22461
31925,-0.21484
31926,-0.21875
31927,-0.21484
31928,-0.23438
31929,-0.23438
31930,-0.22852
31931,-0.25
31932,-0.25977
31933,-0.2793
31934,-0.31445
31935,-0.33008
31936,-0.38477
31937,-0.42969
31938,-0.48828
31939,-0.49805
31940,-0.49805
31941,-0.49805
31942,-0.49805
31943,-0.49805
31944,-0.49805
31945,-0.43359
31946,-0.32422
31947,-0.25
31948,-0.17969
31949,-0.099609
31950,-0.074219
31951,-0.039062
31952,-0.0097656
31953,0.0
31954,0.015625
31955,0.019531
31956,0.044922
31957,0.050781
31958,0.035156
31959,0.019531
31960,0.03125
31961,0.035156
31962,0.019531
31963,0.035156
31964,0.019531
31965,0.019531
31966,0.025391
31967,0.03125
31968,0.025391
31969,0.019531
31970,0.0097656
31971,0.025391
31972,0.015625
31973,0.019531
31974,0.015625
31975,0.0097656
31976,0.019531
31977,0.019531
31978,0.015625
31979,0.0097656
31980,0.0097656
31981,0.0058594
31982,0.0
31983,0.0058594
31984,-0.0039062
31985,-0.0097656
31986,0.0
31987,-0.013672
31988,0.0
31989,0.0097656
31990,0.019531
31991,0.03125
31992,0.041016
31993,0.03125
31994,0.025391
31995,0.025391
31996,-0.0097656
31997,-0.074219
31998,0.125
31999,0.66406
32000,1.25
32001,1.5
32002,1.5
32003,1.334
32004,1.0391
32005,0.75977
32006,0.53516
32007,0.28516
32008,0.064453
32009,-0.083984
32010,-0.16992
32011,-0.21875
32012,-0.24414
32013,-0.25391
32014,-0.25391
32015,-0.25977
32016,-0.26367
32017,-0.26953
32018,-0.26953
32019,-0.27344
32020,-0.28516
32021,-0.28516
32022,-0.29492
32023,-0.30859
32024,-0.32422
32025,-0.34375
32026,-0.37891
32027,-0.41406
32028,-0.46484
32029,-0.49805
32030,-0.49805
32031,-0.49805
32032,-0.49805
32033,-0.49805
32034,-0.49805
32035,-0.49805
32036,-0.49805
32037,-0.41992
32038,-0.32422
32039,-0.25
32040,-0.18359
32041,-0.13477
32042,-0.09375
32043,-0.070312
32044,-0.048828
32045,-0.035156
32046,-0.025391
32047,-0.025391
32048,-0.019531
32049,-0.025391
32050,-0.019531
32051,-0.025391
32052,-0.013672
32053,-0.019531
32054,-0.019531
32055,-0.025391
32056,-0.019531
32057,-0.025391
32058,-0.025391
32059,-0.025391
32060,-0.019531
32061,-0.019531
32062,-0.019531
32063,-0.019531
32064,-0.013672
32065,-0.013672
32066,-0.013672
32067,-0.013672
32068,-0.013672
32069,-0.0097656
32070,-0.013672
32071,-0.0097656
32072,-0.013672
32073,-0.013672
32074,-0.019531
32075,-0.019531
32076,-0.025391
32077,-0.025391
32078,-0.025391
32079,-0.029297
32080,-0.025391
32081,-0.029297
32082,-0.019531
32083,-0.0039062
32084,0.0058594
32085,0.015625
32086,0.019531
32087,0.019531
32088,0.019531
32089,0.019531
32090,-0.0039062
32091,-0.064453
32092,0.035156
32093,0.50977
32094,1.0449
32095,1.4883
32096,1.5
32097,1.3047
32098,1.0391
32099,0.76562
32100,0.56055
32101,0.31445
32102,0.085938
32103,-0.064453
32104,-0.1543
32105,-0.18359
32106,-0.21484
32107,-0.21875
32108,-0.22461
32109,-0.22852
32110,-0.22852
32111,-0.23438
32112,-0.23438
32113,-0.23438
32114,-0.23438
32115,-0.24414
32116,-0.25391
32117,-0.26953
32118,-0.2793
32119,-0.29883
32120,-0.33398
32121,-0.36914
32122,-0.41406
32123,-0.46484
32124,-0.49805
32125,-0.49805
32126,-0.49805
32127,-0.49805
32128,-0.49805
32129,-0.49805
32130,-0.49805
32131,-0.41406
32132,-0.32422
32133,-0.24414
32134,-0.18359
32135,-0.13477
32136,-0.09375
32137,-0.058594
32138,-0.044922
32139,-0.025391
32140,-0.013672
32141,-0.0039062
32142,-0.0097656
32143,-0.0039062
32144,0.0
32145,0.0
32146,0.0
32147,0.0
32148,-0.0039062
32149,-0.0097656
32150,-0.0039062
32151,-0.0097656
32152,-0.0097656
32153,-0.0097656
32154,-0.0039062
32155,-0.0039062
32156,-0.0097656
32157,-0.0039062
32158,-0.0039062
32159,0.0
32160,0.0
32161,-0.0039062
32162,0.0
32163,0.0
32164,-0.0097656
32165,-0.0039062
32166,-0.013672
32167,-0.013672
32168,-0.0097656
32169,-0.025391
32170,-0.025391
32171,-0.019531
32172,-0.025391
32173,-0.029297
32174,-0.025391
32175,-0.0097656
32176,0.0
32177,0.019531
32178,0.025391
32179,0.03125
32180,0.025391
32181,0.03125
32182,0.019531
32183,-0.019531
32184,-0.064453
32185,0.20508
32186,0.72461
32187,1.2598
32188,1.5
32189,1.4648
32190,1.1934
32191,0.92383
32192,0.68555
32193,0.4707
32194,0.22461
32195,0.025391
32196,-0.099609
32197,-0.16016
32198,-0.18945
32199,-0.21484
32200,-0.21484
32201,-0.21484
32202,-0.21875
32203,-0.22461
32204,-0.22852
32205,-0.22852
32206,-0.23438
32207,-0.24023
32208,-0.24414
32209,-0.25391
32210,-0.26367
32211,-0.28906
32212,-0.30859
32213,-0.33984
32214,-0.37891
32215,-0.42969
32216,-0.47852
32217,-0.49805
32218,-0.49805
32219,-0.49805
32220,-0.49805
32221,-0.49805
32222,-0.49805
32223,-0.45898
32224,-0.36328
32225,-0.29492
32226,-0.20898
32227,-0.14453
32228,-0.09375
32229,-0.048828
32230,-0.039062
32231,0.0
32232,-0.0097656
32233,0.0097656
32234,0.015625
32235,0.0097656
32236,0.025391
32237,0.035156
32238,0.025391
32239,0.015625
32240,0.019531
32241,0.041016
32242,0.025391
32243,0.035156
32244,0.041016
32245,0.019531
32246,0.03125
32247,0.035156
32248,0.019531
32249,0.044922
32250,0.03125
32251,0.03125
32252,0.025391
32253,0.019531
32254,0.025391
32255,0.03125
32256,0.019531
32257,0.025391
32258,0.035156
32259,0.019531
32260,0.015625
32261,0.0
32262,0.0058594
32263,0.0058594
32264,0.019531
32265,0.0
32266,0.0097656
32267,0.019531
32268,0.03125
32269,0.044922
32270,0.044922
32271,0.044922
32272,0.050781
32273,0.054688
32274,0.019531
32275,-0.035156
32276,-0.058594
32277,0.44922
32278,1.0547
32279,1.5
32280,1.5
32281,1.5
32282,1.1992
32283,0.90039
32284,0.66016
32285,0.4043
32286,0.15039
32287,-0.029297
32288,-0.14453
32289,-0.19336
32290,-0.23438
32291,-0.24414
32292,-0.25
32293,-0.25391
32294,-0.25391
32295,-0.25977
32296,-0.25977
32297,-0.26367
32298,-0.26953
32299,-0.27344
32300,-0.28516
32301,-0.29883
32302,-0.31445
32303,-0.34375
32304,-0.36328
32305,-0.39844
32306,-0.44336
32307,-0.49805
32308,-0.49805
32309,-0.49805
32310,-0.49805
32311,-0.49805
32312,-0.49805
32313,-0.49805
32314,-0.49805
32315,-0.45312
32316,-0.35938
32317,-0.2793
32318,-0.20508
32319,-0.14453
32320,-0.099609
32321,-0.070312
32322,-0.048828
32323,-0.035156
32324,-0.025391
32325,-0.019531
32326,-0.025391
32327,-0.019531
32328,-0.019531
32329,-0.013672
32330,-0.019531
32331,-0.019531
32332,-0.019531
32333,-0.019531
32334,-0.019531
32335,-0.013672
32336,-0.019531
32337,-0.019531
32338,-0.019531
32339,-0.013672
32340,-0.013672
32341,-0.019531
32342,-0.0097656
32343,-0.013672
32344,-0.0097656
32345,-0.013672
32346,-0.019531
32347,-0.0097656
32348,-0.0097656
32349,-0.0097656
32350,-0.0097656
32351,-0.013672
32352,-0.013672
32353,-0.019531
32354,-0.013672
32355,-0.025391
32356,-0.025391
32357,-0.019531
32358,-0.019531
32359,-0.019531
32360,-0.025391
32361,-0.019531
32362,0.0
32363,0.0097656
32364,0.025391
32365,0.03125
32366,0.025391
32367,0.03125
32368,0.03125
32369,0.0058594
32370,-0.044922
32371,-0.058594
32372,0.45508
32373,0.99414
32374,1.459
32375,1.5
32376,1.3438
32377,1.0742
32378,0.80469
32379,0.58984
32380,0.35547
32381,0.11523
32382,-0.044922
32383,-0.13867
32384,-0.17383
32385,-0.20898
32386,-0.21484
32387,-0.21875
32388,-0.22461
32389,-0.22461
32390,-0.23438
32391,-0.22852
32392,-0.23438
32393,-0.22852
32394,-0.24023
32395,-0.25
32396,-0.25977
32397,-0.27344
32398,-0.29492
32399,-0.32422
32400,-0.35938
32401,-0.4043
32402,-0.45312
32403,-0.49805
32404,-0.49805
32405,-0.49805
32406,-0.49805
32407,-0.49805
32408,-0.49805
32409,-0.49805
32410,-0.42383
32411,-0.33984
32412,-0.25977
32413,-0.19336
32414,-0.13867
32415,-0.099609
32416,-0.070312
32417,-0.044922
32418,-0.025391
32419,-0.025391
32420,-0.013672
32421,-0.0097656
32422,-0.0039062
32423,-0.0039062
32424,-0.0039062
32425,-0.0039062
32426,0.0
32427,-0.0039062
32428,-0.0097656
32429,-0.0097656
32430,-0.0039062
32431,-0.0097656
32432,-0.0097656
32433,-0.0097656
32434,-0.0097656
32435,-0.0097656
32436,-0.0039062
32437,-0.0097656
32438,-0.0039062
32439,-0.0097656
32440,-0.0097656
32441,-0.0039062
32442,-0.0097656
32443,-0.013672
32444,-0.0097656
32445,-0.013672
32446,-0.019531
32447,-0.025391
32448,-0.025391
32449,-0.029297
32450,-0.025391
32451,-0.035156
32452,-0.039062
32453,-0.029297
32454,-0.013672
32455,0.0
32456,0.015625
32457,0.019531
32458,0.019531
32459,0.019531
32460,0.019531
32461,0.0
32462,-0.058594
32463,-0.070312
32464,0.49023
32465,1.0254
32466,1.4785
32467,1.5
32468,1.3145
32469,1.0391
32470,0.77539
32471,0.56445
32472,0.33008
32473,0.089844
32474,-0.064453
32475,-0.14844
32476,-0.18359
32477,-0.21484
32478,-0.21875
32479,-0.22852
32480,-0.23438
32481,-0.22852
32482,-0.23438
32483,-0.23438
32484,-0.24023
32485,-0.24023
32486,-0.25391
32487,-0.25977
32488,-0.27344
32489,-0.28516
32490,-0.30859
32491,-0.33398
32492,-0.375
32493,-0.41992
32494,-0.47461
32495,-0.49805
32496,-0.49805
32497,-0.49805
32498,-0.49805
32499,-0.49805
32500,-0.49805
32501,-0.49414
32502,-0.41406
32503,-0.31836
32504,-0.24414
32505,-0.17969
32506,-0.13867
32507,-0.089844
32508,-0.058594
32509,-0.035156
32510,-0.013672
32511,-0.019531
32512,0.0
32513,-0.0097656
32514,-0.0039062
32515,0.0058594
32516,0.0097656
32517,0.019531
32518,0.0
32519,0.019531
32520,0.0
32521,0.0097656
32522,0.019531
32523,0.015625
32524,0.019531
32525,0.015625
32526,0.019531
32527,0.015625
32528,0.0097656
32529,0.019531
32530,0.015625
32531,0.019531
32532,0.015625
32533,0.025391
32534,0.03125
32535,0.019531
32536,0.03125
32537,0.019531
32538,0.050781
32539,0.0058594
32540,0.0097656
32541,0.03125
32542,0.019531
32543,0.0097656
32544,0.015625
32545,0.0097656
32546,0.03125
32547,0.019531
32548,0.041016
32549,0.054688
32550,0.044922
32551,0.044922
32552,0.054688
32553,0.035156
32554,-0.0097656
32555,-0.048828
32556,0.37109
32557,0.97461
32558,1.5
32559,1.5
32560,1.5
32561,1.2598
32562,0.95508
32563,0.69531
32564,0.44531
32565,0.17578
32566,-0.0097656
32567,-0.125
32568,-0.18359
32569,-0.22852
32570,-0.24023
32571,-0.24414
32572,-0.25
32573,-0.25391
32574,-0.25977
32575,-0.25977
32576,-0.25977
32577,-0.26367
32578,-0.2793
32579,-0.28516
32580,-0.29492
32581,-0.30859
32582,-0.33398
32583,-0.35938
32584,-0.39844
32585,-0.44336
32586,-0.49805
32587,-0.49805
32588,-0.49805
32589,-0.49805
32590,-0.49805
32591,-0.49805
32592,-0.49805
32593,-0.49805
32594,-0.47852
32595,-0.38477
32596,-0.29492
32597,-0.22461
32598,-0.16016
32599,-0.11523
32600,-0.080078
32601,-0.058594
32602,-0.039062
32603,-0.029297
32604,-0.025391
32605,-0.019531
32606,-0.013672
32607,-0.019531
32608,-0.013672
32609,-0.019531
32610,-0.013672
32611,-0.025391
32612,-0.019531
32613,-0.025391
32614,-0.019531
32615,-0.019531
32616,-0.019531
32617,-0.013672
32618,-0.025391
32619,-0.025391
32620,-0.019531
32621,-0.013672
32622,-0.013672
32623,-0.013672
32624,-0.0097656
32625,-0.0097656
32626,-0.013672
32627,-0.0097656
32628,-0.013672
32629,-0.0097656
32630,-0.013672
32631,-0.013672
32632,-0.019531
32633,-0.013672
32634,-0.025391
32635,-0.025391
32636,-0.025391
32637,-0.025391
32638,-0.019531
32639,-0.025391
32640,-0.025391
32641,-0.0039062
32642,0.0058594
32643,0.019531
32644,0.025391
32645,0.019531
32646,0.03125
32647,0.025391
32648,0.015625
32649,-0.035156
32650,-0.064453
32651,0.34961
32652,0.88477
32653,1.3945
32654,1.5
32655,1.4043
32656,1.1348
32657,0.85547
32658,0.64062
32659,0.41016
32660,0.16016
32661,-0.013672
32662,-0.11914
32663,-0.16992
32664,-0.19336
32665,-0.21484
32666,-0.21484
32667,-0.21484
32668,-0.21875
32669,-0.22461
32670,-0.22461
32671,-0.23438
32672,-0.23438
32673,-0.24023
32674,-0.25
32675,-0.25977
32676,-0.27344
32677,-0.28906
32678,-0.30859
32679,-0.34375
32680,-0.39453
32681,-0.43945
32682,-0.49414
32683,-0.49805
32684,-0.49805
32685,-0.49805
32686,-0.49805
32687,-0.49805
32688,-0.49805
32689,-0.43945
32690,-0.35352
32691,-0.26953
32692,-0.19922
32693,-0.14453
32694,-0.099609
32695,-0.064453
32696,-0.044922
32697,-0.025391
32698,-0.013672
32699,-0.0097656
32700,-0.0039062
32701,-0.0097656
32702,0.0
32703,0.0
32704,0.0
32705,0.0
32706,0.0
32707,0.0
32708,0.0
32709,-0.0039062
32710,-0.0039062
32711,-0.0097656
32712,-0.0039062
32713,-0.0097656
32714,-0.0039062
32715,-0.0039062
32716,-0.0097656
32717,-0.0039062
32718,-0.0039062
32719,0.0
32720,-0.0039062
32721,-0.0097656
32722,-0.0097656
32723,-0.0039062
32724,-0.0097656
32725,-0.013672
32726,-0.019531
32727,-0.025391
32728,-0.025391
32729,-0.019531
32730,-0.029297
32731,-0.025391
32732,-0.035156
32733,-0.025391
32734,-0.013672
32735,0.0058594
32736,0.015625
32737,0.019531
32738,0.025391
32739,0.019531
32740,0.019531
32741,0.0097656
32742,-0.044922
32743,-0.074219
32744,0.34961
32745,0.88477
32746,1.3848
32747,1.5
32748,1.3887
32749,1.1152
32750,0.84961
32751,0.62891
32752,0.40039
32753,0.15625
32754,-0.025391
32755,-0.12891
32756,-0.16406
32757,-0.19922
32758,-0.21484
32759,-0.21875
32760,-0.22461
32761,-0.21875
32762,-0.22461
32763,-0.22852
32764,-0.23438
32765,-0.23438
32766,-0.24023
32767,-0.25391
32768,-0.25977
32769,-0.27344
32770,-0.29492
32771,-0.31836
32772,-0.35352
32773,-0.39453
32774,-0.45312
32775,-0.49805
32776,-0.49805
32777,-0.49805
32778,-0.49805
32779,-0.49805
32780,-0.49805
32781,-0.49805
32782,-0.43945
32783,-0.34375
32784,-0.26367
32785,-0.18945
32786,-0.13867
32787,-0.09375
32788,-0.064453
32789,-0.039062
32790,-0.048828
32791,-0.0097656
32792,-0.0097656
32793,-0.0039062
32794,0.0
32795,0.0058594
32796,0.0
32797,0.0
32798,0.015625
32799,0.0
32800,0.025391
32801,0.0058594
32802,0.0
32803,0.019531
32804,0.0097656
32805,0.019531
32806,0.015625
32807,0.025391
32808,0.019531
32809,0.03125
32810,0.019531
32811,0.025391
32812,0.019531
32813,0.035156
32814,0.041016
32815,0.019531
32816,0.041016
32817,0.025391
32818,0.041016
32819,0.019531
32820,0.015625
32821,0.041016
32822,0.0097656
32823,0.019531
32824,0.015625
32825,0.025391
32826,0.035156
32827,0.054688
32828,0.054688
32829,0.064453
32830,0.060547
32831,0.050781
32832,0.054688
32833,0.035156
32834,-0.019531
32835,-0.048828
32836,0.44531
32837,1.0547
32838,1.5
32839,1.5
32840,1.5
32841,1.2441
32842,0.92969
32843,0.68555
32844,0.42578
32845,0.16602
32846,-0.013672
32847,-0.12891
32848,-0.17969
32849,-0.21875
32850,-0.22852
32851,-0.23438
32852,-0.23438
32853,-0.24414
32854,-0.23438
32855,-0.25
32856,-0.25
32857,-0.25977
32858,-0.26953
32859,-0.28516
32860,-0.28906
32861,-0.30859
32862,-0.33008
32863,-0.35938
32864,-0.39453
32865,-0.44336
32866,-0.49805
32867,-0.49805
32868,-0.49805
32869,-0.49805
32870,-0.49805
32871,-0.49805
32872,-0.49805
32873,-0.49805
32874,-0.46875
32875,-0.36914
32876,-0.2793
32877,-0.20898
32878,-0.1543
32879,-0.099609
32880,-0.074219
32881,-0.048828
32882,-0.035156
32883,-0.025391
32884,-0.013672
32885,-0.0097656
32886,-0.013672
32887,-0.013672
32888,-0.0097656
32889,-0.0097656
32890,-0.013672
32891,-0.013672
32892,-0.013672
32893,-0.019531
32894,-0.013672
32895,-0.019531
32896,-0.013672
32897,-0.0097656
32898,-0.013672
32899,-0.013672
32900,-0.0097656
32901,-0.013672
32902,-0.0097656
32903,-0.0097656
32904,-0.0039062
32905,-0.013672
32906,-0.0039062
32907,-0.0097656
32908,-0.0097656
32909,-0.0097656
32910,-0.013672
32911,-0.013672
32912,-0.0097656
32913,-0.013672
32914,-0.019531
32915,-0.025391
32916,-0.025391
32917,-0.019531
32918,-0.029297
32919,-0.025391
32920,-0.029297
32921,-0.013672
32922,0.0
32923,0.015625
32924,0.019531
32925,0.019531
32926,0.025391
32927,0.025391
32928,0.019531
32929,-0.0039062
32930,-0.064453
32931,0.125
32932,0.62891
32933,1.1699
32934,1.5
32935,1.5
32936,1.2637
32937,0.99023
32938,0.73047
32939,0.52539
32940,0.27539
32941,0.060547
32942,-0.074219
32943,-0.14844
32944,-0.18359
32945,-0.19922
32946,-0.20898
32947,-0.21484
32948,-0.21875
32949,-0.21875
32950,-0.21875
32951,-0.22461
32952,-0.22461
32953,-0.22852
32954,-0.23438
32955,-0.24414
32956,-0.25391
32957,-0.27344
32958,-0.28906
32959,-0.32422
32960,-0.35352
32961,-0.4082
32962,-0.45898
32963,-0.49805
32964,-0.49805
32965,-0.49805
32966,-0.49805
32967,-0.49805
32968,-0.49805
32969,-0.47461
32970,-0.38867
32971,-0.30469
32972,-0.23438
32973,-0.16406
32974,-0.11523
32975,-0.074219
32976,-0.048828
32977,-0.025391
32978,-0.013672
32979,-0.0039062
32980,-0.0039062
32981,0.0
32982,0.0
32983,0.0058594
32984,0.0
32985,0.0058594
32986,0.0
32987,0.0
32988,0.0
32989,0.0
32990,0.0
32991,0.0
32992,0.0
32993,0.0
32994,0.0
32995,0.0
32996,-0.0039062
32997,0.0
32998,0.0
32999,0.0
33000,0.0
33001,0.0
33002,0.0
33003,0.0
33004,-0.0097656
33005,-0.0097656
33006,-0.013672
33007,-0.019531
33008,-0.025391
33009,-0.025391
33010,-0.019531
33011,-0.025391
33012,-0.025391
33013,-0.013672
33014,0.0
33015,0.015625
33016,0.025391
33017,0.03125
33018,0.025391
33019,0.03125
33020,0.03125
33021,0.0058594
33022,-0.054688
33023,0.041016
33024,0.51562
33025,1.0488
33026,1.498
33027,1.5
33028,1.3145
33029,1.0391
33030,0.77539
33031,0.57422
33032,0.33008
33033,0.095703
33034,-0.058594
33035,-0.13867
33036,-0.17383
33037,-0.19922
33038,-0.20898
33039,-0.21484
33040,-0.21484
33041,-0.21875
33042,-0.22852
33043,-0.22461
33044,-0.22852
33045,-0.23438
33046,-0.23438
33047,-0.24414
33048,-0.25977
33049,-0.2793
33050,-0.29492
33051,-0.32422
33052,-0.36328
33053,-0.41406
33054,-0.46484
33055,-0.49805
33056,-0.49805
33057,-0.49805
33058,-0.49805
33059,-0.49805
33060,-0.49805
33061,-0.48828
33062,-0.4043
33063,-0.31445
33064,-0.24023
33065,-0.17969
33066,-0.125
33067,-0.083984
33068,-0.048828
33069,-0.029297
33070,-0.019531
33071,-0.0097656
33072,-0.0039062
33073,0.0
33074,0.0
33075,0.0
33076,0.0
33077,0.0
33078,0.0
33079,0.0
33080,-0.0039062
33081,0.0
33082,-0.0097656
33083,-0.0039062
33084,-0.0039062
33085,-0.0039062
33086,0.0
33087,0.0
33088,0.0
33089,0.0
33090,0.0
33091,0.0
33092,-0.0039062
33093,0.0
33094,-0.0039062
33095,0.0
33096,0.0
33097,-0.0039062
33098,-0.0097656
33099,-0.013672
33100,-0.013672
33101,-0.0097656
33102,-0.013672
33103,-0.013672
33104,-0.025391
33105,-0.019531
33106,0.0
33107,0.0058594
33108,0.019531
33109,0.025391
33110,0.035156
33111,0.03125
33112,0.035156
33113,0.019531
33114,-0.019531
33115,-0.058594
33116,0.25977
33117,0.78906
33118,1.3145
33119,1.5
33120,1.4434
33121,1.1699
33122,0.90039
33123,0.67969
33124,0.46094
33125,0.21094
33126,0.025391
33127,-0.09375
33128,-0.14453
33129,-0.17383
33130,-0.18945
33131,-0.19922
33132,-0.18945
33133,-0.20898
33134,-0.20898
33135,-0.18945
33136,-0.21484
33137,-0.19922
33138,-0.21875
33139,-0.21484
33140,-0.22852
33141,-0.25
33142,-0.25391
33143,-0.28516
33144,-0.32422
33145,-0.35938
33146,-0.42383
33147,-0.47852
33148,-0.49805
33149,-0.49805
33150,-0.49805
33151,-0.49805
33152,-0.49805
33153,-0.49805
33154,-0.4082
33155,-0.33398
33156,-0.22461
33157,-0.17969
33158,-0.10938
33159,-0.064453
33160,-0.029297
33161,0.0
33162,0.0097656
33163,0.025391
33164,0.035156
33165,0.025391
33166,0.035156
33167,0.035156
33168,0.041016
33169,0.035156
33170,0.03125
33171,0.041016
33172,0.041016
33173,0.03125
33174,0.025391
33175,0.025391
33176,0.025391
33177,0.025391
33178,0.019531
33179,0.015625
33180,0.019531
33181,0.019531
33182,0.015625
33183,0.015625
33184,0.015625
33185,0.0097656
33186,0.0058594
33187,0.0097656
33188,0.0058594
33189,0.015625
33190,0.0
33191,0.0
33192,-0.0039062
33193,-0.0039062
33194,-0.013672
33195,-0.025391
33196,-0.0039062
33197,0.0
33198,0.0097656
33199,0.019531
33200,0.019531
33201,0.019531
33202,0.019531
33203,0.019531
33204,-0.0097656
33205,-0.074219
33206,0.054688
33207,0.57031
33208,1.1484
33209,1.5
33210,1.5
33211,1.3535
33212,1.0645
33213,0.7793
33214,0.56445
33215,0.32031
33216,0.089844
33217,-0.064453
33218,-0.1543
33219,-0.19336
33220,-0.22852
33221,-0.24023
33222,-0.24414
33223,-0.25
33224,-0.25
33225,-0.25
33226,-0.25977
33227,-0.25977
33228,-0.25977
33229,-0.26367
33230,-0.2793
33231,-0.28516
33232,-0.30469
33233,-0.33008
33234,-0.35938
33235,-0.39844
33236,-0.44922
33237,-0.49805
33238,-0.49805
33239,-0.49805
33240,-0.49805
33241,-0.49805
33242,-0.49805
33243,-0.49805
33244,-0.49805
33245,-0.41406
33246,-0.31836
33247,-0.24023
33248,-0.17969
33249,-0.12891
33250,-0.083984
33251,-0.054688
33252,-0.039062
33253,-0.025391
33254,-0.019531
33255,-0.0097656
33256,-0.0039062
33257,-0.0039062
33258,0.0
33259,-0.0039062
33260,0.0
33261,0.0
33262,0.0
33263,-0.0039062
33264,0.0
33265,-0.0097656
33266,-0.0039062
33267,-0.0039062
33268,-0.0039062
33269,-0.0039062
33270,0.0
33271,0.0
33272,0.0
33273,0.0
33274,-0.0039062
33275,-0.0039062
33276,-0.0097656
33277,-0.0039062
33278,0.0
33279,-0.0039062
33280,-0.0039062
33281,-0.0097656
33282,-0.013672
33283,-0.019531
33284,-0.019531
33285,-0.019531
33286,-0.025391
33287,-0.019531
33288,-0.029297
33289,-0.019531
33290,-0.0039062
33291,0.0097656
33292,0.019531
33293,0.019531
33294,0.03125
33295,0.025391
33296,0.03125
33297,0.0097656
33298,-0.035156
33299,-0.064453
33300,0.3457
33301,0.875
33302,1.3789
33303,1.5
33304,1.3984
33305,1.1289
33306,0.85547
33307,0.63477
33308,0.41016
33309,0.15625
33310,-0.019531
33311,-0.125
33312,-0.16992
33313,-0.19922
33314,-0.21484
33315,-0.21484
33316,-0.21484
33317,-0.21875
33318,-0.22461
33319,-0.23438
33320,-0.23438
33321,-0.23438
33322,-0.24023
33323,-0.25391
33324,-0.25977
33325,-0.27344
33326,-0.29492
33327,-0.31445
33328,-0.34961
33329,-0.39453
33330,-0.45312
33331,-0.49805
33332,-0.49805
33333,-0.49805
33334,-0.49805
33335,-0.49805
33336,-0.49805
33337,-0.49805
33338,-0.43359
33339,-0.34375
33340,-0.26953
33341,-0.19336
33342,-0.13867
33343,-0.09375
33344,-0.064453
33345,-0.039062
33346,-0.025391
33347,-0.0097656
33348,0.0
33349,0.0
33350,0.0
33351,0.0
33352,0.0058594
33353,0.0058594
33354,0.0
33355,0.0058594
33356,0.0058594
33357,0.0
33358,0.0
33359,-0.0039062
33360,0.0
33361,0.0
33362,0.0
33363,-0.0039062
33364,0.0
33365,0.0
33366,0.0
33367,-0.0039062
33368,0.0
33369,0.0
33370,0.0
33371,0.0
33372,0.0
33373,0.0
33374,-0.0039062
33375,-0.0039062
33376,-0.0097656
33377,-0.0097656
33378,-0.019531
33379,-0.0097656
33380,-0.025391
33381,-0.025391
33382,0.0
33383,0.0097656
33384,0.019531
33385,0.03125
33386,0.035156
33387,0.03125
33388,0.035156
33389,0.03125
33390,-0.0097656
33391,-0.058594
33392,0.18945
33393,0.71484
33394,1.2402
33395,1.5
33396,1.4785
33397,1.2188
33398,0.94531
33399,0.69922
33400,0.49023
33401,0.24023
33402,0.035156
33403,-0.089844
33404,-0.1543
33405,-0.18359
33406,-0.20508
33407,-0.21484
33408,-0.21484
33409,-0.21875
33410,-0.22461
33411,-0.22461
33412,-0.22461
33413,-0.23438
33414,-0.23438
33415,-0.24414
33416,-0.25
33417,-0.26367
33418,-0.2793
33419,-0.30859
33420,-0.33984
33421,-0.38477
33422,-0.42969
33423,-0.48438
33424,-0.49805
33425,-0.49805
33426,-0.49805
33427,-0.49805
33428,-0.49805
33429,-0.49805
33430,-0.45898
33431,-0.36914
33432,-0.28906
33433,-0.21484
33434,-0.1543
33435,-0.10352
33436,-0.074219
33437,-0.048828
33438,-0.029297
33439,-0.019531
33440,-0.0039062
33441,0.0
33442,0.0
33443,0.0058594
33444,0.0097656
33445,-0.0039062
33446,0.0097656
33447,-0.0097656
33448,0.0
33449,0.0097656
33450,-0.0039062
33451,0.0097656
33452,0.015625
33453,0.0
33454,0.0058594
33455,0.0
33456,0.015625
33457,0.0058594
33458,0.0
33459,0.019531
33460,0.015625
33461,0.019531
33462,0.019531
33463,0.019531
33464,0.03125
33465,0.019531
33466,0.041016
33467,0.019531
33468,0.025391
33469,0.015625
33470,0.041016
33471,0.015625
33472,0.015625
33473,0.019531
33474,0.015625
33475,0.035156
33476,0.054688
33477,0.064453
33478,0.054688
33479,0.085938
33480,0.050781
33481,0.064453
33482,0.035156
33483,0.0097656
33484,-0.019531
33485,0.42578
33486,1.0254
33487,1.5
33488,1.5
33489,1.5
33490,1.25
33491,0.94922
33492,0.69922
33493,0.43945
33494,0.17578
33495,-0.0097656
33496,-0.12891
33497,-0.17969
33498,-0.21875
33499,-0.23438
33500,-0.24023
33501,-0.24414
33502,-0.24023
33503,-0.24414
33504,-0.24414
33505,-0.25
33506,-0.24414
33507,-0.25977
33508,-0.26953
33509,-0.26367
33510,-0.28906
33511,-0.31836
33512,-0.34375
33513,-0.38867
33514,-0.43359
33515,-0.48828
33516,-0.49805
33517,-0.49805
33518,-0.49805
33519,-0.49805
33520,-0.49805
33521,-0.49805
33522,-0.49805
33523,-0.45898
33524,-0.36914
33525,-0.2793
33526,-0.20508
33527,-0.14844
33528,-0.099609
33529,-0.074219
33530,-0.048828
33531,-0.035156
33532,-0.025391
33533,-0.013672
33534,-0.019531
33535,-0.013672
33536,-0.019531
33537,-0.025391
33538,-0.025391
33539,-0.025391
33540,-0.025391
33541,-0.029297
33542,-0.025391
33543,-0.029297
33544,-0.025391
33545,-0.029297
33546,-0.029297
33547,-0.035156
33548,-0.025391
33549,-0.029297
33550,-0.025391
33551,-0.025391
33552,-0.025391
33553,-0.025391
33554,-0.019531
33555,-0.019531
33556,-0.019531
33557,-0.019531
33558,-0.019531
33559,-0.025391
33560,-0.025391
33561,-0.029297
33562,-0.035156
33563,-0.039062
33564,-0.035156
33565,-0.029297
33566,-0.039062
33567,-0.035156
33568,-0.044922
33569,-0.025391
33570,-0.013672
33571,0.0
33572,0.0097656
33573,0.0097656
33574,0.0097656
33575,0.0097656
33576,0.0
33577,-0.035156
33578,-0.083984
33579,0.16992
33580,0.69531
33581,1.2246
33582,1.5
33583,1.4688
33584,1.209
33585,0.93945
33586,0.68555
33587,0.47461
33588,0.22461
33589,0.019531
33590,-0.10938
33591,-0.17383
33592,-0.20898
33593,-0.22461
33594,-0.23438
33595,-0.23438
33596,-0.23438
33597,-0.24023
33598,-0.24023
33599,-0.24414
33600,-0.25
33601,-0.25
33602,-0.25977
33603,-0.26367
33604,-0.28516
33605,-0.29883
33606,-0.31836
33607,-0.34961
33608,-0.39453
33609,-0.44336
33610,-0.48828
33611,-0.49805
33612,-0.49805
33613,-0.49805
33614,-0.49805
33615,-0.49805
33616,-0.49805
33617,-0.48438
33618,-0.38867
33619,-0.30859
33620,-0.24023
33621,-0.17969
33622,-0.12891
33623,-0.09375
33624,-0.064453
33625,-0.048828
33626,-0.035156
33627,-0.025391
33628,-0.025391
33629,-0.025391
33630,-0.019531
33631,-0.019531
33632,-0.019531
33633,-0.019531
33634,-0.019531
33635,-0.019531
33636,-0.025391
33637,-0.025391
33638,-0.025391
33639,-0.019531
33640,-0.019531
33641,-0.019531
33642,-0.019531
33643,-0.025391
33644,-0.019531
33645,-0.019531
33646,-0.019531
33647,-0.019531
33648,-0.019531
33649,-0.019531
33650,-0.019531
33651,-0.019531
33652,-0.019531
33653,-0.025391
33654,-0.025391
33655,-0.035156
33656,-0.025391
33657,-0.029297
33658,-0.029297
33659,-0.039062
33660,-0.044922
33661,-0.025391
33662,-0.0039062
33663,0.0
33664,0.0097656
33665,0.019531
33666,0.015625
33667,0.015625
33668,0.019531
33669,-0.0097656
33670,-0.070312
33671,0.03125
33672,0.50586
33673,1.0449
33674,1.4844
33675,1.5
33676,1.2988
33677,1.0254
33678,0.76562
33679,0.56055
33680,0.32422
33681,0.089844
33682,-0.070312
33683,-0.1543
33684,-0.18359
33685,-0.20898
33686,-0.21875
33687,-0.22461
33688,-0.22852
33689,-0.22852
33690,-0.23438
33691,-0.23438
33692,-0.23438
33693,-0.23438
33694,-0.25
33695,-0.25391
33696,-0.26953
33697,-0.28516
33698,-0.30469
33699,-0.33398
33700,-0.375
33701,-0.41992
33702,-0.47461
33703,-0.49805
33704,-0.49805
33705,-0.49805
33706,-0.49805
33707,-0.49805
33708,-0.49805
33709,-0.49805
33710,-0.4082
33711,-0.31836
33712,-0.24414
33713,-0.17969
33714,-0.12891
33715,-0.089844
33716,-0.058594
33717,-0.035156
33718,-0.025391
33719,-0.013672
33720,-0.0097656
33721,-0.0039062
33722,-0.0039062
33723,0.0
33724,0.0
33725,-0.0039062
33726,-0.0039062
33727,0.0
33728,-0.0039062
33729,0.0
33730,0.0
33731,0.0
33732,0.0
33733,0.0
33734,-0.0039062
33735,0.0
33736,-0.0039062
33737,-0.0039062
33738,0.0
33739,-0.0097656
33740,-0.0039062
33741,-0.0039062
33742,-0.0039062
33743,-0.0039062
33744,-0.0097656
33745,-0.0097656
33746,-0.013672
33747,-0.019531
33748,-0.013672
33749,-0.019531
33750,-0.025391
33751,-0.019531
33752,-0.025391
33753,-0.0097656
33754,0.0
33755,0.0097656
33756,0.019531
33757,0.019531
33758,0.025391
33759,0.025391
33760,0.03125
33761,0.0
33762,-0.058594
33763,0.060547
33764,0.55078
33765,1.0938
33766,1.5
33767,1.5
33768,1.2852
33769,1.0098
33770,0.75391
33771,0.55078
33772,0.30469
33773,0.080078
33774,-0.064453
33775,-0.1543
33776,-0.17969
33777,-0.18945
33778,-0.20898
33779,-0.19922
33780,-0.21875
33781,-0.21484
33782,-0.22852
33783,-0.20898
33784,-0.23438
33785,-0.23438
33786,-0.22852
33787,-0.24414
33788,-0.25977
33789,-0.28516
33790,-0.29883
33791,-0.31836
33792,-0.34375
33793,-0.4082
33794,-0.46484
33795,-0.49805
33796,-0.49805
33797,-0.49805
33798,-0.49805
33799,-0.49805
33800,-0.49805
33801,-0.44922
33802,-0.37891
33803,-0.29492
33804,-0.19922
33805,-0.12891
33806,-0.074219
33807,-0.054688
33808,-0.013672
33809,0.0058594
33810,0.019531
33811,0.03125
33812,0.044922
33813,0.03125
33814,0.044922
33815,0.054688
33816,0.035156
33817,0.041016
33818,0.044922
33819,0.035156
33820,0.044922
33821,0.054688
33822,0.025391
33823,0.035156
33824,0.041016
33825,0.03125
33826,0.035156
33827,0.035156
33828,0.025391
33829,0.03125
33830,0.025391
33831,0.019531
33832,0.025391
33833,0.019531
33834,0.03125
33835,0.015625
33836,0.015625
33837,0.0097656
33838,0.0
33839,0.015625
33840,0.0
33841,0.015625
33842,0.0
33843,-0.0039062
33844,0.0097656
33845,0.035156
33846,0.03125
33847,0.041016
33848,0.035156
33849,0.03125
33850,0.035156
33851,0.025391
33852,-0.0097656
33853,-0.070312
33854,0.18555
33855,0.74414
33856,1.3184
33857,1.5
33858,1.5
33859,1.2891
33860,1.0039
33861,0.73438
33862,0.51562
33863,0.25586
33864,0.044922
33865,-0.089844
33866,-0.16992
33867,-0.21875
33868,-0.23438
33869,-0.25
33870,-0.25
33871,-0.25391
33872,-0.25977
33873,-0.25977
33874,-0.25977
33875,-0.26367
33876,-0.27344
33877,-0.28516
33878,-0.29492
33879,-0.30859
33880,-0.33008
33881,-0.34961
33882,-0.38477
33883,-0.42383
33884,-0.47852
33885,-0.49805
33886,-0.49805
33887,-0.49805
33888,-0.49805
33889,-0.49805
33890,-0.49805
33891,-0.49805
33892,-0.48828
33893,-0.39844
33894,-0.31445
33895,-0.24023
33896,-0.17383
33897,-0.125
33898,-0.083984
33899,-0.058594
33900,-0.039062
33901,-0.025391
33902,-0.025391
33903,-0.019531
33904,-0.013672
33905,-0.019531
33906,-0.0097656
33907,-0.0097656
33908,-0.0097656
33909,-0.0039062
33910,-0.0039062
33911,-0.0097656
33912,-0.0097656
33913,-0.0039062
33914,-0.0097656
33915,-0.0097656
33916,-0.0097656
33917,-0.0039062
33918,-0.0097656
33919,-0.0039062
33920,-0.0039062
33921,-0.0097656
33922,-0.0097656
33923,-0.0097656
33924,-0.0097656
33925,-0.0039062
33926,-0.0039062
33927,-0.0097656
33928,-0.0097656
33929,-0.0097656
33930,-0.0097656
33931,-0.013672
33932,-0.025391
33933,-0.013672
33934,-0.025391
33935,-0.013672
33936,-0.025391
33937,-0.013672
33938,0.0
33939,0.015625
33940,0.019531
33941,0.025391
33942,0.03125
33943,0.025391
33944,0.03125
33945,0.015625
33946,-0.035156
33947,-0.058594
33948,0.32422
33949,0.84961
33950,1.3594
33951,1.5
33952,1.4141
33953,1.1445
33954,0.875
33955,0.65039
33956,0.42578
33957,0.16992
33958,-0.0097656
33959,-0.11523
33960,-0.16406
33961,-0.19336
33962,-0.20508
33963,-0.21484
33964,-0.21484
33965,-0.21484
33966,-0.21875
33967,-0.22852
33968,-0.22461
33969,-0.23438
33970,-0.23438
33971,-0.24414
33972,-0.25
33973,-0.26367
33974,-0.28516
33975,-0.30859
33976,-0.34375
33977,-0.38867
33978,-0.43945
33979,-0.49414
33980,-0.49805
33981,-0.49805
33982,-0.49805
33983,-0.49805
33984,-0.49805
33985,-0.49805
33986,-0.43945
33987,-0.35352
33988,-0.26953
33989,-0.19922
33990,-0.14453
33991,-0.099609
33992,-0.070312
33993,-0.044922
33994,-0.025391
33995,-0.0097656
33996,0.0
33997,0.0
33998,0.0
33999,0.0
34000,0.0058594
34001,-0.0039062
34002,0.0
34003,0.0
34004,0.0
34005,0.0
34006,0.0
34007,0.0
34008,0.0
34009,0.0
34010,0.0
34011,-0.0039062
34012,-0.0097656
34013,0.0
34014,0.0
34015,0.0
34016,0.0
34017,0.0
34018,0.0
34019,-0.0039062
34020,0.0
34021,-0.0039062
34022,-0.0039062
34023,-0.013672
34024,-0.019531
34025,-0.013672
34026,-0.025391
34027,-0.019531
34028,-0.025391
34029,-0.025391
34030,-0.0097656
34031,0.0058594
34032,0.019531
34033,0.025391
34034,0.025391
34035,0.025391
34036,0.025391
34037,0.019531
34038,-0.019531
34039,-0.058594
34040,0.21094
34041,0.74023
34042,1.2695
34043,1.5
34044,1.459
34045,1.1992
34046,0.92969
34047,0.68945
34048,0.47461
34049,0.22461
34050,0.035156
34051,-0.09375
34052,-0.1543
34053,-0.18359
34054,-0.19336
34055,-0.19922
34056,-0.20508
34057,-0.20898
34058,-0.21484
34059,-0.21484
34060,-0.21484
34061,-0.21484
34062,-0.22461
34063,-0.23438
34064,-0.24414
34065,-0.25977
34066,-0.2793
34067,-0.29883
34068,-0.33398
34069,-0.375
34070,-0.42383
34071,-0.48438
34072,-0.49805
34073,-0.49805
34074,-0.49805
34075,-0.49805
34076,-0.49805
34077,-0.49805
34078,-0.45312
34079,-0.35352
34080,-0.27344
34081,-0.18945
34082,-0.13867
34083,-0.089844
34084,-0.048828
34085,-0.025391
34086,-0.0097656
34087,0.015625
34088,0.0097656
34089,0.019531
34090,0.015625
34091,0.050781
34092,0.035156
34093,0.041016
34094,0.025391
34095,0.019531
34096,0.041016
34097,0.041016
34098,0.035156
34099,0.041016
34100,0.044922
34101,0.025391
34102,0.050781
34103,0.041016
34104,0.03125
34105,0.044922
34106,0.050781
34107,0.035156
34108,0.035156
34109,0.044922
34110,0.050781
34111,0.035156
34112,0.044922
34113,0.019531
34114,0.035156
34115,0.025391
34116,0.041016
34117,0.019531
34118,0.019531
34119,0.019531
34120,0.0058594
34121,0.019531
34122,0.03125
34123,0.041016
34124,0.054688
34125,0.060547
34126,0.054688
34127,0.060547
34128,0.064453
34129,0.025391
34130,-0.039062
34131,-0.054688
34132,0.55078
34133,1.1699
34134,1.5
34135,1.5
34136,1.4746
34137,1.1641
34138,0.85938
34139,0.62891
34140,0.37109
34141,0.12109
34142,-0.039062
34143,-0.14453
34144,-0.19336
34145,-0.22852
34146,-0.23438
34147,-0.24414
34148,-0.25391
34149,-0.25391
34150,-0.25977
34151,-0.25977
34152,-0.25977
34153,-0.26367
34154,-0.2793
34155,-0.28516
34156,-0.29492
34157,-0.31445
34158,-0.33398
34159,-0.375
34160,-0.41406
34161,-0.46484
34162,-0.49805
34163,-0.49805
34164,-0.49805
34165,-0.49805
34166,-0.49805
34167,-0.49805
34168,-0.49805
34169,-0.49805
34170,-0.44922
34171,-0.34961
34172,-0.27344
34173,-0.19922
34174,-0.14844
34175,-0.10352
34176,-0.074219
34177,-0.048828
34178,-0.039062
34179,-0.025391
34180,-0.025391
34181,-0.019531
34182,-0.019531
34183,-0.019531
34184,-0.019531
34185,-0.019531
34186,-0.019531
34187,-0.019531
34188,-0.019531
34189,-0.019531
34190,-0.025391
34191,-0.019531
34192,-0.019531
34193,-0.019531
34194,-0.013672
34195,-0.019531
34196,-0.013672
34197,-0.019531
34198,-0.0097656
34199,-0.013672
34200,-0.013672
34201,-0.0097656
34202,-0.013672
34203,-0.013672
34204,-0.013672
34205,-0.013672
34206,-0.0097656
34207,-0.013672
34208,-0.013672
34209,-0.019531
34210,-0.019531
34211,-0.025391
34212,-0.019531
34213,-0.025391
34214,-0.019531
34215,-0.035156
34216,-0.019531
34217,-0.0039062
34218,0.0
34219,0.015625
34220,0.019531
34221,0.019531
34222,0.019531
34223,0.019531
34224,0.0
34225,-0.054688
34226,-0.064453
34227,0.4707
34228,1.0039
34229,1.4688
34230,1.5
34231,1.334
34232,1.0547
34233,0.78906
34234,0.58398
34235,0.33984
34236,0.095703
34237,-0.058594
34238,-0.1543
34239,-0.18359
34240,-0.21484
34241,-0.21484
34242,-0.22461
34243,-0.22461
34244,-0.22461
34245,-0.22852
34246,-0.23438
34247,-0.23438
34248,-0.24023
34249,-0.25
34250,-0.25977
34251,-0.26367
34252,-0.2793
34253,-0.30469
34254,-0.32422
34255,-0.36914
34256,-0.41406
34257,-0.46484
34258,-0.49805
34259,-0.49805
34260,-0.49805
34261,-0.49805
34262,-0.49805
34263,-0.49805
34264,-0.49805
34265,-0.42383
34266,-0.34375
34267,-0.26367
34268,-0.19922
34269,-0.14453
34270,-0.099609
34271,-0.070312
34272,-0.048828
34273,-0.029297
34274,-0.025391
34275,-0.013672
34276,-0.0097656
34277,-0.0039062
34278,-0.0097656
34279,-0.0039062
34280,-0.0039062
34281,-0.0039062
34282,-0.0097656
34283,-0.0039062
34284,-0.0097656
34285,-0.0097656
34286,-0.013672
34287,-0.0097656
34288,-0.0097656
34289,-0.013672
34290,-0.0097656
34291,-0.0097656
34292,-0.0097656
34293,-0.0097656
34294,-0.0097656
34295,-0.0039062
34296,-0.0097656
34297,0.0
34298,-0.0097656
34299,-0.0097656
34300,-0.0097656
34301,-0.013672
34302,-0.025391
34303,-0.025391
34304,-0.025391
34305,-0.025391
34306,-0.025391
34307,-0.035156
34308,-0.025391
34309,-0.0039062
34310,0.0097656
34311,0.019531
34312,0.019531
34313,0.019531
34314,0.019531
34315,0.019531
34316,0.0097656
34317,-0.039062
34318,-0.070312
34319,0.34961
34320,0.88477
34321,1.3887
34322,1.5
34323,1.3945
34324,1.1152
34325,0.85547
34326,0.62891
34327,0.40039
34328,0.15625
34329,-0.025391
34330,-0.125
34331,-0.16992
34332,-0.19922
34333,-0.21484
34334,-0.21875
34335,-0.21484
34336,-0.21875
34337,-0.22461
34338,-0.22852
34339,-0.23438
34340,-0.23438
34341,-0.24023
34342,-0.25391
34343,-0.25977
34344,-0.2793
34345,-0.29492
34346,-0.32422
34347,-0.35938
34348,-0.4043
34349,-0.45898
34350,-0.49805
34351,-0.49805
34352,-0.49805
34353,-0.49805
34354,-0.49805
34355,-0.49805
34356,-0.49805
34357,-0.43945
34358,-0.34375
34359,-0.26953
34360,-0.19922
34361,-0.14453
34362,-0.099609
34363,-0.074219
34364,-0.048828
34365,-0.025391
34366,-0.019531
34367,-0.0097656
34368,-0.0039062
34369,-0.0039062
34370,-0.0097656
34371,0.0
34372,0.0
34373,0.0058594
34374,0.0
34375,0.0
34376,-0.0039062
34377,0.0058594
34378,0.0
34379,-0.0039062
34380,-0.013672
34381,0.0058594
34382,-0.0039062
34383,-0.0097656
34384,0.0
34385,0.015625
34386,0.015625
34387,0.015625
34388,0.0097656
34389,0.015625
34390,0.0097656
34391,0.025391
34392,0.015625
34393,0.019531
34394,0.025391
34395,0.0097656
34396,0.019531
34397,0.019531
34398,0.015625
34399,0.0097656
34400,0.025391
34401,0.03125
34402,0.044922
34403,0.054688
34404,0.044922
34405,0.076172
34406,0.089844
34407,0.070312
34408,0.064453
34409,0.035156
34410,0.0
34411,-0.013672
34412,0.48047
34413,1.084
34414,1.5
34415,1.5
34416,1.5
34417,1.2344
34418,0.92383
34419,0.68555
34420,0.42578
34421,0.15039
34422,-0.013672
34423,-0.12891
34424,-0.17383
34425,-0.21484
34426,-0.22852
34427,-0.23438
34428,-0.24023
34429,-0.23438
34430,-0.23438
34431,-0.23438
34432,-0.25
34433,-0.25391
34434,-0.25
34435,-0.25977
34436,-0.2793
34437,-0.28906
34438,-0.30859
34439,-0.34375
34440,-0.38477
34441,-0.42969
34442,-0.48828
34443,-0.49805
34444,-0.49805
34445,-0.49805
34446,-0.49805
34447,-0.49805
34448,-0.49805
34449,-0.49805
34450,-0.44336
34451,-0.35352
34452,-0.26953
34453,-0.19922
34454,-0.13867
34455,-0.09375
34456,-0.058594
34457,-0.039062
34458,-0.025391
34459,-0.019531
34460,-0.0039062
34461,-0.0097656
34462,-0.0039062
34463,-0.0097656
34464,-0.0097656
34465,-0.013672
34466,-0.013672
34467,-0.019531
34468,-0.013672
34469,-0.025391
34470,-0.019531
34471,-0.025391
34472,-0.025391
34473,-0.025391
34474,-0.025391
34475,-0.013672
34476,-0.019531
34477,-0.019531
34478,-0.013672
34479,-0.019531
34480,-0.019531
34481,-0.013672
34482,-0.013672
34483,-0.0097656
34484,-0.013672
34485,-0.0097656
34486,-0.019531
34487,-0.019531
34488,-0.019531
34489,-0.025391
34490,-0.029297
34491,-0.025391
34492,-0.025391
34493,-0.019531
34494,-0.029297
34495,-0.035156
34496,-0.013672
34497,0.0
34498,0.0097656
34499,0.0058594
34500,0.015625
34501,0.015625
34502,0.015625
34503,0.0058594
34504,-0.035156
34505,-0.070312
34506,0.25586
34507,0.79883
34508,1.3184
34509,1.5
34510,1.4531
34511,1.1797
34512,0.91406
34513,0.67578
34514,0.44922
34515,0.20117
34516,0.0058594
34517,-0.10938
34518,-0.16992
34519,-0.19922
34520,-0.21484
34521,-0.21875
34522,-0.22461
34523,-0.22852
34524,-0.22852
34525,-0.22852
34526,-0.23438
34527,-0.22852
34528,-0.24023
34529,-0.24414
34530,-0.25977
34531,-0.26953
34532,-0.28516
34533,-0.30859
34534,-0.34961
34535,-0.38477
34536,-0.43945
34537,-0.48828
34538,-0.49805
34539,-0.49805
34540,-0.49805
34541,-0.49805
34542,-0.49805
34543,-0.49805
34544,-0.45898
34545,-0.375
34546,-0.28906
34547,-0.20898
34548,-0.1543
34549,-0.11523
34550,-0.074219
34551,-0.048828
34552,-0.025391
34553,-0.013672
34554,-0.0097656
34555,-0.0039062
34556,0.0
34557,0.0
34558,0.0
34559,0.0
34560,0.0
34561,0.0
34562,-0.0039062
34563,0.0
34564,0.0
34565,0.0
34566,-0.0039062
34567,-0.0039062
34568,0.0
34569,0.0
34570,-0.0039062
34571,0.0
34572,-0.0039062
34573,0.0
34574,-0.0039062
34575,0.0
34576,-0.0039062
34577,0.0
34578,-0.0039062
34579,-0.0097656
34580,-0.0039062
34581,-0.013672
34582,-0.019531
34583,-0.019531
34584,-0.019531
34585,-0.025391
34586,-0.025391
34587,-0.025391
34588,-0.019531
34589,-0.0039062
34590,0.0058594
34591,0.019531
34592,0.025391
34593,0.019531
34594,0.019531
34595,0.025391
34596,0.0097656
34597,-0.039062
34598,-0.064453
34599,0.40039
34600,0.93555
34601,1.4297
34602,1.5
34603,1.3691
34604,1.0938
34605,0.82422
34606,0.60938
34607,0.38086
34608,0.13477
34609,-0.035156
34610,-0.12891
34611,-0.16406
34612,-0.19922
34613,-0.21484
34614,-0.21484
34615,-0.22461
34616,-0.22461
34617,-0.22461
34618,-0.22852
34619,-0.23438
34620,-0.22852
34621,-0.24023
34622,-0.25
34623,-0.25977
34624,-0.26953
34625,-0.28906
34626,-0.31445
34627,-0.35352
34628,-0.39453
34629,-0.44922
34630,-0.49805
34631,-0.49805
34632,-0.49805
34633,-0.49805
34634,-0.49805
34635,-0.49805
34636,-0.49805
34637,-0.42383
34638,-0.33984
34639,-0.25391
34640,-0.18945
34641,-0.13477
34642,-0.09375
34643,-0.054688
34644,-0.035156
34645,-0.019531
34646,-0.0097656
34647,0.0
34648,0.0
34649,0.0
34650,0.0
34651,0.0
34652,0.0058594
34653,0.0
34654,0.0
34655,0.0
34656,0.0
34657,0.0
34658,0.0
34659,-0.0039062
34660,0.0
34661,-0.0039062
34662,0.0
34663,0.0
34664,0.0
34665,0.0
34666,0.0
34667,-0.0039062
34668,-0.0097656
34669,0.0
34670,-0.0039062
34671,-0.0097656
34672,-0.013672
34673,-0.0097656
34674,-0.019531
34675,-0.025391
34676,-0.025391
34677,-0.025391
34678,-0.019531
34679,-0.025391
34680,-0.025391
34681,-0.0097656
34682,0.0
34683,0.019531
34684,0.025391
34685,0.03125
34686,0.025391
34687,0.03125
34688,0.019531
34689,-0.019531
34690,-0.070312
34691,0.20117
34692,0.72461
34693,1.2539
34694,1.5
34695,1.459
34696,1.1934
34697,0.92383
34698,0.68945
34699,0.47461
34700,0.2207
34701,0.019531
34702,-0.099609
34703,-0.16406
34704,-0.18945
34705,-0.19922
34706,-0.20898
34707,-0.20898
34708,-0.19922
34709,-0.22852
34710,-0.21484
34711,-0.22461
34712,-0.22852
34713,-0.24023
34714,-0.23438
34715,-0.25977
34716,-0.24414
34717,-0.26953
34718,-0.30469
34719,-0.33398
34720,-0.38477
34721,-0.42969
34722,-0.48438
34723,-0.49805
34724,-0.49805
34725,-0.49805
34726,-0.49805
34727,-0.49805
34728,-0.49805
34729,-0.44336
34730,-0.33008
34731,-0.26953
34732,-0.18945
34733,-0.125
34734,-0.089844
34735,-0.048828
34736,-0.0039062
34737,0.015625
34738,0.0097656
34739,0.025391
34740,0.019531
34741,0.035156
34742,0.025391
34743,0.019531
34744,0.044922
34745,0.03125
34746,0.03125
34747,0.044922
34748,0.03125
34749,0.035156
34750,0.025391
34751,0.041016
34752,0.019531
34753,0.03125
34754,0.025391
34755,0.03125
34756,0.0097656
34757,0.015625
34758,0.025391
34759,0.019531
34760,0.03125
34761,0.019531
34762,0.019531
34763,0.0097656
34764,0.015625
34765,0.0058594
34766,0.0097656
34767,0.015625
34768,0.0
34769,0.0058594
34770,-0.0039062
34771,-0.0097656
34772,0.0058594
34773,0.019531
34774,0.035156
34775,0.041016
34776,0.035156
34777,0.03125
34778,0.035156
34779,0.015625
34780,-0.029297
34781,-0.064453
34782,0.27539
34783,0.85547
34784,1.4141
34785,1.5
34786,1.5
34787,1.2539
34788,0.95508
34789,0.70508
34790,0.4707
34791,0.21094
34792,0.015625
34793,-0.11523
34794,-0.18359
34795,-0.23438
34796,-0.25
34797,-0.25977
34798,-0.25977
34799,-0.26367
34800,-0.26953
34801,-0.26953
34802,-0.27344
34803,-0.2793
34804,-0.28516
34805,-0.28906
34806,-0.30469
34807,-0.31445
34808,-0.33398
34809,-0.35938
34810,-0.39453
34811,-0.43945
34812,-0.48828
34813,-0.49805
34814,-0.49805
34815,-0.49805
34816,-0.49805
34817,-0.49805
34818,-0.49805
34819,-0.49805
34820,-0.47852
34821,-0.38477
34822,-0.29883
34823,-0.22461
34824,-0.16992
34825,-0.11523
34826,-0.083984
34827,-0.054688
34828,-0.039062
34829,-0.029297
34830,-0.025391
34831,-0.019531
34832,-0.019531
34833,-0.019531
34834,-0.0039062
34835,0.0058594
34836,0.015625
34837,0.0058594
34838,0.0
34839,0.0097656
34840,0.0
34841,-0.013672
34842,-0.019531
34843,-0.0039062
34844,0.0
34845,0.019531
34846,0.019531
34847,0.025391
34848,0.015625
34849,0.0
34850,0.0
34851,-0.025391
34852,-0.080078
34853,-0.099609
34854,0.39453
34855,0.96484
34856,1.4688
34857,1.5
34858,1.4082
34859,1.1289
34860,0.86523
34861,0.63477
34862,0.40039
34863,0.14062
34864,-0.039062
34865,-0.14844
34866,-0.19336
34867,-0.23438
34868,-0.24414
34869,-0.25
34870,-0.25
34871,-0.25391
34872,-0.25
34873,-0.25977
34874,-0.25977
34875,-0.26367
34876,-0.27344
34877,-0.28516
34878,-0.29883
34879,-0.31836
34880,-0.35352
34881,-0.39453
34882,-0.44336
34883,-0.49805
34884,-0.49805
34885,-0.49805
34886,-0.49805
34887,-0.49805
34888,-0.49805
34889,-0.49805
34890,-0.49805
34891,-0.43945
34892,-0.34375
34893,-0.25977
34894,-0.19336
34895,-0.13867
34896,-0.09375
34897,-0.058594
34898,-0.044922
34899,-0.025391
34900,-0.019531
34901,-0.013672
34902,-0.0039062
34903,0.0
34904,0.0
34905,0.0
34906,0.0
34907,-0.0039062
34908,-0.0097656
34909,-0.0097656
34910,-0.0039062
34911,-0.0097656
34912,-0.0039062
34913,-0.0039062
34914,0.0
34915,0.0
34916,0.0
34917,0.0
34918,0.0
34919,0.0
34920,-0.0039062
34921,0.0
34922,-0.0039062
34923,0.0
34924,0.0
34925,0.0
34926,0.0
34927,0.0
34928,0.0
34929,-0.0039062
34930,0.0
34931,0.0
34932,-0.0039062
34933,0.0
34934,0.0
34935,-0.0039062
34936,0.0
34937,0.0
34938,-0.0039062
34939,-0.0039062
34940,-0.0097656
34941,0.0
34942,-0.0039062
34943,0.0
34944,-0.0039062
34945,-0.0039062
34946,-0.0097656
34947,-0.0039062
34948,-0.013672
34949,-0.013672
34950,-0.025391
34951,-0.025391
34952,-0.019531
34953,-0.025391
34954,-0.025391
34955,-0.029297
34956,-0.025391
34957,-0.0039062
34958,0.0097656
34959,0.019531
34960,0.025391
34961,0.025391
34962,0.019531
34963,0.019531
34964,0.015625
34965,-0.019531
34966,-0.054688
34967,0.20117
34968,0.71484
34969,1.1992
34970,1.4941
34971,1.3984
34972,1.1445
34973,0.87891
34974,0.65039
34975,0.46094
34976,0.22461
34977,0.03125
34978,-0.089844
34979,-0.14453
34980,-0.17969
34981,-0.19336
34982,-0.20508
34983,-0.19922
34984,-0.20898
34985,-0.20898
34986,-0.21484
34987,-0.21484
34988,-0.21484
34989,-0.21875
34990,-0.22461
34991,-0.22852
34992,-0.24414
34993,-0.25977
34994,-0.2793
34995,-0.30469
34996,-0.33398
34997,-0.37891
34998,-0.42969
34999,-0.47852
35000,-0.49805
35001,-0.49805
35002,-0.49805
35003,-0.49805
35004,-0.49805
35005,-0.47852
35006,-0.4043
35007,-0.31836
35008,-0.24414
35009,-0.18945
35010,-0.13477
35011,-0.09375
35012,-0.064453
35013,-0.048828
35014,-0.025391
35015,-0.019531
35016,-0.0097656
35017,-0.0097656
35018,-0.0039062
35019,0.0
35020,0.0
35021,0.0
35022,0.0
35023,0.0058594
35024,0.0
35025,0.0
35026,-0.0039062
35027,0.0
35028,-0.0039062
35029,0.0
35030,0.0
35031,0.0
35032,0.0058594
35033,0.0
35034,-0.0039062
35035,-0.0097656
35036,0.0
35037,-0.013672
35038,0.0058594
35039,0.0
35040,0.0
35041,-0.013672
35042,-0.019531
35043,-0.0039062
35044,-0.019531
35045,0.0058594
35046,-0.0039062
35047,-0.0097656
35048,0.0
35049,0.015625
35050,0.019531
35051,0.041016
35052,0.044922
35053,0.044922
35054,0.03125
35055,0.060547
35056,0.041016
35057,-0.0097656
35058,-0.029297
35059,0.43945
35060,1.0352
35061,1.5
35062,1.5
35063,1.5
35064,1.2285
35065,0.91992
35066,0.69531
35067,0.42969
35068,0.18945
35069,-0.0097656
35070,-0.11914
35071,-0.16406
35072,-0.18945
35073,-0.20508
35074,-0.21875
35075,-0.21484
35076,-0.22852
35077,-0.22461
35078,-0.23438
35079,-0.24023
35080,-0.24414
35081,-0.25391
35082,-0.25977
35083,-0.26953
35084,-0.28906
35085,-0.30469
35086,-0.33984
35087,-0.36914
35088,-0.42383
35089,-0.47852
35090,-0.49805
35091,-0.49805
35092,-0.49805
35093,-0.49805
35094,-0.49805
35095,-0.49805
35096,-0.49805
35097,-0.42969
35098,-0.33984
35099,-0.25
35100,-0.18359
35101,-0.12891
35102,-0.083984
35103,-0.054688
35104,-0.039062
35105,-0.025391
35106,-0.013672
35107,-0.0097656
35108,0.0
35109,-0.0097656
35110,-0.0097656
35111,-0.019531
35112,-0.013672
35113,-0.025391
35114,-0.019531
35115,-0.025391
35116,-0.025391
35117,-0.029297
35118,-0.029297
35119,-0.029297
35120,-0.029297
35121,-0.029297
35122,-0.029297
35123,-0.029297
35124,-0.029297
35125,-0.029297
35126,-0.035156
35127,-0.029297
35128,-0.029297
35129,-0.029297
35130,-0.035156
35131,-0.029297
35132,-0.035156
35133,-0.035156
35134,-0.035156
35135,-0.039062
35136,-0.044922
35137,-0.035156
35138,-0.039062
35139,-0.035156
35140,-0.048828
35141,-0.044922
35142,-0.029297
35143,-0.0097656
35144,0.0
35145,0.0
35146,0.0058594
35147,0.0058594
35148,0.0
35149,-0.0039062
35150,-0.058594
35151,-0.089844
35152,0.27539
35153,0.81055
35154,1.334
35155,1.5
35156,1.4141
35157,1.1445
35158,0.875
35159,0.63477
35160,0.41992
35161,0.16602
35162,-0.0097656
35163,-0.12891
35164,-0.18359
35165,-0.21875
35166,-0.22852
35167,-0.23438
35168,-0.24023
35169,-0.23438
35170,-0.24023
35171,-0.24414
35172,-0.25
35173,-0.25
35174,-0.25391
35175,-0.25977
35176,-0.27344
35177,-0.28516
35178,-0.30469
35179,-0.33008
35180,-0.35938
35181,-0.39844
35182,-0.44922
35183,-0.49805
35184,-0.49805
35185,-0.49805
35186,-0.49805
35187,-0.49805
35188,-0.49805
35189,-0.49805
35190,-0.45898
35191,-0.375
35192,-0.29492
35193,-0.21875
35194,-0.16016
35195,-0.11523
35196,-0.080078
35197,-0.048828
35198,-0.035156
35199,-0.025391
35200,-0.013672
35201,-0.0097656
35202,-0.0039062
35203,-0.0039062
35204,-0.0039062
35205,0.0
35206,-0.0039062
35207,-0.0039062
35208,-0.0097656
35209,-0.0039062
35210,-0.0039062
35211,-0.0039062
35212,0.0
35213,-0.0039062
35214,-0.0097656
35215,-0.0039062
35216,-0.0097656
35217,-0.0039062
35218,-0.0097656
35219,-0.0039062
35220,-0.0097656
35221,-0.0039062
35222,-0.0039062
35223,-0.0097656
35224,-0.013672
35225,-0.0097656
35226,-0.0039062
35227,-0.013672
35228,-0.013672
35229,-0.019531
35230,-0.019531
35231,-0.025391
35232,-0.019531
35233,-0.025391
35234,-0.013672
35235,0.0
35236,0.0097656
35237,0.025391
35238,0.025391
35239,0.025391
35240,0.025391
35241,0.019531
35242,0.0097656
35243,-0.039062
35244,-0.064453
35245,0.41016
35246,0.94531
35247,1.4238
35248,1.5
35249,1.3594
35250,1.084
35251,0.82031
35252,0.60938
35253,0.38086
35254,0.13477
35255,-0.035156
35256,-0.12891
35257,-0.16406
35258,-0.19336
35259,-0.20898
35260,-0.20898
35261,-0.21484
35262,-0.21484
35263,-0.21875
35264,-0.21875
35265,-0.22852
35266,-0.22461
35267,-0.23438
35268,-0.23438
35269,-0.25
35270,-0.26953
35271,-0.28906
35272,-0.31445
35273,-0.34961
35274,-0.39453
35275,-0.44922
35276,-0.49805
35277,-0.49805
35278,-0.49805
35279,-0.49805
35280,-0.49805
35281,-0.49805
35282,-0.49805
35283,-0.41992
35284,-0.33398
35285,-0.25
35286,-0.17969
35287,-0.125
35288,-0.083984
35289,-0.054688
35290,-0.035156
35291,-0.019531
35292,-0.0097656
35293,0.0
35294,-0.0039062
35295,0.0
35296,0.0
35297,0.0
35298,0.0058594
35299,0.0
35300,0.0
35301,0.0058594
35302,0.0
35303,0.0
35304,0.0
35305,0.0
35306,0.0
35307,0.0
35308,0.0
35309,-0.0039062
35310,-0.0039062
35311,0.0
35312,-0.0039062
35313,0.0
35314,0.0
35315,-0.0097656
35316,0.0
35317,-0.0097656
35318,-0.0097656
35319,-0.0097656
35320,-0.013672
35321,-0.025391
35322,-0.025391
35323,-0.019531
35324,-0.025391
35325,-0.019531
35326,-0.025391
35327,-0.013672
35328,0.0
35329,0.0097656
35330,0.019531
35331,0.025391
35332,0.025391
35333,0.03125
35334,0.019531
35335,0.015625
35336,-0.044922
35337,-0.070312
35338,0.4043
35339,0.93945
35340,1.4238
35341,1.5
35342,1.3496
35343,1.0742
35344,0.81055
35345,0.60547
35346,0.37109
35347,0.13477
35348,-0.029297
35349,-0.12891
35350,-0.16016
35351,-0.19336
35352,-0.21484
35353,-0.20898
35354,-0.20898
35355,-0.23438
35356,-0.20898
35357,-0.21484
35358,-0.21484
35359,-0.22852
35360,-0.22461
35361,-0.23438
35362,-0.24414
35363,-0.24023
35364,-0.28516
35365,-0.29492
35366,-0.34961
35367,-0.37891
35368,-0.43945
35369,-0.49414
35370,-0.49805
35371,-0.49805
35372,-0.49805
35373,-0.49805
35374,-0.49805
35375,-0.49805
35376,-0.41406
35377,-0.30859
35378,-0.21875
35379,-0.14453
35380,-0.10352
35381,-0.048828
35382,-0.035156
35383,0.0
35384,0.019531
35385,0.015625
35386,0.03125
35387,0.035156
35388,0.025391
35389,0.025391
35390,0.019531
35391,0.044922
35392,0.03125
35393,0.03125
35394,0.03125
35395,0.025391
35396,0.019531
35397,0.025391
35398,0.03125
35399,0.019531
35400,0.025391
35401,0.019531
35402,0.019531
35403,0.025391
35404,0.015625
35405,0.015625
35406,0.019531
35407,0.0097656
35408,0.0097656
35409,0.0058594
35410,0.0058594
35411,0.0
35412,0.0
35413,0.0
35414,-0.0039062
35415,-0.013672
35416,-0.0097656
35417,-0.025391
35418,-0.019531
35419,-0.0039062
35420,0.0
35421,0.0097656
35422,0.019531
35423,0.019531
35424,0.015625
35425,0.0058594
35426,-0.0097656
35427,-0.070312
35428,-0.09375
35429,0.41992
35430,0.99023
35431,1.498
35432,1.5
35433,1.4141
35434,1.1191
35435,0.83398
35436,0.61523
35437,0.37109
35438,0.12109
35439,-0.044922
35440,-0.14844
35441,-0.20508
35442,-0.24023
35443,-0.25
35444,-0.25977
35445,-0.25977
35446,-0.26367
35447,-0.26367
35448,-0.26367
35449,-0.26953
35450,-0.26367
35451,-0.2793
35452,-0.28516
35453,-0.29492
35454,-0.31445
35455,-0.33984
35456,-0.36328
35457,-0.4043
35458,-0.44336
35459,-0.49805
35460,-0.49805
35461,-0.49805
35462,-0.49805
35463,-0.49805
35464,-0.49805
35465,-0.49805
35466,-0.49805
35467,-0.44922
35468,-0.35352
35469,-0.27344
35470,-0.19922
35471,-0.14844
35472,-0.10352
35473,-0.074219
35474,-0.048828
35475,-0.039062
35476,-0.029297
35477,-0.025391
35478,-0.019531
35479,-0.013672
35480,-0.019531
35481,-0.013672
35482,-0.025391
35483,-0.019531
35484,-0.013672
35485,-0.0097656
35486,-0.013672
35487,-0.0097656
35488,-0.0097656
35489,-0.013672
35490,-0.0097656
35491,-0.0039062
35492,-0.0097656
35493,-0.0039062
35494,-0.0097656
35495,-0.0097656
35496,-0.0039062
35497,-0.0097656
35498,-0.0097656
35499,-0.0097656
35500,-0.0097656
35501,-0.013672
35502,-0.0039062
35503,-0.013672
35504,-0.013672
35505,-0.013672
35506,-0.019531
35507,-0.019531
35508,-0.025391
35509,-0.025391
35510,-0.029297
35511,-0.035156
35512,-0.0097656
35513,0.0
35514,0.015625
35515,0.015625
35516,0.019531
35517,0.019531
35518,0.025391
35519,0.019531
35520,-0.0097656
35521,-0.064453
35522,0.125
35523,0.62891
35524,1.1484
35525,1.5
35526,1.4941
35527,1.25
35528,0.98047
35529,0.72461
35530,0.51953
35531,0.26953
35532,0.054688
35533,-0.080078
35534,-0.14844
35535,-0.17969
35536,-0.20508
35537,-0.20898
35538,-0.21484
35539,-0.21484
35540,-0.21875
35541,-0.22461
35542,-0.22852
35543,-0.22461
35544,-0.23438
35545,-0.23438
35546,-0.25
35547,-0.25977
35548,-0.2793
35549,-0.29883
35550,-0.33008
35551,-0.36328
35552,-0.41992
35553,-0.47461
35554,-0.49805
35555,-0.49805
35556,-0.49805
35557,-0.49805
35558,-0.49805
35559,-0.49805
35560,-0.46875
35561,-0.38867
35562,-0.29492
35563,-0.22461
35564,-0.16016
35565,-0.11523
35566,-0.070312
35567,-0.048828
35568,-0.025391
35569,-0.013672
35570,0.0
35571,0.0
35572,0.0
35573,0.0058594
35574,0.0058594
35575,0.0097656
35576,0.0058594
35577,0.0058594
35578,0.0
35579,0.0058594
35580,0.0
35581,0.0058594
35582,0.0
35583,0.0058594
35584,0.0
35585,0.0
35586,0.0
35587,0.0
35588,0.0
35589,0.0
35590,0.0
35591,0.0
35592,0.0
35593,0.0
35594,-0.0039062
35595,0.0
35596,-0.0039062
35597,-0.0039062
35598,-0.0097656
35599,-0.013672
35600,-0.0097656
35601,-0.019531
35602,-0.0097656
35603,-0.019531
35604,0.0
35605,0.0097656
35606,0.019531
35607,0.019531
35608,0.035156
35609,0.035156
35610,0.035156
35611,0.025391
35612,-0.0039062
35613,-0.070312
35614,0.125
35615,0.62891
35616,1.1602
35617,1.5
35618,1.498
35619,1.25
35620,0.98047
35621,0.73438
35622,0.5293
35623,0.27539
35624,0.060547
35625,-0.074219
35626,-0.14453
35627,-0.16992
35628,-0.18945
35629,-0.19922
35630,-0.20508
35631,-0.20898
35632,-0.20898
35633,-0.21484
35634,-0.21484
35635,-0.21484
35636,-0.22461
35637,-0.22852
35638,-0.23438
35639,-0.25
35640,-0.26953
35641,-0.28906
35642,-0.32422
35643,-0.36328
35644,-0.41406
35645,-0.45898
35646,-0.49805
35647,-0.49805
35648,-0.49805
35649,-0.49805
35650,-0.49805
35651,-0.49805
35652,-0.45312
35653,-0.375
35654,-0.26953
35655,-0.20508
35656,-0.14844
35657,-0.10352
35658,-0.058594
35659,-0.025391
35660,0.0
35661,0.015625
35662,0.019531
35663,0.015625
35664,0.025391
35665,0.03125
35666,0.03125
35667,0.035156
35668,0.03125
35669,0.044922
35670,0.060547
35671,0.019531
35672,0.041016
35673,0.044922
35674,0.025391
35675,0.044922
35676,0.041016
35677,0.050781
35678,0.019531
35679,0.041016
35680,0.03125
35681,0.044922
35682,0.041016
35683,0.041016
35684,0.035156
35685,0.041016
35686,0.035156
35687,0.041016
35688,0.044922
35689,0.025391
35690,0.015625
35691,0.035156
35692,0.03125
35693,0.0097656
35694,0.0058594
35695,0.019531
35696,0.03125
35697,0.041016
35698,0.050781
35699,0.054688
35700,0.050781
35701,0.044922
35702,0.054688
35703,0.025391
35704,-0.025391
35705,-0.048828
35706,0.47461
35707,1.084
35708,1.5
35709,1.5
35710,1.5
35711,1.2051
35712,0.89453
35713,0.6543
35714,0.40039
35715,0.14062
35716,-0.025391
35717,-0.13477
35718,-0.18359
35719,-0.22852
35720,-0.23438
35721,-0.24023
35722,-0.24414
35723,-0.25391
35724,-0.25391
35725,-0.25977
35726,-0.26367
35727,-0.26953
35728,-0.2793
35729,-0.28516
35730,-0.29492
35731,-0.31445
35732,-0.33398
35733,-0.36328
35734,-0.4043
35735,-0.45312
35736,-0.49805
35737,-0.49805
35738,-0.49805
35739,-0.49805
35740,-0.49805
35741,-0.49805
35742,-0.49805
35743,-0.49805
35744,-0.45898
35745,-0.36328
35746,-0.27344
35747,-0.20898
35748,-0.14844
35749,-0.10352
35750,-0.074219
35751,-0.048828
35752,-0.035156
35753,-0.029297
35754,-0.019531
35755,-0.013672
35756,-0.0097656
35757,-0.0097656
35758,-0.0039062
35759,-0.013672
35760,-0.0097656
35761,-0.013672
35762,-0.013672
35763,-0.019531
35764,-0.019531
35765,-0.019531
35766,-0.013672
35767,-0.019531
35768,-0.013672
35769,-0.013672
35770,-0.013672
35771,-0.013672
35772,-0.013672
35773,-0.0097656
35774,-0.013672
35775,-0.0039062
35776,-0.0097656
35777,-0.0039062
35778,-0.0097656
35779,-0.0039062
35780,-0.0097656
35781,-0.0039062
35782,-0.013672
35783,-0.019531
35784,-0.025391
35785,-0.019531
35786,-0.025391
35787,-0.019531
35788,-0.025391
35789,-0.025391
35790,-0.0097656
35791,0.0
35792,0.015625
35793,0.019531
35794,0.019531
35795,0.025391
35796,0.019531
35797,0.019531
35798,-0.013672
35799,-0.070312
35800,0.15039
35801,0.66406
35802,1.1895
35803,1.5
35804,1.4883
35805,1.2285
35806,0.96484
35807,0.70898
35808,0.50586
35809,0.24609
35810,0.041016
35811,-0.089844
35812,-0.1543
35813,-0.18945
35814,-0.20508
35815,-0.21484
35816,-0.21484
35817,-0.21875
35818,-0.22461
35819,-0.22461
35820,-0.22852
35821,-0.23438
35822,-0.23438
35823,-0.24023
35824,-0.25
35825,-0.25977
35826,-0.27344
35827,-0.29883
35828,-0.33008
35829,-0.375
35830,-0.41992
35831,-0.47461
35832,-0.49805
35833,-0.49805
35834,-0.49805
35835,-0.49805
35836,-0.49805
35837,-0.49805
35838,-0.46875
35839,-0.38477
35840,-0.29883
35841,-0.22461
35842,-0.16016
35843,-0.11523
35844,-0.074219
35845,-0.044922
35846,-0.029297
35847,-0.019531
35848,-0.0097656
35849,-0.0039062
35850,-0.0039062
35851,-0.0039062
35852,0.0
35853,-0.0039062
35854,0.0
35855,-0.0039062
35856,0.0
35857,-0.0039062
35858,-0.0039062
35859,-0.0097656
35860,0.0
35861,-0.0039062
35862,0.0
35863,-0.0039062
35864,0.0
35865,-0.0039062
35866,-0.0097656
35867,-0.0039062
35868,-0.0039062
35869,-0.0039062
35870,-0.0039062
35871,-0.0097656
35872,-0.0039062
35873,-0.0097656
35874,-0.013672
35875,-0.0097656
35876,-0.025391
35877,-0.025391
35878,-0.025391
35879,-0.029297
35880,-0.025391
35881,-0.029297
35882,-0.019531
35883,0.0
35884,0.0058594
35885,0.019531
35886,0.019531
35887,0.019531
35888,0.019531
35889,0.019531
35890,-0.0039062
35891,-0.058594
35892,-0.064453
35893,0.50977
35894,1.0449
35895,1.4844
35896,1.5
35897,1.2988
35898,1.0254
35899,0.76562
35900,0.56055
35901,0.32422
35902,0.089844
35903,-0.064453
35904,-0.14844
35905,-0.17383
35906,-0.20508
35907,-0.21484
35908,-0.21484
35909,-0.21875
35910,-0.21875
35911,-0.22461
35912,-0.22461
35913,-0.22852
35914,-0.23438
35915,-0.23438
35916,-0.24414
35917,-0.25977
35918,-0.27344
35919,-0.29883
35920,-0.33008
35921,-0.36328
35922,-0.4082
35923,-0.46484
35924,-0.49805
35925,-0.49805
35926,-0.49805
35927,-0.49805
35928,-0.49805
35929,-0.49805
35930,-0.49414
35931,-0.39844
35932,-0.31836
35933,-0.22852
35934,-0.18359
35935,-0.12891
35936,-0.070312
35937,-0.048828
35938,-0.044922
35939,-0.013672
35940,-0.0039062
35941,0.0
35942,0.0097656
35943,0.0
35944,0.015625
35945,0.0097656
35946,0.019531
35947,0.015625
35948,0.019531
35949,0.0097656
35950,0.025391
35951,0.015625
35952,0.025391
35953,0.015625
35954,0.041016
35955,0.019531
35956,0.041016
35957,0.035156
35958,0.019531
35959,0.025391
35960,0.03125
35961,0.025391
35962,0.035156
35963,0.019531
35964,0.035156
35965,0.041016
35966,0.019531
35967,0.041016
35968,0.025391
35969,0.035156
35970,0.015625
35971,0.0
35972,0.019531
35973,0.0058594
35974,0.03125
35975,0.03125
35976,0.044922
35977,0.044922
35978,0.044922
35979,0.054688
35980,0.044922
35981,0.044922
35982,0.019531
35983,-0.039062
35984,0.060547
35985,0.57422
35986,1.1836
35987,1.5
35988,1.5
35989,1.459
35990,1.1484
35991,0.85547
35992,0.61523
35993,0.35547
35994,0.11133
35995,-0.044922
35996,-0.14453
35997,-0.18945
35998,-0.22461
35999,-0.23438
36000,-0.23438
36001,-0.25
36002,-0.25391
36003,-0.25391
36004,-0.25977
36005,-0.25977
36006,-0.26367
36007,-0.27344
36008,-0.28516
36009,-0.29883
36010,-0.31836
36011,-0.34375
36012,-0.36914
36013,-0.41406
36014,-0.45898
36015,-0.49805
36016,-0.49805
36017,-0.49805
36018,-0.49805
36019,-0.49805
36020,-0.49805
36021,-0.49805
36022,-0.49805
36023,-0.43945
36024,-0.34961
36025,-0.26367
36026,-0.19336
36027,-0.13867
36028,-0.099609
36029,-0.070312
36030,-0.048828
36031,-0.029297
36032,-0.019531
36033,-0.013672
36034,-0.0097656
36035,-0.0039062
36036,-0.0097656
36037,-0.0097656
36038,-0.013672
36039,-0.0097656
36040,-0.013672
36041,-0.013672
36042,-0.013672
36043,-0.013672
36044,-0.013672
36045,-0.0097656
36046,-0.013672
36047,-0.013672
36048,-0.0097656
36049,-0.0097656
36050,-0.0039062
36051,-0.0097656
36052,-0.0039062
36053,-0.0039062
36054,-0.0039062
36055,-0.0097656
36056,-0.0097656
36057,-0.013672
36058,-0.0097656
36059,-0.019531
36060,-0.013672
36061,-0.025391
36062,-0.025391
36063,-0.025391
36064,-0.025391
36065,-0.025391
36066,-0.029297
36067,-0.035156
36068,-0.029297
36069,-0.019531
36070,0.0
36071,0.0058594
36072,0.019531
36073,0.019531
36074,0.019531
36075,0.025391
36076,0.019531
36077,-0.013672
36078,-0.070312
36079,0.16602
36080,0.68555
36081,1.2148
36082,1.5
36083,1.4785
36084,1.2246
36085,0.95898
36086,0.70508
36087,0.49414
36088,0.24609
36089,0.041016
36090,-0.09375
36091,-0.16016
36092,-0.19336
36093,-0.20898
36094,-0.21875
36095,-0.22461
36096,-0.22461
36097,-0.22461
36098,-0.22852
36099,-0.23438
36100,-0.23438
36101,-0.23438
36102,-0.24023
36103,-0.25391
36104,-0.26953
36105,-0.28516
36106,-0.30469
36107,-0.33398
36108,-0.375
36109,-0.42383
36110,-0.46875
36111,-0.49805
36112,-0.49805
36113,-0.49805
36114,-0.49805
36115,-0.49805
36116,-0.49805
36117,-0.46875
36118,-0.38477
36119,-0.29883
36120,-0.22461
36121,-0.16406
36122,-0.11523
36123,-0.074219
36124,-0.048828
36125,-0.029297
36126,-0.019531
36127,-0.0097656
36128,-0.0039062
36129,0.0
36130,-0.0039062
36131,-0.0039062
36132,-0.0039062
36133,0.0
36134,0.0
36135,0.0
36136,0.0
36137,0.0
36138,0.0
36139,0.0
36140,0.0
36141,0.0
36142,-0.0039062
36143,0.0
36144,-0.0039062
36145,-0.0039062
36146,0.0
36147,0.0
36148,-0.0039062
36149,-0.0039062
36150,-0.0039062
36151,-0.0097656
36152,-0.0097656
36153,-0.019531
36154,-0.013672
36155,-0.025391
36156,-0.025391
36157,-0.025391
36158,-0.025391
36159,-0.029297
36160,-0.035156
36161,-0.019531
36162,0.0
36163,0.0097656
36164,0.019531
36165,0.019531
36166,0.019531
36167,0.015625
36168,0.019531
36169,-0.013672
36170,-0.070312
36171,0.089844
36172,0.5957
36173,1.1289
36174,1.5
36175,1.5
36176,1.2598
36177,0.99023
36178,0.73438
36179,0.5293
36180,0.2793
36181,0.060547
36182,-0.083984
36183,-0.1543
36184,-0.18359
36185,-0.20508
36186,-0.21484
36187,-0.21484
36188,-0.22461
36189,-0.22461
36190,-0.22852
36191,-0.23438
36192,-0.23438
36193,-0.24023
36194,-0.25391
36195,-0.25977
36196,-0.27344
36197,-0.28516
36198,-0.30859
36199,-0.33398
36200,-0.375
36201,-0.42383
36202,-0.47852
36203,-0.49805
36204,-0.49805
36205,-0.49805
36206,-0.49805
36207,-0.49805
36208,-0.49805
36209,-0.47852
36210,-0.38867
36211,-0.30859
36212,-0.23438
36213,-0.17383
36214,-0.11914
36215,-0.083984
36216,-0.054688
36217,-0.039062
36218,-0.025391
36219,-0.013672
36220,-0.0039062
36221,0.0
36222,0.0
36223,0.0
36224,0.0
36225,0.0
36226,-0.0039062
36227,0.0
36228,-0.0039062
36229,-0.0097656
36230,-0.013672
36231,-0.013672
36232,-0.0097656
36233,-0.013672
36234,-0.0039062
36235,-0.0097656
36236,-0.0039062
36237,0.0
36238,0.0
36239,0.0
36240,0.0
36241,0.0
36242,-0.0039062
36243,-0.0039062
36244,-0.0039062
36245,-0.0097656
36246,-0.0097656
36247,-0.019531
36248,-0.025391
36249,-0.019531
36250,-0.029297
36251,-0.025391
36252,-0.029297
36253,-0.013672
36254,0.0
36255,0.0097656
36256,0.019531
36257,0.025391
36258,0.019531
36259,0.015625
36260,0.03125
36261,0.019531
36262,-0.039062
36263,-0.070312
36264,0.38477
36265,0.93555
36266,1.4434
36267,1.5
36268,1.4082
36269,1.1348
36270,0.87891
36271,0.6543
36272,0.41602
36273,0.16016
36274,-0.0097656
36275,-0.089844
36276,-0.16016
36277,-0.18945
36278,-0.18359
36279,-0.18945
36280,-0.20508
36281,-0.19336
36282,-0.21484
36283,-0.19922
36284,-0.21484
36285,-0.20898
36286,-0.22852
36287,-0.20898
36288,-0.23438
36289,-0.25977
36290,-0.28906
36291,-0.31836
36292,-0.34375
36293,-0.38867
36294,-0.44922
36295,-0.49805
36296,-0.49805
36297,-0.49805
36298,-0.49805
36299,-0.49805
36300,-0.49805
36301,-0.49805
36302,-0.41406
36303,-0.33008
36304,-0.24023
36305,-0.16406
36306,-0.10938
36307,-0.058594
36308,-0.019531
36309,-0.0039062
36310,0.015625
36311,0.015625
36312,0.025391
36313,0.019531
36314,0.025391
36315,0.019531
36316,0.035156
36317,0.019531
36318,0.019531
36319,0.019531
36320,0.025391
36321,0.015625
36322,0.0097656
36323,0.015625
36324,0.0097656
36325,0.0097656
36326,0.015625
36327,0.0058594
36328,0.0
36329,0.0
36330,0.0
36331,0.0
36332,0.0
36333,-0.0039062
36334,-0.0039062
36335,0.0
36336,-0.0097656
36337,-0.013672
36338,-0.019531
36339,-0.013672
36340,-0.019531
36341,-0.019531
36342,-0.029297
36343,-0.025391
36344,-0.019531
36345,0.0
36346,0.0
36347,0.0097656
36348,0.015625
36349,0.015625
36350,0.019531
36351,0.015625
36352,-0.019531
36353,-0.080078
36354,0.10547
36355,0.64062
36356,1.1992
36357,1.5
36358,1.5
36359,1.2988
36360,1.0195
36361,0.75
36362,0.53516
36363,0.28516
36364,0.064453
36365,-0.074219
36366,-0.16016
36367,-0.20508
36368,-0.22461
36369,-0.24023
36370,-0.24023
36371,-0.24414
36372,-0.24414
36373,-0.25
36374,-0.25
36375,-0.25391
36376,-0.25977
36377,-0.26367
36378,-0.27344
36379,-0.28906
36380,-0.30469
36381,-0.33008
36382,-0.35938
36383,-0.39844
36384,-0.44922
36385,-0.49805
36386,-0.49805
36387,-0.49805
36388,-0.49805
36389,-0.49805
36390,-0.49805
36391,-0.49805
36392,-0.48438
36393,-0.39453
36394,-0.29883
36395,-0.22461
36396,-0.16406
36397,-0.11523
36398,-0.080078
36399,-0.048828
36400,-0.029297
36401,-0.019531
36402,-0.0097656
36403,0.0
36404,0.0
36405,0.0
36406,0.0
36407,-0.0039062
36408,0.0
36409,0.0
36410,0.0
36411,-0.0039062
36412,0.0
36413,-0.0039062
36414,0.0
36415,-0.0039062
36416,-0.0039062
36417,-0.0097656
36418,0.0
36419,-0.0039062
36420,-0.0039062
36421,-0.0039062
36422,-0.0039062
36423,0.0
36424,0.0
36425,0.0
36426,-0.0039062
36427,-0.0039062
36428,-0.0097656
36429,-0.0097656
36430,-0.013672
36431,-0.019531
36432,-0.025391
36433,-0.013672
36434,-0.025391
36435,-0.025391
36436,-0.029297
36437,-0.019531
36438,-0.0097656
36439,0.0058594
36440,0.019531
36441,0.025391
36442,0.019531
36443,0.019531
36444,0.019531
36445,0.0097656
36446,-0.054688
36447,-0.070312
36448,0.44922
36449,0.99023
36450,1.4648
36451,1.5
36452,1.3496
36453,1.0703
36454,0.81055
36455,0.5957
36456,0.35938
36457,0.12109
36458,-0.044922
36459,-0.13867
36460,-0.17383
36461,-0.20508
36462,-0.21484
36463,-0.21875
36464,-0.22461
36465,-0.21875
36466,-0.22461
36467,-0.22461
36468,-0.22852
36469,-0.23438
36470,-0.24023
36471,-0.25391
36472,-0.25977
36473,-0.2793
36474,-0.30469
36475,-0.33008
36476,-0.36328
36477,-0.4082
36478,-0.46484
36479,-0.49805
36480,-0.49805
36481,-0.49805
36482,-0.49805
36483,-0.49805
36484,-0.49805
36485,-0.49805
36486,-0.41992
36487,-0.32422
36488,-0.25
36489,-0.18359
36490,-0.12891
36491,-0.089844
36492,-0.064453
36493,-0.039062
36494,-0.025391
36495,-0.019531
36496,-0.013672
36497,0.0
36498,0.0
36499,-0.0039062
36500,0.0
36501,-0.0039062
36502,0.0
36503,-0.0039062
36504,-0.0039062
36505,-0.0039062
36506,0.0
36507,-0.0097656
36508,-0.0039062
36509,0.0
36510,-0.0097656
36511,-0.0097656
36512,-0.0039062
36513,-0.0097656
36514,-0.0039062
36515,-0.0097656
36516,-0.0039062
36517,-0.0097656
36518,-0.0039062
36519,-0.0039062
36520,-0.0039062
36521,-0.013672
36522,-0.0097656
36523,-0.019531
36524,-0.025391
36525,-0.019531
36526,-0.025391
36527,-0.019531
36528,-0.025391
36529,-0.019531
36530,0.0
36531,0.0097656
36532,0.019531
36533,0.025391
36534,0.03125
36535,0.025391
36536,0.019531
36537,0.019531
36538,-0.029297
36539,-0.058594
36540,0.25977
36541,0.79492
36542,1.3145
36543,1.5
36544,1.4336
36545,1.1699
36546,0.90039
36547,0.66992
36548,0.44922
36549,0.20117
36550,0.0097656
36551,-0.10352
36552,-0.1543
36553,-0.18945
36554,-0.19336
36555,-0.19922
36556,-0.20508
36557,-0.21875
36558,-0.22852
36559,-0.21484
36560,-0.21484
36561,-0.23438
36562,-0.23438
36563,-0.23438
36564,-0.24414
36565,-0.25
36566,-0.29492
36567,-0.30469
36568,-0.33008
36569,-0.38867
36570,-0.41406
36571,-0.48828
36572,-0.49805
36573,-0.49805
36574,-0.49805
36575,-0.49805
36576,-0.49805
36577,-0.49805
36578,-0.41992
36579,-0.34375
36580,-0.25
36581,-0.18359
36582,-0.13477
36583,-0.080078
36584,-0.044922
36585,-0.0097656
36586,0.015625
36587,0.019531
36588,0.019531
36589,0.015625
36590,0.03125
36591,0.041016
36592,0.025391
36593,0.041016
36594,0.019531
36595,0.044922
36596,0.035156
36597,0.025391
36598,0.03125
36599,0.035156
36600,0.041016
36601,0.03125
36602,0.025391
36603,0.019531
36604,0.025391
36605,0.019531
36606,0.019531
36607,0.019531
36608,0.019531
36609,0.019531
36610,0.019531
36611,0.025391
36612,0.03125
36613,0.019531
36614,0.015625
36615,0.0097656
36616,0.015625
36617,0.0058594
36618,0.015625
36619,0.0097656
36620,0.0
36621,0.025391
36622,0.019531
36623,0.035156
36624,0.044922
36625,0.050781
36626,0.044922
36627,0.044922
36628,0.03125
36629,-0.0039062
36630,-0.064453
36631,0.14453
36632,0.68945
36633,1.2637
36634,1.5
36635,1.5
36636,1.334
36637,1.0391
36638,0.75977
36639,0.53906
36640,0.2793
36641,0.060547
36642,-0.083984
36643,-0.16406
36644,-0.20898
36645,-0.23438
36646,-0.25
36647,-0.25391
36648,-0.25391
36649,-0.25977
36650,-0.25977
36651,-0.26367
36652,-0.26953
36653,-0.27344
36654,-0.2793
36655,-0.28906
36656,-0.30469
36657,-0.31836
36658,-0.33984
36659,-0.375
36660,-0.41406
36661,-0.46484
36662,-0.49805
36663,-0.49805
36664,-0.49805
36665,-0.49805
36666,-0.49805
36667,-0.49805
36668,-0.49805
36669,-0.49805
36670,-0.4043
36671,-0.31445
36672,-0.24023
36673,-0.17969
36674,-0.12891
36675,-0.089844
36676,-0.058594
36677,-0.044922
36678,-0.029297
36679,-0.025391
36680,-0.019531
36681,-0.0097656
36682,-0.0097656
36683,-0.0097656
36684,-0.0097656
36685,-0.0039062
36686,-0.0097656
36687,-0.0039062
36688,-0.013672
36689,-0.0097656
36690,-0.0097656
36691,-0.0097656
36692,-0.0097656
36693,-0.0039062
36694,-0.0097656
36695,-0.0039062
36696,-0.0039062
36697,0.0
36698,0.0
36699,-0.0039062
36700,-0.0039062
36701,-0.0039062
36702,0.0
36703,0.0
36704,0.0
36705,0.0
36706,-0.0039062
36707,-0.0097656
36708,-0.0039062
36709,-0.013672
36710,-0.0097656
36711,-0.013672
36712,-0.019531
36713,-0.025391
36714,-0.025391
36715,-0.013672
36716,0.0058594
36717,0.015625
36718,0.025391
36719,0.025391
36720,0.025391
36721,0.03125
36722,0.019531
36723,-0.0097656
36724,-0.064453
36725,0.089844
36726,0.5957
36727,1.1348
36728,1.5
36729,1.5
36730,1.2734
36731,1.0
36732,0.73438
36733,0.5293
36734,0.2793
36735,0.060547
36736,-0.083984
36737,-0.16016
36738,-0.18945
36739,-0.20508
36740,-0.21484
36741,-0.21484
36742,-0.21875
36743,-0.21875
36744,-0.22852
36745,-0.22852
36746,-0.22461
36747,-0.23438
36748,-0.24023
36749,-0.25
36750,-0.25977
36751,-0.27344
36752,-0.29883
36753,-0.33008
36754,-0.36328
36755,-0.41406
36756,-0.46484
36757,-0.49805
36758,-0.49805
36759,-0.49805
36760,-0.49805
36761,-0.49805
36762,-0.49805
36763,-0.48438
36764,-0.38867
36765,-0.30469
36766,-0.22852
36767,-0.16992
36768,-0.11914
36769,-0.080078
36770,-0.054688
36771,-0.035156
36772,-0.025391
36773,-0.013672
36774,-0.0039062
36775,0.0
36776,0.0
36777,0.0
36778,0.0
36779,0.0
36780,0.0
36781,0.0
36782,-0.0039062
36783,0.0
36784,0.0
36785,-0.0039062
36786,0.0
36787,-0.0039062
36788,-0.0039062
36789,-0.0039062
36790,-0.0097656
36791,-0.0097656
36792,-0.0097656
36793,-0.0039062
36794,-0.0097656
36795,-0.0039062
36796,-0.0097656
36797,-0.0039062
36798,-0.0097656
36799,-0.0097656
36800,-0.0097656
36801,-0.019531
36802,-0.019531
36803,-0.019531
36804,-0.025391
36805,-0.019531
36806,-0.025391
36807,-0.025391
36808,0.0
36809,0.0058594
36810,0.019531
36811,0.025391
36812,0.025391
36813,0.019531
36814,0.025391
36815,0.0097656
36816,-0.035156
36817,-0.070312
36818,0.34961
36819,0.88867
36820,1.3945
36821,1.5
36822,1.3945
36823,1.1191
36824,0.85547
36825,0.62891
36826,0.4043
36827,0.15039
36828,-0.019531
36829,-0.125
36830,-0.16992
36831,-0.19922
36832,-0.20898
36833,-0.20508
36834,-0.21875
36835,-0.22461
36836,-0.22852
36837,-0.21484
36838,-0.22852
36839,-0.24023
36840,-0.23438
36841,-0.24023
36842,-0.25
36843,-0.26367
36844,-0.28516
36845,-0.30859
36846,-0.34961
36847,-0.38867
36848,-0.43945
36849,-0.49414
36850,-0.49805
36851,-0.49805
36852,-0.49805
36853,-0.49805
36854,-0.49805
36855,-0.49805
36856,-0.41406
36857,-0.31836
36858,-0.24414
36859,-0.17383
36860,-0.10938
36861,-0.064453
36862,-0.025391
36863,-0.0039062
36864,0.019531
36865,0.03125
36866,0.019531
36867,0.035156
36868,0.035156
36869,0.019531
36870,0.03125
36871,0.03125
36872,0.041016
36873,0.025391
36874,0.044922
36875,0.03125
36876,0.019531
36877,0.019531
36878,0.03125
36879,0.019531
36880,0.019531
36881,0.025391
36882,0.025391
36883,0.019531
36884,0.025391
36885,0.03125
36886,0.015625
36887,0.019531
36888,0.019531
36889,0.019531
36890,0.015625
36891,0.015625
36892,0.0058594
36893,0.0058594
36894,0.0097656
36895,0.0
36896,-0.0039062
36897,-0.0039062
36898,0.0
36899,0.0097656
36900,0.025391
36901,0.03125
36902,0.035156
36903,0.03125
36904,0.025391
36905,0.025391
36906,0.0058594
36907,-0.054688
36908,-0.074219
36909,0.48047
36910,1.0645
36911,1.5
36912,1.5
36913,1.4141
36914,1.125
36915,0.83008
36916,0.60938
36917,0.35938
36918,0.11523
36919,-0.054688
36920,-0.1543
36921,-0.20508
36922,-0.24023
36923,-0.25391
36924,-0.25977
36925,-0.26367
36926,-0.26367
36927,-0.26367
36928,-0.26953
36929,-0.27344
36930,-0.27344
36931,-0.2793
36932,-0.28516
36933,-0.29883
36934,-0.31445
36935,-0.33398
36936,-0.36328
36937,-0.4043
36938,-0.45898
36939,-0.49805
36940,-0.49805
36941,-0.49805
36942,-0.49805
36943,-0.49805
36944,-0.49805
36945,-0.49805
36946,-0.49805
36947,-0.43945
36948,-0.34961
36949,-0.26953
36950,-0.19922
36951,-0.14453
36952,-0.099609
36953,-0.070312
36954,-0.048828
36955,-0.039062
36956,-0.025391
36957,-0.013672
36958,-0.0097656
36959,-0.0097656
36960,-0.0097656
36961,-0.0097656
36962,-0.0097656
36963,-0.0097656
36964,-0.0097656
36965,-0.013672
36966,-0.0097656
36967,-0.0097656
36968,-0.0097656
36969,-0.013672
36970,-0.0039062
36971,-0.0039062
36972,0.0
36973,0.0
36974,-0.0039062
36975,-0.0039062
36976,0.0
36977,0.0
36978,-0.0039062
36979,0.0
36980,0.0
36981,0.0
36982,-0.0039062
36983,-0.0039062
36984,-0.0097656
36985,-0.0039062
36986,-0.019531
36987,-0.013672
36988,-0.025391
36989,-0.019531
36990,-0.025391
36991,-0.025391
36992,-0.013672
36993,0.0
36994,0.015625
36995,0.019531
36996,0.03125
36997,0.03125
36998,0.03125
36999,0.03125
37000,0.0058594
37001,-0.048828
37002,-0.054688
37003,0.51953
37004,1.0488
37005,1.5
37006,1.5
37007,1.3184
37008,1.0449
37009,0.7793
37010,0.57422
37011,0.33008
37012,0.099609
37013,-0.054688
37014,-0.13867
37015,-0.16992
37016,-0.19336
37017,-0.20898
37018,-0.21484
37019,-0.21484
37020,-0.21875
37021,-0.21484
37022,-0.21875
37023,-0.22461
37024,-0.22852
37025,-0.23438
37026,-0.24414
37027,-0.25977
37028,-0.27344
37029,-0.29492
37030,-0.31836
37031,-0.35938
37032,-0.4043
37033,-0.45898
37034,-0.49805
37035,-0.49805
37036,-0.49805
37037,-0.49805
37038,-0.49805
37039,-0.49805
37040,-0.48828
37041,-0.4043
37042,-0.31445
37043,-0.23438
37044,-0.17383
37045,-0.11523
37046,-0.080078
37047,-0.048828
37048,-0.025391
37049,-0.0097656
37050,-0.0097656
37051,0.0
37052,0.0
37053,0.0
37054,0.0058594
37055,0.0
37056,0.0
37057,0.0
37058,0.0
37059,0.0
37060,0.0
37061,0.0
37062,0.0
37063,-0.0039062
37064,0.0
37065,0.0
37066,0.0
37067,0.0
37068,0.0
37069,0.0
37070,0.0
37071,-0.0039062
37072,-0.0039062
37073,-0.0039062
37074,-0.0097656
37075,0.0
37076,-0.0039062
37077,-0.013672
37078,-0.019531
37079,-0.013672
37080,-0.025391
37081,-0.019531
37082,-0.025391
37083,-0.025391
37084,-0.0039062
37085,0.0058594
37086,0.015625
37087,0.025391
37088,0.03125
37089,0.025391
37090,0.03125
37091,0.025391
37092,-0.0039062
37093,-0.064453
37094,0.099609
37095,0.60547
37096,1.1387
37097,1.5
37098,1.5
37099,1.2695
37100,0.99414
37101,0.74023
37102,0.5293
37103,0.29102
37104,0.064453
37105,-0.074219
37106,-0.14844
37107,-0.17969
37108,-0.19922
37109,-0.21484
37110,-0.21484
37111,-0.21875
37112,-0.21875
37113,-0.22461
37114,-0.22852
37115,-0.23438
37116,-0.23438
37117,-0.24023
37118,-0.25
37119,-0.26367
37120,-0.2793
37121,-0.30469
37122,-0.33398
37123,-0.375
37124,-0.41406
37125,-0.47852
37126,-0.49805
37127,-0.49805
37128,-0.49805
37129,-0.49805
37130,-0.49805
37131,-0.49805
37132,-0.47852
37133,-0.38477
37134,-0.29492
37135,-0.21875
37136,-0.16016
37137,-0.099609
37138,-0.048828
37139,-0.054688
37140,-0.019531
37141,-0.0039062
37142,0.025391
37143,0.0058594
37144,0.019531
37145,0.015625
37146,0.0097656
37147,0.041016
37148,0.019531
37149,0.035156
37150,0.03125
37151,0.025391
37152,0.035156
37153,0.019531
37154,0.025391
37155,0.019531
37156,0.041016
37157,0.025391
37158,0.041016
37159,0.019531
37160,0.041016
37161,0.025391
37162,0.041016
37163,0.019531
37164,0.025391
37165,0.041016
37166,0.025391
37167,0.03125
37168,0.035156
37169,0.0058594
37170,0.015625
37171,0.019531
37172,0.015625
37173,0.0097656
37174,0.0
37175,0.0058594
37176,0.019531
37177,0.035156
37178,0.044922
37179,0.050781
37180,0.044922
37181,0.050781
37182,0.044922
37183,0.041016
37184,-0.0097656
37185,-0.048828
37186,0.30469
37187,0.90039
37188,1.4746
37189,1.5
37190,1.5
37191,1.2793
37192,0.96484
37193,0.71484
37194,0.4707
37195,0.20508
37196,0.0097656
37197,-0.11914
37198,-0.18945
37199,-0.22461
37200,-0.24414
37201,-0.25391
37202,-0.25977
37203,-0.26367
37204,-0.25977
37205,-0.26953
37206,-0.27344
37207,-0.2793
37208,-0.2793
37209,-0.28906
37210,-0.30469
37211,-0.32422
37212,-0.33398
37213,-0.36328
37214,-0.4043
37215,-0.45312
37216,-0.49805
37217,-0.49805
37218,-0.49805
37219,-0.49805
37220,-0.49805
37221,-0.49805
37222,-0.49805
37223,-0.49805
37224,-0.48438
37225,-0.38867
37226,-0.29883
37227,-0.22852
37228,-0.16406
37229,-0.11914
37230,-0.083984
37231,-0.058594
37232,-0.039062
37233,-0.025391
37234,-0.025391
37235,-0.013672
37236,-0.013672
37237,-0.0097656
37238,-0.0097656
37239,-0.013672
37240,-0.013672
37241,-0.013672
37242,-0.019531
37243,-0.019531
37244,-0.019531
37245,-0.019531
37246,-0.019531
37247,-0.019531
37248,-0.019531
37249,-0.013672
37250,-0.019531
37251,-0.019531
37252,-0.013672
37253,-0.019531
37254,-0.013672
37255,-0.013672
37256,-0.0097656
37257,-0.013672
37258,-0.0097656
37259,-0.013672
37260,-0.013672
37261,-0.013672
37262,-0.019531
37263,-0.019531
37264,-0.019531
37265,-0.025391
37266,-0.019531
37267,-0.025391
37268,-0.025391
37269,-0.029297
37270,-0.019531
37271,-0.0039062
37272,0.0
37273,0.015625
37274,0.019531
37275,0.025391
37276,0.019531
37277,0.019531
37278,0.0
37279,-0.054688
37280,-0.070312
37281,0.44922
37282,0.99023
37283,1.4648
37284,1.5
37285,1.3438
37286,1.0703
37287,0.80469
37288,0.5957
37289,0.35938
37290,0.11523
37291,-0.039062
37292,-0.13477
37293,-0.16992
37294,-0.19922
37295,-0.21484
37296,-0.21484
37297,-0.21875
37298,-0.21875
37299,-0.22461
37300,-0.22852
37301,-0.22852
37302,-0.23438
37303,-0.23438
37304,-0.24414
37305,-0.25977
37306,-0.2793
37307,-0.29492
37308,-0.31836
37309,-0.35938
37310,-0.39844
37311,-0.44922
37312,-0.49805
37313,-0.49805
37314,-0.49805
37315,-0.49805
37316,-0.49805
37317,-0.49805
37318,-0.49805
37319,-0.41992
37320,-0.33984
37321,-0.26367
37322,-0.19336
37323,-0.13867
37324,-0.09375
37325,-0.058594
37326,-0.035156
37327,-0.019531
37328,-0.0097656
37329,-0.0039062
37330,0.0
37331,0.0
37332,0.0
37333,0.0
37334,0.0
37335,0.0
37336,0.0
37337,0.0
37338,0.0
37339,0.0
37340,-0.0097656
37341,-0.0039062
37342,-0.0039062
37343,0.0
37344,0.0
37345,0.0
37346,-0.0039062
37347,-0.0097656
37348,-0.0039062
37349,-0.0039062
37350,-0.0039062
37351,-0.0097656
37352,-0.0039062
37353,-0.0097656
37354,-0.0039062
37355,-0.0097656
37356,-0.013672
37357,-0.019531
37358,-0.019531
37359,-0.025391
37360,-0.019531
37361,-0.029297
37362,-0.025391
37363,-0.0097656
37364,0.0
37365,0.0097656
37366,0.019531
37367,0.019531
37368,0.019531
37369,0.019531
37370,0.0058594
37371,-0.039062
37372,-0.070312
37373,0.32031
37374,0.84961
37375,1.3594
37376,1.5
37377,1.3984
37378,1.1289
37379,0.86523
37380,0.63477
37381,0.41602
37382,0.16016
37383,-0.019531
37384,-0.125
37385,-0.16406
37386,-0.19922
37387,-0.20898
37388,-0.21484
37389,-0.21875
37390,-0.22852
37391,-0.22461
37392,-0.22852
37393,-0.22852
37394,-0.23438
37395,-0.24023
37396,-0.25391
37397,-0.25391
37398,-0.26953
37399,-0.28906
37400,-0.31836
37401,-0.34961
37402,-0.39453
37403,-0.44922
37404,-0.49805
37405,-0.49805
37406,-0.49805
37407,-0.49805
37408,-0.49805
37409,-0.49805
37410,-0.49805
37411,-0.43945
37412,-0.34375
37413,-0.26953
37414,-0.19922
37415,-0.13477
37416,-0.083984
37417,-0.064453
37418,-0.029297
37419,-0.013672
37420,0.0
37421,0.0058594
37422,0.019531
37423,0.015625
37424,0.0058594
37425,0.019531
37426,0.019531
37427,0.019531
37428,0.019531
37429,0.019531
37430,0.041016
37431,0.035156
37432,0.015625
37433,0.019531
37434,0.019531
37435,0.041016
37436,0.025391
37437,0.015625
37438,0.035156
37439,0.019531
37440,0.035156
37441,0.03125
37442,0.041016
37443,0.019531
37444,0.03125
37445,0.019531
37446,0.03125
37447,0.015625
37448,0.025391
37449,0.041016
37450,0.015625
37451,0.019531
37452,0.0
37453,0.015625
37454,0.019531
37455,0.03125
37456,0.044922
37457,0.050781
37458,0.060547
37459,0.044922
37460,0.050781
37461,0.035156
37462,-0.0039062
37463,-0.054688
37464,0.24023
37465,0.83984
37466,1.4199
37467,1.5
37468,1.5
37469,1.3242
37470,1.0137
37471,0.74414
37472,0.5
37473,0.23438
37474,0.025391
37475,-0.10938
37476,-0.17383
37477,-0.21875
37478,-0.24023
37479,-0.25
37480,-0.25391
37481,-0.25977
37482,-0.25977
37483,-0.26367
37484,-0.26953
37485,-0.26367
37486,-0.27344
37487,-0.28516
37488,-0.29492
37489,-0.30859
37490,-0.33008
37491,-0.35352
37492,-0.39453
37493,-0.43359
37494,-0.48828
37495,-0.49805
37496,-0.49805
37497,-0.49805
37498,-0.49805
37499,-0.49805
37500,-0.49805
37501,-0.49805
37502,-0.49805
37503,-0.39844
37504,-0.30859
37505,-0.23438
37506,-0.17383
37507,-0.12891
37508,-0.09375
37509,-0.064453
37510,-0.044922
37511,-0.029297
37512,-0.019531
37513,-0.019531
37514,-0.019531
37515,-0.019531
37516,-0.013672
37517,-0.019531
37518,-0.019531
37519,-0.025391
37520,-0.025391
37521,-0.025391
37522,-0.019531
37523,-0.025391
37524,-0.019531
37525,-0.025391
37526,-0.019531
37527,-0.019531
37528,-0.025391
37529,-0.025391
37530,-0.025391
37531,-0.019531
37532,-0.025391
37533,-0.019531
37534,-0.019531
37535,-0.019531
37536,-0.025391
37537,-0.019531
37538,-0.019531
37539,-0.019531
37540,-0.025391
37541,-0.025391
37542,-0.029297
37543,-0.035156
37544,-0.025391
37545,-0.035156
37546,-0.029297
37547,-0.039062
37548,-0.025391
37549,-0.0097656
37550,0.0
37551,0.015625
37552,0.019531
37553,0.019531
37554,0.019531
37555,0.019531
37556,0.0
37557,-0.054688
37558,-0.070312
37559,0.43555
37560,0.96875
37561,1.4434
37562,1.5
37563,1.3398
37564,1.0645
37565,0.79883
37566,0.58398
37567,0.35547
37568,0.11523
37569,-0.048828
37570,-0.1543
37571,-0.18359
37572,-0.20898
37573,-0.21875
37574,-0.22461
37575,-0.22852
37576,-0.22852
37577,-0.22852
37578,-0.23438
37579,-0.24023
37580,-0.24414
37581,-0.25
37582,-0.25977
37583,-0.26953
37584,-0.28516
37585,-0.29883
37586,-0.33008
37587,-0.35938
37588,-0.4082
37589,-0.45898
37590,-0.49805
37591,-0.49805
37592,-0.49805
37593,-0.49805
37594,-0.49805
37595,-0.49805
37596,-0.49805
37597,-0.43359
37598,-0.34375
37599,-0.26953
37600,-0.19922
37601,-0.14844
37602,-0.099609
37603,-0.070312
37604,-0.048828
37605,-0.029297
37606,-0.019531
37607,-0.013672
37608,-0.0097656
37609,-0.0097656
37610,-0.0039062
37611,-0.0039062
37612,0.0
37613,-0.0039062
37614,-0.0097656
37615,-0.013672
37616,-0.0039062
37617,-0.0097656
37618,-0.013672
37619,-0.0097656
37620,-0.0039062
37621,-0.0097656
37622,-0.013672
37623,-0.0097656
37624,-0.013672
37625,-0.0097656
37626,-0.0097656
37627,-0.0097656
37628,-0.0097656
37629,-0.0097656
37630,-0.0097656
37631,-0.0039062
37632,-0.013672
37633,-0.0097656
37634,-0.019531
37635,-0.019531
37636,-0.029297
37637,-0.025391
37638,-0.029297
37639,-0.025391
37640,-0.0097656
37641,0.0
37642,0.0097656
37643,0.019531
37644,0.025391
37645,0.019531
37646,0.025391
37647,0.019531
37648,-0.019531
37649,-0.064453
37650,0.2207
37651,0.74414
37652,1.2637
37653,1.5
37654,1.4492
37655,1.1836
37656,0.91992
37657,0.67969
37658,0.4707
37659,0.21484
37660,0.019531
37661,-0.10938
37662,-0.16406
37663,-0.19336
37664,-0.20898
37665,-0.21484
37666,-0.21484
37667,-0.22461
37668,-0.22852
37669,-0.22852
37670,-0.22852
37671,-0.24023
37672,-0.24023
37673,-0.24023
37674,-0.25391
37675,-0.27344
37676,-0.28906
37677,-0.31836
37678,-0.34961
37679,-0.39453
37680,-0.43945
37681,-0.49414
37682,-0.49805
37683,-0.49805
37684,-0.49805
37685,-0.49805
37686,-0.49805
37687,-0.49805
37688,-0.45898
37689,-0.36328
37690,-0.28516
37691,-0.20898
37692,-0.1543
37693,-0.10352
37694,-0.080078
37695,-0.044922
37696,-0.025391
37697,-0.0097656
37698,0.0
37699,-0.0097656
37700,0.0
37701,-0.0097656
37702,0.0
37703,0.0
37704,0.0
37705,0.0058594
37706,0.0
37707,0.0097656
37708,0.0
37709,0.0097656
37710,-0.0039062
37711,0.019531
37712,0.0058594
37713,0.0
37714,0.025391
37715,0.0097656
37716,0.015625
37717,0.019531
37718,0.0097656
37719,0.03125
37720,0.025391
37721,0.019531
37722,0.03125
37723,0.019531
37724,0.03125
37725,0.019531
37726,0.019531
37727,0.015625
37728,0.019531
37729,0.025391
37730,0.0097656
37731,0.025391
37732,0.03125
37733,0.050781
37734,0.060547
37735,0.050781
37736,0.070312
37737,0.054688
37738,0.060547
37739,0.064453
37740,-0.013672
37741,-0.044922
37742,0.46094
37743,1.0801
37744,1.5
37745,1.5
37746,1.5
37747,1.2344
37748,0.93555
37749,0.67969
37750,0.41016
37751,0.16016
37752,-0.019531
37753,-0.13477
37754,-0.18359
37755,-0.21484
37756,-0.23438
37757,-0.23438
37758,-0.24023
37759,-0.24414
37760,-0.25
37761,-0.25
37762,-0.25
37763,-0.25391
37764,-0.25977
37765,-0.27344
37766,-0.28516
37767,-0.30469
37768,-0.31836
37769,-0.35938
37770,-0.39844
37771,-0.44922
37772,-0.49805
37773,-0.49805
37774,-0.49805
37775,-0.49805
37776,-0.49805
37777,-0.49805
37778,-0.49805
37779,-0.49805
37780,-0.45312
37781,-0.35938
37782,-0.26953
37783,-0.19922
37784,-0.14453
37785,-0.099609
37786,-0.070312
37787,-0.048828
37788,-0.035156
37789,-0.019531
37790,-0.019531
37791,-0.0097656
37792,-0.013672
37793,-0.0097656
37794,-0.013672
37795,-0.019531
37796,-0.019531
37797,-0.013672
37798,-0.019531
37799,-0.013672
37800,-0.019531
37801,-0.013672
37802,-0.013672
37803,-0.013672
37804,-0.0097656
37805,-0.0097656
37806,-0.0097656
37807,-0.0039062
37808,-0.0039062
37809,-0.0039062
37810,0.0
37811,0.0
37812,-0.0039062
37813,-0.013672
37814,-0.0097656
37815,-0.0097656
37816,-0.0097656
37817,-0.013672
37818,-0.0097656
37819,-0.025391
37820,-0.025391
37821,-0.019531
37822,-0.025391
37823,-0.019531
37824,-0.029297
37825,-0.025391
37826,-0.0039062
37827,0.0
37828,0.015625
37829,0.019531
37830,0.025391
37831,0.019531
37832,0.025391
37833,0.015625
37834,-0.035156
37835,-0.058594
37836,0.31055
37837,0.84375
37838,1.3633
37839,1.5
37840,1.4297
37841,1.1602
37842,0.88867
37843,0.66016
37844,0.43555
37845,0.18555
37846,-0.0039062
37847,-0.10938
37848,-0.16406
37849,-0.19336
37850,-0.21484
37851,-0.21484
37852,-0.21875
37853,-0.22461
37854,-0.22461
37855,-0.22852
37856,-0.22461
37857,-0.22852
37858,-0.23438
37859,-0.24414
37860,-0.25
37861,-0.26367
37862,-0.28516
37863,-0.30859
37864,-0.34375
37865,-0.38867
37866,-0.43359
37867,-0.48828
37868,-0.49805
37869,-0.49805
37870,-0.49805
37871,-0.49805
37872,-0.49805
37873,-0.49805
37874,-0.44336
37875,-0.35352
37876,-0.27344
37877,-0.20508
37878,-0.14453
37879,-0.099609
37880,-0.070312
37881,-0.044922
37882,-0.029297
37883,-0.013672
37884,-0.0097656
37885,-0.0039062
37886,0.0
37887,0.0
37888,0.0
37889,0.0058594
37890,0.0
37891,0.0
37892,0.0
37893,0.0
37894,0.0
37895,0.0
37896,0.0
37897,-0.0039062
37898,0.0
37899,0.0
37900,-0.0039062
37901,-0.0039062
37902,-0.0039062
37903,0.0
37904,0.0
37905,0.0
37906,0.0
37907,-0.0039062
37908,0.0
37909,-0.0097656
37910,-0.019531
37911,-0.025391
37912,-0.019531
37913,-0.029297
37914,-0.025391
37915,-0.029297
37916,-0.029297
37917,-0.0097656
37918,0.0
37919,0.0097656
37920,0.019531
37921,0.025391
37922,0.03125
37923,0.025391
37924,0.019531
37925,-0.013672
37926,-0.074219
37927,0.12109
37928,0.625
37929,1.1602
37930,1.5
37931,1.498
37932,1.2539
37933,0.98047
37934,0.72461
37935,0.52539
37936,0.26953
37937,0.054688
37938,-0.083984
37939,-0.1543
37940,-0.18359
37941,-0.20898
37942,-0.21484
37943,-0.21875
37944,-0.21875
37945,-0.22461
37946,-0.23438
37947,-0.23438
37948,-0.24023
37949,-0.24414
37950,-0.25
37951,-0.25977
37952,-0.26367
37953,-0.28516
37954,-0.30469
37955,-0.33984
37956,-0.38477
37957,-0.43359
37958,-0.48438
37959,-0.49805
37960,-0.49805
37961,-0.49805
37962,-0.49805
37963,-0.49805
37964,-0.49805
37965,-0.47852
37966,-0.38867
37967,-0.30469
37968,-0.22461
37969,-0.16992
37970,-0.11914
37971,-0.080078
37972,-0.054688
37973,-0.035156
37974,-0.019531
37975,-0.013672
37976,-0.0097656
37977,-0.0039062
37978,-0.0039062
37979,0.0
37980,0.0
37981,0.0
37982,-0.0039062
37983,0.0
37984,0.0
37985,-0.0039062
37986,-0.0097656
37987,-0.0097656
37988,-0.0097656
37989,0.0
37990,-0.0039062
37991,0.0
37992,-0.0039062
37993,-0.0039062
37994,0.0
37995,-0.0039062
37996,0.0
37997,-0.0097656
37998,-0.0097656
37999,-0.013672
38000,-0.019531
38001,-0.013672
38002,-0.025391
38003,-0.025391
38004,-0.025391
38005,-0.029297
38006,-0.025391
38007,-0.035156
38008,-0.025391
38009,-0.013672
38010,0.0
38011,0.019531
38012,0.019531
38013,0.015625
38014,0.03125
38015,0.019531
38016,0.015625
38017,-0.025391
38018,-0.070312
38019,0.20117
38020,0.73047
38021,1.2695
38022,1.5
38023,1.4688
38024,1.2246
38025,0.96875
38026,0.7207
38027,0.49023
38028,0.25
38029,0.035156
38030,-0.09375
38031,-0.12891
38032,-0.17383
38033,-0.19922
38034,-0.19336
38035,-0.20898
38036,-0.21875
38037,-0.20898
38038,-0.21484
38039,-0.20508
38040,-0.21875
38041,-0.22461
38042,-0.24023
38043,-0.24414
38044,-0.23438
38045,-0.26953
38046,-0.30859
38047,-0.34961
38048,-0.38867
38049,-0.43945
38050,-0.48438
38051,-0.49805
38052,-0.49805
38053,-0.49805
38054,-0.49805
38055,-0.49805
38056,-0.49805
38057,-0.45312
38058,-0.35938
38059,-0.26367
38060,-0.18359
38061,-0.12891
38062,-0.074219
38063,-0.039062
38064,-0.013672
38065,0.0058594
38066,0.015625
38067,0.019531
38068,0.019531
38069,0.025391
38070,0.025391
38071,0.015625
38072,0.019531
38073,0.0097656
38074,0.015625
38075,0.019531
38076,0.0058594
38077,0.0097656
38078,0.0
38079,0.0058594
38080,0.0058594
38081,0.0097656
38082,0.0
38083,0.0
38084,0.0
38085,0.0
38086,0.0
38087,-0.0039062
38088,-0.0097656
38089,-0.0097656
38090,-0.013672
38091,-0.013672
38092,-0.025391
38093,-0.025391
38094,-0.025391
38095,-0.025391
38096,-0.029297
38097,-0.035156
38098,-0.025391
38099,-0.019531
38100,-0.0039062
38101,0.0058594
38102,0.015625
38103,0.015625
38104,0.0097656
38105,0.015625
38106,0.0
38107,-0.044922
38108,-0.080078
38109,0.2793
38110,0.83984
38111,1.375
38112,1.5
38113,1.459
38114,1.1836
38115,0.9043
38116,0.66406
38117,0.43555
38118,0.18945
38119,0.0
38120,-0.11914
38121,-0.17969
38122,-0.21875
38123,-0.23438
38124,-0.24414
38125,-0.24414
38126,-0.25
38127,-0.24414
38128,-0.25
38129,-0.25977
38130,-0.25977
38131,-0.26953
38132,-0.27344
38133,-0.28516
38134,-0.29883
38135,-0.31836
38136,-0.34961
38137,-0.375
38138,-0.41992
38139,-0.47461
38140,-0.49805
38141,-0.49805
38142,-0.49805
38143,-0.49805
38144,-0.49805
38145,-0.49805
38146,-0.49805
38147,-0.44922
38148,-0.35938
38149,-0.27344
38150,-0.20508
38151,-0.14453
38152,-0.099609
38153,-0.070312
38154,-0.044922
38155,-0.025391
38156,-0.013672
38157,-0.0039062
38158,-0.0039062
38159,-0.0097656
38160,-0.0039062
38161,-0.0097656
38162,0.0
38163,-0.0039062
38164,-0.0039062
38165,-0.0039062
38166,-0.0097656
38167,-0.0039062
38168,-0.0039062
38169,-0.0097656
38170,-0.0039062
38171,0.0
38172,-0.0039062
38173,-0.0097656
38174,-0.0039062
38175,0.0
38176,-0.0039062
38177,0.0
38178,-0.0039062
38179,-0.0039062
38180,-0.0097656
38181,-0.0039062
38182,-0.013672
38183,-0.0097656
38184,-0.013672
38185,-0.025391
38186,-0.025391
38187,-0.025391
38188,-0.025391
38189,-0.019531
38190,-0.025391
38191,-0.0097656
38192,0.0
38193,0.015625
38194,0.019531
38195,0.019531
38196,0.025391
38197,0.019531
38198,0.03125
38199,0.0
38200,-0.058594
38201,-0.064453
38202,0.50977
38203,1.0449
38204,1.4883
38205,1.5
38206,1.3145
38207,1.0391
38208,0.78516
38209,0.57031
38210,0.33594
38211,0.095703
38212,-0.058594
38213,-0.14453
38214,-0.16992
38215,-0.20508
38216,-0.21484
38217,-0.21875
38218,-0.21484
38219,-0.21875
38220,-0.22461
38221,-0.22852
38222,-0.23438
38223,-0.23438
38224,-0.24023
38225,-0.25391
38226,-0.26367
38227,-0.2793
38228,-0.30469
38229,-0.33398
38230,-0.36914
38231,-0.41992
38232,-0.46484
38233,-0.49805
38234,-0.49805
38235,-0.49805
38236,-0.49805
38237,-0.49805
38238,-0.49805
38239,-0.48828
38240,-0.41406
38241,-0.31836
38242,-0.24414
38243,-0.17969
38244,-0.12891
38245,-0.089844
38246,-0.058594
38247,-0.029297
38248,-0.025391
38249,-0.013672
38250,-0.0097656
38251,-0.0039062
38252,-0.0039062
38253,-0.0039062
38254,0.0
38255,0.0
38256,0.0
38257,-0.0039062
38258,-0.0039062
38259,-0.0039062
38260,0.0
38261,-0.0039062
38262,0.0
38263,-0.0039062
38264,0.0
38265,0.0
38266,-0.0039062
38267,-0.0097656
38268,-0.0039062
38269,-0.0097656
38270,-0.0039062
38271,0.0
38272,-0.0039062
38273,0.0
38274,-0.0097656
38275,-0.013672
38276,-0.019531
38277,-0.013672
38278,-0.025391
38279,-0.019531
38280,-0.025391
38281,-0.013672
38282,-0.029297
38283,-0.013672
38284,-0.0039062
38285,0.0097656
38286,0.019531
38287,0.019531
38288,0.019531
38289,0.025391
38290,0.019531
38291,0.0058594
38292,-0.054688
38293,-0.074219
38294,0.41016
38295,0.94531
38296,1.4238
38297,1.5
38298,1.3496
38299,1.0801
38300,0.82031
38301,0.60938
38302,0.38477
38303,0.14062
38304,-0.035156
38305,-0.13477
38306,-0.16016
38307,-0.19336
38308,-0.20898
38309,-0.20508
38310,-0.21484
38311,-0.20508
38312,-0.21484
38313,-0.23438
38314,-0.21875
38315,-0.21484
38316,-0.21875
38317,-0.23438
38318,-0.24023
38319,-0.25977
38320,-0.28516
38321,-0.30469
38322,-0.34375
38323,-0.38477
38324,-0.42969
38325,-0.49805
38326,-0.49805
38327,-0.49805
38328,-0.49805
38329,-0.49805
38330,-0.49805
38331,-0.47461
38332,-0.38867
38333,-0.30859
38334,-0.21484
38335,-0.14453
38336,-0.099609
38337,-0.039062
38338,-0.013672
38339,0.0058594
38340,0.0097656
38341,0.015625
38342,0.025391
38343,0.019531
38344,0.035156
38345,0.03125
38346,0.03125
38347,0.019531
38348,0.03125
38349,0.035156
38350,0.041016
38351,0.025391
38352,0.03125
38353,0.019531
38354,0.035156
38355,0.019531
38356,0.019531
38357,0.019531
38358,0.019531
38359,0.019531
38360,0.019531
38361,0.019531
38362,0.019531
38363,0.019531
38364,0.019531
38365,0.0097656
38366,0.0058594
38367,0.0
38368,0.0058594
38369,0.0097656
38370,0.0
38371,0.0
38372,-0.0097656
38373,0.0
38374,0.0058594
38375,0.0097656
38376,0.019531
38377,0.03125
38378,0.03125
38379,0.035156
38380,0.03125
38381,0.015625
38382,-0.025391
38383,-0.064453
38384,0.27539
38385,0.83398
38386,1.3848
38387,1.5
38388,1.5
38389,1.2402
38390,0.94531
38391,0.69922
38392,0.4707
38393,0.21484
38394,0.015625
38395,-0.099609
38396,-0.16992
38397,-0.21484
38398,-0.23438
38399,-0.24023
38400,-0.24023
38401,-0.24414
38402,-0.25
38403,-0.25391
38404,-0.25391
38405,-0.25977
38406,-0.26367
38407,-0.26953
38408,-0.2793
38409,-0.29492
38410,-0.30859
38411,-0.33984
38412,-0.375
38413,-0.41992
38414,-0.47461
38415,-0.49805
38416,-0.49805
38417,-0.49805
38418,-0.49805
38419,-0.49805
38420,-0.49805
38421,-0.49805
38422,-0.45898
38423,-0.36914
38424,-0.28516
38425,-0.21484
38426,-0.16016
38427,-0.10938
38428,-0.074219
38429,-0.048828
38430,-0.035156
38431,-0.025391
38432,-0.025391
38433,-0.0097656
38434,-0.0097656
38435,-0.013672
38436,-0.0097656
38437,-0.0039062
38438,-0.0097656
38439,-0.0039062
38440,-0.0097656
38441,-0.0097656
38442,-0.0039062
38443,-0.0039062
38444,-0.0039062
38445,-0.0097656
38446,-0.0039062
38447,-0.0097656
38448,-0.0039062
38449,-0.0097656
38450,-0.0097656
38451,-0.0039062
38452,-0.0097656
38453,-0.0039062
38454,-0.0097656
38455,-0.0039062
38456,0.0
38457,0.0
38458,-0.0039062
38459,-0.0097656
38460,-0.013672
38461,-0.019531
38462,-0.019531
38463,-0.025391
38464,-0.019531
38465,-0.025391
38466,-0.029297
38467,-0.013672
38468,0.0
38469,0.0058594
38470,0.019531
38471,0.019531
38472,0.025391
38473,0.019531
38474,0.019531
38475,-0.0097656
38476,-0.064453
38477,0.060547
38478,0.56055
38479,1.0938
38480,1.5
38481,1.5
38482,1.2793
38483,1.0195
38484,0.75391
38485,0.53906
38486,0.29492
38487,0.076172
38488,-0.074219
38489,-0.1543
38490,-0.18359
38491,-0.20508
38492,-0.21484
38493,-0.21484
38494,-0.21875
38495,-0.21484
38496,-0.22852
38497,-0.22461
38498,-0.23438
38499,-0.23438
38500,-0.24414
38501,-0.25391
38502,-0.26953
38503,-0.28516
38504,-0.30859
38505,-0.33984
38506,-0.375
38507,-0.42383
38508,-0.47461
38509,-0.49805
38510,-0.49805
38511,-0.49805
38512,-0.49805
38513,-0.49805
38514,-0.49805
38515,-0.49414
38516,-0.4043
38517,-0.31836
38518,-0.24023
38519,-0.17969
38520,-0.12891
38521,-0.09375
38522,-0.058594
38523,-0.039062
38524,-0.025391
38525,-0.013672
38526,-0.0039062
38527,-0.0039062
38528,-0.0097656
38529,-0.0097656
38530,-0.0097656
38531,-0.0097656
38532,-0.0097656
38533,-0.0097656
38534,-0.013672
38535,-0.013672
38536,-0.0097656
38537,-0.013672
38538,-0.019531
38539,-0.0097656
38540,-0.013672
38541,-0.013672
38542,-0.013672
38543,-0.013672
38544,-0.019531
38545,-0.013672
38546,-0.0097656
38547,-0.0097656
38548,-0.013672
38549,-0.0039062
38550,-0.0097656
38551,-0.013672
38552,-0.019531
38553,-0.025391
38554,-0.025391
38555,-0.025391
38556,-0.029297
38557,-0.025391
38558,-0.029297
38559,-0.019531
38560,-0.0039062
38561,0.0
38562,0.015625
38563,0.019531
38564,0.019531
38565,0.019531
38566,0.019531
38567,0.0
38568,-0.048828
38569,-0.074219
38570,0.41016
38571,0.93945
38572,1.4238
38573,1.5
38574,1.3496
38575,1.0742
38576,0.81055
38577,0.60547
38578,0.37109
38579,0.13086
38580,-0.035156
38581,-0.13477
38582,-0.16992
38583,-0.20508
38584,-0.21484
38585,-0.21484
38586,-0.21875
38587,-0.22461
38588,-0.22852
38589,-0.22461
38590,-0.23438
38591,-0.23438
38592,-0.24414
38593,-0.25
38594,-0.25977
38595,-0.26953
38596,-0.29492
38597,-0.33008
38598,-0.35352
38599,-0.4082
38600,-0.44336
38601,-0.49805
38602,-0.49805
38603,-0.49805
38604,-0.49805
38605,-0.49805
38606,-0.49805
38607,-0.49414
38608,-0.41406
38609,-0.31836
38610,-0.23438
38611,-0.17383
38612,-0.11523
38613,-0.058594
38614,-0.035156
38615,-0.0039062
38616,0.0097656
38617,0.0058594
38618,0.015625
38619,0.03125
38620,0.019531
38621,0.035156
38622,0.041016
38623,0.019531
38624,0.041016
38625,0.041016
38626,0.035156
38627,0.044922
38628,0.041016
38629,0.025391
38630,0.019531
38631,0.050781
38632,0.041016
38633,0.025391
38634,0.035156
38635,0.025391
38636,0.035156
38637,0.03125
38638,0.019531
38639,0.041016
38640,0.041016
38641,0.035156
38642,0.03125
38643,0.041016
38644,0.015625
38645,0.015625
38646,0.019531
38647,0.019531
38648,0.019531
38649,0.0058594
38650,0.015625
38651,0.019531
38652,0.03125
38653,0.044922
38654,0.050781
38655,0.044922
38656,0.044922
38657,0.041016
38658,0.03125
38659,-0.019531
38660,-0.054688
38661,0.38477
38662,0.98438
38663,1.5
38664,1.5
38665,1.5
38666,1.2285
38667,0.92383
38668,0.68555
38669,0.43945
38670,0.17969
38671,-0.0039062
38672,-0.125
38673,-0.17969
38674,-0.21875
38675,-0.23438
38676,-0.24414
38677,-0.24023
38678,-0.25
38679,-0.25391
38680,-0.25977
38681,-0.25977
38682,-0.26953
38683,-0.2793
38684,-0.28516
38685,-0.29492
38686,-0.31445
38687,-0.33398
38688,-0.36914
38689,-0.39844
38690,-0.44922
38691,-0.49805
38692,-0.49805
38693,-0.49805
38694,-0.49805
38695,-0.49805
38696,-0.49805
38697,-0.49805
38698,-0.49805
38699,-0.45898
38700,-0.36914
38701,-0.28516
38702,-0.21875
38703,-0.16016
38704,-0.10938
38705,-0.074219
38706,-0.048828
38707,-0.039062
38708,-0.025391
38709,-0.025391
38710,-0.013672
38711,-0.019531
38712,-0.013672
38713,-0.013672
38714,-0.013672
38715,-0.013672
38716,-0.013672
38717,-0.013672
38718,-0.013672
38719,-0.013672
38720,-0.019531
38721,-0.013672
38722,-0.019531
38723,-0.013672
38724,-0.013672
38725,-0.0097656
38726,-0.0097656
38727,-0.0039062
38728,-0.0097656
38729,-0.0039062
38730,-0.0039062
38731,0.0
38732,-0.0039062
38733,-0.0039062
38734,-0.0097656
38735,-0.0097656
38736,-0.013672
38737,-0.013672
38738,-0.019531
38739,-0.019531
38740,-0.025391
38741,-0.025391
38742,-0.025391
38743,-0.025391
38744,-0.029297
38745,-0.0097656
38746,0.0
38747,0.015625
38748,0.019531
38749,0.025391
38750,0.03125
38751,0.025391
38752,0.019531
38753,-0.0097656
38754,-0.064453
38755,0.16016
38756,0.67578
38757,1.1934
38758,1.5
38759,1.4746
38760,1.2285
38761,0.96484
38762,0.71484
38763,0.50586
38764,0.25977
38765,0.050781
38766,-0.080078
38767,-0.1543
38768,-0.17969
38769,-0.19922
38770,-0.19922
38771,-0.20898
38772,-0.20898
38773,-0.21484
38774,-0.21484
38775,-0.21875
38776,-0.21875
38777,-0.23438
38778,-0.23438
38779,-0.24023
38780,-0.25391
38781,-0.27344
38782,-0.29883
38783,-0.33398
38784,-0.36914
38785,-0.41406
38786,-0.47461
38787,-0.49805
38788,-0.49805
38789,-0.49805
38790,-0.49805
38791,-0.49805
38792,-0.49805
38793,-0.45898
38794,-0.37891
38795,-0.29492
38796,-0.21875
38797,-0.16016
38798,-0.10938
38799,-0.074219
38800,-0.048828
38801,-0.025391
38802,-0.013672
38803,0.0
38804,0.0
38805,0.0058594
38806,0.0058594
38807,0.0058594
38808,0.0058594
38809,0.0058594
38810,0.0097656
38811,0.0058594
38812,0.0058594
38813,0.0
38814,0.0
38815,0.0
38816,0.0
38817,0.0
38818,0.0
38819,0.0
38820,0.0
38821,0.0
38822,0.0
38823,-0.0039062
38824,0.0
38825,0.0
38826,0.0
38827,0.0
38828,0.0
38829,0.0
38830,-0.0039062
38831,-0.013672
38832,-0.013672
38833,-0.0097656
38834,-0.013672
38835,-0.025391
38836,-0.025391
38837,-0.0039062
38838,0.0
38839,0.0097656
38840,0.019531
38841,0.025391
38842,0.025391
38843,0.019531
38844,0.025391
38845,-0.013672
38846,-0.070312
38847,0.14453
38848,0.65039
38849,1.1836
38850,1.5
38851,1.4941
38852,1.2402
38853,0.96875
38854,0.7207
38855,0.50977
38856,0.26562
38857,0.050781
38858,-0.080078
38859,-0.1543
38860,-0.18359
38861,-0.20508
38862,-0.20898
38863,-0.21484
38864,-0.21484
38865,-0.21484
38866,-0.21875
38867,-0.22852
38868,-0.22852
38869,-0.23438
38870,-0.23438
38871,-0.25391
38872,-0.25977
38873,-0.2793
38874,-0.30469
38875,-0.33984
38876,-0.375
38877,-0.42383
38878,-0.47852
38879,-0.49805
38880,-0.49805
38881,-0.49805
38882,-0.49805
38883,-0.49805
38884,-0.49805
38885,-0.45898
38886,-0.375
38887,-0.28516
38888,-0.21484
38889,-0.1543
38890,-0.10938
38891,-0.070312
38892,-0.039062
38893,-0.025391
38894,-0.0097656
38895,0.0
38896,0.0
38897,0.0
38898,0.0
38899,0.0
38900,0.0
38901,0.0
38902,0.0
38903,0.0
38904,0.0
38905,0.0
38906,0.0
38907,-0.0039062
38908,0.0
38909,0.0
38910,0.0
38911,0.0
38912,0.0
38913,0.0
38914,0.0
38915,0.0
38916,-0.0039062
38917,0.0
38918,0.0
38919,-0.0039062
38920,-0.0039062
38921,-0.0097656
38922,-0.0097656
38923,-0.019531
38924,-0.0097656
38925,-0.025391
38926,-0.019531
38927,-0.025391
38928,-0.025391
38929,0.0
38930,0.0
38931,0.019531
38932,0.025391
38933,0.03125
38934,0.025391
38935,0.025391
38936,0.019531
38937,-0.013672
38938,-0.064453
38939,0.17969
38940,0.70508
38941,1.25
38942,1.5
38943,1.459
38944,1.2051
38945,0.94531
38946,0.71484
38947,0.49023
38948,0.23438
38949,0.041016
38950,-0.080078
38951,-0.14453
38952,-0.16992
38953,-0.18945
38954,-0.20508
38955,-0.21484
38956,-0.18945
38957,-0.21484
38958,-0.21484
38959,-0.21484
38960,-0.18945
38961,-0.19922
38962,-0.23438
38963,-0.23438
38964,-0.25
38965,-0.25977
38966,-0.29492
38967,-0.32422
38968,-0.36914
38969,-0.4043
38970,-0.47461
38971,-0.49805
38972,-0.49805
38973,-0.49805
38974,-0.49805
38975,-0.49805
38976,-0.49805
38977,-0.44336
38978,-0.34375
38979,-0.25391
38980,-0.16016
38981,-0.125
38982,-0.070312
38983,-0.025391
38984,-0.013672
38985,0.0097656
38986,0.015625
38987,0.025391
38988,0.03125
38989,0.019531
38990,0.035156
38991,0.025391
38992,0.03125
38993,0.035156
38994,0.019531
38995,0.019531
38996,0.019531
38997,0.019531
38998,0.019531
38999,0.019531
39000,0.015625
39001,0.0097656
39002,0.015625
39003,0.0097656
39004,0.015625
39005,0.0097656
39006,0.019531
39007,0.0058594
39008,0.0058594
39009,0.0058594
39010,0.0058594
39011,0.0
39012,-0.0039062
39013,-0.0097656
39014,0.0
39015,-0.013672
39016,-0.0097656
39017,-0.019531
39018,-0.025391
39019,-0.0039062
39020,0.0
39021,0.0097656
39022,0.019531
39023,0.019531
39024,0.019531
39025,0.015625
39026,0.0097656
39027,-0.025391
39028,-0.083984
39029,0.16016
39030,0.70898
39031,1.2734
39032,1.5
39033,1.5
39034,1.2734
39035,0.98438
39036,0.7207
39037,0.5
39038,0.24609
39039,0.035156
39040,-0.099609
39041,-0.17383
39042,-0.21875
39043,-0.24023
39044,-0.25
39045,-0.25
39046,-0.25391
39047,-0.25391
39048,-0.25977
39049,-0.25977
39050,-0.26953
39051,-0.27344
39052,-0.28516
39053,-0.28906
39054,-0.30469
39055,-0.31836
39056,-0.33984
39057,-0.37891
39058,-0.41406
39059,-0.46484
39060,-0.49805
39061,-0.49805
39062,-0.49805
39063,-0.49805
39064,-0.49805
39065,-0.49805
39066,-0.49805
39067,-0.47852
39068,-0.38867
39069,-0.30469
39070,-0.22852
39071,-0.16406
39072,-0.11523
39073,-0.083984
39074,-0.054688
39075,-0.044922
39076,-0.029297
39077,-0.025391
39078,-0.019531
39079,-0.0097656
39080,-0.013672
39081,-0.0097656
39082,-0.013672
39083,-0.0097656
39084,-0.013672
39085,-0.0097656
39086,-0.013672
39087,-0.0097656
39088,-0.0097656
39089,-0.0097656
39090,-0.0097656
39091,-0.0097656
39092,-0.0097656
39093,-0.0039062
39094,-0.0039062
39095,0.0
39096,-0.0039062
39097,-0.0039062
39098,0.0
39099,0.0
39100,-0.0039062
39101,-0.0039062
39102,-0.0097656
39103,-0.0097656
39104,-0.0097656
39105,-0.013672
39106,-0.025391
39107,-0.025391
39108,-0.019531
39109,-0.025391
39110,-0.029297
39111,-0.039062
39112,-0.013672
39113,-0.0039062
39114,0.0097656
39115,0.019531
39116,0.025391
39117,0.019531
39118,0.019531
39119,0.025391
39120,-0.013672
39121,-0.064453
39122,0.125
39123,0.62891
39124,1.1602
39125,1.5
39126,1.4941
39127,1.25
39128,0.98438
39129,0.7207
39130,0.51562
39131,0.26953
39132,0.050781
39133,-0.080078
39134,-0.16016
39135,-0.17969
39136,-0.20898
39137,-0.21484
39138,-0.21875
39139,-0.22461
39140,-0.22461
39141,-0.22461
39142,-0.22852
39143,-0.22461
39144,-0.23438
39145,-0.24023
39146,-0.25
39147,-0.26367
39148,-0.28516
39149,-0.30469
39150,-0.33398
39151,-0.375
39152,-0.42383
39153,-0.47852
39154,-0.49805
39155,-0.49805
39156,-0.49805
39157,-0.49805
39158,-0.49805
39159,-0.49805
39160,-0.46875
39161,-0.38477
39162,-0.29883
39163,-0.22461
39164,-0.16016
39165,-0.10938
39166,-0.074219
39167,-0.048828
39168,-0.025391
39169,-0.0097656
39170,0.0
39171,0.0
39172,0.0
39173,0.0
39174,0.0
39175,0.0058594
39176,0.0
39177,0.0058594
39178,0.0
39179,0.0
39180,0.0
39181,0.0
39182,0.0
39183,0.0
39184,0.0
39185,0.0
39186,0.0
39187,0.0
39188,-0.0039062
39189,-0.0097656
39190,-0.0039062
39191,0.0
39192,0.0
39193,0.0
39194,0.0
39195,0.0
39196,-0.0097656
39197,-0.0097656
39198,-0.019531
39199,-0.025391
39200,-0.013672
39201,-0.019531
39202,-0.013672
39203,-0.025391
39204,-0.0097656
39205,0.0058594
39206,0.019531
39207,0.03125
39208,0.035156
39209,0.03125
39210,0.035156
39211,0.03125
39212,0.0097656
39213,-0.054688
39214,0.085938
39215,0.58008
39216,1.1152
39217,1.5
39218,1.5
39219,1.2793
39220,1.0098
39221,0.75391
39222,0.54492
39223,0.30078
39224,0.076172
39225,-0.064453
39226,-0.14453
39227,-0.16992
39228,-0.19336
39229,-0.19922
39230,-0.20898
39231,-0.21484
39232,-0.21484
39233,-0.21875
39234,-0.22461
39235,-0.22852
39236,-0.23438
39237,-0.23438
39238,-0.25
39239,-0.25977
39240,-0.2793
39241,-0.29883
39242,-0.33008
39243,-0.36914
39244,-0.41992
39245,-0.46484
39246,-0.49805
39247,-0.49805
39248,-0.49805
39249,-0.49805
39250,-0.49805
39251,-0.49805
39252,-0.47852
39253,-0.38867
39254,-0.30859
39255,-0.22461
39256,-0.1543
39257,-0.11914
39258,-0.080078
39259,-0.048828
39260,-0.0097656
39261,0.0058594
39262,0.0
39263,0.0058594
39264,0.0097656
39265,0.015625
39266,0.0097656
39267,0.019531
39268,0.019531
39269,0.0097656
39270,0.025391
39271,0.035156
39272,0.03125
39273,0.025391
39274,0.019531
39275,0.025391
39276,0.019531
39277,0.035156
39278,0.025391
39279,0.019531
39280,0.041016
39281,0.035156
39282,0.035156
39283,0.044922
39284,0.025391
39285,0.025391
39286,0.03125
39287,0.025391
39288,0.03125
39289,0.035156
39290,0.019531
39291,0.019531
39292,0.0097656
39293,0.019531
39294,0.0097656
39295,0.0
39296,0.0097656
39297,0.025391
39298,0.044922
39299,0.050781
39300,0.044922
39301,0.044922
39302,0.044922
39303,0.041016
39304,0.0
39305,-0.054688
39306,0.16992
39307,0.75
39308,1.3535
39309,1.5
39310,1.5
39311,1.3594
39312,1.0547
39313,0.76953
39314,0.53906
39315,0.26562
39316,0.054688
39317,-0.083984
39318,-0.16992
39319,-0.21484
39320,-0.23438
39321,-0.24414
39322,-0.25
39323,-0.25
39324,-0.25977
39325,-0.25977
39326,-0.25977
39327,-0.26367
39328,-0.2793
39329,-0.28516
39330,-0.28906
39331,-0.30469
39332,-0.33008
39333,-0.35352
39334,-0.38477
39335,-0.42969
39336,-0.47852
39337,-0.49805
39338,-0.49805
39339,-0.49805
39340,-0.49805
39341,-0.49805
39342,-0.49805
39343,-0.49805
39344,-0.49805
39345,-0.4043
39346,-0.31445
39347,-0.24414
39348,-0.18359
39349,-0.12891
39350,-0.09375
39351,-0.064453
39352,-0.048828
39353,-0.035156
39354,-0.025391
39355,-0.025391
39356,-0.019531
39357,-0.019531
39358,-0.019531
39359,-0.019531
39360,-0.019531
39361,-0.025391
39362,-0.025391
39363,-0.025391
39364,-0.025391
39365,-0.025391
39366,-0.025391
39367,-0.025391
39368,-0.019531
39369,-0.025391
39370,-0.025391
39371,-0.019531
39372,-0.025391
39373,-0.019531
39374,-0.019531
39375,-0.025391
39376,-0.025391
39377,-0.019531
39378,-0.025391
39379,-0.019531
39380,-0.019531
39381,-0.013672
39382,-0.019531
39383,-0.019531
39384,-0.025391
39385,-0.025391
39386,-0.029297
39387,-0.035156
39388,-0.025391
39389,-0.035156
39390,-0.039062
39391,-0.0097656
39392,-0.0039062
39393,0.0058594
39394,0.019531
39395,0.019531
39396,0.025391
39397,0.019531
39398,0.015625
39399,-0.025391
39400,-0.074219
39401,0.17969
39402,0.70898
39403,1.2344
39404,1.5
39405,1.4688
39406,1.2051
39407,0.93555
39408,0.68555
39409,0.47461
39410,0.22461
39411,0.025391
39412,-0.099609
39413,-0.16406
39414,-0.19336
39415,-0.21484
39416,-0.21875
39417,-0.21875
39418,-0.22461
39419,-0.22852
39420,-0.22852
39421,-0.23438
39422,-0.23438
39423,-0.24023
39424,-0.24414
39425,-0.25977
39426,-0.27344
39427,-0.28906
39428,-0.30859
39429,-0.34375
39430,-0.38477
39431,-0.42969
39432,-0.48828
39433,-0.49805
39434,-0.49805
39435,-0.49805
39436,-0.49805
39437,-0.49805
39438,-0.49805
39439,-0.46484
39440,-0.38477
39441,-0.29492
39442,-0.22461
39443,-0.16016
39444,-0.11914
39445,-0.080078
39446,-0.048828
39447,-0.035156
39448,-0.025391
39449,-0.013672
39450,-0.0097656
39451,-0.0097656
39452,-0.0039062
39453,-0.0097656
39454,0.0
39455,-0.0039062
39456,0.0
39457,-0.0039062
39458,0.0
39459,-0.0039062
39460,-0.0039062
39461,-0.0039062
39462,-0.0097656
39463,-0.0097656
39464,-0.0039062
39465,-0.0097656
39466,-0.0097656
39467,-0.0097656
39468,-0.0039062
39469,-0.0097656
39470,-0.0039062
39471,-0.0039062
39472,-0.0039062
39473,-0.0039062
39474,-0.0097656
39475,-0.013672
39476,-0.019531
39477,-0.025391
39478,-0.025391
39479,-0.019531
39480,-0.025391
39481,-0.025391
39482,-0.035156
39483,-0.025391
39484,-0.0097656
39485,0.0058594
39486,0.015625
39487,0.025391
39488,0.019531
39489,0.025391
39490,0.025391
39491,0.019531
39492,-0.035156
39493,-0.064453
39494,0.30469
39495,0.83984
39496,1.3496
39497,1.5
39498,1.4082
39499,1.1348
39500,0.86523
39501,0.64453
39502,0.42578
39503,0.17578
39504,-0.0039062
39505,-0.11523
39506,-0.16016
39507,-0.19336
39508,-0.20898
39509,-0.21484
39510,-0.21484
39511,-0.21484
39512,-0.21875
39513,-0.22461
39514,-0.22461
39515,-0.22852
39516,-0.23438
39517,-0.24414
39518,-0.25391
39519,-0.26953
39520,-0.28906
39521,-0.31836
39522,-0.34375
39523,-0.39453
39524,-0.44336
39525,-0.49805
39526,-0.49805
39527,-0.49805
39528,-0.49805
39529,-0.49805
39530,-0.49805
39531,-0.49805
39532,-0.43945
39533,-0.35352
39534,-0.27344
39535,-0.20508
39536,-0.14844
39537,-0.099609
39538,-0.070312
39539,-0.044922
39540,-0.029297
39541,-0.019531
39542,-0.0097656
39543,-0.0039062
39544,0.0
39545,0.0
39546,-0.0039062
39547,0.0
39548,0.0
39549,0.0
39550,0.0
39551,-0.0039062
39552,0.0
39553,-0.0039062
39554,0.0
39555,-0.0039062
39556,-0.0097656
39557,-0.0039062
39558,0.0
39559,-0.0039062
39560,0.0
39561,0.0
39562,0.0
39563,0.0
39564,-0.0039062
39565,-0.0097656
39566,-0.0039062
39567,-0.013672
39568,-0.013672
39569,-0.0097656
39570,-0.019531
39571,-0.019531
39572,-0.019531
39573,-0.025391
39574,-0.019531
39575,-0.029297
39576,-0.0039062
39577,0.0097656
39578,0.0
39579,0.019531
39580,0.035156
39581,0.019531
39582,0.025391
39583,0.035156
39584,0.019531
39585,-0.039062
39586,-0.064453
39587,0.47461
39588,1.0391
39589,1.5
39590,1.5
39591,1.375
39592,1.0898
39593,0.83984
39594,0.625
39595,0.375
39596,0.125
39597,-0.025391
39598,-0.10352
39599,-0.1543
39600,-0.18359
39601,-0.20508
39602,-0.19922
39603,-0.21875
39604,-0.21484
39605,-0.20898
39606,-0.18945
39607,-0.21875
39608,-0.22852
39609,-0.20898
39610,-0.24023
39611,-0.25391
39612,-0.25977
39613,-0.28906
39614,-0.29883
39615,-0.36328
39616,-0.4043
39617,-0.46484
39618,-0.49805
39619,-0.49805
39620,-0.49805
39621,-0.49805
39622,-0.49805
39623,-0.49805
39624,-0.48828
39625,-0.4043
39626,-0.30469
39627,-0.22461
39628,-0.1543
39629,-0.089844
39630,-0.054688
39631,-0.025391
39632,-0.0097656
39633,0.0097656
39634,0.019531
39635,0.03125
39636,0.025391
39637,0.025391
39638,0.019531
39639,0.025391
39640,0.015625
39641,0.015625
39642,0.015625
39643,0.019531
39644,0.015625
39645,0.0097656
39646,0.0097656
39647,0.0
39648,0.0058594
39649,0.0
39650,0.0058594
39651,0.0
39652,0.0
39653,-0.0039062
39654,-0.0039062
39655,-0.0039062
39656,-0.0039062
39657,-0.0039062
39658,-0.0039062
39659,-0.0097656
39660,-0.013672
39661,-0.019531
39662,-0.025391
39663,-0.019531
39664,-0.025391
39665,-0.019531
39666,-0.029297
39667,-0.019531
39668,-0.0039062
39669,0.0
39670,0.0097656
39671,0.015625
39672,0.019531
39673,0.015625
39674,0.015625
39675,-0.0097656
39676,-0.070312
39677,-0.074219
39678,0.51562
39679,1.0742
39680,1.5
39681,1.5
39682,1.3438
39683,1.0645
39684,0.78906
39685,0.58008
39686,0.33594
39687,0.099609
39688,-0.054688
39689,-0.14453
39690,-0.18945
39691,-0.21875
39692,-0.23438
39693,-0.23438
39694,-0.24023
39695,-0.24023
39696,-0.24023
39697,-0.24414
39698,-0.25391
39699,-0.25977
39700,-0.25977
39701,-0.27344
39702,-0.28516
39703,-0.30469
39704,-0.32422
39705,-0.34961
39706,-0.38867
39707,-0.43359
39708,-0.48438
39709,-0.49805
39710,-0.49805
39711,-0.49805
39712,-0.49805
39713,-0.49805
39714,-0.49805
39715,-0.49805
39716,-0.41406
39717,-0.32422
39718,-0.24414
39719,-0.18359
39720,-0.13477
39721,-0.089844
39722,-0.058594
39723,-0.039062
39724,-0.025391
39725,-0.013672
39726,-0.0039062
39727,0.0
39728,0.0
39729,-0.0039062
39730,-0.0039062
39731,-0.0039062
39732,-0.0097656
39733,-0.0039062
39734,-0.0097656
39735,-0.0097656
39736,-0.0097656
39737,-0.0097656
39738,-0.0097656
39739,-0.0097656
39740,-0.0097656
39741,-0.0097656
39742,-0.0097656
39743,-0.0097656
39744,-0.0039062
39745,-0.0097656
39746,-0.0039062
39747,-0.0097656
39748,0.0
39749,-0.0097656
39750,-0.0039062
39751,-0.0039062
39752,-0.0039062
39753,-0.013672
39754,-0.019531
39755,-0.019531
39756,-0.013672
39757,-0.025391
39758,-0.029297
39759,-0.029297
39760,-0.013672
39761,0.0
39762,0.0097656
39763,0.019531
39764,0.025391
39765,0.03125
39766,0.025391
39767,0.019531
39768,-0.0039062
39769,-0.070312
39770,0.085938
39771,0.57422
39772,1.1191
39773,1.5
39774,1.5
39775,1.2734
39776,1.0
39777,0.74023
39778,0.53516
39779,0.29102
39780,0.060547
39781,-0.080078
39782,-0.1543
39783,-0.18945
39784,-0.20898
39785,-0.21484
39786,-0.21875
39787,-0.22461
39788,-0.22852
39789,-0.22852
39790,-0.23438
39791,-0.23438
39792,-0.24414
39793,-0.24414
39794,-0.25977
39795,-0.26367
39796,-0.28516
39797,-0.30469
39798,-0.33398
39799,-0.375
39800,-0.42383
39801,-0.47852
39802,-0.49805
39803,-0.49805
39804,-0.49805
39805,-0.49805
39806,-0.49805
39807,-0.49805
39808,-0.48438
39809,-0.38867
39810,-0.29883
39811,-0.23438
39812,-0.16992
39813,-0.11914
39814,-0.083984
39815,-0.058594
39816,-0.035156
39817,-0.025391
39818,-0.013672
39819,-0.0097656
39820,0.0
39821,-0.0039062
39822,-0.0097656
39823,-0.0039062
39824,-0.0097656
39825,0.0
39826,-0.0039062
39827,0.0
39828,-0.0039062
39829,0.0
39830,-0.0039062
39831,0.0
39832,-0.0097656
39833,-0.0097656
39834,-0.0097656
39835,-0.0097656
39836,-0.0097656
39837,-0.0039062
39838,-0.0039062
39839,-0.0039062
39840,-0.0097656
39841,-0.0039062
39842,-0.0097656
39843,-0.0039062
39844,-0.0097656
39845,-0.013672
39846,-0.025391
39847,-0.025391
39848,-0.013672
39849,-0.025391
39850,-0.013672
39851,-0.025391
39852,-0.013672
39853,0.0
39854,0.015625
39855,0.019531
39856,0.03125
39857,0.03125
39858,0.03125
39859,0.025391
39860,0.015625
39861,-0.044922
39862,-0.070312
39863,0.38086
39864,0.92383
39865,1.4199
39866,1.5
39867,1.3789
39868,1.0996
39869,0.83398
39870,0.625
39871,0.39062
39872,0.14453
39873,-0.025391
39874,-0.12891
39875,-0.16406
39876,-0.18945
39877,-0.20898
39878,-0.21484
39879,-0.21484
39880,-0.21484
39881,-0.21484
39882,-0.21875
39883,-0.22461
39884,-0.22852
39885,-0.23438
39886,-0.25
39887,-0.25391
39888,-0.26953
39889,-0.28516
39890,-0.30859
39891,-0.34961
39892,-0.39844
39893,-0.44922
39894,-0.49805
39895,-0.49805
39896,-0.49805
39897,-0.49805
39898,-0.49805
39899,-0.49805
39900,-0.49805
39901,-0.41992
39902,-0.33008
39903,-0.25391
39904,-0.18945
39905,-0.12891
39906,-0.083984
39907,-0.054688
39908,-0.025391
39909,-0.0097656
39910,0.0
39911,0.0097656
39912,0.019531
39913,0.0097656
39914,0.019531
39915,0.019531
39916,0.019531
39917,0.025391
39918,0.015625
39919,0.025391
39920,0.019531
39921,0.025391
39922,0.035156
39923,0.03125
39924,0.041016
39925,0.019531
39926,0.035156
39927,0.041016
39928,0.03125
39929,0.035156
39930,0.019531
39931,0.035156
39932,0.03125
39933,0.050781
39934,0.019531
39935,0.044922
39936,0.03125
39937,0.015625
39938,0.025391
39939,0.03125
39940,0.019531
39941,0.03125
39942,0.015625
39943,0.0
39944,0.019531
39945,0.035156
39946,0.044922
39947,0.060547
39948,0.050781
39949,0.044922
39950,0.044922
39951,0.044922
39952,0.019531
39953,-0.058594
39954,0.15039
39955,0.7207
39956,1.334
39957,1.5
39958,1.5
39959,1.3984
39960,1.084
39961,0.79492
39962,0.55078
39963,0.29102
39964,0.064453
39965,-0.083984
39966,-0.16992
39967,-0.21484
39968,-0.24414
39969,-0.25
39970,-0.25391
39971,-0.25977
39972,-0.25977
39973,-0.25977
39974,-0.26367
39975,-0.25977
39976,-0.2793
39977,-0.28516
39978,-0.29492
39979,-0.30469
39980,-0.32422
39981,-0.34961
39982,-0.38477
39983,-0.42969
39984,-0.47852
39985,-0.49805
39986,-0.49805
39987,-0.49805
39988,-0.49805
39989,-0.49805
39990,-0.49805
39991,-0.49805
39992,-0.49805
39993,-0.41992
39994,-0.33398
39995,-0.25391
39996,-0.18945
39997,-0.13867
39998,-0.099609
39999,-0.074219
40000,-0.048828
40001,-0.039062
40002,-0.029297
40003,-0.025391
40004,-0.025391
40005,-0.025391
40006,-0.025391
40007,-0.025391
40008,-0.025391
40009,-0.025391
40010,-0.025391
40011,-0.025391
40012,-0.025391
40013,-0.025391
40014,-0.025391
40015,-0.025391
40016,-0.025391
40017,-0.025391
40018,-0.019531
40019,-0.013672
40020,-0.019531
40021,-0.013672
40022,-0.019531
40023,-0.013672
40024,-0.019531
40025,-0.0097656
40026,-0.013672
40027,-0.0097656
40028,-0.0097656
40029,-0.013672
40030,-0.019531
40031,-0.013672
40032,-0.019531
40033,-0.019531
40034,-0.019531
40035,-0.025391
40036,-0.013672
40037,-0.025391
40038,-0.029297
40039,-0.0039062
40040,0.0058594
40041,0.019531
40042,0.035156
40043,0.03125
40044,0.025391
40045,0.03125
40046,0.019531
40047,-0.013672
40048,-0.058594
40049,0.21094
40050,0.73438
40051,1.2539
40052,1.5
40053,1.4688
40054,1.2051
40055,0.93945
40056,0.68945
40057,0.48047
40058,0.22461
40059,0.025391
40060,-0.099609
40061,-0.16406
40062,-0.18359
40063,-0.21484
40064,-0.21484
40065,-0.21875
40066,-0.22461
40067,-0.22461
40068,-0.22461
40069,-0.22461
40070,-0.22852
40071,-0.23438
40072,-0.23438
40073,-0.25
40074,-0.25977
40075,-0.2793
40076,-0.29883
40077,-0.33008
40078,-0.375
40079,-0.42383
40080,-0.47852
40081,-0.49805
40082,-0.49805
40083,-0.49805
40084,-0.49805
40085,-0.49805
40086,-0.49805
40087,-0.45898
40088,-0.375
40089,-0.28906
40090,-0.21875
40091,-0.1543
40092,-0.10352
40093,-0.070312
40094,-0.048828
40095,-0.025391
40096,-0.019531
40097,-0.0039062
40098,-0.0039062
40099,0.0
40100,0.0
40101,0.0058594
40102,0.0058594
40103,0.0
40104,0.0
40105,0.0
40106,0.0
40107,0.0
40108,0.0
40109,-0.0039062
40110,0.0
40111,0.0
40112,-0.0039062
40113,-0.0097656
40114,-0.0039062
40115,-0.0039062
40116,-0.0039062
40117,-0.0039062
40118,-0.0039062
40119,-0.0039062
40120,0.0
40121,0.0
40122,-0.0039062
40123,-0.0039062
40124,-0.0097656
40125,-0.013672
40126,-0.019531
40127,-0.013672
40128,-0.025391
40129,-0.013672
40130,-0.025391
40131,-0.0097656
40132,-0.0039062
40133,0.0058594
40134,0.019531
40135,0.03125
40136,0.03125
40137,0.025391
40138,0.025391
40139,0.015625
40140,-0.039062
40141,-0.064453
40142,0.375
40143,0.91016
40144,1.4082
40145,1.5
40146,1.3789
40147,1.1035
40148,0.83398
40149,0.61914
40150,0.39453
40151,0.14453
40152,-0.025391
40153,-0.12891
40154,-0.16992
40155,-0.20508
40156,-0.20898
40157,-0.21484
40158,-0.21484
40159,-0.22461
40160,-0.22461
40161,-0.22461
40162,-0.22461
40163,-0.23438
40164,-0.23438
40165,-0.24414
40166,-0.25977
40167,-0.27344
40168,-0.28906
40169,-0.31836
40170,-0.34961
40171,-0.39453
40172,-0.44336
40173,-0.49414
40174,-0.49805
40175,-0.49805
40176,-0.49805
40177,-0.49805
40178,-0.49805
40179,-0.49805
40180,-0.42969
40181,-0.34375
40182,-0.26367
40183,-0.18945
40184,-0.12891
40185,-0.09375
40186,-0.054688
40187,-0.029297
40188,0.0
40189,0.0
40190,0.015625
40191,0.0097656
40192,0.019531
40193,0.025391
40194,0.015625
40195,0.015625
40196,0.019531
40197,0.025391
40198,0.0097656
40199,0.025391
40200,0.019531
40201,0.0097656
40202,0.019531
40203,0.019531
40204,0.03125
40205,0.019531
40206,0.03125
40207,0.035156
40208,0.019531
40209,0.03125
40210,0.025391
40211,0.019531
40212,0.035156
40213,0.019531
40214,0.019531
40215,0.019531
40216,0.015625
40217,0.019531
40218,0.0097656
40219,0.019531
40220,0.015625
40221,0.0
40222,0.0
40223,0.015625
40224,0.025391
40225,0.035156
40226,0.044922
40227,0.041016
40228,0.044922
40229,0.044922
40230,0.035156
40231,0.0058594
40232,-0.054688
40233,0.16602
40234,0.73047
40235,1.3438
40236,1.5
40237,1.5
40238,1.3594
40239,1.0488
40240,0.76562
40241,0.53516
40242,0.26562
40243,0.044922
40244,-0.09375
40245,-0.17383
40246,-0.21875
40247,-0.24414
40248,-0.25391
40249,-0.25977
40250,-0.26367
40251,-0.26367
40252,-0.26367
40253,-0.27344
40254,-0.2793
40255,-0.28516
40256,-0.28906
40257,-0.30469
40258,-0.31445
40259,-0.33398
40260,-0.35938
40261,-0.39453
40262,-0.44336
40263,-0.48828
40264,-0.49805
40265,-0.49805
40266,-0.49805
40267,-0.49805
40268,-0.49805
40269,-0.49805
40270,-0.49805
40271,-0.49805
40272,-0.42969
40273,-0.33984
40274,-0.25391
40275,-0.18945
40276,-0.14453
40277,-0.10352
40278,-0.080078
40279,-0.054688
40280,-0.048828
40281,-0.039062
40282,-0.035156
40283,-0.035156
40284,-0.029297
40285,-0.029297
40286,-0.029297
40287,-0.025391
40288,-0.029297
40289,-0.029297
40290,-0.029297
40291,-0.025391
40292,-0.029297
40293,-0.025391
40294,-0.025391
40295,-0.025391
40296,-0.029297
40297,-0.025391
40298,-0.029297
40299,-0.029297
40300,-0.025391
40301,-0.029297
40302,-0.025391
40303,-0.025391
40304,-0.025391
40305,-0.025391
40306,-0.025391
40307,-0.025391
40308,-0.025391
40309,-0.025391
40310,-0.025391
40311,-0.029297
40312,-0.029297
40313,-0.029297
40314,-0.035156
40315,-0.039062
40316,-0.029297
40317,-0.039062
40318,-0.025391
40319,-0.0039062
40320,0.0058594
40321,0.015625
40322,0.019531
40323,0.019531
40324,0.019531
40325,0.015625
40326,-0.019531
40327,-0.074219
40328,0.12109
40329,0.625
40330,1.1602
40331,1.5
40332,1.4941
40333,1.25
40334,0.96875
40335,0.71484
40336,0.50977
40337,0.26562
40338,0.044922
40339,-0.083984
40340,-0.16016
40341,-0.19336
40342,-0.21484
40343,-0.21875
40344,-0.22461
40345,-0.22461
40346,-0.22852
40347,-0.22852
40348,-0.22852
40349,-0.23438
40350,-0.24023
40351,-0.24414
40352,-0.25391
40353,-0.26367
40354,-0.28516
40355,-0.30469
40356,-0.33398
40357,-0.375
40358,-0.41992
40359,-0.47461
40360,-0.49805
40361,-0.49805
40362,-0.49805
40363,-0.49805
40364,-0.49805
40365,-0.49805
40366,-0.48438
40367,-0.39844
40368,-0.30859
40369,-0.24023
40370,-0.17969
40371,-0.12891
40372,-0.089844
40373,-0.058594
40374,-0.044922
40375,-0.029297
40376,-0.025391
40377,-0.019531
40378,-0.013672
40379,-0.013672
40380,-0.0097656
40381,-0.0097656
40382,-0.013672
40383,-0.0097656
40384,-0.013672
40385,-0.0097656
40386,-0.013672
40387,-0.0097656
40388,-0.013672
40389,-0.0039062
40390,-0.0039062
40391,-0.0039062
40392,-0.0039062
40393,-0.0097656
40394,0.0
40395,-0.0039062
40396,-0.0039062
40397,-0.0039062
40398,-0.0039062
40399,-0.0039062
40400,-0.0097656
40401,-0.0039062
40402,-0.0039062
40403,-0.013672
40404,-0.019531
40405,-0.025391
40406,-0.019531
40407,-0.025391
40408,-0.025391
40409,-0.035156
40410,-0.013672
40411,-0.0039062
40412,0.0097656
40413,0.019531
40414,0.019531
40415,0.019531
40416,0.025391
40417,0.019531
40418,-0.0039062
40419,-0.064453
40420,0.080078
40421,0.57422
40422,1.1094
40423,1.5
40424,1.5
40425,1.2637
40426,0.99414
40427,0.73438
40428,0.53516
40429,0.29102
40430,0.064453
40431,-0.074219
40432,-0.1543
40433,-0.17969
40434,-0.20508
40435,-0.21484
40436,-0.21875
40437,-0.21484
40438,-0.22461
40439,-0.22461
40440,-0.22852
40441,-0.22852
40442,-0.23438
40443,-0.24023
40444,-0.25
40445,-0.25977
40446,-0.28516
40447,-0.30859
40448,-0.33398
40449,-0.375
40450,-0.41992
40451,-0.47461
40452,-0.49805
40453,-0.49805
40454,-0.49805
40455,-0.49805
40456,-0.49805
40457,-0.49805
40458,-0.47852
40459,-0.38477
40460,-0.30859
40461,-0.22852
40462,-0.16992
40463,-0.125
40464,-0.080078
40465,-0.029297
40466,-0.019531
40467,-0.0097656
40468,0.0
40469,0.0097656
40470,0.019531
40471,0.015625
40472,0.0097656
40473,0.019531
40474,0.015625
40475,0.025391
40476,0.019531
40477,0.03125
40478,0.015625
40479,0.025391
40480,0.03125
40481,0.041016
40482,0.025391
40483,0.019531
40484,0.041016
40485,0.025391
40486,0.035156
40487,0.044922
40488,0.019531
40489,0.025391
40490,0.050781
40491,0.041016
40492,0.044922
40493,0.019531
40494,0.035156
40495,0.025391
40496,0.015625
40497,0.03125
40498,0.035156
40499,0.019531
40500,0.019531
40501,0.0097656
40502,0.03125
40503,0.035156
40504,0.050781
40505,0.044922
40506,0.060547
40507,0.044922
40508,0.044922
40509,0.044922
40510,0.0097656
40511,-0.054688
40512,0.16992
40513,0.74023
40514,1.3535
40515,1.5
40516,1.5
40517,1.3887
40518,1.0801
40519,0.78906
40520,0.55078
40521,0.28516
40522,0.060547
40523,-0.089844
40524,-0.16406
40525,-0.20898
40526,-0.23438
40527,-0.24023
40528,-0.25
40529,-0.25
40530,-0.25391
40531,-0.25977
40532,-0.26367
40533,-0.26953
40534,-0.2793
40535,-0.28516
40536,-0.29492
40537,-0.30469
40538,-0.33008
40539,-0.35352
40540,-0.38477
40541,-0.42969
40542,-0.47852
40543,-0.49805
40544,-0.49805
40545,-0.49805
40546,-0.49805
40547,-0.49805
40548,-0.49805
40549,-0.49805
40550,-0.49805
40551,-0.41992
40552,-0.33008
40553,-0.25
40554,-0.18359
40555,-0.13477
40556,-0.09375
40557,-0.064453
40558,-0.048828
40559,-0.029297
40560,-0.025391
40561,-0.019531
40562,-0.0097656
40563,-0.013672
40564,-0.0097656
40565,-0.0097656
40566,-0.013672
40567,-0.013672
40568,-0.013672
40569,-0.013672
40570,-0.013672
40571,-0.013672
40572,-0.019531
40573,-0.013672
40574,-0.013672
40575,-0.0097656
40576,-0.013672
40577,-0.0097656
40578,-0.0097656
40579,-0.0097656
40580,-0.0097656
40581,-0.0039062
40582,-0.0039062
40583,-0.0097656
40584,-0.0097656
40585,-0.0039062
40586,-0.0097656
40587,-0.0039062
40588,-0.0097656
40589,-0.0097656
40590,-0.0097656
40591,-0.013672
40592,-0.019531
40593,-0.019531
40594,-0.025391
40595,-0.013672
40596,-0.029297
40597,-0.019531
40598,0.0
40599,0.0097656
40600,0.019531
40601,0.019531
40602,0.019531
40603,0.025391
40604,0.03125
40605,0.0097656
40606,-0.035156
40607,-0.064453
40608,0.39062
40609,0.92383
40610,1.4199
40611,1.5
40612,1.3848
40613,1.1035
40614,0.83398
40615,0.61523
40616,0.39062
40617,0.14062
40618,-0.019531
40619,-0.12891
40620,-0.16992
40621,-0.19336
40622,-0.20898
40623,-0.21875
40624,-0.21875
40625,-0.22461
40626,-0.22461
40627,-0.22461
40628,-0.22852
40629,-0.22852
40630,-0.23438
40631,-0.24414
40632,-0.25391
40633,-0.26367
40634,-0.28906
40635,-0.30859
40636,-0.34961
40637,-0.38867
40638,-0.44336
40639,-0.48828
40640,-0.49805
40641,-0.49805
40642,-0.49805
40643,-0.49805
40644,-0.49805
40645,-0.49805
40646,-0.43359
40647,-0.34961
40648,-0.26953
40649,-0.19922
40650,-0.13867
40651,-0.099609
40652,-0.070312
40653,-0.044922
40654,-0.025391
40655,-0.019531
40656,-0.013672
40657,-0.0097656
40658,-0.0039062
40659,-0.0039062
40660,0.0
40661,0.0
40662,0.0
40663,0.0
40664,0.0
40665,-0.0039062
40666,-0.0097656
40667,-0.013672
40668,-0.0097656
40669,-0.013672
40670,-0.013672
40671,-0.013672
40672,-0.0097656
40673,-0.013672
40674,-0.013672
40675,-0.0097656
40676,-0.013672
40677,-0.013672
40678,-0.013672
40679,-0.013672
40680,-0.013672
40681,-0.019531
40682,-0.013672
40683,-0.0097656
40684,-0.025391
40685,-0.025391
40686,-0.029297
40687,-0.025391
40688,-0.035156
40689,-0.039062
40690,-0.019531
40691,0.0
40692,0.0097656
40693,0.019531
40694,0.019531
40695,0.025391
40696,0.019531
40697,0.019531
40698,-0.019531
40699,-0.070312
40700,0.20117
40701,0.73047
40702,1.2539
40703,1.5
40704,1.4648
40705,1.1992
40706,0.92969
40707,0.68945
40708,0.47461
40709,0.2207
40710,0.025391
40711,-0.099609
40712,-0.14844
40713,-0.18359
40714,-0.20508
40715,-0.20898
40716,-0.20508
40717,-0.21484
40718,-0.21484
40719,-0.21875
40720,-0.22461
40721,-0.22461
40722,-0.22852
40723,-0.24023
40724,-0.25
40725,-0.25977
40726,-0.2793
40727,-0.29883
40728,-0.33398
40729,-0.375
40730,-0.42383
40731,-0.47852
40732,-0.49805
40733,-0.49805
40734,-0.49805
40735,-0.49805
40736,-0.49805
40737,-0.49805
40738,-0.45312
40739,-0.36914
40740,-0.28516
40741,-0.20508
40742,-0.14844
40743,-0.099609
40744,-0.070312
40745,-0.044922
40746,-0.025391
40747,0.0
40748,0.0
40749,0.0058594
40750,0.0097656
40751,0.0
40752,0.0097656
40753,0.025391
40754,0.0
40755,-0.0039062
40756,0.015625
40757,0.015625
40758,0.0097656
40759,0.019531
40760,0.025391
40761,0.015625
40762,0.019531
40763,0.015625
40764,0.025391
40765,0.019531
40766,0.035156
40767,0.019531
40768,0.025391
40769,0.03125
40770,0.025391
40771,0.035156
40772,0.03125
40773,0.041016
40774,0.035156
40775,0.03125
40776,0.03125
40777,0.025391
40778,0.041016
40779,0.03125
40780,0.019531
40781,0.03125
40782,0.025391
40783,0.054688
40784,0.054688
40785,0.076172
40786,0.070312
40787,0.089844
40788,0.064453
40789,0.076172
40790,0.025391
40791,-0.019531
40792,0.11523
40793,0.64062
40794,1.2598
40795,1.5
40796,1.5
40797,1.4688
40798,1.1484
40799,0.84961
40800,0.60938
40801,0.3457
40802,0.10547
40803,-0.048828
40804,-0.13867
40805,-0.18359
40806,-0.21484
40807,-0.22852
40808,-0.22852
40809,-0.23438
40810,-0.22852
40811,-0.24414
40812,-0.24023
40813,-0.25
40814,-0.24414
40815,-0.25391
40816,-0.25977
40817,-0.28516
40818,-0.29883
40819,-0.32422
40820,-0.35938
40821,-0.39844
40822,-0.44922
40823,-0.49805
40824,-0.49805
40825,-0.49805
40826,-0.49805
40827,-0.49805
40828,-0.49805
40829,-0.49805
40830,-0.49805
40831,-0.43359
40832,-0.34375
40833,-0.25391
40834,-0.18945
40835,-0.13867
40836,-0.099609
40837,-0.070312
40838,-0.048828
40839,-0.025391
40840,-0.025391
40841,-0.013672
40842,-0.013672
40843,-0.013672
40844,-0.013672
40845,-0.019531
40846,-0.013672
40847,-0.019531
40848,-0.025391
40849,-0.025391
40850,-0.025391
40851,-0.019531
40852,-0.019531
40853,-0.019531
40854,-0.019531
40855,-0.025391
40856,-0.019531
40857,-0.019531
40858,-0.019531
40859,-0.019531
40860,-0.013672
40861,-0.019531
40862,-0.013672
40863,-0.019531
40864,-0.013672
40865,-0.019531
40866,-0.013672
40867,-0.019531
40868,-0.013672
40869,-0.019531
40870,-0.025391
40871,-0.025391
40872,-0.025391
40873,-0.035156
40874,-0.025391
40875,-0.039062
40876,-0.044922
40877,-0.019531
40878,-0.0097656
40879,0.0058594
40880,0.015625
40881,0.015625
40882,0.015625
40883,0.015625
40884,0.019531
40885,-0.019531
40886,-0.074219
40887,0.15625
40888,0.67578
40889,1.209
40890,1.5
40891,1.4785
40892,1.2285
40893,0.95898
40894,0.69922
40895,0.49414
40896,0.24609
40897,0.035156
40898,-0.099609
40899,-0.16406
40900,-0.19336
40901,-0.21484
40902,-0.22461
40903,-0.22852
40904,-0.23438
40905,-0.23438
40906,-0.23438
40907,-0.24023
40908,-0.24023
40909,-0.25
40910,-0.25391
40911,-0.25977
40912,-0.26953
40913,-0.28906
40914,-0.30859
40915,-0.33984
40916,-0.37891
40917,-0.43359
40918,-0.48438
40919,-0.49805
40920,-0.49805
40921,-0.49805
40922,-0.49805
40923,-0.49805
40924,-0.49805
40925,-0.48438
40926,-0.39453
40927,-0.31445
40928,-0.23438
40929,-0.17969
40930,-0.125
40931,-0.083984
40932,-0.058594
40933,-0.039062
40934,-0.035156
40935,-0.025391
40936,-0.019531
40937,-0.0097656
40938,-0.0039062
40939,0.0
40940,-0.0039062
40941,-0.0039062
40942,0.0
40943,-0.0039062
40944,0.0
40945,-0.0039062
40946,-0.0097656
40947,-0.013672
40948,-0.013672
40949,-0.0097656
40950,-0.0097656
40951,-0.0097656
40952,-0.013672
40953,-0.0097656
40954,-0.013672
40955,-0.013672
40956,-0.0097656
40957,-0.013672
40958,-0.013672
40959,-0.013672
40960,-0.0097656
40961,-0.019531
40962,-0.019531
40963,-0.025391
40964,-0.019531
40965,-0.035156
40966,-0.025391
40967,-0.035156
40968,-0.039062
40969,-0.019531
40970,-0.0039062
40971,0.0097656
40972,0.019531
40973,0.019531
40974,0.025391
40975,0.025391
40976,0.019531
40977,-0.019531
40978,-0.074219
40979,0.17578
40980,0.69531
40981,1.2246
40982,1.5
40983,1.4688
40984,1.2051
40985,0.94531
40986,0.69531
40987,0.48438
40988,0.23438
40989,0.03125
40990,-0.09375
40991,-0.16016
40992,-0.18945
40993,-0.20508
40994,-0.20898
40995,-0.21484
40996,-0.22461
40997,-0.22852
40998,-0.22852
40999,-0.22852
41000,-0.23438
41001,-0.24023
41002,-0.24414
41003,-0.25
41004,-0.26367
41005,-0.2793
41006,-0.29883
41007,-0.33398
41008,-0.375
41009,-0.42383
41010,-0.46875
41011,-0.49805
41012,-0.49805
41013,-0.49805
41014,-0.49805
41015,-0.49805
41016,-0.49805
41017,-0.45898
41018,-0.35938
41019,-0.27344
41020,-0.21484
41021,-0.13867
41022,-0.089844
41023,-0.044922
41024,-0.029297
41025,0.0
41026,-0.0039062
41027,0.019531
41028,0.035156
41029,0.019531
41030,0.015625
41031,0.044922
41032,0.041016
41033,0.025391
41034,0.025391
41035,0.035156
41036,0.044922
41037,0.025391
41038,0.03125
41039,0.025391
41040,0.044922
41041,0.03125
41042,0.035156
41043,0.044922
41044,0.025391
41045,0.041016
41046,0.03125
41047,0.035156
41048,0.019531
41049,0.03125
41050,0.041016
41051,0.035156
41052,0.025391
41053,0.03125
41054,0.025391
41055,0.019531
41056,0.019531
41057,0.0097656
41058,0.015625
41059,0.0097656
41060,0.0058594
41061,0.025391
41062,0.035156
41063,0.041016
41064,0.050781
41065,0.050781
41066,0.044922
41067,0.044922
41068,0.041016
41069,-0.0097656
41070,-0.044922
41071,0.32031
41072,0.9043
41073,1.4648
41074,1.5
41075,1.5
41076,1.2539
41077,0.95508
41078,0.69922
41079,0.46484
41080,0.21094
41081,0.015625
41082,-0.10938
41083,-0.16992
41084,-0.21875
41085,-0.23438
41086,-0.24414
41087,-0.25
41088,-0.25391
41089,-0.25
41090,-0.25977
41091,-0.25977
41092,-0.26953
41093,-0.26953
41094,-0.28516
41095,-0.28906
41096,-0.30469
41097,-0.32422
41098,-0.34961
41099,-0.38867
41100,-0.42969
41101,-0.48828
41102,-0.49805
41103,-0.49805
41104,-0.49805
41105,-0.49805
41106,-0.49805
41107,-0.49805
41108,-0.49805
41109,-0.47461
41110,-0.37891
41111,-0.29492
41112,-0.21875
41113,-0.16016
41114,-0.11523
41115,-0.080078
41116,-0.048828
41117,-0.035156
41118,-0.025391
41119,-0.019531
41120,-0.0097656
41121,-0.0039062
41122,-0.0039062
41123,0.0
41124,-0.0039062
41125,0.0
41126,-0.0097656
41127,-0.013672
41128,-0.013672
41129,-0.013672
41130,-0.019531
41131,-0.013672
41132,-0.019531
41133,-0.013672
41134,-0.0097656
41135,-0.013672
41136,-0.019531
41137,-0.0097656
41138,-0.013672
41139,-0.0097656
41140,-0.013672
41141,-0.0097656
41142,-0.0097656
41143,-0.0097656
41144,-0.0097656
41145,-0.0097656
41146,-0.0039062
41147,-0.013672
41148,-0.013672
41149,-0.019531
41150,-0.019531
41151,-0.025391
41152,-0.019531
41153,-0.025391
41154,-0.025391
41155,-0.0039062
41156,0.0058594
41157,0.019531
41158,0.025391
41159,0.025391
41160,0.035156
41161,0.025391
41162,0.03125
41163,-0.0097656
41164,-0.064453
41165,0.125
41166,0.64453
41167,1.1738
41168,1.5
41169,1.498
41170,1.25
41171,0.96875
41172,0.72461
41173,0.51562
41174,0.26562
41175,0.044922
41176,-0.083984
41177,-0.14844
41178,-0.18945
41179,-0.21484
41180,-0.21484
41181,-0.21484
41182,-0.21875
41183,-0.22852
41184,-0.23438
41185,-0.22852
41186,-0.23438
41187,-0.23438
41188,-0.24414
41189,-0.24414
41190,-0.25977
41191,-0.27344
41192,-0.29883
41193,-0.33008
41194,-0.36914
41195,-0.41992
41196,-0.46875
41197,-0.49805
41198,-0.49805
41199,-0.49805
41200,-0.49805
41201,-0.49805
41202,-0.49805
41203,-0.47461
41204,-0.38867
41205,-0.29883
41206,-0.22461
41207,-0.16406
41208,-0.11523
41209,-0.080078
41210,-0.048828
41211,-0.035156
41212,-0.019531
41213,-0.013672
41214,-0.0039062
41215,-0.0039062
41216,0.0
41217,0.0
41218,0.0
41219,0.0
41220,0.0058594
41221,0.0
41222,0.0
41223,0.0
41224,0.0
41225,-0.0039062
41226,0.0
41227,0.0
41228,0.0
41229,-0.0039062
41230,-0.0039062
41231,0.0
41232,-0.0039062
41233,0.0
41234,0.0
41235,0.0
41236,0.0
41237,0.0
41238,-0.0097656
41239,-0.0039062
41240,-0.013672
41241,-0.019531
41242,-0.013672
41243,-0.0097656
41244,-0.019531
41245,-0.025391
41246,-0.025391
41247,-0.0097656
41248,0.0
41249,0.015625
41250,0.025391
41251,0.03125
41252,0.035156
41253,0.03125
41254,0.025391
41255,0.0058594
41256,-0.058594
41257,-0.064453
41258,0.50586
41259,1.0449
41260,1.498
41261,1.5
41262,1.3086
41263,1.0293
41264,0.76953
41265,0.56445
41266,0.32422
41267,0.089844
41268,-0.058594
41269,-0.13867
41270,-0.16992
41271,-0.19922
41272,-0.20508
41273,-0.21484
41274,-0.21484
41275,-0.21484
41276,-0.21875
41277,-0.22461
41278,-0.22852
41279,-0.23438
41280,-0.24023
41281,-0.25
41282,-0.25977
41283,-0.27344
41284,-0.29492
41285,-0.31445
41286,-0.35938
41287,-0.4043
41288,-0.44922
41289,-0.49805
41290,-0.49805
41291,-0.49805
41292,-0.49805
41293,-0.49805
41294,-0.49805
41295,-0.48438
41296,-0.4043
41297,-0.31836
41298,-0.21875
41299,-0.16406
41300,-0.10938
41301,-0.058594
41302,-0.029297
41303,0.0058594
41304,0.0
41305,0.0058594
41306,0.019531
41307,0.025391
41308,0.041016
41309,0.019531
41310,0.041016
41311,0.035156
41312,0.019531
41313,0.03125
41314,0.044922
41315,0.03125
41316,0.044922
41317,0.025391
41318,0.03125
41319,0.019531
41320,0.044922
41321,0.019531
41322,0.025391
41323,0.044922
41324,0.03125
41325,0.025391
41326,0.041016
41327,0.03125
41328,0.03125
41329,0.019531
41330,0.03125
41331,0.035156
41332,0.019531
41333,0.0097656
41334,0.019531
41335,0.019531
41336,0.0
41337,-0.0039062
41338,0.0097656
41339,0.03125
41340,0.035156
41341,0.044922
41342,0.054688
41343,0.044922
41344,0.041016
41345,0.044922
41346,0.015625
41347,-0.044922
41348,-0.048828
41349,0.57422
41350,1.1895
41351,1.5
41352,1.5
41353,1.4434
41354,1.1348
41355,0.83398
41356,0.60547
41357,0.3457
41358,0.11133
41359,-0.054688
41360,-0.1543
41361,-0.19922
41362,-0.22852
41363,-0.24414
41364,-0.25
41365,-0.25
41366,-0.25391
41367,-0.25977
41368,-0.25977
41369,-0.26367
41370,-0.26953
41371,-0.28516
41372,-0.28906
41373,-0.30469
41374,-0.31836
41375,-0.34375
41376,-0.375
41377,-0.41406
41378,-0.46484
41379,-0.49805
41380,-0.49805
41381,-0.49805
41382,-0.49805
41383,-0.49805
41384,-0.49805
41385,-0.49805
41386,-0.49805
41387,-0.43945
41388,-0.34961
41389,-0.26367
41390,-0.19922
41391,-0.13867
41392,-0.099609
41393,-0.064453
41394,-0.044922
41395,-0.035156
41396,-0.025391
41397,-0.013672
41398,-0.013672
41399,-0.0097656
41400,-0.0097656
41401,-0.013672
41402,-0.013672
41403,-0.013672
41404,-0.013672
41405,-0.019531
41406,-0.013672
41407,-0.019531
41408,-0.013672
41409,-0.019531
41410,-0.0097656
41411,-0.013672
41412,-0.0097656
41413,-0.013672
41414,-0.0097656
41415,-0.013672
41416,-0.0097656
41417,-0.0097656
41418,-0.0097656
41419,-0.0039062
41420,-0.0097656
41421,-0.0039062
41422,-0.0097656
41423,-0.0039062
41424,-0.013672
41425,-0.013672
41426,-0.019531
41427,-0.025391
41428,-0.019531
41429,-0.025391
41430,-0.019531
41431,-0.029297
41432,-0.035156
41433,-0.0097656
41434,0.0
41435,0.015625
41436,0.019531
41437,0.019531
41438,0.025391
41439,0.019531
41440,0.015625
41441,-0.025391
41442,-0.070312
41443,0.22461
41444,0.75
41445,1.2734
41446,1.5
41447,1.459
41448,1.1934
41449,0.91992
41450,0.67578
41451,0.46484
41452,0.21484
41453,0.019531
41454,-0.10352
41455,-0.16406
41456,-0.19336
41457,-0.20898
41458,-0.21484
41459,-0.21875
41460,-0.21875
41461,-0.22852
41462,-0.22461
41463,-0.22852
41464,-0.23438
41465,-0.24023
41466,-0.24414
41467,-0.25391
41468,-0.26367
41469,-0.28906
41470,-0.30859
41471,-0.33984
41472,-0.37891
41473,-0.42969
41474,-0.48828
41475,-0.49805
41476,-0.49805
41477,-0.49805
41478,-0.49805
41479,-0.49805
41480,-0.49805
41481,-0.45898
41482,-0.375
41483,-0.28906
41484,-0.21875
41485,-0.1543
41486,-0.11523
41487,-0.074219
41488,-0.054688
41489,-0.035156
41490,-0.019531
41491,-0.0097656
41492,-0.0039062
41493,0.0
41494,0.0
41495,0.0
41496,-0.0039062
41497,0.0
41498,-0.0039062
41499,-0.0097656
41500,-0.0039062
41501,-0.0097656
41502,-0.0097656
41503,-0.0039062
41504,0.0
41505,-0.0039062
41506,-0.0039062
41507,-0.0039062
41508,-0.0039062
41509,-0.0097656
41510,-0.0039062
41511,-0.0097656
41512,-0.0039062
41513,-0.0039062
41514,-0.0039062
41515,-0.0039062
41516,-0.0097656
41517,-0.019531
41518,-0.013672
41519,-0.019531
41520,-0.019531
41521,-0.025391
41522,-0.019531
41523,-0.029297
41524,-0.025391
41525,-0.0039062
41526,0.0
41527,0.019531
41528,0.019531
41529,0.025391
41530,0.025391
41531,0.03125
41532,0.015625
41533,-0.019531
41534,-0.070312
41535,0.20117
41536,0.73047
41537,1.2637
41538,1.5
41539,1.4688
41540,1.1992
41541,0.92383
41542,0.68945
41543,0.48047
41544,0.2207
41545,0.025391
41546,-0.09375
41547,-0.16016
41548,-0.18945
41549,-0.20508
41550,-0.21484
41551,-0.21484
41552,-0.22461
41553,-0.22461
41554,-0.21875
41555,-0.23438
41556,-0.23438
41557,-0.24023
41558,-0.25
41559,-0.25977
41560,-0.26953
41561,-0.28906
41562,-0.30859
41563,-0.34375
41564,-0.38867
41565,-0.43945
41566,-0.48828
41567,-0.49805
41568,-0.49805
41569,-0.49805
41570,-0.49805
41571,-0.49805
41572,-0.49805
41573,-0.45898
41574,-0.36914
41575,-0.28906
41576,-0.21875
41577,-0.1543
41578,-0.10938
41579,-0.070312
41580,-0.048828
41581,-0.029297
41582,-0.019531
41583,-0.0039062
41584,-0.0039062
41585,0.0
41586,0.0
41587,0.0
41588,0.0
41589,0.0
41590,0.0058594
41591,0.0097656
41592,0.0
41593,0.015625
41594,-0.0097656
41595,-0.0039062
41596,-0.0097656
41597,0.0097656
41598,0.0058594
41599,0.0
41600,0.0097656
41601,0.0
41602,0.0
41603,0.015625
41604,0.025391
41605,0.0097656
41606,0.019531
41607,0.0097656
41608,0.019531
41609,0.0097656
41610,0.019531
41611,0.025391
41612,0.019531
41613,0.015625
41614,0.025391
41615,0.0097656
41616,0.015625
41617,0.03125
41618,0.050781
41619,0.064453
41620,0.076172
41621,0.064453
41622,0.070312
41623,0.076172
41624,0.064453
41625,0.070312
41626,-0.019531
41627,0.16602
41628,0.70508
41629,1.3398
41630,1.5
41631,1.5
41632,1.4199
41633,1.125
41634,0.83008
41635,0.58008
41636,0.31445
41637,0.095703
41638,-0.058594
41639,-0.13867
41640,-0.19336
41641,-0.21875
41642,-0.23438
41643,-0.23438
41644,-0.23438
41645,-0.22852
41646,-0.23438
41647,-0.24023
41648,-0.24414
41649,-0.25
41650,-0.25391
41651,-0.26367
41652,-0.27344
41653,-0.29492
41654,-0.31836
41655,-0.35938
41656,-0.39844
41657,-0.45312
41658,-0.49805
41659,-0.49805
41660,-0.49805
41661,-0.49805
41662,-0.49805
41663,-0.49805
41664,-0.49805
41665,-0.49805
41666,-0.4043
41667,-0.31445
41668,-0.22852
41669,-0.16992
41670,-0.11914
41671,-0.080078
41672,-0.054688
41673,-0.035156
41674,-0.019531
41675,-0.013672
41676,-0.0097656
41677,-0.0097656
41678,-0.013672
41679,-0.0097656
41680,-0.019531
41681,-0.013672
41682,-0.019531
41683,-0.019531
41684,-0.025391
41685,-0.025391
41686,-0.025391
41687,-0.019531
41688,-0.019531
41689,-0.019531
41690,-0.019531
41691,-0.019531
41692,-0.019531
41693,-0.019531
41694,-0.019531
41695,-0.019531
41696,-0.013672
41697,-0.019531
41698,-0.013672
41699,-0.019531
41700,-0.013672
41701,-0.019531
41702,-0.025391
41703,-0.019531
41704,-0.025391
41705,-0.029297
41706,-0.025391
41707,-0.025391
41708,-0.029297
41709,-0.025391
41710,-0.029297
41711,-0.025391
41712,-0.0039062
41713,0.0058594
41714,0.015625
41715,0.019531
41716,0.015625
41717,0.015625
41718,0.015625
41719,-0.019531
41720,-0.074219
41721,0.15039
41722,0.67969
41723,1.2188
41724,1.5
41725,1.498
41726,1.2402
41727,0.96875
41728,0.70898
41729,0.5
41730,0.24609
41731,0.041016
41732,-0.09375
41733,-0.16406
41734,-0.19336
41735,-0.21875
41736,-0.22852
41737,-0.22461
41738,-0.22852
41739,-0.23438
41740,-0.23438
41741,-0.23438
41742,-0.23438
41743,-0.24414
41744,-0.25
41745,-0.25977
41746,-0.26953
41747,-0.28516
41748,-0.30859
41749,-0.33984
41750,-0.37891
41751,-0.42969
41752,-0.47852
41753,-0.49805
41754,-0.49805
41755,-0.49805
41756,-0.49805
41757,-0.49805
41758,-0.49805
41759,-0.47852
41760,-0.38867
41761,-0.30469
41762,-0.22461
41763,-0.16406
41764,-0.11523
41765,-0.080078
41766,-0.054688
41767,-0.035156
41768,-0.025391
41769,-0.0097656
41770,-0.0097656
41771,0.0
41772,0.0
41773,0.0
41774,0.0
41775,0.0
41776,0.0
41777,0.0
41778,-0.0039062
41779,0.0
41780,-0.0039062
41781,0.0
41782,-0.0039062
41783,0.0
41784,0.0
41785,-0.0039062
41786,-0.0039062
41787,0.0
41788,-0.0039062
41789,0.0
41790,0.0
41791,0.0
41792,0.0
41793,0.0
41794,-0.0097656
41795,-0.0097656
41796,-0.013672
41797,-0.013672
41798,-0.013672
41799,-0.019531
41800,-0.025391
41801,-0.019531
41802,-0.029297
41803,-0.019531
41804,-0.0039062
41805,0.0
41806,0.019531
41807,0.019531
41808,0.025391
41809,0.019531
41810,0.019531
41811,0.0097656
41812,-0.035156
41813,-0.064453
41814,0.3457
41815,0.875
41816,1.3848
41817,1.5
41818,1.4082
41819,1.1289
41820,0.85938
41821,0.63477
41822,0.4043
41823,0.16016
41824,-0.013672
41825,-0.125
41826,-0.16992
41827,-0.19922
41828,-0.20898
41829,-0.21484
41830,-0.21484
41831,-0.22461
41832,-0.22852
41833,-0.22461
41834,-0.22852
41835,-0.22852
41836,-0.23438
41837,-0.24414
41838,-0.25977
41839,-0.26953
41840,-0.28906
41841,-0.31445
41842,-0.34961
41843,-0.39453
41844,-0.44922
41845,-0.49805
41846,-0.49805
41847,-0.49805
41848,-0.49805
41849,-0.49805
41850,-0.49805
41851,-0.49805
41852,-0.43945
41853,-0.34375
41854,-0.26367
41855,-0.19336
41856,-0.13867
41857,-0.09375
41858,-0.058594
41859,-0.039062
41860,-0.025391
41861,-0.013672
41862,0.0
41863,0.0
41864,0.0
41865,0.0
41866,0.0
41867,0.0
41868,0.0
41869,0.0
41870,0.0
41871,-0.0039062
41872,-0.0039062
41873,-0.0097656
41874,-0.0039062
41875,-0.0039062
41876,0.0
41877,-0.0039062
41878,-0.0039062
41879,-0.0039062
41880,-0.0039062
41881,-0.0039062
41882,-0.0039062
41883,-0.0039062
41884,-0.0039062
41885,-0.0039062
41886,-0.0039062
41887,-0.0097656
41888,-0.013672
41889,-0.0097656
41890,-0.019531
41891,-0.013672
41892,-0.019531
41893,-0.025391
41894,-0.013672
41895,-0.025391
41896,-0.0097656
41897,0.0
41898,0.015625
41899,0.019531
41900,0.025391
41901,0.03125
41902,0.035156
41903,0.025391
41904,0.0
41905,-0.058594
41906,0.044922
41907,0.52539
41908,1.0645
41909,1.5
41910,1.5
41911,1.2988
41912,1.0293
41913,0.77539
41914,0.56055
41915,0.32422
41916,0.095703
41917,-0.064453
41918,-0.14453
41919,-0.16992
41920,-0.19336
41921,-0.21484
41922,-0.20898
41923,-0.21484
41924,-0.22852
41925,-0.23438
41926,-0.21484
41927,-0.21875
41928,-0.22852
41929,-0.23438
41930,-0.24414
41931,-0.24023
41932,-0.25977
41933,-0.28906
41934,-0.31445
41935,-0.35352
41936,-0.375
41937,-0.45312
41938,-0.49805
41939,-0.49805
41940,-0.49805
41941,-0.49805
41942,-0.49805
41943,-0.49805
41944,-0.47852
41945,-0.375
41946,-0.28516
41947,-0.19336
41948,-0.13477
41949,-0.080078
41950,-0.044922
41951,-0.025391
41952,0.015625
41953,0.041016
41954,0.019531
41955,0.025391
41956,0.041016
41957,0.025391
41958,0.041016
41959,0.044922
41960,0.050781
41961,0.025391
41962,0.015625
41963,0.025391
41964,0.025391
41965,0.025391
41966,0.019531
41967,0.025391
41968,0.019531
41969,0.019531
41970,0.019531
41971,0.015625
41972,0.019531
41973,0.015625
41974,0.015625
41975,0.019531
41976,0.015625
41977,0.0097656
41978,0.015625
41979,0.0097656
41980,0.015625
41981,0.0
41982,0.0058594
41983,0.0
41984,0.0
41985,-0.013672
41986,-0.019531
41987,0.0
41988,0.0058594
41989,0.019531
41990,0.019531
41991,0.025391
41992,0.019531
41993,0.025391
41994,0.019531
41995,-0.0039062
41996,-0.074219
41997,0.070312
41998,0.59961
41999,1.1797
42000,1.5
42001,1.5
42002,1.3594
42003,1.0586
42004,0.7793
42005,0.56055
42006,0.31445
42007,0.076172
42008,-0.070312
42009,-0.16406
42010,-0.20898
42011,-0.24414
42012,-0.25
42013,-0.25391
42014,-0.25391
42015,-0.25977
42016,-0.25977
42017,-0.25977
42018,-0.25977
42019,-0.26367
42020,-0.26953
42021,-0.28516
42022,-0.29492
42023,-0.30859
42024,-0.33398
42025,-0.36914
42026,-0.4082
42027,-0.45898
42028,-0.49805
42029,-0.49805
42030,-0.49805
42031,-0.49805
42032,-0.49805
42033,-0.49805
42034,-0.49805
42035,-0.49805
42036,-0.42383
42037,-0.33008
42038,-0.25
42039,-0.18945
42040,-0.13867
42041,-0.09375
42042,-0.074219
42043,-0.048828
42044,-0.039062
42045,-0.035156
42046,-0.025391
42047,-0.025391
42048,-0.025391
42049,-0.019531
42050,-0.013672
42051,-0.019531
42052,-0.013672
42053,-0.019531
42054,-0.013672
42055,-0.013672
42056,-0.013672
42057,-0.013672
42058,-0.013672
42059,-0.013672
42060,-0.013672
42061,-0.0097656
42062,-0.0097656
42063,-0.0097656
42064,-0.0039062
42065,-0.0039062
42066,0.0
42067,-0.0039062
42068,0.0
42069,-0.0039062
42070,-0.0039062
42071,-0.0039062
42072,-0.0097656
42073,0.0
42074,-0.013672
42075,-0.019531
42076,-0.013672
42077,-0.019531
42078,-0.013672
42079,-0.025391
42080,-0.019531
42081,-0.0039062
42082,0.0
42083,0.0097656
42084,0.019531
42085,0.019531
42086,0.025391
42087,0.019531
42088,0.015625
42089,-0.019531
42090,-0.070312
42091,0.24023
42092,0.76562
42093,1.2891
42094,1.5
42095,1.4531
42096,1.1836
42097,0.91992
42098,0.67578
42099,0.46094
42100,0.21094
42101,0.0097656
42102,-0.10938
42103,-0.16406
42104,-0.19336
42105,-0.21484
42106,-0.21875
42107,-0.22461
42108,-0.22461
42109,-0.22852
42110,-0.22852
42111,-0.23438
42112,-0.23438
42113,-0.23438
42114,-0.24023
42115,-0.25391
42116,-0.26367
42117,-0.28906
42118,-0.30859
42119,-0.34375
42120,-0.38867
42121,-0.43945
42122,-0.48828
42123,-0.49805
42124,-0.49805
42125,-0.49805
42126,-0.49805
42127,-0.49805
42128,-0.49805
42129,-0.45898
42130,-0.36914
42131,-0.28516
42132,-0.21484
42133,-0.16016
42134,-0.10352
42135,-0.070312
42136,-0.048828
42137,-0.029297
42138,-0.019531
42139,-0.0097656
42140,0.0
42141,0.0
42142,0.0
42143,0.0058594
42144,0.0
42145,0.0
42146,-0.0039062
42147,0.0
42148,-0.0039062
42149,-0.0039062
42150,-0.0039062
42151,0.0
42152,0.0
42153,-0.0039062
42154,-0.0039062
42155,-0.0039062
42156,-0.0039062
42157,-0.0039062
42158,0.0
42159,0.0
42160,0.0
42161,0.0
42162,-0.0039062
42163,-0.0039062
42164,-0.0097656
42165,-0.013672
42166,-0.013672
42167,-0.019531
42168,-0.019531
42169,-0.013672
42170,-0.019531
42171,-0.019531
42172,-0.029297
42173,-0.025391
42174,-0.0039062
42175,0.0097656
42176,0.019531
42177,0.03125
42178,0.025391
42179,0.03125
42180,0.025391
42181,0.019531
42182,-0.029297
42183,-0.058594
42184,0.27539
42185,0.81445
42186,1.3301
42187,1.5
42188,1.4336
42189,1.1602
42190,0.88867
42191,0.66406
42192,0.43945
42193,0.18945
42194,0.0
42195,-0.10938
42196,-0.16406
42197,-0.18945
42198,-0.21484
42199,-0.21484
42200,-0.21875
42201,-0.22461
42202,-0.21875
42203,-0.22461
42204,-0.23438
42205,-0.22852
42206,-0.24023
42207,-0.24414
42208,-0.25977
42209,-0.27344
42210,-0.28906
42211,-0.31445
42212,-0.34961
42213,-0.38867
42214,-0.43945
42215,-0.49414
42216,-0.49805
42217,-0.49805
42218,-0.49805
42219,-0.49805
42220,-0.49805
42221,-0.49805
42222,-0.44336
42223,-0.35352
42224,-0.27344
42225,-0.20508
42226,-0.14453
42227,-0.099609
42228,-0.058594
42229,-0.039062
42230,-0.025391
42231,-0.0039062
42232,0.0
42233,0.0
42234,0.0
42235,0.0
42236,0.0
42237,0.0
42238,0.0
42239,0.0
42240,0.0
42241,0.0
42242,0.0
42243,-0.0039062
42244,-0.0039062
42245,-0.0097656
42246,-0.0039062
42247,0.0
42248,0.0
42249,-0.0039062
42250,0.0
42251,-0.013672
42252,0.0
42253,0.0
42254,0.0
42255,-0.0039062
42256,0.0
42257,-0.013672
42258,-0.0039062
42259,0.0058594
42260,-0.0097656
42261,-0.025391
42262,0.015625
42263,-0.0039062
42264,-0.0039062
42265,0.0
42266,0.015625
42267,0.03125
42268,0.019531
42269,0.044922
42270,0.054688
42271,0.064453
42272,0.044922
42273,0.054688
42274,0.025391
42275,-0.035156
42276,0.125
42277,0.64453
42278,1.2637
42279,1.5
42280,1.5
42281,1.4395
42282,1.1543
42283,0.83008
42284,0.60547
42285,0.34961
42286,0.099609
42287,-0.039062
42288,-0.14453
42289,-0.18359
42290,-0.20898
42291,-0.20898
42292,-0.21484
42293,-0.22461
42294,-0.22852
42295,-0.23438
42296,-0.23438
42297,-0.23438
42298,-0.25
42299,-0.25391
42300,-0.24023
42301,-0.2793
42302,-0.29492
42303,-0.31836
42304,-0.34961
42305,-0.38867
42306,-0.44922
42307,-0.49805
42308,-0.49805
42309,-0.49805
42310,-0.49805
42311,-0.49805
42312,-0.49805
42313,-0.49805
42314,-0.49805
42315,-0.41406
42316,-0.31445
42317,-0.22852
42318,-0.16016
42319,-0.10938
42320,-0.070312
42321,-0.039062
42322,-0.025391
42323,-0.013672
42324,0.0
42325,0.0
42326,0.0058594
42327,-0.0039062
42328,-0.0039062
42329,0.0
42330,-0.013672
42331,-0.0097656
42332,-0.019531
42333,-0.019531
42334,-0.025391
42335,-0.019531
42336,-0.025391
42337,-0.025391
42338,-0.025391
42339,-0.025391
42340,-0.025391
42341,-0.025391
42342,-0.025391
42343,-0.025391
42344,-0.025391
42345,-0.029297
42346,-0.029297
42347,-0.025391
42348,-0.029297
42349,-0.029297
42350,-0.025391
42351,-0.029297
42352,-0.029297
42353,-0.039062
42354,-0.039062
42355,-0.039062
42356,-0.039062
42357,-0.029297
42358,-0.039062
42359,-0.035156
42360,-0.025391
42361,-0.013672
42362,0.0
42363,0.0058594
42364,0.015625
42365,0.0058594
42366,0.0097656
42367,-0.0039062
42368,-0.044922
42369,-0.080078
42370,0.28516
42371,0.82422
42372,1.3496
42373,1.5
42374,1.4395
42375,1.1641
42376,0.89453
42377,0.65039
42378,0.42578
42379,0.17969
42380,-0.0097656
42381,-0.125
42382,-0.17969
42383,-0.21484
42384,-0.23438
42385,-0.23438
42386,-0.23438
42387,-0.24023
42388,-0.24023
42389,-0.24023
42390,-0.25
42391,-0.25391
42392,-0.25977
42393,-0.26367
42394,-0.27344
42395,-0.28516
42396,-0.30859
42397,-0.33008
42398,-0.35938
42399,-0.4043
42400,-0.45898
42401,-0.49805
42402,-0.49805
42403,-0.49805
42404,-0.49805
42405,-0.49805
42406,-0.49805
42407,-0.49805
42408,-0.46484
42409,-0.375
42410,-0.28906
42411,-0.21875
42412,-0.16016
42413,-0.11523
42414,-0.074219
42415,-0.048828
42416,-0.029297
42417,-0.025391
42418,-0.013672
42419,-0.013672
42420,-0.0097656
42421,-0.0039062
42422,0.0
42423,-0.0039062
42424,-0.0039062
42425,-0.0097656
42426,-0.0097656
42427,-0.0039062
42428,-0.0097656
42429,-0.0039062
42430,-0.013672
42431,-0.0097656
42432,-0.013672
42433,-0.0097656
42434,-0.013672
42435,-0.0097656
42436,-0.0097656
42437,-0.0097656
42438,-0.013672
42439,-0.0097656
42440,-0.0039062
42441,-0.0097656
42442,-0.0097656
42443,-0.0039062
42444,-0.0097656
42445,-0.013672
42446,-0.025391
42447,-0.025391
42448,-0.025391
42449,-0.025391
42450,-0.025391
42451,-0.029297
42452,-0.025391
42453,-0.0039062
42454,0.0
42455,0.015625
42456,0.019531
42457,0.019531
42458,0.019531
42459,0.019531
42460,0.015625
42461,-0.035156
42462,-0.064453
42463,0.27539
42464,0.81445
42465,1.3301
42466,1.5
42467,1.4297
42468,1.1602
42469,0.88867
42470,0.6543
42471,0.43555
42472,0.17969
42473,-0.0097656
42474,-0.11914
42475,-0.17383
42476,-0.20508
42477,-0.21875
42478,-0.21875
42479,-0.22461
42480,-0.22852
42481,-0.22461
42482,-0.22852
42483,-0.23438
42484,-0.23438
42485,-0.24023
42486,-0.25391
42487,-0.25977
42488,-0.2793
42489,-0.29492
42490,-0.32422
42491,-0.35938
42492,-0.39453
42493,-0.44336
42494,-0.49805
42495,-0.49805
42496,-0.49805
42497,-0.49805
42498,-0.49805
42499,-0.49805
42500,-0.49805
42501,-0.45898
42502,-0.36914
42503,-0.28516
42504,-0.20898
42505,-0.1543
42506,-0.11523
42507,-0.074219
42508,-0.048828
42509,-0.039062
42510,-0.025391
42511,-0.019531
42512,-0.013672
42513,-0.0097656
42514,-0.0039062
42515,-0.0097656
42516,-0.0039062
42517,-0.0097656
42518,-0.0039062
42519,-0.0097656
42520,-0.0039062
42521,0.0
42522,0.0
42523,0.0
42524,-0.0039062
42525,-0.0039062
42526,-0.0039062
42527,-0.0039062
42528,-0.0039062
42529,-0.0039062
42530,-0.0039062
42531,0.0
42532,0.0
42533,0.0
42534,0.0
42535,-0.0039062
42536,-0.0039062
42537,-0.0097656
42538,-0.013672
42539,-0.013672
42540,-0.0039062
42541,-0.025391
42542,-0.013672
42543,-0.019531
42544,-0.029297
42545,-0.025391
42546,0.0058594
42547,0.0
42548,0.025391
42549,0.035156
42550,0.025391
42551,0.03125
42552,0.050781
42553,0.025391
42554,-0.035156
42555,-0.058594
42556,0.46094
42557,1.0293
42558,1.5
42559,1.5
42560,1.4648
42561,1.1602
42562,0.89453
42563,0.66016
42564,0.4043
42565,0.16016
42566,0.0058594
42567,-0.10352
42568,-0.16016
42569,-0.17969
42570,-0.17383
42571,-0.19922
42572,-0.18945
42573,-0.20898
42574,-0.20508
42575,-0.20898
42576,-0.20508
42577,-0.23438
42578,-0.22461
42579,-0.21875
42580,-0.25
42581,-0.26367
42582,-0.29492
42583,-0.31836
42584,-0.35352
42585,-0.4082
42586,-0.45312
42587,-0.49805
42588,-0.49805
42589,-0.49805
42590,-0.49805
42591,-0.49805
42592,-0.49805
42593,-0.49805
42594,-0.41992
42595,-0.31836
42596,-0.22852
42597,-0.16016
42598,-0.10352
42599,-0.058594
42600,-0.029297
42601,-0.0039062
42602,0.0058594
42603,0.0097656
42604,0.019531
42605,0.019531
42606,0.025391
42607,0.019531
42608,0.019531
42609,0.015625
42610,0.019531
42611,0.0097656
42612,0.015625
42613,0.0058594
42614,0.0097656
42615,0.0
42616,0.0
42617,0.0
42618,0.0
42619,-0.0039062
42620,0.0
42621,-0.0039062
42622,0.0
42623,-0.0039062
42624,-0.0039062
42625,-0.0097656
42626,-0.0039062
42627,-0.0097656
42628,-0.013672
42629,-0.019531
42630,-0.019531
42631,-0.025391
42632,-0.025391
42633,-0.025391
42634,-0.025391
42635,-0.029297
42636,-0.035156
42637,-0.025391
42638,-0.0097656
42639,0.0
42640,0.0058594
42641,0.015625
42642,0.019531
42643,0.019531
42644,0.015625
42645,-0.0097656
42646,-0.070312
42647,0.041016
42648,0.52539
42649,1.084
42650,1.5
42651,1.5
42652,1.3438
42653,1.0645
42654,0.7793
42655,0.57031
42656,0.32422
42657,0.089844
42658,-0.058594
42659,-0.1543
42660,-0.18945
42661,-0.21875
42662,-0.22461
42663,-0.23438
42664,-0.23438
42665,-0.24414
42666,-0.24023
42667,-0.25
42668,-0.25
42669,-0.25391
42670,-0.25977
42671,-0.26367
42672,-0.2793
42673,-0.29492
42674,-0.31445
42675,-0.34375
42676,-0.37891
42677,-0.43359
42678,-0.48438
42679,-0.49805
42680,-0.49805
42681,-0.49805
42682,-0.49805
42683,-0.49805
42684,-0.49805
42685,-0.49805
42686,-0.41992
42687,-0.32422
42688,-0.25
42689,-0.17969
42690,-0.125
42691,-0.083984
42692,-0.058594
42693,-0.039062
42694,-0.025391
42695,-0.013672
42696,-0.0097656
42697,-0.013672
42698,-0.0039062
42699,-0.0097656
42700,-0.0039062
42701,-0.0039062
42702,0.0
42703,0.0
42704,0.0
42705,0.0
42706,0.0
42707,-0.0039062
42708,-0.0039062
42709,-0.0039062
42710,0.0
42711,-0.0039062
42712,0.0
42713,-0.0039062
42714,0.0
42715,0.0
42716,0.0
42717,-0.0097656
42718,-0.0097656
42719,-0.0039062
42720,-0.0097656
42721,-0.0039062
42722,-0.0097656
42723,-0.0039062
42724,-0.019531
42725,-0.025391
42726,-0.025391
42727,-0.025391
42728,-0.025391
42729,-0.029297
42730,-0.013672
42731,-0.0039062
42732,0.0058594
42733,0.019531
42734,0.015625
42735,0.019531
42736,0.019531
42737,0.025391
42738,0.0
42739,-0.064453
42740,0.044922
42741,0.53516
42742,1.0742
42743,1.5
42744,1.5
42745,1.2988
42746,1.0195
42747,0.75977
42748,0.55469
42749,0.31055
42750,0.080078
42751,-0.064453
42752,-0.1543
42753,-0.18359
42754,-0.20898
42755,-0.21484
42756,-0.21875
42757,-0.22461
42758,-0.22852
42759,-0.22852
42760,-0.22852
42761,-0.23438
42762,-0.23438
42763,-0.24414
42764,-0.25
42765,-0.25977
42766,-0.27344
42767,-0.29883
42768,-0.33008
42769,-0.36914
42770,-0.41406
42771,-0.46875
42772,-0.49805
42773,-0.49805
42774,-0.49805
42775,-0.49805
42776,-0.49805
42777,-0.49805
42778,-0.49414
42779,-0.4082
42780,-0.31836
42781,-0.24023
42782,-0.17969
42783,-0.125
42784,-0.083984
42785,-0.054688
42786,-0.029297
42787,-0.013672
42788,-0.013672
42789,0.0
42790,0.0
42791,0.0
42792,0.0
42793,0.0
42794,0.0
42795,0.0
42796,0.0
42797,0.0
42798,0.0
42799,-0.0039062
42800,0.0
42801,-0.0039062
42802,0.0
42803,-0.0039062
42804,-0.0039062
42805,-0.0039062
42806,0.0
42807,-0.0097656
42808,-0.0039062
42809,-0.0039062
42810,0.0
42811,-0.0097656
42812,-0.013672
42813,-0.0039062
42814,-0.0097656
42815,-0.0097656
42816,-0.013672
42817,-0.025391
42818,-0.019531
42819,-0.025391
42820,-0.019531
42821,-0.025391
42822,-0.029297
42823,-0.0097656
42824,0.0058594
42825,0.015625
42826,0.019531
42827,0.025391
42828,0.019531
42829,0.019531
42830,0.025391
42831,-0.019531
42832,-0.064453
42833,0.23438
42834,0.76562
42835,1.2891
42836,1.5
42837,1.4492
42838,1.1797
42839,0.91016
42840,0.67578
42841,0.46484
42842,0.21484
42843,0.03125
42844,-0.09375
42845,-0.1543
42846,-0.18359
42847,-0.19922
42848,-0.21484
42849,-0.20508
42850,-0.21875
42851,-0.19922
42852,-0.21875
42853,-0.20898
42854,-0.23438
42855,-0.23438
42856,-0.22461
42857,-0.23438
42858,-0.25
42859,-0.26367
42860,-0.28906
42861,-0.33398
42862,-0.375
42863,-0.41406
42864,-0.46875
42865,-0.49805
42866,-0.49805
42867,-0.49805
42868,-0.49805
42869,-0.49805
42870,-0.49805
42871,-0.42969
42872,-0.31836
42873,-0.25
42874,-0.17383
42875,-0.125
42876,-0.074219
42877,-0.019531
42878,-0.025391
42879,0.025391
42880,0.019531
42881,0.044922
42882,0.035156
42883,0.03125
42884,0.044922
42885,0.044922
42886,0.041016
42887,0.044922
42888,0.050781
42889,0.03125
42890,0.03125
42891,0.035156
42892,0.03125
42893,0.035156
42894,0.025391
42895,0.03125
42896,0.035156
42897,0.041016
42898,0.025391
42899,0.035156
42900,0.025391
42901,0.03125
42902,0.019531
42903,0.035156
42904,0.019531
42905,0.015625
42906,0.019531
42907,0.0097656
42908,0.0097656
42909,0.015625
42910,0.0
42911,0.0058594
42912,-0.0039062
42913,-0.0097656
42914,0.0097656
42915,0.015625
42916,0.03125
42917,0.041016
42918,0.035156
42919,0.025391
42920,0.035156
42921,0.019531
42922,-0.019531
42923,-0.070312
42924,0.24023
42925,0.80469
42926,1.3633
42927,1.5
42928,1.5
42929,1.2441
42930,0.94531
42931,0.69531
42932,0.4707
42933,0.21094
42934,0.015625
42935,-0.11523
42936,-0.18359
42937,-0.22852
42938,-0.25391
42939,-0.25977
42940,-0.25977
42941,-0.26953
42942,-0.26953
42943,-0.26367
42944,-0.26953
42945,-0.27344
42946,-0.27344
42947,-0.28516
42948,-0.29492
42949,-0.30469
42950,-0.32422
42951,-0.34961
42952,-0.38867
42953,-0.42969
42954,-0.47852
42955,-0.49805
42956,-0.49805
42957,-0.49805
42958,-0.49805
42959,-0.49805
42960,-0.49805
42961,-0.49805
42962,-0.47852
42963,-0.38867
42964,-0.29883
42965,-0.22461
42966,-0.16016
42967,-0.11523
42968,-0.080078
42969,-0.048828
42970,-0.035156
42971,-0.025391
42972,-0.019531
42973,-0.013672
42974,-0.0097656
42975,-0.019531
42976,-0.013672
42977,-0.0039062
42978,-0.0097656
42979,-0.0097656
42980,-0.0097656
42981,-0.0097656
42982,-0.013672
42983,-0.0039062
42984,-0.0039062
42985,0.0
42986,-0.0039062
42987,-0.0039062
42988,-0.0097656
42989,-0.0039062
42990,-0.0039062
42991,-0.0039062
42992,-0.0097656
42993,-0.0039062
42994,0.0
42995,-0.0039062
42996,-0.0097656
42997,-0.0039062
42998,-0.0097656
42999,-0.0039062
43000,-0.013672
43001,-0.019531
43002,-0.013672
43003,-0.019531
43004,-0.025391
43005,-0.019531
43006,-0.029297
43007,-0.013672
43008,0.0
43009,0.0097656
43010,0.019531
43011,0.019531
43012,0.03125
43013,0.025391
43014,0.019531
43015,0.0
43016,-0.054688
43017,-0.064453
43018,0.5
43019,1.0293
43020,1.4883
43021,1.5
43022,1.3184
43023,1.0449
43024,0.7793
43025,0.57422
43026,0.33984
43027,0.095703
43028,-0.054688
43029,-0.14453
43030,-0.17383
43031,-0.20508
43032,-0.21484
43033,-0.21484
43034,-0.21484
43035,-0.21875
43036,-0.22461
43037,-0.22461
43038,-0.22852
43039,-0.23438
43040,-0.23438
43041,-0.24023
43042,-0.25977
43043,-0.27344
43044,-0.29492
43045,-0.32422
43046,-0.36328
43047,-0.4043
43048,-0.45898
43049,-0.49805
43050,-0.49805
43051,-0.49805
43052,-0.49805
43053,-0.49805
43054,-0.49805
43055,-0.49414
43056,-0.4082
43057,-0.32422
43058,-0.24414
43059,-0.17969
43060,-0.125
43061,-0.080078
43062,-0.048828
43063,-0.035156
43064,-0.019531
43065,-0.013672
43066,0.0
43067,0.0
43068,0.0
43069,0.0
43070,0.0
43071,0.0
43072,0.0
43073,0.0
43074,0.0
43075,0.0
43076,0.0
43077,0.0
43078,0.0
43079,0.0
43080,-0.0097656
43081,-0.0039062
43082,-0.0039062
43083,-0.0039062
43084,-0.0039062
43085,0.0
43086,-0.0039062
43087,-0.0039062
43088,0.0
43089,0.0
43090,-0.0039062
43091,-0.0097656
43092,-0.0097656
43093,-0.0097656
43094,-0.019531
43095,-0.019531
43096,-0.019531
43097,-0.025391
43098,-0.019531
43099,-0.029297
43100,-0.019531
43101,-0.0039062
43102,0.0058594
43103,0.019531
43104,0.03125
43105,0.025391
43106,0.03125
43107,0.025391
43108,0.019531
43109,-0.035156
43110,-0.058594
43111,0.34961
43112,0.88867
43113,1.3848
43114,1.5
43115,1.3887
43116,1.1152
43117,0.85547
43118,0.62891
43119,0.4043
43120,0.16602
43121,-0.0097656
43122,-0.11914
43123,-0.16406
43124,-0.19336
43125,-0.20898
43126,-0.20898
43127,-0.21484
43128,-0.21484
43129,-0.22461
43130,-0.22852
43131,-0.22461
43132,-0.22852
43133,-0.23438
43134,-0.24414
43135,-0.25977
43136,-0.26953
43137,-0.28906
43138,-0.31445
43139,-0.34961
43140,-0.39453
43141,-0.44336
43142,-0.49805
43143,-0.49805
43144,-0.49805
43145,-0.49805
43146,-0.49805
43147,-0.49805
43148,-0.49805
43149,-0.42969
43150,-0.34375
43151,-0.26367
43152,-0.19336
43153,-0.13867
43154,-0.099609
43155,-0.058594
43156,-0.035156
43157,-0.025391
43158,-0.0097656
43159,0.0
43160,0.0058594
43161,0.0
43162,0.0097656
43163,0.0
43164,0.019531
43165,0.0097656
43166,-0.0039062
43167,0.0
43168,0.0058594
43169,0.0
43170,-0.0097656
43171,0.015625
43172,-0.0039062
43173,-0.0097656
43174,0.019531
43175,0.0097656
43176,0.0058594
43177,0.015625
43178,0.025391
43179,0.0097656
43180,0.019531
43181,0.019531
43182,0.019531
43183,0.019531
43184,0.041016
43185,0.015625
43186,0.0097656
43187,0.025391
43188,0.03125
43189,0.019531
43190,0.019531
43191,0.0097656
43192,0.0058594
43193,0.025391
43194,0.041016
43195,0.060547
43196,0.044922
43197,0.060547
43198,0.050781
43199,0.044922
43200,0.070312
43201,0.025391
43202,-0.044922
43203,0.12109
43204,0.68555
43205,1.2734
43206,1.5
43207,1.5
43208,1.4238
43209,1.1035
43210,0.81445
43211,0.57031
43212,0.31445
43213,0.070312
43214,-0.064453
43215,-0.1543
43216,-0.19336
43217,-0.21875
43218,-0.22852
43219,-0.23438
43220,-0.24023
43221,-0.24023
43222,-0.24023
43223,-0.25
43224,-0.25391
43225,-0.25977
43226,-0.25977
43227,-0.26953
43228,-0.28516
43229,-0.30469
43230,-0.33398
43231,-0.35938
43232,-0.4043
43233,-0.45898
43234,-0.49805
43235,-0.49805
43236,-0.49805
43237,-0.49805
43238,-0.49805
43239,-0.49805
43240,-0.49805
43241,-0.49805
43242,-0.42383
43243,-0.33008
43244,-0.25391
43245,-0.18359
43246,-0.13477
43247,-0.09375
43248,-0.070312
43249,-0.048828
43250,-0.035156
43251,-0.025391
43252,-0.025391
43253,-0.025391
43254,-0.025391
43255,-0.025391
43256,-0.025391
43257,-0.025391
43258,-0.025391
43259,-0.025391
43260,-0.025391
43261,-0.025391
43262,-0.025391
43263,-0.029297
43264,-0.025391
43265,-0.025391
43266,-0.025391
43267,-0.025391
43268,-0.025391
43269,-0.025391
43270,-0.025391
43271,-0.025391
43272,-0.025391
43273,-0.025391
43274,-0.025391
43275,-0.025391
43276,-0.025391
43277,-0.025391
43278,-0.029297
43279,-0.025391
43280,-0.029297
43281,-0.035156
43282,-0.039062
43283,-0.035156
43284,-0.029297
43285,-0.035156
43286,-0.039062
43287,-0.039062
43288,-0.029297
43289,-0.013672
43290,-0.0039062
43291,0.015625
43292,0.019531
43293,0.015625
43294,0.019531
43295,0.015625
43296,-0.0097656
43297,-0.064453
43298,0.041016
43299,0.51562
43300,1.0547
43301,1.5
43302,1.5
43303,1.3145
43304,1.0293
43305,0.76562
43306,0.55469
43307,0.32031
43308,0.085938
43309,-0.064453
43310,-0.14844
43311,-0.18945
43312,-0.20898
43313,-0.21484
43314,-0.21875
43315,-0.21875
43316,-0.22852
43317,-0.23438
43318,-0.23438
43319,-0.24023
43320,-0.24414
43321,-0.25
43322,-0.25391
43323,-0.26367
43324,-0.2793
43325,-0.30469
43326,-0.33008
43327,-0.36328
43328,-0.4082
43329,-0.46484
43330,-0.49805
43331,-0.49805
43332,-0.49805
43333,-0.49805
43334,-0.49805
43335,-0.49805
43336,-0.49805
43337,-0.41406
43338,-0.33008
43339,-0.25
43340,-0.18359
43341,-0.13477
43342,-0.09375
43343,-0.054688
43344,-0.039062
43345,-0.025391
43346,-0.013672
43347,-0.0039062
43348,0.0
43349,0.0
43350,-0.0039062
43351,0.0
43352,0.0
43353,-0.0039062
43354,0.0
43355,-0.0097656
43356,-0.0039062
43357,0.0
43358,0.0
43359,-0.0039062
43360,-0.0097656
43361,-0.0097656
43362,-0.0097656
43363,-0.0097656
43364,-0.0039062
43365,-0.013672
43366,-0.0039062
43367,-0.0097656
43368,-0.0039062
43369,-0.0097656
43370,-0.0039062
43371,-0.0097656
43372,-0.013672
43373,-0.013672
43374,-0.013672
43375,-0.025391
43376,-0.019531
43377,-0.025391
43378,-0.019531
43379,-0.029297
43380,-0.025391
43381,-0.0097656
43382,0.0058594
43383,0.019531
43384,0.019531
43385,0.025391
43386,0.019531
43387,0.03125
43388,0.015625
43389,-0.029297
43390,-0.064453
43391,0.23438
43392,0.75977
43393,1.2852
43394,1.5
43395,1.4434
43396,1.1738
43397,0.91016
43398,0.67578
43399,0.45508
43400,0.20508
43401,0.0097656
43402,-0.10938
43403,-0.16406
43404,-0.19336
43405,-0.20898
43406,-0.21484
43407,-0.21875
43408,-0.22461
43409,-0.22461
43410,-0.22852
43411,-0.22852
43412,-0.23438
43413,-0.24023
43414,-0.25
43415,-0.25977
43416,-0.2793
43417,-0.29492
43418,-0.31445
43419,-0.34961
43420,-0.39453
43421,-0.43945
43422,-0.49414
43423,-0.49805
43424,-0.49805
43425,-0.49805
43426,-0.49805
43427,-0.49805
43428,-0.49805
43429,-0.45898
43430,-0.37891
43431,-0.28906
43432,-0.21875
43433,-0.1543
43434,-0.11523
43435,-0.074219
43436,-0.048828
43437,-0.029297
43438,-0.025391
43439,-0.0097656
43440,-0.0097656
43441,-0.0039062
43442,-0.0039062
43443,0.0
43444,-0.0039062
43445,-0.0039062
43446,0.0
43447,-0.0039062
43448,0.0
43449,-0.019531
43450,-0.0039062
43451,0.0
43452,-0.0097656
43453,0.0
43454,0.0058594
43455,-0.0097656
43456,0.015625
43457,0.0058594
43458,-0.0097656
43459,0.015625
43460,0.0097656
43461,0.0058594
43462,0.03125
43463,0.015625
43464,0.0058594
43465,0.015625
43466,0.019531
43467,0.015625
43468,0.0097656
43469,0.019531
43470,0.015625
43471,0.0058594
43472,0.0058594
43473,0.015625
43474,0.03125
43475,0.044922
43476,0.064453
43477,0.060547
43478,0.070312
43479,0.054688
43480,0.060547
43481,0.054688
43482,0.03125
43483,-0.035156
43484,0.33594
43485,0.91406
43486,1.4844
43487,1.5
43488,1.5
43489,1.3047
43490,0.99414
43491,0.73047
43492,0.48438
43493,0.21484
43494,0.019531
43495,-0.09375
43496,-0.16406
43497,-0.20508
43498,-0.21875
43499,-0.22461
43500,-0.23438
43501,-0.23438
43502,-0.23438
43503,-0.22852
43504,-0.24023
43505,-0.24023
43506,-0.25391
43507,-0.25977
43508,-0.26953
43509,-0.28516
43510,-0.30469
43511,-0.33008
43512,-0.36328
43513,-0.41992
43514,-0.46484
43515,-0.49805
43516,-0.49805
43517,-0.49805
43518,-0.49805
43519,-0.49805
43520,-0.49805
43521,-0.49805
43522,-0.47852
43523,-0.38477
43524,-0.29492
43525,-0.21875
43526,-0.16016
43527,-0.11523
43528,-0.074219
43529,-0.048828
43530,-0.035156
43531,-0.025391
43532,-0.019531
43533,-0.013672
43534,-0.019531
43535,-0.013672
43536,-0.013672
43537,-0.013672
43538,-0.019531
43539,-0.019531
43540,-0.025391
43541,-0.019531
43542,-0.025391
43543,-0.025391
43544,-0.019531
43545,-0.025391
43546,-0.025391
43547,-0.019531
43548,-0.025391
43549,-0.019531
43550,-0.019531
43551,-0.019531
43552,-0.013672
43553,-0.019531
43554,-0.013672
43555,-0.019531
43556,-0.013672
43557,-0.019531
43558,-0.013672
43559,-0.019531
43560,-0.019531
43561,-0.025391
43562,-0.029297
43563,-0.025391
43564,-0.025391
43565,-0.029297
43566,-0.035156
43567,-0.044922
43568,-0.025391
43569,-0.0097656
43570,0.0
43571,0.0097656
43572,0.015625
43573,0.019531
43574,0.015625
43575,0.0058594
43576,-0.025391
43577,-0.074219
43578,0.099609
43579,0.60547
43580,1.1387
43581,1.5
43582,1.5
43583,1.2695
43584,0.99023
43585,0.72461
43586,0.52539
43587,0.27539
43588,0.050781
43589,-0.083984
43590,-0.16016
43591,-0.19336
43592,-0.21875
43593,-0.22461
43594,-0.23438
43595,-0.23438
43596,-0.23438
43597,-0.23438
43598,-0.24023
43599,-0.24023
43600,-0.25
43601,-0.25391
43602,-0.25977
43603,-0.26953
43604,-0.28906
43605,-0.30859
43606,-0.33984
43607,-0.37891
43608,-0.41992
43609,-0.47461
43610,-0.49805
43611,-0.49805
43612,-0.49805
43613,-0.49805
43614,-0.49805
43615,-0.49805
43616,-0.48828
43617,-0.4082
43618,-0.31836
43619,-0.25
43620,-0.17383
43621,-0.125
43622,-0.083984
43623,-0.064453
43624,-0.039062
43625,-0.025391
43626,-0.019531
43627,-0.013672
43628,-0.0097656
43629,-0.0097656
43630,-0.0039062
43631,0.0
43632,-0.0039062
43633,0.0
43634,0.0
43635,-0.0039062
43636,-0.0039062
43637,-0.0039062
43638,-0.0097656
43639,-0.0039062
43640,-0.0097656
43641,-0.0039062
43642,-0.0039062
43643,-0.0039062
43644,-0.0097656
43645,-0.013672
43646,-0.0097656
43647,-0.0039062
43648,-0.0097656
43649,-0.0039062
43650,-0.0039062
43651,-0.0039062
43652,-0.0097656
43653,-0.013672
43654,-0.019531
43655,-0.025391
43656,-0.019531
43657,-0.025391
43658,-0.019531
43659,-0.025391
43660,-0.013672
43661,-0.0039062
43662,0.0097656
43663,0.019531
43664,0.019531
43665,0.019531
43666,0.025391
43667,0.019531
43668,0.0058594
43669,-0.048828
43670,-0.074219
43671,0.38086
43672,0.91992
43673,1.4082
43674,1.5
43675,1.3691
43676,1.0996
43677,0.83008
43678,0.61914
43679,0.38477
43680,0.14453
43681,-0.035156
43682,-0.12891
43683,-0.16992
43684,-0.20508
43685,-0.21484
43686,-0.21875
43687,-0.21875
43688,-0.22461
43689,-0.22852
43690,-0.22852
43691,-0.22852
43692,-0.23438
43693,-0.24023
43694,-0.25
43695,-0.25977
43696,-0.27344
43697,-0.29492
43698,-0.31836
43699,-0.35352
43700,-0.39453
43701,-0.44336
43702,-0.49805
43703,-0.49805
43704,-0.49805
43705,-0.49805
43706,-0.49805
43707,-0.49805
43708,-0.49805
43709,-0.42969
43710,-0.33984
43711,-0.25977
43712,-0.18945
43713,-0.13867
43714,-0.09375
43715,-0.058594
43716,-0.035156
43717,-0.025391
43718,-0.0039062
43719,-0.0039062
43720,0.0
43721,0.0058594
43722,0.0
43723,0.0
43724,0.0
43725,0.0
43726,0.0
43727,0.0
43728,0.0
43729,0.0
43730,0.0
43731,-0.0039062
43732,-0.0097656
43733,-0.0039062
43734,-0.0097656
43735,-0.0039062
43736,-0.0039062
43737,0.0
43738,0.0
43739,0.0
43740,0.0
43741,0.0
43742,0.0
43743,0.0
43744,-0.0097656
43745,-0.0039062
43746,-0.013672
43747,-0.019531
43748,-0.013672
43749,-0.019531
43750,-0.019531
43751,-0.025391
43752,-0.019531
43753,0.0
43754,0.0097656
43755,0.019531
43756,0.03125
43757,0.025391
43758,0.03125
43759,0.03125
43760,0.035156
43761,-0.019531
43762,-0.064453
43763,0.22461
43764,0.75
43765,1.2695
43766,1.5
43767,1.4531
43768,1.1797
43769,0.92383
43770,0.67969
43771,0.4707
43772,0.2207
43773,0.019531
43774,-0.099609
43775,-0.16016
43776,-0.18359
43777,-0.19922
43778,-0.20898
43779,-0.21484
43780,-0.21484
43781,-0.20898
43782,-0.20898
43783,-0.21484
43784,-0.22852
43785,-0.21875
43786,-0.23438
43787,-0.24414
43788,-0.24023
43789,-0.2793
43790,-0.28906
43791,-0.33398
43792,-0.375
43793,-0.43359
43794,-0.47461
43795,-0.49805
43796,-0.49805
43797,-0.49805
43798,-0.49805
43799,-0.49805
43800,-0.49805
43801,-0.43945
43802,-0.34961
43803,-0.25391
43804,-0.18945
43805,-0.10938
43806,-0.080078
43807,-0.039062
43808,-0.019531
43809,-0.0039062
43810,0.025391
43811,0.035156
43812,0.035156
43813,0.025391
43814,0.050781
43815,0.03125
43816,0.054688
43817,0.041016
43818,0.044922
43819,0.035156
43820,0.035156
43821,0.041016
43822,0.044922
43823,0.019531
43824,0.03125
43825,0.035156
43826,0.044922
43827,0.041016
43828,0.019531
43829,0.025391
43830,0.019531
43831,0.025391
43832,0.019531
43833,0.019531
43834,0.019531
43835,0.019531
43836,0.019531
43837,0.0097656
43838,0.0058594
43839,0.015625
43840,0.0
43841,0.0097656
43842,0.0
43843,-0.0039062
43844,0.0058594
43845,0.015625
43846,0.019531
43847,0.035156
43848,0.041016
43849,0.03125
43850,0.03125
43851,0.035156
43852,-0.0097656
43853,-0.064453
43854,0.22461
43855,0.80469
43856,1.3691
43857,1.5
43858,1.5
43859,1.2734
43860,0.98438
43861,0.72461
43862,0.49023
43863,0.23438
43864,0.03125
43865,-0.10352
43866,-0.17969
43867,-0.22461
43868,-0.24414
43869,-0.25977
43870,-0.26367
43871,-0.26953
43872,-0.26367
43873,-0.27344
43874,-0.2793
43875,-0.28516
43876,-0.28516
43877,-0.29492
43878,-0.30469
43879,-0.31836
43880,-0.33398
43881,-0.35938
43882,-0.39844
43883,-0.43945
43884,-0.48828
43885,-0.49805
43886,-0.49805
43887,-0.49805
43888,-0.49805
43889,-0.49805
43890,-0.49805
43891,-0.49805
43892,-0.48828
43893,-0.38867
43894,-0.31445
43895,-0.23438
43896,-0.16992
43897,-0.11914
43898,-0.083984
43899,-0.058594
43900,-0.044922
43901,-0.029297
43902,-0.025391
43903,-0.019531
43904,-0.019531
43905,-0.019531
43906,-0.019531
43907,-0.019531
43908,-0.019531
43909,-0.019531
43910,-0.019531
43911,-0.013672
43912,-0.019531
43913,-0.019531
43914,-0.013672
43915,-0.019531
43916,-0.0097656
43917,-0.013672
43918,-0.0097656
43919,-0.013672
43920,-0.0039062
43921,-0.0039062
43922,-0.0097656
43923,-0.0039062
43924,-0.0097656
43925,0.0
43926,0.0
43927,0.0
43928,0.0
43929,-0.0097656
43930,-0.0097656
43931,-0.013672
43932,-0.013672
43933,-0.013672
43934,-0.019531
43935,-0.013672
43936,-0.025391
43937,-0.013672
43938,-0.0039062
43939,0.0058594
43940,0.019531
43941,0.03125
43942,0.03125
43943,0.03125
43944,0.03125
43945,0.019531
43946,-0.025391
43947,-0.054688
43948,0.29102
43949,0.81445
43950,1.3184
43951,1.5
43952,1.4199
43953,1.1543
43954,0.88867
43955,0.6543
43956,0.44531
43957,0.18945
43958,0.0097656
43959,-0.10938
43960,-0.1543
43961,-0.18945
43962,-0.19922
43963,-0.20898
43964,-0.21484
43965,-0.21484
43966,-0.21484
43967,-0.21875
43968,-0.22461
43969,-0.22852
43970,-0.22852
43971,-0.24023
43972,-0.25
43973,-0.25977
43974,-0.28516
43975,-0.30469
43976,-0.33984
43977,-0.38477
43978,-0.42969
43979,-0.48438
43980,-0.49805
43981,-0.49805
43982,-0.49805
43983,-0.49805
43984,-0.49805
43985,-0.49805
43986,-0.43945
43987,-0.35352
43988,-0.27344
43989,-0.20508
43990,-0.14844
43991,-0.09375
43992,-0.064453
43993,-0.039062
43994,-0.025391
43995,-0.0097656
43996,0.0
43997,0.0
43998,0.0
43999,0.0
44000,0.0058594
44001,0.0058594
44002,0.0
44003,0.0
44004,0.0
44005,0.0
44006,0.0
44007,0.0
44008,-0.0039062
44009,-0.0039062
44010,-0.0039062
44011,-0.0097656
44012,-0.0039062
44013,-0.0097656
44014,-0.0039062
44015,-0.0097656
44016,-0.0039062
44017,-0.0097656
44018,-0.0039062
44019,-0.0039062
44020,0.0
44021,-0.0097656
44022,-0.013672
44023,-0.0097656
44024,-0.019531
44025,-0.013672
44026,-0.013672
44027,-0.013672
44028,-0.025391
44029,-0.025391
44030,-0.013672
44031,0.0
44032,0.0097656
44033,0.019531
44034,0.019531
44035,0.025391
44036,0.025391
44037,0.019531
44038,0.0
44039,-0.058594
44040,-0.064453
44041,0.50977
44042,1.0449
44043,1.4844
44044,1.5
44045,1.3047
44046,1.0254
44047,0.76953
44048,0.56055
44049,0.32422
44050,0.089844
44051,-0.054688
44052,-0.14844
44053,-0.17969
44054,-0.20508
44055,-0.20898
44056,-0.21875
44057,-0.22461
44058,-0.22461
44059,-0.22852
44060,-0.22852
44061,-0.23438
44062,-0.23438
44063,-0.24414
44064,-0.25391
44065,-0.25977
44066,-0.2793
44067,-0.30469
44068,-0.31836
44069,-0.38477
44070,-0.41406
44071,-0.46484
44072,-0.49805
44073,-0.49805
44074,-0.49805
44075,-0.49805
44076,-0.49805
44077,-0.49805
44078,-0.49805
44079,-0.39844
44080,-0.31836
44081,-0.22461
44082,-0.17383
44083,-0.10938
44084,-0.058594
44085,-0.044922
44086,-0.0097656
44087,0.0
44088,-0.0039062
44089,0.025391
44090,0.019531
44091,0.03125
44092,0.019531
44093,0.035156
44094,0.019531
44095,0.019531
44096,0.03125
44097,0.041016
44098,0.025391
44099,0.041016
44100,0.035156
44101,0.03125
44102,0.019531
44103,0.050781
44104,0.03125
44105,0.025391
44106,0.025391
44107,0.044922
44108,0.03125
44109,0.041016
44110,0.025391
44111,0.019531
44112,0.041016
44113,0.019531
44114,0.03125
44115,0.025391
44116,0.019531
44117,0.025391
44118,0.019531
44119,0.025391
44120,0.0
44121,0.0058594
44122,0.025391
44123,0.035156
44124,0.044922
44125,0.044922
44126,0.050781
44127,0.054688
44128,0.044922
44129,0.035156
44130,-0.0097656
44131,-0.044922
44132,0.35547
44133,0.95508
44134,1.5
44135,1.5
44136,1.5
44137,1.2441
44138,0.94531
44139,0.69531
44140,0.44922
44141,0.20117
44142,0.0097656
44143,-0.10938
44144,-0.17383
44145,-0.21484
44146,-0.23438
44147,-0.23438
44148,-0.24023
44149,-0.24023
44150,-0.24414
44151,-0.25
44152,-0.25391
44153,-0.25391
44154,-0.26367
44155,-0.27344
44156,-0.28906
44157,-0.30469
44158,-0.32422
44159,-0.35352
44160,-0.38867
44161,-0.43359
44162,-0.47852
44163,-0.49805
44164,-0.49805
44165,-0.49805
44166,-0.49805
44167,-0.49805
44168,-0.49805
44169,-0.49805
44170,-0.46484
44171,-0.36914
44172,-0.2793
44173,-0.20898
44174,-0.1543
44175,-0.10352
44176,-0.070312
44177,-0.048828
44178,-0.025391
44179,-0.019531
44180,-0.0097656
44181,-0.0039062
44182,0.0
44183,0.0
44184,0.0
44185,0.0
44186,-0.0039062
44187,0.0
44188,-0.0039062
44189,-0.0039062
44190,-0.0097656
44191,-0.0039062
44192,-0.0097656
44193,-0.0039062
44194,-0.0097656
44195,-0.0039062
44196,0.0
44197,-0.0039062
44198,0.0
44199,0.0
44200,0.0
44201,0.0
44202,0.0
44203,0.0
44204,0.0
44205,0.0
44206,0.0
44207,-0.0039062
44208,-0.0039062
44209,-0.0039062
44210,-0.0097656
44211,-0.013672
44212,-0.0097656
44213,-0.019531
44214,-0.0097656
44215,-0.025391
44216,-0.013672
44217,0.0
44218,0.019531
44219,0.025391
44220,0.035156
44221,0.03125
44222,0.035156
44223,0.03125
44224,0.0097656
44225,-0.048828
44226,-0.054688
44227,0.47461
44228,1.0098
44229,1.4688
44230,1.5
44231,1.3301
44232,1.0547
44233,0.78906
44234,0.58398
44235,0.34961
44236,0.10547
44237,-0.044922
44238,-0.13867
44239,-0.16992
44240,-0.19336
44241,-0.20508
44242,-0.20898
44243,-0.21484
44244,-0.21484
44245,-0.21875
44246,-0.21875
44247,-0.22461
44248,-0.22852
44249,-0.22852
44250,-0.24023
44251,-0.25391
44252,-0.26367
44253,-0.28906
44254,-0.31836
44255,-0.35352
44256,-0.39453
44257,-0.44336
44258,-0.49805
44259,-0.49805
44260,-0.49805
44261,-0.49805
44262,-0.49805
44263,-0.49805
44264,-0.49805
44265,-0.41406
44266,-0.33008
44267,-0.25
44268,-0.17383
44269,-0.125
44270,-0.089844
44271,-0.054688
44272,-0.029297
44273,-0.019531
44274,-0.0039062
44275,-0.0039062
44276,0.0
44277,0.0
44278,0.0058594
44279,0.0058594
44280,0.0
44281,0.0058594
44282,0.0
44283,0.0
44284,0.0
44285,0.0
44286,-0.0039062
44287,0.0
44288,0.0
44289,0.0
44290,0.0
44291,0.0
44292,-0.0039062
44293,0.0
44294,0.0
44295,-0.0039062
44296,0.0
44297,-0.0039062
44298,-0.013672
44299,-0.0097656
44300,-0.013672
44301,-0.0097656
44302,-0.025391
44303,-0.025391
44304,-0.025391
44305,-0.029297
44306,-0.025391
44307,-0.035156
44308,-0.025391
44309,-0.0039062
44310,0.0097656
44311,0.019531
44312,0.025391
44313,0.019531
44314,0.025391
44315,0.019531
44316,0.0058594
44317,-0.058594
44318,-0.074219
44319,0.42578
44320,0.96484
44321,1.4395
44322,1.5
44323,1.3438
44324,1.0645
44325,0.80469
44326,0.59961
44327,0.35938
44328,0.12109
44329,-0.035156
44330,-0.13477
44331,-0.16992
44332,-0.19922
44333,-0.21484
44334,-0.21875
44335,-0.21484
44336,-0.21875
44337,-0.22461
44338,-0.22461
44339,-0.22852
44340,-0.23438
44341,-0.24023
44342,-0.25391
44343,-0.25977
44344,-0.27344
44345,-0.28906
44346,-0.33008
44347,-0.35938
44348,-0.4082
44349,-0.45898
44350,-0.49805
44351,-0.49805
44352,-0.49805
44353,-0.49805
44354,-0.49805
44355,-0.49805
44356,-0.49805
44357,-0.41406
44358,-0.33398
44359,-0.25391
44360,-0.18945
44361,-0.13867
44362,-0.09375
44363,-0.058594
44364,-0.035156
44365,-0.025391
44366,-0.0097656
44367,-0.0097656
44368,0.0
44369,0.0
44370,0.0
44371,0.0
44372,0.0
44373,-0.0039062
44374,-0.0039062
44375,-0.0097656
44376,-0.0039062
44377,-0.0039062
44378,-0.0097656
44379,-0.0097656
44380,-0.0097656
44381,-0.0039062
44382,-0.0097656
44383,-0.0097656
44384,-0.0097656
44385,-0.0039062
44386,-0.0097656
44387,0.0
44388,0.0
44389,-0.0039062
44390,-0.0039062
44391,-0.0097656
44392,-0.0097656
44393,-0.0039062
44394,-0.013672
44395,-0.025391
44396,-0.019531
44397,-0.025391
44398,-0.0039062
44399,-0.039062
44400,-0.029297
44401,0.0058594
44402,0.015625
44403,0.0058594
44404,0.035156
44405,0.019531
44406,0.035156
44407,0.044922
44408,0.035156
44409,0.0
44410,-0.058594
44411,0.20508
44412,0.75391
44413,1.2891
44414,1.5
44415,1.5
44416,1.2695
44417,0.99414
44418,0.73047
44419,0.51953
44420,0.26953
44421,0.054688
44422,-0.064453
44423,-0.14453
44424,-0.17383
44425,-0.18945
44426,-0.19336
44427,-0.20898
44428,-0.21484
44429,-0.19336
44430,-0.19922
44431,-0.21875
44432,-0.21484
44433,-0.22461
44434,-0.21875
44435,-0.24023
44436,-0.25
44437,-0.26953
44438,-0.29883
44439,-0.34375
44440,-0.38477
44441,-0.43359
44442,-0.49414
44443,-0.49805
44444,-0.49805
44445,-0.49805
44446,-0.49805
44447,-0.49805
44448,-0.49805
44449,-0.45312
44450,-0.35938
44451,-0.26953
44452,-0.18945
44453,-0.12891
44454,-0.080078
44455,-0.044922
44456,-0.019531
44457,0.0
44458,0.0058594
44459,0.0097656
44460,0.015625
44461,0.019531
44462,0.019531
44463,0.015625
44464,0.015625
44465,0.0058594
44466,0.0058594
44467,0.0097656
44468,0.0
44469,0.0058594
44470,0.0
44471,0.0
44472,-0.0039062
44473,-0.0039062
44474,-0.0039062
44475,-0.0097656
44476,-0.0039062
44477,-0.0097656
44478,-0.013672
44479,-0.013672
44480,-0.013672
44481,-0.0097656
44482,-0.013672
44483,-0.019531
44484,-0.025391
44485,-0.019531
44486,-0.025391
44487,-0.025391
44488,-0.029297
44489,-0.025391
44490,-0.029297
44491,-0.035156
44492,-0.019531
44493,-0.0097656
44494,0.0
44495,0.0058594
44496,0.015625
44497,0.015625
44498,0.015625
44499,0.015625
44500,-0.025391
44501,-0.080078
44502,0.125
44503,0.65039
44504,1.2051
44505,1.5
44506,1.5
44507,1.2734
44508,0.99414
44509,0.73047
44510,0.51953
44511,0.26562
44512,0.054688
44513,-0.083984
44514,-0.16016
44515,-0.20508
44516,-0.22852
44517,-0.23438
44518,-0.23438
44519,-0.24023
44520,-0.24414
44521,-0.25
44522,-0.25391
44523,-0.25391
44524,-0.25977
44525,-0.26367
44526,-0.27344
44527,-0.28906
44528,-0.30469
44529,-0.33008
44530,-0.35352
44531,-0.39453
44532,-0.44336
44533,-0.49805
44534,-0.49805
44535,-0.49805
44536,-0.49805
44537,-0.49805
44538,-0.49805
44539,-0.49805
44540,-0.48438
44541,-0.38867
44542,-0.30859
44543,-0.22852
44544,-0.16992
44545,-0.125
44546,-0.083984
44547,-0.054688
44548,-0.029297
44549,-0.019531
44550,-0.019531
44551,-0.0039062
44552,0.0
44553,0.0
44554,-0.0039062
44555,0.0
44556,-0.0039062
44557,-0.0097656
44558,-0.0039062
44559,-0.0097656
44560,-0.0039062
44561,-0.0097656
44562,-0.0039062
44563,-0.0097656
44564,0.0
44565,-0.0039062
44566,0.0
44567,-0.0097656
44568,0.0
44569,-0.0039062
44570,-0.0039062
44571,-0.0097656
44572,-0.013672
44573,-0.0097656
44574,-0.0097656
44575,-0.0039062
44576,-0.013672
44577,-0.0097656
44578,-0.019531
44579,-0.025391
44580,-0.019531
44581,-0.025391
44582,-0.019531
44583,-0.025391
44584,-0.035156
44585,-0.0097656
44586,0.0
44587,0.015625
44588,0.019531
44589,0.025391
44590,0.019531
44591,0.025391
44592,0.019531
44593,-0.013672
44594,-0.064453
44595,0.2207
44596,0.74414
44597,1.2637
44598,1.5
44599,1.4492
44600,1.1836
44601,0.91992
44602,0.67578
44603,0.46484
44604,0.21484
44605,0.019531
44606,-0.10352
44607,-0.16016
44608,-0.19336
44609,-0.20898
44610,-0.21484
44611,-0.21875
44612,-0.21875
44613,-0.22461
44614,-0.22852
44615,-0.23438
44616,-0.23438
44617,-0.24023
44618,-0.24414
44619,-0.25977
44620,-0.26953
44621,-0.28906
44622,-0.30859
44623,-0.34375
44624,-0.38477
44625,-0.43359
44626,-0.48828
44627,-0.49805
44628,-0.49805
44629,-0.49805
44630,-0.49805
44631,-0.49805
44632,-0.49805
44633,-0.45898
44634,-0.36914
44635,-0.29492
44636,-0.22461
44637,-0.16016
44638,-0.11523
44639,-0.074219
44640,-0.048828
44641,-0.025391
44642,-0.019531
44643,-0.0097656
44644,-0.0097656
44645,0.0
44646,0.0
44647,0.0
44648,-0.0039062
44649,-0.0097656
44650,-0.013672
44651,-0.0097656
44652,-0.0039062
44653,-0.0097656
44654,-0.0097656
44655,-0.0097656
44656,-0.0097656
44657,-0.0039062
44658,0.0
44659,-0.0039062
44660,-0.0039062
44661,-0.0097656
44662,-0.0039062
44663,-0.0097656
44664,-0.0039062
44665,-0.0097656
44666,-0.0097656
44667,-0.0097656
44668,-0.0097656
44669,-0.013672
44670,-0.013672
44671,-0.025391
44672,-0.025391
44673,-0.025391
44674,-0.029297
44675,-0.025391
44676,-0.035156
44677,-0.025391
44678,-0.0097656
44679,0.0058594
44680,0.019531
44681,0.019531
44682,0.019531
44683,0.025391
44684,0.019531
44685,0.0058594
44686,-0.058594
44687,-0.064453
44688,0.49023
44689,1.0352
44690,1.4844
44691,1.5
44692,1.2988
44693,1.0293
44694,0.76562
44695,0.56055
44696,0.33008
44697,0.095703
44698,-0.058594
44699,-0.14453
44700,-0.18359
44701,-0.19922
44702,-0.21484
44703,-0.20898
44704,-0.21875
44705,-0.22461
44706,-0.21875
44707,-0.21484
44708,-0.22852
44709,-0.21875
44710,-0.24023
44711,-0.24023
44712,-0.25391
44713,-0.26953
44714,-0.2793
44715,-0.31445
44716,-0.35352
44717,-0.4043
44718,-0.45898
44719,-0.49805
44720,-0.49805
44721,-0.49805
44722,-0.49805
44723,-0.49805
44724,-0.49805
44725,-0.47461
44726,-0.38867
44727,-0.28906
44728,-0.22461
44729,-0.14453
44730,-0.089844
44731,-0.054688
44732,-0.029297
44733,0.0
44734,0.0
44735,0.019531
44736,0.041016
44737,0.025391
44738,0.019531
44739,0.025391
44740,0.019531
44741,0.025391
44742,0.019531
44743,0.035156
44744,0.015625
44745,0.0097656
44746,0.019531
44747,0.019531
44748,0.019531
44749,0.025391
44750,0.019531
44751,0.019531
44752,0.019531
44753,0.015625
44754,0.019531
44755,0.0097656
44756,0.019531
44757,0.0097656
44758,0.015625
44759,0.0058594
44760,0.0097656
44761,0.0
44762,0.0
44763,0.0
44764,0.0
44765,-0.0039062
44766,0.0
44767,-0.019531
44768,-0.0039062
44769,0.0
44770,0.015625
44771,0.019531
44772,0.019531
44773,0.019531
44774,0.019531
44775,0.0097656
44776,-0.0097656
44777,-0.074219
44778,-0.083984
44779,0.48047
44780,1.0547
44781,1.5
44782,1.5
44783,1.3945
44784,1.0996
44785,0.81055
44786,0.58984
44787,0.3457
44788,0.099609
44789,-0.064453
44790,-0.16406
44791,-0.20898
44792,-0.25391
44793,-0.25977
44794,-0.26953
44795,-0.26367
44796,-0.26953
44797,-0.2793
44798,-0.2793
44799,-0.2793
44800,-0.28516
44801,-0.28906
44802,-0.29883
44803,-0.30469
44804,-0.32422
44805,-0.35352
44806,-0.37891
44807,-0.41992
44808,-0.46484
44809,-0.49805
44810,-0.49805
44811,-0.49805
44812,-0.49805
44813,-0.49805
44814,-0.49805
44815,-0.49805
44816,-0.49805
44817,-0.45312
44818,-0.35352
44819,-0.27344
44820,-0.20898
44821,-0.1543
44822,-0.10938
44823,-0.083984
44824,-0.064453
44825,-0.048828
44826,-0.035156
44827,-0.029297
44828,-0.025391
44829,-0.025391
44830,-0.025391
44831,-0.019531
44832,-0.025391
44833,-0.025391
44834,-0.025391
44835,-0.025391
44836,-0.025391
44837,-0.025391
44838,-0.029297
44839,-0.025391
44840,-0.025391
44841,-0.025391
44842,-0.025391
44843,-0.025391
44844,-0.025391
44845,-0.025391
44846,-0.025391
44847,-0.025391
44848,-0.019531
44849,-0.025391
44850,-0.019531
44851,-0.019531
44852,-0.025391
44853,-0.025391
44854,-0.025391
44855,-0.029297
44856,-0.035156
44857,-0.035156
44858,-0.039062
44859,-0.035156
44860,-0.048828
44861,-0.039062
44862,-0.025391
44863,-0.0097656
44864,0.0
44865,0.0097656
44866,0.015625
44867,0.015625
44868,0.0097656
44869,0.0
44870,-0.039062
44871,-0.074219
44872,0.26562
44873,0.79492
44874,1.3047
44875,1.5
44876,1.4199
44877,1.1543
44878,0.87891
44879,0.65039
44880,0.42578
44881,0.17969
44882,-0.0097656
44883,-0.11914
44884,-0.17969
44885,-0.20508
44886,-0.22461
44887,-0.22852
44888,-0.22852
44889,-0.23438
44890,-0.23438
44891,-0.23438
44892,-0.24023
44893,-0.24414
44894,-0.25391
44895,-0.25977
44896,-0.26953
44897,-0.2793
44898,-0.29883
44899,-0.32422
44900,-0.35938
44901,-0.39453
44902,-0.44336
44903,-0.49805
44904,-0.49805
44905,-0.49805
44906,-0.49805
44907,-0.49805
44908,-0.49805
44909,-0.49805
44910,-0.45312
44911,-0.36914
44912,-0.2793
44913,-0.20898
44914,-0.1543
44915,-0.10938
44916,-0.070312
44917,-0.044922
44918,-0.029297
44919,-0.019531
44920,-0.0097656
44921,-0.0039062
44922,-0.0039062
44923,0.0
44924,0.0
44925,0.0
44926,0.0
44927,-0.0097656
44928,-0.0097656
44929,-0.0039062
44930,-0.0039062
44931,-0.0097656
44932,-0.0039062
44933,-0.0097656
44934,-0.0097656
44935,-0.0097656
44936,-0.0039062
44937,0.0
44938,-0.0039062
44939,-0.0039062
44940,0.0
44941,-0.0039062
44942,-0.0097656
44943,-0.0097656
44944,-0.0039062
44945,-0.0097656
44946,-0.019531
44947,-0.025391
44948,-0.025391
44949,-0.025391
44950,-0.025391
44951,-0.029297
44952,-0.019531
44953,-0.029297
44954,-0.019531
44955,0.0
44956,0.0097656
44957,0.019531
44958,0.025391
44959,0.025391
44960,0.025391
44961,0.025391
44962,0.0058594
44963,-0.054688
44964,-0.064453
44965,0.46094
44966,1.0
44967,1.4688
44968,1.5
44969,1.3301
44970,1.0547
44971,0.78906
44972,0.58398
44973,0.3457
44974,0.11133
44975,-0.039062
44976,-0.13477
44977,-0.16992
44978,-0.19336
44979,-0.20898
44980,-0.20898
44981,-0.21875
44982,-0.21875
44983,-0.21875
44984,-0.22461
44985,-0.22852
44986,-0.23438
44987,-0.24023
44988,-0.25
44989,-0.25391
44990,-0.27344
44991,-0.28906
44992,-0.33008
44993,-0.35938
44994,-0.4082
44995,-0.45898
44996,-0.49805
44997,-0.49805
44998,-0.49805
44999,-0.49805
45000,-0.49805
45001,-0.49805
45002,-0.49414
45003,-0.4082
45004,-0.31836
45005,-0.24023
45006,-0.17969
45007,-0.125
45008,-0.080078
45009,-0.048828
45010,-0.029297
45011,-0.019531
45012,-0.0039062
45013,0.015625
45014,0.015625
45015,0.0097656
45016,0.0058594
45017,0.019531
45018,0.0097656
45019,0.015625
45020,0.0058594
45021,0.019531
45022,0.0058594
45023,0.0097656
45024,0.015625
45025,0.0097656
45026,0.025391
45027,0.015625
45028,0.025391
45029,0.03125
45030,0.015625
45031,0.025391
45032,0.015625
45033,0.025391
45034,0.019531
45035,0.041016
45036,0.03125
45037,0.025391
45038,0.041016
45039,0.03125
45040,0.019531
45041,0.035156
45042,0.03125
45043,0.050781
45044,0.019531
45045,0.041016
45046,0.035156
45047,0.050781
45048,0.044922
45049,0.070312
45050,0.076172
45051,0.060547
45052,0.070312
45053,0.076172
45054,0.064453
45055,0.0058594
45056,-0.029297
45057,0.41992
45058,1.0293
45059,1.5
45060,1.5
45061,1.5
45062,1.2695
45063,0.96484
45064,0.70898
45065,0.44922
45066,0.18945
45067,0.0097656
45068,-0.10938
45069,-0.16406
45070,-0.20508
45071,-0.21875
45072,-0.22852
45073,-0.21484
45074,-0.22461
45075,-0.23438
45076,-0.23438
45077,-0.23438
45078,-0.24023
45079,-0.25
45080,-0.25977
45081,-0.26367
45082,-0.28906
45083,-0.30859
45084,-0.33398
45085,-0.36914
45086,-0.42383
45087,-0.47852
45088,-0.49805
45089,-0.49805
45090,-0.49805
45091,-0.49805
45092,-0.49805
45093,-0.49805
45094,-0.49805
45095,-0.45312
45096,-0.36328
45097,-0.27344
45098,-0.20508
45099,-0.14453
45100,-0.099609
45101,-0.070312
45102,-0.044922
45103,-0.029297
45104,-0.025391
45105,-0.019531
45106,-0.013672
45107,-0.0097656
45108,-0.013672
45109,-0.0097656
45110,-0.013672
45111,-0.019531
45112,-0.019531
45113,-0.025391
45114,-0.019531
45115,-0.025391
45116,-0.019531
45117,-0.025391
45118,-0.025391
45119,-0.019531
45120,-0.019531
45121,-0.019531
45122,-0.019531
45123,-0.013672
45124,-0.0097656
45125,-0.0097656
45126,-0.0039062
45127,-0.0039062
45128,-0.0097656
45129,-0.0097656
45130,-0.013672
45131,-0.0097656
45132,-0.0039062
45133,-0.0097656
45134,-0.019531
45135,-0.019531
45136,-0.025391
45137,-0.013672
45138,-0.025391
45139,-0.025391
45140,-0.029297
45141,-0.025391
45142,-0.0097656
45143,0.0
45144,0.019531
45145,0.019531
45146,0.019531
45147,0.019531
45148,0.015625
45149,-0.0039062
45150,-0.070312
45151,0.050781
45152,0.53906
45153,1.0898
45154,1.5
45155,1.5
45156,1.2988
45157,1.0195
45158,0.75977
45159,0.55469
45160,0.31055
45161,0.080078
45162,-0.064453
45163,-0.14844
45164,-0.17969
45165,-0.20898
45166,-0.21875
45167,-0.22461
45168,-0.22461
45169,-0.22461
45170,-0.22461
45171,-0.22852
45172,-0.23438
45173,-0.24023
45174,-0.24414
45175,-0.25391
45176,-0.25977
45177,-0.2793
45178,-0.30469
45179,-0.33398
45180,-0.36914
45181,-0.41406
45182,-0.46484
45183,-0.49805
45184,-0.49805
45185,-0.49805
45186,-0.49805
45187,-0.49805
45188,-0.49805
45189,-0.49805
45190,-0.41406
45191,-0.31836
45192,-0.25
45193,-0.18359
45194,-0.12891
45195,-0.089844
45196,-0.064453
45197,-0.035156
45198,-0.025391
45199,-0.013672
45200,-0.0097656
45201,-0.0039062
45202,0.0
45203,-0.0039062
45204,0.0
45205,0.0
45206,0.0
45207,0.0
45208,-0.0097656
45209,-0.013672
45210,-0.013672
45211,-0.013672
45212,-0.013672
45213,-0.013672
45214,-0.013672
45215,-0.013672
45216,-0.013672
45217,-0.013672
45218,-0.0097656
45219,-0.0097656
45220,-0.0039062
45221,-0.0039062
45222,-0.0039062
45223,-0.0097656
45224,-0.0039062
45225,-0.013672
45226,-0.019531
45227,-0.025391
45228,-0.025391
45229,-0.025391
45230,-0.029297
45231,-0.025391
45232,-0.035156
45233,-0.013672
45234,-0.0039062
45235,0.0097656
45236,0.019531
45237,0.019531
45238,0.019531
45239,0.019531
45240,0.015625
45241,-0.013672
45242,-0.074219
45243,0.14453
45244,0.66016
45245,1.1895
45246,1.5
45247,1.4844
45248,1.2246
45249,0.95898
45250,0.70898
45251,0.5
45252,0.24609
45253,0.041016
45254,-0.089844
45255,-0.16016
45256,-0.18359
45257,-0.20508
45258,-0.21484
45259,-0.21875
45260,-0.22461
45261,-0.22461
45262,-0.22461
45263,-0.23438
45264,-0.22852
45265,-0.23438
45266,-0.24414
45267,-0.25977
45268,-0.26953
45269,-0.28906
45270,-0.30859
45271,-0.34375
45272,-0.38477
45273,-0.42969
45274,-0.48438
45275,-0.49805
45276,-0.49805
45277,-0.49805
45278,-0.49805
45279,-0.49805
45280,-0.49805
45281,-0.46484
45282,-0.38477
45283,-0.29492
45284,-0.22461
45285,-0.16016
45286,-0.11523
45287,-0.080078
45288,-0.054688
45289,-0.029297
45290,-0.025391
45291,-0.013672
45292,-0.0039062
45293,0.0
45294,0.0
45295,0.0
45296,0.0
45297,0.0
45298,-0.0039062
45299,0.0
45300,0.0
45301,0.0
45302,-0.0039062
45303,-0.0039062
45304,0.0
45305,0.0
45306,-0.0039062
45307,-0.0039062
45308,-0.0039062
45309,-0.0097656
45310,0.0
45311,0.0
45312,0.0
45313,-0.0097656
45314,0.0097656
45315,-0.0097656
45316,-0.0039062
45317,-0.019531
45318,-0.0039062
45319,-0.019531
45320,0.0058594
45321,-0.019531
45322,-0.0039062
45323,0.0
45324,-0.0039062
45325,0.0058594
45326,0.019531
45327,0.041016
45328,0.044922
45329,0.044922
45330,0.064453
45331,0.070312
45332,0.050781
45333,0.025391
45334,-0.035156
45335,0.13086
45336,0.66992
45337,1.2598
45338,1.5
45339,1.5
45340,1.4141
45341,1.1035
45342,0.81445
45343,0.58984
45344,0.32031
45345,0.089844
45346,-0.044922
45347,-0.13867
45348,-0.16406
45349,-0.19922
45350,-0.22461
45351,-0.20898
45352,-0.20508
45353,-0.21875
45354,-0.22852
45355,-0.21875
45356,-0.21484
45357,-0.23438
45358,-0.24414
45359,-0.25977
45360,-0.26367
45361,-0.28516
45362,-0.30469
45363,-0.33398
45364,-0.37891
45365,-0.43359
45366,-0.48438
45367,-0.49805
45368,-0.49805
45369,-0.49805
45370,-0.49805
45371,-0.49805
45372,-0.49805
45373,-0.48438
45374,-0.38867
45375,-0.29492
45376,-0.20898
45377,-0.1543
45378,-0.10352
45379,-0.058594
45380,-0.029297
45381,-0.013672
45382,-0.0097656
45383,0.0
45384,0.0
45385,0.0
45386,0.0
45387,0.0
45388,0.0
45389,0.0
45390,0.0
45391,0.0
45392,-0.0097656
45393,-0.0039062
45394,-0.0097656
45395,-0.0097656
45396,-0.013672
45397,-0.013672
45398,-0.013672
45399,-0.013672
45400,-0.013672
45401,-0.0097656
45402,-0.0097656
45403,-0.013672
45404,-0.013672
45405,-0.0097656
45406,-0.0097656
45407,-0.013672
45408,-0.0097656
45409,-0.025391
45410,-0.019531
45411,-0.025391
45412,-0.025391
45413,-0.025391
45414,-0.025391
45415,-0.029297
45416,-0.029297
45417,-0.019531
45418,-0.0039062
45419,0.0
45420,0.019531
45421,0.019531
45422,0.019531
45423,0.019531
45424,0.019531
45425,-0.0097656
45426,-0.070312
45427,0.060547
45428,0.56055
45429,1.1035
45430,1.5
45431,1.5
45432,1.3145
45433,1.0352
45434,0.75977
45435,0.55469
45436,0.31055
45437,0.085938
45438,-0.064453
45439,-0.1543
45440,-0.19336
45441,-0.21484
45442,-0.22852
45443,-0.23438
45444,-0.22852
45445,-0.23438
45446,-0.23438
45447,-0.23438
45448,-0.24023
45449,-0.24414
45450,-0.25391
45451,-0.25977
45452,-0.27344
45453,-0.29492
45454,-0.30859
45455,-0.33984
45456,-0.375
45457,-0.41992
45458,-0.47852
45459,-0.49805
45460,-0.49805
45461,-0.49805
45462,-0.49805
45463,-0.49805
45464,-0.49805
45465,-0.49805
45466,-0.4082
45467,-0.31836
45468,-0.24414
45469,-0.17969
45470,-0.125
45471,-0.083984
45472,-0.054688
45473,-0.035156
45474,-0.025391
45475,-0.019531
45476,-0.0097656
45477,-0.0039062
45478,-0.0039062
45479,0.0
45480,0.0
45481,0.0
45482,-0.0039062
45483,-0.0097656
45484,-0.013672
45485,-0.0097656
45486,-0.0039062
45487,-0.0039062
45488,-0.0039062
45489,-0.0039062
45490,-0.0097656
45491,-0.0097656
45492,-0.0039062
45493,-0.0039062
45494,0.0
45495,0.0
45496,0.0
45497,0.0
45498,0.0
45499,0.0
45500,0.0
45501,-0.0097656
45502,-0.0039062
45503,-0.013672
45504,-0.013672
45505,-0.019531
45506,-0.0097656
45507,-0.025391
45508,-0.025391
45509,-0.0039062
45510,0.0058594
45511,0.019531
45512,0.019531
45513,0.03125
45514,0.035156
45515,0.03125
45516,0.025391
45517,-0.0097656
45518,-0.064453
45519,0.15625
45520,0.66992
45521,1.1934
45522,1.5
45523,1.4844
45524,1.2285
45525,0.95898
45526,0.70898
45527,0.50586
45528,0.25586
45529,0.041016
45530,-0.083984
45531,-0.16016
45532,-0.18359
45533,-0.20508
45534,-0.21484
45535,-0.21484
45536,-0.21875
45537,-0.21875
45538,-0.22852
45539,-0.22852
45540,-0.22852
45541,-0.23438
45542,-0.24414
45543,-0.25
45544,-0.26367
45545,-0.2793
45546,-0.30469
45547,-0.33398
45548,-0.375
45549,-0.41992
45550,-0.47461
45551,-0.49805
45552,-0.49805
45553,-0.49805
45554,-0.49805
45555,-0.49805
45556,-0.49805
45557,-0.46484
45558,-0.375
45559,-0.29492
45560,-0.21484
45561,-0.16016
45562,-0.10938
45563,-0.074219
45564,-0.048828
45565,-0.035156
45566,-0.019531
45567,-0.013672
45568,-0.0039062
45569,0.0
45570,0.0
45571,0.0058594
45572,0.0
45573,0.0058594
45574,0.0058594
45575,0.0
45576,-0.0039062
45577,0.0
45578,0.0
45579,0.0
45580,-0.0039062
45581,0.0
45582,0.0
45583,-0.0039062
45584,-0.0039062
45585,-0.0039062
45586,-0.0097656
45587,-0.0039062
45588,0.0
45589,0.0
45590,-0.0039062
45591,0.0
45592,0.0058594
45593,-0.0097656
45594,-0.0039062
45595,-0.019531
45596,-0.025391
45597,-0.019531
45598,-0.029297
45599,-0.013672
45600,-0.013672
45601,0.0058594
45602,0.0097656
45603,0.035156
45604,0.050781
45605,0.025391
45606,0.044922
45607,0.035156
45608,0.050781
45609,-0.039062
45610,0.041016
45611,0.52539
45612,1.0938
45613,1.5
45614,1.5
45615,1.4336
45616,1.1387
45617,0.85547
45618,0.64062
45619,0.38086
45620,0.14062
45621,-0.029297
45622,-0.125
45623,-0.16016
45624,-0.18945
45625,-0.18359
45626,-0.20508
45627,-0.19922
45628,-0.21875
45629,-0.20898
45630,-0.21484
45631,-0.22461
45632,-0.21875
45633,-0.23438
45634,-0.24023
45635,-0.25977
45636,-0.2793
45637,-0.29883
45638,-0.33008
45639,-0.375
45640,-0.42383
45641,-0.47461
45642,-0.49805
45643,-0.49805
45644,-0.49805
45645,-0.49805
45646,-0.49805
45647,-0.49805
45648,-0.48828
45649,-0.39453
45650,-0.29883
45651,-0.21875
45652,-0.14844
45653,-0.10352
45654,-0.058594
45655,-0.029297
45656,-0.0097656
45657,0.0
45658,0.0097656
45659,0.0097656
45660,0.019531
45661,0.015625
45662,0.015625
45663,0.0058594
45664,0.0
45665,0.0
45666,0.0
45667,0.0
45668,0.0
45669,-0.0039062
45670,-0.0039062
45671,-0.0039062
45672,-0.0097656
45673,-0.0039062
45674,-0.0097656
45675,-0.013672
45676,-0.0097656
45677,-0.019531
45678,-0.013672
45679,-0.0097656
45680,-0.013672
45681,-0.0097656
45682,-0.013672
45683,-0.019531
45684,-0.019531
45685,-0.019531
45686,-0.025391
45687,-0.025391
45688,-0.029297
45689,-0.025391
45690,-0.035156
45691,-0.029297
45692,-0.019531
45693,-0.0039062
45694,0.0
45695,0.0097656
45696,0.019531
45697,0.019531
45698,0.019531
45699,0.015625
45700,-0.019531
45701,-0.074219
45702,0.14062
45703,0.66406
45704,1.209
45705,1.5
45706,1.5
45707,1.2539
45708,0.98438
45709,0.7207
45710,0.50977
45711,0.26562
45712,0.050781
45713,-0.083984
45714,-0.16016
45715,-0.19336
45716,-0.21875
45717,-0.22461
45718,-0.22852
45719,-0.22852
45720,-0.23438
45721,-0.23438
45722,-0.23438
45723,-0.24414
45724,-0.25
45725,-0.25977
45726,-0.26367
45727,-0.2793
45728,-0.29883
45729,-0.31836
45730,-0.34961
45731,-0.38867
45732,-0.43945
45733,-0.48828
45734,-0.49805
45735,-0.49805
45736,-0.49805
45737,-0.49805
45738,-0.49805
45739,-0.49805
45740,-0.46875
45741,-0.38477
45742,-0.29883
45743,-0.22461
45744,-0.16016
45745,-0.10938
45746,-0.070312
45747,-0.048828
45748,-0.029297
45749,-0.019531
45750,-0.0097656
45751,0.0
45752,0.0
45753,0.0
45754,0.0
45755,0.0
45756,0.0
45757,-0.0039062
45758,0.0
45759,0.0
45760,-0.0039062
45761,0.0
45762,0.0
45763,-0.0039062
45764,-0.0039062
45765,-0.0039062
45766,0.0
45767,0.0
45768,0.0
45769,0.0
45770,0.0
45771,-0.0097656
45772,-0.0097656
45773,-0.0097656
45774,-0.0097656
45775,-0.013672
45776,-0.0097656
45777,-0.025391
45778,-0.025391
45779,-0.019531
45780,-0.025391
45781,-0.019531
45782,-0.029297
45783,-0.025391
45784,-0.0097656
45785,0.0
45786,0.0097656
45787,0.019531
45788,0.025391
45789,0.025391
45790,0.019531
45791,0.019531
45792,-0.0097656
45793,-0.064453
45794,0.13477
45795,0.65039
45796,1.1738
45797,1.5
45798,1.4844
45799,1.2402
45800,0.96484
45801,0.7207
45802,0.50977
45803,0.25977
45804,0.044922
45805,-0.083984
45806,-0.1543
45807,-0.18359
45808,-0.20898
45809,-0.21484
45810,-0.21484
45811,-0.22461
45812,-0.21875
45813,-0.22461
45814,-0.22461
45815,-0.22852
45816,-0.23438
45817,-0.24414
45818,-0.25391
45819,-0.26953
45820,-0.28516
45821,-0.30859
45822,-0.33984
45823,-0.37891
45824,-0.42383
45825,-0.47852
45826,-0.49805
45827,-0.49805
45828,-0.49805
45829,-0.49805
45830,-0.49805
45831,-0.49805
45832,-0.45898
45833,-0.375
45834,-0.29492
45835,-0.21875
45836,-0.16016
45837,-0.10938
45838,-0.080078
45839,-0.048828
45840,-0.035156
45841,-0.019531
45842,-0.0097656
45843,0.0
45844,0.0
45845,0.0
45846,0.0
45847,0.0
45848,0.0
45849,-0.0039062
45850,-0.0097656
45851,-0.0039062
45852,-0.0039062
45853,-0.0039062
45854,0.0
45855,-0.0039062
45856,0.0
45857,-0.0039062
45858,0.0
45859,-0.0097656
45860,-0.0039062
45861,-0.0097656
45862,-0.0039062
45863,-0.0097656
45864,0.0
45865,-0.0039062
45866,-0.0039062
45867,-0.0097656
45868,-0.0097656
45869,-0.013672
45870,-0.019531
45871,-0.019531
45872,-0.025391
45873,-0.019531
45874,-0.025391
45875,-0.025391
45876,-0.0039062
45877,0.0097656
45878,0.019531
45879,0.019531
45880,0.03125
45881,0.03125
45882,0.025391
45883,0.019531
45884,-0.0039062
45885,-0.064453
45886,0.095703
45887,0.5957
45888,1.1191
45889,1.5
45890,1.5
45891,1.2598
45892,0.99023
45893,0.73438
45894,0.53516
45895,0.29102
45896,0.064453
45897,-0.070312
45898,-0.1543
45899,-0.17969
45900,-0.20508
45901,-0.20898
45902,-0.21484
45903,-0.21875
45904,-0.21484
45905,-0.21875
45906,-0.21484
45907,-0.23438
45908,-0.22461
45909,-0.24023
45910,-0.24414
45911,-0.25391
45912,-0.28516
45913,-0.30469
45914,-0.32422
45915,-0.36914
45916,-0.42383
45917,-0.46875
45918,-0.49805
45919,-0.49805
45920,-0.49805
45921,-0.49805
45922,-0.49805
45923,-0.49805
45924,-0.45898
45925,-0.375
45926,-0.2793
45927,-0.19922
45928,-0.13477
45929,-0.083984
45930,-0.039062
45931,-0.019531
45932,0.0
45933,0.019531
45934,0.019531
45935,0.019531
45936,0.035156
45937,0.041016
45938,0.03125
45939,0.060547
45940,0.041016
45941,0.03125
45942,0.035156
45943,0.025391
45944,0.03125
45945,0.041016
45946,0.03125
45947,0.025391
45948,0.044922
45949,0.035156
45950,0.019531
45951,0.025391
45952,0.019531
45953,0.019531
45954,0.025391
45955,0.019531
45956,0.019531
45957,0.019531
45958,0.019531
45959,0.019531
45960,0.019531
45961,0.0058594
45962,0.015625
45963,0.0058594
45964,0.0097656
45965,0.0
45966,0.0
45967,0.0097656
45968,0.019531
45969,0.03125
45970,0.041016
45971,0.035156
45972,0.041016
45973,0.041016
45974,0.035156
45975,-0.013672
45976,-0.064453
45977,0.25
45978,0.82422
45979,1.3789
45980,1.5
45981,1.5
45982,1.2637
45983,0.96875
45984,0.7207
45985,0.48438
45986,0.23047
45987,0.03125
45988,-0.10352
45989,-0.17383
45990,-0.22461
45991,-0.24414
45992,-0.25977
45993,-0.25391
45994,-0.25977
45995,-0.25977
45996,-0.25977
45997,-0.26367
45998,-0.2793
45999,-0.2793
46000,-0.28516
46001,-0.29492
46002,-0.30469
46003,-0.33008
46004,-0.35352
46005,-0.38867
46006,-0.43359
46007,-0.48438
46008,-0.49805
46009,-0.49805
46010,-0.49805
46011,-0.49805
46012,-0.49805
46013,-0.49805
46014,-0.49805
46015,-0.48828
46016,-0.38867
46017,-0.30859
46018,-0.23438
46019,-0.17383
46020,-0.125
46021,-0.089844
46022,-0.058594
46023,-0.044922
46024,-0.029297
46025,-0.025391
46026,-0.019531
46027,-0.013672
46028,-0.019531
46029,-0.013672
46030,-0.019531
46031,-0.019531
46032,-0.019531
46033,-0.013672
46034,-0.019531
46035,-0.013672
46036,-0.019531
46037,-0.013672
46038,-0.019531
46039,-0.013672
46040,-0.019531
46041,-0.013672
46042,-0.013672
46043,-0.013672
46044,-0.013672
46045,-0.0097656
46046,-0.013672
46047,-0.0097656
46048,-0.013672
46049,-0.0097656
46050,-0.013672
46051,-0.0097656
46052,-0.013672
46053,-0.0097656
46054,-0.019531
46055,-0.025391
46056,-0.025391
46057,-0.025391
46058,-0.013672
46059,-0.025391
46060,-0.019531
46061,0.0
46062,0.0097656
46063,0.019531
46064,0.025391
46065,0.03125
46066,0.03125
46067,0.03125
46068,0.015625
46069,-0.035156
46070,-0.058594
46071,0.28516
46072,0.82031
46073,1.3184
46074,1.5
46075,1.4043
46076,1.1445
46077,0.875
46078,0.65039
46079,0.43555
46080,0.17969
46081,-0.0039062
46082,-0.11914
46083,-0.16406
46084,-0.19336
46085,-0.21484
46086,-0.21875
46087,-0.21484
46088,-0.21875
46089,-0.22461
46090,-0.22461
46091,-0.22852
46092,-0.23438
46093,-0.24023
46094,-0.25
46095,-0.25977
46096,-0.27344
46097,-0.28906
46098,-0.31445
46099,-0.34961
46100,-0.38867
46101,-0.44336
46102,-0.49805
46103,-0.49805
46104,-0.49805
46105,-0.49805
46106,-0.49805
46107,-0.49805
46108,-0.49805
46109,-0.44922
46110,-0.35938
46111,-0.2793
46112,-0.21484
46113,-0.1543
46114,-0.10938
46115,-0.074219
46116,-0.048828
46117,-0.035156
46118,-0.019531
46119,-0.013672
46120,-0.0097656
46121,-0.0097656
46122,-0.0039062
46123,0.0
46124,-0.0039062
46125,-0.0039062
46126,-0.0097656
46127,-0.0097656
46128,-0.0039062
46129,-0.0097656
46130,-0.0039062
46131,-0.0097656
46132,-0.013672
46133,-0.0097656
46134,-0.0097656
46135,-0.0097656
46136,-0.0039062
46137,-0.0097656
46138,-0.0097656
46139,-0.0039062
46140,-0.013672
46141,-0.0097656
46142,-0.013672
46143,-0.0097656
46144,-0.013672
46145,-0.019531
46146,-0.025391
46147,-0.025391
46148,-0.025391
46149,-0.029297
46150,-0.025391
46151,-0.029297
46152,-0.035156
46153,-0.013672
46154,0.0
46155,0.015625
46156,0.019531
46157,0.019531
46158,0.019531
46159,0.015625
46160,0.0058594
46161,-0.044922
46162,-0.074219
46163,0.32031
46164,0.84961
46165,1.3496
46166,1.5
46167,1.3848
46168,1.1094
46169,0.85547
46170,0.63477
46171,0.41016
46172,0.16602
46173,-0.0097656
46174,-0.11914
46175,-0.16992
46176,-0.19336
46177,-0.21484
46178,-0.21484
46179,-0.21875
46180,-0.22461
46181,-0.21875
46182,-0.22852
46183,-0.22461
46184,-0.23438
46185,-0.24023
46186,-0.25
46187,-0.25977
46188,-0.2793
46189,-0.29492
46190,-0.31836
46191,-0.34961
46192,-0.39453
46193,-0.44336
46194,-0.49805
46195,-0.49805
46196,-0.49805
46197,-0.49805
46198,-0.49805
46199,-0.49805
46200,-0.49805
46201,-0.43945
46202,-0.34961
46203,-0.26367
46204,-0.19922
46205,-0.13867
46206,-0.099609
46207,-0.070312
46208,-0.044922
46209,-0.025391
46210,-0.013672
46211,-0.0097656
46212,-0.0039062
46213,0.0
46214,0.0
46215,-0.0039062
46216,0.0058594
46217,-0.013672
46218,0.0
46219,-0.0097656
46220,0.0
46221,0.0058594
46222,-0.0097656
46223,0.0058594
46224,0.015625
46225,0.0
46226,0.015625
46227,0.0
46228,0.0058594
46229,0.015625
46230,0.019531
46231,0.0097656
46232,0.015625
46233,0.019531
46234,0.019531
46235,0.015625
46236,0.019531
46237,0.025391
46238,0.0097656
46239,0.0058594
46240,0.025391
46241,0.019531
46242,0.025391
46243,0.015625
46244,0.019531
46245,0.025391
46246,0.050781
46247,0.041016
46248,0.070312
46249,0.050781
46250,0.064453
46251,0.060547
46252,0.064453
46253,-0.0039062
46254,-0.029297
46255,0.33594
46256,0.92969
46257,1.4844
46258,1.5
46259,1.5
46260,1.2793
46261,0.97461
46262,0.72461
46263,0.4707
46264,0.20508
46265,0.0097656
46266,-0.10938
46267,-0.16406
46268,-0.20508
46269,-0.22852
46270,-0.22852
46271,-0.23438
46272,-0.23438
46273,-0.24023
46274,-0.24023
46275,-0.23438
46276,-0.25
46277,-0.25391
46278,-0.26367
46279,-0.26953
46280,-0.28516
46281,-0.30469
46282,-0.33984
46283,-0.37891
46284,-0.41992
46285,-0.47852
46286,-0.49805
46287,-0.49805
46288,-0.49805
46289,-0.49805
46290,-0.49805
46291,-0.49805
46292,-0.49805
46293,-0.47852
46294,-0.38477
46295,-0.29492
46296,-0.21875
46297,-0.16016
46298,-0.10938
46299,-0.080078
46300,-0.054688
46301,-0.039062
46302,-0.025391
46303,-0.019531
46304,-0.013672
46305,-0.019531
46306,-0.013672
46307,-0.019531
46308,-0.013672
46309,-0.019531
46310,-0.019531
46311,-0.025391
46312,-0.019531
46313,-0.025391
46314,-0.019531
46315,-0.025391
46316,-0.019531
46317,-0.019531
46318,-0.013672
46319,-0.013672
46320,-0.0097656
46321,-0.013672
46322,-0.0039062
46323,-0.013672
46324,-0.013672
46325,-0.019531
46326,-0.013672
46327,-0.019531
46328,-0.013672
46329,-0.013672
46330,-0.013672
46331,-0.013672
46332,-0.013672
46333,-0.025391
46334,-0.019531
46335,-0.025391
46336,-0.019531
46337,-0.025391
46338,-0.029297
46339,-0.0097656
46340,0.0
46341,0.015625
46342,0.015625
46343,0.019531
46344,0.019531
46345,0.025391
46346,0.015625
46347,-0.019531
46348,-0.070312
46349,0.20508
46350,0.72461
46351,1.25
46352,1.5
46353,1.459
46354,1.2051
46355,0.93555
46356,0.68945
46357,0.47461
46358,0.23438
46359,0.025391
46360,-0.09375
46361,-0.16406
46362,-0.18359
46363,-0.20898
46364,-0.21484
46365,-0.21875
46366,-0.21875
46367,-0.22461
46368,-0.22461
46369,-0.22852
46370,-0.22852
46371,-0.23438
46372,-0.24023
46373,-0.25391
46374,-0.26367
46375,-0.28516
46376,-0.30469
46377,-0.33398
46378,-0.375
46379,-0.42383
46380,-0.47461
46381,-0.49805
46382,-0.49805
46383,-0.49805
46384,-0.49805
46385,-0.49805
46386,-0.49805
46387,-0.45898
46388,-0.37891
46389,-0.29492
46390,-0.22461
46391,-0.16016
46392,-0.11523
46393,-0.070312
46394,-0.048828
46395,-0.029297
46396,-0.019531
46397,-0.0097656
46398,-0.0039062
46399,0.0
46400,0.0
46401,0.0
46402,0.0
46403,0.0
46404,0.0
46405,-0.0039062
46406,-0.0039062
46407,-0.0039062
46408,0.0
46409,-0.0039062
46410,-0.0097656
46411,-0.0039062
46412,-0.0097656
46413,-0.0039062
46414,0.0
46415,0.0
46416,0.0
46417,-0.0039062
46418,0.0
46419,-0.0039062
46420,-0.0039062
46421,-0.0097656
46422,-0.0097656
46423,-0.019531
46424,-0.025391
46425,-0.025391
46426,-0.019531
46427,-0.025391
46428,-0.025391
46429,-0.035156
46430,-0.019531
46431,-0.0039062
46432,0.0058594
46433,0.019531
46434,0.025391
46435,0.03125
46436,0.025391
46437,0.03125
46438,0.0097656
46439,-0.039062
46440,-0.070312
46441,0.375
46442,0.9043
46443,1.3984
46444,1.5
46445,1.3691
46446,1.0938
46447,0.83008
46448,0.61523
46449,0.38477
46450,0.14062
46451,-0.025391
46452,-0.12891
46453,-0.16992
46454,-0.19336
46455,-0.20898
46456,-0.21484
46457,-0.21875
46458,-0.22461
46459,-0.22852
46460,-0.22852
46461,-0.22852
46462,-0.23438
46463,-0.24414
46464,-0.25
46465,-0.25977
46466,-0.26953
46467,-0.29492
46468,-0.31836
46469,-0.35938
46470,-0.39844
46471,-0.45312
46472,-0.49805
46473,-0.49805
46474,-0.49805
46475,-0.49805
46476,-0.49805
46477,-0.49805
46478,-0.49805
46479,-0.42383
46480,-0.33984
46481,-0.25977
46482,-0.19336
46483,-0.13867
46484,-0.099609
46485,-0.064453
46486,-0.044922
46487,-0.025391
46488,-0.013672
46489,-0.0097656
46490,-0.0039062
46491,0.0
46492,-0.0039062
46493,-0.0039062
46494,-0.0039062
46495,-0.0039062
46496,-0.0039062
46497,-0.0039062
46498,-0.0097656
46499,-0.0039062
46500,0.0
46501,0.0
46502,-0.0039062
46503,0.0
46504,-0.0039062
46505,-0.0097656
46506,-0.0039062
46507,-0.0097656
46508,-0.0039062
46509,-0.0097656
46510,-0.0039062
46511,-0.0097656
46512,-0.0039062
46513,-0.013672
46514,-0.019531
46515,-0.019531
46516,-0.019531
46517,-0.019531
46518,-0.019531
46519,-0.025391
46520,-0.025391
46521,-0.029297
46522,-0.013672
46523,0.0
46524,0.015625
46525,0.019531
46526,0.025391
46527,0.025391
46528,0.035156
46529,0.035156
46530,0.0097656
46531,-0.054688
46532,-0.080078
46533,0.46484
46534,1.0039
46535,1.4746
46536,1.5
46537,1.3301
46538,1.0488
46539,0.80469
46540,0.58398
46541,0.35938
46542,0.12109
46543,-0.035156
46544,-0.12891
46545,-0.14844
46546,-0.18945
46547,-0.18359
46548,-0.21484
46549,-0.18945
46550,-0.20898
46551,-0.21484
46552,-0.20898
46553,-0.21484
46554,-0.20898
46555,-0.22461
46556,-0.21875
46557,-0.25
46558,-0.24414
46559,-0.27344
46560,-0.30859
46561,-0.35938
46562,-0.38867
46563,-0.45312
46564,-0.49805
46565,-0.49805
46566,-0.49805
46567,-0.49805
46568,-0.49805
46569,-0.49805
46570,-0.48438
46571,-0.38867
46572,-0.29492
46573,-0.20508
46574,-0.14844
46575,-0.080078
46576,-0.054688
46577,-0.019531
46578,0.0
46579,0.015625
46580,0.015625
46581,0.03125
46582,0.03125
46583,0.035156
46584,0.019531
46585,0.03125
46586,0.03125
46587,0.025391
46588,0.025391
46589,0.025391
46590,0.019531
46591,0.019531
46592,0.015625
46593,0.025391
46594,0.015625
46595,0.019531
46596,0.015625
46597,0.015625
46598,0.015625
46599,0.015625
46600,0.0097656
46601,0.0058594
46602,0.0097656
46603,0.0058594
46604,-0.0039062
46605,-0.0097656
46606,-0.0039062
46607,-0.019531
46608,-0.013672
46609,-0.019531
46610,-0.0097656
46611,-0.025391
46612,-0.013672
46613,-0.0039062
46614,0.0058594
46615,0.015625
46616,0.019531
46617,0.025391
46618,0.019531
46619,0.015625
46620,0.0058594
46621,-0.044922
46622,-0.080078
46623,0.32031
46624,0.875
46625,1.4141
46626,1.5
46627,1.4531
46628,1.1699
46629,0.88867
46630,0.6543
46631,0.42578
46632,0.17578
46633,-0.0097656
46634,-0.12891
46635,-0.18359
46636,-0.22461
46637,-0.23438
46638,-0.24023
46639,-0.24023
46640,-0.25
46641,-0.25
46642,-0.25391
46643,-0.25977
46644,-0.25977
46645,-0.26367
46646,-0.2793
46647,-0.28516
46648,-0.30469
46649,-0.33008
46650,-0.34961
46651,-0.37891
46652,-0.42969
46653,-0.47852
46654,-0.49805
46655,-0.49805
46656,-0.49805
46657,-0.49805
46658,-0.49805
46659,-0.49805
46660,-0.49805
46661,-0.45312
46662,-0.36328
46663,-0.2793
46664,-0.20508
46665,-0.14844
46666,-0.10352
46667,-0.074219
46668,-0.048828
46669,-0.029297
46670,-0.025391
46671,-0.013672
46672,-0.019531
46673,-0.0097656
46674,-0.013672
46675,-0.0039062
46676,-0.0039062
46677,-0.0097656
46678,-0.0039062
46679,-0.0039062
46680,-0.0097656
46681,-0.0039062
46682,-0.0097656
46683,-0.0039062
46684,0.0
46685,-0.0039062
46686,-0.0097656
46687,-0.0039062
46688,-0.0097656
46689,-0.0097656
46690,0.0
46691,-0.0039062
46692,-0.0097656
46693,-0.0097656
46694,-0.0097656
46695,0.0
46696,-0.0039062
46697,-0.0039062
46698,-0.013672
46699,-0.013672
46700,-0.019531
46701,-0.019531
46702,-0.013672
46703,-0.025391
46704,-0.025391
46705,-0.029297
46706,-0.0097656
46707,0.0
46708,0.015625
46709,0.019531
46710,0.025391
46711,0.025391
46712,0.03125
46713,0.019531
46714,-0.0097656
46715,-0.074219
46716,0.17578
46717,0.68945
46718,1.209
46719,1.5
46720,1.4688
46721,1.2051
46722,0.94531
46723,0.69531
46724,0.48438
46725,0.23438
46726,0.03125
46727,-0.09375
46728,-0.16406
46729,-0.19336
46730,-0.21484
46731,-0.21875
46732,-0.21875
46733,-0.21875
46734,-0.23438
46735,-0.22852
46736,-0.23438
46737,-0.23438
46738,-0.24414
46739,-0.25
46740,-0.25977
46741,-0.26953
46742,-0.28516
46743,-0.30859
46744,-0.34375
46745,-0.38477
46746,-0.43359
46747,-0.48438
46748,-0.49805
46749,-0.49805
46750,-0.49805
46751,-0.49805
46752,-0.49805
46753,-0.49805
46754,-0.45898
46755,-0.375
46756,-0.29492
46757,-0.21875
46758,-0.16016
46759,-0.11523
46760,-0.080078
46761,-0.048828
46762,-0.029297
46763,-0.025391
46764,-0.0097656
46765,0.0
46766,-0.0039062
46767,-0.0097656
46768,-0.0039062
46769,0.0
46770,-0.0039062
46771,-0.0097656
46772,-0.0039062
46773,-0.0039062
46774,-0.0097656
46775,-0.0039062
46776,-0.0039062
46777,-0.0039062
46778,-0.0039062
46779,-0.0039062
46780,-0.0039062
46781,-0.0039062
46782,-0.0097656
46783,-0.0039062
46784,-0.0097656
46785,-0.0039062
46786,-0.0097656
46787,-0.0039062
46788,-0.013672
46789,-0.0097656
46790,-0.0097656
46791,-0.013672
46792,-0.025391
46793,-0.025391
46794,-0.019531
46795,-0.025391
46796,-0.025391
46797,-0.029297
46798,-0.013672
46799,-0.0039062
46800,0.0097656
46801,0.019531
46802,0.019531
46803,0.019531
46804,0.025391
46805,0.025391
46806,0.0
46807,-0.070312
46808,0.080078
46809,0.57031
46810,1.1035
46811,1.5
46812,1.5
46813,1.2695
46814,0.99023
46815,0.73438
46816,0.53516
46817,0.29492
46818,0.070312
46819,-0.070312
46820,-0.14844
46821,-0.18359
46822,-0.20898
46823,-0.21484
46824,-0.21484
46825,-0.21875
46826,-0.21875
46827,-0.22461
46828,-0.22852
46829,-0.22461
46830,-0.23438
46831,-0.22852
46832,-0.25
46833,-0.27344
46834,-0.26953
46835,-0.29883
46836,-0.32422
46837,-0.38477
46838,-0.41406
46839,-0.47461
46840,-0.49805
46841,-0.49805
46842,-0.49805
46843,-0.49805
46844,-0.49805
46845,-0.49805
46846,-0.46875
46847,-0.375
46848,-0.29492
46849,-0.19922
46850,-0.14844
46851,-0.089844
46852,-0.044922
46853,-0.0097656
46854,0.0
46855,0.0
46856,0.019531
46857,0.041016
46858,0.041016
46859,0.019531
46860,0.03125
46861,0.041016
46862,0.025391
46863,0.060547
46864,0.035156
46865,0.025391
46866,0.03125
46867,0.041016
46868,0.025391
46869,0.035156
46870,0.054688
46871,0.025391
46872,0.035156
46873,0.025391
46874,0.019531
46875,0.041016
46876,0.025391
46877,0.019531
46878,0.035156
46879,0.025391
46880,0.019531
46881,0.015625
46882,0.025391
46883,0.015625
46884,0.0097656
46885,0.019531
46886,0.0097656
46887,0.0
46888,-0.0097656
46889,0.0097656
46890,0.019531
46891,0.035156
46892,0.044922
46893,0.044922
46894,0.041016
46895,0.050781
46896,0.035156
46897,0.0097656
46898,-0.058594
46899,0.076172
46900,0.59961
46901,1.209
46902,1.5
46903,1.5
46904,1.4043
46905,1.0996
46906,0.81445
46907,0.58398
46908,0.33008
46909,0.089844
46910,-0.064453
46911,-0.16016
46912,-0.20898
46913,-0.23438
46914,-0.25
46915,-0.25391
46916,-0.25977
46917,-0.25977
46918,-0.26367
46919,-0.26953
46920,-0.27344
46921,-0.2793
46922,-0.28516
46923,-0.29492
46924,-0.30469
46925,-0.32422
46926,-0.34375
46927,-0.375
46928,-0.41992
46929,-0.46875
46930,-0.49805
46931,-0.49805
46932,-0.49805
46933,-0.49805
46934,-0.49805
46935,-0.49805
46936,-0.49805
46937,-0.49805
46938,-0.43359
46939,-0.33398
46940,-0.25391
46941,-0.18945
46942,-0.13867
46943,-0.09375
46944,-0.070312
46945,-0.048828
46946,-0.035156
46947,-0.025391
46948,-0.019531
46949,-0.019531
46950,-0.013672
46951,-0.013672
46952,-0.013672
46953,-0.019531
46954,-0.019531
46955,-0.019531
46956,-0.019531
46957,-0.025391
46958,-0.019531
46959,-0.019531
46960,-0.013672
46961,-0.019531
46962,-0.019531
46963,-0.019531
46964,-0.013672
46965,-0.019531
46966,-0.013672
46967,-0.019531
46968,-0.0097656
46969,-0.013672
46970,-0.0097656
46971,-0.0097656
46972,-0.0039062
46973,-0.0097656
46974,-0.0039062
46975,-0.0097656
46976,-0.0097656
46977,-0.013672
46978,-0.019531
46979,-0.019531
46980,-0.025391
46981,-0.019531
46982,-0.025391
46983,-0.019531
46984,0.0
46985,0.0097656
46986,0.019531
46987,0.025391
46988,0.025391
46989,0.025391
46990,0.019531
46991,0.015625
46992,-0.035156
46993,-0.064453
46994,0.32031
46995,0.84961
46996,1.3535
46997,1.5
46998,1.4043
46999,1.1348
47000,0.86523
47001,0.64062
47002,0.41602
47003,0.16992
47004,-0.0097656
47005,-0.11523
47006,-0.16406
47007,-0.19336
47008,-0.20898
47009,-0.21484
47010,-0.21875
47011,-0.21875
47012,-0.21875
47013,-0.21875
47014,-0.22461
47015,-0.23438
47016,-0.23438
47017,-0.24023
47018,-0.25
47019,-0.26367
47020,-0.28516
47021,-0.30859
47022,-0.34375
47023,-0.38477
47024,-0.43359
47025,-0.49414
47026,-0.49805
47027,-0.49805
47028,-0.49805
47029,-0.49805
47030,-0.49805
47031,-0.49805
47032,-0.43945
47033,-0.34961
47034,-0.26953
47035,-0.19922
47036,-0.13867
47037,-0.09375
47038,-0.064453
47039,-0.039062
47040,-0.025391
47041,-0.013672
47042,-0.0039062
47043,-0.0039062
47044,0.0
47045,0.0
47046,0.0
47047,0.0
47048,0.0
47049,0.0
47050,0.0
47051,-0.0039062
47052,0.0
47053,-0.0039062
47054,0.0
47055,0.0
47056,0.0
47057,0.0
47058,0.0
47059,-0.0039062
47060,0.0
47061,0.0
47062,0.0
47063,0.0
47064,0.0
47065,0.0
47066,-0.0039062
47067,-0.0097656
47068,-0.013672
47069,-0.025391
47070,-0.025391
47071,-0.025391
47072,-0.025391
47073,-0.025391
47074,-0.029297
47075,-0.025391
47076,0.0
47077,0.0058594
47078,0.019531
47079,0.025391
47080,0.03125
47081,0.025391
47082,0.025391
47083,0.015625
47084,-0.029297
47085,-0.058594
47086,0.33008
47087,0.86914
47088,1.3691
47089,1.5
47090,1.3984
47091,1.125
47092,0.85547
47093,0.64062
47094,0.41016
47095,0.16602
47096,-0.0097656
47097,-0.11914
47098,-0.16406
47099,-0.19336
47100,-0.20898
47101,-0.21484
47102,-0.21875
47103,-0.21484
47104,-0.22852
47105,-0.22461
47106,-0.22852
47107,-0.23438
47108,-0.23438
47109,-0.25
47110,-0.25977
47111,-0.27344
47112,-0.28906
47113,-0.31445
47114,-0.34961
47115,-0.39453
47116,-0.44336
47117,-0.49805
47118,-0.49805
47119,-0.49805
47120,-0.49805
47121,-0.49805
47122,-0.49805
47123,-0.49805
47124,-0.42969
47125,-0.34375
47126,-0.26367
47127,-0.19336
47128,-0.13867
47129,-0.089844
47130,-0.054688
47131,-0.019531
47132,-0.029297
47133,-0.0039062
47134,-0.0039062
47135,0.015625
47136,0.0
47137,0.0
47138,0.0
47139,0.0097656
47140,0.0058594
47141,0.0058594
47142,0.0
47143,0.0097656
47144,0.03125
47145,0.015625
47146,0.025391
47147,0.0097656
47148,0.041016
47149,0.015625
47150,0.03125
47151,0.035156
47152,0.044922
47153,0.050781
47154,0.019531
47155,0.044922
47156,0.025391
47157,0.035156
47158,0.025391
47159,0.050781
47160,0.044922
47161,0.019531
47162,0.025391
47163,0.041016
47164,0.035156
47165,0.025391
47166,0.03125
47167,0.019531
47168,0.050781
47169,0.044922
47170,0.076172
47171,0.070312
47172,0.060547
47173,0.050781
47174,0.044922
47175,0.064453
47176,0.0097656
47177,-0.029297
47178,0.32422
47179,0.92383
47180,1.5
47181,1.5
47182,1.5
47183,1.3242
47184,1.0039
47185,0.73047
47186,0.48047
47187,0.21484
47188,0.019531
47189,-0.10352
47190,-0.16992
47191,-0.20898
47192,-0.23438
47193,-0.24023
47194,-0.24414
47195,-0.24023
47196,-0.25
47197,-0.24414
47198,-0.25391
47199,-0.25977
47200,-0.26367
47201,-0.27344
47202,-0.28516
47203,-0.29883
47204,-0.32422
47205,-0.35352
47206,-0.38867
47207,-0.43359
47208,-0.48438
47209,-0.49805
47210,-0.49805
47211,-0.49805
47212,-0.49805
47213,-0.49805
47214,-0.49805
47215,-0.49805
47216,-0.48828
47217,-0.39844
47218,-0.29883
47219,-0.22852
47220,-0.16992
47221,-0.11914
47222,-0.080078
47223,-0.054688
47224,-0.039062
47225,-0.029297
47226,-0.025391
47227,-0.025391
47228,-0.025391
47229,-0.019531
47230,-0.025391
47231,-0.019531
47232,-0.025391
47233,-0.025391
47234,-0.025391
47235,-0.025391
47236,-0.025391
47237,-0.025391
47238,-0.025391
47239,-0.025391
47240,-0.025391
47241,-0.025391
47242,-0.025391
47243,-0.025391
47244,-0.025391
47245,-0.019531
47246,-0.025391
47247,-0.025391
47248,-0.025391
47249,-0.019531
47250,-0.025391
47251,-0.019531
47252,-0.013672
47253,-0.019531
47254,-0.025391
47255,-0.025391
47256,-0.035156
47257,-0.035156
47258,-0.025391
47259,-0.035156
47260,-0.025391
47261,-0.035156
47262,-0.029297
47263,-0.019531
47264,-0.0039062
47265,0.0058594
47266,0.015625
47267,0.019531
47268,0.019531
47269,0.019531
47270,0.0058594
47271,-0.044922
47272,-0.074219
47273,0.32031
47274,0.85547
47275,1.3691
47276,1.5
47277,1.4082
47278,1.1348
47279,0.86523
47280,0.64062
47281,0.41992
47282,0.16602
47283,-0.0097656
47284,-0.11914
47285,-0.16406
47286,-0.19336
47287,-0.21484
47288,-0.21875
47289,-0.21875
47290,-0.22461
47291,-0.22461
47292,-0.22852
47293,-0.22852
47294,-0.23438
47295,-0.23438
47296,-0.24414
47297,-0.25977
47298,-0.26953
47299,-0.28516
47300,-0.31445
47301,-0.34375
47302,-0.38867
47303,-0.43945
47304,-0.48828
47305,-0.49805
47306,-0.49805
47307,-0.49805
47308,-0.49805
47309,-0.49805
47310,-0.49805
47311,-0.44922
47312,-0.35938
47313,-0.27344
47314,-0.19922
47315,-0.14453
47316,-0.099609
47317,-0.064453
47318,-0.044922
47319,-0.025391
47320,-0.013672
47321,-0.0039062
47322,-0.0039062
47323,0.0
47324,0.0
47325,0.0
47326,-0.0039062
47327,0.0
47328,0.0
47329,0.0
47330,0.0
47331,0.0
47332,0.0
47333,0.0
47334,0.0
47335,0.0
47336,-0.0039062
47337,-0.0039062
47338,0.0
47339,0.0
47340,0.0
47341,-0.0039062
47342,-0.0097656
47343,-0.0039062
47344,-0.0097656
47345,-0.0039062
47346,-0.0097656
47347,-0.0097656
47348,-0.019531
47349,-0.019531
47350,-0.013672
47351,-0.025391
47352,-0.019531
47353,-0.029297
47354,-0.019531
47355,0.0
47356,0.0097656
47357,0.025391
47358,0.03125
47359,0.025391
47360,0.03125
47361,0.03125
47362,0.015625
47363,-0.039062
47364,-0.070312
47365,0.33594
47366,0.86914
47367,1.375
47368,1.5
47369,1.3945
47370,1.1152
47371,0.85547
47372,0.62891
47373,0.4043
47374,0.15625
47375,-0.019531
47376,-0.125
47377,-0.16992
47378,-0.19336
47379,-0.21484
47380,-0.21484
47381,-0.21875
47382,-0.22461
47383,-0.21875
47384,-0.22461
47385,-0.22852
47386,-0.23438
47387,-0.23438
47388,-0.25391
47389,-0.25977
47390,-0.27344
47391,-0.28906
47392,-0.30859
47393,-0.35352
47394,-0.39844
47395,-0.44922
47396,-0.49805
47397,-0.49805
47398,-0.49805
47399,-0.49805
47400,-0.49805
47401,-0.49805
47402,-0.49805
47403,-0.43945
47404,-0.34375
47405,-0.26367
47406,-0.19336
47407,-0.13867
47408,-0.09375
47409,-0.064453
47410,-0.044922
47411,-0.025391
47412,-0.013672
47413,-0.0097656
47414,-0.0039062
47415,0.0
47416,0.0
47417,0.0
47418,0.0
47419,-0.0039062
47420,0.0
47421,-0.0039062
47422,-0.0097656
47423,-0.0039062
47424,0.0
47425,-0.0039062
47426,0.0
47427,0.0
47428,0.0
47429,0.0
47430,0.0
47431,0.0
47432,0.0
47433,0.0
47434,0.0
47435,0.0
47436,-0.0039062
47437,0.0
47438,-0.013672
47439,-0.0097656
47440,-0.025391
47441,-0.019531
47442,-0.025391
47443,-0.025391
47444,-0.025391
47445,-0.029297
47446,-0.019531
47447,0.0
47448,0.0058594
47449,0.025391
47450,0.03125
47451,0.025391
47452,0.025391
47453,0.03125
47454,0.0058594
47455,-0.048828
47456,-0.058594
47457,0.49023
47458,1.0254
47459,1.4844
47460,1.5
47461,1.3301
47462,1.0391
47463,0.79883
47464,0.5957
47465,0.33984
47466,0.11523
47467,-0.039062
47468,-0.11523
47469,-0.16992
47470,-0.19336
47471,-0.19922
47472,-0.19336
47473,-0.20898
47474,-0.18945
47475,-0.21484
47476,-0.19922
47477,-0.19336
47478,-0.21484
47479,-0.20898
47480,-0.23438
47481,-0.22852
47482,-0.25977
47483,-0.26953
47484,-0.32422
47485,-0.33984
47486,-0.39453
47487,-0.45898
47488,-0.49805
47489,-0.49805
47490,-0.49805
47491,-0.49805
47492,-0.49805
47493,-0.49805
47494,-0.47461
47495,-0.38477
47496,-0.30469
47497,-0.21484
47498,-0.13867
47499,-0.080078
47500,-0.044922
47501,-0.0097656
47502,0.0058594
47503,0.0097656
47504,0.019531
47505,0.03125
47506,0.025391
47507,0.025391
47508,0.03125
47509,0.019531
47510,0.025391
47511,0.019531
47512,0.025391
47513,0.019531
47514,0.019531
47515,0.019531
47516,0.019531
47517,0.019531
47518,0.015625
47519,0.0097656
47520,0.015625
47521,0.0097656
47522,0.015625
47523,0.0058594
47524,0.0097656
47525,0.0058594
47526,0.0
47527,0.0
47528,0.0
47529,0.0
47530,-0.0039062
47531,-0.0039062
47532,0.0
47533,-0.0097656
47534,-0.019531
47535,-0.025391
47536,-0.013672
47537,0.0
47538,0.0097656
47539,0.019531
47540,0.019531
47541,0.019531
47542,0.015625
47543,0.015625
47544,-0.0097656
47545,-0.074219
47546,0.041016
47547,0.55078
47548,1.1289
47549,1.5
47550,1.5
47551,1.3633
47552,1.0703
47553,0.78516
47554,0.56445
47555,0.31445
47556,0.085938
47557,-0.064453
47558,-0.16016
47559,-0.20508
47560,-0.24023
47561,-0.25
47562,-0.25391
47563,-0.25977
47564,-0.25391
47565,-0.26367
47566,-0.25977
47567,-0.26953
47568,-0.26953
47569,-0.2793
47570,-0.28906
47571,-0.29883
47572,-0.31445
47573,-0.33398
47574,-0.36914
47575,-0.4082
47576,-0.45898
47577,-0.49805
47578,-0.49805
47579,-0.49805
47580,-0.49805
47581,-0.49805
47582,-0.49805
47583,-0.49805
47584,-0.49805
47585,-0.41992
47586,-0.33398
47587,-0.25
47588,-0.18945
47589,-0.13867
47590,-0.099609
47591,-0.070312
47592,-0.048828
47593,-0.029297
47594,-0.025391
47595,-0.013672
47596,-0.013672
47597,-0.019531
47598,-0.013672
47599,-0.019531
47600,-0.013672
47601,-0.0097656
47602,-0.0097656
47603,-0.013672
47604,-0.0097656
47605,-0.013672
47606,-0.013672
47607,-0.013672
47608,-0.0097656
47609,-0.0097656
47610,-0.0097656
47611,-0.0097656
47612,-0.0097656
47613,-0.0097656
47614,-0.0039062
47615,-0.0039062
47616,-0.0097656
47617,-0.0039062
47618,-0.0097656
47619,-0.013672
47620,-0.013672
47621,-0.013672
47622,-0.019531
47623,-0.025391
47624,-0.025391
47625,-0.019531
47626,-0.029297
47627,-0.029297
47628,-0.035156
47629,-0.013672
47630,0.0
47631,0.0097656
47632,0.019531
47633,0.025391
47634,0.025391
47635,0.025391
47636,0.019531
47637,-0.0039062
47638,-0.064453
47639,0.076172
47640,0.57031
47641,1.1094
47642,1.5
47643,1.5
47644,1.2891
47645,1.0098
47646,0.74023
47647,0.53906
47648,0.29492
47649,0.070312
47650,-0.074219
47651,-0.14844
47652,-0.18359
47653,-0.20508
47654,-0.21484
47655,-0.21875
47656,-0.22461
47657,-0.22461
47658,-0.22852
47659,-0.22852
47660,-0.23438
47661,-0.24023
47662,-0.24414
47663,-0.25391
47664,-0.26367
47665,-0.28516
47666,-0.30469
47667,-0.33398
47668,-0.375
47669,-0.41992
47670,-0.47461
47671,-0.49805
47672,-0.49805
47673,-0.49805
47674,-0.49805
47675,-0.49805
47676,-0.49805
47677,-0.48438
47678,-0.39453
47679,-0.30859
47680,-0.23438
47681,-0.16992
47682,-0.125
47683,-0.080078
47684,-0.048828
47685,-0.029297
47686,-0.019531
47687,-0.0097656
47688,-0.0039062
47689,0.0
47690,0.0
47691,0.0
47692,0.0
47693,0.0
47694,0.0
47695,0.0
47696,0.0
47697,0.0
47698,0.0
47699,0.0
47700,0.0
47701,0.0
47702,0.0
47703,0.0
47704,0.0
47705,0.0
47706,0.0
47707,-0.0039062
47708,0.0
47709,-0.0039062
47710,-0.0039062
47711,-0.0039062
47712,-0.0097656
47713,-0.0097656
47714,-0.0039062
47715,-0.019531
47716,-0.019531
47717,-0.013672
47718,-0.025391
47719,-0.019531
47720,-0.025391
47721,-0.0097656
47722,0.0058594
47723,0.019531
47724,0.025391
47725,0.03125
47726,0.03125
47727,0.025391
47728,0.025391
47729,0.0097656
47730,-0.039062
47731,-0.070312
47732,0.375
47733,0.91016
47734,1.4082
47735,1.5
47736,1.3789
47737,1.0996
47738,0.83008
47739,0.61914
47740,0.38477
47741,0.14062
47742,-0.029297
47743,-0.12891
47744,-0.16992
47745,-0.19336
47746,-0.20898
47747,-0.21484
47748,-0.21484
47749,-0.21484
47750,-0.21875
47751,-0.22461
47752,-0.22852
47753,-0.23438
47754,-0.24023
47755,-0.25
47756,-0.25391
47757,-0.27344
47758,-0.28906
47759,-0.31836
47760,-0.35352
47761,-0.39844
47762,-0.44922
47763,-0.49805
47764,-0.49805
47765,-0.49805
47766,-0.49805
47767,-0.49805
47768,-0.49805
47769,-0.49805
47770,-0.41992
47771,-0.33398
47772,-0.25
47773,-0.18359
47774,-0.12891
47775,-0.089844
47776,-0.054688
47777,-0.019531
47778,-0.029297
47779,-0.0097656
47780,-0.0039062
47781,0.0097656
47782,0.0
47783,0.0058594
47784,0.019531
47785,0.0
47786,0.015625
47787,-0.0039062
47788,0.0
47789,0.015625
47790,0.019531
47791,0.0058594
47792,0.019531
47793,0.015625
47794,0.019531
47795,0.041016
47796,0.019531
47797,0.025391
47798,0.019531
47799,0.035156
47800,0.019531
47801,0.041016
47802,0.019531
47803,0.035156
47804,0.025391
47805,0.019531
47806,0.050781
47807,0.015625
47808,0.0058594
47809,0.041016
47810,0.035156
47811,0.019531
47812,0.0097656
47813,0.025391
47814,0.041016
47815,0.070312
47816,0.060547
47817,0.070312
47818,0.064453
47819,0.060547
47820,0.064453
47821,0.03125
47822,-0.035156
47823,0.099609
47824,0.65039
47825,1.2637
47826,1.5
47827,1.5
47828,1.4648
47829,1.1484
47830,0.84375
47831,0.60547
47832,0.33594
47833,0.095703
47834,-0.064453
47835,-0.14844
47836,-0.19336
47837,-0.21875
47838,-0.23438
47839,-0.23438
47840,-0.24414
47841,-0.24414
47842,-0.25
47843,-0.25
47844,-0.25977
47845,-0.25977
47846,-0.26953
47847,-0.28516
47848,-0.29492
47849,-0.30859
47850,-0.33398
47851,-0.36328
47852,-0.4082
47853,-0.46484
47854,-0.49805
47855,-0.49805
47856,-0.49805
47857,-0.49805
47858,-0.49805
47859,-0.49805
47860,-0.49805
47861,-0.49805
47862,-0.43359
47863,-0.33984
47864,-0.25391
47865,-0.18945
47866,-0.13477
47867,-0.099609
47868,-0.070312
47869,-0.048828
47870,-0.035156
47871,-0.029297
47872,-0.025391
47873,-0.025391
47874,-0.025391
47875,-0.025391
47876,-0.025391
47877,-0.029297
47878,-0.029297
47879,-0.025391
47880,-0.029297
47881,-0.029297
47882,-0.029297
47883,-0.029297
47884,-0.029297
47885,-0.025391
47886,-0.029297
47887,-0.025391
47888,-0.025391
47889,-0.025391
47890,-0.025391
47891,-0.019531
47892,-0.019531
47893,-0.019531
47894,-0.025391
47895,-0.019531
47896,-0.019531
47897,-0.013672
47898,-0.019531
47899,-0.025391
47900,-0.025391
47901,-0.025391
47902,-0.029297
47903,-0.025391
47904,-0.035156
47905,-0.029297
47906,-0.039062
47907,-0.029297
47908,-0.019531
47909,-0.0039062
47910,0.0058594
47911,0.0058594
47912,0.019531
47913,0.0097656
47914,0.019531
47915,-0.0039062
47916,-0.054688
47917,-0.074219
47918,0.44531
47919,0.98438
47920,1.4688
47921,1.5
47922,1.3535
47923,1.0742
47924,0.80469
47925,0.5957
47926,0.35938
47927,0.11523
47928,-0.039062
47929,-0.13867
47930,-0.17969
47931,-0.20898
47932,-0.21875
47933,-0.22461
47934,-0.22852
47935,-0.22461
47936,-0.22852
47937,-0.23438
47938,-0.23438
47939,-0.24023
47940,-0.25
47941,-0.25391
47942,-0.26953
47943,-0.2793
47944,-0.29883
47945,-0.33008
47946,-0.35938
47947,-0.4043
47948,-0.45898
47949,-0.49805
47950,-0.49805
47951,-0.49805
47952,-0.49805
47953,-0.49805
47954,-0.49805
47955,-0.49805
47956,-0.42969
47957,-0.34375
47958,-0.25977
47959,-0.19922
47960,-0.13867
47961,-0.099609
47962,-0.064453
47963,-0.048828
47964,-0.029297
47965,-0.019531
47966,-0.013672
47967,-0.013672
47968,-0.0039062
47969,-0.0097656
47970,0.0
47971,-0.0097656
47972,-0.0039062
47973,-0.0039062
47974,0.0
47975,-0.0039062
47976,-0.0039062
47977,-0.013672
47978,-0.0097656
47979,-0.0097656
47980,-0.0097656
47981,-0.0039062
47982,-0.0097656
47983,-0.0039062
47984,-0.013672
47985,-0.0039062
47986,-0.0097656
47987,-0.0039062
47988,-0.0097656
47989,-0.0039062
47990,-0.0097656
47991,-0.013672
47992,-0.019531
47993,-0.019531
47994,-0.019531
47995,-0.025391
47996,-0.025391
47997,-0.025391
47998,-0.029297
47999,-0.013672
