0,0.11262
1,0.093204
2,0.069903
3,0.046602
4,0.021359
5,-0.0038835
6,-0.025243
7,-0.046602
8,-0.066019
9,-0.083495
10,-0.095146
11,-0.1068
12,-0.11456
13,-0.12039
14,-0.12233
15,-0.12233
16,-0.11845
17,-0.11262
18,-0.10097
19,-0.091262
20,-0.073786
21,-0.056311
22,-0.03301
23,-0.0097087
24,0.021359
25,0.050485
26,0.085437
27,0.12233
28,0.16311
29,0.20583
30,0.25049
31,0.29515
32,0.34175
33,0.39029
34,0.43689
35,0.48544
36,0.53398
37,0.58252
38,0.62913
39,0.67573
40,0.71845
41,0.76311
42,0.80388
43,0.8466
44,0.88544
45,0.92427
46,0.96311
47,1.0
48,1.035
49,1.0699
50,1.101
51,1.134
52,1.1631
53,1.1903
54,1.2155
55,1.2388
56,1.2602
57,1.2816
58,1.299
59,1.3165
60,1.332
61,1.3476
62,1.3592
63,1.3728
64,1.3825
65,1.3942
66,1.4039
67,1.4136
68,1.4233
69,1.433
70,1.4427
71,1.4505
72,1.4602
73,1.4699
74,1.4757
75,1.4835
76,1.4893
77,1.4932
78,1.4932
79,1.4932
80,1.4932
81,1.4932
82,1.4932
83,1.4932
84,1.4932
85,1.4932
86,1.4893
87,1.4854
88,1.4699
89,1.4563
90,1.435
91,1.4155
92,1.3883
93,1.3612
94,1.3282
95,1.2971
96,1.2641
97,1.2291
98,1.1922
99,1.1553
100,1.1146
101,1.0757
102,1.035
103,0.99417
104,0.9534
105,0.91262
106,0.87184
107,0.83301
108,0.79417
109,0.75534
110,0.72039
111,0.6835
112,0.65243
113,0.61942
114,0.59223
115,0.56699
116,0.54369
117,0.52039
118,0.50291
119,0.48544
120,0.4699
121,0.45631
122,0.44466
123,0.43301
124,0.42136
125,0.41165
126,0.40194
127,0.39223
128,0.38252
129,0.37282
130,0.36311
131,0.3534
132,0.34369
133,0.33398
134,0.32621
135,0.3165
136,0.30874
137,0.29903
138,0.29126
139,0.2835
140,0.27573
141,0.2699
142,0.26408
143,0.25825
144,0.25243
145,0.24854
146,0.24272
147,0.23883
148,0.23301
149,0.22913
150,0.2233
151,0.21942
152,0.21359
153,0.20777
154,0.20388
155,0.19806
156,0.19223
157,0.18641
158,0.18252
159,0.1767
160,0.17087
161,0.16699
162,0.16311
163,0.15922
164,0.15728
165,0.15534
166,0.15534
167,0.1534
168,0.15534
169,0.15534
170,0.1534
171,0.1534
172,0.15146
173,0.14951
174,0.14757
175,0.14563
176,0.14369
177,0.14175
178,0.13592
179,0.13204
180,0.12621
181,0.12039
182,0.10874
183,0.099029
184,0.083495
185,0.067961
186,0.048544
187,0.029126
188,0.007767
189,-0.01165
190,-0.03301
191,-0.052427
192,-0.071845
193,-0.091262
194,-0.11068
195,-0.1301
196,-0.14757
197,-0.16505
198,-0.18252
199,-0.19806
200,-0.21359
201,-0.22718
202,-0.24078
203,-0.25243
204,-0.26019
205,-0.2699
206,-0.27573
207,-0.28155
208,-0.2835
209,-0.28544
210,-0.2835
211,-0.28155
212,-0.27573
213,-0.2699
214,-0.26214
215,-0.25437
216,-0.24466
217,-0.23301
218,-0.2233
219,-0.21359
220,-0.20388
221,-0.19417
222,-0.18447
223,-0.17476
224,-0.16699
225,-0.15728
226,-0.14951
227,-0.13981
228,-0.13204
229,-0.12233
230,-0.11456
231,-0.10485
232,-0.097087
233,-0.08932
234,-0.081553
235,-0.071845
236,-0.064078
237,-0.056311
238,-0.048544
239,-0.042718
240,-0.034951
241,-0.029126
242,-0.023301
243,-0.017476
244,-0.013592
245,-0.007767
246,-0.0038835
247,0.0
248,0.0038835
249,0.007767
250,0.01165
251,0.017476
252,0.021359
253,0.025243
254,0.031068
255,0.036893
256,0.042718
257,0.048544
258,0.054369
259,0.062136
260,0.067961
261,0.073786
262,0.07767
263,0.083495
264,0.08932
265,0.095146
266,0.099029
267,0.10485
268,0.10874
269,0.11456
270,0.1165
271,0.11845
272,0.11845
273,0.11845
274,0.11262
275,0.1068
276,0.097087
277,0.085437
278,0.069903
279,0.056311
280,0.036893
281,0.019417
282,0.0
283,-0.019417
284,-0.038835
285,-0.056311
286,-0.075728
287,-0.093204
288,-0.11068
289,-0.12816
290,-0.14369
291,-0.15922
292,-0.17476
293,-0.18835
294,-0.2
295,-0.21165
296,-0.21942
297,-0.22718
298,-0.23301
299,-0.23689
300,-0.23883
301,-0.23883
302,-0.23883
303,-0.23883
304,-0.23883
305,-0.23689
306,-0.23495
307,-0.23107
308,-0.22524
309,-0.21748
310,-0.20971
311,-0.20194
312,-0.19029
313,-0.17864
314,-0.16505
315,-0.15146
316,-0.13398
317,-0.11456
318,-0.093204
319,-0.071845
320,-0.046602
321,-0.021359
322,0.007767
323,0.038835
324,0.071845
325,0.1068
326,0.14369
327,0.18252
328,0.2233
329,0.26408
330,0.3068
331,0.34951
332,0.39223
333,0.43689
334,0.48155
335,0.52427
336,0.56893
337,0.61165
338,0.65437
339,0.69709
340,0.73786
341,0.78058
342,0.81942
343,0.86019
344,0.90097
345,0.93981
346,0.97864
347,1.0175
348,1.0544
349,1.0913
350,1.1262
351,1.1612
352,1.1942
353,1.2252
354,1.2544
355,1.2816
356,1.3068
357,1.3301
358,1.3515
359,1.3709
360,1.3864
361,1.4019
362,1.4097
363,1.4175
364,1.4194
365,1.4194
366,1.4136
367,1.4078
368,1.3961
369,1.3845
370,1.3709
371,1.3573
372,1.3437
373,1.3282
374,1.3126
375,1.2971
376,1.2835
377,1.268
378,1.2524
379,1.2388
380,1.2252
381,1.2117
382,1.1981
383,1.1845
384,1.1709
385,1.1573
386,1.1456
387,1.134
388,1.1223
389,1.1107
390,1.099
391,1.0874
392,1.0757
393,1.0641
394,1.0544
395,1.0447
396,1.035
397,1.0252
398,1.0175
399,1.0078
400,1.0
401,0.99029
402,0.98058
403,0.96893
404,0.95728
405,0.94369
406,0.9301
407,0.9165
408,0.90097
409,0.88738
410,0.87184
411,0.85825
412,0.84466
413,0.83107
414,0.81942
415,0.80777
416,0.79612
417,0.78447
418,0.77282
419,0.76117
420,0.74951
421,0.73786
422,0.72621
423,0.71456
424,0.70291
425,0.69126
426,0.67767
427,0.66602
428,0.65243
429,0.64078
430,0.62718
431,0.61359
432,0.6
433,0.58641
434,0.57087
435,0.55728
436,0.54369
437,0.5301
438,0.5165
439,0.50291
440,0.48932
441,0.47767
442,0.46602
443,0.45631
444,0.4466
445,0.43689
446,0.42913
447,0.41942
448,0.41165
449,0.40388
450,0.39417
451,0.38641
452,0.37864
453,0.37087
454,0.36311
455,0.35534
456,0.34563
457,0.33786
458,0.32621
459,0.31456
460,0.30097
461,0.28738
462,0.26796
463,0.24854
464,0.22524
465,0.20194
466,0.1767
467,0.15146
468,0.12427
469,0.097087
470,0.071845
471,0.04466
472,0.021359
473,-0.0038835
474,-0.027184
475,-0.050485
476,-0.071845
477,-0.093204
478,-0.11068
479,-0.1301
480,-0.14563
481,-0.16311
482,-0.17476
483,-0.18835
484,-0.19612
485,-0.20583
486,-0.20971
487,-0.21553
488,-0.21748
489,-0.21748
490,-0.21553
491,-0.21165
492,-0.20583
493,-0.2
494,-0.19223
495,-0.18252
496,-0.17476
497,-0.16505
498,-0.15728
499,-0.14757
500,-0.13981
501,-0.13398
502,-0.12621
503,-0.12039
504,-0.11262
505,-0.1068
506,-0.099029
507,-0.093204
508,-0.087379
509,-0.081553
510,-0.073786
511,-0.067961
512,-0.062136
513,-0.056311
514,-0.050485
515,-0.042718
516,-0.034951
517,-0.029126
518,-0.023301
519,-0.015534
520,-0.01165
521,-0.0058252
522,0.0
523,0.0038835
524,0.007767
525,0.01165
526,0.015534
527,0.019417
528,0.023301
529,0.027184
530,0.029126
531,0.03301
532,0.034951
533,0.038835
534,0.042718
535,0.046602
536,0.050485
537,0.056311
538,0.060194
539,0.066019
540,0.069903
541,0.073786
542,0.07767
543,0.083495
544,0.085437
545,0.08932
546,0.093204
547,0.097087
548,0.099029
549,0.10097
550,0.099029
551,0.097087
552,0.08932
553,0.083495
554,0.069903
555,0.058252
556,0.040777
557,0.025243
558,0.0058252
559,-0.01165
560,-0.031068
561,-0.048544
562,-0.067961
563,-0.085437
564,-0.10291
565,-0.12039
566,-0.13592
567,-0.15146
568,-0.16505
569,-0.17864
570,-0.19223
571,-0.20388
572,-0.21553
573,-0.22524
574,-0.23301
575,-0.24078
576,-0.2466
577,-0.25243
578,-0.25243
579,-0.25437
580,-0.25243
581,-0.24854
582,-0.24272
583,-0.23689
584,-0.23107
585,-0.2233
586,-0.21553
587,-0.20777
588,-0.20194
589,-0.19417
590,-0.18835
591,-0.18058
592,-0.17476
593,-0.16699
594,-0.15922
595,-0.14951
596,-0.13981
597,-0.1301
598,-0.1165
599,-0.10097
600,-0.083495
601,-0.066019
602,-0.040777
603,-0.015534
604,0.013592
605,0.04466
606,0.079612
607,0.11456
608,0.15534
609,0.19417
610,0.23883
611,0.2835
612,0.3301
613,0.3767
614,0.42524
615,0.47184
616,0.52039
617,0.56699
618,0.61359
619,0.66019
620,0.70485
621,0.74951
622,0.79223
623,0.83495
624,0.87767
625,0.91845
626,0.95728
627,0.99806
628,1.035
629,1.0738
630,1.1068
631,1.1417
632,1.1748
633,1.2058
634,1.235
635,1.2621
636,1.2874
637,1.3126
638,1.3301
639,1.3495
640,1.3612
641,1.3748
642,1.3767
643,1.3786
644,1.3728
645,1.367
646,1.3553
647,1.3456
648,1.332
649,1.3184
650,1.3029
651,1.2893
652,1.2757
653,1.2641
654,1.2505
655,1.2388
656,1.2291
657,1.2175
658,1.2078
659,1.1981
660,1.1883
661,1.1786
662,1.1709
663,1.1631
664,1.1573
665,1.1515
666,1.1456
667,1.1417
668,1.1379
669,1.134
670,1.1282
671,1.1243
672,1.1184
673,1.1146
674,1.1087
675,1.1029
676,1.0971
677,1.0913
678,1.0835
679,1.0757
680,1.066
681,1.0563
682,1.0447
683,1.033
684,1.0214
685,1.0078
686,0.99612
687,0.98252
688,0.96893
689,0.95534
690,0.94369
691,0.9301
692,0.91845
693,0.90485
694,0.8932
695,0.88155
696,0.8699
697,0.85825
698,0.84854
699,0.83689
700,0.82524
701,0.81359
702,0.80194
703,0.79029
704,0.7767
705,0.76505
706,0.7534
707,0.73981
708,0.72621
709,0.71456
710,0.69903
711,0.68544
712,0.67184
713,0.65825
714,0.64466
715,0.62913
716,0.61553
717,0.60194
718,0.58835
719,0.5767
720,0.56505
721,0.5534
722,0.54175
723,0.53204
724,0.52233
725,0.51262
726,0.50291
727,0.4932
728,0.4835
729,0.47379
730,0.46408
731,0.45631
732,0.4466
733,0.43689
734,0.42524
735,0.41359
736,0.4
737,0.38641
738,0.36893
739,0.34951
740,0.32621
741,0.30291
742,0.27767
743,0.25243
744,0.22524
745,0.2
746,0.17087
747,0.14369
748,0.1165
749,0.087379
750,0.062136
751,0.034951
752,0.01165
753,-0.013592
754,-0.034951
755,-0.056311
756,-0.07767
757,-0.097087
758,-0.11456
759,-0.1301
760,-0.14369
761,-0.15728
762,-0.16893
763,-0.17864
764,-0.18447
765,-0.19029
766,-0.19223
767,-0.19417
768,-0.19223
769,-0.18835
770,-0.18447
771,-0.17864
772,-0.17282
773,-0.16505
774,-0.15728
775,-0.15146
776,-0.14563
777,-0.13786
778,-0.13204
779,-0.12621
780,-0.12039
781,-0.11262
782,-0.1068
783,-0.10097
784,-0.095146
785,-0.08932
786,-0.083495
787,-0.07767
788,-0.071845
789,-0.066019
790,-0.060194
791,-0.054369
792,-0.048544
793,-0.040777
794,-0.036893
795,-0.031068
796,-0.027184
797,-0.023301
798,-0.019417
799,-0.017476
800,-0.013592
801,-0.0097087
802,-0.0097087
803,-0.007767
804,-0.0058252
805,-0.0058252
806,-0.0038835
807,-0.0019417
808,0.0
809,0.0038835
810,0.007767
811,0.01165
812,0.017476
813,0.023301
814,0.027184
815,0.03301
816,0.038835
817,0.042718
818,0.048544
819,0.052427
820,0.056311
821,0.060194
822,0.064078
823,0.067961
824,0.071845
825,0.075728
826,0.075728
827,0.07767
828,0.075728
829,0.073786
830,0.064078
831,0.056311
832,0.042718
833,0.031068
834,0.013592
835,-0.0019417
836,-0.021359
837,-0.040777
838,-0.058252
839,-0.07767
840,-0.097087
841,-0.11456
842,-0.13204
843,-0.14951
844,-0.16505
845,-0.17864
846,-0.19223
847,-0.20583
848,-0.21748
849,-0.22913
850,-0.23883
851,-0.24854
852,-0.25631
853,-0.26408
854,-0.26796
855,-0.2699
856,-0.2699
857,-0.2699
858,-0.26602
859,-0.26019
860,-0.25437
861,-0.2466
862,-0.23689
863,-0.22718
864,-0.21942
865,-0.20971
866,-0.20194
867,-0.19612
868,-0.19029
869,-0.18447
870,-0.18058
871,-0.17476
872,-0.16893
873,-0.16311
874,-0.15534
875,-0.14757
876,-0.13786
877,-0.12816
878,-0.1165
879,-0.10291
880,-0.085437
881,-0.069903
882,-0.048544
883,-0.027184
884,-0.0019417
885,0.023301
886,0.052427
887,0.083495
888,0.1165
889,0.15146
890,0.18835
891,0.22718
892,0.26796
893,0.30874
894,0.34951
895,0.39223
896,0.43301
897,0.47573
898,0.51845
899,0.55922
900,0.60194
901,0.64466
902,0.68738
903,0.7301
904,0.77282
905,0.81553
906,0.85631
907,0.89515
908,0.93398
909,0.97282
910,1.0078
911,1.0447
912,1.0777
913,1.1107
914,1.1398
915,1.1689
916,1.1942
917,1.2194
918,1.233
919,1.2485
920,1.2544
921,1.2602
922,1.2563
923,1.2544
924,1.2447
925,1.235
926,1.2233
927,1.2097
928,1.1961
929,1.1825
930,1.1709
931,1.1573
932,1.1456
933,1.134
934,1.1223
935,1.1126
936,1.1029
937,1.0951
938,1.0854
939,1.0777
940,1.0718
941,1.0641
942,1.0583
943,1.0524
944,1.0466
945,1.0427
946,1.0388
947,1.0369
948,1.035
949,1.033
950,1.033
951,1.033
952,1.033
953,1.035
954,1.035
955,1.0369
956,1.0369
957,1.0369
958,1.0369
959,1.035
960,1.0311
961,1.0272
962,1.0214
963,1.0155
964,1.0078
965,1.0
966,0.99029
967,0.98252
968,0.97282
969,0.96311
970,0.9534
971,0.94369
972,0.93204
973,0.92233
974,0.91262
975,0.90097
976,0.88932
977,0.87961
978,0.86796
979,0.85631
980,0.8466
981,0.83495
982,0.8233
983,0.81165
984,0.8
985,0.79029
986,0.7767
987,0.76311
988,0.74951
989,0.73398
990,0.72039
991,0.70485
992,0.68932
993,0.67573
994,0.66019
995,0.6466
996,0.63301
997,0.61942
998,0.60777
999,0.59612
1000,0.58641
1001,0.5767
1002,0.56505
1003,0.55534
1004,0.54563
1005,0.53592
1006,0.52621
1007,0.5165
1008,0.50485
1009,0.4932
1010,0.48155
1011,0.4699
1012,0.45825
1013,0.44466
1014,0.42913
1015,0.41359
1016,0.39223
1017,0.37282
1018,0.34951
1019,0.32427
1020,0.29709
1021,0.2699
1022,0.24078
1023,0.21165
1024,0.18252
1025,0.15534
1026,0.12621
1027,0.099029
1028,0.073786
1029,0.046602
1030,0.023301
1031,-0.0019417
1032,-0.025243
1033,-0.048544
1034,-0.067961
1035,-0.087379
1036,-0.10485
1037,-0.12233
1038,-0.13592
1039,-0.14757
1040,-0.15728
1041,-0.16699
1042,-0.17087
1043,-0.1767
1044,-0.1767
1045,-0.17864
1046,-0.17476
1047,-0.17282
1048,-0.16699
1049,-0.16117
1050,-0.1534
1051,-0.14563
1052,-0.13981
1053,-0.13204
1054,-0.12621
1055,-0.11845
1056,-0.11262
1057,-0.1068
1058,-0.10097
1059,-0.095146
1060,-0.08932
1061,-0.083495
1062,-0.07767
1063,-0.071845
1064,-0.066019
1065,-0.060194
1066,-0.054369
1067,-0.050485
1068,-0.04466
1069,-0.038835
1070,-0.03301
1071,-0.029126
1072,-0.023301
1073,-0.017476
1074,-0.013592
1075,-0.0097087
1076,-0.0058252
1077,-0.0019417
1078,0.0019417
1079,0.0058252
1080,0.007767
1081,0.0097087
1082,0.01165
1083,0.013592
1084,0.017476
1085,0.019417
1086,0.023301
1087,0.027184
1088,0.03301
1089,0.036893
1090,0.042718
1091,0.048544
1092,0.052427
1093,0.058252
1094,0.062136
1095,0.066019
1096,0.067961
1097,0.071845
1098,0.073786
1099,0.07767
1100,0.081553
1101,0.085437
1102,0.085437
1103,0.087379
1104,0.087379
1105,0.085437
1106,0.079612
1107,0.071845
1108,0.060194
1109,0.048544
1110,0.031068
1111,0.015534
1112,-0.0038835
1113,-0.023301
1114,-0.042718
1115,-0.062136
1116,-0.081553
1117,-0.10097
1118,-0.11845
1119,-0.13592
1120,-0.15146
1121,-0.16893
1122,-0.18252
1123,-0.19806
1124,-0.20971
1125,-0.2233
1126,-0.23301
1127,-0.24466
1128,-0.25243
1129,-0.26214
1130,-0.26602
1131,-0.27184
1132,-0.27184
1133,-0.27379
1134,-0.2699
1135,-0.26602
1136,-0.26019
1137,-0.25437
1138,-0.2466
1139,-0.23689
1140,-0.22913
1141,-0.21942
1142,-0.21165
1143,-0.20583
1144,-0.2
1145,-0.19417
1146,-0.18835
1147,-0.18252
1148,-0.17864
1149,-0.17282
1150,-0.16311
1151,-0.15534
1152,-0.14563
1153,-0.13398
1154,-0.12039
1155,-0.1068
1156,-0.08932
1157,-0.071845
1158,-0.050485
1159,-0.029126
1160,-0.0038835
1161,0.023301
1162,0.054369
1163,0.085437
1164,0.12039
1165,0.15728
1166,0.19612
1167,0.23495
1168,0.27573
1169,0.31845
1170,0.36117
1171,0.40388
1172,0.4466
1173,0.48932
1174,0.53204
1175,0.57476
1176,0.61748
1177,0.66019
1178,0.70291
1179,0.74563
1180,0.78835
1181,0.83301
1182,0.87379
1183,0.91456
1184,0.9534
1185,0.99223
1186,1.0291
1187,1.066
1188,1.099
1189,1.134
1190,1.165
1191,1.1961
1192,1.2233
1193,1.2505
1194,1.2699
1195,1.2893
1196,1.301
1197,1.3146
1198,1.3165
1199,1.3204
1200,1.3146
1201,1.3087
1202,1.301
1203,1.2913
1204,1.2796
1205,1.2699
1206,1.2583
1207,1.2466
1208,1.2369
1209,1.2252
1210,1.2155
1211,1.2058
1212,1.1961
1213,1.1864
1214,1.1767
1215,1.167
1216,1.1553
1217,1.1456
1218,1.1359
1219,1.1262
1220,1.1165
1221,1.1087
1222,1.101
1223,1.0932
1224,1.0874
1225,1.0816
1226,1.0757
1227,1.0718
1228,1.068
1229,1.0641
1230,1.0621
1231,1.0583
1232,1.0544
1233,1.0524
1234,1.0466
1235,1.0427
1236,1.035
1237,1.0291
1238,1.0194
1239,1.0097
1240,0.99806
1241,0.98641
1242,0.97282
1243,0.96117
1244,0.94951
1245,0.93592
1246,0.92427
1247,0.91068
1248,0.89903
1249,0.88544
1250,0.87379
1251,0.86214
1252,0.85049
1253,0.83689
1254,0.82524
1255,0.81359
1256,0.80194
1257,0.79029
1258,0.77864
1259,0.76699
1260,0.75534
1261,0.74369
1262,0.73204
1263,0.72039
1264,0.7068
1265,0.69515
1266,0.68155
1267,0.66796
1268,0.65437
1269,0.64078
1270,0.62718
1271,0.61359
1272,0.60194
1273,0.58835
1274,0.57864
1275,0.56699
1276,0.55728
1277,0.54757
1278,0.53786
1279,0.52816
1280,0.51845
1281,0.50874
1282,0.49903
1283,0.48738
1284,0.47767
1285,0.46602
1286,0.45631
1287,0.4466
1288,0.43495
1289,0.42524
1290,0.41165
1291,0.39806
1292,0.38252
1293,0.36505
1294,0.34563
1295,0.32427
1296,0.29903
1297,0.27573
1298,0.25049
1299,0.2233
1300,0.19612
1301,0.16893
1302,0.14175
1303,0.11456
1304,0.08932
1305,0.062136
1306,0.036893
1307,0.01165
1308,-0.01165
1309,-0.034951
1310,-0.054369
1311,-0.075728
1312,-0.093204
1313,-0.11262
1314,-0.12621
1315,-0.14175
1316,-0.1534
1317,-0.16505
1318,-0.17087
1319,-0.1767
1320,-0.17864
1321,-0.18058
1322,-0.17864
1323,-0.17476
1324,-0.16893
1325,-0.16311
1326,-0.15728
1327,-0.14951
1328,-0.14175
1329,-0.13592
1330,-0.12816
1331,-0.12233
1332,-0.11456
1333,-0.10874
1334,-0.10097
1335,-0.095146
1336,-0.08932
1337,-0.083495
1338,-0.075728
1339,-0.069903
1340,-0.064078
1341,-0.058252
1342,-0.052427
1343,-0.046602
1344,-0.038835
1345,-0.03301
1346,-0.027184
1347,-0.021359
1348,-0.015534
1349,-0.0097087
1350,-0.0038835
1351,0.0
1352,0.0058252
1353,0.0097087
1354,0.013592
1355,0.017476
1356,0.021359
1357,0.023301
1358,0.027184
1359,0.031068
1360,0.03301
1361,0.036893
1362,0.038835
1363,0.042718
1364,0.046602
1365,0.050485
1366,0.056311
1367,0.062136
1368,0.067961
1369,0.073786
1370,0.07767
1371,0.083495
1372,0.087379
1373,0.093204
1374,0.097087
1375,0.10097
1376,0.10291
1377,0.10485
1378,0.10874
1379,0.11068
1380,0.11262
1381,0.11456
1382,0.11068
1383,0.1068
1384,0.099029
1385,0.091262
1386,0.07767
1387,0.064078
1388,0.04466
1389,0.027184
1390,0.0097087
1391,-0.0097087
1392,-0.029126
1393,-0.048544
1394,-0.067961
1395,-0.085437
1396,-0.10485
1397,-0.12233
1398,-0.13786
1399,-0.1534
1400,-0.16699
1401,-0.18058
1402,-0.19417
1403,-0.20583
1404,-0.21748
1405,-0.22718
1406,-0.23495
1407,-0.24272
1408,-0.24854
1409,-0.25437
1410,-0.25437
1411,-0.25631
1412,-0.25437
1413,-0.25049
1414,-0.24466
1415,-0.23689
1416,-0.22718
1417,-0.21748
1418,-0.20777
1419,-0.19612
1420,-0.18447
1421,-0.17282
1422,-0.16311
1423,-0.1534
1424,-0.14369
1425,-0.13398
1426,-0.12427
1427,-0.11456
1428,-0.1068
1429,-0.097087
1430,-0.08932
1431,-0.079612
1432,-0.071845
1433,-0.064078
1434,-0.056311
1435,-0.048544
1436,-0.040777
1437,-0.03301
1438,-0.025243
1439,-0.017476
1440,-0.01165
1441,-0.0058252
1442,0.0019417
1443,0.007767
1444,0.013592
1445,0.019417
1446,0.021359
1447,0.025243
1448,0.027184
1449,0.029126
1450,0.027184
1451,0.027184
1452,0.025243
1453,0.023301
1454,0.021359
1455,0.021359
1456,0.021359
1457,0.021359
1458,0.025243
1459,0.029126
1460,0.036893
1461,0.04466
1462,0.058252
1463,0.069903
1464,0.085437
1465,0.10097
1466,0.12233
1467,0.14369
1468,0.16893
1469,0.19417
1470,0.2233
1471,0.25243
1472,0.2835
1473,0.3165
1474,0.34369
1475,0.37087
1476,0.39612
1477,0.41942
1478,0.44078
1479,0.46019
1480,0.47767
1481,0.49515
1482,0.51068
1483,0.52816
1484,0.54369
1485,0.56117
1486,0.57864
1487,0.59417
1488,0.61165
1489,0.62913
1490,0.6466
1491,0.66408
1492,0.6835
1493,0.70097
1494,0.72039
1495,0.73981
1496,0.76117
1497,0.78252
1498,0.80388
1499,0.82524
1500,0.84854
1501,0.87184
1502,0.89515
1503,0.91845
1504,0.94175
1505,0.96505
1506,0.98835
1507,1.0117
1508,1.035
1509,1.0583
1510,1.0777
1511,1.099
1512,1.1165
1513,1.134
1514,1.1495
1515,1.167
1516,1.1806
1517,1.1961
1518,1.2097
1519,1.2252
1520,1.2388
1521,1.2544
1522,1.268
1523,1.2816
1524,1.2951
1525,1.3087
1526,1.3223
1527,1.3379
1528,1.3515
1529,1.365
1530,1.3767
1531,1.3903
1532,1.4
1533,1.4117
1534,1.4175
1535,1.4252
1536,1.4291
1537,1.433
1538,1.433
1539,1.433
1540,1.4291
1541,1.4252
1542,1.4175
1543,1.4097
1544,1.4
1545,1.3883
1546,1.3767
1547,1.365
1548,1.3515
1549,1.3379
1550,1.3223
1551,1.3087
1552,1.2913
1553,1.2757
1554,1.2583
1555,1.2408
1556,1.2214
1557,1.2039
1558,1.1845
1559,1.165
1560,1.1456
1561,1.1282
1562,1.1068
1563,1.0874
1564,1.066
1565,1.0447
1566,1.0175
1567,0.99223
1568,0.96311
1569,0.93398
1570,0.90097
1571,0.86796
1572,0.83301
1573,0.79806
1574,0.76117
1575,0.72427
1576,0.68932
1577,0.65243
1578,0.61553
1579,0.58058
1580,0.54563
1581,0.51068
1582,0.47573
1583,0.44078
1584,0.40777
1585,0.37282
1586,0.34175
1587,0.31068
1588,0.2835
1589,0.25437
1590,0.23107
1591,0.20777
1592,0.18835
1593,0.16893
1594,0.15534
1595,0.14175
1596,0.13204
1597,0.12233
1598,0.11456
1599,0.10874
1600,0.10291
1601,0.099029
1602,0.095146
1603,0.091262
1604,0.087379
1605,0.083495
1606,0.079612
1607,0.07767
1608,0.073786
1609,0.071845
1610,0.071845
1611,0.069903
1612,0.069903
1613,0.069903
1614,0.067961
1615,0.067961
1616,0.066019
1617,0.064078
1618,0.062136
1619,0.062136
1620,0.060194
1621,0.058252
1622,0.056311
1623,0.054369
1624,0.054369
1625,0.052427
1626,0.052427
1627,0.050485
1628,0.050485
1629,0.048544
1630,0.048544
1631,0.046602
1632,0.04466
1633,0.04466
1634,0.042718
1635,0.042718
1636,0.040777
1637,0.040777
1638,0.040777
1639,0.042718
1640,0.04466
1641,0.046602
1642,0.048544
1643,0.052427
1644,0.054369
1645,0.056311
1646,0.058252
1647,0.060194
1648,0.060194
1649,0.062136
1650,0.064078
1651,0.066019
1652,0.066019
1653,0.067961
1654,0.066019
1655,0.066019
1656,0.062136
1657,0.058252
1658,0.048544
1659,0.038835
1660,0.023301
1661,0.007767
1662,-0.0097087
1663,-0.027184
1664,-0.046602
1665,-0.066019
1666,-0.087379
1667,-0.1068
1668,-0.12621
1669,-0.14563
1670,-0.16505
1671,-0.18447
1672,-0.20194
1673,-0.21942
1674,-0.23301
1675,-0.24854
1676,-0.26214
1677,-0.27379
1678,-0.28544
1679,-0.29515
1680,-0.30097
1681,-0.30874
1682,-0.31262
1683,-0.31456
1684,-0.31456
1685,-0.31456
1686,-0.31068
1687,-0.3068
1688,-0.29903
1689,-0.2932
1690,-0.2835
1691,-0.27379
1692,-0.26214
1693,-0.25049
1694,-0.24078
1695,-0.23107
1696,-0.22136
1697,-0.20971
1698,-0.2
1699,-0.19029
1700,-0.18058
1701,-0.17087
1702,-0.16311
1703,-0.1534
1704,-0.14369
1705,-0.13398
1706,-0.12621
1707,-0.1165
1708,-0.1068
1709,-0.099029
1710,-0.08932
1711,-0.079612
1712,-0.071845
1713,-0.062136
1714,-0.054369
1715,-0.04466
1716,-0.038835
1717,-0.031068
1718,-0.023301
1719,-0.017476
1720,-0.0097087
1721,-0.0038835
1722,0.0019417
1723,0.0058252
1724,0.01165
1725,0.015534
1726,0.021359
1727,0.027184
1728,0.03301
1729,0.038835
1730,0.04466
1731,0.050485
1732,0.056311
1733,0.062136
1734,0.067961
1735,0.073786
1736,0.079612
1737,0.085437
1738,0.08932
1739,0.095146
1740,0.097087
1741,0.10097
1742,0.10485
1743,0.10874
1744,0.11262
1745,0.1165
1746,0.1165
1747,0.11456
1748,0.1068
1749,0.10097
1750,0.085437
1751,0.069903
1752,0.050485
1753,0.029126
1754,0.007767
1755,-0.013592
1756,-0.034951
1757,-0.054369
1758,-0.069903
1759,-0.085437
1760,-0.097087
1761,-0.10874
1762,-0.11456
1763,-0.12039
1764,-0.12233
1765,-0.12233
1766,-0.11845
1767,-0.11262
1768,-0.10291
1769,-0.093204
1770,-0.07767
1771,-0.062136
1772,-0.040777
1773,-0.019417
1774,0.007767
1775,0.034951
1776,0.066019
1777,0.099029
1778,0.13398
1779,0.17087
1780,0.20971
1781,0.24854
1782,0.29126
1783,0.33398
1784,0.3767
1785,0.42136
1786,0.46408
1787,0.50874
1788,0.55146
1789,0.59417
1790,0.63495
1791,0.67573
1792,0.71456
1793,0.75146
1794,0.78641
1795,0.82136
1796,0.85243
1797,0.88544
1798,0.91262
1799,0.93981
1800,0.96505
1801,0.99029
1802,1.0117
1803,1.035
1804,1.0544
1805,1.0738
1806,1.0913
1807,1.1087
1808,1.1243
1809,1.1398
1810,1.1553
1811,1.1689
1812,1.1825
1813,1.1961
1814,1.2078
1815,1.2194
1816,1.2311
1817,1.2408
1818,1.2505
1819,1.2621
1820,1.2718
1821,1.2816
1822,1.2913
1823,1.301
1824,1.3107
1825,1.3204
1826,1.3282
1827,1.3359
1828,1.3398
1829,1.3456
1830,1.3476
1831,1.3495
1832,1.3495
1833,1.3495
1834,1.3456
1835,1.3417
1836,1.3359
1837,1.3301
1838,1.3184
1839,1.3068
1840,1.2913
1841,1.2738
1842,1.2485
1843,1.2252
1844,1.1961
1845,1.167
1846,1.134
1847,1.1029
1848,1.068
1849,1.035
1850,1.0
1851,0.96505
1852,0.9301
1853,0.89515
1854,0.86214
1855,0.82718
1856,0.79223
1857,0.75922
1858,0.72621
1859,0.6932
1860,0.66214
1861,0.62913
1862,0.6
1863,0.57282
1864,0.54563
1865,0.52039
1866,0.49709
1867,0.47573
1868,0.45631
1869,0.43689
1870,0.41942
1871,0.40388
1872,0.39223
1873,0.37864
1874,0.36893
1875,0.35728
1876,0.34757
1877,0.33981
1878,0.3301
1879,0.32039
1880,0.31262
1881,0.30291
1882,0.29515
1883,0.28738
1884,0.27961
1885,0.27379
1886,0.26602
1887,0.26019
1888,0.25437
1889,0.24854
1890,0.24272
1891,0.23689
1892,0.23301
1893,0.22718
1894,0.2233
1895,0.21942
1896,0.21553
1897,0.21359
1898,0.20971
1899,0.20777
1900,0.20388
1901,0.20194
1902,0.19612
1903,0.19223
1904,0.18835
1905,0.18252
1906,0.1767
1907,0.17282
1908,0.16699
1909,0.16117
1910,0.15534
1911,0.14951
1912,0.14563
1913,0.14175
1914,0.13786
1915,0.13592
1916,0.13592
1917,0.13398
1918,0.13398
1919,0.13398
1920,0.13398
1921,0.13398
1922,0.13398
1923,0.13398
1924,0.13204
1925,0.13204
1926,0.1301
1927,0.1301
1928,0.12816
1929,0.12816
1930,0.12427
1931,0.12039
1932,0.11456
1933,0.10874
1934,0.097087
1935,0.085437
1936,0.069903
1937,0.054369
1938,0.034951
1939,0.017476
1940,-0.0038835
1941,-0.025243
1942,-0.046602
1943,-0.067961
1944,-0.08932
1945,-0.10874
1946,-0.12816
1947,-0.14757
1948,-0.16505
1949,-0.18252
1950,-0.19806
1951,-0.21359
1952,-0.22718
1953,-0.24272
1954,-0.25243
1955,-0.26408
1956,-0.27379
1957,-0.28155
1958,-0.28738
1959,-0.2932
1960,-0.29515
1961,-0.29709
1962,-0.2932
1963,-0.29126
1964,-0.2835
1965,-0.27767
1966,-0.26796
1967,-0.25825
1968,-0.24854
1969,-0.23689
1970,-0.22718
1971,-0.21553
1972,-0.20583
1973,-0.19417
1974,-0.18447
1975,-0.17476
1976,-0.16699
1977,-0.15728
1978,-0.14951
1979,-0.14175
1980,-0.13398
1981,-0.12427
1982,-0.1165
1983,-0.10874
1984,-0.099029
1985,-0.091262
1986,-0.081553
1987,-0.073786
1988,-0.064078
1989,-0.056311
1990,-0.048544
1991,-0.040777
1992,-0.034951
1993,-0.027184
1994,-0.021359
1995,-0.015534
1996,-0.0097087
1997,-0.0038835
1998,0.0019417
1999,0.0058252
2000,0.0097087
2001,0.013592
2002,0.017476
2003,0.021359
2004,0.027184
2005,0.03301
2006,0.038835
2007,0.04466
2008,0.050485
2009,0.058252
2010,0.064078
2011,0.069903
2012,0.073786
2013,0.079612
2014,0.083495
2015,0.08932
2016,0.093204
2017,0.097087
2018,0.10097
2019,0.10485
2020,0.1068
2021,0.11068
2022,0.11262
2023,0.11456
2024,0.11262
2025,0.11068
2026,0.10485
2027,0.097087
2028,0.083495
2029,0.071845
2030,0.054369
2031,0.036893
2032,0.015534
2033,-0.0058252
2034,-0.027184
2035,-0.050485
2036,-0.073786
2037,-0.097087
2038,-0.11845
2039,-0.14175
2040,-0.16117
2041,-0.18058
2042,-0.19612
2043,-0.21165
2044,-0.22524
2045,-0.23689
2046,-0.24272
2047,-0.24854
2048,-0.25049
2049,-0.25049
2050,-0.24466
2051,-0.23689
2052,-0.2233
2053,-0.20971
2054,-0.18641
2055,-0.16505
2056,-0.13592
2057,-0.1068
2058,-0.069903
2059,-0.034951
2060,0.007767
2061,0.048544
2062,0.091262
2063,0.13592
2064,0.18058
2065,0.22718
2066,0.27184
2067,0.3165
2068,0.36117
2069,0.40583
2070,0.44854
2071,0.49126
2072,0.53398
2073,0.5767
2074,0.61748
2075,0.66019
2076,0.70097
2077,0.74175
2078,0.78252
2079,0.8233
2080,0.86408
2081,0.90485
2082,0.94369
2083,0.98252
2084,1.0175
2085,1.0544
2086,1.0874
2087,1.1204
2088,1.1495
2089,1.1806
2090,1.2058
2091,1.2311
2092,1.2544
2093,1.2757
2094,1.2932
2095,1.3107
2096,1.3262
2097,1.3417
2098,1.3534
2099,1.367
2100,1.3786
2101,1.3903
2102,1.4
2103,1.4097
2104,1.4175
2105,1.4272
2106,1.433
2107,1.4408
2108,1.4485
2109,1.4544
2110,1.4583
2111,1.4641
2112,1.466
2113,1.468
2114,1.466
2115,1.4641
2116,1.4563
2117,1.4485
2118,1.435
2119,1.4233
2120,1.4039
2121,1.3864
2122,1.365
2123,1.3437
2124,1.3204
2125,1.2971
2126,1.2699
2127,1.2447
2128,1.2155
2129,1.1864
2130,1.1553
2131,1.1223
2132,1.0893
2133,1.0563
2134,1.0214
2135,0.98835
2136,0.9534
2137,0.92039
2138,0.88738
2139,0.85631
2140,0.82524
2141,0.79417
2142,0.76893
2143,0.74175
2144,0.72039
2145,0.69709
2146,0.67961
2147,0.66214
2148,0.64854
2149,0.63495
2150,0.6233
2151,0.61165
2152,0.60194
2153,0.59223
2154,0.58252
2155,0.57282
2156,0.56311
2157,0.5534
2158,0.54369
2159,0.53398
2160,0.52621
2161,0.51845
2162,0.50874
2163,0.50097
2164,0.4932
2165,0.48544
2166,0.47573
2167,0.46796
2168,0.46019
2169,0.45049
2170,0.44272
2171,0.43301
2172,0.4233
2173,0.41553
2174,0.40583
2175,0.39612
2176,0.38641
2177,0.3767
2178,0.36699
2179,0.35728
2180,0.34951
2181,0.34175
2182,0.33398
2183,0.32621
2184,0.3165
2185,0.30874
2186,0.30097
2187,0.29515
2188,0.28738
2189,0.28155
2190,0.27573
2191,0.2699
2192,0.26602
2193,0.26214
2194,0.25825
2195,0.25631
2196,0.25631
2197,0.25437
2198,0.25243
2199,0.25049
2200,0.2466
2201,0.24272
2202,0.23883
2203,0.23495
2204,0.22913
2205,0.22524
2206,0.21942
2207,0.21359
2208,0.20388
2209,0.19612
2210,0.18252
2211,0.16893
2212,0.15146
2213,0.13204
2214,0.11262
2215,0.091262
2216,0.067961
2217,0.046602
2218,0.023301
2219,0.0
2220,-0.023301
2221,-0.046602
2222,-0.067961
2223,-0.08932
2224,-0.1068
2225,-0.12621
2226,-0.14369
2227,-0.16117
2228,-0.1767
2229,-0.19029
2230,-0.20388
2231,-0.21748
2232,-0.22718
2233,-0.23883
2234,-0.24466
2235,-0.25243
2236,-0.25437
2237,-0.25825
2238,-0.25825
2239,-0.25825
2240,-0.25437
2241,-0.25049
2242,-0.24272
2243,-0.23689
2244,-0.22718
2245,-0.21748
2246,-0.20971
2247,-0.2
2248,-0.19223
2249,-0.18252
2250,-0.1767
2251,-0.16893
2252,-0.16117
2253,-0.1534
2254,-0.14563
2255,-0.13786
2256,-0.1301
2257,-0.12233
2258,-0.11262
2259,-0.10485
2260,-0.097087
2261,-0.08932
2262,-0.079612
2263,-0.071845
2264,-0.064078
2265,-0.056311
2266,-0.048544
2267,-0.040777
2268,-0.034951
2269,-0.027184
2270,-0.021359
2271,-0.015534
2272,-0.0097087
2273,-0.0038835
2274,0.0
2275,0.0058252
2276,0.007767
2277,0.01165
2278,0.015534
2279,0.017476
2280,0.021359
2281,0.025243
2282,0.029126
2283,0.03301
2284,0.038835
2285,0.04466
2286,0.050485
2287,0.056311
2288,0.060194
2289,0.066019
2290,0.069903
2291,0.075728
2292,0.079612
2293,0.083495
2294,0.087379
2295,0.091262
2296,0.095146
2297,0.10097
2298,0.10291
2299,0.1068
2300,0.10874
2301,0.10874
2302,0.10485
2303,0.10097
2304,0.093204
2305,0.083495
2306,0.069903
2307,0.054369
2308,0.036893
2309,0.019417
2310,0.0
2311,-0.019417
2312,-0.038835
2313,-0.058252
2314,-0.07767
2315,-0.095146
2316,-0.11068
2317,-0.12816
2318,-0.14175
2319,-0.15728
2320,-0.17087
2321,-0.18447
2322,-0.19612
2323,-0.20777
2324,-0.21748
2325,-0.22718
2326,-0.23495
2327,-0.24272
2328,-0.24854
2329,-0.25437
2330,-0.25631
2331,-0.25825
2332,-0.25825
2333,-0.25825
2334,-0.25243
2335,-0.24854
2336,-0.23883
2337,-0.23107
2338,-0.21748
2339,-0.20583
2340,-0.19029
2341,-0.17476
2342,-0.15728
2343,-0.13786
2344,-0.1165
2345,-0.093204
2346,-0.066019
2347,-0.038835
2348,-0.0058252
2349,0.025243
2350,0.060194
2351,0.095146
2352,0.13204
2353,0.16699
2354,0.20777
2355,0.2466
2356,0.28932
2357,0.33204
2358,0.37476
2359,0.41748
2360,0.46019
2361,0.50485
2362,0.54757
2363,0.59223
2364,0.63495
2365,0.67767
2366,0.72039
2367,0.76117
2368,0.80194
2369,0.84078
2370,0.87961
2371,0.91845
2372,0.95534
2373,0.99223
2374,1.0272
2375,1.0621
2376,1.0951
2377,1.1301
2378,1.1612
2379,1.1922
2380,1.2214
2381,1.2505
2382,1.2738
2383,1.2971
2384,1.3184
2385,1.3379
2386,1.3534
2387,1.3709
2388,1.3825
2389,1.3961
2390,1.4039
2391,1.4117
2392,1.4136
2393,1.4155
2394,1.4117
2395,1.4078
2396,1.4
2397,1.3903
2398,1.3786
2399,1.367
2400,1.3534
2401,1.3379
2402,1.3223
2403,1.3068
2404,1.2893
2405,1.2738
2406,1.2563
2407,1.2388
2408,1.2214
2409,1.2019
2410,1.1845
2411,1.167
2412,1.1476
2413,1.1301
2414,1.1107
2415,1.0913
2416,1.0718
2417,1.0544
2418,1.035
2419,1.0155
2420,0.99612
2421,0.97864
2422,0.96117
2423,0.94369
2424,0.92816
2425,0.91068
2426,0.89709
2427,0.8835
2428,0.87184
2429,0.86019
2430,0.8466
2431,0.83495
2432,0.8233
2433,0.81165
2434,0.8
2435,0.78835
2436,0.7767
2437,0.76505
2438,0.75534
2439,0.74369
2440,0.73398
2441,0.72233
2442,0.71262
2443,0.70485
2444,0.69515
2445,0.68738
2446,0.67767
2447,0.6699
2448,0.66019
2449,0.65243
2450,0.64272
2451,0.63495
2452,0.62524
2453,0.61748
2454,0.60583
2455,0.59612
2456,0.58641
2457,0.57476
2458,0.56505
2459,0.5534
2460,0.54369
2461,0.53204
2462,0.52039
2463,0.50874
2464,0.49709
2465,0.48544
2466,0.47379
2467,0.46214
2468,0.45243
2469,0.44078
2470,0.43301
2471,0.4233
2472,0.41553
2473,0.40971
2474,0.40388
2475,0.39806
2476,0.39417
2477,0.38835
2478,0.38447
2479,0.37864
2480,0.37282
2481,0.36699
2482,0.36117
2483,0.3534
2484,0.34757
2485,0.33981
2486,0.33204
2487,0.32427
2488,0.31262
2489,0.30291
2490,0.28738
2491,0.27184
2492,0.25049
2493,0.22913
2494,0.20583
2495,0.18058
2496,0.15534
2497,0.12816
2498,0.10291
2499,0.075728
2500,0.050485
2501,0.027184
2502,0.0019417
2503,-0.021359
2504,-0.042718
2505,-0.066019
2506,-0.085437
2507,-0.10485
2508,-0.12233
2509,-0.13981
2510,-0.15534
2511,-0.16893
2512,-0.18058
2513,-0.19417
2514,-0.20194
2515,-0.20971
2516,-0.21359
2517,-0.21942
2518,-0.21942
2519,-0.21942
2520,-0.21553
2521,-0.21165
2522,-0.20583
2523,-0.19806
2524,-0.19029
2525,-0.18252
2526,-0.17476
2527,-0.16699
2528,-0.15922
2529,-0.15146
2530,-0.14369
2531,-0.13592
2532,-0.1301
2533,-0.12233
2534,-0.11456
2535,-0.1068
2536,-0.10097
2537,-0.093204
2538,-0.085437
2539,-0.07767
2540,-0.071845
2541,-0.064078
2542,-0.058252
2543,-0.050485
2544,-0.042718
2545,-0.034951
2546,-0.027184
2547,-0.019417
2548,-0.013592
2549,-0.0058252
2550,0.0
2551,0.0058252
2552,0.01165
2553,0.017476
2554,0.021359
2555,0.027184
2556,0.029126
2557,0.03301
2558,0.036893
2559,0.038835
2560,0.042718
2561,0.046602
2562,0.050485
2563,0.054369
2564,0.060194
2565,0.066019
2566,0.071845
2567,0.07767
2568,0.081553
2569,0.087379
2570,0.091262
2571,0.097087
2572,0.10097
2573,0.10485
2574,0.10874
2575,0.11262
2576,0.1165
2577,0.12039
2578,0.12233
2579,0.12427
2580,0.12233
2581,0.12039
2582,0.11456
2583,0.1068
2584,0.095146
2585,0.083495
2586,0.067961
2587,0.052427
2588,0.03301
2589,0.013592
2590,-0.0058252
2591,-0.025243
2592,-0.04466
2593,-0.062136
2594,-0.081553
2595,-0.099029
2596,-0.1165
2597,-0.13398
2598,-0.14951
2599,-0.16505
2600,-0.17864
2601,-0.19223
2602,-0.20388
2603,-0.21359
2604,-0.22136
2605,-0.22913
2606,-0.23495
2607,-0.23883
2608,-0.24078
2609,-0.24272
2610,-0.24078
2611,-0.23689
2612,-0.23301
2613,-0.22718
2614,-0.21748
2615,-0.20971
2616,-0.19806
2617,-0.18835
2618,-0.1767
2619,-0.16699
2620,-0.15534
2621,-0.14563
2622,-0.13592
2623,-0.12621
2624,-0.1165
2625,-0.1068
2626,-0.097087
2627,-0.087379
2628,-0.07767
2629,-0.067961
2630,-0.060194
2631,-0.050485
2632,-0.042718
2633,-0.03301
2634,-0.025243
2635,-0.017476
2636,-0.0097087
2637,-0.0019417
2638,0.0058252
2639,0.01165
2640,0.017476
2641,0.023301
2642,0.027184
2643,0.031068
2644,0.034951
2645,0.036893
2646,0.036893
2647,0.038835
2648,0.036893
2649,0.034951
2650,0.03301
2651,0.03301
2652,0.03301
2653,0.03301
2654,0.036893
2655,0.040777
2656,0.050485
2657,0.058252
2658,0.069903
2659,0.083495
2660,0.10097
2661,0.11845
2662,0.13981
2663,0.16117
2664,0.18641
2665,0.21165
2666,0.23883
2667,0.26796
2668,0.29903
2669,0.3301
2670,0.35922
2671,0.39029
2672,0.41748
2673,0.44466
2674,0.46602
2675,0.48932
2676,0.50485
2677,0.52233
2678,0.53592
2679,0.54951
2680,0.56117
2681,0.57282
2682,0.58641
2683,0.59806
2684,0.61165
2685,0.6233
2686,0.63689
2687,0.64854
2688,0.66214
2689,0.67573
2690,0.68932
2691,0.70291
2692,0.7165
2693,0.7301
2694,0.74369
2695,0.75728
2696,0.77087
2697,0.78447
2698,0.8
2699,0.81359
2700,0.82718
2701,0.84272
2702,0.85825
2703,0.87379
2704,0.88932
2705,0.90485
2706,0.92039
2707,0.93786
2708,0.95534
2709,0.97282
2710,0.99029
2711,1.0078
2712,1.0233
2713,1.0408
2714,1.0563
2715,1.0738
2716,1.0893
2717,1.1049
2718,1.1204
2719,1.1359
2720,1.1495
2721,1.165
2722,1.1767
2723,1.1903
2724,1.2039
2725,1.2155
2726,1.2252
2727,1.2369
2728,1.2447
2729,1.2524
2730,1.2583
2731,1.2641
2732,1.268
2733,1.2718
2734,1.2718
2735,1.2718
2736,1.268
2737,1.266
2738,1.2602
2739,1.2544
2740,1.2466
2741,1.2388
2742,1.2272
2743,1.2175
2744,1.2058
2745,1.1942
2746,1.1825
2747,1.1709
2748,1.1592
2749,1.1476
2750,1.1359
2751,1.1243
2752,1.1107
2753,1.099
2754,1.0854
2755,1.0738
2756,1.0583
2757,1.0447
2758,1.0311
2759,1.0175
2760,1.0019
2761,0.98835
2762,0.97282
2763,0.95534
2764,0.93592
2765,0.91845
2766,0.8932
2767,0.8699
2768,0.84078
2769,0.81165
2770,0.78058
2771,0.74951
2772,0.7165
2773,0.68544
2774,0.65049
2775,0.61748
2776,0.58252
2777,0.54757
2778,0.51262
2779,0.47767
2780,0.44466
2781,0.40971
2782,0.37864
2783,0.34563
2784,0.31456
2785,0.28544
2786,0.25825
2787,0.23107
2788,0.20777
2789,0.18447
2790,0.16311
2791,0.14369
2792,0.12816
2793,0.11262
2794,0.10097
2795,0.091262
2796,0.083495
2797,0.07767
2798,0.073786
2799,0.069903
2800,0.067961
2801,0.066019
2802,0.064078
2803,0.062136
2804,0.060194
2805,0.058252
2806,0.056311
2807,0.052427
2808,0.050485
2809,0.048544
2810,0.046602
2811,0.04466
2812,0.04466
2813,0.042718
2814,0.042718
2815,0.040777
2816,0.040777
2817,0.040777
2818,0.040777
2819,0.040777
2820,0.040777
2821,0.040777
2822,0.040777
2823,0.040777
2824,0.040777
2825,0.040777
2826,0.042718
2827,0.042718
2828,0.042718
2829,0.04466
2830,0.042718
2831,0.042718
2832,0.042718
2833,0.040777
2834,0.038835
2835,0.038835
2836,0.038835
2837,0.038835
2838,0.040777
2839,0.042718
2840,0.046602
2841,0.048544
2842,0.052427
2843,0.054369
2844,0.056311
2845,0.060194
2846,0.062136
2847,0.064078
2848,0.066019
2849,0.066019
2850,0.067961
2851,0.067961
2852,0.069903
2853,0.069903
2854,0.067961
2855,0.066019
2856,0.062136
2857,0.058252
2858,0.048544
2859,0.038835
2860,0.023301
2861,0.0097087
2862,-0.0097087
2863,-0.027184
2864,-0.046602
2865,-0.066019
2866,-0.087379
2867,-0.1068
2868,-0.12621
2869,-0.14563
2870,-0.16311
2871,-0.18058
2872,-0.19806
2873,-0.21553
2874,-0.23107
2875,-0.24466
2876,-0.25825
2877,-0.2699
2878,-0.27961
2879,-0.28932
2880,-0.29709
2881,-0.30291
2882,-0.30874
2883,-0.31262
2884,-0.31456
2885,-0.31456
2886,-0.31262
2887,-0.31068
2888,-0.30485
2889,-0.29903
2890,-0.28932
2891,-0.27961
2892,-0.26796
2893,-0.25631
2894,-0.2466
2895,-0.23495
2896,-0.2233
2897,-0.21165
2898,-0.20194
2899,-0.19029
2900,-0.18058
2901,-0.17087
2902,-0.16117
2903,-0.15146
2904,-0.14175
2905,-0.13204
2906,-0.12233
2907,-0.11262
2908,-0.10291
2909,-0.095146
2910,-0.085437
2911,-0.075728
2912,-0.066019
2913,-0.058252
2914,-0.048544
2915,-0.040777
2916,-0.031068
2917,-0.023301
2918,-0.015534
2919,-0.0097087
2920,-0.0038835
2921,0.0019417
2922,0.007767
2923,0.01165
2924,0.015534
2925,0.019417
2926,0.019417
2927,0.021359
2928,0.019417
2929,0.019417
2930,0.017476
2931,0.017476
2932,0.015534
2933,0.015534
2934,0.017476
2935,0.019417
2936,0.023301
2937,0.027184
2938,0.03301
2939,0.038835
2940,0.048544
2941,0.056311
2942,0.069903
2943,0.083495
2944,0.10097
2945,0.12039
2946,0.13981
2947,0.15922
2948,0.18058
2949,0.20194
2950,0.21942
2951,0.23689
2952,0.25049
2953,0.26602
2954,0.27767
2955,0.29126
2956,0.30291
2957,0.31456
2958,0.32621
2959,0.33786
2960,0.35146
2961,0.36505
2962,0.37864
2963,0.39417
2964,0.40777
2965,0.4233
2966,0.44078
2967,0.45825
2968,0.47767
2969,0.49709
2970,0.5165
2971,0.53592
2972,0.55728
2973,0.57864
2974,0.6
2975,0.6233
2976,0.6466
2977,0.6699
2978,0.6932
2979,0.7165
2980,0.73981
2981,0.76505
2982,0.78835
2983,0.81359
2984,0.83689
2985,0.86214
2986,0.88544
2987,0.9068
2988,0.92816
2989,0.94951
2990,0.96699
2991,0.98641
2992,1.0039
2993,1.0214
2994,1.0388
2995,1.0544
2996,1.0718
2997,1.0874
2998,1.1029
2999,1.1184
3000,1.134
3001,1.1476
3002,1.1612
3003,1.1748
3004,1.1864
3005,1.1981
3006,1.2078
3007,1.2175
3008,1.2272
3009,1.235
3010,1.2408
3011,1.2466
3012,1.2485
3013,1.2524
3014,1.2524
3015,1.2505
3016,1.2485
3017,1.2447
3018,1.2369
3019,1.2311
3020,1.2233
3021,1.2136
3022,1.2039
3023,1.1942
3024,1.1845
3025,1.1748
3026,1.1631
3027,1.1534
3028,1.1437
3029,1.132
3030,1.1204
3031,1.1087
3032,1.0951
3033,1.0816
3034,1.066
3035,1.0524
3036,1.0369
3037,1.0214
3038,1.0039
3039,0.98835
3040,0.96893
3041,0.95146
3042,0.92816
3043,0.90485
3044,0.87767
3045,0.85049
3046,0.81748
3047,0.78641
3048,0.75146
3049,0.7165
3050,0.68155
3051,0.64466
3052,0.60971
3053,0.57282
3054,0.53592
3055,0.50097
3056,0.46602
3057,0.43107
3058,0.39806
3059,0.36505
3060,0.33398
3061,0.30097
3062,0.27379
3063,0.24466
3064,0.21942
3065,0.19223
3066,0.17087
3067,0.14757
3068,0.1301
3069,0.11068
3070,0.097087
3071,0.083495
3072,0.073786
3073,0.064078
3074,0.058252
3075,0.052427
3076,0.048544
3077,0.04466
3078,0.042718
3079,0.038835
3080,0.036893
3081,0.034951
3082,0.03301
3083,0.03301
3084,0.031068
3085,0.029126
3086,0.029126
3087,0.027184
3088,0.027184
3089,0.025243
3090,0.025243
3091,0.025243
3092,0.025243
3093,0.023301
3094,0.023301
3095,0.023301
3096,0.025243
3097,0.025243
3098,0.025243
3099,0.025243
3100,0.025243
3101,0.027184
3102,0.025243
3103,0.025243
3104,0.025243
3105,0.023301
3106,0.023301
3107,0.021359
3108,0.019417
3109,0.019417
3110,0.017476
3111,0.015534
3112,0.013592
3113,0.01165
3114,0.01165
3115,0.01165
3116,0.013592
3117,0.015534
3118,0.017476
3119,0.021359
3120,0.025243
3121,0.029126
3122,0.031068
3123,0.034951
3124,0.036893
3125,0.036893
3126,0.038835
3127,0.040777
3128,0.042718
3129,0.04466
3130,0.04466
3131,0.04466
3132,0.042718
3133,0.040777
3134,0.034951
3135,0.027184
3136,0.017476
3137,0.0058252
3138,-0.0097087
3139,-0.025243
3140,-0.04466
3141,-0.064078
3142,-0.083495
3143,-0.10291
3144,-0.12427
3145,-0.14369
3146,-0.16117
3147,-0.17864
3148,-0.19612
3149,-0.21165
3150,-0.22718
3151,-0.24078
3152,-0.25437
3153,-0.26796
3154,-0.27767
3155,-0.28932
3156,-0.29709
3157,-0.30485
3158,-0.31068
3159,-0.3165
3160,-0.31845
3161,-0.32039
3162,-0.31845
3163,-0.3165
3164,-0.31068
3165,-0.30485
3166,-0.29709
3167,-0.28738
3168,-0.27573
3169,-0.26408
3170,-0.25243
3171,-0.24078
3172,-0.22913
3173,-0.21748
3174,-0.20583
3175,-0.19417
3176,-0.18447
3177,-0.17476
3178,-0.16699
3179,-0.15728
3180,-0.14951
3181,-0.13981
3182,-0.13204
3183,-0.12233
3184,-0.11456
3185,-0.1068
3186,-0.097087
3187,-0.08932
3188,-0.079612
3189,-0.069903
3190,-0.062136
3191,-0.052427
3192,-0.04466
3193,-0.036893
3194,-0.029126
3195,-0.023301
3196,-0.017476
3197,-0.01165
3198,-0.0058252
3199,0.0
3200,0.0038835
3201,0.007767
3202,0.01165
3203,0.015534
3204,0.019417
3205,0.023301
3206,0.027184
3207,0.031068
3208,0.036893
3209,0.040777
3210,0.046602
3211,0.052427
3212,0.058252
3213,0.064078
3214,0.069903
3215,0.073786
3216,0.079612
3217,0.083495
3218,0.087379
3219,0.091262
3220,0.095146
3221,0.097087
3222,0.10097
3223,0.10291
3224,0.10485
3225,0.10485
3226,0.099029
3227,0.093204
3228,0.079612
3229,0.067961
3230,0.050485
3231,0.031068
3232,0.007767
3233,-0.013592
3234,-0.036893
3235,-0.058252
3236,-0.079612
3237,-0.10097
3238,-0.1165
3239,-0.13398
3240,-0.14563
3241,-0.15922
3242,-0.16505
3243,-0.17087
3244,-0.17282
3245,-0.17282
3246,-0.16893
3247,-0.16311
3248,-0.15146
3249,-0.14175
3250,-0.12427
3251,-0.10874
3252,-0.085437
3253,-0.064078
3254,-0.034951
3255,-0.0038835
3256,0.031068
3257,0.066019
3258,0.1068
3259,0.14757
3260,0.19223
3261,0.23883
3262,0.2835
3263,0.3301
3264,0.37864
3265,0.42524
3266,0.47184
3267,0.51845
3268,0.56311
3269,0.60777
3270,0.65049
3271,0.6932
3272,0.73398
3273,0.77476
3274,0.81165
3275,0.85049
3276,0.88738
3277,0.92233
3278,0.95534
3279,0.98835
3280,1.0194
3281,1.0485
3282,1.0757
3283,1.1029
3284,1.1262
3285,1.1515
3286,1.1709
3287,1.1922
3288,1.2097
3289,1.2291
3290,1.2427
3291,1.2583
3292,1.2699
3293,1.2835
3294,1.2951
3295,1.3068
3296,1.3184
3297,1.3301
3298,1.3417
3299,1.3534
3300,1.365
3301,1.3767
3302,1.3845
3303,1.3942
3304,1.4
3305,1.4058
3306,1.4117
3307,1.4155
3308,1.4175
3309,1.4214
3310,1.4214
3311,1.4233
3312,1.4233
3313,1.4233
3314,1.4194
3315,1.4136
3316,1.4058
3317,1.3961
3318,1.3806
3319,1.365
3320,1.3417
3321,1.3204
3322,1.2932
3323,1.266
3324,1.233
3325,1.2019
3326,1.1689
3327,1.1359
3328,1.101
3329,1.068
3330,1.0311
3331,0.99612
3332,0.95922
3333,0.92233
3334,0.88738
3335,0.85049
3336,0.81359
3337,0.77864
3338,0.74563
3339,0.71262
3340,0.68155
3341,0.65049
3342,0.6233
3343,0.59612
3344,0.57282
3345,0.54951
3346,0.53204
3347,0.51456
3348,0.49903
3349,0.48544
3350,0.47379
3351,0.46214
3352,0.45437
3353,0.44466
3354,0.43689
3355,0.42718
3356,0.41942
3357,0.41165
3358,0.40388
3359,0.39612
3360,0.38835
3361,0.38058
3362,0.37476
3363,0.36699
3364,0.36117
3365,0.3534
3366,0.34757
3367,0.34175
3368,0.33786
3369,0.33204
3370,0.32816
3371,0.32233
3372,0.31845
3373,0.31456
3374,0.30874
3375,0.30291
3376,0.29709
3377,0.29126
3378,0.28738
3379,0.28155
3380,0.27767
3381,0.27184
3382,0.26602
3383,0.26214
3384,0.25631
3385,0.25049
3386,0.24466
3387,0.23883
3388,0.23301
3389,0.22718
3390,0.22136
3391,0.21748
3392,0.21359
3393,0.21165
3394,0.20971
3395,0.20777
3396,0.20583
3397,0.20583
3398,0.20388
3399,0.20388
3400,0.2
3401,0.19806
3402,0.19612
3403,0.19417
3404,0.19029
3405,0.18835
3406,0.18447
3407,0.18058
3408,0.1767
3409,0.17087
3410,0.16117
3411,0.15146
3412,0.13786
3413,0.12427
3414,0.1068
3415,0.08932
3416,0.069903
3417,0.048544
3418,0.027184
3419,0.0058252
3420,-0.015534
3421,-0.036893
3422,-0.058252
3423,-0.07767
3424,-0.099029
3425,-0.11845
3426,-0.13786
3427,-0.15534
3428,-0.17282
3429,-0.19029
3430,-0.20583
3431,-0.21942
3432,-0.23301
3433,-0.24466
3434,-0.25243
3435,-0.26019
3436,-0.26602
3437,-0.2699
3438,-0.27184
3439,-0.27184
3440,-0.26796
3441,-0.26602
3442,-0.26019
3443,-0.25437
3444,-0.2466
3445,-0.23883
3446,-0.22913
3447,-0.22136
3448,-0.21165
3449,-0.20388
3450,-0.19612
3451,-0.18641
3452,-0.17864
3453,-0.17087
3454,-0.16117
3455,-0.15146
3456,-0.14369
3457,-0.13398
3458,-0.12427
3459,-0.11456
3460,-0.1068
3461,-0.097087
3462,-0.08932
3463,-0.079612
3464,-0.071845
3465,-0.064078
3466,-0.056311
3467,-0.048544
3468,-0.042718
3469,-0.034951
3470,-0.029126
3471,-0.023301
3472,-0.017476
3473,-0.0097087
3474,-0.0058252
3475,0.0
3476,0.0038835
3477,0.0097087
3478,0.01165
3479,0.015534
3480,0.019417
3481,0.021359
3482,0.025243
3483,0.029126
3484,0.034951
3485,0.040777
3486,0.04466
3487,0.050485
3488,0.054369
3489,0.058252
3490,0.062136
3491,0.066019
3492,0.067961
3493,0.071845
3494,0.075728
3495,0.079612
3496,0.083495
3497,0.087379
3498,0.08932
3499,0.093204
3500,0.095146
3501,0.097087
3502,0.093204
3503,0.091262
3504,0.083495
3505,0.075728
3506,0.062136
3507,0.048544
3508,0.031068
3509,0.01165
3510,-0.007767
3511,-0.027184
3512,-0.046602
3513,-0.067961
3514,-0.087379
3515,-0.1068
3516,-0.12621
3517,-0.14369
3518,-0.16117
3519,-0.1767
3520,-0.19223
3521,-0.20583
3522,-0.21942
3523,-0.23107
3524,-0.24272
3525,-0.25243
3526,-0.26019
3527,-0.26602
3528,-0.2699
3529,-0.27379
3530,-0.27573
3531,-0.27767
3532,-0.27767
3533,-0.27573
3534,-0.27184
3535,-0.26796
3536,-0.26214
3537,-0.25631
3538,-0.24854
3539,-0.23883
3540,-0.22913
3541,-0.21748
3542,-0.20388
3543,-0.19029
3544,-0.17476
3545,-0.15728
3546,-0.13786
3547,-0.11845
3548,-0.095146
3549,-0.071845
3550,-0.04466
3551,-0.017476
3552,0.01165
3553,0.040777
3554,0.071845
3555,0.10485
3556,0.13981
3557,0.1767
3558,0.21553
3559,0.25437
3560,0.29515
3561,0.33786
3562,0.38058
3563,0.4233
3564,0.46796
3565,0.51262
3566,0.55534
3567,0.6
3568,0.64272
3569,0.68544
3570,0.72427
3571,0.76505
3572,0.80388
3573,0.84272
3574,0.87961
3575,0.9165
3576,0.95146
3577,0.98641
3578,1.0194
3579,1.0524
3580,1.0816
3581,1.1126
3582,1.1379
3583,1.1631
3584,1.1845
3585,1.2058
3586,1.2214
3587,1.2388
3588,1.2544
3589,1.268
3590,1.2777
3591,1.2854
3592,1.2913
3593,1.2951
3594,1.2951
3595,1.2951
3596,1.2893
3597,1.2835
3598,1.2757
3599,1.268
3600,1.2563
3601,1.2447
3602,1.233
3603,1.2214
3604,1.2078
3605,1.1961
3606,1.1806
3607,1.167
3608,1.1534
3609,1.1398
3610,1.1243
3611,1.1087
3612,1.0932
3613,1.0777
3614,1.0621
3615,1.0466
3616,1.0311
3617,1.0136
3618,0.99806
3619,0.98252
3620,0.96699
3621,0.94951
3622,0.93592
3623,0.92039
3624,0.90874
3625,0.89515
3626,0.8835
3627,0.87184
3628,0.86214
3629,0.85437
3630,0.84466
3631,0.83495
3632,0.82524
3633,0.81553
3634,0.80583
3635,0.79612
3636,0.78447
3637,0.77282
3638,0.76311
3639,0.7534
3640,0.74369
3641,0.73398
3642,0.72621
3643,0.71845
3644,0.70874
3645,0.70097
3646,0.6932
3647,0.68544
3648,0.67961
3649,0.67184
3650,0.66408
3651,0.65825
3652,0.65049
3653,0.64466
3654,0.63495
3655,0.62718
3656,0.61942
3657,0.61165
3658,0.6
3659,0.59029
3660,0.58058
3661,0.57087
3662,0.55922
3663,0.54757
3664,0.53592
3665,0.52427
3666,0.51262
3667,0.50097
3668,0.48932
3669,0.47767
3670,0.46796
3671,0.46019
3672,0.45243
3673,0.44466
3674,0.43883
3675,0.43301
3676,0.42718
3677,0.4233
3678,0.41942
3679,0.41553
3680,0.40971
3681,0.40583
3682,0.4
3683,0.39612
3684,0.39029
3685,0.38447
3686,0.3767
3687,0.36699
3688,0.35728
3689,0.34563
3690,0.32816
3691,0.31068
3692,0.28932
3693,0.26796
3694,0.24272
3695,0.21748
3696,0.19223
3697,0.16505
3698,0.13786
3699,0.11262
3700,0.087379
3701,0.062136
3702,0.036893
3703,0.013592
3704,-0.007767
3705,-0.029126
3706,-0.048544
3707,-0.069903
3708,-0.087379
3709,-0.1068
3710,-0.12233
3711,-0.13786
3712,-0.14951
3713,-0.16311
3714,-0.17282
3715,-0.18058
3716,-0.18641
3717,-0.19223
3718,-0.19417
3719,-0.19612
3720,-0.19223
3721,-0.19029
3722,-0.18447
3723,-0.17864
3724,-0.17087
3725,-0.16311
3726,-0.15534
3727,-0.14757
3728,-0.13981
3729,-0.13204
3730,-0.12621
3731,-0.11845
3732,-0.11262
3733,-0.10485
3734,-0.099029
3735,-0.091262
3736,-0.085437
3737,-0.07767
3738,-0.071845
3739,-0.066019
3740,-0.058252
3741,-0.052427
3742,-0.046602
3743,-0.040777
3744,-0.03301
3745,-0.027184
3746,-0.021359
3747,-0.013592
3748,-0.007767
3749,-0.0019417
3750,0.0019417
3751,0.007767
3752,0.01165
3753,0.015534
3754,0.019417
3755,0.023301
3756,0.027184
3757,0.031068
3758,0.034951
3759,0.036893
3760,0.040777
3761,0.04466
3762,0.048544
3763,0.052427
3764,0.058252
3765,0.064078
3766,0.069903
3767,0.075728
3768,0.079612
3769,0.085437
3770,0.08932
3771,0.093204
3772,0.097087
3773,0.099029
3774,0.10291
3775,0.1068
3776,0.11068
3777,0.11456
3778,0.11456
3779,0.1165
3780,0.1165
3781,0.1165
3782,0.10874
3783,0.10291
3784,0.091262
3785,0.079612
3786,0.062136
3787,0.04466
3788,0.021359
3789,-0.0019417
3790,-0.025243
3791,-0.048544
3792,-0.071845
3793,-0.097087
3794,-0.1165
3795,-0.13786
3796,-0.15534
3797,-0.17282
3798,-0.18641
3799,-0.2
3800,-0.20777
3801,-0.21553
3802,-0.21942
3803,-0.22136
3804,-0.21748
3805,-0.21553
3806,-0.20388
3807,-0.19417
3808,-0.1767
3809,-0.15922
3810,-0.13398
3811,-0.10874
3812,-0.07767
3813,-0.046602
3814,-0.0097087
3815,0.027184
3816,0.069903
3817,0.11068
3818,0.15534
3819,0.2
3820,0.24466
3821,0.28932
3822,0.33204
3823,0.37476
3824,0.41748
3825,0.46019
3826,0.50097
3827,0.54175
3828,0.58058
3829,0.62136
3830,0.65825
3831,0.69515
3832,0.7301
3833,0.76699
3834,0.8
3835,0.83301
3836,0.86408
3837,0.89709
3838,0.92427
3839,0.95146
3840,0.9767
3841,1.0
3842,1.0214
3843,1.0427
3844,1.0621
3845,1.0796
3846,1.0971
3847,1.1126
3848,1.1262
3849,1.1398
3850,1.1534
3851,1.167
3852,1.1786
3853,1.1922
3854,1.2039
3855,1.2155
3856,1.2272
3857,1.2408
3858,1.2505
3859,1.2621
3860,1.2699
3861,1.2796
3862,1.2874
3863,1.2951
3864,1.301
3865,1.3068
3866,1.3126
3867,1.3165
3868,1.3204
3869,1.3223
3870,1.3204
3871,1.3184
3872,1.3107
3873,1.3029
3874,1.2874
3875,1.2718
3876,1.2505
3877,1.2291
3878,1.2039
3879,1.1786
3880,1.1495
3881,1.1204
3882,1.0893
3883,1.0583
3884,1.0252
3885,0.99223
3886,0.95922
3887,0.92427
3888,0.89126
3889,0.85825
3890,0.82524
3891,0.79417
3892,0.76311
3893,0.73204
3894,0.70291
3895,0.67379
3896,0.6466
3897,0.61942
3898,0.59806
3899,0.57476
3900,0.55534
3901,0.53592
3902,0.52233
3903,0.5068
3904,0.49515
3905,0.4835
3906,0.47379
3907,0.46408
3908,0.45437
3909,0.4466
3910,0.43883
3911,0.42913
3912,0.41942
3913,0.41165
3914,0.40194
3915,0.39417
3916,0.38447
3917,0.3767
3918,0.36893
3919,0.36117
3920,0.35534
3921,0.34951
3922,0.34369
3923,0.33786
3924,0.33398
3925,0.3301
3926,0.32621
3927,0.32233
3928,0.31845
3929,0.31456
3930,0.31068
3931,0.3068
3932,0.30291
3933,0.29903
3934,0.2932
3935,0.28738
3936,0.28155
3937,0.27573
3938,0.2699
3939,0.26408
3940,0.25825
3941,0.25243
3942,0.2466
3943,0.24078
3944,0.23495
3945,0.22913
3946,0.2233
3947,0.21748
3948,0.21359
3949,0.20971
3950,0.20777
3951,0.20583
3952,0.20583
3953,0.20388
3954,0.20194
3955,0.2
3956,0.19612
3957,0.19417
3958,0.19029
3959,0.18835
3960,0.18641
3961,0.18252
3962,0.17864
3963,0.1767
3964,0.17087
3965,0.16505
3966,0.15534
3967,0.14563
3968,0.1301
3969,0.11456
3970,0.095146
3971,0.075728
3972,0.052427
3973,0.031068
3974,0.007767
3975,-0.013592
3976,-0.034951
3977,-0.056311
3978,-0.07767
3979,-0.097087
3980,-0.1165
3981,-0.13592
3982,-0.1534
3983,-0.17087
3984,-0.18641
3985,-0.20194
3986,-0.21553
3987,-0.22913
3988,-0.24078
3989,-0.25049
3990,-0.25825
3991,-0.26602
3992,-0.26796
3993,-0.27184
3994,-0.27184
3995,-0.27184
3996,-0.26796
3997,-0.26408
3998,-0.25631
3999,-0.25049
4000,-0.24078
4001,-0.23107
4002,-0.22136
4003,-0.21165
4004,-0.20194
4005,-0.19223
4006,-0.18447
4007,-0.17476
4008,-0.16699
4009,-0.15728
4010,-0.14951
4011,-0.14175
4012,-0.13204
4013,-0.12427
4014,-0.1165
4015,-0.1068
4016,-0.099029
4017,-0.091262
4018,-0.083495
4019,-0.073786
4020,-0.066019
4021,-0.058252
4022,-0.050485
4023,-0.04466
4024,-0.036893
4025,-0.031068
4026,-0.023301
4027,-0.017476
4028,-0.01165
4029,-0.0058252
4030,-0.0019417
4031,0.0038835
4032,0.007767
4033,0.013592
4034,0.015534
4035,0.019417
4036,0.021359
4037,0.025243
4038,0.029126
4039,0.03301
4040,0.038835
4041,0.04466
4042,0.050485
4043,0.058252
4044,0.064078
4045,0.071845
4046,0.07767
4047,0.083495
4048,0.087379
4049,0.091262
4050,0.095146
4051,0.099029
4052,0.10291
4053,0.10874
4054,0.11068
4055,0.11456
4056,0.1165
4057,0.1165
4058,0.11262
4059,0.10874
4060,0.10097
4061,0.091262
4062,0.075728
4063,0.062136
4064,0.042718
4065,0.023301
4066,0.0038835
4067,-0.015534
4068,-0.034951
4069,-0.054369
4070,-0.071845
4071,-0.091262
4072,-0.1068
4073,-0.12427
4074,-0.13981
4075,-0.15534
4076,-0.16893
4077,-0.18447
4078,-0.19612
4079,-0.20777
4080,-0.21748
4081,-0.22913
4082,-0.23689
4083,-0.24272
4084,-0.24854
4085,-0.25243
4086,-0.25631
4087,-0.25825
4088,-0.26019
4089,-0.26019
4090,-0.25825
4091,-0.25437
4092,-0.24854
4093,-0.24272
4094,-0.23495
4095,-0.22524
4096,-0.21553
4097,-0.20388
4098,-0.18835
4099,-0.17476
4100,-0.15728
4101,-0.13786
4102,-0.11456
4103,-0.091262
4104,-0.064078
4105,-0.036893
4106,-0.0058252
4107,0.027184
4108,0.062136
4109,0.099029
4110,0.13786
4111,0.1767
4112,0.21553
4113,0.25631
4114,0.29903
4115,0.33981
4116,0.38252
4117,0.42524
4118,0.46796
4119,0.51262
4120,0.55534
4121,0.6
4122,0.64272
4123,0.68544
4124,0.72621
4125,0.76699
4126,0.80777
4127,0.84854
4128,0.88738
4129,0.92816
4130,0.96699
4131,1.0058
4132,1.0427
4133,1.0796
4134,1.1146
4135,1.1515
4136,1.1845
4137,1.2175
4138,1.2466
4139,1.2757
4140,1.301
4141,1.3262
4142,1.3476
4143,1.3689
4144,1.3845
4145,1.4019
4146,1.4136
4147,1.4233
4148,1.4291
4149,1.433
4150,1.4311
4151,1.4272
4152,1.4175
4153,1.4097
4154,1.3981
4155,1.3864
4156,1.3748
4157,1.3612
4158,1.3476
4159,1.334
4160,1.3184
4161,1.3049
4162,1.2893
4163,1.2757
4164,1.2602
4165,1.2466
4166,1.2311
4167,1.2175
4168,1.2019
4169,1.1883
4170,1.1728
4171,1.1592
4172,1.1437
4173,1.1301
4174,1.1146
4175,1.101
4176,1.0874
4177,1.0738
4178,1.0621
4179,1.0505
4180,1.0408
4181,1.0311
4182,1.0214
4183,1.0136
4184,1.0039
4185,0.99612
4186,0.98641
4187,0.9767
4188,0.96699
4189,0.95728
4190,0.94563
4191,0.93398
4192,0.92233
4193,0.90874
4194,0.89709
4195,0.88738
4196,0.87573
4197,0.86602
4198,0.85631
4199,0.8466
4200,0.83689
4201,0.82718
4202,0.81748
4203,0.80777
4204,0.79806
4205,0.79029
4206,0.78058
4207,0.77087
4208,0.75922
4209,0.74951
4210,0.73786
4211,0.72816
4212,0.7165
4213,0.70485
4214,0.6932
4215,0.67961
4216,0.66796
4217,0.65437
4218,0.64078
4219,0.62913
4220,0.61359
4221,0.6
4222,0.58641
4223,0.57476
4224,0.56117
4225,0.54951
4226,0.53786
4227,0.52621
4228,0.5165
4229,0.5068
4230,0.49709
4231,0.48932
4232,0.48155
4233,0.47573
4234,0.46796
4235,0.46019
4236,0.45243
4237,0.44466
4238,0.43689
4239,0.42913
4240,0.42136
4241,0.41359
4242,0.40194
4243,0.39029
4244,0.37476
4245,0.36117
4246,0.34175
4247,0.32233
4248,0.30097
4249,0.27767
4250,0.25243
4251,0.22718
4252,0.19806
4253,0.17087
4254,0.14563
4255,0.11845
4256,0.093204
4257,0.069903
4258,0.04466
4259,0.021359
4260,0.0
4261,-0.023301
4262,-0.04466
4263,-0.064078
4264,-0.083495
4265,-0.10291
4266,-0.11845
4267,-0.13592
4268,-0.14951
4269,-0.16311
4270,-0.17282
4271,-0.18058
4272,-0.18641
4273,-0.19029
4274,-0.19029
4275,-0.19029
4276,-0.18835
4277,-0.18447
4278,-0.18058
4279,-0.17476
4280,-0.16893
4281,-0.16311
4282,-0.15728
4283,-0.15146
4284,-0.14369
4285,-0.13786
4286,-0.13204
4287,-0.12621
4288,-0.11845
4289,-0.11262
4290,-0.1068
4291,-0.099029
4292,-0.093204
4293,-0.085437
4294,-0.079612
4295,-0.071845
4296,-0.066019
4297,-0.060194
4298,-0.054369
4299,-0.046602
4300,-0.042718
4301,-0.036893
4302,-0.031068
4303,-0.027184
4304,-0.021359
4305,-0.017476
4306,-0.013592
4307,-0.0097087
4308,-0.0038835
4309,0.0
4310,0.0038835
4311,0.007767
4312,0.0097087
4313,0.013592
4314,0.015534
4315,0.019417
4316,0.023301
4317,0.027184
4318,0.031068
4319,0.036893
4320,0.042718
4321,0.048544
4322,0.052427
4323,0.058252
4324,0.060194
4325,0.064078
4326,0.067961
4327,0.071845
4328,0.075728
4329,0.079612
4330,0.083495
4331,0.087379
4332,0.091262
4333,0.095146
4334,0.097087
4335,0.097087
4336,0.095146
4337,0.093204
4338,0.083495
4339,0.073786
4340,0.058252
4341,0.042718
4342,0.027184
4343,0.0097087
4344,-0.0097087
4345,-0.027184
4346,-0.04466
4347,-0.064078
4348,-0.081553
4349,-0.10097
4350,-0.11845
4351,-0.13398
4352,-0.15146
4353,-0.16699
4354,-0.18058
4355,-0.19417
4356,-0.20583
4357,-0.21748
4358,-0.22524
4359,-0.23495
4360,-0.24272
4361,-0.25049
4362,-0.25243
4363,-0.25437
4364,-0.25437
4365,-0.25243
4366,-0.24854
4367,-0.24272
4368,-0.23495
4369,-0.22913
4370,-0.21942
4371,-0.20971
4372,-0.2
4373,-0.19029
4374,-0.18447
4375,-0.1767
4376,-0.17087
4377,-0.16699
4378,-0.16117
4379,-0.15534
4380,-0.14951
4381,-0.14369
4382,-0.13592
4383,-0.12621
4384,-0.1165
4385,-0.10485
4386,-0.091262
4387,-0.075728
4388,-0.058252
4389,-0.040777
4390,-0.017476
4391,0.0058252
4392,0.034951
4393,0.064078
4394,0.097087
4395,0.1301
4396,0.16699
4397,0.20388
4398,0.24078
4399,0.27961
4400,0.32039
4401,0.35922
4402,0.4
4403,0.44078
4404,0.48155
4405,0.52233
4406,0.56505
4407,0.60583
4408,0.64854
4409,0.68932
4410,0.73204
4411,0.77476
4412,0.81553
4413,0.85825
4414,0.89903
4415,0.93786
4416,0.9767
4417,1.0136
4418,1.0505
4419,1.0854
4420,1.1184
4421,1.1515
4422,1.1825
4423,1.2136
4424,1.2388
4425,1.266
4426,1.2835
4427,1.301
4428,1.3087
4429,1.3184
4430,1.3184
4431,1.3184
4432,1.3107
4433,1.3049
4434,1.2951
4435,1.2854
4436,1.2718
4437,1.2602
4438,1.2485
4439,1.2369
4440,1.2252
4441,1.2136
4442,1.2039
4443,1.1942
4444,1.1845
4445,1.1748
4446,1.165
4447,1.1573
4448,1.1476
4449,1.1398
4450,1.132
4451,1.1262
4452,1.1204
4453,1.1146
4454,1.1107
4455,1.1068
4456,1.1029
4457,1.101
4458,1.101
4459,1.099
4460,1.101
4461,1.101
4462,1.101
4463,1.1029
4464,1.1029
4465,1.1029
4466,1.101
4467,1.0971
4468,1.0932
4469,1.0874
4470,1.0816
4471,1.0738
4472,1.066
4473,1.0563
4474,1.0466
4475,1.0369
4476,1.0252
4477,1.0155
4478,1.0019
4479,0.99029
4480,0.97864
4481,0.96699
4482,0.9534
4483,0.93981
4484,0.92816
4485,0.91456
4486,0.90097
4487,0.88932
4488,0.87573
4489,0.86408
4490,0.85243
4491,0.83883
4492,0.82718
4493,0.81553
4494,0.80194
4495,0.79029
4496,0.77476
4497,0.76117
4498,0.74757
4499,0.73398
4500,0.71845
4501,0.70485
4502,0.69126
4503,0.67767
4504,0.66602
4505,0.65243
4506,0.64272
4507,0.63107
4508,0.62136
4509,0.61165
4510,0.6
4511,0.59029
4512,0.57864
4513,0.56893
4514,0.55728
4515,0.54563
4516,0.53398
4517,0.52233
4518,0.51068
4519,0.49709
4520,0.48155
4521,0.46796
4522,0.44854
4523,0.42913
4524,0.40583
4525,0.38447
4526,0.35728
4527,0.33204
4528,0.30485
4529,0.27573
4530,0.24854
4531,0.21942
4532,0.19029
4533,0.16311
4534,0.13592
4535,0.10874
4536,0.083495
4537,0.058252
4538,0.03301
4539,0.0097087
4540,-0.013592
4541,-0.034951
4542,-0.054369
4543,-0.073786
4544,-0.08932
4545,-0.10485
4546,-0.1165
4547,-0.12816
4548,-0.13592
4549,-0.14369
4550,-0.14757
4551,-0.14951
4552,-0.14951
4553,-0.14951
4554,-0.14563
4555,-0.14369
4556,-0.13786
4557,-0.13204
4558,-0.12816
4559,-0.12233
4560,-0.1165
4561,-0.11068
4562,-0.1068
4563,-0.10097
4564,-0.097087
4565,-0.091262
4566,-0.085437
4567,-0.079612
4568,-0.073786
4569,-0.067961
4570,-0.062136
4571,-0.056311
4572,-0.048544
4573,-0.042718
4574,-0.036893
4575,-0.031068
4576,-0.025243
4577,-0.019417
4578,-0.013592
4579,-0.007767
4580,-0.0019417
4581,0.0038835
4582,0.007767
4583,0.01165
4584,0.015534
4585,0.021359
4586,0.023301
4587,0.027184
4588,0.029126
4589,0.031068
4590,0.034951
4591,0.036893
4592,0.038835
4593,0.040777
4594,0.04466
4595,0.048544
4596,0.052427
4597,0.058252
4598,0.062136
4599,0.066019
4600,0.069903
4601,0.075728
4602,0.079612
4603,0.083495
4604,0.085437
4605,0.08932
4606,0.093204
4607,0.097087
4608,0.099029
4609,0.10097
4610,0.10291
4611,0.10291
4612,0.10291
4613,0.10097
4614,0.093204
4615,0.085437
4616,0.071845
4617,0.060194
4618,0.042718
4619,0.025243
4620,0.0058252
4621,-0.01165
4622,-0.031068
4623,-0.050485
4624,-0.069903
4625,-0.08932
4626,-0.10485
4627,-0.12233
4628,-0.13786
4629,-0.1534
4630,-0.16893
4631,-0.18252
4632,-0.19612
4633,-0.20777
4634,-0.21942
4635,-0.23107
4636,-0.24078
4637,-0.25049
4638,-0.25437
4639,-0.26019
4640,-0.26214
4641,-0.26408
4642,-0.26019
4643,-0.25825
4644,-0.25049
4645,-0.24466
4646,-0.23495
4647,-0.22524
4648,-0.21359
4649,-0.20194
4650,-0.19029
4651,-0.17864
4652,-0.16699
4653,-0.15534
4654,-0.14563
4655,-0.13592
4656,-0.12816
4657,-0.11845
4658,-0.11068
4659,-0.10097
4660,-0.093204
4661,-0.083495
4662,-0.073786
4663,-0.066019
4664,-0.058252
4665,-0.048544
4666,-0.040777
4667,-0.03301
4668,-0.025243
4669,-0.017476
4670,-0.0097087
4671,-0.0019417
4672,0.0058252
4673,0.013592
4674,0.021359
4675,0.027184
4676,0.034951
4677,0.040777
4678,0.04466
4679,0.050485
4680,0.054369
4681,0.058252
4682,0.060194
4683,0.064078
4684,0.067961
4685,0.071845
4686,0.075728
4687,0.081553
4688,0.087379
4689,0.095146
4690,0.10097
4691,0.1068
4692,0.11262
4693,0.11845
4694,0.12233
4695,0.12621
4696,0.12816
4697,0.1301
4698,0.1301
4699,0.1301
4700,0.12621
4701,0.12427
4702,0.11845
4703,0.11262
4704,0.10485
4705,0.097087
4706,0.085437
4707,0.073786
4708,0.060194
4709,0.046602
4710,0.034951
4711,0.021359
4712,0.0097087
4713,0.0
4714,-0.007767
4715,-0.013592
4716,-0.013592
4717,-0.015534
4718,-0.0097087
4719,-0.0058252
4720,0.0038835
4721,0.013592
4722,0.029126
4723,0.042718
4724,0.062136
4725,0.079612
4726,0.10291
4727,0.12427
4728,0.14951
4729,0.1767
4730,0.20583
4731,0.23689
4732,0.2699
4733,0.30291
4734,0.34175
4735,0.37864
4736,0.42136
4737,0.46214
4738,0.50485
4739,0.54951
4740,0.59223
4741,0.63689
4742,0.67961
4743,0.72427
4744,0.76505
4745,0.80777
4746,0.8466
4747,0.88544
4748,0.92039
4749,0.95534
4750,0.98447
4751,1.0155
4752,1.0408
4753,1.066
4754,1.0874
4755,1.1107
4756,1.1301
4757,1.1495
4758,1.167
4759,1.1845
4760,1.2
4761,1.2175
4762,1.2311
4763,1.2466
4764,1.2583
4765,1.2718
4766,1.2835
4767,1.2951
4768,1.3068
4769,1.3184
4770,1.3282
4771,1.3379
4772,1.3456
4773,1.3553
4774,1.3612
4775,1.367
4776,1.3728
4777,1.3786
4778,1.3825
4779,1.3864
4780,1.3903
4781,1.3922
4782,1.3942
4783,1.3961
4784,1.3942
4785,1.3922
4786,1.3883
4787,1.3864
4788,1.3806
4789,1.3748
4790,1.365
4791,1.3573
4792,1.3456
4793,1.334
4794,1.3184
4795,1.3029
4796,1.2835
4797,1.2641
4798,1.2369
4799,1.2117
4800,1.1806
4801,1.1515
4802,1.1165
4803,1.0835
4804,1.0485
4805,1.0136
4806,0.97864
4807,0.94369
4808,0.90874
4809,0.87379
4810,0.84078
4811,0.80583
4812,0.77087
4813,0.73786
4814,0.70485
4815,0.67379
4816,0.64272
4817,0.61165
4818,0.58447
4819,0.55534
4820,0.5301
4821,0.50291
4822,0.47961
4823,0.45825
4824,0.43689
4825,0.41748
4826,0.40388
4827,0.38835
4828,0.3767
4829,0.36699
4830,0.35728
4831,0.34757
4832,0.33786
4833,0.32816
4834,0.32039
4835,0.31262
4836,0.30291
4837,0.29515
4838,0.28738
4839,0.27961
4840,0.27184
4841,0.26602
4842,0.26019
4843,0.25437
4844,0.24854
4845,0.24272
4846,0.23883
4847,0.23495
4848,0.23107
4849,0.22718
4850,0.2233
4851,0.22136
4852,0.21748
4853,0.21359
4854,0.21165
4855,0.20777
4856,0.20583
4857,0.20194
4858,0.19806
4859,0.19417
4860,0.18835
4861,0.18447
4862,0.18058
4863,0.17476
4864,0.17087
4865,0.16699
4866,0.16117
4867,0.15728
4868,0.15146
4869,0.14563
4870,0.14175
4871,0.13786
4872,0.13398
4873,0.13204
4874,0.12816
4875,0.12621
4876,0.12621
4877,0.12427
4878,0.12427
4879,0.12233
4880,0.12233
4881,0.12039
4882,0.12039
4883,0.12039
4884,0.12039
4885,0.12039
4886,0.11845
4887,0.11456
4888,0.10874
4889,0.10097
4890,0.08932
4891,0.07767
4892,0.060194
4893,0.04466
4894,0.023301
4895,0.0038835
4896,-0.019417
4897,-0.040777
4898,-0.064078
4899,-0.085437
4900,-0.10874
4901,-0.1301
4902,-0.14951
4903,-0.16893
4904,-0.18641
4905,-0.20388
4906,-0.22136
4907,-0.23689
4908,-0.25049
4909,-0.26408
4910,-0.27573
4911,-0.28544
4912,-0.29515
4913,-0.30291
4914,-0.3068
4915,-0.31068
4916,-0.31068
4917,-0.31068
4918,-0.30485
4919,-0.30097
4920,-0.29126
4921,-0.2835
4922,-0.27379
4923,-0.26408
4924,-0.25243
4925,-0.24272
4926,-0.23301
4927,-0.2233
4928,-0.21359
4929,-0.20388
4930,-0.19612
4931,-0.18641
4932,-0.1767
4933,-0.16699
4934,-0.15728
4935,-0.14757
4936,-0.13786
4937,-0.12816
4938,-0.12039
4939,-0.11068
4940,-0.10291
4941,-0.093204
4942,-0.085437
4943,-0.07767
4944,-0.069903
4945,-0.062136
4946,-0.052427
4947,-0.042718
4948,-0.034951
4949,-0.025243
4950,-0.015534
4951,-0.007767
4952,0.0019417
4953,0.0097087
4954,0.015534
4955,0.023301
4956,0.027184
4957,0.03301
4958,0.038835
4959,0.042718
4960,0.048544
4961,0.052427
4962,0.058252
4963,0.066019
4964,0.071845
4965,0.079612
4966,0.085437
4967,0.091262
4968,0.097087
4969,0.10291
4970,0.1068
4971,0.11068
4972,0.11262
4973,0.11456
4974,0.11845
4975,0.12039
4976,0.12427
4977,0.12621
4978,0.12621
4979,0.12816
4980,0.12621
4981,0.12427
4982,0.11456
4983,0.10485
4984,0.091262
4985,0.075728
4986,0.058252
4987,0.040777
4988,0.019417
4989,0.0
4990,-0.021359
4991,-0.042718
4992,-0.064078
4993,-0.085437
4994,-0.1068
4995,-0.1301
4996,-0.15146
4997,-0.17282
4998,-0.19223
4999,-0.21165
5000,-0.22913
5001,-0.24466
5002,-0.25631
5003,-0.26796
5004,-0.27379
5005,-0.27767
5006,-0.27767
5007,-0.27573
5008,-0.26796
5009,-0.26019
5010,-0.24466
5011,-0.22913
5012,-0.20583
5013,-0.18058
5014,-0.15146
5015,-0.12039
5016,-0.085437
5017,-0.048544
5018,-0.007767
5019,0.03301
5020,0.075728
5021,0.11845
5022,0.16311
5023,0.20777
5024,0.25437
5025,0.29903
5026,0.34563
5027,0.39029
5028,0.43689
5029,0.48155
5030,0.52621
5031,0.57087
5032,0.61553
5033,0.65825
5034,0.70097
5035,0.74563
5036,0.78835
5037,0.83107
5038,0.87184
5039,0.91456
5040,0.95534
5041,0.99612
5042,1.035
5043,1.0718
5044,1.1087
5045,1.1437
5046,1.1748
5047,1.2058
5048,1.233
5049,1.2602
5050,1.2835
5051,1.3049
5052,1.3243
5053,1.3437
5054,1.3592
5055,1.3748
5056,1.3864
5057,1.4
5058,1.4097
5059,1.4214
5060,1.4291
5061,1.4369
5062,1.4447
5063,1.4524
5064,1.4602
5065,1.466
5066,1.4738
5067,1.4796
5068,1.4854
5069,1.4913
5070,1.4932
5071,1.4932
5072,1.4913
5073,1.4893
5074,1.4816
5075,1.4718
5076,1.4583
5077,1.4447
5078,1.4291
5079,1.4117
5080,1.3922
5081,1.3748
5082,1.3534
5083,1.332
5084,1.3087
5085,1.2854
5086,1.2602
5087,1.235
5088,1.2078
5089,1.1825
5090,1.1534
5091,1.1262
5092,1.0971
5093,1.068
5094,1.0408
5095,1.0117
5096,0.98447
5097,0.95728
5098,0.93204
5099,0.90874
5100,0.88544
5101,0.86408
5102,0.8466
5103,0.82913
5104,0.81553
5105,0.80194
5106,0.79029
5107,0.78058
5108,0.77087
5109,0.76311
5110,0.7534
5111,0.74563
5112,0.73592
5113,0.72816
5114,0.71845
5115,0.71068
5116,0.70097
5117,0.6932
5118,0.6835
5119,0.67573
5120,0.66602
5121,0.65825
5122,0.64854
5123,0.64078
5124,0.63301
5125,0.6233
5126,0.61359
5127,0.60583
5128,0.59612
5129,0.58641
5130,0.5767
5131,0.56699
5132,0.55728
5133,0.54563
5134,0.53592
5135,0.52621
5136,0.51456
5137,0.50485
5138,0.49515
5139,0.48544
5140,0.47573
5141,0.46602
5142,0.45631
5143,0.4466
5144,0.43883
5145,0.42913
5146,0.42136
5147,0.41359
5148,0.40777
5149,0.40194
5150,0.39612
5151,0.39029
5152,0.38641
5153,0.38252
5154,0.3767
5155,0.37282
5156,0.36699
5157,0.36117
5158,0.3534
5159,0.34757
5160,0.34175
5161,0.33398
5162,0.32621
5163,0.31845
5164,0.31068
5165,0.30097
5166,0.28544
5167,0.27184
5168,0.25243
5169,0.23301
5170,0.20971
5171,0.18641
5172,0.15922
5173,0.13204
5174,0.1068
5175,0.081553
5176,0.056311
5177,0.031068
5178,0.007767
5179,-0.015534
5180,-0.038835
5181,-0.060194
5182,-0.081553
5183,-0.10097
5184,-0.11845
5185,-0.13592
5186,-0.15146
5187,-0.16699
5188,-0.18058
5189,-0.19417
5190,-0.20194
5191,-0.21165
5192,-0.21748
5193,-0.2233
5194,-0.22524
5195,-0.22718
5196,-0.22718
5197,-0.22524
5198,-0.22136
5199,-0.21748
5200,-0.21165
5201,-0.20388
5202,-0.19806
5203,-0.19029
5204,-0.18447
5205,-0.1767
5206,-0.17087
5207,-0.16311
5208,-0.15728
5209,-0.15146
5210,-0.14563
5211,-0.13786
5212,-0.13204
5213,-0.12427
5214,-0.1165
5215,-0.10874
5216,-0.099029
5217,-0.091262
5218,-0.083495
5219,-0.075728
5220,-0.067961
5221,-0.058252
5222,-0.052427
5223,-0.04466
5224,-0.038835
5225,-0.031068
5226,-0.025243
5227,-0.019417
5228,-0.015534
5229,-0.0097087
5230,-0.0058252
5231,-0.0019417
5232,0.0
5233,0.0038835
5234,0.0058252
5235,0.0097087
5236,0.01165
5237,0.015534
5238,0.017476
5239,0.021359
5240,0.027184
5241,0.031068
5242,0.036893
5243,0.040777
5244,0.046602
5245,0.052427
5246,0.056311
5247,0.060194
5248,0.064078
5249,0.067961
5250,0.071845
5251,0.073786
5252,0.07767
5253,0.081553
5254,0.083495
5255,0.087379
5256,0.087379
5257,0.087379
5258,0.083495
5259,0.07767
5260,0.067961
5261,0.058252
5262,0.04466
5263,0.029126
5264,0.01165
5265,-0.0058252
5266,-0.025243
5267,-0.042718
5268,-0.062136
5269,-0.079612
5270,-0.097087
5271,-0.11456
5272,-0.1301
5273,-0.14563
5274,-0.16117
5275,-0.1767
5276,-0.19029
5277,-0.20388
5278,-0.21359
5279,-0.22524
5280,-0.23495
5281,-0.24272
5282,-0.24854
5283,-0.25631
5284,-0.26019
5285,-0.26408
5286,-0.26602
5287,-0.26602
5288,-0.26408
5289,-0.26408
5290,-0.26019
5291,-0.25437
5292,-0.24854
5293,-0.24272
5294,-0.23301
5295,-0.22524
5296,-0.21359
5297,-0.20194
5298,-0.19029
5299,-0.1767
5300,-0.16311
5301,-0.14757
5302,-0.1301
5303,-0.11068
5304,-0.08932
5305,-0.066019
5306,-0.036893
5307,-0.0097087
5308,0.025243
5309,0.058252
5310,0.095146
5311,0.13204
5312,0.17282
5313,0.21165
5314,0.25631
5315,0.29903
5316,0.34563
5317,0.39223
5318,0.43883
5319,0.48544
5320,0.5301
5321,0.5767
5322,0.62136
5323,0.66602
5324,0.71068
5325,0.7534
5326,0.79612
5327,0.83883
5328,0.87961
5329,0.92039
5330,0.95922
5331,1.0
5332,1.0388
5333,1.0757
5334,1.1126
5335,1.1476
5336,1.1825
5337,1.2155
5338,1.2466
5339,1.2777
5340,1.3068
5341,1.3359
5342,1.3592
5343,1.3845
5344,1.4039
5345,1.4233
5346,1.435
5347,1.4466
5348,1.4524
5349,1.4563
5350,1.4524
5351,1.4485
5352,1.4388
5353,1.4272
5354,1.4155
5355,1.4039
5356,1.3903
5357,1.3767
5358,1.3631
5359,1.3495
5360,1.3379
5361,1.3243
5362,1.3107
5363,1.2971
5364,1.2835
5365,1.2699
5366,1.2563
5367,1.2427
5368,1.2291
5369,1.2155
5370,1.2039
5371,1.1903
5372,1.1767
5373,1.165
5374,1.1515
5375,1.1398
5376,1.1282
5377,1.1146
5378,1.1049
5379,1.0951
5380,1.0854
5381,1.0777
5382,1.0699
5383,1.0621
5384,1.0544
5385,1.0466
5386,1.0369
5387,1.0272
5388,1.0175
5389,1.0078
5390,0.99612
5391,0.98447
5392,0.97282
5393,0.96117
5394,0.94951
5395,0.93786
5396,0.92621
5397,0.9165
5398,0.90485
5399,0.89515
5400,0.88738
5401,0.87767
5402,0.86796
5403,0.85825
5404,0.84854
5405,0.83883
5406,0.82913
5407,0.81942
5408,0.80971
5409,0.8
5410,0.78835
5411,0.77864
5412,0.76699
5413,0.75534
5414,0.74369
5415,0.73398
5416,0.72233
5417,0.71068
5418,0.69709
5419,0.68544
5420,0.67184
5421,0.65825
5422,0.64466
5423,0.62913
5424,0.61359
5425,0.59806
5426,0.58641
5427,0.57282
5428,0.56117
5429,0.54951
5430,0.53981
5431,0.5301
5432,0.52039
5433,0.51262
5434,0.50485
5435,0.49515
5436,0.48544
5437,0.47767
5438,0.46796
5439,0.46019
5440,0.45243
5441,0.44272
5442,0.43107
5443,0.42136
5444,0.40583
5445,0.39223
5446,0.37282
5447,0.3534
5448,0.3301
5449,0.30874
5450,0.28155
5451,0.25631
5452,0.22913
5453,0.20194
5454,0.17282
5455,0.14369
5456,0.1165
5457,0.087379
5458,0.062136
5459,0.034951
5460,0.01165
5461,-0.01165
5462,-0.034951
5463,-0.056311
5464,-0.075728
5465,-0.097087
5466,-0.11456
5467,-0.1301
5468,-0.14563
5469,-0.15922
5470,-0.16893
5471,-0.17864
5472,-0.18447
5473,-0.19029
5474,-0.19223
5475,-0.19223
5476,-0.19029
5477,-0.18835
5478,-0.18447
5479,-0.17864
5480,-0.17282
5481,-0.16505
5482,-0.15922
5483,-0.15146
5484,-0.14563
5485,-0.13981
5486,-0.13398
5487,-0.1301
5488,-0.12427
5489,-0.11845
5490,-0.11262
5491,-0.1068
5492,-0.10097
5493,-0.095146
5494,-0.087379
5495,-0.081553
5496,-0.075728
5497,-0.069903
5498,-0.064078
5499,-0.058252
5500,-0.052427
5501,-0.046602
5502,-0.040777
5503,-0.034951
5504,-0.029126
5505,-0.021359
5506,-0.017476
5507,-0.01165
5508,-0.007767
5509,-0.0019417
5510,0.0
5511,0.0038835
5512,0.0058252
5513,0.007767
5514,0.0097087
5515,0.01165
5516,0.013592
5517,0.015534
5518,0.019417
5519,0.023301
5520,0.027184
5521,0.03301
5522,0.036893
5523,0.040777
5524,0.04466
5525,0.048544
5526,0.052427
5527,0.054369
5528,0.058252
5529,0.060194
5530,0.062136
5531,0.066019
5532,0.067961
5533,0.069903
5534,0.071845
5535,0.071845
5536,0.069903
5537,0.067961
5538,0.060194
5539,0.052427
5540,0.038835
5541,0.027184
5542,0.0097087
5543,-0.0058252
5544,-0.025243
5545,-0.04466
5546,-0.064078
5547,-0.083495
5548,-0.10097
5549,-0.11845
5550,-0.13592
5551,-0.1534
5552,-0.16893
5553,-0.18447
5554,-0.19806
5555,-0.21165
5556,-0.2233
5557,-0.23689
5558,-0.2466
5559,-0.25437
5560,-0.26214
5561,-0.26796
5562,-0.27184
5563,-0.27379
5564,-0.27379
5565,-0.27184
5566,-0.26602
5567,-0.26214
5568,-0.25243
5569,-0.24272
5570,-0.23301
5571,-0.22136
5572,-0.20971
5573,-0.19806
5574,-0.18641
5575,-0.17476
5576,-0.16505
5577,-0.1534
5578,-0.14369
5579,-0.13398
5580,-0.12427
5581,-0.11456
5582,-0.1068
5583,-0.097087
5584,-0.087379
5585,-0.07767
5586,-0.069903
5587,-0.062136
5588,-0.054369
5589,-0.046602
5590,-0.038835
5591,-0.031068
5592,-0.025243
5593,-0.017476
5594,-0.0097087
5595,-0.0038835
5596,0.0038835
5597,0.0097087
5598,0.015534
5599,0.021359
5600,0.025243
5601,0.029126
5602,0.031068
5603,0.031068
5604,0.031068
5605,0.029126
5606,0.027184
5607,0.025243
5608,0.023301
5609,0.019417
5610,0.021359
5611,0.021359
5612,0.025243
5613,0.029126
5614,0.034951
5615,0.042718
5616,0.052427
5617,0.062136
5618,0.07767
5619,0.093204
5620,0.11456
5621,0.13398
5622,0.15728
5623,0.18058
5624,0.20777
5625,0.23495
5626,0.26019
5627,0.28738
5628,0.31068
5629,0.33592
5630,0.35728
5631,0.37864
5632,0.39417
5633,0.41165
5634,0.42718
5635,0.44466
5636,0.46019
5637,0.47573
5638,0.48932
5639,0.50485
5640,0.52039
5641,0.53398
5642,0.55146
5643,0.56699
5644,0.58447
5645,0.60194
5646,0.61942
5647,0.63883
5648,0.65631
5649,0.67573
5650,0.69515
5651,0.71456
5652,0.73592
5653,0.75534
5654,0.7767
5655,0.8
5656,0.82136
5657,0.84466
5658,0.86796
5659,0.89126
5660,0.91456
5661,0.93786
5662,0.95922
5663,0.98252
5664,1.0019
5665,1.0214
5666,1.0388
5667,1.0583
5668,1.0738
5669,1.0893
5670,1.1049
5671,1.1204
5672,1.1359
5673,1.1515
5674,1.167
5675,1.1825
5676,1.1961
5677,1.2097
5678,1.2233
5679,1.2369
5680,1.2485
5681,1.2621
5682,1.2718
5683,1.2835
5684,1.2932
5685,1.3029
5686,1.3107
5687,1.3184
5688,1.3223
5689,1.3262
5690,1.3282
5691,1.3301
5692,1.3301
5693,1.3301
5694,1.3262
5695,1.3223
5696,1.3146
5697,1.3087
5698,1.299
5699,1.2893
5700,1.2777
5701,1.266
5702,1.2544
5703,1.2427
5704,1.2291
5705,1.2175
5706,1.2039
5707,1.1903
5708,1.1767
5709,1.1631
5710,1.1476
5711,1.134
5712,1.1184
5713,1.1029
5714,1.0854
5715,1.0699
5716,1.0505
5717,1.033
5718,1.0117
5719,0.99029
5720,0.96699
5721,0.94175
5722,0.91456
5723,0.88738
5724,0.85631
5725,0.82524
5726,0.79223
5727,0.75922
5728,0.72427
5729,0.68932
5730,0.65437
5731,0.61942
5732,0.58447
5733,0.54951
5734,0.51456
5735,0.47961
5736,0.44466
5737,0.41165
5738,0.37864
5739,0.34757
5740,0.3165
5741,0.28544
5742,0.25825
5743,0.23301
5744,0.20777
5745,0.18447
5746,0.16505
5747,0.14563
5748,0.13204
5749,0.1165
5750,0.1068
5751,0.097087
5752,0.08932
5753,0.083495
5754,0.079612
5755,0.075728
5756,0.073786
5757,0.069903
5758,0.067961
5759,0.066019
5760,0.064078
5761,0.060194
5762,0.058252
5763,0.056311
5764,0.056311
5765,0.054369
5766,0.052427
5767,0.052427
5768,0.050485
5769,0.050485
5770,0.048544
5771,0.048544
5772,0.046602
5773,0.046602
5774,0.046602
5775,0.046602
5776,0.04466
5777,0.04466
5778,0.04466
5779,0.042718
5780,0.040777
5781,0.040777
5782,0.038835
5783,0.038835
5784,0.036893
5785,0.036893
5786,0.034951
5787,0.03301
5788,0.031068
5789,0.029126
5790,0.027184
5791,0.025243
5792,0.023301
5793,0.021359
5794,0.021359
5795,0.023301
5796,0.023301
5797,0.025243
5798,0.027184
5799,0.029126
5800,0.031068
5801,0.034951
5802,0.034951
5803,0.036893
5804,0.038835
5805,0.040777
5806,0.040777
5807,0.042718
5808,0.042718
5809,0.042718
5810,0.038835
5811,0.036893
5812,0.031068
5813,0.025243
5814,0.013592
5815,0.0019417
5816,-0.013592
5817,-0.029126
5818,-0.048544
5819,-0.066019
5820,-0.085437
5821,-0.10485
5822,-0.12427
5823,-0.14175
5824,-0.16117
5825,-0.17864
5826,-0.19417
5827,-0.21165
5828,-0.22718
5829,-0.24078
5830,-0.25437
5831,-0.26796
5832,-0.27961
5833,-0.29126
5834,-0.29903
5835,-0.30874
5836,-0.31456
5837,-0.32039
5838,-0.32039
5839,-0.32233
5840,-0.32039
5841,-0.31845
5842,-0.31068
5843,-0.30485
5844,-0.29515
5845,-0.28738
5846,-0.27573
5847,-0.26408
5848,-0.25243
5849,-0.23883
5850,-0.22718
5851,-0.21553
5852,-0.20388
5853,-0.19223
5854,-0.18252
5855,-0.17282
5856,-0.16311
5857,-0.1534
5858,-0.14369
5859,-0.13592
5860,-0.12621
5861,-0.1165
5862,-0.10874
5863,-0.099029
5864,-0.091262
5865,-0.083495
5866,-0.073786
5867,-0.066019
5868,-0.058252
5869,-0.050485
5870,-0.042718
5871,-0.034951
5872,-0.027184
5873,-0.019417
5874,-0.013592
5875,-0.007767
5876,-0.0038835
5877,0.0019417
5878,0.0058252
5879,0.0097087
5880,0.01165
5881,0.015534
5882,0.019417
5883,0.023301
5884,0.025243
5885,0.029126
5886,0.03301
5887,0.038835
5888,0.04466
5889,0.050485
5890,0.054369
5891,0.060194
5892,0.064078
5893,0.067961
5894,0.071845
5895,0.075728
5896,0.079612
5897,0.083495
5898,0.085437
5899,0.08932
5900,0.091262
5901,0.093204
5902,0.08932
5903,0.085437
5904,0.07767
5905,0.067961
5906,0.052427
5907,0.036893
5908,0.015534
5909,-0.0058252
5910,-0.027184
5911,-0.046602
5912,-0.066019
5913,-0.085437
5914,-0.10097
5915,-0.1165
5916,-0.12621
5917,-0.13592
5918,-0.14175
5919,-0.14563
5920,-0.14563
5921,-0.14369
5922,-0.13786
5923,-0.1301
5924,-0.1165
5925,-0.10485
5926,-0.085437
5927,-0.066019
5928,-0.042718
5929,-0.017476
5930,0.01165
5931,0.040777
5932,0.073786
5933,0.10874
5934,0.14757
5935,0.18641
5936,0.23107
5937,0.27379
5938,0.31845
5939,0.36505
5940,0.41165
5941,0.45825
5942,0.50291
5943,0.54951
5944,0.59417
5945,0.64078
5946,0.6835
5947,0.72621
5948,0.76699
5949,0.80777
5950,0.84466
5951,0.8835
5952,0.91845
5953,0.9534
5954,0.98641
5955,1.0175
5956,1.0466
5957,1.0757
5958,1.101
5959,1.1282
5960,1.1495
5961,1.1728
5962,1.1922
5963,1.2117
5964,1.2272
5965,1.2427
5966,1.2544
5967,1.268
5968,1.2796
5969,1.2913
5970,1.299
5971,1.3087
5972,1.3184
5973,1.3262
5974,1.334
5975,1.3417
5976,1.3476
5977,1.3553
5978,1.3612
5979,1.3689
5980,1.3748
5981,1.3825
5982,1.3864
5983,1.3922
5984,1.3961
5985,1.4
5986,1.4019
5987,1.4058
5988,1.4058
5989,1.4078
5990,1.4058
5991,1.4039
5992,1.3981
5993,1.3942
5994,1.3806
5995,1.3689
5996,1.3515
5997,1.334
5998,1.3107
5999,1.2854
6000,1.2563
6001,1.2272
6002,1.1942
6003,1.1612
6004,1.1282
6005,1.0932
6006,1.0583
6007,1.0233
6008,0.98835
6009,0.95146
6010,0.9165
6011,0.88155
6012,0.8466
6013,0.80971
6014,0.7767
6015,0.74369
6016,0.71262
6017,0.67961
6018,0.65243
6019,0.6233
6020,0.59806
6021,0.57282
6022,0.55146
6023,0.5301
6024,0.51068
6025,0.4932
6026,0.47961
6027,0.46602
6028,0.45437
6029,0.44466
6030,0.43495
6031,0.42524
6032,0.41553
6033,0.40777
6034,0.39806
6035,0.38835
6036,0.3767
6037,0.36699
6038,0.35728
6039,0.34757
6040,0.33981
6041,0.33204
6042,0.32427
6043,0.3165
6044,0.30874
6045,0.30097
6046,0.29515
6047,0.28932
6048,0.2835
6049,0.27767
6050,0.27379
6051,0.26796
6052,0.26408
6053,0.26019
6054,0.25437
6055,0.25049
6056,0.2466
6057,0.24272
6058,0.23883
6059,0.23495
6060,0.22913
6061,0.2233
6062,0.21748
6063,0.21165
6064,0.20388
6065,0.19806
6066,0.19223
6067,0.18641
6068,0.18058
6069,0.17476
6070,0.17087
6071,0.16699
6072,0.16311
6073,0.16117
6074,0.15922
6075,0.15728
6076,0.15534
6077,0.1534
6078,0.15146
6079,0.14951
6080,0.14563
6081,0.14369
6082,0.14175
6083,0.13786
6084,0.13204
6085,0.12816
6086,0.12039
6087,0.11262
6088,0.10291
6089,0.093204
6090,0.07767
6091,0.062136
6092,0.042718
6093,0.025243
6094,0.0038835
6095,-0.017476
6096,-0.038835
6097,-0.060194
6098,-0.081553
6099,-0.10485
6100,-0.12427
6101,-0.14563
6102,-0.16505
6103,-0.18252
6104,-0.2
6105,-0.21553
6106,-0.23107
6107,-0.24466
6108,-0.25825
6109,-0.27184
6110,-0.28155
6111,-0.29126
6112,-0.29903
6113,-0.30485
6114,-0.30874
6115,-0.31068
6116,-0.31068
6117,-0.30874
6118,-0.30485
6119,-0.29903
6120,-0.29126
6121,-0.2835
6122,-0.27379
6123,-0.26408
6124,-0.25243
6125,-0.24078
6126,-0.23107
6127,-0.22136
6128,-0.21359
6129,-0.20388
6130,-0.19612
6131,-0.18835
6132,-0.18058
6133,-0.17087
6134,-0.16311
6135,-0.1534
6136,-0.14563
6137,-0.13592
6138,-0.12621
6139,-0.11845
6140,-0.10874
6141,-0.10097
6142,-0.091262
6143,-0.083495
6144,-0.073786
6145,-0.066019
6146,-0.058252
6147,-0.050485
6148,-0.04466
6149,-0.036893
6150,-0.03301
6151,-0.027184
6152,-0.023301
6153,-0.019417
6154,-0.015534
6155,-0.01165
6156,-0.007767
6157,-0.0058252
6158,-0.0019417
6159,0.0019417
6160,0.0058252
6161,0.0097087
6162,0.015534
6163,0.021359
6164,0.027184
6165,0.03301
6166,0.038835
6167,0.04466
6168,0.048544
6169,0.052427
6170,0.058252
6171,0.062136
6172,0.066019
6173,0.071845
6174,0.075728
6175,0.079612
6176,0.083495
6177,0.085437
6178,0.085437
6179,0.085437
6180,0.081553
6181,0.079612
6182,0.069903
6183,0.060194
6184,0.04466
6185,0.029126
6186,0.013592
6187,-0.0038835
6188,-0.021359
6189,-0.038835
6190,-0.058252
6191,-0.075728
6192,-0.093204
6193,-0.10874
6194,-0.12621
6195,-0.14175
6196,-0.15728
6197,-0.17282
6198,-0.18641
6199,-0.2
6200,-0.21165
6201,-0.2233
6202,-0.23107
6203,-0.24078
6204,-0.24466
6205,-0.25049
6206,-0.25049
6207,-0.25049
6208,-0.24854
6209,-0.24466
6210,-0.24078
6211,-0.23689
6212,-0.23107
6213,-0.22524
6214,-0.21942
6215,-0.21359
6216,-0.20777
6217,-0.20194
6218,-0.19612
6219,-0.18835
6220,-0.18058
6221,-0.17282
6222,-0.16311
6223,-0.15146
6224,-0.13981
6225,-0.12621
6226,-0.11068
6227,-0.093204
6228,-0.073786
6229,-0.054369
6230,-0.029126
6231,-0.0038835
6232,0.023301
6233,0.052427
6234,0.085437
6235,0.1165
6236,0.15146
6237,0.18835
6238,0.22524
6239,0.26408
6240,0.30485
6241,0.34563
6242,0.38641
6243,0.42718
6244,0.46796
6245,0.50874
6246,0.54757
6247,0.58835
6248,0.62913
6249,0.66796
6250,0.70874
6251,0.74951
6252,0.79029
6253,0.83107
6254,0.87184
6255,0.91262
6256,0.9534
6257,0.99223
6258,1.0311
6259,1.068
6260,1.1029
6261,1.1379
6262,1.1709
6263,1.2019
6264,1.233
6265,1.2621
6266,1.2893
6267,1.3146
6268,1.3359
6269,1.3553
6270,1.367
6271,1.3767
6272,1.3786
6273,1.3786
6274,1.3728
6275,1.367
6276,1.3534
6277,1.3417
6278,1.3282
6279,1.3146
6280,1.299
6281,1.2854
6282,1.2718
6283,1.2563
6284,1.2427
6285,1.2291
6286,1.2175
6287,1.2039
6288,1.1903
6289,1.1767
6290,1.1631
6291,1.1515
6292,1.1379
6293,1.1243
6294,1.1126
6295,1.099
6296,1.0893
6297,1.0777
6298,1.068
6299,1.0583
6300,1.0505
6301,1.0427
6302,1.0369
6303,1.0291
6304,1.0252
6305,1.0194
6306,1.0155
6307,1.0097
6308,1.0039
6309,0.99806
6310,0.99029
6311,0.98252
6312,0.97087
6313,0.96117
6314,0.95146
6315,0.93981
6316,0.9301
6317,0.91845
6318,0.90874
6319,0.89903
6320,0.88932
6321,0.88155
6322,0.87184
6323,0.86214
6324,0.85437
6325,0.84466
6326,0.83689
6327,0.82718
6328,0.81942
6329,0.81165
6330,0.80194
6331,0.79417
6332,0.78447
6333,0.77476
6334,0.76699
6335,0.75728
6336,0.74757
6337,0.73786
6338,0.72816
6339,0.7165
6340,0.70485
6341,0.6932
6342,0.67961
6343,0.66796
6344,0.65437
6345,0.64078
6346,0.62718
6347,0.61359
6348,0.60194
6349,0.58835
6350,0.57864
6351,0.56893
6352,0.56117
6353,0.5534
6354,0.54369
6355,0.53592
6356,0.52621
6357,0.5165
6358,0.50874
6359,0.49903
6360,0.49126
6361,0.48155
6362,0.47379
6363,0.46408
6364,0.45243
6365,0.44272
6366,0.42718
6367,0.41165
6368,0.39223
6369,0.37087
6370,0.34757
6371,0.32427
6372,0.29709
6373,0.27184
6374,0.24466
6375,0.21748
6376,0.18835
6377,0.16117
6378,0.13398
6379,0.1068
6380,0.081553
6381,0.056311
6382,0.03301
6383,0.007767
6384,-0.013592
6385,-0.034951
6386,-0.054369
6387,-0.073786
6388,-0.091262
6389,-0.10874
6390,-0.12233
6391,-0.13592
6392,-0.14563
6393,-0.1534
6394,-0.15922
6395,-0.16311
6396,-0.16311
6397,-0.16505
6398,-0.16117
6399,-0.15728
6400,-0.15146
6401,-0.14563
6402,-0.13981
6403,-0.13204
6404,-0.12816
6405,-0.12233
6406,-0.1165
6407,-0.11068
6408,-0.1068
6409,-0.10097
6410,-0.097087
6411,-0.091262
6412,-0.087379
6413,-0.081553
6414,-0.075728
6415,-0.069903
6416,-0.064078
6417,-0.056311
6418,-0.050485
6419,-0.04466
6420,-0.038835
6421,-0.03301
6422,-0.029126
6423,-0.023301
6424,-0.017476
6425,-0.01165
6426,-0.007767
6427,-0.0038835
6428,0.0
6429,0.0038835
6430,0.007767
6431,0.0097087
6432,0.01165
6433,0.013592
6434,0.013592
6435,0.015534
6436,0.015534
6437,0.017476
6438,0.019417
6439,0.023301
6440,0.027184
6441,0.031068
6442,0.036893
6443,0.040777
6444,0.046602
6445,0.052427
6446,0.056311
6447,0.060194
6448,0.062136
6449,0.064078
6450,0.067961
6451,0.069903
6452,0.073786
6453,0.07767
6454,0.081553
6455,0.083495
6456,0.083495
6457,0.085437
6458,0.079612
6459,0.073786
6460,0.064078
6461,0.052427
6462,0.038835
6463,0.023301
6464,0.0058252
6465,-0.013592
6466,-0.031068
6467,-0.050485
6468,-0.069903
6469,-0.087379
6470,-0.10485
6471,-0.12233
6472,-0.13786
6473,-0.15534
6474,-0.16893
6475,-0.18447
6476,-0.19806
6477,-0.21165
6478,-0.2233
6479,-0.23301
6480,-0.24272
6481,-0.25049
6482,-0.25631
6483,-0.26019
6484,-0.26214
6485,-0.26408
6486,-0.26214
6487,-0.26019
6488,-0.25437
6489,-0.2466
6490,-0.23883
6491,-0.22913
6492,-0.21748
6493,-0.20583
6494,-0.19417
6495,-0.18252
6496,-0.17087
6497,-0.15922
6498,-0.14951
6499,-0.13786
6500,-0.1301
6501,-0.12039
6502,-0.11068
6503,-0.10291
6504,-0.095146
6505,-0.087379
6506,-0.07767
6507,-0.069903
6508,-0.062136
6509,-0.052427
6510,-0.04466
6511,-0.036893
6512,-0.029126
6513,-0.023301
6514,-0.015534
6515,-0.007767
6516,-0.0019417
6517,0.0058252
6518,0.01165
6519,0.017476
6520,0.023301
6521,0.029126
6522,0.03301
6523,0.036893
6524,0.038835
6525,0.040777
6526,0.042718
6527,0.042718
6528,0.042718
6529,0.042718
6530,0.042718
6531,0.042718
6532,0.042718
6533,0.042718
6534,0.04466
6535,0.046602
6536,0.050485
6537,0.054369
6538,0.062136
6539,0.069903
6540,0.079612
6541,0.091262
6542,0.1068
6543,0.12233
6544,0.14175
6545,0.16311
6546,0.18641
6547,0.20777
6548,0.23301
6549,0.25631
6550,0.27767
6551,0.29903
6552,0.31845
6553,0.33592
6554,0.3534
6555,0.36893
6556,0.38447
6557,0.39806
6558,0.41553
6559,0.43107
6560,0.44854
6561,0.46602
6562,0.4835
6563,0.50097
6564,0.51845
6565,0.53592
6566,0.55534
6567,0.57282
6568,0.59223
6569,0.61165
6570,0.63301
6571,0.65437
6572,0.67767
6573,0.70097
6574,0.72427
6575,0.74951
6576,0.77282
6577,0.79806
6578,0.8233
6579,0.85049
6580,0.87573
6581,0.90097
6582,0.92621
6583,0.9534
6584,0.9767
6585,1.0019
6586,1.0233
6587,1.0447
6588,1.0641
6589,1.0835
6590,1.101
6591,1.1184
6592,1.134
6593,1.1515
6594,1.165
6595,1.1806
6596,1.1942
6597,1.2097
6598,1.2233
6599,1.2369
6600,1.2505
6601,1.2641
6602,1.2757
6603,1.2893
6604,1.3029
6605,1.3146
6606,1.3243
6607,1.3359
6608,1.3437
6609,1.3515
6610,1.3592
6611,1.365
6612,1.3689
6613,1.3748
6614,1.3748
6615,1.3767
6616,1.3748
6617,1.3728
6618,1.3689
6619,1.3631
6620,1.3553
6621,1.3476
6622,1.3398
6623,1.3301
6624,1.3223
6625,1.3126
6626,1.3029
6627,1.2913
6628,1.2796
6629,1.266
6630,1.2524
6631,1.2388
6632,1.2233
6633,1.2078
6634,1.1942
6635,1.1786
6636,1.165
6637,1.1495
6638,1.132
6639,1.1165
6640,1.0951
6641,1.0757
6642,1.0505
6643,1.0272
6644,0.99806
6645,0.97087
6646,0.93981
6647,0.90874
6648,0.87573
6649,0.84272
6650,0.80777
6651,0.77476
6652,0.73981
6653,0.70485
6654,0.6699
6655,0.63495
6656,0.6
6657,0.56699
6658,0.53398
6659,0.50097
6660,0.4699
6661,0.43883
6662,0.40971
6663,0.38058
6664,0.3534
6665,0.32621
6666,0.30485
6667,0.28155
6668,0.26408
6669,0.24466
6670,0.23107
6671,0.21748
6672,0.20583
6673,0.19612
6674,0.18835
6675,0.18058
6676,0.17476
6677,0.17087
6678,0.16505
6679,0.15922
6680,0.15534
6681,0.14951
6682,0.14563
6683,0.14175
6684,0.13786
6685,0.13592
6686,0.13398
6687,0.13204
6688,0.1301
6689,0.1301
6690,0.12816
6691,0.12621
6692,0.12427
6693,0.12039
6694,0.11845
6695,0.1165
6696,0.11456
6697,0.11262
6698,0.11068
6699,0.10874
6700,0.1068
6701,0.10485
6702,0.10291
6703,0.10097
6704,0.099029
6705,0.099029
6706,0.095146
6707,0.093204
6708,0.08932
6709,0.085437
6710,0.081553
6711,0.079612
6712,0.07767
6713,0.075728
6714,0.073786
6715,0.073786
6716,0.073786
6717,0.073786
6718,0.075728
6719,0.075728
6720,0.07767
6721,0.079612
6722,0.079612
6723,0.079612
6724,0.079612
6725,0.079612
6726,0.079612
6727,0.079612
6728,0.079612
6729,0.079612
6730,0.07767
6731,0.07767
6732,0.071845
6733,0.067961
6734,0.058252
6735,0.048544
6736,0.03301
6737,0.017476
6738,-0.0019417
6739,-0.019417
6740,-0.038835
6741,-0.060194
6742,-0.079612
6743,-0.099029
6744,-0.11845
6745,-0.13786
6746,-0.15534
6747,-0.17282
6748,-0.18835
6749,-0.20388
6750,-0.21942
6751,-0.23301
6752,-0.2466
6753,-0.26019
6754,-0.2699
6755,-0.27961
6756,-0.28738
6757,-0.29515
6758,-0.29709
6759,-0.30097
6760,-0.30097
6761,-0.30097
6762,-0.29709
6763,-0.2932
6764,-0.28738
6765,-0.28155
6766,-0.27184
6767,-0.26214
6768,-0.25243
6769,-0.24078
6770,-0.22913
6771,-0.21942
6772,-0.20777
6773,-0.19806
6774,-0.18835
6775,-0.17864
6776,-0.16893
6777,-0.15922
6778,-0.15146
6779,-0.14175
6780,-0.13398
6781,-0.12427
6782,-0.1165
6783,-0.1068
6784,-0.099029
6785,-0.091262
6786,-0.081553
6787,-0.073786
6788,-0.066019
6789,-0.058252
6790,-0.050485
6791,-0.042718
6792,-0.034951
6793,-0.027184
6794,-0.021359
6795,-0.013592
6796,-0.007767
6797,-0.0019417
6798,0.0019417
6799,0.0058252
6800,0.01165
6801,0.015534
6802,0.019417
6803,0.023301
6804,0.029126
6805,0.03301
6806,0.038835
6807,0.04466
6808,0.050485
6809,0.056311
6810,0.062136
6811,0.067961
6812,0.071845
6813,0.07767
6814,0.081553
6815,0.085437
6816,0.08932
6817,0.093204
6818,0.097087
6819,0.10097
6820,0.10485
6821,0.10874
6822,0.10874
6823,0.11068
6824,0.1068
6825,0.10485
6826,0.097087
6827,0.08932
6828,0.07767
6829,0.064078
6830,0.046602
6831,0.027184
6832,0.0038835
6833,-0.019417
6834,-0.042718
6835,-0.067961
6836,-0.093204
6837,-0.1165
6838,-0.13786
6839,-0.15922
6840,-0.17476
6841,-0.19029
6842,-0.20194
6843,-0.21359
6844,-0.21942
6845,-0.2233
6846,-0.2233
6847,-0.22136
6848,-0.21359
6849,-0.20583
6850,-0.19029
6851,-0.17476
6852,-0.14951
6853,-0.12621
6854,-0.095146
6855,-0.062136
6856,-0.025243
6857,0.013592
6858,0.056311
6859,0.10097
6860,0.14757
6861,0.19612
6862,0.2466
6863,0.29515
6864,0.34757
6865,0.39806
6866,0.4466
6867,0.49709
6868,0.54369
6869,0.59223
6870,0.63689
6871,0.6835
6872,0.72621
6873,0.77087
6874,0.81165
6875,0.85243
6876,0.89126
6877,0.9301
6878,0.96699
6879,1.0039
6880,1.0388
6881,1.0738
6882,1.1029
6883,1.134
6884,1.1612
6885,1.1864
6886,1.2078
6887,1.2311
6888,1.2485
6889,1.266
6890,1.2796
6891,1.2951
6892,1.3068
6893,1.3204
6894,1.332
6895,1.3437
6896,1.3553
6897,1.3689
6898,1.3786
6899,1.3903
6900,1.4019
6901,1.4136
6902,1.4214
6903,1.4311
6904,1.4408
6905,1.4485
6906,1.4563
6907,1.466
6908,1.4738
6909,1.4835
6910,1.4874
6911,1.4932
6912,1.4932
6913,1.4932
6914,1.4932
6915,1.4932
6916,1.4932
6917,1.4932
6918,1.4796
6919,1.466
6920,1.4447
6921,1.4252
6922,1.4019
6923,1.3786
6924,1.3515
6925,1.3262
6926,1.2971
6927,1.268
6928,1.235
6929,1.2039
6930,1.1709
6931,1.1379
6932,1.1029
6933,1.068
6934,1.035
6935,1.0
6936,0.96699
6937,0.93398
6938,0.90291
6939,0.87379
6940,0.84466
6941,0.81748
6942,0.79223
6943,0.76893
6944,0.74757
6945,0.72621
6946,0.71068
6947,0.6932
6948,0.67961
6949,0.66602
6950,0.65631
6951,0.64466
6952,0.63495
6953,0.62718
6954,0.61553
6955,0.60583
6956,0.59612
6957,0.58447
6958,0.57476
6959,0.56505
6960,0.5534
6961,0.54369
6962,0.53592
6963,0.52621
6964,0.51845
6965,0.51068
6966,0.50097
6967,0.4932
6968,0.48544
6969,0.47767
6970,0.4699
6971,0.46214
6972,0.45437
6973,0.4466
6974,0.44078
6975,0.43301
6976,0.42718
6977,0.41942
6978,0.41165
6979,0.40583
6980,0.39806
6981,0.39029
6982,0.38252
6983,0.37476
6984,0.36699
6985,0.35728
6986,0.34951
6987,0.34175
6988,0.33398
6989,0.32621
6990,0.32039
6991,0.31456
6992,0.30874
6993,0.30291
6994,0.29903
6995,0.2932
6996,0.28932
6997,0.2835
6998,0.27961
6999,0.27379
7000,0.2699
7001,0.26408
7002,0.25825
7003,0.25437
7004,0.2466
7005,0.24078
7006,0.23301
7007,0.22524
7008,0.21553
7009,0.20583
7010,0.19223
7011,0.17864
7012,0.15922
7013,0.13981
7014,0.11845
7015,0.095146
7016,0.069903
7017,0.04466
7018,0.021359
7019,-0.0038835
7020,-0.027184
7021,-0.050485
7022,-0.071845
7023,-0.095146
7024,-0.11456
7025,-0.13398
7026,-0.15146
7027,-0.17087
7028,-0.18641
7029,-0.20194
7030,-0.21553
7031,-0.22718
7032,-0.23883
7033,-0.25049
7034,-0.25825
7035,-0.26408
7036,-0.2699
7037,-0.27379
7038,-0.27379
7039,-0.27379
7040,-0.2699
7041,-0.26602
7042,-0.26019
7043,-0.25437
7044,-0.2466
7045,-0.23883
7046,-0.23107
7047,-0.2233
7048,-0.21553
7049,-0.20971
7050,-0.20194
7051,-0.19417
7052,-0.18641
7053,-0.18058
7054,-0.17282
7055,-0.16311
7056,-0.15534
7057,-0.14563
7058,-0.13786
7059,-0.12816
7060,-0.12039
7061,-0.11068
7062,-0.10291
7063,-0.095146
7064,-0.085437
7065,-0.07767
7066,-0.069903
7067,-0.062136
7068,-0.056311
7069,-0.048544
7070,-0.042718
7071,-0.036893
7072,-0.031068
7073,-0.027184
7074,-0.021359
7075,-0.017476
7076,-0.013592
7077,-0.0097087
7078,-0.0058252
7079,-0.0038835
7080,0.0
7081,0.0038835
7082,0.007767
7083,0.01165
7084,0.017476
7085,0.021359
7086,0.027184
7087,0.034951
7088,0.040777
7089,0.046602
7090,0.052427
7091,0.058252
7092,0.062136
7093,0.066019
7094,0.069903
7095,0.073786
7096,0.07767
7097,0.083495
7098,0.085437
7099,0.087379
7100,0.085437
7101,0.085437
7102,0.079612
7103,0.073786
7104,0.064078
7105,0.052427
7106,0.036893
7107,0.023301
7108,0.0058252
7109,-0.0097087
7110,-0.029126
7111,-0.048544
7112,-0.067961
7113,-0.087379
7114,-0.10485
7115,-0.12233
7116,-0.13981
7117,-0.15728
7118,-0.17476
7119,-0.19029
7120,-0.20583
7121,-0.22136
7122,-0.23689
7123,-0.25049
7124,-0.26408
7125,-0.27767
7126,-0.28544
7127,-0.2932
7128,-0.29515
7129,-0.29903
7130,-0.29515
7131,-0.29126
7132,-0.2835
7133,-0.27573
7134,-0.26019
7135,-0.24466
7136,-0.22524
7137,-0.20388
7138,-0.17864
7139,-0.15146
7140,-0.12233
7141,-0.091262
7142,-0.058252
7143,-0.025243
7144,0.01165
7145,0.046602
7146,0.083495
7147,0.12039
7148,0.15922
7149,0.19806
7150,0.23689
7151,0.27573
7152,0.3165
7153,0.35728
7154,0.39806
7155,0.44078
7156,0.4835
7157,0.52621
7158,0.56893
7159,0.61165
7160,0.65437
7161,0.69709
7162,0.73786
7163,0.77864
7164,0.81748
7165,0.85631
7166,0.89515
7167,0.93204
7168,0.96699
7169,1.0019
7170,1.035
7171,1.068
7172,1.0971
7173,1.1282
7174,1.1553
7175,1.1825
7176,1.2058
7177,1.2311
7178,1.2505
7179,1.2699
7180,1.2854
7181,1.301
7182,1.3126
7183,1.3262
7184,1.3359
7185,1.3456
7186,1.3553
7187,1.3631
7188,1.3709
7189,1.3767
7190,1.3806
7191,1.3845
7192,1.3845
7193,1.3845
7194,1.3786
7195,1.3728
7196,1.3631
7197,1.3515
7198,1.3379
7199,1.3262
7200,1.3087
7201,1.2932
7202,1.2757
7203,1.2583
7204,1.2388
7205,1.2214
7206,1.2
7207,1.1806
7208,1.1573
7209,1.1359
7210,1.1107
7211,1.0874
7212,1.0621
7213,1.0369
7214,1.0136
7215,0.98835
7216,0.96311
7217,0.93981
7218,0.9165
7219,0.8932
7220,0.87184
7221,0.85243
7222,0.83301
7223,0.81553
7224,0.80194
7225,0.78641
7226,0.77282
7227,0.76117
7228,0.74951
7229,0.73981
7230,0.72816
7231,0.71845
7232,0.7068
7233,0.69709
7234,0.68738
7235,0.67573
7236,0.66602
7237,0.65631
7238,0.6466
7239,0.63883
7240,0.63107
7241,0.62136
7242,0.61359
7243,0.60583
7244,0.6
7245,0.59223
7246,0.58447
7247,0.57864
7248,0.57087
7249,0.56505
7250,0.55728
7251,0.54951
7252,0.54175
7253,0.53398
7254,0.52621
7255,0.51845
7256,0.50874
7257,0.50097
7258,0.49126
7259,0.48155
7260,0.47184
7261,0.46214
7262,0.45243
7263,0.44272
7264,0.43107
7265,0.42136
7266,0.41359
7267,0.40388
7268,0.39612
7269,0.38835
7270,0.38058
7271,0.37476
7272,0.36893
7273,0.36505
7274,0.35922
7275,0.35534
7276,0.35146
7277,0.34563
7278,0.34175
7279,0.33786
7280,0.33204
7281,0.32816
7282,0.32233
7283,0.3165
7284,0.30874
7285,0.30291
7286,0.29126
7287,0.28155
7288,0.26602
7289,0.25243
7290,0.23301
7291,0.21359
7292,0.19029
7293,0.16699
7294,0.14175
7295,0.1165
7296,0.091262
7297,0.067961
7298,0.042718
7299,0.019417
7300,-0.0038835
7301,-0.025243
7302,-0.046602
7303,-0.067961
7304,-0.087379
7305,-0.10874
7306,-0.12621
7307,-0.14369
7308,-0.15922
7309,-0.17476
7310,-0.18641
7311,-0.19806
7312,-0.20583
7313,-0.21359
7314,-0.21748
7315,-0.22136
7316,-0.22136
7317,-0.22136
7318,-0.21748
7319,-0.21359
7320,-0.20777
7321,-0.2
7322,-0.19417
7323,-0.18641
7324,-0.17864
7325,-0.17087
7326,-0.16311
7327,-0.15534
7328,-0.14951
7329,-0.14369
7330,-0.13592
7331,-0.1301
7332,-0.12427
7333,-0.11845
7334,-0.11068
7335,-0.10485
7336,-0.099029
7337,-0.093204
7338,-0.087379
7339,-0.079612
7340,-0.073786
7341,-0.067961
7342,-0.062136
7343,-0.054369
7344,-0.046602
7345,-0.038835
7346,-0.03301
7347,-0.025243
7348,-0.019417
7349,-0.013592
7350,-0.007767
7351,-0.0019417
7352,0.0019417
7353,0.007767
7354,0.01165
7355,0.015534
7356,0.017476
7357,0.021359
7358,0.023301
7359,0.027184
7360,0.03301
7361,0.036893
7362,0.042718
7363,0.048544
7364,0.054369
7365,0.060194
7366,0.066019
7367,0.071845
7368,0.075728
7369,0.079612
7370,0.083495
7371,0.085437
7372,0.08932
7373,0.093204
7374,0.095146
7375,0.099029
7376,0.10097
7377,0.10291
7378,0.099029
7379,0.097087
7380,0.08932
7381,0.083495
7382,0.071845
7383,0.060194
7384,0.042718
7385,0.027184
7386,0.0097087
7387,-0.007767
7388,-0.027184
7389,-0.046602
7390,-0.066019
7391,-0.083495
7392,-0.10291
7393,-0.12039
7394,-0.13592
7395,-0.1534
7396,-0.16699
7397,-0.18252
7398,-0.19417
7399,-0.20777
7400,-0.21748
7401,-0.22718
7402,-0.23495
7403,-0.24272
7404,-0.24854
7405,-0.25243
7406,-0.25437
7407,-0.25437
7408,-0.25243
7409,-0.25049
7410,-0.24466
7411,-0.23689
7412,-0.22913
7413,-0.21942
7414,-0.20971
7415,-0.19806
7416,-0.18641
7417,-0.17476
7418,-0.16505
7419,-0.15534
7420,-0.14563
7421,-0.13786
7422,-0.12816
7423,-0.12039
7424,-0.11068
7425,-0.10291
7426,-0.093204
7427,-0.085437
7428,-0.075728
7429,-0.066019
7430,-0.058252
7431,-0.048544
7432,-0.040777
7433,-0.03301
7434,-0.029126
7435,-0.023301
7436,-0.019417
7437,-0.017476
7438,-0.015534
7439,-0.013592
7440,-0.01165
7441,-0.0097087
7442,-0.0058252
7443,-0.0019417
7444,0.0019417
7445,0.007767
7446,0.017476
7447,0.025243
7448,0.036893
7449,0.050485
7450,0.067961
7451,0.085437
7452,0.10874
7453,0.1301
7454,0.15922
7455,0.18835
7456,0.22136
7457,0.25437
7458,0.28932
7459,0.32621
7460,0.36505
7461,0.40388
7462,0.44466
7463,0.4835
7464,0.52621
7465,0.56699
7466,0.60583
7467,0.6466
7468,0.6835
7469,0.72039
7470,0.74757
7471,0.7767
7472,0.79806
7473,0.82136
7474,0.83689
7475,0.85437
7476,0.86602
7477,0.87961
7478,0.88932
7479,0.90097
7480,0.90874
7481,0.91845
7482,0.92621
7483,0.93398
7484,0.93981
7485,0.94563
7486,0.95146
7487,0.95534
7488,0.95922
7489,0.96311
7490,0.96505
7491,0.96699
7492,0.96699
7493,0.96893
7494,0.96893
7495,0.97087
7496,0.97282
7497,0.97476
7498,0.98058
7499,0.98641
7500,0.99612
7501,1.0058
7502,1.0175
7503,1.0311
7504,1.0466
7505,1.0621
7506,1.0777
7507,1.0951
7508,1.1107
7509,1.1262
7510,1.1417
7511,1.1573
7512,1.1728
7513,1.1864
7514,1.2
7515,1.2136
7516,1.2252
7517,1.2369
7518,1.2466
7519,1.2563
7520,1.266
7521,1.2738
7522,1.2796
7523,1.2854
7524,1.2893
7525,1.2932
7526,1.2951
7527,1.2971
7528,1.2951
7529,1.2951
7530,1.2913
7531,1.2874
7532,1.2796
7533,1.2738
7534,1.2641
7535,1.2544
7536,1.2427
7537,1.2311
7538,1.2155
7539,1.2019
7540,1.1864
7541,1.1728
7542,1.1573
7543,1.1417
7544,1.1243
7545,1.1087
7546,1.0951
7547,1.0816
7548,1.0699
7549,1.0563
7550,1.0447
7551,1.0311
7552,1.0194
7553,1.0058
7554,0.99223
7555,0.97864
7556,0.96311
7557,0.94757
7558,0.93204
7559,0.9165
7560,0.90097
7561,0.8835
7562,0.86214
7563,0.84078
7564,0.81359
7565,0.78835
7566,0.75922
7567,0.7301
7568,0.69709
7569,0.66408
7570,0.62913
7571,0.59417
7572,0.55728
7573,0.52233
7574,0.48738
7575,0.45243
7576,0.41942
7577,0.38641
7578,0.3534
7579,0.32233
7580,0.29126
7581,0.26214
7582,0.23495
7583,0.20583
7584,0.18058
7585,0.15534
7586,0.13398
7587,0.11262
7588,0.095146
7589,0.07767
7590,0.064078
7591,0.052427
7592,0.042718
7593,0.034951
7594,0.029126
7595,0.025243
7596,0.021359
7597,0.019417
7598,0.017476
7599,0.015534
7600,0.015534
7601,0.013592
7602,0.01165
7603,0.0097087
7604,0.007767
7605,0.0058252
7606,0.0038835
7607,0.0038835
7608,0.0038835
7609,0.0019417
7610,0.0019417
7611,0.0038835
7612,0.0038835
7613,0.0038835
7614,0.0038835
7615,0.0058252
7616,0.0058252
7617,0.0058252
7618,0.0058252
7619,0.0058252
7620,0.0058252
7621,0.007767
7622,0.007767
7623,0.007767
7624,0.0097087
7625,0.0097087
7626,0.0097087
7627,0.0097087
7628,0.0097087
7629,0.0097087
7630,0.0097087
7631,0.007767
7632,0.007767
7633,0.007767
7634,0.007767
7635,0.007767
7636,0.0097087
7637,0.01165
7638,0.013592
7639,0.017476
7640,0.021359
7641,0.025243
7642,0.029126
7643,0.03301
7644,0.034951
7645,0.036893
7646,0.038835
7647,0.040777
7648,0.042718
7649,0.04466
7650,0.04466
7651,0.046602
7652,0.046602
7653,0.046602
7654,0.040777
7655,0.036893
7656,0.025243
7657,0.015534
7658,0.0019417
7659,-0.013592
7660,-0.031068
7661,-0.048544
7662,-0.066019
7663,-0.085437
7664,-0.10485
7665,-0.12233
7666,-0.14175
7667,-0.15922
7668,-0.1767
7669,-0.19417
7670,-0.20971
7671,-0.22524
7672,-0.24078
7673,-0.25437
7674,-0.26602
7675,-0.27767
7676,-0.28738
7677,-0.29709
7678,-0.30291
7679,-0.30874
7680,-0.31262
7681,-0.3165
7682,-0.3165
7683,-0.3165
7684,-0.31262
7685,-0.30874
7686,-0.30097
7687,-0.2932
7688,-0.28155
7689,-0.27184
7690,-0.26019
7691,-0.24854
7692,-0.23495
7693,-0.2233
7694,-0.21165
7695,-0.20194
7696,-0.19029
7697,-0.18058
7698,-0.17087
7699,-0.16117
7700,-0.15146
7701,-0.14175
7702,-0.13204
7703,-0.12233
7704,-0.11456
7705,-0.10485
7706,-0.097087
7707,-0.087379
7708,-0.079612
7709,-0.069903
7710,-0.064078
7711,-0.056311
7712,-0.048544
7713,-0.040777
7714,-0.034951
7715,-0.029126
7716,-0.023301
7717,-0.015534
7718,-0.01165
7719,-0.0058252
7720,-0.0019417
7721,0.0038835
7722,0.007767
7723,0.01165
7724,0.015534
7725,0.019417
7726,0.023301
7727,0.029126
7728,0.034951
7729,0.040777
7730,0.046602
7731,0.054369
7732,0.060194
7733,0.066019
7734,0.069903
7735,0.071845
7736,0.073786
7737,0.073786
7738,0.073786
7739,0.073786
7740,0.073786
7741,0.071845
7742,0.071845
7743,0.069903
7744,0.067961
7745,0.066019
7746,0.062136
7747,0.058252
7748,0.050485
7749,0.04466
7750,0.036893
7751,0.031068
7752,0.025243
7753,0.017476
7754,0.015534
7755,0.013592
7756,0.013592
7757,0.015534
7758,0.021359
7759,0.029126
7760,0.038835
7761,0.050485
7762,0.066019
7763,0.081553
7764,0.099029
7765,0.11845
7766,0.13981
7767,0.16117
7768,0.18447
7769,0.20971
7770,0.23689
7771,0.26602
7772,0.29709
7773,0.32816
7774,0.36117
7775,0.39612
7776,0.43301
7777,0.4699
7778,0.50874
7779,0.54951
7780,0.59223
7781,0.63495
7782,0.67767
7783,0.72039
7784,0.76117
7785,0.80388
7786,0.84272
7787,0.8835
7788,0.92039
7789,0.95728
7790,0.99029
7791,1.0214
7792,1.0485
7793,1.0777
7794,1.099
7795,1.1223
7796,1.1417
7797,1.1612
7798,1.1786
7799,1.1942
7800,1.2097
7801,1.2252
7802,1.2388
7803,1.2524
7804,1.2641
7805,1.2757
7806,1.2874
7807,1.299
7808,1.3107
7809,1.3204
7810,1.3301
7811,1.3398
7812,1.3476
7813,1.3573
7814,1.365
7815,1.3728
7816,1.3786
7817,1.3845
7818,1.3903
7819,1.3961
7820,1.4019
7821,1.4058
7822,1.4097
7823,1.4117
7824,1.4136
7825,1.4155
7826,1.4136
7827,1.4136
7828,1.4097
7829,1.4058
7830,1.3981
7831,1.3922
7832,1.3806
7833,1.3709
7834,1.3573
7835,1.3417
7836,1.3243
7837,1.3068
7838,1.2835
7839,1.2602
7840,1.2311
7841,1.2019
7842,1.1689
7843,1.1379
7844,1.1029
7845,1.068
7846,1.0311
7847,0.99612
7848,0.95922
7849,0.92427
7850,0.88738
7851,0.85049
7852,0.81359
7853,0.77864
7854,0.74369
7855,0.70874
7856,0.67379
7857,0.64078
7858,0.60777
7859,0.5767
7860,0.54757
7861,0.51845
7862,0.49126
7863,0.46602
7864,0.44272
7865,0.41942
7866,0.4
7867,0.38058
7868,0.36505
7869,0.34951
7870,0.33786
7871,0.32621
7872,0.31456
7873,0.30485
7874,0.29515
7875,0.28544
7876,0.27573
7877,0.26602
7878,0.25825
7879,0.24854
7880,0.24078
7881,0.23301
7882,0.22524
7883,0.21942
7884,0.21359
7885,0.20971
7886,0.20388
7887,0.2
7888,0.19612
7889,0.19223
7890,0.18835
7891,0.18447
7892,0.18252
7893,0.17864
7894,0.1767
7895,0.17476
7896,0.17087
7897,0.16893
7898,0.16505
7899,0.16117
7900,0.15728
7901,0.1534
7902,0.14951
7903,0.14369
7904,0.13981
7905,0.13398
7906,0.12816
7907,0.12233
7908,0.1165
7909,0.11068
7910,0.10485
7911,0.10097
7912,0.099029
7913,0.095146
7914,0.093204
7915,0.093204
7916,0.091262
7917,0.091262
7918,0.091262
7919,0.08932
7920,0.08932
7921,0.08932
7922,0.08932
7923,0.087379
7924,0.087379
7925,0.087379
7926,0.085437
7927,0.085437
7928,0.083495
7929,0.081553
7930,0.073786
7931,0.067961
7932,0.056311
7933,0.04466
7934,0.029126
7935,0.01165
7936,-0.007767
7937,-0.027184
7938,-0.046602
7939,-0.067961
7940,-0.08932
7941,-0.11068
7942,-0.1301
7943,-0.14951
7944,-0.16699
7945,-0.18641
7946,-0.20388
7947,-0.21942
7948,-0.23495
7949,-0.25049
7950,-0.26408
7951,-0.27573
7952,-0.28738
7953,-0.29709
7954,-0.30485
7955,-0.31262
7956,-0.3165
7957,-0.32039
7958,-0.32039
7959,-0.32039
7960,-0.3165
7961,-0.31262
7962,-0.30485
7963,-0.29709
7964,-0.28738
7965,-0.27767
7966,-0.26602
7967,-0.25437
7968,-0.24466
7969,-0.23301
7970,-0.2233
7971,-0.21165
7972,-0.20194
7973,-0.19223
7974,-0.18447
7975,-0.17476
7976,-0.16699
7977,-0.15728
7978,-0.14951
7979,-0.14175
7980,-0.13204
7981,-0.12427
7982,-0.11456
7983,-0.10485
7984,-0.097087
7985,-0.087379
7986,-0.079612
7987,-0.071845
7988,-0.066019
7989,-0.058252
7990,-0.052427
7991,-0.04466
7992,-0.038835
7993,-0.031068
7994,-0.027184
7995,-0.021359
7996,-0.015534
7997,-0.0097087
7998,-0.0058252
7999,-0.0019417
8000,0.0019417
8001,0.0058252
8002,0.01165
8003,0.017476
8004,0.023301
8005,0.029126
8006,0.034951
8007,0.042718
8008,0.048544
8009,0.054369
8010,0.060194
8011,0.066019
8012,0.071845
8013,0.075728
8014,0.079612
8015,0.083495
8016,0.087379
8017,0.091262
8018,0.095146
8019,0.099029
8020,0.10097
8021,0.10291
8022,0.10097
8023,0.10097
8024,0.093204
8025,0.087379
8026,0.075728
8027,0.062136
8028,0.04466
8029,0.025243
8030,0.0038835
8031,-0.017476
8032,-0.040777
8033,-0.064078
8034,-0.08932
8035,-0.11262
8036,-0.13592
8037,-0.15922
8038,-0.18058
8039,-0.2
8040,-0.21748
8041,-0.23301
8042,-0.24466
8043,-0.25631
8044,-0.26214
8045,-0.26796
8046,-0.26602
8047,-0.26408
8048,-0.25437
8049,-0.24466
8050,-0.22718
8051,-0.20777
8052,-0.18058
8053,-0.1534
8054,-0.11845
8055,-0.081553
8056,-0.038835
8057,0.0038835
8058,0.052427
8059,0.099029
8060,0.14951
8061,0.2
8062,0.25049
8063,0.30097
8064,0.34951
8065,0.4
8066,0.44854
8067,0.49709
8068,0.54369
8069,0.59029
8070,0.63495
8071,0.67961
8072,0.72233
8073,0.76311
8074,0.80388
8075,0.8466
8076,0.88544
8077,0.92621
8078,0.96505
8079,1.0019
8080,1.0388
8081,1.0757
8082,1.1087
8083,1.1417
8084,1.1709
8085,1.2019
8086,1.2272
8087,1.2524
8088,1.2738
8089,1.2951
8090,1.3107
8091,1.3282
8092,1.3417
8093,1.3553
8094,1.367
8095,1.3786
8096,1.3883
8097,1.3981
8098,1.4058
8099,1.4136
8100,1.4214
8101,1.4291
8102,1.435
8103,1.4408
8104,1.4447
8105,1.4485
8106,1.4524
8107,1.4563
8108,1.4602
8109,1.4621
8110,1.4641
8111,1.466
8112,1.4641
8113,1.4641
8114,1.4583
8115,1.4524
8116,1.4408
8117,1.4291
8118,1.4136
8119,1.3981
8120,1.3786
8121,1.3592
8122,1.3379
8123,1.3165
8124,1.2913
8125,1.268
8126,1.2427
8127,1.2155
8128,1.1883
8129,1.1592
8130,1.1301
8131,1.099
8132,1.068
8133,1.0369
8134,1.0058
8135,0.97476
8136,0.94369
8137,0.91262
8138,0.88544
8139,0.85631
8140,0.83107
8141,0.80388
8142,0.78252
8143,0.75922
8144,0.73981
8145,0.72039
8146,0.70485
8147,0.68932
8148,0.67379
8149,0.66019
8150,0.6466
8151,0.63495
8152,0.62136
8153,0.60971
8154,0.59612
8155,0.58447
8156,0.57476
8157,0.56311
8158,0.5534
8159,0.54369
8160,0.53398
8161,0.52621
8162,0.5165
8163,0.50874
8164,0.49903
8165,0.49126
8166,0.48155
8167,0.47379
8168,0.46408
8169,0.45437
8170,0.44466
8171,0.43689
8172,0.42718
8173,0.41748
8174,0.40971
8175,0.4
8176,0.39223
8177,0.38447
8178,0.37476
8179,0.36699
8180,0.35922
8181,0.35146
8182,0.34369
8183,0.33592
8184,0.32816
8185,0.31845
8186,0.31068
8187,0.30291
8188,0.29515
8189,0.28932
8190,0.2835
8191,0.27767
8192,0.27184
8193,0.26796
8194,0.26408
8195,0.26019
8196,0.25631
8197,0.25243
8198,0.2466
8199,0.24272
8200,0.23689
8201,0.23301
8202,0.22718
8203,0.2233
8204,0.21748
8205,0.21165
8206,0.20388
8207,0.19417
8208,0.18252
8209,0.17087
8210,0.1534
8211,0.13592
8212,0.11456
8213,0.093204
8214,0.069903
8215,0.048544
8216,0.023301
8217,0.0
8218,-0.023301
8219,-0.046602
8220,-0.067961
8221,-0.091262
8222,-0.11068
8223,-0.13204
8224,-0.14951
8225,-0.16893
8226,-0.18447
8227,-0.20194
8228,-0.21553
8229,-0.22913
8230,-0.24078
8231,-0.25243
8232,-0.26019
8233,-0.2699
8234,-0.27379
8235,-0.27961
8236,-0.27961
8237,-0.28155
8238,-0.27961
8239,-0.27573
8240,-0.2699
8241,-0.26408
8242,-0.25631
8243,-0.2466
8244,-0.23883
8245,-0.22913
8246,-0.22136
8247,-0.21359
8248,-0.20583
8249,-0.19806
8250,-0.19029
8251,-0.18252
8252,-0.1767
8253,-0.16893
8254,-0.16117
8255,-0.15146
8256,-0.14369
8257,-0.13398
8258,-0.12621
8259,-0.1165
8260,-0.10874
8261,-0.099029
8262,-0.091262
8263,-0.083495
8264,-0.075728
8265,-0.067961
8266,-0.060194
8267,-0.052427
8268,-0.046602
8269,-0.040777
8270,-0.036893
8271,-0.031068
8272,-0.027184
8273,-0.021359
8274,-0.019417
8275,-0.015534
8276,-0.01165
8277,-0.0097087
8278,-0.0058252
8279,-0.0038835
8280,0.0
8281,0.0038835
8282,0.0097087
8283,0.013592
8284,0.019417
8285,0.025243
8286,0.031068
8287,0.034951
8288,0.040777
8289,0.04466
8290,0.048544
8291,0.052427
8292,0.056311
8293,0.060194
8294,0.064078
8295,0.067961
8296,0.069903
8297,0.073786
8298,0.075728
8299,0.075728
8300,0.073786
8301,0.071845
8302,0.062136
8303,0.054369
8304,0.040777
8305,0.029126
8306,0.01165
8307,-0.0038835
8308,-0.021359
8309,-0.038835
8310,-0.058252
8311,-0.075728
8312,-0.095146
8313,-0.11262
8314,-0.1301
8315,-0.14563
8316,-0.16311
8317,-0.17864
8318,-0.19223
8319,-0.20777
8320,-0.21942
8321,-0.23301
8322,-0.24466
8323,-0.25437
8324,-0.26214
8325,-0.27184
8326,-0.27573
8327,-0.27961
8328,-0.27961
8329,-0.27767
8330,-0.27379
8331,-0.2699
8332,-0.26214
8333,-0.25437
8334,-0.24466
8335,-0.23495
8336,-0.2233
8337,-0.21359
8338,-0.20194
8339,-0.19223
8340,-0.18252
8341,-0.17282
8342,-0.16311
8343,-0.1534
8344,-0.14369
8345,-0.13398
8346,-0.12621
8347,-0.1165
8348,-0.10874
8349,-0.099029
8350,-0.091262
8351,-0.083495
8352,-0.07767
8353,-0.071845
8354,-0.066019
8355,-0.062136
8356,-0.058252
8357,-0.052427
8358,-0.048544
8359,-0.04466
8360,-0.040777
8361,-0.034951
8362,-0.029126
8363,-0.023301
8364,-0.017476
8365,-0.0097087
8366,-0.0019417
8367,0.007767
8368,0.021359
8369,0.034951
8370,0.052427
8371,0.071845
8372,0.097087
8373,0.12427
8374,0.15534
8375,0.18835
8376,0.22718
8377,0.26408
8378,0.3068
8379,0.34757
8380,0.39223
8381,0.43689
8382,0.48155
8383,0.52816
8384,0.57282
8385,0.61942
8386,0.66408
8387,0.71068
8388,0.7534
8389,0.79806
8390,0.83689
8391,0.87767
8392,0.91262
8393,0.94757
8394,0.97282
8395,1.0
8396,1.0175
8397,1.0369
8398,1.0524
8399,1.068
8400,1.0796
8401,1.0932
8402,1.1029
8403,1.1126
8404,1.1204
8405,1.1282
8406,1.134
8407,1.1398
8408,1.1437
8409,1.1476
8410,1.1495
8411,1.1515
8412,1.1515
8413,1.1515
8414,1.1515
8415,1.1515
8416,1.1495
8417,1.1476
8418,1.1476
8419,1.1476
8420,1.1495
8421,1.1534
8422,1.1573
8423,1.1631
8424,1.1728
8425,1.1806
8426,1.1903
8427,1.2019
8428,1.2136
8429,1.2252
8430,1.2369
8431,1.2485
8432,1.2602
8433,1.2738
8434,1.2835
8435,1.2932
8436,1.3029
8437,1.3126
8438,1.3184
8439,1.3262
8440,1.332
8441,1.3398
8442,1.3437
8443,1.3495
8444,1.3515
8445,1.3553
8446,1.3553
8447,1.3553
8448,1.3534
8449,1.3515
8450,1.3476
8451,1.3417
8452,1.3359
8453,1.3301
8454,1.3204
8455,1.3107
8456,1.299
8457,1.2854
8458,1.2718
8459,1.2583
8460,1.2408
8461,1.2252
8462,1.2078
8463,1.1903
8464,1.1709
8465,1.1534
8466,1.134
8467,1.1165
8468,1.101
8469,1.0835
8470,1.068
8471,1.0544
8472,1.0388
8473,1.0252
8474,1.0117
8475,0.99806
8476,0.98447
8477,0.97087
8478,0.95534
8479,0.93981
8480,0.92233
8481,0.9068
8482,0.88932
8483,0.87184
8484,0.85049
8485,0.83107
8486,0.80777
8487,0.78252
8488,0.75534
8489,0.72621
8490,0.69515
8491,0.66214
8492,0.62913
8493,0.59417
8494,0.55728
8495,0.52233
8496,0.48544
8497,0.44854
8498,0.41359
8499,0.37864
8500,0.34369
8501,0.31068
8502,0.27767
8503,0.2466
8504,0.21553
8505,0.18641
8506,0.15922
8507,0.13204
8508,0.10874
8509,0.083495
8510,0.064078
8511,0.046602
8512,0.031068
8513,0.017476
8514,0.0058252
8515,-0.0038835
8516,-0.01165
8517,-0.019417
8518,-0.023301
8519,-0.025243
8520,-0.027184
8521,-0.029126
8522,-0.029126
8523,-0.029126
8524,-0.029126
8525,-0.031068
8526,-0.031068
8527,-0.031068
8528,-0.03301
8529,-0.03301
8530,-0.03301
8531,-0.03301
8532,-0.031068
8533,-0.031068
8534,-0.029126
8535,-0.027184
8536,-0.025243
8537,-0.023301
8538,-0.019417
8539,-0.017476
8540,-0.015534
8541,-0.013592
8542,-0.0097087
8543,-0.007767
8544,-0.0058252
8545,-0.0038835
8546,0.0
8547,0.0019417
8548,0.0038835
8549,0.0058252
8550,0.0058252
8551,0.007767
8552,0.007767
8553,0.0058252
8554,0.0058252
8555,0.0058252
8556,0.0058252
8557,0.0058252
8558,0.0058252
8559,0.007767
8560,0.0097087
8561,0.01165
8562,0.015534
8563,0.019417
8564,0.021359
8565,0.025243
8566,0.027184
8567,0.031068
8568,0.03301
8569,0.034951
8570,0.036893
8571,0.038835
8572,0.040777
8573,0.042718
8574,0.042718
8575,0.042718
8576,0.042718
8577,0.040777
8578,0.03301
8579,0.027184
8580,0.015534
8581,0.0038835
8582,-0.013592
8583,-0.029126
8584,-0.046602
8585,-0.066019
8586,-0.083495
8587,-0.10291
8588,-0.12039
8589,-0.13786
8590,-0.1534
8591,-0.17087
8592,-0.18835
8593,-0.20388
8594,-0.21748
8595,-0.23301
8596,-0.2466
8597,-0.25825
8598,-0.2699
8599,-0.28155
8600,-0.29126
8601,-0.29903
8602,-0.30485
8603,-0.31068
8604,-0.31262
8605,-0.31456
8606,-0.31068
8607,-0.30874
8608,-0.30291
8609,-0.29515
8610,-0.28544
8611,-0.27767
8612,-0.26602
8613,-0.25437
8614,-0.24466
8615,-0.23301
8616,-0.2233
8617,-0.21165
8618,-0.20194
8619,-0.19223
8620,-0.18252
8621,-0.17282
8622,-0.16505
8623,-0.15534
8624,-0.14563
8625,-0.13786
8626,-0.12816
8627,-0.11845
8628,-0.10874
8629,-0.099029
8630,-0.08932
8631,-0.081553
8632,-0.071845
8633,-0.064078
8634,-0.054369
8635,-0.046602
8636,-0.038835
8637,-0.031068
8638,-0.025243
8639,-0.017476
8640,-0.01165
8641,-0.0058252
8642,-0.0019417
8643,0.0038835
8644,0.007767
8645,0.01165
8646,0.015534
8647,0.019417
8648,0.023301
8649,0.027184
8650,0.031068
8651,0.034951
8652,0.040777
8653,0.04466
8654,0.050485
8655,0.058252
8656,0.064078
8657,0.071845
8658,0.07767
8659,0.083495
8660,0.087379
8661,0.093204
8662,0.097087
8663,0.10291
8664,0.1068
8665,0.11068
8666,0.11068
8667,0.11068
8668,0.10485
8669,0.10097
8670,0.087379
8671,0.075728
8672,0.058252
8673,0.040777
8674,0.021359
8675,0.0019417
8676,-0.015534
8677,-0.034951
8678,-0.050485
8679,-0.066019
8680,-0.079612
8681,-0.091262
8682,-0.095146
8683,-0.10097
8684,-0.099029
8685,-0.099029
8686,-0.091262
8687,-0.085437
8688,-0.073786
8689,-0.062136
8690,-0.04466
8691,-0.027184
8692,-0.0038835
8693,0.017476
8694,0.046602
8695,0.073786
8696,0.1068
8697,0.13786
8698,0.17476
8699,0.21165
8700,0.25049
8701,0.28932
8702,0.3301
8703,0.37282
8704,0.41553
8705,0.46019
8706,0.50485
8707,0.54757
8708,0.59029
8709,0.63495
8710,0.67573
8711,0.71845
8712,0.75728
8713,0.79806
8714,0.83301
8715,0.8699
8716,0.90291
8717,0.93592
8718,0.96505
8719,0.99223
8720,1.0175
8721,1.0447
8722,1.066
8723,1.0893
8724,1.1107
8725,1.132
8726,1.1495
8727,1.167
8728,1.1825
8729,1.1961
8730,1.2097
8731,1.2233
8732,1.235
8733,1.2466
8734,1.2563
8735,1.266
8736,1.2738
8737,1.2816
8738,1.2893
8739,1.2951
8740,1.3029
8741,1.3107
8742,1.3165
8743,1.3223
8744,1.3262
8745,1.332
8746,1.3359
8747,1.3398
8748,1.3417
8749,1.3456
8750,1.3456
8751,1.3456
8752,1.3456
8753,1.3437
8754,1.3398
8755,1.3359
8756,1.3301
8757,1.3243
8758,1.3146
8759,1.3029
8760,1.2874
8761,1.2718
8762,1.2505
8763,1.2291
8764,1.2039
8765,1.1767
8766,1.1456
8767,1.1165
8768,1.0816
8769,1.0485
8770,1.0136
8771,0.97864
8772,0.94369
8773,0.90874
8774,0.87184
8775,0.83689
8776,0.80194
8777,0.76699
8778,0.73398
8779,0.69903
8780,0.66602
8781,0.63495
8782,0.60388
8783,0.57476
8784,0.54757
8785,0.52039
8786,0.49709
8787,0.47379
8788,0.45243
8789,0.43107
8790,0.41553
8791,0.39806
8792,0.38447
8793,0.37282
8794,0.36117
8795,0.35146
8796,0.33981
8797,0.3301
8798,0.32233
8799,0.31262
8800,0.30291
8801,0.29515
8802,0.28544
8803,0.27767
8804,0.26796
8805,0.26019
8806,0.25243
8807,0.2466
8808,0.24078
8809,0.23689
8810,0.23107
8811,0.22718
8812,0.22524
8813,0.22136
8814,0.21748
8815,0.21359
8816,0.20971
8817,0.20583
8818,0.20194
8819,0.19806
8820,0.19417
8821,0.19029
8822,0.18835
8823,0.18447
8824,0.18058
8825,0.1767
8826,0.17282
8827,0.16893
8828,0.16311
8829,0.15922
8830,0.1534
8831,0.14951
8832,0.14369
8833,0.13981
8834,0.13592
8835,0.13398
8836,0.13204
8837,0.1301
8838,0.1301
8839,0.12816
8840,0.12816
8841,0.12816
8842,0.12621
8843,0.12621
8844,0.12621
8845,0.12621
8846,0.12427
8847,0.12427
8848,0.12427
8849,0.12233
8850,0.12039
8851,0.1165
8852,0.11262
8853,0.1068
8854,0.097087
8855,0.087379
8856,0.071845
8857,0.056311
8858,0.038835
8859,0.021359
8860,0.0019417
8861,-0.017476
8862,-0.038835
8863,-0.058252
8864,-0.079612
8865,-0.099029
8866,-0.11845
8867,-0.13592
8868,-0.1534
8869,-0.17087
8870,-0.18641
8871,-0.20194
8872,-0.21553
8873,-0.22913
8874,-0.24078
8875,-0.25243
8876,-0.26214
8877,-0.27184
8878,-0.27767
8879,-0.2835
8880,-0.28544
8881,-0.28544
8882,-0.2835
8883,-0.28155
8884,-0.27767
8885,-0.27184
8886,-0.26408
8887,-0.25631
8888,-0.2466
8889,-0.23689
8890,-0.22718
8891,-0.21553
8892,-0.20583
8893,-0.19612
8894,-0.18641
8895,-0.1767
8896,-0.16699
8897,-0.15728
8898,-0.14757
8899,-0.13981
8900,-0.1301
8901,-0.12039
8902,-0.11068
8903,-0.10097
8904,-0.093204
8905,-0.083495
8906,-0.073786
8907,-0.066019
8908,-0.058252
8909,-0.050485
8910,-0.042718
8911,-0.036893
8912,-0.029126
8913,-0.023301
8914,-0.017476
8915,-0.01165
8916,-0.007767
8917,-0.0019417
8918,0.0019417
8919,0.0058252
8920,0.0097087
8921,0.013592
8922,0.015534
8923,0.019417
8924,0.023301
8925,0.027184
8926,0.03301
8927,0.036893
8928,0.04466
8929,0.050485
8930,0.056311
8931,0.064078
8932,0.069903
8933,0.075728
8934,0.079612
8935,0.085437
8936,0.08932
8937,0.095146
8938,0.099029
8939,0.10485
8940,0.10874
8941,0.11456
8942,0.11845
8943,0.12039
8944,0.12039
8945,0.12233
8946,0.1165
8947,0.11068
8948,0.099029
8949,0.08932
8950,0.071845
8951,0.056311
8952,0.036893
8953,0.017476
8954,-0.0019417
8955,-0.021359
8956,-0.042718
8957,-0.062136
8958,-0.081553
8959,-0.099029
8960,-0.1165
8961,-0.13398
8962,-0.15146
8963,-0.16699
8964,-0.18058
8965,-0.19417
8966,-0.20583
8967,-0.21748
8968,-0.22718
8969,-0.23495
8970,-0.24078
8971,-0.2466
8972,-0.24854
8973,-0.24854
8974,-0.24854
8975,-0.24854
8976,-0.2466
8977,-0.24466
8978,-0.24078
8979,-0.23689
8980,-0.23107
8981,-0.2233
8982,-0.21553
8983,-0.20583
8984,-0.19612
8985,-0.18447
8986,-0.17087
8987,-0.15922
8988,-0.14369
8989,-0.12816
8990,-0.10874
8991,-0.08932
8992,-0.067961
8993,-0.04466
8994,-0.017476
8995,0.01165
8996,0.04466
8997,0.07767
8998,0.11456
8999,0.1534
9000,0.19417
9001,0.23689
9002,0.27961
9003,0.32427
9004,0.36699
9005,0.41165
9006,0.45631
9007,0.50097
9008,0.54563
9009,0.59223
9010,0.63495
9011,0.67961
9012,0.72233
9013,0.76505
9014,0.80583
9015,0.84854
9016,0.88738
9017,0.92816
9018,0.96893
9019,1.0078
9020,1.0466
9021,1.0854
9022,1.1243
9023,1.1612
9024,1.1961
9025,1.233
9026,1.2641
9027,1.2971
9028,1.3262
9029,1.3553
9030,1.3806
9031,1.4058
9032,1.4272
9033,1.4485
9034,1.4602
9035,1.4738
9036,1.4777
9037,1.4835
9038,1.4796
9039,1.4757
9040,1.4641
9041,1.4544
9042,1.4408
9043,1.4272
9044,1.4117
9045,1.3961
9046,1.3825
9047,1.367
9048,1.3515
9049,1.3359
9050,1.3204
9051,1.3049
9052,1.2893
9053,1.2738
9054,1.2583
9055,1.2427
9056,1.2272
9057,1.2117
9058,1.1961
9059,1.1825
9060,1.1689
9061,1.1553
9062,1.1417
9063,1.1282
9064,1.1165
9065,1.1049
9066,1.0951
9067,1.0854
9068,1.0777
9069,1.0699
9070,1.0621
9071,1.0563
9072,1.0505
9073,1.0447
9074,1.0369
9075,1.0311
9076,1.0214
9077,1.0136
9078,1.0039
9079,0.99223
9080,0.98058
9081,0.96699
9082,0.95534
9083,0.94175
9084,0.9301
9085,0.9165
9086,0.90485
9087,0.89515
9088,0.8835
9089,0.87184
9090,0.86214
9091,0.85243
9092,0.84078
9093,0.83107
9094,0.81942
9095,0.80971
9096,0.79806
9097,0.78641
9098,0.77476
9099,0.76311
9100,0.75146
9101,0.73981
9102,0.72816
9103,0.7165
9104,0.70485
9105,0.6932
9106,0.68155
9107,0.6699
9108,0.65631
9109,0.64466
9110,0.63107
9111,0.61748
9112,0.60388
9113,0.59029
9114,0.57864
9115,0.56505
9116,0.5534
9117,0.54175
9118,0.53204
9119,0.52233
9120,0.51262
9121,0.50291
9122,0.4932
9123,0.48544
9124,0.47573
9125,0.46796
9126,0.45825
9127,0.45049
9128,0.44078
9129,0.43107
9130,0.42136
9131,0.41165
9132,0.4
9133,0.38641
9134,0.37087
9135,0.3534
9136,0.33204
9137,0.31068
9138,0.28544
9139,0.25825
9140,0.23107
9141,0.20194
9142,0.17476
9143,0.14563
9144,0.11845
9145,0.091262
9146,0.066019
9147,0.040777
9148,0.015534
9149,-0.007767
9150,-0.029126
9151,-0.052427
9152,-0.073786
9153,-0.093204
9154,-0.11068
9155,-0.12816
9156,-0.14175
9157,-0.15728
9158,-0.16699
9159,-0.1767
9160,-0.18447
9161,-0.19029
9162,-0.19223
9163,-0.19417
9164,-0.19029
9165,-0.18835
9166,-0.18252
9167,-0.1767
9168,-0.16699
9169,-0.15728
9170,-0.14951
9171,-0.14175
9172,-0.13592
9173,-0.12816
9174,-0.12039
9175,-0.11456
9176,-0.10874
9177,-0.10097
9178,-0.095146
9179,-0.08932
9180,-0.083495
9181,-0.079612
9182,-0.073786
9183,-0.067961
9184,-0.062136
9185,-0.058252
9186,-0.052427
9187,-0.046602
9188,-0.038835
9189,-0.03301
9190,-0.027184
9191,-0.021359
9192,-0.013592
9193,-0.007767
9194,-0.0019417
9195,0.0038835
9196,0.007767
9197,0.013592
9198,0.015534
9199,0.019417
9200,0.021359
9201,0.023301
9202,0.025243
9203,0.027184
9204,0.029126
9205,0.031068
9206,0.034951
9207,0.038835
9208,0.04466
9209,0.048544
9210,0.054369
9211,0.058252
9212,0.064078
9213,0.067961
9214,0.073786
9215,0.07767
9216,0.081553
9217,0.085437
9218,0.08932
9219,0.093204
9220,0.097087
9221,0.10097
9222,0.10291
9223,0.10485
9224,0.10485
9225,0.10485
9226,0.099029
9227,0.093204
9228,0.081553
9229,0.069903
9230,0.054369
9231,0.036893
9232,0.017476
9233,-0.0019417
9234,-0.021359
9235,-0.040777
9236,-0.060194
9237,-0.079612
9238,-0.099029
9239,-0.1165
9240,-0.13398
9241,-0.14951
9242,-0.16505
9243,-0.17864
9244,-0.19223
9245,-0.20388
9246,-0.21553
9247,-0.22524
9248,-0.23495
9249,-0.24272
9250,-0.24854
9251,-0.25243
9252,-0.25437
9253,-0.25631
9254,-0.25437
9255,-0.25243
9256,-0.24466
9257,-0.23883
9258,-0.22913
9259,-0.21942
9260,-0.20971
9261,-0.19806
9262,-0.18641
9263,-0.17476
9264,-0.16505
9265,-0.1534
9266,-0.14563
9267,-0.13592
9268,-0.12621
9269,-0.1165
9270,-0.10874
9271,-0.099029
9272,-0.091262
9273,-0.083495
9274,-0.075728
9275,-0.066019
9276,-0.058252
9277,-0.050485
9278,-0.04466
9279,-0.036893
9280,-0.031068
9281,-0.025243
9282,-0.019417
9283,-0.015534
9284,-0.013592
9285,-0.0097087
9286,-0.007767
9287,-0.0058252
9288,-0.0038835
9289,0.0
9290,0.0038835
9291,0.007767
9292,0.013592
9293,0.019417
9294,0.029126
9295,0.038835
9296,0.052427
9297,0.066019
9298,0.085437
9299,0.10485
9300,0.1301
9301,0.15728
9302,0.18641
9303,0.21748
9304,0.25049
9305,0.2835
9306,0.31845
9307,0.35534
9308,0.39417
9309,0.43301
9310,0.47184
9311,0.51068
9312,0.54951
9313,0.58835
9314,0.62524
9315,0.66214
9316,0.69515
9317,0.7301
9318,0.75534
9319,0.78252
9320,0.80194
9321,0.82136
9322,0.83689
9323,0.85243
9324,0.86408
9325,0.87573
9326,0.88544
9327,0.89515
9328,0.90485
9329,0.91456
9330,0.92039
9331,0.92816
9332,0.93398
9333,0.93981
9334,0.94369
9335,0.94757
9336,0.94951
9337,0.95146
9338,0.9534
9339,0.95534
9340,0.95728
9341,0.95922
9342,0.96117
9343,0.96505
9344,0.96699
9345,0.97087
9346,0.9767
9347,0.98252
9348,0.99223
9349,1.0
9350,1.0097
9351,1.0214
9352,1.035
9353,1.0466
9354,1.0602
9355,1.0738
9356,1.0854
9357,1.099
9358,1.1107
9359,1.1204
9360,1.1301
9361,1.1398
9362,1.1476
9363,1.1553
9364,1.1631
9365,1.1689
9366,1.1748
9367,1.1786
9368,1.1825
9369,1.1864
9370,1.1883
9371,1.1903
9372,1.1903
9373,1.1903
9374,1.1883
9375,1.1864
9376,1.1806
9377,1.1748
9378,1.167
9379,1.1592
9380,1.1495
9381,1.1398
9382,1.1282
9383,1.1165
9384,1.1049
9385,1.0913
9386,1.0777
9387,1.0621
9388,1.0466
9389,1.0311
9390,1.0175
9391,1.0019
9392,0.98835
9393,0.97476
9394,0.96311
9395,0.95146
9396,0.94175
9397,0.93204
9398,0.92039
9399,0.91068
9400,0.89903
9401,0.88932
9402,0.87573
9403,0.86408
9404,0.84854
9405,0.83495
9406,0.82136
9407,0.80583
9408,0.79029
9409,0.77476
9410,0.75534
9411,0.73592
9412,0.71068
9413,0.68738
9414,0.65825
9415,0.62913
9416,0.59612
9417,0.56505
9418,0.5301
9419,0.49709
9420,0.46408
9421,0.43107
9422,0.39806
9423,0.36505
9424,0.33398
9425,0.30291
9426,0.27379
9427,0.24272
9428,0.21553
9429,0.18641
9430,0.16117
9431,0.13592
9432,0.11262
9433,0.08932
9434,0.069903
9435,0.050485
9436,0.03301
9437,0.017476
9438,0.0058252
9439,-0.0058252
9440,-0.013592
9441,-0.021359
9442,-0.025243
9443,-0.029126
9444,-0.031068
9445,-0.03301
9446,-0.03301
9447,-0.034951
9448,-0.034951
9449,-0.034951
9450,-0.034951
9451,-0.034951
9452,-0.034951
9453,-0.034951
9454,-0.034951
9455,-0.03301
9456,-0.031068
9457,-0.029126
9458,-0.025243
9459,-0.023301
9460,-0.019417
9461,-0.015534
9462,-0.013592
9463,-0.01165
9464,-0.0097087
9465,-0.007767
9466,-0.0038835
9467,-0.0019417
9468,0.0019417
9469,0.0038835
9470,0.007767
9471,0.01165
9472,0.015534
9473,0.019417
9474,0.021359
9475,0.025243
9476,0.027184
9477,0.029126
9478,0.029126
9479,0.031068
9480,0.031068
9481,0.03301
9482,0.03301
9483,0.03301
9484,0.034951
9485,0.034951
9486,0.038835
9487,0.040777
9488,0.04466
9489,0.046602
9490,0.050485
9491,0.054369
9492,0.056311
9493,0.060194
9494,0.062136
9495,0.066019
9496,0.067961
9497,0.071845
9498,0.073786
9499,0.075728
9500,0.075728
9501,0.07767
9502,0.073786
9503,0.071845
9504,0.066019
9505,0.060194
9506,0.048544
9507,0.038835
9508,0.023301
9509,0.007767
9510,-0.0097087
9511,-0.027184
9512,-0.046602
9513,-0.064078
9514,-0.083495
9515,-0.10097
9516,-0.11845
9517,-0.13592
9518,-0.1534
9519,-0.17087
9520,-0.18641
9521,-0.20388
9522,-0.21748
9523,-0.23301
9524,-0.24466
9525,-0.25825
9526,-0.26796
9527,-0.27767
9528,-0.28544
9529,-0.2932
9530,-0.29515
9531,-0.29903
9532,-0.29709
9533,-0.29709
9534,-0.29126
9535,-0.28738
9536,-0.27961
9537,-0.27184
9538,-0.26019
9539,-0.25049
9540,-0.23883
9541,-0.22718
9542,-0.21553
9543,-0.20388
9544,-0.19417
9545,-0.18252
9546,-0.17282
9547,-0.16311
9548,-0.1534
9549,-0.14369
9550,-0.13592
9551,-0.12621
9552,-0.1165
9553,-0.1068
9554,-0.097087
9555,-0.087379
9556,-0.079612
9557,-0.069903
9558,-0.062136
9559,-0.052427
9560,-0.04466
9561,-0.036893
9562,-0.029126
9563,-0.021359
9564,-0.015534
9565,-0.0097087
9566,-0.0038835
9567,0.0019417
9568,0.007767
9569,0.01165
9570,0.015534
9571,0.019417
9572,0.023301
9573,0.025243
9574,0.029126
9575,0.03301
9576,0.036893
9577,0.042718
9578,0.048544
9579,0.054369
9580,0.060194
9581,0.066019
9582,0.069903
9583,0.073786
9584,0.075728
9585,0.075728
9586,0.075728
9587,0.073786
9588,0.073786
9589,0.071845
9590,0.071845
9591,0.071845
9592,0.071845
9593,0.073786
9594,0.073786
9595,0.073786
9596,0.071845
9597,0.071845
9598,0.069903
9599,0.066019
9600,0.062136
9601,0.058252
9602,0.056311
9603,0.054369
9604,0.056311
9605,0.056311
9606,0.062136
9607,0.066019
9608,0.073786
9609,0.083495
9610,0.095146
9611,0.1068
9612,0.12233
9613,0.13786
9614,0.15534
9615,0.17476
9616,0.19417
9617,0.21553
9618,0.24078
9619,0.26602
9620,0.2932
9621,0.32039
9622,0.35146
9623,0.38252
9624,0.41553
9625,0.45049
9626,0.48738
9627,0.52427
9628,0.56311
9629,0.60194
9630,0.63883
9631,0.67767
9632,0.7165
9633,0.7534
9634,0.78835
9635,0.8233
9636,0.85437
9637,0.88738
9638,0.91262
9639,0.93981
9640,0.96117
9641,0.98447
9642,1.0019
9643,1.0214
9644,1.0388
9645,1.0563
9646,1.0718
9647,1.0893
9648,1.1029
9649,1.1184
9650,1.134
9651,1.1515
9652,1.167
9653,1.1825
9654,1.1961
9655,1.2117
9656,1.2252
9657,1.2388
9658,1.2505
9659,1.2621
9660,1.2738
9661,1.2835
9662,1.2932
9663,1.3029
9664,1.3107
9665,1.3204
9666,1.3282
9667,1.3359
9668,1.3417
9669,1.3476
9670,1.3534
9671,1.3573
9672,1.3592
9673,1.3612
9674,1.3612
9675,1.3592
9676,1.3534
9677,1.3495
9678,1.3417
9679,1.334
9680,1.3243
9681,1.3146
9682,1.3029
9683,1.2913
9684,1.2757
9685,1.2621
9686,1.2427
9687,1.2233
9688,1.2
9689,1.1748
9690,1.1456
9691,1.1184
9692,1.0854
9693,1.0524
9694,1.0175
9695,0.98252
9696,0.94563
9697,0.90874
9698,0.87184
9699,0.83495
9700,0.79806
9701,0.76117
9702,0.72427
9703,0.68932
9704,0.65243
9705,0.61748
9706,0.58252
9707,0.54951
9708,0.5165
9709,0.48544
9710,0.45631
9711,0.42718
9712,0.4
9713,0.37476
9714,0.35146
9715,0.3301
9716,0.31068
9717,0.2932
9718,0.27767
9719,0.26408
9720,0.25243
9721,0.24078
9722,0.23107
9723,0.2233
9724,0.21359
9725,0.20583
9726,0.19806
9727,0.19029
9728,0.18252
9729,0.1767
9730,0.16893
9731,0.16117
9732,0.15534
9733,0.14951
9734,0.14369
9735,0.13786
9736,0.13398
9737,0.1301
9738,0.12621
9739,0.12427
9740,0.12233
9741,0.11845
9742,0.1165
9743,0.11456
9744,0.11456
9745,0.11262
9746,0.11068
9747,0.10874
9748,0.1068
9749,0.10485
9750,0.10097
9751,0.099029
9752,0.095146
9753,0.093204
9754,0.08932
9755,0.085437
9756,0.081553
9757,0.07767
9758,0.073786
9759,0.071845
9760,0.067961
9761,0.066019
9762,0.064078
9763,0.064078
9764,0.064078
9765,0.062136
9766,0.064078
9767,0.064078
9768,0.066019
9769,0.067961
9770,0.067961
9771,0.067961
9772,0.067961
9773,0.067961
9774,0.067961
9775,0.069903
9776,0.069903
9777,0.069903
9778,0.067961
9779,0.064078
9780,0.058252
9781,0.050485
9782,0.038835
9783,0.027184
9784,0.0097087
9785,-0.007767
9786,-0.029126
9787,-0.048544
9788,-0.069903
9789,-0.093204
9790,-0.11456
9791,-0.13398
9792,-0.15534
9793,-0.17476
9794,-0.19417
9795,-0.21165
9796,-0.22913
9797,-0.2466
9798,-0.26019
9799,-0.27573
9800,-0.28738
9801,-0.30097
9802,-0.31068
9803,-0.32039
9804,-0.32621
9805,-0.33204
9806,-0.33592
9807,-0.33786
9808,-0.33786
9809,-0.33786
9810,-0.33204
9811,-0.32816
9812,-0.32039
9813,-0.31262
9814,-0.30097
9815,-0.29126
9816,-0.27961
9817,-0.26602
9818,-0.25437
9819,-0.24272
9820,-0.23301
9821,-0.22136
9822,-0.20971
9823,-0.2
9824,-0.19029
9825,-0.18058
9826,-0.17087
9827,-0.16117
9828,-0.14951
9829,-0.13981
9830,-0.1301
9831,-0.12233
9832,-0.11262
9833,-0.10485
9834,-0.095146
9835,-0.087379
9836,-0.07767
9837,-0.067961
9838,-0.060194
9839,-0.050485
9840,-0.042718
9841,-0.034951
9842,-0.027184
9843,-0.019417
9844,-0.013592
9845,-0.0058252
9846,-0.0019417
9847,0.0038835
9848,0.0058252
9849,0.0097087
9850,0.013592
9851,0.015534
9852,0.019417
9853,0.023301
9854,0.029126
9855,0.034951
9856,0.042718
9857,0.048544
9858,0.056311
9859,0.062136
9860,0.067961
9861,0.073786
9862,0.079612
9863,0.085437
9864,0.08932
9865,0.095146
9866,0.099029
9867,0.10291
9868,0.10485
9869,0.10874
9870,0.11068
9871,0.11262
9872,0.11262
9873,0.11262
9874,0.10485
9875,0.099029
9876,0.083495
9877,0.069903
9878,0.050485
9879,0.029126
9880,0.0058252
9881,-0.019417
9882,-0.04466
9883,-0.067961
9884,-0.091262
9885,-0.11456
9886,-0.13204
9887,-0.15146
9888,-0.16699
9889,-0.18252
9890,-0.19223
9891,-0.20194
9892,-0.20777
9893,-0.21165
9894,-0.20971
9895,-0.20777
9896,-0.19806
9897,-0.18835
9898,-0.17087
9899,-0.1534
9900,-0.1301
9901,-0.10485
9902,-0.073786
9903,-0.040777
9904,-0.0019417
9905,0.038835
9906,0.081553
9907,0.12621
9908,0.17282
9909,0.21942
9910,0.26796
9911,0.3165
9912,0.36505
9913,0.41359
9914,0.46019
9915,0.50874
9916,0.55534
9917,0.6
9918,0.64466
9919,0.68932
9920,0.7301
9921,0.77282
9922,0.81165
9923,0.85243
9924,0.88932
9925,0.92816
9926,0.96311
9927,1.0
9928,1.033
9929,1.068
9930,1.099
9931,1.1301
9932,1.1573
9933,1.1845
9934,1.2058
9935,1.2291
9936,1.2485
9937,1.268
9938,1.2835
9939,1.299
9940,1.3126
9941,1.3262
9942,1.3379
9943,1.3515
9944,1.3631
9945,1.3767
9946,1.3883
9947,1.4019
9948,1.4136
9949,1.4252
9950,1.435
9951,1.4466
9952,1.4544
9953,1.4621
9954,1.468
9955,1.4738
9956,1.4777
9957,1.4816
9958,1.4854
9959,1.4874
9960,1.4893
9961,1.4893
9962,1.4854
9963,1.4816
9964,1.4718
9965,1.4621
9966,1.4466
9967,1.4311
9968,1.4097
9969,1.3883
9970,1.3612
9971,1.334
9972,1.3029
9973,1.2718
9974,1.2388
9975,1.2058
9976,1.1689
9977,1.134
9978,1.0971
9979,1.0621
9980,1.0252
9981,0.98835
9982,0.95146
9983,0.9165
9984,0.87961
9985,0.84466
9986,0.81165
9987,0.77864
9988,0.74951
9989,0.71845
9990,0.69126
9991,0.66602
9992,0.64272
9993,0.61942
9994,0.6
9995,0.58058
9996,0.56505
9997,0.55146
9998,0.53786
9999,0.52621
10000,0.5165
10001,0.50874
10002,0.49903
10003,0.48932
10004,0.47767
10005,0.46796
10006,0.45825
10007,0.44854
10008,0.43883
10009,0.42718
10010,0.41942
10011,0.40971
10012,0.40194
10013,0.39223
10014,0.38447
10015,0.3767
10016,0.37087
10017,0.36311
10018,0.35534
10019,0.34951
10020,0.34175
10021,0.33592
10022,0.32816
10023,0.32233
10024,0.31456
10025,0.3068
10026,0.30097
10027,0.2932
10028,0.28738
10029,0.28155
10030,0.27573
10031,0.26796
10032,0.26214
10033,0.25631
10034,0.25049
10035,0.24272
10036,0.23689
10037,0.23107
10038,0.22524
10039,0.21942
10040,0.21359
10041,0.20777
10042,0.20388
10043,0.2
10044,0.19612
10045,0.19417
10046,0.19223
10047,0.18835
10048,0.18641
10049,0.18447
10050,0.18252
10051,0.17864
10052,0.17476
10053,0.17282
10054,0.16699
10055,0.16311
10056,0.15728
10057,0.15146
10058,0.14175
10059,0.13204
10060,0.1165
10061,0.10291
10062,0.083495
10063,0.066019
10064,0.04466
10065,0.023301
10066,0.0
10067,-0.021359
10068,-0.042718
10069,-0.064078
10070,-0.085437
10071,-0.10485
10072,-0.12621
10073,-0.14563
10074,-0.16311
10075,-0.18252
10076,-0.19806
10077,-0.21359
10078,-0.22718
10079,-0.24078
10080,-0.25243
10081,-0.26214
10082,-0.2699
10083,-0.27767
10084,-0.28155
10085,-0.28544
10086,-0.28738
10087,-0.28738
10088,-0.28544
10089,-0.2835
10090,-0.27767
10091,-0.27184
10092,-0.26408
10093,-0.25437
10094,-0.2466
10095,-0.23689
10096,-0.22524
10097,-0.21553
10098,-0.20583
10099,-0.19612
10100,-0.18835
10101,-0.17864
10102,-0.16893
10103,-0.16117
10104,-0.15146
10105,-0.14369
10106,-0.13398
10107,-0.12621
10108,-0.1165
10109,-0.10874
10110,-0.099029
10111,-0.091262
10112,-0.083495
10113,-0.073786
10114,-0.067961
10115,-0.060194
10116,-0.052427
10117,-0.04466
10118,-0.038835
10119,-0.03301
10120,-0.027184
10121,-0.021359
10122,-0.015534
10123,-0.01165
10124,-0.007767
10125,-0.0038835
10126,-0.0019417
10127,0.0019417
10128,0.0038835
10129,0.0058252
10130,0.0097087
10131,0.013592
10132,0.017476
10133,0.023301
10134,0.029126
10135,0.034951
10136,0.042718
10137,0.048544
10138,0.054369
10139,0.062136
10140,0.066019
10141,0.071845
10142,0.075728
10143,0.081553
10144,0.085437
10145,0.091262
10146,0.095146
10147,0.099029
10148,0.10097
10149,0.10291
10150,0.10097
10151,0.097087
10152,0.091262
10153,0.083495
10154,0.071845
10155,0.058252
10156,0.042718
10157,0.025243
10158,0.0058252
10159,-0.01165
10160,-0.03301
10161,-0.052427
10162,-0.069903
10163,-0.08932
10164,-0.1068
10165,-0.12427
10166,-0.13981
10167,-0.15534
10168,-0.17087
10169,-0.18641
10170,-0.2
10171,-0.21359
10172,-0.22524
10173,-0.23689
10174,-0.24466
10175,-0.25243
10176,-0.25825
10177,-0.26214
10178,-0.26408
10179,-0.26602
10180,-0.26602
10181,-0.26408
10182,-0.26019
10183,-0.25825
10184,-0.25243
10185,-0.2466
10186,-0.23883
10187,-0.23301
10188,-0.2233
10189,-0.21359
10190,-0.20194
10191,-0.19029
10192,-0.17476
10193,-0.16117
10194,-0.14369
10195,-0.12621
10196,-0.10485
10197,-0.083495
10198,-0.058252
10199,-0.03301
10200,-0.0038835
10201,0.025243
10202,0.060194
10203,0.095146
10204,0.13398
10205,0.17087
10206,0.21165
10207,0.25243
10208,0.29515
10209,0.33786
10210,0.38252
10211,0.42524
10212,0.4699
10213,0.51456
10214,0.55728
10215,0.60194
10216,0.64466
10217,0.68738
10218,0.7301
10219,0.77087
10220,0.81165
10221,0.85243
10222,0.89126
10223,0.93204
10224,0.97087
10225,1.0117
10226,1.0505
10227,1.0874
10228,1.1243
10229,1.1612
10230,1.1942
10231,1.2272
10232,1.2583
10233,1.2874
10234,1.3146
10235,1.3417
10236,1.365
10237,1.3883
10238,1.4058
10239,1.4233
10240,1.433
10241,1.4447
10242,1.4466
10243,1.4505
10244,1.4466
10245,1.4408
10246,1.4311
10247,1.4214
10248,1.4078
10249,1.3942
10250,1.3786
10251,1.365
10252,1.3495
10253,1.334
10254,1.3184
10255,1.3029
10256,1.2874
10257,1.2718
10258,1.2563
10259,1.2408
10260,1.2252
10261,1.2097
10262,1.1942
10263,1.1806
10264,1.167
10265,1.1534
10266,1.1398
10267,1.1282
10268,1.1146
10269,1.1029
10270,1.0913
10271,1.0796
10272,1.0718
10273,1.0621
10274,1.0544
10275,1.0466
10276,1.0388
10277,1.033
10278,1.0252
10279,1.0194
10280,1.0117
10281,1.0039
10282,0.99417
10283,0.98447
10284,0.97282
10285,0.96117
10286,0.94951
10287,0.93786
10288,0.92427
10289,0.91262
10290,0.90097
10291,0.88932
10292,0.87767
10293,0.86796
10294,0.85825
10295,0.84854
10296,0.83883
10297,0.82913
10298,0.81748
10299,0.80777
10300,0.79612
10301,0.78447
10302,0.77476
10303,0.76311
10304,0.75146
10305,0.73981
10306,0.72816
10307,0.7165
10308,0.70485
10309,0.69126
10310,0.67961
10311,0.66602
10312,0.65243
10313,0.63883
10314,0.6233
10315,0.60971
10316,0.59417
10317,0.58058
10318,0.56699
10319,0.55534
10320,0.54175
10321,0.5301
10322,0.52039
10323,0.51068
10324,0.50097
10325,0.4932
10326,0.4835
10327,0.47573
10328,0.46602
10329,0.45631
10330,0.4466
10331,0.43883
10332,0.42913
10333,0.41942
10334,0.41165
10335,0.40194
10336,0.39029
10337,0.38058
10338,0.36505
10339,0.34951
10340,0.32816
10341,0.3068
10342,0.28155
10343,0.25631
10344,0.23107
10345,0.20388
10346,0.1767
10347,0.14757
10348,0.12039
10349,0.093204
10350,0.066019
10351,0.040777
10352,0.015534
10353,-0.007767
10354,-0.031068
10355,-0.054369
10356,-0.073786
10357,-0.095146
10358,-0.11262
10359,-0.1301
10360,-0.14369
10361,-0.15922
10362,-0.17087
10363,-0.18058
10364,-0.18835
10365,-0.19612
10366,-0.19806
10367,-0.2
10368,-0.19806
10369,-0.19612
10370,-0.19223
10371,-0.18641
10372,-0.18058
10373,-0.17282
10374,-0.16505
10375,-0.15922
10376,-0.15146
10377,-0.14563
10378,-0.13981
10379,-0.13204
10380,-0.12621
10381,-0.12039
10382,-0.11456
10383,-0.10874
10384,-0.10097
10385,-0.095146
10386,-0.08932
10387,-0.081553
10388,-0.075728
10389,-0.069903
10390,-0.062136
10391,-0.054369
10392,-0.046602
10393,-0.038835
10394,-0.03301
10395,-0.025243
10396,-0.019417
10397,-0.01165
10398,-0.007767
10399,-0.0019417
10400,0.0
10401,0.0038835
10402,0.007767
10403,0.0097087
10404,0.013592
10405,0.015534
10406,0.017476
10407,0.021359
10408,0.023301
10409,0.027184
10410,0.031068
10411,0.034951
10412,0.040777
10413,0.04466
10414,0.050485
10415,0.054369
10416,0.060194
10417,0.064078
10418,0.067961
10419,0.071845
10420,0.073786
10421,0.07767
10422,0.079612
10423,0.083495
10424,0.087379
10425,0.091262
10426,0.093204
10427,0.095146
10428,0.095146
10429,0.095146
10430,0.08932
10431,0.085437
10432,0.075728
10433,0.066019
10434,0.050485
10435,0.034951
10436,0.017476
10437,-0.0019417
10438,-0.019417
10439,-0.038835
10440,-0.058252
10441,-0.07767
10442,-0.095146
10443,-0.11262
10444,-0.1301
10445,-0.14563
10446,-0.16117
10447,-0.1767
10448,-0.19223
10449,-0.20583
10450,-0.21748
10451,-0.22913
10452,-0.23883
10453,-0.2466
10454,-0.25243
10455,-0.25825
10456,-0.26019
10457,-0.26214
10458,-0.26214
10459,-0.26019
10460,-0.25437
10461,-0.25049
10462,-0.24078
10463,-0.23301
10464,-0.22136
10465,-0.21165
10466,-0.2
10467,-0.18835
10468,-0.1767
10469,-0.16699
10470,-0.15534
10471,-0.14563
10472,-0.13398
10473,-0.12427
10474,-0.11456
10475,-0.10485
10476,-0.093204
10477,-0.083495
10478,-0.073786
10479,-0.064078
10480,-0.054369
10481,-0.04466
10482,-0.034951
10483,-0.025243
10484,-0.017476
10485,-0.007767
10486,-0.0019417
10487,0.0058252
10488,0.01165
10489,0.017476
10490,0.023301
10491,0.027184
10492,0.029126
10493,0.03301
10494,0.03301
10495,0.034951
10496,0.034951
10497,0.036893
10498,0.038835
10499,0.040777
10500,0.042718
10501,0.046602
10502,0.056311
10503,0.064078
10504,0.075728
10505,0.08932
10506,0.1068
10507,0.12621
10508,0.14951
10509,0.17282
10510,0.2
10511,0.22718
10512,0.25825
10513,0.28932
10514,0.32233
10515,0.35728
10516,0.39223
10517,0.42718
10518,0.46019
10519,0.4932
10520,0.52427
10521,0.5534
10522,0.5767
10523,0.60194
10524,0.61942
10525,0.63689
10526,0.65049
10527,0.66602
10528,0.67767
10529,0.68932
10530,0.69903
10531,0.71068
10532,0.72039
10533,0.7301
10534,0.74175
10535,0.75146
10536,0.76117
10537,0.77282
10538,0.78447
10539,0.79417
10540,0.80583
10541,0.81748
10542,0.82718
10543,0.83689
10544,0.8466
10545,0.85631
10546,0.86602
10547,0.87573
10548,0.88544
10549,0.89515
10550,0.9068
10551,0.91845
10552,0.93204
10553,0.94369
10554,0.95922
10555,0.97282
10556,0.99029
10557,1.0058
10558,1.0214
10559,1.0369
10560,1.0505
10561,1.066
10562,1.0777
10563,1.0913
10564,1.1049
10565,1.1184
10566,1.1282
10567,1.1398
10568,1.1515
10569,1.1612
10570,1.1709
10571,1.1806
10572,1.1883
10573,1.1961
10574,1.2039
10575,1.2097
10576,1.2155
10577,1.2214
10578,1.2233
10579,1.2272
10580,1.2272
10581,1.2272
10582,1.2252
10583,1.2233
10584,1.2194
10585,1.2155
10586,1.2078
10587,1.2019
10588,1.1922
10589,1.1825
10590,1.1709
10591,1.1592
10592,1.1456
10593,1.132
10594,1.1184
10595,1.1068
10596,1.0932
10597,1.0796
10598,1.068
10599,1.0563
10600,1.0447
10601,1.033
10602,1.0194
10603,1.0078
10604,0.99417
10605,0.98058
10606,0.96699
10607,0.9534
10608,0.93981
10609,0.92816
10610,0.91262
10611,0.89709
10612,0.87961
10613,0.86019
10614,0.83689
10615,0.81359
10616,0.78641
10617,0.75728
10618,0.72621
10619,0.6932
10620,0.66019
10621,0.62524
10622,0.59029
10623,0.55534
10624,0.52039
10625,0.48544
10626,0.45049
10627,0.41748
10628,0.38252
10629,0.34951
10630,0.3165
10631,0.28544
10632,0.25437
10633,0.22524
10634,0.2
10635,0.17282
10636,0.14951
10637,0.12816
10638,0.10874
10639,0.091262
10640,0.075728
10641,0.060194
10642,0.050485
10643,0.038835
10644,0.03301
10645,0.025243
10646,0.021359
10647,0.017476
10648,0.015534
10649,0.013592
10650,0.013592
10651,0.01165
10652,0.01165
10653,0.01165
10654,0.0097087
10655,0.0097087
10656,0.007767
10657,0.007767
10658,0.007767
10659,0.007767
10660,0.0097087
10661,0.01165
10662,0.01165
10663,0.013592
10664,0.015534
10665,0.017476
10666,0.019417
10667,0.021359
10668,0.023301
10669,0.025243
10670,0.027184
10671,0.029126
10672,0.029126
10673,0.031068
10674,0.031068
10675,0.03301
10676,0.034951
10677,0.036893
10678,0.036893
10679,0.036893
10680,0.036893
10681,0.036893
10682,0.036893
10683,0.038835
10684,0.038835
10685,0.040777
10686,0.040777
10687,0.042718
10688,0.046602
10689,0.048544
10690,0.050485
10691,0.054369
10692,0.058252
10693,0.060194
10694,0.064078
10695,0.066019
10696,0.067961
10697,0.069903
10698,0.071845
10699,0.075728
10700,0.07767
10701,0.081553
10702,0.081553
10703,0.081553
10704,0.07767
10705,0.075728
10706,0.066019
10707,0.056311
10708,0.042718
10709,0.027184
10710,0.0097087
10711,-0.007767
10712,-0.027184
10713,-0.046602
10714,-0.066019
10715,-0.085437
10716,-0.10485
10717,-0.12427
10718,-0.14175
10719,-0.15922
10720,-0.17476
10721,-0.19029
10722,-0.20583
10723,-0.22136
10724,-0.23301
10725,-0.2466
10726,-0.25825
10727,-0.26796
10728,-0.27573
10729,-0.28544
10730,-0.28932
10731,-0.2932
10732,-0.2932
10733,-0.29515
10734,-0.29126
10735,-0.28738
10736,-0.28155
10737,-0.27573
10738,-0.26602
10739,-0.25825
10740,-0.2466
10741,-0.23689
10742,-0.22524
10743,-0.21553
10744,-0.20388
10745,-0.19417
10746,-0.18447
10747,-0.17476
10748,-0.16699
10749,-0.15728
10750,-0.14757
10751,-0.13981
10752,-0.1301
10753,-0.12233
10754,-0.11262
10755,-0.10291
10756,-0.095146
10757,-0.085437
10758,-0.075728
10759,-0.066019
10760,-0.056311
10761,-0.046602
10762,-0.038835
10763,-0.031068
10764,-0.025243
10765,-0.017476
10766,-0.013592
10767,-0.007767
10768,-0.0019417
10769,0.0019417
10770,0.0058252
10771,0.01165
10772,0.015534
10773,0.019417
10774,0.023301
10775,0.027184
10776,0.03301
10777,0.038835
10778,0.04466
10779,0.050485
10780,0.056311
10781,0.064078
10782,0.069903
10783,0.07767
10784,0.083495
10785,0.08932
10786,0.093204
10787,0.099029
10788,0.10097
10789,0.10485
10790,0.10874
10791,0.11262
10792,0.1165
10793,0.12039
10794,0.12427
10795,0.12621
10796,0.12816
10797,0.12816
10798,0.12427
10799,0.11845
10800,0.1068
10801,0.095146
10802,0.079612
10803,0.064078
10804,0.04466
10805,0.025243
10806,0.0038835
10807,-0.017476
10808,-0.040777
10809,-0.064078
10810,-0.085437
10811,-0.10874
10812,-0.1301
10813,-0.15146
10814,-0.17087
10815,-0.19029
10816,-0.20583
10817,-0.22136
10818,-0.23107
10819,-0.24272
10820,-0.24854
10821,-0.25437
10822,-0.25243
10823,-0.25049
10824,-0.24078
10825,-0.23107
10826,-0.21359
10827,-0.19417
10828,-0.16893
10829,-0.14175
10830,-0.1068
10831,-0.073786
10832,-0.031068
10833,0.0097087
10834,0.054369
10835,0.099029
10836,0.14757
10837,0.19417
10838,0.24272
10839,0.29126
10840,0.33786
10841,0.38641
10842,0.43301
10843,0.47961
10844,0.52621
10845,0.57282
10846,0.61553
10847,0.66019
10848,0.70291
10849,0.74563
10850,0.78641
10851,0.82718
10852,0.86796
10853,0.9068
10854,0.94369
10855,0.98058
10856,1.0175
10857,1.0524
10858,1.0854
10859,1.1184
10860,1.1495
10861,1.1806
10862,1.2078
10863,1.235
10864,1.2602
10865,1.2854
10866,1.3068
10867,1.3301
10868,1.3495
10869,1.3689
10870,1.3864
10871,1.4019
10872,1.4175
10873,1.4311
10874,1.4427
10875,1.4544
10876,1.4641
10877,1.4718
10878,1.4796
10879,1.4874
10880,1.4913
10881,1.4932
10882,1.4932
10883,1.4932
10884,1.4932
10885,1.4932
10886,1.4932
10887,1.4932
10888,1.4932
10889,1.4932
10890,1.4932
10891,1.4932
10892,1.4816
10893,1.4699
10894,1.4524
10895,1.435
10896,1.4136
10897,1.3942
10898,1.3728
10899,1.3495
10900,1.3262
10901,1.301
10902,1.2757
10903,1.2485
10904,1.2214
10905,1.1922
10906,1.1631
10907,1.132
10908,1.101
10909,1.0699
10910,1.0388
10911,1.0078
10912,0.97864
10913,0.94951
10914,0.92233
10915,0.89515
10916,0.8699
10917,0.84466
10918,0.82524
10919,0.80388
10920,0.78835
10921,0.77087
10922,0.75922
10923,0.74563
10924,0.73592
10925,0.72427
10926,0.71456
10927,0.70485
10928,0.6932
10929,0.6835
10930,0.67184
10931,0.66019
10932,0.64854
10933,0.63689
10934,0.62524
10935,0.61553
10936,0.60388
10937,0.59417
10938,0.58447
10939,0.57476
10940,0.56505
10941,0.55534
10942,0.54563
10943,0.53592
10944,0.52427
10945,0.51456
10946,0.50485
10947,0.49515
10948,0.48544
10949,0.47573
10950,0.46602
10951,0.45631
10952,0.44466
10953,0.43495
10954,0.42524
10955,0.41359
10956,0.40388
10957,0.39417
10958,0.38447
10959,0.3767
10960,0.36699
10961,0.35728
10962,0.34951
10963,0.34369
10964,0.33592
10965,0.3301
10966,0.32427
10967,0.32039
10968,0.31456
10969,0.31068
10970,0.3068
10971,0.30291
10972,0.29709
10973,0.2932
10974,0.28738
10975,0.2835
10976,0.27767
10977,0.27184
10978,0.26602
10979,0.26019
10980,0.25243
10981,0.24466
10982,0.23107
10983,0.21942
10984,0.20388
10985,0.18835
10986,0.16699
10987,0.14757
10988,0.12427
10989,0.10097
10990,0.07767
10991,0.054369
10992,0.029126
10993,0.0058252
10994,-0.017476
10995,-0.038835
10996,-0.060194
10997,-0.081553
10998,-0.099029
10999,-0.11845
11000,-0.13592
11001,-0.1534
11002,-0.16893
11003,-0.18252
11004,-0.19612
11005,-0.20777
11006,-0.21748
11007,-0.22718
11008,-0.23301
11009,-0.24078
11010,-0.24272
11011,-0.24466
11012,-0.24466
11013,-0.24272
11014,-0.23883
11015,-0.23495
11016,-0.22913
11017,-0.22136
11018,-0.21553
11019,-0.20777
11020,-0.2
11021,-0.19223
11022,-0.18447
11023,-0.1767
11024,-0.17087
11025,-0.16311
11026,-0.15534
11027,-0.14757
11028,-0.13981
11029,-0.13204
11030,-0.12233
11031,-0.11456
11032,-0.1068
11033,-0.099029
11034,-0.08932
11035,-0.079612
11036,-0.069903
11037,-0.060194
11038,-0.052427
11039,-0.042718
11040,-0.034951
11041,-0.025243
11042,-0.017476
11043,-0.01165
11044,-0.0058252
11045,0.0019417
11046,0.0058252
11047,0.0097087
11048,0.013592
11049,0.017476
11050,0.019417
11051,0.023301
11052,0.025243
11053,0.027184
11054,0.031068
11055,0.034951
11056,0.038835
11057,0.042718
11058,0.046602
11059,0.052427
11060,0.058252
11061,0.062136
11062,0.067961
11063,0.071845
11064,0.075728
11065,0.079612
11066,0.083495
11067,0.087379
11068,0.08932
11069,0.091262
11070,0.093204
11071,0.097087
11072,0.099029
11073,0.10097
11074,0.099029
11075,0.097087
11076,0.091262
11077,0.083495
11078,0.069903
11079,0.058252
11080,0.040777
11081,0.023301
11082,0.0038835
11083,-0.013592
11084,-0.03301
11085,-0.050485
11086,-0.069903
11087,-0.087379
11088,-0.10485
11089,-0.12233
11090,-0.13786
11091,-0.1534
11092,-0.16699
11093,-0.18058
11094,-0.19223
11095,-0.20388
11096,-0.21553
11097,-0.22524
11098,-0.23301
11099,-0.24078
11100,-0.2466
11101,-0.25243
11102,-0.25243
11103,-0.25437
11104,-0.25049
11105,-0.24854
11106,-0.24272
11107,-0.23495
11108,-0.22524
11109,-0.21553
11110,-0.20583
11111,-0.19612
11112,-0.18835
11113,-0.17864
11114,-0.17087
11115,-0.16311
11116,-0.15728
11117,-0.15146
11118,-0.14369
11119,-0.13786
11120,-0.12816
11121,-0.11845
11122,-0.1068
11123,-0.097087
11124,-0.083495
11125,-0.067961
11126,-0.050485
11127,-0.03301
11128,-0.013592
11129,0.007767
11130,0.03301
11131,0.056311
11132,0.083495
11133,0.11068
11134,0.14175
11135,0.17282
11136,0.20777
11137,0.24272
11138,0.27961
11139,0.3165
11140,0.35534
11141,0.39417
11142,0.43495
11143,0.47379
11144,0.51262
11145,0.55146
11146,0.59223
11147,0.63301
11148,0.67379
11149,0.7165
11150,0.75728
11151,0.79806
11152,0.83689
11153,0.87767
11154,0.9165
11155,0.95534
11156,0.99223
11157,1.0311
11158,1.0641
11159,1.099
11160,1.132
11161,1.1631
11162,1.1883
11163,1.2155
11164,1.235
11165,1.2544
11166,1.2641
11167,1.2718
11168,1.2718
11169,1.2699
11170,1.2641
11171,1.2583
11172,1.2466
11173,1.2369
11174,1.2233
11175,1.2117
11176,1.1981
11177,1.1845
11178,1.1728
11179,1.1592
11180,1.1476
11181,1.1359
11182,1.1243
11183,1.1126
11184,1.101
11185,1.0893
11186,1.0777
11187,1.066
11188,1.0563
11189,1.0466
11190,1.0408
11191,1.033
11192,1.0272
11193,1.0214
11194,1.0175
11195,1.0155
11196,1.0136
11197,1.0117
11198,1.0097
11199,1.0097
11200,1.0097
11201,1.0117
11202,1.0117
11203,1.0117
11204,1.0117
11205,1.0117
11206,1.0078
11207,1.0039
11208,0.99806
11209,0.99223
11210,0.98447
11211,0.97864
11212,0.97087
11213,0.96311
11214,0.95534
11215,0.94757
11216,0.93981
11217,0.9301
11218,0.92233
11219,0.91456
11220,0.9068
11221,0.90097
11222,0.8932
11223,0.88544
11224,0.87767
11225,0.87184
11226,0.86408
11227,0.85631
11228,0.84854
11229,0.84078
11230,0.83107
11231,0.82136
11232,0.81165
11233,0.80194
11234,0.79029
11235,0.78058
11236,0.77087
11237,0.76117
11238,0.74951
11239,0.73786
11240,0.72621
11241,0.71262
11242,0.70097
11243,0.68932
11244,0.67767
11245,0.66602
11246,0.65437
11247,0.64466
11248,0.63495
11249,0.62524
11250,0.61553
11251,0.60583
11252,0.59417
11253,0.58447
11254,0.57476
11255,0.56505
11256,0.55534
11257,0.54563
11258,0.53398
11259,0.52233
11260,0.5068
11261,0.4932
11262,0.47184
11263,0.45243
11264,0.42718
11265,0.40194
11266,0.37476
11267,0.34757
11268,0.3165
11269,0.28738
11270,0.25825
11271,0.22913
11272,0.20194
11273,0.17282
11274,0.14563
11275,0.11845
11276,0.091262
11277,0.064078
11278,0.040777
11279,0.015534
11280,-0.007767
11281,-0.029126
11282,-0.048544
11283,-0.067961
11284,-0.083495
11285,-0.099029
11286,-0.11068
11287,-0.12233
11288,-0.1301
11289,-0.13786
11290,-0.14175
11291,-0.14563
11292,-0.14563
11293,-0.14369
11294,-0.13981
11295,-0.13592
11296,-0.1301
11297,-0.12233
11298,-0.1165
11299,-0.11068
11300,-0.10485
11301,-0.099029
11302,-0.095146
11303,-0.08932
11304,-0.083495
11305,-0.07767
11306,-0.071845
11307,-0.067961
11308,-0.062136
11309,-0.058252
11310,-0.052427
11311,-0.046602
11312,-0.042718
11313,-0.036893
11314,-0.031068
11315,-0.027184
11316,-0.023301
11317,-0.017476
11318,-0.013592
11319,-0.0097087
11320,-0.0058252
11321,0.0
11322,0.0038835
11323,0.0097087
11324,0.013592
11325,0.017476
11326,0.021359
11327,0.023301
11328,0.025243
11329,0.027184
11330,0.029126
11331,0.031068
11332,0.03301
11333,0.034951
11334,0.038835
11335,0.042718
11336,0.048544
11337,0.052427
11338,0.058252
11339,0.062136
11340,0.067961
11341,0.071845
11342,0.075728
11343,0.081553
11344,0.085437
11345,0.08932
11346,0.093204
11347,0.097087
11348,0.10097
11349,0.10485
11350,0.10485
11351,0.10485
11352,0.10291
11353,0.10097
11354,0.093204
11355,0.085437
11356,0.071845
11357,0.058252
11358,0.040777
11359,0.023301
11360,0.0038835
11361,-0.015534
11362,-0.034951
11363,-0.056311
11364,-0.075728
11365,-0.093204
11366,-0.11262
11367,-0.1301
11368,-0.14757
11369,-0.16311
11370,-0.17864
11371,-0.19417
11372,-0.20777
11373,-0.22136
11374,-0.23301
11375,-0.24272
11376,-0.25243
11377,-0.26019
11378,-0.26602
11379,-0.2699
11380,-0.27184
11381,-0.27184
11382,-0.26796
11383,-0.26602
11384,-0.25825
11385,-0.25049
11386,-0.24078
11387,-0.23107
11388,-0.21942
11389,-0.20777
11390,-0.19806
11391,-0.18641
11392,-0.1767
11393,-0.16699
11394,-0.15728
11395,-0.14757
11396,-0.13786
11397,-0.12816
11398,-0.11845
11399,-0.11068
11400,-0.10097
11401,-0.093204
11402,-0.085437
11403,-0.079612
11404,-0.073786
11405,-0.067961
11406,-0.064078
11407,-0.060194
11408,-0.056311
11409,-0.052427
11410,-0.048544
11411,-0.04466
11412,-0.040777
11413,-0.034951
11414,-0.029126
11415,-0.023301
11416,-0.015534
11417,-0.0058252
11418,0.0058252
11419,0.017476
11420,0.03301
11421,0.050485
11422,0.071845
11423,0.093204
11424,0.12039
11425,0.14757
11426,0.18252
11427,0.21553
11428,0.25437
11429,0.2932
11430,0.33592
11431,0.3767
11432,0.41942
11433,0.46214
11434,0.50291
11435,0.54563
11436,0.58641
11437,0.62718
11438,0.66796
11439,0.7068
11440,0.74563
11441,0.78252
11442,0.81553
11443,0.85049
11444,0.87767
11445,0.9068
11446,0.92621
11447,0.94757
11448,0.96117
11449,0.9767
11450,0.98641
11451,0.99612
11452,1.0039
11453,1.0117
11454,1.0175
11455,1.0214
11456,1.0252
11457,1.0291
11458,1.0311
11459,1.0311
11460,1.0311
11461,1.0311
11462,1.0291
11463,1.0272
11464,1.0233
11465,1.0214
11466,1.0175
11467,1.0136
11468,1.0117
11469,1.0117
11470,1.0117
11471,1.0136
11472,1.0175
11473,1.0214
11474,1.0291
11475,1.0369
11476,1.0485
11477,1.0583
11478,1.0718
11479,1.0854
11480,1.099
11481,1.1146
11482,1.1282
11483,1.1417
11484,1.1553
11485,1.1689
11486,1.1806
11487,1.1942
11488,1.2039
11489,1.2155
11490,1.2233
11491,1.233
11492,1.2408
11493,1.2485
11494,1.2524
11495,1.2583
11496,1.2621
11497,1.2641
11498,1.266
11499,1.266
11500,1.2641
11501,1.2641
11502,1.2602
11503,1.2583
11504,1.2524
11505,1.2485
11506,1.2408
11507,1.233
11508,1.2233
11509,1.2117
11510,1.2
11511,1.1883
11512,1.1748
11513,1.1612
11514,1.1456
11515,1.1301
11516,1.1165
11517,1.101
11518,1.0854
11519,1.0699
11520,1.0563
11521,1.0408
11522,1.0272
11523,1.0155
11524,1.0039
11525,0.99223
11526,0.97864
11527,0.96505
11528,0.95146
11529,0.93786
11530,0.92427
11531,0.91068
11532,0.89515
11533,0.87961
11534,0.86214
11535,0.8466
11536,0.82718
11537,0.80777
11538,0.78447
11539,0.75922
11540,0.7301
11541,0.70097
11542,0.6699
11543,0.63883
11544,0.60388
11545,0.57087
11546,0.53592
11547,0.50291
11548,0.46796
11549,0.43495
11550,0.4
11551,0.36699
11552,0.33398
11553,0.30291
11554,0.27184
11555,0.24272
11556,0.21359
11557,0.18641
11558,0.16117
11559,0.13592
11560,0.11262
11561,0.091262
11562,0.073786
11563,0.054369
11564,0.040777
11565,0.025243
11566,0.015534
11567,0.0038835
11568,-0.0019417
11569,-0.0097087
11570,-0.013592
11571,-0.017476
11572,-0.021359
11573,-0.023301
11574,-0.023301
11575,-0.025243
11576,-0.025243
11577,-0.027184
11578,-0.027184
11579,-0.029126
11580,-0.031068
11581,-0.031068
11582,-0.031068
11583,-0.031068
11584,-0.029126
11585,-0.027184
11586,-0.025243
11587,-0.023301
11588,-0.019417
11589,-0.017476
11590,-0.015534
11591,-0.013592
11592,-0.01165
11593,-0.0097087
11594,-0.007767
11595,-0.0058252
11596,-0.0038835
11597,-0.0019417
11598,0.0
11599,0.0
11600,0.0019417
11601,0.0019417
11602,0.0038835
11603,0.0038835
11604,0.0038835
11605,0.0058252
11606,0.0058252
11607,0.007767
11608,0.007767
11609,0.0097087
11610,0.01165
11611,0.015534
11612,0.019417
11613,0.023301
11614,0.025243
11615,0.029126
11616,0.03301
11617,0.034951
11618,0.038835
11619,0.040777
11620,0.04466
11621,0.046602
11622,0.050485
11623,0.052427
11624,0.054369
11625,0.056311
11626,0.058252
11627,0.058252
11628,0.056311
11629,0.056311
11630,0.048544
11631,0.042718
11632,0.031068
11633,0.019417
11634,0.0038835
11635,-0.01165
11636,-0.031068
11637,-0.050485
11638,-0.069903
11639,-0.08932
11640,-0.10874
11641,-0.12816
11642,-0.14563
11643,-0.16311
11644,-0.18058
11645,-0.19612
11646,-0.21165
11647,-0.22718
11648,-0.24078
11649,-0.25243
11650,-0.26408
11651,-0.27379
11652,-0.2835
11653,-0.29126
11654,-0.29709
11655,-0.30291
11656,-0.30485
11657,-0.3068
11658,-0.30485
11659,-0.30291
11660,-0.29903
11661,-0.2932
11662,-0.28544
11663,-0.27573
11664,-0.26602
11665,-0.25631
11666,-0.24466
11667,-0.23495
11668,-0.22524
11669,-0.21359
11670,-0.20388
11671,-0.19417
11672,-0.18447
11673,-0.17282
11674,-0.16311
11675,-0.1534
11676,-0.14369
11677,-0.13204
11678,-0.12233
11679,-0.11262
11680,-0.10291
11681,-0.093204
11682,-0.085437
11683,-0.075728
11684,-0.067961
11685,-0.060194
11686,-0.052427
11687,-0.046602
11688,-0.042718
11689,-0.038835
11690,-0.036893
11691,-0.03301
11692,-0.031068
11693,-0.029126
11694,-0.027184
11695,-0.025243
11696,-0.023301
11697,-0.021359
11698,-0.017476
11699,-0.013592
11700,-0.007767
11701,-0.0019417
11702,0.0097087
11703,0.021359
11704,0.038835
11705,0.056311
11706,0.081553
11707,0.10485
11708,0.13398
11709,0.16311
11710,0.19612
11711,0.23107
11712,0.26602
11713,0.30291
11714,0.33981
11715,0.37864
11716,0.41553
11717,0.45437
11718,0.48932
11719,0.52427
11720,0.55728
11721,0.59029
11722,0.61359
11723,0.63883
11724,0.65825
11725,0.67767
11726,0.69126
11727,0.7068
11728,0.71845
11729,0.7301
11730,0.74175
11731,0.7534
11732,0.76505
11733,0.7767
11734,0.78835
11735,0.8
11736,0.81165
11737,0.8233
11738,0.83495
11739,0.84466
11740,0.85437
11741,0.86602
11742,0.87573
11743,0.88544
11744,0.8932
11745,0.90291
11746,0.91262
11747,0.92039
11748,0.9301
11749,0.93786
11750,0.94951
11751,0.95922
11752,0.97087
11753,0.98252
11754,0.99612
11755,1.0117
11756,1.0272
11757,1.0447
11758,1.0621
11759,1.0796
11760,1.0971
11761,1.1146
11762,1.1301
11763,1.1456
11764,1.1612
11765,1.1767
11766,1.1903
11767,1.2039
11768,1.2175
11769,1.2311
11770,1.2427
11771,1.2544
11772,1.2641
11773,1.2738
11774,1.2835
11775,1.2913
11776,1.2971
11777,1.3029
11778,1.3049
11779,1.3068
11780,1.3068
11781,1.3068
11782,1.301
11783,1.2971
11784,1.2913
11785,1.2854
11786,1.2757
11787,1.266
11788,1.2544
11789,1.2408
11790,1.2272
11791,1.2117
11792,1.1961
11793,1.1806
11794,1.1631
11795,1.1476
11796,1.132
11797,1.1146
11798,1.101
11799,1.0874
11800,1.0757
11801,1.0641
11802,1.0505
11803,1.0388
11804,1.0252
11805,1.0117
11806,0.99612
11807,0.98252
11808,0.96893
11809,0.95534
11810,0.93786
11811,0.92233
11812,0.90291
11813,0.88544
11814,0.86214
11815,0.83883
11816,0.80971
11817,0.78252
11818,0.75146
11819,0.71845
11820,0.6835
11821,0.65049
11822,0.61359
11823,0.57864
11824,0.54369
11825,0.50874
11826,0.47184
11827,0.43689
11828,0.40194
11829,0.36699
11830,0.33398
11831,0.30097
11832,0.2699
11833,0.24078
11834,0.21165
11835,0.18447
11836,0.15922
11837,0.13398
11838,0.11456
11839,0.095146
11840,0.079612
11841,0.064078
11842,0.052427
11843,0.042718
11844,0.034951
11845,0.029126
11846,0.023301
11847,0.019417
11848,0.017476
11849,0.015534
11850,0.013592
11851,0.01165
11852,0.0097087
11853,0.007767
11854,0.0058252
11855,0.0038835
11856,0.0019417
11857,0.0019417
11858,0.0
11859,0.0
11860,-0.0019417
11861,-0.0019417
11862,-0.0019417
11863,-0.0019417
11864,-0.0019417
11865,0.0
11866,0.0
11867,0.0019417
11868,0.0019417
11869,0.0038835
11870,0.0058252
11871,0.0058252
11872,0.0058252
11873,0.007767
11874,0.007767
11875,0.007767
11876,0.007767
11877,0.0097087
11878,0.007767
11879,0.007767
11880,0.007767
11881,0.007767
11882,0.0058252
11883,0.0058252
11884,0.007767
11885,0.007767
11886,0.0097087
11887,0.01165
11888,0.013592
11889,0.015534
11890,0.017476
11891,0.019417
11892,0.021359
11893,0.025243
11894,0.025243
11895,0.027184
11896,0.029126
11897,0.031068
11898,0.03301
11899,0.03301
11900,0.034951
11901,0.036893
11902,0.034951
11903,0.034951
11904,0.031068
11905,0.027184
11906,0.017476
11907,0.007767
11908,-0.0058252
11909,-0.019417
11910,-0.036893
11911,-0.054369
11912,-0.075728
11913,-0.095146
11914,-0.11456
11915,-0.13398
11916,-0.15146
11917,-0.17087
11918,-0.18835
11919,-0.20388
11920,-0.21942
11921,-0.23495
11922,-0.24854
11923,-0.26214
11924,-0.27379
11925,-0.28544
11926,-0.29709
11927,-0.3068
11928,-0.31456
11929,-0.32427
11930,-0.32816
11931,-0.33204
11932,-0.33204
11933,-0.33398
11934,-0.3301
11935,-0.32816
11936,-0.32233
11937,-0.3165
11938,-0.30874
11939,-0.29903
11940,-0.28932
11941,-0.27767
11942,-0.26602
11943,-0.25437
11944,-0.24272
11945,-0.23107
11946,-0.22136
11947,-0.21165
11948,-0.20194
11949,-0.19029
11950,-0.18058
11951,-0.17087
11952,-0.16117
11953,-0.15146
11954,-0.14175
11955,-0.13204
11956,-0.12233
11957,-0.11262
11958,-0.10485
11959,-0.095146
11960,-0.087379
11961,-0.079612
11962,-0.071845
11963,-0.064078
11964,-0.056311
11965,-0.048544
11966,-0.042718
11967,-0.036893
11968,-0.03301
11969,-0.027184
11970,-0.023301
11971,-0.019417
11972,-0.017476
11973,-0.015534
11974,-0.013592
11975,-0.01165
11976,-0.0097087
11977,-0.007767
11978,-0.0038835
11979,0.0
11980,0.0038835
11981,0.007767
11982,0.013592
11983,0.019417
11984,0.025243
11985,0.031068
11986,0.034951
11987,0.038835
11988,0.042718
11989,0.046602
11990,0.050485
11991,0.054369
11992,0.058252
11993,0.064078
11994,0.064078
11995,0.066019
11996,0.064078
11997,0.062136
11998,0.052427
11999,0.042718
12000,0.027184
12001,0.01165
12002,-0.0097087
12003,-0.031068
12004,-0.056311
12005,-0.079612
12006,-0.10291
12007,-0.12621
12008,-0.14757
12009,-0.16893
12010,-0.18641
12011,-0.20388
12012,-0.21553
12013,-0.22718
12014,-0.23495
12015,-0.24078
12016,-0.24272
12017,-0.24272
12018,-0.23689
12019,-0.23107
12020,-0.21942
12021,-0.20583
12022,-0.18641
12023,-0.16505
12024,-0.13786
12025,-0.11068
12026,-0.07767
12027,-0.042718
12028,-0.0038835
12029,0.036893
12030,0.081553
12031,0.12621
12032,0.17476
12033,0.2233
12034,0.27379
12035,0.32233
12036,0.37282
12037,0.42136
12038,0.4699
12039,0.51845
12040,0.56505
12041,0.61165
12042,0.65631
12043,0.70097
12044,0.74369
12045,0.78835
12046,0.82913
12047,0.8699
12048,0.91068
12049,0.94951
12050,0.98641
12051,1.0252
12052,1.0602
12053,1.0951
12054,1.1262
12055,1.1592
12056,1.1883
12057,1.2155
12058,1.2408
12059,1.2641
12060,1.2835
12061,1.3029
12062,1.3184
12063,1.334
12064,1.3456
12065,1.3573
12066,1.3689
12067,1.3806
12068,1.3922
12069,1.4039
12070,1.4155
12071,1.4272
12072,1.4369
12073,1.4485
12074,1.4563
12075,1.4641
12076,1.4699
12077,1.4757
12078,1.4816
12079,1.4874
12080,1.4893
12081,1.4932
12082,1.4932
12083,1.4932
12084,1.4932
12085,1.4932
12086,1.4932
12087,1.4932
12088,1.4835
12089,1.4757
12090,1.4583
12091,1.4427
12092,1.4214
12093,1.4
12094,1.3748
12095,1.3495
12096,1.3204
12097,1.2913
12098,1.2602
12099,1.2291
12100,1.1961
12101,1.1631
12102,1.1301
12103,1.0951
12104,1.0602
12105,1.0252
12106,0.99223
12107,0.95922
12108,0.92621
12109,0.8932
12110,0.86408
12111,0.83495
12112,0.80777
12113,0.78252
12114,0.75922
12115,0.73786
12116,0.71845
12117,0.69903
12118,0.68544
12119,0.6699
12120,0.65825
12121,0.64854
12122,0.63883
12123,0.62913
12124,0.62136
12125,0.61359
12126,0.60388
12127,0.59612
12128,0.58447
12129,0.57476
12130,0.56699
12131,0.55728
12132,0.54757
12133,0.53981
12134,0.53204
12135,0.52427
12136,0.51456
12137,0.5068
12138,0.49903
12139,0.48932
12140,0.48155
12141,0.47379
12142,0.46602
12143,0.45631
12144,0.44854
12145,0.44078
12146,0.43301
12147,0.42524
12148,0.41748
12149,0.40971
12150,0.40388
12151,0.39612
12152,0.39029
12153,0.38252
12154,0.3767
12155,0.36893
12156,0.36117
12157,0.35534
12158,0.34757
12159,0.34175
12160,0.33398
12161,0.32816
12162,0.32233
12163,0.31845
12164,0.31262
12165,0.30874
12166,0.30485
12167,0.30097
12168,0.29515
12169,0.29126
12170,0.28544
12171,0.28155
12172,0.27573
12173,0.27184
12174,0.26602
12175,0.26019
12176,0.25437
12177,0.25049
12178,0.24078
12179,0.23301
12180,0.2233
12181,0.21165
12182,0.19417
12183,0.17864
12184,0.15728
12185,0.13592
12186,0.11262
12187,0.08932
12188,0.066019
12189,0.042718
12190,0.019417
12191,-0.0038835
12192,-0.025243
12193,-0.048544
12194,-0.067961
12195,-0.08932
12196,-0.10874
12197,-0.12816
12198,-0.14563
12199,-0.16311
12200,-0.18058
12201,-0.19612
12202,-0.20971
12203,-0.2233
12204,-0.23301
12205,-0.24272
12206,-0.24854
12207,-0.25437
12208,-0.25631
12209,-0.25825
12210,-0.25631
12211,-0.25437
12212,-0.25049
12213,-0.24466
12214,-0.23689
12215,-0.23107
12216,-0.22136
12217,-0.21359
12218,-0.20583
12219,-0.19612
12220,-0.18835
12221,-0.17864
12222,-0.17087
12223,-0.16311
12224,-0.15534
12225,-0.14563
12226,-0.13786
12227,-0.1301
12228,-0.12233
12229,-0.11456
12230,-0.10485
12231,-0.097087
12232,-0.08932
12233,-0.081553
12234,-0.073786
12235,-0.066019
12236,-0.060194
12237,-0.052427
12238,-0.046602
12239,-0.038835
12240,-0.03301
12241,-0.025243
12242,-0.019417
12243,-0.015534
12244,-0.01165
12245,-0.0058252
12246,-0.0019417
12247,0.0019417
12248,0.0058252
12249,0.01165
12250,0.015534
12251,0.019417
12252,0.021359
12253,0.025243
12254,0.029126
12255,0.034951
12256,0.038835
12257,0.04466
12258,0.048544
12259,0.054369
12260,0.058252
12261,0.064078
12262,0.067961
12263,0.071845
12264,0.075728
12265,0.079612
12266,0.083495
12267,0.087379
12268,0.091262
12269,0.095146
12270,0.095146
12271,0.095146
12272,0.093204
12273,0.08932
12274,0.079612
12275,0.071845
12276,0.056311
12277,0.042718
12278,0.025243
12279,0.0097087
12280,-0.0097087
12281,-0.029126
12282,-0.048544
12283,-0.067961
12284,-0.087379
12285,-0.1068
12286,-0.12427
12287,-0.14175
12288,-0.15922
12289,-0.1767
12290,-0.19417
12291,-0.21165
12292,-0.22913
12293,-0.24466
12294,-0.26019
12295,-0.27573
12296,-0.28738
12297,-0.30097
12298,-0.3068
12299,-0.31262
12300,-0.31262
12301,-0.31262
12302,-0.3068
12303,-0.29903
12304,-0.28738
12305,-0.27379
12306,-0.25437
12307,-0.23495
12308,-0.20971
12309,-0.18447
12310,-0.15534
12311,-0.12621
12312,-0.093204
12313,-0.060194
12314,-0.023301
12315,0.013592
12316,0.052427
12317,0.091262
12318,0.1301
12319,0.17087
12320,0.21359
12321,0.25631
12322,0.29709
12323,0.33981
12324,0.38252
12325,0.42524
12326,0.46602
12327,0.50874
12328,0.54951
12329,0.59029
12330,0.62913
12331,0.6699
12332,0.70874
12333,0.74757
12334,0.78447
12335,0.82136
12336,0.85631
12337,0.89126
12338,0.92233
12339,0.95534
12340,0.98447
12341,1.0136
12342,1.0408
12343,1.066
12344,1.0913
12345,1.1146
12346,1.1359
12347,1.1573
12348,1.1748
12349,1.1922
12350,1.2078
12351,1.2233
12352,1.2369
12353,1.2524
12354,1.2641
12355,1.2777
12356,1.2874
12357,1.299
12358,1.3107
12359,1.3204
12360,1.3301
12361,1.3379
12362,1.3437
12363,1.3476
12364,1.3495
12365,1.3515
12366,1.3456
12367,1.3417
12368,1.334
12369,1.3262
12370,1.3146
12371,1.3029
12372,1.2893
12373,1.2738
12374,1.2583
12375,1.2427
12376,1.2252
12377,1.2078
12378,1.1883
12379,1.1689
12380,1.1495
12381,1.1282
12382,1.1068
12383,1.0854
12384,1.0621
12385,1.0388
12386,1.0155
12387,0.99417
12388,0.97087
12389,0.94951
12390,0.9301
12391,0.90874
12392,0.89126
12393,0.87379
12394,0.86019
12395,0.8466
12396,0.83495
12397,0.8233
12398,0.81359
12399,0.80388
12400,0.79612
12401,0.78835
12402,0.77864
12403,0.76893
12404,0.76117
12405,0.75146
12406,0.74175
12407,0.73398
12408,0.72427
12409,0.7165
12410,0.70874
12411,0.70097
12412,0.6932
12413,0.68738
12414,0.67961
12415,0.67184
12416,0.66408
12417,0.65631
12418,0.6466
12419,0.63883
12420,0.63107
12421,0.6233
12422,0.61359
12423,0.60388
12424,0.59612
12425,0.58641
12426,0.5767
12427,0.56699
12428,0.55728
12429,0.54563
12430,0.53592
12431,0.52621
12432,0.5165
12433,0.50485
12434,0.49515
12435,0.4835
12436,0.47379
12437,0.46408
12438,0.45437
12439,0.4466
12440,0.43883
12441,0.43107
12442,0.42524
12443,0.41942
12444,0.41359
12445,0.40971
12446,0.40388
12447,0.39806
12448,0.39223
12449,0.38641
12450,0.38058
12451,0.37476
12452,0.36699
12453,0.36117
12454,0.3534
12455,0.34563
12456,0.33592
12457,0.32621
12458,0.31262
12459,0.29903
12460,0.27961
12461,0.26019
12462,0.23689
12463,0.21359
12464,0.18835
12465,0.16117
12466,0.13398
12467,0.10874
12468,0.081553
12469,0.054369
12470,0.029126
12471,0.0038835
12472,-0.019417
12473,-0.042718
12474,-0.064078
12475,-0.085437
12476,-0.10485
12477,-0.12427
12478,-0.14175
12479,-0.15728
12480,-0.17087
12481,-0.18447
12482,-0.19417
12483,-0.20388
12484,-0.21165
12485,-0.21942
12486,-0.2233
12487,-0.22718
12488,-0.22524
12489,-0.22524
12490,-0.22136
12491,-0.21553
12492,-0.20971
12493,-0.20388
12494,-0.19612
12495,-0.19029
12496,-0.18252
12497,-0.17476
12498,-0.16893
12499,-0.16311
12500,-0.15728
12501,-0.15146
12502,-0.14563
12503,-0.13981
12504,-0.13204
12505,-0.12621
12506,-0.12039
12507,-0.11262
12508,-0.1068
12509,-0.099029
12510,-0.091262
12511,-0.085437
12512,-0.07767
12513,-0.069903
12514,-0.064078
12515,-0.056311
12516,-0.050485
12517,-0.042718
12518,-0.038835
12519,-0.03301
12520,-0.029126
12521,-0.025243
12522,-0.023301
12523,-0.019417
12524,-0.017476
12525,-0.015534
12526,-0.01165
12527,-0.0097087
12528,-0.007767
12529,-0.0058252
12530,-0.0019417
12531,0.0
12532,0.0038835
12533,0.007767
12534,0.01165
12535,0.015534
12536,0.019417
12537,0.025243
12538,0.029126
12539,0.03301
12540,0.034951
12541,0.038835
12542,0.040777
12543,0.04466
12544,0.048544
12545,0.050485
12546,0.054369
12547,0.058252
12548,0.060194
12549,0.062136
12550,0.060194
12551,0.058252
12552,0.050485
12553,0.042718
12554,0.027184
12555,0.013592
12556,-0.0038835
12557,-0.023301
12558,-0.04466
12559,-0.066019
12560,-0.08932
12561,-0.11262
12562,-0.13398
12563,-0.15534
12564,-0.17476
12565,-0.19417
12566,-0.20971
12567,-0.22524
12568,-0.23689
12569,-0.24854
12570,-0.25631
12571,-0.26214
12572,-0.26408
12573,-0.26602
12574,-0.26214
12575,-0.25631
12576,-0.24466
12577,-0.23301
12578,-0.21359
12579,-0.19223
12580,-0.16505
12581,-0.13786
12582,-0.10291
12583,-0.067961
12584,-0.027184
12585,0.013592
12586,0.058252
12587,0.10291
12588,0.15146
12589,0.19806
12590,0.24466
12591,0.2932
12592,0.33981
12593,0.38641
12594,0.43301
12595,0.47961
12596,0.52427
12597,0.56893
12598,0.61165
12599,0.65631
12600,0.69709
12601,0.73786
12602,0.7767
12603,0.81553
12604,0.85243
12605,0.88738
12606,0.92039
12607,0.95534
12608,0.98447
12609,1.0155
12610,1.0447
12611,1.0718
12612,1.0971
12613,1.1223
12614,1.1417
12615,1.1631
12616,1.1825
12617,1.2
12618,1.2155
12619,1.2311
12620,1.2466
12621,1.2602
12622,1.2738
12623,1.2893
12624,1.301
12625,1.3146
12626,1.3282
12627,1.3398
12628,1.3515
12629,1.3631
12630,1.3728
12631,1.3825
12632,1.3903
12633,1.3981
12634,1.4058
12635,1.4117
12636,1.4175
12637,1.4214
12638,1.4233
12639,1.4252
12640,1.4233
12641,1.4214
12642,1.4136
12643,1.4039
12644,1.3883
12645,1.3748
12646,1.3534
12647,1.334
12648,1.3087
12649,1.2854
12650,1.2583
12651,1.2311
12652,1.2019
12653,1.1728
12654,1.1417
12655,1.1126
12656,1.0796
12657,1.0485
12658,1.0155
12659,0.98447
12660,0.94951
12661,0.9165
12662,0.88544
12663,0.85437
12664,0.8233
12665,0.79417
12666,0.76699
12667,0.74175
12668,0.72039
12669,0.69709
12670,0.67767
12671,0.66019
12672,0.64466
12673,0.62913
12674,0.61748
12675,0.60583
12676,0.59612
12677,0.58835
12678,0.58058
12679,0.57282
12680,0.56505
12681,0.55728
12682,0.54951
12683,0.54175
12684,0.53398
12685,0.52621
12686,0.5165
12687,0.50874
12688,0.50097
12689,0.4932
12690,0.48544
12691,0.47767
12692,0.4699
12693,0.46408
12694,0.45631
12695,0.44854
12696,0.44078
12697,0.43301
12698,0.42718
12699,0.41942
12700,0.41165
12701,0.40583
12702,0.39806
12703,0.39223
12704,0.38447
12705,0.3767
12706,0.36893
12707,0.36117
12708,0.3534
12709,0.34563
12710,0.33786
12711,0.3301
12712,0.32233
12713,0.31456
12714,0.30874
12715,0.30097
12716,0.2932
12717,0.28738
12718,0.28155
12719,0.27573
12720,0.2699
12721,0.26408
12722,0.25825
12723,0.25243
12724,0.2466
12725,0.24078
12726,0.23301
12727,0.22718
12728,0.22136
12729,0.21553
12730,0.20971
12731,0.20388
12732,0.19612
12733,0.18835
12734,0.17864
12735,0.16699
12736,0.1534
12737,0.13786
12738,0.11845
12739,0.099029
12740,0.075728
12741,0.052427
12742,0.029126
12743,0.0058252
12744,-0.019417
12745,-0.042718
12746,-0.064078
12747,-0.085437
12748,-0.1068
12749,-0.12621
12750,-0.14563
12751,-0.16311
12752,-0.18058
12753,-0.19806
12754,-0.21359
12755,-0.22913
12756,-0.24272
12757,-0.25437
12758,-0.26408
12759,-0.27379
12760,-0.27961
12761,-0.28544
12762,-0.28738
12763,-0.28738
12764,-0.28544
12765,-0.28155
12766,-0.27573
12767,-0.2699
12768,-0.26214
12769,-0.25243
12770,-0.24272
12771,-0.23301
12772,-0.2233
12773,-0.21165
12774,-0.20388
12775,-0.19417
12776,-0.18641
12777,-0.17864
12778,-0.16893
12779,-0.16117
12780,-0.15146
12781,-0.14175
12782,-0.13204
12783,-0.12427
12784,-0.11456
12785,-0.10485
12786,-0.097087
12787,-0.08932
12788,-0.081553
12789,-0.073786
12790,-0.067961
12791,-0.060194
12792,-0.052427
12793,-0.04466
12794,-0.038835
12795,-0.031068
12796,-0.025243
12797,-0.019417
12798,-0.013592
12799,-0.007767
12800,-0.0038835
12801,0.0019417
12802,0.0058252
12803,0.0097087
12804,0.01165
12805,0.015534
12806,0.017476
12807,0.021359
12808,0.025243
12809,0.029126
12810,0.03301
12811,0.038835
12812,0.04466
12813,0.050485
12814,0.054369
12815,0.060194
12816,0.062136
12817,0.066019
12818,0.069903
12819,0.073786
12820,0.075728
12821,0.079612
12822,0.081553
12823,0.083495
12824,0.083495
12825,0.085437
12826,0.081553
12827,0.07767
12828,0.069903
12829,0.062136
12830,0.048544
12831,0.034951
12832,0.017476
12833,0.0
12834,-0.019417
12835,-0.038835
12836,-0.058252
12837,-0.07767
12838,-0.097087
12839,-0.1165
12840,-0.13398
12841,-0.15146
12842,-0.16893
12843,-0.18447
12844,-0.2
12845,-0.21553
12846,-0.22913
12847,-0.24272
12848,-0.25437
12849,-0.26602
12850,-0.27379
12851,-0.28155
12852,-0.28738
12853,-0.29126
12854,-0.29126
12855,-0.2932
12856,-0.29126
12857,-0.28738
12858,-0.28155
12859,-0.27573
12860,-0.26796
12861,-0.25825
12862,-0.24854
12863,-0.23883
12864,-0.22913
12865,-0.21942
12866,-0.20971
12867,-0.2
12868,-0.19029
12869,-0.18058
12870,-0.17282
12871,-0.16311
12872,-0.1534
12873,-0.14369
12874,-0.13398
12875,-0.12427
12876,-0.1165
12877,-0.10874
12878,-0.10097
12879,-0.095146
12880,-0.087379
12881,-0.081553
12882,-0.075728
12883,-0.067961
12884,-0.060194
12885,-0.052427
12886,-0.042718
12887,-0.03301
12888,-0.021359
12889,-0.0097087
12890,0.0058252
12891,0.021359
12892,0.038835
12893,0.058252
12894,0.079612
12895,0.10291
12896,0.12816
12897,0.1534
12898,0.18447
12899,0.21553
12900,0.25049
12901,0.28738
12902,0.32427
12903,0.36311
12904,0.40388
12905,0.44466
12906,0.48544
12907,0.52621
12908,0.56893
12909,0.60971
12910,0.65049
12911,0.6932
12912,0.73204
12913,0.77282
12914,0.80971
12915,0.84854
12916,0.8835
12917,0.91845
12918,0.94563
12919,0.97282
12920,0.99417
12921,1.0155
12922,1.0311
12923,1.0485
12924,1.0602
12925,1.0738
12926,1.0816
12927,1.0913
12928,1.099
12929,1.1068
12930,1.1107
12931,1.1165
12932,1.1184
12933,1.1204
12934,1.1223
12935,1.1223
12936,1.1223
12937,1.1243
12938,1.1223
12939,1.1204
12940,1.1184
12941,1.1165
12942,1.1146
12943,1.1126
12944,1.1107
12945,1.1107
12946,1.1146
12947,1.1165
12948,1.1243
12949,1.132
12950,1.1417
12951,1.1534
12952,1.165
12953,1.1767
12954,1.1903
12955,1.2039
12956,1.2175
12957,1.2311
12958,1.2427
12959,1.2544
12960,1.2641
12961,1.2757
12962,1.2854
12963,1.2951
12964,1.3049
12965,1.3146
12966,1.3223
12967,1.3282
12968,1.334
12969,1.3398
12970,1.3437
12971,1.3456
12972,1.3476
12973,1.3495
12974,1.3476
12975,1.3476
12976,1.3437
12977,1.3398
12978,1.332
12979,1.3262
12980,1.3165
12981,1.3087
12982,1.299
12983,1.2893
12984,1.2777
12985,1.266
12986,1.2524
12987,1.2388
12988,1.2252
12989,1.2097
12990,1.1961
12991,1.1806
12992,1.167
12993,1.1515
12994,1.1379
12995,1.1243
12996,1.1126
12997,1.099
12998,1.0874
12999,1.0757
13000,1.0641
13001,1.0524
13002,1.0388
13003,1.0272
13004,1.0117
13005,0.99806
13006,0.98058
13007,0.96505
13008,0.94951
13009,0.93204
13010,0.91262
13011,0.89126
13012,0.86796
13013,0.8466
13014,0.81748
13015,0.79029
13016,0.75728
13017,0.72621
13018,0.69126
13019,0.65825
13020,0.6233
13021,0.59029
13022,0.55534
13023,0.52039
13024,0.48738
13025,0.45243
13026,0.41942
13027,0.38641
13028,0.35534
13029,0.32233
13030,0.2932
13031,0.26408
13032,0.23883
13033,0.21165
13034,0.18835
13035,0.16311
13036,0.14175
13037,0.12039
13038,0.10097
13039,0.083495
13040,0.067961
13041,0.054369
13042,0.04466
13043,0.034951
13044,0.029126
13045,0.023301
13046,0.019417
13047,0.017476
13048,0.015534
13049,0.013592
13050,0.01165
13051,0.0097087
13052,0.0058252
13053,0.0038835
13054,0.0038835
13055,0.0019417
13056,0.0019417
13057,0.0019417
13058,0.0038835
13059,0.0038835
13060,0.0058252
13061,0.0058252
13062,0.007767
13063,0.007767
13064,0.0097087
13065,0.0097087
13066,0.01165
13067,0.013592
13068,0.015534
13069,0.017476
13070,0.021359
13071,0.023301
13072,0.025243
13073,0.027184
13074,0.029126
13075,0.029126
13076,0.029126
13077,0.031068
13078,0.029126
13079,0.029126
13080,0.029126
13081,0.027184
13082,0.027184
13083,0.027184
13084,0.027184
13085,0.027184
13086,0.027184
13087,0.029126
13088,0.031068
13089,0.03301
13090,0.036893
13091,0.038835
13092,0.040777
13093,0.042718
13094,0.04466
13095,0.046602
13096,0.048544
13097,0.050485
13098,0.052427
13099,0.052427
13100,0.054369
13101,0.056311
13102,0.054369
13103,0.054369
13104,0.050485
13105,0.046602
13106,0.036893
13107,0.027184
13108,0.01165
13109,-0.0019417
13110,-0.019417
13111,-0.036893
13112,-0.056311
13113,-0.073786
13114,-0.093204
13115,-0.11262
13116,-0.13204
13117,-0.15146
13118,-0.16893
13119,-0.18641
13120,-0.20194
13121,-0.21748
13122,-0.23107
13123,-0.24466
13124,-0.25631
13125,-0.26796
13126,-0.27767
13127,-0.28738
13128,-0.29515
13129,-0.30291
13130,-0.3068
13131,-0.30874
13132,-0.30874
13133,-0.30874
13134,-0.30485
13135,-0.29903
13136,-0.29126
13137,-0.2835
13138,-0.27379
13139,-0.26408
13140,-0.25437
13141,-0.24272
13142,-0.23301
13143,-0.22136
13144,-0.21165
13145,-0.2
13146,-0.19029
13147,-0.18058
13148,-0.17282
13149,-0.16311
13150,-0.15534
13151,-0.14563
13152,-0.13786
13153,-0.12816
13154,-0.11845
13155,-0.10874
13156,-0.10097
13157,-0.091262
13158,-0.081553
13159,-0.071845
13160,-0.064078
13161,-0.056311
13162,-0.048544
13163,-0.040777
13164,-0.03301
13165,-0.027184
13166,-0.021359
13167,-0.013592
13168,-0.0097087
13169,-0.0038835
13170,0.0
13171,0.0038835
13172,0.0058252
13173,0.0097087
13174,0.01165
13175,0.015534
13176,0.019417
13177,0.023301
13178,0.029126
13179,0.034951
13180,0.042718
13181,0.050485
13182,0.056311
13183,0.064078
13184,0.071845
13185,0.07767
13186,0.083495
13187,0.091262
13188,0.095146
13189,0.10097
13190,0.10485
13191,0.11068
13192,0.11456
13193,0.11845
13194,0.12039
13195,0.12233
13196,0.11845
13197,0.1165
13198,0.10874
13199,0.10097
13200,0.085437
13201,0.071845
13202,0.056311
13203,0.038835
13204,0.019417
13205,0.0019417
13206,-0.017476
13207,-0.036893
13208,-0.054369
13209,-0.073786
13210,-0.091262
13211,-0.1068
13212,-0.12233
13213,-0.13786
13214,-0.1534
13215,-0.16699
13216,-0.18058
13217,-0.19417
13218,-0.20388
13219,-0.21553
13220,-0.22524
13221,-0.23495
13222,-0.24272
13223,-0.25049
13224,-0.25631
13225,-0.26019
13226,-0.26019
13227,-0.26019
13228,-0.25631
13229,-0.25243
13230,-0.24078
13231,-0.23107
13232,-0.21748
13233,-0.20194
13234,-0.18252
13235,-0.16505
13236,-0.14175
13237,-0.12039
13238,-0.095146
13239,-0.067961
13240,-0.038835
13241,-0.0097087
13242,0.023301
13243,0.056311
13244,0.091262
13245,0.12621
13246,0.16505
13247,0.20194
13248,0.24078
13249,0.28155
13250,0.32233
13251,0.36117
13252,0.40194
13253,0.44272
13254,0.4835
13255,0.52233
13256,0.56311
13257,0.60388
13258,0.64466
13259,0.68544
13260,0.72621
13261,0.76505
13262,0.80388
13263,0.84466
13264,0.88155
13265,0.92039
13266,0.95728
13267,0.99417
13268,1.0291
13269,1.066
13270,1.101
13271,1.1359
13272,1.1689
13273,1.2039
13274,1.233
13275,1.2621
13276,1.2893
13277,1.3146
13278,1.3359
13279,1.3592
13280,1.3786
13281,1.3961
13282,1.4117
13283,1.4252
13284,1.4369
13285,1.4466
13286,1.4505
13287,1.4563
13288,1.4544
13289,1.4544
13290,1.4466
13291,1.4408
13292,1.4291
13293,1.4194
13294,1.4078
13295,1.3942
13296,1.3806
13297,1.367
13298,1.3515
13299,1.3379
13300,1.3204
13301,1.3049
13302,1.2874
13303,1.2718
13304,1.2544
13305,1.2388
13306,1.2214
13307,1.2039
13308,1.1864
13309,1.167
13310,1.1495
13311,1.132
13312,1.1146
13313,1.099
13314,1.0816
13315,1.066
13316,1.0505
13317,1.035
13318,1.0233
13319,1.0097
13320,0.99806
13321,0.98641
13322,0.9767
13323,0.96699
13324,0.95922
13325,0.95146
13326,0.94369
13327,0.93398
13328,0.92621
13329,0.9165
13330,0.9068
13331,0.89709
13332,0.88544
13333,0.87573
13334,0.86796
13335,0.85825
13336,0.85049
13337,0.84272
13338,0.83495
13339,0.82913
13340,0.82136
13341,0.81359
13342,0.80583
13343,0.79806
13344,0.79029
13345,0.78252
13346,0.77476
13347,0.76505
13348,0.75534
13349,0.74563
13350,0.73398
13351,0.72233
13352,0.71068
13353,0.69709
13354,0.6835
13355,0.67184
13356,0.65825
13357,0.6466
13358,0.63301
13359,0.62136
13360,0.60777
13361,0.59612
13362,0.58252
13363,0.57087
13364,0.55922
13365,0.54757
13366,0.53786
13367,0.52816
13368,0.52039
13369,0.51456
13370,0.5068
13371,0.50097
13372,0.49515
13373,0.48932
13374,0.4835
13375,0.47767
13376,0.47184
13377,0.46602
13378,0.45825
13379,0.45049
13380,0.44272
13381,0.43495
13382,0.4233
13383,0.41165
13384,0.39612
13385,0.38252
13386,0.36117
13387,0.34175
13388,0.3165
13389,0.2932
13390,0.26602
13391,0.24078
13392,0.21359
13393,0.18641
13394,0.15922
13395,0.13204
13396,0.10485
13397,0.079612
13398,0.054369
13399,0.029126
13400,0.0058252
13401,-0.015534
13402,-0.036893
13403,-0.058252
13404,-0.07767
13405,-0.095146
13406,-0.11068
13407,-0.12621
13408,-0.13981
13409,-0.15146
13410,-0.15922
13411,-0.16893
13412,-0.17282
13413,-0.17864
13414,-0.17864
13415,-0.17864
13416,-0.17476
13417,-0.17087
13418,-0.16505
13419,-0.15922
13420,-0.15146
13421,-0.14175
13422,-0.13398
13423,-0.12621
13424,-0.11845
13425,-0.11068
13426,-0.10485
13427,-0.097087
13428,-0.091262
13429,-0.085437
13430,-0.081553
13431,-0.075728
13432,-0.069903
13433,-0.066019
13434,-0.060194
13435,-0.054369
13436,-0.046602
13437,-0.040777
13438,-0.03301
13439,-0.027184
13440,-0.019417
13441,-0.013592
13442,-0.0058252
13443,0.0
13444,0.0058252
13445,0.01165
13446,0.017476
13447,0.021359
13448,0.025243
13449,0.029126
13450,0.031068
13451,0.034951
13452,0.038835
13453,0.040777
13454,0.04466
13455,0.048544
13456,0.052427
13457,0.056311
13458,0.060194
13459,0.066019
13460,0.071845
13461,0.07767
13462,0.083495
13463,0.087379
13464,0.093204
13465,0.097087
13466,0.10097
13467,0.10485
13468,0.10874
13469,0.11262
13470,0.11456
13471,0.11845
13472,0.12039
13473,0.12427
13474,0.12233
13475,0.12233
13476,0.12039
13477,0.1165
13478,0.1068
13479,0.099029
13480,0.083495
13481,0.069903
13482,0.052427
13483,0.034951
13484,0.015534
13485,-0.0019417
13486,-0.021359
13487,-0.038835
13488,-0.058252
13489,-0.075728
13490,-0.093204
13491,-0.10874
13492,-0.12621
13493,-0.14175
13494,-0.15534
13495,-0.16893
13496,-0.18252
13497,-0.19417
13498,-0.20583
13499,-0.21553
13500,-0.2233
13501,-0.23107
13502,-0.23495
13503,-0.24078
13504,-0.24078
13505,-0.24272
13506,-0.23883
13507,-0.23689
13508,-0.23107
13509,-0.22524
13510,-0.21748
13511,-0.20971
13512,-0.19806
13513,-0.18835
13514,-0.17864
13515,-0.16893
13516,-0.15922
13517,-0.14951
13518,-0.13981
13519,-0.1301
13520,-0.12233
13521,-0.11456
13522,-0.1068
13523,-0.097087
13524,-0.08932
13525,-0.081553
13526,-0.075728
13527,-0.067961
13528,-0.062136
13529,-0.056311
13530,-0.052427
13531,-0.048544
13532,-0.04466
13533,-0.042718
13534,-0.038835
13535,-0.034951
13536,-0.031068
13537,-0.027184
13538,-0.023301
13539,-0.017476
13540,-0.0097087
13541,-0.0019417
13542,0.0097087
13543,0.021359
13544,0.036893
13545,0.052427
13546,0.073786
13547,0.095146
13548,0.12233
13549,0.14757
13550,0.18058
13551,0.21165
13552,0.24854
13553,0.28544
13554,0.32233
13555,0.35922
13556,0.39806
13557,0.43689
13558,0.47573
13559,0.51456
13560,0.55534
13561,0.59417
13562,0.63301
13563,0.67184
13564,0.70874
13565,0.74563
13566,0.7767
13567,0.80777
13568,0.83495
13569,0.86214
13570,0.8835
13571,0.90485
13572,0.91845
13573,0.93398
13574,0.94563
13575,0.95922
13576,0.96699
13577,0.9767
13578,0.98447
13579,0.99223
13580,1.0
13581,1.0078
13582,1.0117
13583,1.0155
13584,1.0175
13585,1.0194
13586,1.0194
13587,1.0194
13588,1.0175
13589,1.0175
13590,1.0155
13591,1.0155
13592,1.0136
13593,1.0136
13594,1.0155
13595,1.0194
13596,1.0252
13597,1.033
13598,1.0408
13599,1.0505
13600,1.0621
13601,1.0757
13602,1.0874
13603,1.101
13604,1.1146
13605,1.1262
13606,1.1398
13607,1.1534
13608,1.165
13609,1.1786
13610,1.1903
13611,1.2039
13612,1.2155
13613,1.2252
13614,1.235
13615,1.2427
13616,1.2485
13617,1.2544
13618,1.2583
13619,1.2621
13620,1.2641
13621,1.266
13622,1.266
13623,1.266
13624,1.2621
13625,1.2602
13626,1.2544
13627,1.2505
13628,1.2427
13629,1.2369
13630,1.2272
13631,1.2194
13632,1.2097
13633,1.2
13634,1.1864
13635,1.1748
13636,1.1612
13637,1.1476
13638,1.132
13639,1.1184
13640,1.1029
13641,1.0874
13642,1.0738
13643,1.0583
13644,1.0447
13645,1.0311
13646,1.0194
13647,1.0058
13648,0.99612
13649,0.98447
13650,0.97282
13651,0.96117
13652,0.94757
13653,0.93592
13654,0.92233
13655,0.90874
13656,0.8932
13657,0.87767
13658,0.86019
13659,0.84466
13660,0.82524
13661,0.80583
13662,0.78058
13663,0.75534
13664,0.72621
13665,0.69903
13666,0.66602
13667,0.63495
13668,0.6
13669,0.56699
13670,0.53204
13671,0.49903
13672,0.46408
13673,0.43107
13674,0.39612
13675,0.36311
13676,0.3301
13677,0.29903
13678,0.26796
13679,0.23689
13680,0.20971
13681,0.18058
13682,0.15534
13683,0.13204
13684,0.10874
13685,0.087379
13686,0.067961
13687,0.050485
13688,0.034951
13689,0.019417
13690,0.007767
13691,-0.0038835
13692,-0.01165
13693,-0.019417
13694,-0.023301
13695,-0.027184
13696,-0.029126
13697,-0.029126
13698,-0.029126
13699,-0.029126
13700,-0.029126
13701,-0.029126
13702,-0.029126
13703,-0.027184
13704,-0.027184
13705,-0.027184
13706,-0.025243
13707,-0.025243
13708,-0.023301
13709,-0.021359
13710,-0.021359
13711,-0.019417
13712,-0.017476
13713,-0.015534
13714,-0.013592
13715,-0.01165
13716,-0.0097087
13717,-0.007767
13718,-0.0058252
13719,-0.0019417
13720,0.0
13721,0.0019417
13722,0.0038835
13723,0.0058252
13724,0.007767
13725,0.01165
13726,0.01165
13727,0.013592
13728,0.015534
13729,0.017476
13730,0.017476
13731,0.019417
13732,0.019417
13733,0.021359
13734,0.023301
13735,0.025243
13736,0.027184
13737,0.031068
13738,0.034951
13739,0.036893
13740,0.040777
13741,0.042718
13742,0.04466
13743,0.048544
13744,0.048544
13745,0.050485
13746,0.052427
13747,0.054369
13748,0.056311
13749,0.058252
13750,0.058252
13751,0.058252
13752,0.054369
13753,0.052427
13754,0.04466
13755,0.034951
13756,0.021359
13757,0.007767
13758,-0.007767
13759,-0.025243
13760,-0.042718
13761,-0.062136
13762,-0.081553
13763,-0.099029
13764,-0.11845
13765,-0.13592
13766,-0.1534
13767,-0.17087
13768,-0.18641
13769,-0.20194
13770,-0.21748
13771,-0.23107
13772,-0.24272
13773,-0.25437
13774,-0.26408
13775,-0.27573
13776,-0.2835
13777,-0.29126
13778,-0.29709
13779,-0.30097
13780,-0.30291
13781,-0.30485
13782,-0.30291
13783,-0.30097
13784,-0.29515
13785,-0.28932
13786,-0.27961
13787,-0.2699
13788,-0.26019
13789,-0.24854
13790,-0.23689
13791,-0.22524
13792,-0.21359
13793,-0.20194
13794,-0.19223
13795,-0.18058
13796,-0.16893
13797,-0.15922
13798,-0.14757
13799,-0.13786
13800,-0.12816
13801,-0.1165
13802,-0.1068
13803,-0.097087
13804,-0.087379
13805,-0.07767
13806,-0.067961
13807,-0.058252
13808,-0.050485
13809,-0.042718
13810,-0.038835
13811,-0.03301
13812,-0.029126
13813,-0.025243
13814,-0.023301
13815,-0.021359
13816,-0.019417
13817,-0.017476
13818,-0.015534
13819,-0.013592
13820,-0.0097087
13821,-0.0038835
13822,0.0019417
13823,0.0097087
13824,0.021359
13825,0.031068
13826,0.048544
13827,0.066019
13828,0.087379
13829,0.11068
13830,0.13786
13831,0.16699
13832,0.19806
13833,0.23107
13834,0.26408
13835,0.29903
13836,0.33592
13837,0.37087
13838,0.40777
13839,0.44466
13840,0.4835
13841,0.52039
13842,0.5534
13843,0.58835
13844,0.61748
13845,0.64854
13846,0.67184
13847,0.6932
13848,0.71068
13849,0.72816
13850,0.73981
13851,0.7534
13852,0.76505
13853,0.7767
13854,0.78447
13855,0.79417
13856,0.8
13857,0.80777
13858,0.81165
13859,0.81748
13860,0.82136
13861,0.82524
13862,0.82718
13863,0.83107
13864,0.83107
13865,0.83107
13866,0.83107
13867,0.83301
13868,0.83301
13869,0.83301
13870,0.83495
13871,0.83689
13872,0.84272
13873,0.8466
13874,0.85437
13875,0.86214
13876,0.87184
13877,0.88155
13878,0.8932
13879,0.9068
13880,0.92039
13881,0.93398
13882,0.94757
13883,0.96117
13884,0.97282
13885,0.98447
13886,0.99612
13887,1.0078
13888,1.0155
13889,1.0252
13890,1.035
13891,1.0447
13892,1.0524
13893,1.0621
13894,1.068
13895,1.0738
13896,1.0777
13897,1.0835
13898,1.0854
13899,1.0874
13900,1.0874
13901,1.0874
13902,1.0854
13903,1.0835
13904,1.0796
13905,1.0757
13906,1.0699
13907,1.0641
13908,1.0563
13909,1.0485
13910,1.0388
13911,1.0291
13912,1.0175
13913,1.0078
13914,0.99612
13915,0.98447
13916,0.97282
13917,0.95922
13918,0.94757
13919,0.93592
13920,0.92427
13921,0.91262
13922,0.90097
13923,0.89126
13924,0.87961
13925,0.8699
13926,0.86019
13927,0.85049
13928,0.83883
13929,0.82913
13930,0.81748
13931,0.80583
13932,0.79417
13933,0.78252
13934,0.76893
13935,0.75534
13936,0.73981
13937,0.72427
13938,0.70291
13939,0.68155
13940,0.65631
13941,0.63107
13942,0.60194
13943,0.57282
13944,0.54175
13945,0.51068
13946,0.47767
13947,0.44466
13948,0.41165
13949,0.37864
13950,0.34757
13951,0.3165
13952,0.28544
13953,0.25437
13954,0.22524
13955,0.19612
13956,0.16893
13957,0.14175
13958,0.1165
13959,0.093204
13960,0.069903
13961,0.048544
13962,0.031068
13963,0.01165
13964,-0.0019417
13965,-0.015534
13966,-0.025243
13967,-0.034951
13968,-0.040777
13969,-0.046602
13970,-0.050485
13971,-0.052427
13972,-0.052427
13973,-0.052427
13974,-0.052427
13975,-0.050485
13976,-0.050485
13977,-0.048544
13978,-0.048544
13979,-0.046602
13980,-0.046602
13981,-0.046602
13982,-0.046602
13983,-0.04466
13984,-0.04466
13985,-0.042718
13986,-0.040777
13987,-0.038835
13988,-0.034951
13989,-0.03301
13990,-0.029126
13991,-0.027184
13992,-0.023301
13993,-0.021359
13994,-0.017476
13995,-0.015534
13996,-0.013592
13997,-0.0097087
13998,-0.007767
13999,-0.0038835
14000,-0.0019417
14001,0.0019417
14002,0.0038835
14003,0.0058252
14004,0.0058252
14005,0.0058252
14006,0.0058252
14007,0.0058252
14008,0.0058252
14009,0.0058252
14010,0.0058252
14011,0.007767
14012,0.0097087
14013,0.01165
14014,0.013592
14015,0.017476
14016,0.019417
14017,0.023301
14018,0.025243
14019,0.027184
14020,0.029126
14021,0.031068
14022,0.03301
14023,0.034951
14024,0.036893
14025,0.038835
14026,0.040777
14027,0.040777
14028,0.040777
14029,0.040777
14030,0.034951
14031,0.029126
14032,0.017476
14033,0.007767
14034,-0.0058252
14035,-0.021359
14036,-0.038835
14037,-0.056311
14038,-0.075728
14039,-0.093204
14040,-0.11068
14041,-0.1301
14042,-0.14757
14043,-0.16311
14044,-0.18058
14045,-0.19612
14046,-0.21165
14047,-0.22524
14048,-0.23883
14049,-0.25049
14050,-0.26214
14051,-0.27184
14052,-0.28155
14053,-0.28932
14054,-0.29515
14055,-0.30097
14056,-0.30485
14057,-0.3068
14058,-0.30485
14059,-0.30291
14060,-0.29709
14061,-0.28932
14062,-0.28155
14063,-0.27184
14064,-0.26214
14065,-0.25049
14066,-0.23883
14067,-0.22913
14068,-0.21748
14069,-0.20583
14070,-0.19417
14071,-0.18447
14072,-0.17282
14073,-0.16311
14074,-0.1534
14075,-0.14175
14076,-0.13204
14077,-0.12233
14078,-0.11456
14079,-0.10485
14080,-0.095146
14081,-0.087379
14082,-0.07767
14083,-0.069903
14084,-0.062136
14085,-0.052427
14086,-0.046602
14087,-0.038835
14088,-0.031068
14089,-0.025243
14090,-0.019417
14091,-0.013592
14092,-0.0097087
14093,-0.0038835
14094,0.0019417
14095,0.0058252
14096,0.01165
14097,0.015534
14098,0.019417
14099,0.023301
14100,0.025243
14101,0.029126
14102,0.034951
14103,0.038835
14104,0.04466
14105,0.052427
14106,0.058252
14107,0.066019
14108,0.071845
14109,0.079612
14110,0.083495
14111,0.08932
14112,0.093204
14113,0.097087
14114,0.10097
14115,0.10485
14116,0.10485
14117,0.1068
14118,0.10485
14119,0.10291
14120,0.097087
14121,0.093204
14122,0.081553
14123,0.069903
14124,0.054369
14125,0.038835
14126,0.021359
14127,0.0038835
14128,-0.01165
14129,-0.029126
14130,-0.04466
14131,-0.058252
14132,-0.069903
14133,-0.079612
14134,-0.085437
14135,-0.08932
14136,-0.08932
14137,-0.08932
14138,-0.083495
14139,-0.07767
14140,-0.066019
14141,-0.056311
14142,-0.040777
14143,-0.025243
14144,-0.0058252
14145,0.013592
14146,0.036893
14147,0.062136
14148,0.08932
14149,0.1165
14150,0.14951
14151,0.18058
14152,0.21553
14153,0.25243
14154,0.29126
14155,0.33204
14156,0.37476
14157,0.41748
14158,0.46019
14159,0.50485
14160,0.54951
14161,0.59417
14162,0.63689
14163,0.67961
14164,0.72039
14165,0.76117
14166,0.79806
14167,0.83495
14168,0.86796
14169,0.90291
14170,0.93204
14171,0.96117
14172,0.98835
14173,1.0155
14174,1.0388
14175,1.0621
14176,1.0835
14177,1.1049
14178,1.1223
14179,1.1417
14180,1.1573
14181,1.1728
14182,1.1883
14183,1.2019
14184,1.2136
14185,1.2272
14186,1.2388
14187,1.2505
14188,1.2602
14189,1.2699
14190,1.2796
14191,1.2893
14192,1.299
14193,1.3087
14194,1.3165
14195,1.3262
14196,1.3359
14197,1.3437
14198,1.3515
14199,1.3592
14200,1.3631
14201,1.3689
14202,1.3709
14203,1.3728
14204,1.3728
14205,1.3728
14206,1.3709
14207,1.367
14208,1.3612
14209,1.3553
14210,1.3437
14211,1.3301
14212,1.3126
14213,1.2951
14214,1.2718
14215,1.2485
14216,1.2194
14217,1.1903
14218,1.1592
14219,1.1282
14220,1.0932
14221,1.0602
14222,1.0233
14223,0.98835
14224,0.9534
14225,0.9165
14226,0.88155
14227,0.8466
14228,0.81165
14229,0.7767
14230,0.74369
14231,0.71068
14232,0.67767
14233,0.6466
14234,0.61748
14235,0.58835
14236,0.56117
14237,0.53592
14238,0.51262
14239,0.49126
14240,0.47184
14241,0.45437
14242,0.43883
14243,0.42524
14244,0.41359
14245,0.40194
14246,0.39029
14247,0.38058
14248,0.37282
14249,0.36311
14250,0.3534
14251,0.34369
14252,0.33398
14253,0.32621
14254,0.3165
14255,0.30874
14256,0.30097
14257,0.2932
14258,0.28544
14259,0.27961
14260,0.27379
14261,0.26796
14262,0.26214
14263,0.25825
14264,0.25437
14265,0.25049
14266,0.24854
14267,0.24466
14268,0.24078
14269,0.23689
14270,0.23301
14271,0.22913
14272,0.22524
14273,0.22136
14274,0.21748
14275,0.21359
14276,0.20971
14277,0.20583
14278,0.2
14279,0.19612
14280,0.19029
14281,0.18641
14282,0.18058
14283,0.17476
14284,0.16893
14285,0.16505
14286,0.16117
14287,0.15728
14288,0.1534
14289,0.14951
14290,0.14757
14291,0.14563
14292,0.14369
14293,0.14369
14294,0.14175
14295,0.14175
14296,0.13981
14297,0.13981
14298,0.13786
14299,0.13786
14300,0.13592
14301,0.13398
14302,0.13204
14303,0.1301
14304,0.12621
14305,0.12233
14306,0.11262
14307,0.10291
14308,0.087379
14309,0.071845
14310,0.052427
14311,0.03301
14312,0.01165
14313,-0.0097087
14314,-0.031068
14315,-0.054369
14316,-0.075728
14317,-0.097087
14318,-0.1165
14319,-0.13592
14320,-0.15534
14321,-0.17282
14322,-0.19029
14323,-0.20777
14324,-0.2233
14325,-0.23883
14326,-0.25243
14327,-0.26408
14328,-0.27573
14329,-0.28544
14330,-0.29126
14331,-0.29709
14332,-0.30097
14333,-0.30485
14334,-0.30291
14335,-0.30291
14336,-0.29709
14337,-0.2932
14338,-0.28544
14339,-0.27573
14340,-0.26602
14341,-0.25631
14342,-0.2466
14343,-0.23689
14344,-0.22524
14345,-0.21553
14346,-0.20583
14347,-0.19612
14348,-0.18641
14349,-0.1767
14350,-0.16699
14351,-0.15728
14352,-0.14951
14353,-0.13981
14354,-0.13204
14355,-0.12233
14356,-0.11262
14357,-0.10485
14358,-0.095146
14359,-0.085437
14360,-0.07767
14361,-0.069903
14362,-0.062136
14363,-0.052427
14364,-0.046602
14365,-0.038835
14366,-0.03301
14367,-0.025243
14368,-0.019417
14369,-0.013592
14370,-0.0097087
14371,-0.0038835
14372,-0.0019417
14373,0.0019417
14374,0.0038835
14375,0.0058252
14376,0.0058252
14377,0.0058252
14378,0.0058252
14379,0.0038835
14380,0.0038835
14381,0.0038835
14382,0.0038835
14383,0.0058252
14384,0.007767
14385,0.0097087
14386,0.015534
14387,0.019417
14388,0.027184
14389,0.034951
14390,0.046602
14391,0.058252
14392,0.073786
14393,0.087379
14394,0.1068
14395,0.12427
14396,0.14369
14397,0.16311
14398,0.18058
14399,0.19806
14400,0.21359
14401,0.22913
14402,0.24078
14403,0.25437
14404,0.26602
14405,0.27767
14406,0.28932
14407,0.30097
14408,0.31262
14409,0.32427
14410,0.33786
14411,0.35146
14412,0.36505
14413,0.38058
14414,0.39612
14415,0.41359
14416,0.43107
14417,0.45049
14418,0.4699
14419,0.48932
14420,0.51068
14421,0.53204
14422,0.55534
14423,0.57864
14424,0.60388
14425,0.62913
14426,0.65631
14427,0.6835
14428,0.71068
14429,0.73981
14430,0.76699
14431,0.79417
14432,0.82136
14433,0.85049
14434,0.87379
14435,0.89903
14436,0.92039
14437,0.94175
14438,0.96117
14439,0.98058
14440,0.99612
14441,1.0136
14442,1.0291
14443,1.0447
14444,1.0583
14445,1.0738
14446,1.0874
14447,1.101
14448,1.1126
14449,1.1262
14450,1.1398
14451,1.1534
14452,1.165
14453,1.1786
14454,1.1903
14455,1.2019
14456,1.2117
14457,1.2214
14458,1.2272
14459,1.235
14460,1.2408
14461,1.2466
14462,1.2485
14463,1.2524
14464,1.2524
14465,1.2544
14466,1.2524
14467,1.2505
14468,1.2466
14469,1.2427
14470,1.235
14471,1.2291
14472,1.2214
14473,1.2136
14474,1.2058
14475,1.1961
14476,1.1864
14477,1.1767
14478,1.165
14479,1.1553
14480,1.1417
14481,1.1301
14482,1.1165
14483,1.1029
14484,1.0874
14485,1.0738
14486,1.0583
14487,1.0427
14488,1.0252
14489,1.0078
14490,0.98447
14491,0.96311
14492,0.93398
14493,0.9068
14494,0.87379
14495,0.84272
14496,0.80777
14497,0.77282
14498,0.73786
14499,0.70097
14500,0.66602
14501,0.63107
14502,0.59612
14503,0.56311
14504,0.52816
14505,0.49515
14506,0.46214
14507,0.42913
14508,0.39806
14509,0.36505
14510,0.33592
14511,0.3068
14512,0.27961
14513,0.25243
14514,0.22913
14515,0.20777
14516,0.18641
14517,0.16699
14518,0.15146
14519,0.13592
14520,0.12427
14521,0.11262
14522,0.10485
14523,0.097087
14524,0.091262
14525,0.085437
14526,0.081553
14527,0.075728
14528,0.071845
14529,0.066019
14530,0.062136
14531,0.058252
14532,0.054369
14533,0.050485
14534,0.046602
14535,0.042718
14536,0.040777
14537,0.038835
14538,0.036893
14539,0.034951
14540,0.03301
14541,0.031068
14542,0.031068
14543,0.029126
14544,0.029126
14545,0.027184
14546,0.027184
14547,0.027184
14548,0.027184
14549,0.025243
14550,0.025243
14551,0.025243
14552,0.025243
14553,0.023301
14554,0.021359
14555,0.021359
14556,0.017476
14557,0.015534
14558,0.013592
14559,0.01165
14560,0.0097087
14561,0.007767
14562,0.0058252
14563,0.0058252
14564,0.0058252
14565,0.007767
14566,0.007767
14567,0.0097087
14568,0.0097087
14569,0.01165
14570,0.013592
14571,0.013592
14572,0.015534
14573,0.015534
14574,0.017476
14575,0.017476
14576,0.019417
14577,0.019417
14578,0.019417
14579,0.019417
14580,0.017476
14581,0.015534
14582,0.007767
14583,0.0
14584,-0.013592
14585,-0.025243
14586,-0.042718
14587,-0.060194
14588,-0.081553
14589,-0.10097
14590,-0.12039
14591,-0.13981
14592,-0.15922
14593,-0.17864
14594,-0.19612
14595,-0.21359
14596,-0.22913
14597,-0.24466
14598,-0.26019
14599,-0.27379
14600,-0.28738
14601,-0.29903
14602,-0.30874
14603,-0.31845
14604,-0.32621
14605,-0.33398
14606,-0.33981
14607,-0.34369
14608,-0.34563
14609,-0.34757
14610,-0.34563
14611,-0.34175
14612,-0.33592
14613,-0.32816
14614,-0.31845
14615,-0.30874
14616,-0.29515
14617,-0.2835
14618,-0.2699
14619,-0.25825
14620,-0.24466
14621,-0.23301
14622,-0.22136
14623,-0.20971
14624,-0.19806
14625,-0.18641
14626,-0.17476
14627,-0.16505
14628,-0.15534
14629,-0.14369
14630,-0.13398
14631,-0.12427
14632,-0.11456
14633,-0.10291
14634,-0.093204
14635,-0.083495
14636,-0.073786
14637,-0.064078
14638,-0.054369
14639,-0.046602
14640,-0.040777
14641,-0.03301
14642,-0.027184
14643,-0.021359
14644,-0.017476
14645,-0.013592
14646,-0.0097087
14647,-0.0058252
14648,-0.0019417
14649,0.0038835
14650,0.0058252
14651,0.0097087
14652,0.01165
14653,0.015534
14654,0.019417
14655,0.023301
14656,0.029126
14657,0.034951
14658,0.040777
14659,0.046602
14660,0.052427
14661,0.058252
14662,0.062136
14663,0.066019
14664,0.066019
14665,0.067961
14666,0.067961
14667,0.067961
14668,0.066019
14669,0.066019
14670,0.062136
14671,0.058252
14672,0.050485
14673,0.04466
14674,0.034951
14675,0.025243
14676,0.01165
14677,-0.0019417
14678,-0.015534
14679,-0.027184
14680,-0.038835
14681,-0.050485
14682,-0.058252
14683,-0.064078
14684,-0.066019
14685,-0.066019
14686,-0.062136
14687,-0.060194
14688,-0.052427
14689,-0.04466
14690,-0.03301
14691,-0.021359
14692,-0.0058252
14693,0.0097087
14694,0.031068
14695,0.050485
14696,0.073786
14697,0.097087
14698,0.12427
14699,0.15146
14700,0.18058
14701,0.21165
14702,0.2466
14703,0.28155
14704,0.32233
14705,0.36117
14706,0.40388
14707,0.44466
14708,0.48738
14709,0.5301
14710,0.57087
14711,0.61359
14712,0.65243
14713,0.6932
14714,0.7301
14715,0.76699
14716,0.8
14717,0.83301
14718,0.86214
14719,0.8932
14720,0.91845
14721,0.94563
14722,0.96699
14723,0.99029
14724,1.0117
14725,1.033
14726,1.0505
14727,1.0699
14728,1.0874
14729,1.1049
14730,1.1204
14731,1.1359
14732,1.1515
14733,1.167
14734,1.1786
14735,1.1922
14736,1.2019
14737,1.2136
14738,1.2214
14739,1.2311
14740,1.2388
14741,1.2466
14742,1.2524
14743,1.2583
14744,1.2641
14745,1.2699
14746,1.2757
14747,1.2796
14748,1.2854
14749,1.2893
14750,1.2932
14751,1.2951
14752,1.2951
14753,1.2971
14754,1.2951
14755,1.2932
14756,1.2874
14757,1.2835
14758,1.2757
14759,1.268
14760,1.2583
14761,1.2485
14762,1.233
14763,1.2175
14764,1.1981
14765,1.1767
14766,1.1495
14767,1.1243
14768,1.0932
14769,1.0621
14770,1.0272
14771,0.99417
14772,0.95922
14773,0.92427
14774,0.88932
14775,0.85437
14776,0.81942
14777,0.78447
14778,0.75146
14779,0.7165
14780,0.6835
14781,0.65049
14782,0.61942
14783,0.58641
14784,0.55534
14785,0.52621
14786,0.49709
14787,0.4699
14788,0.44272
14789,0.41748
14790,0.39612
14791,0.37476
14792,0.35728
14793,0.33981
14794,0.32621
14795,0.31262
14796,0.30097
14797,0.29126
14798,0.28155
14799,0.27379
14800,0.26602
14801,0.25631
14802,0.24854
14803,0.24078
14804,0.23301
14805,0.22524
14806,0.21748
14807,0.20971
14808,0.20388
14809,0.19806
14810,0.19223
14811,0.18641
14812,0.18252
14813,0.17864
14814,0.17476
14815,0.17087
14816,0.16893
14817,0.16699
14818,0.16311
14819,0.16117
14820,0.15728
14821,0.15534
14822,0.15146
14823,0.14951
14824,0.14757
14825,0.14369
14826,0.13981
14827,0.13592
14828,0.13204
14829,0.12621
14830,0.12233
14831,0.1165
14832,0.11262
14833,0.1068
14834,0.10291
14835,0.099029
14836,0.095146
14837,0.091262
14838,0.08932
14839,0.087379
14840,0.087379
14841,0.085437
14842,0.085437
14843,0.087379
14844,0.087379
14845,0.087379
14846,0.087379
14847,0.08932
14848,0.08932
14849,0.08932
14850,0.08932
14851,0.08932
14852,0.08932
14853,0.08932
14854,0.085437
14855,0.081553
14856,0.073786
14857,0.066019
14858,0.052427
14859,0.038835
14860,0.021359
14861,0.0058252
14862,-0.013592
14863,-0.03301
14864,-0.052427
14865,-0.073786
14866,-0.093204
14867,-0.11262
14868,-0.13204
14869,-0.15146
14870,-0.16893
14871,-0.18641
14872,-0.20388
14873,-0.22136
14874,-0.23689
14875,-0.25049
14876,-0.26408
14877,-0.27767
14878,-0.28932
14879,-0.29903
14880,-0.3068
14881,-0.31262
14882,-0.3165
14883,-0.32039
14884,-0.32039
14885,-0.32039
14886,-0.3165
14887,-0.31262
14888,-0.30485
14889,-0.29903
14890,-0.28932
14891,-0.27961
14892,-0.26796
14893,-0.25631
14894,-0.24466
14895,-0.23495
14896,-0.2233
14897,-0.21359
14898,-0.20194
14899,-0.19223
14900,-0.18252
14901,-0.17087
14902,-0.16117
14903,-0.15146
14904,-0.14175
14905,-0.13204
14906,-0.12233
14907,-0.11262
14908,-0.10291
14909,-0.093204
14910,-0.085437
14911,-0.075728
14912,-0.067961
14913,-0.060194
14914,-0.052427
14915,-0.04466
14916,-0.038835
14917,-0.03301
14918,-0.025243
14919,-0.019417
14920,-0.013592
14921,-0.007767
14922,-0.0038835
14923,0.0
14924,0.0038835
14925,0.007767
14926,0.01165
14927,0.015534
14928,0.019417
14929,0.023301
14930,0.029126
14931,0.034951
14932,0.042718
14933,0.050485
14934,0.056311
14935,0.062136
14936,0.067961
14937,0.071845
14938,0.07767
14939,0.081553
14940,0.085437
14941,0.08932
14942,0.093204
14943,0.099029
14944,0.10291
14945,0.1068
14946,0.1068
14947,0.1068
14948,0.10291
14949,0.099029
14950,0.08932
14951,0.079612
14952,0.066019
14953,0.050485
14954,0.03301
14955,0.015534
14956,-0.0019417
14957,-0.021359
14958,-0.040777
14959,-0.058252
14960,-0.07767
14961,-0.097087
14962,-0.11262
14963,-0.1301
14964,-0.14563
14965,-0.16117
14966,-0.17476
14967,-0.18835
14968,-0.2
14969,-0.21359
14970,-0.2233
14971,-0.23301
14972,-0.24078
14973,-0.24854
14974,-0.25437
14975,-0.25825
14976,-0.26214
14977,-0.26602
14978,-0.26408
14979,-0.26408
14980,-0.25825
14981,-0.25437
14982,-0.24466
14983,-0.23689
14984,-0.22524
14985,-0.21359
14986,-0.19806
14987,-0.18252
14988,-0.16505
14989,-0.14757
14990,-0.12621
14991,-0.10485
14992,-0.081553
14993,-0.056311
14994,-0.029126
14995,0.0
14996,0.03301
14997,0.066019
14998,0.10291
14999,0.13786
15000,0.17864
15001,0.21748
15002,0.25825
15003,0.29903
15004,0.33981
15005,0.38252
15006,0.42524
15007,0.46796
15008,0.50874
15009,0.55146
15010,0.59417
15011,0.63495
15012,0.67573
15013,0.7165
15014,0.75534
15015,0.79612
15016,0.83301
15017,0.87184
15018,0.91068
15019,0.94757
15020,0.98447
15021,1.0214
15022,1.0563
15023,1.0913
15024,1.1243
15025,1.1592
15026,1.1903
15027,1.2214
15028,1.2505
15029,1.2796
15030,1.3029
15031,1.3282
15032,1.3515
15033,1.3728
15034,1.3903
15035,1.4078
15036,1.4214
15037,1.433
15038,1.4388
15039,1.4447
15040,1.4447
15041,1.4447
15042,1.4369
15043,1.4311
15044,1.4194
15045,1.4078
15046,1.3942
15047,1.3825
15048,1.3689
15049,1.3573
15050,1.3417
15051,1.3282
15052,1.3146
15053,1.299
15054,1.2835
15055,1.2699
15056,1.2544
15057,1.2388
15058,1.2233
15059,1.2078
15060,1.1922
15061,1.1767
15062,1.1612
15063,1.1456
15064,1.1282
15065,1.1126
15066,1.0971
15067,1.0816
15068,1.068
15069,1.0544
15070,1.0408
15071,1.0291
15072,1.0194
15073,1.0078
15074,0.99806
15075,0.98835
15076,0.97864
15077,0.96893
15078,0.95728
15079,0.94563
15080,0.93204
15081,0.92039
15082,0.90874
15083,0.89709
15084,0.88544
15085,0.87379
15086,0.86408
15087,0.85243
15088,0.84272
15089,0.83301
15090,0.8233
15091,0.81359
15092,0.80583
15093,0.79612
15094,0.78835
15095,0.77864
15096,0.77087
15097,0.76117
15098,0.75146
15099,0.74175
15100,0.7301
15101,0.72039
15102,0.70874
15103,0.69709
15104,0.68544
15105,0.67379
15106,0.66019
15107,0.6466
15108,0.63301
15109,0.61942
15110,0.60388
15111,0.59029
15112,0.57476
15113,0.55922
15114,0.54563
15115,0.53204
15116,0.51845
15117,0.5068
15118,0.49515
15119,0.48544
15120,0.47573
15121,0.46796
15122,0.46019
15123,0.45243
15124,0.44466
15125,0.43689
15126,0.42913
15127,0.42136
15128,0.41359
15129,0.40583
15130,0.39806
15131,0.39029
15132,0.38058
15133,0.37282
15134,0.36117
15135,0.34757
15136,0.33204
15137,0.31456
15138,0.2932
15139,0.27184
15140,0.2466
15141,0.21942
15142,0.19223
15143,0.16505
15144,0.13786
15145,0.10874
15146,0.081553
15147,0.054369
15148,0.029126
15149,0.0038835
15150,-0.019417
15151,-0.042718
15152,-0.064078
15153,-0.085437
15154,-0.10291
15155,-0.12233
15156,-0.13786
15157,-0.1534
15158,-0.16699
15159,-0.17864
15160,-0.18641
15161,-0.19612
15162,-0.2
15163,-0.20388
15164,-0.20388
15165,-0.20388
15166,-0.2
15167,-0.19612
15168,-0.19029
15169,-0.18447
15170,-0.1767
15171,-0.16893
15172,-0.16311
15173,-0.15534
15174,-0.14757
15175,-0.13981
15176,-0.13398
15177,-0.12621
15178,-0.12039
15179,-0.11456
15180,-0.10874
15181,-0.10291
15182,-0.095146
15183,-0.08932
15184,-0.083495
15185,-0.075728
15186,-0.069903
15187,-0.062136
15188,-0.056311
15189,-0.048544
15190,-0.042718
15191,-0.034951
15192,-0.029126
15193,-0.021359
15194,-0.015534
15195,-0.0097087
15196,-0.0038835
15197,0.0
15198,0.0038835
15199,0.007767
15200,0.0097087
15201,0.01165
15202,0.013592
15203,0.017476
15204,0.019417
15205,0.023301
15206,0.027184
15207,0.029126
15208,0.03301
15209,0.036893
15210,0.042718
15211,0.046602
15212,0.052427
15213,0.056311
15214,0.062136
15215,0.066019
15216,0.069903
15217,0.073786
15218,0.07767
15219,0.081553
15220,0.083495
15221,0.087379
15222,0.091262
15223,0.095146
15224,0.097087
15225,0.10097
15226,0.099029
15227,0.097087
15228,0.091262
15229,0.085437
15230,0.071845
15231,0.060194
15232,0.04466
15233,0.027184
15234,0.0097087
15235,-0.0097087
15236,-0.029126
15237,-0.048544
15238,-0.067961
15239,-0.085437
15240,-0.10291
15241,-0.12039
15242,-0.13592
15243,-0.1534
15244,-0.16699
15245,-0.18252
15246,-0.19612
15247,-0.20971
15248,-0.21942
15249,-0.23107
15250,-0.23883
15251,-0.2466
15252,-0.25243
15253,-0.25631
15254,-0.25825
15255,-0.26019
15256,-0.25825
15257,-0.25631
15258,-0.25049
15259,-0.2466
15260,-0.23689
15261,-0.22913
15262,-0.21942
15263,-0.21165
15264,-0.20194
15265,-0.19223
15266,-0.18252
15267,-0.17282
15268,-0.16505
15269,-0.15534
15270,-0.14757
15271,-0.13786
15272,-0.1301
15273,-0.12039
15274,-0.11262
15275,-0.10291
15276,-0.093204
15277,-0.083495
15278,-0.075728
15279,-0.067961
15280,-0.060194
15281,-0.052427
15282,-0.046602
15283,-0.040777
15284,-0.036893
15285,-0.031068
15286,-0.029126
15287,-0.025243
15288,-0.023301
15289,-0.021359
15290,-0.019417
15291,-0.015534
15292,-0.0097087
15293,-0.0058252
15294,0.0019417
15295,0.0097087
15296,0.019417
15297,0.029126
15298,0.042718
15299,0.058252
15300,0.07767
15301,0.097087
15302,0.12233
15303,0.14757
15304,0.1767
15305,0.20777
15306,0.24078
15307,0.27379
15308,0.31068
15309,0.34757
15310,0.38447
15311,0.42136
15312,0.46019
15313,0.49903
15314,0.53592
15315,0.57476
15316,0.60971
15317,0.6466
15318,0.67573
15319,0.7068
15320,0.7301
15321,0.7534
15322,0.77087
15323,0.78835
15324,0.80194
15325,0.81553
15326,0.82524
15327,0.83689
15328,0.8466
15329,0.85631
15330,0.86408
15331,0.87184
15332,0.87961
15333,0.88932
15334,0.89515
15335,0.90291
15336,0.91068
15337,0.9165
15338,0.92233
15339,0.9301
15340,0.93592
15341,0.94175
15342,0.94757
15343,0.95534
15344,0.96117
15345,0.96699
15346,0.97282
15347,0.98058
15348,0.98835
15349,0.99806
15350,1.0078
15351,1.0175
15352,1.0311
15353,1.0447
15354,1.0583
15355,1.0718
15356,1.0854
15357,1.101
15358,1.1146
15359,1.1301
15360,1.1437
15361,1.1573
15362,1.1689
15363,1.1825
15364,1.1922
15365,1.2039
15366,1.2155
15367,1.2272
15368,1.2388
15369,1.2485
15370,1.2583
15371,1.268
15372,1.2738
15373,1.2816
15374,1.2854
15375,1.2893
15376,1.2913
15377,1.2951
15378,1.2932
15379,1.2913
15380,1.2874
15381,1.2816
15382,1.2738
15383,1.268
15384,1.2563
15385,1.2466
15386,1.235
15387,1.2214
15388,1.2078
15389,1.1922
15390,1.1767
15391,1.1612
15392,1.1437
15393,1.1282
15394,1.1126
15395,1.0971
15396,1.0816
15397,1.066
15398,1.0524
15399,1.0388
15400,1.0252
15401,1.0117
15402,0.99612
15403,0.98058
15404,0.96505
15405,0.94951
15406,0.93398
15407,0.91845
15408,0.90291
15409,0.88738
15410,0.86796
15411,0.85049
15412,0.82718
15413,0.80583
15414,0.7767
15415,0.74951
15416,0.71845
15417,0.68738
15418,0.65243
15419,0.61942
15420,0.58447
15421,0.54951
15422,0.51456
15423,0.47961
15424,0.44466
15425,0.41165
15426,0.37864
15427,0.34369
15428,0.31262
15429,0.27961
15430,0.25049
15431,0.21942
15432,0.19223
15433,0.16699
15434,0.14175
15435,0.11845
15436,0.099029
15437,0.07767
15438,0.062136
15439,0.046602
15440,0.034951
15441,0.023301
15442,0.015534
15443,0.0097087
15444,0.0058252
15445,0.0019417
15446,-0.0019417
15447,-0.0038835
15448,-0.0038835
15449,-0.0058252
15450,-0.0058252
15451,-0.007767
15452,-0.007767
15453,-0.007767
15454,-0.007767
15455,-0.0097087
15456,-0.0097087
15457,-0.0097087
15458,-0.0097087
15459,-0.0097087
15460,-0.0097087
15461,-0.0097087
15462,-0.007767
15463,-0.007767
15464,-0.007767
15465,-0.0058252
15466,-0.0038835
15467,-0.0019417
15468,0.0
15469,0.0019417
15470,0.0038835
15471,0.0058252
15472,0.007767
15473,0.0097087
15474,0.0097087
15475,0.01165
15476,0.01165
15477,0.013592
15478,0.013592
15479,0.013592
15480,0.015534
15481,0.015534
15482,0.015534
15483,0.015534
15484,0.015534
15485,0.015534
15486,0.017476
15487,0.019417
15488,0.023301
15489,0.027184
15490,0.029126
15491,0.03301
15492,0.036893
15493,0.040777
15494,0.042718
15495,0.046602
15496,0.048544
15497,0.050485
15498,0.052427
15499,0.054369
15500,0.056311
15501,0.058252
15502,0.056311
15503,0.054369
15504,0.048544
15505,0.042718
15506,0.031068
15507,0.021359
15508,0.0038835
15509,-0.01165
15510,-0.029126
15511,-0.048544
15512,-0.067961
15513,-0.087379
15514,-0.1068
15515,-0.12427
15516,-0.14175
15517,-0.15922
15518,-0.1767
15519,-0.19223
15520,-0.20777
15521,-0.2233
15522,-0.23689
15523,-0.25049
15524,-0.26214
15525,-0.27184
15526,-0.28155
15527,-0.28932
15528,-0.29515
15529,-0.30097
15530,-0.30291
15531,-0.30485
15532,-0.30291
15533,-0.30097
15534,-0.29515
15535,-0.28932
15536,-0.27961
15537,-0.27184
15538,-0.26019
15539,-0.25049
15540,-0.23883
15541,-0.22913
15542,-0.21942
15543,-0.20971
15544,-0.2
15545,-0.19029
15546,-0.18058
15547,-0.17087
15548,-0.16311
15549,-0.1534
15550,-0.14369
15551,-0.13592
15552,-0.12621
15553,-0.11845
15554,-0.10874
15555,-0.10097
15556,-0.093204
15557,-0.083495
15558,-0.075728
15559,-0.067961
15560,-0.060194
15561,-0.050485
15562,-0.04466
15563,-0.036893
15564,-0.031068
15565,-0.023301
15566,-0.019417
15567,-0.013592
15568,-0.007767
15569,-0.0038835
15570,0.0
15571,0.0038835
15572,0.0058252
15573,0.0097087
15574,0.013592
15575,0.015534
15576,0.019417
15577,0.023301
15578,0.027184
15579,0.031068
15580,0.034951
15581,0.038835
15582,0.038835
15583,0.040777
15584,0.038835
15585,0.036893
15586,0.036893
15587,0.034951
15588,0.034951
15589,0.03301
15590,0.036893
15591,0.038835
15592,0.04466
15593,0.050485
15594,0.056311
15595,0.064078
15596,0.071845
15597,0.079612
15598,0.085437
15599,0.093204
15600,0.099029
15601,0.10485
15602,0.11262
15603,0.12039
15604,0.1301
15605,0.13981
15606,0.15146
15607,0.16311
15608,0.1767
15609,0.19029
15610,0.20583
15611,0.22136
15612,0.23883
15613,0.25631
15614,0.27573
15615,0.29515
15616,0.3165
15617,0.33786
15618,0.36117
15619,0.38447
15620,0.40971
15621,0.43689
15622,0.46602
15623,0.49515
15624,0.52621
15625,0.55922
15626,0.59417
15627,0.62913
15628,0.66796
15629,0.70485
15630,0.74175
15631,0.78058
15632,0.81748
15633,0.85437
15634,0.88738
15635,0.92039
15636,0.95146
15637,0.98058
15638,1.0058
15639,1.0311
15640,1.0524
15641,1.0738
15642,1.0913
15643,1.1107
15644,1.1262
15645,1.1437
15646,1.1573
15647,1.1728
15648,1.1864
15649,1.2
15650,1.2117
15651,1.2252
15652,1.2369
15653,1.2466
15654,1.2583
15655,1.268
15656,1.2796
15657,1.2893
15658,1.299
15659,1.3068
15660,1.3146
15661,1.3223
15662,1.3282
15663,1.334
15664,1.3359
15665,1.3379
15666,1.3379
15667,1.3379
15668,1.3359
15669,1.334
15670,1.3301
15671,1.3262
15672,1.3204
15673,1.3165
15674,1.3068
15675,1.299
15676,1.2874
15677,1.2777
15678,1.2621
15679,1.2466
15680,1.2291
15681,1.2136
15682,1.1961
15683,1.1786
15684,1.1592
15685,1.1417
15686,1.1184
15687,1.0971
15688,1.0699
15689,1.0427
15690,1.0117
15691,0.98058
15692,0.94563
15693,0.91262
15694,0.87573
15695,0.84078
15696,0.80388
15697,0.76893
15698,0.73204
15699,0.69709
15700,0.66214
15701,0.62718
15702,0.59223
15703,0.55922
15704,0.52621
15705,0.4932
15706,0.46019
15707,0.42913
15708,0.39806
15709,0.36699
15710,0.33981
15711,0.31262
15712,0.28932
15713,0.26408
15714,0.24466
15715,0.22524
15716,0.20777
15717,0.19223
15718,0.17864
15719,0.16699
15720,0.15728
15721,0.14757
15722,0.13981
15723,0.13204
15724,0.12621
15725,0.12039
15726,0.11456
15727,0.10874
15728,0.10291
15729,0.099029
15730,0.093204
15731,0.08932
15732,0.087379
15733,0.083495
15734,0.081553
15735,0.081553
15736,0.079612
15737,0.079612
15738,0.079612
15739,0.079612
15740,0.07767
15741,0.07767
15742,0.075728
15743,0.073786
15744,0.071845
15745,0.069903
15746,0.067961
15747,0.066019
15748,0.064078
15749,0.062136
15750,0.060194
15751,0.056311
15752,0.054369
15753,0.050485
15754,0.046602
15755,0.04466
15756,0.040777
15757,0.038835
15758,0.036893
15759,0.03301
15760,0.031068
15761,0.031068
15762,0.029126
15763,0.029126
15764,0.031068
15765,0.031068
15766,0.031068
15767,0.03301
15768,0.03301
15769,0.03301
15770,0.034951
15771,0.034951
15772,0.034951
15773,0.034951
15774,0.034951
15775,0.034951
15776,0.034951
15777,0.034951
15778,0.031068
15779,0.029126
15780,0.023301
15781,0.017476
15782,0.0058252
15783,-0.0038835
15784,-0.021359
15785,-0.036893
15786,-0.056311
15787,-0.073786
15788,-0.093204
15789,-0.11456
15790,-0.13398
15791,-0.15146
15792,-0.17087
15793,-0.18835
15794,-0.20583
15795,-0.22136
15796,-0.23883
15797,-0.25437
15798,-0.26796
15799,-0.28155
15800,-0.29515
15801,-0.3068
15802,-0.31456
15803,-0.32427
15804,-0.3301
15805,-0.33592
15806,-0.33786
15807,-0.33981
15808,-0.33786
15809,-0.33592
15810,-0.33204
15811,-0.32621
15812,-0.3165
15813,-0.30874
15814,-0.29709
15815,-0.28738
15816,-0.27573
15817,-0.26408
15818,-0.25437
15819,-0.24272
15820,-0.23301
15821,-0.2233
15822,-0.21359
15823,-0.20388
15824,-0.19417
15825,-0.18447
15826,-0.17282
15827,-0.16311
15828,-0.1534
15829,-0.14369
15830,-0.13398
15831,-0.12233
15832,-0.11456
15833,-0.10485
15834,-0.095146
15835,-0.087379
15836,-0.079612
15837,-0.071845
15838,-0.064078
15839,-0.056311
15840,-0.048544
15841,-0.040777
15842,-0.034951
15843,-0.027184
15844,-0.021359
15845,-0.013592
15846,-0.0097087
15847,-0.0038835
15848,0.0019417
15849,0.0058252
15850,0.01165
15851,0.015534
15852,0.021359
15853,0.025243
15854,0.031068
15855,0.038835
15856,0.04466
15857,0.050485
15858,0.058252
15859,0.064078
15860,0.069903
15861,0.075728
15862,0.079612
15863,0.083495
15864,0.087379
15865,0.091262
15866,0.095146
15867,0.099029
15868,0.10097
15869,0.10485
15870,0.1068
15871,0.10874
15872,0.10874
15873,0.10874
15874,0.10097
15875,0.095146
15876,0.081553
15877,0.069903
15878,0.052427
15879,0.036893
15880,0.017476
15881,-0.0019417
15882,-0.021359
15883,-0.040777
15884,-0.060194
15885,-0.079612
15886,-0.097087
15887,-0.11456
15888,-0.13204
15889,-0.14757
15890,-0.16311
15891,-0.17864
15892,-0.19223
15893,-0.20583
15894,-0.21748
15895,-0.22718
15896,-0.23689
15897,-0.24466
15898,-0.24854
15899,-0.25243
15900,-0.25243
15901,-0.25243
15902,-0.25049
15903,-0.2466
15904,-0.23883
15905,-0.23301
15906,-0.22524
15907,-0.21748
15908,-0.20971
15909,-0.20194
15910,-0.19417
15911,-0.18835
15912,-0.18252
15913,-0.1767
15914,-0.17087
15915,-0.16505
15916,-0.15922
15917,-0.1534
15918,-0.14563
15919,-0.13786
15920,-0.12621
15921,-0.1165
15922,-0.10097
15923,-0.085437
15924,-0.067961
15925,-0.048544
15926,-0.023301
15927,0.0
15928,0.029126
15929,0.058252
15930,0.091262
15931,0.12427
15932,0.16311
15933,0.2
15934,0.24078
15935,0.28155
15936,0.32427
15937,0.36699
15938,0.40971
15939,0.45437
15940,0.49709
15941,0.54175
15942,0.58641
15943,0.62913
15944,0.67184
15945,0.7165
15946,0.75922
15947,0.80194
15948,0.84466
15949,0.88544
15950,0.92621
15951,0.96893
15952,1.0078
15953,1.0485
15954,1.0874
15955,1.1262
15956,1.165
15957,1.2019
15958,1.2388
15959,1.2757
15960,1.3126
15961,1.3476
15962,1.3767
15963,1.4078
15964,1.4311
15965,1.4563
15966,1.4699
15967,1.4854
15968,1.4893
15969,1.4932
15970,1.4932
15971,1.4932
15972,1.4874
15973,1.4835
15974,1.4718
15975,1.4621
15976,1.4485
15977,1.435
15978,1.4214
15979,1.4078
15980,1.3942
15981,1.3806
15982,1.3689
15983,1.3573
15984,1.3456
15985,1.3359
15986,1.3282
15987,1.3204
15988,1.3146
15989,1.3087
15990,1.3049
15991,1.3029
15992,1.3029
15993,1.301
15994,1.3049
15995,1.3068
15996,1.3107
15997,1.3165
15998,1.3223
15999,1.3282
16000,1.334
16001,1.3417
16002,1.3456
16003,1.3515
16004,1.3553
16005,1.3573
16006,1.3592
16007,1.3592
16008,1.3573
16009,1.3553
16010,1.3515
16011,1.3476
16012,1.3417
16013,1.3359
16014,1.3282
16015,1.3204
16016,1.3087
16017,1.2971
16018,1.2835
16019,1.2718
16020,1.2583
16021,1.2447
16022,1.2291
16023,1.2155
16024,1.2
16025,1.1845
16026,1.1689
16027,1.1553
16028,1.1398
16029,1.1243
16030,1.1107
16031,1.0951
16032,1.0796
16033,1.066
16034,1.0505
16035,1.035
16036,1.0194
16037,1.0039
16038,0.98835
16039,0.97087
16040,0.95534
16041,0.93786
16042,0.92039
16043,0.90485
16044,0.88932
16045,0.87379
16046,0.85825
16047,0.84466
16048,0.83107
16049,0.81942
16050,0.80388
16051,0.79029
16052,0.77476
16053,0.75922
16054,0.74369
16055,0.72816
16056,0.71262
16057,0.69709
16058,0.67961
16059,0.66214
16060,0.64272
16061,0.6233
16062,0.59806
16063,0.57476
16064,0.54757
16065,0.52039
16066,0.49126
16067,0.46214
16068,0.43107
16069,0.40194
16070,0.37087
16071,0.34175
16072,0.31068
16073,0.28155
16074,0.25243
16075,0.2233
16076,0.19612
16077,0.16893
16078,0.14175
16079,0.11456
16080,0.08932
16081,0.064078
16082,0.040777
16083,0.019417
16084,0.0
16085,-0.019417
16086,-0.03301
16087,-0.048544
16088,-0.060194
16089,-0.069903
16090,-0.07767
16091,-0.083495
16092,-0.085437
16093,-0.087379
16094,-0.085437
16095,-0.083495
16096,-0.081553
16097,-0.07767
16098,-0.075728
16099,-0.071845
16100,-0.069903
16101,-0.067961
16102,-0.064078
16103,-0.062136
16104,-0.060194
16105,-0.056311
16106,-0.052427
16107,-0.048544
16108,-0.04466
16109,-0.038835
16110,-0.034951
16111,-0.031068
16112,-0.027184
16113,-0.023301
16114,-0.019417
16115,-0.017476
16116,-0.013592
16117,-0.0097087
16118,-0.007767
16119,-0.0058252
16120,-0.0038835
16121,-0.0019417
16122,-0.0019417
16123,0.0
16124,0.0019417
16125,0.0019417
16126,0.0019417
16127,0.0019417
16128,0.0019417
16129,0.0019417
16130,0.0019417
16131,0.0019417
16132,0.0038835
16133,0.0038835
16134,0.0058252
16135,0.007767
16136,0.0097087
16137,0.01165
16138,0.015534
16139,0.017476
16140,0.019417
16141,0.021359
16142,0.025243
16143,0.027184
16144,0.031068
16145,0.034951
16146,0.036893
16147,0.040777
16148,0.042718
16149,0.04466
16150,0.04466
16151,0.042718
16152,0.036893
16153,0.03301
16154,0.023301
16155,0.013592
16156,0.0
16157,-0.013592
16158,-0.031068
16159,-0.048544
16160,-0.066019
16161,-0.085437
16162,-0.10291
16163,-0.12233
16164,-0.13981
16165,-0.15728
16166,-0.17282
16167,-0.18835
16168,-0.20388
16169,-0.21942
16170,-0.23301
16171,-0.2466
16172,-0.25825
16173,-0.2699
16174,-0.27961
16175,-0.28932
16176,-0.29709
16177,-0.30485
16178,-0.30874
16179,-0.31456
16180,-0.31456
16181,-0.31456
16182,-0.31068
16183,-0.30485
16184,-0.29709
16185,-0.28932
16186,-0.27961
16187,-0.26796
16188,-0.25825
16189,-0.2466
16190,-0.23689
16191,-0.22524
16192,-0.21553
16193,-0.20583
16194,-0.19612
16195,-0.18641
16196,-0.1767
16197,-0.16699
16198,-0.15922
16199,-0.14951
16200,-0.13981
16201,-0.1301
16202,-0.12233
16203,-0.11262
16204,-0.10485
16205,-0.097087
16206,-0.08932
16207,-0.081553
16208,-0.075728
16209,-0.067961
16210,-0.062136
16211,-0.054369
16212,-0.046602
16213,-0.038835
16214,-0.03301
16215,-0.025243
16216,-0.021359
16217,-0.015534
16218,-0.013592
16219,-0.0097087
16220,-0.0097087
16221,-0.0097087
16222,-0.0097087
16223,-0.007767
16224,-0.0058252
16225,-0.0058252
16226,0.0
16227,0.0038835
16228,0.01165
16229,0.019417
16230,0.031068
16231,0.04466
16232,0.062136
16233,0.07767
16234,0.10097
16235,0.12427
16236,0.15146
16237,0.18058
16238,0.21165
16239,0.24466
16240,0.27961
16241,0.31456
16242,0.34951
16243,0.38252
16244,0.41553
16245,0.4466
16246,0.47184
16247,0.49903
16248,0.52039
16249,0.53981
16250,0.55922
16251,0.5767
16252,0.59417
16253,0.61165
16254,0.62913
16255,0.64466
16256,0.66214
16257,0.67961
16258,0.69709
16259,0.71456
16260,0.73204
16261,0.74757
16262,0.76505
16263,0.78447
16264,0.80194
16265,0.81942
16266,0.83883
16267,0.85825
16268,0.87961
16269,0.89903
16270,0.92039
16271,0.94369
16272,0.96505
16273,0.98835
16274,1.0117
16275,1.035
16276,1.0563
16277,1.0777
16278,1.0971
16279,1.1184
16280,1.1359
16281,1.1534
16282,1.1689
16283,1.1845
16284,1.1981
16285,1.2117
16286,1.2252
16287,1.2369
16288,1.2485
16289,1.2602
16290,1.2718
16291,1.2835
16292,1.2951
16293,1.3049
16294,1.3165
16295,1.3262
16296,1.3359
16297,1.3456
16298,1.3534
16299,1.3612
16300,1.3689
16301,1.3767
16302,1.3825
16303,1.3883
16304,1.3903
16305,1.3942
16306,1.3942
16307,1.3942
16308,1.3903
16309,1.3864
16310,1.3786
16311,1.3709
16312,1.3592
16313,1.3495
16314,1.3359
16315,1.3223
16316,1.3049
16317,1.2893
16318,1.2718
16319,1.2563
16320,1.2388
16321,1.2214
16322,1.2058
16323,1.1883
16324,1.1709
16325,1.1534
16326,1.1359
16327,1.1184
16328,1.099
16329,1.0796
16330,1.0621
16331,1.0427
16332,1.0252
16333,1.0078
16334,0.98641
16335,0.96699
16336,0.94563
16337,0.92233
16338,0.89709
16339,0.8699
16340,0.84078
16341,0.81165
16342,0.77864
16343,0.74757
16344,0.71262
16345,0.67767
16346,0.64466
16347,0.60971
16348,0.57476
16349,0.53981
16350,0.5068
16351,0.47184
16352,0.43883
16353,0.40583
16354,0.37282
16355,0.34175
16356,0.31068
16357,0.27767
16358,0.25049
16359,0.2233
16360,0.19806
16361,0.17282
16362,0.1534
16363,0.13204
16364,0.1165
16365,0.099029
16366,0.08932
16367,0.07767
16368,0.071845
16369,0.066019
16370,0.062136
16371,0.058252
16372,0.056311
16373,0.052427
16374,0.050485
16375,0.048544
16376,0.046602
16377,0.042718
16378,0.040777
16379,0.038835
16380,0.036893
16381,0.03301
16382,0.031068
16383,0.029126
16384,0.029126
16385,0.027184
16386,0.025243
16387,0.023301
16388,0.021359
16389,0.019417
16390,0.017476
16391,0.017476
16392,0.017476
16393,0.017476
16394,0.017476
16395,0.017476
16396,0.015534
16397,0.015534
16398,0.015534
16399,0.015534
16400,0.013592
16401,0.01165
16402,0.0097087
16403,0.007767
16404,0.0058252
16405,0.0038835
16406,0.0019417
16407,0.0
16408,0.0
16409,0.0
16410,0.0
16411,0.0019417
16412,0.0038835
16413,0.007767
16414,0.0097087
16415,0.01165
16416,0.01165
16417,0.013592
16418,0.015534
16419,0.015534
16420,0.017476
16421,0.017476
16422,0.017476
16423,0.019417
16424,0.019417
16425,0.019417
16426,0.015534
16427,0.01165
16428,0.0038835
16429,-0.0038835
16430,-0.015534
16431,-0.029126
16432,-0.046602
16433,-0.062136
16434,-0.081553
16435,-0.10097
16436,-0.12039
16437,-0.13981
16438,-0.15728
16439,-0.1767
16440,-0.19612
16441,-0.21359
16442,-0.22913
16443,-0.24466
16444,-0.26019
16445,-0.27379
16446,-0.28738
16447,-0.29903
16448,-0.31068
16449,-0.32039
16450,-0.32816
16451,-0.33398
16452,-0.33786
16453,-0.34175
16454,-0.34369
16455,-0.34369
16456,-0.34175
16457,-0.33786
16458,-0.33204
16459,-0.32621
16460,-0.31845
16461,-0.30874
16462,-0.29709
16463,-0.28738
16464,-0.27573
16465,-0.26408
16466,-0.25243
16467,-0.24272
16468,-0.23107
16469,-0.22136
16470,-0.21165
16471,-0.20194
16472,-0.19223
16473,-0.18252
16474,-0.17282
16475,-0.16311
16476,-0.1534
16477,-0.14369
16478,-0.13592
16479,-0.12621
16480,-0.1165
16481,-0.10874
16482,-0.099029
16483,-0.091262
16484,-0.081553
16485,-0.073786
16486,-0.066019
16487,-0.058252
16488,-0.052427
16489,-0.04466
16490,-0.038835
16491,-0.03301
16492,-0.027184
16493,-0.023301
16494,-0.019417
16495,-0.015534
16496,-0.01165
16497,-0.0097087
16498,-0.0058252
16499,-0.0019417
16500,0.0019417
16501,0.007767
16502,0.013592
16503,0.019417
16504,0.025243
16505,0.03301
16506,0.036893
16507,0.042718
16508,0.046602
16509,0.050485
16510,0.054369
16511,0.058252
16512,0.062136
16513,0.067961
16514,0.071845
16515,0.075728
16516,0.07767
16517,0.079612
16518,0.079612
16519,0.07767
16520,0.071845
16521,0.066019
16522,0.052427
16523,0.038835
16524,0.017476
16525,-0.0019417
16526,-0.023301
16527,-0.046602
16528,-0.069903
16529,-0.093204
16530,-0.11262
16531,-0.13204
16532,-0.14951
16533,-0.16699
16534,-0.1767
16535,-0.18835
16536,-0.19417
16537,-0.2
16538,-0.2
16539,-0.19806
16540,-0.19223
16541,-0.18447
16542,-0.17087
16543,-0.15534
16544,-0.13592
16545,-0.11456
16546,-0.085437
16547,-0.058252
16548,-0.023301
16549,0.01165
16550,0.052427
16551,0.093204
16552,0.13786
16553,0.18252
16554,0.23107
16555,0.27961
16556,0.32816
16557,0.37864
16558,0.42913
16559,0.47767
16560,0.52621
16561,0.5767
16562,0.6233
16563,0.6699
16564,0.71262
16565,0.75728
16566,0.79806
16567,0.84078
16568,0.87767
16569,0.9165
16570,0.9534
16571,0.98835
16572,1.0233
16573,1.0563
16574,1.0874
16575,1.1184
16576,1.1456
16577,1.1728
16578,1.1981
16579,1.2214
16580,1.2408
16581,1.2621
16582,1.2777
16583,1.2951
16584,1.3087
16585,1.3223
16586,1.334
16587,1.3456
16588,1.3573
16589,1.367
16590,1.3767
16591,1.3864
16592,1.3942
16593,1.4039
16594,1.4117
16595,1.4194
16596,1.4272
16597,1.435
16598,1.4408
16599,1.4466
16600,1.4524
16601,1.4563
16602,1.4602
16603,1.4641
16604,1.468
16605,1.4699
16606,1.4699
16607,1.4699
16608,1.466
16609,1.4621
16610,1.4505
16611,1.4388
16612,1.4214
16613,1.4039
16614,1.3786
16615,1.3553
16616,1.3262
16617,1.2971
16618,1.2641
16619,1.233
16620,1.1981
16621,1.165
16622,1.1282
16623,1.0932
16624,1.0544
16625,1.0175
16626,0.97864
16627,0.93981
16628,0.90291
16629,0.86408
16630,0.82913
16631,0.79223
16632,0.75922
16633,0.72427
16634,0.6932
16635,0.66214
16636,0.63495
16637,0.60583
16638,0.58252
16639,0.56117
16640,0.54175
16641,0.52427
16642,0.51068
16643,0.49515
16644,0.48544
16645,0.47379
16646,0.46214
16647,0.45243
16648,0.44272
16649,0.43301
16650,0.4233
16651,0.41165
16652,0.40194
16653,0.39223
16654,0.38252
16655,0.37282
16656,0.36311
16657,0.3534
16658,0.34563
16659,0.33786
16660,0.3301
16661,0.32233
16662,0.31456
16663,0.3068
16664,0.30097
16665,0.2932
16666,0.28738
16667,0.28155
16668,0.27573
16669,0.27184
16670,0.26602
16671,0.26019
16672,0.25437
16673,0.25049
16674,0.24466
16675,0.23883
16676,0.23301
16677,0.22913
16678,0.2233
16679,0.21748
16680,0.20971
16681,0.20388
16682,0.2
16683,0.19417
16684,0.19029
16685,0.18641
16686,0.18447
16687,0.18058
16688,0.17864
16689,0.1767
16690,0.17282
16691,0.16893
16692,0.16699
16693,0.16311
16694,0.15922
16695,0.15534
16696,0.1534
16697,0.14951
16698,0.14563
16699,0.14369
16700,0.13981
16701,0.13592
16702,0.12816
16703,0.12039
16704,0.10874
16705,0.097087
16706,0.081553
16707,0.064078
16708,0.04466
16709,0.023301
16710,0.0019417
16711,-0.019417
16712,-0.040777
16713,-0.064078
16714,-0.083495
16715,-0.10485
16716,-0.12427
16717,-0.14369
16718,-0.16117
16719,-0.17864
16720,-0.19417
16721,-0.20971
16722,-0.22524
16723,-0.23883
16724,-0.25049
16725,-0.26214
16726,-0.27184
16727,-0.28155
16728,-0.28932
16729,-0.29515
16730,-0.29709
16731,-0.29903
16732,-0.29903
16733,-0.29709
16734,-0.2932
16735,-0.28932
16736,-0.28155
16737,-0.27379
16738,-0.26408
16739,-0.25437
16740,-0.24272
16741,-0.23107
16742,-0.22136
16743,-0.21165
16744,-0.20194
16745,-0.19029
16746,-0.18252
16747,-0.17282
16748,-0.16505
16749,-0.15534
16750,-0.14757
16751,-0.13786
16752,-0.12816
16753,-0.11845
16754,-0.11068
16755,-0.10097
16756,-0.091262
16757,-0.083495
16758,-0.075728
16759,-0.066019
16760,-0.058252
16761,-0.050485
16762,-0.042718
16763,-0.034951
16764,-0.029126
16765,-0.021359
16766,-0.015534
16767,-0.01165
16768,-0.007767
16769,-0.0019417
16770,0.0
16771,0.0038835
16772,0.0058252
16773,0.007767
16774,0.01165
16775,0.015534
16776,0.019417
16777,0.023301
16778,0.029126
16779,0.034951
16780,0.040777
16781,0.046602
16782,0.052427
16783,0.058252
16784,0.062136
16785,0.066019
16786,0.069903
16787,0.073786
16788,0.07767
16789,0.081553
16790,0.083495
16791,0.087379
16792,0.091262
16793,0.093204
16794,0.091262
16795,0.091262
16796,0.085437
16797,0.079612
16798,0.067961
16799,0.056311
16800,0.040777
16801,0.023301
16802,0.0058252
16803,-0.01165
16804,-0.031068
16805,-0.050485
16806,-0.069903
16807,-0.08932
16808,-0.1068
16809,-0.12427
16810,-0.14175
16811,-0.15728
16812,-0.17282
16813,-0.18641
16814,-0.2
16815,-0.21359
16816,-0.22524
16817,-0.23689
16818,-0.24466
16819,-0.25437
16820,-0.26214
16821,-0.2699
16822,-0.27379
16823,-0.27767
16824,-0.27961
16825,-0.27961
16826,-0.27573
16827,-0.27184
16828,-0.26408
16829,-0.25631
16830,-0.24272
16831,-0.22913
16832,-0.21165
16833,-0.19417
16834,-0.17282
16835,-0.15146
16836,-0.12427
16837,-0.099029
16838,-0.069903
16839,-0.040777
16840,-0.0058252
16841,0.027184
16842,0.064078
16843,0.10097
16844,0.13981
16845,0.18058
16846,0.22136
16847,0.26408
16848,0.3068
16849,0.35146
16850,0.39417
16851,0.43883
16852,0.48544
16853,0.5301
16854,0.57476
16855,0.61942
16856,0.66408
16857,0.70874
16858,0.75146
16859,0.79612
16860,0.83883
16861,0.88155
16862,0.92233
16863,0.96311
16864,1.0019
16865,1.0408
16866,1.0777
16867,1.1146
16868,1.1495
16869,1.1845
16870,1.2155
16871,1.2466
16872,1.2757
16873,1.3029
16874,1.3262
16875,1.3495
16876,1.3689
16877,1.3883
16878,1.4058
16879,1.4214
16880,1.433
16881,1.4466
16882,1.4524
16883,1.4602
16884,1.4641
16885,1.466
16886,1.4641
16887,1.4602
16888,1.4524
16889,1.4447
16890,1.433
16891,1.4214
16892,1.4078
16893,1.3922
16894,1.3767
16895,1.3631
16896,1.3456
16897,1.3301
16898,1.3146
16899,1.299
16900,1.2835
16901,1.268
16902,1.2524
16903,1.2369
16904,1.2194
16905,1.2039
16906,1.1864
16907,1.1689
16908,1.1495
16909,1.1301
16910,1.1107
16911,1.0913
16912,1.0718
16913,1.0524
16914,1.035
16915,1.0175
16916,1.0
16917,0.98447
16918,0.96893
16919,0.95534
16920,0.94175
16921,0.92816
16922,0.91456
16923,0.90097
16924,0.88738
16925,0.87379
16926,0.85825
16927,0.84466
16928,0.82913
16929,0.81553
16930,0.80194
16931,0.79029
16932,0.77864
16933,0.76699
16934,0.75534
16935,0.74563
16936,0.73398
16937,0.72233
16938,0.71262
16939,0.70097
16940,0.69126
16941,0.6835
16942,0.67379
16943,0.66408
16944,0.65437
16945,0.6466
16946,0.63495
16947,0.62524
16948,0.61553
16949,0.60388
16950,0.59223
16951,0.58058
16952,0.56893
16953,0.55728
16954,0.54563
16955,0.53398
16956,0.52039
16957,0.50874
16958,0.49515
16959,0.4835
16960,0.4699
16961,0.45825
16962,0.4466
16963,0.43689
16964,0.42718
16965,0.41942
16966,0.41165
16967,0.40583
16968,0.40194
16969,0.39612
16970,0.39029
16971,0.38641
16972,0.38058
16973,0.37476
16974,0.36893
16975,0.36311
16976,0.35728
16977,0.34951
16978,0.34175
16979,0.33398
16980,0.32233
16981,0.31262
16982,0.29709
16983,0.28155
16984,0.26019
16985,0.24078
16986,0.21553
16987,0.19223
16988,0.16699
16989,0.14175
16990,0.11456
16991,0.08932
16992,0.064078
16993,0.038835
16994,0.013592
16995,-0.0097087
16996,-0.031068
16997,-0.052427
16998,-0.073786
16999,-0.095146
17000,-0.11262
17001,-0.13204
17002,-0.14757
17003,-0.16117
17004,-0.17282
17005,-0.18447
17006,-0.19417
17007,-0.20194
17008,-0.20583
17009,-0.21165
17010,-0.21165
17011,-0.21165
17012,-0.20777
17013,-0.20388
17014,-0.2
17015,-0.19417
17016,-0.18641
17017,-0.18058
17018,-0.17282
17019,-0.16505
17020,-0.15728
17021,-0.14951
17022,-0.14175
17023,-0.13592
17024,-0.12816
17025,-0.12233
17026,-0.1165
17027,-0.10874
17028,-0.10097
17029,-0.095146
17030,-0.087379
17031,-0.079612
17032,-0.071845
17033,-0.066019
17034,-0.058252
17035,-0.050485
17036,-0.042718
17037,-0.036893
17038,-0.029126
17039,-0.023301
17040,-0.015534
17041,-0.0097087
17042,-0.0038835
17043,0.0019417
17044,0.007767
17045,0.013592
17046,0.017476
17047,0.021359
17048,0.025243
17049,0.029126
17050,0.031068
17051,0.034951
17052,0.038835
17053,0.04466
17054,0.048544
17055,0.054369
17056,0.060194
17057,0.066019
17058,0.071845
17059,0.07767
17060,0.081553
17061,0.085437
17062,0.08932
17063,0.093204
17064,0.095146
17065,0.099029
17066,0.10097
17067,0.10291
17068,0.10485
17069,0.10874
17070,0.10874
17071,0.10874
17072,0.10874
17073,0.1068
17074,0.099029
17075,0.091262
17076,0.079612
17077,0.066019
17078,0.050485
17079,0.03301
17080,0.015534
17081,-0.0038835
17082,-0.023301
17083,-0.040777
17084,-0.060194
17085,-0.079612
17086,-0.097087
17087,-0.11456
17088,-0.1301
17089,-0.14757
17090,-0.16311
17091,-0.1767
17092,-0.19029
17093,-0.20388
17094,-0.21553
17095,-0.22718
17096,-0.23689
17097,-0.24466
17098,-0.25049
17099,-0.25631
17100,-0.25825
17101,-0.26019
17102,-0.25631
17103,-0.25437
17104,-0.24854
17105,-0.24272
17106,-0.23689
17107,-0.22913
17108,-0.22136
17109,-0.21359
17110,-0.20583
17111,-0.19806
17112,-0.19223
17113,-0.18447
17114,-0.17864
17115,-0.17087
17116,-0.16505
17117,-0.15728
17118,-0.14757
17119,-0.13592
17120,-0.12233
17121,-0.10874
17122,-0.091262
17123,-0.073786
17124,-0.050485
17125,-0.029126
17126,0.0
17127,0.027184
17128,0.060194
17129,0.093204
17130,0.13204
17131,0.16893
17132,0.21165
17133,0.25243
17134,0.29515
17135,0.33981
17136,0.38252
17137,0.42718
17138,0.47379
17139,0.51845
17140,0.56505
17141,0.60971
17142,0.65437
17143,0.69903
17144,0.74369
17145,0.78641
17146,0.82913
17147,0.87379
17148,0.9165
17149,0.95922
17150,1.0019
17151,1.0447
17152,1.0854
17153,1.1262
17154,1.165
17155,1.2019
17156,1.2388
17157,1.2738
17158,1.3068
17159,1.3398
17160,1.3709
17161,1.4
17162,1.4233
17163,1.4447
17164,1.4602
17165,1.4757
17166,1.4796
17167,1.4854
17168,1.4796
17169,1.4757
17170,1.466
17171,1.4563
17172,1.4427
17173,1.4291
17174,1.4155
17175,1.4
17176,1.3845
17177,1.3689
17178,1.3534
17179,1.3398
17180,1.3243
17181,1.3087
17182,1.2951
17183,1.2816
17184,1.268
17185,1.2563
17186,1.2447
17187,1.235
17188,1.2252
17189,1.2175
17190,1.2117
17191,1.2058
17192,1.2019
17193,1.1981
17194,1.1961
17195,1.1961
17196,1.1961
17197,1.1961
17198,1.1981
17199,1.1981
17200,1.1981
17201,1.1981
17202,1.1961
17203,1.1922
17204,1.1883
17205,1.1825
17206,1.1748
17207,1.1689
17208,1.1592
17209,1.1495
17210,1.1379
17211,1.1262
17212,1.1146
17213,1.1029
17214,1.0893
17215,1.0777
17216,1.0641
17217,1.0505
17218,1.035
17219,1.0214
17220,1.0078
17221,0.99417
17222,0.97864
17223,0.96311
17224,0.94951
17225,0.93398
17226,0.91845
17227,0.90485
17228,0.89126
17229,0.87767
17230,0.86408
17231,0.85243
17232,0.83883
17233,0.82524
17234,0.81165
17235,0.79806
17236,0.78252
17237,0.76699
17238,0.75146
17239,0.73592
17240,0.72039
17241,0.70485
17242,0.69126
17243,0.67767
17244,0.66408
17245,0.65243
17246,0.63883
17247,0.62718
17248,0.61553
17249,0.60388
17250,0.59029
17251,0.57864
17252,0.56505
17253,0.5534
17254,0.54175
17255,0.52816
17256,0.5165
17257,0.50485
17258,0.48932
17259,0.47379
17260,0.45631
17261,0.43883
17262,0.41553
17263,0.39417
17264,0.36893
17265,0.34369
17266,0.3165
17267,0.28932
17268,0.26214
17269,0.23301
17270,0.20388
17271,0.1767
17272,0.14951
17273,0.12233
17274,0.095146
17275,0.067961
17276,0.042718
17277,0.015534
17278,-0.007767
17279,-0.031068
17280,-0.050485
17281,-0.071845
17282,-0.08932
17283,-0.1068
17284,-0.12039
17285,-0.13398
17286,-0.14175
17287,-0.15146
17288,-0.15534
17289,-0.15922
17290,-0.16117
17291,-0.16117
17292,-0.15728
17293,-0.1534
17294,-0.14951
17295,-0.14563
17296,-0.13981
17297,-0.13398
17298,-0.12816
17299,-0.12233
17300,-0.11845
17301,-0.11262
17302,-0.10874
17303,-0.10291
17304,-0.097087
17305,-0.091262
17306,-0.087379
17307,-0.081553
17308,-0.075728
17309,-0.069903
17310,-0.066019
17311,-0.060194
17312,-0.054369
17313,-0.048544
17314,-0.042718
17315,-0.036893
17316,-0.031068
17317,-0.025243
17318,-0.021359
17319,-0.015534
17320,-0.01165
17321,-0.0058252
17322,-0.0019417
17323,0.0019417
17324,0.0038835
17325,0.0058252
17326,0.007767
17327,0.0097087
17328,0.01165
17329,0.013592
17330,0.015534
17331,0.017476
17332,0.021359
17333,0.025243
17334,0.029126
17335,0.034951
17336,0.040777
17337,0.046602
17338,0.052427
17339,0.058252
17340,0.062136
17341,0.066019
17342,0.069903
17343,0.073786
17344,0.07767
17345,0.081553
17346,0.085437
17347,0.08932
17348,0.093204
17349,0.095146
17350,0.095146
17351,0.093204
17352,0.08932
17353,0.083495
17354,0.071845
17355,0.062136
17356,0.04466
17357,0.029126
17358,0.0097087
17359,-0.007767
17360,-0.029126
17361,-0.048544
17362,-0.067961
17363,-0.085437
17364,-0.10485
17365,-0.12233
17366,-0.13786
17367,-0.1534
17368,-0.16893
17369,-0.18252
17370,-0.19417
17371,-0.20777
17372,-0.21748
17373,-0.22913
17374,-0.23883
17375,-0.2466
17376,-0.25243
17377,-0.25825
17378,-0.26214
17379,-0.26408
17380,-0.26408
17381,-0.26408
17382,-0.25825
17383,-0.25437
17384,-0.24466
17385,-0.23689
17386,-0.22718
17387,-0.21553
17388,-0.20388
17389,-0.19223
17390,-0.18058
17391,-0.16893
17392,-0.15922
17393,-0.14951
17394,-0.13981
17395,-0.1301
17396,-0.12039
17397,-0.11262
17398,-0.10291
17399,-0.093204
17400,-0.085437
17401,-0.075728
17402,-0.067961
17403,-0.058252
17404,-0.050485
17405,-0.042718
17406,-0.036893
17407,-0.029126
17408,-0.021359
17409,-0.013592
17410,-0.007767
17411,0.0
17412,0.0058252
17413,0.01165
17414,0.017476
17415,0.023301
17416,0.027184
17417,0.03301
17418,0.034951
17419,0.038835
17420,0.040777
17421,0.042718
17422,0.04466
17423,0.048544
17424,0.052427
17425,0.056311
17426,0.060194
17427,0.066019
17428,0.071845
17429,0.07767
17430,0.081553
17431,0.085437
17432,0.087379
17433,0.08932
17434,0.087379
17435,0.087379
17436,0.085437
17437,0.083495
17438,0.085437
17439,0.085437
17440,0.087379
17441,0.08932
17442,0.091262
17443,0.095146
17444,0.097087
17445,0.099029
17446,0.099029
17447,0.10097
17448,0.10097
17449,0.10097
17450,0.10291
17451,0.10485
17452,0.10874
17453,0.11456
17454,0.12427
17455,0.13398
17456,0.14757
17457,0.16117
17458,0.17864
17459,0.19612
17460,0.21359
17461,0.23301
17462,0.25437
17463,0.27573
17464,0.29903
17465,0.32427
17466,0.34951
17467,0.3767
17468,0.40583
17469,0.43689
17470,0.46796
17471,0.50097
17472,0.53592
17473,0.56893
17474,0.60583
17475,0.64272
17476,0.68155
17477,0.72039
17478,0.75922
17479,0.79806
17480,0.83495
17481,0.87379
17482,0.90874
17483,0.94369
17484,0.97476
17485,1.0058
17486,1.033
17487,1.0602
17488,1.0835
17489,1.1087
17490,1.1282
17491,1.1476
17492,1.1631
17493,1.1786
17494,1.1942
17495,1.2078
17496,1.2194
17497,1.233
17498,1.2427
17499,1.2544
17500,1.2641
17501,1.2757
17502,1.2854
17503,1.2951
17504,1.3049
17505,1.3146
17506,1.3243
17507,1.332
17508,1.3379
17509,1.3456
17510,1.3515
17511,1.3573
17512,1.3612
17513,1.367
17514,1.3709
17515,1.3748
17516,1.3786
17517,1.3825
17518,1.3845
17519,1.3864
17520,1.3883
17521,1.3903
17522,1.3883
17523,1.3883
17524,1.3845
17525,1.3786
17526,1.3709
17527,1.3631
17528,1.3515
17529,1.3398
17530,1.3262
17531,1.3126
17532,1.2951
17533,1.2796
17534,1.2563
17535,1.235
17536,1.2097
17537,1.1845
17538,1.1534
17539,1.1223
17540,1.0874
17541,1.0544
17542,1.0175
17543,0.98252
17544,0.94563
17545,0.90874
17546,0.87184
17547,0.83495
17548,0.79806
17549,0.76117
17550,0.72427
17551,0.68932
17552,0.65437
17553,0.61942
17554,0.58447
17555,0.54951
17556,0.5165
17557,0.48544
17558,0.45631
17559,0.42718
17560,0.4
17561,0.37476
17562,0.35146
17563,0.3301
17564,0.31068
17565,0.29126
17566,0.27767
17567,0.26214
17568,0.25049
17569,0.24078
17570,0.23107
17571,0.2233
17572,0.21553
17573,0.20777
17574,0.20194
17575,0.19417
17576,0.18835
17577,0.18252
17578,0.1767
17579,0.17087
17580,0.16699
17581,0.16311
17582,0.15922
17583,0.15728
17584,0.15534
17585,0.15146
17586,0.14951
17587,0.14757
17588,0.14757
17589,0.14563
17590,0.14369
17591,0.14175
17592,0.13981
17593,0.13786
17594,0.13592
17595,0.13398
17596,0.1301
17597,0.12816
17598,0.12621
17599,0.12427
17600,0.12039
17601,0.11845
17602,0.11456
17603,0.11262
17604,0.10874
17605,0.10485
17606,0.10291
17607,0.10097
17608,0.097087
17609,0.095146
17610,0.095146
17611,0.095146
17612,0.095146
17613,0.095146
17614,0.095146
17615,0.097087
17616,0.097087
17617,0.097087
17618,0.097087
17619,0.097087
17620,0.097087
17621,0.097087
17622,0.097087
17623,0.097087
17624,0.097087
17625,0.097087
17626,0.093204
17627,0.091262
17628,0.083495
17629,0.07767
17630,0.066019
17631,0.054369
17632,0.036893
17633,0.019417
17634,0.0
17635,-0.019417
17636,-0.038835
17637,-0.060194
17638,-0.081553
17639,-0.10097
17640,-0.12039
17641,-0.13981
17642,-0.15922
17643,-0.17864
17644,-0.19612
17645,-0.21359
17646,-0.22913
17647,-0.24466
17648,-0.25825
17649,-0.27184
17650,-0.28155
17651,-0.29126
17652,-0.29903
17653,-0.3068
17654,-0.31068
17655,-0.31456
17656,-0.31456
17657,-0.31456
17658,-0.31068
17659,-0.30485
17660,-0.29903
17661,-0.29126
17662,-0.28155
17663,-0.27184
17664,-0.26019
17665,-0.25049
17666,-0.23883
17667,-0.22913
17668,-0.21942
17669,-0.20777
17670,-0.19806
17671,-0.18835
17672,-0.17864
17673,-0.17087
17674,-0.16117
17675,-0.1534
17676,-0.14369
17677,-0.13592
17678,-0.12621
17679,-0.11845
17680,-0.10874
17681,-0.10097
17682,-0.091262
17683,-0.083495
17684,-0.075728
17685,-0.067961
17686,-0.060194
17687,-0.052427
17688,-0.04466
17689,-0.038835
17690,-0.03301
17691,-0.025243
17692,-0.019417
17693,-0.013592
17694,-0.0097087
17695,-0.0038835
17696,-0.0019417
17697,0.0019417
17698,0.0058252
17699,0.0097087
17700,0.015534
17701,0.019417
17702,0.025243
17703,0.031068
17704,0.040777
17705,0.048544
17706,0.054369
17707,0.062136
17708,0.067961
17709,0.073786
17710,0.07767
17711,0.083495
17712,0.085437
17713,0.08932
17714,0.093204
17715,0.097087
17716,0.10291
17717,0.1068
17718,0.1068
17719,0.10874
17720,0.10485
17721,0.10291
17722,0.093204
17723,0.083495
17724,0.069903
17725,0.054369
17726,0.036893
17727,0.019417
17728,0.0
17729,-0.021359
17730,-0.042718
17731,-0.064078
17732,-0.085437
17733,-0.1068
17734,-0.12816
17735,-0.14951
17736,-0.16699
17737,-0.18641
17738,-0.2
17739,-0.21553
17740,-0.22524
17741,-0.23495
17742,-0.23689
17743,-0.24078
17744,-0.23883
17745,-0.23689
17746,-0.22524
17747,-0.21359
17748,-0.19612
17749,-0.1767
17750,-0.15146
17751,-0.12621
17752,-0.093204
17753,-0.060194
17754,-0.023301
17755,0.015534
17756,0.056311
17757,0.099029
17758,0.14369
17759,0.18835
17760,0.23301
17761,0.27961
17762,0.32233
17763,0.36699
17764,0.40971
17765,0.45437
17766,0.49515
17767,0.53786
17768,0.57864
17769,0.61942
17770,0.65825
17771,0.69903
17772,0.73592
17773,0.77476
17774,0.81359
17775,0.85049
17776,0.88738
17777,0.92427
17778,0.95922
17779,0.99223
17780,1.0233
17781,1.0544
17782,1.0835
17783,1.1107
17784,1.1379
17785,1.1631
17786,1.1864
17787,1.2097
17788,1.2291
17789,1.2485
17790,1.2641
17791,1.2796
17792,1.2932
17793,1.3068
17794,1.3184
17795,1.3301
17796,1.3417
17797,1.3515
17798,1.3612
17799,1.3689
17800,1.3767
17801,1.3845
17802,1.3903
17803,1.3961
17804,1.4019
17805,1.4097
17806,1.4136
17807,1.4175
17808,1.4214
17809,1.4233
17810,1.4214
17811,1.4194
17812,1.4117
17813,1.4058
17814,1.3942
17815,1.3825
17816,1.367
17817,1.3495
17818,1.332
17819,1.3126
17820,1.2913
17821,1.2699
17822,1.2466
17823,1.2233
17824,1.1961
17825,1.1689
17826,1.1417
17827,1.1126
17828,1.0816
17829,1.0505
17830,1.0194
17831,0.98835
17832,0.95728
17833,0.92427
17834,0.89515
17835,0.86602
17836,0.83883
17837,0.81165
17838,0.78641
17839,0.76311
17840,0.74369
17841,0.72233
17842,0.70485
17843,0.68932
17844,0.67573
17845,0.66214
17846,0.64854
17847,0.63689
17848,0.62718
17849,0.61748
17850,0.60583
17851,0.59612
17852,0.58641
17853,0.5767
17854,0.56699
17855,0.55922
17856,0.54951
17857,0.53981
17858,0.5301
17859,0.52039
17860,0.51068
17861,0.50097
17862,0.49126
17863,0.48155
17864,0.47379
17865,0.46408
17866,0.45437
17867,0.44466
17868,0.43495
17869,0.42524
17870,0.41553
17871,0.40583
17872,0.39806
17873,0.38835
17874,0.38058
17875,0.37087
17876,0.36311
17877,0.35534
17878,0.34757
17879,0.33981
17880,0.3301
17881,0.32233
17882,0.31456
17883,0.3068
17884,0.29903
17885,0.29126
17886,0.28544
17887,0.27961
17888,0.27379
17889,0.2699
17890,0.26602
17891,0.26214
17892,0.26019
17893,0.25631
17894,0.25437
17895,0.25049
17896,0.2466
17897,0.24272
17898,0.23883
17899,0.23495
17900,0.23107
17901,0.22718
17902,0.22136
17903,0.21553
17904,0.20777
17905,0.2
17906,0.18641
17907,0.17282
17908,0.15534
17909,0.13786
17910,0.1165
17911,0.095146
17912,0.071845
17913,0.048544
17914,0.025243
17915,0.0019417
17916,-0.021359
17917,-0.042718
17918,-0.064078
17919,-0.085437
17920,-0.10485
17921,-0.12427
17922,-0.14369
17923,-0.16117
17924,-0.17864
17925,-0.19417
17926,-0.20777
17927,-0.22136
17928,-0.23107
17929,-0.24272
17930,-0.24854
17931,-0.25437
17932,-0.25825
17933,-0.26019
17934,-0.26019
17935,-0.25825
17936,-0.25437
17937,-0.24854
17938,-0.24272
17939,-0.23495
17940,-0.22524
17941,-0.21748
17942,-0.20777
17943,-0.19806
17944,-0.18835
17945,-0.18058
17946,-0.17087
17947,-0.16311
17948,-0.15534
17949,-0.14563
17950,-0.13786
17951,-0.1301
17952,-0.12233
17953,-0.11262
17954,-0.10485
17955,-0.097087
17956,-0.08932
17957,-0.081553
17958,-0.073786
17959,-0.066019
17960,-0.058252
17961,-0.052427
17962,-0.04466
17963,-0.038835
17964,-0.031068
17965,-0.025243
17966,-0.017476
17967,-0.01165
17968,-0.0058252
17969,0.0
17970,0.0038835
17971,0.007767
17972,0.01165
17973,0.013592
17974,0.015534
17975,0.019417
17976,0.021359
17977,0.023301
17978,0.027184
17979,0.031068
17980,0.034951
17981,0.040777
17982,0.046602
17983,0.052427
17984,0.058252
17985,0.064078
17986,0.069903
17987,0.073786
17988,0.07767
17989,0.081553
17990,0.085437
17991,0.08932
17992,0.091262
17993,0.095146
17994,0.097087
17995,0.099029
17996,0.099029
17997,0.099029
17998,0.093204
17999,0.087379
18000,0.07767
18001,0.067961
18002,0.052427
18003,0.036893
18004,0.019417
18005,0.0
18006,-0.019417
18007,-0.036893
18008,-0.056311
18009,-0.075728
18010,-0.093204
18011,-0.11068
18012,-0.12816
18013,-0.14369
18014,-0.15922
18015,-0.17476
18016,-0.18835
18017,-0.20194
18018,-0.21359
18019,-0.22524
18020,-0.23495
18021,-0.24466
18022,-0.25243
18023,-0.25825
18024,-0.26019
18025,-0.26408
18026,-0.26214
18027,-0.26019
18028,-0.25631
18029,-0.25049
18030,-0.24272
18031,-0.23495
18032,-0.22718
18033,-0.21748
18034,-0.20971
18035,-0.20194
18036,-0.19612
18037,-0.19029
18038,-0.18252
18039,-0.1767
18040,-0.16893
18041,-0.16117
18042,-0.1534
18043,-0.14369
18044,-0.13204
18045,-0.11845
18046,-0.10485
18047,-0.08932
18048,-0.071845
18049,-0.054369
18050,-0.031068
18051,-0.007767
18052,0.021359
18053,0.048544
18054,0.081553
18055,0.11456
18056,0.15146
18057,0.18641
18058,0.22524
18059,0.26408
18060,0.30485
18061,0.34563
18062,0.38835
18063,0.42913
18064,0.47184
18065,0.51456
18066,0.55728
18067,0.6
18068,0.64078
18069,0.68155
18070,0.72233
18071,0.76311
18072,0.80194
18073,0.84078
18074,0.87961
18075,0.9165
18076,0.95534
18077,0.99223
18078,1.0291
18079,1.066
18080,1.101
18081,1.1379
18082,1.1728
18083,1.2078
18084,1.2408
18085,1.2738
18086,1.299
18087,1.3262
18088,1.3456
18089,1.365
18090,1.3728
18091,1.3806
18092,1.3786
18093,1.3767
18094,1.3689
18095,1.3612
18096,1.3476
18097,1.3359
18098,1.3223
18099,1.3087
18100,1.2971
18101,1.2835
18102,1.2718
18103,1.2602
18104,1.2485
18105,1.2369
18106,1.2252
18107,1.2155
18108,1.2058
18109,1.1961
18110,1.1864
18111,1.1786
18112,1.1709
18113,1.1631
18114,1.1573
18115,1.1515
18116,1.1476
18117,1.1437
18118,1.1398
18119,1.1379
18120,1.1359
18121,1.134
18122,1.132
18123,1.132
18124,1.1301
18125,1.1282
18126,1.1262
18127,1.1223
18128,1.1184
18129,1.1146
18130,1.1049
18131,1.0971
18132,1.0874
18133,1.0777
18134,1.066
18135,1.0544
18136,1.0447
18137,1.033
18138,1.0214
18139,1.0097
18140,0.99612
18141,0.98447
18142,0.97282
18143,0.96117
18144,0.95146
18145,0.94175
18146,0.9301
18147,0.92039
18148,0.90874
18149,0.89709
18150,0.88544
18151,0.87379
18152,0.86019
18153,0.84854
18154,0.83689
18155,0.82524
18156,0.81165
18157,0.79806
18158,0.78447
18159,0.77282
18160,0.75728
18161,0.74369
18162,0.72816
18163,0.71262
18164,0.69709
18165,0.68155
18166,0.66602
18167,0.65243
18168,0.63689
18169,0.6233
18170,0.61165
18171,0.6
18172,0.58835
18173,0.57864
18174,0.56699
18175,0.55534
18176,0.54369
18177,0.53204
18178,0.52039
18179,0.51068
18180,0.49903
18181,0.48738
18182,0.47379
18183,0.46214
18184,0.44466
18185,0.42913
18186,0.40777
18187,0.38835
18188,0.36311
18189,0.33786
18190,0.31068
18191,0.2835
18192,0.25437
18193,0.22718
18194,0.19806
18195,0.16893
18196,0.14175
18197,0.11262
18198,0.085437
18199,0.058252
18200,0.03301
18201,0.007767
18202,-0.015534
18203,-0.038835
18204,-0.058252
18205,-0.079612
18206,-0.097087
18207,-0.11456
18208,-0.12816
18209,-0.14175
18210,-0.15146
18211,-0.16117
18212,-0.16699
18213,-0.17087
18214,-0.17087
18215,-0.17282
18216,-0.16893
18217,-0.16505
18218,-0.16117
18219,-0.15534
18220,-0.14951
18221,-0.14175
18222,-0.13592
18223,-0.1301
18224,-0.12427
18225,-0.11845
18226,-0.11262
18227,-0.1068
18228,-0.10097
18229,-0.095146
18230,-0.08932
18231,-0.083495
18232,-0.07767
18233,-0.069903
18234,-0.064078
18235,-0.056311
18236,-0.050485
18237,-0.042718
18238,-0.036893
18239,-0.031068
18240,-0.025243
18241,-0.017476
18242,-0.013592
18243,-0.007767
18244,-0.0038835
18245,0.0019417
18246,0.0058252
18247,0.0097087
18248,0.01165
18249,0.015534
18250,0.017476
18251,0.021359
18252,0.021359
18253,0.023301
18254,0.025243
18255,0.029126
18256,0.031068
18257,0.034951
18258,0.040777
18259,0.04466
18260,0.048544
18261,0.054369
18262,0.058252
18263,0.064078
18264,0.067961
18265,0.073786
18266,0.07767
18267,0.081553
18268,0.085437
18269,0.08932
18270,0.093204
18271,0.097087
18272,0.099029
18273,0.10291
18274,0.10097
18275,0.10097
18276,0.095146
18277,0.08932
18278,0.079612
18279,0.067961
18280,0.052427
18281,0.036893
18282,0.019417
18283,0.0
18284,-0.019417
18285,-0.040777
18286,-0.060194
18287,-0.079612
18288,-0.097087
18289,-0.1165
18290,-0.13398
18291,-0.15146
18292,-0.16893
18293,-0.18641
18294,-0.2
18295,-0.21359
18296,-0.22524
18297,-0.23689
18298,-0.2466
18299,-0.25631
18300,-0.26214
18301,-0.26796
18302,-0.2699
18303,-0.27184
18304,-0.2699
18305,-0.26796
18306,-0.26214
18307,-0.25631
18308,-0.24854
18309,-0.24078
18310,-0.22913
18311,-0.21942
18312,-0.20777
18313,-0.19612
18314,-0.18447
18315,-0.17282
18316,-0.16117
18317,-0.15146
18318,-0.14175
18319,-0.1301
18320,-0.12233
18321,-0.11262
18322,-0.10291
18323,-0.095146
18324,-0.087379
18325,-0.07767
18326,-0.071845
18327,-0.064078
18328,-0.058252
18329,-0.050485
18330,-0.046602
18331,-0.040777
18332,-0.038835
18333,-0.034951
18334,-0.03301
18335,-0.029126
18336,-0.027184
18337,-0.025243
18338,-0.021359
18339,-0.017476
18340,-0.0097087
18341,-0.0038835
18342,0.0058252
18343,0.017476
18344,0.031068
18345,0.04466
18346,0.064078
18347,0.085437
18348,0.10874
18349,0.13398
18350,0.16311
18351,0.19417
18352,0.22718
18353,0.26214
18354,0.29903
18355,0.33592
18356,0.37282
18357,0.41165
18358,0.45243
18359,0.49126
18360,0.53204
18361,0.57476
18362,0.61359
18363,0.65437
18364,0.69126
18365,0.7301
18366,0.76117
18367,0.79223
18368,0.81748
18369,0.84272
18370,0.86214
18371,0.87961
18372,0.89515
18373,0.90874
18374,0.91845
18375,0.9301
18376,0.93786
18377,0.94563
18378,0.9534
18379,0.96117
18380,0.96699
18381,0.97282
18382,0.9767
18383,0.98252
18384,0.98447
18385,0.98835
18386,0.99029
18387,0.99223
18388,0.99417
18389,0.99417
18390,0.99417
18391,0.99612
18392,0.99806
18393,1.0
18394,1.0019
18395,1.0058
18396,1.0117
18397,1.0175
18398,1.0252
18399,1.033
18400,1.0447
18401,1.0563
18402,1.068
18403,1.0796
18404,1.0932
18405,1.1049
18406,1.1165
18407,1.1282
18408,1.1379
18409,1.1476
18410,1.1553
18411,1.1631
18412,1.1689
18413,1.1767
18414,1.1806
18415,1.1864
18416,1.1903
18417,1.1942
18418,1.1961
18419,1.1981
18420,1.1981
18421,1.1981
18422,1.1942
18423,1.1922
18424,1.1883
18425,1.1825
18426,1.1748
18427,1.1689
18428,1.1592
18429,1.1495
18430,1.1379
18431,1.1262
18432,1.1126
18433,1.0971
18434,1.0816
18435,1.066
18436,1.0505
18437,1.035
18438,1.0175
18439,1.0
18440,0.98252
18441,0.96505
18442,0.94951
18443,0.93398
18444,0.92039
18445,0.90485
18446,0.89126
18447,0.87961
18448,0.86602
18449,0.85243
18450,0.84078
18451,0.82718
18452,0.81553
18453,0.80194
18454,0.78835
18455,0.77476
18456,0.75922
18457,0.74369
18458,0.72427
18459,0.70485
18460,0.68155
18461,0.65825
18462,0.63107
18463,0.60194
18464,0.56893
18465,0.53592
18466,0.50097
18467,0.46796
18468,0.43301
18469,0.39806
18470,0.36311
18471,0.3301
18472,0.29709
18473,0.26408
18474,0.23301
18475,0.20194
18476,0.17476
18477,0.14563
18478,0.11845
18479,0.093204
18480,0.069903
18481,0.04466
18482,0.025243
18483,0.0058252
18484,-0.0097087
18485,-0.025243
18486,-0.036893
18487,-0.046602
18488,-0.052427
18489,-0.058252
18490,-0.060194
18491,-0.062136
18492,-0.062136
18493,-0.060194
18494,-0.058252
18495,-0.056311
18496,-0.052427
18497,-0.050485
18498,-0.048544
18499,-0.04466
18500,-0.042718
18501,-0.040777
18502,-0.038835
18503,-0.036893
18504,-0.034951
18505,-0.03301
18506,-0.029126
18507,-0.027184
18508,-0.025243
18509,-0.023301
18510,-0.019417
18511,-0.017476
18512,-0.015534
18513,-0.013592
18514,-0.0097087
18515,-0.007767
18516,-0.0038835
18517,0.0
18518,0.0019417
18519,0.0058252
18520,0.007767
18521,0.0097087
18522,0.0097087
18523,0.01165
18524,0.013592
18525,0.013592
18526,0.015534
18527,0.017476
18528,0.017476
18529,0.019417
18530,0.023301
18531,0.025243
18532,0.027184
18533,0.031068
18534,0.034951
18535,0.038835
18536,0.042718
18537,0.046602
18538,0.050485
18539,0.054369
18540,0.058252
18541,0.060194
18542,0.064078
18543,0.066019
18544,0.069903
18545,0.073786
18546,0.073786
18547,0.075728
18548,0.075728
18549,0.075728
18550,0.069903
18551,0.064078
18552,0.054369
18553,0.046602
18554,0.031068
18555,0.015534
18556,-0.0019417
18557,-0.021359
18558,-0.040777
18559,-0.060194
18560,-0.079612
18561,-0.099029
18562,-0.11845
18563,-0.13592
18564,-0.1534
18565,-0.17087
18566,-0.18835
18567,-0.20388
18568,-0.21942
18569,-0.23495
18570,-0.2466
18571,-0.26019
18572,-0.2699
18573,-0.28155
18574,-0.28738
18575,-0.29515
18576,-0.29903
18577,-0.30291
18578,-0.30291
18579,-0.30097
18580,-0.29903
18581,-0.29515
18582,-0.28738
18583,-0.28155
18584,-0.27184
18585,-0.26408
18586,-0.25437
18587,-0.24272
18588,-0.23301
18589,-0.22136
18590,-0.20971
18591,-0.2
18592,-0.18835
18593,-0.17864
18594,-0.16699
18595,-0.15728
18596,-0.14563
18597,-0.13592
18598,-0.12427
18599,-0.11456
18600,-0.10485
18601,-0.095146
18602,-0.085437
18603,-0.07767
18604,-0.067961
18605,-0.060194
18606,-0.052427
18607,-0.04466
18608,-0.036893
18609,-0.031068
18610,-0.025243
18611,-0.017476
18612,-0.013592
18613,-0.007767
18614,-0.0038835
18615,0.0
18616,0.0038835
18617,0.007767
18618,0.01165
18619,0.015534
18620,0.019417
18621,0.021359
18622,0.025243
18623,0.031068
18624,0.034951
18625,0.040777
18626,0.04466
18627,0.050485
18628,0.056311
18629,0.062136
18630,0.066019
18631,0.071845
18632,0.073786
18633,0.07767
18634,0.081553
18635,0.083495
18636,0.085437
18637,0.08932
18638,0.091262
18639,0.093204
18640,0.091262
18641,0.091262
18642,0.083495
18643,0.07767
18644,0.062136
18645,0.048544
18646,0.029126
18647,0.0097087
18648,-0.015534
18649,-0.038835
18650,-0.060194
18651,-0.079612
18652,-0.099029
18653,-0.1165
18654,-0.1301
18655,-0.14369
18656,-0.1534
18657,-0.16117
18658,-0.16311
18659,-0.16505
18660,-0.16117
18661,-0.15534
18662,-0.14369
18663,-0.1301
18664,-0.11262
18665,-0.093204
18666,-0.067961
18667,-0.042718
18668,-0.01165
18669,0.019417
18670,0.058252
18671,0.095146
18672,0.13981
18673,0.18252
18674,0.23107
18675,0.27767
18676,0.32816
18677,0.37864
18678,0.43107
18679,0.48155
18680,0.53398
18681,0.58447
18682,0.63495
18683,0.68544
18684,0.73398
18685,0.78252
18686,0.82913
18687,0.87379
18688,0.9165
18689,0.95728
18690,0.99806
18691,1.0369
18692,1.0738
18693,1.1107
18694,1.1437
18695,1.1786
18696,1.2078
18697,1.2388
18698,1.266
18699,1.2932
18700,1.3146
18701,1.3379
18702,1.3553
18703,1.3748
18704,1.3883
18705,1.4019
18706,1.4136
18707,1.4252
18708,1.433
18709,1.4408
18710,1.4505
18711,1.4583
18712,1.466
18713,1.4757
18714,1.4835
18715,1.4932
18716,1.4932
18717,1.4932
18718,1.4932
18719,1.4932
18720,1.4932
18721,1.4932
18722,1.4932
18723,1.4932
18724,1.4932
18725,1.4932
18726,1.4932
18727,1.4932
18728,1.4932
18729,1.4932
18730,1.4932
18731,1.4932
18732,1.4932
18733,1.4932
18734,1.4932
18735,1.4932
18736,1.4718
18737,1.4505
18738,1.4214
18739,1.3922
18740,1.3612
18741,1.3282
18742,1.2932
18743,1.2583
18744,1.2214
18745,1.1845
18746,1.1456
18747,1.1068
18748,1.068
18749,1.0272
18750,0.98835
18751,0.94951
18752,0.91068
18753,0.87379
18754,0.83883
18755,0.80388
18756,0.77087
18757,0.73981
18758,0.71262
18759,0.68544
18760,0.66408
18761,0.64078
18762,0.6233
18763,0.60583
18764,0.59029
18765,0.57476
18766,0.56311
18767,0.55146
18768,0.54175
18769,0.53204
18770,0.52233
18771,0.51262
18772,0.50291
18773,0.4932
18774,0.4835
18775,0.47379
18776,0.46408
18777,0.45437
18778,0.44466
18779,0.43689
18780,0.42718
18781,0.41748
18782,0.40971
18783,0.4
18784,0.39223
18785,0.38252
18786,0.37476
18787,0.36893
18788,0.36117
18789,0.35534
18790,0.34757
18791,0.33981
18792,0.33204
18793,0.32427
18794,0.3165
18795,0.30874
18796,0.30097
18797,0.29515
18798,0.28738
18799,0.28155
18800,0.27767
18801,0.27184
18802,0.26602
18803,0.26019
18804,0.25243
18805,0.2466
18806,0.24078
18807,0.23689
18808,0.23301
18809,0.22913
18810,0.22524
18811,0.22136
18812,0.21942
18813,0.21748
18814,0.21359
18815,0.20971
18816,0.20583
18817,0.20388
18818,0.19806
18819,0.19417
18820,0.19029
18821,0.18641
18822,0.18058
18823,0.17476
18824,0.16699
18825,0.15922
18826,0.14757
18827,0.13592
18828,0.12039
18829,0.10291
18830,0.083495
18831,0.064078
18832,0.042718
18833,0.021359
18834,0.0
18835,-0.021359
18836,-0.042718
18837,-0.062136
18838,-0.083495
18839,-0.10291
18840,-0.12039
18841,-0.13981
18842,-0.15534
18843,-0.17282
18844,-0.18641
18845,-0.20194
18846,-0.21553
18847,-0.22718
18848,-0.23883
18849,-0.24854
18850,-0.25631
18851,-0.26214
18852,-0.26602
18853,-0.2699
18854,-0.2699
18855,-0.26796
18856,-0.26214
18857,-0.25825
18858,-0.25049
18859,-0.24272
18860,-0.23301
18861,-0.2233
18862,-0.21553
18863,-0.20583
18864,-0.19806
18865,-0.18835
18866,-0.18058
18867,-0.17087
18868,-0.16311
18869,-0.1534
18870,-0.14563
18871,-0.13592
18872,-0.12816
18873,-0.11845
18874,-0.11068
18875,-0.10097
18876,-0.091262
18877,-0.081553
18878,-0.073786
18879,-0.066019
18880,-0.058252
18881,-0.050485
18882,-0.042718
18883,-0.034951
18884,-0.029126
18885,-0.021359
18886,-0.015534
18887,-0.0097087
18888,-0.0038835
18889,0.0
18890,0.0038835
18891,0.0097087
18892,0.01165
18893,0.015534
18894,0.019417
18895,0.023301
18896,0.027184
18897,0.031068
18898,0.034951
18899,0.040777
18900,0.046602
18901,0.052427
18902,0.058252
18903,0.064078
18904,0.069903
18905,0.075728
18906,0.079612
18907,0.083495
18908,0.087379
18909,0.091262
18910,0.095146
18911,0.097087
18912,0.10097
18913,0.10485
18914,0.1068
18915,0.10874
18916,0.11068
18917,0.11068
18918,0.10485
18919,0.099029
18920,0.08932
18921,0.07767
18922,0.062136
18923,0.046602
18924,0.027184
18925,0.007767
18926,-0.01165
18927,-0.03301
18928,-0.052427
18929,-0.071845
18930,-0.091262
18931,-0.11068
18932,-0.12816
18933,-0.14369
18934,-0.15922
18935,-0.17476
18936,-0.19029
18937,-0.20388
18938,-0.21553
18939,-0.22718
18940,-0.23495
18941,-0.24466
18942,-0.25049
18943,-0.25631
18944,-0.25825
18945,-0.26019
18946,-0.25825
18947,-0.25437
18948,-0.24854
18949,-0.24272
18950,-0.23301
18951,-0.22524
18952,-0.21359
18953,-0.20194
18954,-0.19029
18955,-0.17864
18956,-0.16699
18957,-0.15534
18958,-0.14757
18959,-0.13786
18960,-0.13204
18961,-0.12621
18962,-0.12039
18963,-0.11456
18964,-0.10874
18965,-0.10291
18966,-0.095146
18967,-0.08932
18968,-0.079612
18969,-0.071845
18970,-0.060194
18971,-0.046602
18972,-0.03301
18973,-0.017476
18974,0.0038835
18975,0.023301
18976,0.048544
18977,0.073786
18978,0.10291
18979,0.13204
18980,0.16505
18981,0.19806
18982,0.23495
18983,0.27184
18984,0.31068
18985,0.35146
18986,0.39223
18987,0.43495
18988,0.47767
18989,0.52233
18990,0.56699
18991,0.61165
18992,0.65631
18993,0.70097
18994,0.74369
18995,0.78641
18996,0.82913
18997,0.87184
18998,0.91262
18999,0.9534
19000,0.99223
19001,1.0291
19002,1.066
19003,1.101
19004,1.134
19005,1.1689
19006,1.1942
19007,1.2214
19008,1.2408
19009,1.2602
19010,1.2699
19011,1.2796
19012,1.2816
19013,1.2816
19014,1.2777
19015,1.2738
19016,1.2641
19017,1.2563
19018,1.2427
19019,1.2311
19020,1.2175
19021,1.2039
19022,1.1903
19023,1.1767
19024,1.165
19025,1.1534
19026,1.1437
19027,1.134
19028,1.1243
19029,1.1165
19030,1.1107
19031,1.1068
19032,1.1029
19033,1.099
19034,1.0951
19035,1.0932
19036,1.0913
19037,1.0893
19038,1.0913
19039,1.0932
19040,1.0971
19041,1.101
19042,1.1049
19043,1.1107
19044,1.1165
19045,1.1223
19046,1.1243
19047,1.1262
19048,1.1243
19049,1.1223
19050,1.1184
19051,1.1126
19052,1.1068
19053,1.101
19054,1.0932
19055,1.0854
19056,1.0757
19057,1.068
19058,1.0583
19059,1.0485
19060,1.0369
19061,1.0252
19062,1.0136
19063,1.0
19064,0.98835
19065,0.97476
19066,0.96117
19067,0.94757
19068,0.93592
19069,0.92233
19070,0.91068
19071,0.89709
19072,0.8835
19073,0.8699
19074,0.85825
19075,0.8466
19076,0.83495
19077,0.8233
19078,0.80971
19079,0.79806
19080,0.78641
19081,0.77282
19082,0.75922
19083,0.74757
19084,0.73204
19085,0.71845
19086,0.7068
19087,0.69515
19088,0.6835
19089,0.67184
19090,0.66019
19091,0.64854
19092,0.63495
19093,0.6233
19094,0.60971
19095,0.59806
19096,0.58641
19097,0.57282
19098,0.56117
19099,0.54757
19100,0.53398
19101,0.52233
19102,0.50485
19103,0.48738
19104,0.46796
19105,0.4466
19106,0.42136
19107,0.39806
19108,0.36893
19109,0.34175
19110,0.31262
19111,0.2835
19112,0.25437
19113,0.22524
19114,0.19806
19115,0.16893
19116,0.14175
19117,0.11456
19118,0.08932
19119,0.066019
19120,0.042718
19121,0.021359
19122,-0.0019417
19123,-0.023301
19124,-0.042718
19125,-0.064078
19126,-0.079612
19127,-0.097087
19128,-0.11068
19129,-0.12427
19130,-0.13398
19131,-0.14369
19132,-0.14951
19133,-0.15534
19134,-0.15534
19135,-0.15728
19136,-0.15534
19137,-0.1534
19138,-0.14951
19139,-0.14563
19140,-0.14175
19141,-0.13592
19142,-0.1301
19143,-0.12427
19144,-0.11845
19145,-0.11456
19146,-0.10874
19147,-0.10291
19148,-0.097087
19149,-0.093204
19150,-0.087379
19151,-0.081553
19152,-0.075728
19153,-0.069903
19154,-0.064078
19155,-0.058252
19156,-0.052427
19157,-0.046602
19158,-0.040777
19159,-0.034951
19160,-0.031068
19161,-0.027184
19162,-0.023301
19163,-0.017476
19164,-0.015534
19165,-0.01165
19166,-0.007767
19167,-0.0038835
19168,0.0
19169,0.0019417
19170,0.0058252
19171,0.0097087
19172,0.013592
19173,0.017476
19174,0.021359
19175,0.027184
19176,0.031068
19177,0.036893
19178,0.042718
19179,0.046602
19180,0.052427
19181,0.056311
19182,0.060194
19183,0.064078
19184,0.067961
19185,0.069903
19186,0.073786
19187,0.075728
19188,0.079612
19189,0.083495
19190,0.085437
19191,0.087379
19192,0.087379
19193,0.08932
19194,0.083495
19195,0.079612
19196,0.067961
19197,0.058252
19198,0.04466
19199,0.031068
19200,0.01165
19201,-0.0058252
19202,-0.025243
19203,-0.04466
19204,-0.064078
19205,-0.085437
19206,-0.10485
19207,-0.12233
19208,-0.14175
19209,-0.15922
19210,-0.1767
19211,-0.19223
19212,-0.20583
19213,-0.22136
19214,-0.23301
19215,-0.24466
19216,-0.25631
19217,-0.26602
19218,-0.27184
19219,-0.27961
19220,-0.28155
19221,-0.28544
19222,-0.28544
19223,-0.2835
19224,-0.27767
19225,-0.27184
19226,-0.26408
19227,-0.25631
19228,-0.24854
19229,-0.23883
19230,-0.22718
19231,-0.21748
19232,-0.20777
19233,-0.19612
19234,-0.18641
19235,-0.1767
19236,-0.16699
19237,-0.15534
19238,-0.14757
19239,-0.13786
19240,-0.1301
19241,-0.12039
19242,-0.11262
19243,-0.10291
19244,-0.093204
19245,-0.083495
19246,-0.075728
19247,-0.066019
19248,-0.056311
19249,-0.046602
19250,-0.038835
19251,-0.029126
19252,-0.023301
19253,-0.015534
19254,-0.007767
19255,0.0
19256,0.0058252
19257,0.013592
19258,0.019417
19259,0.025243
19260,0.029126
19261,0.034951
19262,0.038835
19263,0.042718
19264,0.046602
19265,0.050485
19266,0.054369
19267,0.060194
19268,0.066019
19269,0.071845
19270,0.075728
19271,0.081553
19272,0.087379
19273,0.093204
19274,0.097087
19275,0.10097
19276,0.10485
19277,0.10874
19278,0.11262
19279,0.1165
19280,0.12039
19281,0.12427
19282,0.12816
19283,0.13204
19284,0.13592
19285,0.13786
19286,0.13398
19287,0.1301
19288,0.12039
19289,0.11262
19290,0.095146
19291,0.07767
19292,0.056311
19293,0.03301
19294,0.0097087
19295,-0.015534
19296,-0.040777
19297,-0.064078
19298,-0.085437
19299,-0.1068
19300,-0.12427
19301,-0.14175
19302,-0.15534
19303,-0.16893
19304,-0.1767
19305,-0.18447
19306,-0.18641
19307,-0.18641
19308,-0.18252
19309,-0.1767
19310,-0.16311
19311,-0.14951
19312,-0.12816
19313,-0.1068
19314,-0.07767
19315,-0.048544
19316,-0.01165
19317,0.025243
19318,0.067961
19319,0.11068
19320,0.15728
19321,0.20583
19322,0.25437
19323,0.30291
19324,0.3534
19325,0.40388
19326,0.45243
19327,0.50291
19328,0.55146
19329,0.6
19330,0.6466
19331,0.6932
19332,0.73786
19333,0.78252
19334,0.82524
19335,0.86796
19336,0.90874
19337,0.94951
19338,0.98835
19339,1.0272
19340,1.0641
19341,1.101
19342,1.1359
19343,1.1709
19344,1.2019
19345,1.235
19346,1.2641
19347,1.2913
19348,1.3146
19349,1.3398
19350,1.3592
19351,1.3786
19352,1.3922
19353,1.4078
19354,1.4214
19355,1.433
19356,1.4447
19357,1.4544
19358,1.466
19359,1.4757
19360,1.4854
19361,1.4932
19362,1.4932
19363,1.4932
19364,1.4932
19365,1.4932
19366,1.4932
19367,1.4932
19368,1.4932
19369,1.4932
19370,1.4932
19371,1.4932
19372,1.4932
19373,1.4932
19374,1.4932
19375,1.4932
19376,1.4932
19377,1.4932
19378,1.4932
19379,1.4932
19380,1.4932
19381,1.4932
19382,1.4699
19383,1.4466
19384,1.4194
19385,1.3922
19386,1.3631
19387,1.334
19388,1.3029
19389,1.2718
19390,1.2388
19391,1.2058
19392,1.1728
19393,1.1379
19394,1.101
19395,1.066
19396,1.0291
19397,0.99417
19398,0.95922
19399,0.92427
19400,0.89126
19401,0.86019
19402,0.83107
19403,0.80194
19404,0.7767
19405,0.75146
19406,0.73204
19407,0.71262
19408,0.69515
19409,0.67961
19410,0.66602
19411,0.65243
19412,0.64078
19413,0.63107
19414,0.61942
19415,0.60971
19416,0.6
19417,0.58835
19418,0.57864
19419,0.56699
19420,0.55534
19421,0.54563
19422,0.53398
19423,0.52427
19424,0.5165
19425,0.5068
19426,0.49709
19427,0.48932
19428,0.47961
19429,0.47184
19430,0.46214
19431,0.45437
19432,0.44466
19433,0.43689
19434,0.42913
19435,0.42136
19436,0.41359
19437,0.40583
19438,0.39612
19439,0.38835
19440,0.38058
19441,0.37087
19442,0.36311
19443,0.35534
19444,0.34757
19445,0.33981
19446,0.33204
19447,0.32621
19448,0.31845
19449,0.31068
19450,0.30485
19451,0.29903
19452,0.2932
19453,0.28932
19454,0.28544
19455,0.28155
19456,0.27767
19457,0.27573
19458,0.27184
19459,0.26796
19460,0.26408
19461,0.26019
19462,0.25631
19463,0.25243
19464,0.24854
19465,0.24466
19466,0.24078
19467,0.23495
19468,0.22913
19469,0.2233
19470,0.21165
19471,0.2
19472,0.18447
19473,0.16699
19474,0.14757
19475,0.12621
19476,0.10485
19477,0.081553
19478,0.058252
19479,0.034951
19480,0.01165
19481,-0.01165
19482,-0.03301
19483,-0.054369
19484,-0.073786
19485,-0.093204
19486,-0.11068
19487,-0.1301
19488,-0.14563
19489,-0.16311
19490,-0.1767
19491,-0.19029
19492,-0.20194
19493,-0.21359
19494,-0.22136
19495,-0.22913
19496,-0.23301
19497,-0.23689
19498,-0.23689
19499,-0.23689
19500,-0.23301
19501,-0.22718
19502,-0.22136
19503,-0.21553
19504,-0.20583
19505,-0.19806
19506,-0.19029
19507,-0.18252
19508,-0.1767
19509,-0.16893
19510,-0.16311
19511,-0.15728
19512,-0.15146
19513,-0.14757
19514,-0.14175
19515,-0.13592
19516,-0.1301
19517,-0.12233
19518,-0.11456
19519,-0.1068
19520,-0.099029
19521,-0.091262
19522,-0.083495
19523,-0.073786
19524,-0.066019
19525,-0.058252
19526,-0.052427
19527,-0.04466
19528,-0.038835
19529,-0.031068
19530,-0.025243
19531,-0.019417
19532,-0.013592
19533,-0.007767
19534,-0.0019417
19535,0.0038835
19536,0.007767
19537,0.01165
19538,0.013592
19539,0.017476
19540,0.019417
19541,0.021359
19542,0.025243
19543,0.027184
19544,0.03301
19545,0.036893
19546,0.042718
19547,0.050485
19548,0.056311
19549,0.064078
19550,0.067961
19551,0.073786
19552,0.079612
19553,0.085437
19554,0.08932
19555,0.095146
19556,0.10097
19557,0.1068
19558,0.11068
19559,0.11456
19560,0.11845
19561,0.12039
19562,0.11845
19563,0.11456
19564,0.1068
19565,0.099029
19566,0.085437
19567,0.071845
19568,0.054369
19569,0.036893
19570,0.015534
19571,-0.0038835
19572,-0.023301
19573,-0.042718
19574,-0.062136
19575,-0.081553
19576,-0.099029
19577,-0.11845
19578,-0.13592
19579,-0.1534
19580,-0.17282
19581,-0.19029
19582,-0.20583
19583,-0.22136
19584,-0.23689
19585,-0.25049
19586,-0.26019
19587,-0.2699
19588,-0.27379
19589,-0.27961
19590,-0.27767
19591,-0.27573
19592,-0.26796
19593,-0.26019
19594,-0.24466
19595,-0.22913
19596,-0.20583
19597,-0.18252
19598,-0.15534
19599,-0.12621
19600,-0.093204
19601,-0.060194
19602,-0.023301
19603,0.015534
19604,0.054369
19605,0.095146
19606,0.13786
19607,0.18058
19608,0.22524
19609,0.2699
19610,0.31262
19611,0.35728
19612,0.4
19613,0.44466
19614,0.48738
19615,0.53204
19616,0.57476
19617,0.61748
19618,0.66019
19619,0.70291
19620,0.74369
19621,0.78447
19622,0.8233
19623,0.86408
19624,0.90291
19625,0.93981
19626,0.97476
19627,1.0097
19628,1.0427
19629,1.0738
19630,1.1029
19631,1.132
19632,1.1592
19633,1.1864
19634,1.2078
19635,1.2311
19636,1.2505
19637,1.2699
19638,1.2874
19639,1.3049
19640,1.3184
19641,1.332
19642,1.3437
19643,1.3553
19644,1.365
19645,1.3748
19646,1.3845
19647,1.3922
19648,1.4
19649,1.4058
19650,1.4117
19651,1.4155
19652,1.4194
19653,1.4214
19654,1.4175
19655,1.4155
19656,1.4078
19657,1.4
19658,1.3864
19659,1.3728
19660,1.3553
19661,1.3379
19662,1.3204
19663,1.301
19664,1.2816
19665,1.2621
19666,1.2408
19667,1.2214
19668,1.1981
19669,1.1767
19670,1.1534
19671,1.1301
19672,1.1049
19673,1.0796
19674,1.0544
19675,1.0291
19676,1.0019
19677,0.9767
19678,0.94951
19679,0.92427
19680,0.90097
19681,0.87573
19682,0.85437
19683,0.83301
19684,0.81553
19685,0.79612
19686,0.77864
19687,0.76311
19688,0.74757
19689,0.73398
19690,0.72039
19691,0.70874
19692,0.69709
19693,0.68544
19694,0.67379
19695,0.66408
19696,0.65243
19697,0.64078
19698,0.63107
19699,0.61942
19700,0.60971
19701,0.6
19702,0.59029
19703,0.58252
19704,0.57282
19705,0.56505
19706,0.55534
19707,0.54563
19708,0.53786
19709,0.52816
19710,0.51845
19711,0.50874
19712,0.50097
19713,0.49126
19714,0.48155
19715,0.47184
19716,0.46019
19717,0.45049
19718,0.44078
19719,0.43107
19720,0.42136
19721,0.41359
19722,0.40388
19723,0.39417
19724,0.38447
19725,0.3767
19726,0.36699
19727,0.35922
19728,0.35146
19729,0.34369
19730,0.33786
19731,0.3301
19732,0.32621
19733,0.32039
19734,0.3165
19735,0.31262
19736,0.30874
19737,0.3068
19738,0.30291
19739,0.29903
19740,0.29515
19741,0.29126
19742,0.28544
19743,0.28155
19744,0.27573
19745,0.27184
19746,0.26408
19747,0.25825
19748,0.24854
19749,0.23883
19750,0.2233
19751,0.20971
19752,0.19029
19753,0.17282
19754,0.14951
19755,0.12816
19756,0.10485
19757,0.079612
19758,0.056311
19759,0.03301
19760,0.0097087
19761,-0.013592
19762,-0.034951
19763,-0.056311
19764,-0.075728
19765,-0.095146
19766,-0.11262
19767,-0.1301
19768,-0.14757
19769,-0.16311
19770,-0.1767
19771,-0.19029
19772,-0.20194
19773,-0.21165
19774,-0.21942
19775,-0.22524
19776,-0.22913
19777,-0.23301
19778,-0.23107
19779,-0.23107
19780,-0.22524
19781,-0.22136
19782,-0.21359
19783,-0.20583
19784,-0.19612
19785,-0.18835
19786,-0.17864
19787,-0.17087
19788,-0.16311
19789,-0.15534
19790,-0.14757
19791,-0.14175
19792,-0.13398
19793,-0.12621
19794,-0.12039
19795,-0.11262
19796,-0.10485
19797,-0.097087
19798,-0.08932
19799,-0.081553
19800,-0.073786
19801,-0.066019
19802,-0.060194
19803,-0.052427
19804,-0.04466
19805,-0.036893
19806,-0.031068
19807,-0.023301
19808,-0.017476
19809,-0.01165
19810,-0.0058252
19811,0.0
19812,0.0038835
19813,0.0097087
19814,0.01165
19815,0.015534
19816,0.019417
19817,0.021359
19818,0.023301
19819,0.025243
19820,0.027184
19821,0.029126
19822,0.03301
19823,0.036893
19824,0.040777
19825,0.04466
19826,0.050485
19827,0.054369
19828,0.060194
19829,0.064078
19830,0.067961
19831,0.073786
19832,0.07767
19833,0.081553
19834,0.083495
19835,0.087379
19836,0.091262
19837,0.093204
19838,0.095146
19839,0.099029
19840,0.099029
19841,0.10097
19842,0.095146
19843,0.08932
19844,0.079612
19845,0.069903
19846,0.054369
19847,0.038835
19848,0.021359
19849,0.0038835
19850,-0.015534
19851,-0.03301
19852,-0.052427
19853,-0.071845
19854,-0.08932
19855,-0.10485
19856,-0.12233
19857,-0.13786
19858,-0.1534
19859,-0.16893
19860,-0.18447
19861,-0.19806
19862,-0.20971
19863,-0.22136
19864,-0.23107
19865,-0.23883
19866,-0.24466
19867,-0.24854
19868,-0.25049
19869,-0.25243
19870,-0.25049
19871,-0.24854
19872,-0.24078
19873,-0.23495
19874,-0.22524
19875,-0.21553
19876,-0.20388
19877,-0.19029
19878,-0.17864
19879,-0.16699
19880,-0.15534
19881,-0.14563
19882,-0.13398
19883,-0.12427
19884,-0.11456
19885,-0.10485
19886,-0.095146
19887,-0.085437
19888,-0.07767
19889,-0.067961
19890,-0.060194
19891,-0.052427
19892,-0.04466
19893,-0.038835
19894,-0.03301
19895,-0.029126
19896,-0.025243
19897,-0.021359
19898,-0.019417
19899,-0.015534
19900,-0.013592
19901,-0.0097087
19902,-0.0038835
19903,0.0
19904,0.007767
19905,0.015534
19906,0.025243
19907,0.036893
19908,0.052427
19909,0.067961
19910,0.08932
19911,0.10874
19912,0.13398
19913,0.15728
19914,0.18835
19915,0.21942
19916,0.25437
19917,0.28932
19918,0.32816
19919,0.36699
19920,0.40971
19921,0.45049
19922,0.49126
19923,0.53398
19924,0.57476
19925,0.61553
19926,0.65631
19927,0.69903
19928,0.73786
19929,0.77864
19930,0.81359
19931,0.85049
19932,0.87961
19933,0.91068
19934,0.93398
19935,0.95534
19936,0.97087
19937,0.98641
19938,0.99806
19939,1.0078
19940,1.0155
19941,1.0233
19942,1.0272
19943,1.033
19944,1.0369
19945,1.0388
19946,1.0408
19947,1.0447
19948,1.0447
19949,1.0447
19950,1.0447
19951,1.0427
19952,1.0408
19953,1.0388
19954,1.0369
19955,1.033
19956,1.0311
19957,1.0272
19958,1.0272
19959,1.0272
19960,1.0272
19961,1.0291
19962,1.035
19963,1.0388
19964,1.0466
19965,1.0524
19966,1.0621
19967,1.0738
19968,1.0854
19969,1.0971
19970,1.1087
19971,1.1204
19972,1.132
19973,1.1437
19974,1.1534
19975,1.1631
19976,1.1709
19977,1.1786
19978,1.1845
19979,1.1903
19980,1.1942
19981,1.2
19982,1.2
19983,1.2019
19984,1.2019
19985,1.2019
19986,1.1981
19987,1.1961
19988,1.1903
19989,1.1845
19990,1.1748
19991,1.167
19992,1.1553
19993,1.1456
19994,1.132
19995,1.1204
19996,1.1068
19997,1.0932
19998,1.0777
19999,1.0641
20000,1.0485
20001,1.033
20002,1.0175
20003,1.0
20004,0.98252
20005,0.96505
20006,0.94951
20007,0.93204
20008,0.91845
20009,0.90291
20010,0.88932
20011,0.87573
20012,0.86408
20013,0.85243
20014,0.84078
20015,0.82913
20016,0.81748
20017,0.80583
20018,0.79417
20019,0.78058
20020,0.76699
20021,0.75534
20022,0.73981
20023,0.72427
20024,0.70874
20025,0.6932
20026,0.67184
20027,0.65049
20028,0.62524
20029,0.6
20030,0.57087
20031,0.54175
20032,0.50874
20033,0.47767
20034,0.44466
20035,0.41165
20036,0.3767
20037,0.34369
20038,0.31262
20039,0.28155
20040,0.25049
20041,0.22136
20042,0.19223
20043,0.16505
20044,0.13786
20045,0.11068
20046,0.087379
20047,0.062136
20048,0.040777
20049,0.019417
20050,0.0019417
20051,-0.015534
20052,-0.031068
20053,-0.04466
20054,-0.054369
20055,-0.064078
20056,-0.069903
20057,-0.075728
20058,-0.079612
20059,-0.081553
20060,-0.081553
20061,-0.081553
20062,-0.079612
20063,-0.07767
20064,-0.075728
20065,-0.071845
20066,-0.069903
20067,-0.067961
20068,-0.066019
20069,-0.064078
20070,-0.064078
20071,-0.062136
20072,-0.060194
20073,-0.056311
20074,-0.054369
20075,-0.050485
20076,-0.048544
20077,-0.04466
20078,-0.040777
20079,-0.036893
20080,-0.031068
20081,-0.027184
20082,-0.023301
20083,-0.019417
20084,-0.015534
20085,-0.0097087
20086,-0.007767
20087,-0.0038835
20088,-0.0019417
20089,0.0019417
20090,0.0038835
20091,0.0058252
20092,0.0058252
20093,0.007767
20094,0.0097087
20095,0.01165
20096,0.013592
20097,0.015534
20098,0.017476
20099,0.019417
20100,0.023301
20101,0.025243
20102,0.029126
20103,0.034951
20104,0.038835
20105,0.042718
20106,0.046602
20107,0.050485
20108,0.054369
20109,0.058252
20110,0.062136
20111,0.066019
20112,0.067961
20113,0.071845
20114,0.073786
20115,0.07767
20116,0.079612
20117,0.081553
20118,0.07767
20119,0.075728
20120,0.066019
20121,0.058252
20122,0.04466
20123,0.031068
20124,0.01165
20125,-0.0058252
20126,-0.025243
20127,-0.046602
20128,-0.066019
20129,-0.087379
20130,-0.1068
20131,-0.12427
20132,-0.14175
20133,-0.15922
20134,-0.1767
20135,-0.19223
20136,-0.20777
20137,-0.2233
20138,-0.23495
20139,-0.24854
20140,-0.25825
20141,-0.26796
20142,-0.27573
20143,-0.2835
20144,-0.28932
20145,-0.2932
20146,-0.2932
20147,-0.2932
20148,-0.28932
20149,-0.28544
20150,-0.27767
20151,-0.2699
20152,-0.26019
20153,-0.25049
20154,-0.24078
20155,-0.22913
20156,-0.21942
20157,-0.20777
20158,-0.19806
20159,-0.18835
20160,-0.1767
20161,-0.16699
20162,-0.15728
20163,-0.14757
20164,-0.13786
20165,-0.12816
20166,-0.12039
20167,-0.11068
20168,-0.10291
20169,-0.095146
20170,-0.087379
20171,-0.07767
20172,-0.069903
20173,-0.060194
20174,-0.052427
20175,-0.04466
20176,-0.036893
20177,-0.027184
20178,-0.021359
20179,-0.015534
20180,-0.0097087
20181,-0.0038835
20182,0.0
20183,0.0058252
20184,0.007767
20185,0.01165
20186,0.013592
20187,0.013592
20188,0.013592
20189,0.013592
20190,0.013592
20191,0.01165
20192,0.01165
20193,0.01165
20194,0.01165
20195,0.013592
20196,0.017476
20197,0.021359
20198,0.027184
20199,0.034951
20200,0.046602
20201,0.056311
20202,0.071845
20203,0.087379
20204,0.10874
20205,0.12816
20206,0.15146
20207,0.1767
20208,0.20194
20209,0.22913
20210,0.25243
20211,0.27573
20212,0.29515
20213,0.3165
20214,0.33398
20215,0.35146
20216,0.36505
20217,0.38058
20218,0.39612
20219,0.40971
20220,0.42524
20221,0.43883
20222,0.45437
20223,0.4699
20224,0.48544
20225,0.50291
20226,0.51845
20227,0.53592
20228,0.5534
20229,0.57087
20230,0.58835
20231,0.60583
20232,0.6233
20233,0.64272
20234,0.66214
20235,0.68155
20236,0.70291
20237,0.72427
20238,0.74563
20239,0.76893
20240,0.79223
20241,0.81553
20242,0.83689
20243,0.86019
20244,0.88155
20245,0.90485
20246,0.92427
20247,0.94563
20248,0.96505
20249,0.98447
20250,1.0019
20251,1.0194
20252,1.035
20253,1.0505
20254,1.0641
20255,1.0796
20256,1.0913
20257,1.1049
20258,1.1184
20259,1.132
20260,1.1437
20261,1.1573
20262,1.1689
20263,1.1825
20264,1.1922
20265,1.2039
20266,1.2136
20267,1.2233
20268,1.2311
20269,1.2388
20270,1.2447
20271,1.2524
20272,1.2563
20273,1.2602
20274,1.2621
20275,1.2641
20276,1.2641
20277,1.2621
20278,1.2602
20279,1.2583
20280,1.2544
20281,1.2485
20282,1.2427
20283,1.2369
20284,1.2291
20285,1.2214
20286,1.2136
20287,1.2058
20288,1.1981
20289,1.1903
20290,1.1806
20291,1.1709
20292,1.1592
20293,1.1476
20294,1.1359
20295,1.1223
20296,1.1068
20297,1.0932
20298,1.0757
20299,1.0602
20300,1.0408
20301,1.0233
20302,0.99806
20303,0.97476
20304,0.94563
20305,0.91845
20306,0.88544
20307,0.85243
20308,0.81748
20309,0.78252
20310,0.74563
20311,0.71068
20312,0.67379
20313,0.63883
20314,0.60388
20315,0.56699
20316,0.53204
20317,0.49709
20318,0.46214
20319,0.42718
20320,0.39417
20321,0.36117
20322,0.33204
20323,0.30097
20324,0.27379
20325,0.2466
20326,0.22136
20327,0.19806
20328,0.17864
20329,0.15728
20330,0.14175
20331,0.12621
20332,0.1165
20333,0.10485
20334,0.097087
20335,0.08932
20336,0.083495
20337,0.07767
20338,0.071845
20339,0.067961
20340,0.066019
20341,0.062136
20342,0.058252
20343,0.056311
20344,0.052427
20345,0.050485
20346,0.046602
20347,0.04466
20348,0.040777
20349,0.038835
20350,0.036893
20351,0.034951
20352,0.034951
20353,0.03301
20354,0.03301
20355,0.03301
20356,0.03301
20357,0.031068
20358,0.031068
20359,0.029126
20360,0.029126
20361,0.027184
20362,0.027184
20363,0.025243
20364,0.025243
20365,0.025243
20366,0.025243
20367,0.025243
20368,0.023301
20369,0.023301
20370,0.021359
20371,0.021359
20372,0.019417
20373,0.017476
20374,0.017476
20375,0.017476
20376,0.019417
20377,0.019417
20378,0.023301
20379,0.025243
20380,0.029126
20381,0.031068
20382,0.034951
20383,0.036893
20384,0.038835
20385,0.040777
20386,0.042718
20387,0.04466
20388,0.046602
20389,0.046602
20390,0.046602
20391,0.046602
20392,0.04466
20393,0.042718
20394,0.034951
20395,0.027184
20396,0.015534
20397,0.0038835
20398,-0.013592
20399,-0.029126
20400,-0.050485
20401,-0.069903
20402,-0.08932
20403,-0.10874
20404,-0.12816
20405,-0.14757
20406,-0.16505
20407,-0.18252
20408,-0.2
20409,-0.21748
20410,-0.23301
20411,-0.2466
20412,-0.26019
20413,-0.27379
20414,-0.28544
20415,-0.29709
20416,-0.3068
20417,-0.31456
20418,-0.32039
20419,-0.32621
20420,-0.32816
20421,-0.3301
20422,-0.32816
20423,-0.32621
20424,-0.32233
20425,-0.3165
20426,-0.30874
20427,-0.30097
20428,-0.29126
20429,-0.27961
20430,-0.2699
20431,-0.26019
20432,-0.25049
20433,-0.24078
20434,-0.23107
20435,-0.22136
20436,-0.21165
20437,-0.20194
20438,-0.19223
20439,-0.18447
20440,-0.17476
20441,-0.16505
20442,-0.15534
20443,-0.14563
20444,-0.13592
20445,-0.12427
20446,-0.1165
20447,-0.1068
20448,-0.097087
20449,-0.087379
20450,-0.079612
20451,-0.071845
20452,-0.064078
20453,-0.056311
20454,-0.050485
20455,-0.042718
20456,-0.036893
20457,-0.031068
20458,-0.025243
20459,-0.021359
20460,-0.017476
20461,-0.013592
20462,-0.0097087
20463,-0.0058252
20464,0.0
20465,0.0038835
20466,0.0097087
20467,0.015534
20468,0.021359
20469,0.027184
20470,0.034951
20471,0.040777
20472,0.046602
20473,0.054369
20474,0.058252
20475,0.062136
20476,0.066019
20477,0.067961
20478,0.069903
20479,0.071845
20480,0.071845
20481,0.073786
20482,0.071845
20483,0.069903
20484,0.064078
20485,0.060194
20486,0.052427
20487,0.042718
20488,0.031068
20489,0.019417
20490,0.007767
20491,-0.0058252
20492,-0.015534
20493,-0.027184
20494,-0.034951
20495,-0.042718
20496,-0.046602
20497,-0.050485
20498,-0.048544
20499,-0.046602
20500,-0.038835
20501,-0.03301
20502,-0.021359
20503,-0.007767
20504,0.007767
20505,0.023301
20506,0.04466
20507,0.064078
20508,0.08932
20509,0.11262
20510,0.13981
20511,0.16699
20512,0.2
20513,0.23107
20514,0.26602
20515,0.30291
20516,0.34175
20517,0.38058
20518,0.42136
20519,0.46214
20520,0.50485
20521,0.54951
20522,0.59029
20523,0.63301
20524,0.67573
20525,0.7165
20526,0.75534
20527,0.79223
20528,0.82718
20529,0.86214
20530,0.8932
20531,0.92427
20532,0.95146
20533,0.9767
20534,1.0
20535,1.0252
20536,1.0447
20537,1.066
20538,1.0854
20539,1.1049
20540,1.1223
20541,1.1398
20542,1.1553
20543,1.1709
20544,1.1864
20545,1.2019
20546,1.2155
20547,1.2291
20548,1.2408
20549,1.2524
20550,1.2621
20551,1.2718
20552,1.2796
20553,1.2874
20554,1.2951
20555,1.301
20556,1.3087
20557,1.3146
20558,1.3204
20559,1.3262
20560,1.3301
20561,1.3359
20562,1.3379
20563,1.3417
20564,1.3437
20565,1.3437
20566,1.3417
20567,1.3417
20568,1.3379
20569,1.334
20570,1.3282
20571,1.3223
20572,1.3146
20573,1.3087
20574,1.2971
20575,1.2874
20576,1.2718
20577,1.2583
20578,1.2369
20579,1.2175
20580,1.1922
20581,1.167
20582,1.1398
20583,1.1107
20584,1.0796
20585,1.0485
20586,1.0155
20587,0.98447
20588,0.9534
20589,0.92233
20590,0.88932
20591,0.85825
20592,0.82524
20593,0.79223
20594,0.76117
20595,0.72816
20596,0.69709
20597,0.66602
20598,0.63495
20599,0.60583
20600,0.57864
20601,0.54951
20602,0.52427
20603,0.49903
20604,0.47573
20605,0.45437
20606,0.43495
20607,0.41553
20608,0.4
20609,0.38447
20610,0.37087
20611,0.35922
20612,0.34757
20613,0.33786
20614,0.32816
20615,0.31845
20616,0.31068
20617,0.30097
20618,0.2932
20619,0.28544
20620,0.27767
20621,0.2699
20622,0.26214
20623,0.25631
20624,0.25049
20625,0.2466
20626,0.24078
20627,0.23495
20628,0.23107
20629,0.22524
20630,0.22136
20631,0.21553
20632,0.21165
20633,0.20777
20634,0.20388
20635,0.2
20636,0.19612
20637,0.19223
20638,0.18835
20639,0.18447
20640,0.18058
20641,0.1767
20642,0.17087
20643,0.16505
20644,0.15922
20645,0.1534
20646,0.14951
20647,0.14369
20648,0.13786
20649,0.13398
20650,0.1301
20651,0.12621
20652,0.12621
20653,0.12427
20654,0.12233
20655,0.12233
20656,0.12039
20657,0.12039
20658,0.12039
20659,0.11845
20660,0.11845
20661,0.11845
20662,0.11845
20663,0.1165
20664,0.1165
20665,0.1165
20666,0.11262
20667,0.11068
20668,0.1068
20669,0.10291
20670,0.093204
20671,0.083495
20672,0.069903
20673,0.054369
20674,0.036893
20675,0.017476
20676,-0.0038835
20677,-0.023301
20678,-0.04466
20679,-0.066019
20680,-0.085437
20681,-0.10291
20682,-0.12233
20683,-0.13981
20684,-0.15728
20685,-0.17476
20686,-0.19223
20687,-0.20777
20688,-0.2233
20689,-0.23883
20690,-0.25049
20691,-0.26408
20692,-0.27379
20693,-0.2835
20694,-0.29126
20695,-0.29903
20696,-0.30291
20697,-0.30874
20698,-0.30874
20699,-0.3068
20700,-0.30291
20701,-0.29903
20702,-0.29126
20703,-0.2835
20704,-0.27379
20705,-0.26408
20706,-0.25437
20707,-0.24272
20708,-0.23301
20709,-0.2233
20710,-0.21553
20711,-0.20583
20712,-0.19806
20713,-0.19029
20714,-0.18058
20715,-0.17282
20716,-0.16505
20717,-0.15534
20718,-0.14757
20719,-0.13786
20720,-0.12816
20721,-0.12039
20722,-0.11068
20723,-0.10097
20724,-0.093204
20725,-0.083495
20726,-0.075728
20727,-0.066019
20728,-0.058252
20729,-0.050485
20730,-0.042718
20731,-0.034951
20732,-0.029126
20733,-0.023301
20734,-0.017476
20735,-0.01165
20736,-0.007767
20737,-0.0038835
20738,0.0
20739,0.0038835
20740,0.0097087
20741,0.013592
20742,0.017476
20743,0.023301
20744,0.029126
20745,0.034951
20746,0.040777
20747,0.046602
20748,0.052427
20749,0.058252
20750,0.062136
20751,0.067961
20752,0.071845
20753,0.075728
20754,0.079612
20755,0.083495
20756,0.087379
20757,0.093204
20758,0.095146
20759,0.099029
20760,0.10097
20761,0.10097
20762,0.097087
20763,0.093204
20764,0.083495
20765,0.073786
20766,0.058252
20767,0.04466
20768,0.025243
20769,0.007767
20770,-0.015534
20771,-0.036893
20772,-0.060194
20773,-0.083495
20774,-0.10485
20775,-0.12621
20776,-0.14563
20777,-0.16505
20778,-0.18252
20779,-0.19806
20780,-0.20971
20781,-0.2233
20782,-0.23107
20783,-0.24078
20784,-0.24466
20785,-0.25049
20786,-0.24854
20787,-0.2466
20788,-0.23689
20789,-0.22718
20790,-0.20971
20791,-0.19223
20792,-0.16505
20793,-0.13981
20794,-0.1068
20795,-0.073786
20796,-0.034951
20797,0.0058252
20798,0.048544
20799,0.091262
20800,0.13786
20801,0.18447
20802,0.23107
20803,0.27767
20804,0.32427
20805,0.36893
20806,0.41359
20807,0.46019
20808,0.50291
20809,0.54757
20810,0.59029
20811,0.63301
20812,0.67573
20813,0.71845
20814,0.75922
20815,0.80194
20816,0.84272
20817,0.88155
20818,0.92039
20819,0.95728
20820,0.99417
20821,1.0291
20822,1.0621
20823,1.0951
20824,1.1262
20825,1.1553
20826,1.1825
20827,1.2078
20828,1.2291
20829,1.2505
20830,1.268
20831,1.2854
20832,1.299
20833,1.3146
20834,1.3262
20835,1.3398
20836,1.3515
20837,1.3631
20838,1.3728
20839,1.3845
20840,1.3942
20841,1.4039
20842,1.4117
20843,1.4194
20844,1.4252
20845,1.4311
20846,1.4369
20847,1.4427
20848,1.4485
20849,1.4544
20850,1.4563
20851,1.4602
20852,1.4602
20853,1.4602
20854,1.4524
20855,1.4466
20856,1.433
20857,1.4214
20858,1.4039
20859,1.3883
20860,1.367
20861,1.3456
20862,1.3223
20863,1.299
20864,1.2738
20865,1.2485
20866,1.2214
20867,1.1942
20868,1.165
20869,1.1359
20870,1.1068
20871,1.0777
20872,1.0466
20873,1.0175
20874,0.98835
20875,0.95922
20876,0.93204
20877,0.90485
20878,0.87961
20879,0.85243
20880,0.82913
20881,0.80388
20882,0.78252
20883,0.76117
20884,0.74369
20885,0.72621
20886,0.71068
20887,0.69515
20888,0.6835
20889,0.6699
20890,0.65825
20891,0.6466
20892,0.63495
20893,0.6233
20894,0.61165
20895,0.6
20896,0.58835
20897,0.5767
20898,0.56699
20899,0.55534
20900,0.54563
20901,0.53592
20902,0.52621
20903,0.5165
20904,0.5068
20905,0.49709
20906,0.48738
20907,0.47961
20908,0.4699
20909,0.46019
20910,0.45049
20911,0.44272
20912,0.43301
20913,0.4233
20914,0.41359
20915,0.40388
20916,0.39417
20917,0.38641
20918,0.3767
20919,0.36699
20920,0.35728
20921,0.34757
20922,0.33786
20923,0.32816
20924,0.31845
20925,0.30874
20926,0.30097
20927,0.29126
20928,0.28544
20929,0.27767
20930,0.27184
20931,0.26602
20932,0.26214
20933,0.25825
20934,0.25437
20935,0.25049
20936,0.2466
20937,0.24272
20938,0.23883
20939,0.23495
20940,0.22913
20941,0.22524
20942,0.22136
20943,0.21748
20944,0.21359
20945,0.20971
20946,0.2
20947,0.19223
20948,0.18058
20949,0.16893
20950,0.15146
20951,0.13592
20952,0.11456
20953,0.093204
20954,0.069903
20955,0.048544
20956,0.025243
20957,0.0019417
20958,-0.021359
20959,-0.042718
20960,-0.064078
20961,-0.083495
20962,-0.10291
20963,-0.12233
20964,-0.13981
20965,-0.15728
20966,-0.17282
20967,-0.18835
20968,-0.20194
20969,-0.21553
20970,-0.22718
20971,-0.23689
20972,-0.24466
20973,-0.25243
20974,-0.25631
20975,-0.26019
20976,-0.26019
20977,-0.26019
20978,-0.25631
20979,-0.25049
20980,-0.24466
20981,-0.23689
20982,-0.22913
20983,-0.21942
20984,-0.20971
20985,-0.20194
20986,-0.19223
20987,-0.18252
20988,-0.17476
20989,-0.16699
20990,-0.15728
20991,-0.14951
20992,-0.13981
20993,-0.13204
20994,-0.12233
20995,-0.11262
20996,-0.10485
20997,-0.095146
20998,-0.085437
20999,-0.07767
21000,-0.067961
21001,-0.060194
21002,-0.052427
21003,-0.042718
21004,-0.034951
21005,-0.027184
21006,-0.021359
21007,-0.013592
21008,-0.007767
21009,0.0
21010,0.0058252
21011,0.01165
21012,0.015534
21013,0.021359
21014,0.025243
21015,0.029126
21016,0.03301
21017,0.036893
21018,0.040777
21019,0.04466
21020,0.048544
21021,0.052427
21022,0.058252
21023,0.064078
21024,0.069903
21025,0.07767
21026,0.081553
21027,0.087379
21028,0.08932
21029,0.093204
21030,0.097087
21031,0.099029
21032,0.10097
21033,0.10485
21034,0.1068
21035,0.11068
21036,0.11456
21037,0.11845
21038,0.11845
21039,0.11845
21040,0.1165
21041,0.11456
21042,0.10485
21043,0.095146
21044,0.079612
21045,0.066019
21046,0.048544
21047,0.031068
21048,0.01165
21049,-0.007767
21050,-0.027184
21051,-0.046602
21052,-0.066019
21053,-0.085437
21054,-0.10291
21055,-0.12039
21056,-0.13786
21057,-0.1534
21058,-0.16893
21059,-0.18447
21060,-0.19806
21061,-0.21165
21062,-0.2233
21063,-0.23495
21064,-0.24466
21065,-0.25243
21066,-0.26019
21067,-0.26602
21068,-0.26796
21069,-0.2699
21070,-0.26602
21071,-0.26214
21072,-0.25243
21073,-0.24466
21074,-0.22913
21075,-0.21359
21076,-0.19417
21077,-0.17282
21078,-0.14951
21079,-0.12427
21080,-0.097087
21081,-0.069903
21082,-0.038835
21083,-0.007767
21084,0.027184
21085,0.062136
21086,0.099029
21087,0.13592
21088,0.17476
21089,0.21359
21090,0.25437
21091,0.29709
21092,0.33786
21093,0.38058
21094,0.4233
21095,0.46602
21096,0.50874
21097,0.55146
21098,0.59223
21099,0.63495
21100,0.67573
21101,0.71845
21102,0.75728
21103,0.79806
21104,0.83495
21105,0.87379
21106,0.90874
21107,0.94563
21108,0.97864
21109,1.0136
21110,1.0447
21111,1.0757
21112,1.1049
21113,1.132
21114,1.1592
21115,1.1845
21116,1.2078
21117,1.2311
21118,1.2505
21119,1.268
21120,1.2835
21121,1.299
21122,1.3107
21123,1.3243
21124,1.334
21125,1.3456
21126,1.3534
21127,1.3631
21128,1.3709
21129,1.3786
21130,1.3786
21131,1.3806
21132,1.3767
21133,1.3728
21134,1.365
21135,1.3553
21136,1.3417
21137,1.3282
21138,1.3126
21139,1.2971
21140,1.2816
21141,1.2641
21142,1.2466
21143,1.2291
21144,1.2097
21145,1.1922
21146,1.1728
21147,1.1534
21148,1.132
21149,1.1107
21150,1.0913
21151,1.0699
21152,1.0485
21153,1.0272
21154,1.0058
21155,0.98447
21156,0.96311
21157,0.94175
21158,0.92427
21159,0.90485
21160,0.88932
21161,0.87379
21162,0.86214
21163,0.84854
21164,0.84078
21165,0.83107
21166,0.8233
21167,0.81748
21168,0.81165
21169,0.80583
21170,0.80194
21171,0.79612
21172,0.79029
21173,0.78447
21174,0.77864
21175,0.77087
21176,0.76505
21177,0.75728
21178,0.74951
21179,0.74369
21180,0.73592
21181,0.72816
21182,0.72039
21183,0.71262
21184,0.70291
21185,0.69515
21186,0.68544
21187,0.67573
21188,0.66602
21189,0.65631
21190,0.64466
21191,0.63301
21192,0.62136
21193,0.60971
21194,0.59806
21195,0.58641
21196,0.57282
21197,0.56117
21198,0.54951
21199,0.53592
21200,0.52427
21201,0.51262
21202,0.50097
21203,0.48738
21204,0.47573
21205,0.46408
21206,0.45243
21207,0.44078
21208,0.43107
21209,0.4233
21210,0.41553
21211,0.40777
21212,0.40194
21213,0.39612
21214,0.38835
21215,0.38252
21216,0.37476
21217,0.36893
21218,0.36117
21219,0.35534
21220,0.34757
21221,0.33981
21222,0.33204
21223,0.32427
21224,0.3165
21225,0.30874
21226,0.29515
21227,0.28155
21228,0.26408
21229,0.24854
21230,0.22524
21231,0.20388
21232,0.17864
21233,0.1534
21234,0.12816
21235,0.10291
21236,0.07767
21237,0.054369
21238,0.029126
21239,0.0058252
21240,-0.015534
21241,-0.036893
21242,-0.056311
21243,-0.07767
21244,-0.095146
21245,-0.11456
21246,-0.1301
21247,-0.14563
21248,-0.15922
21249,-0.17282
21250,-0.18447
21251,-0.19417
21252,-0.20194
21253,-0.20971
21254,-0.21165
21255,-0.21553
21256,-0.21553
21257,-0.21553
21258,-0.21165
21259,-0.20583
21260,-0.2
21261,-0.19223
21262,-0.18447
21263,-0.1767
21264,-0.16893
21265,-0.16117
21266,-0.1534
21267,-0.14757
21268,-0.13981
21269,-0.13398
21270,-0.12621
21271,-0.12039
21272,-0.11262
21273,-0.10485
21274,-0.099029
21275,-0.091262
21276,-0.085437
21277,-0.07767
21278,-0.071845
21279,-0.064078
21280,-0.058252
21281,-0.050485
21282,-0.04466
21283,-0.036893
21284,-0.031068
21285,-0.023301
21286,-0.017476
21287,-0.01165
21288,-0.0058252
21289,0.0
21290,0.0019417
21291,0.0058252
21292,0.0097087
21293,0.01165
21294,0.015534
21295,0.017476
21296,0.021359
21297,0.023301
21298,0.027184
21299,0.031068
21300,0.034951
21301,0.040777
21302,0.04466
21303,0.050485
21304,0.056311
21305,0.062136
21306,0.066019
21307,0.069903
21308,0.073786
21309,0.075728
21310,0.079612
21311,0.083495
21312,0.087379
21313,0.091262
21314,0.093204
21315,0.097087
21316,0.099029
21317,0.099029
21318,0.095146
21319,0.093204
21320,0.083495
21321,0.075728
21322,0.062136
21323,0.048544
21324,0.031068
21325,0.013592
21326,-0.0058252
21327,-0.025243
21328,-0.04466
21329,-0.064078
21330,-0.081553
21331,-0.10097
21332,-0.11845
21333,-0.13592
21334,-0.15146
21335,-0.16699
21336,-0.18058
21337,-0.19417
21338,-0.20583
21339,-0.21942
21340,-0.22913
21341,-0.24078
21342,-0.25049
21343,-0.26019
21344,-0.2699
21345,-0.27767
21346,-0.28155
21347,-0.28738
21348,-0.28738
21349,-0.28738
21350,-0.28155
21351,-0.27573
21352,-0.26602
21353,-0.25437
21354,-0.23883
21355,-0.2233
21356,-0.20388
21357,-0.18252
21358,-0.15922
21359,-0.13592
21360,-0.10874
21361,-0.083495
21362,-0.052427
21363,-0.021359
21364,0.01165
21365,0.046602
21366,0.083495
21367,0.12233
21368,0.16117
21369,0.20194
21370,0.24466
21371,0.28738
21372,0.33204
21373,0.3767
21374,0.42136
21375,0.46602
21376,0.51068
21377,0.55534
21378,0.6
21379,0.64466
21380,0.68738
21381,0.7301
21382,0.77087
21383,0.81165
21384,0.85243
21385,0.89126
21386,0.9301
21387,0.96699
21388,1.0019
21389,1.0388
21390,1.0718
21391,1.1068
21392,1.1379
21393,1.1709
21394,1.1981
21395,1.2272
21396,1.2524
21397,1.2796
21398,1.301
21399,1.3223
21400,1.3398
21401,1.3573
21402,1.3728
21403,1.3883
21404,1.4
21405,1.4117
21406,1.4194
21407,1.4291
21408,1.433
21409,1.4369
21410,1.4369
21411,1.4369
21412,1.4311
21413,1.4252
21414,1.4175
21415,1.4078
21416,1.3961
21417,1.3864
21418,1.3728
21419,1.3612
21420,1.3476
21421,1.3359
21422,1.3204
21423,1.3068
21424,1.2932
21425,1.2777
21426,1.2602
21427,1.2447
21428,1.2272
21429,1.2097
21430,1.1903
21431,1.1709
21432,1.1515
21433,1.132
21434,1.1146
21435,1.0971
21436,1.0796
21437,1.0621
21438,1.0466
21439,1.0311
21440,1.0175
21441,1.0058
21442,0.99612
21443,0.98641
21444,0.98058
21445,0.97476
21446,0.96893
21447,0.96311
21448,0.95534
21449,0.94951
21450,0.94175
21451,0.93398
21452,0.92427
21453,0.91456
21454,0.90291
21455,0.89126
21456,0.87767
21457,0.86602
21458,0.85437
21459,0.84272
21460,0.83107
21461,0.81942
21462,0.80583
21463,0.79417
21464,0.78058
21465,0.76893
21466,0.75534
21467,0.74175
21468,0.72816
21469,0.71456
21470,0.69903
21471,0.68544
21472,0.67184
21473,0.65631
21474,0.64078
21475,0.62718
21476,0.61165
21477,0.59612
21478,0.58058
21479,0.56505
21480,0.54951
21481,0.53398
21482,0.52039
21483,0.50485
21484,0.48932
21485,0.47573
21486,0.46408
21487,0.45243
21488,0.44272
21489,0.43301
21490,0.42524
21491,0.41748
21492,0.41165
21493,0.40388
21494,0.39806
21495,0.39223
21496,0.38447
21497,0.37864
21498,0.37087
21499,0.36311
21500,0.35534
21501,0.34757
21502,0.33786
21503,0.32816
21504,0.3165
21505,0.30291
21506,0.28544
21507,0.26796
21508,0.2466
21509,0.2233
21510,0.19806
21511,0.17476
21512,0.14757
21513,0.12233
21514,0.095146
21515,0.069903
21516,0.04466
21517,0.021359
21518,-0.0038835
21519,-0.027184
21520,-0.048544
21521,-0.071845
21522,-0.091262
21523,-0.11068
21524,-0.1301
21525,-0.14757
21526,-0.16311
21527,-0.1767
21528,-0.18835
21529,-0.2
21530,-0.20777
21531,-0.21553
21532,-0.21942
21533,-0.2233
21534,-0.2233
21535,-0.2233
21536,-0.21942
21537,-0.21553
21538,-0.20971
21539,-0.20388
21540,-0.19612
21541,-0.18835
21542,-0.18252
21543,-0.17476
21544,-0.16893
21545,-0.16311
21546,-0.15728
21547,-0.15146
21548,-0.14563
21549,-0.13981
21550,-0.13398
21551,-0.12816
21552,-0.12039
21553,-0.11456
21554,-0.1068
21555,-0.099029
21556,-0.091262
21557,-0.083495
21558,-0.073786
21559,-0.066019
21560,-0.058252
21561,-0.050485
21562,-0.04466
21563,-0.036893
21564,-0.031068
21565,-0.023301
21566,-0.019417
21567,-0.013592
21568,-0.0097087
21569,-0.0058252
21570,-0.0019417
21571,0.0019417
21572,0.0038835
21573,0.007767
21574,0.0097087
21575,0.013592
21576,0.015534
21577,0.019417
21578,0.023301
21579,0.029126
21580,0.03301
21581,0.038835
21582,0.04466
21583,0.048544
21584,0.052427
21585,0.056311
21586,0.060194
21587,0.064078
21588,0.066019
21589,0.067961
21590,0.071845
21591,0.073786
21592,0.07767
21593,0.079612
21594,0.079612
21595,0.079612
21596,0.07767
21597,0.075728
21598,0.066019
21599,0.058252
21600,0.04466
21601,0.031068
21602,0.013592
21603,-0.0038835
21604,-0.021359
21605,-0.040777
21606,-0.060194
21607,-0.07767
21608,-0.097087
21609,-0.1165
21610,-0.13398
21611,-0.15146
21612,-0.16699
21613,-0.18252
21614,-0.19612
21615,-0.21165
21616,-0.2233
21617,-0.23689
21618,-0.2466
21619,-0.25631
21620,-0.26408
21621,-0.27184
21622,-0.27573
21623,-0.27961
21624,-0.27961
21625,-0.28155
21626,-0.27767
21627,-0.27379
21628,-0.26796
21629,-0.26214
21630,-0.25631
21631,-0.24854
21632,-0.24078
21633,-0.23301
21634,-0.22524
21635,-0.21748
21636,-0.21165
21637,-0.20388
21638,-0.19417
21639,-0.18447
21640,-0.17476
21641,-0.16311
21642,-0.14951
21643,-0.13398
21644,-0.11845
21645,-0.10097
21646,-0.07767
21647,-0.054369
21648,-0.027184
21649,0.0
21650,0.031068
21651,0.064078
21652,0.10097
21653,0.13592
21654,0.1767
21655,0.21553
21656,0.25825
21657,0.30097
21658,0.34369
21659,0.38641
21660,0.43107
21661,0.47379
21662,0.5165
21663,0.56117
21664,0.60388
21665,0.6466
21666,0.68932
21667,0.73204
21668,0.77282
21669,0.81553
21670,0.85631
21671,0.89709
21672,0.93398
21673,0.97282
21674,1.0097
21675,1.0466
21676,1.0796
21677,1.1146
21678,1.1456
21679,1.1786
21680,1.2078
21681,1.2369
21682,1.2641
21683,1.2913
21684,1.3126
21685,1.3359
21686,1.3515
21687,1.365
21688,1.3709
21689,1.3767
21690,1.3728
21691,1.3709
21692,1.3612
21693,1.3515
21694,1.3398
21695,1.3282
21696,1.3146
21697,1.3029
21698,1.2893
21699,1.2757
21700,1.2641
21701,1.2505
21702,1.2388
21703,1.2252
21704,1.2136
21705,1.2019
21706,1.1903
21707,1.1786
21708,1.1689
21709,1.1573
21710,1.1495
21711,1.1417
21712,1.134
21713,1.1282
21714,1.1223
21715,1.1165
21716,1.1126
21717,1.1087
21718,1.1087
21719,1.1068
21720,1.1068
21721,1.1087
21722,1.1087
21723,1.1087
21724,1.1087
21725,1.1107
21726,1.1087
21727,1.1068
21728,1.1049
21729,1.101
21730,1.0932
21731,1.0874
21732,1.0757
21733,1.066
21734,1.0544
21735,1.0427
21736,1.0291
21737,1.0155
21738,1.0019
21739,0.98835
21740,0.97282
21741,0.95922
21742,0.94369
21743,0.9301
21744,0.91456
21745,0.90097
21746,0.88544
21747,0.8699
21748,0.85631
21749,0.84078
21750,0.82524
21751,0.80971
21752,0.79612
21753,0.78058
21754,0.76505
21755,0.74951
21756,0.73204
21757,0.7165
21758,0.69903
21759,0.6835
21760,0.66796
21761,0.65243
21762,0.63689
21763,0.62136
21764,0.60583
21765,0.59029
21766,0.57864
21767,0.56505
21768,0.5534
21769,0.54175
21770,0.5301
21771,0.52039
21772,0.50874
21773,0.49709
21774,0.48738
21775,0.47573
21776,0.46602
21777,0.45631
21778,0.4466
21779,0.43689
21780,0.42524
21781,0.41359
21782,0.4
21783,0.38447
21784,0.36505
21785,0.34757
21786,0.32427
21787,0.30097
21788,0.27573
21789,0.24854
21790,0.22136
21791,0.19612
21792,0.16893
21793,0.14175
21794,0.1165
21795,0.08932
21796,0.064078
21797,0.040777
21798,0.017476
21799,-0.0058252
21800,-0.027184
21801,-0.048544
21802,-0.067961
21803,-0.087379
21804,-0.10291
21805,-0.11845
21806,-0.13204
21807,-0.14563
21808,-0.15534
21809,-0.16699
21810,-0.17087
21811,-0.1767
21812,-0.17864
21813,-0.17864
21814,-0.1767
21815,-0.17282
21816,-0.16699
21817,-0.15922
21818,-0.1534
21819,-0.14563
21820,-0.13786
21821,-0.13204
21822,-0.12427
21823,-0.11845
21824,-0.11262
21825,-0.1068
21826,-0.10097
21827,-0.095146
21828,-0.08932
21829,-0.083495
21830,-0.07767
21831,-0.069903
21832,-0.064078
21833,-0.056311
21834,-0.050485
21835,-0.04466
21836,-0.038835
21837,-0.03301
21838,-0.027184
21839,-0.019417
21840,-0.013592
21841,-0.007767
21842,-0.0019417
21843,0.0038835
21844,0.007767
21845,0.013592
21846,0.015534
21847,0.019417
21848,0.023301
21849,0.025243
21850,0.029126
21851,0.031068
21852,0.03301
21853,0.036893
21854,0.038835
21855,0.042718
21856,0.046602
21857,0.050485
21858,0.054369
21859,0.058252
21860,0.062136
21861,0.067961
21862,0.071845
21863,0.075728
21864,0.079612
21865,0.083495
21866,0.087379
21867,0.091262
21868,0.095146
21869,0.10097
21870,0.10291
21871,0.10485
21872,0.1068
21873,0.1068
21874,0.10097
21875,0.097087
21876,0.087379
21877,0.07767
21878,0.062136
21879,0.046602
21880,0.029126
21881,0.0097087
21882,-0.0097087
21883,-0.029126
21884,-0.048544
21885,-0.067961
21886,-0.085437
21887,-0.10485
21888,-0.12233
21889,-0.13981
21890,-0.15534
21891,-0.17087
21892,-0.18447
21893,-0.19806
21894,-0.20971
21895,-0.22136
21896,-0.23107
21897,-0.23883
21898,-0.24466
21899,-0.25049
21900,-0.25437
21901,-0.25825
21902,-0.25631
21903,-0.25631
21904,-0.25049
21905,-0.2466
21906,-0.23883
21907,-0.23107
21908,-0.21942
21909,-0.20971
21910,-0.19806
21911,-0.18641
21912,-0.1767
21913,-0.16505
21914,-0.15534
21915,-0.14563
21916,-0.13592
21917,-0.12621
21918,-0.11845
21919,-0.10874
21920,-0.10097
21921,-0.091262
21922,-0.083495
21923,-0.075728
21924,-0.066019
21925,-0.058252
21926,-0.050485
21927,-0.040777
21928,-0.03301
21929,-0.023301
21930,-0.015534
21931,-0.007767
21932,-0.0019417
21933,0.0058252
21934,0.01165
21935,0.019417
21936,0.025243
21937,0.031068
21938,0.036893
21939,0.040777
21940,0.046602
21941,0.050485
21942,0.052427
21943,0.056311
21944,0.058252
21945,0.060194
21946,0.064078
21947,0.066019
21948,0.071845
21949,0.075728
21950,0.081553
21951,0.087379
21952,0.093204
21953,0.099029
21954,0.10291
21955,0.10874
21956,0.11456
21957,0.11845
21958,0.12233
21959,0.12621
21960,0.12816
21961,0.1301
21962,0.12816
21963,0.12621
21964,0.12039
21965,0.11456
21966,0.10291
21967,0.091262
21968,0.073786
21969,0.056311
21970,0.038835
21971,0.021359
21972,0.0058252
21973,-0.01165
21974,-0.023301
21975,-0.034951
21976,-0.042718
21977,-0.050485
21978,-0.052427
21979,-0.052427
21980,-0.050485
21981,-0.046602
21982,-0.036893
21983,-0.029126
21984,-0.015534
21985,0.0
21986,0.017476
21987,0.036893
21988,0.060194
21989,0.083495
21990,0.11262
21991,0.13981
21992,0.17282
21993,0.20388
21994,0.24078
21995,0.27767
21996,0.3165
21997,0.35728
21998,0.4
21999,0.44272
22000,0.48932
22001,0.53592
22002,0.58252
22003,0.62718
22004,0.67379
22005,0.71845
22006,0.76117
22007,0.80583
22008,0.84466
22009,0.88544
22010,0.92233
22011,0.95922
22012,0.99223
22013,1.0252
22014,1.0544
22015,1.0835
22016,1.1107
22017,1.1398
22018,1.1631
22019,1.1864
22020,1.2078
22021,1.2291
22022,1.2466
22023,1.2641
22024,1.2777
22025,1.2932
22026,1.3049
22027,1.3184
22028,1.3282
22029,1.3398
22030,1.3495
22031,1.3592
22032,1.3689
22033,1.3767
22034,1.3845
22035,1.3922
22036,1.3981
22037,1.4058
22038,1.4136
22039,1.4214
22040,1.4291
22041,1.4369
22042,1.4408
22043,1.4466
22044,1.4505
22045,1.4544
22046,1.4544
22047,1.4563
22048,1.4563
22049,1.4563
22050,1.4524
22051,1.4505
22052,1.4466
22053,1.4408
22054,1.4311
22055,1.4214
22056,1.4078
22057,1.3922
22058,1.3709
22059,1.3476
22060,1.3204
22061,1.2913
22062,1.2602
22063,1.2272
22064,1.1942
22065,1.1592
22066,1.1243
22067,1.0874
22068,1.0505
22069,1.0136
22070,0.9767
22071,0.93981
22072,0.90097
22073,0.86408
22074,0.82718
22075,0.79029
22076,0.75534
22077,0.71845
22078,0.68544
22079,0.65243
22080,0.61942
22081,0.58835
22082,0.56117
22083,0.53398
22084,0.50874
22085,0.48544
22086,0.46602
22087,0.4466
22088,0.43107
22089,0.41553
22090,0.40388
22091,0.39029
22092,0.38058
22093,0.37087
22094,0.35922
22095,0.34951
22096,0.33981
22097,0.32816
22098,0.31845
22099,0.30874
22100,0.29903
22101,0.29126
22102,0.28155
22103,0.27379
22104,0.26796
22105,0.26214
22106,0.25631
22107,0.25049
22108,0.24466
22109,0.23883
22110,0.23495
22111,0.23107
22112,0.22524
22113,0.22136
22114,0.21748
22115,0.21359
22116,0.20971
22117,0.20583
22118,0.20388
22119,0.2
22120,0.19612
22121,0.19223
22122,0.18835
22123,0.18447
22124,0.18058
22125,0.17476
22126,0.17087
22127,0.16505
22128,0.16117
22129,0.15728
22130,0.15534
22131,0.1534
22132,0.15146
22133,0.15146
22134,0.15146
22135,0.15146
22136,0.15146
22137,0.15146
22138,0.15146
22139,0.15146
22140,0.15146
22141,0.14951
22142,0.14951
22143,0.14951
22144,0.14757
22145,0.14757
22146,0.14369
22147,0.13981
22148,0.13398
22149,0.12816
22150,0.1165
22151,0.10485
22152,0.08932
22153,0.073786
22154,0.054369
22155,0.036893
22156,0.015534
22157,-0.0058252
22158,-0.027184
22159,-0.046602
22160,-0.066019
22161,-0.085437
22162,-0.10291
22163,-0.12233
22164,-0.13981
22165,-0.15728
22166,-0.17282
22167,-0.18835
22168,-0.20194
22169,-0.21748
22170,-0.22913
22171,-0.24078
22172,-0.24854
22173,-0.25825
22174,-0.26408
22175,-0.2699
22176,-0.27184
22177,-0.27379
22178,-0.2699
22179,-0.26796
22180,-0.26214
22181,-0.25631
22182,-0.24854
22183,-0.23883
22184,-0.22913
22185,-0.21942
22186,-0.20971
22187,-0.2
22188,-0.19029
22189,-0.18058
22190,-0.17282
22191,-0.16311
22192,-0.15534
22193,-0.14563
22194,-0.13786
22195,-0.12816
22196,-0.11845
22197,-0.10874
22198,-0.10097
22199,-0.091262
22200,-0.083495
22201,-0.073786
22202,-0.066019
22203,-0.058252
22204,-0.050485
22205,-0.040777
22206,-0.034951
22207,-0.027184
22208,-0.019417
22209,-0.013592
22210,-0.007767
22211,-0.0019417
22212,0.0019417
22213,0.007767
22214,0.0097087
22215,0.013592
22216,0.015534
22217,0.017476
22218,0.021359
22219,0.025243
22220,0.029126
22221,0.03301
22222,0.038835
22223,0.04466
22224,0.050485
22225,0.056311
22226,0.062136
22227,0.067961
22228,0.073786
22229,0.079612
22230,0.083495
22231,0.08932
22232,0.093204
22233,0.097087
22234,0.10291
22235,0.1068
22236,0.11068
22237,0.11456
22238,0.11456
22239,0.1165
22240,0.11456
22241,0.11262
22242,0.10291
22243,0.095146
22244,0.081553
22245,0.067961
22246,0.050485
22247,0.034951
22248,0.013592
22249,-0.0058252
22250,-0.025243
22251,-0.04466
22252,-0.064078
22253,-0.085437
22254,-0.10485
22255,-0.12621
22256,-0.14757
22257,-0.16893
22258,-0.18835
22259,-0.20971
22260,-0.22718
22261,-0.24466
22262,-0.25825
22263,-0.2699
22264,-0.27767
22265,-0.28544
22266,-0.28738
22267,-0.28738
22268,-0.2835
22269,-0.27767
22270,-0.26408
22271,-0.25049
22272,-0.22913
22273,-0.20971
22274,-0.18252
22275,-0.15534
22276,-0.12039
22277,-0.087379
22278,-0.050485
22279,-0.013592
22280,0.025243
22281,0.064078
22282,0.10485
22283,0.14563
22284,0.18641
22285,0.22913
22286,0.27184
22287,0.3165
22288,0.36117
22289,0.40583
22290,0.45049
22291,0.4932
22292,0.53786
22293,0.58252
22294,0.62718
22295,0.67184
22296,0.71456
22297,0.75922
22298,0.80194
22299,0.8466
22300,0.88738
22301,0.92816
22302,0.96699
22303,1.0058
22304,1.0427
22305,1.0796
22306,1.1107
22307,1.1437
22308,1.1728
22309,1.2039
22310,1.2272
22311,1.2524
22312,1.2738
22313,1.2951
22314,1.3146
22315,1.332
22316,1.3476
22317,1.3631
22318,1.3748
22319,1.3883
22320,1.4
22321,1.4097
22322,1.4194
22323,1.4291
22324,1.4369
22325,1.4447
22326,1.4524
22327,1.4602
22328,1.466
22329,1.4718
22330,1.4738
22331,1.4738
22332,1.4699
22333,1.466
22334,1.4563
22335,1.4466
22336,1.433
22337,1.4175
22338,1.4019
22339,1.3845
22340,1.365
22341,1.3456
22342,1.3243
22343,1.3029
22344,1.2796
22345,1.2563
22346,1.2291
22347,1.2039
22348,1.1748
22349,1.1456
22350,1.1165
22351,1.0854
22352,1.0563
22353,1.0252
22354,0.99612
22355,0.96699
22356,0.93786
22357,0.91068
22358,0.88544
22359,0.86019
22360,0.83883
22361,0.81748
22362,0.8
22363,0.78252
22364,0.76893
22365,0.75534
22366,0.74369
22367,0.73398
22368,0.72427
22369,0.7165
22370,0.70874
22371,0.70097
22372,0.6932
22373,0.68544
22374,0.67767
22375,0.6699
22376,0.66408
22377,0.65631
22378,0.65049
22379,0.64466
22380,0.63883
22381,0.63301
22382,0.62718
22383,0.62136
22384,0.61553
22385,0.60971
22386,0.60194
22387,0.59417
22388,0.58641
22389,0.57864
22390,0.57087
22391,0.56311
22392,0.55534
22393,0.54563
22394,0.53786
22395,0.5301
22396,0.52233
22397,0.51262
22398,0.50485
22399,0.49709
22400,0.48932
22401,0.47961
22402,0.47184
22403,0.46408
22404,0.45631
22405,0.44854
22406,0.44078
22407,0.43301
22408,0.42718
22409,0.42136
22410,0.41748
22411,0.41165
22412,0.40777
22413,0.40388
22414,0.39806
22415,0.39417
22416,0.38835
22417,0.38252
22418,0.3767
22419,0.37087
22420,0.36311
22421,0.35534
22422,0.34757
22423,0.33981
22424,0.3301
22425,0.32039
22426,0.30485
22427,0.28932
22428,0.27184
22429,0.25243
22430,0.22913
22431,0.20777
22432,0.18252
22433,0.15728
22434,0.13204
22435,0.1068
22436,0.081553
22437,0.058252
22438,0.034951
22439,0.01165
22440,-0.01165
22441,-0.03301
22442,-0.054369
22443,-0.075728
22444,-0.095146
22445,-0.11456
22446,-0.1301
22447,-0.14757
22448,-0.16117
22449,-0.17476
22450,-0.18447
22451,-0.19417
22452,-0.2
22453,-0.20583
22454,-0.20777
22455,-0.20971
22456,-0.20777
22457,-0.20583
22458,-0.2
22459,-0.19612
22460,-0.18835
22461,-0.18058
22462,-0.17282
22463,-0.16505
22464,-0.15728
22465,-0.14951
22466,-0.14175
22467,-0.13398
22468,-0.12816
22469,-0.12039
22470,-0.11456
22471,-0.10874
22472,-0.10291
22473,-0.097087
22474,-0.091262
22475,-0.085437
22476,-0.07767
22477,-0.071845
22478,-0.066019
22479,-0.060194
22480,-0.052427
22481,-0.046602
22482,-0.040777
22483,-0.034951
22484,-0.027184
22485,-0.021359
22486,-0.015534
22487,-0.0097087
22488,-0.0058252
22489,-0.0019417
22490,0.0019417
22491,0.007767
22492,0.0097087
22493,0.013592
22494,0.017476
22495,0.021359
22496,0.025243
22497,0.027184
22498,0.03301
22499,0.036893
22500,0.042718
22501,0.048544
22502,0.054369
22503,0.060194
22504,0.064078
22505,0.069903
22506,0.073786
22507,0.07767
22508,0.081553
22509,0.085437
22510,0.087379
22511,0.091262
22512,0.095146
22513,0.099029
22514,0.10097
22515,0.10291
22516,0.10291
22517,0.10485
22518,0.099029
22519,0.093204
22520,0.081553
22521,0.071845
22522,0.056311
22523,0.040777
22524,0.021359
22525,0.0019417
22526,-0.017476
22527,-0.038835
22528,-0.058252
22529,-0.07767
22530,-0.097087
22531,-0.1165
22532,-0.13398
22533,-0.14951
22534,-0.16699
22535,-0.18252
22536,-0.19806
22537,-0.21165
22538,-0.22524
22539,-0.23689
22540,-0.2466
22541,-0.25631
22542,-0.26214
22543,-0.26796
22544,-0.2699
22545,-0.27184
22546,-0.27379
22547,-0.27379
22548,-0.27184
22549,-0.2699
22550,-0.26796
22551,-0.26408
22552,-0.26019
22553,-0.25631
22554,-0.24854
22555,-0.24272
22556,-0.23495
22557,-0.22718
22558,-0.21553
22559,-0.20583
22560,-0.19223
22561,-0.18058
22562,-0.16311
22563,-0.14757
22564,-0.12621
22565,-0.1068
22566,-0.081553
22567,-0.056311
22568,-0.025243
22569,0.0038835
22570,0.040777
22571,0.075728
22572,0.11456
22573,0.15534
22574,0.19612
22575,0.23883
22576,0.28155
22577,0.32621
22578,0.37087
22579,0.41553
22580,0.46214
22581,0.50874
22582,0.5534
22583,0.59806
22584,0.64272
22585,0.68738
22586,0.72816
22587,0.77087
22588,0.81359
22589,0.85437
22590,0.89709
22591,0.93786
22592,0.98058
22593,1.0214
22594,1.0602
22595,1.101
22596,1.1379
22597,1.1767
22598,1.2097
22599,1.2447
22600,1.2777
22601,1.3107
22602,1.3398
22603,1.3689
22604,1.3942
22605,1.4194
22606,1.4388
22607,1.4583
22608,1.4699
22609,1.4816
22610,1.4816
22611,1.4816
22612,1.4738
22613,1.466
22614,1.4544
22615,1.4427
22616,1.4272
22617,1.4136
22618,1.4
22619,1.3864
22620,1.3728
22621,1.3612
22622,1.3495
22623,1.3359
22624,1.3243
22625,1.3126
22626,1.301
22627,1.2913
22628,1.2796
22629,1.2699
22630,1.2602
22631,1.2485
22632,1.2369
22633,1.2272
22634,1.2175
22635,1.2058
22636,1.1961
22637,1.1883
22638,1.1806
22639,1.1728
22640,1.165
22641,1.1592
22642,1.1534
22643,1.1476
22644,1.1437
22645,1.1379
22646,1.132
22647,1.1262
22648,1.1204
22649,1.1126
22650,1.1049
22651,1.0971
22652,1.0874
22653,1.0796
22654,1.0699
22655,1.0621
22656,1.0544
22657,1.0466
22658,1.0388
22659,1.033
22660,1.0272
22661,1.0214
22662,1.0175
22663,1.0136
22664,1.0078
22665,1.0039
22666,1.0
22667,0.99417
22668,0.98835
22669,0.98447
22670,0.9767
22671,0.96893
22672,0.95922
22673,0.95146
22674,0.93981
22675,0.92816
22676,0.91456
22677,0.90097
22678,0.88738
22679,0.87184
22680,0.85437
22681,0.83883
22682,0.81942
22683,0.80194
22684,0.78447
22685,0.76505
22686,0.74757
22687,0.7301
22688,0.71262
22689,0.69515
22690,0.67961
22691,0.66408
22692,0.65049
22693,0.63689
22694,0.6233
22695,0.60971
22696,0.59612
22697,0.58252
22698,0.56893
22699,0.55534
22700,0.54175
22701,0.52816
22702,0.51262
22703,0.49709
22704,0.47961
22705,0.46214
22706,0.44078
22707,0.41942
22708,0.39417
22709,0.36893
22710,0.33981
22711,0.31068
22712,0.27961
22713,0.24854
22714,0.21942
22715,0.18835
22716,0.15922
22717,0.1301
22718,0.10097
22719,0.073786
22720,0.046602
22721,0.019417
22722,-0.0038835
22723,-0.029126
22724,-0.050485
22725,-0.071845
22726,-0.091262
22727,-0.11068
22728,-0.12621
22729,-0.14369
22730,-0.15534
22731,-0.16699
22732,-0.17476
22733,-0.18252
22734,-0.18447
22735,-0.18641
22736,-0.18641
22737,-0.18447
22738,-0.18058
22739,-0.17476
22740,-0.17087
22741,-0.16505
22742,-0.15728
22743,-0.15146
22744,-0.14563
22745,-0.13981
22746,-0.13398
22747,-0.12816
22748,-0.12233
22749,-0.1165
22750,-0.11068
22751,-0.10485
22752,-0.099029
22753,-0.091262
22754,-0.085437
22755,-0.07767
22756,-0.071845
22757,-0.064078
22758,-0.058252
22759,-0.052427
22760,-0.046602
22761,-0.040777
22762,-0.036893
22763,-0.031068
22764,-0.027184
22765,-0.021359
22766,-0.017476
22767,-0.013592
22768,-0.01165
22769,-0.007767
22770,-0.0058252
22771,-0.0019417
22772,0.0
22773,0.0019417
22774,0.0058252
22775,0.007767
22776,0.0097087
22777,0.013592
22778,0.015534
22779,0.019417
22780,0.025243
22781,0.029126
22782,0.03301
22783,0.036893
22784,0.042718
22785,0.046602
22786,0.050485
22787,0.054369
22788,0.058252
22789,0.062136
22790,0.066019
22791,0.069903
22792,0.073786
22793,0.07767
22794,0.07767
22795,0.079612
22796,0.075728
22797,0.073786
22798,0.064078
22799,0.056311
22800,0.042718
22801,0.027184
22802,0.0097087
22803,-0.0058252
22804,-0.025243
22805,-0.04466
22806,-0.064078
22807,-0.083495
22808,-0.10291
22809,-0.12233
22810,-0.13981
22811,-0.15922
22812,-0.17476
22813,-0.19223
22814,-0.20777
22815,-0.22136
22816,-0.23495
22817,-0.24854
22818,-0.25825
22819,-0.26796
22820,-0.27573
22821,-0.28155
22822,-0.28544
22823,-0.28738
22824,-0.28738
22825,-0.28544
22826,-0.27961
22827,-0.27573
22828,-0.26602
22829,-0.25631
22830,-0.2466
22831,-0.23689
22832,-0.22524
22833,-0.21359
22834,-0.20388
22835,-0.19223
22836,-0.18252
22837,-0.17282
22838,-0.16505
22839,-0.15534
22840,-0.14563
22841,-0.13592
22842,-0.12816
22843,-0.11845
22844,-0.10874
22845,-0.10097
22846,-0.091262
22847,-0.083495
22848,-0.075728
22849,-0.066019
22850,-0.058252
22851,-0.050485
22852,-0.042718
22853,-0.034951
22854,-0.029126
22855,-0.023301
22856,-0.017476
22857,-0.01165
22858,-0.0058252
22859,0.0
22860,0.0038835
22861,0.0097087
22862,0.013592
22863,0.019417
22864,0.023301
22865,0.027184
22866,0.03301
22867,0.036893
22868,0.042718
22869,0.048544
22870,0.052427
22871,0.058252
22872,0.062136
22873,0.067961
22874,0.069903
22875,0.073786
22876,0.073786
22877,0.075728
22878,0.075728
22879,0.075728
22880,0.073786
22881,0.073786
22882,0.073786
22883,0.073786
22884,0.073786
22885,0.075728
22886,0.075728
22887,0.07767
22888,0.07767
22889,0.079612
22890,0.07767
22891,0.07767
22892,0.07767
22893,0.07767
22894,0.079612
22895,0.081553
22896,0.087379
22897,0.091262
22898,0.10097
22899,0.10874
22900,0.12039
22901,0.13204
22902,0.14563
22903,0.16117
22904,0.17864
22905,0.19612
22906,0.21553
22907,0.23301
22908,0.25437
22909,0.27379
22910,0.29709
22911,0.32039
22912,0.34563
22913,0.37087
22914,0.39806
22915,0.42524
22916,0.45631
22917,0.48738
22918,0.52233
22919,0.55728
22920,0.59417
22921,0.63107
22922,0.6699
22923,0.71068
22924,0.74951
22925,0.78835
22926,0.82524
22927,0.86408
22928,0.89709
22929,0.93204
22930,0.96311
22931,0.99417
22932,1.0214
22933,1.0485
22934,1.0718
22935,1.0932
22936,1.1126
22937,1.134
22938,1.1495
22939,1.167
22940,1.1825
22941,1.1981
22942,1.2117
22943,1.2252
22944,1.2369
22945,1.2485
22946,1.2602
22947,1.2699
22948,1.2777
22949,1.2874
22950,1.2951
22951,1.3029
22952,1.3087
22953,1.3146
22954,1.3204
22955,1.3243
22956,1.3282
22957,1.332
22958,1.334
22959,1.3379
22960,1.3379
22961,1.3398
22962,1.3417
22963,1.3417
22964,1.3417
22965,1.3417
22966,1.3398
22967,1.3359
22968,1.332
22969,1.3262
22970,1.3184
22971,1.3107
22972,1.299
22973,1.2893
22974,1.2777
22975,1.2641
22976,1.2505
22977,1.235
22978,1.2155
22979,1.1942
22980,1.1689
22981,1.1417
22982,1.1126
22983,1.0816
22984,1.0485
22985,1.0136
22986,0.97864
22987,0.94369
22988,0.90874
22989,0.87379
22990,0.83883
22991,0.80583
22992,0.77087
22993,0.73592
22994,0.70291
22995,0.6699
22996,0.63883
22997,0.60777
22998,0.5767
22999,0.54563
23000,0.5165
23001,0.48738
23002,0.46214
23003,0.43495
23004,0.40971
23005,0.38641
23006,0.36505
23007,0.34563
23008,0.32816
23009,0.31262
23010,0.29903
23011,0.28738
23012,0.27573
23013,0.26602
23014,0.25631
23015,0.24854
23016,0.24078
23017,0.23301
23018,0.22524
23019,0.21942
23020,0.21359
23021,0.20777
23022,0.20194
23023,0.19806
23024,0.19417
23025,0.19029
23026,0.18835
23027,0.18447
23028,0.18252
23029,0.18058
23030,0.1767
23031,0.17476
23032,0.17087
23033,0.16699
23034,0.16311
23035,0.16117
23036,0.15728
23037,0.1534
23038,0.15146
23039,0.14757
23040,0.14563
23041,0.14175
23042,0.13981
23043,0.13592
23044,0.13204
23045,0.1301
23046,0.12621
23047,0.12233
23048,0.1165
23049,0.11262
23050,0.10874
23051,0.10485
23052,0.10291
23053,0.099029
23054,0.099029
23055,0.099029
23056,0.099029
23057,0.10097
23058,0.10097
23059,0.10291
23060,0.10291
23061,0.10291
23062,0.10485
23063,0.10485
23064,0.10485
23065,0.10485
23066,0.10485
23067,0.10485
23068,0.10291
23069,0.10097
23070,0.095146
23071,0.091262
23072,0.081553
23073,0.071845
23074,0.056311
23075,0.040777
23076,0.019417
23077,0.0
23078,-0.021359
23079,-0.042718
23080,-0.064078
23081,-0.085437
23082,-0.10485
23083,-0.12621
23084,-0.14369
23085,-0.16311
23086,-0.18058
23087,-0.19806
23088,-0.21359
23089,-0.22913
23090,-0.24272
23091,-0.25631
23092,-0.2699
23093,-0.28155
23094,-0.28932
23095,-0.29903
23096,-0.30485
23097,-0.31068
23098,-0.31262
23099,-0.31456
23100,-0.31262
23101,-0.31068
23102,-0.30485
23103,-0.29709
23104,-0.28932
23105,-0.27961
23106,-0.2699
23107,-0.26019
23108,-0.24854
23109,-0.23689
23110,-0.22524
23111,-0.21359
23112,-0.20388
23113,-0.19223
23114,-0.18252
23115,-0.17282
23116,-0.16311
23117,-0.15534
23118,-0.14563
23119,-0.13592
23120,-0.12621
23121,-0.1165
23122,-0.1068
23123,-0.097087
23124,-0.08932
23125,-0.079612
23126,-0.071845
23127,-0.064078
23128,-0.058252
23129,-0.050485
23130,-0.04466
23131,-0.038835
23132,-0.03301
23133,-0.027184
23134,-0.023301
23135,-0.017476
23136,-0.01165
23137,-0.0058252
23138,-0.0019417
23139,0.0019417
23140,0.0058252
23141,0.01165
23142,0.015534
23143,0.019417
23144,0.023301
23145,0.029126
23146,0.034951
23147,0.040777
23148,0.046602
23149,0.052427
23150,0.058252
23151,0.064078
23152,0.067961
23153,0.073786
23154,0.07767
23155,0.083495
23156,0.087379
23157,0.093204
23158,0.097087
23159,0.10291
23160,0.1068
23161,0.11068
23162,0.11068
23163,0.11068
23164,0.1068
23165,0.10291
23166,0.091262
23167,0.081553
23168,0.066019
23169,0.052427
23170,0.034951
23171,0.017476
23172,-0.0019417
23173,-0.021359
23174,-0.040777
23175,-0.060194
23176,-0.079612
23177,-0.099029
23178,-0.11845
23179,-0.13981
23180,-0.15922
23181,-0.18058
23182,-0.19806
23183,-0.21553
23184,-0.23107
23185,-0.2466
23186,-0.25631
23187,-0.26408
23188,-0.2699
23189,-0.27379
23190,-0.2699
23191,-0.26602
23192,-0.25631
23193,-0.24466
23194,-0.22524
23195,-0.20583
23196,-0.17864
23197,-0.15146
23198,-0.11845
23199,-0.085437
23200,-0.046602
23201,-0.007767
23202,0.03301
23203,0.075728
23204,0.12039
23205,0.16505
23206,0.20971
23207,0.25437
23208,0.29903
23209,0.34369
23210,0.38641
23211,0.42913
23212,0.4699
23213,0.51262
23214,0.5534
23215,0.59417
23216,0.63495
23217,0.67573
23218,0.7165
23219,0.75534
23220,0.79612
23221,0.83689
23222,0.87573
23223,0.91456
23224,0.95146
23225,0.99029
23226,1.0252
23227,1.0621
23228,1.0971
23229,1.1301
23230,1.1612
23231,1.1922
23232,1.2194
23233,1.2466
23234,1.2699
23235,1.2932
23236,1.3126
23237,1.332
23238,1.3476
23239,1.365
23240,1.3767
23241,1.3903
23242,1.4
23243,1.4097
23244,1.4175
23245,1.4272
23246,1.433
23247,1.4408
23248,1.4447
23249,1.4505
23250,1.4544
23251,1.4563
23252,1.4563
23253,1.4583
23254,1.4524
23255,1.4485
23256,1.4369
23257,1.4272
23258,1.4136
23259,1.3981
23260,1.3786
23261,1.3592
23262,1.3398
23263,1.3184
23264,1.2971
23265,1.2757
23266,1.2505
23267,1.2272
23268,1.2019
23269,1.1767
23270,1.1476
23271,1.1204
23272,1.0913
23273,1.0621
23274,1.0311
23275,1.0019
23276,0.97087
23277,0.93981
23278,0.91068
23279,0.87961
23280,0.85243
23281,0.82524
23282,0.80194
23283,0.7767
23284,0.75728
23285,0.73786
23286,0.72233
23287,0.7068
23288,0.6932
23289,0.68155
23290,0.6699
23291,0.66019
23292,0.65049
23293,0.64078
23294,0.62913
23295,0.61942
23296,0.60971
23297,0.6
23298,0.59029
23299,0.58058
23300,0.57282
23301,0.56311
23302,0.55534
23303,0.54757
23304,0.53981
23305,0.53204
23306,0.52427
23307,0.5165
23308,0.50874
23309,0.50097
23310,0.4932
23311,0.48544
23312,0.47573
23313,0.46602
23314,0.45825
23315,0.44854
23316,0.44078
23317,0.43107
23318,0.4233
23319,0.41359
23320,0.40583
23321,0.39806
23322,0.38835
23323,0.38058
23324,0.37282
23325,0.36505
23326,0.35534
23327,0.34757
23328,0.33981
23329,0.33204
23330,0.32427
23331,0.31845
23332,0.31262
23333,0.30874
23334,0.30485
23335,0.30097
23336,0.29709
23337,0.2932
23338,0.28932
23339,0.28544
23340,0.28155
23341,0.27767
23342,0.27379
23343,0.26796
23344,0.26408
23345,0.25825
23346,0.25243
23347,0.24466
23348,0.23689
23349,0.22718
23350,0.21359
23351,0.2
23352,0.18252
23353,0.16311
23354,0.14175
23355,0.12039
23356,0.095146
23357,0.071845
23358,0.046602
23359,0.023301
23360,-0.0019417
23361,-0.025243
23362,-0.046602
23363,-0.067961
23364,-0.08932
23365,-0.10874
23366,-0.12816
23367,-0.14563
23368,-0.16311
23369,-0.18058
23370,-0.19417
23371,-0.20777
23372,-0.21748
23373,-0.22913
23374,-0.23495
23375,-0.24272
23376,-0.2466
23377,-0.24854
23378,-0.24854
23379,-0.24854
23380,-0.24466
23381,-0.24078
23382,-0.23301
23383,-0.22718
23384,-0.21748
23385,-0.20583
23386,-0.19612
23387,-0.18641
23388,-0.1767
23389,-0.16699
23390,-0.15922
23391,-0.14951
23392,-0.14175
23393,-0.13398
23394,-0.12621
23395,-0.11845
23396,-0.11068
23397,-0.10291
23398,-0.095146
23399,-0.087379
23400,-0.079612
23401,-0.071845
23402,-0.064078
23403,-0.056311
23404,-0.048544
23405,-0.040777
23406,-0.034951
23407,-0.027184
23408,-0.019417
23409,-0.01165
23410,-0.0058252
23411,0.0
23412,0.0058252
23413,0.0097087
23414,0.013592
23415,0.017476
23416,0.019417
23417,0.023301
23418,0.025243
23419,0.027184
23420,0.031068
23421,0.034951
23422,0.038835
23423,0.04466
23424,0.050485
23425,0.056311
23426,0.060194
23427,0.066019
23428,0.071845
23429,0.07767
23430,0.081553
23431,0.087379
23432,0.091262
23433,0.095146
23434,0.099029
23435,0.10291
23436,0.10485
23437,0.10874
23438,0.11068
23439,0.11262
23440,0.11262
23441,0.11262
23442,0.1068
23443,0.099029
23444,0.087379
23445,0.075728
23446,0.056311
23447,0.038835
23448,0.015534
23449,-0.007767
23450,-0.031068
23451,-0.054369
23452,-0.075728
23453,-0.099029
23454,-0.11845
23455,-0.13786
23456,-0.1534
23457,-0.16893
23458,-0.18058
23459,-0.19029
23460,-0.19612
23461,-0.20194
23462,-0.20194
23463,-0.2
23464,-0.19223
23465,-0.18447
23466,-0.16699
23467,-0.15146
23468,-0.12816
23469,-0.1068
23470,-0.075728
23471,-0.04466
23472,-0.0058252
23473,0.031068
23474,0.073786
23475,0.1165
23476,0.16117
23477,0.20583
23478,0.25437
23479,0.30097
23480,0.34951
23481,0.39806
23482,0.44466
23483,0.4932
23484,0.53981
23485,0.58447
23486,0.62913
23487,0.67379
23488,0.71456
23489,0.75728
23490,0.79612
23491,0.83495
23492,0.87184
23493,0.90874
23494,0.94369
23495,0.9767
23496,1.0097
23497,1.0408
23498,1.0699
23499,1.0971
23500,1.1243
23501,1.1495
23502,1.1709
23503,1.1922
23504,1.2117
23505,1.2291
23506,1.2427
23507,1.2583
23508,1.2699
23509,1.2816
23510,1.2932
23511,1.3049
23512,1.3146
23513,1.3262
23514,1.3359
23515,1.3456
23516,1.3534
23517,1.3631
23518,1.3709
23519,1.3786
23520,1.3845
23521,1.3903
23522,1.3961
23523,1.4
23524,1.4019
23525,1.4039
23526,1.4058
23527,1.4058
23528,1.4039
23529,1.4039
23530,1.3981
23531,1.3922
23532,1.3806
23533,1.3709
23534,1.3534
23535,1.3359
23536,1.3107
23537,1.2874
23538,1.2583
23539,1.2291
23540,1.1961
23541,1.165
23542,1.1301
23543,1.0951
23544,1.0583
23545,1.0233
23546,0.98641
23547,0.94951
23548,0.91456
23549,0.87767
23550,0.84272
23551,0.80583
23552,0.77087
23553,0.73786
23554,0.70485
23555,0.67379
23556,0.6466
23557,0.61748
23558,0.59417
23559,0.57087
23560,0.55146
23561,0.53204
23562,0.5165
23563,0.50097
23564,0.48738
23565,0.47573
23566,0.46602
23567,0.45437
23568,0.44466
23569,0.43495
23570,0.42524
23571,0.41553
23572,0.40583
23573,0.39612
23574,0.38835
23575,0.37864
23576,0.37087
23577,0.36311
23578,0.35534
23579,0.34951
23580,0.34175
23581,0.33592
23582,0.3301
23583,0.32233
23584,0.3165
23585,0.30874
23586,0.30291
23587,0.29709
23588,0.28932
23589,0.2835
23590,0.27767
23591,0.27184
23592,0.26602
23593,0.26019
23594,0.25437
23595,0.24854
23596,0.24272
23597,0.23689
23598,0.23107
23599,0.22524
23600,0.21942
23601,0.21359
23602,0.20971
23603,0.20388
23604,0.2
23605,0.19612
23606,0.19223
23607,0.18835
23608,0.18641
23609,0.18447
23610,0.18058
23611,0.17864
23612,0.1767
23613,0.17476
23614,0.17282
23615,0.17087
23616,0.16893
23617,0.16699
23618,0.16505
23619,0.16311
23620,0.16117
23621,0.16117
23622,0.15534
23623,0.15146
23624,0.14563
23625,0.13786
23626,0.12621
23627,0.11456
23628,0.097087
23629,0.079612
23630,0.060194
23631,0.040777
23632,0.019417
23633,-0.0038835
23634,-0.025243
23635,-0.046602
23636,-0.066019
23637,-0.087379
23638,-0.1068
23639,-0.12621
23640,-0.14563
23641,-0.16311
23642,-0.17864
23643,-0.19612
23644,-0.20971
23645,-0.22524
23646,-0.23689
23647,-0.24854
23648,-0.25825
23649,-0.26602
23650,-0.27184
23651,-0.27573
23652,-0.27767
23653,-0.27961
23654,-0.27573
23655,-0.27379
23656,-0.26796
23657,-0.26214
23658,-0.25243
23659,-0.24272
23660,-0.23301
23661,-0.22136
23662,-0.20971
23663,-0.2
23664,-0.19029
23665,-0.18058
23666,-0.17087
23667,-0.16117
23668,-0.1534
23669,-0.14563
23670,-0.13592
23671,-0.12816
23672,-0.12039
23673,-0.11068
23674,-0.10291
23675,-0.093204
23676,-0.083495
23677,-0.075728
23678,-0.066019
23679,-0.058252
23680,-0.050485
23681,-0.040777
23682,-0.034951
23683,-0.027184
23684,-0.021359
23685,-0.015534
23686,-0.0097087
23687,-0.0058252
23688,-0.0019417
23689,0.0038835
23690,0.0058252
23691,0.0097087
23692,0.01165
23693,0.015534
23694,0.017476
23695,0.021359
23696,0.025243
23697,0.029126
23698,0.03301
23699,0.036893
23700,0.042718
23701,0.046602
23702,0.050485
23703,0.056311
23704,0.060194
23705,0.064078
23706,0.067961
23707,0.071845
23708,0.075728
23709,0.079612
23710,0.083495
23711,0.08932
23712,0.093204
23713,0.097087
23714,0.097087
23715,0.099029
23716,0.099029
23717,0.097087
23718,0.08932
23719,0.083495
23720,0.069903
23721,0.058252
23722,0.040777
23723,0.023301
23724,0.0038835
23725,-0.015534
23726,-0.03301
23727,-0.052427
23728,-0.069903
23729,-0.087379
23730,-0.10291
23731,-0.12039
23732,-0.13592
23733,-0.15146
23734,-0.16505
23735,-0.17864
23736,-0.19029
23737,-0.20194
23738,-0.21359
23739,-0.2233
23740,-0.23107
23741,-0.23883
23742,-0.24272
23743,-0.2466
23744,-0.2466
23745,-0.2466
23746,-0.24272
23747,-0.23883
23748,-0.23495
23749,-0.22913
23750,-0.2233
23751,-0.21553
23752,-0.20777
23753,-0.20194
23754,-0.19417
23755,-0.18641
23756,-0.17864
23757,-0.17087
23758,-0.16117
23759,-0.15146
23760,-0.13981
23761,-0.12816
23762,-0.11262
23763,-0.099029
23764,-0.081553
23765,-0.064078
23766,-0.042718
23767,-0.021359
23768,0.0038835
23769,0.031068
23770,0.060194
23771,0.091262
23772,0.12621
23773,0.16117
23774,0.2
23775,0.23883
23776,0.27767
23777,0.31845
23778,0.35922
23779,0.4
23780,0.44078
23781,0.48155
23782,0.52233
23783,0.56311
23784,0.60194
23785,0.64272
23786,0.67961
23787,0.71845
23788,0.75728
23789,0.79612
23790,0.83495
23791,0.87184
23792,0.91068
23793,0.94951
23794,0.98641
23795,1.0233
23796,1.0583
23797,1.0932
23798,1.1262
23799,1.1592
23800,1.1883
23801,1.2194
23802,1.2447
23803,1.2718
23804,1.2932
23805,1.3165
23806,1.3282
23807,1.3417
23808,1.3456
23809,1.3515
23810,1.3476
23811,1.3456
23812,1.3359
23813,1.3282
23814,1.3146
23815,1.3029
23816,1.2893
23817,1.2777
23818,1.2621
23819,1.2485
23820,1.235
23821,1.2214
23822,1.2058
23823,1.1922
23824,1.1786
23825,1.165
23826,1.1515
23827,1.1379
23828,1.1243
23829,1.1107
23830,1.099
23831,1.0854
23832,1.0738
23833,1.0621
23834,1.0524
23835,1.0447
23836,1.0369
23837,1.0311
23838,1.0252
23839,1.0194
23840,1.0155
23841,1.0097
23842,1.0058
23843,1.0039
23844,1.0
23845,0.99806
23846,0.99223
23847,0.98835
23848,0.98252
23849,0.97864
23850,0.97087
23851,0.96311
23852,0.95534
23853,0.94757
23854,0.93786
23855,0.9301
23856,0.92039
23857,0.91068
23858,0.90097
23859,0.89126
23860,0.88155
23861,0.8699
23862,0.86019
23863,0.85049
23864,0.84078
23865,0.83107
23866,0.81942
23867,0.80971
23868,0.8
23869,0.78835
23870,0.77864
23871,0.76699
23872,0.75534
23873,0.74563
23874,0.73398
23875,0.72233
23876,0.71068
23877,0.69709
23878,0.6835
23879,0.6699
23880,0.65631
23881,0.64078
23882,0.62718
23883,0.61359
23884,0.59806
23885,0.58447
23886,0.57282
23887,0.56117
23888,0.54951
23889,0.53786
23890,0.52816
23891,0.52039
23892,0.51068
23893,0.50097
23894,0.4932
23895,0.4835
23896,0.47379
23897,0.46408
23898,0.45437
23899,0.44466
23900,0.43301
23901,0.4233
23902,0.40777
23903,0.39417
23904,0.37476
23905,0.35728
23906,0.33398
23907,0.31262
23908,0.28738
23909,0.26214
23910,0.23495
23911,0.20777
23912,0.17864
23913,0.15146
23914,0.12427
23915,0.097087
23916,0.071845
23917,0.04466
23918,0.021359
23919,-0.0038835
23920,-0.027184
23921,-0.048544
23922,-0.069903
23923,-0.08932
23924,-0.10874
23925,-0.12621
23926,-0.13981
23927,-0.1534
23928,-0.16505
23929,-0.17476
23930,-0.18058
23931,-0.18641
23932,-0.18835
23933,-0.19029
23934,-0.18835
23935,-0.18447
23936,-0.17864
23937,-0.17282
23938,-0.16699
23939,-0.15922
23940,-0.15146
23941,-0.14175
23942,-0.13592
23943,-0.12816
23944,-0.12233
23945,-0.11456
23946,-0.10874
23947,-0.10291
23948,-0.097087
23949,-0.093204
23950,-0.087379
23951,-0.081553
23952,-0.073786
23953,-0.067961
23954,-0.062136
23955,-0.056311
23956,-0.050485
23957,-0.04466
23958,-0.038835
23959,-0.03301
23960,-0.029126
23961,-0.023301
23962,-0.019417
23963,-0.013592
23964,-0.0097087
23965,-0.0058252
23966,-0.0019417
23967,0.0019417
23968,0.0058252
23969,0.007767
23970,0.01165
23971,0.013592
23972,0.015534
23973,0.017476
23974,0.021359
23975,0.025243
23976,0.029126
23977,0.03301
23978,0.038835
23979,0.04466
23980,0.050485
23981,0.056311
23982,0.060194
23983,0.066019
23984,0.069903
23985,0.073786
23986,0.075728
23987,0.079612
23988,0.083495
23989,0.085437
23990,0.08932
23991,0.091262
23992,0.093204
23993,0.095146
23994,0.093204
23995,0.08932
23996,0.081553
23997,0.073786
23998,0.060194
23999,0.046602
24000,0.029126
24001,0.01165
24002,-0.007767
24003,-0.025243
24004,-0.04466
24005,-0.064078
24006,-0.083495
24007,-0.10097
24008,-0.12039
24009,-0.13786
24010,-0.1534
24011,-0.16893
24012,-0.18447
24013,-0.19806
24014,-0.20971
24015,-0.2233
24016,-0.23301
24017,-0.24272
24018,-0.25049
24019,-0.25825
24020,-0.26214
24021,-0.26602
24022,-0.26408
24023,-0.26408
24024,-0.26019
24025,-0.25437
24026,-0.2466
24027,-0.23883
24028,-0.22913
24029,-0.21748
24030,-0.20583
24031,-0.19417
24032,-0.18252
24033,-0.17087
24034,-0.15922
24035,-0.14951
24036,-0.13981
24037,-0.1301
24038,-0.12039
24039,-0.11262
24040,-0.10485
24041,-0.097087
24042,-0.091262
24043,-0.085437
24044,-0.081553
24045,-0.075728
24046,-0.073786
24047,-0.069903
24048,-0.066019
24049,-0.064078
24050,-0.058252
24051,-0.054369
24052,-0.046602
24053,-0.038835
24054,-0.029126
24055,-0.017476
24056,-0.0038835
24057,0.01165
24058,0.029126
24059,0.048544
24060,0.069903
24061,0.091262
24062,0.1165
24063,0.14369
24064,0.17282
24065,0.20194
24066,0.23495
24067,0.2699
24068,0.30874
24069,0.34757
24070,0.38835
24071,0.42913
24072,0.47184
24073,0.51262
24074,0.5534
24075,0.59612
24076,0.63689
24077,0.67767
24078,0.71845
24079,0.75728
24080,0.79612
24081,0.83495
24082,0.87184
24083,0.90874
24084,0.94175
24085,0.97476
24086,1.0
24087,1.0272
24088,1.0466
24089,1.068
24090,1.0816
24091,1.0951
24092,1.1029
24093,1.1126
24094,1.1165
24095,1.1204
24096,1.1223
24097,1.1223
24098,1.1223
24099,1.1204
24100,1.1165
24101,1.1126
24102,1.1068
24103,1.101
24104,1.0932
24105,1.0874
24106,1.0796
24107,1.0738
24108,1.068
24109,1.0621
24110,1.0602
24111,1.0583
24112,1.0583
24113,1.0583
24114,1.0621
24115,1.066
24116,1.0738
24117,1.0816
24118,1.0913
24119,1.1029
24120,1.1165
24121,1.1301
24122,1.1417
24123,1.1553
24124,1.167
24125,1.1786
24126,1.1883
24127,1.1981
24128,1.2058
24129,1.2136
24130,1.2194
24131,1.2233
24132,1.2272
24133,1.2291
24134,1.2291
24135,1.2272
24136,1.2233
24137,1.2214
24138,1.2155
24139,1.2097
24140,1.2019
24141,1.1942
24142,1.1864
24143,1.1767
24144,1.167
24145,1.1573
24146,1.1456
24147,1.134
24148,1.1223
24149,1.1107
24150,1.0971
24151,1.0835
24152,1.0699
24153,1.0544
24154,1.0388
24155,1.0252
24156,1.0078
24157,0.99223
24158,0.9767
24159,0.96117
24160,0.94563
24161,0.9301
24162,0.9165
24163,0.90291
24164,0.88932
24165,0.87767
24166,0.86602
24167,0.85437
24168,0.84466
24169,0.83301
24170,0.82136
24171,0.81165
24172,0.79806
24173,0.78641
24174,0.77282
24175,0.75922
24176,0.74563
24177,0.73204
24178,0.71456
24179,0.69903
24180,0.67961
24181,0.65825
24182,0.63495
24183,0.60971
24184,0.58252
24185,0.5534
24186,0.52427
24187,0.4932
24188,0.46019
24189,0.42913
24190,0.39612
24191,0.36505
24192,0.33398
24193,0.30291
24194,0.27184
24195,0.24272
24196,0.21359
24197,0.18641
24198,0.15922
24199,0.13398
24200,0.10874
24201,0.085437
24202,0.064078
24203,0.042718
24204,0.023301
24205,0.0058252
24206,-0.0097087
24207,-0.023301
24208,-0.034951
24209,-0.04466
24210,-0.052427
24211,-0.058252
24212,-0.062136
24213,-0.064078
24214,-0.064078
24215,-0.064078
24216,-0.064078
24217,-0.062136
24218,-0.060194
24219,-0.058252
24220,-0.058252
24221,-0.056311
24222,-0.054369
24223,-0.052427
24224,-0.052427
24225,-0.050485
24226,-0.048544
24227,-0.046602
24228,-0.042718
24229,-0.040777
24230,-0.036893
24231,-0.03301
24232,-0.029126
24233,-0.025243
24234,-0.021359
24235,-0.017476
24236,-0.013592
24237,-0.0097087
24238,-0.0058252
24239,-0.0019417
24240,0.0
24241,0.0038835
24242,0.007767
24243,0.0097087
24244,0.013592
24245,0.015534
24246,0.017476
24247,0.019417
24248,0.019417
24249,0.021359
24250,0.021359
24251,0.021359
24252,0.021359
24253,0.023301
24254,0.025243
24255,0.027184
24256,0.031068
24257,0.034951
24258,0.038835
24259,0.042718
24260,0.04466
24261,0.046602
24262,0.048544
24263,0.050485
24264,0.052427
24265,0.054369
24266,0.056311
24267,0.058252
24268,0.060194
24269,0.062136
24270,0.062136
24271,0.062136
24272,0.058252
24273,0.056311
24274,0.046602
24275,0.036893
24276,0.023301
24277,0.007767
24278,-0.0097087
24279,-0.027184
24280,-0.046602
24281,-0.066019
24282,-0.085437
24283,-0.10485
24284,-0.12427
24285,-0.14175
24286,-0.16117
24287,-0.17864
24288,-0.19417
24289,-0.21165
24290,-0.22718
24291,-0.24078
24292,-0.25437
24293,-0.26602
24294,-0.27573
24295,-0.28738
24296,-0.29515
24297,-0.30291
24298,-0.30485
24299,-0.3068
24300,-0.3068
24301,-0.30485
24302,-0.29903
24303,-0.2932
24304,-0.28544
24305,-0.27767
24306,-0.26602
24307,-0.25631
24308,-0.24466
24309,-0.23495
24310,-0.2233
24311,-0.21165
24312,-0.20194
24313,-0.19223
24314,-0.18252
24315,-0.17282
24316,-0.16311
24317,-0.1534
24318,-0.14369
24319,-0.13398
24320,-0.12427
24321,-0.11456
24322,-0.10485
24323,-0.095146
24324,-0.085437
24325,-0.075728
24326,-0.067961
24327,-0.058252
24328,-0.050485
24329,-0.042718
24330,-0.034951
24331,-0.029126
24332,-0.021359
24333,-0.015534
24334,-0.0097087
24335,-0.0058252
24336,-0.0019417
24337,0.0019417
24338,0.0058252
24339,0.0097087
24340,0.015534
24341,0.019417
24342,0.023301
24343,0.027184
24344,0.03301
24345,0.036893
24346,0.042718
24347,0.048544
24348,0.054369
24349,0.060194
24350,0.066019
24351,0.071845
24352,0.073786
24353,0.07767
24354,0.079612
24355,0.079612
24356,0.079612
24357,0.07767
24358,0.075728
24359,0.073786
24360,0.069903
24361,0.066019
24362,0.060194
24363,0.056311
24364,0.048544
24365,0.042718
24366,0.034951
24367,0.027184
24368,0.017476
24369,0.007767
24370,0.0019417
24371,-0.0038835
24372,-0.007767
24373,-0.0097087
24374,-0.0097087
24375,-0.007767
24376,-0.0019417
24377,0.0058252
24378,0.015534
24379,0.027184
24380,0.042718
24381,0.058252
24382,0.07767
24383,0.095146
24384,0.1165
24385,0.13592
24386,0.15922
24387,0.18447
24388,0.20971
24389,0.23689
24390,0.26602
24391,0.29709
24392,0.3301
24393,0.36311
24394,0.40194
24395,0.43883
24396,0.47961
24397,0.52233
24398,0.56505
24399,0.60777
24400,0.65243
24401,0.69709
24402,0.73981
24403,0.78252
24404,0.8233
24405,0.86408
24406,0.90097
24407,0.93786
24408,0.97282
24409,1.0058
24410,1.035
24411,1.0641
24412,1.0893
24413,1.1146
24414,1.1379
24415,1.1592
24416,1.1786
24417,1.1981
24418,1.2155
24419,1.2311
24420,1.2466
24421,1.2602
24422,1.2738
24423,1.2854
24424,1.2971
24425,1.3087
24426,1.3184
24427,1.3282
24428,1.3359
24429,1.3437
24430,1.3515
24431,1.3592
24432,1.365
24433,1.3709
24434,1.3748
24435,1.3806
24436,1.3845
24437,1.3903
24438,1.3942
24439,1.3981
24440,1.4019
24441,1.4058
24442,1.4078
24443,1.4097
24444,1.4097
24445,1.4078
24446,1.4039
24447,1.4
24448,1.3942
24449,1.3864
24450,1.3767
24451,1.367
24452,1.3553
24453,1.3417
24454,1.3223
24455,1.3029
24456,1.2796
24457,1.2544
24458,1.2252
24459,1.1942
24460,1.1612
24461,1.1282
24462,1.0932
24463,1.0583
24464,1.0214
24465,0.98641
24466,0.95146
24467,0.91456
24468,0.87961
24469,0.84466
24470,0.81165
24471,0.7767
24472,0.74175
24473,0.70874
24474,0.67573
24475,0.64272
24476,0.61165
24477,0.58252
24478,0.5534
24479,0.52621
24480,0.50097
24481,0.47573
24482,0.45437
24483,0.43301
24484,0.41553
24485,0.39612
24486,0.38252
24487,0.36893
24488,0.35728
24489,0.34563
24490,0.33592
24491,0.32621
24492,0.3165
24493,0.30874
24494,0.29903
24495,0.29126
24496,0.2835
24497,0.27573
24498,0.26796
24499,0.26019
24500,0.25243
24501,0.24466
24502,0.23883
24503,0.23495
24504,0.22913
24505,0.22524
24506,0.22136
24507,0.21748
24508,0.21359
24509,0.20971
24510,0.20777
24511,0.20388
24512,0.20194
24513,0.2
24514,0.19612
24515,0.19223
24516,0.18835
24517,0.18641
24518,0.18058
24519,0.1767
24520,0.17087
24521,0.16505
24522,0.16117
24523,0.15534
24524,0.14951
24525,0.14563
24526,0.13981
24527,0.13592
24528,0.13204
24529,0.12816
24530,0.12621
24531,0.12427
24532,0.12233
24533,0.12233
24534,0.12233
24535,0.12039
24536,0.12039
24537,0.12039
24538,0.12039
24539,0.11845
24540,0.11845
24541,0.11845
24542,0.11845
24543,0.11845
24544,0.1165
24545,0.1165
24546,0.11262
24547,0.10874
24548,0.10291
24549,0.095146
24550,0.081553
24551,0.069903
24552,0.050485
24553,0.03301
24554,0.013592
24555,-0.0058252
24556,-0.027184
24557,-0.048544
24558,-0.069903
24559,-0.08932
24560,-0.10874
24561,-0.12816
24562,-0.14563
24563,-0.16311
24564,-0.17864
24565,-0.19417
24566,-0.20971
24567,-0.2233
24568,-0.23495
24569,-0.24854
24570,-0.25825
24571,-0.26796
24572,-0.27573
24573,-0.2835
24574,-0.28738
24575,-0.28932
24576,-0.28932
24577,-0.28932
24578,-0.28544
24579,-0.27961
24580,-0.27184
24581,-0.26408
24582,-0.25631
24583,-0.2466
24584,-0.23689
24585,-0.22718
24586,-0.21748
24587,-0.20777
24588,-0.2
24589,-0.19029
24590,-0.18252
24591,-0.17476
24592,-0.16699
24593,-0.15728
24594,-0.14951
24595,-0.14175
24596,-0.13398
24597,-0.12427
24598,-0.1165
24599,-0.10874
24600,-0.10097
24601,-0.093204
24602,-0.085437
24603,-0.07767
24604,-0.069903
24605,-0.064078
24606,-0.056311
24607,-0.050485
24608,-0.04466
24609,-0.038835
24610,-0.03301
24611,-0.027184
24612,-0.021359
24613,-0.015534
24614,-0.0097087
24615,-0.0058252
24616,-0.0019417
24617,0.0038835
24618,0.007767
24619,0.01165
24620,0.015534
24621,0.021359
24622,0.027184
24623,0.03301
24624,0.038835
24625,0.04466
24626,0.050485
24627,0.056311
24628,0.060194
24629,0.066019
24630,0.069903
24631,0.073786
24632,0.07767
24633,0.081553
24634,0.085437
24635,0.091262
24636,0.095146
24637,0.10097
24638,0.10097
24639,0.10291
24640,0.10097
24641,0.099029
24642,0.091262
24643,0.081553
24644,0.066019
24645,0.052427
24646,0.034951
24647,0.015534
24648,-0.0038835
24649,-0.023301
24650,-0.042718
24651,-0.062136
24652,-0.079612
24653,-0.099029
24654,-0.1165
24655,-0.13398
24656,-0.14951
24657,-0.16505
24658,-0.18058
24659,-0.19417
24660,-0.20777
24661,-0.22136
24662,-0.23107
24663,-0.24078
24664,-0.2466
24665,-0.25437
24666,-0.25631
24667,-0.26019
24668,-0.26019
24669,-0.26019
24670,-0.25631
24671,-0.25243
24672,-0.2466
24673,-0.23883
24674,-0.23107
24675,-0.22136
24676,-0.20971
24677,-0.19806
24678,-0.18641
24679,-0.17476
24680,-0.16505
24681,-0.1534
24682,-0.14563
24683,-0.13786
24684,-0.13204
24685,-0.12621
24686,-0.12039
24687,-0.1165
24688,-0.11262
24689,-0.1068
24690,-0.10097
24691,-0.095146
24692,-0.087379
24693,-0.079612
24694,-0.067961
24695,-0.056311
24696,-0.042718
24697,-0.029126
24698,-0.0097087
24699,0.007767
24700,0.031068
24701,0.054369
24702,0.083495
24703,0.11068
24704,0.14175
24705,0.17476
24706,0.20971
24707,0.24466
24708,0.2835
24709,0.32039
24710,0.36117
24711,0.40194
24712,0.44466
24713,0.48932
24714,0.53204
24715,0.5767
24716,0.61942
24717,0.66408
24718,0.7068
24719,0.74951
24720,0.79029
24721,0.83107
24722,0.87184
24723,0.91262
24724,0.95146
24725,0.99029
24726,1.0272
24727,1.0641
24728,1.099
24729,1.134
24730,1.165
24731,1.1961
24732,1.2214
24733,1.2466
24734,1.2641
24735,1.2816
24736,1.2913
24737,1.301
24738,1.3068
24739,1.3126
24740,1.3126
24741,1.3146
24742,1.3126
24743,1.3087
24744,1.3029
24745,1.2971
24746,1.2874
24747,1.2777
24748,1.266
24749,1.2563
24750,1.2447
24751,1.235
24752,1.2272
24753,1.2175
24754,1.2117
24755,1.2058
24756,1.2019
24757,1.1981
24758,1.1961
24759,1.1961
24760,1.1981
24761,1.2
24762,1.2058
24763,1.2097
24764,1.2194
24765,1.2272
24766,1.2369
24767,1.2466
24768,1.2563
24769,1.268
24770,1.2757
24771,1.2835
24772,1.2893
24773,1.2951
24774,1.299
24775,1.301
24776,1.301
24777,1.299
24778,1.2971
24779,1.2932
24780,1.2874
24781,1.2816
24782,1.2738
24783,1.266
24784,1.2563
24785,1.2447
24786,1.233
24787,1.2214
24788,1.2078
24789,1.1942
24790,1.1806
24791,1.165
24792,1.1495
24793,1.134
24794,1.1204
24795,1.1049
24796,1.0913
24797,1.0757
24798,1.0621
24799,1.0485
24800,1.033
24801,1.0194
24802,1.0039
24803,0.99029
24804,0.9767
24805,0.96117
24806,0.94757
24807,0.93398
24808,0.91845
24809,0.90485
24810,0.89126
24811,0.87961
24812,0.86796
24813,0.85437
24814,0.84272
24815,0.82913
24816,0.81748
24817,0.80388
24818,0.79029
24819,0.7767
24820,0.76117
24821,0.74757
24822,0.73204
24823,0.7165
24824,0.70097
24825,0.6835
24826,0.66408
24827,0.64466
24828,0.62136
24829,0.59806
24830,0.57087
24831,0.54369
24832,0.51456
24833,0.48544
24834,0.45437
24835,0.42524
24836,0.39417
24837,0.36311
24838,0.33398
24839,0.30485
24840,0.27573
24841,0.24854
24842,0.22136
24843,0.19223
24844,0.16699
24845,0.13981
24846,0.11456
24847,0.091262
24848,0.067961
24849,0.046602
24850,0.027184
24851,0.007767
24852,-0.0097087
24853,-0.027184
24854,-0.038835
24855,-0.050485
24856,-0.058252
24857,-0.064078
24858,-0.067961
24859,-0.071845
24860,-0.073786
24861,-0.073786
24862,-0.071845
24863,-0.071845
24864,-0.069903
24865,-0.067961
24866,-0.066019
24867,-0.064078
24868,-0.062136
24869,-0.060194
24870,-0.058252
24871,-0.054369
24872,-0.052427
24873,-0.048544
24874,-0.04466
24875,-0.040777
24876,-0.036893
24877,-0.031068
24878,-0.027184
24879,-0.023301
24880,-0.021359
24881,-0.017476
24882,-0.015534
24883,-0.01165
24884,-0.0097087
24885,-0.007767
24886,-0.0058252
24887,-0.0019417
24888,0.0
24889,0.0019417
24890,0.0038835
24891,0.0058252
24892,0.007767
24893,0.0097087
24894,0.0097087
24895,0.01165
24896,0.01165
24897,0.013592
24898,0.013592
24899,0.015534
24900,0.015534
24901,0.017476
24902,0.021359
24903,0.023301
24904,0.027184
24905,0.031068
24906,0.03301
24907,0.036893
24908,0.038835
24909,0.040777
24910,0.042718
24911,0.046602
24912,0.048544
24913,0.050485
24914,0.052427
24915,0.054369
24916,0.056311
24917,0.058252
24918,0.056311
24919,0.054369
24920,0.048544
24921,0.042718
24922,0.031068
24923,0.019417
24924,0.0019417
24925,-0.013592
24926,-0.03301
24927,-0.050485
24928,-0.071845
24929,-0.091262
24930,-0.11068
24931,-0.1301
24932,-0.14757
24933,-0.16699
24934,-0.18447
24935,-0.20194
24936,-0.21748
24937,-0.23301
24938,-0.2466
24939,-0.26019
24940,-0.27184
24941,-0.2835
24942,-0.2932
24943,-0.30097
24944,-0.3068
24945,-0.31262
24946,-0.31262
24947,-0.31456
24948,-0.31262
24949,-0.31068
24950,-0.30485
24951,-0.29903
24952,-0.28932
24953,-0.27961
24954,-0.26796
24955,-0.25631
24956,-0.24466
24957,-0.23301
24958,-0.2233
24959,-0.21165
24960,-0.20194
24961,-0.19029
24962,-0.18058
24963,-0.17087
24964,-0.16117
24965,-0.15146
24966,-0.14369
24967,-0.13398
24968,-0.12427
24969,-0.11456
24970,-0.1068
24971,-0.097087
24972,-0.08932
24973,-0.081553
24974,-0.073786
24975,-0.066019
24976,-0.060194
24977,-0.054369
24978,-0.048544
24979,-0.042718
24980,-0.036893
24981,-0.031068
24982,-0.025243
24983,-0.019417
24984,-0.015534
24985,-0.0097087
24986,-0.0058252
24987,0.0
24988,0.0038835
24989,0.007767
24990,0.01165
24991,0.015534
24992,0.017476
24993,0.021359
24994,0.023301
24995,0.025243
24996,0.025243
24997,0.027184
24998,0.027184
24999,0.027184
25000,0.027184
25001,0.027184
25002,0.029126
25003,0.031068
25004,0.034951
25005,0.038835
25006,0.046602
25007,0.054369
25008,0.066019
25009,0.07767
25010,0.091262
25011,0.10291
25012,0.11845
25013,0.13204
25014,0.14369
25015,0.15534
25016,0.16505
25017,0.17476
25018,0.18641
25019,0.19806
25020,0.20971
25021,0.2233
25022,0.23689
25023,0.25243
25024,0.26796
25025,0.28544
25026,0.30291
25027,0.32039
25028,0.33786
25029,0.35728
25030,0.3767
25031,0.39612
25032,0.41748
25033,0.43689
25034,0.46019
25035,0.48155
25036,0.5068
25037,0.5301
25038,0.55728
25039,0.58447
25040,0.61553
25041,0.64466
25042,0.67767
25043,0.71068
25044,0.74563
25045,0.78058
25046,0.81553
25047,0.85049
25048,0.88544
25049,0.92039
25050,0.94951
25051,0.98058
25052,1.0058
25053,1.0311
25054,1.0524
25055,1.0738
25056,1.0913
25057,1.1087
25058,1.1243
25059,1.1398
25060,1.1553
25061,1.1709
25062,1.1864
25063,1.2
25064,1.2136
25065,1.2272
25066,1.2408
25067,1.2544
25068,1.268
25069,1.2816
25070,1.2913
25071,1.3029
25072,1.3126
25073,1.3223
25074,1.3301
25075,1.3379
25076,1.3456
25077,1.3515
25078,1.3573
25079,1.3612
25080,1.365
25081,1.3689
25082,1.3689
25083,1.3689
25084,1.367
25085,1.365
25086,1.3612
25087,1.3573
25088,1.3534
25089,1.3476
25090,1.3398
25091,1.332
25092,1.3223
25093,1.3126
25094,1.299
25095,1.2874
25096,1.2718
25097,1.2563
25098,1.2388
25099,1.2214
25100,1.2019
25101,1.1845
25102,1.1631
25103,1.1437
25104,1.1204
25105,1.099
25106,1.0718
25107,1.0447
25108,1.0136
25109,0.98252
25110,0.94951
25111,0.9165
25112,0.87961
25113,0.84466
25114,0.80971
25115,0.77476
25116,0.73981
25117,0.70291
25118,0.6699
25119,0.63495
25120,0.60194
25121,0.56893
25122,0.53592
25123,0.50291
25124,0.47184
25125,0.44078
25126,0.41165
25127,0.38252
25128,0.35534
25129,0.32816
25130,0.30485
25131,0.28155
25132,0.26214
25133,0.24466
25134,0.22913
25135,0.21553
25136,0.20388
25137,0.19417
25138,0.18641
25139,0.18058
25140,0.17476
25141,0.17087
25142,0.16699
25143,0.16117
25144,0.15728
25145,0.1534
25146,0.14951
25147,0.14563
25148,0.14175
25149,0.13981
25150,0.13592
25151,0.13204
25152,0.12816
25153,0.12621
25154,0.12233
25155,0.12039
25156,0.1165
25157,0.11456
25158,0.11262
25159,0.11068
25160,0.10874
25161,0.10874
25162,0.1068
25163,0.10485
25164,0.10291
25165,0.10097
25166,0.097087
25167,0.095146
25168,0.091262
25169,0.08932
25170,0.085437
25171,0.081553
25172,0.07767
25173,0.073786
25174,0.069903
25175,0.066019
25176,0.062136
25177,0.060194
25178,0.058252
25179,0.056311
25180,0.056311
25181,0.056311
25182,0.056311
25183,0.058252
25184,0.060194
25185,0.062136
25186,0.062136
25187,0.064078
25188,0.064078
25189,0.064078
25190,0.064078
25191,0.064078
25192,0.062136
25193,0.062136
25194,0.060194
25195,0.060194
25196,0.056311
25197,0.052427
25198,0.042718
25199,0.03301
25200,0.019417
25201,0.0058252
25202,-0.013592
25203,-0.031068
25204,-0.050485
25205,-0.069903
25206,-0.091262
25207,-0.11068
25208,-0.13204
25209,-0.15146
25210,-0.16893
25211,-0.18835
25212,-0.20388
25213,-0.22136
25214,-0.23689
25215,-0.25049
25216,-0.26408
25217,-0.27767
25218,-0.28738
25219,-0.29903
25220,-0.3068
25221,-0.31456
25222,-0.32039
25223,-0.32427
25224,-0.32621
25225,-0.32621
25226,-0.32427
25227,-0.32039
25228,-0.31456
25229,-0.30874
25230,-0.30097
25231,-0.29126
25232,-0.27961
25233,-0.2699
25234,-0.25825
25235,-0.2466
25236,-0.23689
25237,-0.22718
25238,-0.21748
25239,-0.20777
25240,-0.2
25241,-0.19029
25242,-0.18252
25243,-0.17476
25244,-0.16505
25245,-0.15728
25246,-0.14757
25247,-0.13786
25248,-0.12816
25249,-0.11845
25250,-0.11068
25251,-0.10291
25252,-0.095146
25253,-0.085437
25254,-0.079612
25255,-0.071845
25256,-0.064078
25257,-0.058252
25258,-0.052427
25259,-0.04466
25260,-0.038835
25261,-0.03301
25262,-0.029126
25263,-0.023301
25264,-0.021359
25265,-0.017476
25266,-0.013592
25267,-0.0097087
25268,-0.0058252
25269,0.0
25270,0.0038835
25271,0.007767
25272,0.013592
25273,0.019417
25274,0.023301
25275,0.027184
25276,0.029126
25277,0.03301
25278,0.03301
25279,0.03301
25280,0.03301
25281,0.031068
25282,0.03301
25283,0.03301
25284,0.034951
25285,0.038835
25286,0.042718
25287,0.046602
25288,0.052427
25289,0.060194
25290,0.064078
25291,0.069903
25292,0.075728
25293,0.079612
25294,0.085437
25295,0.091262
25296,0.099029
25297,0.10485
25298,0.1165
25299,0.12816
25300,0.14369
25301,0.15922
25302,0.1767
25303,0.19417
25304,0.21359
25305,0.23301
25306,0.25437
25307,0.27379
25308,0.29709
25309,0.31845
25310,0.34175
25311,0.36699
25312,0.39417
25313,0.42136
25314,0.44854
25315,0.47767
25316,0.50874
25317,0.53981
25318,0.57282
25319,0.60777
25320,0.64466
25321,0.68155
25322,0.72039
25323,0.76117
25324,0.80194
25325,0.84272
25326,0.87961
25327,0.91845
25328,0.95534
25329,0.99029
25330,1.0214
25331,1.0524
25332,1.0796
25333,1.1049
25334,1.1262
25335,1.1495
25336,1.167
25337,1.1845
25338,1.2
25339,1.2136
25340,1.2272
25341,1.2408
25342,1.2544
25343,1.268
25344,1.2796
25345,1.2932
25346,1.3049
25347,1.3165
25348,1.3262
25349,1.3359
25350,1.3456
25351,1.3553
25352,1.3631
25353,1.3709
25354,1.3767
25355,1.3845
25356,1.3883
25357,1.3942
25358,1.3981
25359,1.4039
25360,1.4058
25361,1.4097
25362,1.4097
25363,1.4097
25364,1.4078
25365,1.4078
25366,1.4039
25367,1.4
25368,1.3942
25369,1.3883
25370,1.3786
25371,1.3689
25372,1.3573
25373,1.3437
25374,1.3282
25375,1.3126
25376,1.2971
25377,1.2796
25378,1.2602
25379,1.2408
25380,1.2194
25381,1.1961
25382,1.1709
25383,1.1437
25384,1.1126
25385,1.0835
25386,1.0505
25387,1.0175
25388,0.98447
25389,0.94951
25390,0.91456
25391,0.87961
25392,0.84466
25393,0.80971
25394,0.7767
25395,0.74175
25396,0.7068
25397,0.67379
25398,0.64078
25399,0.60777
25400,0.57476
25401,0.54369
25402,0.51262
25403,0.4835
25404,0.45437
25405,0.42524
25406,0.4
25407,0.3767
25408,0.35534
25409,0.33398
25410,0.3165
25411,0.29903
25412,0.28544
25413,0.27184
25414,0.26214
25415,0.25243
25416,0.24466
25417,0.23689
25418,0.23107
25419,0.2233
25420,0.21748
25421,0.20971
25422,0.20388
25423,0.2
25424,0.19417
25425,0.19029
25426,0.18641
25427,0.18252
25428,0.17864
25429,0.17476
25430,0.17282
25431,0.16893
25432,0.16699
25433,0.16311
25434,0.16117
25435,0.15728
25436,0.15534
25437,0.15146
25438,0.14951
25439,0.14757
25440,0.14563
25441,0.14369
25442,0.14175
25443,0.13786
25444,0.13592
25445,0.13204
25446,0.12816
25447,0.12427
25448,0.11845
25449,0.11456
25450,0.10874
25451,0.10485
25452,0.10097
25453,0.097087
25454,0.093204
25455,0.091262
25456,0.087379
25457,0.085437
25458,0.085437
25459,0.085437
25460,0.085437
25461,0.087379
25462,0.087379
25463,0.08932
25464,0.08932
25465,0.08932
25466,0.087379
25467,0.087379
25468,0.087379
25469,0.087379
25470,0.085437
25471,0.085437
25472,0.081553
25473,0.079612
25474,0.071845
25475,0.064078
25476,0.052427
25477,0.040777
25478,0.023301
25479,0.007767
25480,-0.013592
25481,-0.03301
25482,-0.054369
25483,-0.073786
25484,-0.095146
25485,-0.1165
25486,-0.13592
25487,-0.15534
25488,-0.17476
25489,-0.19223
25490,-0.20971
25491,-0.22718
25492,-0.24272
25493,-0.25825
25494,-0.2699
25495,-0.2835
25496,-0.2932
25497,-0.30485
25498,-0.31068
25499,-0.31845
25500,-0.32233
25501,-0.32427
25502,-0.32427
25503,-0.32427
25504,-0.32233
25505,-0.31845
25506,-0.31068
25507,-0.30485
25508,-0.2932
25509,-0.2835
25510,-0.27184
25511,-0.26019
25512,-0.24854
25513,-0.23689
25514,-0.22524
25515,-0.21553
25516,-0.20583
25517,-0.19612
25518,-0.18641
25519,-0.17864
25520,-0.16893
25521,-0.15922
25522,-0.15146
25523,-0.14175
25524,-0.13398
25525,-0.12621
25526,-0.12039
25527,-0.11262
25528,-0.1068
25529,-0.099029
25530,-0.093204
25531,-0.085437
25532,-0.07767
25533,-0.069903
25534,-0.064078
25535,-0.058252
25536,-0.052427
25537,-0.046602
25538,-0.042718
25539,-0.036893
25540,-0.03301
25541,-0.029126
25542,-0.027184
25543,-0.023301
25544,-0.021359
25545,-0.017476
25546,-0.013592
25547,-0.0097087
25548,-0.0038835
25549,0.0
25550,0.0058252
25551,0.01165
25552,0.015534
25553,0.021359
25554,0.027184
25555,0.031068
25556,0.034951
25557,0.036893
25558,0.040777
25559,0.042718
25560,0.046602
25561,0.048544
25562,0.052427
25563,0.056311
25564,0.058252
25565,0.062136
25566,0.060194
25567,0.058252
25568,0.052427
25569,0.04466
25570,0.03301
25571,0.019417
25572,0.0019417
25573,-0.015534
25574,-0.034951
25575,-0.054369
25576,-0.073786
25577,-0.093204
25578,-0.11262
25579,-0.13204
25580,-0.15146
25581,-0.17087
25582,-0.18641
25583,-0.20388
25584,-0.21748
25585,-0.23107
25586,-0.24466
25587,-0.25631
25588,-0.26602
25589,-0.27767
25590,-0.28544
25591,-0.2932
25592,-0.29709
25593,-0.30291
25594,-0.30291
25595,-0.30291
25596,-0.29903
25597,-0.29709
25598,-0.28932
25599,-0.28155
25600,-0.27184
25601,-0.26214
25602,-0.25049
25603,-0.23883
25604,-0.22718
25605,-0.21553
25606,-0.20777
25607,-0.19806
25608,-0.19223
25609,-0.18447
25610,-0.17864
25611,-0.17282
25612,-0.16505
25613,-0.15922
25614,-0.14951
25615,-0.14175
25616,-0.1301
25617,-0.12039
25618,-0.1068
25619,-0.095146
25620,-0.081553
25621,-0.066019
25622,-0.048544
25623,-0.029126
25624,-0.007767
25625,0.013592
25626,0.040777
25627,0.066019
25628,0.097087
25629,0.12621
25630,0.16117
25631,0.19417
25632,0.23301
25633,0.2699
25634,0.31068
25635,0.35146
25636,0.39223
25637,0.43495
25638,0.47767
25639,0.52039
25640,0.56505
25641,0.60777
25642,0.65049
25643,0.69515
25644,0.73786
25645,0.78058
25646,0.82136
25647,0.86214
25648,0.90097
25649,0.93981
25650,0.9767
25651,1.0136
25652,1.0505
25653,1.0854
25654,1.1204
25655,1.1534
25656,1.1825
25657,1.2136
25658,1.2369
25659,1.2583
25660,1.2738
25661,1.2874
25662,1.2932
25663,1.299
25664,1.299
25665,1.2971
25666,1.2913
25667,1.2835
25668,1.2738
25669,1.2641
25670,1.2544
25671,1.2427
25672,1.2311
25673,1.2194
25674,1.2078
25675,1.1981
25676,1.1864
25677,1.1767
25678,1.1689
25679,1.1592
25680,1.1515
25681,1.1437
25682,1.1379
25683,1.132
25684,1.1282
25685,1.1243
25686,1.1223
25687,1.1204
25688,1.1204
25689,1.1204
25690,1.1243
25691,1.1262
25692,1.1301
25693,1.1359
25694,1.1398
25695,1.1437
25696,1.1456
25697,1.1495
25698,1.1495
25699,1.1495
25700,1.1456
25701,1.1417
25702,1.1359
25703,1.1301
25704,1.1223
25705,1.1146
25706,1.1049
25707,1.0971
25708,1.0854
25709,1.0757
25710,1.0641
25711,1.0524
25712,1.0408
25713,1.0291
25714,1.0175
25715,1.0058
25716,0.99417
25717,0.98252
25718,0.97087
25719,0.95922
25720,0.94757
25721,0.93592
25722,0.92427
25723,0.91262
25724,0.89903
25725,0.88738
25726,0.87573
25727,0.86408
25728,0.85049
25729,0.83689
25730,0.8233
25731,0.80971
25732,0.79612
25733,0.78252
25734,0.76893
25735,0.75534
25736,0.74175
25737,0.7301
25738,0.7165
25739,0.70485
25740,0.6932
25741,0.6835
25742,0.67184
25743,0.66019
25744,0.64854
25745,0.63689
25746,0.62524
25747,0.61359
25748,0.6
25749,0.58641
25750,0.57282
25751,0.55922
25752,0.54369
25753,0.5301
25754,0.51068
25755,0.49126
25756,0.46796
25757,0.44466
25758,0.41748
25759,0.39223
25760,0.36311
25761,0.33398
25762,0.30485
25763,0.27379
25764,0.24466
25765,0.21553
25766,0.18641
25767,0.15922
25768,0.13204
25769,0.10485
25770,0.079612
25771,0.054369
25772,0.031068
25773,0.007767
25774,-0.013592
25775,-0.034951
25776,-0.054369
25777,-0.073786
25778,-0.08932
25779,-0.10291
25780,-0.11456
25781,-0.12427
25782,-0.1301
25783,-0.13786
25784,-0.13981
25785,-0.14175
25786,-0.13981
25787,-0.13981
25788,-0.13592
25789,-0.13204
25790,-0.12816
25791,-0.12427
25792,-0.12039
25793,-0.11456
25794,-0.11068
25795,-0.1068
25796,-0.10097
25797,-0.097087
25798,-0.093204
25799,-0.087379
25800,-0.083495
25801,-0.07767
25802,-0.073786
25803,-0.067961
25804,-0.062136
25805,-0.058252
25806,-0.052427
25807,-0.046602
25808,-0.042718
25809,-0.036893
25810,-0.03301
25811,-0.029126
25812,-0.025243
25813,-0.021359
25814,-0.017476
25815,-0.013592
25816,-0.01165
25817,-0.007767
25818,-0.0058252
25819,-0.0019417
25820,0.0
25821,0.0019417
25822,0.0038835
25823,0.0058252
25824,0.007767
25825,0.0097087
25826,0.013592
25827,0.015534
25828,0.019417
25829,0.025243
25830,0.029126
25831,0.034951
25832,0.038835
25833,0.04466
25834,0.048544
25835,0.052427
25836,0.056311
25837,0.060194
25838,0.062136
25839,0.066019
25840,0.067961
25841,0.069903
25842,0.071845
25843,0.075728
25844,0.075728
25845,0.075728
25846,0.069903
25847,0.066019
25848,0.054369
25849,0.04466
25850,0.031068
25851,0.015534
25852,-0.0019417
25853,-0.019417
25854,-0.036893
25855,-0.056311
25856,-0.075728
25857,-0.097087
25858,-0.11456
25859,-0.13398
25860,-0.15146
25861,-0.16893
25862,-0.18447
25863,-0.2
25864,-0.21359
25865,-0.22718
25866,-0.23689
25867,-0.24854
25868,-0.25631
25869,-0.26602
25870,-0.2699
25871,-0.27573
25872,-0.27767
25873,-0.27961
25874,-0.27767
25875,-0.27379
25876,-0.2699
25877,-0.26408
25878,-0.25437
25879,-0.24466
25880,-0.23495
25881,-0.2233
25882,-0.21165
25883,-0.2
25884,-0.19029
25885,-0.17864
25886,-0.16893
25887,-0.15922
25888,-0.14951
25889,-0.13981
25890,-0.1301
25891,-0.12039
25892,-0.11068
25893,-0.10291
25894,-0.093204
25895,-0.085437
25896,-0.075728
25897,-0.067961
25898,-0.058252
25899,-0.050485
25900,-0.040777
25901,-0.03301
25902,-0.025243
25903,-0.019417
25904,-0.013592
25905,-0.0097087
25906,-0.0058252
25907,-0.0038835
25908,-0.0019417
25909,-0.0019417
25910,-0.0019417
25911,-0.0019417
25912,-0.0038835
25913,-0.0038835
25914,-0.0038835
25915,-0.0019417
25916,0.0
25917,0.0038835
25918,0.01165
25919,0.021359
25920,0.034951
25921,0.048544
25922,0.067961
25923,0.087379
25924,0.11262
25925,0.13786
25926,0.16699
25927,0.19806
25928,0.23107
25929,0.26602
25930,0.30097
25931,0.33786
25932,0.3767
25933,0.41553
25934,0.45243
25935,0.49126
25936,0.52621
25937,0.56311
25938,0.59029
25939,0.61942
25940,0.64272
25941,0.66602
25942,0.6835
25943,0.70097
25944,0.71456
25945,0.72816
25946,0.74175
25947,0.7534
25948,0.76505
25949,0.7767
25950,0.78641
25951,0.79806
25952,0.80777
25953,0.81748
25954,0.82718
25955,0.83689
25956,0.8466
25957,0.85631
25958,0.86408
25959,0.87379
25960,0.88155
25961,0.88932
25962,0.89709
25963,0.90485
25964,0.91262
25965,0.92039
25966,0.9301
25967,0.93981
25968,0.94951
25969,0.96117
25970,0.97476
25971,0.99029
25972,1.0058
25973,1.0233
25974,1.0388
25975,1.0563
25976,1.0718
25977,1.0874
25978,1.101
25979,1.1165
25980,1.1301
25981,1.1437
25982,1.1553
25983,1.1689
25984,1.1786
25985,1.1903
25986,1.2
25987,1.2097
25988,1.2175
25989,1.2252
25990,1.233
25991,1.2388
25992,1.2427
25993,1.2485
25994,1.2505
25995,1.2524
25996,1.2505
25997,1.2485
25998,1.2447
25999,1.2388
26000,1.2311
26001,1.2233
26002,1.2117
26003,1.2019
26004,1.1883
26005,1.1767
26006,1.1612
26007,1.1476
26008,1.132
26009,1.1165
26010,1.101
26011,1.0854
26012,1.0699
26013,1.0544
26014,1.0388
26015,1.0252
26016,1.0136
26017,1.0
26018,0.98641
26019,0.97282
26020,0.95728
26021,0.94175
26022,0.92816
26023,0.91456
26024,0.89903
26025,0.88544
26026,0.8699
26027,0.85437
26028,0.83689
26029,0.82136
26030,0.79806
26031,0.7767
26032,0.75146
26033,0.72427
26034,0.6932
26035,0.66408
26036,0.62913
26037,0.59612
26038,0.56117
26039,0.52816
26040,0.4932
26041,0.45825
26042,0.42524
26043,0.39029
26044,0.35728
26045,0.32621
26046,0.2932
26047,0.26214
26048,0.23107
26049,0.20194
26050,0.17476
26051,0.14757
26052,0.12427
26053,0.10097
26054,0.079612
26055,0.060194
26056,0.04466
26057,0.027184
26058,0.015534
26059,0.0058252
26060,-0.0019417
26061,-0.0097087
26062,-0.013592
26063,-0.017476
26064,-0.017476
26065,-0.019417
26066,-0.019417
26067,-0.021359
26068,-0.021359
26069,-0.021359
26070,-0.021359
26071,-0.021359
26072,-0.021359
26073,-0.021359
26074,-0.021359
26075,-0.021359
26076,-0.021359
26077,-0.021359
26078,-0.021359
26079,-0.019417
26080,-0.019417
26081,-0.017476
26082,-0.015534
26083,-0.013592
26084,-0.013592
26085,-0.01165
26086,-0.0097087
26087,-0.007767
26088,-0.007767
26089,-0.0058252
26090,-0.0058252
26091,-0.0038835
26092,-0.0038835
26093,-0.0038835
26094,-0.0019417
26095,-0.0019417
26096,0.0
26097,0.0019417
26098,0.0019417
26099,0.0038835
26100,0.0038835
26101,0.0058252
26102,0.007767
26103,0.0097087
26104,0.013592
26105,0.015534
26106,0.019417
26107,0.025243
26108,0.029126
26109,0.034951
26110,0.036893
26111,0.040777
26112,0.04466
26113,0.046602
26114,0.048544
26115,0.050485
26116,0.050485
26117,0.052427
26118,0.050485
26119,0.050485
26120,0.050485
26121,0.048544
26122,0.040777
26123,0.034951
26124,0.023301
26125,0.01165
26126,-0.0038835
26127,-0.019417
26128,-0.038835
26129,-0.056311
26130,-0.075728
26131,-0.095146
26132,-0.11456
26133,-0.13398
26134,-0.1534
26135,-0.17087
26136,-0.18641
26137,-0.20388
26138,-0.21942
26139,-0.23301
26140,-0.2466
26141,-0.26019
26142,-0.27184
26143,-0.28155
26144,-0.29126
26145,-0.30097
26146,-0.3068
26147,-0.31262
26148,-0.3165
26149,-0.31845
26150,-0.31845
26151,-0.3165
26152,-0.31262
26153,-0.30874
26154,-0.30097
26155,-0.2932
26156,-0.2835
26157,-0.27379
26158,-0.26214
26159,-0.25243
26160,-0.24078
26161,-0.22913
26162,-0.21942
26163,-0.20971
26164,-0.2
26165,-0.19029
26166,-0.18058
26167,-0.17282
26168,-0.16311
26169,-0.1534
26170,-0.14369
26171,-0.13398
26172,-0.12427
26173,-0.11456
26174,-0.10485
26175,-0.093204
26176,-0.083495
26177,-0.073786
26178,-0.066019
26179,-0.056311
26180,-0.048544
26181,-0.040777
26182,-0.034951
26183,-0.027184
26184,-0.023301
26185,-0.017476
26186,-0.013592
26187,-0.007767
26188,-0.0058252
26189,-0.0019417
26190,0.0
26191,0.0038835
26192,0.0058252
26193,0.0097087
26194,0.013592
26195,0.019417
26196,0.023301
26197,0.029126
26198,0.03301
26199,0.038835
26200,0.040777
26201,0.04466
26202,0.04466
26203,0.04466
26204,0.042718
26205,0.040777
26206,0.040777
26207,0.038835
26208,0.040777
26209,0.040777
26210,0.042718
26211,0.04466
26212,0.048544
26213,0.052427
26214,0.054369
26215,0.056311
26216,0.058252
26217,0.060194
26218,0.064078
26219,0.066019
26220,0.069903
26221,0.073786
26222,0.081553
26223,0.08932
26224,0.10097
26225,0.11262
26226,0.1301
26227,0.14563
26228,0.16505
26229,0.18447
26230,0.20583
26231,0.22718
26232,0.25049
26233,0.27379
26234,0.29903
26235,0.32427
26236,0.35146
26237,0.38058
26238,0.40777
26239,0.43689
26240,0.46796
26241,0.49903
26242,0.53398
26243,0.56893
26244,0.60583
26245,0.64466
26246,0.68738
26247,0.72816
26248,0.77087
26249,0.81359
26250,0.85437
26251,0.89709
26252,0.93592
26253,0.97476
26254,1.0117
26255,1.0485
26256,1.0816
26257,1.1146
26258,1.1417
26259,1.1689
26260,1.1922
26261,1.2155
26262,1.233
26263,1.2505
26264,1.2641
26265,1.2796
26266,1.2913
26267,1.3049
26268,1.3165
26269,1.3282
26270,1.3379
26271,1.3495
26272,1.3592
26273,1.3689
26274,1.3786
26275,1.3903
26276,1.3981
26277,1.4078
26278,1.4136
26279,1.4214
26280,1.4252
26281,1.4311
26282,1.435
26283,1.4388
26284,1.4408
26285,1.4447
26286,1.4466
26287,1.4485
26288,1.4505
26289,1.4505
26290,1.4505
26291,1.4485
26292,1.4447
26293,1.4408
26294,1.435
26295,1.4272
26296,1.4155
26297,1.4058
26298,1.3942
26299,1.3806
26300,1.365
26301,1.3515
26302,1.332
26303,1.3126
26304,1.2893
26305,1.268
26306,1.2388
26307,1.2097
26308,1.1786
26309,1.1456
26310,1.1107
26311,1.0757
26312,1.0369
26313,1.0
26314,0.96311
26315,0.92816
26316,0.89126
26317,0.85631
26318,0.81942
26319,0.78447
26320,0.74757
26321,0.71262
26322,0.67767
26323,0.64272
26324,0.60971
26325,0.5767
26326,0.54563
26327,0.51456
26328,0.48544
26329,0.45825
26330,0.43301
26331,0.40971
26332,0.38835
26333,0.36505
26334,0.34951
26335,0.33204
26336,0.31845
26337,0.30485
26338,0.29515
26339,0.28544
26340,0.27767
26341,0.26796
26342,0.26019
26343,0.25243
26344,0.24272
26345,0.23495
26346,0.22524
26347,0.21748
26348,0.20971
26349,0.20388
26350,0.19612
26351,0.19029
26352,0.18447
26353,0.18058
26354,0.17476
26355,0.17087
26356,0.16893
26357,0.16505
26358,0.16117
26359,0.15922
26360,0.15728
26361,0.15534
26362,0.15146
26363,0.14951
26364,0.14563
26365,0.14175
26366,0.13786
26367,0.13398
26368,0.1301
26369,0.12621
26370,0.12233
26371,0.11845
26372,0.11262
26373,0.10874
26374,0.10291
26375,0.097087
26376,0.091262
26377,0.087379
26378,0.083495
26379,0.079612
26380,0.07767
26381,0.07767
26382,0.075728
26383,0.075728
26384,0.075728
26385,0.075728
26386,0.075728
26387,0.075728
26388,0.075728
26389,0.075728
26390,0.075728
26391,0.075728
26392,0.075728
26393,0.073786
26394,0.071845
26395,0.069903
26396,0.064078
26397,0.060194
26398,0.048544
26399,0.038835
26400,0.023301
26401,0.007767
26402,-0.01165
26403,-0.029126
26404,-0.050485
26405,-0.071845
26406,-0.093204
26407,-0.11456
26408,-0.13398
26409,-0.15534
26410,-0.17476
26411,-0.19223
26412,-0.20971
26413,-0.22718
26414,-0.24078
26415,-0.25631
26416,-0.2699
26417,-0.2835
26418,-0.2932
26419,-0.30485
26420,-0.31262
26421,-0.32039
26422,-0.32621
26423,-0.3301
26424,-0.33204
26425,-0.33398
26426,-0.33204
26427,-0.3301
26428,-0.32233
26429,-0.3165
26430,-0.3068
26431,-0.29709
26432,-0.28544
26433,-0.27184
26434,-0.26019
26435,-0.24854
26436,-0.23689
26437,-0.22524
26438,-0.21553
26439,-0.20583
26440,-0.19612
26441,-0.18641
26442,-0.1767
26443,-0.16893
26444,-0.15922
26445,-0.15146
26446,-0.14369
26447,-0.13398
26448,-0.12621
26449,-0.11845
26450,-0.10874
26451,-0.10097
26452,-0.093204
26453,-0.085437
26454,-0.07767
26455,-0.069903
26456,-0.062136
26457,-0.056311
26458,-0.050485
26459,-0.042718
26460,-0.038835
26461,-0.03301
26462,-0.029126
26463,-0.023301
26464,-0.019417
26465,-0.015534
26466,-0.01165
26467,-0.007767
26468,-0.0038835
26469,0.0019417
26470,0.0058252
26471,0.01165
26472,0.017476
26473,0.021359
26474,0.027184
26475,0.03301
26476,0.038835
26477,0.042718
26478,0.048544
26479,0.052427
26480,0.058252
26481,0.062136
26482,0.067961
26483,0.071845
26484,0.07767
26485,0.081553
26486,0.083495
26487,0.087379
26488,0.087379
26489,0.087379
26490,0.081553
26491,0.075728
26492,0.064078
26493,0.054369
26494,0.038835
26495,0.023301
26496,0.0058252
26497,-0.013592
26498,-0.03301
26499,-0.050485
26500,-0.069903
26501,-0.08932
26502,-0.1068
26503,-0.12427
26504,-0.14175
26505,-0.15922
26506,-0.17476
26507,-0.19223
26508,-0.20583
26509,-0.22136
26510,-0.23495
26511,-0.24854
26512,-0.26019
26513,-0.27184
26514,-0.27961
26515,-0.28738
26516,-0.29126
26517,-0.2932
26518,-0.28932
26519,-0.28544
26520,-0.27573
26521,-0.26602
26522,-0.24854
26523,-0.23107
26524,-0.20777
26525,-0.18447
26526,-0.15534
26527,-0.12621
26528,-0.093204
26529,-0.060194
26530,-0.023301
26531,0.013592
26532,0.054369
26533,0.095146
26534,0.13592
26535,0.1767
26536,0.21942
26537,0.26019
26538,0.30291
26539,0.34757
26540,0.39029
26541,0.43495
26542,0.47767
26543,0.52039
26544,0.56311
26545,0.60777
26546,0.65049
26547,0.6932
26548,0.73592
26549,0.78058
26550,0.82136
26551,0.86214
26552,0.90291
26553,0.94175
26554,0.98058
26555,1.0175
26556,1.0544
26557,1.0913
26558,1.1243
26559,1.1573
26560,1.1883
26561,1.2175
26562,1.2447
26563,1.2718
26564,1.2951
26565,1.3204
26566,1.3398
26567,1.3592
26568,1.3748
26569,1.3903
26570,1.4019
26571,1.4136
26572,1.4233
26573,1.433
26574,1.4408
26575,1.4485
26576,1.4524
26577,1.4583
26578,1.4602
26579,1.4621
26580,1.4602
26581,1.4583
26582,1.4505
26583,1.4427
26584,1.4291
26585,1.4155
26586,1.4
26587,1.3825
26588,1.365
26589,1.3476
26590,1.3262
26591,1.3068
26592,1.2854
26593,1.266
26594,1.2427
26595,1.2214
26596,1.1961
26597,1.1728
26598,1.1495
26599,1.1243
26600,1.0971
26601,1.0718
26602,1.0447
26603,1.0194
26604,0.99223
26605,0.96505
26606,0.93981
26607,0.91456
26608,0.89126
26609,0.86796
26610,0.8466
26611,0.82524
26612,0.80777
26613,0.79029
26614,0.77476
26615,0.75922
26616,0.74563
26617,0.73398
26618,0.72039
26619,0.70874
26620,0.69709
26621,0.68544
26622,0.67379
26623,0.66214
26624,0.65243
26625,0.64272
26626,0.63301
26627,0.6233
26628,0.61359
26629,0.60583
26630,0.59806
26631,0.59029
26632,0.58252
26633,0.57476
26634,0.56699
26635,0.55922
26636,0.54951
26637,0.54175
26638,0.53398
26639,0.52621
26640,0.5165
26641,0.5068
26642,0.49709
26643,0.48738
26644,0.47767
26645,0.46796
26646,0.45825
26647,0.44854
26648,0.43883
26649,0.42718
26650,0.41748
26651,0.40777
26652,0.39806
26653,0.38641
26654,0.3767
26655,0.36893
26656,0.35922
26657,0.35146
26658,0.34563
26659,0.33981
26660,0.33592
26661,0.3301
26662,0.32621
26663,0.32233
26664,0.3165
26665,0.31262
26666,0.3068
26667,0.30291
26668,0.29709
26669,0.29126
26670,0.28738
26671,0.28155
26672,0.27573
26673,0.2699
26674,0.26019
26675,0.25243
26676,0.24078
26677,0.22913
26678,0.21165
26679,0.19612
26680,0.17476
26681,0.1534
26682,0.1301
26683,0.10485
26684,0.079612
26685,0.054369
26686,0.031068
26687,0.0058252
26688,-0.015534
26689,-0.038835
26690,-0.060194
26691,-0.081553
26692,-0.10097
26693,-0.12233
26694,-0.13981
26695,-0.15728
26696,-0.17282
26697,-0.18835
26698,-0.2
26699,-0.21165
26700,-0.22136
26701,-0.23107
26702,-0.23495
26703,-0.23883
26704,-0.24078
26705,-0.24078
26706,-0.23689
26707,-0.23495
26708,-0.22913
26709,-0.22136
26710,-0.21359
26711,-0.20583
26712,-0.19612
26713,-0.18835
26714,-0.17864
26715,-0.17087
26716,-0.16311
26717,-0.15534
26718,-0.14951
26719,-0.14175
26720,-0.13592
26721,-0.1301
26722,-0.12427
26723,-0.1165
26724,-0.11068
26725,-0.10291
26726,-0.095146
26727,-0.087379
26728,-0.079612
26729,-0.069903
26730,-0.062136
26731,-0.054369
26732,-0.046602
26733,-0.038835
26734,-0.031068
26735,-0.025243
26736,-0.017476
26737,-0.01165
26738,-0.0058252
26739,0.0
26740,0.0038835
26741,0.0097087
26742,0.013592
26743,0.017476
26744,0.021359
26745,0.025243
26746,0.029126
26747,0.03301
26748,0.034951
26749,0.038835
26750,0.042718
26751,0.048544
26752,0.054369
26753,0.060194
26754,0.064078
26755,0.067961
26756,0.071845
26757,0.075728
26758,0.07767
26759,0.081553
26760,0.083495
26761,0.085437
26762,0.087379
26763,0.08932
26764,0.091262
26765,0.095146
26766,0.093204
26767,0.093204
26768,0.08932
26769,0.085437
26770,0.075728
26771,0.064078
26772,0.050485
26773,0.034951
26774,0.017476
26775,0.0
26776,-0.019417
26777,-0.038835
26778,-0.056311
26779,-0.075728
26780,-0.095146
26781,-0.11456
26782,-0.13204
26783,-0.15146
26784,-0.17087
26785,-0.19029
26786,-0.20777
26787,-0.22524
26788,-0.24078
26789,-0.25631
26790,-0.26796
26791,-0.27767
26792,-0.2835
26793,-0.29126
26794,-0.28932
26795,-0.28738
26796,-0.27961
26797,-0.27184
26798,-0.25437
26799,-0.23883
26800,-0.21553
26801,-0.19223
26802,-0.16311
26803,-0.13398
26804,-0.10097
26805,-0.067961
26806,-0.031068
26807,0.007767
26808,0.046602
26809,0.087379
26810,0.12816
26811,0.16893
26812,0.21165
26813,0.25437
26814,0.29709
26815,0.33981
26816,0.38058
26817,0.4233
26818,0.46408
26819,0.50485
26820,0.54563
26821,0.58641
26822,0.62718
26823,0.66602
26824,0.7068
26825,0.74757
26826,0.78641
26827,0.82524
26828,0.86408
26829,0.90097
26830,0.93786
26831,0.97282
26832,1.0078
26833,1.0408
26834,1.0699
26835,1.099
26836,1.1243
26837,1.1515
26838,1.1728
26839,1.1942
26840,1.2136
26841,1.233
26842,1.2505
26843,1.268
26844,1.2816
26845,1.2971
26846,1.3087
26847,1.3223
26848,1.332
26849,1.3417
26850,1.3515
26851,1.3592
26852,1.367
26853,1.3748
26854,1.3786
26855,1.3845
26856,1.3883
26857,1.3903
26858,1.3883
26859,1.3864
26860,1.3786
26861,1.3728
26862,1.3612
26863,1.3476
26864,1.332
26865,1.3146
26866,1.2932
26867,1.2738
26868,1.2524
26869,1.2291
26870,1.2039
26871,1.1806
26872,1.1534
26873,1.1282
26874,1.099
26875,1.0699
26876,1.0388
26877,1.0097
26878,0.97864
26879,0.94757
26880,0.9165
26881,0.88544
26882,0.85631
26883,0.82718
26884,0.79806
26885,0.76893
26886,0.74563
26887,0.72039
26888,0.69903
26889,0.67767
26890,0.66019
26891,0.64272
26892,0.62913
26893,0.61748
26894,0.60583
26895,0.59612
26896,0.58641
26897,0.5767
26898,0.56893
26899,0.55922
26900,0.55146
26901,0.54369
26902,0.53592
26903,0.52816
26904,0.52039
26905,0.51262
26906,0.50485
26907,0.49709
26908,0.49126
26909,0.4835
26910,0.47573
26911,0.46796
26912,0.46019
26913,0.45243
26914,0.44466
26915,0.43689
26916,0.42913
26917,0.42136
26918,0.41359
26919,0.40777
26920,0.4
26921,0.39223
26922,0.38641
26923,0.37864
26924,0.37087
26925,0.36311
26926,0.35534
26927,0.34563
26928,0.33592
26929,0.32621
26930,0.31845
26931,0.30874
26932,0.30097
26933,0.2932
26934,0.28738
26935,0.28155
26936,0.27573
26937,0.27184
26938,0.26796
26939,0.26408
26940,0.26019
26941,0.25631
26942,0.25437
26943,0.25049
26944,0.24854
26945,0.24466
26946,0.24272
26947,0.23883
26948,0.23689
26949,0.23301
26950,0.22718
26951,0.2233
26952,0.21553
26953,0.20777
26954,0.19417
26955,0.18058
26956,0.16117
26957,0.14369
26958,0.12039
26959,0.099029
26960,0.075728
26961,0.052427
26962,0.029126
26963,0.0058252
26964,-0.015534
26965,-0.038835
26966,-0.058252
26967,-0.079612
26968,-0.099029
26969,-0.11845
26970,-0.13592
26971,-0.1534
26972,-0.16893
26973,-0.18447
26974,-0.19612
26975,-0.20971
26976,-0.21942
26977,-0.22913
26978,-0.23495
26979,-0.24272
26980,-0.24466
26981,-0.24854
26982,-0.2466
26983,-0.24466
26984,-0.24078
26985,-0.23495
26986,-0.22718
26987,-0.21942
26988,-0.20971
26989,-0.2
26990,-0.19029
26991,-0.18058
26992,-0.17282
26993,-0.16311
26994,-0.15534
26995,-0.14757
26996,-0.13981
26997,-0.13398
26998,-0.12621
26999,-0.12039
27000,-0.11262
27001,-0.10485
27002,-0.099029
27003,-0.091262
27004,-0.083495
27005,-0.075728
27006,-0.067961
27007,-0.060194
27008,-0.052427
27009,-0.042718
27010,-0.036893
27011,-0.029126
27012,-0.021359
27013,-0.013592
27014,-0.007767
27015,-0.0019417
27016,0.0038835
27017,0.0097087
27018,0.013592
27019,0.019417
27020,0.021359
27021,0.023301
27022,0.027184
27023,0.031068
27024,0.03301
27025,0.036893
27026,0.040777
27027,0.046602
27028,0.050485
27029,0.056311
27030,0.060194
27031,0.066019
27032,0.069903
27033,0.075728
27034,0.079612
27035,0.083495
27036,0.087379
27037,0.091262
27038,0.095146
27039,0.099029
27040,0.10291
27041,0.1068
27042,0.10874
27043,0.11262
27044,0.11262
27045,0.11262
27046,0.1068
27047,0.10097
27048,0.08932
27049,0.07767
27050,0.062136
27051,0.046602
27052,0.027184
27053,0.0097087
27054,-0.0097087
27055,-0.029126
27056,-0.048544
27057,-0.067961
27058,-0.085437
27059,-0.10291
27060,-0.12039
27061,-0.13592
27062,-0.15146
27063,-0.16699
27064,-0.18058
27065,-0.19417
27066,-0.20583
27067,-0.21748
27068,-0.22718
27069,-0.23495
27070,-0.24078
27071,-0.24466
27072,-0.2466
27073,-0.24854
27074,-0.24466
27075,-0.24272
27076,-0.23689
27077,-0.23301
27078,-0.22524
27079,-0.21942
27080,-0.21165
27081,-0.20388
27082,-0.19806
27083,-0.19223
27084,-0.18641
27085,-0.17864
27086,-0.17087
27087,-0.16311
27088,-0.1534
27089,-0.14369
27090,-0.1301
27091,-0.1165
27092,-0.10097
27093,-0.085437
27094,-0.066019
27095,-0.046602
27096,-0.021359
27097,0.0019417
27098,0.031068
27099,0.060194
27100,0.093204
27101,0.12427
27102,0.16117
27103,0.19806
27104,0.23689
27105,0.27573
27106,0.3165
27107,0.35728
27108,0.4
27109,0.44078
27110,0.4835
27111,0.52427
27112,0.56505
27113,0.60777
27114,0.6466
27115,0.68738
27116,0.72621
27117,0.76505
27118,0.80388
27119,0.84272
27120,0.88155
27121,0.91845
27122,0.95534
27123,0.99029
27124,1.0252
27125,1.0583
27126,1.0913
27127,1.1243
27128,1.1534
27129,1.1845
27130,1.2117
27131,1.2388
27132,1.2621
27133,1.2854
27134,1.301
27135,1.3165
27136,1.3243
27137,1.332
27138,1.3282
27139,1.3262
27140,1.3165
27141,1.3087
27142,1.2951
27143,1.2835
27144,1.268
27145,1.2524
27146,1.2388
27147,1.2233
27148,1.2078
27149,1.1942
27150,1.1786
27151,1.165
27152,1.1495
27153,1.1359
27154,1.1223
27155,1.1068
27156,1.0932
27157,1.0796
27158,1.068
27159,1.0544
27160,1.0427
27161,1.0311
27162,1.0214
27163,1.0117
27164,1.0019
27165,0.99417
27166,0.98641
27167,0.97864
27168,0.97282
27169,0.96699
27170,0.96117
27171,0.95728
27172,0.95146
27173,0.94757
27174,0.94175
27175,0.93592
27176,0.92816
27177,0.92233
27178,0.91262
27179,0.90485
27180,0.89515
27181,0.88738
27182,0.87767
27183,0.86796
27184,0.85825
27185,0.85049
27186,0.84078
27187,0.83301
27188,0.8233
27189,0.81359
27190,0.80583
27191,0.79612
27192,0.78641
27193,0.77864
27194,0.76893
27195,0.75922
27196,0.74951
27197,0.73981
27198,0.7301
27199,0.72039
27200,0.71068
27201,0.70097
27202,0.69126
27203,0.67961
27204,0.6699
27205,0.65825
27206,0.6466
27207,0.63495
27208,0.6233
27209,0.60971
27210,0.59806
27211,0.58447
27212,0.57282
27213,0.56117
27214,0.54951
27215,0.53981
27216,0.5301
27217,0.52039
27218,0.51262
27219,0.50485
27220,0.49709
27221,0.48932
27222,0.47961
27223,0.47184
27224,0.46214
27225,0.45437
27226,0.44466
27227,0.43495
27228,0.42524
27229,0.41553
27230,0.40194
27231,0.38835
27232,0.37087
27233,0.3534
27234,0.3301
27235,0.30874
27236,0.2835
27237,0.25825
27238,0.23107
27239,0.20388
27240,0.17476
27241,0.14757
27242,0.12039
27243,0.093204
27244,0.066019
27245,0.040777
27246,0.017476
27247,-0.0058252
27248,-0.029126
27249,-0.050485
27250,-0.069903
27251,-0.08932
27252,-0.1068
27253,-0.12427
27254,-0.13786
27255,-0.1534
27256,-0.16311
27257,-0.17476
27258,-0.18252
27259,-0.18835
27260,-0.19029
27261,-0.19223
27262,-0.19029
27263,-0.18835
27264,-0.18252
27265,-0.1767
27266,-0.17087
27267,-0.16311
27268,-0.15534
27269,-0.14757
27270,-0.13981
27271,-0.13204
27272,-0.12621
27273,-0.12039
27274,-0.11262
27275,-0.1068
27276,-0.10097
27277,-0.095146
27278,-0.08932
27279,-0.083495
27280,-0.07767
27281,-0.069903
27282,-0.064078
27283,-0.058252
27284,-0.050485
27285,-0.04466
27286,-0.036893
27287,-0.031068
27288,-0.025243
27289,-0.017476
27290,-0.01165
27291,-0.0058252
27292,-0.0019417
27293,0.0038835
27294,0.0058252
27295,0.0097087
27296,0.013592
27297,0.015534
27298,0.017476
27299,0.021359
27300,0.023301
27301,0.025243
27302,0.027184
27303,0.029126
27304,0.031068
27305,0.034951
27306,0.038835
27307,0.042718
27308,0.046602
27309,0.050485
27310,0.054369
27311,0.060194
27312,0.064078
27313,0.067961
27314,0.071845
27315,0.075728
27316,0.079612
27317,0.083495
27318,0.085437
27319,0.08932
27320,0.091262
27321,0.093204
27322,0.08932
27323,0.085437
27324,0.07767
27325,0.069903
27326,0.056311
27327,0.042718
27328,0.023301
27329,0.0058252
27330,-0.013592
27331,-0.031068
27332,-0.052427
27333,-0.071845
27334,-0.091262
27335,-0.10874
27336,-0.12621
27337,-0.14369
27338,-0.15922
27339,-0.17476
27340,-0.18835
27341,-0.2
27342,-0.21165
27343,-0.2233
27344,-0.23301
27345,-0.24272
27346,-0.24854
27347,-0.25631
27348,-0.25825
27349,-0.26214
27350,-0.26214
27351,-0.26019
27352,-0.25631
27353,-0.25243
27354,-0.2466
27355,-0.24078
27356,-0.23301
27357,-0.22718
27358,-0.22136
27359,-0.21359
27360,-0.20971
27361,-0.20388
27362,-0.19612
27363,-0.19029
27364,-0.18058
27365,-0.17282
27366,-0.16117
27367,-0.14757
27368,-0.13398
27369,-0.11845
27370,-0.099029
27371,-0.081553
27372,-0.060194
27373,-0.038835
27374,-0.013592
27375,0.013592
27376,0.042718
27377,0.073786
27378,0.10874
27379,0.14369
27380,0.18058
27381,0.21942
27382,0.26019
27383,0.30097
27384,0.34369
27385,0.38447
27386,0.42718
27387,0.4699
27388,0.51068
27389,0.5534
27390,0.59417
27391,0.63495
27392,0.67767
27393,0.71845
27394,0.75922
27395,0.8
27396,0.83883
27397,0.87767
27398,0.9165
27399,0.95534
27400,0.99223
27401,1.0311
27402,1.0641
27403,1.099
27404,1.1301
27405,1.1612
27406,1.1883
27407,1.2175
27408,1.2427
27409,1.268
27410,1.2854
27411,1.3049
27412,1.3184
27413,1.332
27414,1.3359
27415,1.3398
27416,1.3359
27417,1.332
27418,1.3243
27419,1.3165
27420,1.3068
27421,1.2951
27422,1.2835
27423,1.2718
27424,1.2602
27425,1.2485
27426,1.2369
27427,1.2252
27428,1.2136
27429,1.2019
27430,1.1883
27431,1.1767
27432,1.165
27433,1.1534
27434,1.1398
27435,1.1282
27436,1.1146
27437,1.101
27438,1.0893
27439,1.0777
27440,1.066
27441,1.0544
27442,1.0447
27443,1.035
27444,1.0272
27445,1.0175
27446,1.0117
27447,1.0058
27448,1.0
27449,0.99612
27450,0.99029
27451,0.98641
27452,0.98058
27453,0.97476
27454,0.96893
27455,0.96117
27456,0.9534
27457,0.94563
27458,0.93592
27459,0.92816
27460,0.91845
27461,0.91068
27462,0.90097
27463,0.8932
27464,0.8835
27465,0.87573
27466,0.86602
27467,0.85631
27468,0.84854
27469,0.83883
27470,0.82913
27471,0.82136
27472,0.81165
27473,0.80388
27474,0.79417
27475,0.78447
27476,0.7767
27477,0.76699
27478,0.75728
27479,0.74563
27480,0.73398
27481,0.72233
27482,0.70874
27483,0.69709
27484,0.6835
27485,0.6699
27486,0.65631
27487,0.64272
27488,0.62913
27489,0.61553
27490,0.60194
27491,0.59029
27492,0.57864
27493,0.56699
27494,0.55728
27495,0.54563
27496,0.53786
27497,0.52816
27498,0.51845
27499,0.50874
27500,0.49903
27501,0.48932
27502,0.47961
27503,0.46796
27504,0.45825
27505,0.44854
27506,0.43689
27507,0.42524
27508,0.41165
27509,0.39806
27510,0.38058
27511,0.36311
27512,0.34175
27513,0.32039
27514,0.2932
27515,0.26796
27516,0.24078
27517,0.21165
27518,0.18447
27519,0.15534
27520,0.12816
27521,0.10097
27522,0.073786
27523,0.048544
27524,0.023301
27525,0.0
27526,-0.023301
27527,-0.04466
27528,-0.066019
27529,-0.087379
27530,-0.10485
27531,-0.12233
27532,-0.13786
27533,-0.1534
27534,-0.16505
27535,-0.17476
27536,-0.18252
27537,-0.18835
27538,-0.19029
27539,-0.19223
27540,-0.19029
27541,-0.18835
27542,-0.18447
27543,-0.18058
27544,-0.17282
27545,-0.16699
27546,-0.15922
27547,-0.1534
27548,-0.14563
27549,-0.13981
27550,-0.13398
27551,-0.12816
27552,-0.12233
27553,-0.1165
27554,-0.11068
27555,-0.10485
27556,-0.099029
27557,-0.093204
27558,-0.087379
27559,-0.081553
27560,-0.075728
27561,-0.069903
27562,-0.064078
27563,-0.058252
27564,-0.050485
27565,-0.04466
27566,-0.038835
27567,-0.03301
27568,-0.027184
27569,-0.021359
27570,-0.017476
27571,-0.013592
27572,-0.0097087
27573,-0.007767
27574,-0.0038835
27575,-0.0019417
27576,0.0
27577,0.0019417
27578,0.0038835
27579,0.007767
27580,0.0097087
27581,0.013592
27582,0.017476
27583,0.021359
27584,0.027184
27585,0.031068
27586,0.036893
27587,0.040777
27588,0.046602
27589,0.050485
27590,0.054369
27591,0.058252
27592,0.060194
27593,0.064078
27594,0.066019
27595,0.069903
27596,0.073786
27597,0.075728
27598,0.07767
27599,0.079612
27600,0.07767
27601,0.07767
27602,0.071845
27603,0.064078
27604,0.054369
27605,0.042718
27606,0.027184
27607,0.01165
27608,-0.0058252
27609,-0.023301
27610,-0.042718
27611,-0.060194
27612,-0.079612
27613,-0.099029
27614,-0.1165
27615,-0.13398
27616,-0.15146
27617,-0.16699
27618,-0.18252
27619,-0.19612
27620,-0.20971
27621,-0.22136
27622,-0.23301
27623,-0.24272
27624,-0.25049
27625,-0.25825
27626,-0.26408
27627,-0.26796
27628,-0.2699
27629,-0.2699
27630,-0.26796
27631,-0.26408
27632,-0.25825
27633,-0.25243
27634,-0.24272
27635,-0.23301
27636,-0.2233
27637,-0.21359
27638,-0.20388
27639,-0.19612
27640,-0.19029
27641,-0.18252
27642,-0.17864
27643,-0.17282
27644,-0.16893
27645,-0.16505
27646,-0.15922
27647,-0.1534
27648,-0.14563
27649,-0.13786
27650,-0.12816
27651,-0.1165
27652,-0.10097
27653,-0.087379
27654,-0.067961
27655,-0.048544
27656,-0.027184
27657,-0.0038835
27658,0.025243
27659,0.052427
27660,0.083495
27661,0.11456
27662,0.15146
27663,0.18641
27664,0.22524
27665,0.26408
27666,0.30485
27667,0.34757
27668,0.39029
27669,0.43495
27670,0.47767
27671,0.52233
27672,0.56505
27673,0.60971
27674,0.65243
27675,0.69515
27676,0.73786
27677,0.78058
27678,0.82136
27679,0.86019
27680,0.89903
27681,0.93592
27682,0.97282
27683,1.0078
27684,1.0427
27685,1.0777
27686,1.1087
27687,1.1398
27688,1.1689
27689,1.1981
27690,1.2194
27691,1.2408
27692,1.2544
27693,1.2699
27694,1.2738
27695,1.2796
27696,1.2777
27697,1.2738
27698,1.268
27699,1.2602
27700,1.2505
27701,1.2388
27702,1.2272
27703,1.2155
27704,1.2019
27705,1.1883
27706,1.1767
27707,1.165
27708,1.1534
27709,1.1417
27710,1.1301
27711,1.1204
27712,1.1126
27713,1.1029
27714,1.0951
27715,1.0874
27716,1.0796
27717,1.0738
27718,1.068
27719,1.0602
27720,1.0544
27721,1.0485
27722,1.0466
27723,1.0427
27724,1.0408
27725,1.0388
27726,1.0388
27727,1.0388
27728,1.0388
27729,1.0388
27730,1.0369
27731,1.035
27732,1.0311
27733,1.0272
27734,1.0214
27735,1.0155
27736,1.0078
27737,1.0
27738,0.99029
27739,0.98252
27740,0.97282
27741,0.96311
27742,0.9534
27743,0.94563
27744,0.93592
27745,0.92816
27746,0.91845
27747,0.90874
27748,0.89903
27749,0.88932
27750,0.87961
27751,0.8699
27752,0.86214
27753,0.85243
27754,0.84272
27755,0.83301
27756,0.82524
27757,0.81553
27758,0.80583
27759,0.79612
27760,0.78447
27761,0.77476
27762,0.76311
27763,0.75146
27764,0.73981
27765,0.72621
27766,0.71262
27767,0.70097
27768,0.68738
27769,0.67573
27770,0.66408
27771,0.65243
27772,0.64078
27773,0.63107
27774,0.62136
27775,0.61165
27776,0.60194
27777,0.59223
27778,0.58252
27779,0.57087
27780,0.56117
27781,0.54951
27782,0.53786
27783,0.52621
27784,0.51262
27785,0.50097
27786,0.48544
27787,0.4699
27788,0.45049
27789,0.43107
27790,0.40777
27791,0.38447
27792,0.35728
27793,0.33204
27794,0.30291
27795,0.27573
27796,0.2466
27797,0.21942
27798,0.19029
27799,0.16311
27800,0.13592
27801,0.10874
27802,0.081553
27803,0.056311
27804,0.03301
27805,0.007767
27806,-0.013592
27807,-0.03301
27808,-0.052427
27809,-0.071845
27810,-0.087379
27811,-0.10097
27812,-0.11456
27813,-0.12621
27814,-0.13398
27815,-0.14175
27816,-0.14563
27817,-0.14757
27818,-0.14757
27819,-0.14563
27820,-0.14175
27821,-0.13786
27822,-0.13398
27823,-0.12816
27824,-0.12233
27825,-0.1165
27826,-0.11068
27827,-0.10485
27828,-0.10097
27829,-0.095146
27830,-0.091262
27831,-0.085437
27832,-0.079612
27833,-0.073786
27834,-0.069903
27835,-0.064078
27836,-0.058252
27837,-0.052427
27838,-0.046602
27839,-0.040777
27840,-0.034951
27841,-0.029126
27842,-0.023301
27843,-0.017476
27844,-0.013592
27845,-0.007767
27846,-0.0019417
27847,0.0019417
27848,0.0058252
27849,0.01165
27850,0.013592
27851,0.017476
27852,0.019417
27853,0.021359
27854,0.023301
27855,0.023301
27856,0.025243
27857,0.025243
27858,0.027184
27859,0.029126
27860,0.03301
27861,0.034951
27862,0.038835
27863,0.04466
27864,0.048544
27865,0.054369
27866,0.058252
27867,0.062136
27868,0.066019
27869,0.069903
27870,0.073786
27871,0.07767
27872,0.079612
27873,0.083495
27874,0.085437
27875,0.087379
27876,0.08932
27877,0.08932
27878,0.085437
27879,0.081553
27880,0.073786
27881,0.064078
27882,0.050485
27883,0.036893
27884,0.019417
27885,0.0019417
27886,-0.017476
27887,-0.036893
27888,-0.058252
27889,-0.07767
27890,-0.097087
27891,-0.11456
27892,-0.13204
27893,-0.14951
27894,-0.16505
27895,-0.18058
27896,-0.19612
27897,-0.20971
27898,-0.22136
27899,-0.23301
27900,-0.24466
27901,-0.25437
27902,-0.26019
27903,-0.26602
27904,-0.2699
27905,-0.27379
27906,-0.27379
27907,-0.27379
27908,-0.2699
27909,-0.26602
27910,-0.25825
27911,-0.25243
27912,-0.24078
27913,-0.23107
27914,-0.21942
27915,-0.20777
27916,-0.19612
27917,-0.18447
27918,-0.17476
27919,-0.16311
27920,-0.1534
27921,-0.14369
27922,-0.13398
27923,-0.12427
27924,-0.1165
27925,-0.1068
27926,-0.097087
27927,-0.087379
27928,-0.075728
27929,-0.066019
27930,-0.056311
27931,-0.046602
27932,-0.036893
27933,-0.029126
27934,-0.019417
27935,-0.01165
27936,-0.0019417
27937,0.0058252
27938,0.01165
27939,0.019417
27940,0.025243
27941,0.031068
27942,0.036893
27943,0.042718
27944,0.048544
27945,0.052427
27946,0.058252
27947,0.064078
27948,0.069903
27949,0.073786
27950,0.079612
27951,0.085437
27952,0.091262
27953,0.097087
27954,0.10291
27955,0.10874
27956,0.11456
27957,0.12233
27958,0.12621
27959,0.13204
27960,0.13592
27961,0.13981
27962,0.14369
27963,0.14757
27964,0.15146
27965,0.15728
27966,0.16117
27967,0.16505
27968,0.16505
27969,0.16699
27970,0.15922
27971,0.1534
27972,0.13786
27973,0.12427
27974,0.10291
27975,0.081553
27976,0.056311
27977,0.031068
27978,0.007767
27979,-0.015534
27980,-0.034951
27981,-0.054369
27982,-0.069903
27983,-0.083495
27984,-0.093204
27985,-0.10291
27986,-0.10485
27987,-0.1068
27988,-0.10291
27989,-0.099029
27990,-0.08932
27991,-0.079612
27992,-0.064078
27993,-0.046602
27994,-0.023301
27995,0.0
27996,0.029126
27997,0.058252
27998,0.093204
27999,0.12816
28000,0.16699
28001,0.20777
28002,0.25243
28003,0.29709
28004,0.34369
28005,0.39223
28006,0.44078
28007,0.48738
28008,0.53592
28009,0.58447
28010,0.62913
28011,0.67573
28012,0.72039
28013,0.76505
28014,0.80777
28015,0.85049
28016,0.89126
28017,0.93204
28018,0.96893
28019,1.0058
28020,1.0408
28021,1.0777
28022,1.1087
28023,1.1417
28024,1.1728
28025,1.2039
28026,1.2311
28027,1.2583
28028,1.2816
28029,1.3049
28030,1.3243
28031,1.3437
28032,1.3592
28033,1.3767
28034,1.3883
28035,1.4019
28036,1.4117
28037,1.4214
28038,1.4311
28039,1.4408
28040,1.4505
28041,1.4583
28042,1.468
28043,1.4757
28044,1.4854
28045,1.4932
28046,1.4932
28047,1.4932
28048,1.4932
28049,1.4932
28050,1.4932
28051,1.4932
28052,1.4932
28053,1.4932
28054,1.4932
28055,1.4932
28056,1.4932
28057,1.4932
28058,1.4932
28059,1.4932
28060,1.4932
28061,1.4932
28062,1.4932
28063,1.4932
28064,1.4718
28065,1.4505
28066,1.4233
28067,1.3981
28068,1.367
28069,1.3379
28070,1.3068
28071,1.2738
28072,1.2408
28073,1.2078
28074,1.1728
28075,1.1379
28076,1.1029
28077,1.066
28078,1.0311
28079,0.99417
28080,0.95922
28081,0.92427
28082,0.89126
28083,0.85825
28084,0.82718
28085,0.79612
28086,0.76893
28087,0.74175
28088,0.71845
28089,0.69709
28090,0.67767
28091,0.66019
28092,0.6466
28093,0.63107
28094,0.61942
28095,0.60777
28096,0.59806
28097,0.58835
28098,0.57864
28099,0.57087
28100,0.56117
28101,0.55146
28102,0.54175
28103,0.53204
28104,0.52039
28105,0.51068
28106,0.50097
28107,0.49126
28108,0.48155
28109,0.47184
28110,0.46408
28111,0.45631
28112,0.44854
28113,0.44078
28114,0.43495
28115,0.42718
28116,0.42136
28117,0.41359
28118,0.40777
28119,0.4
28120,0.39417
28121,0.38835
28122,0.38058
28123,0.37476
28124,0.36699
28125,0.35922
28126,0.3534
28127,0.34563
28128,0.33786
28129,0.3301
28130,0.32427
28131,0.3165
28132,0.31068
28133,0.30291
28134,0.29709
28135,0.29126
28136,0.2835
28137,0.27767
28138,0.27379
28139,0.2699
28140,0.26602
28141,0.26408
28142,0.26019
28143,0.25631
28144,0.25243
28145,0.24854
28146,0.24466
28147,0.24078
28148,0.23495
28149,0.23107
28150,0.22718
28151,0.22136
28152,0.21553
28153,0.20971
28154,0.2
28155,0.18835
28156,0.17282
28157,0.15922
28158,0.13981
28159,0.12039
28160,0.099029
28161,0.075728
28162,0.054369
28163,0.031068
28164,0.007767
28165,-0.015534
28166,-0.036893
28167,-0.060194
28168,-0.081553
28169,-0.10097
28170,-0.12039
28171,-0.13981
28172,-0.15728
28173,-0.17476
28174,-0.19029
28175,-0.20388
28176,-0.21748
28177,-0.22913
28178,-0.23883
28179,-0.24854
28180,-0.25437
28181,-0.26214
28182,-0.26408
28183,-0.26602
28184,-0.26408
28185,-0.26214
28186,-0.25631
28187,-0.25049
28188,-0.24272
28189,-0.23495
28190,-0.22524
28191,-0.21553
28192,-0.20583
28193,-0.19612
28194,-0.18641
28195,-0.1767
28196,-0.16893
28197,-0.15922
28198,-0.15146
28199,-0.14369
28200,-0.13592
28201,-0.12816
28202,-0.12039
28203,-0.11068
28204,-0.10291
28205,-0.093204
28206,-0.085437
28207,-0.075728
28208,-0.067961
28209,-0.060194
28210,-0.052427
28211,-0.04466
28212,-0.038835
28213,-0.031068
28214,-0.025243
28215,-0.019417
28216,-0.013592
28217,-0.0058252
28218,-0.0019417
28219,0.0019417
28220,0.0058252
28221,0.0097087
28222,0.013592
28223,0.015534
28224,0.019417
28225,0.023301
28226,0.027184
28227,0.031068
28228,0.036893
28229,0.042718
28230,0.048544
28231,0.054369
28232,0.060194
28233,0.067961
28234,0.071845
28235,0.07767
28236,0.081553
28237,0.085437
28238,0.08932
28239,0.093204
28240,0.097087
28241,0.10097
28242,0.10291
28243,0.1068
28244,0.10874
28245,0.10874
28246,0.10485
28247,0.10097
28248,0.091262
28249,0.083495
28250,0.067961
28251,0.054369
28252,0.036893
28253,0.019417
28254,0.0019417
28255,-0.017476
28256,-0.036893
28257,-0.056311
28258,-0.075728
28259,-0.093204
28260,-0.11262
28261,-0.13204
28262,-0.15146
28263,-0.16893
28264,-0.18835
28265,-0.20583
28266,-0.22136
28267,-0.23689
28268,-0.24854
28269,-0.26019
28270,-0.26408
28271,-0.2699
28272,-0.2699
28273,-0.26796
28274,-0.26019
28275,-0.25243
28276,-0.23883
28277,-0.2233
28278,-0.2
28279,-0.1767
28280,-0.14757
28281,-0.11845
28282,-0.083495
28283,-0.046602
28284,-0.007767
28285,0.03301
28286,0.073786
28287,0.1165
28288,0.16117
28289,0.20583
28290,0.25049
28291,0.29515
28292,0.34175
28293,0.38641
28294,0.43107
28295,0.47573
28296,0.52039
28297,0.56505
28298,0.60777
28299,0.65049
28300,0.6932
28301,0.73592
28302,0.7767
28303,0.81748
28304,0.85825
28305,0.89709
28306,0.93398
28307,0.97087
28308,1.0078
28309,1.0427
28310,1.0757
28311,1.1068
28312,1.1379
28313,1.167
28314,1.1961
28315,1.2233
28316,1.2485
28317,1.2738
28318,1.2951
28319,1.3184
28320,1.3379
28321,1.3553
28322,1.3709
28323,1.3845
28324,1.3961
28325,1.4078
28326,1.4175
28327,1.4272
28328,1.435
28329,1.4427
28330,1.4485
28331,1.4544
28332,1.4583
28333,1.4641
28334,1.4641
28335,1.4641
28336,1.4602
28337,1.4583
28338,1.4485
28339,1.4408
28340,1.4272
28341,1.4155
28342,1.3981
28343,1.3825
28344,1.3631
28345,1.3437
28346,1.3243
28347,1.3029
28348,1.2796
28349,1.2583
28350,1.233
28351,1.2097
28352,1.1845
28353,1.1592
28354,1.132
28355,1.1049
28356,1.0757
28357,1.0466
28358,1.0194
28359,0.99029
28360,0.96311
28361,0.93398
28362,0.90874
28363,0.8835
28364,0.85825
28365,0.83495
28366,0.81359
28367,0.79417
28368,0.7767
28369,0.75922
28370,0.74369
28371,0.7301
28372,0.7165
28373,0.70485
28374,0.6932
28375,0.6835
28376,0.67184
28377,0.66214
28378,0.65049
28379,0.64078
28380,0.63107
28381,0.62136
28382,0.61165
28383,0.60388
28384,0.59612
28385,0.58641
28386,0.57864
28387,0.57087
28388,0.56311
28389,0.5534
28390,0.54563
28391,0.53786
28392,0.52816
28393,0.52039
28394,0.51068
28395,0.50291
28396,0.4932
28397,0.4835
28398,0.47573
28399,0.46796
28400,0.45825
28401,0.45049
28402,0.44272
28403,0.43495
28404,0.42718
28405,0.41942
28406,0.40971
28407,0.40194
28408,0.39223
28409,0.38447
28410,0.3767
28411,0.36893
28412,0.36117
28413,0.35534
28414,0.34951
28415,0.34563
28416,0.33981
28417,0.33592
28418,0.33204
28419,0.32816
28420,0.32233
28421,0.31845
28422,0.31262
28423,0.30874
28424,0.30291
28425,0.29709
28426,0.29126
28427,0.28544
28428,0.27961
28429,0.27184
28430,0.26019
28431,0.25049
28432,0.23495
28433,0.21942
28434,0.2
28435,0.18058
28436,0.15728
28437,0.13398
28438,0.11068
28439,0.087379
28440,0.062136
28441,0.038835
28442,0.015534
28443,-0.007767
28444,-0.029126
28445,-0.050485
28446,-0.069903
28447,-0.08932
28448,-0.1068
28449,-0.12427
28450,-0.13981
28451,-0.15534
28452,-0.16893
28453,-0.18252
28454,-0.19223
28455,-0.20194
28456,-0.20971
28457,-0.21748
28458,-0.22136
28459,-0.22524
28460,-0.2233
28461,-0.2233
28462,-0.21942
28463,-0.21359
28464,-0.20777
28465,-0.2
28466,-0.19223
28467,-0.18447
28468,-0.17476
28469,-0.16505
28470,-0.15534
28471,-0.14757
28472,-0.13981
28473,-0.13204
28474,-0.12427
28475,-0.1165
28476,-0.10874
28477,-0.10097
28478,-0.093204
28479,-0.085437
28480,-0.07767
28481,-0.069903
28482,-0.064078
28483,-0.056311
28484,-0.050485
28485,-0.042718
28486,-0.036893
28487,-0.031068
28488,-0.025243
28489,-0.019417
28490,-0.013592
28491,-0.007767
28492,-0.0019417
28493,0.0019417
28494,0.007767
28495,0.013592
28496,0.017476
28497,0.023301
28498,0.027184
28499,0.031068
28500,0.034951
28501,0.038835
28502,0.042718
28503,0.046602
28504,0.050485
28505,0.054369
28506,0.060194
28507,0.066019
28508,0.071845
28509,0.07767
28510,0.081553
28511,0.087379
28512,0.091262
28513,0.095146
28514,0.099029
28515,0.10485
28516,0.10874
28517,0.11262
28518,0.1165
28519,0.11845
28520,0.12039
28521,0.12233
28522,0.11845
28523,0.11456
28524,0.10485
28525,0.097087
28526,0.081553
28527,0.067961
28528,0.050485
28529,0.03301
28530,0.013592
28531,-0.0058252
28532,-0.025243
28533,-0.042718
28534,-0.062136
28535,-0.079612
28536,-0.097087
28537,-0.11456
28538,-0.13204
28539,-0.14951
28540,-0.16505
28541,-0.18058
28542,-0.19223
28543,-0.20583
28544,-0.21748
28545,-0.22913
28546,-0.23689
28547,-0.2466
28548,-0.25437
28549,-0.26019
28550,-0.26602
28551,-0.2699
28552,-0.2699
28553,-0.27184
28554,-0.26796
28555,-0.26408
28556,-0.25631
28557,-0.24854
28558,-0.23495
28559,-0.2233
28560,-0.20777
28561,-0.19223
28562,-0.17282
28563,-0.15534
28564,-0.13204
28565,-0.11068
28566,-0.085437
28567,-0.058252
28568,-0.029126
28569,0.0019417
28570,0.034951
28571,0.067961
28572,0.10485
28573,0.14175
28574,0.18058
28575,0.22136
28576,0.26214
28577,0.30485
28578,0.34757
28579,0.39029
28580,0.43495
28581,0.47961
28582,0.52233
28583,0.56699
28584,0.60971
28585,0.65243
28586,0.6932
28587,0.73398
28588,0.77476
28589,0.81359
28590,0.85437
28591,0.8932
28592,0.93204
28593,0.97087
28594,1.0078
28595,1.0447
28596,1.0796
28597,1.1165
28598,1.1495
28599,1.1825
28600,1.2136
28601,1.2447
28602,1.2718
28603,1.301
28604,1.3243
28605,1.3476
28606,1.367
28607,1.3883
28608,1.4039
28609,1.4194
28610,1.4272
28611,1.4369
28612,1.4388
28613,1.4427
28614,1.4369
28615,1.433
28616,1.4252
28617,1.4155
28618,1.4039
28619,1.3903
28620,1.3767
28621,1.3631
28622,1.3495
28623,1.3359
28624,1.3204
28625,1.3068
28626,1.2913
28627,1.2757
28628,1.2602
28629,1.2447
28630,1.2272
28631,1.2097
28632,1.1922
28633,1.1748
28634,1.1553
28635,1.1379
28636,1.1184
28637,1.099
28638,1.0816
28639,1.0621
28640,1.0427
28641,1.0252
28642,1.0078
28643,0.99223
28644,0.9767
28645,0.96117
28646,0.94757
28647,0.93592
28648,0.92427
28649,0.91262
28650,0.90097
28651,0.88932
28652,0.87767
28653,0.86602
28654,0.85437
28655,0.84466
28656,0.83301
28657,0.8233
28658,0.81359
28659,0.80583
28660,0.79806
28661,0.79029
28662,0.78058
28663,0.77282
28664,0.76505
28665,0.75728
28666,0.74951
28667,0.73981
28668,0.73204
28669,0.72427
28670,0.71456
28671,0.7068
28672,0.69903
28673,0.68932
28674,0.67961
28675,0.67184
28676,0.66214
28677,0.65243
28678,0.64078
28679,0.63107
28680,0.61942
28681,0.60777
28682,0.59612
28683,0.58252
28684,0.57087
28685,0.55728
28686,0.54369
28687,0.53204
28688,0.52039
28689,0.50874
28690,0.49903
28691,0.48932
28692,0.48155
28693,0.47379
28694,0.46602
28695,0.46019
28696,0.45243
28697,0.4466
28698,0.43883
28699,0.43301
28700,0.42718
28701,0.42136
28702,0.41359
28703,0.40777
28704,0.4
28705,0.39223
28706,0.38058
28707,0.36893
28708,0.35534
28709,0.34175
28710,0.32039
28711,0.30097
28712,0.27767
28713,0.25243
28714,0.22718
28715,0.2
28716,0.17282
28717,0.14563
28718,0.11845
28719,0.093204
28720,0.067961
28721,0.042718
28722,0.021359
28723,-0.0019417
28724,-0.023301
28725,-0.04466
28726,-0.064078
28727,-0.083495
28728,-0.10097
28729,-0.11845
28730,-0.13398
28731,-0.14757
28732,-0.15922
28733,-0.16893
28734,-0.1767
28735,-0.18252
28736,-0.18641
28737,-0.19029
28738,-0.18835
28739,-0.18641
28740,-0.18252
28741,-0.1767
28742,-0.16893
28743,-0.16117
28744,-0.1534
28745,-0.14563
28746,-0.13786
28747,-0.1301
28748,-0.12233
28749,-0.11456
28750,-0.10874
28751,-0.10097
28752,-0.095146
28753,-0.087379
28754,-0.081553
28755,-0.073786
28756,-0.067961
28757,-0.060194
28758,-0.054369
28759,-0.046602
28760,-0.040777
28761,-0.034951
28762,-0.029126
28763,-0.023301
28764,-0.017476
28765,-0.01165
28766,-0.0058252
28767,0.0
28768,0.0038835
28769,0.0097087
28770,0.013592
28771,0.017476
28772,0.021359
28773,0.025243
28774,0.027184
28775,0.029126
28776,0.031068
28777,0.03301
28778,0.034951
28779,0.038835
28780,0.042718
28781,0.046602
28782,0.052427
28783,0.058252
28784,0.064078
28785,0.069903
28786,0.075728
28787,0.079612
28788,0.083495
28789,0.087379
28790,0.091262
28791,0.095146
28792,0.099029
28793,0.10291
28794,0.1068
28795,0.11068
28796,0.11262
28797,0.11456
28798,0.11262
28799,0.11262
28800,0.1068
28801,0.10097
28802,0.08932
28803,0.07767
28804,0.060194
28805,0.04466
28806,0.025243
28807,0.007767
28808,-0.01165
28809,-0.031068
28810,-0.050485
28811,-0.069903
28812,-0.08932
28813,-0.10874
28814,-0.12621
28815,-0.14369
28816,-0.15922
28817,-0.17476
28818,-0.18641
28819,-0.2
28820,-0.21165
28821,-0.22136
28822,-0.23107
28823,-0.23883
28824,-0.24272
28825,-0.24854
28826,-0.25049
28827,-0.25049
28828,-0.24854
28829,-0.2466
28830,-0.23883
28831,-0.23301
28832,-0.2233
28833,-0.21359
28834,-0.20194
28835,-0.19223
28836,-0.18058
28837,-0.16893
28838,-0.15922
28839,-0.14757
28840,-0.13981
28841,-0.1301
28842,-0.12233
28843,-0.11456
28844,-0.1068
28845,-0.10097
28846,-0.095146
28847,-0.091262
28848,-0.087379
28849,-0.083495
28850,-0.07767
28851,-0.071845
28852,-0.064078
28853,-0.056311
28854,-0.046602
28855,-0.034951
28856,-0.023301
28857,-0.0097087
28858,0.007767
28859,0.025243
28860,0.046602
28861,0.067961
28862,0.091262
28863,0.1165
28864,0.14369
28865,0.17087
28866,0.20194
28867,0.23301
28868,0.26602
28869,0.30097
28870,0.33786
28871,0.37476
28872,0.41553
28873,0.45631
28874,0.49709
28875,0.53786
28876,0.57864
28877,0.62136
28878,0.66214
28879,0.70291
28880,0.74175
28881,0.78252
28882,0.81942
28883,0.85825
28884,0.89515
28885,0.93204
28886,0.96505
28887,0.99806
28888,1.0272
28889,1.0563
28890,1.0757
28891,1.0951
28892,1.1049
28893,1.1165
28894,1.1223
28895,1.1282
28896,1.1282
28897,1.1301
28898,1.1282
28899,1.1262
28900,1.1223
28901,1.1184
28902,1.1107
28903,1.1049
28904,1.0951
28905,1.0874
28906,1.0777
28907,1.068
28908,1.0583
28909,1.0505
28910,1.0427
28911,1.035
28912,1.0291
28913,1.0233
28914,1.0175
28915,1.0136
28916,1.0117
28917,1.0097
28918,1.0117
28919,1.0117
28920,1.0155
28921,1.0194
28922,1.0272
28923,1.033
28924,1.0408
28925,1.0505
28926,1.0583
28927,1.066
28928,1.0718
28929,1.0796
28930,1.0835
28931,1.0893
28932,1.0913
28933,1.0951
28934,1.0971
28935,1.099
28936,1.101
28937,1.101
28938,1.099
28939,1.099
28940,1.0951
28941,1.0913
28942,1.0854
28943,1.0816
28944,1.0738
28945,1.066
28946,1.0583
28947,1.0485
28948,1.0388
28949,1.0291
28950,1.0175
28951,1.0078
28952,0.99612
28953,0.98447
28954,0.97087
28955,0.95728
28956,0.94369
28957,0.9301
28958,0.9165
28959,0.90291
28960,0.88738
28961,0.87379
28962,0.86019
28963,0.84854
28964,0.83495
28965,0.82136
28966,0.80971
28967,0.8
28968,0.78835
28969,0.77864
28970,0.76893
28971,0.75922
28972,0.74951
28973,0.73981
28974,0.72816
28975,0.7165
28976,0.70291
28977,0.68932
28978,0.67573
28979,0.66214
28980,0.6466
28981,0.63107
28982,0.61359
28983,0.59417
28984,0.57282
28985,0.55146
28986,0.52621
28987,0.50097
28988,0.47184
28989,0.44272
28990,0.41165
28991,0.38252
28992,0.35146
28993,0.32233
28994,0.29126
28995,0.26019
28996,0.22913
28997,0.2
28998,0.17087
28999,0.14175
29000,0.11456
29001,0.087379
29002,0.062136
29003,0.036893
29004,0.013592
29005,-0.007767
29006,-0.027184
29007,-0.04466
29008,-0.060194
29009,-0.073786
29010,-0.085437
29011,-0.095146
29012,-0.10291
29013,-0.10874
29014,-0.11068
29015,-0.11262
29016,-0.11262
29017,-0.11262
29018,-0.10874
29019,-0.1068
29020,-0.10291
29021,-0.099029
29022,-0.095146
29023,-0.091262
29024,-0.08932
29025,-0.085437
29026,-0.083495
29027,-0.079612
29028,-0.075728
29029,-0.071845
29030,-0.067961
29031,-0.064078
29032,-0.060194
29033,-0.056311
29034,-0.050485
29035,-0.046602
29036,-0.040777
29037,-0.034951
29038,-0.031068
29039,-0.025243
29040,-0.021359
29041,-0.015534
29042,-0.01165
29043,-0.007767
29044,-0.0038835
29045,0.0
29046,0.0038835
29047,0.0058252
29048,0.007767
29049,0.01165
29050,0.01165
29051,0.013592
29052,0.013592
29053,0.013592
29054,0.015534
29055,0.017476
29056,0.021359
29057,0.025243
29058,0.029126
29059,0.03301
29060,0.038835
29061,0.04466
29062,0.048544
29063,0.054369
29064,0.058252
29065,0.060194
29066,0.064078
29067,0.066019
29068,0.069903
29069,0.071845
29070,0.075728
29071,0.07767
29072,0.079612
29073,0.081553
29074,0.079612
29075,0.07767
29076,0.071845
29077,0.066019
29078,0.054369
29079,0.042718
29080,0.025243
29081,0.0097087
29082,-0.0097087
29083,-0.029126
29084,-0.048544
29085,-0.069903
29086,-0.08932
29087,-0.10874
29088,-0.12816
29089,-0.14563
29090,-0.16311
29091,-0.17864
29092,-0.19417
29093,-0.20777
29094,-0.22136
29095,-0.23301
29096,-0.24466
29097,-0.25437
29098,-0.26214
29099,-0.2699
29100,-0.27573
29101,-0.28155
29102,-0.2835
29103,-0.2835
29104,-0.28155
29105,-0.27961
29106,-0.27184
29107,-0.26602
29108,-0.25631
29109,-0.2466
29110,-0.23495
29111,-0.22524
29112,-0.21359
29113,-0.20388
29114,-0.19417
29115,-0.18252
29116,-0.17282
29117,-0.16311
29118,-0.1534
29119,-0.14369
29120,-0.13398
29121,-0.12427
29122,-0.11456
29123,-0.10485
29124,-0.095146
29125,-0.085437
29126,-0.075728
29127,-0.067961
29128,-0.060194
29129,-0.050485
29130,-0.042718
29131,-0.034951
29132,-0.029126
29133,-0.021359
29134,-0.013592
29135,-0.0058252
29136,0.0
29137,0.007767
29138,0.013592
29139,0.019417
29140,0.025243
29141,0.031068
29142,0.034951
29143,0.038835
29144,0.042718
29145,0.04466
29146,0.048544
29147,0.052427
29148,0.058252
29149,0.062136
29150,0.067961
29151,0.073786
29152,0.081553
29153,0.087379
29154,0.093204
29155,0.10097
29156,0.10485
29157,0.11068
29158,0.1165
29159,0.12039
29160,0.12233
29161,0.12621
29162,0.12816
29163,0.1301
29164,0.12816
29165,0.12816
29166,0.12039
29167,0.11262
29168,0.10097
29169,0.087379
29170,0.069903
29171,0.054369
29172,0.03301
29173,0.013592
29174,-0.0038835
29175,-0.021359
29176,-0.034951
29177,-0.048544
29178,-0.056311
29179,-0.064078
29180,-0.066019
29181,-0.067961
29182,-0.066019
29183,-0.062136
29184,-0.054369
29185,-0.046602
29186,-0.03301
29187,-0.019417
29188,-0.0019417
29189,0.017476
29190,0.038835
29191,0.062136
29192,0.08932
29193,0.1165
29194,0.14757
29195,0.18058
29196,0.21553
29197,0.25243
29198,0.2932
29199,0.33398
29200,0.3767
29201,0.42136
29202,0.46602
29203,0.51068
29204,0.55534
29205,0.6
29206,0.64272
29207,0.68544
29208,0.72816
29209,0.76893
29210,0.80777
29211,0.84466
29212,0.87961
29213,0.91456
29214,0.94563
29215,0.97864
29216,1.0058
29217,1.035
29218,1.0602
29219,1.0835
29220,1.1049
29221,1.1262
29222,1.1437
29223,1.1631
29224,1.1786
29225,1.1961
29226,1.2097
29227,1.2233
29228,1.2369
29229,1.2505
29230,1.2621
29231,1.2738
29232,1.2854
29233,1.2971
29234,1.3068
29235,1.3165
29236,1.3262
29237,1.3359
29238,1.3437
29239,1.3534
29240,1.3612
29241,1.3689
29242,1.3748
29243,1.3806
29244,1.3864
29245,1.3903
29246,1.3942
29247,1.3961
29248,1.3981
29249,1.3981
29250,1.3961
29251,1.3942
29252,1.3903
29253,1.3864
29254,1.3806
29255,1.3728
29256,1.3631
29257,1.3534
29258,1.3359
29259,1.3204
29260,1.2971
29261,1.2738
29262,1.2447
29263,1.2155
29264,1.1806
29265,1.1476
29266,1.1107
29267,1.0757
29268,1.0369
29269,1.0
29270,0.96117
29271,0.92427
29272,0.88738
29273,0.84854
29274,0.81165
29275,0.77476
29276,0.73981
29277,0.70291
29278,0.66796
29279,0.63495
29280,0.60194
29281,0.57087
29282,0.54369
29283,0.51456
29284,0.49126
29285,0.46602
29286,0.4466
29287,0.42524
29288,0.40777
29289,0.39029
29290,0.37864
29291,0.36505
29292,0.35534
29293,0.34563
29294,0.33592
29295,0.32816
29296,0.32039
29297,0.31262
29298,0.30291
29299,0.2932
29300,0.2835
29301,0.27379
29302,0.26602
29303,0.25631
29304,0.24854
29305,0.24078
29306,0.23495
29307,0.22718
29308,0.2233
29309,0.21748
29310,0.21359
29311,0.20971
29312,0.20388
29313,0.2
29314,0.19806
29315,0.19417
29316,0.19223
29317,0.19029
29318,0.18641
29319,0.18447
29320,0.18252
29321,0.17864
29322,0.17476
29323,0.17087
29324,0.16699
29325,0.16311
29326,0.15728
29327,0.1534
29328,0.14757
29329,0.14369
29330,0.13786
29331,0.13398
29332,0.1301
29333,0.12621
29334,0.12233
29335,0.12039
29336,0.11845
29337,0.11845
29338,0.1165
29339,0.1165
29340,0.1165
29341,0.1165
29342,0.1165
29343,0.11456
29344,0.11456
29345,0.11262
29346,0.11262
29347,0.11068
29348,0.10874
29349,0.10485
29350,0.099029
29351,0.093204
29352,0.083495
29353,0.073786
29354,0.060194
29355,0.04466
29356,0.027184
29357,0.007767
29358,-0.01165
29359,-0.031068
29360,-0.052427
29361,-0.073786
29362,-0.093204
29363,-0.11262
29364,-0.13204
29365,-0.14951
29366,-0.16699
29367,-0.18447
29368,-0.20194
29369,-0.21748
29370,-0.23107
29371,-0.24466
29372,-0.25631
29373,-0.26796
29374,-0.27767
29375,-0.28544
29376,-0.29126
29377,-0.29709
29378,-0.29903
29379,-0.30097
29380,-0.30097
29381,-0.29903
29382,-0.29126
29383,-0.28544
29384,-0.27573
29385,-0.26602
29386,-0.25437
29387,-0.24272
29388,-0.23301
29389,-0.22136
29390,-0.20971
29391,-0.2
29392,-0.19029
29393,-0.17864
29394,-0.16893
29395,-0.15922
29396,-0.15146
29397,-0.14175
29398,-0.13398
29399,-0.12427
29400,-0.1165
29401,-0.10874
29402,-0.10097
29403,-0.091262
29404,-0.085437
29405,-0.07767
29406,-0.069903
29407,-0.062136
29408,-0.056311
29409,-0.048544
29410,-0.040777
29411,-0.034951
29412,-0.029126
29413,-0.021359
29414,-0.017476
29415,-0.01165
29416,-0.007767
29417,-0.0019417
29418,0.0019417
29419,0.0058252
29420,0.007767
29421,0.01165
29422,0.013592
29423,0.017476
29424,0.023301
29425,0.027184
29426,0.03301
29427,0.040777
29428,0.046602
29429,0.054369
29430,0.060194
29431,0.066019
29432,0.071845
29433,0.075728
29434,0.079612
29435,0.083495
29436,0.087379
29437,0.091262
29438,0.093204
29439,0.095146
29440,0.095146
29441,0.095146
29442,0.08932
29443,0.083495
29444,0.073786
29445,0.062136
29446,0.04466
29447,0.029126
29448,0.007767
29449,-0.013592
29450,-0.031068
29451,-0.050485
29452,-0.067961
29453,-0.083495
29454,-0.095146
29455,-0.1068
29456,-0.1165
29457,-0.12427
29458,-0.12621
29459,-0.12816
29460,-0.12621
29461,-0.12427
29462,-0.1165
29463,-0.1068
29464,-0.093204
29465,-0.079612
29466,-0.060194
29467,-0.040777
29468,-0.015534
29469,0.007767
29470,0.038835
29471,0.067961
29472,0.10291
29473,0.13786
29474,0.1767
29475,0.21553
29476,0.25825
29477,0.30097
29478,0.34369
29479,0.38835
29480,0.43107
29481,0.47379
29482,0.5165
29483,0.55728
29484,0.59612
29485,0.63495
29486,0.67184
29487,0.7068
29488,0.73981
29489,0.77282
29490,0.8
29491,0.82913
29492,0.85437
29493,0.87961
29494,0.90291
29495,0.92621
29496,0.94757
29497,0.96893
29498,0.98835
29499,1.0078
29500,1.0252
29501,1.0447
29502,1.0602
29503,1.0757
29504,1.0913
29505,1.1068
29506,1.1223
29507,1.1359
29508,1.1495
29509,1.1631
29510,1.1748
29511,1.1864
29512,1.1961
29513,1.2078
29514,1.2175
29515,1.2272
29516,1.235
29517,1.2427
29518,1.2505
29519,1.2602
29520,1.266
29521,1.2738
29522,1.2796
29523,1.2854
29524,1.2874
29525,1.2893
29526,1.2893
29527,1.2893
29528,1.2874
29529,1.2854
29530,1.2816
29531,1.2757
29532,1.268
29533,1.2602
29534,1.2466
29535,1.2311
29536,1.2097
29537,1.1903
29538,1.1631
29539,1.1379
29540,1.1068
29541,1.0777
29542,1.0447
29543,1.0117
29544,0.9767
29545,0.94175
29546,0.9068
29547,0.87379
29548,0.83883
29549,0.80388
29550,0.77087
29551,0.73592
29552,0.70291
29553,0.66796
29554,0.63689
29555,0.60388
29556,0.57476
29557,0.54369
29558,0.5165
29559,0.48932
29560,0.46602
29561,0.44078
29562,0.42136
29563,0.40194
29564,0.38447
29565,0.36893
29566,0.35534
29567,0.34369
29568,0.33398
29569,0.32621
29570,0.3165
29571,0.30874
29572,0.30097
29573,0.2932
29574,0.28544
29575,0.27767
29576,0.2699
29577,0.26408
29578,0.25631
29579,0.24854
29580,0.24272
29581,0.23689
29582,0.23107
29583,0.22524
29584,0.21942
29585,0.21359
29586,0.20971
29587,0.20583
29588,0.2
29589,0.19612
29590,0.19223
29591,0.18835
29592,0.18447
29593,0.18058
29594,0.1767
29595,0.17282
29596,0.16893
29597,0.16505
29598,0.16117
29599,0.15728
29600,0.1534
29601,0.14951
29602,0.14369
29603,0.13981
29604,0.13398
29605,0.1301
29606,0.12621
29607,0.12233
29608,0.11845
29609,0.11456
29610,0.11456
29611,0.11262
29612,0.11262
29613,0.11262
29614,0.11262
29615,0.11262
29616,0.11262
29617,0.11262
29618,0.11262
29619,0.11262
29620,0.11262
29621,0.11262
29622,0.11262
29623,0.11262
29624,0.11068
29625,0.11068
29626,0.10485
29627,0.10097
29628,0.091262
29629,0.083495
29630,0.069903
29631,0.056311
29632,0.036893
29633,0.019417
29634,0.0
29635,-0.021359
29636,-0.042718
29637,-0.064078
29638,-0.083495
29639,-0.10291
29640,-0.12233
29641,-0.14175
29642,-0.15922
29643,-0.17864
29644,-0.19417
29645,-0.21165
29646,-0.22718
29647,-0.24078
29648,-0.25437
29649,-0.26602
29650,-0.27573
29651,-0.2835
29652,-0.28932
29653,-0.29515
29654,-0.29709
29655,-0.29903
29656,-0.29903
29657,-0.29709
29658,-0.29126
29659,-0.28544
29660,-0.27767
29661,-0.2699
29662,-0.25825
29663,-0.24854
29664,-0.23689
29665,-0.22718
29666,-0.21553
29667,-0.20583
29668,-0.19612
29669,-0.18641
29670,-0.17864
29671,-0.16893
29672,-0.16117
29673,-0.15146
29674,-0.14369
29675,-0.13398
29676,-0.12427
29677,-0.11456
29678,-0.1068
29679,-0.097087
29680,-0.08932
29681,-0.079612
29682,-0.071845
29683,-0.064078
29684,-0.056311
29685,-0.048544
29686,-0.042718
29687,-0.036893
29688,-0.031068
29689,-0.023301
29690,-0.019417
29691,-0.013592
29692,-0.0097087
29693,-0.0038835
29694,0.0
29695,0.0038835
29696,0.007767
29697,0.01165
29698,0.015534
29699,0.019417
29700,0.023301
29701,0.027184
29702,0.03301
29703,0.036893
29704,0.042718
29705,0.048544
29706,0.052427
29707,0.056311
29708,0.060194
29709,0.066019
29710,0.069903
29711,0.073786
29712,0.07767
29713,0.081553
29714,0.087379
29715,0.091262
29716,0.095146
29717,0.097087
29718,0.095146
29719,0.093204
29720,0.083495
29721,0.073786
29722,0.058252
29723,0.042718
29724,0.021359
29725,0.0
29726,-0.021359
29727,-0.042718
29728,-0.066019
29729,-0.087379
29730,-0.10485
29731,-0.12233
29732,-0.13592
29733,-0.14951
29734,-0.15728
29735,-0.16505
29736,-0.16699
29737,-0.16893
29738,-0.16311
29739,-0.15728
29740,-0.14563
29741,-0.13398
29742,-0.1165
29743,-0.097087
29744,-0.075728
29745,-0.052427
29746,-0.021359
29747,0.007767
29748,0.04466
29749,0.079612
29750,0.12039
29751,0.16117
29752,0.20583
29753,0.25243
29754,0.29903
29755,0.34563
29756,0.39223
29757,0.43883
29758,0.48544
29759,0.53204
29760,0.5767
29761,0.62136
29762,0.66214
29763,0.70485
29764,0.74369
29765,0.78447
29766,0.82136
29767,0.85825
29768,0.8932
29769,0.92816
29770,0.96117
29771,0.99223
29772,1.0233
29773,1.0544
29774,1.0816
29775,1.1107
29776,1.1359
29777,1.1631
29778,1.1845
29779,1.2078
29780,1.2252
29781,1.2447
29782,1.2602
29783,1.2777
29784,1.2913
29785,1.3049
29786,1.3165
29787,1.3282
29788,1.3379
29789,1.3495
29790,1.3592
29791,1.3689
29792,1.3786
29793,1.3883
29794,1.3961
29795,1.4058
29796,1.4155
29797,1.4233
29798,1.4311
29799,1.4388
29800,1.4447
29801,1.4524
29802,1.4563
29803,1.4602
29804,1.4641
29805,1.468
29806,1.466
29807,1.466
29808,1.4621
29809,1.4583
29810,1.4485
29811,1.4369
29812,1.4194
29813,1.4039
29814,1.3806
29815,1.3573
29816,1.3282
29817,1.299
29818,1.266
29819,1.235
29820,1.2
29821,1.165
29822,1.1282
29823,1.0932
29824,1.0544
29825,1.0155
29826,0.97864
29827,0.94175
29828,0.90485
29829,0.8699
29830,0.83495
29831,0.8
29832,0.76699
29833,0.73398
29834,0.70485
29835,0.67379
29836,0.64854
29837,0.62136
29838,0.6
29839,0.57864
29840,0.56117
29841,0.54369
29842,0.5301
29843,0.5165
29844,0.5068
29845,0.49515
29846,0.48544
29847,0.47573
29848,0.46602
29849,0.45631
29850,0.44466
29851,0.43495
29852,0.4233
29853,0.41359
29854,0.40388
29855,0.39417
29856,0.38447
29857,0.37476
29858,0.36699
29859,0.35922
29860,0.35146
29861,0.34369
29862,0.33786
29863,0.3301
29864,0.32427
29865,0.3165
29866,0.31068
29867,0.30485
29868,0.29709
29869,0.29126
29870,0.28544
29871,0.27961
29872,0.27379
29873,0.26796
29874,0.26214
29875,0.25631
29876,0.24854
29877,0.24272
29878,0.23495
29879,0.22718
29880,0.21942
29881,0.21165
29882,0.20388
29883,0.19612
29884,0.19029
29885,0.18447
29886,0.18058
29887,0.1767
29888,0.17476
29889,0.17087
29890,0.16893
29891,0.16505
29892,0.16311
29893,0.15922
29894,0.15728
29895,0.1534
29896,0.14951
29897,0.14563
29898,0.14175
29899,0.13981
29900,0.13592
29901,0.13204
29902,0.12427
29903,0.1165
29904,0.1068
29905,0.095146
29906,0.07767
29907,0.062136
29908,0.038835
29909,0.017476
29910,-0.0058252
29911,-0.027184
29912,-0.050485
29913,-0.071845
29914,-0.093204
29915,-0.11262
29916,-0.13204
29917,-0.15146
29918,-0.16893
29919,-0.18641
29920,-0.20194
29921,-0.21748
29922,-0.23107
29923,-0.24466
29924,-0.25631
29925,-0.26796
29926,-0.27767
29927,-0.28738
29928,-0.2932
29929,-0.29903
29930,-0.30291
29931,-0.30485
29932,-0.30291
29933,-0.30097
29934,-0.29709
29935,-0.29126
29936,-0.2835
29937,-0.27379
29938,-0.26408
29939,-0.25437
29940,-0.24272
29941,-0.23301
29942,-0.22136
29943,-0.21165
29944,-0.20194
29945,-0.19223
29946,-0.18447
29947,-0.17476
29948,-0.16699
29949,-0.15728
29950,-0.14951
29951,-0.14175
29952,-0.13204
29953,-0.12427
29954,-0.1165
29955,-0.1068
29956,-0.099029
29957,-0.091262
29958,-0.083495
29959,-0.075728
29960,-0.067961
29961,-0.062136
29962,-0.054369
29963,-0.048544
29964,-0.042718
29965,-0.034951
29966,-0.029126
29967,-0.023301
29968,-0.019417
29969,-0.013592
29970,-0.007767
29971,-0.0038835
29972,0.0
29973,0.0019417
29974,0.0058252
29975,0.007767
29976,0.01165
29977,0.015534
29978,0.019417
29979,0.023301
29980,0.029126
29981,0.034951
29982,0.040777
29983,0.046602
29984,0.052427
29985,0.058252
29986,0.064078
29987,0.069903
29988,0.073786
29989,0.079612
29990,0.083495
29991,0.08932
29992,0.095146
29993,0.099029
29994,0.10097
29995,0.10291
29996,0.099029
29997,0.097087
29998,0.087379
29999,0.075728
30000,0.060194
30001,0.04466
30002,0.025243
30003,0.0058252
30004,-0.013592
30005,-0.034951
30006,-0.054369
30007,-0.075728
30008,-0.095146
30009,-0.11456
30010,-0.13398
30011,-0.15146
30012,-0.16699
30013,-0.18447
30014,-0.19806
30015,-0.21359
30016,-0.22524
30017,-0.23883
30018,-0.24854
30019,-0.25825
30020,-0.26408
30021,-0.27184
30022,-0.27379
30023,-0.27573
30024,-0.27379
30025,-0.27379
30026,-0.2699
30027,-0.26602
30028,-0.26214
30029,-0.25631
30030,-0.25243
30031,-0.2466
30032,-0.24272
30033,-0.23689
30034,-0.22913
30035,-0.2233
30036,-0.21359
30037,-0.20583
30038,-0.19417
30039,-0.18252
30040,-0.16699
30041,-0.15146
30042,-0.13398
30043,-0.1165
30044,-0.095146
30045,-0.075728
30046,-0.048544
30047,-0.023301
30048,0.007767
30049,0.038835
30050,0.073786
30051,0.10874
30052,0.14757
30053,0.18641
30054,0.22913
30055,0.2699
30056,0.31262
30057,0.35534
30058,0.39806
30059,0.44272
30060,0.48544
30061,0.52816
30062,0.57087
30063,0.61359
30064,0.65437
30065,0.69709
30066,0.73786
30067,0.78058
30068,0.82136
30069,0.86214
30070,0.90291
30071,0.94369
30072,0.98447
30073,1.0252
30074,1.0621
30075,1.101
30076,1.1379
30077,1.1728
30078,1.2058
30079,1.2388
30080,1.268
30081,1.299
30082,1.3243
30083,1.3515
30084,1.3728
30085,1.3942
30086,1.4058
30087,1.4175
30088,1.4194
30089,1.4233
30090,1.4175
30091,1.4117
30092,1.3981
30093,1.3864
30094,1.3748
30095,1.3612
30096,1.3476
30097,1.3359
30098,1.3243
30099,1.3107
30100,1.299
30101,1.2893
30102,1.2777
30103,1.268
30104,1.2602
30105,1.2505
30106,1.2427
30107,1.233
30108,1.2252
30109,1.2175
30110,1.2097
30111,1.2039
30112,1.1961
30113,1.1903
30114,1.1845
30115,1.1786
30116,1.1728
30117,1.1689
30118,1.165
30119,1.1612
30120,1.1592
30121,1.1553
30122,1.1515
30123,1.1495
30124,1.1456
30125,1.1417
30126,1.1359
30127,1.1301
30128,1.1223
30129,1.1146
30130,1.1068
30131,1.0971
30132,1.0874
30133,1.0777
30134,1.068
30135,1.0583
30136,1.0505
30137,1.0408
30138,1.033
30139,1.0252
30140,1.0155
30141,1.0078
30142,1.0
30143,0.99223
30144,0.98252
30145,0.97476
30146,0.96505
30147,0.95534
30148,0.94563
30149,0.93592
30150,0.92427
30151,0.91262
30152,0.90097
30153,0.88738
30154,0.87379
30155,0.86214
30156,0.84854
30157,0.83495
30158,0.82136
30159,0.80777
30160,0.79417
30161,0.78058
30162,0.76699
30163,0.7534
30164,0.73981
30165,0.72816
30166,0.71456
30167,0.70291
30168,0.6932
30169,0.68155
30170,0.67184
30171,0.66019
30172,0.65049
30173,0.63883
30174,0.62913
30175,0.61942
30176,0.60777
30177,0.59806
30178,0.58641
30179,0.5767
30180,0.56311
30181,0.54951
30182,0.53204
30183,0.5165
30184,0.49515
30185,0.47379
30186,0.44854
30187,0.4233
30188,0.39612
30189,0.36893
30190,0.33981
30191,0.31262
30192,0.28544
30193,0.25631
30194,0.22913
30195,0.20194
30196,0.17476
30197,0.14757
30198,0.12039
30199,0.093204
30200,0.067961
30201,0.042718
30202,0.021359
30203,-0.0019417
30204,-0.021359
30205,-0.042718
30206,-0.058252
30207,-0.075728
30208,-0.08932
30209,-0.10291
30210,-0.11262
30211,-0.12233
30212,-0.12816
30213,-0.13204
30214,-0.13398
30215,-0.13398
30216,-0.13204
30217,-0.12816
30218,-0.12621
30219,-0.12233
30220,-0.1165
30221,-0.11262
30222,-0.10874
30223,-0.10485
30224,-0.10097
30225,-0.097087
30226,-0.093204
30227,-0.08932
30228,-0.085437
30229,-0.081553
30230,-0.07767
30231,-0.073786
30232,-0.069903
30233,-0.066019
30234,-0.062136
30235,-0.058252
30236,-0.054369
30237,-0.048544
30238,-0.04466
30239,-0.040777
30240,-0.038835
30241,-0.034951
30242,-0.031068
30243,-0.027184
30244,-0.025243
30245,-0.021359
30246,-0.017476
30247,-0.015534
30248,-0.013592
30249,-0.0097087
30250,-0.007767
30251,-0.0058252
30252,-0.0058252
30253,-0.0038835
30254,-0.0038835
30255,-0.0019417
30256,0.0019417
30257,0.0038835
30258,0.007767
30259,0.01165
30260,0.015534
30261,0.021359
30262,0.025243
30263,0.029126
30264,0.03301
30265,0.036893
30266,0.040777
30267,0.042718
30268,0.046602
30269,0.050485
30270,0.054369
30271,0.056311
30272,0.058252
30273,0.060194
30274,0.054369
30275,0.050485
30276,0.042718
30277,0.03301
30278,0.019417
30279,0.0058252
30280,-0.01165
30281,-0.029126
30282,-0.048544
30283,-0.066019
30284,-0.085437
30285,-0.10485
30286,-0.12233
30287,-0.13981
30288,-0.15728
30289,-0.17282
30290,-0.18641
30291,-0.20194
30292,-0.21359
30293,-0.22718
30294,-0.23689
30295,-0.24854
30296,-0.25825
30297,-0.26602
30298,-0.27184
30299,-0.27767
30300,-0.28155
30301,-0.2835
30302,-0.2835
30303,-0.28155
30304,-0.27767
30305,-0.27379
30306,-0.26602
30307,-0.25825
30308,-0.24854
30309,-0.23689
30310,-0.22718
30311,-0.21553
30312,-0.20388
30313,-0.19417
30314,-0.18447
30315,-0.17476
30316,-0.16505
30317,-0.15728
30318,-0.14951
30319,-0.14175
30320,-0.13398
30321,-0.12621
30322,-0.11845
30323,-0.11068
30324,-0.10097
30325,-0.093204
30326,-0.083495
30327,-0.073786
30328,-0.066019
30329,-0.056311
30330,-0.048544
30331,-0.038835
30332,-0.03301
30333,-0.025243
30334,-0.017476
30335,-0.01165
30336,-0.0058252
30337,0.0019417
30338,0.0058252
30339,0.0097087
30340,0.013592
30341,0.015534
30342,0.019417
30343,0.021359
30344,0.025243
30345,0.029126
30346,0.03301
30347,0.038835
30348,0.042718
30349,0.048544
30350,0.054369
30351,0.060194
30352,0.066019
30353,0.073786
30354,0.07767
30355,0.083495
30356,0.085437
30357,0.08932
30358,0.093204
30359,0.095146
30360,0.097087
30361,0.10097
30362,0.10097
30363,0.10291
30364,0.10097
30365,0.099029
30366,0.08932
30367,0.081553
30368,0.066019
30369,0.052427
30370,0.03301
30371,0.015534
30372,-0.0058252
30373,-0.027184
30374,-0.046602
30375,-0.064078
30376,-0.079612
30377,-0.093204
30378,-0.10485
30379,-0.11456
30380,-0.12039
30381,-0.12621
30382,-0.12427
30383,-0.12427
30384,-0.11845
30385,-0.11262
30386,-0.10291
30387,-0.091262
30388,-0.073786
30389,-0.058252
30390,-0.034951
30391,-0.01165
30392,0.017476
30393,0.046602
30394,0.081553
30395,0.1165
30396,0.15534
30397,0.19612
30398,0.23883
30399,0.28155
30400,0.32816
30401,0.37476
30402,0.42136
30403,0.46796
30404,0.51456
30405,0.56117
30406,0.60388
30407,0.64854
30408,0.69126
30409,0.73398
30410,0.77476
30411,0.81553
30412,0.85437
30413,0.8932
30414,0.9301
30415,0.96699
30416,1.0019
30417,1.035
30418,1.068
30419,1.099
30420,1.1301
30421,1.1592
30422,1.1864
30423,1.2155
30424,1.2388
30425,1.2641
30426,1.2835
30427,1.3029
30428,1.3204
30429,1.3359
30430,1.3495
30431,1.3631
30432,1.3728
30433,1.3845
30434,1.3942
30435,1.4039
30436,1.4136
30437,1.4252
30438,1.435
30439,1.4447
30440,1.4544
30441,1.4641
30442,1.4738
30443,1.4835
30444,1.4874
30445,1.4932
30446,1.4932
30447,1.4932
30448,1.4932
30449,1.4932
30450,1.4932
30451,1.4932
30452,1.4932
30453,1.4932
30454,1.4932
30455,1.4932
30456,1.4932
30457,1.4932
30458,1.4932
30459,1.4932
30460,1.4816
30461,1.4718
30462,1.4447
30463,1.4175
30464,1.3883
30465,1.3573
30466,1.3243
30467,1.2913
30468,1.2544
30469,1.2194
30470,1.1845
30471,1.1476
30472,1.1107
30473,1.0738
30474,1.0369
30475,1.0
30476,0.96311
30477,0.92816
30478,0.8932
30479,0.85825
30480,0.82718
30481,0.79417
30482,0.76699
30483,0.73786
30484,0.71456
30485,0.68932
30486,0.6699
30487,0.65049
30488,0.63495
30489,0.61748
30490,0.60583
30491,0.59417
30492,0.58252
30493,0.57282
30494,0.56311
30495,0.5534
30496,0.54369
30497,0.53398
30498,0.52233
30499,0.51262
30500,0.50097
30501,0.49126
30502,0.48155
30503,0.47184
30504,0.46408
30505,0.45631
30506,0.4466
30507,0.43883
30508,0.43107
30509,0.4233
30510,0.41553
30511,0.40777
30512,0.4
30513,0.39223
30514,0.38641
30515,0.38058
30516,0.37476
30517,0.36893
30518,0.36117
30519,0.35534
30520,0.34951
30521,0.34369
30522,0.33592
30523,0.3301
30524,0.32233
30525,0.31456
30526,0.3068
30527,0.30097
30528,0.2932
30529,0.28544
30530,0.27767
30531,0.27184
30532,0.26408
30533,0.25825
30534,0.25243
30535,0.24854
30536,0.24272
30537,0.23883
30538,0.23495
30539,0.23107
30540,0.22718
30541,0.22524
30542,0.22136
30543,0.21748
30544,0.21359
30545,0.21165
30546,0.20583
30547,0.20194
30548,0.19612
30549,0.19029
30550,0.18058
30551,0.16893
30552,0.15534
30553,0.13981
30554,0.12233
30555,0.10291
30556,0.081553
30557,0.060194
30558,0.038835
30559,0.015534
30560,-0.0058252
30561,-0.029126
30562,-0.050485
30563,-0.071845
30564,-0.091262
30565,-0.11068
30566,-0.12816
30567,-0.14563
30568,-0.16311
30569,-0.17864
30570,-0.19223
30571,-0.20777
30572,-0.21942
30573,-0.23301
30574,-0.24272
30575,-0.25243
30576,-0.25825
30577,-0.26408
30578,-0.26602
30579,-0.26796
30580,-0.26602
30581,-0.26408
30582,-0.26019
30583,-0.25437
30584,-0.2466
30585,-0.23883
30586,-0.23107
30587,-0.2233
30588,-0.21359
30589,-0.20583
30590,-0.19612
30591,-0.18835
30592,-0.18058
30593,-0.17282
30594,-0.16505
30595,-0.15534
30596,-0.14757
30597,-0.13981
30598,-0.13204
30599,-0.12233
30600,-0.11456
30601,-0.1068
30602,-0.097087
30603,-0.08932
30604,-0.079612
30605,-0.071845
30606,-0.064078
30607,-0.054369
30608,-0.048544
30609,-0.040777
30610,-0.03301
30611,-0.027184
30612,-0.019417
30613,-0.013592
30614,-0.007767
30615,-0.0038835
30616,0.0019417
30617,0.0058252
30618,0.0097087
30619,0.01165
30620,0.013592
30621,0.015534
30622,0.019417
30623,0.021359
30624,0.025243
30625,0.029126
30626,0.03301
30627,0.038835
30628,0.042718
30629,0.046602
30630,0.050485
30631,0.054369
30632,0.058252
30633,0.062136
30634,0.064078
30635,0.067961
30636,0.069903
30637,0.073786
30638,0.075728
30639,0.07767
30640,0.07767
30641,0.079612
30642,0.073786
30643,0.069903
30644,0.060194
30645,0.050485
30646,0.036893
30647,0.023301
30648,0.007767
30649,-0.0097087
30650,-0.029126
30651,-0.046602
30652,-0.066019
30653,-0.085437
30654,-0.10485
30655,-0.12427
30656,-0.14175
30657,-0.15922
30658,-0.17476
30659,-0.19223
30660,-0.20777
30661,-0.22136
30662,-0.23495
30663,-0.2466
30664,-0.25631
30665,-0.26602
30666,-0.27379
30667,-0.27961
30668,-0.2835
30669,-0.28544
30670,-0.2835
30671,-0.28155
30672,-0.27767
30673,-0.27184
30674,-0.26214
30675,-0.25437
30676,-0.24466
30677,-0.23301
30678,-0.22524
30679,-0.21553
30680,-0.20971
30681,-0.20194
30682,-0.19612
30683,-0.18835
30684,-0.18447
30685,-0.17864
30686,-0.17087
30687,-0.16505
30688,-0.15534
30689,-0.14757
30690,-0.13786
30691,-0.12816
30692,-0.11456
30693,-0.10291
30694,-0.085437
30695,-0.067961
30696,-0.046602
30697,-0.025243
30698,0.0
30699,0.027184
30700,0.056311
30701,0.087379
30702,0.12427
30703,0.15922
30704,0.2
30705,0.23883
30706,0.28155
30707,0.32427
30708,0.36893
30709,0.41359
30710,0.45825
30711,0.50291
30712,0.54951
30713,0.59417
30714,0.63883
30715,0.6835
30716,0.72621
30717,0.77087
30718,0.81359
30719,0.85631
30720,0.89903
30721,0.94175
30722,0.98252
30723,1.0233
30724,1.0621
30725,1.101
30726,1.1379
30727,1.1728
30728,1.2078
30729,1.2408
30730,1.2718
30731,1.301
30732,1.3282
30733,1.3534
30734,1.3689
30735,1.3845
30736,1.3903
30737,1.3981
30738,1.3961
30739,1.3942
30740,1.3845
30741,1.3767
30742,1.3631
30743,1.3515
30744,1.3359
30745,1.3223
30746,1.3068
30747,1.2932
30748,1.2777
30749,1.2641
30750,1.2524
30751,1.2427
30752,1.233
30753,1.2233
30754,1.2155
30755,1.2078
30756,1.2
30757,1.1922
30758,1.1864
30759,1.1806
30760,1.1767
30761,1.1728
30762,1.1728
30763,1.1709
30764,1.1728
30765,1.1748
30766,1.1767
30767,1.1806
30768,1.1845
30769,1.1883
30770,1.1903
30771,1.1942
30772,1.1942
30773,1.1961
30774,1.1922
30775,1.1903
30776,1.1845
30777,1.1806
30778,1.1728
30779,1.167
30780,1.1573
30781,1.1495
30782,1.1417
30783,1.132
30784,1.1223
30785,1.1126
30786,1.101
30787,1.0913
30788,1.0796
30789,1.068
30790,1.0563
30791,1.0447
30792,1.0311
30793,1.0194
30794,1.0078
30795,0.99612
30796,0.98252
30797,0.96893
30798,0.95728
30799,0.94369
30800,0.9301
30801,0.9165
30802,0.90291
30803,0.88738
30804,0.87379
30805,0.85825
30806,0.84466
30807,0.83107
30808,0.81748
30809,0.80388
30810,0.79223
30811,0.77864
30812,0.76699
30813,0.7534
30814,0.74175
30815,0.7301
30816,0.72039
30817,0.70874
30818,0.69515
30819,0.6835
30820,0.6699
30821,0.65825
30822,0.64272
30823,0.62913
30824,0.61553
30825,0.60194
30826,0.58641
30827,0.57087
30828,0.5534
30829,0.53786
30830,0.5165
30831,0.49709
30832,0.47184
30833,0.44854
30834,0.42136
30835,0.39417
30836,0.36505
30837,0.33592
30838,0.3068
30839,0.27767
30840,0.24854
30841,0.21942
30842,0.19029
30843,0.16311
30844,0.13592
30845,0.10874
30846,0.083495
30847,0.058252
30848,0.03301
30849,0.007767
30850,-0.013592
30851,-0.034951
30852,-0.054369
30853,-0.071845
30854,-0.085437
30855,-0.099029
30856,-0.10874
30857,-0.11845
30858,-0.12233
30859,-0.12621
30860,-0.12621
30861,-0.12621
30862,-0.12233
30863,-0.12039
30864,-0.1165
30865,-0.11068
30866,-0.1068
30867,-0.10097
30868,-0.097087
30869,-0.093204
30870,-0.08932
30871,-0.083495
30872,-0.079612
30873,-0.075728
30874,-0.071845
30875,-0.067961
30876,-0.064078
30877,-0.058252
30878,-0.054369
30879,-0.050485
30880,-0.046602
30881,-0.042718
30882,-0.038835
30883,-0.034951
30884,-0.03301
30885,-0.029126
30886,-0.025243
30887,-0.021359
30888,-0.017476
30889,-0.013592
30890,-0.01165
30891,-0.007767
30892,-0.0058252
30893,-0.0038835
30894,-0.0019417
30895,0.0
30896,0.0019417
30897,0.0038835
30898,0.0058252
30899,0.007767
30900,0.0097087
30901,0.013592
30902,0.015534
30903,0.017476
30904,0.021359
30905,0.023301
30906,0.027184
30907,0.031068
30908,0.034951
30909,0.038835
30910,0.042718
30911,0.046602
30912,0.048544
30913,0.052427
30914,0.054369
30915,0.058252
30916,0.060194
30917,0.064078
30918,0.066019
30919,0.066019
30920,0.066019
30921,0.064078
30922,0.058252
30923,0.052427
30924,0.040777
30925,0.029126
30926,0.013592
30927,-0.0019417
30928,-0.019417
30929,-0.038835
30930,-0.058252
30931,-0.07767
30932,-0.097087
30933,-0.1165
30934,-0.13592
30935,-0.1534
30936,-0.17282
30937,-0.19029
30938,-0.20583
30939,-0.22136
30940,-0.23689
30941,-0.25243
30942,-0.26408
30943,-0.27767
30944,-0.28738
30945,-0.29709
30946,-0.30291
30947,-0.30874
30948,-0.31262
30949,-0.31456
30950,-0.31262
30951,-0.31068
30952,-0.30485
30953,-0.29903
30954,-0.29126
30955,-0.28155
30956,-0.2699
30957,-0.25825
30958,-0.24854
30959,-0.23689
30960,-0.22524
30961,-0.21553
30962,-0.20388
30963,-0.19417
30964,-0.18447
30965,-0.17282
30966,-0.16311
30967,-0.1534
30968,-0.14369
30969,-0.13398
30970,-0.12621
30971,-0.1165
30972,-0.10874
30973,-0.10097
30974,-0.093204
30975,-0.085437
30976,-0.07767
30977,-0.069903
30978,-0.062136
30979,-0.054369
30980,-0.048544
30981,-0.042718
30982,-0.036893
30983,-0.031068
30984,-0.025243
30985,-0.021359
30986,-0.017476
30987,-0.01165
30988,-0.0097087
30989,-0.0058252
30990,-0.0019417
30991,0.0019417
30992,0.0038835
30993,0.0058252
30994,0.007767
30995,0.0097087
30996,0.0097087
30997,0.01165
30998,0.01165
30999,0.013592
31000,0.013592
31001,0.015534
31002,0.015534
31003,0.017476
31004,0.021359
31005,0.023301
31006,0.031068
31007,0.036893
31008,0.046602
31009,0.056311
31010,0.069903
31011,0.083495
31012,0.099029
31013,0.1165
31014,0.13204
31015,0.14951
31016,0.16699
31017,0.18252
31018,0.2
31019,0.21748
31020,0.23301
31021,0.25049
31022,0.2699
31023,0.28738
31024,0.3068
31025,0.32621
31026,0.34757
31027,0.36699
31028,0.38835
31029,0.40777
31030,0.43107
31031,0.45243
31032,0.47767
31033,0.50097
31034,0.52621
31035,0.55146
31036,0.5767
31037,0.60194
31038,0.63107
31039,0.65825
31040,0.68932
31041,0.71845
31042,0.75146
31043,0.78447
31044,0.81942
31045,0.85437
31046,0.88932
31047,0.92621
31048,0.96117
31049,0.99612
31050,1.0291
31051,1.0621
31052,1.0913
31053,1.1223
31054,1.1456
31055,1.1709
31056,1.1903
31057,1.2117
31058,1.2291
31059,1.2466
31060,1.2641
31061,1.2816
31062,1.2971
31063,1.3146
31064,1.3301
31065,1.3476
31066,1.3631
31067,1.3786
31068,1.3942
31069,1.4097
31070,1.4233
31071,1.4369
31072,1.4505
31073,1.4641
31074,1.4757
31075,1.4874
31076,1.4913
31077,1.4932
31078,1.4932
31079,1.4932
31080,1.4932
31081,1.4932
31082,1.4932
31083,1.4932
31084,1.4932
31085,1.4932
31086,1.4932
31087,1.4932
31088,1.4932
31089,1.4932
31090,1.4932
31091,1.4932
31092,1.4913
31093,1.4893
31094,1.4777
31095,1.466
31096,1.4505
31097,1.435
31098,1.4175
31099,1.4
31100,1.3825
31101,1.365
31102,1.3456
31103,1.3262
31104,1.3049
31105,1.2835
31106,1.2583
31107,1.233
31108,1.2039
31109,1.1748
31110,1.1437
31111,1.1107
31112,1.0777
31113,1.0447
31114,1.0097
31115,0.97476
31116,0.93981
31117,0.90485
31118,0.86796
31119,0.83301
31120,0.79806
31121,0.76505
31122,0.7301
31123,0.69515
31124,0.66019
31125,0.62718
31126,0.59417
31127,0.56117
31128,0.5301
31129,0.49903
31130,0.4699
31131,0.44272
31132,0.41748
31133,0.39417
31134,0.37476
31135,0.35534
31136,0.33981
31137,0.32621
31138,0.31456
31139,0.30485
31140,0.29515
31141,0.28738
31142,0.28155
31143,0.27573
31144,0.2699
31145,0.26408
31146,0.25825
31147,0.25243
31148,0.2466
31149,0.24078
31150,0.23495
31151,0.23107
31152,0.22524
31153,0.22136
31154,0.21748
31155,0.21359
31156,0.20971
31157,0.20583
31158,0.2
31159,0.19612
31160,0.19029
31161,0.18447
31162,0.18058
31163,0.17476
31164,0.17087
31165,0.16699
31166,0.16117
31167,0.15728
31168,0.1534
31169,0.14757
31170,0.14369
31171,0.13786
31172,0.13398
31173,0.12816
31174,0.12427
31175,0.11845
31176,0.11456
31177,0.10874
31178,0.10485
31179,0.10097
31180,0.097087
31181,0.095146
31182,0.093204
31183,0.093204
31184,0.095146
31185,0.095146
31186,0.095146
31187,0.095146
31188,0.095146
31189,0.095146
31190,0.095146
31191,0.093204
31192,0.093204
31193,0.093204
31194,0.091262
31195,0.091262
31196,0.087379
31197,0.085437
31198,0.07767
31199,0.071845
31200,0.060194
31201,0.048544
31202,0.03301
31203,0.017476
31204,-0.0019417
31205,-0.021359
31206,-0.042718
31207,-0.064078
31208,-0.085437
31209,-0.1068
31210,-0.12621
31211,-0.14563
31212,-0.16311
31213,-0.17864
31214,-0.19612
31215,-0.21359
31216,-0.22913
31217,-0.2466
31218,-0.26019
31219,-0.27379
31220,-0.28544
31221,-0.29709
31222,-0.30291
31223,-0.31068
31224,-0.31456
31225,-0.31845
31226,-0.31845
31227,-0.3165
31228,-0.31068
31229,-0.30485
31230,-0.29709
31231,-0.28738
31232,-0.27573
31233,-0.26408
31234,-0.25243
31235,-0.24078
31236,-0.23107
31237,-0.21942
31238,-0.20971
31239,-0.2
31240,-0.19223
31241,-0.18252
31242,-0.17476
31243,-0.16505
31244,-0.15534
31245,-0.14563
31246,-0.13592
31247,-0.12621
31248,-0.1165
31249,-0.1068
31250,-0.097087
31251,-0.087379
31252,-0.07767
31253,-0.069903
31254,-0.062136
31255,-0.052427
31256,-0.046602
31257,-0.038835
31258,-0.03301
31259,-0.027184
31260,-0.023301
31261,-0.019417
31262,-0.017476
31263,-0.013592
31264,-0.01165
31265,-0.007767
31266,-0.0058252
31267,-0.0019417
31268,0.0019417
31269,0.0058252
31270,0.0097087
31271,0.013592
31272,0.019417
31273,0.023301
31274,0.029126
31275,0.034951
31276,0.040777
31277,0.046602
31278,0.050485
31279,0.056311
31280,0.058252
31281,0.062136
31282,0.066019
31283,0.067961
31284,0.071845
31285,0.073786
31286,0.075728
31287,0.07767
31288,0.079612
31289,0.079612
31290,0.07767
31291,0.073786
31292,0.066019
31293,0.058252
31294,0.04466
31295,0.03301
31296,0.015534
31297,-0.0019417
31298,-0.021359
31299,-0.040777
31300,-0.060194
31301,-0.081553
31302,-0.10097
31303,-0.12233
31304,-0.14369
31305,-0.16311
31306,-0.18252
31307,-0.20194
31308,-0.21942
31309,-0.23689
31310,-0.25049
31311,-0.26408
31312,-0.27573
31313,-0.28544
31314,-0.28932
31315,-0.2932
31316,-0.29126
31317,-0.28932
31318,-0.27961
31319,-0.26796
31320,-0.25049
31321,-0.23301
31322,-0.20777
31323,-0.18058
31324,-0.14563
31325,-0.11262
31326,-0.071845
31327,-0.029126
31328,0.015534
31329,0.062136
31330,0.11068
31331,0.16117
31332,0.20971
31333,0.26019
31334,0.30874
31335,0.35922
31336,0.40583
31337,0.45437
31338,0.49903
31339,0.54563
31340,0.59223
31341,0.63883
31342,0.6835
31343,0.7301
31344,0.77476
31345,0.81942
31346,0.86408
31347,0.90874
31348,0.9534
31349,0.99806
31350,1.0388
31351,1.0796
31352,1.1204
31353,1.1592
31354,1.1961
31355,1.233
31356,1.2699
31357,1.3049
31358,1.3359
31359,1.3689
31360,1.3961
31361,1.4233
31362,1.4466
31363,1.4699
31364,1.4816
31365,1.4932
31366,1.4932
31367,1.4932
31368,1.4932
31369,1.4932
31370,1.4932
31371,1.4932
31372,1.4932
31373,1.4932
31374,1.4932
31375,1.4932
31376,1.4932
31377,1.4932
31378,1.4932
31379,1.4932
31380,1.4932
31381,1.4932
31382,1.4932
31383,1.4932
31384,1.4932
31385,1.4932
31386,1.4932
31387,1.4932
31388,1.4854
31389,1.4757
31390,1.4563
31391,1.4369
31392,1.4155
31393,1.3922
31394,1.3689
31395,1.3437
31396,1.3184
31397,1.2913
31398,1.2641
31399,1.235
31400,1.2058
31401,1.1767
31402,1.1456
31403,1.1146
31404,1.0835
31405,1.0524
31406,1.0233
31407,0.99417
31408,0.96505
31409,0.93786
31410,0.91262
31411,0.88932
31412,0.86796
31413,0.8466
31414,0.82913
31415,0.81359
31416,0.8
31417,0.78641
31418,0.77476
31419,0.76117
31420,0.74951
31421,0.73981
31422,0.72816
31423,0.7165
31424,0.70485
31425,0.69515
31426,0.68544
31427,0.67573
31428,0.66602
31429,0.65825
31430,0.65049
31431,0.64272
31432,0.63301
31433,0.62524
31434,0.61553
31435,0.60777
31436,0.59806
31437,0.58835
31438,0.57864
31439,0.56893
31440,0.55922
31441,0.54951
31442,0.53786
31443,0.52816
31444,0.51845
31445,0.5068
31446,0.49709
31447,0.48544
31448,0.47573
31449,0.46602
31450,0.45437
31451,0.44466
31452,0.43495
31453,0.42718
31454,0.41748
31455,0.40777
31456,0.4
31457,0.39029
31458,0.38252
31459,0.3767
31460,0.37087
31461,0.36505
31462,0.35922
31463,0.35534
31464,0.34951
31465,0.34563
31466,0.33981
31467,0.33398
31468,0.32816
31469,0.32233
31470,0.3165
31471,0.31068
31472,0.30291
31473,0.29515
31474,0.28544
31475,0.27767
31476,0.26408
31477,0.25243
31478,0.23495
31479,0.21748
31480,0.19612
31481,0.17282
31482,0.14951
31483,0.12621
31484,0.10097
31485,0.075728
31486,0.050485
31487,0.027184
31488,0.0019417
31489,-0.021359
31490,-0.042718
31491,-0.064078
31492,-0.085437
31493,-0.10485
31494,-0.12427
31495,-0.14175
31496,-0.15728
31497,-0.17476
31498,-0.18641
31499,-0.2
31500,-0.20971
31501,-0.22136
31502,-0.22718
31503,-0.23301
31504,-0.23495
31505,-0.23689
31506,-0.23689
31507,-0.23495
31508,-0.23107
31509,-0.22718
31510,-0.21942
31511,-0.21165
31512,-0.20388
31513,-0.19417
31514,-0.18641
31515,-0.17864
31516,-0.17282
31517,-0.16505
31518,-0.15922
31519,-0.15146
31520,-0.14563
31521,-0.13786
31522,-0.13204
31523,-0.12427
31524,-0.1165
31525,-0.11068
31526,-0.10291
31527,-0.093204
31528,-0.085437
31529,-0.07767
31530,-0.067961
31531,-0.060194
31532,-0.050485
31533,-0.040777
31534,-0.034951
31535,-0.027184
31536,-0.021359
31537,-0.013592
31538,-0.0097087
31539,-0.0038835
31540,0.0
31541,0.0058252
31542,0.0097087
31543,0.013592
31544,0.017476
31545,0.021359
31546,0.025243
31547,0.029126
31548,0.03301
31549,0.036893
31550,0.042718
31551,0.046602
31552,0.052427
31553,0.058252
31554,0.062136
31555,0.067961
31556,0.073786
31557,0.07767
31558,0.081553
31559,0.085437
31560,0.08932
31561,0.091262
31562,0.095146
31563,0.099029
31564,0.10097
31565,0.10485
31566,0.1068
31567,0.1068
31568,0.1068
31569,0.1068
31570,0.099029
31571,0.093204
31572,0.079612
31573,0.067961
31574,0.050485
31575,0.034951
31576,0.015534
31577,-0.0038835
31578,-0.023301
31579,-0.040777
31580,-0.060194
31581,-0.07767
31582,-0.095146
31583,-0.11262
31584,-0.1301
31585,-0.14757
31586,-0.16311
31587,-0.1767
31588,-0.19029
31589,-0.20388
31590,-0.21359
31591,-0.2233
31592,-0.23107
31593,-0.23883
31594,-0.24272
31595,-0.24854
31596,-0.24854
31597,-0.25049
31598,-0.2466
31599,-0.24466
31600,-0.23689
31601,-0.22913
31602,-0.21942
31603,-0.20971
31604,-0.19806
31605,-0.18641
31606,-0.1767
31607,-0.16505
31608,-0.1534
31609,-0.14175
31610,-0.13204
31611,-0.12233
31612,-0.11262
31613,-0.10485
31614,-0.095146
31615,-0.087379
31616,-0.07767
31617,-0.069903
31618,-0.062136
31619,-0.052427
31620,-0.04466
31621,-0.036893
31622,-0.03301
31623,-0.027184
31624,-0.023301
31625,-0.019417
31626,-0.017476
31627,-0.013592
31628,-0.01165
31629,-0.0097087
31630,-0.0058252
31631,-0.0019417
31632,0.0038835
31633,0.0097087
31634,0.017476
31635,0.025243
31636,0.034951
31637,0.046602
31638,0.062136
31639,0.07767
31640,0.099029
31641,0.12039
31642,0.14757
31643,0.1767
31644,0.21165
31645,0.2466
31646,0.28544
31647,0.32427
31648,0.36699
31649,0.40777
31650,0.45049
31651,0.4932
31652,0.53592
31653,0.58058
31654,0.62136
31655,0.66408
31656,0.70485
31657,0.74563
31658,0.78252
31659,0.82136
31660,0.85631
31661,0.89126
31662,0.9165
31663,0.94369
31664,0.96311
31665,0.98252
31666,0.99612
31667,1.0117
31668,1.0214
31669,1.033
31670,1.0427
31671,1.0524
31672,1.0602
31673,1.068
31674,1.0718
31675,1.0777
31676,1.0796
31677,1.0816
31678,1.0816
31679,1.0816
31680,1.0796
31681,1.0777
31682,1.0738
31683,1.0718
31684,1.068
31685,1.066
31686,1.0641
31687,1.0641
31688,1.066
31689,1.068
31690,1.0718
31691,1.0777
31692,1.0874
31693,1.0971
31694,1.1087
31695,1.1204
31696,1.132
31697,1.1456
31698,1.1592
31699,1.1748
31700,1.1883
31701,1.2019
31702,1.2136
31703,1.2252
31704,1.233
31705,1.2427
31706,1.2505
31707,1.2583
31708,1.2641
31709,1.2699
31710,1.2738
31711,1.2777
31712,1.2796
31713,1.2816
31714,1.2796
31715,1.2777
31716,1.2738
31717,1.268
31718,1.2602
31719,1.2524
31720,1.2427
31721,1.2311
31722,1.2194
31723,1.2058
31724,1.1922
31725,1.1786
31726,1.1631
31727,1.1476
31728,1.1301
31729,1.1146
31730,1.0971
31731,1.0816
31732,1.0641
31733,1.0485
31734,1.0311
31735,1.0155
31736,1.0
31737,0.98447
31738,0.97087
31739,0.95728
31740,0.94563
31741,0.93204
31742,0.92039
31743,0.90874
31744,0.89709
31745,0.88544
31746,0.87184
31747,0.86019
31748,0.8466
31749,0.83301
31750,0.81748
31751,0.80194
31752,0.78641
31753,0.77087
31754,0.74951
31755,0.7301
31756,0.7068
31757,0.6835
31758,0.65437
31759,0.62718
31760,0.59417
31761,0.56311
31762,0.5301
31763,0.49709
31764,0.46408
31765,0.43301
31766,0.4
31767,0.36893
31768,0.33592
31769,0.30485
31770,0.27573
31771,0.24466
31772,0.21553
31773,0.18835
31774,0.16117
31775,0.13592
31776,0.11262
31777,0.08932
31778,0.067961
31779,0.048544
31780,0.031068
31781,0.013592
31782,0.0019417
31783,-0.01165
31784,-0.021359
31785,-0.031068
31786,-0.034951
31787,-0.040777
31788,-0.042718
31789,-0.046602
31790,-0.046602
31791,-0.048544
31792,-0.048544
31793,-0.050485
31794,-0.050485
31795,-0.050485
31796,-0.050485
31797,-0.050485
31798,-0.048544
31799,-0.048544
31800,-0.046602
31801,-0.042718
31802,-0.040777
31803,-0.036893
31804,-0.034951
31805,-0.031068
31806,-0.027184
31807,-0.023301
31808,-0.019417
31809,-0.015534
31810,-0.01165
31811,-0.007767
31812,-0.0038835
31813,-0.0019417
31814,0.0019417
31815,0.0038835
31816,0.007767
31817,0.0097087
31818,0.01165
31819,0.015534
31820,0.015534
31821,0.017476
31822,0.019417
31823,0.019417
31824,0.019417
31825,0.019417
31826,0.021359
31827,0.021359
31828,0.023301
31829,0.025243
31830,0.029126
31831,0.031068
31832,0.034951
31833,0.036893
31834,0.040777
31835,0.042718
31836,0.04466
31837,0.048544
31838,0.050485
31839,0.052427
31840,0.054369
31841,0.056311
31842,0.056311
31843,0.058252
31844,0.060194
31845,0.062136
31846,0.060194
31847,0.058252
31848,0.054369
31849,0.048544
31850,0.038835
31851,0.027184
31852,0.01165
31853,-0.0038835
31854,-0.021359
31855,-0.038835
31856,-0.056311
31857,-0.075728
31858,-0.095146
31859,-0.11456
31860,-0.13204
31861,-0.15146
31862,-0.16699
31863,-0.18447
31864,-0.19806
31865,-0.21359
31866,-0.22718
31867,-0.24078
31868,-0.25243
31869,-0.26408
31870,-0.27379
31871,-0.2835
31872,-0.29126
31873,-0.29709
31874,-0.29903
31875,-0.30291
31876,-0.30097
31877,-0.29903
31878,-0.29515
31879,-0.28932
31880,-0.27961
31881,-0.2699
31882,-0.26019
31883,-0.24854
31884,-0.23689
31885,-0.2233
31886,-0.21165
31887,-0.2
31888,-0.18835
31889,-0.1767
31890,-0.16699
31891,-0.15728
31892,-0.14757
31893,-0.13981
31894,-0.1301
31895,-0.12039
31896,-0.11262
31897,-0.10291
31898,-0.095146
31899,-0.087379
31900,-0.079612
31901,-0.071845
31902,-0.066019
31903,-0.058252
31904,-0.050485
31905,-0.042718
31906,-0.036893
31907,-0.031068
31908,-0.025243
31909,-0.019417
31910,-0.015534
31911,-0.01165
31912,-0.007767
31913,-0.0019417
31914,0.0
31915,0.0038835
31916,0.007767
31917,0.01165
31918,0.013592
31919,0.017476
31920,0.019417
31921,0.023301
31922,0.027184
31923,0.03301
31924,0.038835
31925,0.04466
31926,0.048544
31927,0.054369
31928,0.060194
31929,0.066019
31930,0.069903
31931,0.075728
31932,0.081553
31933,0.085437
31934,0.08932
31935,0.095146
31936,0.097087
31937,0.10097
31938,0.10097
31939,0.099029
31940,0.095146
31941,0.08932
31942,0.07767
31943,0.064078
31944,0.04466
31945,0.025243
31946,0.0038835
31947,-0.019417
31948,-0.042718
31949,-0.066019
31950,-0.085437
31951,-0.10485
31952,-0.11845
31953,-0.13398
31954,-0.14175
31955,-0.15146
31956,-0.15534
31957,-0.15922
31958,-0.15728
31959,-0.15534
31960,-0.14951
31961,-0.14175
31962,-0.12816
31963,-0.11456
31964,-0.095146
31965,-0.075728
31966,-0.050485
31967,-0.025243
31968,0.0038835
31969,0.034951
31970,0.071845
31971,0.10874
31972,0.14951
31973,0.19223
31974,0.23689
31975,0.28155
31976,0.32816
31977,0.37476
31978,0.42136
31979,0.4699
31980,0.5165
31981,0.56311
31982,0.60777
31983,0.65437
31984,0.69903
31985,0.74369
31986,0.78641
31987,0.82718
31988,0.86796
31989,0.9068
31990,0.94369
31991,0.98252
31992,1.0155
31993,1.0505
31994,1.0816
31995,1.1146
31996,1.1417
31997,1.1709
31998,1.1942
31999,1.2194
32000,1.2388
32001,1.2602
32002,1.2757
32003,1.2932
32004,1.3049
32005,1.3184
32006,1.3301
32007,1.3398
32008,1.3495
32009,1.3573
32010,1.365
32011,1.3728
32012,1.3786
32013,1.3864
32014,1.3922
32015,1.4
32016,1.4058
32017,1.4136
32018,1.4175
32019,1.4233
32020,1.4272
32021,1.4311
32022,1.433
32023,1.4369
32024,1.4369
32025,1.4388
32026,1.4388
32027,1.4388
32028,1.4369
32029,1.4369
32030,1.4311
32031,1.4233
32032,1.4136
32033,1.4019
32034,1.3825
32035,1.365
32036,1.3417
32037,1.3184
32038,1.2893
32039,1.2602
32040,1.2291
32041,1.1961
32042,1.1631
32043,1.1282
32044,1.0932
32045,1.0583
32046,1.0214
32047,0.98641
32048,0.94951
32049,0.91262
32050,0.87767
32051,0.84272
32052,0.80777
32053,0.77476
32054,0.74175
32055,0.70874
32056,0.67961
32057,0.64854
32058,0.6233
32059,0.59612
32060,0.57476
32061,0.55146
32062,0.53398
32063,0.5165
32064,0.50291
32065,0.48932
32066,0.47767
32067,0.46602
32068,0.45631
32069,0.44854
32070,0.43883
32071,0.42913
32072,0.41748
32073,0.40777
32074,0.39806
32075,0.38835
32076,0.37864
32077,0.36893
32078,0.35922
32079,0.35146
32080,0.34369
32081,0.33592
32082,0.3301
32083,0.32233
32084,0.3165
32085,0.31068
32086,0.30485
32087,0.29903
32088,0.2932
32089,0.28932
32090,0.2835
32091,0.27961
32092,0.27573
32093,0.2699
32094,0.26602
32095,0.26214
32096,0.25631
32097,0.25243
32098,0.2466
32099,0.24078
32100,0.23495
32101,0.22913
32102,0.2233
32103,0.21553
32104,0.20971
32105,0.20388
32106,0.19806
32107,0.19223
32108,0.18835
32109,0.18447
32110,0.18058
32111,0.17864
32112,0.17476
32113,0.17282
32114,0.17087
32115,0.16893
32116,0.16699
32117,0.16505
32118,0.16311
32119,0.16117
32120,0.15922
32121,0.15728
32122,0.1534
32123,0.15146
32124,0.14757
32125,0.14369
32126,0.13398
32127,0.12621
32128,0.11456
32129,0.10097
32130,0.083495
32131,0.066019
32132,0.04466
32133,0.023301
32134,0.0019417
32135,-0.019417
32136,-0.040777
32137,-0.062136
32138,-0.083495
32139,-0.10291
32140,-0.12233
32141,-0.14175
32142,-0.15922
32143,-0.1767
32144,-0.19417
32145,-0.20971
32146,-0.22524
32147,-0.23883
32148,-0.25049
32149,-0.26214
32150,-0.2699
32151,-0.27767
32152,-0.28155
32153,-0.28544
32154,-0.28544
32155,-0.28738
32156,-0.2835
32157,-0.27961
32158,-0.27379
32159,-0.26796
32160,-0.25825
32161,-0.24854
32162,-0.23883
32163,-0.22913
32164,-0.21942
32165,-0.20777
32166,-0.19806
32167,-0.18835
32168,-0.18058
32169,-0.17087
32170,-0.16311
32171,-0.1534
32172,-0.14563
32173,-0.13786
32174,-0.12816
32175,-0.12039
32176,-0.11068
32177,-0.10097
32178,-0.093204
32179,-0.083495
32180,-0.073786
32181,-0.064078
32182,-0.056311
32183,-0.046602
32184,-0.040777
32185,-0.03301
32186,-0.027184
32187,-0.019417
32188,-0.015534
32189,-0.0097087
32190,-0.0058252
32191,0.0
32192,0.0038835
32193,0.007767
32194,0.01165
32195,0.013592
32196,0.017476
32197,0.019417
32198,0.023301
32199,0.025243
32200,0.031068
32201,0.034951
32202,0.038835
32203,0.04466
32204,0.050485
32205,0.054369
32206,0.060194
32207,0.064078
32208,0.067961
32209,0.073786
32210,0.07767
32211,0.081553
32212,0.085437
32213,0.091262
32214,0.095146
32215,0.099029
32216,0.10097
32217,0.10291
32218,0.10291
32219,0.10097
32220,0.095146
32221,0.08932
32222,0.07767
32223,0.064078
32224,0.048544
32225,0.031068
32226,0.01165
32227,-0.0058252
32228,-0.025243
32229,-0.04466
32230,-0.064078
32231,-0.083495
32232,-0.10097
32233,-0.12039
32234,-0.13981
32235,-0.15922
32236,-0.18058
32237,-0.2
32238,-0.21748
32239,-0.23495
32240,-0.24854
32241,-0.26408
32242,-0.27379
32243,-0.2835
32244,-0.28738
32245,-0.29126
32246,-0.28932
32247,-0.28544
32248,-0.27573
32249,-0.26602
32250,-0.24854
32251,-0.23107
32252,-0.20583
32253,-0.18058
32254,-0.14951
32255,-0.11845
32256,-0.081553
32257,-0.046602
32258,-0.0058252
32259,0.03301
32260,0.075728
32261,0.11845
32262,0.16117
32263,0.20388
32264,0.24854
32265,0.2932
32266,0.33592
32267,0.38058
32268,0.4233
32269,0.46796
32270,0.51262
32271,0.55534
32272,0.6
32273,0.64466
32274,0.68738
32275,0.73204
32276,0.77476
32277,0.81748
32278,0.85825
32279,0.90097
32280,0.93981
32281,0.98058
32282,1.0175
32283,1.0563
32284,1.0913
32285,1.1262
32286,1.1573
32287,1.1883
32288,1.2175
32289,1.2447
32290,1.268
32291,1.2932
32292,1.3126
32293,1.332
32294,1.3476
32295,1.3631
32296,1.3748
32297,1.3883
32298,1.3981
32299,1.4078
32300,1.4155
32301,1.4252
32302,1.4311
32303,1.4369
32304,1.4427
32305,1.4485
32306,1.4524
32307,1.4583
32308,1.4621
32309,1.4641
32310,1.4621
32311,1.4602
32312,1.4505
32313,1.4427
32314,1.4311
32315,1.4175
32316,1.4019
32317,1.3864
32318,1.3689
32319,1.3495
32320,1.3301
32321,1.3107
32322,1.2874
32323,1.266
32324,1.2408
32325,1.2155
32326,1.1883
32327,1.1612
32328,1.132
32329,1.1029
32330,1.0738
32331,1.0447
32332,1.0136
32333,0.98252
32334,0.9534
32335,0.92427
32336,0.89709
32337,0.86796
32338,0.84466
32339,0.81942
32340,0.79806
32341,0.77476
32342,0.75728
32343,0.73981
32344,0.72621
32345,0.71262
32346,0.70097
32347,0.68932
32348,0.67767
32349,0.66796
32350,0.65631
32351,0.6466
32352,0.63495
32353,0.62524
32354,0.61553
32355,0.60388
32356,0.59417
32357,0.58447
32358,0.5767
32359,0.56699
32360,0.55922
32361,0.55146
32362,0.54175
32363,0.53398
32364,0.52621
32365,0.51845
32366,0.51068
32367,0.50291
32368,0.49515
32369,0.48738
32370,0.47961
32371,0.47184
32372,0.46408
32373,0.45631
32374,0.44854
32375,0.44078
32376,0.43107
32377,0.42136
32378,0.41359
32379,0.40388
32380,0.39417
32381,0.38447
32382,0.37476
32383,0.36505
32384,0.35534
32385,0.34563
32386,0.33786
32387,0.3301
32388,0.32427
32389,0.3165
32390,0.31262
32391,0.3068
32392,0.30291
32393,0.29903
32394,0.29515
32395,0.29126
32396,0.28544
32397,0.27961
32398,0.27379
32399,0.26796
32400,0.26214
32401,0.25631
32402,0.25049
32403,0.24272
32404,0.23301
32405,0.2233
32406,0.20971
32407,0.19612
32408,0.1767
32409,0.15922
32410,0.13592
32411,0.11456
32412,0.08932
32413,0.064078
32414,0.040777
32415,0.017476
32416,-0.0058252
32417,-0.027184
32418,-0.048544
32419,-0.069903
32420,-0.08932
32421,-0.11068
32422,-0.12816
32423,-0.14563
32424,-0.16311
32425,-0.17864
32426,-0.19223
32427,-0.20583
32428,-0.21748
32429,-0.22718
32430,-0.23689
32431,-0.24466
32432,-0.24854
32433,-0.25437
32434,-0.25437
32435,-0.25437
32436,-0.25049
32437,-0.2466
32438,-0.24078
32439,-0.23301
32440,-0.22524
32441,-0.21553
32442,-0.20777
32443,-0.19806
32444,-0.19029
32445,-0.18058
32446,-0.17476
32447,-0.16699
32448,-0.15922
32449,-0.1534
32450,-0.14563
32451,-0.13981
32452,-0.13204
32453,-0.12621
32454,-0.11845
32455,-0.11068
32456,-0.10485
32457,-0.097087
32458,-0.08932
32459,-0.081553
32460,-0.071845
32461,-0.064078
32462,-0.056311
32463,-0.048544
32464,-0.042718
32465,-0.034951
32466,-0.029126
32467,-0.023301
32468,-0.019417
32469,-0.013592
32470,-0.0097087
32471,-0.0038835
32472,0.0
32473,0.0038835
32474,0.0058252
32475,0.0097087
32476,0.01165
32477,0.015534
32478,0.019417
32479,0.023301
32480,0.029126
32481,0.034951
32482,0.040777
32483,0.046602
32484,0.050485
32485,0.056311
32486,0.058252
32487,0.062136
32488,0.066019
32489,0.067961
32490,0.071845
32491,0.073786
32492,0.07767
32493,0.081553
32494,0.081553
32495,0.083495
32496,0.083495
32497,0.081553
32498,0.075728
32499,0.069903
32500,0.058252
32501,0.046602
32502,0.031068
32503,0.015534
32504,-0.0019417
32505,-0.019417
32506,-0.038835
32507,-0.056311
32508,-0.075728
32509,-0.095146
32510,-0.11262
32511,-0.1301
32512,-0.14757
32513,-0.16311
32514,-0.17864
32515,-0.19223
32516,-0.20583
32517,-0.21942
32518,-0.23107
32519,-0.24078
32520,-0.25243
32521,-0.26214
32522,-0.2699
32523,-0.27961
32524,-0.28544
32525,-0.29126
32526,-0.2932
32527,-0.29515
32528,-0.2932
32529,-0.29126
32530,-0.2835
32531,-0.27767
32532,-0.26602
32533,-0.25631
32534,-0.24078
32535,-0.22524
32536,-0.20583
32537,-0.18641
32538,-0.16505
32539,-0.14369
32540,-0.12039
32541,-0.095146
32542,-0.067961
32543,-0.038835
32544,-0.0058252
32545,0.027184
32546,0.066019
32547,0.10291
32548,0.14369
32549,0.18447
32550,0.22718
32551,0.2699
32552,0.31456
32553,0.35922
32554,0.40583
32555,0.45049
32556,0.49515
32557,0.53981
32558,0.58447
32559,0.62913
32560,0.67379
32561,0.71845
32562,0.75922
32563,0.80194
32564,0.84272
32565,0.8835
32566,0.92039
32567,0.95922
32568,0.99612
32569,1.033
32570,1.068
32571,1.1029
32572,1.1359
32573,1.1689
32574,1.2
32575,1.2311
32576,1.2583
32577,1.2874
32578,1.3107
32579,1.334
32580,1.3515
32581,1.3709
32582,1.3845
32583,1.3981
32584,1.4078
32585,1.4194
32586,1.4252
32587,1.4311
32588,1.4311
32589,1.433
32590,1.4291
32591,1.4233
32592,1.4136
32593,1.4039
32594,1.3903
32595,1.3767
32596,1.3612
32597,1.3456
32598,1.3301
32599,1.3146
32600,1.2971
32601,1.2796
32602,1.2621
32603,1.2447
32604,1.2252
32605,1.2078
32606,1.1883
32607,1.1689
32608,1.1495
32609,1.1301
32610,1.1087
32611,1.0893
32612,1.068
32613,1.0466
32614,1.0252
32615,1.0039
32616,0.98252
32617,0.96311
32618,0.94563
32619,0.92621
32620,0.91068
32621,0.89515
32622,0.8835
32623,0.8699
32624,0.86019
32625,0.85049
32626,0.83883
32627,0.82913
32628,0.81942
32629,0.80777
32630,0.79806
32631,0.78641
32632,0.7767
32633,0.76505
32634,0.75534
32635,0.74369
32636,0.73398
32637,0.72427
32638,0.71456
32639,0.70291
32640,0.6932
32641,0.6835
32642,0.67379
32643,0.66408
32644,0.65437
32645,0.6466
32646,0.63689
32647,0.62913
32648,0.61942
32649,0.61165
32650,0.60194
32651,0.59417
32652,0.58447
32653,0.5767
32654,0.56699
32655,0.55922
32656,0.54951
32657,0.53981
32658,0.52816
32659,0.5165
32660,0.50291
32661,0.48932
32662,0.47767
32663,0.46408
32664,0.45243
32665,0.44078
32666,0.43107
32667,0.4233
32668,0.41553
32669,0.40777
32670,0.4
32671,0.39417
32672,0.38835
32673,0.38252
32674,0.3767
32675,0.37087
32676,0.36311
32677,0.35728
32678,0.34951
32679,0.34369
32680,0.33592
32681,0.32816
32682,0.32039
32683,0.31068
32684,0.30097
32685,0.29126
32686,0.27379
32687,0.25631
32688,0.23495
32689,0.21359
32690,0.18835
32691,0.16311
32692,0.13592
32693,0.10874
32694,0.081553
32695,0.056311
32696,0.029126
32697,0.0038835
32698,-0.019417
32699,-0.04466
32700,-0.066019
32701,-0.087379
32702,-0.1068
32703,-0.12621
32704,-0.14369
32705,-0.16117
32706,-0.17476
32707,-0.18835
32708,-0.2
32709,-0.20971
32710,-0.21748
32711,-0.2233
32712,-0.22718
32713,-0.23107
32714,-0.22913
32715,-0.22718
32716,-0.22136
32717,-0.21553
32718,-0.20583
32719,-0.19806
32720,-0.18835
32721,-0.17864
32722,-0.17087
32723,-0.16117
32724,-0.1534
32725,-0.14369
32726,-0.13786
32727,-0.1301
32728,-0.12427
32729,-0.1165
32730,-0.11068
32731,-0.10485
32732,-0.097087
32733,-0.091262
32734,-0.085437
32735,-0.079612
32736,-0.073786
32737,-0.067961
32738,-0.060194
32739,-0.052427
32740,-0.046602
32741,-0.038835
32742,-0.031068
32743,-0.025243
32744,-0.017476
32745,-0.01165
32746,-0.0058252
32747,0.0
32748,0.0038835
32749,0.007767
32750,0.01165
32751,0.015534
32752,0.017476
32753,0.021359
32754,0.023301
32755,0.025243
32756,0.029126
32757,0.031068
32758,0.034951
32759,0.038835
32760,0.042718
32761,0.046602
32762,0.052427
32763,0.056311
32764,0.060194
32765,0.066019
32766,0.069903
32767,0.073786
32768,0.07767
32769,0.081553
32770,0.083495
32771,0.087379
32772,0.08932
32773,0.093204
32774,0.095146
32775,0.097087
32776,0.097087
32777,0.097087
32778,0.091262
32779,0.085437
32780,0.073786
32781,0.062136
32782,0.046602
32783,0.031068
32784,0.013592
32785,-0.0058252
32786,-0.025243
32787,-0.04466
32788,-0.064078
32789,-0.083495
32790,-0.10097
32791,-0.12039
32792,-0.13592
32793,-0.1534
32794,-0.16893
32795,-0.18447
32796,-0.19612
32797,-0.20971
32798,-0.21942
32799,-0.23107
32800,-0.23883
32801,-0.24854
32802,-0.25243
32803,-0.25825
32804,-0.26019
32805,-0.26214
32806,-0.26214
32807,-0.26214
32808,-0.26019
32809,-0.25825
32810,-0.25437
32811,-0.24854
32812,-0.24272
32813,-0.23495
32814,-0.2233
32815,-0.21359
32816,-0.20194
32817,-0.18835
32818,-0.17476
32819,-0.15922
32820,-0.14175
32821,-0.12427
32822,-0.10291
32823,-0.081553
32824,-0.054369
32825,-0.027184
32826,0.0019417
32827,0.03301
32828,0.067961
32829,0.10097
32830,0.13981
32831,0.1767
32832,0.21748
32833,0.25825
32834,0.30291
32835,0.34563
32836,0.39029
32837,0.43495
32838,0.47961
32839,0.52427
32840,0.56893
32841,0.61359
32842,0.65631
32843,0.70097
32844,0.74369
32845,0.78835
32846,0.82913
32847,0.87184
32848,0.91068
32849,0.95146
32850,0.99029
32851,1.0272
32852,1.0641
32853,1.101
32854,1.1359
32855,1.1689
32856,1.2
32857,1.2311
32858,1.2602
32859,1.2874
32860,1.3107
32861,1.3359
32862,1.3553
32863,1.3767
32864,1.3922
32865,1.4097
32866,1.4194
32867,1.4291
32868,1.433
32869,1.4369
32870,1.433
32871,1.4291
32872,1.4194
32873,1.4117
32874,1.3981
32875,1.3864
32876,1.3728
32877,1.3573
32878,1.3417
32879,1.3262
32880,1.3107
32881,1.2951
32882,1.2796
32883,1.2641
32884,1.2485
32885,1.233
32886,1.2194
32887,1.2039
32888,1.1883
32889,1.1728
32890,1.1573
32891,1.1398
32892,1.1243
32893,1.1068
32894,1.0913
32895,1.0738
32896,1.0583
32897,1.0427
32898,1.0291
32899,1.0136
32900,1.0019
32901,0.98835
32902,0.9767
32903,0.96699
32904,0.95922
32905,0.94951
32906,0.93981
32907,0.9301
32908,0.91845
32909,0.90874
32910,0.89709
32911,0.88738
32912,0.87573
32913,0.86408
32914,0.85437
32915,0.84272
32916,0.83301
32917,0.8233
32918,0.81359
32919,0.80388
32920,0.79417
32921,0.78447
32922,0.77476
32923,0.76505
32924,0.75534
32925,0.74563
32926,0.73786
32927,0.72816
32928,0.71845
32929,0.70874
32930,0.69903
32931,0.68932
32932,0.67961
32933,0.6699
32934,0.65825
32935,0.64854
32936,0.63689
32937,0.62524
32938,0.61359
32939,0.60194
32940,0.58835
32941,0.5767
32942,0.56505
32943,0.55146
32944,0.53981
32945,0.52621
32946,0.5165
32947,0.50485
32948,0.49515
32949,0.48544
32950,0.47573
32951,0.46796
32952,0.46019
32953,0.45243
32954,0.4466
32955,0.43883
32956,0.43301
32957,0.42524
32958,0.41942
32959,0.41165
32960,0.40388
32961,0.39806
32962,0.38835
32963,0.37864
32964,0.36699
32965,0.35728
32966,0.33981
32967,0.32233
32968,0.30097
32969,0.27961
32970,0.25437
32971,0.22913
32972,0.20194
32973,0.17476
32974,0.14757
32975,0.12233
32976,0.095146
32977,0.067961
32978,0.04466
32979,0.019417
32980,-0.0038835
32981,-0.027184
32982,-0.048544
32983,-0.067961
32984,-0.087379
32985,-0.10485
32986,-0.12233
32987,-0.13786
32988,-0.15146
32989,-0.16505
32990,-0.17476
32991,-0.18447
32992,-0.19223
32993,-0.19806
32994,-0.2
32995,-0.2
32996,-0.19806
32997,-0.19612
32998,-0.19029
32999,-0.18447
33000,-0.17864
33001,-0.17087
33002,-0.16311
33003,-0.15534
33004,-0.14951
33005,-0.14175
33006,-0.13592
33007,-0.12816
33008,-0.12233
33009,-0.1165
33010,-0.11068
33011,-0.10485
33012,-0.097087
33013,-0.091262
33014,-0.083495
33015,-0.075728
33016,-0.069903
33017,-0.062136
33018,-0.056311
33019,-0.048544
33020,-0.042718
33021,-0.036893
33022,-0.031068
33023,-0.025243
33024,-0.019417
33025,-0.013592
33026,-0.007767
33027,-0.0019417
33028,0.0019417
33029,0.007767
33030,0.01165
33031,0.015534
33032,0.017476
33033,0.019417
33034,0.021359
33035,0.023301
33036,0.025243
33037,0.027184
33038,0.031068
33039,0.034951
33040,0.038835
33041,0.042718
33042,0.046602
33043,0.052427
33044,0.056311
33045,0.060194
33046,0.064078
33047,0.067961
33048,0.071845
33049,0.075728
33050,0.07767
33051,0.081553
33052,0.085437
33053,0.087379
33054,0.08932
33055,0.091262
33056,0.093204
33057,0.093204
33058,0.08932
33059,0.083495
33060,0.073786
33061,0.062136
33062,0.048544
33063,0.034951
33064,0.017476
33065,0.0
33066,-0.017476
33067,-0.034951
33068,-0.052427
33069,-0.069903
33070,-0.087379
33071,-0.10485
33072,-0.12233
33073,-0.13981
33074,-0.15534
33075,-0.16893
33076,-0.18252
33077,-0.19612
33078,-0.20777
33079,-0.21748
33080,-0.22718
33081,-0.23495
33082,-0.24078
33083,-0.2466
33084,-0.24854
33085,-0.25049
33086,-0.24854
33087,-0.24466
33088,-0.23883
33089,-0.23301
33090,-0.2233
33091,-0.21553
33092,-0.20388
33093,-0.19223
33094,-0.18058
33095,-0.17087
33096,-0.15922
33097,-0.14951
33098,-0.13981
33099,-0.1301
33100,-0.12039
33101,-0.11068
33102,-0.10097
33103,-0.091262
33104,-0.083495
33105,-0.073786
33106,-0.066019
33107,-0.058252
33108,-0.048544
33109,-0.040777
33110,-0.03301
33111,-0.023301
33112,-0.013592
33113,-0.0038835
33114,0.0038835
33115,0.013592
33116,0.019417
33117,0.027184
33118,0.03301
33119,0.038835
33120,0.04466
33121,0.050485
33122,0.054369
33123,0.060194
33124,0.062136
33125,0.066019
33126,0.069903
33127,0.071845
33128,0.075728
33129,0.07767
33130,0.083495
33131,0.087379
33132,0.093204
33133,0.099029
33134,0.10485
33135,0.11068
33136,0.1165
33137,0.12233
33138,0.12427
33139,0.12621
33140,0.12621
33141,0.12621
33142,0.12427
33143,0.12233
33144,0.12039
33145,0.11845
33146,0.11456
33147,0.11262
33148,0.11068
33149,0.1068
33150,0.10097
33151,0.095146
33152,0.08932
33153,0.081553
33154,0.075728
33155,0.069903
33156,0.066019
33157,0.062136
33158,0.062136
33159,0.062136
33160,0.066019
33161,0.071845
33162,0.081553
33163,0.091262
33164,0.10485
33165,0.11845
33166,0.13592
33167,0.1534
33168,0.17282
33169,0.19223
33170,0.21553
33171,0.23883
33172,0.26408
33173,0.28932
33174,0.3165
33175,0.34563
33176,0.3767
33177,0.40971
33178,0.44466
33179,0.47961
33180,0.51845
33181,0.55728
33182,0.59806
33183,0.63883
33184,0.68155
33185,0.72427
33186,0.76505
33187,0.80583
33188,0.84466
33189,0.8835
33190,0.91845
33191,0.9534
33192,0.98447
33193,1.0155
33194,1.0408
33195,1.068
33196,1.0913
33197,1.1126
33198,1.132
33199,1.1534
33200,1.1709
33201,1.1883
33202,1.2039
33203,1.2194
33204,1.233
33205,1.2466
33206,1.2602
33207,1.2738
33208,1.2854
33209,1.2971
33210,1.3087
33211,1.3184
33212,1.3282
33213,1.3359
33214,1.3437
33215,1.3515
33216,1.3573
33217,1.365
33218,1.3689
33219,1.3748
33220,1.3786
33221,1.3845
33222,1.3864
33223,1.3903
33224,1.3903
33225,1.3922
33226,1.3922
33227,1.3922
33228,1.3883
33229,1.3864
33230,1.3806
33231,1.3748
33232,1.365
33233,1.3573
33234,1.3456
33235,1.334
33236,1.3204
33237,1.3068
33238,1.2893
33239,1.2738
33240,1.2524
33241,1.2311
33242,1.2058
33243,1.1786
33244,1.1476
33245,1.1184
33246,1.0835
33247,1.0505
33248,1.0155
33249,0.98058
33250,0.94369
33251,0.90874
33252,0.87184
33253,0.83495
33254,0.79806
33255,0.76117
33256,0.72427
33257,0.68932
33258,0.65437
33259,0.62136
33260,0.58835
33261,0.55728
33262,0.52816
33263,0.49903
33264,0.47184
33265,0.44466
33266,0.42136
33267,0.39806
33268,0.37864
33269,0.35922
33270,0.34175
33271,0.32621
33272,0.31456
33273,0.30291
33274,0.29126
33275,0.28155
33276,0.27379
33277,0.26602
33278,0.25631
33279,0.24854
33280,0.24078
33281,0.23301
33282,0.22524
33283,0.21748
33284,0.21165
33285,0.20388
33286,0.2
33287,0.19417
33288,0.19029
33289,0.18641
33290,0.18252
33291,0.18058
33292,0.17864
33293,0.1767
33294,0.17282
33295,0.17087
33296,0.16893
33297,0.16505
33298,0.16311
33299,0.16117
33300,0.15728
33301,0.15534
33302,0.1534
33303,0.15146
33304,0.14757
33305,0.14369
33306,0.13981
33307,0.13592
33308,0.1301
33309,0.12621
33310,0.12039
33311,0.1165
33312,0.11262
33313,0.10874
33314,0.10485
33315,0.10291
33316,0.10097
33317,0.10097
33318,0.099029
33319,0.099029
33320,0.10097
33321,0.10097
33322,0.10097
33323,0.10291
33324,0.10097
33325,0.10097
33326,0.10097
33327,0.10097
33328,0.10097
33329,0.10291
33330,0.10097
33331,0.099029
33332,0.097087
33333,0.093204
33334,0.083495
33335,0.073786
33336,0.060194
33337,0.046602
33338,0.029126
33339,0.0097087
33340,-0.01165
33341,-0.031068
33342,-0.052427
33343,-0.073786
33344,-0.093204
33345,-0.11262
33346,-0.13204
33347,-0.14951
33348,-0.16699
33349,-0.18447
33350,-0.2
33351,-0.21553
33352,-0.23107
33353,-0.24466
33354,-0.25631
33355,-0.26602
33356,-0.27573
33357,-0.2835
33358,-0.28932
33359,-0.2932
33360,-0.29515
33361,-0.29903
33362,-0.29709
33363,-0.2932
33364,-0.28738
33365,-0.28155
33366,-0.27184
33367,-0.26408
33368,-0.25243
33369,-0.24078
33370,-0.23107
33371,-0.21942
33372,-0.20777
33373,-0.19612
33374,-0.18641
33375,-0.17476
33376,-0.16699
33377,-0.15728
33378,-0.14757
33379,-0.13786
33380,-0.12816
33381,-0.12039
33382,-0.11068
33383,-0.10291
33384,-0.093204
33385,-0.085437
33386,-0.075728
33387,-0.067961
33388,-0.058252
33389,-0.048544
33390,-0.040777
33391,-0.031068
33392,-0.023301
33393,-0.015534
33394,-0.0097087
33395,-0.0019417
33396,0.0038835
33397,0.0097087
33398,0.013592
33399,0.019417
33400,0.023301
33401,0.025243
33402,0.029126
33403,0.031068
33404,0.034951
33405,0.038835
33406,0.042718
33407,0.046602
33408,0.052427
33409,0.058252
33410,0.064078
33411,0.069903
33412,0.075728
33413,0.083495
33414,0.087379
33415,0.093204
33416,0.097087
33417,0.10097
33418,0.10485
33419,0.10874
33420,0.11456
33421,0.11845
33422,0.12233
33423,0.12621
33424,0.12816
33425,0.1301
33426,0.12621
33427,0.12233
33428,0.11068
33429,0.10097
33430,0.087379
33431,0.071845
33432,0.052427
33433,0.034951
33434,0.015534
33435,-0.0038835
33436,-0.025243
33437,-0.04466
33438,-0.064078
33439,-0.083495
33440,-0.10097
33441,-0.12039
33442,-0.13592
33443,-0.15146
33444,-0.16505
33445,-0.17864
33446,-0.19029
33447,-0.20194
33448,-0.21165
33449,-0.22136
33450,-0.22718
33451,-0.23301
33452,-0.23689
33453,-0.23883
33454,-0.23883
33455,-0.23689
33456,-0.23107
33457,-0.22718
33458,-0.21942
33459,-0.21165
33460,-0.20194
33461,-0.19223
33462,-0.18447
33463,-0.1767
33464,-0.17087
33465,-0.16311
33466,-0.15728
33467,-0.15146
33468,-0.14757
33469,-0.14175
33470,-0.13592
33471,-0.1301
33472,-0.12233
33473,-0.11262
33474,-0.10097
33475,-0.08932
33476,-0.071845
33477,-0.056311
33478,-0.036893
33479,-0.017476
33480,0.0058252
33481,0.027184
33482,0.054369
33483,0.081553
33484,0.11262
33485,0.14369
33486,0.1767
33487,0.21165
33488,0.25049
33489,0.28738
33490,0.32621
33491,0.36699
33492,0.40583
33493,0.4466
33494,0.48738
33495,0.52621
33496,0.56699
33497,0.60583
33498,0.6466
33499,0.68544
33500,0.72621
33501,0.76699
33502,0.80777
33503,0.84854
33504,0.88932
33505,0.9301
33506,0.96699
33507,1.0058
33508,1.0408
33509,1.0777
33510,1.1126
33511,1.1456
33512,1.1786
33513,1.2117
33514,1.2408
33515,1.2699
33516,1.2951
33517,1.3184
33518,1.334
33519,1.3515
33520,1.3573
33521,1.365
33522,1.365
33523,1.365
33524,1.3573
33525,1.3515
33526,1.3398
33527,1.3301
33528,1.3165
33529,1.3049
33530,1.2913
33531,1.2777
33532,1.266
33533,1.2524
33534,1.2388
33535,1.2272
33536,1.2136
33537,1.2019
33538,1.1922
33539,1.1806
33540,1.1709
33541,1.1631
33542,1.1553
33543,1.1476
33544,1.1417
33545,1.1379
33546,1.134
33547,1.132
33548,1.1301
33549,1.1301
33550,1.1301
33551,1.1301
33552,1.132
33553,1.132
33554,1.134
33555,1.134
33556,1.134
33557,1.134
33558,1.1301
33559,1.1262
33560,1.1204
33561,1.1146
33562,1.1068
33563,1.099
33564,1.0913
33565,1.0816
33566,1.0718
33567,1.0621
33568,1.0505
33569,1.0408
33570,1.0291
33571,1.0175
33572,1.0039
33573,0.99223
33574,0.97864
33575,0.96699
33576,0.9534
33577,0.93981
33578,0.92816
33579,0.91456
33580,0.90291
33581,0.88932
33582,0.87767
33583,0.86602
33584,0.85243
33585,0.84078
33586,0.82913
33587,0.81553
33588,0.80194
33589,0.79029
33590,0.7767
33591,0.76311
33592,0.74757
33593,0.73398
33594,0.72039
33595,0.7068
33596,0.6932
33597,0.68155
33598,0.6699
33599,0.65825
33600,0.6466
33601,0.63495
33602,0.6233
33603,0.61165
33604,0.6
33605,0.58641
33606,0.57476
33607,0.56117
33608,0.54951
33609,0.53592
33610,0.52233
33611,0.50874
33612,0.4932
33613,0.47767
33614,0.45631
33615,0.43689
33616,0.41359
33617,0.39029
33618,0.36311
33619,0.33786
33620,0.31068
33621,0.28155
33622,0.25243
33623,0.22524
33624,0.19612
33625,0.16699
33626,0.13981
33627,0.11262
33628,0.087379
33629,0.062136
33630,0.038835
33631,0.015534
33632,-0.0058252
33633,-0.029126
33634,-0.046602
33635,-0.066019
33636,-0.083495
33637,-0.099029
33638,-0.11068
33639,-0.12427
33640,-0.13398
33641,-0.14175
33642,-0.14563
33643,-0.14951
33644,-0.14951
33645,-0.14757
33646,-0.14369
33647,-0.13981
33648,-0.13398
33649,-0.12816
33650,-0.12233
33651,-0.1165
33652,-0.11068
33653,-0.10291
33654,-0.099029
33655,-0.093204
33656,-0.087379
33657,-0.081553
33658,-0.07767
33659,-0.071845
33660,-0.066019
33661,-0.062136
33662,-0.056311
33663,-0.050485
33664,-0.046602
33665,-0.040777
33666,-0.036893
33667,-0.031068
33668,-0.027184
33669,-0.021359
33670,-0.017476
33671,-0.013592
33672,-0.0097087
33673,-0.0058252
33674,0.0
33675,0.0038835
33676,0.007767
33677,0.01165
33678,0.015534
33679,0.017476
33680,0.021359
33681,0.023301
33682,0.027184
33683,0.029126
33684,0.03301
33685,0.036893
33686,0.040777
33687,0.04466
33688,0.050485
33689,0.054369
33690,0.060194
33691,0.064078
33692,0.069903
33693,0.073786
33694,0.07767
33695,0.081553
33696,0.085437
33697,0.087379
33698,0.091262
33699,0.093204
33700,0.097087
33701,0.10097
33702,0.10097
33703,0.10291
33704,0.10291
33705,0.10097
33706,0.095146
33707,0.087379
33708,0.075728
33709,0.064078
33710,0.046602
33711,0.031068
33712,0.01165
33713,-0.007767
33714,-0.027184
33715,-0.046602
33716,-0.066019
33717,-0.085437
33718,-0.10291
33719,-0.12039
33720,-0.13786
33721,-0.1534
33722,-0.16893
33723,-0.18447
33724,-0.19806
33725,-0.21165
33726,-0.2233
33727,-0.23301
33728,-0.24078
33729,-0.24854
33730,-0.25437
33731,-0.25825
33732,-0.26019
33733,-0.26214
33734,-0.25825
33735,-0.25631
33736,-0.24854
33737,-0.24272
33738,-0.23301
33739,-0.2233
33740,-0.21165
33741,-0.2
33742,-0.19029
33743,-0.17864
33744,-0.16699
33745,-0.15728
33746,-0.14757
33747,-0.13786
33748,-0.1301
33749,-0.12039
33750,-0.11068
33751,-0.10097
33752,-0.093204
33753,-0.083495
33754,-0.073786
33755,-0.066019
33756,-0.056311
33757,-0.048544
33758,-0.038835
33759,-0.031068
33760,-0.021359
33761,-0.01165
33762,-0.0038835
33763,0.0038835
33764,0.01165
33765,0.017476
33766,0.023301
33767,0.031068
33768,0.034951
33769,0.040777
33770,0.046602
33771,0.050485
33772,0.056311
33773,0.060194
33774,0.066019
33775,0.069903
33776,0.073786
33777,0.07767
33778,0.083495
33779,0.087379
33780,0.093204
33781,0.10097
33782,0.1068
33783,0.11262
33784,0.1165
33785,0.12233
33786,0.12816
33787,0.13204
33788,0.13592
33789,0.14175
33790,0.14563
33791,0.14951
33792,0.1534
33793,0.15728
33794,0.15922
33795,0.16117
33796,0.15922
33797,0.15728
33798,0.14563
33799,0.13592
33800,0.11845
33801,0.10097
33802,0.079612
33803,0.058252
33804,0.03301
33805,0.0097087
33806,-0.01165
33807,-0.03301
33808,-0.050485
33809,-0.069903
33810,-0.081553
33811,-0.093204
33812,-0.10097
33813,-0.10874
33814,-0.10874
33815,-0.11068
33816,-0.1068
33817,-0.10097
33818,-0.091262
33819,-0.079612
33820,-0.064078
33821,-0.048544
33822,-0.025243
33823,-0.0019417
33824,0.025243
33825,0.054369
33826,0.087379
33827,0.12233
33828,0.15922
33829,0.19806
33830,0.23883
33831,0.27961
33832,0.32427
33833,0.36699
33834,0.41165
33835,0.45631
33836,0.50097
33837,0.54563
33838,0.59029
33839,0.63301
33840,0.67573
33841,0.71845
33842,0.75728
33843,0.79806
33844,0.83689
33845,0.87573
33846,0.91068
33847,0.94757
33848,0.98058
33849,1.0136
33850,1.0447
33851,1.0757
33852,1.1029
33853,1.1301
33854,1.1534
33855,1.1786
33856,1.1981
33857,1.2194
33858,1.235
33859,1.2524
33860,1.268
33861,1.2835
33862,1.2951
33863,1.3068
33864,1.3165
33865,1.3262
33866,1.334
33867,1.3437
33868,1.3515
33869,1.3592
33870,1.367
33871,1.3748
33872,1.3825
33873,1.3922
33874,1.3981
33875,1.4058
33876,1.4117
33877,1.4175
33878,1.4194
33879,1.4233
33880,1.4233
33881,1.4252
33882,1.4252
33883,1.4252
33884,1.4233
33885,1.4214
33886,1.4155
33887,1.4097
33888,1.4
33889,1.3903
33890,1.3728
33891,1.3573
33892,1.334
33893,1.3126
33894,1.2854
33895,1.2583
33896,1.2291
33897,1.1981
33898,1.167
33899,1.134
33900,1.101
33901,1.068
33902,1.033
33903,1.0
33904,0.96699
33905,0.93204
33906,0.89903
33907,0.86602
33908,0.83301
33909,0.80194
33910,0.77087
33911,0.73981
33912,0.71068
33913,0.6835
33914,0.65825
33915,0.63301
33916,0.61165
33917,0.59029
33918,0.57476
33919,0.55728
33920,0.54369
33921,0.53204
33922,0.52039
33923,0.51068
33924,0.50097
33925,0.49126
33926,0.4835
33927,0.47379
33928,0.46602
33929,0.45631
33930,0.4466
33931,0.43883
33932,0.42913
33933,0.41942
33934,0.41165
33935,0.40194
33936,0.39417
33937,0.38641
33938,0.37864
33939,0.37282
33940,0.36699
33941,0.36117
33942,0.35534
33943,0.34951
33944,0.34563
33945,0.33981
33946,0.33592
33947,0.3301
33948,0.32427
33949,0.32039
33950,0.31456
33951,0.30874
33952,0.30291
33953,0.29903
33954,0.2932
33955,0.28738
33956,0.28155
33957,0.27767
33958,0.27184
33959,0.26602
33960,0.25825
33961,0.25243
33962,0.24854
33963,0.24272
33964,0.23883
33965,0.23495
33966,0.23107
33967,0.22913
33968,0.22524
33969,0.2233
33970,0.22136
33971,0.21942
33972,0.21748
33973,0.21553
33974,0.21553
33975,0.21359
33976,0.21165
33977,0.20971
33978,0.20583
33979,0.20388
33980,0.19806
33981,0.19223
33982,0.18058
33983,0.16893
33984,0.1534
33985,0.13786
33986,0.1165
33987,0.097087
33988,0.073786
33989,0.052427
33990,0.029126
33991,0.0058252
33992,-0.015534
33993,-0.036893
33994,-0.058252
33995,-0.07767
33996,-0.097087
33997,-0.1165
33998,-0.13398
33999,-0.14951
34000,-0.16699
34001,-0.18252
34002,-0.19612
34003,-0.20971
34004,-0.2233
34005,-0.23495
34006,-0.24272
34007,-0.25049
34008,-0.25437
34009,-0.25825
34010,-0.25825
34011,-0.25825
34012,-0.25437
34013,-0.24854
34014,-0.24272
34015,-0.23495
34016,-0.22524
34017,-0.21553
34018,-0.20583
34019,-0.19612
34020,-0.18641
34021,-0.1767
34022,-0.16699
34023,-0.15922
34024,-0.14951
34025,-0.13981
34026,-0.13204
34027,-0.12233
34028,-0.11456
34029,-0.1068
34030,-0.099029
34031,-0.08932
34032,-0.081553
34033,-0.071845
34034,-0.064078
34035,-0.056311
34036,-0.048544
34037,-0.038835
34038,-0.03301
34039,-0.025243
34040,-0.019417
34041,-0.013592
34042,-0.0097087
34043,-0.0038835
34044,0.0019417
34045,0.007767
34046,0.01165
34047,0.015534
34048,0.019417
34049,0.021359
34050,0.025243
34051,0.029126
34052,0.03301
34053,0.036893
34054,0.042718
34055,0.046602
34056,0.052427
34057,0.060194
34058,0.066019
34059,0.071845
34060,0.07767
34061,0.085437
34062,0.08932
34063,0.095146
34064,0.099029
34065,0.10291
34066,0.1068
34067,0.11068
34068,0.11456
34069,0.11845
34070,0.12039
34071,0.12427
34072,0.12427
34073,0.12427
34074,0.12039
34075,0.11456
34076,0.10485
34077,0.095146
34078,0.081553
34079,0.066019
34080,0.048544
34081,0.031068
34082,0.013592
34083,-0.0058252
34084,-0.023301
34085,-0.042718
34086,-0.060194
34087,-0.07767
34088,-0.095146
34089,-0.11068
34090,-0.12816
34091,-0.14369
34092,-0.15922
34093,-0.17476
34094,-0.19029
34095,-0.20583
34096,-0.22136
34097,-0.23689
34098,-0.2466
34099,-0.25631
34100,-0.26408
34101,-0.2699
34102,-0.26796
34103,-0.26602
34104,-0.25825
34105,-0.25049
34106,-0.23495
34107,-0.21942
34108,-0.19806
34109,-0.1767
34110,-0.14951
34111,-0.12233
34112,-0.091262
34113,-0.060194
34114,-0.027184
34115,0.007767
34116,0.046602
34117,0.083495
34118,0.12427
34119,0.16311
34120,0.20388
34121,0.2466
34122,0.28738
34123,0.3301
34124,0.37476
34125,0.41748
34126,0.46019
34127,0.50291
34128,0.54563
34129,0.59029
34130,0.63107
34131,0.67379
34132,0.7165
34133,0.75922
34134,0.8
34135,0.84078
34136,0.87961
34137,0.92039
34138,0.95922
34139,0.99806
34140,1.033
34141,1.0699
34142,1.1029
34143,1.1379
34144,1.167
34145,1.1981
34146,1.2252
34147,1.2524
34148,1.2757
34149,1.301
34150,1.3204
34151,1.3398
34152,1.3553
34153,1.3709
34154,1.3845
34155,1.3961
34156,1.4078
34157,1.4175
34158,1.4252
34159,1.435
34160,1.4427
34161,1.4505
34162,1.4544
34163,1.4583
34164,1.4583
34165,1.4602
34166,1.4563
34167,1.4524
34168,1.4427
34169,1.435
34170,1.4214
34171,1.4097
34172,1.3942
34173,1.3786
34174,1.3631
34175,1.3476
34176,1.332
34177,1.3146
34178,1.2971
34179,1.2777
34180,1.2583
34181,1.2388
34182,1.2175
34183,1.1961
34184,1.1728
34185,1.1495
34186,1.1262
34187,1.101
34188,1.0757
34189,1.0505
34190,1.0252
34191,1.0
34192,0.9767
34193,0.95146
34194,0.9301
34195,0.90874
34196,0.88932
34197,0.8699
34198,0.85437
34199,0.83883
34200,0.82524
34201,0.81165
34202,0.8
34203,0.78835
34204,0.7767
34205,0.76505
34206,0.75534
34207,0.74369
34208,0.73204
34209,0.72233
34210,0.71262
34211,0.70291
34212,0.69515
34213,0.68738
34214,0.67961
34215,0.67184
34216,0.66408
34217,0.65437
34218,0.6466
34219,0.63689
34220,0.62913
34221,0.61942
34222,0.60971
34223,0.60194
34224,0.59029
34225,0.58058
34226,0.57087
34227,0.56117
34228,0.54951
34229,0.53786
34230,0.52621
34231,0.5165
34232,0.50485
34233,0.4932
34234,0.48155
34235,0.47184
34236,0.46019
34237,0.44854
34238,0.43883
34239,0.42913
34240,0.41942
34241,0.40971
34242,0.40194
34243,0.39417
34244,0.38835
34245,0.38252
34246,0.3767
34247,0.37087
34248,0.36699
34249,0.36117
34250,0.35728
34251,0.35146
34252,0.34563
34253,0.34175
34254,0.33592
34255,0.3301
34256,0.32233
34257,0.3165
34258,0.3068
34259,0.29709
34260,0.2835
34261,0.27184
34262,0.25437
34263,0.23689
34264,0.21553
34265,0.19417
34266,0.17087
34267,0.14757
34268,0.12233
34269,0.097087
34270,0.073786
34271,0.048544
34272,0.025243
34273,0.0019417
34274,-0.021359
34275,-0.042718
34276,-0.062136
34277,-0.083495
34278,-0.10097
34279,-0.12039
34280,-0.13592
34281,-0.1534
34282,-0.16699
34283,-0.18058
34284,-0.19223
34285,-0.20388
34286,-0.21165
34287,-0.21748
34288,-0.22136
34289,-0.2233
34290,-0.2233
34291,-0.22136
34292,-0.21748
34293,-0.21165
34294,-0.20583
34295,-0.19806
34296,-0.18835
34297,-0.17864
34298,-0.17087
34299,-0.16117
34300,-0.1534
34301,-0.14369
34302,-0.13592
34303,-0.1301
34304,-0.12233
34305,-0.1165
34306,-0.10874
34307,-0.10291
34308,-0.095146
34309,-0.087379
34310,-0.079612
34311,-0.071845
34312,-0.064078
34313,-0.056311
34314,-0.050485
34315,-0.042718
34316,-0.036893
34317,-0.031068
34318,-0.025243
34319,-0.019417
34320,-0.013592
34321,-0.007767
34322,-0.0038835
34323,0.0
34324,0.0058252
34325,0.0097087
34326,0.013592
34327,0.017476
34328,0.023301
34329,0.027184
34330,0.031068
34331,0.034951
34332,0.038835
34333,0.042718
34334,0.046602
34335,0.052427
34336,0.058252
34337,0.064078
34338,0.069903
34339,0.075728
34340,0.081553
34341,0.085437
34342,0.08932
34343,0.095146
34344,0.097087
34345,0.10097
34346,0.10485
34347,0.10874
34348,0.11068
34349,0.11456
34350,0.1165
34351,0.1165
34352,0.11456
34353,0.11456
34354,0.1068
34355,0.099029
34356,0.085437
34357,0.071845
34358,0.056311
34359,0.040777
34360,0.021359
34361,0.0019417
34362,-0.015534
34363,-0.034951
34364,-0.054369
34365,-0.073786
34366,-0.091262
34367,-0.10874
34368,-0.12621
34369,-0.14175
34370,-0.15728
34371,-0.17282
34372,-0.18641
34373,-0.2
34374,-0.20971
34375,-0.22136
34376,-0.23107
34377,-0.23883
34378,-0.24466
34379,-0.25049
34380,-0.25243
34381,-0.25437
34382,-0.25243
34383,-0.25049
34384,-0.24466
34385,-0.23883
34386,-0.22913
34387,-0.22136
34388,-0.20971
34389,-0.2
34390,-0.19223
34391,-0.18252
34392,-0.1767
34393,-0.16893
34394,-0.16311
34395,-0.15728
34396,-0.15146
34397,-0.14563
34398,-0.13981
34399,-0.13398
34400,-0.12816
34401,-0.12039
34402,-0.11068
34403,-0.10097
34404,-0.08932
34405,-0.07767
34406,-0.062136
34407,-0.046602
34408,-0.029126
34409,-0.0097087
34410,0.013592
34411,0.036893
34412,0.064078
34413,0.091262
34414,0.12427
34415,0.15534
34416,0.19029
34417,0.22718
34418,0.26602
34419,0.30485
34420,0.34563
34421,0.38641
34422,0.42718
34423,0.4699
34424,0.51262
34425,0.55534
34426,0.6
34427,0.64272
34428,0.68738
34429,0.73204
34430,0.7767
34431,0.81942
34432,0.86019
34433,0.90291
34434,0.94175
34435,0.98252
34436,1.0194
34437,1.0583
34438,1.0951
34439,1.132
34440,1.167
34441,1.2019
34442,1.2311
34443,1.2602
34444,1.2835
34445,1.3068
34446,1.3223
34447,1.3359
34448,1.3417
34449,1.3495
34450,1.3476
34451,1.3476
34452,1.3398
34453,1.334
34454,1.3223
34455,1.3126
34456,1.2971
34457,1.2835
34458,1.2699
34459,1.2563
34460,1.2427
34461,1.2291
34462,1.2155
34463,1.2039
34464,1.1903
34465,1.1786
34466,1.167
34467,1.1573
34468,1.1495
34469,1.1417
34470,1.134
34471,1.1282
34472,1.1243
34473,1.1223
34474,1.1204
34475,1.1204
34476,1.1223
34477,1.1243
34478,1.1282
34479,1.132
34480,1.1379
34481,1.1437
34482,1.1495
34483,1.1553
34484,1.1573
34485,1.1612
34486,1.1612
34487,1.1631
34488,1.1612
34489,1.1592
34490,1.1553
34491,1.1495
34492,1.1437
34493,1.1379
34494,1.1301
34495,1.1223
34496,1.1126
34497,1.1029
34498,1.0932
34499,1.0816
34500,1.0699
34501,1.0583
34502,1.0466
34503,1.035
34504,1.0233
34505,1.0117
34506,1.0
34507,0.98641
34508,0.97476
34509,0.96117
34510,0.94757
34511,0.93592
34512,0.92233
34513,0.90874
34514,0.89515
34515,0.87961
34516,0.86602
34517,0.85049
34518,0.83689
34519,0.82136
34520,0.80777
34521,0.79417
34522,0.78058
34523,0.76699
34524,0.75534
34525,0.74369
34526,0.73204
34527,0.72039
34528,0.71068
34529,0.69903
34530,0.68738
34531,0.67767
34532,0.66408
34533,0.65243
34534,0.64078
34535,0.62913
34536,0.61553
34537,0.60194
34538,0.58641
34539,0.56893
34540,0.54951
34541,0.5301
34542,0.5068
34543,0.4835
34544,0.45631
34545,0.43107
34546,0.40194
34547,0.37282
34548,0.34175
34549,0.31262
34550,0.2835
34551,0.25437
34552,0.22524
34553,0.19806
34554,0.16893
34555,0.14175
34556,0.1165
34557,0.08932
34558,0.064078
34559,0.040777
34560,0.017476
34561,-0.0058252
34562,-0.025243
34563,-0.042718
34564,-0.060194
34565,-0.075728
34566,-0.087379
34567,-0.099029
34568,-0.1068
34569,-0.11456
34570,-0.11845
34571,-0.12233
34572,-0.12233
34573,-0.12233
34574,-0.12039
34575,-0.11845
34576,-0.11456
34577,-0.11068
34578,-0.10874
34579,-0.10485
34580,-0.10097
34581,-0.099029
34582,-0.095146
34583,-0.091262
34584,-0.087379
34585,-0.083495
34586,-0.079612
34587,-0.073786
34588,-0.069903
34589,-0.064078
34590,-0.060194
34591,-0.056311
34592,-0.052427
34593,-0.048544
34594,-0.04466
34595,-0.038835
34596,-0.034951
34597,-0.031068
34598,-0.027184
34599,-0.021359
34600,-0.017476
34601,-0.013592
34602,-0.01165
34603,-0.007767
34604,-0.0058252
34605,-0.0038835
34606,-0.0038835
34607,-0.0019417
34608,-0.0019417
34609,0.0
34610,0.0
34611,0.0019417
34612,0.0038835
34613,0.0058252
34614,0.007767
34615,0.01165
34616,0.015534
34617,0.019417
34618,0.023301
34619,0.027184
34620,0.031068
34621,0.034951
34622,0.038835
34623,0.042718
34624,0.046602
34625,0.050485
34626,0.052427
34627,0.056311
34628,0.060194
34629,0.064078
34630,0.064078
34631,0.064078
34632,0.060194
34633,0.056311
34634,0.046602
34635,0.036893
34636,0.023301
34637,0.007767
34638,-0.0097087
34639,-0.027184
34640,-0.046602
34641,-0.066019
34642,-0.085437
34643,-0.10485
34644,-0.12427
34645,-0.14175
34646,-0.15922
34647,-0.1767
34648,-0.19223
34649,-0.20583
34650,-0.21942
34651,-0.23301
34652,-0.24466
34653,-0.25631
34654,-0.26602
34655,-0.27573
34656,-0.28155
34657,-0.28932
34658,-0.2932
34659,-0.29709
34660,-0.29709
34661,-0.29709
34662,-0.2932
34663,-0.28932
34664,-0.28155
34665,-0.27379
34666,-0.26408
34667,-0.25243
34668,-0.24078
34669,-0.22913
34670,-0.21748
34671,-0.20388
34672,-0.19417
34673,-0.18252
34674,-0.17282
34675,-0.16311
34676,-0.15534
34677,-0.14563
34678,-0.13786
34679,-0.1301
34680,-0.12233
34681,-0.11456
34682,-0.10874
34683,-0.10097
34684,-0.093204
34685,-0.085437
34686,-0.07767
34687,-0.069903
34688,-0.062136
34689,-0.054369
34690,-0.046602
34691,-0.040777
34692,-0.034951
34693,-0.027184
34694,-0.023301
34695,-0.017476
34696,-0.01165
34697,-0.007767
34698,-0.0038835
34699,0.0
34700,0.0038835
34701,0.007767
34702,0.01165
34703,0.015534
34704,0.017476
34705,0.021359
34706,0.027184
34707,0.03301
34708,0.038835
34709,0.046602
34710,0.052427
34711,0.058252
34712,0.064078
34713,0.069903
34714,0.075728
34715,0.081553
34716,0.085437
34717,0.08932
34718,0.093204
34719,0.097087
34720,0.10097
34721,0.10291
34722,0.10485
34723,0.10485
34724,0.10291
34725,0.10097
34726,0.08932
34727,0.079612
34728,0.062136
34729,0.04466
34730,0.021359
34731,0.0
34732,-0.023301
34733,-0.046602
34734,-0.069903
34735,-0.091262
34736,-0.10874
34737,-0.12816
34738,-0.13981
34739,-0.1534
34740,-0.16117
34741,-0.16893
34742,-0.17087
34743,-0.17087
34744,-0.16505
34745,-0.15922
34746,-0.14757
34747,-0.13398
34748,-0.1165
34749,-0.097087
34750,-0.071845
34751,-0.04466
34752,-0.01165
34753,0.019417
34754,0.058252
34755,0.097087
34756,0.13981
34757,0.18252
34758,0.22913
34759,0.27573
34760,0.32427
34761,0.37282
34762,0.42136
34763,0.4699
34764,0.52039
34765,0.56893
34766,0.61748
34767,0.66408
34768,0.71068
34769,0.75728
34770,0.8
34771,0.84466
34772,0.88544
34773,0.92621
34774,0.96505
34775,1.0039
34776,1.0408
34777,1.0777
34778,1.1107
34779,1.1437
34780,1.1748
34781,1.2039
34782,1.2291
34783,1.2544
34784,1.2777
34785,1.299
34786,1.3184
34787,1.3359
34788,1.3495
34789,1.3631
34790,1.3748
34791,1.3864
34792,1.3961
34793,1.4058
34794,1.4155
34795,1.4233
34796,1.433
34797,1.4427
34798,1.4505
34799,1.4602
34800,1.468
34801,1.4757
34802,1.4835
34803,1.4893
34804,1.4913
34805,1.4932
34806,1.4932
34807,1.4932
34808,1.4932
34809,1.4932
34810,1.4932
34811,1.4932
34812,1.4932
34813,1.4932
34814,1.4932
34815,1.4932
34816,1.4913
34817,1.4874
34818,1.4699
34819,1.4544
34820,1.4311
34821,1.4078
34822,1.3806
34823,1.3515
34824,1.3184
34825,1.2854
34826,1.2524
34827,1.2175
34828,1.1825
34829,1.1456
34830,1.1087
34831,1.0718
34832,1.035
34833,0.99806
34834,0.96117
34835,0.92427
34836,0.88932
34837,0.85437
34838,0.82136
34839,0.79029
34840,0.75922
34841,0.7301
34842,0.70291
34843,0.67573
34844,0.65243
34845,0.62913
34846,0.61165
34847,0.59223
34848,0.5767
34849,0.56117
34850,0.54951
34851,0.53592
34852,0.52621
34853,0.5165
34854,0.50485
34855,0.49515
34856,0.48544
34857,0.47379
34858,0.46408
34859,0.45437
34860,0.44466
34861,0.43495
34862,0.42524
34863,0.41359
34864,0.40388
34865,0.39223
34866,0.38058
34867,0.37087
34868,0.35922
34869,0.34757
34870,0.33592
34871,0.32621
34872,0.31456
34873,0.30291
34874,0.2932
34875,0.2835
34876,0.27573
34877,0.26796
34878,0.26214
34879,0.25631
34880,0.25243
34881,0.24854
34882,0.2466
34883,0.24466
34884,0.24272
34885,0.24272
34886,0.23883
34887,0.23689
34888,0.23107
34889,0.22718
34890,0.21553
34891,0.20583
34892,0.19223
34893,0.17864
34894,0.16117
34895,0.14369
34896,0.12427
34897,0.10485
34898,0.085437
34899,0.067961
34900,0.048544
34901,0.029126
34902,0.01165
34903,-0.007767
34904,-0.025243
34905,-0.042718
34906,-0.060194
34907,-0.075728
34908,-0.08932
34909,-0.10485
34910,-0.11456
34911,-0.12621
34912,-0.13398
34913,-0.14175
34914,-0.14563
34915,-0.14757
34916,-0.14757
34917,-0.14757
34918,-0.14563
34919,-0.14369
34920,-0.13981
34921,-0.13398
34922,-0.1301
34923,-0.12621
34924,-0.12039
34925,-0.11456
34926,-0.10874
34927,-0.10291
34928,-0.097087
34929,-0.091262
34930,-0.083495
34931,-0.07767
34932,-0.069903
34933,-0.064078
34934,-0.058252
34935,-0.052427
34936,-0.046602
34937,-0.040777
34938,-0.036893
34939,-0.031068
34940,-0.027184
34941,-0.021359
34942,-0.017476
34943,-0.013592
34944,-0.0097087
34945,-0.0058252
34946,-0.0019417
34947,0.0019417
34948,0.0038835
34949,0.007767
34950,0.01165
34951,0.015534
34952,0.019417
34953,0.023301
34954,0.027184
34955,0.031068
34956,0.034951
34957,0.040777
34958,0.04466
34959,0.050485
34960,0.054369
34961,0.060194
34962,0.066019
34963,0.071845
34964,0.07767
34965,0.085437
34966,0.08932
34967,0.095146
34968,0.099029
34969,0.10485
34970,0.10874
34971,0.11262
34972,0.11456
34973,0.11845
34974,0.12039
34975,0.12233
34976,0.12427
34977,0.12427
34978,0.12621
34979,0.12816
34980,0.1301
34981,0.13204
34982,0.13592
34983,0.13786
34984,0.14175
34985,0.14563
34986,0.14951
34987,0.1534
34988,0.15728
34989,0.16311
34990,0.16505
34991,0.16699
34992,0.16893
34993,0.16893
34994,0.16699
34995,0.16699
34996,0.16505
34997,0.16311
34998,0.15728
34999,0.15146
35000,0.13981
35001,0.1301
35002,0.11262
35003,0.095146
35004,0.071845
35005,0.048544
35006,0.023301
35007,-0.0019417
35008,-0.027184
35009,-0.052427
35010,-0.07767
35011,-0.10291
35012,-0.12816
35013,-0.15146
35014,-0.17476
35015,-0.19806
35016,-0.21942
35017,-0.24078
35018,-0.26019
35019,-0.27961
35020,-0.29709
35021,-0.31262
35022,-0.32621
35023,-0.33786
35024,-0.34757
35025,-0.35728
35026,-0.36117
35027,-0.36505
35028,-0.36505
35029,-0.36311
35030,-0.35922
35031,-0.35534
35032,-0.34757
35033,-0.33981
35034,-0.3301
35035,-0.32039
35036,-0.30874
35037,-0.29709
35038,-0.28544
35039,-0.27379
35040,-0.26214
35041,-0.25049
35042,-0.24078
35043,-0.22913
35044,-0.21942
35045,-0.20777
35046,-0.19612
35047,-0.18447
35048,-0.17282
35049,-0.16117
35050,-0.14951
35051,-0.13981
35052,-0.1301
35053,-0.12039
35054,-0.11262
35055,-0.10485
35056,-0.099029
35057,-0.093204
35058,-0.085437
35059,-0.079612
35060,-0.073786
35061,-0.066019
35062,-0.058252
35063,-0.048544
35064,-0.038835
35065,-0.029126
35066,-0.015534
35067,-0.0019417
35068,0.015534
35069,0.031068
35070,0.052427
35071,0.075728
35072,0.10097
35073,0.12816
35074,0.15922
35075,0.19029
35076,0.22524
35077,0.26019
35078,0.29709
35079,0.33398
35080,0.37282
35081,0.41165
35082,0.45049
35083,0.49126
35084,0.5301
35085,0.57087
35086,0.61165
35087,0.65243
35088,0.69126
35089,0.73204
35090,0.76699
35091,0.80388
35092,0.83495
35093,0.86602
35094,0.89126
35095,0.9165
35096,0.93398
35097,0.9534
35098,0.96893
35099,0.98252
35100,0.99417
35101,1.0058
35102,1.0136
35103,1.0214
35104,1.0272
35105,1.033
35106,1.0369
35107,1.0408
35108,1.0427
35109,1.0447
35110,1.0447
35111,1.0447
35112,1.0447
35113,1.0427
35114,1.0427
35115,1.0427
35116,1.0427
35117,1.0427
35118,1.0466
35119,1.0485
35120,1.0544
35121,1.0602
35122,1.0699
35123,1.0816
35124,1.0932
35125,1.1068
35126,1.1223
35127,1.1379
35128,1.1553
35129,1.1728
35130,1.1883
35131,1.2058
35132,1.2194
35133,1.235
35134,1.2485
35135,1.2641
35136,1.2757
35137,1.2893
35138,1.299
35139,1.3107
35140,1.3204
35141,1.3282
35142,1.3359
35143,1.3417
35144,1.3456
35145,1.3515
35146,1.3515
35147,1.3534
35148,1.3515
35149,1.3495
35150,1.3456
35151,1.3398
35152,1.332
35153,1.3262
35154,1.3146
35155,1.3049
35156,1.2913
35157,1.2777
35158,1.2621
35159,1.2485
35160,1.2311
35161,1.2155
35162,1.1981
35163,1.1825
35164,1.165
35165,1.1476
35166,1.1301
35167,1.1146
35168,1.0971
35169,1.0816
35170,1.066
35171,1.0505
35172,1.0369
35173,1.0214
35174,1.0078
35175,0.99223
35176,0.97864
35177,0.96311
35178,0.94757
35179,0.93204
35180,0.91456
35181,0.89709
35182,0.87767
35183,0.86019
35184,0.84078
35185,0.82136
35186,0.79612
35187,0.77282
35188,0.74369
35189,0.71456
35190,0.68155
35191,0.64854
35192,0.61359
35193,0.58058
35194,0.54563
35195,0.51068
35196,0.47573
35197,0.44272
35198,0.40971
35199,0.3767
35200,0.34369
35201,0.31068
35202,0.28155
35203,0.25049
35204,0.2233
35205,0.19417
35206,0.16893
35207,0.14369
35208,0.12233
35209,0.099029
35210,0.079612
35211,0.060194
35212,0.042718
35213,0.027184
35214,0.015534
35215,0.0058252
35216,-0.0019417
35217,-0.007767
35218,-0.01165
35219,-0.015534
35220,-0.017476
35221,-0.017476
35222,-0.019417
35223,-0.019417
35224,-0.021359
35225,-0.021359
35226,-0.021359
35227,-0.023301
35228,-0.023301
35229,-0.023301
35230,-0.023301
35231,-0.023301
35232,-0.023301
35233,-0.023301
35234,-0.023301
35235,-0.021359
35236,-0.021359
35237,-0.019417
35238,-0.017476
35239,-0.015534
35240,-0.01165
35241,-0.0097087
35242,-0.007767
35243,-0.0058252
35244,-0.0019417
35245,0.0
35246,0.0019417
35247,0.0038835
35248,0.0058252
35249,0.0097087
35250,0.0097087
35251,0.01165
35252,0.0097087
35253,0.0097087
35254,0.0097087
35255,0.0097087
35256,0.007767
35257,0.007767
35258,0.0097087
35259,0.0097087
35260,0.01165
35261,0.013592
35262,0.015534
35263,0.017476
35264,0.021359
35265,0.023301
35266,0.025243
35267,0.029126
35268,0.031068
35269,0.03301
35270,0.034951
35271,0.036893
35272,0.040777
35273,0.042718
35274,0.04466
35275,0.046602
35276,0.048544
35277,0.048544
35278,0.04466
35279,0.042718
35280,0.03301
35281,0.025243
35282,0.01165
35283,-0.0019417
35284,-0.019417
35285,-0.034951
35286,-0.052427
35287,-0.069903
35288,-0.087379
35289,-0.10485
35290,-0.12233
35291,-0.13981
35292,-0.15728
35293,-0.17282
35294,-0.18835
35295,-0.20388
35296,-0.21748
35297,-0.23107
35298,-0.24272
35299,-0.25437
35300,-0.26408
35301,-0.27184
35302,-0.27961
35303,-0.28544
35304,-0.28932
35305,-0.29126
35306,-0.29126
35307,-0.29126
35308,-0.28738
35309,-0.2835
35310,-0.27573
35311,-0.26796
35312,-0.25631
35313,-0.2466
35314,-0.23495
35315,-0.2233
35316,-0.20971
35317,-0.19806
35318,-0.18835
35319,-0.1767
35320,-0.16699
35321,-0.15728
35322,-0.14757
35323,-0.13786
35324,-0.1301
35325,-0.12233
35326,-0.11262
35327,-0.10485
35328,-0.097087
35329,-0.08932
35330,-0.081553
35331,-0.071845
35332,-0.064078
35333,-0.056311
35334,-0.048544
35335,-0.040777
35336,-0.034951
35337,-0.027184
35338,-0.019417
35339,-0.01165
35340,-0.0058252
35341,0.0
35342,0.0038835
35343,0.0097087
35344,0.013592
35345,0.017476
35346,0.021359
35347,0.023301
35348,0.027184
35349,0.031068
35350,0.034951
35351,0.038835
35352,0.04466
35353,0.048544
35354,0.054369
35355,0.060194
35356,0.067961
35357,0.073786
35358,0.079612
35359,0.085437
35360,0.08932
35361,0.095146
35362,0.099029
35363,0.10291
35364,0.1068
35365,0.11068
35366,0.11262
35367,0.11456
35368,0.11456
35369,0.11456
35370,0.10874
35371,0.10291
35372,0.08932
35373,0.07767
35374,0.058252
35375,0.040777
35376,0.019417
35377,-0.0019417
35378,-0.021359
35379,-0.040777
35380,-0.056311
35381,-0.073786
35382,-0.085437
35383,-0.097087
35384,-0.10291
35385,-0.10874
35386,-0.10874
35387,-0.11068
35388,-0.10485
35389,-0.10097
35390,-0.091262
35391,-0.081553
35392,-0.066019
35393,-0.052427
35394,-0.031068
35395,-0.01165
35396,0.013592
35397,0.038835
35398,0.067961
35399,0.099029
35400,0.13398
35401,0.16893
35402,0.20971
35403,0.25049
35404,0.29515
35405,0.33981
35406,0.38641
35407,0.43301
35408,0.47961
35409,0.52816
35410,0.57476
35411,0.61942
35412,0.66408
35413,0.7068
35414,0.74757
35415,0.78835
35416,0.82524
35417,0.86214
35418,0.89515
35419,0.92816
35420,0.95922
35421,0.98835
35422,1.0155
35423,1.0408
35424,1.066
35425,1.0893
35426,1.1087
35427,1.1301
35428,1.1456
35429,1.1631
35430,1.1786
35431,1.1942
35432,1.2097
35433,1.2252
35434,1.2388
35435,1.2524
35436,1.2641
35437,1.2757
35438,1.2854
35439,1.2971
35440,1.3068
35441,1.3165
35442,1.3262
35443,1.3359
35444,1.3437
35445,1.3534
35446,1.3612
35447,1.3689
35448,1.3767
35449,1.3845
35450,1.3903
35451,1.3961
35452,1.3981
35453,1.4
35454,1.4019
35455,1.4039
35456,1.4019
35457,1.4019
35458,1.3981
35459,1.3942
35460,1.3864
35461,1.3806
35462,1.367
35463,1.3534
35464,1.334
35465,1.3146
35466,1.2913
35467,1.266
35468,1.2369
35469,1.2078
35470,1.1767
35471,1.1456
35472,1.1107
35473,1.0777
35474,1.0447
35475,1.0097
35476,0.97476
35477,0.94175
35478,0.9068
35479,0.87184
35480,0.83689
35481,0.80194
35482,0.76893
35483,0.73592
35484,0.70291
35485,0.67184
35486,0.64272
35487,0.61359
35488,0.58835
35489,0.56117
35490,0.53786
35491,0.5165
35492,0.49903
35493,0.48155
35494,0.46602
35495,0.45049
35496,0.43883
35497,0.42718
35498,0.41553
35499,0.40583
35500,0.39417
35501,0.38447
35502,0.37476
35503,0.36505
35504,0.35534
35505,0.34563
35506,0.33786
35507,0.32816
35508,0.32039
35509,0.31262
35510,0.3068
35511,0.30097
35512,0.2932
35513,0.28738
35514,0.2835
35515,0.27767
35516,0.27379
35517,0.26796
35518,0.26408
35519,0.26019
35520,0.25631
35521,0.25243
35522,0.2466
35523,0.24272
35524,0.23689
35525,0.23107
35526,0.22524
35527,0.22136
35528,0.21553
35529,0.20971
35530,0.20388
35531,0.19806
35532,0.19029
35533,0.18447
35534,0.17864
35535,0.17282
35536,0.16893
35537,0.16311
35538,0.15922
35539,0.15534
35540,0.1534
35541,0.14951
35542,0.14757
35543,0.14563
35544,0.14369
35545,0.14175
35546,0.13981
35547,0.13786
35548,0.13398
35549,0.13204
35550,0.1301
35551,0.1301
35552,0.12816
35553,0.12621
35554,0.12039
35555,0.11456
35556,0.10485
35557,0.095146
35558,0.079612
35559,0.066019
35560,0.048544
35561,0.029126
35562,0.0097087
35563,-0.01165
35564,-0.03301
35565,-0.054369
35566,-0.075728
35567,-0.097087
35568,-0.11845
35569,-0.13786
35570,-0.15534
35571,-0.17476
35572,-0.19223
35573,-0.20777
35574,-0.2233
35575,-0.23883
35576,-0.25437
35577,-0.26796
35578,-0.27961
35579,-0.28932
35580,-0.29709
35581,-0.30485
35582,-0.30874
35583,-0.31262
35584,-0.31068
35585,-0.31068
35586,-0.3068
35587,-0.30097
35588,-0.2932
35589,-0.28544
35590,-0.27573
35591,-0.26602
35592,-0.25437
35593,-0.24466
35594,-0.23301
35595,-0.2233
35596,-0.21359
35597,-0.20388
35598,-0.19417
35599,-0.18447
35600,-0.17476
35601,-0.16505
35602,-0.15534
35603,-0.14563
35604,-0.13592
35605,-0.12621
35606,-0.1165
35607,-0.1068
35608,-0.097087
35609,-0.08932
35610,-0.079612
35611,-0.071845
35612,-0.064078
35613,-0.056311
35614,-0.048544
35615,-0.042718
35616,-0.034951
35617,-0.027184
35618,-0.021359
35619,-0.015534
35620,-0.0097087
35621,-0.0058252
35622,-0.0019417
35623,0.0019417
35624,0.0038835
35625,0.0058252
35626,0.0097087
35627,0.01165
35628,0.015534
35629,0.019417
35630,0.023301
35631,0.029126
35632,0.036893
35633,0.042718
35634,0.048544
35635,0.054369
35636,0.060194
35637,0.064078
35638,0.069903
35639,0.073786
35640,0.07767
35641,0.081553
35642,0.085437
35643,0.091262
35644,0.095146
35645,0.099029
35646,0.10097
35647,0.10291
35648,0.10097
35649,0.099029
35650,0.08932
35651,0.081553
35652,0.066019
35653,0.052427
35654,0.034951
35655,0.017476
35656,-0.0019417
35657,-0.021359
35658,-0.040777
35659,-0.058252
35660,-0.07767
35661,-0.097087
35662,-0.11456
35663,-0.13398
35664,-0.15146
35665,-0.16893
35666,-0.18447
35667,-0.20194
35668,-0.21942
35669,-0.23495
35670,-0.24854
35671,-0.26214
35672,-0.2699
35673,-0.27961
35674,-0.28155
35675,-0.28544
35676,-0.2835
35677,-0.27961
35678,-0.2699
35679,-0.25825
35680,-0.24272
35681,-0.22524
35682,-0.20194
35683,-0.18058
35684,-0.15146
35685,-0.12427
35686,-0.091262
35687,-0.058252
35688,-0.021359
35689,0.015534
35690,0.054369
35691,0.093204
35692,0.13398
35693,0.17476
35694,0.21553
35695,0.25437
35696,0.29515
35697,0.33592
35698,0.3767
35699,0.41748
35700,0.45825
35701,0.49903
35702,0.54175
35703,0.58252
35704,0.62524
35705,0.66796
35706,0.71068
35707,0.75146
35708,0.79417
35709,0.83689
35710,0.87573
35711,0.9165
35712,0.95534
35713,0.99417
35714,1.0311
35715,1.068
35716,1.101
35717,1.1359
35718,1.167
35719,1.1981
35720,1.2272
35721,1.2563
35722,1.2816
35723,1.3068
35724,1.3262
35725,1.3476
35726,1.365
35727,1.3806
35728,1.3942
35729,1.4078
35730,1.4175
35731,1.4291
35732,1.4369
35733,1.4447
35734,1.4524
35735,1.4583
35736,1.4621
35737,1.466
35738,1.466
35739,1.466
35740,1.4602
35741,1.4563
35742,1.4466
35743,1.4369
35744,1.4214
35745,1.4078
35746,1.3922
35747,1.3767
35748,1.3592
35749,1.3417
35750,1.3223
35751,1.3029
35752,1.2816
35753,1.2621
35754,1.2388
35755,1.2155
35756,1.1922
35757,1.167
35758,1.1417
35759,1.1165
35760,1.0893
35761,1.0621
35762,1.035
35763,1.0078
35764,0.98058
35765,0.9534
35766,0.92816
35767,0.90485
35768,0.88155
35769,0.86019
35770,0.84078
35771,0.82136
35772,0.80583
35773,0.79029
35774,0.7767
35775,0.76311
35776,0.74951
35777,0.73786
35778,0.72621
35779,0.71456
35780,0.70291
35781,0.69126
35782,0.68155
35783,0.67184
35784,0.66214
35785,0.65243
35786,0.64272
35787,0.63301
35788,0.62524
35789,0.61553
35790,0.60777
35791,0.6
35792,0.59223
35793,0.58447
35794,0.57476
35795,0.56699
35796,0.55922
35797,0.55146
35798,0.54175
35799,0.53204
35800,0.52233
35801,0.51262
35802,0.50097
35803,0.49126
35804,0.47961
35805,0.4699
35806,0.45825
35807,0.44854
35808,0.43689
35809,0.42718
35810,0.41748
35811,0.40777
35812,0.39806
35813,0.38835
35814,0.38058
35815,0.37087
35816,0.36311
35817,0.35534
35818,0.34951
35819,0.34369
35820,0.33786
35821,0.33398
35822,0.32816
35823,0.32233
35824,0.31845
35825,0.31262
35826,0.3068
35827,0.30097
35828,0.29709
35829,0.29126
35830,0.28544
35831,0.27961
35832,0.27184
35833,0.26408
35834,0.25243
35835,0.24078
35836,0.2233
35837,0.20583
35838,0.18447
35839,0.16311
35840,0.13786
35841,0.11456
35842,0.08932
35843,0.064078
35844,0.040777
35845,0.015534
35846,-0.007767
35847,-0.031068
35848,-0.052427
35849,-0.073786
35850,-0.093204
35851,-0.11262
35852,-0.1301
35853,-0.14757
35854,-0.16117
35855,-0.1767
35856,-0.18835
35857,-0.20194
35858,-0.20971
35859,-0.21942
35860,-0.22524
35861,-0.23107
35862,-0.23301
35863,-0.23495
35864,-0.23301
35865,-0.23107
35866,-0.22524
35867,-0.21942
35868,-0.21165
35869,-0.20388
35870,-0.19417
35871,-0.18641
35872,-0.1767
35873,-0.16893
35874,-0.16117
35875,-0.15534
35876,-0.14951
35877,-0.14175
35878,-0.13592
35879,-0.1301
35880,-0.12233
35881,-0.1165
35882,-0.10874
35883,-0.10291
35884,-0.095146
35885,-0.08932
35886,-0.081553
35887,-0.075728
35888,-0.067961
35889,-0.060194
35890,-0.054369
35891,-0.046602
35892,-0.040777
35893,-0.03301
35894,-0.027184
35895,-0.019417
35896,-0.013592
35897,-0.007767
35898,-0.0019417
35899,0.0019417
35900,0.007767
35901,0.01165
35902,0.015534
35903,0.019417
35904,0.021359
35905,0.025243
35906,0.029126
35907,0.03301
35908,0.038835
35909,0.04466
35910,0.050485
35911,0.056311
35912,0.062136
35913,0.067961
35914,0.073786
35915,0.07767
35916,0.081553
35917,0.085437
35918,0.08932
35919,0.093204
35920,0.097087
35921,0.10097
35922,0.10291
35923,0.1068
35924,0.10874
35925,0.11068
35926,0.1068
35927,0.10291
35928,0.093204
35929,0.085437
35930,0.071845
35931,0.058252
35932,0.040777
35933,0.023301
35934,0.0038835
35935,-0.015534
35936,-0.034951
35937,-0.054369
35938,-0.071845
35939,-0.08932
35940,-0.1068
35941,-0.12427
35942,-0.13981
35943,-0.15534
35944,-0.16893
35945,-0.18252
35946,-0.19612
35947,-0.20777
35948,-0.21942
35949,-0.23107
35950,-0.23883
35951,-0.24854
35952,-0.25437
35953,-0.26019
35954,-0.26408
35955,-0.26796
35956,-0.26796
35957,-0.2699
35958,-0.26602
35959,-0.26214
35960,-0.25437
35961,-0.24854
35962,-0.23689
35963,-0.22524
35964,-0.20971
35965,-0.19417
35966,-0.17476
35967,-0.15728
35968,-0.13592
35969,-0.11456
35970,-0.08932
35971,-0.064078
35972,-0.034951
35973,-0.0058252
35974,0.027184
35975,0.060194
35976,0.097087
35977,0.13398
35978,0.17087
35979,0.20971
35980,0.25049
35981,0.28932
35982,0.3301
35983,0.37087
35984,0.41165
35985,0.45243
35986,0.4932
35987,0.53204
35988,0.57282
35989,0.61165
35990,0.65243
35991,0.6932
35992,0.73398
35993,0.77476
35994,0.81359
35995,0.85437
35996,0.89126
35997,0.9301
35998,0.96893
35999,1.0078
36000,1.0447
36001,1.0816
36002,1.1165
36003,1.1515
36004,1.1825
36005,1.2136
36006,1.2388
36007,1.266
36008,1.2893
36009,1.3126
36010,1.332
36011,1.3515
36012,1.367
36013,1.3825
36014,1.3922
36015,1.4039
36016,1.4097
36017,1.4155
36018,1.4155
36019,1.4155
36020,1.4117
36021,1.4058
36022,1.3961
36023,1.3883
36024,1.3748
36025,1.3631
36026,1.3495
36027,1.3359
36028,1.3223
36029,1.3068
36030,1.2913
36031,1.2757
36032,1.2583
36033,1.2427
36034,1.2252
36035,1.2078
36036,1.1883
36037,1.1709
36038,1.1515
36039,1.132
36040,1.1126
36041,1.0913
36042,1.0718
36043,1.0524
36044,1.033
36045,1.0155
36046,0.99806
36047,0.98252
36048,0.96699
36049,0.95146
36050,0.93981
36051,0.92816
36052,0.91845
36053,0.90874
36054,0.89903
36055,0.89126
36056,0.88155
36057,0.87184
36058,0.86214
36059,0.85243
36060,0.84272
36061,0.83107
36062,0.82136
36063,0.81165
36064,0.80194
36065,0.79223
36066,0.78252
36067,0.77476
36068,0.76699
36069,0.75728
36070,0.74951
36071,0.74175
36072,0.73398
36073,0.72621
36074,0.71845
36075,0.71068
36076,0.70097
36077,0.69126
36078,0.68155
36079,0.67184
36080,0.66019
36081,0.65049
36082,0.63883
36083,0.62718
36084,0.61553
36085,0.60194
36086,0.59029
36087,0.57864
36088,0.56505
36089,0.5534
36090,0.53981
36091,0.52816
36092,0.5165
36093,0.50485
36094,0.4932
36095,0.4835
36096,0.47379
36097,0.46602
36098,0.45825
36099,0.45049
36100,0.44466
36101,0.43883
36102,0.43107
36103,0.4233
36104,0.41553
36105,0.40777
36106,0.40194
36107,0.39417
36108,0.38641
36109,0.37864
36110,0.37087
36111,0.36117
36112,0.35146
36113,0.33981
36114,0.32233
36115,0.3068
36116,0.28544
36117,0.26602
36118,0.24078
36119,0.21748
36120,0.19029
36121,0.16505
36122,0.13786
36123,0.11068
36124,0.083495
36125,0.058252
36126,0.03301
36127,0.0097087
36128,-0.01165
36129,-0.034951
36130,-0.054369
36131,-0.073786
36132,-0.093204
36133,-0.11068
36134,-0.12427
36135,-0.13981
36136,-0.15146
36137,-0.16117
36138,-0.16893
36139,-0.1767
36140,-0.18058
36141,-0.18447
36142,-0.18447
36143,-0.18447
36144,-0.18252
36145,-0.17864
36146,-0.17282
36147,-0.16699
36148,-0.16117
36149,-0.1534
36150,-0.14563
36151,-0.13786
36152,-0.13204
36153,-0.12427
36154,-0.11845
36155,-0.11068
36156,-0.10485
36157,-0.099029
36158,-0.093204
36159,-0.087379
36160,-0.081553
36161,-0.075728
36162,-0.067961
36163,-0.062136
36164,-0.056311
36165,-0.050485
36166,-0.042718
36167,-0.036893
36168,-0.031068
36169,-0.025243
36170,-0.019417
36171,-0.01165
36172,-0.0058252
36173,0.0
36174,0.0038835
36175,0.0097087
36176,0.015534
36177,0.021359
36178,0.025243
36179,0.029126
36180,0.031068
36181,0.034951
36182,0.036893
36183,0.040777
36184,0.042718
36185,0.04466
36186,0.048544
36187,0.052427
36188,0.058252
36189,0.064078
36190,0.069903
36191,0.075728
36192,0.081553
36193,0.087379
36194,0.091262
36195,0.097087
36196,0.10097
36197,0.10485
36198,0.10874
36199,0.11262
36200,0.1165
36201,0.12233
36202,0.12427
36203,0.12621
36204,0.12427
36205,0.12427
36206,0.11845
36207,0.11262
36208,0.10097
36209,0.08932
36210,0.073786
36211,0.058252
36212,0.038835
36213,0.019417
36214,-0.0019417
36215,-0.021359
36216,-0.040777
36217,-0.060194
36218,-0.079612
36219,-0.097087
36220,-0.11456
36221,-0.13204
36222,-0.14951
36223,-0.16505
36224,-0.17864
36225,-0.19417
36226,-0.20583
36227,-0.21748
36228,-0.22718
36229,-0.23689
36230,-0.24272
36231,-0.24854
36232,-0.25049
36233,-0.25243
36234,-0.25049
36235,-0.24854
36236,-0.24272
36237,-0.23689
36238,-0.22718
36239,-0.21748
36240,-0.20583
36241,-0.19223
36242,-0.18252
36243,-0.17087
36244,-0.16117
36245,-0.15146
36246,-0.14175
36247,-0.13398
36248,-0.12621
36249,-0.11845
36250,-0.11068
36251,-0.10291
36252,-0.095146
36253,-0.087379
36254,-0.079612
36255,-0.069903
36256,-0.060194
36257,-0.052427
36258,-0.042718
36259,-0.034951
36260,-0.027184
36261,-0.019417
36262,-0.01165
36263,-0.0038835
36264,0.0038835
36265,0.0097087
36266,0.015534
36267,0.023301
36268,0.027184
36269,0.03301
36270,0.036893
36271,0.040777
36272,0.042718
36273,0.04466
36274,0.04466
36275,0.04466
36276,0.042718
36277,0.040777
36278,0.040777
36279,0.040777
36280,0.040777
36281,0.042718
36282,0.048544
36283,0.054369
36284,0.062136
36285,0.071845
36286,0.083495
36287,0.097087
36288,0.11262
36289,0.1301
36290,0.14951
36291,0.17087
36292,0.19612
36293,0.21942
36294,0.2466
36295,0.27184
36296,0.29903
36297,0.32621
36298,0.34757
36299,0.36893
36300,0.38447
36301,0.40194
36302,0.41748
36303,0.43107
36304,0.44466
36305,0.46019
36306,0.47379
36307,0.48932
36308,0.5068
36309,0.52233
36310,0.53981
36311,0.55922
36312,0.5767
36313,0.59612
36314,0.61553
36315,0.63495
36316,0.65437
36317,0.67573
36318,0.69903
36319,0.72233
36320,0.74563
36321,0.77087
36322,0.79612
36323,0.8233
36324,0.85049
36325,0.87961
36326,0.9068
36327,0.93592
36328,0.96699
36329,0.99612
36330,1.0252
36331,1.0544
36332,1.0835
36333,1.1107
36334,1.1359
36335,1.1592
36336,1.1786
36337,1.1981
36338,1.2155
36339,1.2311
36340,1.2447
36341,1.2583
36342,1.2718
36343,1.2854
36344,1.299
36345,1.3126
36346,1.3243
36347,1.3379
36348,1.3515
36349,1.365
36350,1.3767
36351,1.3883
36352,1.3981
36353,1.4078
36354,1.4175
36355,1.4252
36356,1.433
36357,1.4408
36358,1.4466
36359,1.4524
36360,1.4563
36361,1.4602
36362,1.4602
36363,1.4621
36364,1.4602
36365,1.4583
36366,1.4524
36367,1.4466
36368,1.4408
36369,1.433
36370,1.4233
36371,1.4136
36372,1.4019
36373,1.3903
36374,1.3767
36375,1.365
36376,1.3495
36377,1.3359
36378,1.3204
36379,1.3029
36380,1.2854
36381,1.266
36382,1.2485
36383,1.2291
36384,1.2097
36385,1.1903
36386,1.1709
36387,1.1495
36388,1.1282
36389,1.1068
36390,1.0816
36391,1.0544
36392,1.0252
36393,0.99612
36394,0.96311
36395,0.93204
36396,0.89903
36397,0.86602
36398,0.83107
36399,0.79612
36400,0.76117
36401,0.72427
36402,0.68932
36403,0.65437
36404,0.62136
36405,0.58641
36406,0.5534
36407,0.52039
36408,0.48932
36409,0.45631
36410,0.42718
36411,0.39806
36412,0.37087
36413,0.34175
36414,0.31845
36415,0.29515
36416,0.27573
36417,0.25631
36418,0.24272
36419,0.22718
36420,0.21748
36421,0.20583
36422,0.19806
36423,0.19029
36424,0.18447
36425,0.17864
36426,0.17476
36427,0.16893
36428,0.16311
36429,0.15922
36430,0.1534
36431,0.14951
36432,0.14757
36433,0.14369
36434,0.14175
36435,0.13786
36436,0.13592
36437,0.13398
36438,0.13204
36439,0.13204
36440,0.1301
36441,0.12816
36442,0.12621
36443,0.12427
36444,0.12039
36445,0.11845
36446,0.1165
36447,0.11456
36448,0.11262
36449,0.11068
36450,0.10874
36451,0.1068
36452,0.10291
36453,0.10097
36454,0.099029
36455,0.097087
36456,0.093204
36457,0.091262
36458,0.08932
36459,0.085437
36460,0.081553
36461,0.079612
36462,0.07767
36463,0.075728
36464,0.075728
36465,0.075728
36466,0.07767
36467,0.079612
36468,0.081553
36469,0.083495
36470,0.085437
36471,0.087379
36472,0.087379
36473,0.08932
36474,0.08932
36475,0.091262
36476,0.091262
36477,0.093204
36478,0.091262
36479,0.091262
36480,0.085437
36481,0.081553
36482,0.071845
36483,0.062136
36484,0.046602
36485,0.031068
36486,0.013592
36487,-0.0058252
36488,-0.027184
36489,-0.046602
36490,-0.067961
36491,-0.08932
36492,-0.10874
36493,-0.1301
36494,-0.14951
36495,-0.16699
36496,-0.18447
36497,-0.20194
36498,-0.21748
36499,-0.23107
36500,-0.24466
36501,-0.25631
36502,-0.26796
36503,-0.27767
36504,-0.28738
36505,-0.29709
36506,-0.30097
36507,-0.3068
36508,-0.30874
36509,-0.31068
36510,-0.30874
36511,-0.3068
36512,-0.30097
36513,-0.29515
36514,-0.28544
36515,-0.27573
36516,-0.26602
36517,-0.25437
36518,-0.24272
36519,-0.23107
36520,-0.21942
36521,-0.20971
36522,-0.2
36523,-0.18835
36524,-0.18058
36525,-0.17087
36526,-0.16117
36527,-0.1534
36528,-0.14369
36529,-0.13592
36530,-0.12816
36531,-0.12039
36532,-0.11068
36533,-0.10291
36534,-0.095146
36535,-0.085437
36536,-0.07767
36537,-0.067961
36538,-0.060194
36539,-0.052427
36540,-0.04466
36541,-0.036893
36542,-0.031068
36543,-0.023301
36544,-0.017476
36545,-0.01165
36546,-0.007767
36547,-0.0019417
36548,0.0019417
36549,0.0058252
36550,0.007767
36551,0.01165
36552,0.015534
36553,0.017476
36554,0.021359
36555,0.027184
36556,0.031068
36557,0.034951
36558,0.040777
36559,0.046602
36560,0.052427
36561,0.058252
36562,0.062136
36563,0.066019
36564,0.069903
36565,0.073786
36566,0.075728
36567,0.079612
36568,0.081553
36569,0.083495
36570,0.085437
36571,0.08932
36572,0.08932
36573,0.08932
36574,0.081553
36575,0.073786
36576,0.060194
36577,0.04466
36578,0.025243
36579,0.0058252
36580,-0.019417
36581,-0.042718
36582,-0.064078
36583,-0.087379
36584,-0.1068
36585,-0.12427
36586,-0.13786
36587,-0.15146
36588,-0.15922
36589,-0.16699
36590,-0.16893
36591,-0.16893
36592,-0.16505
36593,-0.16117
36594,-0.15146
36595,-0.14175
36596,-0.12621
36597,-0.11068
36598,-0.08932
36599,-0.066019
36600,-0.040777
36601,-0.013592
36602,0.019417
36603,0.052427
36604,0.091262
36605,0.12816
36606,0.16893
36607,0.21165
36608,0.25631
36609,0.30097
36610,0.34369
36611,0.38835
36612,0.43301
36613,0.47767
36614,0.52039
36615,0.56505
36616,0.60777
36617,0.65049
36618,0.6932
36619,0.73592
36620,0.7767
36621,0.81748
36622,0.85825
36623,0.89903
36624,0.93786
36625,0.9767
36626,1.0136
36627,1.0485
36628,1.0816
36629,1.1165
36630,1.1456
36631,1.1748
36632,1.2019
36633,1.2272
36634,1.2505
36635,1.2718
36636,1.2913
36637,1.3087
36638,1.3243
36639,1.3379
36640,1.3476
36641,1.3592
36642,1.3689
36643,1.3767
36644,1.3845
36645,1.3903
36646,1.3961
36647,1.4039
36648,1.4078
36649,1.4136
36650,1.4175
36651,1.4214
36652,1.4252
36653,1.4291
36654,1.4311
36655,1.4311
36656,1.4311
36657,1.433
36658,1.433
36659,1.433
36660,1.4311
36661,1.4311
36662,1.4272
36663,1.4233
36664,1.4175
36665,1.4097
36666,1.3961
36667,1.3825
36668,1.3631
36669,1.3437
36670,1.3184
36671,1.2932
36672,1.2641
36673,1.235
36674,1.2019
36675,1.1689
36676,1.134
36677,1.101
36678,1.0641
36679,1.0272
36680,0.99029
36681,0.9534
36682,0.9165
36683,0.88155
36684,0.8466
36685,0.81165
36686,0.77864
36687,0.74563
36688,0.71262
36689,0.68155
36690,0.65243
36691,0.62524
36692,0.6
36693,0.57476
36694,0.55534
36695,0.53592
36696,0.52039
36697,0.50485
36698,0.49126
36699,0.47961
36700,0.46796
36701,0.45825
36702,0.44854
36703,0.43689
36704,0.42718
36705,0.41553
36706,0.40583
36707,0.39417
36708,0.38252
36709,0.37087
36710,0.36117
36711,0.35146
36712,0.34175
36713,0.33204
36714,0.32427
36715,0.31456
36716,0.3068
36717,0.29903
36718,0.29126
36719,0.28544
36720,0.27961
36721,0.27379
36722,0.26796
36723,0.26408
36724,0.25825
36725,0.25243
36726,0.24854
36727,0.24272
36728,0.23883
36729,0.23495
36730,0.22913
36731,0.22524
36732,0.21942
36733,0.21359
36734,0.20583
36735,0.2
36736,0.19417
36737,0.18835
36738,0.18252
36739,0.1767
36740,0.17087
36741,0.16699
36742,0.16311
36743,0.15922
36744,0.15534
36745,0.15146
36746,0.14951
36747,0.14563
36748,0.14369
36749,0.13981
36750,0.13786
36751,0.13592
36752,0.13398
36753,0.13204
36754,0.1301
36755,0.12816
36756,0.12621
36757,0.12233
36758,0.11456
36759,0.1068
36760,0.095146
36761,0.083495
36762,0.067961
36763,0.052427
36764,0.03301
36765,0.013592
36766,-0.0058252
36767,-0.025243
36768,-0.046602
36769,-0.067961
36770,-0.087379
36771,-0.10874
36772,-0.12816
36773,-0.14757
36774,-0.16505
36775,-0.18252
36776,-0.19806
36777,-0.21359
36778,-0.22718
36779,-0.24078
36780,-0.25243
36781,-0.26408
36782,-0.27184
36783,-0.27961
36784,-0.28544
36785,-0.29126
36786,-0.2932
36787,-0.29515
36788,-0.29515
36789,-0.2932
36790,-0.28932
36791,-0.2835
36792,-0.27573
36793,-0.26796
36794,-0.25825
36795,-0.24854
36796,-0.23883
36797,-0.22718
36798,-0.21553
36799,-0.20583
36800,-0.19612
36801,-0.18447
36802,-0.17476
36803,-0.16505
36804,-0.15728
36805,-0.14757
36806,-0.13981
36807,-0.1301
36808,-0.12233
36809,-0.11262
36810,-0.10485
36811,-0.097087
36812,-0.087379
36813,-0.079612
36814,-0.071845
36815,-0.064078
36816,-0.056311
36817,-0.048544
36818,-0.040777
36819,-0.03301
36820,-0.027184
36821,-0.019417
36822,-0.013592
36823,-0.007767
36824,-0.0019417
36825,0.0038835
36826,0.007767
36827,0.013592
36828,0.015534
36829,0.019417
36830,0.023301
36831,0.029126
36832,0.03301
36833,0.038835
36834,0.04466
36835,0.048544
36836,0.054369
36837,0.060194
36838,0.066019
36839,0.071845
36840,0.075728
36841,0.079612
36842,0.083495
36843,0.087379
36844,0.091262
36845,0.095146
36846,0.097087
36847,0.10097
36848,0.10485
36849,0.10874
36850,0.10485
36851,0.10291
36852,0.095146
36853,0.08932
36854,0.073786
36855,0.058252
36856,0.034951
36857,0.013592
36858,-0.0097087
36859,-0.03301
36860,-0.056311
36861,-0.079612
36862,-0.099029
36863,-0.1165
36864,-0.13204
36865,-0.14563
36866,-0.15534
36867,-0.16505
36868,-0.17087
36869,-0.17476
36870,-0.17476
36871,-0.17282
36872,-0.16505
36873,-0.15534
36874,-0.14175
36875,-0.12621
36876,-0.10291
36877,-0.081553
36878,-0.052427
36879,-0.023301
36880,0.013592
36881,0.048544
36882,0.08932
36883,0.1301
36884,0.1767
36885,0.2233
36886,0.2699
36887,0.31845
36888,0.36893
36889,0.41942
36890,0.46796
36891,0.5165
36892,0.56505
36893,0.61359
36894,0.65825
36895,0.70485
36896,0.74757
36897,0.79223
36898,0.83107
36899,0.87184
36900,0.91068
36901,0.94951
36902,0.98447
36903,1.0194
36904,1.0505
36905,1.0835
36906,1.1126
36907,1.1398
36908,1.165
36909,1.1903
36910,1.2117
36911,1.2311
36912,1.2485
36913,1.2641
36914,1.2796
36915,1.2932
36916,1.3068
36917,1.3204
36918,1.3301
36919,1.3417
36920,1.3534
36921,1.3631
36922,1.3728
36923,1.3845
36924,1.3942
36925,1.4039
36926,1.4136
36927,1.4233
36928,1.4311
36929,1.4388
36930,1.4466
36931,1.4524
36932,1.4583
36933,1.4621
36934,1.466
36935,1.468
36936,1.468
36937,1.468
36938,1.4641
36939,1.4621
36940,1.4544
36941,1.4485
36942,1.4369
36943,1.4233
36944,1.4058
36945,1.3864
36946,1.3631
36947,1.3379
36948,1.3087
36949,1.2777
36950,1.2447
36951,1.2136
36952,1.1786
36953,1.1437
36954,1.1068
36955,1.0699
36956,1.033
36957,0.99612
36958,0.95728
36959,0.92039
36960,0.8835
36961,0.8466
36962,0.81165
36963,0.7767
36964,0.74369
36965,0.71068
36966,0.68155
36967,0.65243
36968,0.62524
36969,0.6
36970,0.57864
36971,0.55728
36972,0.53786
36973,0.51845
36974,0.50291
36975,0.48932
36976,0.47573
36977,0.46408
36978,0.45243
36979,0.44078
36980,0.42913
36981,0.41942
36982,0.40777
36983,0.39806
36984,0.38641
36985,0.3767
36986,0.36699
36987,0.35728
36988,0.34757
36989,0.33786
36990,0.3301
36991,0.32039
36992,0.31262
36993,0.30485
36994,0.29903
36995,0.2932
36996,0.28738
36997,0.28155
36998,0.27573
36999,0.2699
37000,0.26602
37001,0.26019
37002,0.25631
37003,0.25049
37004,0.24466
37005,0.23883
37006,0.23301
37007,0.22718
37008,0.22136
37009,0.21553
37010,0.20971
37011,0.20194
37012,0.19612
37013,0.19029
37014,0.18447
37015,0.17864
37016,0.17476
37017,0.16893
37018,0.16505
37019,0.16311
37020,0.15922
37021,0.15728
37022,0.15534
37023,0.1534
37024,0.15146
37025,0.14757
37026,0.14563
37027,0.14369
37028,0.14175
37029,0.13786
37030,0.13592
37031,0.13398
37032,0.1301
37033,0.12816
37034,0.12233
37035,0.1165
37036,0.10874
37037,0.10097
37038,0.087379
37039,0.073786
37040,0.056311
37041,0.038835
37042,0.017476
37043,-0.0019417
37044,-0.023301
37045,-0.04466
37046,-0.066019
37047,-0.085437
37048,-0.10485
37049,-0.12621
37050,-0.14369
37051,-0.16311
37052,-0.17864
37053,-0.19612
37054,-0.21165
37055,-0.22524
37056,-0.23883
37057,-0.25243
37058,-0.26408
37059,-0.27573
37060,-0.2835
37061,-0.29126
37062,-0.29709
37063,-0.30097
37064,-0.30291
37065,-0.30485
37066,-0.30097
37067,-0.29903
37068,-0.2932
37069,-0.28544
37070,-0.27767
37071,-0.26796
37072,-0.25825
37073,-0.24854
37074,-0.23883
37075,-0.22913
37076,-0.22136
37077,-0.21165
37078,-0.20388
37079,-0.19612
37080,-0.18835
37081,-0.18058
37082,-0.17282
37083,-0.16311
37084,-0.15534
37085,-0.14563
37086,-0.13592
37087,-0.12621
37088,-0.11845
37089,-0.10874
37090,-0.10097
37091,-0.091262
37092,-0.083495
37093,-0.075728
37094,-0.067961
37095,-0.060194
37096,-0.052427
37097,-0.046602
37098,-0.040777
37099,-0.034951
37100,-0.031068
37101,-0.027184
37102,-0.023301
37103,-0.019417
37104,-0.015534
37105,-0.01165
37106,-0.007767
37107,-0.0038835
37108,0.0
37109,0.0058252
37110,0.01165
37111,0.017476
37112,0.025243
37113,0.031068
37114,0.036893
37115,0.04466
37116,0.048544
37117,0.054369
37118,0.058252
37119,0.062136
37120,0.066019
37121,0.069903
37122,0.073786
37123,0.07767
37124,0.081553
37125,0.085437
37126,0.087379
37127,0.08932
37128,0.087379
37129,0.085437
37130,0.07767
37131,0.069903
37132,0.056311
37133,0.042718
37134,0.027184
37135,0.0097087
37136,-0.007767
37137,-0.025243
37138,-0.04466
37139,-0.062136
37140,-0.081553
37141,-0.099029
37142,-0.11845
37143,-0.13786
37144,-0.15728
37145,-0.17476
37146,-0.19417
37147,-0.21165
37148,-0.22718
37149,-0.24272
37150,-0.25631
37151,-0.26796
37152,-0.27573
37153,-0.2835
37154,-0.28544
37155,-0.28738
37156,-0.2835
37157,-0.27767
37158,-0.26602
37159,-0.25243
37160,-0.23301
37161,-0.21359
37162,-0.18641
37163,-0.15922
37164,-0.12816
37165,-0.095146
37166,-0.060194
37167,-0.025243
37168,0.01165
37169,0.048544
37170,0.08932
37171,0.12816
37172,0.16893
37173,0.20971
37174,0.25049
37175,0.2932
37176,0.33592
37177,0.3767
37178,0.41942
37179,0.46019
37180,0.50291
37181,0.54369
37182,0.58447
37183,0.62718
37184,0.66796
37185,0.70874
37186,0.74757
37187,0.78835
37188,0.82524
37189,0.86408
37190,0.90097
37191,0.93786
37192,0.97282
37193,1.0078
37194,1.0408
37195,1.0718
37196,1.101
37197,1.132
37198,1.1573
37199,1.1845
37200,1.2097
37201,1.233
37202,1.2544
37203,1.2757
37204,1.2932
37205,1.3126
37206,1.3262
37207,1.3417
37208,1.3534
37209,1.365
37210,1.3748
37211,1.3845
37212,1.3922
37213,1.4019
37214,1.4078
37215,1.4136
37216,1.4175
37217,1.4194
37218,1.4194
37219,1.4175
37220,1.4136
37221,1.4078
37222,1.3981
37223,1.3864
37224,1.3728
37225,1.3592
37226,1.3417
37227,1.3243
37228,1.3068
37229,1.2874
37230,1.266
37231,1.2447
37232,1.2194
37233,1.1961
37234,1.1689
37235,1.1437
37236,1.1165
37237,1.0893
37238,1.0583
37239,1.0291
37240,0.99806
37241,0.96893
37242,0.93786
37243,0.90874
37244,0.87961
37245,0.85049
37246,0.82524
37247,0.8
37248,0.7767
37249,0.75534
37250,0.73592
37251,0.7165
37252,0.70097
37253,0.68544
37254,0.67184
37255,0.66019
37256,0.65049
37257,0.63883
37258,0.62913
37259,0.61748
37260,0.60777
37261,0.59612
37262,0.58447
37263,0.57282
37264,0.56311
37265,0.55146
37266,0.54175
37267,0.53204
37268,0.52233
37269,0.51262
37270,0.50485
37271,0.49709
37272,0.48932
37273,0.48155
37274,0.47379
37275,0.46602
37276,0.45631
37277,0.44854
37278,0.44078
37279,0.43301
37280,0.4233
37281,0.41359
37282,0.40388
37283,0.39417
37284,0.38447
37285,0.37476
37286,0.36699
37287,0.35728
37288,0.34757
37289,0.33786
37290,0.3301
37291,0.32039
37292,0.31068
37293,0.30097
37294,0.2932
37295,0.28544
37296,0.27961
37297,0.27379
37298,0.2699
37299,0.26602
37300,0.26408
37301,0.26214
37302,0.25825
37303,0.25631
37304,0.25243
37305,0.25049
37306,0.2466
37307,0.24272
37308,0.23883
37309,0.23495
37310,0.23107
37311,0.22524
37312,0.21942
37313,0.21359
37314,0.20388
37315,0.19223
37316,0.1767
37317,0.16311
37318,0.14369
37319,0.12427
37320,0.099029
37321,0.075728
37322,0.052427
37323,0.029126
37324,0.0058252
37325,-0.017476
37326,-0.038835
37327,-0.060194
37328,-0.079612
37329,-0.099029
37330,-0.11845
37331,-0.13592
37332,-0.15146
37333,-0.16699
37334,-0.18252
37335,-0.19612
37336,-0.20777
37337,-0.22136
37338,-0.22913
37339,-0.23883
37340,-0.24466
37341,-0.25049
37342,-0.25049
37343,-0.25049
37344,-0.2466
37345,-0.24272
37346,-0.23689
37347,-0.23107
37348,-0.22136
37349,-0.21359
37350,-0.20388
37351,-0.19417
37352,-0.18447
37353,-0.17476
37354,-0.16699
37355,-0.15922
37356,-0.1534
37357,-0.14563
37358,-0.13981
37359,-0.13398
37360,-0.12816
37361,-0.12233
37362,-0.1165
37363,-0.10874
37364,-0.10097
37365,-0.093204
37366,-0.085437
37367,-0.07767
37368,-0.067961
37369,-0.060194
37370,-0.050485
37371,-0.042718
37372,-0.034951
37373,-0.027184
37374,-0.021359
37375,-0.013592
37376,-0.007767
37377,-0.0019417
37378,0.0019417
37379,0.0058252
37380,0.007767
37381,0.01165
37382,0.013592
37383,0.017476
37384,0.019417
37385,0.021359
37386,0.023301
37387,0.027184
37388,0.031068
37389,0.034951
37390,0.040777
37391,0.04466
37392,0.050485
37393,0.056311
37394,0.060194
37395,0.064078
37396,0.067961
37397,0.073786
37398,0.07767
37399,0.081553
37400,0.085437
37401,0.08932
37402,0.093204
37403,0.097087
37404,0.10097
37405,0.10291
37406,0.10097
37407,0.10097
37408,0.095146
37409,0.08932
37410,0.07767
37411,0.066019
37412,0.050485
37413,0.03301
37414,0.015534
37415,-0.0019417
37416,-0.021359
37417,-0.040777
37418,-0.060194
37419,-0.079612
37420,-0.097087
37421,-0.1165
37422,-0.13204
37423,-0.14951
37424,-0.16505
37425,-0.18058
37426,-0.19612
37427,-0.21165
37428,-0.22718
37429,-0.24078
37430,-0.25243
37431,-0.26408
37432,-0.27379
37433,-0.28155
37434,-0.2835
37435,-0.28544
37436,-0.28155
37437,-0.27767
37438,-0.26796
37439,-0.25825
37440,-0.24466
37441,-0.22913
37442,-0.20777
37443,-0.18641
37444,-0.15922
37445,-0.13398
37446,-0.10291
37447,-0.071845
37448,-0.036893
37449,-0.0019417
37450,0.034951
37451,0.073786
37452,0.11456
37453,0.15534
37454,0.19806
37455,0.23883
37456,0.28155
37457,0.32621
37458,0.36893
37459,0.41165
37460,0.45437
37461,0.49709
37462,0.53981
37463,0.58252
37464,0.62524
37465,0.66602
37466,0.70874
37467,0.74951
37468,0.79029
37469,0.83301
37470,0.87184
37471,0.91068
37472,0.94757
37473,0.98641
37474,1.0214
37475,1.0563
37476,1.0893
37477,1.1223
37478,1.1534
37479,1.1845
37480,1.2117
37481,1.2408
37482,1.266
37483,1.2893
37484,1.3107
37485,1.3301
37486,1.3456
37487,1.3612
37488,1.3728
37489,1.3845
37490,1.3922
37491,1.4019
37492,1.4078
37493,1.4155
37494,1.4194
37495,1.4233
37496,1.4252
37497,1.4272
37498,1.4214
37499,1.4175
37500,1.4078
37501,1.3981
37502,1.3825
37503,1.3689
37504,1.3515
37505,1.334
37506,1.3146
37507,1.2971
37508,1.2757
37509,1.2563
37510,1.233
37511,1.2117
37512,1.1864
37513,1.1631
37514,1.1359
37515,1.1107
37516,1.0835
37517,1.0563
37518,1.0291
37519,1.0019
37520,0.97476
37521,0.94757
37522,0.92039
37523,0.89515
37524,0.8699
37525,0.84466
37526,0.82136
37527,0.8
37528,0.78058
37529,0.76117
37530,0.74369
37531,0.72816
37532,0.71456
37533,0.70291
37534,0.68932
37535,0.67767
37536,0.66602
37537,0.65631
37538,0.64466
37539,0.63495
37540,0.6233
37541,0.61359
37542,0.60388
37543,0.59417
37544,0.58447
37545,0.57476
37546,0.56699
37547,0.55922
37548,0.54951
37549,0.54175
37550,0.53398
37551,0.52816
37552,0.52039
37553,0.51262
37554,0.50485
37555,0.49709
37556,0.48738
37557,0.47961
37558,0.47184
37559,0.46214
37560,0.45437
37561,0.44466
37562,0.43495
37563,0.42718
37564,0.41553
37565,0.40583
37566,0.39417
37567,0.38252
37568,0.37087
37569,0.36117
37570,0.34951
37571,0.33981
37572,0.33204
37573,0.32233
37574,0.31456
37575,0.30874
37576,0.30291
37577,0.29709
37578,0.2932
37579,0.28738
37580,0.2835
37581,0.27961
37582,0.27573
37583,0.27184
37584,0.26602
37585,0.26214
37586,0.25631
37587,0.25243
37588,0.24854
37589,0.2466
37590,0.23883
37591,0.23301
37592,0.22524
37593,0.21553
37594,0.2
37595,0.18447
37596,0.16311
37597,0.14175
37598,0.11845
37599,0.095146
37600,0.071845
37601,0.046602
37602,0.021359
37603,-0.0019417
37604,-0.025243
37605,-0.048544
37606,-0.069903
37607,-0.091262
37608,-0.11068
37609,-0.13204
37610,-0.14951
37611,-0.16699
37612,-0.18252
37613,-0.19806
37614,-0.21165
37615,-0.2233
37616,-0.23301
37617,-0.24078
37618,-0.2466
37619,-0.25049
37620,-0.25243
37621,-0.25437
37622,-0.25049
37623,-0.24854
37624,-0.24078
37625,-0.23495
37626,-0.22524
37627,-0.21553
37628,-0.20583
37629,-0.19417
37630,-0.18641
37631,-0.1767
37632,-0.16699
37633,-0.15922
37634,-0.15146
37635,-0.14369
37636,-0.13592
37637,-0.1301
37638,-0.12233
37639,-0.11456
37640,-0.1068
37641,-0.099029
37642,-0.091262
37643,-0.083495
37644,-0.075728
37645,-0.067961
37646,-0.060194
37647,-0.052427
37648,-0.04466
37649,-0.036893
37650,-0.029126
37651,-0.021359
37652,-0.015534
37653,-0.007767
37654,-0.0019417
37655,0.0038835
37656,0.0097087
37657,0.015534
37658,0.019417
37659,0.021359
37660,0.025243
37661,0.027184
37662,0.029126
37663,0.03301
37664,0.034951
37665,0.038835
37666,0.04466
37667,0.050485
37668,0.056311
37669,0.062136
37670,0.067961
37671,0.073786
37672,0.07767
37673,0.081553
37674,0.085437
37675,0.08932
37676,0.095146
37677,0.099029
37678,0.10291
37679,0.1068
37680,0.11068
37681,0.11456
37682,0.1165
37683,0.1165
37684,0.11262
37685,0.11068
37686,0.10097
37687,0.091262
37688,0.075728
37689,0.062136
37690,0.04466
37691,0.027184
37692,0.007767
37693,-0.01165
37694,-0.031068
37695,-0.048544
37696,-0.067961
37697,-0.087379
37698,-0.10291
37699,-0.12039
37700,-0.13592
37701,-0.15146
37702,-0.16505
37703,-0.17864
37704,-0.19223
37705,-0.20388
37706,-0.21359
37707,-0.2233
37708,-0.22913
37709,-0.23689
37710,-0.23883
37711,-0.24078
37712,-0.23883
37713,-0.23883
37714,-0.23301
37715,-0.22718
37716,-0.21942
37717,-0.21165
37718,-0.20388
37719,-0.19612
37720,-0.18835
37721,-0.18058
37722,-0.17476
37723,-0.16699
37724,-0.16117
37725,-0.1534
37726,-0.14369
37727,-0.13398
37728,-0.12233
37729,-0.11068
37730,-0.095146
37731,-0.079612
37732,-0.060194
37733,-0.042718
37734,-0.019417
37735,0.0038835
37736,0.031068
37737,0.058252
37738,0.091262
37739,0.12427
37740,0.16117
37741,0.19806
37742,0.23689
37743,0.27767
37744,0.31845
37745,0.36117
37746,0.40388
37747,0.4466
37748,0.49126
37749,0.53592
37750,0.57864
37751,0.62136
37752,0.66408
37753,0.70874
37754,0.74951
37755,0.79223
37756,0.83495
37757,0.87573
37758,0.9165
37759,0.95728
37760,0.99612
37761,1.0369
37762,1.0738
37763,1.1107
37764,1.1476
37765,1.1825
37766,1.2155
37767,1.2485
37768,1.2796
37769,1.3087
37770,1.3359
37771,1.3612
37772,1.3825
37773,1.4039
37774,1.4136
37775,1.4252
37776,1.4252
37777,1.4272
37778,1.4194
37779,1.4136
37780,1.4
37781,1.3883
37782,1.3728
37783,1.3592
37784,1.3456
37785,1.3301
37786,1.3165
37787,1.301
37788,1.2854
37789,1.2699
37790,1.2544
37791,1.2388
37792,1.2214
37793,1.2058
37794,1.1903
37795,1.1728
37796,1.1573
37797,1.1398
37798,1.1262
37799,1.1107
37800,1.0971
37801,1.0835
37802,1.0718
37803,1.0602
37804,1.0485
37805,1.0388
37806,1.0291
37807,1.0214
37808,1.0136
37809,1.0058
37810,0.99806
37811,0.99029
37812,0.98058
37813,0.97087
37814,0.96117
37815,0.95146
37816,0.93981
37817,0.92816
37818,0.91456
37819,0.90291
37820,0.88932
37821,0.87767
37822,0.86408
37823,0.85243
37824,0.84078
37825,0.82913
37826,0.81748
37827,0.80777
37828,0.79612
37829,0.78641
37830,0.77476
37831,0.76505
37832,0.7534
37833,0.74369
37834,0.73204
37835,0.72233
37836,0.71068
37837,0.69903
37838,0.68932
37839,0.67961
37840,0.66796
37841,0.65825
37842,0.6466
37843,0.63495
37844,0.6233
37845,0.61165
37846,0.59806
37847,0.58641
37848,0.57282
37849,0.55922
37850,0.54757
37851,0.53592
37852,0.52233
37853,0.51068
37854,0.50097
37855,0.49126
37856,0.4835
37857,0.47379
37858,0.46602
37859,0.45825
37860,0.45049
37861,0.44078
37862,0.43301
37863,0.42524
37864,0.41553
37865,0.40777
37866,0.39806
37867,0.39029
37868,0.38058
37869,0.37087
37870,0.35534
37871,0.33981
37872,0.32039
37873,0.29903
37874,0.27573
37875,0.25243
37876,0.22718
37877,0.2
37878,0.17476
37879,0.14757
37880,0.12039
37881,0.095146
37882,0.069903
37883,0.04466
37884,0.021359
37885,-0.0038835
37886,-0.025243
37887,-0.046602
37888,-0.066019
37889,-0.085437
37890,-0.10097
37891,-0.11845
37892,-0.13398
37893,-0.14757
37894,-0.15922
37895,-0.16893
37896,-0.1767
37897,-0.18252
37898,-0.18641
37899,-0.18835
37900,-0.18835
37901,-0.18835
37902,-0.18447
37903,-0.18058
37904,-0.17282
37905,-0.16699
37906,-0.15922
37907,-0.1534
37908,-0.14563
37909,-0.13981
37910,-0.13398
37911,-0.12621
37912,-0.12039
37913,-0.11456
37914,-0.10874
37915,-0.10291
37916,-0.095146
37917,-0.08932
37918,-0.081553
37919,-0.073786
37920,-0.066019
37921,-0.058252
37922,-0.050485
37923,-0.04466
37924,-0.036893
37925,-0.031068
37926,-0.025243
37927,-0.019417
37928,-0.015534
37929,-0.0097087
37930,-0.0038835
37931,0.0
37932,0.0058252
37933,0.0097087
37934,0.013592
37935,0.017476
37936,0.019417
37937,0.023301
37938,0.025243
37939,0.029126
37940,0.031068
37941,0.034951
37942,0.036893
37943,0.040777
37944,0.046602
37945,0.050485
37946,0.054369
37947,0.058252
37948,0.064078
37949,0.067961
37950,0.071845
37951,0.075728
37952,0.079612
37953,0.083495
37954,0.087379
37955,0.091262
37956,0.095146
37957,0.099029
37958,0.10097
37959,0.10097
37960,0.10097
37961,0.099029
37962,0.091262
37963,0.083495
37964,0.071845
37965,0.058252
37966,0.042718
37967,0.025243
37968,0.007767
37969,-0.01165
37970,-0.031068
37971,-0.048544
37972,-0.067961
37973,-0.087379
37974,-0.10485
37975,-0.12233
37976,-0.13786
37977,-0.15534
37978,-0.16893
37979,-0.18447
37980,-0.19612
37981,-0.20971
37982,-0.21942
37983,-0.22913
37984,-0.23689
37985,-0.24466
37986,-0.25049
37987,-0.25437
37988,-0.25437
37989,-0.25631
37990,-0.25243
37991,-0.24854
37992,-0.24272
37993,-0.23495
37994,-0.22524
37995,-0.21553
37996,-0.20388
37997,-0.19223
37998,-0.18058
37999,-0.16893
38000,-0.15922
38001,-0.14757
38002,-0.13981
38003,-0.1301
38004,-0.12039
38005,-0.11068
38006,-0.10291
38007,-0.095146
38008,-0.085437
38009,-0.07767
38010,-0.069903
38011,-0.060194
38012,-0.052427
38013,-0.042718
38014,-0.034951
38015,-0.025243
38016,-0.017476
38017,-0.0097087
38018,-0.0019417
38019,0.0058252
38020,0.01165
38021,0.019417
38022,0.025243
38023,0.031068
38024,0.036893
38025,0.042718
38026,0.048544
38027,0.052427
38028,0.056311
38029,0.058252
38030,0.060194
38031,0.062136
38032,0.064078
38033,0.064078
38034,0.066019
38035,0.067961
38036,0.069903
38037,0.073786
38038,0.07767
38039,0.081553
38040,0.087379
38041,0.093204
38042,0.10291
38043,0.11262
38044,0.12427
38045,0.13786
38046,0.1534
38047,0.17087
38048,0.19223
38049,0.21359
38050,0.23689
38051,0.25825
38052,0.28155
38053,0.30485
38054,0.32427
38055,0.34175
38056,0.35922
38057,0.37476
38058,0.39029
38059,0.40388
38060,0.41942
38061,0.43495
38062,0.45049
38063,0.46602
38064,0.4835
38065,0.49903
38066,0.5165
38067,0.53592
38068,0.5534
38069,0.57282
38070,0.59417
38071,0.61359
38072,0.63495
38073,0.65631
38074,0.67767
38075,0.70097
38076,0.72233
38077,0.74563
38078,0.77087
38079,0.79417
38080,0.81942
38081,0.84466
38082,0.87184
38083,0.89709
38084,0.92621
38085,0.9534
38086,0.97864
38087,1.0039
38088,1.0272
38089,1.0524
38090,1.0718
38091,1.0913
38092,1.1068
38093,1.1223
38094,1.1379
38095,1.1534
38096,1.167
38097,1.1825
38098,1.1961
38099,1.2117
38100,1.2252
38101,1.2408
38102,1.2524
38103,1.266
38104,1.2777
38105,1.2893
38106,1.299
38107,1.3087
38108,1.3165
38109,1.3262
38110,1.332
38111,1.3398
38112,1.3437
38113,1.3495
38114,1.3515
38115,1.3534
38116,1.3515
38117,1.3515
38118,1.3476
38119,1.3437
38120,1.3359
38121,1.3282
38122,1.3184
38123,1.3068
38124,1.2951
38125,1.2835
38126,1.2699
38127,1.2583
38128,1.2447
38129,1.233
38130,1.2175
38131,1.2039
38132,1.1883
38133,1.1728
38134,1.1573
38135,1.1417
38136,1.1243
38137,1.1068
38138,1.0893
38139,1.0738
38140,1.0563
38141,1.0388
38142,1.0175
38143,0.99612
38144,0.97282
38145,0.94951
38146,0.92233
38147,0.89515
38148,0.86214
38149,0.83107
38150,0.79806
38151,0.76505
38152,0.7301
38153,0.69709
38154,0.66214
38155,0.62913
38156,0.59417
38157,0.56117
38158,0.52816
38159,0.49515
38160,0.46214
38161,0.43107
38162,0.4
38163,0.36893
38164,0.33981
38165,0.31068
38166,0.2835
38167,0.25825
38168,0.23495
38169,0.21165
38170,0.19417
38171,0.17476
38172,0.16117
38173,0.14757
38174,0.13786
38175,0.12816
38176,0.12039
38177,0.11262
38178,0.10874
38179,0.10291
38180,0.099029
38181,0.097087
38182,0.093204
38183,0.091262
38184,0.08932
38185,0.087379
38186,0.085437
38187,0.083495
38188,0.081553
38189,0.081553
38190,0.079612
38191,0.07767
38192,0.075728
38193,0.073786
38194,0.071845
38195,0.071845
38196,0.069903
38197,0.069903
38198,0.067961
38199,0.067961
38200,0.066019
38201,0.066019
38202,0.064078
38203,0.064078
38204,0.062136
38205,0.060194
38206,0.058252
38207,0.056311
38208,0.054369
38209,0.052427
38210,0.050485
38211,0.048544
38212,0.046602
38213,0.04466
38214,0.042718
38215,0.042718
38216,0.042718
38217,0.042718
38218,0.042718
38219,0.04466
38220,0.046602
38221,0.050485
38222,0.052427
38223,0.054369
38224,0.056311
38225,0.056311
38226,0.058252
38227,0.060194
38228,0.062136
38229,0.064078
38230,0.064078
38231,0.066019
38232,0.064078
38233,0.064078
38234,0.060194
38235,0.054369
38236,0.046602
38237,0.038835
38238,0.025243
38239,0.01165
38240,-0.0058252
38241,-0.023301
38242,-0.042718
38243,-0.062136
38244,-0.081553
38245,-0.10291
38246,-0.12233
38247,-0.14175
38248,-0.16117
38249,-0.18058
38250,-0.19806
38251,-0.21359
38252,-0.22913
38253,-0.24466
38254,-0.25631
38255,-0.2699
38256,-0.27961
38257,-0.28932
38258,-0.29709
38259,-0.30291
38260,-0.3068
38261,-0.31068
38262,-0.31068
38263,-0.31068
38264,-0.30874
38265,-0.30485
38266,-0.29903
38267,-0.29126
38268,-0.28155
38269,-0.27379
38270,-0.26214
38271,-0.25243
38272,-0.24078
38273,-0.22913
38274,-0.21942
38275,-0.20971
38276,-0.2
38277,-0.19029
38278,-0.18252
38279,-0.17282
38280,-0.16505
38281,-0.15534
38282,-0.14757
38283,-0.13786
38284,-0.1301
38285,-0.12039
38286,-0.11068
38287,-0.10291
38288,-0.093204
38289,-0.083495
38290,-0.075728
38291,-0.066019
38292,-0.058252
38293,-0.050485
38294,-0.042718
38295,-0.034951
38296,-0.029126
38297,-0.021359
38298,-0.013592
38299,-0.007767
38300,-0.0019417
38301,0.0038835
38302,0.0097087
38303,0.013592
38304,0.017476
38305,0.021359
38306,0.027184
38307,0.031068
38308,0.036893
38309,0.040777
38310,0.046602
38311,0.054369
38312,0.060194
38313,0.067961
38314,0.071845
38315,0.07767
38316,0.081553
38317,0.085437
38318,0.08932
38319,0.093204
38320,0.097087
38321,0.099029
38322,0.099029
38323,0.10097
38324,0.099029
38325,0.097087
38326,0.08932
38327,0.083495
38328,0.071845
38329,0.062136
38330,0.046602
38331,0.03301
38332,0.017476
38333,0.0
38334,-0.013592
38335,-0.027184
38336,-0.036893
38337,-0.048544
38338,-0.054369
38339,-0.060194
38340,-0.060194
38341,-0.060194
38342,-0.054369
38343,-0.048544
38344,-0.036893
38345,-0.025243
38346,-0.007767
38347,0.007767
38348,0.029126
38349,0.050485
38350,0.07767
38351,0.10485
38352,0.13592
38353,0.16893
38354,0.20388
38355,0.23883
38356,0.27767
38357,0.3165
38358,0.35922
38359,0.40194
38360,0.44854
38361,0.4932
38362,0.53981
38363,0.58641
38364,0.63301
38365,0.67961
38366,0.72427
38367,0.76699
38368,0.80971
38369,0.85049
38370,0.88932
38371,0.92621
38372,0.95922
38373,0.99417
38374,1.0214
38375,1.0505
38376,1.0757
38377,1.101
38378,1.1223
38379,1.1456
38380,1.165
38381,1.1845
38382,1.2019
38383,1.2175
38384,1.233
38385,1.2485
38386,1.2602
38387,1.2738
38388,1.2874
38389,1.299
38390,1.3087
38391,1.3204
38392,1.3282
38393,1.3359
38394,1.3437
38395,1.3515
38396,1.3573
38397,1.365
38398,1.3709
38399,1.3767
38400,1.3806
38401,1.3864
38402,1.3883
38403,1.3922
38404,1.3942
38405,1.3942
38406,1.3922
38407,1.3922
38408,1.3864
38409,1.3825
38410,1.3767
38411,1.3689
38412,1.3612
38413,1.3515
38414,1.3398
38415,1.3282
38416,1.3126
38417,1.2971
38418,1.2757
38419,1.2544
38420,1.2272
38421,1.2019
38422,1.1689
38423,1.1379
38424,1.1029
38425,1.068
38426,1.033
38427,0.99806
38428,0.96117
38429,0.92427
38430,0.88932
38431,0.85243
38432,0.81748
38433,0.78252
38434,0.74757
38435,0.71456
38436,0.68155
38437,0.65049
38438,0.61942
38439,0.58835
38440,0.55922
38441,0.5301
38442,0.50291
38443,0.47767
38444,0.45437
38445,0.43301
38446,0.41359
38447,0.39612
38448,0.38058
38449,0.36699
38450,0.3534
38451,0.34175
38452,0.33204
38453,0.32233
38454,0.31262
38455,0.30485
38456,0.29515
38457,0.28544
38458,0.27767
38459,0.26796
38460,0.26019
38461,0.25243
38462,0.24466
38463,0.23883
38464,0.23301
38465,0.22718
38466,0.2233
38467,0.21942
38468,0.21359
38469,0.20971
38470,0.20583
38471,0.20194
38472,0.19806
38473,0.19417
38474,0.19223
38475,0.18835
38476,0.18447
38477,0.18058
38478,0.1767
38479,0.17282
38480,0.16893
38481,0.16505
38482,0.16117
38483,0.15728
38484,0.15146
38485,0.14757
38486,0.14175
38487,0.13786
38488,0.13204
38489,0.12621
38490,0.12233
38491,0.11845
38492,0.11456
38493,0.11262
38494,0.11068
38495,0.11068
38496,0.10874
38497,0.10874
38498,0.10874
38499,0.10874
38500,0.10874
38501,0.10874
38502,0.10874
38503,0.10874
38504,0.10874
38505,0.1068
38506,0.10485
38507,0.10485
38508,0.10097
38509,0.097087
38510,0.091262
38511,0.085437
38512,0.073786
38513,0.064078
38514,0.048544
38515,0.03301
38516,0.013592
38517,-0.0058252
38518,-0.027184
38519,-0.048544
38520,-0.069903
38521,-0.08932
38522,-0.11068
38523,-0.1301
38524,-0.14951
38525,-0.16699
38526,-0.18447
38527,-0.20194
38528,-0.21748
38529,-0.23301
38530,-0.2466
38531,-0.26019
38532,-0.27184
38533,-0.2835
38534,-0.29126
38535,-0.29903
38536,-0.30485
38537,-0.30874
38538,-0.30874
38539,-0.30874
38540,-0.30485
38541,-0.30291
38542,-0.29515
38543,-0.28932
38544,-0.27961
38545,-0.2699
38546,-0.26019
38547,-0.25049
38548,-0.24078
38549,-0.23107
38550,-0.22136
38551,-0.21359
38552,-0.20388
38553,-0.19612
38554,-0.18641
38555,-0.17864
38556,-0.16893
38557,-0.15922
38558,-0.15146
38559,-0.14175
38560,-0.13398
38561,-0.12427
38562,-0.1165
38563,-0.1068
38564,-0.099029
38565,-0.091262
38566,-0.083495
38567,-0.075728
38568,-0.069903
38569,-0.064078
38570,-0.056311
38571,-0.050485
38572,-0.04466
38573,-0.036893
38574,-0.03301
38575,-0.027184
38576,-0.021359
38577,-0.015534
38578,-0.01165
38579,-0.007767
38580,-0.0038835
38581,0.0
38582,0.0038835
38583,0.0097087
38584,0.013592
38585,0.019417
38586,0.027184
38587,0.03301
38588,0.040777
38589,0.048544
38590,0.056311
38591,0.062136
38592,0.067961
38593,0.073786
38594,0.079612
38595,0.083495
38596,0.087379
38597,0.093204
38598,0.095146
38599,0.099029
38600,0.10291
38601,0.10485
38602,0.10485
38603,0.10291
38604,0.099029
38605,0.095146
38606,0.083495
38607,0.073786
38608,0.058252
38609,0.042718
38610,0.023301
38611,0.0058252
38612,-0.015534
38613,-0.034951
38614,-0.058252
38615,-0.079612
38616,-0.10291
38617,-0.12621
38618,-0.14757
38619,-0.16893
38620,-0.18835
38621,-0.20777
38622,-0.2233
38623,-0.23689
38624,-0.24854
38625,-0.26019
38626,-0.26408
38627,-0.2699
38628,-0.26796
38629,-0.26602
38630,-0.25825
38631,-0.24854
38632,-0.23107
38633,-0.21359
38634,-0.18835
38635,-0.16311
38636,-0.13204
38637,-0.10097
38638,-0.062136
38639,-0.023301
38640,0.021359
38641,0.064078
38642,0.11068
38643,0.15534
38644,0.20194
38645,0.25049
38646,0.29709
38647,0.34369
38648,0.39223
38649,0.43883
38650,0.48544
38651,0.53204
38652,0.5767
38653,0.62136
38654,0.66408
38655,0.70874
38656,0.75146
38657,0.79417
38658,0.83689
38659,0.87767
38660,0.91845
38661,0.95922
38662,0.99612
38663,1.033
38664,1.068
38665,1.1049
38666,1.1359
38667,1.1689
38668,1.2
38669,1.2291
38670,1.2563
38671,1.2835
38672,1.3068
38673,1.332
38674,1.3515
38675,1.3709
38676,1.3864
38677,1.4019
38678,1.4136
38679,1.4272
38680,1.4369
38681,1.4485
38682,1.4563
38683,1.4641
38684,1.4718
38685,1.4777
38686,1.4835
38687,1.4893
38688,1.4913
38689,1.4932
38690,1.4932
38691,1.4932
38692,1.4932
38693,1.4932
38694,1.4932
38695,1.4932
38696,1.4913
38697,1.4893
38698,1.4757
38699,1.4641
38700,1.4466
38701,1.4291
38702,1.4078
38703,1.3864
38704,1.3631
38705,1.3379
38706,1.3107
38707,1.2854
38708,1.2563
38709,1.2272
38710,1.1942
38711,1.1631
38712,1.1301
38713,1.0971
38714,1.0641
38715,1.0291
38716,0.99612
38717,0.96311
38718,0.93204
38719,0.89903
38720,0.86796
38721,0.83883
38722,0.81165
38723,0.78641
38724,0.76311
38725,0.74175
38726,0.72427
38727,0.70485
38728,0.69126
38729,0.67573
38730,0.66408
38731,0.65049
38732,0.63883
38733,0.62718
38734,0.61748
38735,0.60583
38736,0.59417
38737,0.58447
38738,0.57282
38739,0.56311
38740,0.55534
38741,0.54563
38742,0.53786
38743,0.5301
38744,0.52233
38745,0.51456
38746,0.5068
38747,0.49903
38748,0.48932
38749,0.48155
38750,0.47379
38751,0.46602
38752,0.45631
38753,0.4466
38754,0.43883
38755,0.42913
38756,0.42136
38757,0.41165
38758,0.40194
38759,0.39417
38760,0.38447
38761,0.37476
38762,0.36505
38763,0.35534
38764,0.34757
38765,0.33786
38766,0.3301
38767,0.32039
38768,0.31262
38769,0.30291
38770,0.29709
38771,0.28932
38772,0.28544
38773,0.27961
38774,0.27573
38775,0.2699
38776,0.26602
38777,0.26214
38778,0.25825
38779,0.25437
38780,0.25049
38781,0.2466
38782,0.24272
38783,0.23883
38784,0.23301
38785,0.22913
38786,0.22136
38787,0.21553
38788,0.20583
38789,0.19612
38790,0.18252
38791,0.16699
38792,0.14951
38793,0.1301
38794,0.1068
38795,0.085437
38796,0.060194
38797,0.034951
38798,0.01165
38799,-0.01165
38800,-0.03301
38801,-0.054369
38802,-0.073786
38803,-0.095146
38804,-0.11456
38805,-0.13204
38806,-0.14951
38807,-0.16699
38808,-0.18447
38809,-0.2
38810,-0.21359
38811,-0.22524
38812,-0.23495
38813,-0.2466
38814,-0.25243
38815,-0.25825
38816,-0.26214
38817,-0.26408
38818,-0.26214
38819,-0.26019
38820,-0.25437
38821,-0.24854
38822,-0.24078
38823,-0.23301
38824,-0.2233
38825,-0.21359
38826,-0.20583
38827,-0.19612
38828,-0.18835
38829,-0.17864
38830,-0.17087
38831,-0.16311
38832,-0.15534
38833,-0.14757
38834,-0.13981
38835,-0.13204
38836,-0.12233
38837,-0.11456
38838,-0.1068
38839,-0.097087
38840,-0.08932
38841,-0.079612
38842,-0.071845
38843,-0.064078
38844,-0.056311
38845,-0.048544
38846,-0.042718
38847,-0.034951
38848,-0.027184
38849,-0.019417
38850,-0.013592
38851,-0.0058252
38852,0.0
38853,0.0058252
38854,0.0097087
38855,0.015534
38856,0.019417
38857,0.023301
38858,0.027184
38859,0.031068
38860,0.034951
38861,0.038835
38862,0.042718
38863,0.048544
38864,0.052427
38865,0.058252
38866,0.064078
38867,0.069903
38868,0.073786
38869,0.079612
38870,0.083495
38871,0.087379
38872,0.08932
38873,0.093204
38874,0.095146
38875,0.099029
38876,0.10291
38877,0.1068
38878,0.10874
38879,0.11068
38880,0.11068
38881,0.11068
38882,0.10485
38883,0.099029
38884,0.087379
38885,0.075728
38886,0.060194
38887,0.04466
38888,0.025243
38889,0.007767
38890,-0.01165
38891,-0.029126
38892,-0.048544
38893,-0.066019
38894,-0.085437
38895,-0.10291
38896,-0.12039
38897,-0.13786
38898,-0.1534
38899,-0.16893
38900,-0.18252
38901,-0.19612
38902,-0.20777
38903,-0.21942
38904,-0.22718
38905,-0.23495
38906,-0.23883
38907,-0.24466
38908,-0.24466
38909,-0.2466
38910,-0.24272
38911,-0.24078
38912,-0.23495
38913,-0.22718
38914,-0.21942
38915,-0.20971
38916,-0.2
38917,-0.18835
38918,-0.17864
38919,-0.16699
38920,-0.15728
38921,-0.14757
38922,-0.13981
38923,-0.13204
38924,-0.12233
38925,-0.11456
38926,-0.1068
38927,-0.097087
38928,-0.087379
38929,-0.07767
38930,-0.067961
38931,-0.058252
38932,-0.048544
38933,-0.038835
38934,-0.029126
38935,-0.021359
38936,-0.013592
38937,-0.0058252
38938,0.0019417
38939,0.0097087
38940,0.015534
38941,0.021359
38942,0.027184
38943,0.03301
38944,0.036893
38945,0.042718
38946,0.046602
38947,0.050485
38948,0.054369
38949,0.058252
38950,0.062136
38951,0.066019
38952,0.069903
38953,0.073786
38954,0.079612
38955,0.083495
38956,0.08932
38957,0.093204
38958,0.097087
38959,0.099029
38960,0.10097
38961,0.10291
38962,0.10291
38963,0.10291
38964,0.10485
38965,0.10485
38966,0.10874
38967,0.11068
38968,0.1165
38969,0.12233
38970,0.12816
38971,0.13592
38972,0.14369
38973,0.15146
38974,0.15728
38975,0.16311
38976,0.16699
38977,0.17282
38978,0.18058
38979,0.18641
38980,0.19612
38981,0.20388
38982,0.21748
38983,0.22913
38984,0.24466
38985,0.26019
38986,0.27767
38987,0.29709
38988,0.31845
38989,0.33981
38990,0.36311
38991,0.38641
38992,0.41165
38993,0.43689
38994,0.46408
38995,0.49126
38996,0.52039
38997,0.55146
38998,0.58252
38999,0.61553
39000,0.65049
39001,0.68544
39002,0.72233
39003,0.76117
39004,0.8
39005,0.83883
39006,0.87767
39007,0.9165
39008,0.95728
39009,0.99612
39010,1.033
39011,1.0699
39012,1.1029
39013,1.1379
39014,1.165
39015,1.1942
39016,1.2194
39017,1.2427
39018,1.2621
39019,1.2816
39020,1.2971
39021,1.3126
39022,1.3243
39023,1.3379
39024,1.3495
39025,1.3612
39026,1.3728
39027,1.3845
39028,1.3942
39029,1.4058
39030,1.4155
39031,1.4252
39032,1.433
39033,1.4408
39034,1.4466
39035,1.4544
39036,1.4602
39037,1.466
39038,1.4699
39039,1.4738
39040,1.4757
39041,1.4796
39042,1.4816
39043,1.4835
39044,1.4835
39045,1.4835
39046,1.4835
39047,1.4835
39048,1.4816
39049,1.4816
39050,1.4757
39051,1.4718
39052,1.466
39053,1.4583
39054,1.4485
39055,1.4369
39056,1.4233
39057,1.4117
39058,1.3961
39059,1.3806
39060,1.3612
39061,1.3437
39062,1.3223
39063,1.301
39064,1.2757
39065,1.2485
39066,1.2194
39067,1.1883
39068,1.1553
39069,1.1204
39070,1.0854
39071,1.0485
39072,1.0117
39073,0.97476
39074,0.93786
39075,0.90097
39076,0.86408
39077,0.82718
39078,0.79223
39079,0.75534
39080,0.72039
39081,0.68544
39082,0.65243
39083,0.61748
39084,0.58641
39085,0.5534
39086,0.52427
39087,0.49515
39088,0.46796
39089,0.44078
39090,0.41748
39091,0.39417
39092,0.37476
39093,0.35534
39094,0.34175
39095,0.32621
39096,0.31456
39097,0.30291
39098,0.2932
39099,0.2835
39100,0.27573
39101,0.26796
39102,0.26019
39103,0.25243
39104,0.24466
39105,0.23689
39106,0.22913
39107,0.2233
39108,0.21748
39109,0.21165
39110,0.20583
39111,0.20194
39112,0.19806
39113,0.19417
39114,0.19223
39115,0.19029
39116,0.18641
39117,0.18447
39118,0.18252
39119,0.17864
39120,0.17476
39121,0.17282
39122,0.16893
39123,0.16505
39124,0.16117
39125,0.15922
39126,0.15534
39127,0.15146
39128,0.14757
39129,0.14369
39130,0.13981
39131,0.13398
39132,0.1301
39133,0.12621
39134,0.12233
39135,0.11845
39136,0.11456
39137,0.11068
39138,0.10874
39139,0.1068
39140,0.1068
39141,0.1068
39142,0.1068
39143,0.1068
39144,0.1068
39145,0.10874
39146,0.10874
39147,0.11068
39148,0.11068
39149,0.11262
39150,0.11456
39151,0.1165
39152,0.1165
39153,0.11845
39154,0.11456
39155,0.11068
39156,0.10291
39157,0.095146
39158,0.081553
39159,0.067961
39160,0.050485
39161,0.031068
39162,0.01165
39163,-0.0097087
39164,-0.031068
39165,-0.052427
39166,-0.073786
39167,-0.093204
39168,-0.11262
39169,-0.13204
39170,-0.14951
39171,-0.16893
39172,-0.18447
39173,-0.20194
39174,-0.21748
39175,-0.23301
39176,-0.24466
39177,-0.25825
39178,-0.26796
39179,-0.27767
39180,-0.28544
39181,-0.29126
39182,-0.29515
39183,-0.29709
39184,-0.29709
39185,-0.29515
39186,-0.28932
39187,-0.2835
39188,-0.27573
39189,-0.26602
39190,-0.25631
39191,-0.24466
39192,-0.23301
39193,-0.22136
39194,-0.21165
39195,-0.2
39196,-0.19029
39197,-0.17864
39198,-0.16893
39199,-0.15922
39200,-0.15146
39201,-0.14175
39202,-0.13204
39203,-0.12427
39204,-0.11456
39205,-0.1068
39206,-0.097087
39207,-0.08932
39208,-0.079612
39209,-0.069903
39210,-0.060194
39211,-0.052427
39212,-0.042718
39213,-0.03301
39214,-0.025243
39215,-0.017476
39216,-0.01165
39217,-0.0038835
39218,0.0
39219,0.0058252
39220,0.007767
39221,0.01165
39222,0.015534
39223,0.017476
39224,0.021359
39225,0.023301
39226,0.025243
39227,0.029126
39228,0.03301
39229,0.036893
39230,0.042718
39231,0.046602
39232,0.052427
39233,0.058252
39234,0.062136
39235,0.067961
39236,0.071845
39237,0.075728
39238,0.079612
39239,0.085437
39240,0.08932
39241,0.093204
39242,0.097087
39243,0.10291
39244,0.1068
39245,0.11068
39246,0.11068
39247,0.11262
39248,0.11068
39249,0.1068
39250,0.099029
39251,0.08932
39252,0.073786
39253,0.058252
39254,0.040777
39255,0.023301
39256,0.0058252
39257,-0.013592
39258,-0.03301
39259,-0.050485
39260,-0.069903
39261,-0.087379
39262,-0.10485
39263,-0.12233
39264,-0.13981
39265,-0.15728
39266,-0.17282
39267,-0.19029
39268,-0.20777
39269,-0.2233
39270,-0.23689
39271,-0.25049
39272,-0.26214
39273,-0.27379
39274,-0.27961
39275,-0.2835
39276,-0.2835
39277,-0.2835
39278,-0.27767
39279,-0.2699
39280,-0.25437
39281,-0.24078
39282,-0.21942
39283,-0.19806
39284,-0.17087
39285,-0.14175
39286,-0.11068
39287,-0.079612
39288,-0.04466
39289,-0.0097087
39290,0.029126
39291,0.067961
39292,0.10874
39293,0.15146
39294,0.19417
39295,0.23883
39296,0.2835
39297,0.32816
39298,0.37476
39299,0.41942
39300,0.46408
39301,0.50874
39302,0.5534
39303,0.59806
39304,0.64272
39305,0.68738
39306,0.73204
39307,0.77476
39308,0.81748
39309,0.86019
39310,0.90097
39311,0.94175
39312,0.98058
39313,1.0194
39314,1.0544
39315,1.0913
39316,1.1243
39317,1.1592
39318,1.1883
39319,1.2194
39320,1.2466
39321,1.2738
39322,1.299
39323,1.3223
39324,1.3417
39325,1.3612
39326,1.3767
39327,1.3922
39328,1.4039
39329,1.4175
39330,1.4272
39331,1.4369
39332,1.4447
39333,1.4544
39334,1.4602
39335,1.466
39336,1.4718
39337,1.4757
39338,1.4757
39339,1.4757
39340,1.4718
39341,1.468
39342,1.4583
39343,1.4505
39344,1.4369
39345,1.4233
39346,1.4078
39347,1.3922
39348,1.3748
39349,1.3573
39350,1.3398
39351,1.3223
39352,1.301
39353,1.2816
39354,1.2602
39355,1.2408
39356,1.2175
39357,1.1942
39358,1.1689
39359,1.1456
39360,1.1184
39361,1.0932
39362,1.068
39363,1.0408
39364,1.0155
39365,0.99029
39366,0.96699
39367,0.94369
39368,0.92233
39369,0.90097
39370,0.8835
39371,0.86408
39372,0.84854
39373,0.83495
39374,0.82136
39375,0.80971
39376,0.79806
39377,0.78641
39378,0.7767
39379,0.76505
39380,0.75534
39381,0.74369
39382,0.73398
39383,0.72621
39384,0.7165
39385,0.70874
39386,0.70097
39387,0.6932
39388,0.68544
39389,0.67573
39390,0.66796
39391,0.66019
39392,0.65243
39393,0.64272
39394,0.63495
39395,0.62718
39396,0.61748
39397,0.60971
39398,0.6
39399,0.59029
39400,0.58058
39401,0.57282
39402,0.56117
39403,0.55146
39404,0.53981
39405,0.52816
39406,0.51845
39407,0.5068
39408,0.49515
39409,0.48544
39410,0.47379
39411,0.46408
39412,0.45437
39413,0.44466
39414,0.43495
39415,0.42524
39416,0.41748
39417,0.40971
39418,0.40388
39419,0.39806
39420,0.39417
39421,0.39029
39422,0.38641
39423,0.38058
39424,0.3767
39425,0.37087
39426,0.36505
39427,0.36117
39428,0.35534
39429,0.34951
39430,0.34369
39431,0.33786
39432,0.3301
39433,0.32427
39434,0.31262
39435,0.30291
39436,0.28738
39437,0.27184
39438,0.25049
39439,0.23107
39440,0.20777
39441,0.18252
39442,0.15728
39443,0.1301
39444,0.10291
39445,0.075728
39446,0.050485
39447,0.025243
39448,0.0
39449,-0.023301
39450,-0.04466
39451,-0.066019
39452,-0.087379
39453,-0.1068
39454,-0.12233
39455,-0.13981
39456,-0.15534
39457,-0.16893
39458,-0.18058
39459,-0.19029
39460,-0.19806
39461,-0.20583
39462,-0.20971
39463,-0.21359
39464,-0.21359
39465,-0.21359
39466,-0.20971
39467,-0.20583
39468,-0.2
39469,-0.19417
39470,-0.18641
39471,-0.17864
39472,-0.17087
39473,-0.16311
39474,-0.15534
39475,-0.14757
39476,-0.13981
39477,-0.13204
39478,-0.12427
39479,-0.1165
39480,-0.10874
39481,-0.10097
39482,-0.093204
39483,-0.085437
39484,-0.07767
39485,-0.069903
39486,-0.062136
39487,-0.054369
39488,-0.046602
39489,-0.038835
39490,-0.031068
39491,-0.025243
39492,-0.017476
39493,-0.01165
39494,-0.0038835
39495,0.0019417
39496,0.007767
39497,0.015534
39498,0.019417
39499,0.025243
39500,0.029126
39501,0.03301
39502,0.036893
39503,0.040777
39504,0.042718
39505,0.04466
39506,0.048544
39507,0.050485
39508,0.054369
39509,0.060194
39510,0.064078
39511,0.067961
39512,0.071845
39513,0.07767
39514,0.081553
39515,0.085437
39516,0.087379
39517,0.091262
39518,0.095146
39519,0.099029
39520,0.10097
39521,0.10485
39522,0.1068
39523,0.11068
39524,0.11456
39525,0.1165
39526,0.1165
39527,0.1165
39528,0.11068
39529,0.1068
39530,0.095146
39531,0.085437
39532,0.069903
39533,0.054369
39534,0.034951
39535,0.017476
39536,-0.0019417
39537,-0.023301
39538,-0.040777
39539,-0.060194
39540,-0.07767
39541,-0.095146
39542,-0.11262
39543,-0.1301
39544,-0.14563
39545,-0.16117
39546,-0.17476
39547,-0.18835
39548,-0.2
39549,-0.21359
39550,-0.2233
39551,-0.23107
39552,-0.23883
39553,-0.2466
39554,-0.24854
39555,-0.25243
39556,-0.25049
39557,-0.25049
39558,-0.2466
39559,-0.24078
39560,-0.23301
39561,-0.22524
39562,-0.21748
39563,-0.20777
39564,-0.19612
39565,-0.18641
39566,-0.17476
39567,-0.16505
39568,-0.1534
39569,-0.14369
39570,-0.13398
39571,-0.12427
39572,-0.11456
39573,-0.1068
39574,-0.097087
39575,-0.087379
39576,-0.07767
39577,-0.069903
39578,-0.060194
39579,-0.052427
39580,-0.042718
39581,-0.034951
39582,-0.027184
39583,-0.017476
39584,-0.0097087
39585,-0.0019417
39586,0.0038835
39587,0.01165
39588,0.017476
39589,0.025243
39590,0.029126
39591,0.034951
39592,0.040777
39593,0.04466
39594,0.046602
39595,0.048544
39596,0.048544
39597,0.048544
39598,0.046602
39599,0.046602
39600,0.046602
39601,0.04466
39602,0.048544
39603,0.050485
39604,0.058252
39605,0.064078
39606,0.073786
39607,0.083495
39608,0.097087
39609,0.11068
39610,0.12816
39611,0.14563
39612,0.16505
39613,0.18641
39614,0.21359
39615,0.23883
39616,0.26796
39617,0.29903
39618,0.32816
39619,0.35728
39620,0.38447
39621,0.41359
39622,0.43689
39623,0.46019
39624,0.47961
39625,0.49903
39626,0.5165
39627,0.53398
39628,0.55146
39629,0.56893
39630,0.58447
39631,0.60194
39632,0.61748
39633,0.63495
39634,0.65243
39635,0.66796
39636,0.68544
39637,0.70291
39638,0.72039
39639,0.73981
39640,0.75728
39641,0.7767
39642,0.79612
39643,0.81553
39644,0.83689
39645,0.85631
39646,0.87767
39647,0.90097
39648,0.92233
39649,0.94563
39650,0.96699
39651,0.99029
39652,1.0136
39653,1.0369
39654,1.0583
39655,1.0796
39656,1.099
39657,1.1204
39658,1.1379
39659,1.1553
39660,1.1709
39661,1.1864
39662,1.2
39663,1.2155
39664,1.2291
39665,1.2427
39666,1.2563
39667,1.2699
39668,1.2835
39669,1.2971
39670,1.3087
39671,1.3223
39672,1.332
39673,1.3437
39674,1.3534
39675,1.365
39676,1.3728
39677,1.3825
39678,1.3903
39679,1.3981
39680,1.4039
39681,1.4097
39682,1.4136
39683,1.4175
39684,1.4175
39685,1.4175
39686,1.4117
39687,1.4078
39688,1.4
39689,1.3922
39690,1.3806
39691,1.3689
39692,1.3553
39693,1.3417
39694,1.3282
39695,1.3126
39696,1.299
39697,1.2835
39698,1.2699
39699,1.2544
39700,1.2388
39701,1.2233
39702,1.2058
39703,1.1883
39704,1.1709
39705,1.1515
39706,1.134
39707,1.1146
39708,1.0971
39709,1.0777
39710,1.0563
39711,1.035
39712,1.0117
39713,0.98835
39714,0.96117
39715,0.93204
39716,0.90097
39717,0.8699
39718,0.83689
39719,0.80194
39720,0.76699
39721,0.73204
39722,0.69709
39723,0.66214
39724,0.62718
39725,0.59223
39726,0.55728
39727,0.52233
39728,0.48738
39729,0.45437
39730,0.41942
39731,0.38641
39732,0.35534
39733,0.32427
39734,0.29515
39735,0.26796
39736,0.24078
39737,0.21553
39738,0.19417
39739,0.17282
39740,0.15534
39741,0.13981
39742,0.12816
39743,0.1165
39744,0.10874
39745,0.10097
39746,0.097087
39747,0.093204
39748,0.08932
39749,0.087379
39750,0.085437
39751,0.083495
39752,0.083495
39753,0.081553
39754,0.079612
39755,0.079612
39756,0.07767
39757,0.07767
39758,0.075728
39759,0.075728
39760,0.075728
39761,0.075728
39762,0.073786
39763,0.073786
39764,0.073786
39765,0.073786
39766,0.071845
39767,0.071845
39768,0.071845
39769,0.071845
39770,0.069903
39771,0.069903
39772,0.067961
39773,0.066019
39774,0.064078
39775,0.064078
39776,0.062136
39777,0.060194
39778,0.056311
39779,0.054369
39780,0.050485
39781,0.048544
39782,0.046602
39783,0.04466
39784,0.04466
39785,0.042718
39786,0.04466
39787,0.046602
39788,0.048544
39789,0.052427
39790,0.056311
39791,0.058252
39792,0.062136
39793,0.064078
39794,0.066019
39795,0.069903
39796,0.069903
39797,0.071845
39798,0.073786
39799,0.075728
39800,0.075728
39801,0.075728
39802,0.073786
39803,0.071845
39804,0.066019
39805,0.060194
39806,0.050485
39807,0.038835
39808,0.023301
39809,0.0058252
39810,-0.01165
39811,-0.031068
39812,-0.052427
39813,-0.073786
39814,-0.093204
39815,-0.11262
39816,-0.13204
39817,-0.14951
39818,-0.16699
39819,-0.18447
39820,-0.2
39821,-0.21748
39822,-0.23107
39823,-0.24466
39824,-0.25631
39825,-0.26796
39826,-0.27767
39827,-0.28738
39828,-0.29515
39829,-0.30291
39830,-0.3068
39831,-0.30874
39832,-0.30874
39833,-0.30874
39834,-0.30485
39835,-0.29903
39836,-0.29126
39837,-0.2835
39838,-0.27379
39839,-0.26408
39840,-0.25437
39841,-0.24466
39842,-0.23495
39843,-0.2233
39844,-0.21553
39845,-0.20583
39846,-0.19612
39847,-0.18835
39848,-0.18058
39849,-0.17087
39850,-0.16311
39851,-0.1534
39852,-0.14563
39853,-0.13592
39854,-0.12816
39855,-0.12039
39856,-0.11262
39857,-0.10291
39858,-0.095146
39859,-0.085437
39860,-0.07767
39861,-0.067961
39862,-0.060194
39863,-0.052427
39864,-0.04466
39865,-0.036893
39866,-0.031068
39867,-0.025243
39868,-0.019417
39869,-0.013592
39870,-0.0097087
39871,-0.0058252
39872,-0.0019417
39873,0.0
39874,0.0038835
39875,0.007767
39876,0.01165
39877,0.015534
39878,0.021359
39879,0.025243
39880,0.031068
39881,0.038835
39882,0.04466
39883,0.050485
39884,0.056311
39885,0.062136
39886,0.067961
39887,0.073786
39888,0.079612
39889,0.085437
39890,0.091262
39891,0.099029
39892,0.10485
39893,0.11068
39894,0.11262
39895,0.11456
39896,0.11456
39897,0.11456
39898,0.1068
39899,0.10097
39900,0.08932
39901,0.07767
39902,0.060194
39903,0.04466
39904,0.025243
39905,0.0058252
39906,-0.013592
39907,-0.03301
39908,-0.052427
39909,-0.069903
39910,-0.087379
39911,-0.10485
39912,-0.12233
39913,-0.13786
39914,-0.1534
39915,-0.17087
39916,-0.18641
39917,-0.20194
39918,-0.21553
39919,-0.22913
39920,-0.24078
39921,-0.25243
39922,-0.26019
39923,-0.26796
39924,-0.27184
39925,-0.27379
39926,-0.27184
39927,-0.26796
39928,-0.26019
39929,-0.25049
39930,-0.23495
39931,-0.21942
39932,-0.19806
39933,-0.1767
39934,-0.14951
39935,-0.12233
39936,-0.091262
39937,-0.058252
39938,-0.023301
39939,0.01165
39940,0.050485
39941,0.08932
39942,0.1301
39943,0.17087
39944,0.21165
39945,0.25437
39946,0.29709
39947,0.34175
39948,0.38641
39949,0.43107
39950,0.47573
39951,0.52039
39952,0.56699
39953,0.61359
39954,0.65825
39955,0.70485
39956,0.74757
39957,0.79223
39958,0.83495
39959,0.87767
39960,0.91845
39961,0.95922
39962,0.99806
39963,1.035
39964,1.0718
39965,1.1068
39966,1.1417
39967,1.1748
39968,1.2058
39969,1.2369
39970,1.266
39971,1.2951
39972,1.3204
39973,1.3456
39974,1.367
39975,1.3883
39976,1.4058
39977,1.4233
39978,1.4369
39979,1.4505
39980,1.4621
39981,1.4738
39982,1.4816
39983,1.4893
39984,1.4913
39985,1.4932
39986,1.4932
39987,1.4932
39988,1.4932
39989,1.4932
39990,1.4893
39991,1.4854
39992,1.4738
39993,1.4621
39994,1.4485
39995,1.435
39996,1.4214
39997,1.4058
39998,1.3883
39999,1.3728
40000,1.3553
40001,1.3398
40002,1.3204
40003,1.3029
40004,1.2854
40005,1.266
40006,1.2466
40007,1.2272
40008,1.2039
40009,1.1825
40010,1.1592
40011,1.1359
40012,1.1126
40013,1.0893
40014,1.066
40015,1.0427
40016,1.0194
40017,0.99806
40018,0.9767
40019,0.95728
40020,0.93981
40021,0.92427
40022,0.90874
40023,0.8932
40024,0.87961
40025,0.86602
40026,0.85243
40027,0.83883
40028,0.82524
40029,0.81359
40030,0.8
40031,0.78835
40032,0.77864
40033,0.76699
40034,0.75728
40035,0.74757
40036,0.73786
40037,0.72816
40038,0.71845
40039,0.71068
40040,0.70097
40041,0.69126
40042,0.68155
40043,0.67184
40044,0.66214
40045,0.65243
40046,0.64272
40047,0.63107
40048,0.61942
40049,0.60971
40050,0.59806
40051,0.58641
40052,0.57476
40053,0.56311
40054,0.55146
40055,0.53981
40056,0.52816
40057,0.5165
40058,0.50291
40059,0.48932
40060,0.47573
40061,0.46408
40062,0.45049
40063,0.43883
40064,0.42718
40065,0.41553
40066,0.40777
40067,0.39806
40068,0.39029
40069,0.38447
40070,0.37864
40071,0.37282
40072,0.36893
40073,0.36311
40074,0.35728
40075,0.35146
40076,0.34563
40077,0.33786
40078,0.3301
40079,0.32427
40080,0.31456
40081,0.3068
40082,0.29515
40083,0.2835
40084,0.26602
40085,0.25049
40086,0.22913
40087,0.20777
40088,0.18252
40089,0.15728
40090,0.1301
40091,0.10291
40092,0.075728
40093,0.050485
40094,0.025243
40095,0.0
40096,-0.023301
40097,-0.046602
40098,-0.066019
40099,-0.087379
40100,-0.1068
40101,-0.12621
40102,-0.14175
40103,-0.15728
40104,-0.17282
40105,-0.18641
40106,-0.19612
40107,-0.20777
40108,-0.21359
40109,-0.22136
40110,-0.22524
40111,-0.22718
40112,-0.22718
40113,-0.22718
40114,-0.2233
40115,-0.21748
40116,-0.21165
40117,-0.20388
40118,-0.19612
40119,-0.18835
40120,-0.18058
40121,-0.17282
40122,-0.16505
40123,-0.15728
40124,-0.15146
40125,-0.14369
40126,-0.13786
40127,-0.13204
40128,-0.12427
40129,-0.11845
40130,-0.11068
40131,-0.10485
40132,-0.097087
40133,-0.08932
40134,-0.083495
40135,-0.075728
40136,-0.069903
40137,-0.064078
40138,-0.056311
40139,-0.050485
40140,-0.042718
40141,-0.036893
40142,-0.029126
40143,-0.023301
40144,-0.017476
40145,-0.01165
40146,-0.0058252
40147,-0.0019417
40148,0.0038835
40149,0.007767
40150,0.0097087
40151,0.013592
40152,0.015534
40153,0.017476
40154,0.019417
40155,0.021359
40156,0.025243
40157,0.027184
40158,0.03301
40159,0.036893
40160,0.042718
40161,0.046602
40162,0.052427
40163,0.056311
40164,0.062136
40165,0.066019
40166,0.069903
40167,0.073786
40168,0.07767
40169,0.079612
40170,0.083495
40171,0.087379
40172,0.091262
40173,0.095146
40174,0.093204
40175,0.093204
40176,0.08932
40177,0.085437
40178,0.073786
40179,0.064078
40180,0.048544
40181,0.03301
40182,0.015534
40183,-0.0019417
40184,-0.021359
40185,-0.040777
40186,-0.058252
40187,-0.07767
40188,-0.095146
40189,-0.11262
40190,-0.1301
40191,-0.14757
40192,-0.16505
40193,-0.18058
40194,-0.19806
40195,-0.21359
40196,-0.23107
40197,-0.2466
40198,-0.25825
40199,-0.27184
40200,-0.27961
40201,-0.28932
40202,-0.29126
40203,-0.2932
40204,-0.28932
40205,-0.28544
40206,-0.27573
40207,-0.26408
40208,-0.2466
40209,-0.23107
40210,-0.20583
40211,-0.18058
40212,-0.14951
40213,-0.1165
40214,-0.081553
40215,-0.04466
40216,-0.0038835
40217,0.034951
40218,0.07767
40219,0.12039
40220,0.16311
40221,0.20777
40222,0.25243
40223,0.29709
40224,0.34369
40225,0.38835
40226,0.43495
40227,0.47961
40228,0.52621
40229,0.57087
40230,0.61748
40231,0.66214
40232,0.7068
40233,0.7534
40234,0.79612
40235,0.84078
40236,0.88155
40237,0.92427
40238,0.96311
40239,1.0019
40240,1.0369
40241,1.0738
40242,1.1049
40243,1.1359
40244,1.165
40245,1.1942
40246,1.2194
40247,1.2447
40248,1.268
40249,1.2913
40250,1.3087
40251,1.3282
40252,1.3417
40253,1.3573
40254,1.3689
40255,1.3786
40256,1.3883
40257,1.3961
40258,1.4039
40259,1.4117
40260,1.4175
40261,1.4252
40262,1.4291
40263,1.435
40264,1.4388
40265,1.4408
40266,1.4408
40267,1.4388
40268,1.433
40269,1.4291
40270,1.4194
40271,1.4097
40272,1.3981
40273,1.3864
40274,1.3709
40275,1.3573
40276,1.3417
40277,1.3262
40278,1.3087
40279,1.2932
40280,1.2738
40281,1.2563
40282,1.233
40283,1.2117
40284,1.1883
40285,1.165
40286,1.1398
40287,1.1146
40288,1.0893
40289,1.0621
40290,1.035
40291,1.0097
40292,0.98252
40293,0.95534
40294,0.9301
40295,0.90485
40296,0.87961
40297,0.85631
40298,0.83689
40299,0.81748
40300,0.8
40301,0.78447
40302,0.76893
40303,0.75534
40304,0.74369
40305,0.7301
40306,0.71845
40307,0.7068
40308,0.69515
40309,0.6835
40310,0.67184
40311,0.66019
40312,0.65049
40313,0.64078
40314,0.63107
40315,0.62136
40316,0.61165
40317,0.60388
40318,0.59417
40319,0.58447
40320,0.57476
40321,0.56505
40322,0.55728
40323,0.54757
40324,0.53786
40325,0.52816
40326,0.51845
40327,0.50874
40328,0.49709
40329,0.48738
40330,0.47573
40331,0.46602
40332,0.45437
40333,0.44272
40334,0.43107
40335,0.42136
40336,0.40971
40337,0.39806
40338,0.38641
40339,0.3767
40340,0.36699
40341,0.35728
40342,0.35146
40343,0.34369
40344,0.33786
40345,0.33204
40346,0.32816
40347,0.32233
40348,0.31845
40349,0.31456
40350,0.31068
40351,0.3068
40352,0.30097
40353,0.29515
40354,0.28932
40355,0.2835
40356,0.27573
40357,0.2699
40358,0.26214
40359,0.25631
40360,0.2466
40361,0.23883
40362,0.2233
40363,0.20971
40364,0.19223
40365,0.17476
40366,0.15146
40367,0.1301
40368,0.10485
40369,0.081553
40370,0.056311
40371,0.031068
40372,0.007767
40373,-0.017476
40374,-0.040777
40375,-0.064078
40376,-0.085437
40377,-0.1068
40378,-0.12621
40379,-0.14563
40380,-0.16311
40381,-0.18058
40382,-0.19417
40383,-0.20777
40384,-0.22136
40385,-0.23301
40386,-0.24078
40387,-0.24854
40388,-0.25437
40389,-0.26019
40390,-0.26214
40391,-0.26408
40392,-0.26019
40393,-0.25825
40394,-0.25243
40395,-0.2466
40396,-0.23883
40397,-0.22913
40398,-0.22136
40399,-0.21165
40400,-0.20194
40401,-0.19417
40402,-0.18641
40403,-0.1767
40404,-0.17087
40405,-0.16311
40406,-0.15534
40407,-0.14951
40408,-0.14175
40409,-0.13398
40410,-0.12621
40411,-0.11845
40412,-0.11068
40413,-0.10097
40414,-0.093204
40415,-0.085437
40416,-0.07767
40417,-0.067961
40418,-0.062136
40419,-0.054369
40420,-0.046602
40421,-0.040777
40422,-0.034951
40423,-0.029126
40424,-0.025243
40425,-0.019417
40426,-0.015534
40427,-0.0097087
40428,-0.0058252
40429,-0.0019417
40430,0.0
40431,0.0038835
40432,0.0058252
40433,0.007767
40434,0.01165
40435,0.015534
40436,0.019417
40437,0.023301
40438,0.027184
40439,0.03301
40440,0.038835
40441,0.042718
40442,0.046602
40443,0.050485
40444,0.052427
40445,0.056311
40446,0.058252
40447,0.062136
40448,0.066019
40449,0.069903
40450,0.073786
40451,0.07767
40452,0.079612
40453,0.083495
40454,0.079612
40455,0.07767
40456,0.069903
40457,0.062136
40458,0.048544
40459,0.034951
40460,0.017476
40461,-0.0019417
40462,-0.019417
40463,-0.038835
40464,-0.058252
40465,-0.075728
40466,-0.095146
40467,-0.11262
40468,-0.13204
40469,-0.14951
40470,-0.16505
40471,-0.18058
40472,-0.19612
40473,-0.20971
40474,-0.2233
40475,-0.23689
40476,-0.25049
40477,-0.26408
40478,-0.27573
40479,-0.28544
40480,-0.29515
40481,-0.30291
40482,-0.30485
40483,-0.3068
40484,-0.30291
40485,-0.29903
40486,-0.28932
40487,-0.27961
40488,-0.26214
40489,-0.2466
40490,-0.22524
40491,-0.20388
40492,-0.17864
40493,-0.1534
40494,-0.12427
40495,-0.095146
40496,-0.060194
40497,-0.027184
40498,0.0097087
40499,0.048544
40500,0.087379
40501,0.12621
40502,0.16893
40503,0.20971
40504,0.25437
40505,0.29903
40506,0.34369
40507,0.38835
40508,0.43495
40509,0.48155
40510,0.52621
40511,0.57282
40512,0.61942
40513,0.66602
40514,0.71262
40515,0.75728
40516,0.80194
40517,0.84466
40518,0.88738
40519,0.9301
40520,0.97087
40521,1.0136
40522,1.0505
40523,1.0893
40524,1.1262
40525,1.1631
40526,1.1961
40527,1.2311
40528,1.2641
40529,1.2951
40530,1.3223
40531,1.3515
40532,1.3748
40533,1.3981
40534,1.4175
40535,1.435
40536,1.4505
40537,1.466
40538,1.4757
40539,1.4874
40540,1.4913
40541,1.4932
40542,1.4932
40543,1.4932
40544,1.4932
40545,1.4932
40546,1.4932
40547,1.4932
40548,1.4932
40549,1.4932
40550,1.4893
40551,1.4835
40552,1.4699
40553,1.4563
40554,1.4408
40555,1.4272
40556,1.4097
40557,1.3942
40558,1.3786
40559,1.3612
40560,1.3437
40561,1.3282
40562,1.3087
40563,1.2913
40564,1.2699
40565,1.2505
40566,1.2291
40567,1.2097
40568,1.1864
40569,1.1631
40570,1.1417
40571,1.1184
40572,1.0951
40573,1.0718
40574,1.0505
40575,1.0291
40576,1.0078
40577,0.98835
40578,0.96893
40579,0.95146
40580,0.93398
40581,0.91845
40582,0.90291
40583,0.88738
40584,0.87379
40585,0.86019
40586,0.8466
40587,0.83301
40588,0.82136
40589,0.80777
40590,0.79612
40591,0.78447
40592,0.77282
40593,0.76311
40594,0.75146
40595,0.74175
40596,0.73204
40597,0.72233
40598,0.71262
40599,0.70291
40600,0.6932
40601,0.6835
40602,0.67184
40603,0.66214
40604,0.65049
40605,0.63883
40606,0.62718
40607,0.61553
40608,0.60388
40609,0.59029
40610,0.57864
40611,0.56699
40612,0.55534
40613,0.54369
40614,0.53204
40615,0.52039
40616,0.5068
40617,0.49515
40618,0.4835
40619,0.47184
40620,0.46019
40621,0.44854
40622,0.43883
40623,0.42913
40624,0.42136
40625,0.41165
40626,0.40583
40627,0.4
40628,0.39612
40629,0.39223
40630,0.38641
40631,0.38252
40632,0.3767
40633,0.37087
40634,0.36505
40635,0.35922
40636,0.35146
40637,0.34563
40638,0.33786
40639,0.3301
40640,0.32039
40641,0.31068
40642,0.29515
40643,0.27961
40644,0.26019
40645,0.24078
40646,0.21748
40647,0.19417
40648,0.16893
40649,0.14175
40650,0.1165
40651,0.08932
40652,0.064078
40653,0.036893
40654,0.013592
40655,-0.01165
40656,-0.034951
40657,-0.056311
40658,-0.07767
40659,-0.099029
40660,-0.11845
40661,-0.13592
40662,-0.15146
40663,-0.16699
40664,-0.18058
40665,-0.19417
40666,-0.20194
40667,-0.21165
40668,-0.21553
40669,-0.22136
40670,-0.22136
40671,-0.22136
40672,-0.21748
40673,-0.21359
40674,-0.20971
40675,-0.20388
40676,-0.19612
40677,-0.18835
40678,-0.18252
40679,-0.17476
40680,-0.16699
40681,-0.16117
40682,-0.1534
40683,-0.14757
40684,-0.14175
40685,-0.13592
40686,-0.1301
40687,-0.12427
40688,-0.11845
40689,-0.11262
40690,-0.10485
40691,-0.099029
40692,-0.091262
40693,-0.085437
40694,-0.07767
40695,-0.071845
40696,-0.064078
40697,-0.056311
40698,-0.050485
40699,-0.042718
40700,-0.036893
40701,-0.031068
40702,-0.025243
40703,-0.019417
40704,-0.013592
40705,-0.007767
40706,-0.0038835
40707,0.0019417
40708,0.0058252
40709,0.0097087
40710,0.01165
40711,0.015534
40712,0.017476
40713,0.019417
40714,0.023301
40715,0.025243
40716,0.031068
40717,0.034951
40718,0.040777
40719,0.04466
40720,0.048544
40721,0.054369
40722,0.058252
40723,0.062136
40724,0.064078
40725,0.067961
40726,0.069903
40727,0.073786
40728,0.07767
40729,0.079612
40730,0.081553
40731,0.085437
40732,0.085437
40733,0.085437
40734,0.079612
40735,0.075728
40736,0.064078
40737,0.054369
40738,0.040777
40739,0.027184
40740,0.007767
40741,-0.0097087
40742,-0.029126
40743,-0.046602
40744,-0.066019
40745,-0.085437
40746,-0.10291
40747,-0.12233
40748,-0.13786
40749,-0.15534
40750,-0.17087
40751,-0.18641
40752,-0.2
40753,-0.21359
40754,-0.22524
40755,-0.23689
40756,-0.2466
40757,-0.25631
40758,-0.26214
40759,-0.26796
40760,-0.2699
40761,-0.27379
40762,-0.27184
40763,-0.27184
40764,-0.26796
40765,-0.26214
40766,-0.25631
40767,-0.25049
40768,-0.24272
40769,-0.23495
40770,-0.22913
40771,-0.22136
40772,-0.21553
40773,-0.20971
40774,-0.20194
40775,-0.19612
40776,-0.18641
40777,-0.17864
40778,-0.16699
40779,-0.1534
40780,-0.13981
40781,-0.12427
40782,-0.10485
40783,-0.085437
40784,-0.062136
40785,-0.038835
40786,-0.0097087
40787,0.019417
40788,0.052427
40789,0.085437
40790,0.12233
40791,0.15922
40792,0.2
40793,0.24078
40794,0.2835
40795,0.32427
40796,0.36893
40797,0.41359
40798,0.45631
40799,0.50097
40800,0.54563
40801,0.59029
40802,0.63301
40803,0.67767
40804,0.72039
40805,0.76311
40806,0.80583
40807,0.8466
40808,0.88932
40809,0.9301
40810,0.97087
40811,1.0117
40812,1.0505
40813,1.0913
40814,1.1282
40815,1.165
40816,1.1981
40817,1.233
40818,1.266
40819,1.2971
40820,1.3282
40821,1.3573
40822,1.3806
40823,1.4039
40824,1.4194
40825,1.4369
40826,1.4408
40827,1.4466
40828,1.4427
40829,1.4388
40830,1.4291
40831,1.4194
40832,1.4058
40833,1.3922
40834,1.3786
40835,1.365
40836,1.3495
40837,1.3359
40838,1.3204
40839,1.3068
40840,1.2913
40841,1.2777
40842,1.2621
40843,1.2485
40844,1.233
40845,1.2194
40846,1.2058
40847,1.1922
40848,1.1786
40849,1.167
40850,1.1553
40851,1.1456
40852,1.1359
40853,1.1262
40854,1.1204
40855,1.1126
40856,1.1068
40857,1.101
40858,1.0971
40859,1.0932
40860,1.0874
40861,1.0835
40862,1.0777
40863,1.0738
40864,1.066
40865,1.0602
40866,1.0524
40867,1.0427
40868,1.033
40869,1.0214
40870,1.0097
40871,1.0
40872,0.98641
40873,0.97476
40874,0.96311
40875,0.95146
40876,0.94175
40877,0.9301
40878,0.92039
40879,0.90874
40880,0.89903
40881,0.88932
40882,0.87767
40883,0.86796
40884,0.85825
40885,0.8466
40886,0.83689
40887,0.82718
40888,0.81553
40889,0.80583
40890,0.79417
40891,0.78252
40892,0.77087
40893,0.75728
40894,0.74369
40895,0.73204
40896,0.71845
40897,0.70485
40898,0.69126
40899,0.67767
40900,0.66408
40901,0.65049
40902,0.63689
40903,0.6233
40904,0.60971
40905,0.59612
40906,0.58641
40907,0.57476
40908,0.56505
40909,0.55728
40910,0.54757
40911,0.53786
40912,0.52816
40913,0.51845
40914,0.50874
40915,0.49709
40916,0.48738
40917,0.47767
40918,0.46408
40919,0.45243
40920,0.43883
40921,0.42524
40922,0.40777
40923,0.38835
40924,0.36699
40925,0.34563
40926,0.32039
40927,0.29515
40928,0.26602
40929,0.23883
40930,0.21165
40931,0.18252
40932,0.15534
40933,0.12816
40934,0.10097
40935,0.073786
40936,0.046602
40937,0.019417
40938,-0.0038835
40939,-0.029126
40940,-0.052427
40941,-0.075728
40942,-0.095146
40943,-0.11456
40944,-0.1301
40945,-0.14757
40946,-0.15922
40947,-0.16893
40948,-0.17476
40949,-0.18252
40950,-0.18447
40951,-0.18641
40952,-0.18447
40953,-0.18252
40954,-0.17864
40955,-0.17282
40956,-0.16699
40957,-0.15922
40958,-0.1534
40959,-0.14563
40960,-0.13981
40961,-0.13204
40962,-0.12621
40963,-0.12039
40964,-0.11262
40965,-0.1068
40966,-0.10097
40967,-0.095146
40968,-0.087379
40969,-0.081553
40970,-0.075728
40971,-0.069903
40972,-0.064078
40973,-0.058252
40974,-0.052427
40975,-0.046602
40976,-0.040777
40977,-0.03301
40978,-0.027184
40979,-0.021359
40980,-0.015534
40981,-0.0097087
40982,-0.0058252
40983,-0.0019417
40984,0.0019417
40985,0.0058252
40986,0.007767
40987,0.0097087
40988,0.01165
40989,0.013592
40990,0.017476
40991,0.019417
40992,0.023301
40993,0.025243
40994,0.029126
40995,0.034951
40996,0.038835
40997,0.04466
40998,0.048544
40999,0.054369
41000,0.058252
41001,0.062136
41002,0.066019
41003,0.071845
41004,0.075728
41005,0.079612
41006,0.083495
41007,0.087379
41008,0.091262
41009,0.097087
41010,0.099029
41011,0.10097
41012,0.10097
41013,0.099029
41014,0.093204
41015,0.085437
41016,0.073786
41017,0.060194
41018,0.04466
41019,0.029126
41020,0.0097087
41021,-0.007767
41022,-0.027184
41023,-0.046602
41024,-0.066019
41025,-0.087379
41026,-0.1068
41027,-0.12621
41028,-0.14563
41029,-0.16699
41030,-0.18641
41031,-0.20388
41032,-0.2233
41033,-0.24078
41034,-0.25437
41035,-0.26796
41036,-0.27767
41037,-0.28738
41038,-0.28932
41039,-0.29126
41040,-0.28738
41041,-0.2835
41042,-0.2699
41043,-0.25825
41044,-0.23883
41045,-0.21942
41046,-0.19223
41047,-0.16505
41048,-0.13398
41049,-0.10097
41050,-0.064078
41051,-0.025243
41052,0.015534
41053,0.056311
41054,0.099029
41055,0.14369
41056,0.18641
41057,0.23107
41058,0.27573
41059,0.32233
41060,0.36699
41061,0.41165
41062,0.45631
41063,0.50097
41064,0.54563
41065,0.59029
41066,0.63301
41067,0.67573
41068,0.71845
41069,0.76117
41070,0.80194
41071,0.84272
41072,0.88155
41073,0.92233
41074,0.95728
41075,0.99417
41076,1.0272
41077,1.0602
41078,1.0893
41079,1.1204
41080,1.1456
41081,1.1728
41082,1.1961
41083,1.2194
41084,1.2408
41085,1.2621
41086,1.2796
41087,1.2971
41088,1.3107
41089,1.3262
41090,1.3379
41091,1.3495
41092,1.3592
41093,1.3689
41094,1.3767
41095,1.3845
41096,1.3883
41097,1.3942
41098,1.4
41099,1.4058
41100,1.4097
41101,1.4155
41102,1.4175
41103,1.4194
41104,1.4194
41105,1.4175
41106,1.4097
41107,1.4019
41108,1.3883
41109,1.3748
41110,1.3573
41111,1.3417
41112,1.3204
41113,1.301
41114,1.2777
41115,1.2544
41116,1.2291
41117,1.2039
41118,1.1748
41119,1.1456
41120,1.1146
41121,1.0835
41122,1.0524
41123,1.0194
41124,0.98641
41125,0.9534
41126,0.92039
41127,0.88932
41128,0.85825
41129,0.82718
41130,0.79806
41131,0.76893
41132,0.74175
41133,0.7165
41134,0.6932
41135,0.67184
41136,0.65437
41137,0.63883
41138,0.62524
41139,0.61165
41140,0.6
41141,0.58835
41142,0.57864
41143,0.56893
41144,0.55922
41145,0.54951
41146,0.53981
41147,0.53204
41148,0.52233
41149,0.51262
41150,0.50485
41151,0.49709
41152,0.48932
41153,0.48155
41154,0.47184
41155,0.46408
41156,0.45437
41157,0.4466
41158,0.43883
41159,0.42913
41160,0.42136
41161,0.41359
41162,0.40583
41163,0.39806
41164,0.38835
41165,0.38058
41166,0.37087
41167,0.36311
41168,0.3534
41169,0.34563
41170,0.33786
41171,0.3301
41172,0.32233
41173,0.31456
41174,0.3068
41175,0.29903
41176,0.29126
41177,0.28544
41178,0.27961
41179,0.27379
41180,0.26796
41181,0.26408
41182,0.26019
41183,0.25631
41184,0.25437
41185,0.25049
41186,0.2466
41187,0.24272
41188,0.23883
41189,0.23495
41190,0.23107
41191,0.22718
41192,0.2233
41193,0.22136
41194,0.21748
41195,0.21359
41196,0.20777
41197,0.20388
41198,0.19417
41199,0.18641
41200,0.17476
41201,0.16117
41202,0.14369
41203,0.12816
41204,0.1068
41205,0.085437
41206,0.062136
41207,0.040777
41208,0.017476
41209,-0.0038835
41210,-0.027184
41211,-0.048544
41212,-0.071845
41213,-0.093204
41214,-0.11262
41215,-0.13204
41216,-0.15146
41217,-0.16893
41218,-0.18447
41219,-0.19806
41220,-0.21165
41221,-0.2233
41222,-0.23301
41223,-0.24272
41224,-0.25049
41225,-0.25631
41226,-0.26019
41227,-0.26214
41228,-0.26214
41229,-0.26019
41230,-0.25631
41231,-0.25243
41232,-0.24466
41233,-0.23689
41234,-0.22913
41235,-0.21942
41236,-0.21165
41237,-0.20194
41238,-0.19417
41239,-0.18641
41240,-0.17864
41241,-0.16893
41242,-0.16117
41243,-0.1534
41244,-0.14563
41245,-0.13592
41246,-0.12816
41247,-0.11845
41248,-0.10874
41249,-0.099029
41250,-0.091262
41251,-0.081553
41252,-0.073786
41253,-0.064078
41254,-0.056311
41255,-0.048544
41256,-0.040777
41257,-0.03301
41258,-0.025243
41259,-0.017476
41260,-0.0097087
41261,-0.0019417
41262,0.0038835
41263,0.007767
41264,0.01165
41265,0.015534
41266,0.019417
41267,0.021359
41268,0.025243
41269,0.027184
41270,0.031068
41271,0.034951
41272,0.038835
41273,0.042718
41274,0.046602
41275,0.052427
41276,0.058252
41277,0.064078
41278,0.069903
41279,0.075728
41280,0.079612
41281,0.083495
41282,0.087379
41283,0.091262
41284,0.095146
41285,0.099029
41286,0.10291
41287,0.1068
41288,0.11068
41289,0.11456
41290,0.11262
41291,0.11262
41292,0.10874
41293,0.10485
41294,0.093204
41295,0.081553
41296,0.066019
41297,0.050485
41298,0.031068
41299,0.013592
41300,-0.0058252
41301,-0.025243
41302,-0.046602
41303,-0.066019
41304,-0.087379
41305,-0.10874
41306,-0.13204
41307,-0.1534
41308,-0.17476
41309,-0.19612
41310,-0.21359
41311,-0.23107
41312,-0.24466
41313,-0.25825
41314,-0.26602
41315,-0.27379
41316,-0.27573
41317,-0.27767
41318,-0.27184
41319,-0.26602
41320,-0.25243
41321,-0.23883
41322,-0.21553
41323,-0.19223
41324,-0.16311
41325,-0.13398
41326,-0.097087
41327,-0.060194
41328,-0.019417
41329,0.021359
41330,0.066019
41331,0.11068
41332,0.15534
41333,0.20194
41334,0.24854
41335,0.29709
41336,0.34369
41337,0.39029
41338,0.43689
41339,0.4835
41340,0.52816
41341,0.57476
41342,0.61748
41343,0.66214
41344,0.7068
41345,0.74951
41346,0.79223
41347,0.83495
41348,0.87767
41349,0.91845
41350,0.95922
41351,0.99806
41352,1.035
41353,1.0738
41354,1.1068
41355,1.1417
41356,1.1728
41357,1.2039
41358,1.233
41359,1.2602
41360,1.2854
41361,1.3107
41362,1.332
41363,1.3534
41364,1.3689
41365,1.3864
41366,1.4
41367,1.4136
41368,1.4233
41369,1.435
41370,1.4427
41371,1.4524
41372,1.4583
41373,1.466
41374,1.4699
41375,1.4757
41376,1.4796
41377,1.4835
41378,1.4854
41379,1.4874
41380,1.4893
41381,1.4893
41382,1.4854
41383,1.4816
41384,1.4738
41385,1.466
41386,1.4544
41387,1.4427
41388,1.4291
41389,1.4155
41390,1.3981
41391,1.3806
41392,1.3592
41393,1.3398
41394,1.3165
41395,1.2932
41396,1.2699
41397,1.2447
41398,1.2175
41399,1.1922
41400,1.1631
41401,1.134
41402,1.1049
41403,1.0757
41404,1.0466
41405,1.0175
41406,0.98835
41407,0.95922
41408,0.93204
41409,0.90291
41410,0.87767
41411,0.85243
41412,0.83107
41413,0.80971
41414,0.79029
41415,0.77282
41416,0.75728
41417,0.74369
41418,0.7301
41419,0.7165
41420,0.70485
41421,0.69126
41422,0.67961
41423,0.66796
41424,0.65631
41425,0.64466
41426,0.63495
41427,0.62524
41428,0.61553
41429,0.60583
41430,0.59612
41431,0.58641
41432,0.57864
41433,0.56893
41434,0.55922
41435,0.54951
41436,0.53981
41437,0.5301
41438,0.52039
41439,0.51068
41440,0.50291
41441,0.4932
41442,0.4835
41443,0.47379
41444,0.46408
41445,0.45437
41446,0.44466
41447,0.43301
41448,0.4233
41449,0.41359
41450,0.40388
41451,0.39417
41452,0.38447
41453,0.37476
41454,0.36699
41455,0.35922
41456,0.35146
41457,0.34369
41458,0.33592
41459,0.3301
41460,0.32427
41461,0.31845
41462,0.31456
41463,0.30874
41464,0.30485
41465,0.30097
41466,0.29709
41467,0.2932
41468,0.28738
41469,0.28155
41470,0.27573
41471,0.2699
41472,0.26214
41473,0.25631
41474,0.24854
41475,0.24078
41476,0.23107
41477,0.22136
41478,0.20583
41479,0.19029
41480,0.16893
41481,0.14757
41482,0.12621
41483,0.10291
41484,0.07767
41485,0.054369
41486,0.029126
41487,0.0058252
41488,-0.017476
41489,-0.040777
41490,-0.062136
41491,-0.083495
41492,-0.10291
41493,-0.12427
41494,-0.14175
41495,-0.15922
41496,-0.17476
41497,-0.19029
41498,-0.20388
41499,-0.21748
41500,-0.22913
41501,-0.23883
41502,-0.2466
41503,-0.25243
41504,-0.25631
41505,-0.26019
41506,-0.25825
41507,-0.25825
41508,-0.25437
41509,-0.24854
41510,-0.24078
41511,-0.23301
41512,-0.22524
41513,-0.21553
41514,-0.20583
41515,-0.19612
41516,-0.18835
41517,-0.17864
41518,-0.17087
41519,-0.16311
41520,-0.15534
41521,-0.14563
41522,-0.13786
41523,-0.1301
41524,-0.12233
41525,-0.11456
41526,-0.1068
41527,-0.099029
41528,-0.091262
41529,-0.085437
41530,-0.07767
41531,-0.069903
41532,-0.062136
41533,-0.056311
41534,-0.048544
41535,-0.042718
41536,-0.036893
41537,-0.029126
41538,-0.025243
41539,-0.019417
41540,-0.015534
41541,-0.0097087
41542,-0.0058252
41543,-0.0019417
41544,0.0019417
41545,0.0058252
41546,0.0097087
41547,0.013592
41548,0.017476
41549,0.023301
41550,0.027184
41551,0.03301
41552,0.040777
41553,0.046602
41554,0.052427
41555,0.058252
41556,0.062136
41557,0.066019
41558,0.069903
41559,0.073786
41560,0.07767
41561,0.079612
41562,0.083495
41563,0.087379
41564,0.091262
41565,0.095146
41566,0.097087
41567,0.099029
41568,0.097087
41569,0.095146
41570,0.087379
41571,0.079612
41572,0.066019
41573,0.052427
41574,0.034951
41575,0.017476
41576,-0.0019417
41577,-0.021359
41578,-0.040777
41579,-0.060194
41580,-0.079612
41581,-0.097087
41582,-0.11456
41583,-0.13204
41584,-0.14951
41585,-0.16505
41586,-0.18058
41587,-0.19417
41588,-0.20777
41589,-0.22136
41590,-0.23107
41591,-0.24272
41592,-0.25049
41593,-0.25825
41594,-0.26408
41595,-0.26796
41596,-0.26796
41597,-0.26796
41598,-0.26408
41599,-0.26019
41600,-0.25437
41601,-0.2466
41602,-0.23883
41603,-0.22913
41604,-0.21748
41605,-0.20777
41606,-0.19806
41607,-0.18835
41608,-0.17864
41609,-0.16893
41610,-0.16311
41611,-0.15534
41612,-0.14757
41613,-0.14175
41614,-0.13592
41615,-0.12816
41616,-0.12039
41617,-0.11262
41618,-0.10485
41619,-0.097087
41620,-0.087379
41621,-0.075728
41622,-0.062136
41623,-0.048544
41624,-0.031068
41625,-0.013592
41626,0.007767
41627,0.029126
41628,0.056311
41629,0.081553
41630,0.11068
41631,0.14175
41632,0.1767
41633,0.21165
41634,0.24854
41635,0.28738
41636,0.32816
41637,0.36893
41638,0.41165
41639,0.45437
41640,0.49903
41641,0.54175
41642,0.58641
41643,0.63301
41644,0.67767
41645,0.72233
41646,0.76699
41647,0.81165
41648,0.85243
41649,0.89515
41650,0.93592
41651,0.9767
41652,1.0155
41653,1.0544
41654,1.0913
41655,1.1282
41656,1.1631
41657,1.1981
41658,1.2272
41659,1.2563
41660,1.2816
41661,1.3049
41662,1.3184
41663,1.334
41664,1.3417
41665,1.3495
41666,1.3495
41667,1.3515
41668,1.3476
41669,1.3456
41670,1.3379
41671,1.332
41672,1.3204
41673,1.3107
41674,1.299
41675,1.2874
41676,1.2757
41677,1.2621
41678,1.2505
41679,1.2388
41680,1.2272
41681,1.2175
41682,1.2097
41683,1.2
41684,1.1942
41685,1.1883
41686,1.1845
41687,1.1806
41688,1.1767
41689,1.1748
41690,1.1767
41691,1.1767
41692,1.1806
41693,1.1845
41694,1.1903
41695,1.1942
41696,1.2
41697,1.2078
41698,1.2117
41699,1.2175
41700,1.2214
41701,1.2272
41702,1.2272
41703,1.2272
41704,1.2252
41705,1.2233
41706,1.2194
41707,1.2136
41708,1.2078
41709,1.2
41710,1.1922
41711,1.1825
41712,1.1728
41713,1.1612
41714,1.1495
41715,1.1359
41716,1.1223
41717,1.1107
41718,1.0951
41719,1.0816
41720,1.066
41721,1.0524
41722,1.0369
41723,1.0233
41724,1.0078
41725,0.99417
41726,0.97864
41727,0.96505
41728,0.94951
41729,0.93592
41730,0.92039
41731,0.9068
41732,0.8932
41733,0.87767
41734,0.86408
41735,0.85049
41736,0.83883
41737,0.82524
41738,0.81359
41739,0.80194
41740,0.79029
41741,0.77864
41742,0.76699
41743,0.75534
41744,0.74369
41745,0.73204
41746,0.72039
41747,0.7068
41748,0.69126
41749,0.67767
41750,0.66214
41751,0.64854
41752,0.63301
41753,0.61748
41754,0.59806
41755,0.58058
41756,0.55922
41757,0.53981
41758,0.51456
41759,0.48932
41760,0.46019
41761,0.43107
41762,0.40194
41763,0.37282
41764,0.34175
41765,0.31262
41766,0.2835
41767,0.25437
41768,0.22718
41769,0.19806
41770,0.17087
41771,0.14369
41772,0.11845
41773,0.093204
41774,0.067961
41775,0.04466
41776,0.021359
41777,-0.0019417
41778,-0.021359
41779,-0.040777
41780,-0.056311
41781,-0.071845
41782,-0.083495
41783,-0.095146
41784,-0.10291
41785,-0.11068
41786,-0.11262
41787,-0.1165
41788,-0.1165
41789,-0.11456
41790,-0.11262
41791,-0.11068
41792,-0.1068
41793,-0.10291
41794,-0.099029
41795,-0.095146
41796,-0.091262
41797,-0.087379
41798,-0.083495
41799,-0.079612
41800,-0.075728
41801,-0.069903
41802,-0.066019
41803,-0.060194
41804,-0.056311
41805,-0.050485
41806,-0.046602
41807,-0.040777
41808,-0.036893
41809,-0.031068
41810,-0.027184
41811,-0.023301
41812,-0.019417
41813,-0.015534
41814,-0.01165
41815,-0.007767
41816,-0.0058252
41817,-0.0019417
41818,0.0
41819,0.0019417
41820,0.0038835
41821,0.0058252
41822,0.007767
41823,0.0097087
41824,0.01165
41825,0.015534
41826,0.017476
41827,0.019417
41828,0.023301
41829,0.027184
41830,0.031068
41831,0.034951
41832,0.038835
41833,0.04466
41834,0.046602
41835,0.050485
41836,0.054369
41837,0.056311
41838,0.060194
41839,0.064078
41840,0.066019
41841,0.069903
41842,0.073786
41843,0.07767
41844,0.081553
41845,0.085437
41846,0.083495
41847,0.083495
41848,0.07767
41849,0.071845
41850,0.060194
41851,0.050485
41852,0.03301
41853,0.017476
41854,0.0
41855,-0.019417
41856,-0.038835
41857,-0.060194
41858,-0.079612
41859,-0.097087
41860,-0.1165
41861,-0.13398
41862,-0.15146
41863,-0.16893
41864,-0.18447
41865,-0.2
41866,-0.21553
41867,-0.22913
41868,-0.24078
41869,-0.25243
41870,-0.26214
41871,-0.27184
41872,-0.27767
41873,-0.2835
41874,-0.28544
41875,-0.28738
41876,-0.28544
41877,-0.2835
41878,-0.27767
41879,-0.27184
41880,-0.26408
41881,-0.25437
41882,-0.24466
41883,-0.23301
41884,-0.22136
41885,-0.20971
41886,-0.2
41887,-0.18835
41888,-0.17864
41889,-0.16893
41890,-0.15922
41891,-0.14951
41892,-0.13981
41893,-0.1301
41894,-0.12039
41895,-0.11068
41896,-0.10291
41897,-0.093204
41898,-0.085437
41899,-0.07767
41900,-0.067961
41901,-0.060194
41902,-0.052427
41903,-0.04466
41904,-0.038835
41905,-0.031068
41906,-0.025243
41907,-0.017476
41908,-0.01165
41909,-0.0038835
41910,0.0019417
41911,0.007767
41912,0.013592
41913,0.017476
41914,0.021359
41915,0.025243
41916,0.029126
41917,0.03301
41918,0.034951
41919,0.038835
41920,0.04466
41921,0.048544
41922,0.054369
41923,0.060194
41924,0.067961
41925,0.073786
41926,0.079612
41927,0.085437
41928,0.08932
41929,0.095146
41930,0.097087
41931,0.10097
41932,0.10291
41933,0.10291
41934,0.10291
41935,0.10291
41936,0.10097
41937,0.097087
41938,0.091262
41939,0.087379
41940,0.07767
41941,0.069903
41942,0.056311
41943,0.04466
41944,0.029126
41945,0.013592
41946,0.0
41947,-0.01165
41948,-0.021359
41949,-0.031068
41950,-0.034951
41951,-0.038835
41952,-0.036893
41953,-0.034951
41954,-0.027184
41955,-0.019417
41956,-0.007767
41957,0.0038835
41958,0.021359
41959,0.038835
41960,0.060194
41961,0.081553
41962,0.1068
41963,0.13204
41964,0.16311
41965,0.19223
41966,0.22718
41967,0.26214
41968,0.30097
41969,0.33981
41970,0.38058
41971,0.4233
41972,0.46796
41973,0.51262
41974,0.55922
41975,0.60583
41976,0.65243
41977,0.70097
41978,0.74757
41979,0.79417
41980,0.84078
41981,0.88544
41982,0.92816
41983,0.97087
41984,1.0097
41985,1.0505
41986,1.0854
41987,1.1223
41988,1.1553
41989,1.1864
41990,1.2136
41991,1.2427
41992,1.2641
41993,1.2874
41994,1.3068
41995,1.3262
41996,1.3417
41997,1.3573
41998,1.3689
41999,1.3806
42000,1.3922
42001,1.4019
42002,1.4117
42003,1.4194
42004,1.4291
42005,1.4369
42006,1.4447
42007,1.4505
42008,1.4563
42009,1.4621
42010,1.468
42011,1.4718
42012,1.4757
42013,1.4777
42014,1.4816
42015,1.4854
42016,1.4893
42017,1.4913
42018,1.4932
42019,1.4932
42020,1.4932
42021,1.4913
42022,1.4874
42023,1.4816
42024,1.4757
42025,1.468
42026,1.4583
42027,1.4485
42028,1.4369
42029,1.4252
42030,1.4078
42031,1.3883
42032,1.365
42033,1.3417
42034,1.3126
42035,1.2816
42036,1.2466
42037,1.2136
42038,1.1748
42039,1.1379
42040,1.099
42041,1.0602
42042,1.0233
42043,0.98447
42044,0.94757
42045,0.90874
42046,0.87184
42047,0.83495
42048,0.79806
42049,0.76117
42050,0.72621
42051,0.69126
42052,0.65825
42053,0.62524
42054,0.59417
42055,0.56505
42056,0.53786
42057,0.51068
42058,0.48932
42059,0.46602
42060,0.4466
42061,0.42718
42062,0.41165
42063,0.39612
42064,0.38447
42065,0.37087
42066,0.35922
42067,0.34951
42068,0.33981
42069,0.3301
42070,0.31845
42071,0.30874
42072,0.29709
42073,0.28738
42074,0.27767
42075,0.26796
42076,0.25825
42077,0.25049
42078,0.24272
42079,0.23495
42080,0.22913
42081,0.2233
42082,0.21748
42083,0.21165
42084,0.20777
42085,0.20194
42086,0.19806
42087,0.19612
42088,0.19223
42089,0.18835
42090,0.18641
42091,0.18252
42092,0.18058
42093,0.1767
42094,0.17282
42095,0.17087
42096,0.16505
42097,0.16117
42098,0.15728
42099,0.15146
42100,0.14563
42101,0.13786
42102,0.13204
42103,0.12621
42104,0.12039
42105,0.11456
42106,0.11068
42107,0.1068
42108,0.10485
42109,0.10485
42110,0.10291
42111,0.10097
42112,0.10097
42113,0.099029
42114,0.099029
42115,0.097087
42116,0.097087
42117,0.097087
42118,0.097087
42119,0.095146
42120,0.095146
42121,0.095146
42122,0.091262
42123,0.08932
42124,0.083495
42125,0.07767
42126,0.066019
42127,0.056311
42128,0.038835
42129,0.021359
42130,0.0019417
42131,-0.017476
42132,-0.036893
42133,-0.058252
42134,-0.07767
42135,-0.099029
42136,-0.11845
42137,-0.13786
42138,-0.15728
42139,-0.17476
42140,-0.19223
42141,-0.20971
42142,-0.22524
42143,-0.24078
42144,-0.25437
42145,-0.26796
42146,-0.27961
42147,-0.28932
42148,-0.29709
42149,-0.30485
42150,-0.30874
42151,-0.31262
42152,-0.31262
42153,-0.31456
42154,-0.31068
42155,-0.3068
42156,-0.29903
42157,-0.29126
42158,-0.28155
42159,-0.27184
42160,-0.26019
42161,-0.24854
42162,-0.23883
42163,-0.22718
42164,-0.21748
42165,-0.20583
42166,-0.19612
42167,-0.18641
42168,-0.17864
42169,-0.16893
42170,-0.15922
42171,-0.15146
42172,-0.14175
42173,-0.13398
42174,-0.12427
42175,-0.1165
42176,-0.1068
42177,-0.099029
42178,-0.091262
42179,-0.083495
42180,-0.075728
42181,-0.067961
42182,-0.062136
42183,-0.054369
42184,-0.048544
42185,-0.042718
42186,-0.036893
42187,-0.031068
42188,-0.025243
42189,-0.019417
42190,-0.013592
42191,-0.0097087
42192,-0.0058252
42193,0.0
42194,0.0038835
42195,0.007767
42196,0.0097087
42197,0.013592
42198,0.019417
42199,0.023301
42200,0.029126
42201,0.036893
42202,0.042718
42203,0.048544
42204,0.054369
42205,0.062136
42206,0.066019
42207,0.071845
42208,0.07767
42209,0.081553
42210,0.087379
42211,0.093204
42212,0.097087
42213,0.10291
42214,0.10485
42215,0.10874
42216,0.10874
42217,0.1068
42218,0.10097
42219,0.097087
42220,0.085437
42221,0.075728
42222,0.060194
42223,0.04466
42224,0.025243
42225,0.007767
42226,-0.013592
42227,-0.03301
42228,-0.052427
42229,-0.073786
42230,-0.091262
42231,-0.11068
42232,-0.12816
42233,-0.14563
42234,-0.16117
42235,-0.1767
42236,-0.19223
42237,-0.20777
42238,-0.21942
42239,-0.23107
42240,-0.24078
42241,-0.25049
42242,-0.25631
42243,-0.26214
42244,-0.26408
42245,-0.26602
42246,-0.26602
42247,-0.26408
42248,-0.25825
42249,-0.25243
42250,-0.24466
42251,-0.23689
42252,-0.22524
42253,-0.21359
42254,-0.20194
42255,-0.19029
42256,-0.17864
42257,-0.16505
42258,-0.15534
42259,-0.14369
42260,-0.13398
42261,-0.12427
42262,-0.11456
42263,-0.10485
42264,-0.095146
42265,-0.085437
42266,-0.07767
42267,-0.069903
42268,-0.064078
42269,-0.058252
42270,-0.054369
42271,-0.048544
42272,-0.046602
42273,-0.042718
42274,-0.040777
42275,-0.036893
42276,-0.031068
42277,-0.027184
42278,-0.019417
42279,-0.01165
42280,-0.0019417
42281,0.0097087
42282,0.023301
42283,0.038835
42284,0.058252
42285,0.07767
42286,0.10097
42287,0.12621
42288,0.15534
42289,0.18447
42290,0.21748
42291,0.25243
42292,0.29126
42293,0.3301
42294,0.37087
42295,0.41359
42296,0.45631
42297,0.49903
42298,0.54175
42299,0.58641
42300,0.62718
42301,0.6699
42302,0.71262
42303,0.7534
42304,0.79417
42305,0.83301
42306,0.8699
42307,0.9068
42308,0.93981
42309,0.97476
42310,1.0
42311,1.0252
42312,1.0427
42313,1.0602
42314,1.0738
42315,1.0874
42316,1.0971
42317,1.1068
42318,1.1126
42319,1.1204
42320,1.1243
42321,1.1301
42322,1.132
42323,1.134
42324,1.134
42325,1.134
42326,1.132
42327,1.1301
42328,1.1262
42329,1.1223
42330,1.1184
42331,1.1146
42332,1.1107
42333,1.1049
42334,1.1029
42335,1.099
42336,1.099
42337,1.0971
42338,1.099
42339,1.101
42340,1.1068
42341,1.1126
42342,1.1204
42343,1.1282
42344,1.1379
42345,1.1495
42346,1.1592
42347,1.1709
42348,1.1806
42349,1.1922
42350,1.2019
42351,1.2136
42352,1.2233
42353,1.233
42354,1.2408
42355,1.2505
42356,1.2583
42357,1.266
42358,1.2718
42359,1.2796
42360,1.2835
42361,1.2874
42362,1.2874
42363,1.2893
42364,1.2893
42365,1.2874
42366,1.2835
42367,1.2816
42368,1.2757
42369,1.2699
42370,1.2602
42371,1.2524
42372,1.2427
42373,1.2311
42374,1.2194
42375,1.2058
42376,1.1903
42377,1.1748
42378,1.1592
42379,1.1437
42380,1.1262
42381,1.1087
42382,1.0913
42383,1.0738
42384,1.0563
42385,1.0388
42386,1.0214
42387,1.0058
42388,0.99029
42389,0.97476
42390,0.96117
42391,0.94757
42392,0.93592
42393,0.92427
42394,0.91068
42395,0.89903
42396,0.8835
42397,0.8699
42398,0.85631
42399,0.84078
42400,0.82524
42401,0.80777
42402,0.79029
42403,0.77087
42404,0.74951
42405,0.72621
42406,0.69903
42407,0.67379
42408,0.64272
42409,0.61165
42410,0.5767
42411,0.54369
42412,0.50874
42413,0.47379
42414,0.44078
42415,0.40583
42416,0.37087
42417,0.33786
42418,0.3068
42419,0.27379
42420,0.24272
42421,0.21359
42422,0.18447
42423,0.15728
42424,0.1301
42425,0.10291
42426,0.081553
42427,0.058252
42428,0.038835
42429,0.019417
42430,0.0058252
42431,-0.0097087
42432,-0.021359
42433,-0.03301
42434,-0.038835
42435,-0.046602
42436,-0.048544
42437,-0.052427
42438,-0.052427
42439,-0.054369
42440,-0.054369
42441,-0.054369
42442,-0.054369
42443,-0.054369
42444,-0.054369
42445,-0.054369
42446,-0.052427
42447,-0.052427
42448,-0.052427
42449,-0.050485
42450,-0.048544
42451,-0.046602
42452,-0.04466
42453,-0.042718
42454,-0.040777
42455,-0.038835
42456,-0.036893
42457,-0.034951
42458,-0.031068
42459,-0.029126
42460,-0.027184
42461,-0.025243
42462,-0.021359
42463,-0.019417
42464,-0.017476
42465,-0.015534
42466,-0.01165
42467,-0.0097087
42468,-0.007767
42469,-0.0058252
42470,-0.0038835
42471,-0.0019417
42472,0.0
42473,0.0
42474,0.0019417
42475,0.0038835
42476,0.0058252
42477,0.007767
42478,0.0097087
42479,0.013592
42480,0.017476
42481,0.021359
42482,0.025243
42483,0.029126
42484,0.031068
42485,0.034951
42486,0.036893
42487,0.040777
42488,0.042718
42489,0.04466
42490,0.046602
42491,0.048544
42492,0.048544
42493,0.050485
42494,0.050485
42495,0.050485
42496,0.048544
42497,0.046602
42498,0.036893
42499,0.027184
42500,0.013592
42501,0.0
42502,-0.019417
42503,-0.036893
42504,-0.056311
42505,-0.075728
42506,-0.095146
42507,-0.11262
42508,-0.1301
42509,-0.14757
42510,-0.16505
42511,-0.18058
42512,-0.19806
42513,-0.21359
42514,-0.22718
42515,-0.24078
42516,-0.25437
42517,-0.26602
42518,-0.27573
42519,-0.28544
42520,-0.2932
42521,-0.30097
42522,-0.30291
42523,-0.3068
42524,-0.3068
42525,-0.30485
42526,-0.30097
42527,-0.29709
42528,-0.29126
42529,-0.28544
42530,-0.27573
42531,-0.26796
42532,-0.25631
42533,-0.24466
42534,-0.23495
42535,-0.2233
42536,-0.21359
42537,-0.20388
42538,-0.19223
42539,-0.18252
42540,-0.17282
42541,-0.16311
42542,-0.1534
42543,-0.14175
42544,-0.13204
42545,-0.12233
42546,-0.11262
42547,-0.10485
42548,-0.095146
42549,-0.087379
42550,-0.079612
42551,-0.069903
42552,-0.062136
42553,-0.054369
42554,-0.046602
42555,-0.038835
42556,-0.031068
42557,-0.025243
42558,-0.019417
42559,-0.013592
42560,-0.01165
42561,-0.007767
42562,-0.0058252
42563,-0.0058252
42564,-0.0058252
42565,-0.007767
42566,-0.007767
42567,-0.007767
42568,-0.0058252
42569,-0.0058252
42570,0.0
42571,0.0038835
42572,0.013592
42573,0.023301
42574,0.036893
42575,0.052427
42576,0.069903
42577,0.08932
42578,0.11456
42579,0.13981
42580,0.16893
42581,0.2
42582,0.23301
42583,0.26796
42584,0.30291
42585,0.33981
42586,0.37476
42587,0.41165
42588,0.4466
42589,0.48155
42590,0.50874
42591,0.53786
42592,0.55922
42593,0.58252
42594,0.6
42595,0.61942
42596,0.63495
42597,0.65049
42598,0.66602
42599,0.67961
42600,0.69515
42601,0.70874
42602,0.72427
42603,0.73786
42604,0.75146
42605,0.76505
42606,0.77864
42607,0.79223
42608,0.80583
42609,0.81942
42610,0.83301
42611,0.8466
42612,0.85825
42613,0.8699
42614,0.88155
42615,0.89515
42616,0.9068
42617,0.91845
42618,0.9301
42619,0.94175
42620,0.9534
42621,0.96699
42622,0.98058
42623,0.99417
42624,1.0097
42625,1.0252
42626,1.0408
42627,1.0563
42628,1.0699
42629,1.0854
42630,1.0971
42631,1.1107
42632,1.1223
42633,1.134
42634,1.1437
42635,1.1553
42636,1.165
42637,1.1767
42638,1.1864
42639,1.1961
42640,1.2039
42641,1.2136
42642,1.2214
42643,1.2291
42644,1.235
42645,1.2427
42646,1.2466
42647,1.2505
42648,1.2524
42649,1.2563
42650,1.2544
42651,1.2544
42652,1.2524
42653,1.2505
42654,1.2427
42655,1.2369
42656,1.2291
42657,1.2214
42658,1.2078
42659,1.1961
42660,1.1825
42661,1.1689
42662,1.1553
42663,1.1417
42664,1.1262
42665,1.1126
42666,1.099
42667,1.0854
42668,1.0718
42669,1.0583
42670,1.0427
42671,1.0291
42672,1.0136
42673,1.0
42674,0.98447
42675,0.96893
42676,0.9534
42677,0.93786
42678,0.92233
42679,0.9068
42680,0.88738
42681,0.8699
42682,0.84854
42683,0.82524
42684,0.79806
42685,0.77087
42686,0.73981
42687,0.70874
42688,0.67573
42689,0.64272
42690,0.60777
42691,0.57282
42692,0.53592
42693,0.49903
42694,0.46408
42695,0.42913
42696,0.39612
42697,0.36117
42698,0.32816
42699,0.29709
42700,0.26602
42701,0.23495
42702,0.20583
42703,0.17864
42704,0.1534
42705,0.12816
42706,0.1068
42707,0.085437
42708,0.067961
42709,0.050485
42710,0.038835
42711,0.027184
42712,0.019417
42713,0.01165
42714,0.0058252
42715,0.0019417
42716,0.0
42717,-0.0019417
42718,-0.0038835
42719,-0.0038835
42720,-0.0058252
42721,-0.007767
42722,-0.0097087
42723,-0.0097087
42724,-0.01165
42725,-0.01165
42726,-0.013592
42727,-0.013592
42728,-0.013592
42729,-0.013592
42730,-0.013592
42731,-0.01165
42732,-0.01165
42733,-0.0097087
42734,-0.007767
42735,-0.0058252
42736,-0.0058252
42737,-0.0038835
42738,-0.0038835
42739,-0.0019417
42740,-0.0019417
42741,-0.0019417
42742,-0.0019417
42743,0.0
42744,0.0
42745,0.0
42746,0.0
42747,0.0
42748,0.0
42749,0.0
42750,0.0
42751,0.0
42752,0.0
42753,0.0
42754,0.0019417
42755,0.0019417
42756,0.0038835
42757,0.007767
42758,0.0097087
42759,0.013592
42760,0.017476
42761,0.021359
42762,0.023301
42763,0.027184
42764,0.029126
42765,0.03301
42766,0.03301
42767,0.034951
42768,0.036893
42769,0.038835
42770,0.038835
42771,0.040777
42772,0.040777
42773,0.040777
42774,0.034951
42775,0.029126
42776,0.017476
42777,0.007767
42778,-0.007767
42779,-0.023301
42780,-0.040777
42781,-0.058252
42782,-0.07767
42783,-0.097087
42784,-0.1165
42785,-0.13592
42786,-0.1534
42787,-0.17087
42788,-0.18641
42789,-0.20388
42790,-0.21942
42791,-0.23301
42792,-0.24854
42793,-0.26214
42794,-0.27379
42795,-0.28544
42796,-0.29515
42797,-0.30485
42798,-0.31068
42799,-0.3165
42800,-0.32039
42801,-0.32427
42802,-0.32233
42803,-0.32039
42804,-0.3165
42805,-0.31068
42806,-0.30291
42807,-0.29515
42808,-0.2835
42809,-0.27379
42810,-0.26214
42811,-0.25243
42812,-0.24272
42813,-0.23107
42814,-0.22136
42815,-0.21165
42816,-0.20388
42817,-0.19417
42818,-0.18447
42819,-0.17476
42820,-0.16505
42821,-0.1534
42822,-0.14369
42823,-0.13398
42824,-0.12621
42825,-0.1165
42826,-0.1068
42827,-0.099029
42828,-0.08932
42829,-0.081553
42830,-0.073786
42831,-0.064078
42832,-0.058252
42833,-0.050485
42834,-0.04466
42835,-0.036893
42836,-0.031068
42837,-0.025243
42838,-0.019417
42839,-0.015534
42840,-0.0097087
42841,-0.0058252
42842,-0.0019417
42843,0.0019417
42844,0.0058252
42845,0.0097087
42846,0.015534
42847,0.021359
42848,0.027184
42849,0.03301
42850,0.038835
42851,0.04466
42852,0.052427
42853,0.058252
42854,0.064078
42855,0.067961
42856,0.071845
42857,0.075728
42858,0.079612
42859,0.083495
42860,0.085437
42861,0.08932
42862,0.08932
42863,0.08932
42864,0.085437
42865,0.081553
42866,0.073786
42867,0.064078
42868,0.050485
42869,0.036893
42870,0.021359
42871,0.0038835
42872,-0.015534
42873,-0.03301
42874,-0.048544
42875,-0.064078
42876,-0.07767
42877,-0.08932
42878,-0.097087
42879,-0.10291
42880,-0.10485
42881,-0.1068
42882,-0.10291
42883,-0.097087
42884,-0.087379
42885,-0.07767
42886,-0.064078
42887,-0.050485
42888,-0.03301
42889,-0.015534
42890,0.007767
42891,0.031068
42892,0.060194
42893,0.08932
42894,0.12233
42895,0.15728
42896,0.19417
42897,0.23301
42898,0.27573
42899,0.3165
42900,0.36311
42901,0.40777
42902,0.45437
42903,0.49903
42904,0.54563
42905,0.59223
42906,0.63495
42907,0.67961
42908,0.72039
42909,0.76311
42910,0.8
42911,0.83883
42912,0.87379
42913,0.90874
42914,0.93981
42915,0.96893
42916,0.99612
42917,1.0233
42918,1.0466
42919,1.0699
42920,1.0913
42921,1.1107
42922,1.1282
42923,1.1476
42924,1.1612
42925,1.1767
42926,1.1903
42927,1.2019
42928,1.2136
42929,1.2252
42930,1.233
42931,1.2427
42932,1.2524
42933,1.2602
42934,1.268
42935,1.2777
42936,1.2854
42937,1.2932
42938,1.301
42939,1.3087
42940,1.3165
42941,1.3243
42942,1.3301
42943,1.3379
42944,1.3456
42945,1.3515
42946,1.3573
42947,1.3631
42948,1.365
42949,1.3689
42950,1.3689
42951,1.3689
42952,1.367
42953,1.367
42954,1.3612
42955,1.3553
42956,1.3456
42957,1.3359
42958,1.3204
42959,1.3029
42960,1.2816
42961,1.2602
42962,1.233
42963,1.2058
42964,1.1728
42965,1.1417
42966,1.1068
42967,1.0718
42968,1.035
42969,0.99806
42970,0.95922
42971,0.92233
42972,0.88544
42973,0.8466
42974,0.80971
42975,0.77476
42976,0.73786
42977,0.70291
42978,0.66796
42979,0.63301
42980,0.6
42981,0.56505
42982,0.53592
42983,0.50485
42984,0.47767
42985,0.45243
42986,0.42913
42987,0.40777
42988,0.39029
42989,0.37476
42990,0.36117
42991,0.34757
42992,0.33592
42993,0.32621
42994,0.3165
42995,0.3068
42996,0.29903
42997,0.29126
42998,0.28155
42999,0.27379
43000,0.26408
43001,0.25437
43002,0.2466
43003,0.23689
43004,0.22913
43005,0.2233
43006,0.21748
43007,0.21165
43008,0.20583
43009,0.20194
43010,0.19806
43011,0.19417
43012,0.19029
43013,0.18641
43014,0.18252
43015,0.17864
43016,0.17476
43017,0.17282
43018,0.16893
43019,0.16505
43020,0.16117
43021,0.15922
43022,0.15534
43023,0.15146
43024,0.14757
43025,0.14369
43026,0.13786
43027,0.13398
43028,0.12816
43029,0.12233
43030,0.11845
43031,0.11262
43032,0.10874
43033,0.10485
43034,0.10291
43035,0.10097
43036,0.099029
43037,0.099029
43038,0.099029
43039,0.097087
43040,0.097087
43041,0.097087
43042,0.097087
43043,0.095146
43044,0.095146
43045,0.095146
43046,0.093204
43047,0.093204
43048,0.091262
43049,0.08932
43050,0.083495
43051,0.07767
43052,0.066019
43053,0.056311
43054,0.040777
43055,0.025243
43056,0.007767
43057,-0.01165
43058,-0.03301
43059,-0.052427
43060,-0.073786
43061,-0.093204
43062,-0.11456
43063,-0.13398
43064,-0.1534
43065,-0.17282
43066,-0.19029
43067,-0.20777
43068,-0.2233
43069,-0.23689
43070,-0.25049
43071,-0.26408
43072,-0.27573
43073,-0.28738
43074,-0.29515
43075,-0.30485
43076,-0.31068
43077,-0.3165
43078,-0.3165
43079,-0.31845
43080,-0.3165
43081,-0.31456
43082,-0.3068
43083,-0.30097
43084,-0.29126
43085,-0.2835
43086,-0.27184
43087,-0.26214
43088,-0.25049
43089,-0.23883
43090,-0.22913
43091,-0.21748
43092,-0.20777
43093,-0.19806
43094,-0.18835
43095,-0.17864
43096,-0.17087
43097,-0.16117
43098,-0.1534
43099,-0.14369
43100,-0.13398
43101,-0.12427
43102,-0.11456
43103,-0.1068
43104,-0.097087
43105,-0.087379
43106,-0.079612
43107,-0.071845
43108,-0.064078
43109,-0.056311
43110,-0.050485
43111,-0.042718
43112,-0.034951
43113,-0.029126
43114,-0.023301
43115,-0.015534
43116,-0.01165
43117,-0.0058252
43118,-0.0019417
43119,0.0019417
43120,0.0058252
43121,0.007767
43122,0.01165
43123,0.015534
43124,0.019417
43125,0.023301
43126,0.027184
43127,0.03301
43128,0.038835
43129,0.04466
43130,0.050485
43131,0.056311
43132,0.062136
43133,0.067961
43134,0.073786
43135,0.07767
43136,0.081553
43137,0.087379
43138,0.091262
43139,0.095146
43140,0.099029
43141,0.10291
43142,0.10291
43143,0.10485
43144,0.10291
43145,0.10097
43146,0.091262
43147,0.083495
43148,0.067961
43149,0.054369
43150,0.036893
43151,0.019417
43152,0.0
43153,-0.019417
43154,-0.036893
43155,-0.056311
43156,-0.075728
43157,-0.093204
43158,-0.11068
43159,-0.12816
43160,-0.14369
43161,-0.15922
43162,-0.17476
43163,-0.18835
43164,-0.20194
43165,-0.21553
43166,-0.22524
43167,-0.23689
43168,-0.24466
43169,-0.25049
43170,-0.25437
43171,-0.25825
43172,-0.26019
43173,-0.26019
43174,-0.25631
43175,-0.25243
43176,-0.24466
43177,-0.23495
43178,-0.22524
43179,-0.21553
43180,-0.20583
43181,-0.19612
43182,-0.18641
43183,-0.17864
43184,-0.17087
43185,-0.16311
43186,-0.15534
43187,-0.14951
43188,-0.14175
43189,-0.13398
43190,-0.12621
43191,-0.1165
43192,-0.10485
43193,-0.091262
43194,-0.075728
43195,-0.060194
43196,-0.040777
43197,-0.021359
43198,0.0038835
43199,0.029126
43200,0.056311
43201,0.085437
43202,0.12039
43203,0.1534
43204,0.19029
43205,0.22718
43206,0.26796
43207,0.3068
43208,0.34757
43209,0.39029
43210,0.43301
43211,0.47379
43212,0.5165
43213,0.55922
43214,0.6
43215,0.64272
43216,0.6835
43217,0.72621
43218,0.76699
43219,0.80777
43220,0.84854
43221,0.88932
43222,0.92816
43223,0.96505
43224,1.0
43225,1.0369
43226,1.0699
43227,1.1029
43228,1.132
43229,1.1631
43230,1.1922
43231,1.2214
43232,1.2485
43233,1.2738
43234,1.2932
43235,1.3146
43236,1.3262
43237,1.3398
43238,1.3417
43239,1.3456
43240,1.3398
43241,1.3359
43242,1.3243
43243,1.3146
43244,1.299
43245,1.2835
43246,1.268
43247,1.2544
43248,1.2388
43249,1.2252
43250,1.2117
43251,1.2
43252,1.1864
43253,1.1748
43254,1.1612
43255,1.1495
43256,1.1359
43257,1.1223
43258,1.1126
43259,1.101
43260,1.0913
43261,1.0816
43262,1.0738
43263,1.066
43264,1.0602
43265,1.0524
43266,1.0485
43267,1.0466
43268,1.0447
43269,1.0427
43270,1.0427
43271,1.0427
43272,1.0427
43273,1.0447
43274,1.0427
43275,1.0427
43276,1.0388
43277,1.035
43278,1.0291
43279,1.0214
43280,1.0136
43281,1.0039
43282,0.99417
43283,0.98641
43284,0.97476
43285,0.96505
43286,0.95534
43287,0.94369
43288,0.93204
43289,0.92039
43290,0.90874
43291,0.89709
43292,0.88544
43293,0.87379
43294,0.86019
43295,0.84854
43296,0.83689
43297,0.8233
43298,0.81165
43299,0.79806
43300,0.78641
43301,0.77476
43302,0.76311
43303,0.75146
43304,0.73786
43305,0.72621
43306,0.71456
43307,0.70097
43308,0.68738
43309,0.67379
43310,0.66019
43311,0.6466
43312,0.63107
43313,0.61748
43314,0.60388
43315,0.59029
43316,0.57864
43317,0.56699
43318,0.55728
43319,0.54563
43320,0.53592
43321,0.52621
43322,0.5165
43323,0.50485
43324,0.49515
43325,0.4835
43326,0.47184
43327,0.46019
43328,0.45049
43329,0.43883
43330,0.42524
43331,0.41165
43332,0.39612
43333,0.38058
43334,0.36117
43335,0.33981
43336,0.31456
43337,0.28932
43338,0.26214
43339,0.23689
43340,0.20777
43341,0.18058
43342,0.15146
43343,0.12427
43344,0.097087
43345,0.069903
43346,0.04466
43347,0.019417
43348,-0.0058252
43349,-0.031068
43350,-0.052427
43351,-0.075728
43352,-0.095146
43353,-0.11456
43354,-0.13204
43355,-0.14757
43356,-0.15922
43357,-0.17282
43358,-0.18058
43359,-0.19029
43360,-0.19417
43361,-0.2
43362,-0.2
43363,-0.20194
43364,-0.2
43365,-0.19612
43366,-0.19029
43367,-0.18641
43368,-0.17864
43369,-0.17087
43370,-0.16505
43371,-0.15728
43372,-0.14951
43373,-0.14175
43374,-0.13592
43375,-0.12816
43376,-0.12233
43377,-0.11456
43378,-0.10874
43379,-0.10291
43380,-0.095146
43381,-0.08932
43382,-0.083495
43383,-0.07767
43384,-0.071845
43385,-0.064078
43386,-0.058252
43387,-0.050485
43388,-0.04466
43389,-0.036893
43390,-0.031068
43391,-0.025243
43392,-0.019417
43393,-0.013592
43394,-0.0097087
43395,-0.0038835
43396,0.0
43397,0.0038835
43398,0.007767
43399,0.0097087
43400,0.013592
43401,0.015534
43402,0.017476
43403,0.019417
43404,0.023301
43405,0.025243
43406,0.029126
43407,0.031068
43408,0.036893
43409,0.040777
43410,0.04466
43411,0.048544
43412,0.054369
43413,0.058252
43414,0.062136
43415,0.066019
43416,0.069903
43417,0.073786
43418,0.07767
43419,0.081553
43420,0.083495
43421,0.087379
43422,0.08932
43423,0.091262
43424,0.091262
43425,0.091262
43426,0.083495
43427,0.075728
43428,0.064078
43429,0.050485
43430,0.03301
43431,0.017476
43432,-0.0019417
43433,-0.019417
43434,-0.038835
43435,-0.058252
43436,-0.07767
43437,-0.095146
43438,-0.11456
43439,-0.13204
43440,-0.14951
43441,-0.16699
43442,-0.18252
43443,-0.19612
43444,-0.20971
43445,-0.2233
43446,-0.23301
43447,-0.24272
43448,-0.25049
43449,-0.25825
43450,-0.26214
43451,-0.26602
43452,-0.26602
43453,-0.26602
43454,-0.26214
43455,-0.25825
43456,-0.25049
43457,-0.24466
43458,-0.23495
43459,-0.22524
43460,-0.21359
43461,-0.20194
43462,-0.19223
43463,-0.18058
43464,-0.17282
43465,-0.16311
43466,-0.15534
43467,-0.14757
43468,-0.14369
43469,-0.13786
43470,-0.13204
43471,-0.12621
43472,-0.12039
43473,-0.11456
43474,-0.1068
43475,-0.099029
43476,-0.08932
43477,-0.079612
43478,-0.067961
43479,-0.056311
43480,-0.042718
43481,-0.027184
43482,-0.0097087
43483,0.0097087
43484,0.03301
43485,0.056311
43486,0.085437
43487,0.11262
43488,0.14369
43489,0.1767
43490,0.21165
43491,0.2466
43492,0.28544
43493,0.32233
43494,0.36311
43495,0.40194
43496,0.44272
43497,0.48544
43498,0.52816
43499,0.57087
43500,0.61359
43501,0.65825
43502,0.69903
43503,0.74175
43504,0.78252
43505,0.82524
43506,0.86214
43507,0.90097
43508,0.93592
43509,0.97282
43510,1.0058
43511,1.0388
43512,1.0718
43513,1.1029
43514,1.1282
43515,1.1553
43516,1.1767
43517,1.1981
43518,1.2078
43519,1.2194
43520,1.2214
43521,1.2252
43522,1.2214
43523,1.2194
43524,1.2117
43525,1.2039
43526,1.1942
43527,1.1845
43528,1.1728
43529,1.1612
43530,1.1495
43531,1.1379
43532,1.1262
43533,1.1146
43534,1.1029
43535,1.0932
43536,1.0816
43537,1.0699
43538,1.0602
43539,1.0505
43540,1.0408
43541,1.033
43542,1.0252
43543,1.0194
43544,1.0136
43545,1.0097
43546,1.0058
43547,1.0039
43548,1.0039
43549,1.0058
43550,1.0078
43551,1.0097
43552,1.0136
43553,1.0175
43554,1.0214
43555,1.0252
43556,1.0272
43557,1.0311
43558,1.0311
43559,1.0311
43560,1.0272
43561,1.0252
43562,1.0214
43563,1.0175
43564,1.0117
43565,1.0078
43566,1.0
43567,0.99417
43568,0.98447
43569,0.9767
43570,0.96699
43571,0.95922
43572,0.94757
43573,0.93786
43574,0.92621
43575,0.9165
43576,0.90485
43577,0.8932
43578,0.8835
43579,0.87184
43580,0.86019
43581,0.84854
43582,0.83689
43583,0.82524
43584,0.81359
43585,0.8
43586,0.78641
43587,0.77476
43588,0.75922
43589,0.74563
43590,0.73204
43591,0.7165
43592,0.70291
43593,0.68738
43594,0.67379
43595,0.66019
43596,0.6466
43597,0.63301
43598,0.6233
43599,0.61165
43600,0.60194
43601,0.59223
43602,0.58058
43603,0.57087
43604,0.55922
43605,0.54757
43606,0.53592
43607,0.52427
43608,0.51068
43609,0.49903
43610,0.48544
43611,0.47184
43612,0.45437
43613,0.43883
43614,0.41748
43615,0.39612
43616,0.37087
43617,0.34563
43618,0.31845
43619,0.28932
43620,0.26019
43621,0.23107
43622,0.20194
43623,0.17282
43624,0.14369
43625,0.11456
43626,0.085437
43627,0.058252
43628,0.03301
43629,0.0058252
43630,-0.017476
43631,-0.040777
43632,-0.062136
43633,-0.083495
43634,-0.10097
43635,-0.12039
43636,-0.13592
43637,-0.15146
43638,-0.16117
43639,-0.17282
43640,-0.17864
43641,-0.18447
43642,-0.18641
43643,-0.18835
43644,-0.18835
43645,-0.18641
43646,-0.18252
43647,-0.17864
43648,-0.17282
43649,-0.16699
43650,-0.16117
43651,-0.15534
43652,-0.14757
43653,-0.14175
43654,-0.13592
43655,-0.1301
43656,-0.12233
43657,-0.1165
43658,-0.11068
43659,-0.10291
43660,-0.097087
43661,-0.08932
43662,-0.083495
43663,-0.075728
43664,-0.069903
43665,-0.064078
43666,-0.056311
43667,-0.050485
43668,-0.042718
43669,-0.036893
43670,-0.029126
43671,-0.023301
43672,-0.017476
43673,-0.01165
43674,-0.0058252
43675,-0.0019417
43676,0.0038835
43677,0.007767
43678,0.01165
43679,0.013592
43680,0.017476
43681,0.019417
43682,0.021359
43683,0.025243
43684,0.027184
43685,0.029126
43686,0.03301
43687,0.034951
43688,0.038835
43689,0.042718
43690,0.04466
43691,0.048544
43692,0.052427
43693,0.056311
43694,0.060194
43695,0.064078
43696,0.067961
43697,0.071845
43698,0.073786
43699,0.07767
43700,0.081553
43701,0.085437
43702,0.085437
43703,0.087379
43704,0.085437
43705,0.083495
43706,0.075728
43707,0.069903
43708,0.056311
43709,0.04466
43710,0.027184
43711,0.01165
43712,-0.007767
43713,-0.025243
43714,-0.04466
43715,-0.064078
43716,-0.083495
43717,-0.10097
43718,-0.11845
43719,-0.13786
43720,-0.1534
43721,-0.17087
43722,-0.18641
43723,-0.20194
43724,-0.21359
43725,-0.22718
43726,-0.23689
43727,-0.2466
43728,-0.25243
43729,-0.25825
43730,-0.26214
43731,-0.26408
43732,-0.26408
43733,-0.26408
43734,-0.25825
43735,-0.25437
43736,-0.24466
43737,-0.23689
43738,-0.22718
43739,-0.21748
43740,-0.20583
43741,-0.19417
43742,-0.18447
43743,-0.17282
43744,-0.16311
43745,-0.1534
43746,-0.14369
43747,-0.13592
43748,-0.12621
43749,-0.11845
43750,-0.11068
43751,-0.10097
43752,-0.093204
43753,-0.085437
43754,-0.07767
43755,-0.067961
43756,-0.060194
43757,-0.052427
43758,-0.04466
43759,-0.036893
43760,-0.029126
43761,-0.021359
43762,-0.015534
43763,-0.007767
43764,-0.0019417
43765,0.0038835
43766,0.01165
43767,0.017476
43768,0.023301
43769,0.031068
43770,0.034951
43771,0.040777
43772,0.04466
43773,0.048544
43774,0.052427
43775,0.056311
43776,0.060194
43777,0.064078
43778,0.067961
43779,0.073786
43780,0.079612
43781,0.087379
43782,0.091262
43783,0.097087
43784,0.10291
43785,0.10874
43786,0.11262
43787,0.1165
43788,0.12039
43789,0.12427
43790,0.12816
43791,0.13398
43792,0.13981
43793,0.14563
43794,0.14757
43795,0.15146
43796,0.15146
43797,0.14951
43798,0.14369
43799,0.13592
43800,0.12233
43801,0.10874
43802,0.08932
43803,0.069903
43804,0.04466
43805,0.021359
43806,-0.0038835
43807,-0.027184
43808,-0.048544
43809,-0.069903
43810,-0.08932
43811,-0.1068
43812,-0.12039
43813,-0.13592
43814,-0.14563
43815,-0.1534
43816,-0.15922
43817,-0.16311
43818,-0.16117
43819,-0.15922
43820,-0.15146
43821,-0.14175
43822,-0.12621
43823,-0.10874
43824,-0.085437
43825,-0.060194
43826,-0.029126
43827,0.0019417
43828,0.038835
43829,0.07767
43830,0.12039
43831,0.16311
43832,0.21165
43833,0.26019
43834,0.30874
43835,0.35728
43836,0.40583
43837,0.45437
43838,0.50291
43839,0.54951
43840,0.59612
43841,0.64078
43842,0.68544
43843,0.72816
43844,0.77087
43845,0.81359
43846,0.85437
43847,0.89515
43848,0.93592
43849,0.9767
43850,1.0136
43851,1.0524
43852,1.0874
43853,1.1243
43854,1.1553
43855,1.1883
43856,1.2194
43857,1.2485
43858,1.2738
43859,1.299
43860,1.3204
43861,1.3417
43862,1.3592
43863,1.3748
43864,1.3883
43865,1.4039
43866,1.4155
43867,1.4272
43868,1.4369
43869,1.4485
43870,1.4583
43871,1.4699
43872,1.4796
43873,1.4893
43874,1.4913
43875,1.4932
43876,1.4932
43877,1.4932
43878,1.4932
43879,1.4932
43880,1.4932
43881,1.4932
43882,1.4932
43883,1.4932
43884,1.4932
43885,1.4932
43886,1.4932
43887,1.4932
43888,1.4932
43889,1.4932
43890,1.4932
43891,1.4932
43892,1.4718
43893,1.4505
43894,1.4252
43895,1.4
43896,1.3709
43897,1.3437
43898,1.3107
43899,1.2777
43900,1.2427
43901,1.2078
43902,1.1709
43903,1.134
43904,1.0971
43905,1.0583
43906,1.0214
43907,0.98447
43908,0.94757
43909,0.91068
43910,0.87379
43911,0.83883
43912,0.80583
43913,0.77282
43914,0.74369
43915,0.71456
43916,0.68932
43917,0.66408
43918,0.64466
43919,0.62524
43920,0.60777
43921,0.59223
43922,0.57864
43923,0.56505
43924,0.5534
43925,0.54369
43926,0.53204
43927,0.52233
43928,0.51262
43929,0.50291
43930,0.49126
43931,0.48155
43932,0.47184
43933,0.46214
43934,0.45243
43935,0.44272
43936,0.43301
43937,0.4233
43938,0.41359
43939,0.40583
43940,0.39612
43941,0.38835
43942,0.37864
43943,0.37087
43944,0.36311
43945,0.35728
43946,0.34951
43947,0.34175
43948,0.33592
43949,0.32816
43950,0.32233
43951,0.3165
43952,0.31068
43953,0.30291
43954,0.29709
43955,0.29126
43956,0.28544
43957,0.27961
43958,0.27379
43959,0.26796
43960,0.26019
43961,0.25437
43962,0.24854
43963,0.24272
43964,0.23883
43965,0.23495
43966,0.23301
43967,0.22913
43968,0.22718
43969,0.22524
43970,0.2233
43971,0.22136
43972,0.21748
43973,0.21359
43974,0.20971
43975,0.20777
43976,0.20194
43977,0.19806
43978,0.19417
43979,0.18835
43980,0.18252
43981,0.1767
43982,0.16505
43983,0.1534
43984,0.13786
43985,0.12233
43986,0.10291
43987,0.083495
43988,0.060194
43989,0.038835
43990,0.017476
43991,-0.0058252
43992,-0.027184
43993,-0.050485
43994,-0.069903
43995,-0.08932
43996,-0.10874
43997,-0.12621
43998,-0.14369
43999,-0.16117
44000,-0.1767
44001,-0.19223
44002,-0.20583
44003,-0.21942
44004,-0.23107
44005,-0.24078
44006,-0.24854
44007,-0.25631
44008,-0.25825
44009,-0.26214
44010,-0.26214
44011,-0.26019
44012,-0.25631
44013,-0.25049
44014,-0.24466
44015,-0.23689
44016,-0.22718
44017,-0.21748
44018,-0.20777
44019,-0.19806
44020,-0.19029
44021,-0.18058
44022,-0.17282
44023,-0.16311
44024,-0.15534
44025,-0.14563
44026,-0.13786
44027,-0.12816
44028,-0.12039
44029,-0.11068
44030,-0.10291
44031,-0.093204
44032,-0.085437
44033,-0.07767
44034,-0.069903
44035,-0.060194
44036,-0.052427
44037,-0.04466
44038,-0.038835
44039,-0.031068
44040,-0.023301
44041,-0.017476
44042,-0.01165
44043,-0.0038835
44044,0.0019417
44045,0.007767
44046,0.01165
44047,0.017476
44048,0.021359
44049,0.025243
44050,0.029126
44051,0.03301
44052,0.036893
44053,0.040777
44054,0.04466
44055,0.048544
44056,0.052427
44057,0.056311
44058,0.060194
44059,0.066019
44060,0.071845
44061,0.075728
44062,0.081553
44063,0.085437
44064,0.08932
44065,0.093204
44066,0.097087
44067,0.10097
44068,0.10291
44069,0.1068
44070,0.10874
44071,0.11262
44072,0.11262
44073,0.11456
44074,0.11068
44075,0.1068
44076,0.097087
44077,0.08932
44078,0.073786
44079,0.060194
44080,0.040777
44081,0.023301
44082,0.0019417
44083,-0.017476
44084,-0.036893
44085,-0.058252
44086,-0.07767
44087,-0.099029
44088,-0.12039
44089,-0.14175
44090,-0.16117
44091,-0.18058
44092,-0.19806
44093,-0.21553
44094,-0.22913
44095,-0.24272
44096,-0.25049
44097,-0.25825
44098,-0.26019
44099,-0.26214
44100,-0.25631
44101,-0.25243
44102,-0.24078
44103,-0.22718
44104,-0.20583
44105,-0.18641
44106,-0.15728
44107,-0.1301
44108,-0.095146
44109,-0.060194
44110,-0.021359
44111,0.019417
44112,0.064078
44113,0.10874
44114,0.15534
44115,0.2
44116,0.24854
44117,0.29515
44118,0.33981
44119,0.38641
44120,0.43107
44121,0.47573
44122,0.51845
44123,0.56311
44124,0.60388
44125,0.6466
44126,0.68932
44127,0.73204
44128,0.77282
44129,0.81553
44130,0.85437
44131,0.89515
44132,0.93398
44133,0.97087
44134,1.0078
44135,1.0447
44136,1.0796
44137,1.1165
44138,1.1476
44139,1.1786
44140,1.2058
44141,1.235
44142,1.2583
44143,1.2835
44144,1.3049
44145,1.3262
44146,1.3437
44147,1.3631
44148,1.3767
44149,1.3922
44150,1.4058
44151,1.4175
44152,1.4272
44153,1.4369
44154,1.4447
44155,1.4524
44156,1.4563
44157,1.4621
44158,1.468
44159,1.4718
44160,1.4757
44161,1.4796
44162,1.4816
44163,1.4835
44164,1.4835
44165,1.4835
44166,1.4757
44167,1.4699
44168,1.4583
44169,1.4466
44170,1.4311
44171,1.4155
44172,1.3981
44173,1.3786
44174,1.3573
44175,1.3359
44176,1.3146
44177,1.2913
44178,1.266
44179,1.2408
44180,1.2136
44181,1.1845
44182,1.1553
44183,1.1262
44184,1.0951
44185,1.0641
44186,1.033
44187,1.0019
44188,0.97087
44189,0.93981
44190,0.91068
44191,0.88155
44192,0.85437
44193,0.82718
44194,0.80388
44195,0.78252
44196,0.76311
44197,0.74369
44198,0.72621
44199,0.71068
44200,0.69709
44201,0.68155
44202,0.6699
44203,0.65631
44204,0.64466
44205,0.63301
44206,0.62136
44207,0.61165
44208,0.6
44209,0.59029
44210,0.58058
44211,0.57087
44212,0.56311
44213,0.5534
44214,0.54563
44215,0.53592
44216,0.52816
44217,0.52039
44218,0.51068
44219,0.50291
44220,0.49515
44221,0.48738
44222,0.47767
44223,0.4699
44224,0.46214
44225,0.45243
44226,0.44466
44227,0.43495
44228,0.42524
44229,0.41748
44230,0.40777
44231,0.4
44232,0.39223
44233,0.38447
44234,0.3767
44235,0.36893
44236,0.36117
44237,0.3534
44238,0.34563
44239,0.33786
44240,0.3301
44241,0.32427
44242,0.31845
44243,0.31262
44244,0.30874
44245,0.30485
44246,0.30097
44247,0.29709
44248,0.2932
44249,0.28932
44250,0.2835
44251,0.27961
44252,0.27379
44253,0.26796
44254,0.26408
44255,0.25825
44256,0.25243
44257,0.2466
44258,0.23883
44259,0.23107
44260,0.21942
44261,0.20971
44262,0.19417
44263,0.17864
44264,0.15728
44265,0.13592
44266,0.11456
44267,0.091262
44268,0.067961
44269,0.04466
44270,0.021359
44271,-0.0019417
44272,-0.023301
44273,-0.046602
44274,-0.066019
44275,-0.085437
44276,-0.10485
44277,-0.12233
44278,-0.13981
44279,-0.15534
44280,-0.17087
44281,-0.18447
44282,-0.19806
44283,-0.20971
44284,-0.21942
44285,-0.22718
44286,-0.23301
44287,-0.23689
44288,-0.23883
44289,-0.23883
44290,-0.23689
44291,-0.23301
44292,-0.22524
44293,-0.21942
44294,-0.20971
44295,-0.20194
44296,-0.19223
44297,-0.18252
44298,-0.17282
44299,-0.16311
44300,-0.1534
44301,-0.14369
44302,-0.13592
44303,-0.12816
44304,-0.12039
44305,-0.11262
44306,-0.10485
44307,-0.097087
44308,-0.08932
44309,-0.079612
44310,-0.071845
44311,-0.064078
44312,-0.056311
44313,-0.048544
44314,-0.040777
44315,-0.03301
44316,-0.025243
44317,-0.017476
44318,-0.0097087
44319,-0.0019417
44320,0.0038835
44321,0.0097087
44322,0.015534
44323,0.019417
44324,0.023301
44325,0.027184
44326,0.031068
44327,0.034951
44328,0.040777
44329,0.04466
44330,0.048544
44331,0.054369
44332,0.060194
44333,0.064078
44334,0.069903
44335,0.075728
44336,0.079612
44337,0.085437
44338,0.08932
44339,0.095146
44340,0.099029
44341,0.10291
44342,0.1068
44343,0.11068
44344,0.11456
44345,0.11845
44346,0.12233
44347,0.12621
44348,0.12816
44349,0.13204
44350,0.13398
44351,0.13398
44352,0.13398
44353,0.13204
44354,0.12621
44355,0.11845
44356,0.10485
44357,0.093204
44358,0.07767
44359,0.062136
44360,0.042718
44361,0.025243
44362,0.0058252
44363,-0.013592
44364,-0.03301
44365,-0.050485
44366,-0.067961
44367,-0.085437
44368,-0.10291
44369,-0.12039
44370,-0.13592
44371,-0.14951
44372,-0.16505
44373,-0.17864
44374,-0.19029
44375,-0.2
44376,-0.20971
44377,-0.21942
44378,-0.2233
44379,-0.22718
44380,-0.22913
44381,-0.22913
44382,-0.22524
44383,-0.22136
44384,-0.21553
44385,-0.20777
44386,-0.2
44387,-0.19029
44388,-0.17864
44389,-0.16893
44390,-0.15922
44391,-0.14951
44392,-0.13981
44393,-0.1301
44394,-0.12233
44395,-0.11456
44396,-0.1068
44397,-0.099029
44398,-0.091262
44399,-0.081553
44400,-0.073786
44401,-0.064078
44402,-0.056311
44403,-0.048544
44404,-0.040777
44405,-0.03301
44406,-0.025243
44407,-0.017476
44408,-0.0097087
44409,-0.0019417
44410,0.0058252
44411,0.01165
44412,0.019417
44413,0.025243
44414,0.029126
44415,0.03301
44416,0.036893
44417,0.038835
44418,0.038835
44419,0.038835
44420,0.038835
44421,0.036893
44422,0.036893
44423,0.034951
44424,0.034951
44425,0.034951
44426,0.038835
44427,0.042718
44428,0.052427
44429,0.062136
44430,0.075728
44431,0.08932
44432,0.1068
44433,0.12621
44434,0.14951
44435,0.17282
44436,0.20194
44437,0.22913
44438,0.26214
44439,0.29515
44440,0.33204
44441,0.36699
44442,0.40194
44443,0.43689
44444,0.46796
44445,0.50097
44446,0.52621
44447,0.5534
44448,0.57282
44449,0.59417
44450,0.60971
44451,0.62718
44452,0.64272
44453,0.65825
44454,0.67379
44455,0.68932
44456,0.70485
44457,0.72039
44458,0.73592
44459,0.75146
44460,0.76699
44461,0.78252
44462,0.79806
44463,0.81359
44464,0.83107
44465,0.8466
44466,0.86408
44467,0.88155
44468,0.89903
44469,0.91845
44470,0.93592
44471,0.9534
44472,0.96893
44473,0.98641
44474,1.0039
44475,1.0214
44476,1.0408
44477,1.0583
44478,1.0777
44479,1.0951
44480,1.1146
44481,1.134
44482,1.1515
44483,1.1689
44484,1.1864
44485,1.2039
44486,1.2194
44487,1.235
44488,1.2485
44489,1.2641
44490,1.2777
44491,1.2913
44492,1.3029
44493,1.3165
44494,1.3282
44495,1.3417
44496,1.3515
44497,1.3631
44498,1.3709
44499,1.3806
44500,1.3864
44501,1.3942
44502,1.3981
44503,1.4039
44504,1.4058
44505,1.4078
44506,1.4078
44507,1.4078
44508,1.4058
44509,1.4019
44510,1.3942
44511,1.3883
44512,1.3767
44513,1.367
44514,1.3534
44515,1.3398
44516,1.3243
44517,1.3087
44518,1.2932
44519,1.2777
44520,1.2621
44521,1.2485
44522,1.233
44523,1.2175
44524,1.2
44525,1.1845
44526,1.1689
44527,1.1515
44528,1.1359
44529,1.1184
44530,1.1029
44531,1.0874
44532,1.0718
44533,1.0544
44534,1.0369
44535,1.0194
44536,0.99806
44537,0.9767
44538,0.95146
44539,0.92621
44540,0.89709
44541,0.86602
44542,0.83301
44543,0.8
44544,0.76505
44545,0.7301
44546,0.6932
44547,0.65631
44548,0.62136
44549,0.58447
44550,0.54757
44551,0.51068
44552,0.47573
44553,0.43883
44554,0.40583
44555,0.37087
44556,0.33786
44557,0.3068
44558,0.27767
44559,0.24854
44560,0.2233
44561,0.19806
44562,0.17864
44563,0.15728
44564,0.13981
44565,0.12427
44566,0.11262
44567,0.10097
44568,0.093204
44569,0.087379
44570,0.083495
44571,0.079612
44572,0.075728
44573,0.073786
44574,0.071845
44575,0.069903
44576,0.067961
44577,0.066019
44578,0.062136
44579,0.060194
44580,0.058252
44581,0.056311
44582,0.054369
44583,0.052427
44584,0.050485
44585,0.048544
44586,0.048544
44587,0.046602
44588,0.046602
44589,0.046602
44590,0.04466
44591,0.04466
44592,0.046602
44593,0.046602
44594,0.046602
44595,0.048544
44596,0.048544
44597,0.050485
44598,0.050485
44599,0.052427
44600,0.052427
44601,0.052427
44602,0.052427
44603,0.052427
44604,0.052427
44605,0.052427
44606,0.052427
44607,0.052427
44608,0.052427
44609,0.054369
44610,0.054369
44611,0.056311
44612,0.058252
44613,0.060194
44614,0.064078
44615,0.066019
44616,0.067961
44617,0.069903
44618,0.071845
44619,0.073786
44620,0.075728
44621,0.079612
44622,0.081553
44623,0.083495
44624,0.085437
44625,0.087379
44626,0.085437
44627,0.085437
44628,0.079612
44629,0.075728
44630,0.066019
44631,0.056311
44632,0.040777
44633,0.027184
44634,0.007767
44635,-0.0097087
44636,-0.029126
44637,-0.050485
44638,-0.069903
44639,-0.08932
44640,-0.10874
44641,-0.12621
44642,-0.14369
44643,-0.16117
44644,-0.17864
44645,-0.19612
44646,-0.21165
44647,-0.22718
44648,-0.24078
44649,-0.25631
44650,-0.26602
44651,-0.27767
44652,-0.28544
44653,-0.2932
44654,-0.29903
44655,-0.30291
44656,-0.30485
44657,-0.3068
44658,-0.30291
44659,-0.29903
44660,-0.2932
44661,-0.28544
44662,-0.27573
44663,-0.26602
44664,-0.25631
44665,-0.24466
44666,-0.23301
44667,-0.22136
44668,-0.21165
44669,-0.2
44670,-0.19029
44671,-0.18058
44672,-0.17282
44673,-0.16311
44674,-0.1534
44675,-0.14563
44676,-0.13592
44677,-0.12816
44678,-0.11845
44679,-0.11068
44680,-0.10097
44681,-0.093204
44682,-0.085437
44683,-0.075728
44684,-0.067961
44685,-0.060194
44686,-0.052427
44687,-0.04466
44688,-0.038835
44689,-0.03301
44690,-0.027184
44691,-0.021359
44692,-0.015534
44693,-0.01165
44694,-0.0058252
44695,-0.0019417
44696,0.0019417
44697,0.0058252
44698,0.0097087
44699,0.015534
44700,0.019417
44701,0.025243
44702,0.031068
44703,0.036893
44704,0.042718
44705,0.048544
44706,0.056311
44707,0.062136
44708,0.067961
44709,0.073786
44710,0.079612
44711,0.085437
44712,0.08932
44713,0.095146
44714,0.097087
44715,0.10097
44716,0.10097
44717,0.10291
44718,0.10097
44719,0.097087
44720,0.091262
44721,0.083495
44722,0.069903
44723,0.058252
44724,0.040777
44725,0.023301
44726,0.0058252
44727,-0.013592
44728,-0.029126
44729,-0.046602
44730,-0.058252
44731,-0.071845
44732,-0.079612
44733,-0.087379
44734,-0.08932
44735,-0.091262
44736,-0.08932
44737,-0.085437
44738,-0.07767
44739,-0.067961
44740,-0.056311
44741,-0.042718
44742,-0.025243
44743,-0.0058252
44744,0.017476
44745,0.040777
44746,0.067961
44747,0.097087
44748,0.1301
44749,0.16311
44750,0.2
44751,0.23689
44752,0.27767
44753,0.32039
44754,0.36505
44755,0.40971
44756,0.45631
44757,0.50291
44758,0.54951
44759,0.59612
44760,0.64078
44761,0.68544
44762,0.7301
44763,0.77282
44764,0.81359
44765,0.85437
44766,0.89126
44767,0.92621
44768,0.95922
44769,0.99223
44770,1.0214
44771,1.0505
44772,1.0757
44773,1.101
44774,1.1243
44775,1.1456
44776,1.165
44777,1.1864
44778,1.2019
44779,1.2194
44780,1.235
44781,1.2505
44782,1.266
44783,1.2796
44784,1.2932
44785,1.3087
44786,1.3204
44787,1.334
44788,1.3456
44789,1.3592
44790,1.3709
44791,1.3825
44792,1.3961
44793,1.4078
44794,1.4194
44795,1.4311
44796,1.4427
44797,1.4563
44798,1.466
44799,1.4777
44800,1.4854
44801,1.4932
44802,1.4932
44803,1.4932
44804,1.4932
44805,1.4932
44806,1.4932
44807,1.4932
44808,1.4932
44809,1.4932
44810,1.4932
44811,1.4932
44812,1.4932
44813,1.4932
44814,1.4932
44815,1.4932
44816,1.4913
44817,1.4874
44818,1.466
44819,1.4427
44820,1.4194
44821,1.3942
44822,1.367
44823,1.3398
44824,1.3107
44825,1.2816
44826,1.2524
44827,1.2214
44828,1.1903
44829,1.1592
44830,1.1282
44831,1.099
44832,1.068
44833,1.0388
44834,1.0097
44835,0.98252
44836,0.95534
44837,0.92816
44838,0.90485
44839,0.8835
44840,0.86214
44841,0.84272
44842,0.82524
44843,0.80777
44844,0.79223
44845,0.77864
44846,0.76505
44847,0.75146
44848,0.73786
44849,0.72427
44850,0.71068
44851,0.69709
44852,0.6835
44853,0.6699
44854,0.65825
44855,0.6466
44856,0.63495
44857,0.6233
44858,0.61165
44859,0.6
44860,0.59029
44861,0.57864
44862,0.56699
44863,0.55728
44864,0.54757
44865,0.53786
44866,0.52816
44867,0.52039
44868,0.51262
44869,0.50485
44870,0.49709
44871,0.48932
44872,0.48155
44873,0.47184
44874,0.46408
44875,0.45631
44876,0.44854
44877,0.44078
44878,0.43301
44879,0.4233
44880,0.41553
44881,0.40583
44882,0.39612
44883,0.38447
44884,0.37476
44885,0.36311
44886,0.3534
44887,0.34369
44888,0.33592
44889,0.32816
44890,0.32039
44891,0.31262
44892,0.3068
44893,0.30097
44894,0.29515
44895,0.28932
44896,0.28155
44897,0.27573
44898,0.26796
44899,0.26214
44900,0.25631
44901,0.25049
44902,0.24272
44903,0.23495
44904,0.22718
44905,0.21942
44906,0.20583
44907,0.19223
44908,0.17476
44909,0.15728
44910,0.13592
44911,0.11456
44912,0.091262
44913,0.067961
44914,0.04466
44915,0.021359
44916,-0.0019417
44917,-0.023301
44918,-0.046602
44919,-0.067961
44920,-0.08932
44921,-0.11068
44922,-0.13204
44923,-0.15146
44924,-0.16893
44925,-0.18835
44926,-0.20388
44927,-0.21942
44928,-0.23301
44929,-0.2466
44930,-0.25631
44931,-0.26602
44932,-0.27184
44933,-0.27767
44934,-0.27961
44935,-0.28155
44936,-0.27961
44937,-0.27767
44938,-0.27184
44939,-0.26796
44940,-0.25825
44941,-0.25049
44942,-0.24078
44943,-0.23107
44944,-0.21942
44945,-0.20971
44946,-0.2
44947,-0.18835
44948,-0.18058
44949,-0.17087
44950,-0.16117
44951,-0.15146
44952,-0.14369
44953,-0.13398
44954,-0.12621
44955,-0.1165
44956,-0.10874
44957,-0.10097
44958,-0.093204
44959,-0.087379
44960,-0.079612
44961,-0.073786
44962,-0.066019
44963,-0.060194
44964,-0.054369
44965,-0.048544
44966,-0.042718
44967,-0.036893
44968,-0.03301
44969,-0.029126
44970,-0.025243
44971,-0.019417
44972,-0.017476
44973,-0.013592
44974,-0.0097087
44975,-0.007767
44976,-0.0058252
44977,-0.0019417
44978,0.0019417
44979,0.0058252
44980,0.0097087
44981,0.015534
44982,0.021359
44983,0.027184
44984,0.03301
44985,0.038835
44986,0.042718
44987,0.048544
44988,0.050485
44989,0.054369
44990,0.058252
44991,0.062136
44992,0.064078
44993,0.067961
44994,0.069903
44995,0.071845
44996,0.071845
44997,0.073786
44998,0.067961
44999,0.064078
45000,0.054369
45001,0.04466
45002,0.031068
45003,0.017476
45004,0.0019417
45005,-0.015534
45006,-0.03301
45007,-0.052427
45008,-0.071845
45009,-0.091262
45010,-0.11068
45011,-0.12816
45012,-0.14563
45013,-0.16311
45014,-0.18058
45015,-0.19612
45016,-0.21165
45017,-0.22718
45018,-0.23883
45019,-0.25243
45020,-0.26214
45021,-0.2699
45022,-0.27767
45023,-0.2835
45024,-0.28738
45025,-0.28932
45026,-0.28932
45027,-0.28932
45028,-0.28544
45029,-0.28155
45030,-0.27379
45031,-0.26796
45032,-0.26019
45033,-0.25049
45034,-0.24272
45035,-0.23301
45036,-0.22524
45037,-0.21748
45038,-0.20971
45039,-0.20194
45040,-0.19417
45041,-0.18641
45042,-0.1767
45043,-0.16699
45044,-0.15534
45045,-0.14369
45046,-0.12816
45047,-0.11262
45048,-0.093204
45049,-0.073786
45050,-0.050485
45051,-0.027184
45052,0.0
45053,0.025243
45054,0.058252
45055,0.08932
45056,0.12427
45057,0.16117
45058,0.2
45059,0.23689
45060,0.27767
45061,0.31845
45062,0.35922
45063,0.4
45064,0.44078
45065,0.48155
45066,0.52427
45067,0.56505
45068,0.60777
45069,0.65049
45070,0.69126
45071,0.73204
45072,0.77282
45073,0.81165
45074,0.85243
45075,0.89126
45076,0.9301
45077,0.96893
45078,1.0058
45079,1.0427
45080,1.0777
45081,1.1126
45082,1.1456
45083,1.1786
45084,1.2078
45085,1.2369
45086,1.2602
45087,1.2854
45088,1.3049
45089,1.3243
45090,1.334
45091,1.3417
45092,1.3417
45093,1.3417
45094,1.334
45095,1.3262
45096,1.3146
45097,1.3029
45098,1.2893
45099,1.2757
45100,1.2621
45101,1.2485
45102,1.235
45103,1.2214
45104,1.2078
45105,1.1922
45106,1.1786
45107,1.165
45108,1.1534
45109,1.1398
45110,1.1282
45111,1.1184
45112,1.1087
45113,1.099
45114,1.0893
45115,1.0816
45116,1.0738
45117,1.066
45118,1.0621
45119,1.0563
45120,1.0544
45121,1.0505
45122,1.0485
45123,1.0485
45124,1.0485
45125,1.0485
45126,1.0485
45127,1.0505
45128,1.0505
45129,1.0524
45130,1.0485
45131,1.0466
45132,1.0427
45133,1.0369
45134,1.0311
45135,1.0252
45136,1.0175
45137,1.0117
45138,1.0019
45139,0.99223
45140,0.98058
45141,0.97087
45142,0.95922
45143,0.94757
45144,0.93786
45145,0.92621
45146,0.91456
45147,0.90291
45148,0.89126
45149,0.87961
45150,0.86796
45151,0.85631
45152,0.84272
45153,0.83107
45154,0.81748
45155,0.80388
45156,0.79029
45157,0.77864
45158,0.76311
45159,0.74951
45160,0.73398
45161,0.71845
45162,0.70291
45163,0.68738
45164,0.67184
45165,0.65631
45166,0.64272
45167,0.62718
45168,0.61359
45169,0.6
45170,0.58835
45171,0.5767
45172,0.56505
45173,0.55534
45174,0.54369
45175,0.53398
45176,0.52233
45177,0.51262
45178,0.50097
45179,0.48932
45180,0.47767
45181,0.46602
45182,0.45243
45183,0.44078
45184,0.42524
45185,0.41165
45186,0.39417
45187,0.3767
45188,0.35534
45189,0.33398
45190,0.30874
45191,0.2835
45192,0.25437
45193,0.22718
45194,0.2
45195,0.17087
45196,0.14369
45197,0.1165
45198,0.08932
45199,0.064078
45200,0.038835
45201,0.013592
45202,-0.01165
45203,-0.034951
45204,-0.058252
45205,-0.079612
45206,-0.099029
45207,-0.11845
45208,-0.13398
45209,-0.15146
45210,-0.16311
45211,-0.1767
45212,-0.18447
45213,-0.19417
45214,-0.19806
45215,-0.20194
45216,-0.2
45217,-0.2
45218,-0.19612
45219,-0.19223
45220,-0.18447
45221,-0.17864
45222,-0.17087
45223,-0.16311
45224,-0.15728
45225,-0.14951
45226,-0.14369
45227,-0.13592
45228,-0.1301
45229,-0.12427
45230,-0.11845
45231,-0.11262
45232,-0.10485
45233,-0.099029
45234,-0.093204
45235,-0.085437
45236,-0.079612
45237,-0.073786
45238,-0.066019
45239,-0.060194
45240,-0.052427
45241,-0.046602
45242,-0.040777
45243,-0.03301
45244,-0.027184
45245,-0.021359
45246,-0.017476
45247,-0.01165
45248,-0.007767
45249,-0.0038835
45250,0.0
45251,0.0019417
45252,0.0038835
45253,0.0058252
45254,0.0058252
45255,0.007767
45256,0.007767
45257,0.007767
45258,0.0097087
45259,0.0097087
45260,0.013592
45261,0.015534
45262,0.019417
45263,0.023301
45264,0.025243
45265,0.029126
45266,0.03301
45267,0.036893
45268,0.038835
45269,0.042718
45270,0.046602
45271,0.050485
45272,0.052427
45273,0.056311
45274,0.058252
45275,0.058252
45276,0.056311
45277,0.056311
45278,0.048544
45279,0.040777
45280,0.027184
45281,0.015534
45282,-0.0019417
45283,-0.017476
45284,-0.034951
45285,-0.054369
45286,-0.073786
45287,-0.091262
45288,-0.11068
45289,-0.1301
45290,-0.14757
45291,-0.16505
45292,-0.18252
45293,-0.19806
45294,-0.21359
45295,-0.22718
45296,-0.23883
45297,-0.25243
45298,-0.26214
45299,-0.2699
45300,-0.27767
45301,-0.2835
45302,-0.28738
45303,-0.28932
45304,-0.28932
45305,-0.28738
45306,-0.28155
45307,-0.27767
45308,-0.26796
45309,-0.25825
45310,-0.24854
45311,-0.23689
45312,-0.22524
45313,-0.21165
45314,-0.2
45315,-0.18835
45316,-0.17864
45317,-0.16699
45318,-0.15534
45319,-0.14369
45320,-0.13398
45321,-0.12233
45322,-0.11262
45323,-0.10291
45324,-0.095146
45325,-0.085437
45326,-0.07767
45327,-0.069903
45328,-0.064078
45329,-0.058252
45330,-0.052427
45331,-0.046602
45332,-0.042718
45333,-0.038835
45334,-0.034951
45335,-0.031068
45336,-0.027184
45337,-0.025243
45338,-0.021359
45339,-0.017476
45340,-0.013592
45341,-0.0097087
45342,-0.0038835
45343,0.0019417
45344,0.01165
45345,0.019417
45346,0.03301
45347,0.046602
45348,0.066019
45349,0.083495
45350,0.10874
45351,0.13398
45352,0.16505
45353,0.19612
45354,0.23107
45355,0.26796
45356,0.3068
45357,0.34563
45358,0.38447
45359,0.42524
45360,0.46602
45361,0.5068
45362,0.54757
45363,0.58835
45364,0.62718
45365,0.66602
45366,0.70097
45367,0.73786
45368,0.76699
45369,0.79806
45370,0.82136
45371,0.84466
45372,0.86019
45373,0.87573
45374,0.88738
45375,0.89903
45376,0.9068
45377,0.91456
45378,0.91845
45379,0.92427
45380,0.92816
45381,0.93204
45382,0.93398
45383,0.93592
45384,0.93786
45385,0.93786
45386,0.93786
45387,0.93786
45388,0.93592
45389,0.93398
45390,0.93204
45391,0.9301
45392,0.92816
45393,0.92621
45394,0.92621
45395,0.92621
45396,0.92621
45397,0.92816
45398,0.93398
45399,0.93786
45400,0.94563
45401,0.9534
45402,0.96505
45403,0.9767
45404,0.98835
45405,1.0019
45406,1.0136
45407,1.0272
45408,1.0388
45409,1.0505
45410,1.0602
45411,1.0718
45412,1.0816
45413,1.0913
45414,1.101
45415,1.1087
45416,1.1146
45417,1.1223
45418,1.1262
45419,1.132
45420,1.134
45421,1.1379
45422,1.1379
45423,1.1379
45424,1.1359
45425,1.134
45426,1.1301
45427,1.1243
45428,1.1184
45429,1.1126
45430,1.1029
45431,1.0932
45432,1.0816
45433,1.0699
45434,1.0563
45435,1.0447
45436,1.0291
45437,1.0155
45438,1.0
45439,0.98447
45440,0.96893
45441,0.95146
45442,0.93592
45443,0.92039
45444,0.9068
45445,0.8932
45446,0.88155
45447,0.86796
45448,0.85631
45449,0.84466
45450,0.83107
45451,0.81942
45452,0.80583
45453,0.79417
45454,0.78058
45455,0.76505
45456,0.74951
45457,0.73592
45458,0.71845
45459,0.70291
45460,0.6835
45461,0.66602
45462,0.64272
45463,0.62136
45464,0.59417
45465,0.56893
45466,0.53981
45467,0.51068
45468,0.47767
45469,0.4466
45470,0.41359
45471,0.38252
45472,0.34951
45473,0.31845
45474,0.28544
45475,0.25437
45476,0.2233
45477,0.19223
45478,0.16311
45479,0.13592
45480,0.10874
45481,0.083495
45482,0.060194
45483,0.036893
45484,0.015534
45485,-0.0058252
45486,-0.021359
45487,-0.038835
45488,-0.050485
45489,-0.062136
45490,-0.071845
45491,-0.079612
45492,-0.083495
45493,-0.087379
45494,-0.08932
45495,-0.08932
45496,-0.08932
45497,-0.08932
45498,-0.087379
45499,-0.085437
45500,-0.083495
45501,-0.081553
45502,-0.07767
45503,-0.075728
45504,-0.073786
45505,-0.069903
45506,-0.067961
45507,-0.064078
45508,-0.062136
45509,-0.058252
45510,-0.056311
45511,-0.052427
45512,-0.048544
45513,-0.04466
45514,-0.040777
45515,-0.036893
45516,-0.034951
45517,-0.031068
45518,-0.027184
45519,-0.023301
45520,-0.019417
45521,-0.015534
45522,-0.013592
45523,-0.0097087
45524,-0.007767
45525,-0.0058252
45526,-0.0038835
45527,-0.0019417
45528,0.0
45529,0.0019417
45530,0.0019417
45531,0.0038835
45532,0.0058252
45533,0.007767
45534,0.0097087
45535,0.013592
45536,0.017476
45537,0.021359
45538,0.027184
45539,0.031068
45540,0.036893
45541,0.040777
45542,0.04466
45543,0.050485
45544,0.052427
45545,0.056311
45546,0.058252
45547,0.062136
45548,0.064078
45549,0.066019
45550,0.067961
45551,0.067961
45552,0.066019
45553,0.066019
45554,0.058252
45555,0.050485
45556,0.038835
45557,0.025243
45558,0.0097087
45559,-0.007767
45560,-0.025243
45561,-0.04466
45562,-0.064078
45563,-0.081553
45564,-0.10097
45565,-0.12039
45566,-0.13786
45567,-0.15728
45568,-0.17282
45569,-0.19029
45570,-0.20388
45571,-0.21942
45572,-0.23301
45573,-0.2466
45574,-0.25631
45575,-0.26796
45576,-0.27573
45577,-0.2835
45578,-0.28738
45579,-0.2932
45580,-0.2932
45581,-0.2932
45582,-0.28932
45583,-0.28738
45584,-0.27961
45585,-0.27184
45586,-0.26214
45587,-0.25243
45588,-0.23883
45589,-0.22718
45590,-0.21553
45591,-0.20388
45592,-0.19223
45593,-0.18058
45594,-0.17087
45595,-0.15922
45596,-0.14951
45597,-0.13981
45598,-0.1301
45599,-0.11845
45600,-0.10874
45601,-0.099029
45602,-0.08932
45603,-0.079612
45604,-0.069903
45605,-0.062136
45606,-0.054369
45607,-0.04466
45608,-0.038835
45609,-0.031068
45610,-0.025243
45611,-0.021359
45612,-0.017476
45613,-0.013592
45614,-0.01165
45615,-0.0097087
45616,-0.007767
45617,-0.0058252
45618,-0.0038835
45619,-0.0019417
45620,0.0019417
45621,0.0038835
45622,0.0097087
45623,0.017476
45624,0.027184
45625,0.038835
45626,0.054369
45627,0.069903
45628,0.08932
45629,0.10874
45630,0.13204
45631,0.15534
45632,0.18252
45633,0.21165
45634,0.24272
45635,0.27379
45636,0.3068
45637,0.34175
45638,0.3767
45639,0.41359
45640,0.44854
45641,0.48544
45642,0.51845
45643,0.55146
45644,0.57864
45645,0.60777
45646,0.63107
45647,0.65437
45648,0.67379
45649,0.6932
45650,0.7068
45651,0.72233
45652,0.73398
45653,0.74757
45654,0.75728
45655,0.76699
45656,0.7767
45657,0.78447
45658,0.79223
45659,0.80194
45660,0.80971
45661,0.81748
45662,0.82524
45663,0.83495
45664,0.84272
45665,0.85049
45666,0.85825
45667,0.86602
45668,0.87379
45669,0.88155
45670,0.88932
45671,0.89709
45672,0.90485
45673,0.91456
45674,0.92621
45675,0.93592
45676,0.94951
45677,0.96311
45678,0.97864
45679,0.99417
45680,1.0117
45681,1.0291
45682,1.0447
45683,1.0602
45684,1.0738
45685,1.0874
45686,1.101
45687,1.1126
45688,1.1243
45689,1.1359
45690,1.1456
45691,1.1573
45692,1.167
45693,1.1767
45694,1.1845
45695,1.1942
45696,1.2019
45697,1.2097
45698,1.2136
45699,1.2194
45700,1.2214
45701,1.2233
45702,1.2214
45703,1.2214
45704,1.2175
45705,1.2136
45706,1.2078
45707,1.2019
45708,1.1922
45709,1.1845
45710,1.1728
45711,1.1612
45712,1.1456
45713,1.132
45714,1.1146
45715,1.099
45716,1.0835
45717,1.066
45718,1.0505
45719,1.035
45720,1.0194
45721,1.0058
45722,0.99029
45723,0.9767
45724,0.96311
45725,0.94951
45726,0.93592
45727,0.92233
45728,0.90874
45729,0.89515
45730,0.87961
45731,0.86602
45732,0.84854
45733,0.83301
45734,0.81359
45735,0.79417
45736,0.77282
45737,0.75146
45738,0.72427
45739,0.69709
45740,0.66602
45741,0.63495
45742,0.60194
45743,0.56699
45744,0.53204
45745,0.49515
45746,0.46019
45747,0.42524
45748,0.39029
45749,0.35534
45750,0.32039
45751,0.28738
45752,0.25437
45753,0.2233
45754,0.19223
45755,0.16311
45756,0.13592
45757,0.10874
45758,0.085437
45759,0.062136
45760,0.040777
45761,0.021359
45762,0.0058252
45763,-0.0097087
45764,-0.019417
45765,-0.031068
45766,-0.038835
45767,-0.04466
45768,-0.048544
45769,-0.050485
45770,-0.052427
45771,-0.052427
45772,-0.052427
45773,-0.052427
45774,-0.052427
45775,-0.050485
45776,-0.050485
45777,-0.050485
45778,-0.050485
45779,-0.050485
45780,-0.050485
45781,-0.050485
45782,-0.050485
45783,-0.048544
45784,-0.048544
45785,-0.046602
45786,-0.04466
45787,-0.042718
45788,-0.040777
45789,-0.038835
45790,-0.036893
45791,-0.034951
45792,-0.031068
45793,-0.029126
45794,-0.027184
45795,-0.023301
45796,-0.019417
45797,-0.017476
45798,-0.013592
45799,-0.01165
45800,-0.0097087
45801,-0.007767
45802,-0.0058252
45803,-0.0038835
45804,-0.0038835
45805,-0.0019417
45806,-0.0019417
45807,0.0
45808,0.0019417
45809,0.0038835
45810,0.0058252
45811,0.0097087
45812,0.013592
45813,0.017476
45814,0.021359
45815,0.023301
45816,0.027184
45817,0.031068
45818,0.03301
45819,0.036893
45820,0.038835
45821,0.042718
45822,0.04466
45823,0.048544
45824,0.050485
45825,0.052427
45826,0.050485
45827,0.048544
45828,0.042718
45829,0.038835
45830,0.027184
45831,0.015534
45832,0.0
45833,-0.015534
45834,-0.03301
45835,-0.050485
45836,-0.069903
45837,-0.08932
45838,-0.10874
45839,-0.12621
45840,-0.14563
45841,-0.16311
45842,-0.18058
45843,-0.19806
45844,-0.21359
45845,-0.22913
45846,-0.24272
45847,-0.25631
45848,-0.26796
45849,-0.27961
45850,-0.28932
45851,-0.29709
45852,-0.30291
45853,-0.31068
45854,-0.31262
45855,-0.31456
45856,-0.31262
45857,-0.31068
45858,-0.30485
45859,-0.29903
45860,-0.29126
45861,-0.28155
45862,-0.2699
45863,-0.25825
45864,-0.24466
45865,-0.23301
45866,-0.22136
45867,-0.20971
45868,-0.2
45869,-0.18835
45870,-0.18058
45871,-0.17087
45872,-0.16117
45873,-0.15146
45874,-0.14175
45875,-0.13398
45876,-0.12427
45877,-0.11456
45878,-0.10485
45879,-0.095146
45880,-0.087379
45881,-0.07767
45882,-0.069903
45883,-0.060194
45884,-0.052427
45885,-0.04466
45886,-0.036893
45887,-0.029126
45888,-0.023301
45889,-0.015534
45890,-0.01165
45891,-0.0058252
45892,0.0
45893,0.0058252
45894,0.0097087
45895,0.013592
45896,0.017476
45897,0.021359
45898,0.025243
45899,0.029126
45900,0.034951
45901,0.038835
45902,0.04466
45903,0.050485
45904,0.056311
45905,0.062136
45906,0.067961
45907,0.073786
45908,0.07767
45909,0.083495
45910,0.087379
45911,0.093204
45912,0.097087
45913,0.10097
45914,0.10485
45915,0.11068
45916,0.11262
45917,0.1165
45918,0.1165
45919,0.1165
45920,0.11262
45921,0.10874
45922,0.097087
45923,0.085437
45924,0.066019
45925,0.048544
45926,0.025243
45927,0.0038835
45928,-0.021359
45929,-0.046602
45930,-0.069903
45931,-0.095146
45932,-0.1165
45933,-0.13786
45934,-0.1534
45935,-0.17087
45936,-0.18058
45937,-0.19223
45938,-0.19806
45939,-0.20194
45940,-0.20194
45941,-0.20194
45942,-0.19417
45943,-0.18641
45944,-0.17087
45945,-0.15728
45946,-0.13592
45947,-0.11456
45948,-0.085437
45949,-0.056311
45950,-0.021359
45951,0.013592
45952,0.054369
45953,0.095146
45954,0.13981
45955,0.18641
45956,0.23301
45957,0.28155
45958,0.32816
45959,0.3767
45960,0.4233
45961,0.4699
45962,0.5165
45963,0.56117
45964,0.60388
45965,0.6466
45966,0.68932
45967,0.7301
45968,0.77087
45969,0.80971
45970,0.84854
45971,0.88738
45972,0.92427
45973,0.96117
45974,0.99417
45975,1.0291
45976,1.0602
45977,1.0932
45978,1.1204
45979,1.1476
45980,1.1728
45981,1.1981
45982,1.2175
45983,1.2369
45984,1.2544
45985,1.2699
45986,1.2835
45987,1.2971
45988,1.3087
45989,1.3204
45990,1.332
45991,1.3437
45992,1.3534
45993,1.365
45994,1.3748
45995,1.3845
45996,1.3942
45997,1.4019
45998,1.4097
45999,1.4155
46000,1.4214
46001,1.4272
46002,1.4311
46003,1.435
46004,1.4369
46005,1.4408
46006,1.4408
46007,1.4427
46008,1.4408
46009,1.4408
46010,1.433
46011,1.4272
46012,1.4175
46013,1.4058
46014,1.3903
46015,1.3728
46016,1.3534
46017,1.332
46018,1.3068
46019,1.2835
46020,1.2544
46021,1.2272
46022,1.1981
46023,1.1689
46024,1.1379
46025,1.1068
46026,1.0738
46027,1.0408
46028,1.0078
46029,0.97282
46030,0.93981
46031,0.9068
46032,0.87573
46033,0.84272
46034,0.81359
46035,0.78252
46036,0.75534
46037,0.72816
46038,0.70485
46039,0.68155
46040,0.66214
46041,0.64272
46042,0.62718
46043,0.60971
46044,0.59806
46045,0.58447
46046,0.57282
46047,0.56117
46048,0.54951
46049,0.53786
46050,0.52621
46051,0.5165
46052,0.50485
46053,0.4932
46054,0.48155
46055,0.47184
46056,0.46019
46057,0.45049
46058,0.44078
46059,0.43107
46060,0.42136
46061,0.41359
46062,0.40388
46063,0.39612
46064,0.38641
46065,0.37864
46066,0.37087
46067,0.36311
46068,0.35534
46069,0.34951
46070,0.34175
46071,0.33592
46072,0.32816
46073,0.32233
46074,0.31456
46075,0.30874
46076,0.30097
46077,0.2932
46078,0.28544
46079,0.27961
46080,0.27184
46081,0.26408
46082,0.25631
46083,0.25049
46084,0.24272
46085,0.23689
46086,0.23107
46087,0.22718
46088,0.2233
46089,0.21942
46090,0.21553
46091,0.21165
46092,0.20777
46093,0.20388
46094,0.2
46095,0.19612
46096,0.19223
46097,0.18641
46098,0.18252
46099,0.17864
46100,0.17476
46101,0.17087
46102,0.16505
46103,0.15922
46104,0.15146
46105,0.14369
46106,0.1301
46107,0.11845
46108,0.10097
46109,0.083495
46110,0.062136
46111,0.040777
46112,0.019417
46113,-0.0038835
46114,-0.025243
46115,-0.046602
46116,-0.067961
46117,-0.08932
46118,-0.10874
46119,-0.12816
46120,-0.14563
46121,-0.16505
46122,-0.18058
46123,-0.19806
46124,-0.21165
46125,-0.22718
46126,-0.23883
46127,-0.24854
46128,-0.25825
46129,-0.26602
46130,-0.2699
46131,-0.27379
46132,-0.27573
46133,-0.27573
46134,-0.27379
46135,-0.2699
46136,-0.26408
46137,-0.25825
46138,-0.25049
46139,-0.24078
46140,-0.23107
46141,-0.22136
46142,-0.21165
46143,-0.20194
46144,-0.19223
46145,-0.18252
46146,-0.17476
46147,-0.16505
46148,-0.15728
46149,-0.14757
46150,-0.13981
46151,-0.13204
46152,-0.12233
46153,-0.11456
46154,-0.1068
46155,-0.097087
46156,-0.08932
46157,-0.081553
46158,-0.073786
46159,-0.066019
46160,-0.058252
46161,-0.050485
46162,-0.042718
46163,-0.034951
46164,-0.027184
46165,-0.019417
46166,-0.013592
46167,-0.0058252
46168,0.0
46169,0.0038835
46170,0.007767
46171,0.013592
46172,0.015534
46173,0.019417
46174,0.021359
46175,0.025243
46176,0.027184
46177,0.031068
46178,0.034951
46179,0.040777
46180,0.04466
46181,0.050485
46182,0.056311
46183,0.062136
46184,0.066019
46185,0.071845
46186,0.075728
46187,0.081553
46188,0.085437
46189,0.08932
46190,0.095146
46191,0.099029
46192,0.10485
46193,0.10874
46194,0.11068
46195,0.11262
46196,0.11262
46197,0.11262
46198,0.10485
46199,0.097087
46200,0.085437
46201,0.073786
46202,0.056311
46203,0.040777
46204,0.021359
46205,0.0019417
46206,-0.017476
46207,-0.036893
46208,-0.056311
46209,-0.075728
46210,-0.093204
46211,-0.11262
46212,-0.12816
46213,-0.14563
46214,-0.15922
46215,-0.17476
46216,-0.18835
46217,-0.2
46218,-0.21165
46219,-0.22136
46220,-0.23107
46221,-0.23883
46222,-0.24272
46223,-0.2466
46224,-0.2466
46225,-0.2466
46226,-0.24272
46227,-0.23883
46228,-0.23301
46229,-0.22718
46230,-0.22136
46231,-0.21359
46232,-0.20583
46233,-0.19806
46234,-0.19223
46235,-0.18641
46236,-0.18058
46237,-0.1767
46238,-0.16893
46239,-0.16311
46240,-0.1534
46241,-0.14563
46242,-0.13398
46243,-0.12039
46244,-0.1068
46245,-0.091262
46246,-0.073786
46247,-0.056311
46248,-0.034951
46249,-0.013592
46250,0.01165
46251,0.038835
46252,0.067961
46253,0.097087
46254,0.13204
46255,0.16505
46256,0.20388
46257,0.24078
46258,0.28155
46259,0.32233
46260,0.36311
46261,0.40583
46262,0.4466
46263,0.48932
46264,0.5301
46265,0.57282
46266,0.61359
46267,0.65437
46268,0.69515
46269,0.73786
46270,0.77864
46271,0.81942
46272,0.85825
46273,0.89903
46274,0.93786
46275,0.9767
46276,1.0117
46277,1.0485
46278,1.0816
46279,1.1146
46280,1.1456
46281,1.1786
46282,1.2058
46283,1.235
46284,1.2602
46285,1.2874
46286,1.3049
46287,1.3223
46288,1.3301
46289,1.3398
46290,1.3398
46291,1.3398
46292,1.332
46293,1.3243
46294,1.3126
46295,1.301
46296,1.2874
46297,1.2738
46298,1.2602
46299,1.2466
46300,1.233
46301,1.2194
46302,1.2058
46303,1.1922
46304,1.1806
46305,1.167
46306,1.1553
46307,1.1437
46308,1.132
46309,1.1204
46310,1.1107
46311,1.101
46312,1.0913
46313,1.0835
46314,1.0757
46315,1.0699
46316,1.0641
46317,1.0583
46318,1.0544
46319,1.0505
46320,1.0485
46321,1.0466
46322,1.0447
46323,1.0427
46324,1.0408
46325,1.0388
46326,1.035
46327,1.0311
46328,1.0252
46329,1.0194
46330,1.0117
46331,1.0039
46332,0.99417
46333,0.98447
46334,0.97282
46335,0.96311
46336,0.95146
46337,0.94175
46338,0.9301
46339,0.92039
46340,0.91068
46341,0.90097
46342,0.88932
46343,0.87961
46344,0.86796
46345,0.85825
46346,0.8466
46347,0.83689
46348,0.82524
46349,0.81359
46350,0.80194
46351,0.79223
46352,0.78058
46353,0.76893
46354,0.75728
46355,0.74563
46356,0.73204
46357,0.72039
46358,0.7068
46359,0.6932
46360,0.67767
46361,0.66408
46362,0.64854
46363,0.63495
46364,0.61942
46365,0.60583
46366,0.59417
46367,0.58252
46368,0.57282
46369,0.56311
46370,0.55146
46371,0.54175
46372,0.53204
46373,0.52233
46374,0.51068
46375,0.50097
46376,0.49126
46377,0.4835
46378,0.47379
46379,0.46408
46380,0.45437
46381,0.44466
46382,0.43107
46383,0.41553
46384,0.39806
46385,0.37864
46386,0.35534
46387,0.33204
46388,0.30485
46389,0.27767
46390,0.25049
46391,0.2233
46392,0.19417
46393,0.16505
46394,0.13786
46395,0.11068
46396,0.085437
46397,0.060194
46398,0.034951
46399,0.01165
46400,-0.01165
46401,-0.03301
46402,-0.054369
46403,-0.073786
46404,-0.091262
46405,-0.10874
46406,-0.12427
46407,-0.13981
46408,-0.15146
46409,-0.16311
46410,-0.16893
46411,-0.17476
46412,-0.17864
46413,-0.18058
46414,-0.1767
46415,-0.17282
46416,-0.16699
46417,-0.15922
46418,-0.15146
46419,-0.14369
46420,-0.13592
46421,-0.12816
46422,-0.12039
46423,-0.11262
46424,-0.1068
46425,-0.099029
46426,-0.093204
46427,-0.085437
46428,-0.081553
46429,-0.075728
46430,-0.069903
46431,-0.064078
46432,-0.058252
46433,-0.052427
46434,-0.046602
46435,-0.040777
46436,-0.034951
46437,-0.029126
46438,-0.023301
46439,-0.015534
46440,-0.0097087
46441,-0.0038835
46442,0.0019417
46443,0.007767
46444,0.01165
46445,0.017476
46446,0.021359
46447,0.025243
46448,0.027184
46449,0.031068
46450,0.03301
46451,0.034951
46452,0.036893
46453,0.038835
46454,0.040777
46455,0.04466
46456,0.048544
46457,0.052427
46458,0.056311
46459,0.060194
46460,0.066019
46461,0.071845
46462,0.075728
46463,0.081553
46464,0.085437
46465,0.091262
46466,0.095146
46467,0.10097
46468,0.10485
46469,0.11068
46470,0.11456
46471,0.11845
46472,0.12039
46473,0.12233
46474,0.11845
46475,0.11456
46476,0.10485
46477,0.097087
46478,0.081553
46479,0.066019
46480,0.046602
46481,0.029126
46482,0.007767
46483,-0.01165
46484,-0.03301
46485,-0.052427
46486,-0.071845
46487,-0.091262
46488,-0.10874
46489,-0.12816
46490,-0.14369
46491,-0.16117
46492,-0.17476
46493,-0.19029
46494,-0.20388
46495,-0.21553
46496,-0.22718
46497,-0.23689
46498,-0.24466
46499,-0.25049
46500,-0.25437
46501,-0.25825
46502,-0.25825
46503,-0.25825
46504,-0.25437
46505,-0.24854
46506,-0.24272
46507,-0.23495
46508,-0.22524
46509,-0.21553
46510,-0.20388
46511,-0.19223
46512,-0.18058
46513,-0.16893
46514,-0.15728
46515,-0.14563
46516,-0.13592
46517,-0.12621
46518,-0.1165
46519,-0.1068
46520,-0.099029
46521,-0.08932
46522,-0.081553
46523,-0.071845
46524,-0.064078
46525,-0.054369
46526,-0.048544
46527,-0.040777
46528,-0.03301
46529,-0.027184
46530,-0.019417
46531,-0.013592
46532,-0.0058252
46533,0.0019417
46534,0.007767
46535,0.013592
46536,0.017476
46537,0.023301
46538,0.027184
46539,0.03301
46540,0.036893
46541,0.040777
46542,0.04466
46543,0.048544
46544,0.052427
46545,0.056311
46546,0.060194
46547,0.064078
46548,0.067961
46549,0.069903
46550,0.071845
46551,0.073786
46552,0.075728
46553,0.075728
46554,0.07767
46555,0.07767
46556,0.07767
46557,0.079612
46558,0.081553
46559,0.085437
46560,0.091262
46561,0.097087
46562,0.10485
46563,0.11262
46564,0.12233
46565,0.13204
46566,0.14175
46567,0.15146
46568,0.15922
46569,0.16893
46570,0.1767
46571,0.18447
46572,0.19417
46573,0.20194
46574,0.21359
46575,0.22524
46576,0.24078
46577,0.25437
46578,0.27184
46579,0.28932
46580,0.30874
46581,0.32816
46582,0.34951
46583,0.37087
46584,0.39417
46585,0.41553
46586,0.44078
46587,0.46408
46588,0.49126
46589,0.5165
46590,0.54563
46591,0.57282
46592,0.60388
46593,0.63301
46594,0.66602
46595,0.69903
46596,0.73398
46597,0.76893
46598,0.80583
46599,0.84078
46600,0.87767
46601,0.91262
46602,0.94757
46603,0.98252
46604,1.0136
46605,1.0466
46606,1.0738
46607,1.101
46608,1.1262
46609,1.1495
46610,1.1689
46611,1.1883
46612,1.2058
46613,1.2214
46614,1.235
46615,1.2505
46616,1.2621
46617,1.2757
46618,1.2874
46619,1.299
46620,1.3126
46621,1.3243
46622,1.3359
46623,1.3476
46624,1.3592
46625,1.3689
46626,1.3806
46627,1.3903
46628,1.4
46629,1.4097
46630,1.4155
46631,1.4233
46632,1.4291
46633,1.435
46634,1.4369
46635,1.4408
46636,1.4427
46637,1.4447
46638,1.4447
46639,1.4466
46640,1.4466
46641,1.4447
46642,1.4427
46643,1.4388
46644,1.433
46645,1.4291
46646,1.4194
46647,1.4117
46648,1.4
46649,1.3883
46650,1.3748
46651,1.3592
46652,1.3437
46653,1.3282
46654,1.3087
46655,1.2893
46656,1.266
46657,1.2447
46658,1.2175
46659,1.1903
46660,1.1573
46661,1.1262
46662,1.0913
46663,1.0563
46664,1.0194
46665,0.98447
46666,0.94757
46667,0.91068
46668,0.87379
46669,0.83689
46670,0.8
46671,0.76505
46672,0.72816
46673,0.69126
46674,0.65631
46675,0.62136
46676,0.58641
46677,0.55146
46678,0.51845
46679,0.48544
46680,0.45437
46681,0.4233
46682,0.39612
46683,0.37087
46684,0.34757
46685,0.32427
46686,0.30485
46687,0.28544
46688,0.27184
46689,0.25631
46690,0.24466
46691,0.23495
46692,0.22524
46693,0.21748
46694,0.20971
46695,0.20388
46696,0.19612
46697,0.19029
46698,0.18252
46699,0.1767
46700,0.17087
46701,0.16505
46702,0.15922
46703,0.15534
46704,0.15146
46705,0.14757
46706,0.14563
46707,0.14175
46708,0.13981
46709,0.13786
46710,0.13592
46711,0.13204
46712,0.1301
46713,0.12816
46714,0.12427
46715,0.12233
46716,0.11845
46717,0.11456
46718,0.11068
46719,0.10874
46720,0.10485
46721,0.10097
46722,0.097087
46723,0.093204
46724,0.08932
46725,0.085437
46726,0.081553
46727,0.079612
46728,0.075728
46729,0.071845
46730,0.069903
46731,0.067961
46732,0.067961
46733,0.066019
46734,0.066019
46735,0.067961
46736,0.069903
46737,0.071845
46738,0.073786
46739,0.075728
46740,0.075728
46741,0.07767
46742,0.07767
46743,0.07767
46744,0.07767
46745,0.07767
46746,0.07767
46747,0.075728
46748,0.073786
46749,0.071845
46750,0.064078
46751,0.056311
46752,0.04466
46753,0.03301
46754,0.015534
46755,0.0
46756,-0.019417
46757,-0.040777
46758,-0.060194
46759,-0.081553
46760,-0.10097
46761,-0.12039
46762,-0.13981
46763,-0.15922
46764,-0.1767
46765,-0.19223
46766,-0.20971
46767,-0.22524
46768,-0.23883
46769,-0.25437
46770,-0.26602
46771,-0.27767
46772,-0.28738
46773,-0.29709
46774,-0.30485
46775,-0.31068
46776,-0.31262
46777,-0.31456
46778,-0.31262
46779,-0.31068
46780,-0.30485
46781,-0.30097
46782,-0.29126
46783,-0.2835
46784,-0.27379
46785,-0.26214
46786,-0.25049
46787,-0.24078
46788,-0.22913
46789,-0.21748
46790,-0.20777
46791,-0.19806
46792,-0.19029
46793,-0.18058
46794,-0.17282
46795,-0.16311
46796,-0.15534
46797,-0.14563
46798,-0.13592
46799,-0.12816
46800,-0.11845
46801,-0.10874
46802,-0.10097
46803,-0.091262
46804,-0.083495
46805,-0.075728
46806,-0.067961
46807,-0.060194
46808,-0.054369
46809,-0.048544
46810,-0.042718
46811,-0.036893
46812,-0.031068
46813,-0.027184
46814,-0.021359
46815,-0.017476
46816,-0.013592
46817,-0.0097087
46818,-0.0058252
46819,-0.0038835
46820,0.0
46821,0.0038835
46822,0.007767
46823,0.013592
46824,0.019417
46825,0.025243
46826,0.031068
46827,0.036893
46828,0.042718
46829,0.050485
46830,0.054369
46831,0.060194
46832,0.066019
46833,0.069903
46834,0.073786
46835,0.07767
46836,0.081553
46837,0.085437
46838,0.087379
46839,0.08932
46840,0.08932
46841,0.091262
46842,0.085437
46843,0.081553
46844,0.071845
46845,0.064078
46846,0.048544
46847,0.03301
46848,0.013592
46849,-0.0038835
46850,-0.027184
46851,-0.048544
46852,-0.071845
46853,-0.095146
46854,-0.11845
46855,-0.13981
46856,-0.15922
46857,-0.17864
46858,-0.19417
46859,-0.20971
46860,-0.22136
46861,-0.23301
46862,-0.23689
46863,-0.24078
46864,-0.24078
46865,-0.23883
46866,-0.22913
46867,-0.22136
46868,-0.20388
46869,-0.18835
46870,-0.16505
46871,-0.13981
46872,-0.10874
46873,-0.07767
46874,-0.038835
46875,-0.0019417
46876,0.042718
46877,0.085437
46878,0.13398
46879,0.18058
46880,0.23107
46881,0.27961
46882,0.3301
46883,0.37864
46884,0.42913
46885,0.47767
46886,0.52621
46887,0.57282
46888,0.61942
46889,0.66602
46890,0.71262
46891,0.75728
46892,0.80194
46893,0.84854
46894,0.89126
46895,0.93398
46896,0.9767
46897,1.0175
46898,1.0563
46899,1.0971
46900,1.134
46901,1.1728
46902,1.2058
46903,1.2408
46904,1.2738
46905,1.3049
46906,1.332
46907,1.3592
46908,1.3806
46909,1.4039
46910,1.4214
46911,1.4388
46912,1.4524
46913,1.4641
46914,1.4757
46915,1.4854
46916,1.4893
46917,1.4932
46918,1.4932
46919,1.4932
46920,1.4932
46921,1.4932
46922,1.4932
46923,1.4932
46924,1.4932
46925,1.4932
46926,1.4932
46927,1.4932
46928,1.4932
46929,1.4932
46930,1.4932
46931,1.4932
46932,1.4932
46933,1.4932
46934,1.4932
46935,1.4932
46936,1.4932
46937,1.4932
46938,1.4816
46939,1.4718
46940,1.4485
46941,1.4252
46942,1.4
46943,1.3748
46944,1.3476
46945,1.3204
46946,1.2893
46947,1.2602
46948,1.2272
46949,1.1942
46950,1.1592
46951,1.1243
46952,1.0874
46953,1.0505
46954,1.0155
46955,0.97864
46956,0.94369
46957,0.90874
46958,0.87767
46959,0.84466
46960,0.81553
46961,0.78641
46962,0.76117
46963,0.73786
46964,0.7165
46965,0.69515
46966,0.67961
46967,0.66408
46968,0.65049
46969,0.63689
46970,0.62524
46971,0.61359
46972,0.6
46973,0.58835
46974,0.5767
46975,0.56505
46976,0.5534
46977,0.54175
46978,0.53204
46979,0.52233
46980,0.51262
46981,0.50291
46982,0.4932
46983,0.4835
46984,0.47379
46985,0.46408
46986,0.45437
46987,0.44466
46988,0.43689
46989,0.42718
46990,0.41748
46991,0.40971
46992,0.4
46993,0.39223
46994,0.38252
46995,0.37476
46996,0.36699
46997,0.35728
46998,0.34951
46999,0.34175
47000,0.33592
47001,0.32816
47002,0.32039
47003,0.31262
47004,0.30485
47005,0.29903
47006,0.29126
47007,0.2835
47008,0.27767
47009,0.27184
47010,0.26602
47011,0.26214
47012,0.25825
47013,0.25437
47014,0.25243
47015,0.24854
47016,0.2466
47017,0.24272
47018,0.23883
47019,0.23495
47020,0.23107
47021,0.22718
47022,0.22136
47023,0.21748
47024,0.21165
47025,0.20583
47026,0.19612
47027,0.18835
47028,0.17476
47029,0.16311
47030,0.14563
47031,0.1301
47032,0.10874
47033,0.087379
47034,0.066019
47035,0.04466
47036,0.021359
47037,-0.0019417
47038,-0.023301
47039,-0.042718
47040,-0.064078
47041,-0.083495
47042,-0.10291
47043,-0.12233
47044,-0.13981
47045,-0.15728
47046,-0.17476
47047,-0.19223
47048,-0.20777
47049,-0.22136
47050,-0.23301
47051,-0.24466
47052,-0.25243
47053,-0.26019
47054,-0.26408
47055,-0.26602
47056,-0.26602
47057,-0.26602
47058,-0.26214
47059,-0.25631
47060,-0.25049
47061,-0.24272
47062,-0.23301
47063,-0.2233
47064,-0.21359
47065,-0.20194
47066,-0.19223
47067,-0.18252
47068,-0.17282
47069,-0.16505
47070,-0.15534
47071,-0.14757
47072,-0.13981
47073,-0.13204
47074,-0.12427
47075,-0.11456
47076,-0.1068
47077,-0.099029
47078,-0.091262
47079,-0.083495
47080,-0.075728
47081,-0.067961
47082,-0.058252
47083,-0.050485
47084,-0.042718
47085,-0.03301
47086,-0.027184
47087,-0.019417
47088,-0.013592
47089,-0.007767
47090,-0.0019417
47091,0.0038835
47092,0.0097087
47093,0.015534
47094,0.019417
47095,0.025243
47096,0.029126
47097,0.03301
47098,0.036893
47099,0.042718
47100,0.046602
47101,0.050485
47102,0.056311
47103,0.060194
47104,0.066019
47105,0.071845
47106,0.075728
47107,0.081553
47108,0.085437
47109,0.08932
47110,0.093204
47111,0.097087
47112,0.10097
47113,0.10291
47114,0.1068
47115,0.11068
47116,0.11456
47117,0.1165
47118,0.1165
47119,0.1165
47120,0.11068
47121,0.1068
47122,0.097087
47123,0.087379
47124,0.071845
47125,0.058252
47126,0.040777
47127,0.023301
47128,0.0058252
47129,-0.013592
47130,-0.031068
47131,-0.050485
47132,-0.067961
47133,-0.085437
47134,-0.10291
47135,-0.11845
47136,-0.13592
47137,-0.15146
47138,-0.16505
47139,-0.18058
47140,-0.19223
47141,-0.20583
47142,-0.21748
47143,-0.22718
47144,-0.23495
47145,-0.24272
47146,-0.2466
47147,-0.24854
47148,-0.24854
47149,-0.24854
47150,-0.2466
47151,-0.24466
47152,-0.24272
47153,-0.23883
47154,-0.23301
47155,-0.22718
47156,-0.22136
47157,-0.21359
47158,-0.20583
47159,-0.19612
47160,-0.18641
47161,-0.17476
47162,-0.16117
47163,-0.14757
47164,-0.1301
47165,-0.11262
47166,-0.08932
47167,-0.067961
47168,-0.040777
47169,-0.01165
47170,0.019417
47171,0.052427
47172,0.08932
47173,0.12427
47174,0.16505
47175,0.20583
47176,0.24854
47177,0.2932
47178,0.33786
47179,0.38252
47180,0.42913
47181,0.47573
47182,0.52233
47183,0.56893
47184,0.61553
47185,0.66408
47186,0.70874
47187,0.75534
47188,0.79806
47189,0.84272
47190,0.88738
47191,0.9301
47192,0.97282
47193,1.0155
47194,1.0544
47195,1.0951
47196,1.132
47197,1.1709
47198,1.2058
47199,1.2408
47200,1.2738
47201,1.3087
47202,1.3379
47203,1.3689
47204,1.3961
47205,1.4233
47206,1.4447
47207,1.468
47208,1.4796
47209,1.4932
47210,1.4932
47211,1.4932
47212,1.4932
47213,1.4932
47214,1.4932
47215,1.4932
47216,1.4796
47217,1.466
47218,1.4524
47219,1.4369
47220,1.4214
47221,1.4058
47222,1.3922
47223,1.3767
47224,1.3612
47225,1.3456
47226,1.332
47227,1.3165
47228,1.3029
47229,1.2893
47230,1.2757
47231,1.2641
47232,1.2505
47233,1.2388
47234,1.2272
47235,1.2136
47236,1.2019
47237,1.1903
47238,1.1806
47239,1.1689
47240,1.1612
47241,1.1515
47242,1.1417
47243,1.134
47244,1.1262
47245,1.1165
47246,1.1087
47247,1.099
47248,1.0913
47249,1.0816
47250,1.0699
47251,1.0583
47252,1.0427
47253,1.0291
47254,1.0155
47255,1.0019
47256,0.98835
47257,0.97282
47258,0.95922
47259,0.94563
47260,0.93204
47261,0.9165
47262,0.90485
47263,0.89126
47264,0.87961
47265,0.8699
47266,0.85825
47267,0.8466
47268,0.83495
47269,0.82524
47270,0.81359
47271,0.80194
47272,0.79029
47273,0.78058
47274,0.76893
47275,0.75922
47276,0.74757
47277,0.73786
47278,0.72621
47279,0.71456
47280,0.70097
47281,0.68932
47282,0.67573
47283,0.66214
47284,0.65049
47285,0.63689
47286,0.6233
47287,0.60971
47288,0.59806
47289,0.58447
47290,0.57282
47291,0.56311
47292,0.5534
47293,0.54369
47294,0.53592
47295,0.52621
47296,0.51845
47297,0.51068
47298,0.50291
47299,0.4932
47300,0.48544
47301,0.47573
47302,0.46602
47303,0.45631
47304,0.4466
47305,0.43689
47306,0.42136
47307,0.40777
47308,0.39029
47309,0.37282
47310,0.34951
47311,0.32816
47312,0.30097
47313,0.27379
47314,0.2466
47315,0.21942
47316,0.19223
47317,0.16311
47318,0.13786
47319,0.11068
47320,0.085437
47321,0.062136
47322,0.036893
47323,0.013592
47324,-0.007767
47325,-0.031068
47326,-0.050485
47327,-0.069903
47328,-0.08932
47329,-0.1068
47330,-0.12039
47331,-0.13592
47332,-0.14757
47333,-0.15922
47334,-0.16505
47335,-0.17087
47336,-0.17476
47337,-0.1767
47338,-0.17476
47339,-0.17282
47340,-0.16893
47341,-0.16505
47342,-0.15922
47343,-0.1534
47344,-0.14757
47345,-0.14175
47346,-0.13592
47347,-0.1301
47348,-0.12427
47349,-0.11845
47350,-0.11262
47351,-0.1068
47352,-0.10097
47353,-0.095146
47354,-0.08932
47355,-0.083495
47356,-0.07767
47357,-0.069903
47358,-0.064078
47359,-0.056311
47360,-0.050485
47361,-0.042718
47362,-0.036893
47363,-0.031068
47364,-0.027184
47365,-0.021359
47366,-0.017476
47367,-0.013592
47368,-0.0097087
47369,-0.0058252
47370,-0.0019417
47371,0.0019417
47372,0.0038835
47373,0.007767
47374,0.0097087
47375,0.013592
47376,0.015534
47377,0.017476
47378,0.019417
47379,0.023301
47380,0.027184
47381,0.031068
47382,0.036893
47383,0.040777
47384,0.046602
47385,0.050485
47386,0.054369
47387,0.060194
47388,0.062136
47389,0.066019
47390,0.069903
47391,0.071845
47392,0.075728
47393,0.079612
47394,0.083495
47395,0.087379
47396,0.08932
47397,0.093204
47398,0.091262
47399,0.08932
47400,0.083495
47401,0.07767
47402,0.066019
47403,0.054369
47404,0.036893
47405,0.021359
47406,0.0019417
47407,-0.017476
47408,-0.036893
47409,-0.058252
47410,-0.075728
47411,-0.095146
47412,-0.11262
47413,-0.1301
47414,-0.14757
47415,-0.16311
47416,-0.17864
47417,-0.19417
47418,-0.20777
47419,-0.2233
47420,-0.23495
47421,-0.2466
47422,-0.25631
47423,-0.26408
47424,-0.2699
47425,-0.27573
47426,-0.27573
47427,-0.27573
47428,-0.27184
47429,-0.26796
47430,-0.26214
47431,-0.25437
47432,-0.24466
47433,-0.23689
47434,-0.22524
47435,-0.21359
47436,-0.20388
47437,-0.19223
47438,-0.18058
47439,-0.17087
47440,-0.16117
47441,-0.15146
47442,-0.14175
47443,-0.13204
47444,-0.12233
47445,-0.11068
47446,-0.10097
47447,-0.091262
47448,-0.081553
47449,-0.071845
47450,-0.062136
47451,-0.052427
47452,-0.04466
47453,-0.034951
47454,-0.027184
47455,-0.019417
47456,-0.01165
47457,-0.0058252
47458,0.0
47459,0.007767
47460,0.01165
47461,0.017476
47462,0.021359
47463,0.025243
47464,0.029126
47465,0.034951
47466,0.036893
47467,0.040777
47468,0.04466
47469,0.048544
47470,0.052427
47471,0.056311
47472,0.060194
47473,0.066019
47474,0.067961
47475,0.071845
47476,0.073786
47477,0.075728
47478,0.075728
47479,0.075728
47480,0.075728
47481,0.07767
47482,0.079612
47483,0.081553
47484,0.087379
47485,0.093204
47486,0.10097
47487,0.10874
47488,0.11845
47489,0.12816
47490,0.13592
47491,0.14369
47492,0.15146
47493,0.15922
47494,0.16699
47495,0.17476
47496,0.18252
47497,0.19029
47498,0.20194
47499,0.21359
47500,0.22718
47501,0.24272
47502,0.26019
47503,0.27767
47504,0.29903
47505,0.31845
47506,0.33981
47507,0.36117
47508,0.38252
47509,0.40583
47510,0.42913
47511,0.45243
47512,0.47961
47513,0.50485
47514,0.53398
47515,0.56117
47516,0.59223
47517,0.6233
47518,0.65825
47519,0.6932
47520,0.7301
47521,0.76699
47522,0.80388
47523,0.84272
47524,0.88155
47525,0.92039
47526,0.95534
47527,0.99223
47528,1.0272
47529,1.0602
47530,1.0893
47531,1.1184
47532,1.1437
47533,1.1689
47534,1.1903
47535,1.2117
47536,1.2291
47537,1.2466
47538,1.2621
47539,1.2757
47540,1.2893
47541,1.301
47542,1.3126
47543,1.3243
47544,1.3359
47545,1.3476
47546,1.3573
47547,1.367
47548,1.3767
47549,1.3864
47550,1.3942
47551,1.4039
47552,1.4117
47553,1.4214
47554,1.4272
47555,1.433
47556,1.4388
47557,1.4427
47558,1.4466
47559,1.4505
47560,1.4524
47561,1.4563
47562,1.4563
47563,1.4583
47564,1.4602
47565,1.4602
47566,1.4602
47567,1.4583
47568,1.4544
47569,1.4505
47570,1.4427
47571,1.435
47572,1.4233
47573,1.4117
47574,1.3981
47575,1.3845
47576,1.367
47577,1.3515
47578,1.332
47579,1.3107
47580,1.2874
47581,1.2621
47582,1.233
47583,1.2039
47584,1.1689
47585,1.1359
47586,1.099
47587,1.0641
47588,1.0272
47589,0.99029
47590,0.95146
47591,0.91456
47592,0.87573
47593,0.83883
47594,0.80194
47595,0.76311
47596,0.72621
47597,0.69126
47598,0.65631
47599,0.62136
47600,0.58641
47601,0.5534
47602,0.52233
47603,0.49126
47604,0.46214
47605,0.43495
47606,0.40971
47607,0.38447
47608,0.36117
47609,0.33981
47610,0.32233
47611,0.30485
47612,0.29126
47613,0.27767
47614,0.26796
47615,0.25825
47616,0.25049
47617,0.24466
47618,0.23689
47619,0.22913
47620,0.22136
47621,0.21553
47622,0.20971
47623,0.20388
47624,0.19806
47625,0.19223
47626,0.18835
47627,0.18447
47628,0.18252
47629,0.18058
47630,0.1767
47631,0.17476
47632,0.17282
47633,0.17087
47634,0.16699
47635,0.16505
47636,0.16311
47637,0.15922
47638,0.15728
47639,0.1534
47640,0.15146
47641,0.14757
47642,0.14563
47643,0.14369
47644,0.13981
47645,0.13786
47646,0.13398
47647,0.1301
47648,0.12621
47649,0.12427
47650,0.12039
47651,0.1165
47652,0.11262
47653,0.11068
47654,0.10874
47655,0.1068
47656,0.10485
47657,0.10485
47658,0.10485
47659,0.1068
47660,0.10874
47661,0.11068
47662,0.11068
47663,0.11262
47664,0.11262
47665,0.11262
47666,0.11262
47667,0.11262
47668,0.11068
47669,0.11068
47670,0.1068
47671,0.10485
47672,0.099029
47673,0.093204
47674,0.083495
47675,0.071845
47676,0.056311
47677,0.042718
47678,0.023301
47679,0.0058252
47680,-0.015534
47681,-0.036893
47682,-0.056311
47683,-0.07767
47684,-0.097087
47685,-0.1165
47686,-0.13592
47687,-0.1534
47688,-0.17087
47689,-0.18835
47690,-0.20583
47691,-0.22136
47692,-0.23495
47693,-0.24854
47694,-0.26019
47695,-0.27184
47696,-0.27961
47697,-0.28932
47698,-0.29515
47699,-0.29903
47700,-0.30097
47701,-0.30291
47702,-0.30097
47703,-0.29903
47704,-0.2932
47705,-0.28738
47706,-0.27961
47707,-0.2699
47708,-0.26019
47709,-0.24854
47710,-0.23883
47711,-0.22718
47712,-0.21748
47713,-0.20777
47714,-0.19806
47715,-0.18835
47716,-0.18058
47717,-0.17282
47718,-0.16505
47719,-0.15534
47720,-0.14757
47721,-0.13981
47722,-0.1301
47723,-0.12233
47724,-0.11262
47725,-0.10291
47726,-0.095146
47727,-0.085437
47728,-0.07767
47729,-0.067961
47730,-0.060194
47731,-0.052427
47732,-0.046602
47733,-0.038835
47734,-0.03301
47735,-0.027184
47736,-0.021359
47737,-0.017476
47738,-0.01165
47739,-0.007767
47740,-0.0038835
47741,0.0
47742,0.0038835
47743,0.0058252
47744,0.0097087
47745,0.013592
47746,0.019417
47747,0.025243
47748,0.031068
47749,0.038835
47750,0.04466
47751,0.050485
47752,0.056311
47753,0.062136
47754,0.067961
47755,0.073786
47756,0.07767
47757,0.083495
47758,0.087379
47759,0.093204
47760,0.097087
47761,0.10291
47762,0.10485
47763,0.10874
47764,0.10874
47765,0.1068
47766,0.10097
47767,0.095146
47768,0.083495
47769,0.071845
47770,0.058252
47771,0.042718
47772,0.025243
47773,0.0058252
47774,-0.013592
47775,-0.031068
47776,-0.050485
47777,-0.069903
47778,-0.08932
47779,-0.1068
47780,-0.12427
47781,-0.14175
47782,-0.15728
47783,-0.17282
47784,-0.18835
47785,-0.20194
47786,-0.21359
47787,-0.22718
47788,-0.23689
47789,-0.24466
47790,-0.25049
47791,-0.25631
47792,-0.26019
47793,-0.26214
47794,-0.26214
47795,-0.26214
47796,-0.26019
47797,-0.25825
47798,-0.25437
47799,-0.24854
47800,-0.24272
47801,-0.23495
47802,-0.22718
47803,-0.21748
47804,-0.20777
47805,-0.19806
47806,-0.18447
47807,-0.17282
47808,-0.15922
47809,-0.14563
47810,-0.12621
47811,-0.1068
47812,-0.085437
47813,-0.062136
47814,-0.03301
47815,-0.0058252
47816,0.025243
47817,0.058252
47818,0.095146
47819,0.1301
47820,0.17087
47821,0.20971
47822,0.25243
47823,0.29515
47824,0.33981
47825,0.38447
47826,0.42913
47827,0.47573
47828,0.52039
47829,0.56699
47830,0.61165
47831,0.65631
47832,0.70097
47833,0.74563
47834,0.78835
47835,0.83107
47836,0.87379
47837,0.91456
47838,0.95534
47839,0.99612
47840,1.0369
47841,1.0757
47842,1.1126
47843,1.1515
47844,1.1864
47845,1.2214
47846,1.2524
47847,1.2854
47848,1.3146
47849,1.3437
47850,1.3689
47851,1.3942
47852,1.4155
47853,1.4369
47854,1.4505
47855,1.4641
47856,1.4699
47857,1.4757
47858,1.4718
47859,1.468
47860,1.4563
47861,1.4447
47862,1.4291
47863,1.4155
47864,1.4
47865,1.3825
47866,1.367
47867,1.3515
47868,1.3359
47869,1.3204
47870,1.3049
47871,1.2893
47872,1.2738
47873,1.2583
47874,1.2427
47875,1.2291
47876,1.2136
47877,1.2
47878,1.1883
47879,1.1748
47880,1.1631
47881,1.1515
47882,1.1398
47883,1.1282
47884,1.1184
47885,1.1087
47886,1.099
47887,1.0893
47888,1.0816
47889,1.0718
47890,1.0641
47891,1.0563
47892,1.0485
47893,1.0408
47894,1.0311
47895,1.0214
47896,1.0097
47897,0.99806
47898,0.98447
47899,0.97087
47900,0.95728
47901,0.94369
47902,0.9301
47903,0.9165
47904,0.90485
47905,0.89126
47906,0.87767
47907,0.86602
47908,0.85243
47909,0.84078
47910,0.82913
47911,0.81748
47912,0.80583
47913,0.79612
47914,0.78447
47915,0.77476
47916,0.76505
47917,0.75534
47918,0.74369
47919,0.73398
47920,0.72427
47921,0.71262
47922,0.70097
47923,0.68932
47924,0.67767
47925,0.66602
47926,0.65243
47927,0.63883
47928,0.62524
47929,0.60971
47930,0.59612
47931,0.58252
47932,0.56699
47933,0.5534
47934,0.54175
47935,0.5301
47936,0.52039
47937,0.51068
47938,0.50097
47939,0.49126
47940,0.4835
47941,0.47379
47942,0.46602
47943,0.45631
47944,0.44854
47945,0.44078
47946,0.43301
47947,0.42524
47948,0.41553
47949,0.40583
47950,0.39223
47951,0.38058
47952,0.36311
47953,0.34757
47954,0.32621
47955,0.30485
47956,0.27961
47957,0.25437
47958,0.22718
47959,0.2
47960,0.17282
47961,0.14563
47962,0.11845
47963,0.093204
47964,0.067961
47965,0.042718
47966,0.017476
47967,-0.0058252
47968,-0.029126
47969,-0.052427
47970,-0.071845
47971,-0.091262
47972,-0.11068
47973,-0.12816
47974,-0.14175
47975,-0.15534
47976,-0.16699
47977,-0.17864
47978,-0.18641
47979,-0.19223
47980,-0.19612
47981,-0.19806
47982,-0.19806
47983,-0.19612
47984,-0.19029
47985,-0.18641
47986,-0.17864
47987,-0.17087
47988,-0.16311
47989,-0.1534
47990,-0.14563
47991,-0.13786
47992,-0.1301
47993,-0.12039
47994,-0.11456
47995,-0.1068
47996,-0.10097
47997,-0.095146
47998,-0.08932
47999,-0.081553
