0,0.49756
1,0.49462
2,0.49169
3,0.48778
4,0.48485
5,0.48289
6,0.47996
7,0.47801
8,0.47507
9,0.47214
10,0.46921
11,0.46628
12,0.46334
13,0.46041
14,0.45748
15,0.45455
16,0.45161
17,0.44966
18,0.44868
19,0.44575
20,0.43206
21,0.41251
22,0.40078
23,0.39198
24,0.38612
25,0.38025
26,0.37537
27,0.37146
28,0.36755
29,0.36364
30,0.35973
31,0.35777
32,0.35484
33,0.35191
34,0.35093
35,0.34995
36,0.34995
37,0.35093
38,0.35191
39,0.35484
40,0.35875
41,0.36364
42,0.3695
43,0.37439
44,0.38025
45,0.3871
46,0.39492
47,0.40274
48,0.41153
49,0.41935
50,0.42815
51,0.43597
52,0.44477
53,0.45259
54,0.46139
55,0.47019
56,0.47801
57,0.48387
58,0.48876
59,0.49365
60,0.49756
61,0.50049
62,0.50244
63,0.50147
64,0.50049
65,0.49951
66,0.49756
67,0.49462
68,0.49169
69,0.48974
70,0.48778
71,0.48485
72,0.48289
73,0.47996
74,0.47801
75,0.47507
76,0.47312
77,0.47019
78,0.46823
79,0.46725
80,0.4653
81,0.46334
82,0.46237
83,0.46139
84,0.46041
85,0.45846
86,0.4565
87,0.45357
88,0.44966
89,0.44673
90,0.44379
91,0.43988
92,0.43793
93,0.435
94,0.43304
95,0.43304
96,0.43206
97,0.43206
98,0.43206
99,0.43109
100,0.43011
101,0.42913
102,0.42815
103,0.42815
104,0.42815
105,0.42815
106,0.42815
107,0.42815
108,0.42815
109,0.42815
110,0.42815
111,0.4262
112,0.42522
113,0.42424
114,0.42326
115,0.42131
116,0.42033
117,0.41935
118,0.4174
119,0.41642
120,0.41544
121,0.41544
122,0.41544
123,0.41544
124,0.41544
125,0.41544
126,0.41544
127,0.41642
128,0.41838
129,0.42229
130,0.4262
131,0.43206
132,0.43988
133,0.44673
134,0.45552
135,0.46237
136,0.46921
137,0.47605
138,0.48485
139,0.49462
140,0.5044
141,0.51417
142,0.52493
143,0.53568
144,0.54643
145,0.55523
146,0.565
147,0.5738
148,0.58065
149,0.58651
150,0.59238
151,0.59726
152,0.60117
153,0.60313
154,0.60411
155,0.60411
156,0.60313
157,0.60117
158,0.59922
159,0.59531
160,0.59238
161,0.58847
162,0.58358
163,0.57967
164,0.57478
165,0.56891
166,0.56207
167,0.55523
168,0.54839
169,0.54154
170,0.5347
171,0.52884
172,0.52395
173,0.51808
174,0.5132
175,0.50831
176,0.50342
177,0.49853
178,0.49365
179,0.48876
180,0.48387
181,0.47996
182,0.47507
183,0.47116
184,0.46725
185,0.46334
186,0.45846
187,0.45455
188,0.45064
189,0.4477
190,0.44379
191,0.44086
192,0.43695
193,0.43304
194,0.42913
195,0.42522
196,0.42131
197,0.4174
198,0.41544
199,0.41251
200,0.41056
201,0.4086
202,0.40762
203,0.40567
204,0.40371
205,0.40176
206,0.3998
207,0.39687
208,0.39394
209,0.39101
210,0.38807
211,0.38514
212,0.38221
213,0.37928
214,0.37732
215,0.37634
216,0.37439
217,0.37341
218,0.37439
219,0.37537
220,0.37732
221,0.38025
222,0.38514
223,0.39003
224,0.39687
225,0.40371
226,0.41153
227,0.41838
228,0.42522
229,0.43304
230,0.44282
231,0.45357
232,0.4653
233,0.47605
234,0.4868
235,0.49756
236,0.50929
237,0.52102
238,0.53177
239,0.54252
240,0.55034
241,0.55718
242,0.56403
243,0.57087
244,0.57674
245,0.58065
246,0.58358
247,0.58651
248,0.58749
249,0.58749
250,0.58553
251,0.5826
252,0.57967
253,0.57576
254,0.57087
255,0.56696
256,0.56305
257,0.55914
258,0.55425
259,0.55034
260,0.54448
261,0.53861
262,0.53372
263,0.52884
264,0.52493
265,0.52102
266,0.51711
267,0.5132
268,0.50831
269,0.50342
270,0.49756
271,0.49071
272,0.48583
273,0.48094
274,0.47605
275,0.47116
276,0.46725
277,0.46334
278,0.45943
279,0.45552
280,0.45943
281,0.46628
282,0.46823
283,0.46725
284,0.4653
285,0.46237
286,0.45943
287,0.45552
288,0.45259
289,0.44966
290,0.44673
291,0.44477
292,0.44282
293,0.44184
294,0.44086
295,0.43891
296,0.43695
297,0.43597
298,0.43402
299,0.43206
300,0.43011
301,0.42913
302,0.42717
303,0.42522
304,0.42326
305,0.42131
306,0.42033
307,0.41935
308,0.4174
309,0.41642
310,0.41544
311,0.41544
312,0.41642
313,0.41838
314,0.42033
315,0.42424
316,0.42913
317,0.435
318,0.44086
319,0.44673
320,0.45259
321,0.45846
322,0.4653
323,0.47312
324,0.48192
325,0.49071
326,0.49951
327,0.50733
328,0.51417
329,0.52004
330,0.5259
331,0.53177
332,0.53568
333,0.54057
334,0.54448
335,0.54936
336,0.5523
337,0.55425
338,0.55523
339,0.55523
340,0.55425
341,0.5523
342,0.55132
343,0.54839
344,0.54643
345,0.54252
346,0.53861
347,0.5347
348,0.52981
349,0.52395
350,0.51906
351,0.51417
352,0.50831
353,0.50244
354,0.49658
355,0.49071
356,0.48387
357,0.47898
358,0.47312
359,0.46921
360,0.46432
361,0.45943
362,0.45455
363,0.44966
364,0.44477
365,0.44086
366,0.43695
367,0.43304
368,0.42815
369,0.42424
370,0.42033
371,0.41642
372,0.41349
373,0.41056
374,0.4086
375,0.40567
376,0.40371
377,0.40176
378,0.3998
379,0.39883
380,0.39687
381,0.39492
382,0.39394
383,0.39296
384,0.39296
385,0.39198
386,0.39198
387,0.39198
388,0.39101
389,0.39101
390,0.39101
391,0.39101
392,0.39003
393,0.38807
394,0.3871
395,0.3871
396,0.3871
397,0.3871
398,0.3871
399,0.38807
400,0.39003
401,0.39101
402,0.39394
403,0.39687
404,0.40176
405,0.40567
406,0.41153
407,0.41642
408,0.42326
409,0.43206
410,0.44086
411,0.44966
412,0.45846
413,0.46921
414,0.48094
415,0.49267
416,0.5044
417,0.51613
418,0.52786
419,0.54057
420,0.55132
421,0.56207
422,0.57185
423,0.58065
424,0.58847
425,0.59433
426,0.60117
427,0.60704
428,0.61193
429,0.61584
430,0.61681
431,0.61681
432,0.61584
433,0.6129
434,0.60997
435,0.60704
436,0.60411
437,0.6002
438,0.59629
439,0.59335
440,0.58944
441,0.58553
442,0.5826
443,0.57771
444,0.57283
445,0.56696
446,0.56109
447,0.55621
448,0.5523
449,0.54839
450,0.54545
451,0.54252
452,0.53959
453,0.53666
454,0.53177
455,0.52786
456,0.52395
457,0.51906
458,0.51417
459,0.50929
460,0.50538
461,0.50049
462,0.49756
463,0.49365
464,0.49071
465,0.48778
466,0.48387
467,0.48094
468,0.47703
469,0.4741
470,0.47019
471,0.46628
472,0.46334
473,0.45943
474,0.45552
475,0.45259
476,0.44966
477,0.44673
478,0.44477
479,0.44282
480,0.44086
481,0.43891
482,0.43695
483,0.43402
484,0.43109
485,0.42815
486,0.42522
487,0.42326
488,0.42131
489,0.41935
490,0.41838
491,0.4174
492,0.41544
493,0.41447
494,0.41251
495,0.41153
496,0.41056
497,0.41153
498,0.41349
499,0.41544
500,0.41935
501,0.42424
502,0.42913
503,0.43402
504,0.43891
505,0.44477
506,0.45161
507,0.45943
508,0.46823
509,0.47801
510,0.48778
511,0.49756
512,0.50635
513,0.51515
514,0.52493
515,0.53372
516,0.54057
517,0.54741
518,0.55425
519,0.56109
520,0.56794
521,0.57478
522,0.57967
523,0.58358
524,0.58749
525,0.59042
526,0.59238
527,0.59335
528,0.5914
529,0.58847
530,0.58553
531,0.5826
532,0.57869
533,0.57478
534,0.57185
535,0.56794
536,0.56305
537,0.55621
538,0.5523
539,0.54741
540,0.54252
541,0.53763
542,0.53372
543,0.52884
544,0.52395
545,0.52004
546,0.51613
547,0.51222
548,0.50929
549,0.50538
550,0.50147
551,0.49756
552,0.49365
553,0.49071
554,0.4868
555,0.48387
556,0.48192
557,0.47801
558,0.47507
559,0.47214
560,0.46823
561,0.4653
562,0.46237
563,0.45846
564,0.45552
565,0.45161
566,0.44868
567,0.44673
568,0.44575
569,0.44379
570,0.44282
571,0.44086
572,0.43988
573,0.43793
574,0.43597
575,0.435
576,0.43304
577,0.43109
578,0.42913
579,0.4262
580,0.42326
581,0.42131
582,0.41935
583,0.4174
584,0.41642
585,0.41447
586,0.41251
587,0.41251
588,0.41251
589,0.41349
590,0.41447
591,0.41642
592,0.42033
593,0.42424
594,0.42815
595,0.43304
596,0.43793
597,0.44477
598,0.45064
599,0.45748
600,0.46334
601,0.47116
602,0.47898
603,0.48778
604,0.49658
605,0.5044
606,0.5132
607,0.52102
608,0.5259
609,0.53079
610,0.53666
611,0.54252
612,0.54643
613,0.54936
614,0.55034
615,0.55132
616,0.55132
617,0.55034
618,0.54936
619,0.54839
620,0.54643
621,0.54448
622,0.54252
623,0.53959
624,0.53666
625,0.53275
626,0.52981
627,0.52493
628,0.52102
629,0.51613
630,0.51124
631,0.50538
632,0.49951
633,0.49365
634,0.48778
635,0.48387
636,0.47898
637,0.47312
638,0.46628
639,0.46041
640,0.45357
641,0.44868
642,0.44477
643,0.44086
644,0.43597
645,0.43206
646,0.42815
647,0.42522
648,0.42326
649,0.42033
650,0.41838
651,0.41544
652,0.41251
653,0.40958
654,0.40665
655,0.40274
656,0.3998
657,0.39687
658,0.39492
659,0.39394
660,0.39296
661,0.39394
662,0.39394
663,0.39394
664,0.39394
665,0.39394
666,0.39394
667,0.39394
668,0.39394
669,0.39394
670,0.39394
671,0.39394
672,0.39394
673,0.39394
674,0.39394
675,0.39394
676,0.39394
677,0.39394
678,0.39394
679,0.39492
680,0.39687
681,0.39883
682,0.40274
683,0.40762
684,0.41349
685,0.42033
686,0.42815
687,0.435
688,0.44282
689,0.45161
690,0.46139
691,0.47116
692,0.48094
693,0.49169
694,0.50342
695,0.51515
696,0.5259
697,0.53568
698,0.54448
699,0.5523
700,0.55914
701,0.56598
702,0.5738
703,0.58162
704,0.58847
705,0.59433
706,0.59922
707,0.60117
708,0.60117
709,0.60117
710,0.6002
711,0.59922
712,0.59629
713,0.59335
714,0.59042
715,0.58749
716,0.58358
717,0.57967
718,0.57576
719,0.57087
720,0.56696
721,0.56207
722,0.55816
723,0.55327
724,0.54936
725,0.54545
726,0.54252
727,0.53861
728,0.53568
729,0.53177
730,0.52884
731,0.52493
732,0.52102
733,0.51711
734,0.5132
735,0.50831
736,0.5044
737,0.50049
738,0.49756
739,0.49462
740,0.49169
741,0.48876
742,0.48485
743,0.48192
744,0.47898
745,0.47507
746,0.47214
747,0.46823
748,0.4653
749,0.46237
750,0.45846
751,0.45552
752,0.45259
753,0.44966
754,0.44673
755,0.44379
756,0.44086
757,0.43891
758,0.43695
759,0.43402
760,0.43206
761,0.42815
762,0.42522
763,0.42229
764,0.41935
765,0.4174
766,0.41642
767,0.41447
768,0.41251
769,0.41153
770,0.40958
771,0.40762
772,0.40665
773,0.40762
774,0.4086
775,0.40958
776,0.41251
777,0.41642
778,0.42033
779,0.42424
780,0.42815
781,0.43402
782,0.44086
783,0.44673
784,0.45455
785,0.46334
786,0.47214
787,0.48192
788,0.49169
789,0.50049
790,0.51026
791,0.51808
792,0.5259
793,0.5347
794,0.5435
795,0.55132
796,0.55914
797,0.565
798,0.57087
799,0.57576
800,0.57967
801,0.5826
802,0.58358
803,0.58456
804,0.58456
805,0.58358
806,0.58358
807,0.5826
808,0.58162
809,0.57869
810,0.57576
811,0.57283
812,0.56891
813,0.56403
814,0.55914
815,0.55425
816,0.55034
817,0.54643
818,0.54252
819,0.53861
820,0.53372
821,0.52884
822,0.52395
823,0.51808
824,0.51417
825,0.50929
826,0.50635
827,0.50244
828,0.49853
829,0.4956
830,0.49169
831,0.48876
832,0.48583
833,0.48289
834,0.47996
835,0.47605
836,0.47312
837,0.46921
838,0.46628
839,0.46237
840,0.45943
841,0.45552
842,0.45259
843,0.44966
844,0.4477
845,0.44575
846,0.44477
847,0.44282
848,0.44086
849,0.43891
850,0.43793
851,0.43597
852,0.43304
853,0.43011
854,0.4262
855,0.42326
856,0.42131
857,0.41838
858,0.4174
859,0.41544
860,0.41349
861,0.41153
862,0.41056
863,0.4086
864,0.40762
865,0.40762
866,0.4086
867,0.41056
868,0.41251
869,0.41544
870,0.41935
871,0.42326
872,0.42815
873,0.43304
874,0.43988
875,0.44575
876,0.45259
877,0.46041
878,0.46921
879,0.47898
880,0.48876
881,0.49756
882,0.50635
883,0.51417
884,0.52004
885,0.52786
886,0.53568
887,0.54154
888,0.54741
889,0.55132
890,0.55523
891,0.55718
892,0.55816
893,0.55816
894,0.55816
895,0.55621
896,0.55327
897,0.55132
898,0.54936
899,0.54643
900,0.54252
901,0.53763
902,0.53372
903,0.52884
904,0.52395
905,0.51808
906,0.5132
907,0.50831
908,0.50342
909,0.49951
910,0.4956
911,0.49071
912,0.48485
913,0.47898
914,0.47312
915,0.46725
916,0.46139
917,0.4565
918,0.45064
919,0.44477
920,0.44086
921,0.43695
922,0.43304
923,0.43011
924,0.4262
925,0.42229
926,0.41838
927,0.41349
928,0.4086
929,0.40371
930,0.3998
931,0.39589
932,0.39296
933,0.39101
934,0.38905
935,0.38807
936,0.3871
937,0.38612
938,0.38612
939,0.38612
940,0.38514
941,0.38514
942,0.38514
943,0.38514
944,0.38416
945,0.38416
946,0.38416
947,0.38416
948,0.38416
949,0.38416
950,0.38416
951,0.38319
952,0.38221
953,0.38221
954,0.38221
955,0.38221
956,0.38416
957,0.38612
958,0.38905
959,0.39101
960,0.39492
961,0.39883
962,0.40371
963,0.40958
964,0.41642
965,0.42424
966,0.43304
967,0.44282
968,0.45259
969,0.46237
970,0.47312
971,0.48485
972,0.49658
973,0.50831
974,0.52004
975,0.53079
976,0.53959
977,0.54741
978,0.55621
979,0.56403
980,0.57087
981,0.57771
982,0.58456
983,0.58847
984,0.59335
985,0.59629
986,0.59824
987,0.59922
988,0.59922
989,0.59726
990,0.59433
991,0.5914
992,0.58847
993,0.58456
994,0.58065
995,0.57576
996,0.57087
997,0.565
998,0.56012
999,0.55523
1000,0.55034
1001,0.54643
1002,0.54154
1003,0.53666
1004,0.53177
1005,0.52688
1006,0.52199
1007,0.51711
1008,0.51124
1009,0.50635
1010,0.50147
1011,0.49756
1012,0.49462
1013,0.49169
1014,0.48974
1015,0.48778
1016,0.48485
1017,0.48094
1018,0.47801
1019,0.4741
1020,0.46921
1021,0.46334
1022,0.45846
1023,0.45357
1024,0.44868
1025,0.44477
1026,0.44086
1027,0.43793
1028,0.43597
1029,0.43206
1030,0.42913
1031,0.42522
1032,0.42229
1033,0.41838
1034,0.41447
1035,0.41153
1036,0.40762
1037,0.40469
1038,0.40176
1039,0.39785
1040,0.39492
1041,0.39296
1042,0.39101
1043,0.38905
1044,0.3871
1045,0.38514
1046,0.38319
1047,0.38221
1048,0.38319
1049,0.38612
1050,0.3871
1051,0.38807
1052,0.38905
1053,0.39198
1054,0.39492
1055,0.39785
1056,0.40176
1057,0.40567
1058,0.41056
1059,0.41642
1060,0.42326
1061,0.43109
1062,0.43988
1063,0.4477
1064,0.45455
1065,0.46237
1066,0.47116
1067,0.47898
1068,0.48583
1069,0.49267
1070,0.50049
1071,0.50635
1072,0.51222
1073,0.51711
1074,0.52297
1075,0.52786
1076,0.53275
1077,0.53763
1078,0.54057
1079,0.54252
1080,0.54252
1081,0.54252
1082,0.54154
1083,0.53959
1084,0.53861
1085,0.53568
1086,0.53177
1087,0.52786
1088,0.52297
1089,0.51906
1090,0.51417
1091,0.51026
1092,0.50733
1093,0.50342
1094,0.50147
1095,0.49756
1096,0.49462
1097,0.48974
1098,0.48485
1099,0.47996
1100,0.47507
1101,0.47019
1102,0.4653
1103,0.46041
1104,0.4565
1105,0.45259
1106,0.44868
1107,0.44477
1108,0.44086
1109,0.43793
1110,0.43402
1111,0.43011
1112,0.4262
1113,0.42326
1114,0.41935
1115,0.41447
1116,0.40958
1117,0.40567
1118,0.40176
1119,0.3998
1120,0.39883
1121,0.39785
1122,0.39589
1123,0.39296
1124,0.39003
1125,0.3871
1126,0.38319
1127,0.38025
1128,0.37732
1129,0.37537
1130,0.37243
1131,0.3695
1132,0.36755
1133,0.36559
1134,0.36266
1135,0.35973
1136,0.35777
1137,0.35484
1138,0.35288
1139,0.35093
1140,0.34995
1141,0.34995
1142,0.34995
1143,0.34995
1144,0.34995
1145,0.34995
1146,0.35093
1147,0.35386
1148,0.35679
1149,0.3607
1150,0.36559
1151,0.37048
1152,0.37634
1153,0.38221
1154,0.38905
1155,0.39687
1156,0.40567
1157,0.41349
1158,0.42131
1159,0.42815
1160,0.43597
1161,0.44282
1162,0.44966
1163,0.45455
1164,0.45846
1165,0.46237
1166,0.46432
1167,0.46628
1168,0.46725
1169,0.46628
1170,0.4653
1171,0.46334
1172,0.46041
1173,0.45846
1174,0.4565
1175,0.45455
1176,0.45259
1177,0.45064
1178,0.4477
1179,0.44379
1180,0.43891
1181,0.43402
1182,0.42913
1183,0.42326
1184,0.41838
1185,0.41349
1186,0.40958
1187,0.40567
1188,0.40176
1189,0.39785
1190,0.39394
1191,0.38905
1192,0.38416
1193,0.3783
1194,0.37243
1195,0.36755
1196,0.36266
1197,0.35777
1198,0.35484
1199,0.35191
1200,0.348
1201,0.34506
1202,0.34115
1203,0.33724
1204,0.33333
1205,0.32942
1206,0.32551
1207,0.32258
1208,0.31867
1209,0.31574
1210,0.31183
1211,0.30987
1212,0.3089
1213,0.30694
1214,0.30596
1215,0.30401
1216,0.30205
1217,0.3001
1218,0.29912
1219,0.29717
1220,0.29717
1221,0.29717
1222,0.29619
1223,0.29619
1224,0.29717
1225,0.29717
1226,0.29717
1227,0.29619
1228,0.29619
1229,0.29619
1230,0.29619
1231,0.29619
1232,0.29619
1233,0.29717
1234,0.29814
1235,0.29912
1236,0.30108
1237,0.30303
1238,0.30596
1239,0.3089
1240,0.31378
1241,0.32063
1242,0.32845
1243,0.33724
1244,0.34604
1245,0.35484
1246,0.36559
1247,0.37537
1248,0.38514
1249,0.39492
1250,0.40371
1251,0.41153
1252,0.42033
1253,0.42913
1254,0.43695
1255,0.44575
1256,0.45357
1257,0.45943
1258,0.4653
1259,0.47116
1260,0.47507
1261,0.47898
1262,0.48192
1263,0.48289
1264,0.48387
1265,0.48192
1266,0.47996
1267,0.47703
1268,0.4741
1269,0.47019
1270,0.46628
1271,0.46237
1272,0.45748
1273,0.45357
1274,0.44966
1275,0.44575
1276,0.44184
1277,0.43891
1278,0.43597
1279,0.43206
1280,0.42913
1281,0.42522
1282,0.42131
1283,0.41838
1284,0.41447
1285,0.41153
1286,0.40762
1287,0.40469
1288,0.40176
1289,0.3998
1290,0.39785
1291,0.39589
1292,0.39296
1293,0.39003
1294,0.3871
1295,0.38319
1296,0.38025
1297,0.37634
1298,0.37341
1299,0.3695
1300,0.36657
1301,0.36266
1302,0.35973
1303,0.35679
1304,0.37439
1305,0.40176
1306,0.41447
1307,0.42033
1308,0.42229
1309,0.42229
1310,0.42131
1311,0.41935
1312,0.4174
1313,0.41447
1314,0.41153
1315,0.4086
1316,0.40762
1317,0.40665
1318,0.40371
1319,0.40176
1320,0.3998
1321,0.39785
1322,0.39589
1323,0.39492
1324,0.39296
1325,0.39101
1326,0.39003
1327,0.39003
1328,0.39003
1329,0.39198
1330,0.39394
1331,0.39589
1332,0.39883
1333,0.40176
1334,0.40567
1335,0.41056
1336,0.41544
1337,0.42033
1338,0.42522
1339,0.43109
1340,0.43793
1341,0.44379
1342,0.45064
1343,0.4565
1344,0.46334
1345,0.47019
1346,0.47801
1347,0.48485
1348,0.49169
1349,0.49756
1350,0.50342
1351,0.50831
1352,0.5132
1353,0.51613
1354,0.51808
1355,0.52004
1356,0.52004
1357,0.52004
1358,0.51906
1359,0.51906
1360,0.51808
1361,0.51711
1362,0.51515
1363,0.5132
1364,0.51222
1365,0.51026
1366,0.50831
1367,0.50538
1368,0.50244
1369,0.50049
1370,0.49756
1371,0.49365
1372,0.49071
1373,0.4868
1374,0.48387
1375,0.47996
1376,0.47801
1377,0.47507
1378,0.47214
1379,0.47019
1380,0.46725
1381,0.4653
1382,0.46334
1383,0.46139
1384,0.45846
1385,0.45552
1386,0.45259
1387,0.44868
1388,0.44575
1389,0.44184
1390,0.43891
1391,0.435
1392,0.43206
1393,0.43011
1394,0.42815
1395,0.42717
1396,0.4262
1397,0.42522
1398,0.42424
1399,0.42326
1400,0.42326
1401,0.42229
1402,0.42131
1403,0.42131
1404,0.41935
1405,0.41838
1406,0.41642
1407,0.41544
1408,0.41447
1409,0.41349
1410,0.41251
1411,0.41153
1412,0.40958
1413,0.4086
1414,0.40665
1415,0.40469
1416,0.40274
1417,0.40274
1418,0.40176
1419,0.40078
1420,0.40078
1421,0.40078
1422,0.40176
1423,0.40371
1424,0.40469
1425,0.40762
1426,0.41153
1427,0.41544
1428,0.42033
1429,0.4262
1430,0.43109
1431,0.43695
1432,0.44282
1433,0.44966
1434,0.45552
1435,0.46139
1436,0.46823
1437,0.47507
1438,0.47996
1439,0.48583
1440,0.49071
1441,0.49658
1442,0.50147
1443,0.50635
1444,0.51222
1445,0.51613
1446,0.51906
1447,0.52199
1448,0.52297
1449,0.52395
1450,0.52297
1451,0.52199
1452,0.52004
1453,0.51906
1454,0.51711
1455,0.51515
1456,0.5132
1457,0.51026
1458,0.50635
1459,0.50244
1460,0.50049
1461,0.49756
1462,0.49365
1463,0.48876
1464,0.48485
1465,0.48094
1466,0.47703
1467,0.47312
1468,0.47019
1469,0.46823
1470,0.46628
1471,0.46432
1472,0.46237
1473,0.45943
1474,0.45748
1475,0.45552
1476,0.45161
1477,0.44673
1478,0.44184
1479,0.43597
1480,0.43206
1481,0.42815
1482,0.42424
1483,0.42033
1484,0.4174
1485,0.41447
1486,0.41349
1487,0.41251
1488,0.41153
1489,0.40958
1490,0.4086
1491,0.40665
1492,0.40469
1493,0.40274
1494,0.40078
1495,0.39785
1496,0.39492
1497,0.39101
1498,0.3871
1499,0.38319
1500,0.38025
1501,0.37732
1502,0.37439
1503,0.37243
1504,0.3695
1505,0.36559
1506,0.36364
1507,0.36266
1508,0.36168
1509,0.36168
1510,0.3607
1511,0.3607
1512,0.3607
1513,0.36168
1514,0.36266
1515,0.36364
1516,0.36559
1517,0.36755
1518,0.37048
1519,0.37341
1520,0.37732
1521,0.38123
1522,0.38612
1523,0.39198
1524,0.3998
1525,0.40762
1526,0.41642
1527,0.42424
1528,0.43304
1529,0.44184
1530,0.45064
1531,0.45846
1532,0.46725
1533,0.4741
1534,0.47996
1535,0.48583
1536,0.49071
1537,0.49462
1538,0.49658
1539,0.49951
1540,0.50147
1541,0.50244
1542,0.50342
1543,0.5044
1544,0.5044
1545,0.50538
1546,0.50538
1547,0.50538
1548,0.50538
1549,0.50538
1550,0.5044
1551,0.5044
1552,0.5044
1553,0.5044
1554,0.5044
1555,0.5044
1556,0.52688
1557,0.56012
1558,0.57771
1559,0.58749
1560,0.59238
1561,0.59433
1562,0.59629
1563,0.59726
1564,0.59726
1565,0.59726
1566,0.59726
1567,0.59629
1568,0.59433
1569,0.5914
1570,0.58944
1571,0.58651
1572,0.58456
1573,0.58162
1574,0.57869
1575,0.5738
1576,0.56891
1577,0.56305
1578,0.56012
1579,0.55914
1580,0.55718
1581,0.55523
1582,0.55425
1583,0.5523
1584,0.55034
1585,0.54839
1586,0.54448
1587,0.53959
1588,0.53666
1589,0.53372
1590,0.53079
1591,0.52884
1592,0.52786
1593,0.52688
1594,0.52493
1595,0.52395
1596,0.52199
1597,0.52004
1598,0.51906
1599,0.51808
1600,0.51711
1601,0.51711
1602,0.51711
1603,0.51711
1604,0.51808
1605,0.52199
1606,0.5259
1607,0.53079
1608,0.53666
1609,0.5435
1610,0.5523
1611,0.55914
1612,0.56696
1613,0.5738
1614,0.58162
1615,0.58847
1616,0.59531
1617,0.60313
1618,0.60997
1619,0.61779
1620,0.62659
1621,0.63539
1622,0.64321
1623,0.65005
1624,0.65591
1625,0.66178
1626,0.66667
1627,0.67058
1628,0.67253
1629,0.67351
1630,0.67351
1631,0.67253
1632,0.6696
1633,0.66569
1634,0.6608
1635,0.65689
1636,0.65298
1637,0.65005
1638,0.64712
1639,0.64418
1640,0.64125
1641,0.6393
1642,0.63636
1643,0.63441
1644,0.63245
1645,0.6305
1646,0.62757
1647,0.62366
1648,0.61779
1649,0.61193
1650,0.60704
1651,0.60411
1652,0.6002
1653,0.59726
1654,0.59531
1655,0.59042
1656,0.58651
1657,0.5826
1658,0.57771
1659,0.57283
1660,0.56794
1661,0.56207
1662,0.55718
1663,0.55327
1664,0.55034
1665,0.54741
1666,0.54545
1667,0.5435
1668,0.54154
1669,0.53959
1670,0.53861
1671,0.53861
1672,0.53763
1673,0.53666
1674,0.53568
1675,0.53372
1676,0.53372
1677,0.53275
1678,0.53079
1679,0.52884
1680,0.5259
1681,0.52395
1682,0.52199
1683,0.52004
1684,0.51906
1685,0.51711
1686,0.51515
1687,0.5132
1688,0.51026
1689,0.50733
1690,0.50538
1691,0.50342
1692,0.50244
1693,0.50147
1694,0.50147
1695,0.50147
1696,0.50244
1697,0.50538
1698,0.51026
1699,0.51515
1700,0.52004
1701,0.52786
1702,0.53666
1703,0.54643
1704,0.55425
1705,0.56305
1706,0.57087
1707,0.57869
1708,0.58847
1709,0.59922
1710,0.60997
1711,0.62072
1712,0.63245
1713,0.64321
1714,0.65396
1715,0.66276
1716,0.67058
1717,0.6784
1718,0.68426
1719,0.69013
1720,0.69501
1721,0.69795
1722,0.6999
1723,0.6999
1724,0.70088
1725,0.70088
1726,0.70088
1727,0.69795
1728,0.69501
1729,0.6911
1730,0.68817
1731,0.68426
1732,0.67937
1733,0.67449
1734,0.6696
1735,0.66373
1736,0.65982
1737,0.65494
1738,0.65103
1739,0.64614
1740,0.64321
1741,0.64027
1742,0.63734
1743,0.63441
1744,0.63148
1745,0.62854
1746,0.62659
1747,0.62366
1748,0.62072
1749,0.61877
1750,0.61779
1751,0.61486
1752,0.61095
1753,0.60704
1754,0.60313
1755,0.6002
1756,0.59726
1757,0.59433
1758,0.59238
1759,0.58944
1760,0.58651
1761,0.58358
1762,0.58065
1763,0.57674
1764,0.57185
1765,0.56696
1766,0.56305
1767,0.56012
1768,0.55816
1769,0.55425
1770,0.55034
1771,0.54545
1772,0.54057
1773,0.53568
1774,0.52981
1775,0.5259
1776,0.52395
1777,0.52199
1778,0.51808
1779,0.5132
1780,0.50831
1781,0.50342
1782,0.49853
1783,0.49365
1784,0.48974
1785,0.4868
1786,0.48485
1787,0.48387
1788,0.48387
1789,0.48485
1790,0.4868
1791,0.48974
1792,0.49462
1793,0.49951
1794,0.5044
1795,0.50929
1796,0.51515
1797,0.52297
1798,0.53079
1799,0.53959
1800,0.54839
1801,0.55523
1802,0.56207
1803,0.56891
1804,0.57674
1805,0.58456
1806,0.59238
1807,0.6002
1808,0.60802
1809,0.61584
1810,0.62366
1811,0.6305
1812,0.63539
1813,0.63832
1814,0.6393
1815,0.64027
1816,0.61877
1817,0.58651
1818,0.56891
1819,0.55816
1820,0.5523
1821,0.54936
1822,0.54741
1823,0.54643
1824,0.54545
1825,0.54545
1826,0.54643
1827,0.54839
1828,0.54936
1829,0.55034
1830,0.55132
1831,0.5523
1832,0.55132
1833,0.55034
1834,0.55034
1835,0.54936
1836,0.54839
1837,0.54741
1838,0.54643
1839,0.54545
1840,0.54448
1841,0.54448
1842,0.54545
1843,0.54643
1844,0.54741
1845,0.54741
1846,0.54839
1847,0.54839
1848,0.54839
1849,0.54936
1850,0.54936
1851,0.55034
1852,0.5523
1853,0.55425
1854,0.55523
1855,0.55523
1856,0.55523
1857,0.55523
1858,0.55523
1859,0.55425
1860,0.55425
1861,0.55327
1862,0.55327
1863,0.5523
1864,0.55034
1865,0.54839
1866,0.54643
1867,0.54545
1868,0.5435
1869,0.54154
1870,0.53861
1871,0.53763
1872,0.53666
1873,0.53666
1874,0.53666
1875,0.53763
1876,0.53861
1877,0.54057
1878,0.54252
1879,0.54545
1880,0.54839
1881,0.55132
1882,0.55523
1883,0.56012
1884,0.565
1885,0.57185
1886,0.57967
1887,0.58847
1888,0.59922
1889,0.61095
1890,0.62268
1891,0.63441
1892,0.64516
1893,0.65396
1894,0.66178
1895,0.67155
1896,0.68231
1897,0.69208
1898,0.70088
1899,0.71065
1900,0.71945
1901,0.72825
1902,0.73412
1903,0.73803
1904,0.73998
1905,0.739
1906,0.73705
1907,0.73412
1908,0.73216
1909,0.72923
1910,0.7263
1911,0.72336
1912,0.71945
1913,0.71652
1914,0.71163
1915,0.70674
1916,0.6999
1917,0.69208
1918,0.68328
1919,0.67546
1920,0.66764
1921,0.65982
1922,0.65298
1923,0.64712
1924,0.64321
1925,0.63832
1926,0.63343
1927,0.62757
1928,0.62268
1929,0.61877
1930,0.61486
1931,0.61193
1932,0.60802
1933,0.60313
1934,0.59922
1935,0.59433
1936,0.58847
1937,0.5826
1938,0.57674
1939,0.57087
1940,0.565
1941,0.55914
1942,0.55523
1943,0.55132
1944,0.54839
1945,0.54545
1946,0.5435
1947,0.54154
1948,0.53861
1949,0.53568
1950,0.53275
1951,0.52981
1952,0.52688
1953,0.52395
1954,0.52102
1955,0.51808
1956,0.51515
1957,0.51222
1958,0.50929
1959,0.50733
1960,0.5044
1961,0.50049
1962,0.49756
1963,0.49365
1964,0.49071
1965,0.48778
1966,0.48485
1967,0.48192
1968,0.47898
1969,0.47703
1970,0.47801
1971,0.47996
1972,0.48289
1973,0.48485
1974,0.48778
1975,0.49267
1976,0.49951
1977,0.50733
1978,0.51613
1979,0.52786
1980,0.54057
1981,0.5523
1982,0.565
1983,0.57674
1984,0.58944
1985,0.60215
1986,0.61486
1987,0.62854
1988,0.64321
1989,0.65591
1990,0.66862
1991,0.68035
1992,0.6911
1993,0.70088
1994,0.70968
1995,0.71652
1996,0.72336
1997,0.72727
1998,0.73021
1999,0.73216
2000,0.73412
2001,0.73314
2002,0.73118
2003,0.72825
2004,0.72532
2005,0.72043
2006,0.71457
2007,0.70968
2008,0.70381
2009,0.69892
2010,0.69306
2011,0.68817
2012,0.68231
2013,0.67742
2014,0.6696
2015,0.66276
2016,0.65689
2017,0.652
2018,0.64809
2019,0.64516
2020,0.64125
2021,0.63734
2022,0.63343
2023,0.62952
2024,0.62463
2025,0.62072
2026,0.61486
2027,0.60899
2028,0.60411
2029,0.59922
2030,0.59433
2031,0.58847
2032,0.5826
2033,0.57674
2034,0.57087
2035,0.565
2036,0.55914
2037,0.55523
2038,0.5523
2039,0.55132
2040,0.55034
2041,0.55034
2042,0.55034
2043,0.54936
2044,0.54741
2045,0.54448
2046,0.54154
2047,0.53861
2048,0.53568
2049,0.53275
2050,0.52981
2051,0.52786
2052,0.5259
2053,0.52297
2054,0.51906
2055,0.51515
2056,0.50929
2057,0.5044
2058,0.49853
2059,0.49267
2060,0.4868
2061,0.48289
2062,0.47898
2063,0.47703
2064,0.47605
2065,0.47801
2066,0.47996
2067,0.48192
2068,0.48485
2069,0.48974
2070,0.49658
2071,0.5044
2072,0.4868
2073,0.45748
2074,0.44868
2075,0.45161
2076,0.45748
2077,0.4653
2078,0.47312
2079,0.48289
2080,0.49365
2081,0.50342
2082,0.51222
2083,0.51906
2084,0.5259
2085,0.53079
2086,0.5347
2087,0.53861
2088,0.54057
2089,0.53959
2090,0.53861
2091,0.53861
2092,0.53763
2093,0.53666
2094,0.53275
2095,0.52786
2096,0.52297
2097,0.51711
2098,0.51222
2099,0.50635
2100,0.50049
2101,0.4956
2102,0.48974
2103,0.48583
2104,0.48289
2105,0.47996
2106,0.47703
2107,0.4741
2108,0.46921
2109,0.46432
2110,0.46041
2111,0.4565
2112,0.45357
2113,0.45161
2114,0.45161
2115,0.45064
2116,0.44966
2117,0.44966
2118,0.44868
2119,0.4477
2120,0.44575
2121,0.44282
2122,0.44086
2123,0.43988
2124,0.43988
2125,0.43988
2126,0.44086
2127,0.44184
2128,0.44184
2129,0.44184
2130,0.44282
2131,0.44477
2132,0.44673
2133,0.44868
2134,0.44966
2135,0.45064
2136,0.45064
2137,0.45064
2138,0.44966
2139,0.44966
2140,0.44966
2141,0.45064
2142,0.45064
2143,0.45064
2144,0.44966
2145,0.44966
2146,0.44966
2147,0.45064
2148,0.45064
2149,0.45161
2150,0.45259
2151,0.45259
2152,0.45455
2153,0.45748
2154,0.46139
2155,0.4653
2156,0.47019
2157,0.47605
2158,0.48387
2159,0.49365
2160,0.5044
2161,0.51515
2162,0.5259
2163,0.53568
2164,0.54448
2165,0.55327
2166,0.565
2167,0.57576
2168,0.58651
2169,0.59629
2170,0.60411
2171,0.6129
2172,0.6217
2173,0.62952
2174,0.63734
2175,0.64516
2176,0.652
2177,0.65787
2178,0.66373
2179,0.66862
2180,0.67058
2181,0.67155
2182,0.67155
2183,0.66862
2184,0.66471
2185,0.66178
2186,0.65885
2187,0.65591
2188,0.65298
2189,0.64907
2190,0.64418
2191,0.63832
2192,0.63245
2193,0.62561
2194,0.61877
2195,0.6129
2196,0.60704
2197,0.60215
2198,0.59629
2199,0.59042
2200,0.58456
2201,0.57771
2202,0.56989
2203,0.56403
2204,0.55816
2205,0.55327
2206,0.54643
2207,0.54057
2208,0.53568
2209,0.53079
2210,0.5259
2211,0.52004
2212,0.51515
2213,0.50929
2214,0.5044
2215,0.50049
2216,0.49658
2217,0.49169
2218,0.4868
2219,0.48192
2220,0.47703
2221,0.47312
2222,0.47019
2223,0.46725
2224,0.46432
2225,0.46139
2226,0.45943
2227,0.4565
2228,0.45455
2229,0.45259
2230,0.45161
2231,0.45064
2232,0.44868
2233,0.44575
2234,0.44379
2235,0.44184
2236,0.43891
2237,0.435
2238,0.43206
2239,0.42815
2240,0.42424
2241,0.42131
2242,0.41838
2243,0.41642
2244,0.41544
2245,0.4174
2246,0.41935
2247,0.42131
2248,0.42424
2249,0.42717
2250,0.43011
2251,0.43597
2252,0.44184
2253,0.4477
2254,0.45455
2255,0.46432
2256,0.47507
2257,0.48778
2258,0.50244
2259,0.51808
2260,0.53079
2261,0.54154
2262,0.55425
2263,0.56794
2264,0.58162
2265,0.59531
2266,0.60899
2267,0.62072
2268,0.63148
2269,0.64125
2270,0.64809
2271,0.65494
2272,0.65982
2273,0.66373
2274,0.66471
2275,0.66471
2276,0.66373
2277,0.66276
2278,0.6608
2279,0.65689
2280,0.65298
2281,0.65005
2282,0.64614
2283,0.64125
2284,0.63539
2285,0.6305
2286,0.62757
2287,0.62366
2288,0.61975
2289,0.61584
2290,0.60997
2291,0.60313
2292,0.59726
2293,0.5914
2294,0.58651
2295,0.5826
2296,0.57869
2297,0.57478
2298,0.57087
2299,0.56598
2300,0.56207
2301,0.55621
2302,0.55034
2303,0.54448
2304,0.53861
2305,0.5347
2306,0.53079
2307,0.52688
2308,0.52395
2309,0.52004
2310,0.51613
2311,0.51124
2312,0.50733
2313,0.50342
2314,0.49951
2315,0.4956
2316,0.49169
2317,0.48876
2318,0.48485
2319,0.47996
2320,0.47605
2321,0.47116
2322,0.46725
2323,0.46334
2324,0.45846
2325,0.45357
2326,0.45064
2327,0.44868
2328,0.43597
2329,0.41838
2330,0.4086
2331,0.40371
2332,0.40176
2333,0.40078
2334,0.40078
2335,0.40078
2336,0.40176
2337,0.40176
2338,0.40274
2339,0.40371
2340,0.40665
2341,0.4086
2342,0.40958
2343,0.41056
2344,0.41447
2345,0.41935
2346,0.42717
2347,0.43597
2348,0.44575
2349,0.4565
2350,0.46725
2351,0.47801
2352,0.4868
2353,0.49267
2354,0.49853
2355,0.50538
2356,0.51222
2357,0.52004
2358,0.52884
2359,0.53666
2360,0.54448
2361,0.5523
2362,0.56109
2363,0.56794
2364,0.57283
2365,0.57576
2366,0.57674
2367,0.57576
2368,0.5738
2369,0.57087
2370,0.56891
2371,0.56598
2372,0.56305
2373,0.56109
2374,0.55718
2375,0.5523
2376,0.54545
2377,0.53861
2378,0.53079
2379,0.52297
2380,0.51613
2381,0.50831
2382,0.50147
2383,0.49462
2384,0.48876
2385,0.48192
2386,0.4741
2387,0.46628
2388,0.45943
2389,0.45259
2390,0.44575
2391,0.43988
2392,0.435
2393,0.43109
2394,0.4262
2395,0.42033
2396,0.41642
2397,0.41251
2398,0.40958
2399,0.40665
2400,0.40371
2401,0.40078
2402,0.39785
2403,0.39687
2404,0.39589
2405,0.39589
2406,0.39687
2407,0.39687
2408,0.39785
2409,0.39883
2410,0.40078
2411,0.40078
2412,0.40176
2413,0.40176
2414,0.40078
2415,0.3998
2416,0.3998
2417,0.3998
2418,0.40078
2419,0.40176
2420,0.40176
2421,0.40176
2422,0.40176
2423,0.40176
2424,0.40274
2425,0.40469
2426,0.40665
2427,0.4086
2428,0.40958
2429,0.41056
2430,0.41251
2431,0.41642
2432,0.41935
2433,0.42424
2434,0.43011
2435,0.43793
2436,0.44673
2437,0.4565
2438,0.46725
2439,0.47898
2440,0.49169
2441,0.5044
2442,0.51808
2443,0.53079
2444,0.54252
2445,0.55425
2446,0.56696
2447,0.58065
2448,0.59335
2449,0.60802
2450,0.6217
2451,0.63441
2452,0.64614
2453,0.65591
2454,0.66569
2455,0.67351
2456,0.6784
2457,0.68035
2458,0.68133
2459,0.68133
2460,0.67937
2461,0.67742
2462,0.67449
2463,0.67058
2464,0.66569
2465,0.65982
2466,0.65494
2467,0.65103
2468,0.64712
2469,0.64321
2470,0.63832
2471,0.63245
2472,0.62757
2473,0.6217
2474,0.61681
2475,0.61095
2476,0.60411
2477,0.59824
2478,0.59238
2479,0.58651
2480,0.58065
2481,0.57576
2482,0.57283
2483,0.56891
2484,0.56403
2485,0.56012
2486,0.55523
2487,0.54936
2488,0.5435
2489,0.53763
2490,0.53275
2491,0.5259
2492,0.51906
2493,0.51124
2494,0.5044
2495,0.49756
2496,0.49169
2497,0.4868
2498,0.48289
2499,0.47703
2500,0.47214
2501,0.46725
2502,0.46432
2503,0.46139
2504,0.45943
2505,0.4565
2506,0.45455
2507,0.45161
2508,0.44868
2509,0.44477
2510,0.44184
2511,0.43793
2512,0.43304
2513,0.42913
2514,0.42522
2515,0.42131
2516,0.41838
2517,0.41447
2518,0.41153
2519,0.4086
2520,0.40567
2521,0.40371
2522,0.40176
2523,0.40078
2524,0.40176
2525,0.40274
2526,0.40371
2527,0.40665
2528,0.40958
2529,0.41349
2530,0.41838
2531,0.42424
2532,0.43109
2533,0.43988
2534,0.44966
2535,0.45943
2536,0.46921
2537,0.47703
2538,0.4868
2539,0.49853
2540,0.51026
2541,0.52297
2542,0.53666
2543,0.55034
2544,0.56305
2545,0.57478
2546,0.58651
2547,0.59726
2548,0.60704
2549,0.61388
2550,0.61975
2551,0.62659
2552,0.63245
2553,0.63832
2554,0.64223
2555,0.64418
2556,0.64516
2557,0.64614
2558,0.64614
2559,0.64614
2560,0.64418
2561,0.64223
2562,0.63832
2563,0.63441
2564,0.62952
2565,0.62463
2566,0.61877
2567,0.61388
2568,0.60802
2569,0.60313
2570,0.59726
2571,0.5914
2572,0.58553
2573,0.57967
2574,0.57478
2575,0.56989
2576,0.56598
2577,0.56012
2578,0.55523
2579,0.54936
2580,0.5435
2581,0.53666
2582,0.53079
2583,0.52493
2584,0.51026
2585,0.49169
2586,0.47996
2587,0.47116
2588,0.46628
2589,0.46334
2590,0.46041
2591,0.45748
2592,0.45455
2593,0.45259
2594,0.45064
2595,0.44868
2596,0.4477
2597,0.44575
2598,0.44282
2599,0.43988
2600,0.43597
2601,0.43206
2602,0.42913
2603,0.42522
2604,0.42131
2605,0.41642
2606,0.41153
2607,0.40762
2608,0.40274
2609,0.3998
2610,0.39687
2611,0.39296
2612,0.39101
2613,0.38905
2614,0.38807
2615,0.38905
2616,0.38905
2617,0.38905
2618,0.38905
2619,0.38905
2620,0.38905
2621,0.38905
2622,0.39101
2623,0.39492
2624,0.39883
2625,0.40274
2626,0.4086
2627,0.41642
2628,0.42326
2629,0.43011
2630,0.43988
2631,0.45064
2632,0.46139
2633,0.47214
2634,0.48387
2635,0.4956
2636,0.50733
2637,0.51808
2638,0.52786
2639,0.53666
2640,0.5435
2641,0.54741
2642,0.55132
2643,0.55523
2644,0.56012
2645,0.56403
2646,0.56794
2647,0.56891
2648,0.56989
2649,0.57087
2650,0.56989
2651,0.56794
2652,0.56598
2653,0.56403
2654,0.56012
2655,0.55621
2656,0.5523
2657,0.54741
2658,0.54252
2659,0.53861
2660,0.5347
2661,0.52981
2662,0.5259
2663,0.52102
2664,0.51613
2665,0.51124
2666,0.50538
2667,0.49951
2668,0.49365
2669,0.48778
2670,0.48094
2671,0.4741
2672,0.46725
2673,0.46237
2674,0.4565
2675,0.45161
2676,0.44673
2677,0.44282
2678,0.43793
2679,0.43304
2680,0.42913
2681,0.42522
2682,0.42033
2683,0.41447
2684,0.40958
2685,0.40469
2686,0.40078
2687,0.39589
2688,0.39198
2689,0.38807
2690,0.38612
2691,0.38221
2692,0.37928
2693,0.37634
2694,0.37341
2695,0.3695
2696,0.36461
2697,0.35875
2698,0.35191
2699,0.34506
2700,0.33822
2701,0.33138
2702,0.32551
2703,0.3216
2704,0.31867
2705,0.31672
2706,0.31574
2707,0.31672
2708,0.31672
2709,0.31672
2710,0.31672
2711,0.31672
2712,0.31867
2713,0.32063
2714,0.32258
2715,0.32747
2716,0.33333
2717,0.3392
2718,0.34604
2719,0.35288
2720,0.3607
2721,0.37048
2722,0.38123
2723,0.39296
2724,0.40665
2725,0.41935
2726,0.43304
2727,0.4477
2728,0.46237
2729,0.47605
2730,0.48876
2731,0.50147
2732,0.5132
2733,0.52297
2734,0.53079
2735,0.53763
2736,0.5435
2737,0.54936
2738,0.55425
2739,0.55816
2740,0.56207
2741,0.56598
2742,0.56696
2743,0.56794
2744,0.56794
2745,0.56891
2746,0.56794
2747,0.56696
2748,0.56696
2749,0.56696
2750,0.56696
2751,0.56696
2752,0.56598
2753,0.56403
2754,0.56207
2755,0.56012
2756,0.55621
2757,0.5523
2758,0.54839
2759,0.54448
2760,0.54252
2761,0.53959
2762,0.53763
2763,0.5347
2764,0.53275
2765,0.52981
2766,0.52786
2767,0.5259
2768,0.52297
2769,0.52102
2770,0.51808
2771,0.5132
2772,0.50929
2773,0.5044
2774,0.49853
2775,0.49169
2776,0.48583
2777,0.48094
2778,0.47507
2779,0.47019
2780,0.46628
2781,0.46334
2782,0.46237
2783,0.46139
2784,0.45943
2785,0.4565
2786,0.45455
2787,0.45259
2788,0.45064
2789,0.44868
2790,0.4477
2791,0.44673
2792,0.44379
2793,0.44086
2794,0.43793
2795,0.43402
2796,0.43011
2797,0.42717
2798,0.42522
2799,0.42424
2800,0.42424
2801,0.42424
2802,0.42424
2803,0.42424
2804,0.42424
2805,0.4262
2806,0.43011
2807,0.43402
2808,0.43793
2809,0.44379
2810,0.45064
2811,0.4565
2812,0.46139
2813,0.46823
2814,0.47507
2815,0.48387
2816,0.49365
2817,0.5044
2818,0.51515
2819,0.5259
2820,0.53568
2821,0.54545
2822,0.55425
2823,0.56403
2824,0.57185
2825,0.57674
2826,0.5826
2827,0.58749
2828,0.5914
2829,0.59433
2830,0.59726
2831,0.59922
2832,0.60117
2833,0.60215
2834,0.60313
2835,0.60313
2836,0.60117
2837,0.59726
2838,0.59335
2839,0.58944
2840,0.5914
2841,0.59629
2842,0.59629
2843,0.59433
2844,0.5914
2845,0.58847
2846,0.58358
2847,0.57869
2848,0.57283
2849,0.56794
2850,0.56403
2851,0.56012
2852,0.55718
2853,0.55327
2854,0.54936
2855,0.54545
2856,0.54057
2857,0.5347
2858,0.53079
2859,0.5259
2860,0.52102
2861,0.51711
2862,0.5132
2863,0.50929
2864,0.50538
2865,0.50342
2866,0.50049
2867,0.49853
2868,0.49658
2869,0.49462
2870,0.49169
2871,0.48876
2872,0.4868
2873,0.48387
2874,0.48094
2875,0.47898
2876,0.47703
2877,0.47507
2878,0.4741
2879,0.47214
2880,0.46823
2881,0.4653
2882,0.46139
2883,0.45748
2884,0.45455
2885,0.45064
2886,0.44673
2887,0.44379
2888,0.44086
2889,0.43891
2890,0.43793
2891,0.43793
2892,0.43891
2893,0.43891
2894,0.43891
2895,0.43891
2896,0.43891
2897,0.43988
2898,0.44184
2899,0.44477
2900,0.4477
2901,0.45259
2902,0.45846
2903,0.4653
2904,0.47116
2905,0.47801
2906,0.4868
2907,0.49462
2908,0.5044
2909,0.5132
2910,0.52297
2911,0.53275
2912,0.5435
2913,0.5523
2914,0.56109
2915,0.56989
2916,0.57674
2917,0.5826
2918,0.58749
2919,0.59335
2920,0.59824
2921,0.60215
2922,0.60606
2923,0.60997
2924,0.61095
2925,0.61193
2926,0.61193
2927,0.60997
2928,0.60704
2929,0.60411
2930,0.6002
2931,0.59629
2932,0.59238
2933,0.58847
2934,0.58456
2935,0.58065
2936,0.57674
2937,0.57283
2938,0.56891
2939,0.56598
2940,0.56207
2941,0.55914
2942,0.55523
2943,0.55132
2944,0.54839
2945,0.54448
2946,0.54057
2947,0.53666
2948,0.53177
2949,0.5259
2950,0.52102
2951,0.51515
2952,0.50929
2953,0.5044
2954,0.49853
2955,0.49365
2956,0.48876
2957,0.48485
2958,0.47996
2959,0.4741
2960,0.46823
2961,0.46237
2962,0.4565
2963,0.45064
2964,0.44575
2965,0.44184
2966,0.43891
2967,0.43695
2968,0.435
2969,0.43304
2970,0.43206
2971,0.43011
2972,0.42815
2973,0.4262
2974,0.42229
2975,0.4174
2976,0.41153
2977,0.40567
2978,0.40078
2979,0.39589
2980,0.39101
2981,0.38612
2982,0.38319
2983,0.38025
2984,0.3783
2985,0.37634
2986,0.37537
2987,0.37537
2988,0.37537
2989,0.37537
2990,0.37537
2991,0.37634
2992,0.37928
2993,0.38221
2994,0.3871
2995,0.39198
2996,0.39687
2997,0.40274
2998,0.41056
2999,0.41935
3000,0.42913
3001,0.44086
3002,0.45161
3003,0.46334
3004,0.47605
3005,0.4868
3006,0.49756
3007,0.50831
3008,0.51711
3009,0.52493
3010,0.53372
3011,0.5435
3012,0.5523
3013,0.55914
3014,0.565
3015,0.56989
3016,0.5738
3017,0.57576
3018,0.57771
3019,0.57771
3020,0.57771
3021,0.57771
3022,0.57674
3023,0.57674
3024,0.57674
3025,0.57576
3026,0.57478
3027,0.57283
3028,0.57087
3029,0.56891
3030,0.56696
3031,0.56598
3032,0.565
3033,0.56305
3034,0.56207
3035,0.56109
3036,0.56012
3037,0.56012
3038,0.55914
3039,0.55816
3040,0.55718
3041,0.55523
3042,0.55327
3043,0.55132
3044,0.54936
3045,0.54741
3046,0.54545
3047,0.5435
3048,0.54154
3049,0.53959
3050,0.53666
3051,0.53372
3052,0.53079
3053,0.52688
3054,0.52297
3055,0.52004
3056,0.51613
3057,0.5132
3058,0.51026
3059,0.50733
3060,0.50342
3061,0.50049
3062,0.49853
3063,0.49462
3064,0.49169
3065,0.48876
3066,0.4868
3067,0.48387
3068,0.48094
3069,0.47801
3070,0.47507
3071,0.47214
3072,0.47019
3073,0.46725
3074,0.46628
3075,0.46628
3076,0.46628
3077,0.4653
3078,0.4653
3079,0.4653
3080,0.46628
3081,0.46823
3082,0.47116
3083,0.4741
3084,0.47801
3085,0.48192
3086,0.48778
3087,0.49365
3088,0.49951
3089,0.50538
3090,0.51124
3091,0.51711
3092,0.52395
3093,0.53177
3094,0.54057
3095,0.54936
3096,0.55914
3097,0.56794
3098,0.57576
3099,0.5826
3100,0.58749
3101,0.5914
3102,0.59433
3103,0.59824
3104,0.60215
3105,0.60606
3106,0.60802
3107,0.60997
3108,0.61095
3109,0.61095
3110,0.61095
3111,0.61095
3112,0.61095
3113,0.60899
3114,0.60606
3115,0.60313
3116,0.59922
3117,0.59629
3118,0.59238
3119,0.58847
3120,0.58553
3121,0.58065
3122,0.57674
3123,0.57185
3124,0.56696
3125,0.56403
3126,0.56109
3127,0.55816
3128,0.55425
3129,0.55034
3130,0.54741
3131,0.5435
3132,0.53959
3133,0.53666
3134,0.53275
3135,0.52884
3136,0.52493
3137,0.52004
3138,0.51515
3139,0.51026
3140,0.50733
3141,0.50538
3142,0.50244
3143,0.50049
3144,0.49853
3145,0.4956
3146,0.49365
3147,0.49071
3148,0.48778
3149,0.48485
3150,0.48289
3151,0.48094
3152,0.47898
3153,0.47703
3154,0.4741
3155,0.47214
3156,0.46921
3157,0.46628
3158,0.46334
3159,0.46041
3160,0.45748
3161,0.45455
3162,0.45161
3163,0.44966
3164,0.4477
3165,0.44575
3166,0.44379
3167,0.44282
3168,0.44379
3169,0.44379
3170,0.44379
3171,0.44477
3172,0.44575
3173,0.4477
3174,0.44966
3175,0.45259
3176,0.45552
3177,0.45943
3178,0.46334
3179,0.46823
3180,0.47214
3181,0.47801
3182,0.48387
3183,0.49071
3184,0.49853
3185,0.50635
3186,0.51417
3187,0.52297
3188,0.53275
3189,0.54154
3190,0.55132
3191,0.56012
3192,0.56598
3193,0.57185
3194,0.57771
3195,0.58358
3196,0.58847
3197,0.59238
3198,0.59629
3199,0.59922
3200,0.6002
3201,0.60117
3202,0.60117
3203,0.60117
3204,0.6002
3205,0.59726
3206,0.59531
3207,0.59238
3208,0.58944
3209,0.58651
3210,0.58358
3211,0.57967
3212,0.57576
3213,0.57185
3214,0.56891
3215,0.565
3216,0.56305
3217,0.56012
3218,0.55718
3219,0.55425
3220,0.55132
3221,0.54741
3222,0.5435
3223,0.53959
3224,0.53568
3225,0.53275
3226,0.52884
3227,0.52493
3228,0.52004
3229,0.51613
3230,0.5132
3231,0.51026
3232,0.50733
3233,0.50538
3234,0.50342
3235,0.50049
3236,0.49756
3237,0.49365
3238,0.49071
3239,0.4868
3240,0.48387
3241,0.48094
3242,0.47703
3243,0.4741
3244,0.47019
3245,0.46725
3246,0.46432
3247,0.46041
3248,0.4565
3249,0.45357
3250,0.45161
3251,0.44966
3252,0.44673
3253,0.44379
3254,0.43988
3255,0.43695
3256,0.43402
3257,0.43109
3258,0.42913
3259,0.42717
3260,0.42424
3261,0.42229
3262,0.41935
3263,0.4174
3264,0.41544
3265,0.41447
3266,0.41447
3267,0.41447
3268,0.4174
3269,0.42131
3270,0.42522
3271,0.43011
3272,0.435
3273,0.43988
3274,0.44477
3275,0.44868
3276,0.45357
3277,0.46041
3278,0.46725
3279,0.4741
3280,0.48192
3281,0.48876
3282,0.49658
3283,0.50342
3284,0.50831
3285,0.51124
3286,0.51515
3287,0.51808
3288,0.52199
3289,0.52395
3290,0.5259
3291,0.52884
3292,0.53079
3293,0.53177
3294,0.53079
3295,0.52981
3296,0.52786
3297,0.52688
3298,0.52493
3299,0.52297
3300,0.52004
3301,0.51808
3302,0.51613
3303,0.51417
3304,0.51222
3305,0.51026
3306,0.50831
3307,0.50831
3308,0.50733
3309,0.50733
3310,0.50733
3311,0.50733
3312,0.50733
3313,0.50733
3314,0.50733
3315,0.50635
3316,0.50538
3317,0.50342
3318,0.50244
3319,0.50049
3320,0.49853
3321,0.49658
3322,0.49462
3323,0.49365
3324,0.49267
3325,0.49267
3326,0.49267
3327,0.49267
3328,0.49267
3329,0.49267
3330,0.49267
3331,0.49267
3332,0.49267
3333,0.49267
3334,0.49365
3335,0.49365
3336,0.49462
3337,0.49462
3338,0.49462
3339,0.49462
3340,0.49462
3341,0.49462
3342,0.49462
3343,0.49462
3344,0.49462
3345,0.49462
3346,0.49365
3347,0.49267
3348,0.49267
3349,0.49267
3350,0.49267
3351,0.49267
3352,0.48974
3353,0.48583
3354,0.48387
3355,0.48289
3356,0.48192
3357,0.48289
3358,0.48485
3359,0.4868
3360,0.49071
3361,0.49462
3362,0.49756
3363,0.50147
3364,0.50538
3365,0.51026
3366,0.51613
3367,0.52102
3368,0.52786
3369,0.53568
3370,0.5435
3371,0.55132
3372,0.55816
3373,0.565
3374,0.57283
3375,0.57967
3376,0.58553
3377,0.59042
3378,0.59629
3379,0.6002
3380,0.60313
3381,0.60606
3382,0.60704
3383,0.60704
3384,0.60606
3385,0.60508
3386,0.60411
3387,0.60215
3388,0.6002
3389,0.59922
3390,0.59629
3391,0.59335
3392,0.58944
3393,0.58553
3394,0.58162
3395,0.57771
3396,0.57478
3397,0.56989
3398,0.565
3399,0.56109
3400,0.55621
3401,0.5523
3402,0.54936
3403,0.54643
3404,0.54252
3405,0.53763
3406,0.53372
3407,0.52981
3408,0.52493
3409,0.52102
3410,0.51711
3411,0.5132
3412,0.50929
3413,0.50538
3414,0.50244
3415,0.49951
3416,0.49658
3417,0.49462
3418,0.49169
3419,0.48876
3420,0.48583
3421,0.48289
3422,0.47996
3423,0.47703
3424,0.4741
3425,0.47214
3426,0.46921
3427,0.46628
3428,0.46432
3429,0.46139
3430,0.45846
3431,0.45455
3432,0.45161
3433,0.4477
3434,0.44477
3435,0.44282
3436,0.44086
3437,0.43891
3438,0.43695
3439,0.435
3440,0.43402
3441,0.43304
3442,0.43206
3443,0.43109
3444,0.43011
3445,0.43011
3446,0.43109
3447,0.43206
3448,0.43304
3449,0.435
3450,0.43695
3451,0.43988
3452,0.44282
3453,0.4477
3454,0.45161
3455,0.4565
3456,0.46334
3457,0.46921
3458,0.47605
3459,0.48387
3460,0.49071
3461,0.49853
3462,0.50635
3463,0.51417
3464,0.52297
3465,0.53177
3466,0.53959
3467,0.54643
3468,0.55132
3469,0.55718
3470,0.56305
3471,0.56891
3472,0.57283
3473,0.57771
3474,0.58065
3475,0.58456
3476,0.58749
3477,0.58944
3478,0.59042
3479,0.5914
3480,0.59042
3481,0.58847
3482,0.58651
3483,0.58456
3484,0.5826
3485,0.57869
3486,0.57576
3487,0.57283
3488,0.56891
3489,0.56598
3490,0.56207
3491,0.55816
3492,0.55523
3493,0.5523
3494,0.54936
3495,0.54643
3496,0.54252
3497,0.53959
3498,0.53568
3499,0.53079
3500,0.52688
3501,0.52297
3502,0.51906
3503,0.51613
3504,0.51222
3505,0.50929
3506,0.50538
3507,0.50147
3508,0.49756
3509,0.49462
3510,0.49169
3511,0.48876
3512,0.48583
3513,0.48289
3514,0.47898
3515,0.47605
3516,0.4741
3517,0.47116
3518,0.46921
3519,0.46628
3520,0.46432
3521,0.46237
3522,0.46041
3523,0.45748
3524,0.45455
3525,0.45161
3526,0.4477
3527,0.44477
3528,0.44282
3529,0.44086
3530,0.43891
3531,0.43695
3532,0.435
3533,0.43402
3534,0.43304
3535,0.43109
3536,0.43011
3537,0.42913
3538,0.42913
3539,0.43011
3540,0.43206
3541,0.43304
3542,0.43597
3543,0.43891
3544,0.44282
3545,0.44575
3546,0.44966
3547,0.45259
3548,0.4565
3549,0.46139
3550,0.46628
3551,0.47214
3552,0.47801
3553,0.48485
3554,0.49169
3555,0.49756
3556,0.5044
3557,0.51026
3558,0.51711
3559,0.52297
3560,0.52688
3561,0.53177
3562,0.53666
3563,0.54057
3564,0.54448
3565,0.54741
3566,0.54839
3567,0.55034
3568,0.55132
3569,0.55132
3570,0.55132
3571,0.55034
3572,0.54839
3573,0.54643
3574,0.54545
3575,0.54252
3576,0.53959
3577,0.53568
3578,0.53079
3579,0.5259
3580,0.52102
3581,0.51515
3582,0.51026
3583,0.50538
3584,0.50049
3585,0.4956
3586,0.49267
3587,0.48974
3588,0.48583
3589,0.48192
3590,0.47703
3591,0.47214
3592,0.46823
3593,0.46432
3594,0.46041
3595,0.4565
3596,0.45357
3597,0.44966
3598,0.44673
3599,0.44282
3600,0.44086
3601,0.43891
3602,0.43695
3603,0.435
3604,0.43304
3605,0.43109
3606,0.43011
3607,0.42815
3608,0.42131
3609,0.41349
3610,0.41056
3611,0.4086
3612,0.4086
3613,0.4086
3614,0.40762
3615,0.40762
3616,0.40665
3617,0.40567
3618,0.40469
3619,0.40371
3620,0.40274
3621,0.40078
3622,0.3998
3623,0.3998
3624,0.3998
3625,0.40078
3626,0.40176
3627,0.40371
3628,0.40567
3629,0.40665
3630,0.4086
3631,0.41153
3632,0.41544
3633,0.41935
3634,0.42326
3635,0.42717
3636,0.43109
3637,0.43597
3638,0.44184
3639,0.44673
3640,0.45357
3641,0.46041
3642,0.46823
3643,0.47703
3644,0.48583
3645,0.49462
3646,0.50342
3647,0.51222
3648,0.52102
3649,0.52884
3650,0.53666
3651,0.54252
3652,0.54839
3653,0.55523
3654,0.56207
3655,0.56891
3656,0.57576
3657,0.58162
3658,0.58553
3659,0.58749
3660,0.58847
3661,0.58847
3662,0.58847
3663,0.58847
3664,0.58749
3665,0.58553
3666,0.58358
3667,0.58162
3668,0.57869
3669,0.57576
3670,0.5738
3671,0.57087
3672,0.56794
3673,0.565
3674,0.56109
3675,0.55718
3676,0.55327
3677,0.54839
3678,0.5435
3679,0.53959
3680,0.5347
3681,0.53079
3682,0.52786
3683,0.52493
3684,0.52199
3685,0.51906
3686,0.51515
3687,0.51124
3688,0.50733
3689,0.50244
3690,0.49756
3691,0.49365
3692,0.48876
3693,0.48387
3694,0.47996
3695,0.47605
3696,0.47214
3697,0.46823
3698,0.46432
3699,0.46139
3700,0.45748
3701,0.45357
3702,0.45064
3703,0.44868
3704,0.44673
3705,0.44477
3706,0.44184
3707,0.43988
3708,0.43695
3709,0.435
3710,0.43206
3711,0.42913
3712,0.4262
3713,0.42326
3714,0.42131
3715,0.41935
3716,0.4174
3717,0.41642
3718,0.41544
3719,0.41349
3720,0.41251
3721,0.41153
3722,0.41056
3723,0.41056
3724,0.41056
3725,0.41056
3726,0.41056
3727,0.41153
3728,0.41349
3729,0.41642
3730,0.41935
3731,0.42229
3732,0.42522
3733,0.42913
3734,0.43304
3735,0.43793
3736,0.44477
3737,0.45161
3738,0.46139
3739,0.47019
3740,0.47898
3741,0.48778
3742,0.49658
3743,0.50342
3744,0.51026
3745,0.51808
3746,0.52688
3747,0.53372
3748,0.54154
3749,0.54839
3750,0.55621
3751,0.56207
3752,0.56696
3753,0.57087
3754,0.5738
3755,0.57478
3756,0.57478
3757,0.5738
3758,0.5738
3759,0.5738
3760,0.57185
3761,0.57087
3762,0.56989
3763,0.56794
3764,0.56696
3765,0.56403
3766,0.56109
3767,0.55718
3768,0.5523
3769,0.54643
3770,0.54154
3771,0.53568
3772,0.53079
3773,0.52688
3774,0.52199
3775,0.51711
3776,0.5132
3777,0.50929
3778,0.50635
3779,0.50244
3780,0.49951
3781,0.4956
3782,0.49267
3783,0.48876
3784,0.48485
3785,0.47996
3786,0.47605
3787,0.47214
3788,0.46823
3789,0.46432
3790,0.46139
3791,0.45846
3792,0.4565
3793,0.45455
3794,0.45161
3795,0.44868
3796,0.44673
3797,0.44379
3798,0.44184
3799,0.43988
3800,0.43793
3801,0.435
3802,0.43206
3803,0.42913
3804,0.4262
3805,0.42326
3806,0.42131
3807,0.4174
3808,0.41447
3809,0.41251
3810,0.4086
3811,0.40469
3812,0.40176
3813,0.39785
3814,0.39492
3815,0.39101
3816,0.38807
3817,0.38612
3818,0.38416
3819,0.38221
3820,0.38025
3821,0.37928
3822,0.37928
3823,0.38123
3824,0.38319
3825,0.3871
3826,0.39198
3827,0.39687
3828,0.40274
3829,0.40958
3830,0.41642
3831,0.42326
3832,0.43109
3833,0.43793
3834,0.44477
3835,0.45161
3836,0.45748
3837,0.46334
3838,0.47019
3839,0.47605
3840,0.48192
3841,0.4868
3842,0.49267
3843,0.49658
3844,0.50049
3845,0.50244
3846,0.5044
3847,0.50538
3848,0.50538
3849,0.5044
3850,0.50244
3851,0.50147
3852,0.49951
3853,0.49756
3854,0.49365
3855,0.48974
3856,0.48583
3857,0.48192
3858,0.47898
3859,0.47605
3860,0.47703
3861,0.48192
3862,0.48387
3863,0.48387
3864,0.48289
3865,0.48289
3866,0.48192
3867,0.48094
3868,0.47898
3869,0.47801
3870,0.47605
3871,0.4741
3872,0.47214
3873,0.47019
3874,0.46921
3875,0.46725
3876,0.4653
3877,0.46334
3878,0.46041
3879,0.45846
3880,0.45748
3881,0.45748
3882,0.4565
3883,0.4565
3884,0.45552
3885,0.45455
3886,0.45357
3887,0.45357
3888,0.45161
3889,0.45064
3890,0.44966
3891,0.44966
3892,0.44868
3893,0.4477
3894,0.44673
3895,0.44477
3896,0.44379
3897,0.44184
3898,0.44086
3899,0.43891
3900,0.43793
3901,0.43695
3902,0.43695
3903,0.43695
3904,0.43695
3905,0.43695
3906,0.43695
3907,0.43695
3908,0.43695
3909,0.43695
3910,0.43695
3911,0.43695
3912,0.43793
3913,0.44086
3914,0.44379
3915,0.4477
3916,0.45455
3917,0.45943
3918,0.4653
3919,0.47214
3920,0.47898
3921,0.48583
3922,0.49169
3923,0.49853
3924,0.50635
3925,0.51515
3926,0.52297
3927,0.52981
3928,0.53763
3929,0.54545
3930,0.55327
3931,0.56109
3932,0.56891
3933,0.57478
3934,0.58065
3935,0.58456
3936,0.58847
3937,0.5914
3938,0.59335
3939,0.59335
3940,0.59238
3941,0.58944
3942,0.58651
3943,0.5826
3944,0.57967
3945,0.57576
3946,0.57185
3947,0.56891
3948,0.565
3949,0.56109
3950,0.55718
3951,0.55327
3952,0.54839
3953,0.54448
3954,0.53959
3955,0.5347
3956,0.53079
3957,0.5259
3958,0.52199
3959,0.51808
3960,0.51417
3961,0.50929
3962,0.5044
3963,0.49951
3964,0.4956
3965,0.49169
3966,0.48876
3967,0.48485
3968,0.48192
3969,0.47801
3970,0.47507
3971,0.47116
3972,0.46725
3973,0.46334
3974,0.46041
3975,0.4565
3976,0.45357
3977,0.45064
3978,0.44673
3979,0.44379
3980,0.44086
3981,0.43793
3982,0.43597
3983,0.43402
3984,0.43206
3985,0.43011
3986,0.42815
3987,0.4262
3988,0.42424
3989,0.42229
3990,0.42131
3991,0.41935
3992,0.4174
3993,0.41642
3994,0.41349
3995,0.40958
3996,0.40567
3997,0.40274
3998,0.39883
3999,0.39589
4000,0.39394
4001,0.39198
4002,0.39198
4003,0.39296
4004,0.39394
4005,0.39492
4006,0.39785
4007,0.40078
4008,0.40567
4009,0.41056
4010,0.41642
4011,0.42326
4012,0.43109
4013,0.43793
4014,0.44673
4015,0.45552
4016,0.4653
4017,0.47507
4018,0.48387
4019,0.49169
4020,0.50049
4021,0.50929
4022,0.51808
4023,0.52786
4024,0.53666
4025,0.5435
4026,0.55034
4027,0.55621
4028,0.56012
4029,0.565
4030,0.56794
4031,0.56891
4032,0.56891
4033,0.56891
4034,0.56794
4035,0.56598
4036,0.56403
4037,0.56207
4038,0.55914
4039,0.55523
4040,0.5523
4041,0.54936
4042,0.54643
4043,0.54252
4044,0.53763
4045,0.53372
4046,0.52981
4047,0.5259
4048,0.52199
4049,0.51711
4050,0.5132
4051,0.51026
4052,0.50635
4053,0.50244
4054,0.49853
4055,0.4956
4056,0.49267
4057,0.49071
4058,0.48778
4059,0.48485
4060,0.48192
4061,0.47801
4062,0.47507
4063,0.47116
4064,0.46725
4065,0.46334
4066,0.46041
4067,0.4565
4068,0.45259
4069,0.44868
4070,0.44575
4071,0.44184
4072,0.43988
4073,0.43793
4074,0.43597
4075,0.43402
4076,0.43206
4077,0.43011
4078,0.42815
4079,0.4262
4080,0.42424
4081,0.42229
4082,0.42033
4083,0.4174
4084,0.41349
4085,0.41153
4086,0.4086
4087,0.40567
4088,0.40274
4089,0.40078
4090,0.39883
4091,0.39687
4092,0.39589
4093,0.39492
4094,0.39589
4095,0.39589
4096,0.39687
4097,0.39785
4098,0.39883
4099,0.40078
4100,0.40274
4101,0.40665
4102,0.41056
4103,0.41544
4104,0.42131
4105,0.42717
4106,0.43402
4107,0.44086
4108,0.4477
4109,0.45552
4110,0.46237
4111,0.46823
4112,0.47507
4113,0.48289
4114,0.48974
4115,0.49756
4116,0.5044
4117,0.51026
4118,0.51515
4119,0.52004
4120,0.52493
4121,0.53079
4122,0.5347
4123,0.53666
4124,0.53666
4125,0.53568
4126,0.5347
4127,0.53275
4128,0.53079
4129,0.52786
4130,0.52395
4131,0.51906
4132,0.5132
4133,0.50831
4134,0.50342
4135,0.49853
4136,0.4956
4137,0.49169
4138,0.48778
4139,0.48094
4140,0.47507
4141,0.46823
4142,0.46237
4143,0.4565
4144,0.45064
4145,0.44673
4146,0.44184
4147,0.43793
4148,0.435
4149,0.43206
4150,0.43011
4151,0.4262
4152,0.42326
4153,0.41935
4154,0.41544
4155,0.41153
4156,0.40762
4157,0.40274
4158,0.39785
4159,0.39394
4160,0.39101
4161,0.38807
4162,0.38612
4163,0.38514
4164,0.38319
4165,0.38123
4166,0.38025
4167,0.38025
4168,0.37928
4169,0.37928
4170,0.3783
4171,0.3783
4172,0.3783
4173,0.3783
4174,0.3783
4175,0.3783
4176,0.3783
4177,0.3783
4178,0.3783
4179,0.3783
4180,0.3783
4181,0.3783
4182,0.37928
4183,0.38025
4184,0.38221
4185,0.38319
4186,0.38514
4187,0.3871
4188,0.39003
4189,0.39394
4190,0.39883
4191,0.40371
4192,0.41056
4193,0.41838
4194,0.42717
4195,0.43597
4196,0.44575
4197,0.4565
4198,0.46725
4199,0.47898
4200,0.49071
4201,0.50147
4202,0.51124
4203,0.52004
4204,0.53177
4205,0.5435
4206,0.55523
4207,0.56403
4208,0.57283
4209,0.58162
4210,0.58847
4211,0.59335
4212,0.59824
4213,0.60313
4214,0.60606
4215,0.60802
4216,0.60899
4217,0.60899
4218,0.60704
4219,0.60411
4220,0.6002
4221,0.59726
4222,0.59238
4223,0.58847
4224,0.58358
4225,0.57967
4226,0.57576
4227,0.57087
4228,0.56598
4229,0.56207
4230,0.55914
4231,0.55523
4232,0.55132
4233,0.54643
4234,0.54252
4235,0.53763
4236,0.53275
4237,0.52884
4238,0.52493
4239,0.52004
4240,0.51613
4241,0.51222
4242,0.50831
4243,0.50342
4244,0.49951
4245,0.49462
4246,0.49071
4247,0.4868
4248,0.48289
4249,0.47898
4250,0.47507
4251,0.47116
4252,0.46725
4253,0.46334
4254,0.45943
4255,0.4565
4256,0.45161
4257,0.44673
4258,0.44282
4259,0.43988
4260,0.43695
4261,0.435
4262,0.43304
4263,0.43109
4264,0.42913
4265,0.42717
4266,0.42522
4267,0.42326
4268,0.42229
4269,0.42033
4270,0.4174
4271,0.41447
4272,0.41153
4273,0.40958
4274,0.40762
4275,0.40567
4276,0.40371
4277,0.40176
4278,0.3998
4279,0.39883
4280,0.39883
4281,0.39883
4282,0.39883
4283,0.3998
4284,0.40176
4285,0.40567
4286,0.41056
4287,0.41544
4288,0.42131
4289,0.42815
4290,0.43597
4291,0.44379
4292,0.45161
4293,0.46041
4294,0.46921
4295,0.47703
4296,0.4868
4297,0.4956
4298,0.50538
4299,0.51515
4300,0.52493
4301,0.5347
4302,0.5435
4303,0.5523
4304,0.56012
4305,0.56598
4306,0.57087
4307,0.5738
4308,0.57674
4309,0.57967
4310,0.58162
4311,0.5826
4312,0.58358
4313,0.5826
4314,0.57967
4315,0.57674
4316,0.57283
4317,0.56989
4318,0.56598
4319,0.56305
4320,0.56109
4321,0.55914
4322,0.55621
4323,0.55425
4324,0.55034
4325,0.54643
4326,0.54252
4327,0.53763
4328,0.53275
4329,0.52688
4330,0.52102
4331,0.51515
4332,0.51026
4333,0.50538
4334,0.50244
4335,0.49853
4336,0.49462
4337,0.49071
4338,0.4868
4339,0.48289
4340,0.47898
4341,0.47507
4342,0.47116
4343,0.46725
4344,0.46334
4345,0.45943
4346,0.45552
4347,0.45259
4348,0.44966
4349,0.44673
4350,0.44477
4351,0.44282
4352,0.44086
4353,0.43891
4354,0.43695
4355,0.435
4356,0.43304
4357,0.43109
4358,0.42913
4359,0.42717
4360,0.4262
4361,0.42424
4362,0.42326
4363,0.42131
4364,0.41935
4365,0.4174
4366,0.41447
4367,0.41153
4368,0.40762
4369,0.40469
4370,0.40176
4371,0.3998
4372,0.39785
4373,0.39687
4374,0.39687
4375,0.39785
4376,0.40274
4377,0.41056
4378,0.41642
4379,0.42229
4380,0.42815
4381,0.435
4382,0.44184
4383,0.44966
4384,0.45748
4385,0.46628
4386,0.47507
4387,0.48289
4388,0.49169
4389,0.50049
4390,0.50831
4391,0.51711
4392,0.52493
4393,0.53275
4394,0.53959
4395,0.54643
4396,0.5523
4397,0.55718
4398,0.56012
4399,0.56109
4400,0.56207
4401,0.56207
4402,0.56109
4403,0.55914
4404,0.55816
4405,0.55523
4406,0.5523
4407,0.54839
4408,0.54448
4409,0.54057
4410,0.53568
4411,0.52981
4412,0.52493
4413,0.52004
4414,0.51515
4415,0.51026
4416,0.50538
4417,0.50147
4418,0.49756
4419,0.49267
4420,0.48876
4421,0.48289
4422,0.47801
4423,0.47312
4424,0.46725
4425,0.46139
4426,0.4565
4427,0.45161
4428,0.44673
4429,0.44184
4430,0.43695
4431,0.43304
4432,0.42815
4433,0.42424
4434,0.41935
4435,0.41447
4436,0.40958
4437,0.40469
4438,0.3998
4439,0.39589
4440,0.39296
4441,0.39101
4442,0.39003
4443,0.38905
4444,0.38905
4445,0.38905
4446,0.38905
4447,0.38905
4448,0.38905
4449,0.38905
4450,0.38807
4451,0.38807
4452,0.38807
4453,0.3871
4454,0.3871
4455,0.3871
4456,0.3871
4457,0.3871
4458,0.3871
4459,0.3871
4460,0.3871
4461,0.3871
4462,0.3871
4463,0.38807
4464,0.39003
4465,0.39101
4466,0.39394
4467,0.39687
4468,0.40176
4469,0.40665
4470,0.41251
4471,0.41838
4472,0.42522
4473,0.43402
4474,0.44379
4475,0.45357
4476,0.4653
4477,0.47801
4478,0.48974
4479,0.49951
4480,0.51026
4481,0.52199
4482,0.5347
4483,0.54643
4484,0.55816
4485,0.56794
4486,0.57771
4487,0.58749
4488,0.59531
4489,0.60313
4490,0.60802
4491,0.61095
4492,0.61486
4493,0.61779
4494,0.61877
4495,0.61975
4496,0.61975
4497,0.62072
4498,0.61975
4499,0.61681
4500,0.61388
4501,0.61095
4502,0.60704
4503,0.60313
4504,0.59922
4505,0.59531
4506,0.59042
4507,0.58456
4508,0.57771
4509,0.57185
4510,0.56598
4511,0.56109
4512,0.55718
4513,0.55327
4514,0.54936
4515,0.54545
4516,0.54154
4517,0.53763
4518,0.53372
4519,0.52981
4520,0.52395
4521,0.51906
4522,0.51417
4523,0.51026
4524,0.50733
4525,0.50342
4526,0.50049
4527,0.49756
4528,0.49365
4529,0.49071
4530,0.4868
4531,0.48387
4532,0.48094
4533,0.47703
4534,0.47312
4535,0.47019
4536,0.46628
4537,0.46237
4538,0.45846
4539,0.45552
4540,0.45161
4541,0.44966
4542,0.4477
4543,0.44575
4544,0.44477
4545,0.44282
4546,0.44184
4547,0.43891
4548,0.43597
4549,0.43304
4550,0.43109
4551,0.42913
4552,0.42717
4553,0.42522
4554,0.42326
4555,0.42131
4556,0.42131
4557,0.42033
4558,0.42131
4559,0.42229
4560,0.42424
4561,0.42717
4562,0.43109
4563,0.43695
4564,0.44086
4565,0.44673
4566,0.45259
4567,0.45943
4568,0.46628
4569,0.47312
4570,0.47898
4571,0.4868
4572,0.4956
4573,0.5044
4574,0.51417
4575,0.52297
4576,0.53275
4577,0.54154
4578,0.55034
4579,0.55816
4580,0.56598
4581,0.57185
4582,0.57674
4583,0.57967
4584,0.5826
4585,0.58456
4586,0.58553
4587,0.58651
4588,0.58651
4589,0.58456
4590,0.58162
4591,0.57869
4592,0.57576
4593,0.57185
4594,0.56794
4595,0.565
4596,0.56305
4597,0.56012
4598,0.55816
4599,0.55621
4600,0.55425
4601,0.55132
4602,0.54741
4603,0.5435
4604,0.53861
4605,0.53372
4606,0.52981
4607,0.5259
4608,0.52199
4609,0.51808
4610,0.51417
4611,0.50929
4612,0.50538
4613,0.50147
4614,0.49756
4615,0.49462
4616,0.49071
4617,0.4868
4618,0.48289
4619,0.47898
4620,0.47605
4621,0.47214
4622,0.46823
4623,0.4653
4624,0.46237
4625,0.45846
4626,0.45455
4627,0.45161
4628,0.44868
4629,0.44575
4630,0.44379
4631,0.44184
4632,0.43988
4633,0.43891
4634,0.43793
4635,0.43695
4636,0.43597
4637,0.43402
4638,0.43304
4639,0.43109
4640,0.42913
4641,0.42815
4642,0.4262
4643,0.42424
4644,0.42229
4645,0.42131
4646,0.41935
4647,0.4174
4648,0.41642
4649,0.41447
4650,0.41447
4651,0.41544
4652,0.41642
4653,0.4174
4654,0.41935
4655,0.42326
4656,0.42717
4657,0.43206
4658,0.43793
4659,0.44477
4660,0.45161
4661,0.45748
4662,0.46237
4663,0.47019
4664,0.47898
4665,0.48778
4666,0.49658
4667,0.50538
4668,0.51417
4669,0.52297
4670,0.53177
4671,0.54057
4672,0.54839
4673,0.55425
4674,0.55816
4675,0.56109
4676,0.56403
4677,0.56696
4678,0.56794
4679,0.56891
4680,0.56891
4681,0.56891
4682,0.56696
4683,0.565
4684,0.56207
4685,0.55914
4686,0.55621
4687,0.55425
4688,0.55034
4689,0.54643
4690,0.5435
4691,0.53959
4692,0.53666
4693,0.53275
4694,0.52884
4695,0.52493
4696,0.52102
4697,0.51711
4698,0.51222
4699,0.50831
4700,0.5044
4701,0.50244
4702,0.49951
4703,0.49658
4704,0.49365
4705,0.49071
4706,0.48778
4707,0.48387
4708,0.48094
4709,0.47703
4710,0.4741
4711,0.47019
4712,0.46628
4713,0.46334
4714,0.46041
4715,0.45748
4716,0.45455
4717,0.45064
4718,0.4477
4719,0.44477
4720,0.44184
4721,0.43793
4722,0.435
4723,0.43011
4724,0.4262
4725,0.42229
4726,0.41838
4727,0.41447
4728,0.41153
4729,0.4086
4730,0.40371
4731,0.3998
4732,0.39687
4733,0.39394
4734,0.39101
4735,0.38905
4736,0.38612
4737,0.38416
4738,0.38123
4739,0.3783
4740,0.37732
4741,0.37634
4742,0.37537
4743,0.37537
4744,0.37537
4745,0.37537
4746,0.37634
4747,0.37928
4748,0.38221
4749,0.38514
4750,0.38905
4751,0.39198
4752,0.39589
4753,0.40078
4754,0.40469
4755,0.41056
4756,0.4174
4757,0.42522
4758,0.43304
4759,0.44184
4760,0.44966
4761,0.45748
4762,0.46432
4763,0.47116
4764,0.47898
4765,0.48583
4766,0.49169
4767,0.49658
4768,0.50244
4769,0.50733
4770,0.51026
4771,0.5132
4772,0.51515
4773,0.51417
4774,0.5132
4775,0.51222
4776,0.51026
4777,0.50929
4778,0.50733
4779,0.50538
4780,0.50342
4781,0.50244
4782,0.50244
4783,0.50147
4784,0.50049
4785,0.50049
4786,0.49951
4787,0.49951
4788,0.49853
4789,0.49756
4790,0.49658
4791,0.49658
4792,0.4956
4793,0.49462
4794,0.49365
4795,0.49267
4796,0.49071
4797,0.48974
4798,0.48974
4799,0.48974
4800,0.48876
4801,0.48778
4802,0.4868
4803,0.48583
4804,0.48583
4805,0.48583
4806,0.48583
4807,0.48583
4808,0.48583
4809,0.48583
4810,0.48583
4811,0.48583
4812,0.48583
4813,0.48485
4814,0.48387
4815,0.48289
4816,0.48192
4817,0.47996
4818,0.47801
4819,0.47605
4820,0.47312
4821,0.47019
4822,0.46628
4823,0.46334
4824,0.45943
4825,0.4565
4826,0.45259
4827,0.44966
4828,0.4477
4829,0.44673
4830,0.44673
4831,0.4477
4832,0.4477
4833,0.4477
4834,0.4477
4835,0.44868
4836,0.45064
4837,0.45357
4838,0.4565
4839,0.46139
4840,0.46725
4841,0.4741
4842,0.48094
4843,0.48778
4844,0.49462
4845,0.50147
4846,0.50831
4847,0.51515
4848,0.52395
4849,0.53177
4850,0.54057
4851,0.54839
4852,0.55621
4853,0.56403
4854,0.57087
4855,0.57674
4856,0.58162
4857,0.58553
4858,0.58847
4859,0.59042
4860,0.5914
4861,0.5914
4862,0.5914
4863,0.58944
4864,0.58749
4865,0.58456
4866,0.58162
4867,0.57771
4868,0.57478
4869,0.57087
4870,0.56598
4871,0.56109
4872,0.55718
4873,0.55425
4874,0.54936
4875,0.54545
4876,0.54154
4877,0.53763
4878,0.53372
4879,0.52981
4880,0.52493
4881,0.52102
4882,0.51613
4883,0.51026
4884,0.51026
4885,0.5132
4886,0.5132
4887,0.5132
4888,0.51124
4889,0.50929
4890,0.50635
4891,0.50342
4892,0.50049
4893,0.49658
4894,0.49365
4895,0.48974
4896,0.4868
4897,0.48289
4898,0.47996
4899,0.47703
4900,0.4741
4901,0.47019
4902,0.46628
4903,0.46334
4904,0.46041
4905,0.45748
4906,0.45455
4907,0.45259
4908,0.45064
4909,0.44966
4910,0.4477
4911,0.44673
4912,0.44575
4913,0.44379
4914,0.44184
4915,0.43988
4916,0.43695
4917,0.43402
4918,0.43206
4919,0.43011
4920,0.42815
4921,0.4262
4922,0.42522
4923,0.42326
4924,0.42229
4925,0.42326
4926,0.42424
4927,0.42522
4928,0.42717
4929,0.43011
4930,0.43402
4931,0.43891
4932,0.44379
4933,0.45064
4934,0.45748
4935,0.46432
4936,0.47312
4937,0.48094
4938,0.48876
4939,0.49756
4940,0.50635
4941,0.51515
4942,0.52395
4943,0.53275
4944,0.54154
4945,0.55034
4946,0.55914
4947,0.56696
4948,0.5738
4949,0.57967
4950,0.5826
4951,0.58553
4952,0.58847
4953,0.5914
4954,0.59238
4955,0.59238
4956,0.5914
4957,0.59042
4958,0.58847
4959,0.58553
4960,0.5826
4961,0.57967
4962,0.57674
4963,0.5738
4964,0.57087
4965,0.56696
4966,0.56207
4967,0.55718
4968,0.5523
4969,0.54839
4970,0.5435
4971,0.53861
4972,0.5347
4973,0.53079
4974,0.52688
4975,0.52395
4976,0.52102
4977,0.51906
4978,0.51613
4979,0.51222
4980,0.50929
4981,0.50538
4982,0.50244
4983,0.49853
4984,0.4956
4985,0.49169
4986,0.48876
4987,0.48485
4988,0.48192
4989,0.47801
4990,0.47507
4991,0.47214
4992,0.46921
4993,0.46628
4994,0.46334
4995,0.46139
4996,0.45943
4997,0.45846
4998,0.4565
4999,0.45455
5000,0.45259
5001,0.45064
5002,0.44966
5003,0.44868
5004,0.44673
5005,0.44575
5006,0.44379
5007,0.44184
5008,0.44086
5009,0.43793
5010,0.435
5011,0.43206
5012,0.42717
5013,0.42326
5014,0.42033
5015,0.4174
5016,0.41642
5017,0.41447
5018,0.41251
5019,0.41153
5020,0.41153
5021,0.41349
5022,0.41447
5023,0.41642
5024,0.41935
5025,0.42424
5026,0.42913
5027,0.435
5028,0.44086
5029,0.4477
5030,0.45552
5031,0.46237
5032,0.46921
5033,0.47605
5034,0.48289
5035,0.49071
5036,0.49853
5037,0.50538
5038,0.51222
5039,0.51808
5040,0.52395
5041,0.52884
5042,0.53275
5043,0.5347
5044,0.53666
5045,0.53763
5046,0.53861
5047,0.53763
5048,0.53568
5049,0.53177
5050,0.52688
5051,0.52102
5052,0.51613
5053,0.51124
5054,0.50635
5055,0.50244
5056,0.49853
5057,0.49462
5058,0.49071
5059,0.48583
5060,0.48192
5061,0.47801
5062,0.4741
5063,0.47116
5064,0.46823
5065,0.4653
5066,0.46334
5067,0.46139
5068,0.46041
5069,0.45943
5070,0.45748
5071,0.4565
5072,0.45455
5073,0.45259
5074,0.45064
5075,0.44966
5076,0.4477
5077,0.44575
5078,0.44379
5079,0.44184
5080,0.44086
5081,0.43891
5082,0.43793
5083,0.43695
5084,0.435
5085,0.43304
5086,0.43206
5087,0.43304
5088,0.43402
5089,0.43402
5090,0.43402
5091,0.43402
5092,0.43304
5093,0.43206
5094,0.43206
5095,0.43206
5096,0.43206
5097,0.43304
5098,0.43304
5099,0.43304
5100,0.43402
5101,0.43597
5102,0.43695
5103,0.43891
5104,0.44086
5105,0.44184
5106,0.44379
5107,0.44575
5108,0.4477
5109,0.44966
5110,0.45357
5111,0.45846
5112,0.46237
5113,0.4653
5114,0.46921
5115,0.47507
5116,0.48094
5117,0.4868
5118,0.49462
5119,0.50342
5120,0.51222
5121,0.51808
5122,0.5259
5123,0.53372
5124,0.54252
5125,0.55034
5126,0.55914
5127,0.56794
5128,0.57478
5129,0.58162
5130,0.58749
5131,0.59335
5132,0.59824
5133,0.60215
5134,0.60508
5135,0.60802
5136,0.60899
5137,0.60997
5138,0.61095
5139,0.61095
5140,0.60997
5141,0.60802
5142,0.60508
5143,0.60215
5144,0.59824
5145,0.59335
5146,0.58847
5147,0.58456
5148,0.58065
5149,0.57674
5150,0.57283
5151,0.56891
5152,0.56403
5153,0.55816
5154,0.5523
5155,0.54741
5156,0.54154
5157,0.53666
5158,0.53177
5159,0.5259
5160,0.52102
5161,0.51613
5162,0.51124
5163,0.50635
5164,0.50244
5165,0.49853
5166,0.49462
5167,0.49071
5168,0.48778
5169,0.48387
5170,0.47996
5171,0.47507
5172,0.47116
5173,0.46725
5174,0.46432
5175,0.46041
5176,0.4565
5177,0.45357
5178,0.45064
5179,0.44868
5180,0.44673
5181,0.44477
5182,0.44282
5183,0.44086
5184,0.43891
5185,0.43695
5186,0.43597
5187,0.43402
5188,0.43304
5189,0.43109
5190,0.42913
5191,0.4262
5192,0.42326
5193,0.42033
5194,0.4174
5195,0.41447
5196,0.41056
5197,0.40762
5198,0.40567
5199,0.40371
5200,0.40274
5201,0.40078
5202,0.3998
5203,0.39883
5204,0.3998
5205,0.40176
5206,0.40371
5207,0.40665
5208,0.41153
5209,0.41642
5210,0.42326
5211,0.43109
5212,0.43891
5213,0.44575
5214,0.45455
5215,0.46432
5216,0.47507
5217,0.48583
5218,0.49658
5219,0.50733
5220,0.51808
5221,0.52786
5222,0.53763
5223,0.54741
5224,0.55621
5225,0.56305
5226,0.56891
5227,0.57576
5228,0.58065
5229,0.58456
5230,0.58749
5231,0.58847
5232,0.58847
5233,0.58651
5234,0.58358
5235,0.57967
5236,0.57674
5237,0.57283
5238,0.56989
5239,0.56696
5240,0.565
5241,0.56207
5242,0.55914
5243,0.55523
5244,0.55132
5245,0.54741
5246,0.54252
5247,0.53763
5248,0.53177
5249,0.5259
5250,0.52102
5251,0.51515
5252,0.51124
5253,0.50635
5254,0.50244
5255,0.49853
5256,0.49462
5257,0.49169
5258,0.48876
5259,0.48485
5260,0.48094
5261,0.47801
5262,0.4741
5263,0.47019
5264,0.46628
5265,0.46334
5266,0.45943
5267,0.4565
5268,0.45357
5269,0.45064
5270,0.44868
5271,0.44673
5272,0.44477
5273,0.44282
5274,0.44086
5275,0.43891
5276,0.43597
5277,0.43402
5278,0.43206
5279,0.43011
5280,0.42815
5281,0.42522
5282,0.42229
5283,0.42033
5284,0.41642
5285,0.41349
5286,0.41153
5287,0.4086
5288,0.40567
5289,0.40371
5290,0.40078
5291,0.3998
5292,0.39883
5293,0.39687
5294,0.39492
5295,0.39394
5296,0.39492
5297,0.39589
5298,0.39883
5299,0.40274
5300,0.40762
5301,0.41251
5302,0.41838
5303,0.42522
5304,0.43206
5305,0.43891
5306,0.44575
5307,0.45357
5308,0.46041
5309,0.46921
5310,0.47801
5311,0.48583
5312,0.49462
5313,0.50244
5314,0.51026
5315,0.51613
5316,0.52199
5317,0.5259
5318,0.52786
5319,0.53079
5320,0.53372
5321,0.53568
5322,0.53763
5323,0.53861
5324,0.53861
5325,0.53666
5326,0.5347
5327,0.53275
5328,0.52981
5329,0.5259
5330,0.52199
5331,0.51711
5332,0.5132
5333,0.50733
5334,0.50147
5335,0.4956
5336,0.48974
5337,0.48289
5338,0.47507
5339,0.46823
5340,0.46139
5341,0.45552
5342,0.44966
5343,0.44575
5344,0.44086
5345,0.43695
5346,0.43304
5347,0.42815
5348,0.42424
5349,0.41935
5350,0.41447
5351,0.41056
5352,0.40567
5353,0.40176
5354,0.39687
5355,0.39296
5356,0.39101
5357,0.39003
5358,0.38905
5359,0.38807
5360,0.3871
5361,0.38612
5362,0.38514
5363,0.38319
5364,0.38221
5365,0.38123
5366,0.38123
5367,0.38123
5368,0.38123
5369,0.38123
5370,0.38123
5371,0.38221
5372,0.38221
5373,0.38319
5374,0.38221
5375,0.38123
5376,0.38123
5377,0.38025
5378,0.37928
5379,0.37928
5380,0.37928
5381,0.37928
5382,0.37928
5383,0.37928
5384,0.38123
5385,0.38416
5386,0.3871
5387,0.39003
5388,0.39492
5389,0.3998
5390,0.40469
5391,0.41153
5392,0.41838
5393,0.42717
5394,0.43597
5395,0.44477
5396,0.45357
5397,0.46139
5398,0.47214
5399,0.48289
5400,0.49951
5401,0.51808
5402,0.53372
5403,0.54741
5404,0.56012
5405,0.57185
5406,0.58162
5407,0.59042
5408,0.59922
5409,0.60606
5410,0.61193
5411,0.61681
5412,0.6217
5413,0.62659
5414,0.62952
5415,0.63148
5416,0.63148
5417,0.6305
5418,0.62757
5419,0.62463
5420,0.62072
5421,0.61681
5422,0.6129
5423,0.60802
5424,0.60215
5425,0.59629
5426,0.5914
5427,0.58651
5428,0.58162
5429,0.57771
5430,0.57283
5431,0.56794
5432,0.56305
5433,0.55816
5434,0.55327
5435,0.54839
5436,0.54448
5437,0.54154
5438,0.53763
5439,0.53372
5440,0.52981
5441,0.5259
5442,0.52199
5443,0.51808
5444,0.51417
5445,0.51026
5446,0.50635
5447,0.50244
5448,0.49756
5449,0.49365
5450,0.48974
5451,0.48485
5452,0.47898
5453,0.4741
5454,0.47019
5455,0.46628
5456,0.46334
5457,0.46041
5458,0.45846
5459,0.45455
5460,0.45161
5461,0.4477
5462,0.44477
5463,0.44184
5464,0.43988
5465,0.43695
5466,0.435
5467,0.43304
5468,0.43109
5469,0.42913
5470,0.42717
5471,0.42424
5472,0.42131
5473,0.41838
5474,0.41642
5475,0.41447
5476,0.41349
5477,0.41153
5478,0.40958
5479,0.40762
5480,0.40567
5481,0.40371
5482,0.40274
5483,0.40274
5484,0.40371
5485,0.40665
5486,0.41056
5487,0.41642
5488,0.42229
5489,0.43011
5490,0.43793
5491,0.4477
5492,0.4565
5493,0.4653
5494,0.47507
5495,0.48583
5496,0.4956
5497,0.50733
5498,0.51808
5499,0.52786
5500,0.53763
5501,0.54545
5502,0.55132
5503,0.55718
5504,0.56305
5505,0.56891
5506,0.57478
5507,0.57967
5508,0.58358
5509,0.58553
5510,0.58651
5511,0.58749
5512,0.58651
5513,0.58553
5514,0.58456
5515,0.5826
5516,0.58065
5517,0.57771
5518,0.57576
5519,0.57185
5520,0.56794
5521,0.565
5522,0.56012
5523,0.55425
5524,0.54839
5525,0.54252
5526,0.53666
5527,0.53177
5528,0.52688
5529,0.52297
5530,0.52004
5531,0.51711
5532,0.5132
5533,0.51026
5534,0.50635
5535,0.50244
5536,0.49853
5537,0.49462
5538,0.49071
5539,0.4868
5540,0.48387
5541,0.47996
5542,0.47507
5543,0.47019
5544,0.4653
5545,0.46237
5546,0.45846
5547,0.45552
5548,0.45357
5549,0.45064
5550,0.44868
5551,0.44673
5552,0.44477
5553,0.44379
5554,0.44184
5555,0.43891
5556,0.43695
5557,0.43304
5558,0.43011
5559,0.42717
5560,0.42522
5561,0.42326
5562,0.42131
5563,0.41935
5564,0.4174
5565,0.41447
5566,0.41056
5567,0.40762
5568,0.40567
5569,0.40371
5570,0.40274
5571,0.40274
5572,0.40274
5573,0.40274
5574,0.40274
5575,0.40274
5576,0.40371
5577,0.40567
5578,0.40958
5579,0.41349
5580,0.41838
5581,0.42326
5582,0.42913
5583,0.43597
5584,0.44477
5585,0.45259
5586,0.46139
5587,0.47116
5588,0.48192
5589,0.49365
5590,0.5044
5591,0.51613
5592,0.52493
5593,0.53079
5594,0.53666
5595,0.5435
5596,0.54936
5597,0.55523
5598,0.56012
5599,0.56305
5600,0.56598
5601,0.56794
5602,0.56989
5603,0.56989
5604,0.56989
5605,0.56794
5606,0.56598
5607,0.565
5608,0.56207
5609,0.55914
5610,0.55523
5611,0.55132
5612,0.54643
5613,0.54154
5614,0.53666
5615,0.53177
5616,0.52688
5617,0.52297
5618,0.51808
5619,0.51515
5620,0.51222
5621,0.50831
5622,0.5044
5623,0.50049
5624,0.4956
5625,0.48974
5626,0.48387
5627,0.47801
5628,0.47214
5629,0.46725
5630,0.46334
5631,0.45748
5632,0.45357
5633,0.45064
5634,0.44673
5635,0.44184
5636,0.43597
5637,0.43109
5638,0.4262
5639,0.42229
5640,0.41642
5641,0.41056
5642,0.40567
5643,0.40274
5644,0.3998
5645,0.39687
5646,0.39492
5647,0.39198
5648,0.38905
5649,0.3871
5650,0.38416
5651,0.38025
5652,0.37634
5653,0.37243
5654,0.36657
5655,0.36168
5656,0.36168
5657,0.36559
5658,0.36657
5659,0.36657
5660,0.36461
5661,0.36266
5662,0.36168
5663,0.35973
5664,0.35777
5665,0.35679
5666,0.35679
5667,0.35679
5668,0.35875
5669,0.35973
5670,0.36168
5671,0.36461
5672,0.36852
5673,0.37243
5674,0.3783
5675,0.38514
5676,0.39394
5677,0.40371
5678,0.41349
5679,0.42424
5680,0.43597
5681,0.44868
5682,0.46041
5683,0.47116
5684,0.48094
5685,0.48876
5686,0.49853
5687,0.50831
5688,0.51711
5689,0.52493
5690,0.53079
5691,0.53666
5692,0.54057
5693,0.5435
5694,0.54448
5695,0.54448
5696,0.5435
5697,0.54252
5698,0.54057
5699,0.54057
5700,0.53959
5701,0.53861
5702,0.53666
5703,0.53568
5704,0.53372
5705,0.53177
5706,0.53079
5707,0.52884
5708,0.52884
5709,0.52786
5710,0.52786
5711,0.52786
5712,0.52786
5713,0.52786
5714,0.52786
5715,0.52786
5716,0.52786
5717,0.52786
5718,0.52786
5719,0.5259
5720,0.52395
5721,0.52199
5722,0.52004
5723,0.51808
5724,0.51613
5725,0.51417
5726,0.51222
5727,0.50929
5728,0.50635
5729,0.50244
5730,0.49951
5731,0.4956
5732,0.49267
5733,0.48876
5734,0.48583
5735,0.48192
5736,0.47898
5737,0.47605
5738,0.4741
5739,0.47214
5740,0.47116
5741,0.46823
5742,0.46628
5743,0.46334
5744,0.46041
5745,0.45748
5746,0.45552
5747,0.45357
5748,0.45161
5749,0.44966
5750,0.44868
5751,0.44673
5752,0.44575
5753,0.44477
5754,0.44477
5755,0.44477
5756,0.44673
5757,0.4477
5758,0.44966
5759,0.45161
5760,0.45357
5761,0.4565
5762,0.46139
5763,0.4653
5764,0.47019
5765,0.47507
5766,0.48094
5767,0.48778
5768,0.49462
5769,0.50147
5770,0.50929
5771,0.51613
5772,0.52395
5773,0.53079
5774,0.53861
5775,0.54545
5776,0.5523
5777,0.55718
5778,0.56207
5779,0.56794
5780,0.57283
5781,0.57674
5782,0.57967
5783,0.58162
5784,0.58162
5785,0.5826
5786,0.58162
5787,0.58065
5788,0.57967
5789,0.57771
5790,0.57576
5791,0.5738
5792,0.57185
5793,0.56891
5794,0.56598
5795,0.56207
5796,0.55816
5797,0.55425
5798,0.55034
5799,0.54545
5800,0.54057
5801,0.53568
5802,0.53079
5803,0.52786
5804,0.52395
5805,0.52102
5806,0.51711
5807,0.51417
5808,0.51026
5809,0.50635
5810,0.50244
5811,0.49853
5812,0.49365
5813,0.48974
5814,0.48583
5815,0.48192
5816,0.47801
5817,0.47507
5818,0.47312
5819,0.47116
5820,0.46921
5821,0.46725
5822,0.4653
5823,0.46334
5824,0.46139
5825,0.45943
5826,0.4565
5827,0.45455
5828,0.45259
5829,0.45161
5830,0.44966
5831,0.4477
5832,0.44575
5833,0.44379
5834,0.44184
5835,0.43891
5836,0.43597
5837,0.43402
5838,0.43206
5839,0.42913
5840,0.4262
5841,0.42326
5842,0.42131
5843,0.41935
5844,0.41642
5845,0.41544
5846,0.41447
5847,0.41349
5848,0.41447
5849,0.41544
5850,0.4174
5851,0.41935
5852,0.42131
5853,0.42522
5854,0.42913
5855,0.43402
5856,0.43891
5857,0.44477
5858,0.45259
5859,0.46041
5860,0.46921
5861,0.47605
5862,0.48387
5863,0.49365
5864,0.50342
5865,0.5132
5866,0.52297
5867,0.53177
5868,0.53959
5869,0.54545
5870,0.55132
5871,0.55621
5872,0.56207
5873,0.56696
5874,0.57283
5875,0.57674
5876,0.57967
5877,0.58162
5878,0.58162
5879,0.5826
5880,0.58162
5881,0.58065
5882,0.57967
5883,0.57771
5884,0.57576
5885,0.57185
5886,0.56696
5887,0.56207
5888,0.55816
5889,0.55327
5890,0.54839
5891,0.54448
5892,0.53959
5893,0.53568
5894,0.53177
5895,0.52884
5896,0.5259
5897,0.52199
5898,0.51906
5899,0.51613
5900,0.5132
5901,0.51124
5902,0.50831
5903,0.50538
5904,0.50244
5905,0.49951
5906,0.4956
5907,0.49267
5908,0.48974
5909,0.4868
5910,0.48387
5911,0.47996
5912,0.48485
5913,0.49462
5914,0.49853
5915,0.49853
5916,0.49756
5917,0.4956
5918,0.49267
5919,0.48974
5920,0.48778
5921,0.48583
5922,0.48387
5923,0.48094
5924,0.47898
5925,0.47605
5926,0.47214
5927,0.46823
5928,0.46237
5929,0.4565
5930,0.45161
5931,0.44673
5932,0.44282
5933,0.43891
5934,0.43597
5935,0.43402
5936,0.43011
5937,0.42717
5938,0.42424
5939,0.42229
5940,0.42229
5941,0.42131
5942,0.42229
5943,0.42522
5944,0.42815
5945,0.43109
5946,0.435
5947,0.43891
5948,0.44282
5949,0.44868
5950,0.45357
5951,0.45943
5952,0.4653
5953,0.47116
5954,0.47703
5955,0.48289
5956,0.49071
5957,0.49756
5958,0.5044
5959,0.51124
5960,0.51711
5961,0.52395
5962,0.53079
5963,0.53763
5964,0.54545
5965,0.5523
5966,0.55718
5967,0.56207
5968,0.56403
5969,0.56403
5970,0.56403
5971,0.56403
5972,0.56305
5973,0.56305
5974,0.56207
5975,0.56012
5976,0.55914
5977,0.55621
5978,0.55425
5979,0.55132
5980,0.54936
5981,0.54643
5982,0.54448
5983,0.54252
5984,0.54057
5985,0.53959
5986,0.53763
5987,0.53666
5988,0.53568
5989,0.53275
5990,0.53079
5991,0.52786
5992,0.52493
5993,0.52199
5994,0.51906
5995,0.51808
5996,0.51711
5997,0.51613
5998,0.51417
5999,0.5132
6000,0.5132
6001,0.51222
6002,0.51026
6003,0.50929
6004,0.50733
6005,0.50635
6006,0.50538
6007,0.50538
6008,0.5044
6009,0.5044
6010,0.5044
6011,0.5044
6012,0.5044
6013,0.5044
6014,0.5044
6015,0.5044
6016,0.5044
6017,0.5044
6018,0.5044
6019,0.5044
6020,0.50342
6021,0.50342
6022,0.50244
6023,0.50147
6024,0.50147
6025,0.50147
6026,0.50244
6027,0.50244
6028,0.50342
6029,0.50342
6030,0.5044
6031,0.5044
6032,0.5044
6033,0.5044
6034,0.50538
6035,0.50831
6036,0.51124
6037,0.51417
6038,0.51808
6039,0.52199
6040,0.52786
6041,0.5347
6042,0.5435
6043,0.5523
6044,0.56207
6045,0.57185
6046,0.58162
6047,0.59042
6048,0.6002
6049,0.60997
6050,0.61975
6051,0.62659
6052,0.63245
6053,0.6393
6054,0.64516
6055,0.65103
6056,0.65494
6057,0.65885
6058,0.66373
6059,0.66667
6060,0.66764
6061,0.66764
6062,0.66667
6063,0.66373
6064,0.6608
6065,0.65787
6066,0.65396
6067,0.65005
6068,0.64516
6069,0.64027
6070,0.63539
6071,0.62952
6072,0.62366
6073,0.61877
6074,0.6129
6075,0.60802
6076,0.60313
6077,0.59824
6078,0.59335
6079,0.58847
6080,0.58358
6081,0.57869
6082,0.57478
6083,0.57087
6084,0.56696
6085,0.56403
6086,0.56012
6087,0.55718
6088,0.55327
6089,0.54936
6090,0.54545
6091,0.54154
6092,0.53861
6093,0.5347
6094,0.53177
6095,0.52786
6096,0.52395
6097,0.52004
6098,0.51613
6099,0.51222
6100,0.50831
6101,0.50635
6102,0.5044
6103,0.50342
6104,0.50244
6105,0.50147
6106,0.49951
6107,0.49756
6108,0.4956
6109,0.49365
6110,0.49169
6111,0.48974
6112,0.48778
6113,0.48583
6114,0.48387
6115,0.48192
6116,0.47996
6117,0.47801
6118,0.47605
6119,0.4741
6120,0.47312
6121,0.47116
6122,0.46921
6123,0.46725
6124,0.46628
6125,0.46725
6126,0.46823
6127,0.47019
6128,0.4741
6129,0.47898
6130,0.48387
6131,0.48974
6132,0.49756
6133,0.5044
6134,0.51222
6135,0.52102
6136,0.52981
6137,0.54057
6138,0.55132
6139,0.56109
6140,0.57185
6141,0.5826
6142,0.59335
6143,0.60215
6144,0.60997
6145,0.61877
6146,0.62659
6147,0.63441
6148,0.64125
6149,0.64809
6150,0.65298
6151,0.65689
6152,0.6608
6153,0.66178
6154,0.66276
6155,0.66276
6156,0.6608
6157,0.65885
6158,0.65494
6159,0.652
6160,0.64809
6161,0.64418
6162,0.6393
6163,0.63539
6164,0.6305
6165,0.62659
6166,0.6217
6167,0.61779
6168,0.60215
6169,0.58065
6170,0.56794
6171,0.56012
6172,0.55425
6173,0.54936
6174,0.54545
6175,0.54154
6176,0.53763
6177,0.53275
6178,0.52786
6179,0.52297
6180,0.51808
6181,0.51417
6182,0.51026
6183,0.50635
6184,0.50342
6185,0.49951
6186,0.4956
6187,0.49169
6188,0.48778
6189,0.48387
6190,0.47996
6191,0.47605
6192,0.47214
6193,0.46823
6194,0.46432
6195,0.46139
6196,0.46041
6197,0.45943
6198,0.45846
6199,0.45748
6200,0.4565
6201,0.45552
6202,0.45357
6203,0.45161
6204,0.44966
6205,0.4477
6206,0.44575
6207,0.44379
6208,0.44184
6209,0.44086
6210,0.43988
6211,0.43793
6212,0.43597
6213,0.43402
6214,0.43206
6215,0.43109
6216,0.43206
6217,0.43304
6218,0.435
6219,0.43695
6220,0.43891
6221,0.44184
6222,0.44575
6223,0.45064
6224,0.4565
6225,0.46334
6226,0.47116
6227,0.47996
6228,0.48974
6229,0.49951
6230,0.50831
6231,0.51711
6232,0.5259
6233,0.5347
6234,0.5435
6235,0.55132
6236,0.55816
6237,0.565
6238,0.57087
6239,0.57674
6240,0.58162
6241,0.58553
6242,0.58749
6243,0.58847
6244,0.58847
6245,0.58651
6246,0.58358
6247,0.58162
6248,0.57967
6249,0.57771
6250,0.57478
6251,0.57087
6252,0.56696
6253,0.56207
6254,0.55718
6255,0.5523
6256,0.54741
6257,0.54252
6258,0.53763
6259,0.53177
6260,0.52493
6261,0.51711
6262,0.51026
6263,0.50538
6264,0.49951
6265,0.49267
6266,0.4868
6267,0.48094
6268,0.47507
6269,0.46921
6270,0.46334
6271,0.45846
6272,0.45455
6273,0.45064
6274,0.44673
6275,0.44379
6276,0.44086
6277,0.43793
6278,0.43402
6279,0.43011
6280,0.4262
6281,0.42229
6282,0.41838
6283,0.41447
6284,0.41056
6285,0.40762
6286,0.40567
6287,0.40371
6288,0.40274
6289,0.40176
6290,0.40078
6291,0.40078
6292,0.3998
6293,0.39883
6294,0.39883
6295,0.39883
6296,0.39883
6297,0.39883
6298,0.39883
6299,0.39883
6300,0.39883
6301,0.39883
6302,0.39883
6303,0.39883
6304,0.39883
6305,0.39883
6306,0.3998
6307,0.40176
6308,0.40371
6309,0.40665
6310,0.41056
6311,0.41544
6312,0.42131
6313,0.42913
6314,0.43695
6315,0.44477
6316,0.45357
6317,0.46334
6318,0.4741
6319,0.48485
6320,0.49756
6321,0.51124
6322,0.52493
6323,0.53861
6324,0.5523
6325,0.565
6326,0.57771
6327,0.58749
6328,0.59629
6329,0.60606
6330,0.61584
6331,0.62463
6332,0.63245
6333,0.6393
6334,0.64516
6335,0.64907
6336,0.652
6337,0.65396
6338,0.65396
6339,0.652
6340,0.64907
6341,0.64516
6342,0.64125
6343,0.63734
6344,0.63343
6345,0.62952
6346,0.62463
6347,0.61975
6348,0.61486
6349,0.60899
6350,0.60313
6351,0.59726
6352,0.59238
6353,0.58749
6354,0.58358
6355,0.57967
6356,0.57576
6357,0.57185
6358,0.56794
6359,0.56403
6360,0.56012
6361,0.55621
6362,0.5523
6363,0.54839
6364,0.54448
6365,0.54057
6366,0.53568
6367,0.53079
6368,0.5259
6369,0.52199
6370,0.51808
6371,0.51417
6372,0.51026
6373,0.50635
6374,0.50244
6375,0.49853
6376,0.49462
6377,0.49071
6378,0.4868
6379,0.48289
6380,0.47898
6381,0.47605
6382,0.47214
6383,0.46823
6384,0.46432
6385,0.46139
6386,0.45846
6387,0.4565
6388,0.45455
6389,0.45259
6390,0.45064
6391,0.44868
6392,0.44673
6393,0.44477
6394,0.44282
6395,0.44086
6396,0.43891
6397,0.43695
6398,0.435
6399,0.43304
6400,0.43109
6401,0.43109
6402,0.43206
6403,0.43304
6404,0.435
6405,0.43891
6406,0.44282
6407,0.4477
6408,0.45259
6409,0.45748
6410,0.46334
6411,0.47019
6412,0.47898
6413,0.48974
6414,0.50049
6415,0.51124
6416,0.52199
6417,0.53177
6418,0.54154
6419,0.55034
6420,0.55816
6421,0.56696
6422,0.57576
6423,0.58358
6424,0.58456
6425,0.58065
6426,0.5826
6427,0.58651
6428,0.59042
6429,0.59433
6430,0.59824
6431,0.6002
6432,0.6002
6433,0.6002
6434,0.6002
6435,0.6002
6436,0.59824
6437,0.59726
6438,0.59531
6439,0.5914
6440,0.58847
6441,0.58456
6442,0.58065
6443,0.57576
6444,0.57087
6445,0.565
6446,0.55914
6447,0.55327
6448,0.54839
6449,0.5435
6450,0.53959
6451,0.5347
6452,0.53079
6453,0.52688
6454,0.52199
6455,0.51711
6456,0.51124
6457,0.50635
6458,0.50147
6459,0.49658
6460,0.49267
6461,0.48876
6462,0.48485
6463,0.48094
6464,0.47703
6465,0.47312
6466,0.46921
6467,0.4653
6468,0.46139
6469,0.45846
6470,0.45455
6471,0.45161
6472,0.44966
6473,0.44673
6474,0.44379
6475,0.44086
6476,0.43793
6477,0.435
6478,0.43304
6479,0.43109
6480,0.43109
6481,0.43011
6482,0.42815
6483,0.4262
6484,0.42522
6485,0.42326
6486,0.42229
6487,0.42131
6488,0.41935
6489,0.4174
6490,0.41544
6491,0.41349
6492,0.41153
6493,0.41056
6494,0.41056
6495,0.41056
6496,0.41251
6497,0.41447
6498,0.41642
6499,0.41935
6500,0.42424
6501,0.43011
6502,0.43597
6503,0.44379
6504,0.45064
6505,0.45846
6506,0.46628
6507,0.47507
6508,0.48485
6509,0.49462
6510,0.5044
6511,0.5132
6512,0.52102
6513,0.52981
6514,0.53959
6515,0.54839
6516,0.55621
6517,0.56305
6518,0.56989
6519,0.57478
6520,0.57869
6521,0.5826
6522,0.58553
6523,0.58749
6524,0.58749
6525,0.58749
6526,0.58749
6527,0.58651
6528,0.58358
6529,0.58065
6530,0.57674
6531,0.57185
6532,0.56696
6533,0.56207
6534,0.55718
6535,0.55132
6536,0.54643
6537,0.54154
6538,0.53763
6539,0.53177
6540,0.52688
6541,0.52297
6542,0.51906
6543,0.51711
6544,0.5132
6545,0.50929
6546,0.50538
6547,0.49951
6548,0.49462
6549,0.48974
6550,0.48583
6551,0.48094
6552,0.47605
6553,0.47019
6554,0.46432
6555,0.45943
6556,0.45357
6557,0.44868
6558,0.44282
6559,0.43695
6560,0.43206
6561,0.42815
6562,0.42326
6563,0.42033
6564,0.41838
6565,0.41544
6566,0.41251
6567,0.4086
6568,0.40469
6569,0.40078
6570,0.39589
6571,0.39003
6572,0.38514
6573,0.38025
6574,0.37537
6575,0.37146
6576,0.36852
6577,0.36559
6578,0.36266
6579,0.35973
6580,0.35582
6581,0.35191
6582,0.348
6583,0.34409
6584,0.34213
6585,0.34018
6586,0.3392
6587,0.3392
6588,0.3392
6589,0.34018
6590,0.34213
6591,0.34506
6592,0.34897
6593,0.35288
6594,0.35777
6595,0.36461
6596,0.37243
6597,0.38025
6598,0.39003
6599,0.40078
6600,0.41153
6601,0.42326
6602,0.435
6603,0.44477
6604,0.45455
6605,0.46725
6606,0.47996
6607,0.49365
6608,0.50635
6609,0.51906
6610,0.52981
6611,0.53861
6612,0.54545
6613,0.55132
6614,0.55523
6615,0.55621
6616,0.55718
6617,0.55718
6618,0.55718
6619,0.55718
6620,0.55718
6621,0.55621
6622,0.55425
6623,0.5523
6624,0.55132
6625,0.55034
6626,0.54936
6627,0.54741
6628,0.54643
6629,0.54448
6630,0.54252
6631,0.54057
6632,0.53861
6633,0.53861
6634,0.53763
6635,0.53666
6636,0.53666
6637,0.53568
6638,0.5347
6639,0.53275
6640,0.53079
6641,0.52884
6642,0.52688
6643,0.52493
6644,0.52297
6645,0.52102
6646,0.51906
6647,0.51613
6648,0.51222
6649,0.50929
6650,0.50538
6651,0.50147
6652,0.49756
6653,0.49462
6654,0.49169
6655,0.48974
6656,0.48778
6657,0.48583
6658,0.48192
6659,0.47898
6660,0.47507
6661,0.47116
6662,0.46725
6663,0.46334
6664,0.45943
6665,0.4565
6666,0.45259
6667,0.44868
6668,0.44477
6669,0.44184
6670,0.43891
6671,0.43695
6672,0.435
6673,0.43402
6674,0.43402
6675,0.43402
6676,0.43402
6677,0.43402
6678,0.43402
6679,0.43597
6680,0.44575
6681,0.46041
6682,0.46921
6683,0.47703
6684,0.48387
6685,0.49169
6686,0.49951
6687,0.50831
6688,0.51515
6689,0.52297
6690,0.53079
6691,0.53959
6692,0.54839
6693,0.55718
6694,0.565
6695,0.57185
6696,0.57869
6697,0.58553
6698,0.59238
6699,0.59824
6700,0.60411
6701,0.60899
6702,0.61388
6703,0.61681
6704,0.61877
6705,0.61975
6706,0.62072
6707,0.62072
6708,0.62072
6709,0.61975
6710,0.61779
6711,0.61486
6712,0.61193
6713,0.60802
6714,0.60508
6715,0.60117
6716,0.59726
6717,0.59238
6718,0.58749
6719,0.5826
6720,0.57869
6721,0.57478
6722,0.57185
6723,0.56794
6724,0.56403
6725,0.56012
6726,0.55523
6727,0.54936
6728,0.54448
6729,0.53959
6730,0.53372
6731,0.52884
6732,0.52395
6733,0.51906
6734,0.51613
6735,0.51222
6736,0.50929
6737,0.50635
6738,0.50244
6739,0.49853
6740,0.4956
6741,0.49169
6742,0.48778
6743,0.48387
6744,0.48094
6745,0.47703
6746,0.47312
6747,0.47019
6748,0.46823
6749,0.46628
6750,0.46432
6751,0.46334
6752,0.46139
6753,0.46041
6754,0.45846
6755,0.4565
6756,0.45455
6757,0.45259
6758,0.45064
6759,0.4477
6760,0.44673
6761,0.44575
6762,0.44379
6763,0.44184
6764,0.44086
6765,0.43891
6766,0.43695
6767,0.435
6768,0.43402
6769,0.43402
6770,0.43402
6771,0.43597
6772,0.43793
6773,0.44086
6774,0.44379
6775,0.44868
6776,0.45455
6777,0.46041
6778,0.46725
6779,0.4741
6780,0.48289
6781,0.49267
6782,0.50342
6783,0.5132
6784,0.52297
6785,0.53177
6786,0.53959
6787,0.54643
6788,0.55523
6789,0.56305
6790,0.57185
6791,0.57967
6792,0.58749
6793,0.59531
6794,0.60313
6795,0.60899
6796,0.61486
6797,0.61877
6798,0.62072
6799,0.6217
6800,0.6217
6801,0.62072
6802,0.61877
6803,0.61681
6804,0.61388
6805,0.60997
6806,0.60704
6807,0.60313
6808,0.59922
6809,0.59335
6810,0.58651
6811,0.57967
6812,0.57478
6813,0.56989
6814,0.56598
6815,0.56207
6816,0.55914
6817,0.55523
6818,0.5523
6819,0.54741
6820,0.5435
6821,0.53861
6822,0.53372
6823,0.52884
6824,0.52395
6825,0.51906
6826,0.51613
6827,0.51222
6828,0.50929
6829,0.50635
6830,0.50244
6831,0.49853
6832,0.4956
6833,0.49169
6834,0.48876
6835,0.48583
6836,0.48289
6837,0.47996
6838,0.47703
6839,0.4741
6840,0.47116
6841,0.46823
6842,0.46628
6843,0.46432
6844,0.46237
6845,0.46041
6846,0.45846
6847,0.4565
6848,0.45455
6849,0.45161
6850,0.44868
6851,0.44477
6852,0.44086
6853,0.43793
6854,0.43402
6855,0.43011
6856,0.4262
6857,0.42229
6858,0.41838
6859,0.41642
6860,0.41349
6861,0.41153
6862,0.41056
6863,0.40958
6864,0.40958
6865,0.41056
6866,0.41251
6867,0.41349
6868,0.41642
6869,0.42033
6870,0.4262
6871,0.43304
6872,0.44184
6873,0.44966
6874,0.45846
6875,0.46628
6876,0.47312
6877,0.48094
6878,0.4868
6879,0.49267
6880,0.49951
6881,0.50635
6882,0.5132
6883,0.51906
6884,0.52493
6885,0.52981
6886,0.53372
6887,0.53666
6888,0.53861
6889,0.54057
6890,0.54057
6891,0.53959
6892,0.53861
6893,0.53666
6894,0.53275
6895,0.52786
6896,0.52297
6897,0.51906
6898,0.51711
6899,0.51417
6900,0.51124
6901,0.50929
6902,0.50635
6903,0.5044
6904,0.50147
6905,0.49951
6906,0.49658
6907,0.49462
6908,0.49365
6909,0.49169
6910,0.48974
6911,0.48876
6912,0.48876
6913,0.48778
6914,0.48583
6915,0.48387
6916,0.48094
6917,0.47898
6918,0.47605
6919,0.47312
6920,0.47019
6921,0.46823
6922,0.46628
6923,0.46432
6924,0.46334
6925,0.46237
6926,0.46139
6927,0.46041
6928,0.46139
6929,0.46237
6930,0.46237
6931,0.46334
6932,0.46432
6933,0.46432
6934,0.46432
6935,0.46432
6936,0.45846
6937,0.44868
6938,0.44379
6939,0.44184
6940,0.43988
6941,0.43988
6942,0.43891
6943,0.43891
6944,0.43891
6945,0.43988
6946,0.43988
6947,0.43988
6948,0.43988
6949,0.43988
6950,0.43988
6951,0.43988
6952,0.43988
6953,0.43988
6954,0.43988
6955,0.44184
6956,0.44477
6957,0.44868
6958,0.45357
6959,0.46041
6960,0.46823
6961,0.47605
6962,0.48387
6963,0.49267
6964,0.50049
6965,0.50929
6966,0.51906
6967,0.52981
6968,0.53959
6969,0.55034
6970,0.56012
6971,0.56891
6972,0.57674
6973,0.58651
6974,0.59629
6975,0.60508
6976,0.61388
6977,0.62268
6978,0.62952
6979,0.63343
6980,0.63636
6981,0.63636
6982,0.63539
6983,0.63343
6984,0.63148
6985,0.62854
6986,0.62561
6987,0.6217
6988,0.61779
6989,0.61388
6990,0.60997
6991,0.60606
6992,0.60117
6993,0.59531
6994,0.58749
6995,0.58065
6996,0.5738
6997,0.56891
6998,0.56207
6999,0.55621
7000,0.55034
7001,0.5435
7002,0.53763
7003,0.53079
7004,0.52493
7005,0.52004
7006,0.51417
7007,0.50831
7008,0.50342
7009,0.49951
7010,0.49658
7011,0.49365
7012,0.48974
7013,0.48583
7014,0.48387
7015,0.48094
7016,0.47703
7017,0.4741
7018,0.47019
7019,0.46628
7020,0.46237
7021,0.45846
7022,0.45455
7023,0.45161
7024,0.4477
7025,0.44379
7026,0.44184
7027,0.43891
7028,0.43695
7029,0.435
7030,0.43206
7031,0.43011
7032,0.42815
7033,0.42522
7034,0.42131
7035,0.41838
7036,0.41544
7037,0.41153
7038,0.4086
7039,0.40567
7040,0.40176
7041,0.3998
7042,0.39687
7043,0.39492
7044,0.39296
7045,0.39296
7046,0.39394
7047,0.39492
7048,0.39687
7049,0.3998
7050,0.40469
7051,0.41056
7052,0.4174
7053,0.4262
7054,0.435
7055,0.44379
7056,0.45259
7057,0.46334
7058,0.4741
7059,0.4868
7060,0.49853
7061,0.51026
7062,0.52004
7063,0.52884
7064,0.53959
7065,0.55034
7066,0.56207
7067,0.57185
7068,0.58162
7069,0.59042
7070,0.59824
7071,0.60411
7072,0.60802
7073,0.60997
7074,0.61095
7075,0.61095
7076,0.61095
7077,0.60899
7078,0.60606
7079,0.60313
7080,0.59922
7081,0.59531
7082,0.5914
7083,0.58651
7084,0.5826
7085,0.57771
7086,0.57283
7087,0.56696
7088,0.56207
7089,0.55816
7090,0.55327
7091,0.54741
7092,0.54252
7093,0.53666
7094,0.53079
7095,0.52493
7096,0.52004
7097,0.51417
7098,0.50929
7099,0.50538
7100,0.50049
7101,0.49756
7102,0.49365
7103,0.48974
7104,0.48583
7105,0.48192
7106,0.47703
7107,0.47312
7108,0.46921
7109,0.4653
7110,0.46041
7111,0.4565
7112,0.45259
7113,0.4477
7114,0.44477
7115,0.44184
7116,0.43891
7117,0.43695
7118,0.435
7119,0.43304
7120,0.43011
7121,0.42815
7122,0.4262
7123,0.42424
7124,0.42229
7125,0.41935
7126,0.41544
7127,0.41349
7128,0.41153
7129,0.4086
7130,0.40567
7131,0.40371
7132,0.40078
7133,0.39785
7134,0.39492
7135,0.39296
7136,0.39101
7137,0.38905
7138,0.38905
7139,0.39003
7140,0.39101
7141,0.39296
7142,0.39492
7143,0.39785
7144,0.40274
7145,0.4086
7146,0.41447
7147,0.42229
7148,0.42913
7149,0.43695
7150,0.44477
7151,0.45259
7152,0.46041
7153,0.46921
7154,0.47605
7155,0.48387
7156,0.49267
7157,0.50147
7158,0.51026
7159,0.51711
7160,0.52493
7161,0.53372
7162,0.54057
7163,0.54741
7164,0.55327
7165,0.55718
7166,0.55914
7167,0.56012
7168,0.55914
7169,0.55816
7170,0.55523
7171,0.55034
7172,0.54545
7173,0.53861
7174,0.53177
7175,0.52493
7176,0.51711
7177,0.51026
7178,0.5044
7179,0.49853
7180,0.49365
7181,0.48974
7182,0.48485
7183,0.47898
7184,0.4741
7185,0.46921
7186,0.46334
7187,0.45748
7188,0.44966
7189,0.43891
7190,0.43206
7191,0.42717
7192,0.42326
7193,0.42033
7194,0.41838
7195,0.41447
7196,0.41056
7197,0.40762
7198,0.40567
7199,0.40371
7200,0.40078
7201,0.39883
7202,0.39785
7203,0.39785
7204,0.39687
7205,0.39589
7206,0.39492
7207,0.39394
7208,0.39198
7209,0.39003
7210,0.38807
7211,0.38612
7212,0.38514
7213,0.38416
7214,0.38319
7215,0.38221
7216,0.38221
7217,0.38221
7218,0.38319
7219,0.38514
7220,0.38514
7221,0.38612
7222,0.3871
7223,0.38807
7224,0.38807
7225,0.38905
7226,0.39101
7227,0.39296
7228,0.39492
7229,0.39687
7230,0.40078
7231,0.40469
7232,0.40958
7233,0.41447
7234,0.42033
7235,0.42815
7236,0.43597
7237,0.44477
7238,0.45455
7239,0.4653
7240,0.47703
7241,0.48778
7242,0.49853
7243,0.50929
7244,0.52102
7245,0.52981
7246,0.53861
7247,0.54839
7248,0.55718
7249,0.56598
7250,0.57478
7251,0.58358
7252,0.5914
7253,0.59922
7254,0.60606
7255,0.61095
7256,0.61584
7257,0.61779
7258,0.61877
7259,0.61877
7260,0.61779
7261,0.61584
7262,0.6129
7263,0.60997
7264,0.60606
7265,0.60215
7266,0.59726
7267,0.59335
7268,0.58944
7269,0.58456
7270,0.57869
7271,0.57185
7272,0.56598
7273,0.55914
7274,0.55425
7275,0.54936
7276,0.54448
7277,0.54057
7278,0.53666
7279,0.53275
7280,0.52688
7281,0.52102
7282,0.51515
7283,0.50929
7284,0.50244
7285,0.49756
7286,0.49365
7287,0.48876
7288,0.48387
7289,0.47801
7290,0.47214
7291,0.4653
7292,0.45943
7293,0.45455
7294,0.44966
7295,0.44575
7296,0.44184
7297,0.43695
7298,0.43402
7299,0.43109
7300,0.42815
7301,0.42522
7302,0.42229
7303,0.42033
7304,0.4174
7305,0.41544
7306,0.41349
7307,0.41153
7308,0.4086
7309,0.40567
7310,0.40176
7311,0.3998
7312,0.39687
7313,0.39492
7314,0.39296
7315,0.39003
7316,0.38612
7317,0.38319
7318,0.38025
7319,0.37634
7320,0.37341
7321,0.37048
7322,0.36755
7323,0.36657
7324,0.36755
7325,0.36852
7326,0.37048
7327,0.37341
7328,0.37732
7329,0.38319
7330,0.38905
7331,0.39687
7332,0.40665
7333,0.41544
7334,0.42522
7335,0.435
7336,0.44673
7337,0.45748
7338,0.46725
7339,0.47801
7340,0.48778
7341,0.49951
7342,0.51026
7343,0.52102
7344,0.53177
7345,0.54154
7346,0.55132
7347,0.55914
7348,0.565
7349,0.56989
7350,0.5738
7351,0.57576
7352,0.57869
7353,0.57967
7354,0.58065
7355,0.58065
7356,0.57869
7357,0.57576
7358,0.57185
7359,0.56794
7360,0.56403
7361,0.56012
7362,0.55523
7363,0.55132
7364,0.54643
7365,0.54154
7366,0.53568
7367,0.52981
7368,0.52395
7369,0.51906
7370,0.5132
7371,0.50831
7372,0.50244
7373,0.49658
7374,0.49169
7375,0.48778
7376,0.48387
7377,0.47996
7378,0.47605
7379,0.47214
7380,0.46823
7381,0.46432
7382,0.46041
7383,0.45552
7384,0.45161
7385,0.4477
7386,0.44379
7387,0.43891
7388,0.43402
7389,0.43011
7390,0.42717
7391,0.42522
7392,0.42229
7393,0.42033
7394,0.4174
7395,0.41544
7396,0.41349
7397,0.41153
7398,0.4086
7399,0.40567
7400,0.40176
7401,0.39785
7402,0.39394
7403,0.39003
7404,0.38807
7405,0.38416
7406,0.38025
7407,0.37634
7408,0.37243
7409,0.36755
7410,0.36461
7411,0.36266
7412,0.36168
7413,0.3607
7414,0.3607
7415,0.3607
7416,0.36168
7417,0.36364
7418,0.36657
7419,0.37048
7420,0.37537
7421,0.38025
7422,0.3871
7423,0.39296
7424,0.40176
7425,0.41056
7426,0.41935
7427,0.42913
7428,0.43891
7429,0.44966
7430,0.45846
7431,0.46823
7432,0.47898
7433,0.48974
7434,0.50049
7435,0.51124
7436,0.52199
7437,0.53177
7438,0.54154
7439,0.54839
7440,0.55425
7441,0.55816
7442,0.56012
7443,0.56012
7444,0.55914
7445,0.55718
7446,0.55523
7447,0.55327
7448,0.5523
7449,0.55327
7450,0.5523
7451,0.55034
7452,0.54741
7453,0.54252
7454,0.53763
7455,0.53177
7456,0.52688
7457,0.52102
7458,0.5132
7459,0.50635
7460,0.49951
7461,0.49267
7462,0.48583
7463,0.47898
7464,0.47214
7465,0.4653
7466,0.45943
7467,0.45259
7468,0.4477
7469,0.44379
7470,0.43988
7471,0.43597
7472,0.43206
7473,0.42717
7474,0.42131
7475,0.41642
7476,0.41251
7477,0.40762
7478,0.40176
7479,0.39589
7480,0.39003
7481,0.38416
7482,0.38123
7483,0.3783
7484,0.37439
7485,0.37048
7486,0.36657
7487,0.36266
7488,0.35875
7489,0.35484
7490,0.34995
7491,0.34506
7492,0.33822
7493,0.33236
7494,0.32649
7495,0.32258
7496,0.31965
7497,0.31672
7498,0.31476
7499,0.31183
7500,0.30987
7501,0.30792
7502,0.30596
7503,0.30401
7504,0.30205
7505,0.3001
7506,0.29814
7507,0.29814
7508,0.3001
7509,0.30401
7510,0.30792
7511,0.31281
7512,0.31769
7513,0.32454
7514,0.33138
7515,0.34018
7516,0.34897
7517,0.35973
7518,0.37146
7519,0.38221
7520,0.39394
7521,0.40665
7522,0.41935
7523,0.43011
7524,0.44086
7525,0.45259
7526,0.4653
7527,0.47703
7528,0.48876
7529,0.49951
7530,0.50929
7531,0.52004
7532,0.52884
7533,0.53763
7534,0.5435
7535,0.54839
7536,0.55425
7537,0.55816
7538,0.56012
7539,0.56109
7540,0.56207
7541,0.56207
7542,0.56305
7543,0.56305
7544,0.56207
7545,0.56109
7546,0.55914
7547,0.55816
7548,0.55621
7549,0.55425
7550,0.5523
7551,0.54936
7552,0.54643
7553,0.5435
7554,0.54057
7555,0.53666
7556,0.53275
7557,0.52884
7558,0.5259
7559,0.52102
7560,0.51711
7561,0.51222
7562,0.50733
7563,0.50342
7564,0.49853
7565,0.49462
7566,0.49071
7567,0.48583
7568,0.48192
7569,0.47703
7570,0.47214
7571,0.46628
7572,0.46139
7573,0.45748
7574,0.45357
7575,0.44966
7576,0.44673
7577,0.44282
7578,0.44086
7579,0.43793
7580,0.43597
7581,0.43402
7582,0.43206
7583,0.43011
7584,0.42815
7585,0.4262
7586,0.42424
7587,0.42326
7588,0.42131
7589,0.41838
7590,0.41447
7591,0.41056
7592,0.40567
7593,0.40274
7594,0.39883
7595,0.39687
7596,0.39394
7597,0.39198
7598,0.39101
7599,0.39003
7600,0.39101
7601,0.39296
7602,0.39394
7603,0.39589
7604,0.39785
7605,0.40078
7606,0.40567
7607,0.41153
7608,0.41838
7609,0.42717
7610,0.435
7611,0.44282
7612,0.45259
7613,0.46237
7614,0.47116
7615,0.48192
7616,0.49267
7617,0.50342
7618,0.5132
7619,0.52297
7620,0.53177
7621,0.54057
7622,0.54839
7623,0.55425
7624,0.55914
7625,0.56305
7626,0.565
7627,0.565
7628,0.565
7629,0.56403
7630,0.56305
7631,0.56109
7632,0.56012
7633,0.55718
7634,0.55425
7635,0.55034
7636,0.54448
7637,0.53959
7638,0.53372
7639,0.52981
7640,0.52493
7641,0.51906
7642,0.5132
7643,0.50831
7644,0.50342
7645,0.49951
7646,0.49462
7647,0.48876
7648,0.48387
7649,0.47801
7650,0.47312
7651,0.46921
7652,0.4653
7653,0.46237
7654,0.45846
7655,0.45455
7656,0.44966
7657,0.44575
7658,0.44086
7659,0.43597
7660,0.43304
7661,0.42913
7662,0.4262
7663,0.42424
7664,0.42229
7665,0.42033
7666,0.41935
7667,0.4174
7668,0.41544
7669,0.41349
7670,0.41056
7671,0.40665
7672,0.40371
7673,0.40078
7674,0.39687
7675,0.39394
7676,0.39003
7677,0.38612
7678,0.38221
7679,0.3783
7680,0.37537
7681,0.37341
7682,0.37146
7683,0.3695
7684,0.36755
7685,0.36657
7686,0.36461
7687,0.36364
7688,0.36364
7689,0.36364
7690,0.36266
7691,0.36364
7692,0.36559
7693,0.36852
7694,0.37146
7695,0.37439
7696,0.3783
7697,0.38319
7698,0.38807
7699,0.39492
7700,0.40176
7701,0.41056
7702,0.42033
7703,0.43011
7704,0.45455
7705,0.48778
7706,0.51026
7707,0.52688
7708,0.54057
7709,0.5523
7710,0.56305
7711,0.57185
7712,0.57967
7713,0.58651
7714,0.59335
7715,0.6002
7716,0.60606
7717,0.61193
7718,0.61486
7719,0.61681
7720,0.61779
7721,0.61681
7722,0.61584
7723,0.61388
7724,0.61193
7725,0.60997
7726,0.60704
7727,0.60508
7728,0.60215
7729,0.59824
7730,0.59531
7731,0.5914
7732,0.58749
7733,0.58358
7734,0.57869
7735,0.57478
7736,0.56989
7737,0.56598
7738,0.56207
7739,0.55816
7740,0.55425
7741,0.55034
7742,0.54741
7743,0.5435
7744,0.53959
7745,0.53666
7746,0.53372
7747,0.52981
7748,0.5259
7749,0.52102
7750,0.51613
7751,0.51222
7752,0.50831
7753,0.50538
7754,0.50147
7755,0.49756
7756,0.49365
7757,0.49071
7758,0.4868
7759,0.48289
7760,0.47898
7761,0.4741
7762,0.46921
7763,0.46432
7764,0.45943
7765,0.45357
7766,0.44966
7767,0.44575
7768,0.44184
7769,0.43793
7770,0.435
7771,0.43304
7772,0.43011
7773,0.42717
7774,0.42522
7775,0.42229
7776,0.41838
7777,0.41642
7778,0.41447
7779,0.41153
7780,0.40762
7781,0.40469
7782,0.40274
7783,0.40078
7784,0.40078
7785,0.40078
7786,0.40078
7787,0.40176
7788,0.40274
7789,0.40469
7790,0.40762
7791,0.41056
7792,0.41447
7793,0.41935
7794,0.4262
7795,0.43304
7796,0.43988
7797,0.44673
7798,0.45455
7799,0.46334
7800,0.47214
7801,0.48192
7802,0.49071
7803,0.49951
7804,0.50831
7805,0.51711
7806,0.52493
7807,0.53177
7808,0.53861
7809,0.54448
7810,0.54936
7811,0.5523
7812,0.55621
7813,0.55914
7814,0.56207
7815,0.56305
7816,0.56305
7817,0.56305
7818,0.56207
7819,0.56012
7820,0.55914
7821,0.55914
7822,0.55816
7823,0.55621
7824,0.55425
7825,0.55132
7826,0.54839
7827,0.54448
7828,0.54154
7829,0.53763
7830,0.5347
7831,0.53275
7832,0.53079
7833,0.52981
7834,0.52884
7835,0.52786
7836,0.5259
7837,0.52493
7838,0.52395
7839,0.52199
7840,0.52102
7841,0.52004
7842,0.51808
7843,0.51808
7844,0.51808
7845,0.51711
7846,0.51711
7847,0.51613
7848,0.51515
7849,0.51417
7850,0.5132
7851,0.51124
7852,0.51124
7853,0.51026
7854,0.50929
7855,0.50733
7856,0.50733
7857,0.50635
7858,0.50635
7859,0.50635
7860,0.5044
7861,0.50342
7862,0.50244
7863,0.50147
7864,0.49951
7865,0.49756
7866,0.49462
7867,0.49267
7868,0.49071
7869,0.48876
7870,0.4868
7871,0.48485
7872,0.48387
7873,0.48289
7874,0.48289
7875,0.48387
7876,0.4868
7877,0.49071
7878,0.4956
7879,0.50049
7880,0.50635
7881,0.51222
7882,0.52004
7883,0.52688
7884,0.5347
7885,0.5435
7886,0.55327
7887,0.56305
7888,0.57087
7889,0.57771
7890,0.58651
7891,0.59531
7892,0.60313
7893,0.61095
7894,0.61877
7895,0.62463
7896,0.6305
7897,0.63539
7898,0.6393
7899,0.64321
7900,0.64614
7901,0.64712
7902,0.64712
7903,0.64614
7904,0.64418
7905,0.64125
7906,0.63734
7907,0.63343
7908,0.6305
7909,0.62659
7910,0.62268
7911,0.61779
7912,0.61193
7913,0.60704
7914,0.60313
7915,0.59922
7916,0.59531
7917,0.5914
7918,0.58749
7919,0.58358
7920,0.57869
7921,0.5738
7922,0.56891
7923,0.56403
7924,0.56012
7925,0.55621
7926,0.55327
7927,0.55034
7928,0.54839
7929,0.54545
7930,0.54252
7931,0.53959
7932,0.53568
7933,0.53177
7934,0.52786
7935,0.52493
7936,0.52102
7937,0.51711
7938,0.5132
7939,0.50929
7940,0.50635
7941,0.50342
7942,0.50147
7943,0.49853
7944,0.49658
7945,0.49462
7946,0.49267
7947,0.49071
7948,0.48876
7949,0.4868
7950,0.48485
7951,0.48289
7952,0.48094
7953,0.47801
7954,0.47507
7955,0.47312
7956,0.46921
7957,0.46628
7958,0.46334
7959,0.46041
7960,0.45161
7961,0.43988
7962,0.43304
7963,0.42913
7964,0.42717
7965,0.4262
7966,0.42522
7967,0.42522
7968,0.4262
7969,0.42815
7970,0.43011
7971,0.43304
7972,0.43793
7973,0.44282
7974,0.44868
7975,0.4565
7976,0.4653
7977,0.4741
7978,0.48387
7979,0.49365
7980,0.50342
7981,0.51222
7982,0.52199
7983,0.53177
7984,0.54154
7985,0.55132
7986,0.56012
7987,0.56891
7988,0.57674
7989,0.58358
7990,0.58944
7991,0.59433
7992,0.59824
7993,0.60117
7994,0.60313
7995,0.60508
7996,0.60508
7997,0.60606
7998,0.60508
7999,0.60313
8000,0.6002
8001,0.59824
8002,0.59629
8003,0.59433
8004,0.59238
8005,0.58944
8006,0.58749
8007,0.58456
8008,0.57967
8009,0.57478
8010,0.56989
8011,0.565
8012,0.56012
8013,0.55523
8014,0.55034
8015,0.54643
8016,0.54154
8017,0.53861
8018,0.53568
8019,0.53372
8020,0.53079
8021,0.52786
8022,0.5259
8023,0.52199
8024,0.51906
8025,0.51515
8026,0.51124
8027,0.50831
8028,0.5044
8029,0.50049
8030,0.49658
8031,0.49267
8032,0.48876
8033,0.48583
8034,0.48387
8035,0.48192
8036,0.47996
8037,0.47801
8038,0.47605
8039,0.4741
8040,0.47214
8041,0.47019
8042,0.46823
8043,0.46628
8044,0.46432
8045,0.46237
8046,0.46041
8047,0.45943
8048,0.4565
8049,0.45259
8050,0.44868
8051,0.44477
8052,0.43988
8053,0.435
8054,0.43011
8055,0.4262
8056,0.42326
8057,0.42131
8058,0.42033
8059,0.42033
8060,0.42033
8061,0.42131
8062,0.42131
8063,0.42229
8064,0.42424
8065,0.4262
8066,0.42815
8067,0.43304
8068,0.43793
8069,0.44282
8070,0.45064
8071,0.45846
8072,0.46628
8073,0.47312
8074,0.47996
8075,0.48778
8076,0.4956
8077,0.50342
8078,0.51124
8079,0.51906
8080,0.52688
8081,0.53372
8082,0.53959
8083,0.5435
8084,0.54643
8085,0.54839
8086,0.54839
8087,0.54741
8088,0.54545
8089,0.5435
8090,0.54057
8091,0.53861
8092,0.5347
8093,0.53177
8094,0.52884
8095,0.5259
8096,0.52297
8097,0.51906
8098,0.51613
8099,0.5132
8100,0.50929
8101,0.50635
8102,0.50244
8103,0.49853
8104,0.49462
8105,0.49169
8106,0.48778
8107,0.48485
8108,0.48192
8109,0.47996
8110,0.47801
8111,0.47703
8112,0.47605
8113,0.47605
8114,0.47605
8115,0.47605
8116,0.47605
8117,0.47507
8118,0.47507
8119,0.4741
8120,0.47312
8121,0.47214
8122,0.47116
8123,0.47019
8124,0.47019
8125,0.46921
8126,0.46823
8127,0.46823
8128,0.46725
8129,0.46823
8130,0.46921
8131,0.47019
8132,0.47214
8133,0.47312
8134,0.47312
8135,0.47507
8136,0.47605
8137,0.47703
8138,0.47703
8139,0.47703
8140,0.47703
8141,0.47605
8142,0.47507
8143,0.47507
8144,0.47605
8145,0.47801
8146,0.47996
8147,0.48094
8148,0.48192
8149,0.48192
8150,0.48289
8151,0.48485
8152,0.4868
8153,0.48974
8154,0.49462
8155,0.50049
8156,0.50733
8157,0.51417
8158,0.52102
8159,0.52884
8160,0.53568
8161,0.54154
8162,0.54936
8163,0.55816
8164,0.565
8165,0.57283
8166,0.58065
8167,0.58847
8168,0.59629
8169,0.60411
8170,0.61095
8171,0.61779
8172,0.62366
8173,0.62854
8174,0.63343
8175,0.63734
8176,0.64125
8177,0.64418
8178,0.64516
8179,0.64614
8180,0.64712
8181,0.64614
8182,0.64516
8183,0.64223
8184,0.6393
8185,0.63539
8186,0.6305
8187,0.62463
8188,0.61877
8189,0.6129
8190,0.60704
8191,0.60117
8192,0.59629
8193,0.59238
8194,0.58749
8195,0.5826
8196,0.57869
8197,0.57283
8198,0.56794
8199,0.56207
8200,0.55718
8201,0.55132
8202,0.54643
8203,0.54252
8204,0.53861
8205,0.53568
8206,0.53177
8207,0.52786
8208,0.52493
8209,0.52102
8210,0.51711
8211,0.51222
8212,0.49951
8213,0.48192
8214,0.47116
8215,0.46334
8216,0.45846
8217,0.45455
8218,0.44966
8219,0.44673
8220,0.44379
8221,0.44184
8222,0.43891
8223,0.43695
8224,0.435
8225,0.43304
8226,0.43109
8227,0.42913
8228,0.42717
8229,0.42522
8230,0.42424
8231,0.42229
8232,0.41935
8233,0.41544
8234,0.41153
8235,0.40665
8236,0.40274
8237,0.3998
8238,0.39589
8239,0.39296
8240,0.39101
8241,0.38807
8242,0.3871
8243,0.38514
8244,0.38514
8245,0.38514
8246,0.3871
8247,0.38807
8248,0.39101
8249,0.39589
8250,0.40078
8251,0.40762
8252,0.41544
8253,0.42424
8254,0.43402
8255,0.44184
8256,0.45161
8257,0.46139
8258,0.47312
8259,0.48485
8260,0.49658
8261,0.50733
8262,0.51808
8263,0.52786
8264,0.53861
8265,0.54839
8266,0.55816
8267,0.56696
8268,0.57576
8269,0.58162
8270,0.58651
8271,0.58944
8272,0.59238
8273,0.59335
8274,0.59433
8275,0.59335
8276,0.59238
8277,0.58944
8278,0.58553
8279,0.58162
8280,0.57771
8281,0.57478
8282,0.57185
8283,0.56891
8284,0.565
8285,0.56012
8286,0.55523
8287,0.55034
8288,0.54448
8289,0.53861
8290,0.53177
8291,0.5259
8292,0.52004
8293,0.51417
8294,0.50929
8295,0.50635
8296,0.50342
8297,0.50049
8298,0.49756
8299,0.49462
8300,0.49071
8301,0.4868
8302,0.48192
8303,0.47703
8304,0.47214
8305,0.46725
8306,0.46237
8307,0.45846
8308,0.45455
8309,0.45161
8310,0.4477
8311,0.44575
8312,0.44379
8313,0.44086
8314,0.43793
8315,0.435
8316,0.43304
8317,0.43109
8318,0.42913
8319,0.42717
8320,0.42522
8321,0.42326
8322,0.42229
8323,0.41935
8324,0.41544
8325,0.40958
8326,0.40469
8327,0.40078
8328,0.39687
8329,0.39394
8330,0.39101
8331,0.38807
8332,0.38514
8333,0.38319
8334,0.38221
8335,0.38123
8336,0.38123
8337,0.38123
8338,0.38123
8339,0.38319
8340,0.38514
8341,0.38905
8342,0.39394
8343,0.39883
8344,0.40567
8345,0.41447
8346,0.42326
8347,0.43206
8348,0.43988
8349,0.4477
8350,0.45748
8351,0.46823
8352,0.47898
8353,0.49071
8354,0.50049
8355,0.51026
8356,0.52004
8357,0.52884
8358,0.53666
8359,0.5435
8360,0.54936
8361,0.55425
8362,0.55914
8363,0.56403
8364,0.56696
8365,0.56891
8366,0.56891
8367,0.56891
8368,0.56794
8369,0.56598
8370,0.56207
8371,0.55816
8372,0.55327
8373,0.54839
8374,0.5435
8375,0.53861
8376,0.53372
8377,0.52786
8378,0.52102
8379,0.5132
8380,0.50538
8381,0.49658
8382,0.48876
8383,0.48192
8384,0.47605
8385,0.46921
8386,0.46237
8387,0.4565
8388,0.45161
8389,0.4477
8390,0.44379
8391,0.44086
8392,0.43793
8393,0.435
8394,0.43206
8395,0.42815
8396,0.42326
8397,0.41838
8398,0.41251
8399,0.40665
8400,0.40176
8401,0.39687
8402,0.39101
8403,0.38416
8404,0.3783
8405,0.37146
8406,0.36559
8407,0.35973
8408,0.35484
8409,0.35093
8410,0.34702
8411,0.34213
8412,0.33822
8413,0.33529
8414,0.33236
8415,0.32942
8416,0.32551
8417,0.3216
8418,0.31672
8419,0.31183
8420,0.3089
8421,0.30596
8422,0.30303
8423,0.30108
8424,0.29912
8425,0.29814
8426,0.29912
8427,0.30108
8428,0.30303
8429,0.30499
8430,0.30792
8431,0.31183
8432,0.31574
8433,0.31965
8434,0.32454
8435,0.3304
8436,0.33724
8437,0.34506
8438,0.35288
8439,0.3607
8440,0.3695
8441,0.3783
8442,0.38807
8443,0.39883
8444,0.41056
8445,0.42424
8446,0.43695
8447,0.44966
8448,0.46237
8449,0.4741
8450,0.4868
8451,0.49853
8452,0.50733
8453,0.51613
8454,0.52493
8455,0.53275
8456,0.53959
8457,0.54545
8458,0.55034
8459,0.55523
8460,0.55816
8461,0.56012
8462,0.56305
8463,0.56403
8464,0.565
8465,0.56403
8466,0.56207
8467,0.56012
8468,0.55816
8469,0.55621
8470,0.55523
8471,0.55523
8472,0.56305
8473,0.57576
8474,0.58065
8475,0.5826
8476,0.5826
8477,0.58065
8478,0.57674
8479,0.57283
8480,0.56891
8481,0.56403
8482,0.55914
8483,0.55425
8484,0.55034
8485,0.54448
8486,0.53861
8487,0.53372
8488,0.52786
8489,0.52199
8490,0.51711
8491,0.51222
8492,0.50831
8493,0.5044
8494,0.50049
8495,0.49756
8496,0.4956
8497,0.49267
8498,0.48974
8499,0.4868
8500,0.48485
8501,0.48192
8502,0.47996
8503,0.47801
8504,0.47507
8505,0.47214
8506,0.47019
8507,0.46725
8508,0.46334
8509,0.46041
8510,0.4565
8511,0.45259
8512,0.44966
8513,0.44673
8514,0.44379
8515,0.44184
8516,0.43891
8517,0.43695
8518,0.43597
8519,0.43597
8520,0.43597
8521,0.435
8522,0.435
8523,0.435
8524,0.435
8525,0.435
8526,0.435
8527,0.43793
8528,0.44086
8529,0.44477
8530,0.44966
8531,0.45357
8532,0.45846
8533,0.46334
8534,0.47116
8535,0.47898
8536,0.4868
8537,0.49462
8538,0.50147
8539,0.50929
8540,0.51613
8541,0.52297
8542,0.52981
8543,0.53666
8544,0.54252
8545,0.54643
8546,0.54936
8547,0.55132
8548,0.55327
8549,0.55327
8550,0.55327
8551,0.5523
8552,0.55132
8553,0.54936
8554,0.54741
8555,0.54448
8556,0.54154
8557,0.53763
8558,0.5347
8559,0.53275
8560,0.52884
8561,0.52395
8562,0.52004
8563,0.51515
8564,0.50929
8565,0.5044
8566,0.50049
8567,0.4956
8568,0.49071
8569,0.48583
8570,0.48192
8571,0.47898
8572,0.47507
8573,0.47116
8574,0.46725
8575,0.46334
8576,0.46041
8577,0.45748
8578,0.45259
8579,0.44868
8580,0.44477
8581,0.44282
8582,0.43988
8583,0.43793
8584,0.43695
8585,0.43597
8586,0.43304
8587,0.43109
8588,0.42913
8589,0.42717
8590,0.42424
8591,0.42033
8592,0.4174
8593,0.41349
8594,0.41056
8595,0.40665
8596,0.40371
8597,0.40274
8598,0.40176
8599,0.39883
8600,0.39687
8601,0.39492
8602,0.39296
8603,0.39101
8604,0.38905
8605,0.38807
8606,0.38612
8607,0.38416
8608,0.38221
8609,0.38123
8610,0.38025
8611,0.37928
8612,0.3783
8613,0.37732
8614,0.37732
8615,0.3783
8616,0.37928
8617,0.38123
8618,0.38319
8619,0.38612
8620,0.39003
8621,0.39394
8622,0.39687
8623,0.40078
8624,0.40371
8625,0.4086
8626,0.41447
8627,0.42131
8628,0.42815
8629,0.43597
8630,0.44282
8631,0.45064
8632,0.45748
8633,0.46432
8634,0.47116
8635,0.47703
8636,0.48192
8637,0.4868
8638,0.49169
8639,0.4956
8640,0.49756
8641,0.49853
8642,0.49853
8643,0.49853
8644,0.49853
8645,0.49756
8646,0.49658
8647,0.49462
8648,0.49267
8649,0.49071
8650,0.48876
8651,0.48583
8652,0.48289
8653,0.47996
8654,0.47605
8655,0.47312
8656,0.46921
8657,0.4653
8658,0.46139
8659,0.45748
8660,0.45357
8661,0.45064
8662,0.44868
8663,0.44673
8664,0.44575
8665,0.44379
8666,0.44086
8667,0.43793
8668,0.43402
8669,0.43206
8670,0.43011
8671,0.42717
8672,0.42424
8673,0.42033
8674,0.4174
8675,0.41447
8676,0.41251
8677,0.40958
8678,0.40665
8679,0.40371
8680,0.40078
8681,0.39785
8682,0.39589
8683,0.39394
8684,0.39296
8685,0.39101
8686,0.38905
8687,0.38612
8688,0.38514
8689,0.38319
8690,0.38123
8691,0.3783
8692,0.37439
8693,0.37146
8694,0.36755
8695,0.36364
8696,0.35973
8697,0.35484
8698,0.35093
8699,0.34702
8700,0.34311
8701,0.34115
8702,0.34018
8703,0.34115
8704,0.34115
8705,0.34115
8706,0.34115
8707,0.34115
8708,0.34115
8709,0.34115
8710,0.34115
8711,0.34213
8712,0.34409
8713,0.34506
8714,0.34702
8715,0.34897
8716,0.35093
8717,0.35386
8718,0.35777
8719,0.3607
8720,0.36461
8721,0.3695
8722,0.37439
8723,0.37928
8724,0.38514
8725,0.39101
8726,0.39589
8727,0.40176
8728,0.41544
8729,0.43304
8730,0.44379
8731,0.45161
8732,0.45748
8733,0.46139
8734,0.46432
8735,0.4653
8736,0.46628
8737,0.4653
8738,0.46432
8739,0.46237
8740,0.46139
8741,0.46041
8742,0.45943
8743,0.45943
8744,0.45846
8745,0.45748
8746,0.4565
8747,0.4565
8748,0.4565
8749,0.45552
8750,0.45455
8751,0.45259
8752,0.45161
8753,0.44966
8754,0.44868
8755,0.4477
8756,0.44673
8757,0.44673
8758,0.44575
8759,0.44477
8760,0.44379
8761,0.44282
8762,0.44282
8763,0.44086
8764,0.43988
8765,0.43988
8766,0.43891
8767,0.43891
8768,0.43891
8769,0.43891
8770,0.43891
8771,0.43891
8772,0.43891
8773,0.43891
8774,0.43891
8775,0.43891
8776,0.43891
8777,0.43891
8778,0.43891
8779,0.43891
8780,0.43988
8781,0.44086
8782,0.44086
8783,0.44086
8784,0.44086
8785,0.43891
8786,0.43793
8787,0.43597
8788,0.43402
8789,0.43304
8790,0.43109
8791,0.43011
8792,0.43011
8793,0.42913
8794,0.42913
8795,0.42913
8796,0.42913
8797,0.42913
8798,0.42913
8799,0.42913
8800,0.43011
8801,0.43109
8802,0.43402
8803,0.43695
8804,0.44086
8805,0.44575
8806,0.45064
8807,0.45552
8808,0.46139
8809,0.46725
8810,0.47312
8811,0.47898
8812,0.48387
8813,0.48974
8814,0.49462
8815,0.50049
8816,0.50635
8817,0.51124
8818,0.51711
8819,0.52199
8820,0.5259
8821,0.52981
8822,0.53275
8823,0.53372
8824,0.53372
8825,0.5347
8826,0.5347
8827,0.5347
8828,0.53372
8829,0.53177
8830,0.53079
8831,0.52884
8832,0.5259
8833,0.52395
8834,0.52199
8835,0.51906
8836,0.51613
8837,0.5132
8838,0.51026
8839,0.50635
8840,0.50342
8841,0.49951
8842,0.49658
8843,0.49365
8844,0.48974
8845,0.4868
8846,0.48485
8847,0.48289
8848,0.47996
8849,0.47801
8850,0.47605
8851,0.47312
8852,0.47116
8853,0.46921
8854,0.46725
8855,0.46628
8856,0.4653
8857,0.46334
8858,0.46237
8859,0.46237
8860,0.46139
8861,0.45846
8862,0.45552
8863,0.45357
8864,0.45064
8865,0.44868
8866,0.44575
8867,0.44282
8868,0.44086
8869,0.43891
8870,0.43695
8871,0.43597
8872,0.435
8873,0.43402
8874,0.43206
8875,0.43011
8876,0.42815
8877,0.42717
8878,0.42522
8879,0.42326
8880,0.42229
8881,0.42229
8882,0.42131
8883,0.42131
8884,0.42131
8885,0.42229
8886,0.42326
8887,0.42522
8888,0.4262
8889,0.42717
8890,0.42717
8891,0.42815
8892,0.42913
8893,0.42913
8894,0.43011
8895,0.43206
8896,0.435
8897,0.43793
8898,0.44184
8899,0.44673
8900,0.45259
8901,0.45846
8902,0.46432
8903,0.47019
8904,0.47703
8905,0.48192
8906,0.48778
8907,0.49365
8908,0.49951
8909,0.5044
8910,0.51026
8911,0.51515
8912,0.51906
8913,0.52395
8914,0.52688
8915,0.52981
8916,0.53177
8917,0.53372
8918,0.53372
8919,0.53372
8920,0.53275
8921,0.53177
8922,0.53079
8923,0.52884
8924,0.52786
8925,0.52688
8926,0.52493
8927,0.52395
8928,0.52199
8929,0.52004
8930,0.51808
8931,0.51711
8932,0.51417
8933,0.51026
8934,0.50635
8935,0.50244
8936,0.49951
8937,0.49756
8938,0.4956
8939,0.49462
8940,0.49267
8941,0.49071
8942,0.48876
8943,0.48583
8944,0.48387
8945,0.48192
8946,0.47996
8947,0.47801
8948,0.47605
8949,0.4741
8950,0.47312
8951,0.47214
8952,0.47116
8953,0.47019
8954,0.46921
8955,0.46823
8956,0.46725
8957,0.46628
8958,0.46432
8959,0.46237
8960,0.46041
8961,0.45943
8962,0.45748
8963,0.4565
8964,0.45552
8965,0.45552
8966,0.45552
8967,0.45455
8968,0.45357
8969,0.45161
8970,0.45064
8971,0.44868
8972,0.44673
8973,0.44477
8974,0.44184
8975,0.43891
8976,0.43695
8977,0.43597
8978,0.435
8979,0.43402
8980,0.43402
8981,0.43304
8982,0.43304
8983,0.43304
8984,0.42522
8985,0.41251
8986,0.4086
8987,0.41056
8988,0.41544
8989,0.42229
8990,0.43109
8991,0.44086
8992,0.45161
8993,0.46334
8994,0.47605
8995,0.48876
8996,0.50147
8997,0.51417
8998,0.5259
8999,0.53666
9000,0.54839
9001,0.55816
9002,0.56794
9003,0.57576
9004,0.5826
9005,0.58749
9006,0.59238
9007,0.59629
9008,0.59922
9009,0.6002
9010,0.59824
9011,0.59629
9012,0.59238
9013,0.58944
9014,0.58553
9015,0.58162
9016,0.57967
9017,0.57674
9018,0.5738
9019,0.56989
9020,0.56305
9021,0.55327
9022,0.5435
9023,0.53372
9024,0.52493
9025,0.51808
9026,0.5132
9027,0.50733
9028,0.50049
9029,0.4956
9030,0.49071
9031,0.48485
9032,0.47898
9033,0.47116
9034,0.46432
9035,0.45748
9036,0.45259
9037,0.4477
9038,0.44379
9039,0.43891
9040,0.43402
9041,0.42913
9042,0.4262
9043,0.42326
9044,0.4174
9045,0.41056
9046,0.40371
9047,0.39883
9048,0.39589
9049,0.39492
9050,0.39394
9051,0.39394
9052,0.39394
9053,0.39394
9054,0.39394
9055,0.39394
9056,0.39394
9057,0.39589
9058,0.39687
9059,0.39883
9060,0.3998
9061,0.40078
9062,0.3998
9063,0.39785
9064,0.39492
9065,0.39296
9066,0.39296
9067,0.39296
9068,0.39296
9069,0.39394
9070,0.39589
9071,0.39687
9072,0.39883
9073,0.40371
9074,0.40958
9075,0.41642
9076,0.42326
9077,0.43109
9078,0.43891
9079,0.44966
9080,0.46237
9081,0.47703
9082,0.48974
9083,0.50342
9084,0.51808
9085,0.53568
9086,0.55327
9087,0.57185
9088,0.59335
9089,0.61388
9090,0.63343
9091,0.652
9092,0.67058
9093,0.68719
9094,0.70577
9095,0.72141
9096,0.73412
9097,0.74585
9098,0.7566
9099,0.76637
9100,0.77322
9101,0.7781
9102,0.78201
9103,0.78299
9104,0.78104
9105,0.7781
9106,0.77419
9107,0.76833
9108,0.76246
9109,0.75464
9110,0.74878
9111,0.74291
9112,0.73705
9113,0.73216
9114,0.72727
9115,0.72141
9116,0.71652
9117,0.71163
9118,0.70674
9119,0.70186
9120,0.69697
9121,0.69208
9122,0.68915
9123,0.68622
9124,0.68133
9125,0.67644
9126,0.67155
9127,0.66667
9128,0.6608
9129,0.65396
9130,0.64712
9131,0.6393
9132,0.63343
9133,0.62757
9134,0.62463
9135,0.6217
9136,0.61877
9137,0.61486
9138,0.61193
9139,0.60802
9140,0.60411
9141,0.6002
9142,0.59726
9143,0.59335
9144,0.58944
9145,0.58553
9146,0.58162
9147,0.57967
9148,0.57674
9149,0.57283
9150,0.56794
9151,0.56403
9152,0.56012
9153,0.55523
9154,0.55034
9155,0.54545
9156,0.54154
9157,0.53763
9158,0.53275
9159,0.52786
9160,0.52395
9161,0.52004
9162,0.51613
9163,0.51222
9164,0.51124
9165,0.51026
9166,0.50929
9167,0.50929
9168,0.50929
9169,0.51026
9170,0.51222
9171,0.51417
9172,0.51613
9173,0.51906
9174,0.52297
9175,0.52688
9176,0.53372
9177,0.5435
9178,0.55327
9179,0.565
9180,0.57869
9181,0.59531
9182,0.61193
9183,0.62757
9184,0.64321
9185,0.65787
9186,0.67351
9187,0.68622
9188,0.69892
9189,0.71163
9190,0.72532
9191,0.73803
9192,0.74976
9193,0.76051
9194,0.77028
9195,0.77713
9196,0.78201
9197,0.78592
9198,0.79081
9199,0.79277
9200,0.79179
9201,0.78983
9202,0.7869
9203,0.78299
9204,0.77908
9205,0.77615
9206,0.77224
9207,0.76833
9208,0.76344
9209,0.7566
9210,0.74976
9211,0.74291
9212,0.73607
9213,0.73021
9214,0.72532
9215,0.72043
9216,0.71554
9217,0.71163
9218,0.70772
9219,0.70479
9220,0.6999
9221,0.69404
9222,0.68719
9223,0.68035
9224,0.67253
9225,0.66569
9226,0.65885
9227,0.65396
9228,0.64907
9229,0.64321
9230,0.63734
9231,0.63245
9232,0.62757
9233,0.62463
9234,0.6217
9235,0.61877
9236,0.61584
9237,0.61388
9238,0.61095
9239,0.60899
9240,0.5826
9241,0.5435
9242,0.52297
9243,0.5132
9244,0.50733
9245,0.50538
9246,0.50342
9247,0.50244
9248,0.50147
9249,0.49951
9250,0.49756
9251,0.4956
9252,0.49365
9253,0.49169
9254,0.48974
9255,0.48778
9256,0.48583
9257,0.48387
9258,0.48192
9259,0.47898
9260,0.47703
9261,0.47507
9262,0.47312
9263,0.4741
9264,0.47507
9265,0.47703
9266,0.47898
9267,0.48289
9268,0.48778
9269,0.49365
9270,0.50049
9271,0.50733
9272,0.51515
9273,0.52395
9274,0.53275
9275,0.54252
9276,0.55132
9277,0.56012
9278,0.56989
9279,0.57869
9280,0.58749
9281,0.59629
9282,0.60411
9283,0.61193
9284,0.61975
9285,0.62854
9286,0.63636
9287,0.64418
9288,0.65005
9289,0.65494
9290,0.65787
9291,0.65787
9292,0.65689
9293,0.65494
9294,0.65298
9295,0.65103
9296,0.64907
9297,0.64614
9298,0.64418
9299,0.64125
9300,0.63734
9301,0.63343
9302,0.62757
9303,0.62072
9304,0.61388
9305,0.60802
9306,0.60215
9307,0.59629
9308,0.5914
9309,0.58651
9310,0.58162
9311,0.57576
9312,0.56989
9313,0.56305
9314,0.55718
9315,0.55034
9316,0.54545
9317,0.54057
9318,0.53568
9319,0.53177
9320,0.52786
9321,0.52395
9322,0.52102
9323,0.51711
9324,0.51417
9325,0.50929
9326,0.50635
9327,0.50244
9328,0.49853
9329,0.49365
9330,0.48778
9331,0.48192
9332,0.47801
9333,0.47312
9334,0.46823
9335,0.46334
9336,0.45943
9337,0.45455
9338,0.45064
9339,0.4477
9340,0.44477
9341,0.44086
9342,0.43793
9343,0.435
9344,0.43206
9345,0.43011
9346,0.42815
9347,0.4262
9348,0.42229
9349,0.41838
9350,0.41642
9351,0.41447
9352,0.41447
9353,0.41447
9354,0.41642
9355,0.41935
9356,0.42326
9357,0.42815
9358,0.43206
9359,0.43695
9360,0.44184
9361,0.4477
9362,0.45455
9363,0.46334
9364,0.47312
9365,0.48387
9366,0.4956
9367,0.50635
9368,0.51906
9369,0.53177
9370,0.5435
9371,0.55425
9372,0.56696
9373,0.57869
9374,0.5914
9375,0.60313
9376,0.61388
9377,0.62561
9378,0.63734
9379,0.64809
9380,0.65591
9381,0.66178
9382,0.66764
9383,0.67253
9384,0.67644
9385,0.6784
9386,0.68035
9387,0.68133
9388,0.68133
9389,0.68231
9390,0.68231
9391,0.68231
9392,0.68133
9393,0.6784
9394,0.67644
9395,0.67351
9396,0.6696
9397,0.66569
9398,0.66276
9399,0.6608
9400,0.65787
9401,0.65591
9402,0.65298
9403,0.65103
9404,0.64907
9405,0.64614
9406,0.64418
9407,0.64223
9408,0.6393
9409,0.63441
9410,0.6305
9411,0.62561
9412,0.61975
9413,0.61388
9414,0.60802
9415,0.60215
9416,0.59629
9417,0.59335
9418,0.58944
9419,0.58749
9420,0.58456
9421,0.5826
9422,0.57967
9423,0.57771
9424,0.57576
9425,0.57283
9426,0.56989
9427,0.56794
9428,0.565
9429,0.56305
9430,0.56012
9431,0.55816
9432,0.55523
9433,0.5523
9434,0.54936
9435,0.54545
9436,0.54252
9437,0.54057
9438,0.53666
9439,0.53275
9440,0.52786
9441,0.52395
9442,0.52102
9443,0.51808
9444,0.51711
9445,0.51808
9446,0.51808
9447,0.51906
9448,0.51906
9449,0.51906
9450,0.51906
9451,0.51906
9452,0.52004
9453,0.52199
9454,0.52493
9455,0.52981
9456,0.53568
9457,0.5435
9458,0.55327
9459,0.565
9460,0.57674
9461,0.58847
9462,0.59824
9463,0.60802
9464,0.61779
9465,0.62854
9466,0.64027
9467,0.65103
9468,0.65982
9469,0.66764
9470,0.67351
9471,0.67937
9472,0.68426
9473,0.68915
9474,0.69306
9475,0.69501
9476,0.69501
9477,0.69599
9478,0.69501
9479,0.69306
9480,0.69013
9481,0.68622
9482,0.68133
9483,0.67742
9484,0.67253
9485,0.66862
9486,0.66471
9487,0.6608
9488,0.65689
9489,0.652
9490,0.64712
9491,0.64321
9492,0.63832
9493,0.63245
9494,0.62757
9495,0.6217
9496,0.60117
9497,0.5738
9498,0.55816
9499,0.54839
9500,0.54154
9501,0.53666
9502,0.53275
9503,0.52981
9504,0.52688
9505,0.52493
9506,0.52199
9507,0.51906
9508,0.51613
9509,0.5132
9510,0.51026
9511,0.50733
9512,0.5044
9513,0.50147
9514,0.49756
9515,0.4956
9516,0.49267
9517,0.48876
9518,0.48583
9519,0.48387
9520,0.48192
9521,0.47996
9522,0.47605
9523,0.47312
9524,0.47116
9525,0.46921
9526,0.46725
9527,0.46628
9528,0.46432
9529,0.46432
9530,0.46334
9531,0.46237
9532,0.46041
9533,0.45943
9534,0.45846
9535,0.45748
9536,0.4565
9537,0.4565
9538,0.4565
9539,0.45748
9540,0.45846
9541,0.46041
9542,0.46237
9543,0.46432
9544,0.46628
9545,0.46921
9546,0.47214
9547,0.47605
9548,0.48094
9549,0.4868
9550,0.49462
9551,0.5044
9552,0.51417
9553,0.52493
9554,0.53372
9555,0.54154
9556,0.55034
9557,0.56012
9558,0.56989
9559,0.57869
9560,0.58749
9561,0.59433
9562,0.60117
9563,0.60704
9564,0.61193
9565,0.61584
9566,0.62072
9567,0.62268
9568,0.62366
9569,0.62463
9570,0.62463
9571,0.62366
9572,0.6217
9573,0.61779
9574,0.61388
9575,0.60997
9576,0.60606
9577,0.60215
9578,0.59824
9579,0.59531
9580,0.59238
9581,0.58944
9582,0.58749
9583,0.58553
9584,0.5826
9585,0.57967
9586,0.57674
9587,0.57283
9588,0.56794
9589,0.56403
9590,0.55914
9591,0.55523
9592,0.55132
9593,0.54741
9594,0.5435
9595,0.54057
9596,0.53763
9597,0.53372
9598,0.53079
9599,0.52688
9600,0.52395
9601,0.52004
9602,0.51613
9603,0.51124
9604,0.50733
9605,0.50342
9606,0.49951
9607,0.49462
9608,0.49071
9609,0.48583
9610,0.48094
9611,0.47605
9612,0.47214
9613,0.46921
9614,0.4653
9615,0.46139
9616,0.45846
9617,0.45552
9618,0.45259
9619,0.44966
9620,0.44673
9621,0.44477
9622,0.44184
9623,0.43891
9624,0.435
9625,0.43206
9626,0.42815
9627,0.42424
9628,0.42131
9629,0.4174
9630,0.41447
9631,0.41251
9632,0.41056
9633,0.4086
9634,0.40665
9635,0.40567
9636,0.40567
9637,0.40567
9638,0.40665
9639,0.4086
9640,0.41056
9641,0.41349
9642,0.4174
9643,0.42326
9644,0.42913
9645,0.43695
9646,0.44477
9647,0.45259
9648,0.46139
9649,0.47019
9650,0.47898
9651,0.48778
9652,0.49853
9653,0.50831
9654,0.51808
9655,0.52688
9656,0.5347
9657,0.54252
9658,0.54839
9659,0.55425
9660,0.55816
9661,0.56305
9662,0.56598
9663,0.56891
9664,0.57087
9665,0.57283
9666,0.57283
9667,0.57185
9668,0.57087
9669,0.56891
9670,0.56696
9671,0.565
9672,0.56305
9673,0.56109
9674,0.55914
9675,0.55718
9676,0.55523
9677,0.55425
9678,0.55327
9679,0.5523
9680,0.55034
9681,0.54936
9682,0.54741
9683,0.54545
9684,0.5435
9685,0.54154
9686,0.53861
9687,0.53666
9688,0.5347
9689,0.53372
9690,0.53372
9691,0.53177
9692,0.53079
9693,0.53079
9694,0.52981
9695,0.52981
9696,0.52981
9697,0.52981
9698,0.52981
9699,0.52981
9700,0.52981
9701,0.52981
9702,0.52981
9703,0.52981
9704,0.52981
9705,0.52981
9706,0.52981
9707,0.52981
9708,0.52981
9709,0.52981
9710,0.52786
9711,0.52493
9712,0.52199
9713,0.51906
9714,0.51515
9715,0.51222
9716,0.50929
9717,0.50733
9718,0.5044
9719,0.50244
9720,0.50049
9721,0.49756
9722,0.4956
9723,0.49365
9724,0.49267
9725,0.49267
9726,0.49462
9727,0.49756
9728,0.50342
9729,0.51026
9730,0.51808
9731,0.52395
9732,0.52981
9733,0.53568
9734,0.54154
9735,0.54741
9736,0.55523
9737,0.56403
9738,0.57283
9739,0.57967
9740,0.58847
9741,0.59629
9742,0.60411
9743,0.6129
9744,0.62072
9745,0.62854
9746,0.63636
9747,0.64223
9748,0.64809
9749,0.652
9750,0.65494
9751,0.65591
9752,0.64321
9753,0.62463
9754,0.61486
9755,0.60997
9756,0.60606
9757,0.60215
9758,0.59922
9759,0.59531
9760,0.59238
9761,0.58847
9762,0.58456
9763,0.58162
9764,0.57771
9765,0.57478
9766,0.57087
9767,0.56794
9768,0.56403
9769,0.55914
9770,0.55621
9771,0.55327
9772,0.55034
9773,0.54741
9774,0.54448
9775,0.54154
9776,0.53861
9777,0.53568
9778,0.53275
9779,0.52981
9780,0.5259
9781,0.52102
9782,0.51613
9783,0.51222
9784,0.50733
9785,0.50342
9786,0.50049
9787,0.49756
9788,0.49462
9789,0.49169
9790,0.48974
9791,0.4868
9792,0.48387
9793,0.48192
9794,0.47898
9795,0.47703
9796,0.4741
9797,0.47214
9798,0.46921
9799,0.46725
9800,0.4653
9801,0.46432
9802,0.46139
9803,0.45943
9804,0.4565
9805,0.45357
9806,0.45064
9807,0.4477
9808,0.44575
9809,0.44379
9810,0.44282
9811,0.44282
9812,0.44282
9813,0.44282
9814,0.44379
9815,0.44379
9816,0.44379
9817,0.44379
9818,0.44379
9819,0.44379
9820,0.44477
9821,0.44575
9822,0.44868
9823,0.45161
9824,0.45552
9825,0.46139
9826,0.46725
9827,0.4741
9828,0.48094
9829,0.48876
9830,0.49658
9831,0.50244
9832,0.51026
9833,0.51808
9834,0.52688
9835,0.53568
9836,0.5435
9837,0.55132
9838,0.55816
9839,0.565
9840,0.57087
9841,0.57478
9842,0.57869
9843,0.58162
9844,0.58456
9845,0.58749
9846,0.58944
9847,0.59042
9848,0.5914
9849,0.5914
9850,0.5914
9851,0.59042
9852,0.58944
9853,0.58749
9854,0.58456
9855,0.58065
9856,0.57771
9857,0.57478
9858,0.57087
9859,0.56696
9860,0.56305
9861,0.55914
9862,0.55425
9863,0.55034
9864,0.54643
9865,0.5435
9866,0.54057
9867,0.53666
9868,0.5347
9869,0.53177
9870,0.52884
9871,0.5259
9872,0.52199
9873,0.51906
9874,0.51515
9875,0.51124
9876,0.50733
9877,0.50342
9878,0.50049
9879,0.49756
9880,0.49462
9881,0.49169
9882,0.48974
9883,0.48876
9884,0.48583
9885,0.48387
9886,0.48192
9887,0.47898
9888,0.47703
9889,0.47507
9890,0.47214
9891,0.46921
9892,0.46725
9893,0.46432
9894,0.46237
9895,0.45943
9896,0.45748
9897,0.45455
9898,0.45064
9899,0.4477
9900,0.44379
9901,0.43988
9902,0.43597
9903,0.43304
9904,0.43011
9905,0.42717
9906,0.42424
9907,0.42131
9908,0.41935
9909,0.4174
9910,0.41544
9911,0.41447
9912,0.41349
9913,0.41349
9914,0.41447
9915,0.41642
9916,0.42033
9917,0.42522
9918,0.43011
9919,0.435
9920,0.44184
9921,0.4477
9922,0.45357
9923,0.45943
9924,0.4653
9925,0.47214
9926,0.47898
9927,0.48583
9928,0.49169
9929,0.4956
9930,0.50049
9931,0.50538
9932,0.50929
9933,0.5132
9934,0.51613
9935,0.51808
9936,0.52004
9937,0.52199
9938,0.52297
9939,0.52493
9940,0.5259
9941,0.52493
9942,0.52395
9943,0.52199
9944,0.51906
9945,0.51515
9946,0.51222
9947,0.50831
9948,0.50635
9949,0.5044
9950,0.50244
9951,0.50049
9952,0.49951
9953,0.49853
9954,0.49853
9955,0.49756
9956,0.4956
9957,0.4956
9958,0.49462
9959,0.49462
9960,0.49462
9961,0.49462
9962,0.49462
9963,0.49462
9964,0.49365
9965,0.49267
9966,0.49169
9967,0.49169
9968,0.49071
9969,0.49071
9970,0.49071
9971,0.49071
9972,0.48974
9973,0.48876
9974,0.48778
9975,0.48778
9976,0.48778
9977,0.48778
9978,0.48778
9979,0.48778
9980,0.48876
9981,0.48876
9982,0.48876
9983,0.48876
9984,0.48876
9985,0.48876
9986,0.48876
9987,0.48876
9988,0.48876
9989,0.48876
9990,0.48876
9991,0.48876
9992,0.48876
9993,0.48876
9994,0.48876
9995,0.48876
9996,0.48876
9997,0.48876
9998,0.48974
9999,0.49169
10000,0.49267
10001,0.49365
10002,0.4956
10003,0.49658
10004,0.49756
10005,0.49951
10006,0.50049
10007,0.50244
10008,0.5044
10009,0.50538
10010,0.50929
10011,0.5132
10012,0.51906
10013,0.52395
10014,0.52786
10015,0.53275
10016,0.53861
10017,0.54545
10018,0.55327
10019,0.56012
10020,0.56794
10021,0.57576
10022,0.58358
10023,0.5914
10024,0.59922
10025,0.60508
10026,0.60704
10027,0.60899
10028,0.61095
10029,0.61193
10030,0.6129
10031,0.6129
10032,0.61193
10033,0.60997
10034,0.60899
10035,0.60606
10036,0.60313
10037,0.59922
10038,0.59531
10039,0.5914
10040,0.58749
10041,0.58358
10042,0.57967
10043,0.57576
10044,0.57185
10045,0.56598
10046,0.56109
10047,0.55621
10048,0.55034
10049,0.54643
10050,0.54252
10051,0.53763
10052,0.53372
10053,0.52884
10054,0.52493
10055,0.52102
10056,0.51711
10057,0.51222
10058,0.50733
10059,0.50244
10060,0.49756
10061,0.49267
10062,0.48876
10063,0.48485
10064,0.48192
10065,0.47898
10066,0.47801
10067,0.47605
10068,0.4741
10069,0.47312
10070,0.47116
10071,0.47019
10072,0.46823
10073,0.46628
10074,0.46334
10075,0.46139
10076,0.45846
10077,0.45455
10078,0.45064
10079,0.4477
10080,0.44379
10081,0.44086
10082,0.43695
10083,0.43304
10084,0.43011
10085,0.42717
10086,0.42522
10087,0.42326
10088,0.42131
10089,0.41935
10090,0.41838
10091,0.4174
10092,0.41838
10093,0.41838
10094,0.41838
10095,0.41935
10096,0.42131
10097,0.42326
10098,0.42522
10099,0.42717
10100,0.43011
10101,0.43402
10102,0.43695
10103,0.44184
10104,0.4477
10105,0.45259
10106,0.45846
10107,0.4653
10108,0.47312
10109,0.48192
10110,0.49169
10111,0.50147
10112,0.51026
10113,0.52004
10114,0.52981
10115,0.53959
10116,0.54741
10117,0.5523
10118,0.55621
10119,0.55914
10120,0.56305
10121,0.56696
10122,0.56989
10123,0.57283
10124,0.57478
10125,0.57576
10126,0.57576
10127,0.57576
10128,0.57576
10129,0.5738
10130,0.57087
10131,0.56794
10132,0.56403
10133,0.56012
10134,0.55621
10135,0.55327
10136,0.55034
10137,0.54839
10138,0.54545
10139,0.5435
10140,0.54057
10141,0.53763
10142,0.53372
10143,0.53079
10144,0.52786
10145,0.52395
10146,0.52102
10147,0.51613
10148,0.51222
10149,0.50733
10150,0.50244
10151,0.49756
10152,0.49365
10153,0.49071
10154,0.48876
10155,0.48485
10156,0.48192
10157,0.47801
10158,0.47507
10159,0.47116
10160,0.46823
10161,0.46432
10162,0.46041
10163,0.45748
10164,0.45357
10165,0.45161
10166,0.44966
10167,0.4477
10168,0.44575
10169,0.44184
10170,0.43891
10171,0.43597
10172,0.43206
10173,0.42913
10174,0.42717
10175,0.42522
10176,0.42326
10177,0.42131
10178,0.41935
10179,0.4174
10180,0.41544
10181,0.41349
10182,0.41153
10183,0.40958
10184,0.40762
10185,0.40665
10186,0.40567
10187,0.40469
10188,0.40567
10189,0.40665
10190,0.40762
10191,0.40958
10192,0.41153
10193,0.41447
10194,0.41838
10195,0.42326
10196,0.42717
10197,0.43109
10198,0.43402
10199,0.43891
10200,0.44379
10201,0.44966
10202,0.45455
10203,0.46041
10204,0.46725
10205,0.47312
10206,0.47898
10207,0.48485
10208,0.48876
10209,0.49365
10210,0.49658
10211,0.49853
10212,0.50049
10213,0.50244
10214,0.5044
10215,0.50635
10216,0.50635
10217,0.50538
10218,0.5044
10219,0.50244
10220,0.50049
10221,0.49853
10222,0.49658
10223,0.49365
10224,0.49071
10225,0.48778
10226,0.48387
10227,0.47996
10228,0.47605
10229,0.47214
10230,0.46823
10231,0.46432
10232,0.45846
10233,0.45357
10234,0.4477
10235,0.44184
10236,0.435
10237,0.43109
10238,0.42717
10239,0.42326
10240,0.41935
10241,0.41642
10242,0.41251
10243,0.4086
10244,0.40567
10245,0.40176
10246,0.39785
10247,0.39394
10248,0.38905
10249,0.38514
10250,0.38123
10251,0.37928
10252,0.37634
10253,0.37439
10254,0.37243
10255,0.37048
10256,0.36852
10257,0.36852
10258,0.36755
10259,0.36755
10260,0.36755
10261,0.36755
10262,0.36755
10263,0.36755
10264,0.37341
10265,0.38221
10266,0.38612
10267,0.38807
10268,0.38905
10269,0.39003
10270,0.39003
10271,0.39003
10272,0.38905
10273,0.38905
10274,0.38905
10275,0.38905
10276,0.38905
10277,0.39003
10278,0.39101
10279,0.39198
10280,0.39296
10281,0.39492
10282,0.39883
10283,0.40274
10284,0.40762
10285,0.41251
10286,0.4174
10287,0.42326
10288,0.43011
10289,0.43695
10290,0.44282
10291,0.44966
10292,0.45552
10293,0.46334
10294,0.47214
10295,0.48094
10296,0.48974
10297,0.49756
10298,0.5044
10299,0.51124
10300,0.51906
10301,0.52688
10302,0.53372
10303,0.53861
10304,0.5435
10305,0.54839
10306,0.5523
10307,0.55425
10308,0.55621
10309,0.55621
10310,0.55523
10311,0.55327
10312,0.55132
10313,0.54936
10314,0.54839
10315,0.54643
10316,0.54448
10317,0.54252
10318,0.53959
10319,0.53763
10320,0.5347
10321,0.53177
10322,0.52981
10323,0.52688
10324,0.52297
10325,0.52004
10326,0.51711
10327,0.5132
10328,0.51026
10329,0.50635
10330,0.50244
10331,0.49853
10332,0.4956
10333,0.49267
10334,0.48974
10335,0.4868
10336,0.48387
10337,0.48094
10338,0.47898
10339,0.47605
10340,0.47312
10341,0.47019
10342,0.46725
10343,0.46432
10344,0.46041
10345,0.45748
10346,0.45357
10347,0.44966
10348,0.44575
10349,0.44282
10350,0.43988
10351,0.43695
10352,0.435
10353,0.43304
10354,0.43109
10355,0.43011
10356,0.42913
10357,0.42717
10358,0.42522
10359,0.42229
10360,0.41935
10361,0.41642
10362,0.41447
10363,0.41251
10364,0.41056
10365,0.4086
10366,0.40665
10367,0.40567
10368,0.40371
10369,0.40176
10370,0.39883
10371,0.39687
10372,0.39492
10373,0.39296
10374,0.39198
10375,0.39101
10376,0.39101
10377,0.39198
10378,0.39296
10379,0.39492
10380,0.39687
10381,0.39785
10382,0.40078
10383,0.40371
10384,0.40762
10385,0.41251
10386,0.4174
10387,0.42229
10388,0.42815
10389,0.435
10390,0.44184
10391,0.44868
10392,0.45552
10393,0.46237
10394,0.46823
10395,0.4741
10396,0.48094
10397,0.4868
10398,0.49267
10399,0.49658
10400,0.49951
10401,0.50244
10402,0.5044
10403,0.50635
10404,0.50733
10405,0.50929
10406,0.50929
10407,0.50929
10408,0.50831
10409,0.50831
10410,0.50733
10411,0.50635
10412,0.5044
10413,0.50244
10414,0.50049
10415,0.49756
10416,0.49462
10417,0.49169
10418,0.48974
10419,0.48778
10420,0.48583
10421,0.48387
10422,0.48094
10423,0.47898
10424,0.47605
10425,0.47312
10426,0.46921
10427,0.46628
10428,0.46237
10429,0.45846
10430,0.45455
10431,0.45064
10432,0.44673
10433,0.44477
10434,0.44282
10435,0.44086
10436,0.43891
10437,0.43793
10438,0.43597
10439,0.43402
10440,0.43206
10441,0.43109
10442,0.42913
10443,0.42717
10444,0.42522
10445,0.42424
10446,0.42229
10447,0.42131
10448,0.42033
10449,0.41838
10450,0.4174
10451,0.41544
10452,0.41349
10453,0.41153
10454,0.41056
10455,0.4086
10456,0.40665
10457,0.40469
10458,0.40371
10459,0.40176
10460,0.40078
10461,0.3998
10462,0.39785
10463,0.39589
10464,0.39492
10465,0.39296
10466,0.39198
10467,0.39101
10468,0.39101
10469,0.39101
10470,0.39198
10471,0.39296
10472,0.39492
10473,0.39687
10474,0.3998
10475,0.40469
10476,0.4086
10477,0.41349
10478,0.41935
10479,0.42424
10480,0.43011
10481,0.43695
10482,0.44379
10483,0.45064
10484,0.45748
10485,0.46432
10486,0.47019
10487,0.47605
10488,0.48192
10489,0.48778
10490,0.49267
10491,0.4956
10492,0.49853
10493,0.50049
10494,0.50244
10495,0.50244
10496,0.50147
10497,0.50049
10498,0.49951
10499,0.49853
10500,0.49756
10501,0.49756
10502,0.49756
10503,0.49756
10504,0.49756
10505,0.49756
10506,0.49756
10507,0.49658
10508,0.4956
10509,0.49267
10510,0.48974
10511,0.48583
10512,0.48289
10513,0.47898
10514,0.4741
10515,0.47019
10516,0.47116
10517,0.47507
10518,0.47507
10519,0.47116
10520,0.46725
10521,0.46237
10522,0.45943
10523,0.45455
10524,0.45161
10525,0.44868
10526,0.44575
10527,0.44282
10528,0.43891
10529,0.435
10530,0.43109
10531,0.4262
10532,0.42229
10533,0.41642
10534,0.41153
10535,0.40762
10536,0.40176
10537,0.39785
10538,0.39492
10539,0.39296
10540,0.39198
10541,0.39101
10542,0.38905
10543,0.38612
10544,0.38319
10545,0.37928
10546,0.37439
10547,0.37048
10548,0.36559
10549,0.3607
10550,0.35582
10551,0.35191
10552,0.34897
10553,0.34506
10554,0.34213
10555,0.34115
10556,0.34018
10557,0.3392
10558,0.3392
10559,0.3392
10560,0.34018
10561,0.34213
10562,0.34506
10563,0.34897
10564,0.35288
10565,0.35679
10566,0.36168
10567,0.36755
10568,0.37439
10569,0.38221
10570,0.39003
10571,0.39883
10572,0.4086
10573,0.41935
10574,0.43011
10575,0.44184
10576,0.45357
10577,0.46334
10578,0.47214
10579,0.48192
10580,0.49169
10581,0.50147
10582,0.51026
10583,0.51906
10584,0.5259
10585,0.53177
10586,0.5347
10587,0.53861
10588,0.54154
10589,0.54448
10590,0.54643
10591,0.54839
10592,0.55034
10593,0.5523
10594,0.55425
10595,0.55425
10596,0.55425
10597,0.55425
10598,0.55327
10599,0.55327
10600,0.55132
10601,0.55034
10602,0.55034
10603,0.54936
10604,0.54741
10605,0.54545
10606,0.5435
10607,0.54057
10608,0.53861
10609,0.53666
10610,0.5347
10611,0.53275
10612,0.53079
10613,0.52981
10614,0.52786
10615,0.52493
10616,0.52102
10617,0.51808
10618,0.51515
10619,0.51124
10620,0.50831
10621,0.5044
10622,0.50147
10623,0.49853
10624,0.49462
10625,0.49169
10626,0.48778
10627,0.48387
10628,0.47996
10629,0.47703
10630,0.4741
10631,0.47214
10632,0.47116
10633,0.46921
10634,0.46628
10635,0.46334
10636,0.46139
10637,0.45846
10638,0.4565
10639,0.45455
10640,0.45259
10641,0.45161
10642,0.45064
10643,0.45064
10644,0.45064
10645,0.45064
10646,0.45064
10647,0.45064
10648,0.44966
10649,0.44868
10650,0.4477
10651,0.44868
10652,0.45064
10653,0.45259
10654,0.45455
10655,0.4565
10656,0.45943
10657,0.46334
10658,0.46725
10659,0.47116
10660,0.47507
10661,0.47996
10662,0.48485
10663,0.49071
10664,0.49853
10665,0.50733
10666,0.51515
10667,0.52395
10668,0.53177
10669,0.53763
10670,0.54252
10671,0.54839
10672,0.55523
10673,0.56305
10674,0.56989
10675,0.57576
10676,0.58065
10677,0.58456
10678,0.58749
10679,0.58944
10680,0.59238
10681,0.59335
10682,0.59335
10683,0.5914
10684,0.58944
10685,0.58749
10686,0.58553
10687,0.58358
10688,0.58065
10689,0.57869
10690,0.57674
10691,0.5738
10692,0.56989
10693,0.565
10694,0.56012
10695,0.55621
10696,0.5523
10697,0.54741
10698,0.5435
10699,0.53959
10700,0.53568
10701,0.53177
10702,0.52786
10703,0.52395
10704,0.52102
10705,0.51808
10706,0.51613
10707,0.51417
10708,0.51222
10709,0.50929
10710,0.50538
10711,0.50147
10712,0.49756
10713,0.49267
10714,0.48876
10715,0.48387
10716,0.47996
10717,0.47605
10718,0.47214
10719,0.46921
10720,0.46628
10721,0.46334
10722,0.46237
10723,0.46139
10724,0.46139
10725,0.46041
10726,0.46041
10727,0.45943
10728,0.45748
10729,0.45552
10730,0.45357
10731,0.45161
10732,0.44966
10733,0.4477
10734,0.44477
10735,0.44379
10736,0.44184
10737,0.43988
10738,0.43793
10739,0.43695
10740,0.43597
10741,0.43597
10742,0.43695
10743,0.43891
10744,0.44086
10745,0.44282
10746,0.44575
10747,0.44868
10748,0.45259
10749,0.45748
10750,0.46139
10751,0.46628
10752,0.47214
10753,0.47898
10754,0.4868
10755,0.4956
10756,0.5044
10757,0.5132
10758,0.52102
10759,0.52884
10760,0.53568
10761,0.54154
10762,0.54741
10763,0.55327
10764,0.56012
10765,0.56794
10766,0.57478
10767,0.58162
10768,0.58749
10769,0.59238
10770,0.59531
10771,0.59824
10772,0.59824
10773,0.59726
10774,0.59629
10775,0.59433
10776,0.59531
10777,0.59726
10778,0.59726
10779,0.59629
10780,0.59433
10781,0.59335
10782,0.5914
10783,0.58944
10784,0.58749
10785,0.58553
10786,0.58358
10787,0.58065
10788,0.57869
10789,0.57576
10790,0.57283
10791,0.56989
10792,0.56794
10793,0.565
10794,0.56109
10795,0.55718
10796,0.55327
10797,0.54936
10798,0.54643
10799,0.5435
10800,0.54154
10801,0.53959
10802,0.53666
10803,0.5347
10804,0.53275
10805,0.52981
10806,0.52688
10807,0.52395
10808,0.52102
10809,0.51711
10810,0.51417
10811,0.51124
10812,0.50929
10813,0.50733
10814,0.5044
10815,0.50244
10816,0.50049
10817,0.49756
10818,0.49462
10819,0.49267
10820,0.49071
10821,0.48876
10822,0.4868
10823,0.48485
10824,0.48289
10825,0.48094
10826,0.47898
10827,0.47801
10828,0.47703
10829,0.47507
10830,0.4741
10831,0.47214
10832,0.47019
10833,0.46823
10834,0.46628
10835,0.4653
10836,0.4653
10837,0.46432
10838,0.4653
10839,0.46725
10840,0.46823
10841,0.47019
10842,0.47214
10843,0.47507
10844,0.47898
10845,0.48387
10846,0.48876
10847,0.49365
10848,0.49853
10849,0.50538
10850,0.51124
10851,0.51711
10852,0.52395
10853,0.52981
10854,0.53568
10855,0.54057
10856,0.54643
10857,0.55034
10858,0.55327
10859,0.55523
10860,0.55718
10861,0.55914
10862,0.56012
10863,0.56012
10864,0.55914
10865,0.55718
10866,0.55621
10867,0.55327
10868,0.55132
10869,0.54936
10870,0.54741
10871,0.54448
10872,0.54252
10873,0.54057
10874,0.53861
10875,0.53666
10876,0.5347
10877,0.53275
10878,0.53177
10879,0.52981
10880,0.52786
10881,0.52688
10882,0.5259
10883,0.52395
10884,0.52199
10885,0.52004
10886,0.51808
10887,0.51711
10888,0.51613
10889,0.51417
10890,0.5132
10891,0.51124
10892,0.51026
10893,0.50831
10894,0.50733
10895,0.50538
10896,0.50342
10897,0.50147
10898,0.49951
10899,0.49756
10900,0.4956
10901,0.49462
10902,0.49365
10903,0.49365
10904,0.49365
10905,0.49365
10906,0.49365
10907,0.49365
10908,0.49365
10909,0.49365
10910,0.49365
10911,0.49365
10912,0.49365
10913,0.49365
10914,0.49365
10915,0.49365
10916,0.49365
10917,0.49365
10918,0.49365
10919,0.49365
10920,0.49365
10921,0.49365
10922,0.49365
10923,0.49365
10924,0.49462
10925,0.4956
10926,0.49756
10927,0.50049
10928,0.50342
10929,0.50635
10930,0.51026
10931,0.51417
10932,0.51906
10933,0.52395
10934,0.52981
10935,0.53666
10936,0.5435
10937,0.54936
10938,0.55523
10939,0.56109
10940,0.56696
10941,0.57283
10942,0.57869
10943,0.58456
10944,0.59042
10945,0.59629
10946,0.60117
10947,0.60606
10948,0.61095
10949,0.61681
10950,0.62268
10951,0.62854
10952,0.63245
10953,0.63734
10954,0.64027
10955,0.64125
10956,0.64223
10957,0.64223
10958,0.64027
10959,0.6393
10960,0.63734
10961,0.63441
10962,0.63148
10963,0.62757
10964,0.62463
10965,0.6217
10966,0.61975
10967,0.61584
10968,0.6129
10969,0.60997
10970,0.60704
10971,0.60313
10972,0.6002
10973,0.59726
10974,0.59335
10975,0.59042
10976,0.58847
10977,0.58651
10978,0.58358
10979,0.57967
10980,0.57478
10981,0.57087
10982,0.56598
10983,0.56109
10984,0.55621
10985,0.55327
10986,0.55034
10987,0.54741
10988,0.54545
10989,0.54252
10990,0.53959
10991,0.53763
10992,0.5347
10993,0.53275
10994,0.53079
10995,0.52884
10996,0.52786
10997,0.5259
10998,0.52493
10999,0.52297
11000,0.52102
11001,0.51906
11002,0.51613
11003,0.5132
11004,0.51124
11005,0.50831
11006,0.50538
11007,0.50244
11008,0.49853
11009,0.4956
11010,0.49462
11011,0.49365
11012,0.49365
11013,0.49267
11014,0.49169
11015,0.49071
11016,0.48876
11017,0.4868
11018,0.48583
11019,0.4868
11020,0.48778
11021,0.48876
11022,0.49071
11023,0.49267
11024,0.49462
11025,0.49756
11026,0.50147
11027,0.5044
11028,0.50831
11029,0.51417
11030,0.52004
11031,0.52786
11032,0.52102
11033,0.50733
11034,0.50538
11035,0.51026
11036,0.51613
11037,0.52297
11038,0.53275
11039,0.54252
11040,0.55327
11041,0.56207
11042,0.56989
11043,0.57674
11044,0.58358
11045,0.58944
11046,0.59531
11047,0.59824
11048,0.6002
11049,0.60117
11050,0.60117
11051,0.60117
11052,0.6002
11053,0.59824
11054,0.59531
11055,0.59335
11056,0.5914
11057,0.58847
11058,0.58651
11059,0.5826
11060,0.57869
11061,0.57478
11062,0.56989
11063,0.56598
11064,0.56207
11065,0.55816
11066,0.55327
11067,0.54839
11068,0.54545
11069,0.54252
11070,0.53959
11071,0.53763
11072,0.5347
11073,0.53079
11074,0.5259
11075,0.52199
11076,0.51711
11077,0.5132
11078,0.50831
11079,0.5044
11080,0.50049
11081,0.49853
11082,0.49658
11083,0.49365
11084,0.48974
11085,0.48583
11086,0.48094
11087,0.47703
11088,0.4741
11089,0.47214
11090,0.47116
11091,0.46921
11092,0.46725
11093,0.4653
11094,0.46237
11095,0.45846
11096,0.45357
11097,0.44966
11098,0.44575
11099,0.44282
11100,0.43891
11101,0.435
11102,0.43206
11103,0.42913
11104,0.4262
11105,0.42424
11106,0.42326
11107,0.42229
11108,0.42326
11109,0.42424
11110,0.42522
11111,0.4262
11112,0.4262
11113,0.42717
11114,0.42717
11115,0.42717
11116,0.42717
11117,0.42815
11118,0.43109
11119,0.435
11120,0.43988
11121,0.44575
11122,0.45357
11123,0.46139
11124,0.47019
11125,0.47996
11126,0.48974
11127,0.49853
11128,0.50635
11129,0.5132
11130,0.52102
11131,0.52981
11132,0.53666
11133,0.5435
11134,0.55132
11135,0.55816
11136,0.56305
11137,0.56598
11138,0.56696
11139,0.56794
11140,0.56794
11141,0.56696
11142,0.56598
11143,0.56403
11144,0.56207
11145,0.56012
11146,0.55816
11147,0.55523
11148,0.55327
11149,0.55132
11150,0.54839
11151,0.54448
11152,0.54154
11153,0.53666
11154,0.53079
11155,0.5259
11156,0.52004
11157,0.51417
11158,0.50929
11159,0.50342
11160,0.49756
11161,0.49267
11162,0.48876
11163,0.48387
11164,0.47898
11165,0.4741
11166,0.46823
11167,0.46334
11168,0.45846
11169,0.45455
11170,0.44868
11171,0.44282
11172,0.43695
11173,0.43206
11174,0.42815
11175,0.42522
11176,0.42229
11177,0.41935
11178,0.41642
11179,0.41349
11180,0.41056
11181,0.40762
11182,0.40567
11183,0.40274
11184,0.40078
11185,0.39883
11186,0.39589
11187,0.39492
11188,0.39394
11189,0.39296
11190,0.39296
11191,0.39296
11192,0.39296
11193,0.39198
11194,0.39101
11195,0.39101
11196,0.39003
11197,0.38905
11198,0.38807
11199,0.38807
11200,0.38807
11201,0.38905
11202,0.39003
11203,0.39198
11204,0.39492
11205,0.39883
11206,0.40469
11207,0.41056
11208,0.41544
11209,0.42229
11210,0.42913
11211,0.43695
11212,0.44575
11213,0.45455
11214,0.46628
11215,0.47801
11216,0.49071
11217,0.50244
11218,0.51417
11219,0.52688
11220,0.53666
11221,0.54643
11222,0.55718
11223,0.56794
11224,0.57869
11225,0.59042
11226,0.60117
11227,0.61095
11228,0.61975
11229,0.62854
11230,0.63441
11231,0.63832
11232,0.64027
11233,0.64027
11234,0.6393
11235,0.63734
11236,0.63734
11237,0.63734
11238,0.63539
11239,0.63245
11240,0.62854
11241,0.62463
11242,0.62072
11243,0.61584
11244,0.61095
11245,0.60704
11246,0.60215
11247,0.59726
11248,0.59335
11249,0.58847
11250,0.58358
11251,0.57967
11252,0.57478
11253,0.57087
11254,0.56696
11255,0.56403
11256,0.56109
11257,0.55718
11258,0.55327
11259,0.54936
11260,0.54545
11261,0.54057
11262,0.53568
11263,0.53177
11264,0.52688
11265,0.52199
11266,0.51613
11267,0.51124
11268,0.50538
11269,0.50049
11270,0.4956
11271,0.49267
11272,0.48974
11273,0.4868
11274,0.48387
11275,0.48094
11276,0.47801
11277,0.4741
11278,0.47116
11279,0.46725
11280,0.46334
11281,0.45943
11282,0.45552
11283,0.45161
11284,0.4477
11285,0.44379
11286,0.44086
11287,0.43695
11288,0.43304
11289,0.42815
11290,0.4262
11291,0.42424
11292,0.42326
11293,0.42229
11294,0.42229
11295,0.42131
11296,0.42229
11297,0.42326
11298,0.42424
11299,0.42424
11300,0.42522
11301,0.42717
11302,0.43011
11303,0.43304
11304,0.43793
11305,0.44282
11306,0.44868
11307,0.45552
11308,0.46237
11309,0.47019
11310,0.47703
11311,0.48583
11312,0.49267
11313,0.49951
11314,0.50635
11315,0.51515
11316,0.52297
11317,0.53177
11318,0.54057
11319,0.54839
11320,0.55621
11321,0.56403
11322,0.57087
11323,0.57674
11324,0.58162
11325,0.58456
11326,0.58553
11327,0.58553
11328,0.58553
11329,0.58553
11330,0.58553
11331,0.58553
11332,0.58553
11333,0.58456
11334,0.5826
11335,0.57967
11336,0.57576
11337,0.57185
11338,0.56696
11339,0.56305
11340,0.55914
11341,0.55523
11342,0.55132
11343,0.54741
11344,0.54448
11345,0.54057
11346,0.53666
11347,0.53275
11348,0.52981
11349,0.52688
11350,0.52493
11351,0.52297
11352,0.51906
11353,0.51613
11354,0.51124
11355,0.50635
11356,0.50147
11357,0.4956
11358,0.49071
11359,0.48583
11360,0.48192
11361,0.47898
11362,0.47605
11363,0.4741
11364,0.47214
11365,0.47019
11366,0.46823
11367,0.46628
11368,0.46334
11369,0.46139
11370,0.45846
11371,0.45552
11372,0.45357
11373,0.45064
11374,0.44868
11375,0.44575
11376,0.44184
11377,0.43793
11378,0.435
11379,0.43206
11380,0.43011
11381,0.42717
11382,0.42522
11383,0.42229
11384,0.42131
11385,0.42033
11386,0.41935
11387,0.41935
11388,0.41838
11389,0.41935
11390,0.42131
11391,0.42229
11392,0.42424
11393,0.42522
11394,0.42815
11395,0.43109
11396,0.435
11397,0.43891
11398,0.44282
11399,0.44868
11400,0.45552
11401,0.46237
11402,0.47019
11403,0.47801
11404,0.48583
11405,0.49267
11406,0.50049
11407,0.51026
11408,0.51906
11409,0.52884
11410,0.53763
11411,0.54643
11412,0.55425
11413,0.56109
11414,0.56696
11415,0.57185
11416,0.57576
11417,0.57771
11418,0.57771
11419,0.57771
11420,0.57771
11421,0.57576
11422,0.57283
11423,0.56989
11424,0.56598
11425,0.56207
11426,0.55914
11427,0.55523
11428,0.55132
11429,0.54741
11430,0.5435
11431,0.53861
11432,0.53372
11433,0.52884
11434,0.52297
11435,0.51711
11436,0.51124
11437,0.50538
11438,0.49951
11439,0.49462
11440,0.48974
11441,0.4868
11442,0.48289
11443,0.47996
11444,0.47801
11445,0.47507
11446,0.47116
11447,0.46725
11448,0.46334
11449,0.45943
11450,0.45455
11451,0.44966
11452,0.44379
11453,0.43891
11454,0.43304
11455,0.42815
11456,0.42424
11457,0.42131
11458,0.41838
11459,0.41349
11460,0.40958
11461,0.40469
11462,0.40078
11463,0.39785
11464,0.39394
11465,0.39101
11466,0.3871
11467,0.38221
11468,0.37732
11469,0.37243
11470,0.36852
11471,0.36657
11472,0.36364
11473,0.36168
11474,0.3607
11475,0.35973
11476,0.35973
11477,0.35973
11478,0.35973
11479,0.35973
11480,0.36168
11481,0.36364
11482,0.36657
11483,0.36852
11484,0.37048
11485,0.37341
11486,0.37732
11487,0.38221
11488,0.38807
11489,0.39394
11490,0.40176
11491,0.40958
11492,0.41838
11493,0.4262
11494,0.43597
11495,0.44575
11496,0.45552
11497,0.46432
11498,0.4741
11499,0.48387
11500,0.49462
11501,0.50635
11502,0.51711
11503,0.52884
11504,0.53861
11505,0.54839
11506,0.55621
11507,0.56403
11508,0.57185
11509,0.57771
11510,0.58162
11511,0.58553
11512,0.58944
11513,0.59238
11514,0.59335
11515,0.59531
11516,0.59629
11517,0.59726
11518,0.59824
11519,0.59922
11520,0.59922
11521,0.59922
11522,0.59922
11523,0.59726
11524,0.59531
11525,0.59238
11526,0.59042
11527,0.58749
11528,0.58358
11529,0.57967
11530,0.57576
11531,0.57185
11532,0.56696
11533,0.56207
11534,0.55718
11535,0.5523
11536,0.54741
11537,0.5435
11538,0.53763
11539,0.53275
11540,0.52884
11541,0.52395
11542,0.51906
11543,0.51613
11544,0.51808
11545,0.52199
11546,0.52199
11547,0.52004
11548,0.51711
11549,0.51417
11550,0.51026
11551,0.50733
11552,0.5044
11553,0.50244
11554,0.50147
11555,0.49951
11556,0.49756
11557,0.4956
11558,0.49365
11559,0.49169
11560,0.48974
11561,0.4868
11562,0.48485
11563,0.48289
11564,0.47996
11565,0.47703
11566,0.4741
11567,0.47116
11568,0.46823
11569,0.46432
11570,0.46139
11571,0.45846
11572,0.4565
11573,0.45455
11574,0.45455
11575,0.45455
11576,0.45357
11577,0.45455
11578,0.45552
11579,0.45846
11580,0.46139
11581,0.4653
11582,0.47116
11583,0.47703
11584,0.48387
11585,0.49169
11586,0.49951
11587,0.50635
11588,0.5132
11589,0.52102
11590,0.52981
11591,0.53763
11592,0.54643
11593,0.55523
11594,0.56207
11595,0.56989
11596,0.57674
11597,0.58456
11598,0.5914
11599,0.59629
11600,0.60117
11601,0.60411
11602,0.60704
11603,0.60899
11604,0.60997
11605,0.60997
11606,0.60997
11607,0.60899
11608,0.60704
11609,0.60508
11610,0.60215
11611,0.59922
11612,0.59629
11613,0.59335
11614,0.58944
11615,0.58651
11616,0.5826
11617,0.57869
11618,0.57576
11619,0.57185
11620,0.56794
11621,0.56403
11622,0.56012
11623,0.55718
11624,0.55327
11625,0.55034
11626,0.54643
11627,0.54252
11628,0.53959
11629,0.53666
11630,0.53275
11631,0.52884
11632,0.52395
11633,0.51906
11634,0.51515
11635,0.51026
11636,0.50733
11637,0.50538
11638,0.50342
11639,0.50147
11640,0.49951
11641,0.49756
11642,0.49462
11643,0.49267
11644,0.49071
11645,0.48778
11646,0.48583
11647,0.48289
11648,0.47996
11649,0.47605
11650,0.47312
11651,0.46921
11652,0.46628
11653,0.46432
11654,0.46237
11655,0.45943
11656,0.4565
11657,0.45357
11658,0.45161
11659,0.44966
11660,0.4477
11661,0.44575
11662,0.44477
11663,0.44379
11664,0.44379
11665,0.44477
11666,0.44673
11667,0.4477
11668,0.44868
11669,0.44966
11670,0.45161
11671,0.45455
11672,0.45748
11673,0.46139
11674,0.4653
11675,0.47116
11676,0.47703
11677,0.48485
11678,0.49267
11679,0.49951
11680,0.50635
11681,0.51417
11682,0.52199
11683,0.53079
11684,0.53959
11685,0.54741
11686,0.55523
11687,0.56305
11688,0.56989
11689,0.57674
11690,0.5826
11691,0.58651
11692,0.59042
11693,0.59238
11694,0.59433
11695,0.59531
11696,0.59629
11697,0.59629
11698,0.59629
11699,0.59629
11700,0.59433
11701,0.59238
11702,0.58944
11703,0.58553
11704,0.5826
11705,0.57869
11706,0.57576
11707,0.57185
11708,0.56696
11709,0.56207
11710,0.55718
11711,0.55132
11712,0.54643
11713,0.54154
11714,0.53568
11715,0.53079
11716,0.5259
11717,0.52102
11718,0.51613
11719,0.51124
11720,0.50733
11721,0.50342
11722,0.49951
11723,0.49658
11724,0.49267
11725,0.48778
11726,0.48387
11727,0.48094
11728,0.47605
11729,0.47214
11730,0.46725
11731,0.46237
11732,0.45748
11733,0.45357
11734,0.44966
11735,0.44673
11736,0.44379
11737,0.44086
11738,0.43793
11739,0.435
11740,0.43109
11741,0.4262
11742,0.42131
11743,0.41544
11744,0.41056
11745,0.40567
11746,0.40078
11747,0.39785
11748,0.39394
11749,0.39003
11750,0.3871
11751,0.38319
11752,0.38025
11753,0.37928
11754,0.37732
11755,0.37732
11756,0.37634
11757,0.37634
11758,0.37634
11759,0.3783
11760,0.38123
11761,0.38416
11762,0.3871
11763,0.39101
11764,0.39492
11765,0.39883
11766,0.40469
11767,0.41153
11768,0.41935
11769,0.42815
11770,0.43793
11771,0.4477
11772,0.45552
11773,0.4653
11774,0.47507
11775,0.48583
11776,0.49658
11777,0.50635
11778,0.51613
11779,0.52493
11780,0.53372
11781,0.54252
11782,0.55132
11783,0.55718
11784,0.56109
11785,0.565
11786,0.56989
11787,0.5738
11788,0.57674
11789,0.58065
11790,0.58358
11791,0.58553
11792,0.58651
11793,0.58749
11794,0.58749
11795,0.58847
11796,0.58847
11797,0.58944
11798,0.58944
11799,0.58847
11800,0.58847
11801,0.58749
11802,0.58651
11803,0.58553
11804,0.58456
11805,0.58162
11806,0.57967
11807,0.57771
11808,0.57478
11809,0.57283
11810,0.56891
11811,0.56598
11812,0.56305
11813,0.56109
11814,0.55914
11815,0.55621
11816,0.5523
11817,0.54839
11818,0.5435
11819,0.53861
11820,0.53372
11821,0.52884
11822,0.52395
11823,0.52004
11824,0.51613
11825,0.5132
11826,0.51124
11827,0.50929
11828,0.50733
11829,0.50635
11830,0.5044
11831,0.50244
11832,0.50049
11833,0.49853
11834,0.4956
11835,0.49365
11836,0.49071
11837,0.48876
11838,0.48583
11839,0.48387
11840,0.48094
11841,0.47898
11842,0.47605
11843,0.47312
11844,0.47019
11845,0.46725
11846,0.46432
11847,0.46237
11848,0.46041
11849,0.46041
11850,0.45943
11851,0.45943
11852,0.45943
11853,0.46041
11854,0.46237
11855,0.4653
11856,0.46823
11857,0.47312
11858,0.47801
11859,0.48485
11860,0.49071
11861,0.49756
11862,0.50342
11863,0.50929
11864,0.51515
11865,0.52102
11866,0.52884
11867,0.53666
11868,0.54448
11869,0.5523
11870,0.55914
11871,0.56598
11872,0.57283
11873,0.57967
11874,0.58553
11875,0.58944
11876,0.59335
11877,0.59531
11878,0.59726
11879,0.59824
11880,0.59824
11881,0.59824
11882,0.59726
11883,0.59531
11884,0.59238
11885,0.58944
11886,0.58749
11887,0.58553
11888,0.5826
11889,0.57967
11890,0.57576
11891,0.57283
11892,0.56891
11893,0.56403
11894,0.55914
11895,0.55425
11896,0.54936
11897,0.54448
11898,0.53959
11899,0.5347
11900,0.52981
11901,0.5259
11902,0.52395
11903,0.52102
11904,0.51711
11905,0.51417
11906,0.51124
11907,0.50831
11908,0.50538
11909,0.50147
11910,0.49853
11911,0.4956
11912,0.49169
11913,0.48876
11914,0.48583
11915,0.48289
11916,0.47996
11917,0.47703
11918,0.4741
11919,0.47116
11920,0.46725
11921,0.46432
11922,0.46139
11923,0.46041
11924,0.45943
11925,0.45846
11926,0.4565
11927,0.45552
11928,0.45455
11929,0.45357
11930,0.45161
11931,0.44966
11932,0.4477
11933,0.44477
11934,0.44184
11935,0.43891
11936,0.435
11937,0.43206
11938,0.43011
11939,0.42815
11940,0.4262
11941,0.42424
11942,0.42326
11943,0.42326
11944,0.42424
11945,0.4262
11946,0.42717
11947,0.43011
11948,0.43402
11949,0.43988
11950,0.44673
11951,0.45357
11952,0.46041
11953,0.46725
11954,0.4741
11955,0.47996
11956,0.48583
11957,0.49267
11958,0.50049
11959,0.50831
11960,0.51613
11961,0.52297
11962,0.52981
11963,0.53666
11964,0.5435
11965,0.54936
11966,0.55425
11967,0.55914
11968,0.56207
11969,0.56305
11970,0.56403
11971,0.56403
11972,0.56403
11973,0.56305
11974,0.56207
11975,0.56012
11976,0.55914
11977,0.55718
11978,0.55425
11979,0.5523
11980,0.55034
11981,0.54741
11982,0.54448
11983,0.54057
11984,0.53666
11985,0.53177
11986,0.52786
11987,0.52297
11988,0.51808
11989,0.5132
11990,0.50929
11991,0.50733
11992,0.50538
11993,0.50244
11994,0.50049
11995,0.49853
11996,0.49658
11997,0.49365
11998,0.49071
11999,0.4868
12000,0.48387
12001,0.48094
12002,0.47703
12003,0.47312
12004,0.46823
12005,0.46432
12006,0.46041
12007,0.45748
12008,0.45552
12009,0.45357
12010,0.45064
12011,0.44868
12012,0.4477
12013,0.44477
12014,0.44282
12015,0.43988
12016,0.43597
12017,0.43206
12018,0.42717
12019,0.42229
12020,0.41838
12021,0.41447
12022,0.41056
12023,0.40762
12024,0.40567
12025,0.40274
12026,0.3998
12027,0.39687
12028,0.39394
12029,0.39003
12030,0.3871
12031,0.38416
12032,0.38123
12033,0.37928
12034,0.37928
12035,0.37928
12036,0.37928
12037,0.37928
12038,0.37928
12039,0.38123
12040,0.38416
12041,0.38807
12042,0.39296
12043,0.39883
12044,0.40469
12045,0.41056
12046,0.41544
12047,0.41935
12048,0.42424
12049,0.42913
12050,0.43402
12051,0.43891
12052,0.44379
12053,0.44868
12054,0.45357
12055,0.45748
12056,0.46334
12057,0.47116
12058,0.47703
12059,0.48094
12060,0.48289
12061,0.48387
12062,0.48387
12063,0.48192
12064,0.47996
12065,0.47703
12066,0.47507
12067,0.47312
12068,0.47116
12069,0.46921
12070,0.46725
12071,0.4653
12072,0.46237
12073,0.46041
12074,0.45943
12075,0.45748
12076,0.45552
12077,0.45455
12078,0.45259
12079,0.45161
12080,0.44966
12081,0.4477
12082,0.44673
12083,0.44477
12084,0.44282
12085,0.44184
12086,0.43988
12087,0.43891
12088,0.43793
12089,0.43597
12090,0.435
12091,0.43304
12092,0.43011
12093,0.42815
12094,0.42522
12095,0.42424
12096,0.42229
12097,0.42229
12098,0.42131
12099,0.42131
12100,0.42131
12101,0.42131
12102,0.42131
12103,0.42131
12104,0.42131
12105,0.42131
12106,0.42229
12107,0.42229
12108,0.42229
12109,0.42229
12110,0.42229
12111,0.42131
12112,0.42131
12113,0.42131
12114,0.42131
12115,0.42131
12116,0.42131
12117,0.42131
12118,0.42229
12119,0.42131
12120,0.42131
12121,0.42131
12122,0.42131
12123,0.42131
12124,0.42229
12125,0.42424
12126,0.42522
12127,0.42717
12128,0.42815
12129,0.43011
12130,0.43206
12131,0.435
12132,0.43793
12133,0.44282
12134,0.44673
12135,0.45161
12136,0.4565
12137,0.46237
12138,0.46725
12139,0.47312
12140,0.47801
12141,0.48485
12142,0.49169
12143,0.49853
12144,0.50538
12145,0.51124
12146,0.51808
12147,0.52297
12148,0.52884
12149,0.53275
12150,0.53568
12151,0.53763
12152,0.53861
12153,0.53959
12154,0.53861
12155,0.53763
12156,0.53666
12157,0.5347
12158,0.53079
12159,0.52688
12160,0.52297
12161,0.52004
12162,0.51711
12163,0.5132
12164,0.51026
12165,0.50733
12166,0.5044
12167,0.50147
12168,0.49853
12169,0.49365
12170,0.48974
12171,0.48583
12172,0.48094
12173,0.47703
12174,0.47312
12175,0.47019
12176,0.46628
12177,0.46334
12178,0.46139
12179,0.45846
12180,0.45552
12181,0.45259
12182,0.44966
12183,0.44673
12184,0.44282
12185,0.43988
12186,0.43695
12187,0.43402
12188,0.43109
12189,0.42815
12190,0.42522
12191,0.42326
12192,0.42229
12193,0.42033
12194,0.41838
12195,0.41642
12196,0.41447
12197,0.41447
12198,0.41349
12199,0.41251
12200,0.41153
12201,0.40958
12202,0.40762
12203,0.40469
12204,0.40274
12205,0.40078
12206,0.39785
12207,0.39492
12208,0.39198
12209,0.38905
12210,0.38612
12211,0.38416
12212,0.38123
12213,0.3783
12214,0.37634
12215,0.37537
12216,0.37341
12217,0.37341
12218,0.37341
12219,0.37439
12220,0.37732
12221,0.37928
12222,0.38221
12223,0.38612
12224,0.38905
12225,0.39394
12226,0.3998
12227,0.40567
12228,0.41251
12229,0.41935
12230,0.4262
12231,0.43304
12232,0.44086
12233,0.44868
12234,0.4565
12235,0.46334
12236,0.47116
12237,0.47703
12238,0.48387
12239,0.48974
12240,0.49462
12241,0.49853
12242,0.50147
12243,0.5044
12244,0.50733
12245,0.50831
12246,0.50929
12247,0.51026
12248,0.50929
12249,0.50733
12250,0.50538
12251,0.50342
12252,0.50147
12253,0.49853
12254,0.4956
12255,0.49169
12256,0.48974
12257,0.4868
12258,0.48387
12259,0.47996
12260,0.47703
12261,0.4741
12262,0.47116
12263,0.46921
12264,0.46725
12265,0.46628
12266,0.46432
12267,0.46237
12268,0.45943
12269,0.45552
12270,0.45259
12271,0.45064
12272,0.44673
12273,0.44379
12274,0.44086
12275,0.43793
12276,0.435
12277,0.43206
12278,0.42815
12279,0.42522
12280,0.42229
12281,0.41935
12282,0.4174
12283,0.41642
12284,0.41447
12285,0.41251
12286,0.41056
12287,0.40958
12288,0.40762
12289,0.40762
12290,0.40665
12291,0.40665
12292,0.40665
12293,0.40469
12294,0.40274
12295,0.3998
12296,0.39785
12297,0.39589
12298,0.39296
12299,0.39101
12300,0.38905
12301,0.38807
12302,0.38612
12303,0.38416
12304,0.38221
12305,0.38025
12306,0.37732
12307,0.37439
12308,0.37341
12309,0.37243
12310,0.37243
12311,0.37243
12312,0.3783
12313,0.38905
12314,0.39589
12315,0.40176
12316,0.40665
12317,0.41056
12318,0.41544
12319,0.41935
12320,0.42424
12321,0.42815
12322,0.43206
12323,0.43695
12324,0.44282
12325,0.44966
12326,0.4565
12327,0.46334
12328,0.47019
12329,0.47703
12330,0.48289
12331,0.48974
12332,0.4956
12333,0.50147
12334,0.50635
12335,0.50929
12336,0.51222
12337,0.51417
12338,0.51613
12339,0.51613
12340,0.51515
12341,0.5132
12342,0.50929
12343,0.50635
12344,0.50049
12345,0.4956
12346,0.48974
12347,0.48289
12348,0.47898
12349,0.47507
12350,0.47116
12351,0.4653
12352,0.46041
12353,0.4565
12354,0.45455
12355,0.45259
12356,0.45064
12357,0.44966
12358,0.4477
12359,0.44477
12360,0.44184
12361,0.43891
12362,0.43695
12363,0.435
12364,0.43402
12365,0.43304
12366,0.43206
12367,0.43109
12368,0.43011
12369,0.42913
12370,0.42913
12371,0.42815
12372,0.42717
12373,0.4262
12374,0.42522
12375,0.42522
12376,0.42424
12377,0.42229
12378,0.42131
12379,0.42033
12380,0.42033
12381,0.42033
12382,0.42033
12383,0.42033
12384,0.42033
12385,0.42033
12386,0.42033
12387,0.42033
12388,0.42033
12389,0.42131
12390,0.42131
12391,0.42131
12392,0.42131
12393,0.42131
12394,0.42131
12395,0.42131
12396,0.42131
12397,0.42229
12398,0.42424
12399,0.42717
12400,0.43109
12401,0.435
12402,0.43891
12403,0.44282
12404,0.44673
12405,0.45064
12406,0.45455
12407,0.45943
12408,0.4653
12409,0.47214
12410,0.47898
12411,0.4868
12412,0.49462
12413,0.50342
12414,0.51026
12415,0.51613
12416,0.52297
12417,0.52981
12418,0.53763
12419,0.54448
12420,0.55132
12421,0.55816
12422,0.565
12423,0.57087
12424,0.57674
12425,0.58065
12426,0.58456
12427,0.58651
12428,0.58651
12429,0.58651
12430,0.58553
12431,0.58456
12432,0.58162
12433,0.57967
12434,0.57771
12435,0.57576
12436,0.5738
12437,0.57087
12438,0.56891
12439,0.56598
12440,0.56305
12441,0.56012
12442,0.55621
12443,0.5523
12444,0.54839
12445,0.5435
12446,0.53861
12447,0.5347
12448,0.52981
12449,0.5259
12450,0.52199
12451,0.51906
12452,0.51711
12453,0.51515
12454,0.5132
12455,0.51124
12456,0.50733
12457,0.50342
12458,0.49951
12459,0.49462
12460,0.49071
12461,0.4868
12462,0.48192
12463,0.47801
12464,0.47312
12465,0.46921
12466,0.46628
12467,0.46432
12468,0.46139
12469,0.45846
12470,0.45748
12471,0.4565
12472,0.45552
12473,0.45455
12474,0.45357
12475,0.45357
12476,0.45259
12477,0.45161
12478,0.44966
12479,0.44868
12480,0.4477
12481,0.44575
12482,0.44379
12483,0.44086
12484,0.43891
12485,0.43695
12486,0.43402
12487,0.43206
12488,0.43011
12489,0.42913
12490,0.42717
12491,0.42522
12492,0.42424
12493,0.42424
12494,0.42424
12495,0.42424
12496,0.42424
12497,0.42522
12498,0.42717
12499,0.43109
12500,0.435
12501,0.43891
12502,0.44282
12503,0.44868
12504,0.45455
12505,0.46041
12506,0.46628
12507,0.47214
12508,0.47996
12509,0.48876
12510,0.49853
12511,0.50831
12512,0.51711
12513,0.5259
12514,0.53372
12515,0.54252
12516,0.55132
12517,0.55914
12518,0.565
12519,0.56989
12520,0.5738
12521,0.57771
12522,0.58162
12523,0.5826
12524,0.58358
12525,0.58358
12526,0.58456
12527,0.58456
12528,0.58358
12529,0.5826
12530,0.58162
12531,0.58065
12532,0.57967
12533,0.57771
12534,0.57478
12535,0.57087
12536,0.56696
12537,0.56305
12538,0.55914
12539,0.55523
12540,0.55034
12541,0.54643
12542,0.54252
12543,0.53861
12544,0.53372
12545,0.53079
12546,0.52688
12547,0.52395
12548,0.52102
12549,0.51906
12550,0.51711
12551,0.51417
12552,0.51222
12553,0.51026
12554,0.50635
12555,0.50244
12556,0.49853
12557,0.49462
12558,0.49071
12559,0.48778
12560,0.48583
12561,0.48387
12562,0.48094
12563,0.47898
12564,0.47703
12565,0.47507
12566,0.47312
12567,0.47019
12568,0.46725
12569,0.46432
12570,0.46139
12571,0.45943
12572,0.45748
12573,0.4565
12574,0.45455
12575,0.45259
12576,0.44868
12577,0.44477
12578,0.43988
12579,0.43597
12580,0.43109
12581,0.4262
12582,0.42131
12583,0.41642
12584,0.41349
12585,0.41153
12586,0.40958
12587,0.40665
12588,0.40469
12589,0.40371
12590,0.40274
12591,0.40274
12592,0.40469
12593,0.4086
12594,0.41251
12595,0.4174
12596,0.42326
12597,0.43109
12598,0.43891
12599,0.44575
12600,0.45357
12601,0.46041
12602,0.46725
12603,0.47507
12604,0.48289
12605,0.49071
12606,0.49853
12607,0.50538
12608,0.5132
12609,0.51906
12610,0.52493
12611,0.52786
12612,0.52884
12613,0.53079
12614,0.53372
12615,0.5347
12616,0.5347
12617,0.53372
12618,0.53177
12619,0.52981
12620,0.52688
12621,0.52493
12622,0.52297
12623,0.52004
12624,0.51808
12625,0.51711
12626,0.51515
12627,0.5132
12628,0.51026
12629,0.50831
12630,0.50538
12631,0.50342
12632,0.50147
12633,0.49853
12634,0.49658
12635,0.4956
12636,0.4956
12637,0.4956
12638,0.4956
12639,0.49462
12640,0.49267
12641,0.49071
12642,0.48876
12643,0.4868
12644,0.48485
12645,0.48192
12646,0.47996
12647,0.47801
12648,0.47605
12649,0.47507
12650,0.4741
12651,0.4741
12652,0.47312
12653,0.47214
12654,0.47214
12655,0.47214
12656,0.47214
12657,0.4741
12658,0.47507
12659,0.47703
12660,0.47801
12661,0.47898
12662,0.47996
12663,0.47996
12664,0.48094
12665,0.48192
12666,0.48094
12667,0.47898
12668,0.47703
12669,0.47507
12670,0.47507
12671,0.47507
12672,0.47605
12673,0.47703
12674,0.47703
12675,0.47703
12676,0.47703
12677,0.47801
12678,0.47996
12679,0.48192
12680,0.48485
12681,0.4868
12682,0.48974
12683,0.49462
12684,0.50049
12685,0.50635
12686,0.5132
12687,0.52004
12688,0.52688
12689,0.53372
12690,0.54057
12691,0.54741
12692,0.55523
12693,0.56403
12694,0.5738
12695,0.5826
12696,0.5914
12697,0.6002
12698,0.60899
12699,0.61681
12700,0.62463
12701,0.63148
12702,0.63832
12703,0.64516
12704,0.65005
12705,0.65396
12706,0.65689
12707,0.65982
12708,0.66178
12709,0.6608
12710,0.65982
12711,0.65787
12712,0.65494
12713,0.65298
12714,0.65005
12715,0.64614
12716,0.64223
12717,0.63734
12718,0.63245
12719,0.62561
12720,0.61975
12721,0.61388
12722,0.60802
12723,0.60215
12724,0.59726
12725,0.59238
12726,0.58749
12727,0.5826
12728,0.57869
12729,0.57576
12730,0.57185
12731,0.56891
12732,0.565
12733,0.56109
12734,0.55621
12735,0.5523
12736,0.54741
12737,0.54252
12738,0.53763
12739,0.53372
12740,0.53079
12741,0.52786
12742,0.5259
12743,0.52395
12744,0.52199
12745,0.52004
12746,0.51808
12747,0.51613
12748,0.51417
12749,0.51222
12750,0.51026
12751,0.50831
12752,0.50538
12753,0.50342
12754,0.50147
12755,0.49951
12756,0.49756
12757,0.4956
12758,0.49365
12759,0.49169
12760,0.48778
12761,0.48387
12762,0.47898
12763,0.47507
12764,0.47116
12765,0.46823
12766,0.46432
12767,0.46139
12768,0.45943
12769,0.45846
12770,0.45748
12771,0.45748
12772,0.45748
12773,0.45943
12774,0.46139
12775,0.46334
12776,0.46628
12777,0.47019
12778,0.47605
12779,0.48289
12780,0.48974
12781,0.49756
12782,0.50635
12783,0.51613
12784,0.5259
12785,0.5347
12786,0.54545
12787,0.55816
12788,0.57087
12789,0.58358
12790,0.59629
12791,0.60508
12792,0.61486
12793,0.62463
12794,0.63148
12795,0.63734
12796,0.64321
12797,0.64809
12798,0.652
12799,0.65494
12800,0.65689
12801,0.65591
12802,0.65591
12803,0.65591
12804,0.65494
12805,0.65298
12806,0.65005
12807,0.64809
12808,0.64614
12809,0.64321
12810,0.64125
12811,0.63832
12812,0.63343
12813,0.62952
12814,0.62463
12815,0.61877
12816,0.6129
12817,0.60704
12818,0.60215
12819,0.59824
12820,0.59433
12821,0.59042
12822,0.58847
12823,0.58651
12824,0.57283
12825,0.55523
12826,0.54448
12827,0.53666
12828,0.53079
12829,0.5259
12830,0.52199
12831,0.51808
12832,0.5132
12833,0.50929
12834,0.50635
12835,0.50342
12836,0.50147
12837,0.49853
12838,0.49658
12839,0.49462
12840,0.49267
12841,0.49071
12842,0.48876
12843,0.4868
12844,0.48583
12845,0.48387
12846,0.48289
12847,0.48289
12848,0.48192
12849,0.47996
12850,0.47898
12851,0.47703
12852,0.4741
12853,0.47116
12854,0.46725
12855,0.46432
12856,0.46041
12857,0.45748
12858,0.45552
12859,0.45357
12860,0.45161
12861,0.45064
12862,0.45064
12863,0.45064
12864,0.45064
12865,0.45161
12866,0.45357
12867,0.45552
12868,0.45748
12869,0.46139
12870,0.46628
12871,0.47116
12872,0.47703
12873,0.48289
12874,0.48974
12875,0.49658
12876,0.5044
12877,0.51222
12878,0.52004
12879,0.52786
12880,0.53568
12881,0.5435
12882,0.5523
12883,0.56012
12884,0.56794
12885,0.57478
12886,0.58065
12887,0.58553
12888,0.59042
12889,0.59629
12890,0.60117
12891,0.60508
12892,0.60704
12893,0.60899
12894,0.60802
12895,0.60704
12896,0.60508
12897,0.60215
12898,0.59726
12899,0.59335
12900,0.58847
12901,0.58358
12902,0.57771
12903,0.57185
12904,0.56696
12905,0.56207
12906,0.55718
12907,0.55327
12908,0.54936
12909,0.54448
12910,0.54057
12911,0.53568
12912,0.53177
12913,0.52786
12914,0.52297
12915,0.51808
12916,0.51222
12917,0.50831
12918,0.5044
12919,0.50049
12920,0.49756
12921,0.49462
12922,0.49169
12923,0.4868
12924,0.48289
12925,0.47898
12926,0.47507
12927,0.47116
12928,0.46628
12929,0.46041
12930,0.45455
12931,0.44868
12932,0.44379
12933,0.43891
12934,0.435
12935,0.43206
12936,0.42913
12937,0.4262
12938,0.42229
12939,0.41935
12940,0.41642
12941,0.41447
12942,0.41251
12943,0.40958
12944,0.40567
12945,0.40274
12946,0.3998
12947,0.39785
12948,0.39687
12949,0.39589
12950,0.39492
12951,0.39492
12952,0.39492
12953,0.39589
12954,0.39589
12955,0.39687
12956,0.3998
12957,0.40274
12958,0.40665
12959,0.41056
12960,0.41447
12961,0.41935
12962,0.42522
12963,0.43206
12964,0.43891
12965,0.44477
12966,0.44966
12967,0.4565
12968,0.46432
12969,0.4741
12970,0.48289
12971,0.49365
12972,0.5044
12973,0.51613
12974,0.52786
12975,0.53959
12976,0.55132
12977,0.56207
12978,0.57087
12979,0.57771
12980,0.58553
12981,0.59335
12982,0.6002
12983,0.60704
12984,0.6129
12985,0.61779
12986,0.6217
12987,0.62366
12988,0.62463
12989,0.62463
12990,0.62366
12991,0.6217
12992,0.62072
12993,0.61975
12994,0.61877
12995,0.61877
12996,0.61779
12997,0.61681
12998,0.61584
12999,0.61388
13000,0.61193
13001,0.60997
13002,0.60802
13003,0.60606
13004,0.60411
13005,0.6002
13006,0.59726
13007,0.59238
13008,0.58749
13009,0.5826
13010,0.57771
13011,0.57283
13012,0.56696
13013,0.56207
13014,0.55816
13015,0.55327
13016,0.55034
13017,0.54741
13018,0.54448
13019,0.54252
13020,0.53959
13021,0.53763
13022,0.5347
13023,0.53177
13024,0.52884
13025,0.5259
13026,0.52395
13027,0.52199
13028,0.52004
13029,0.51808
13030,0.51711
13031,0.51515
13032,0.5132
13033,0.51124
13034,0.50831
13035,0.50538
13036,0.50244
13037,0.49951
13038,0.49756
13039,0.49462
13040,0.49267
13041,0.49071
13042,0.48778
13043,0.48485
13044,0.48192
13045,0.48094
13046,0.47898
13047,0.47703
13048,0.47507
13049,0.47312
13050,0.47312
13051,0.4741
13052,0.47605
13053,0.47801
13054,0.48289
13055,0.48778
13056,0.49365
13057,0.49853
13058,0.5044
13059,0.51124
13060,0.51808
13061,0.52688
13062,0.53666
13063,0.54741
13064,0.55816
13065,0.56794
13066,0.57771
13067,0.58847
13068,0.59726
13069,0.60606
13070,0.6129
13071,0.61779
13072,0.62268
13073,0.62659
13074,0.6305
13075,0.63539
13076,0.63832
13077,0.6393
13078,0.64027
13079,0.64027
13080,0.63441
13081,0.62561
13082,0.61877
13083,0.61388
13084,0.60997
13085,0.60704
13086,0.60411
13087,0.6002
13088,0.59629
13089,0.59335
13090,0.58944
13091,0.58456
13092,0.58065
13093,0.57576
13094,0.57087
13095,0.56598
13096,0.56109
13097,0.55718
13098,0.5523
13099,0.54839
13100,0.54448
13101,0.54154
13102,0.53861
13103,0.53568
13104,0.53372
13105,0.53079
13106,0.52688
13107,0.52395
13108,0.52004
13109,0.51711
13110,0.51417
13111,0.51124
13112,0.50929
13113,0.50635
13114,0.50342
13115,0.49951
13116,0.49658
13117,0.49365
13118,0.49071
13119,0.48778
13120,0.48485
13121,0.48192
13122,0.47996
13123,0.47801
13124,0.47703
13125,0.47507
13126,0.47312
13127,0.47116
13128,0.46823
13129,0.4653
13130,0.46334
13131,0.46041
13132,0.45846
13133,0.4565
13134,0.45455
13135,0.45357
13136,0.45161
13137,0.45064
13138,0.44868
13139,0.44673
13140,0.44575
13141,0.44575
13142,0.44673
13143,0.44868
13144,0.45064
13145,0.45357
13146,0.4565
13147,0.46139
13148,0.46628
13149,0.47214
13150,0.47801
13151,0.48485
13152,0.49267
13153,0.50049
13154,0.51026
13155,0.52102
13156,0.53079
13157,0.53959
13158,0.54936
13159,0.55718
13160,0.56598
13161,0.57478
13162,0.58162
13163,0.58847
13164,0.59531
13165,0.60117
13166,0.60606
13167,0.60899
13168,0.61095
13169,0.61193
13170,0.6129
13171,0.6129
13172,0.61193
13173,0.61095
13174,0.60802
13175,0.60606
13176,0.60411
13177,0.60215
13178,0.59922
13179,0.59726
13180,0.59531
13181,0.59335
13182,0.58944
13183,0.58651
13184,0.58162
13185,0.57771
13186,0.5738
13187,0.56891
13188,0.565
13189,0.56012
13190,0.55621
13191,0.55132
13192,0.54643
13193,0.54252
13194,0.53959
13195,0.53763
13196,0.53568
13197,0.53275
13198,0.52884
13199,0.5259
13200,0.52199
13201,0.51808
13202,0.51515
13203,0.51124
13204,0.50733
13205,0.50342
13206,0.49951
13207,0.49658
13208,0.49267
13209,0.48974
13210,0.48583
13211,0.48289
13212,0.48094
13213,0.47898
13214,0.47898
13215,0.47801
13216,0.47703
13217,0.47605
13218,0.4741
13219,0.47214
13220,0.47019
13221,0.46921
13222,0.46823
13223,0.46628
13224,0.46432
13225,0.46237
13226,0.46041
13227,0.45943
13228,0.45748
13229,0.4565
13230,0.45455
13231,0.45357
13232,0.45357
13233,0.45552
13234,0.4565
13235,0.45846
13236,0.46041
13237,0.46237
13238,0.4653
13239,0.46921
13240,0.47312
13241,0.47703
13242,0.48192
13243,0.48583
13244,0.49169
13245,0.49853
13246,0.50635
13247,0.51417
13248,0.52199
13249,0.52981
13250,0.53763
13251,0.54448
13252,0.55034
13253,0.55621
13254,0.56109
13255,0.56598
13256,0.57087
13257,0.57576
13258,0.57967
13259,0.58456
13260,0.58749
13261,0.59042
13262,0.59238
13263,0.59335
13264,0.59238
13265,0.5914
13266,0.58944
13267,0.58651
13268,0.58162
13269,0.57674
13270,0.57087
13271,0.565
13272,0.55914
13273,0.55327
13274,0.54741
13275,0.54252
13276,0.53861
13277,0.53372
13278,0.52786
13279,0.52297
13280,0.51808
13281,0.5132
13282,0.50831
13283,0.5044
13284,0.49951
13285,0.4956
13286,0.49071
13287,0.48583
13288,0.48192
13289,0.47996
13290,0.47703
13291,0.47507
13292,0.47312
13293,0.47116
13294,0.47019
13295,0.46823
13296,0.46628
13297,0.46432
13298,0.46237
13299,0.46139
13300,0.45943
13301,0.45943
13302,0.45943
13303,0.45943
13304,0.45943
13305,0.45846
13306,0.45846
13307,0.45748
13308,0.45552
13309,0.45455
13310,0.45455
13311,0.45357
13312,0.45259
13313,0.45161
13314,0.45064
13315,0.44966
13316,0.4477
13317,0.4477
13318,0.4477
13319,0.4477
13320,0.4477
13321,0.44966
13322,0.45064
13323,0.45259
13324,0.45455
13325,0.45748
13326,0.46237
13327,0.46725
13328,0.47214
13329,0.47703
13330,0.48192
13331,0.48778
13332,0.49365
13333,0.49951
13334,0.50733
13335,0.51613
13336,0.52004
13337,0.52004
13338,0.5259
13339,0.53568
13340,0.54643
13341,0.55816
13342,0.57087
13343,0.5826
13344,0.59335
13345,0.60411
13346,0.61193
13347,0.61975
13348,0.62854
13349,0.63734
13350,0.64418
13351,0.65103
13352,0.65591
13353,0.65885
13354,0.6608
13355,0.6608
13356,0.6608
13357,0.65787
13358,0.65591
13359,0.65298
13360,0.64809
13361,0.64418
13362,0.6393
13363,0.63441
13364,0.62952
13365,0.62463
13366,0.61877
13367,0.61388
13368,0.60899
13369,0.60411
13370,0.59922
13371,0.59433
13372,0.59042
13373,0.58651
13374,0.58358
13375,0.58065
13376,0.57771
13377,0.5738
13378,0.56891
13379,0.56305
13380,0.55621
13381,0.54936
13382,0.54252
13383,0.5347
13384,0.52688
13385,0.52102
13386,0.51613
13387,0.51124
13388,0.50635
13389,0.50049
13390,0.4956
13391,0.49169
13392,0.48778
13393,0.48387
13394,0.47996
13395,0.47507
13396,0.47019
13397,0.4653
13398,0.46139
13399,0.45748
13400,0.45259
13401,0.44868
13402,0.44477
13403,0.44086
13404,0.43793
13405,0.43597
13406,0.435
13407,0.43402
13408,0.43304
13409,0.43109
13410,0.42913
13411,0.42717
13412,0.4262
13413,0.42424
13414,0.42131
13415,0.41935
13416,0.4174
13417,0.41642
13418,0.41447
13419,0.41349
13420,0.41447
13421,0.41544
13422,0.4174
13423,0.42033
13424,0.42424
13425,0.42913
13426,0.43304
13427,0.43793
13428,0.44379
13429,0.45064
13430,0.45943
13431,0.46921
13432,0.47898
13433,0.48876
13434,0.50049
13435,0.51026
13436,0.52199
13437,0.53079
13438,0.53959
13439,0.54936
13440,0.56109
13441,0.57283
13442,0.58456
13443,0.59531
13444,0.60411
13445,0.61193
13446,0.61779
13447,0.62366
13448,0.62854
13449,0.63343
13450,0.63539
13451,0.63636
13452,0.63636
13453,0.63636
13454,0.63343
13455,0.6305
13456,0.62561
13457,0.6217
13458,0.61681
13459,0.61193
13460,0.60704
13461,0.60117
13462,0.59726
13463,0.59335
13464,0.59042
13465,0.58553
13466,0.57967
13467,0.5738
13468,0.56794
13469,0.56109
13470,0.55523
13471,0.54936
13472,0.5435
13473,0.53763
13474,0.53275
13475,0.52688
13476,0.52102
13477,0.51711
13478,0.5132
13479,0.50929
13480,0.50635
13481,0.50244
13482,0.49951
13483,0.4956
13484,0.49071
13485,0.48583
13486,0.48094
13487,0.47801
13488,0.4741
13489,0.47116
13490,0.46921
13491,0.46725
13492,0.46432
13493,0.46237
13494,0.45846
13495,0.45552
13496,0.45259
13497,0.44868
13498,0.44477
13499,0.44086
13500,0.43793
13501,0.435
13502,0.43206
13503,0.43011
13504,0.42815
13505,0.4262
13506,0.42424
13507,0.42229
13508,0.41935
13509,0.4174
13510,0.41447
13511,0.41251
13512,0.41056
13513,0.41056
13514,0.41153
13515,0.41251
13516,0.41544
13517,0.42033
13518,0.4262
13519,0.43206
13520,0.43793
13521,0.44282
13522,0.44966
13523,0.45748
13524,0.46628
13525,0.47703
13526,0.48876
13527,0.50147
13528,0.51417
13529,0.52493
13530,0.53372
13531,0.5435
13532,0.5523
13533,0.56207
13534,0.57087
13535,0.57967
13536,0.58847
13537,0.59531
13538,0.60117
13539,0.60606
13540,0.61095
13541,0.61388
13542,0.61486
13543,0.61388
13544,0.61193
13545,0.60802
13546,0.60313
13547,0.59922
13548,0.59433
13549,0.5914
13550,0.58749
13551,0.5826
13552,0.57674
13553,0.56989
13554,0.56207
13555,0.55523
13556,0.54936
13557,0.54154
13558,0.5347
13559,0.52688
13560,0.52004
13561,0.51417
13562,0.50733
13563,0.50147
13564,0.49658
13565,0.49071
13566,0.48583
13567,0.48094
13568,0.47605
13569,0.47214
13570,0.46725
13571,0.46334
13572,0.45846
13573,0.45259
13574,0.44673
13575,0.44086
13576,0.43402
13577,0.4262
13578,0.41935
13579,0.41153
13580,0.40371
13581,0.39785
13582,0.39394
13583,0.38905
13584,0.38319
13585,0.3783
13586,0.37341
13587,0.3695
13588,0.36461
13589,0.3607
13590,0.35777
13591,0.35386
13592,0.3607
13593,0.37243
13594,0.3783
13595,0.38123
13596,0.38123
13597,0.38025
13598,0.3783
13599,0.37732
13600,0.37634
13601,0.37537
13602,0.37537
13603,0.37439
13604,0.37537
13605,0.37634
13606,0.37928
13607,0.38221
13608,0.38612
13609,0.39003
13610,0.39492
13611,0.3998
13612,0.40567
13613,0.41056
13614,0.41642
13615,0.42326
13616,0.43109
13617,0.43891
13618,0.44673
13619,0.45455
13620,0.46334
13621,0.47214
13622,0.47996
13623,0.48974
13624,0.49853
13625,0.50831
13626,0.51711
13627,0.5259
13628,0.5347
13629,0.5435
13630,0.55132
13631,0.55718
13632,0.56207
13633,0.56598
13634,0.56891
13635,0.57185
13636,0.57478
13637,0.57771
13638,0.57967
13639,0.58065
13640,0.58065
13641,0.58065
13642,0.58065
13643,0.58065
13644,0.58065
13645,0.57869
13646,0.57771
13647,0.57478
13648,0.57185
13649,0.56989
13650,0.56696
13651,0.565
13652,0.56207
13653,0.56012
13654,0.55816
13655,0.55523
13656,0.5523
13657,0.54839
13658,0.5435
13659,0.53959
13660,0.53568
13661,0.53177
13662,0.52786
13663,0.52395
13664,0.52004
13665,0.51711
13666,0.5132
13667,0.51026
13668,0.50733
13669,0.5044
13670,0.50147
13671,0.49853
13672,0.4956
13673,0.49365
13674,0.49169
13675,0.49071
13676,0.48876
13677,0.48778
13678,0.48583
13679,0.48387
13680,0.48192
13681,0.47996
13682,0.47703
13683,0.4741
13684,0.47116
13685,0.46823
13686,0.4653
13687,0.46334
13688,0.45943
13689,0.4565
13690,0.45357
13691,0.45161
13692,0.44966
13693,0.4477
13694,0.44673
13695,0.44673
13696,0.44575
13697,0.44477
13698,0.44575
13699,0.44673
13700,0.4477
13701,0.44868
13702,0.45064
13703,0.45161
13704,0.45357
13705,0.45552
13706,0.45846
13707,0.46334
13708,0.46823
13709,0.47507
13710,0.48192
13711,0.48876
13712,0.49756
13713,0.5044
13714,0.51026
13715,0.51808
13716,0.52493
13717,0.53372
13718,0.54154
13719,0.54936
13720,0.55621
13721,0.56305
13722,0.56794
13723,0.57185
13724,0.57576
13725,0.57869
13726,0.58065
13727,0.58065
13728,0.58065
13729,0.58065
13730,0.57869
13731,0.57771
13732,0.57576
13733,0.57283
13734,0.56989
13735,0.56696
13736,0.56403
13737,0.56109
13738,0.55914
13739,0.55621
13740,0.55425
13741,0.5523
13742,0.54936
13743,0.54545
13744,0.54252
13745,0.53861
13746,0.53372
13747,0.52981
13748,0.5259
13749,0.52297
13750,0.51906
13751,0.51515
13752,0.51124
13753,0.50831
13754,0.50635
13755,0.50342
13756,0.50049
13757,0.49756
13758,0.49462
13759,0.49169
13760,0.48876
13761,0.48583
13762,0.48289
13763,0.48094
13764,0.47801
13765,0.47605
13766,0.47312
13767,0.47019
13768,0.46725
13769,0.46334
13770,0.46041
13771,0.45748
13772,0.45455
13773,0.45357
13774,0.45161
13775,0.45064
13776,0.44868
13777,0.44673
13778,0.44575
13779,0.44477
13780,0.44379
13781,0.44184
13782,0.43891
13783,0.43695
13784,0.43402
13785,0.43206
13786,0.43011
13787,0.42815
13788,0.4262
13789,0.42522
13790,0.42522
13791,0.42522
13792,0.42717
13793,0.42815
13794,0.43011
13795,0.43304
13796,0.43793
13797,0.44282
13798,0.44868
13799,0.45455
13800,0.46041
13801,0.46628
13802,0.47312
13803,0.47996
13804,0.48583
13805,0.49169
13806,0.49756
13807,0.5044
13808,0.51124
13809,0.51808
13810,0.5259
13811,0.53372
13812,0.54057
13813,0.54839
13814,0.55425
13815,0.55914
13816,0.56207
13817,0.565
13818,0.56598
13819,0.565
13820,0.56403
13821,0.56305
13822,0.56109
13823,0.56109
13824,0.56012
13825,0.55914
13826,0.55718
13827,0.55523
13828,0.55425
13829,0.5523
13830,0.55034
13831,0.54741
13832,0.5435
13833,0.53861
13834,0.53372
13835,0.52884
13836,0.52395
13837,0.51906
13838,0.5132
13839,0.50831
13840,0.5044
13841,0.49951
13842,0.4956
13843,0.49169
13844,0.49462
13845,0.49951
13846,0.49951
13847,0.49756
13848,0.49365
13849,0.48974
13850,0.48485
13851,0.48094
13852,0.47703
13853,0.47312
13854,0.46921
13855,0.46432
13856,0.46041
13857,0.4565
13858,0.45259
13859,0.44868
13860,0.44575
13861,0.44282
13862,0.43988
13863,0.43597
13864,0.43206
13865,0.42717
13866,0.42229
13867,0.41838
13868,0.41447
13869,0.41153
13870,0.40958
13871,0.4086
13872,0.40665
13873,0.40469
13874,0.40371
13875,0.40274
13876,0.40176
13877,0.40176
13878,0.40176
13879,0.40176
13880,0.40176
13881,0.40176
13882,0.40176
13883,0.40371
13884,0.40665
13885,0.40958
13886,0.41251
13887,0.41544
13888,0.41935
13889,0.42326
13890,0.42913
13891,0.435
13892,0.44282
13893,0.45064
13894,0.45943
13895,0.46725
13896,0.4741
13897,0.48192
13898,0.48974
13899,0.49951
13900,0.51026
13901,0.52102
13902,0.53079
13903,0.54154
13904,0.55034
13905,0.56012
13906,0.56989
13907,0.57869
13908,0.58553
13909,0.59042
13910,0.59433
13911,0.59531
13912,0.59726
13913,0.59726
13914,0.59824
13915,0.59824
13916,0.59824
13917,0.59824
13918,0.59824
13919,0.59824
13920,0.59824
13921,0.59726
13922,0.59629
13923,0.59335
13924,0.59042
13925,0.58749
13926,0.58456
13927,0.5826
13928,0.58065
13929,0.57869
13930,0.57674
13931,0.57478
13932,0.5738
13933,0.57185
13934,0.56891
13935,0.56598
13936,0.56305
13937,0.55914
13938,0.55523
13939,0.55132
13940,0.54741
13941,0.54448
13942,0.54057
13943,0.53666
13944,0.53372
13945,0.53079
13946,0.52786
13947,0.5259
13948,0.52395
13949,0.52199
13950,0.51906
13951,0.51711
13952,0.51417
13953,0.51124
13954,0.50733
13955,0.50538
13956,0.50244
13957,0.50049
13958,0.49853
13959,0.4956
13960,0.49267
13961,0.48974
13962,0.48583
13963,0.48289
13964,0.47996
13965,0.47703
13966,0.47312
13967,0.47116
13968,0.46921
13969,0.46725
13970,0.46628
13971,0.4653
13972,0.4653
13973,0.4653
13974,0.4653
13975,0.4653
13976,0.46628
13977,0.46725
13978,0.46921
13979,0.47116
13980,0.4741
13981,0.47703
13982,0.48192
13983,0.48778
13984,0.49365
13985,0.50147
13986,0.50831
13987,0.51515
13988,0.52102
13989,0.5259
13990,0.53177
13991,0.53861
13992,0.54545
13993,0.55327
13994,0.56109
13995,0.56989
13996,0.57674
13997,0.58358
13998,0.58944
13999,0.59433
14000,0.59922
14001,0.60215
14002,0.60411
14003,0.60606
14004,0.60704
14005,0.60606
14006,0.60411
14007,0.60117
14008,0.59726
14009,0.59433
14010,0.5914
14011,0.58944
14012,0.58651
14013,0.58456
14014,0.5826
14015,0.58065
14016,0.57869
14017,0.57576
14018,0.57185
14019,0.56891
14020,0.565
14021,0.56207
14022,0.55914
14023,0.55621
14024,0.55327
14025,0.55034
14026,0.54643
14027,0.54252
14028,0.53959
14029,0.5347
14030,0.53079
14031,0.52786
14032,0.5259
14033,0.52297
14034,0.52102
14035,0.51808
14036,0.51515
14037,0.5132
14038,0.51026
14039,0.50831
14040,0.50538
14041,0.50244
14042,0.50049
14043,0.49853
14044,0.4956
14045,0.49267
14046,0.49071
14047,0.48778
14048,0.48485
14049,0.48192
14050,0.47801
14051,0.47507
14052,0.47312
14053,0.47116
14054,0.47019
14055,0.47019
14056,0.46921
14057,0.46823
14058,0.46628
14059,0.4653
14060,0.46334
14061,0.46139
14062,0.45943
14063,0.45846
14064,0.45748
14065,0.45846
14066,0.45846
14067,0.45943
14068,0.46041
14069,0.46139
14070,0.46334
14071,0.46628
14072,0.47019
14073,0.47312
14074,0.47703
14075,0.48192
14076,0.48778
14077,0.49365
14078,0.50147
14079,0.50831
14080,0.51417
14081,0.52004
14082,0.5259
14083,0.53275
14084,0.54057
14085,0.54839
14086,0.55718
14087,0.565
14088,0.57185
14089,0.57869
14090,0.58358
14091,0.58847
14092,0.59238
14093,0.59531
14094,0.59629
14095,0.59726
14096,0.59824
14097,0.59824
14098,0.59824
14099,0.59726
14100,0.59629
14101,0.59335
14102,0.59042
14103,0.58749
14104,0.58456
14105,0.5826
14106,0.58065
14107,0.57869
14108,0.57674
14109,0.57478
14110,0.57283
14111,0.57087
14112,0.56891
14113,0.56598
14114,0.56207
14115,0.55816
14116,0.55327
14117,0.54936
14118,0.54545
14119,0.54154
14120,0.53666
14121,0.53275
14122,0.52884
14123,0.5259
14124,0.52395
14125,0.52199
14126,0.51906
14127,0.51711
14128,0.51613
14129,0.51417
14130,0.51026
14131,0.50733
14132,0.5044
14133,0.50049
14134,0.49756
14135,0.49365
14136,0.48974
14137,0.48583
14138,0.48192
14139,0.47801
14140,0.4741
14141,0.47019
14142,0.46725
14143,0.46432
14144,0.46139
14145,0.45748
14146,0.45455
14147,0.45161
14148,0.44673
14149,0.44184
14150,0.43695
14151,0.43304
14152,0.43011
14153,0.42717
14154,0.42522
14155,0.42326
14156,0.42131
14157,0.41935
14158,0.4174
14159,0.41544
14160,0.41447
14161,0.41349
14162,0.41251
14163,0.41349
14164,0.41447
14165,0.41544
14166,0.4174
14167,0.42131
14168,0.42522
14169,0.43011
14170,0.435
14171,0.44086
14172,0.44575
14173,0.45161
14174,0.45748
14175,0.46334
14176,0.47116
14177,0.47898
14178,0.48583
14179,0.49365
14180,0.50147
14181,0.50929
14182,0.51711
14183,0.52297
14184,0.52786
14185,0.52981
14186,0.53177
14187,0.53372
14188,0.53568
14189,0.53763
14190,0.53861
14191,0.53763
14192,0.53666
14193,0.53568
14194,0.53372
14195,0.53177
14196,0.52981
14197,0.52786
14198,0.52688
14199,0.5259
14200,0.5259
14201,0.5259
14202,0.5259
14203,0.52493
14204,0.52493
14205,0.52493
14206,0.52493
14207,0.52493
14208,0.52493
14209,0.52493
14210,0.52395
14211,0.52395
14212,0.52297
14213,0.52297
14214,0.52297
14215,0.52297
14216,0.52297
14217,0.52297
14218,0.52297
14219,0.52297
14220,0.52297
14221,0.52297
14222,0.52297
14223,0.52297
14224,0.52297
14225,0.52297
14226,0.52297
14227,0.52297
14228,0.52297
14229,0.52395
14230,0.52493
14231,0.52493
14232,0.52493
14233,0.52493
14234,0.52493
14235,0.52493
14236,0.52297
14237,0.52199
14238,0.52102
14239,0.52004
14240,0.51906
14241,0.51613
14242,0.51417
14243,0.51124
14244,0.50831
14245,0.50635
14246,0.5044
14247,0.5044
14248,0.5044
14249,0.50342
14250,0.50342
14251,0.5044
14252,0.50635
14253,0.50831
14254,0.51222
14255,0.51613
14256,0.52004
14257,0.52493
14258,0.53079
14259,0.53568
14260,0.54252
14261,0.55034
14262,0.55816
14263,0.56598
14264,0.57283
14265,0.57869
14266,0.58553
14267,0.5914
14268,0.59824
14269,0.60508
14270,0.61193
14271,0.61779
14272,0.62366
14273,0.62757
14274,0.63245
14275,0.63636
14276,0.63832
14277,0.6393
14278,0.63832
14279,0.63832
14280,0.63832
14281,0.63636
14282,0.63343
14283,0.6305
14284,0.62659
14285,0.62268
14286,0.61877
14287,0.61486
14288,0.61095
14289,0.60704
14290,0.60215
14291,0.59824
14292,0.59335
14293,0.58944
14294,0.58553
14295,0.5826
14296,0.57869
14297,0.57576
14298,0.57185
14299,0.56891
14300,0.565
14301,0.56109
14302,0.55816
14303,0.55425
14304,0.55132
14305,0.54839
14306,0.54545
14307,0.54154
14308,0.53861
14309,0.53372
14310,0.52981
14311,0.5259
14312,0.52102
14313,0.51711
14314,0.5132
14315,0.50929
14316,0.50635
14317,0.50342
14318,0.50147
14319,0.49853
14320,0.49658
14321,0.49462
14322,0.49169
14323,0.48876
14324,0.48583
14325,0.48289
14326,0.47996
14327,0.47703
14328,0.4741
14329,0.47019
14330,0.46823
14331,0.46628
14332,0.46432
14333,0.46237
14334,0.46041
14335,0.45846
14336,0.4565
14337,0.45455
14338,0.45259
14339,0.45064
14340,0.44868
14341,0.4477
14342,0.44868
14343,0.44966
14344,0.45064
14345,0.45259
14346,0.4565
14347,0.46041
14348,0.4653
14349,0.47116
14350,0.47703
14351,0.48387
14352,0.49071
14353,0.49853
14354,0.50538
14355,0.51222
14356,0.51906
14357,0.52688
14358,0.5347
14359,0.54448
14360,0.54643
14361,0.54545
14362,0.54936
14363,0.55523
14364,0.56012
14365,0.56598
14366,0.57185
14367,0.57674
14368,0.58065
14369,0.58456
14370,0.58749
14371,0.58944
14372,0.59042
14373,0.5914
14374,0.59238
14375,0.59238
14376,0.59238
14377,0.5914
14378,0.59042
14379,0.58847
14380,0.58553
14381,0.5826
14382,0.57869
14383,0.57576
14384,0.57185
14385,0.56794
14386,0.56403
14387,0.56012
14388,0.55718
14389,0.55425
14390,0.5523
14391,0.55034
14392,0.54643
14393,0.54252
14394,0.53763
14395,0.53372
14396,0.52884
14397,0.52395
14398,0.51808
14399,0.51222
14400,0.50733
14401,0.50147
14402,0.49756
14403,0.49365
14404,0.48974
14405,0.48485
14406,0.48094
14407,0.47605
14408,0.47116
14409,0.46725
14410,0.46334
14411,0.45943
14412,0.45552
14413,0.45161
14414,0.4477
14415,0.44379
14416,0.44086
14417,0.43793
14418,0.435
14419,0.43206
14420,0.42913
14421,0.42717
14422,0.42522
14423,0.42131
14424,0.4174
14425,0.41251
14426,0.40762
14427,0.40274
14428,0.39687
14429,0.39296
14430,0.38905
14431,0.38514
14432,0.38221
14433,0.38025
14434,0.38025
14435,0.38025
14436,0.38123
14437,0.38123
14438,0.38221
14439,0.38416
14440,0.38514
14441,0.38612
14442,0.38807
14443,0.39101
14444,0.39492
14445,0.3998
14446,0.40469
14447,0.41056
14448,0.41642
14449,0.42424
14450,0.43304
14451,0.44184
14452,0.45161
14453,0.46237
14454,0.47312
14455,0.48387
14456,0.49365
14457,0.50342
14458,0.51222
14459,0.52199
14460,0.52884
14461,0.53372
14462,0.53861
14463,0.54252
14464,0.54545
14465,0.54741
14466,0.55034
14467,0.5523
14468,0.55425
14469,0.55523
14470,0.55621
14471,0.55621
14472,0.55621
14473,0.55621
14474,0.55621
14475,0.55621
14476,0.55621
14477,0.55621
14478,0.55621
14479,0.55621
14480,0.55523
14481,0.55425
14482,0.55425
14483,0.55327
14484,0.5523
14485,0.55132
14486,0.55132
14487,0.54936
14488,0.54839
14489,0.54741
14490,0.54643
14491,0.54545
14492,0.54448
14493,0.54448
14494,0.5435
14495,0.54252
14496,0.54057
14497,0.53861
14498,0.53568
14499,0.53275
14500,0.52884
14501,0.5259
14502,0.52199
14503,0.51808
14504,0.51417
14505,0.51222
14506,0.50929
14507,0.50538
14508,0.50244
14509,0.49951
14510,0.49658
14511,0.49365
14512,0.49071
14513,0.48778
14514,0.48485
14515,0.48094
14516,0.47801
14517,0.47507
14518,0.47312
14519,0.47116
14520,0.47019
14521,0.46921
14522,0.46725
14523,0.46628
14524,0.4653
14525,0.4653
14526,0.4653
14527,0.4653
14528,0.4653
14529,0.4653
14530,0.46725
14531,0.47019
14532,0.47312
14533,0.47605
14534,0.48094
14535,0.4868
14536,0.49365
14537,0.49951
14538,0.50635
14539,0.51222
14540,0.51906
14541,0.5259
14542,0.53275
14543,0.54154
14544,0.54839
14545,0.55523
14546,0.56305
14547,0.56989
14548,0.57771
14549,0.58358
14550,0.58944
14551,0.59335
14552,0.59629
14553,0.59824
14554,0.6002
14555,0.60117
14556,0.60117
14557,0.60117
14558,0.60117
14559,0.60117
14560,0.60117
14561,0.6002
14562,0.59824
14563,0.59531
14564,0.5914
14565,0.58847
14566,0.58456
14567,0.58065
14568,0.57771
14569,0.5738
14570,0.56891
14571,0.565
14572,0.56109
14573,0.55718
14574,0.55425
14575,0.55132
14576,0.54839
14577,0.54643
14578,0.54448
14579,0.54057
14580,0.53666
14581,0.53275
14582,0.52688
14583,0.52199
14584,0.51808
14585,0.5132
14586,0.50929
14587,0.5044
14588,0.50049
14589,0.49658
14590,0.49267
14591,0.48974
14592,0.4868
14593,0.48387
14594,0.48192
14595,0.47996
14596,0.47801
14597,0.47605
14598,0.4741
14599,0.47312
14600,0.47116
14601,0.46921
14602,0.46725
14603,0.46432
14604,0.46237
14605,0.45943
14606,0.4565
14607,0.45357
14608,0.44966
14609,0.44575
14610,0.44282
14611,0.44086
14612,0.43793
14613,0.43695
14614,0.43597
14615,0.43402
14616,0.43597
14617,0.43988
14618,0.44379
14619,0.44575
14620,0.4477
14621,0.44966
14622,0.45064
14623,0.45064
14624,0.45259
14625,0.45552
14626,0.45943
14627,0.4653
14628,0.47214
14629,0.47898
14630,0.48583
14631,0.49267
14632,0.49951
14633,0.50635
14634,0.5132
14635,0.52102
14636,0.52981
14637,0.53861
14638,0.54741
14639,0.55621
14640,0.56403
14641,0.57185
14642,0.57771
14643,0.5826
14644,0.58553
14645,0.58847
14646,0.59042
14647,0.5914
14648,0.59238
14649,0.59238
14650,0.59238
14651,0.59238
14652,0.59238
14653,0.59042
14654,0.58847
14655,0.58749
14656,0.58456
14657,0.58162
14658,0.57771
14659,0.5738
14660,0.56989
14661,0.56696
14662,0.56403
14663,0.56109
14664,0.55816
14665,0.55523
14666,0.55132
14667,0.54839
14668,0.54545
14669,0.54154
14670,0.53861
14671,0.53568
14672,0.53177
14673,0.52688
14674,0.52297
14675,0.51906
14676,0.51417
14677,0.51026
14678,0.50635
14679,0.50342
14680,0.49951
14681,0.49658
14682,0.49267
14683,0.48974
14684,0.4868
14685,0.48387
14686,0.48094
14687,0.47801
14688,0.47507
14689,0.47116
14690,0.46725
14691,0.46334
14692,0.45943
14693,0.45455
14694,0.45064
14695,0.4477
14696,0.44379
14697,0.44184
14698,0.43891
14699,0.43402
14700,0.43011
14701,0.4262
14702,0.42131
14703,0.4174
14704,0.41447
14705,0.41251
14706,0.40958
14707,0.40762
14708,0.40567
14709,0.40469
14710,0.40274
14711,0.40176
14712,0.3998
14713,0.39883
14714,0.39687
14715,0.39589
14716,0.39492
14717,0.39589
14718,0.39785
14719,0.40078
14720,0.40567
14721,0.41056
14722,0.41544
14723,0.42033
14724,0.4262
14725,0.43206
14726,0.43988
14727,0.4477
14728,0.45455
14729,0.46237
14730,0.46921
14731,0.47703
14732,0.48485
14733,0.49267
14734,0.49951
14735,0.50635
14736,0.51124
14737,0.51515
14738,0.51906
14739,0.52199
14740,0.52493
14741,0.52688
14742,0.52884
14743,0.53079
14744,0.53079
14745,0.53079
14746,0.52981
14747,0.52981
14748,0.52884
14749,0.52884
14750,0.52786
14751,0.52688
14752,0.52493
14753,0.52395
14754,0.52199
14755,0.52004
14756,0.51808
14757,0.51613
14758,0.51417
14759,0.51222
14760,0.51026
14761,0.50929
14762,0.50831
14763,0.50831
14764,0.50831
14765,0.50831
14766,0.50831
14767,0.50831
14768,0.50831
14769,0.50831
14770,0.50831
14771,0.50831
14772,0.50831
14773,0.50831
14774,0.50831
14775,0.50733
14776,0.50635
14777,0.50538
14778,0.50538
14779,0.5044
14780,0.5044
14781,0.5044
14782,0.5044
14783,0.5044
14784,0.5044
14785,0.50244
14786,0.50049
14787,0.49756
14788,0.4956
14789,0.49365
14790,0.49071
14791,0.48778
14792,0.48387
14793,0.47996
14794,0.47605
14795,0.47312
14796,0.47116
14797,0.46823
14798,0.46628
14799,0.4653
14800,0.46432
14801,0.46432
14802,0.46432
14803,0.46432
14804,0.46725
14805,0.47019
14806,0.47312
14807,0.47703
14808,0.47996
14809,0.48485
14810,0.48974
14811,0.49658
14812,0.50244
14813,0.50929
14814,0.51613
14815,0.52297
14816,0.52981
14817,0.53666
14818,0.54448
14819,0.55132
14820,0.55816
14821,0.56305
14822,0.56891
14823,0.5738
14824,0.57869
14825,0.5826
14826,0.58651
14827,0.59042
14828,0.59238
14829,0.59238
14830,0.59238
14831,0.59238
14832,0.59238
14833,0.59042
14834,0.58749
14835,0.58456
14836,0.58162
14837,0.57771
14838,0.5738
14839,0.56989
14840,0.56696
14841,0.565
14842,0.56207
14843,0.55914
14844,0.55621
14845,0.55327
14846,0.55034
14847,0.54741
14848,0.5435
14849,0.54057
14850,0.53666
14851,0.53372
14852,0.52981
14853,0.5259
14854,0.52102
14855,0.51711
14856,0.5132
14857,0.51026
14858,0.50635
14859,0.50342
14860,0.49951
14861,0.49658
14862,0.49462
14863,0.49169
14864,0.48974
14865,0.4868
14866,0.48387
14867,0.48094
14868,0.47898
14869,0.47703
14870,0.47312
14871,0.47019
14872,0.46628
14873,0.46237
14874,0.45846
14875,0.4565
14876,0.45357
14877,0.45161
14878,0.44966
14879,0.4477
14880,0.44673
14881,0.44477
14882,0.44184
14883,0.43988
14884,0.43793
14885,0.43597
14886,0.43402
14887,0.43206
14888,0.43011
14889,0.42717
14890,0.4262
14891,0.4262
14892,0.4262
14893,0.42717
14894,0.42815
14895,0.43011
14896,0.43206
14897,0.43402
14898,0.43597
14899,0.43793
14900,0.44184
14901,0.44673
14902,0.45357
14903,0.46139
14904,0.46921
14905,0.47703
14906,0.48387
14907,0.49071
14908,0.49951
14909,0.50831
14910,0.51808
14911,0.52786
14912,0.53763
14913,0.54741
14914,0.55621
14915,0.56403
14916,0.57185
14917,0.57771
14918,0.5826
14919,0.58651
14920,0.58847
14921,0.58847
14922,0.58847
14923,0.58847
14924,0.58847
14925,0.58847
14926,0.58749
14927,0.58651
14928,0.58358
14929,0.58065
14930,0.57869
14931,0.57576
14932,0.5738
14933,0.57185
14934,0.56989
14935,0.56696
14936,0.56305
14937,0.55914
14938,0.55523
14939,0.55132
14940,0.54741
14941,0.5435
14942,0.53959
14943,0.5347
14944,0.52981
14945,0.52493
14946,0.52004
14947,0.51711
14948,0.51417
14949,0.51124
14950,0.50831
14951,0.50635
14952,0.50342
14953,0.50147
14954,0.49951
14955,0.4956
14956,0.49267
14957,0.48876
14958,0.48485
14959,0.48094
14960,0.47801
14961,0.4741
14962,0.47019
14963,0.46628
14964,0.46237
14965,0.45943
14966,0.4565
14967,0.45455
14968,0.45259
14969,0.45161
14970,0.44966
14971,0.4477
14972,0.44575
14973,0.44477
14974,0.44282
14975,0.44184
14976,0.43988
14977,0.43793
14978,0.43597
14979,0.43402
14980,0.43206
14981,0.43011
14982,0.42717
14983,0.42522
14984,0.42424
14985,0.42326
14986,0.42326
14987,0.42424
14988,0.4262
14989,0.42815
14990,0.43011
14991,0.43304
14992,0.43695
14993,0.44282
14994,0.4477
14995,0.45357
14996,0.45846
14997,0.4653
14998,0.47214
14999,0.47801
15000,0.48583
15001,0.49267
15002,0.49951
15003,0.50538
15004,0.51124
15005,0.51808
15006,0.52395
15007,0.52981
15008,0.5347
15009,0.53861
15010,0.54252
15011,0.54448
15012,0.54643
15013,0.54839
15014,0.54936
15015,0.54839
15016,0.54741
15017,0.54545
15018,0.5435
15019,0.53959
15020,0.53666
15021,0.53177
15022,0.52688
15023,0.52199
15024,0.51808
15025,0.51417
15026,0.51026
15027,0.50635
15028,0.50244
15029,0.49756
15030,0.49169
15031,0.48583
15032,0.47996
15033,0.4741
15034,0.46823
15035,0.46237
15036,0.45748
15037,0.45161
15038,0.44868
15039,0.44575
15040,0.44184
15041,0.43891
15042,0.43597
15043,0.43402
15044,0.43206
15045,0.43011
15046,0.42717
15047,0.42424
15048,0.42033
15049,0.41838
15050,0.41544
15051,0.41447
15052,0.41251
15053,0.41153
15054,0.40958
15055,0.40762
15056,0.40567
15057,0.40469
15058,0.40371
15059,0.40274
15060,0.40078
15061,0.39883
15062,0.39687
15063,0.39492
15064,0.39394
15065,0.39296
15066,0.39198
15067,0.39101
15068,0.39101
15069,0.39101
15070,0.39101
15071,0.39101
15072,0.39198
15073,0.39394
15074,0.39589
15075,0.39785
15076,0.3998
15077,0.40176
15078,0.40371
15079,0.40665
15080,0.41056
15081,0.41642
15082,0.42229
15083,0.43011
15084,0.43891
15085,0.4477
15086,0.4565
15087,0.46628
15088,0.47703
15089,0.48876
15090,0.49951
15091,0.50831
15092,0.51808
15093,0.52786
15094,0.53763
15095,0.54741
15096,0.55816
15097,0.56696
15098,0.57576
15099,0.58456
15100,0.59238
15101,0.59824
15102,0.60411
15103,0.60704
15104,0.60802
15105,0.60899
15106,0.60899
15107,0.60899
15108,0.60899
15109,0.60802
15110,0.60606
15111,0.60215
15112,0.59824
15113,0.59433
15114,0.59042
15115,0.58651
15116,0.5826
15117,0.57967
15118,0.57674
15119,0.57478
15120,0.57185
15121,0.56989
15122,0.56794
15123,0.56403
15124,0.56012
15125,0.55621
15126,0.55132
15127,0.54545
15128,0.54057
15129,0.53666
15130,0.53177
15131,0.52786
15132,0.52395
15133,0.52004
15134,0.51711
15135,0.51515
15136,0.51222
15137,0.50929
15138,0.50538
15139,0.50147
15140,0.49756
15141,0.49365
15142,0.48876
15143,0.48485
15144,0.47898
15145,0.4741
15146,0.47019
15147,0.46628
15148,0.46237
15149,0.45846
15150,0.45455
15151,0.45161
15152,0.44966
15153,0.4477
15154,0.44575
15155,0.44379
15156,0.44282
15157,0.44184
15158,0.44086
15159,0.43891
15160,0.43695
15161,0.435
15162,0.43304
15163,0.43109
15164,0.42913
15165,0.42717
15166,0.42522
15167,0.42326
15168,0.42229
15169,0.42131
15170,0.42131
15171,0.42229
15172,0.42326
15173,0.42522
15174,0.42717
15175,0.42913
15176,0.43109
15177,0.43402
15178,0.43891
15179,0.44379
15180,0.44966
15181,0.45455
15182,0.45943
15183,0.46432
15184,0.47116
15185,0.47898
15186,0.4868
15187,0.49658
15188,0.50635
15189,0.51613
15190,0.52688
15191,0.53666
15192,0.54545
15193,0.55327
15194,0.56012
15195,0.565
15196,0.56891
15197,0.5738
15198,0.57771
15199,0.58162
15200,0.58456
15201,0.58553
15202,0.58651
15203,0.58651
15204,0.58651
15205,0.58553
15206,0.58358
15207,0.58162
15208,0.57869
15209,0.57674
15210,0.57478
15211,0.57283
15212,0.56989
15213,0.56598
15214,0.56207
15215,0.55718
15216,0.55327
15217,0.54839
15218,0.5435
15219,0.53959
15220,0.53568
15221,0.53177
15222,0.52884
15223,0.52395
15224,0.52004
15225,0.51613
15226,0.51124
15227,0.50831
15228,0.50538
15229,0.50147
15230,0.49853
15231,0.4956
15232,0.49267
15233,0.48974
15234,0.48583
15235,0.48289
15236,0.47898
15237,0.47703
15238,0.4741
15239,0.47116
15240,0.46921
15241,0.46628
15242,0.46334
15243,0.46041
15244,0.45748
15245,0.45552
15246,0.45357
15247,0.45161
15248,0.45064
15249,0.44868
15250,0.44673
15251,0.44477
15252,0.44282
15253,0.44086
15254,0.43891
15255,0.43695
15256,0.435
15257,0.43304
15258,0.43109
15259,0.42913
15260,0.42815
15261,0.4262
15262,0.42522
15263,0.42326
15264,0.42229
15265,0.42229
15266,0.42424
15267,0.42522
15268,0.42717
15269,0.43011
15270,0.43402
15271,0.43891
15272,0.44379
15273,0.44966
15274,0.45552
15275,0.46139
15276,0.46921
15277,0.47703
15278,0.48583
15279,0.49658
15280,0.50635
15281,0.51515
15282,0.52395
15283,0.53275
15284,0.54154
15285,0.54936
15286,0.55718
15287,0.56305
15288,0.56794
15289,0.57283
15290,0.57674
15291,0.58065
15292,0.58456
15293,0.58553
15294,0.58553
15295,0.58456
15296,0.58162
15297,0.57967
15298,0.57674
15299,0.57478
15300,0.57283
15301,0.57087
15302,0.56891
15303,0.56696
15304,0.56403
15305,0.56012
15306,0.55523
15307,0.55034
15308,0.54448
15309,0.53861
15310,0.53275
15311,0.52688
15312,0.52102
15313,0.51613
15314,0.51124
15315,0.50733
15316,0.50342
15317,0.49951
15318,0.4956
15319,0.49169
15320,0.48778
15321,0.48387
15322,0.47996
15323,0.47605
15324,0.47116
15325,0.4653
15326,0.46041
15327,0.4565
15328,0.45259
15329,0.44868
15330,0.44379
15331,0.43988
15332,0.435
15333,0.43109
15334,0.4262
15335,0.42033
15336,0.41544
15337,0.41056
15338,0.40567
15339,0.40176
15340,0.39883
15341,0.39589
15342,0.39296
15343,0.39003
15344,0.38612
15345,0.38221
15346,0.3783
15347,0.37341
15348,0.36852
15349,0.36461
15350,0.3607
15351,0.35777
15352,0.35679
15353,0.35679
15354,0.35679
15355,0.35679
15356,0.35777
15357,0.35973
15358,0.36364
15359,0.36657
15360,0.37048
15361,0.37439
15362,0.37928
15363,0.38514
15364,0.39101
15365,0.39687
15366,0.40274
15367,0.41153
15368,0.42033
15369,0.43011
15370,0.43988
15371,0.45064
15372,0.46237
15373,0.4741
15374,0.48583
15375,0.49756
15376,0.50831
15377,0.51808
15378,0.5259
15379,0.53275
15380,0.54545
15381,0.56109
15382,0.57185
15383,0.57967
15384,0.58651
15385,0.59238
15386,0.59629
15387,0.6002
15388,0.60313
15389,0.60606
15390,0.60802
15391,0.60997
15392,0.60997
15393,0.60997
15394,0.60899
15395,0.60899
15396,0.60899
15397,0.60899
15398,0.60802
15399,0.60606
15400,0.60411
15401,0.60215
15402,0.6002
15403,0.59824
15404,0.59726
15405,0.59531
15406,0.59335
15407,0.5914
15408,0.58944
15409,0.58749
15410,0.58553
15411,0.5826
15412,0.57869
15413,0.57478
15414,0.57087
15415,0.56598
15416,0.56207
15417,0.55718
15418,0.5523
15419,0.54741
15420,0.54252
15421,0.53861
15422,0.5347
15423,0.53079
15424,0.52786
15425,0.5259
15426,0.52395
15427,0.52199
15428,0.52004
15429,0.51808
15430,0.51613
15431,0.51417
15432,0.5132
15433,0.51124
15434,0.51026
15435,0.50831
15436,0.50733
15437,0.5044
15438,0.50147
15439,0.49853
15440,0.49462
15441,0.49071
15442,0.48778
15443,0.48387
15444,0.48192
15445,0.48094
15446,0.47996
15447,0.47996
15448,0.48094
15449,0.48094
15450,0.48192
15451,0.48192
15452,0.48289
15453,0.48387
15454,0.4868
15455,0.48974
15456,0.49365
15457,0.49756
15458,0.50342
15459,0.50831
15460,0.51515
15461,0.52199
15462,0.52884
15463,0.53666
15464,0.5435
15465,0.55132
15466,0.55914
15467,0.56794
15468,0.57674
15469,0.58553
15470,0.59238
15471,0.59824
15472,0.60411
15473,0.61095
15474,0.61584
15475,0.61975
15476,0.62366
15477,0.62659
15478,0.62854
15479,0.62854
15480,0.62854
15481,0.62757
15482,0.62463
15483,0.6217
15484,0.61975
15485,0.61681
15486,0.61388
15487,0.61095
15488,0.60704
15489,0.60313
15490,0.59922
15491,0.59531
15492,0.59238
15493,0.58847
15494,0.58456
15495,0.58065
15496,0.57576
15497,0.57185
15498,0.56794
15499,0.56305
15500,0.55914
15501,0.55523
15502,0.55034
15503,0.54643
15504,0.54252
15505,0.53959
15506,0.53666
15507,0.53372
15508,0.53079
15509,0.52786
15510,0.52493
15511,0.52199
15512,0.51906
15513,0.51515
15514,0.51222
15515,0.51026
15516,0.50733
15517,0.50538
15518,0.50244
15519,0.50049
15520,0.49756
15521,0.49462
15522,0.49169
15523,0.48876
15524,0.4868
15525,0.48485
15526,0.48387
15527,0.48192
15528,0.48094
15529,0.47898
15530,0.47703
15531,0.47605
15532,0.4741
15533,0.47116
15534,0.46921
15535,0.46628
15536,0.4653
15537,0.46432
15538,0.46237
15539,0.46041
15540,0.45943
15541,0.45846
15542,0.45846
15543,0.45943
15544,0.46139
15545,0.46334
15546,0.46823
15547,0.47312
15548,0.47996
15549,0.48583
15550,0.49071
15551,0.49756
15552,0.5044
15553,0.51222
15554,0.52004
15555,0.52884
15556,0.53666
15557,0.54545
15558,0.55425
15559,0.56403
15560,0.57283
15561,0.58162
15562,0.58847
15563,0.59433
15564,0.6002
15565,0.60508
15566,0.60899
15567,0.6129
15568,0.61681
15569,0.61975
15570,0.62268
15571,0.62366
15572,0.62366
15573,0.62268
15574,0.62072
15575,0.61779
15576,0.61486
15577,0.61095
15578,0.60704
15579,0.60313
15580,0.59922
15581,0.59629
15582,0.59238
15583,0.58847
15584,0.58456
15585,0.57967
15586,0.57576
15587,0.57283
15588,0.56989
15589,0.56696
15590,0.56403
15591,0.56109
15592,0.55718
15593,0.55327
15594,0.54936
15595,0.54448
15596,0.54057
15597,0.53666
15598,0.53275
15599,0.52884
15600,0.52493
15601,0.52102
15602,0.51808
15603,0.51515
15604,0.51124
15605,0.50831
15606,0.50342
15607,0.49756
15608,0.49071
15609,0.48485
15610,0.47996
15611,0.4741
15612,0.47019
15613,0.46725
15614,0.46334
15615,0.46139
15616,0.46041
15617,0.45846
15618,0.45552
15619,0.45161
15620,0.4477
15621,0.44379
15622,0.43988
15623,0.43597
15624,0.43206
15625,0.42815
15626,0.42522
15627,0.42229
15628,0.42033
15629,0.41838
15630,0.41642
15631,0.41447
15632,0.41251
15633,0.41153
15634,0.41056
15635,0.40958
15636,0.40958
15637,0.40958
15638,0.41153
15639,0.41447
15640,0.41251
15641,0.4086
15642,0.40762
15643,0.4086
15644,0.41251
15645,0.4174
15646,0.42424
15647,0.43206
15648,0.44086
15649,0.44966
15650,0.45846
15651,0.46725
15652,0.47703
15653,0.4868
15654,0.4956
15655,0.50342
15656,0.51222
15657,0.52004
15658,0.52786
15659,0.5347
15660,0.54057
15661,0.54643
15662,0.55132
15663,0.55523
15664,0.55718
15665,0.56012
15666,0.56109
15667,0.56207
15668,0.56207
15669,0.56207
15670,0.56207
15671,0.56207
15672,0.56109
15673,0.55914
15674,0.55816
15675,0.55621
15676,0.55425
15677,0.5523
15678,0.55034
15679,0.54936
15680,0.54741
15681,0.54643
15682,0.54643
15683,0.54545
15684,0.54545
15685,0.54448
15686,0.54252
15687,0.54154
15688,0.53959
15689,0.53861
15690,0.53861
15691,0.53666
15692,0.53568
15693,0.53372
15694,0.53177
15695,0.53079
15696,0.52884
15697,0.52688
15698,0.52493
15699,0.52297
15700,0.52199
15701,0.52004
15702,0.51808
15703,0.51515
15704,0.51222
15705,0.50929
15706,0.50635
15707,0.5044
15708,0.50244
15709,0.50147
15710,0.49951
15711,0.49756
15712,0.49462
15713,0.49169
15714,0.48778
15715,0.48485
15716,0.48094
15717,0.47703
15718,0.4741
15719,0.47019
15720,0.46725
15721,0.4653
15722,0.46432
15723,0.46334
15724,0.46334
15725,0.46334
15726,0.4653
15727,0.46725
15728,0.47019
15729,0.4741
15730,0.47801
15731,0.48192
15732,0.48778
15733,0.49365
15734,0.49951
15735,0.50635
15736,0.5132
15737,0.52102
15738,0.52884
15739,0.53666
15740,0.54448
15741,0.55132
15742,0.55914
15743,0.56696
15744,0.5738
15745,0.58065
15746,0.58553
15747,0.58944
15748,0.59335
15749,0.59824
15750,0.60117
15751,0.60215
15752,0.60313
15753,0.60313
15754,0.60117
15755,0.6002
15756,0.59824
15757,0.59629
15758,0.59335
15759,0.5914
15760,0.58847
15761,0.58456
15762,0.58162
15763,0.57967
15764,0.57674
15765,0.57478
15766,0.57283
15767,0.56891
15768,0.565
15769,0.56109
15770,0.55718
15771,0.55327
15772,0.55034
15773,0.54643
15774,0.5435
15775,0.53959
15776,0.53568
15777,0.53177
15778,0.52786
15779,0.52395
15780,0.52004
15781,0.51613
15782,0.5132
15783,0.50929
15784,0.50538
15785,0.50244
15786,0.49951
15787,0.4956
15788,0.49169
15789,0.48876
15790,0.48485
15791,0.48094
15792,0.47801
15793,0.47507
15794,0.47116
15795,0.46823
15796,0.4653
15797,0.46237
15798,0.46041
15799,0.45943
15800,0.45846
15801,0.4565
15802,0.45455
15803,0.45357
15804,0.45161
15805,0.45064
15806,0.44868
15807,0.44673
15808,0.44575
15809,0.44379
15810,0.44184
15811,0.43988
15812,0.43793
15813,0.43695
15814,0.43695
15815,0.43597
15816,0.43597
15817,0.43695
15818,0.43793
15819,0.43988
15820,0.44184
15821,0.44379
15822,0.4477
15823,0.45161
15824,0.4565
15825,0.46041
15826,0.4653
15827,0.47116
15828,0.47801
15829,0.48485
15830,0.49267
15831,0.50049
15832,0.51026
15833,0.51906
15834,0.52884
15835,0.53763
15836,0.54741
15837,0.55621
15838,0.56403
15839,0.57087
15840,0.57771
15841,0.58358
15842,0.58944
15843,0.59335
15844,0.59726
15845,0.60117
15846,0.60215
15847,0.60313
15848,0.60313
15849,0.60215
15850,0.6002
15851,0.59824
15852,0.59531
15853,0.59238
15854,0.58847
15855,0.58456
15856,0.58162
15857,0.57967
15858,0.57674
15859,0.57283
15860,0.56794
15861,0.56403
15862,0.55914
15863,0.55523
15864,0.55132
15865,0.54741
15866,0.54252
15867,0.53861
15868,0.53372
15869,0.52884
15870,0.52493
15871,0.52199
15872,0.51906
15873,0.51613
15874,0.51417
15875,0.51124
15876,0.50831
15877,0.50538
15878,0.50342
15879,0.50049
15880,0.49756
15881,0.4956
15882,0.49267
15883,0.49071
15884,0.48778
15885,0.48485
15886,0.48094
15887,0.47703
15888,0.4741
15889,0.47019
15890,0.46725
15891,0.46432
15892,0.46237
15893,0.46041
15894,0.45846
15895,0.4565
15896,0.45259
15897,0.4477
15898,0.44379
15899,0.44086
15900,0.43793
15901,0.435
15902,0.43109
15903,0.42913
15904,0.42717
15905,0.4262
15906,0.42424
15907,0.42229
15908,0.42229
15909,0.42229
15910,0.42229
15911,0.42326
15912,0.42424
15913,0.4262
15914,0.42815
15915,0.43109
15916,0.435
15917,0.43988
15918,0.44575
15919,0.45259
15920,0.45943
15921,0.46725
15922,0.47605
15923,0.48583
15924,0.49658
15925,0.50831
15926,0.51808
15927,0.52786
15928,0.53568
15929,0.54448
15930,0.55034
15931,0.55621
15932,0.56305
15933,0.56989
15934,0.57674
15935,0.58162
15936,0.58456
15937,0.58553
15938,0.58553
15939,0.58358
15940,0.58162
15941,0.57967
15942,0.57576
15943,0.57185
15944,0.56794
15945,0.56403
15946,0.56012
15947,0.55523
15948,0.55132
15949,0.54643
15950,0.54154
15951,0.53666
15952,0.53079
15953,0.52493
15954,0.52004
15955,0.51515
15956,0.51026
15957,0.50538
15958,0.50049
15959,0.49462
15960,0.48876
15961,0.48289
15962,0.47703
15963,0.47116
15964,0.4653
15965,0.45846
15966,0.45259
15967,0.44673
15968,0.43988
15969,0.43402
15970,0.42913
15971,0.42424
15972,0.41935
15973,0.41349
15974,0.40762
15975,0.40274
15976,0.39883
15977,0.39589
15978,0.39296
15979,0.39003
15980,0.38807
15981,0.38514
15982,0.38416
15983,0.38416
15984,0.38319
15985,0.38319
15986,0.38221
15987,0.38221
15988,0.38221
15989,0.38221
15990,0.38221
15991,0.38221
15992,0.38123
15993,0.38123
15994,0.38025
15995,0.38123
15996,0.38221
15997,0.38221
15998,0.38221
15999,0.38221
16000,0.38221
16001,0.38319
16002,0.38416
16003,0.3871
16004,0.39003
16005,0.39296
16006,0.39492
16007,0.39883
16008,0.40274
16009,0.40762
16010,0.41251
16011,0.41935
16012,0.42815
16013,0.43891
16014,0.44966
16015,0.46139
16016,0.4741
16017,0.4868
16018,0.50049
16019,0.5132
16020,0.5259
16021,0.53959
16022,0.55132
16023,0.56109
16024,0.57185
16025,0.58358
16026,0.59433
16027,0.60411
16028,0.6129
16029,0.62072
16030,0.62854
16031,0.63441
16032,0.63832
16033,0.64125
16034,0.64223
16035,0.64223
16036,0.64223
16037,0.64125
16038,0.6393
16039,0.63636
16040,0.63343
16041,0.62952
16042,0.62463
16043,0.61975
16044,0.6129
16045,0.60704
16046,0.6002
16047,0.59335
16048,0.58847
16049,0.5826
16050,0.57869
16051,0.5738
16052,0.56891
16053,0.565
16054,0.56109
16055,0.55621
16056,0.55327
16057,0.54936
16058,0.54643
16059,0.54252
16060,0.53861
16061,0.53372
16062,0.52981
16063,0.52493
16064,0.52004
16065,0.51613
16066,0.51222
16067,0.50733
16068,0.5044
16069,0.50147
16070,0.49853
16071,0.4956
16072,0.49169
16073,0.48778
16074,0.48387
16075,0.48094
16076,0.47703
16077,0.47312
16078,0.46921
16079,0.4653
16080,0.46139
16081,0.45748
16082,0.45552
16083,0.45259
16084,0.44966
16085,0.44575
16086,0.44184
16087,0.43891
16088,0.43597
16089,0.43304
16090,0.43011
16091,0.42815
16092,0.4262
16093,0.42424
16094,0.42229
16095,0.42033
16096,0.42033
16097,0.42131
16098,0.42229
16099,0.42424
16100,0.42815
16101,0.43206
16102,0.43695
16103,0.44282
16104,0.44868
16105,0.45455
16106,0.46237
16107,0.46921
16108,0.47801
16109,0.48583
16110,0.4956
16111,0.50538
16112,0.51515
16113,0.52395
16114,0.53177
16115,0.54057
16116,0.55034
16117,0.56012
16118,0.56891
16119,0.57674
16120,0.5826
16121,0.58749
16122,0.59238
16123,0.59629
16124,0.59922
16125,0.6002
16126,0.60117
16127,0.60117
16128,0.60117
16129,0.60117
16130,0.59922
16131,0.59726
16132,0.59433
16133,0.59042
16134,0.58651
16135,0.58358
16136,0.58065
16137,0.57771
16138,0.57478
16139,0.57185
16140,0.56794
16141,0.56403
16142,0.56012
16143,0.55621
16144,0.5523
16145,0.54741
16146,0.5435
16147,0.53959
16148,0.53568
16149,0.53079
16150,0.52688
16151,0.52199
16152,0.51515
16153,0.50733
16154,0.50147
16155,0.49756
16156,0.49365
16157,0.48974
16158,0.4868
16159,0.48289
16160,0.47996
16161,0.47605
16162,0.47312
16163,0.46921
16164,0.46628
16165,0.46237
16166,0.45943
16167,0.45748
16168,0.45455
16169,0.45259
16170,0.45064
16171,0.44966
16172,0.44966
16173,0.44868
16174,0.4477
16175,0.44673
16176,0.44477
16177,0.44379
16178,0.44184
16179,0.43988
16180,0.43793
16181,0.435
16182,0.43304
16183,0.43011
16184,0.42815
16185,0.42717
16186,0.42522
16187,0.42326
16188,0.42229
16189,0.42326
16190,0.42424
16191,0.42522
16192,0.42717
16193,0.42815
16194,0.43109
16195,0.435
16196,0.43891
16197,0.44477
16198,0.45064
16199,0.4565
16200,0.46334
16201,0.46921
16202,0.47605
16203,0.48387
16204,0.49267
16205,0.49951
16206,0.50635
16207,0.5132
16208,0.52004
16209,0.52786
16210,0.5347
16211,0.54154
16212,0.54839
16213,0.55327
16214,0.55816
16215,0.56207
16216,0.565
16217,0.56794
16218,0.56891
16219,0.56891
16220,0.56891
16221,0.56794
16222,0.56598
16223,0.56305
16224,0.56012
16225,0.55816
16226,0.55621
16227,0.55425
16228,0.55327
16229,0.55132
16230,0.54936
16231,0.54741
16232,0.54448
16233,0.53959
16234,0.53568
16235,0.53079
16236,0.5259
16237,0.52102
16238,0.51613
16239,0.51124
16240,0.50733
16241,0.50342
16242,0.50049
16243,0.4956
16244,0.49071
16245,0.48583
16246,0.47996
16247,0.4741
16248,0.46921
16249,0.46334
16250,0.45846
16251,0.45455
16252,0.45064
16253,0.4477
16254,0.44477
16255,0.44282
16256,0.44086
16257,0.43793
16258,0.43597
16259,0.435
16260,0.43206
16261,0.42913
16262,0.42522
16263,0.42131
16264,0.41642
16265,0.41251
16266,0.4086
16267,0.40469
16268,0.40078
16269,0.39687
16270,0.39198
16271,0.38807
16272,0.38514
16273,0.38221
16274,0.3783
16275,0.37537
16276,0.37243
16277,0.36852
16278,0.36559
16279,0.36168
16280,0.35875
16281,0.35582
16282,0.35386
16283,0.35288
16284,0.35288
16285,0.35386
16286,0.35484
16287,0.35777
16288,0.3607
16289,0.36364
16290,0.36755
16291,0.37341
16292,0.38025
16293,0.38807
16294,0.39589
16295,0.40567
16296,0.41642
16297,0.4262
16298,0.43597
16299,0.44575
16300,0.45552
16301,0.46628
16302,0.47703
16303,0.48778
16304,0.49756
16305,0.50635
16306,0.5132
16307,0.52004
16308,0.52493
16309,0.52884
16310,0.53079
16311,0.53275
16312,0.5347
16313,0.53568
16314,0.53666
16315,0.53666
16316,0.53666
16317,0.53666
16318,0.53666
16319,0.53666
16320,0.53666
16321,0.53666
16322,0.53666
16323,0.53568
16324,0.53372
16325,0.53275
16326,0.53275
16327,0.53177
16328,0.53079
16329,0.53079
16330,0.52981
16331,0.52884
16332,0.52688
16333,0.5259
16334,0.52395
16335,0.52199
16336,0.52102
16337,0.51906
16338,0.51613
16339,0.5132
16340,0.51026
16341,0.50733
16342,0.5044
16343,0.50244
16344,0.49951
16345,0.49658
16346,0.49267
16347,0.48974
16348,0.48583
16349,0.48289
16350,0.47996
16351,0.47703
16352,0.4741
16353,0.47116
16354,0.46823
16355,0.46432
16356,0.46139
16357,0.45748
16358,0.45455
16359,0.45259
16360,0.44966
16361,0.44575
16362,0.44282
16363,0.44086
16364,0.43988
16365,0.43793
16366,0.43695
16367,0.435
16368,0.43304
16369,0.43206
16370,0.43206
16371,0.43109
16372,0.43011
16373,0.43109
16374,0.43206
16375,0.43402
16376,0.435
16377,0.43695
16378,0.43891
16379,0.44282
16380,0.44673
16381,0.45064
16382,0.45455
16383,0.45943
16384,0.46432
16385,0.47019
16386,0.47703
16387,0.48289
16388,0.48974
16389,0.4956
16390,0.50049
16391,0.50538
16392,0.51124
16393,0.51613
16394,0.52102
16395,0.5259
16396,0.53079
16397,0.53568
16398,0.53959
16399,0.54252
16400,0.54545
16401,0.54741
16402,0.54839
16403,0.54936
16404,0.54839
16405,0.54741
16406,0.54545
16407,0.54448
16408,0.5523
16409,0.565
16410,0.56891
16411,0.56989
16412,0.56794
16413,0.56403
16414,0.56012
16415,0.55621
16416,0.5523
16417,0.54741
16418,0.5435
16419,0.53959
16420,0.53568
16421,0.53079
16422,0.5259
16423,0.52199
16424,0.51808
16425,0.51417
16426,0.51026
16427,0.50538
16428,0.50147
16429,0.49756
16430,0.49365
16431,0.49071
16432,0.48778
16433,0.48485
16434,0.48192
16435,0.47898
16436,0.47507
16437,0.47116
16438,0.46823
16439,0.46432
16440,0.46139
16441,0.45943
16442,0.45748
16443,0.45552
16444,0.45357
16445,0.45161
16446,0.44966
16447,0.44673
16448,0.44477
16449,0.44184
16450,0.43891
16451,0.43695
16452,0.435
16453,0.43206
16454,0.43011
16455,0.42815
16456,0.42522
16457,0.42326
16458,0.42131
16459,0.42033
16460,0.41838
16461,0.4174
16462,0.41642
16463,0.41447
16464,0.41349
16465,0.41349
16466,0.41251
16467,0.41349
16468,0.41447
16469,0.41642
16470,0.41935
16471,0.42326
16472,0.4262
16473,0.43011
16474,0.435
16475,0.43988
16476,0.44575
16477,0.45259
16478,0.45943
16479,0.46725
16480,0.47605
16481,0.48387
16482,0.48974
16483,0.4956
16484,0.50147
16485,0.50831
16486,0.51417
16487,0.52004
16488,0.52493
16489,0.52884
16490,0.53275
16491,0.53666
16492,0.53959
16493,0.54154
16494,0.54252
16495,0.54252
16496,0.54252
16497,0.54057
16498,0.53959
16499,0.53763
16500,0.5347
16501,0.53275
16502,0.52981
16503,0.5259
16504,0.52297
16505,0.52004
16506,0.51613
16507,0.5132
16508,0.51124
16509,0.50733
16510,0.50342
16511,0.49853
16512,0.4956
16513,0.49169
16514,0.48876
16515,0.48485
16516,0.48192
16517,0.47801
16518,0.47507
16519,0.47116
16520,0.46823
16521,0.4653
16522,0.46139
16523,0.45846
16524,0.45455
16525,0.44966
16526,0.44673
16527,0.44282
16528,0.43988
16529,0.43793
16530,0.43597
16531,0.43402
16532,0.43206
16533,0.43011
16534,0.42815
16535,0.42522
16536,0.42229
16537,0.41935
16538,0.4174
16539,0.41544
16540,0.41447
16541,0.41153
16542,0.4086
16543,0.40469
16544,0.40078
16545,0.39589
16546,0.39101
16547,0.38807
16548,0.38514
16549,0.38123
16550,0.3783
16551,0.37439
16552,0.37146
16553,0.36852
16554,0.36657
16555,0.36461
16556,0.36266
16557,0.3607
16558,0.35973
16559,0.35973
16560,0.36168
16561,0.36266
16562,0.36461
16563,0.36755
16564,0.37243
16565,0.37634
16566,0.38123
16567,0.38514
16568,0.38905
16569,0.39198
16570,0.39589
16571,0.39883
16572,0.40274
16573,0.40567
16574,0.40958
16575,0.41349
16576,0.41838
16577,0.42326
16578,0.42717
16579,0.43011
16580,0.43402
16581,0.43695
16582,0.43988
16583,0.44086
16584,0.44086
16585,0.43988
16586,0.43988
16587,0.43988
16588,0.43891
16589,0.43695
16590,0.43597
16591,0.43402
16592,0.43206
16593,0.43011
16594,0.42815
16595,0.42717
16596,0.4262
16597,0.42424
16598,0.42326
16599,0.42326
16600,0.42424
16601,0.42424
16602,0.42424
16603,0.42424
16604,0.42326
16605,0.42229
16606,0.42131
16607,0.41935
16608,0.4174
16609,0.41544
16610,0.41251
16611,0.41056
16612,0.40958
16613,0.4086
16614,0.40567
16615,0.40371
16616,0.40274
16617,0.40078
16618,0.3998
16619,0.39785
16620,0.39687
16621,0.39589
16622,0.39492
16623,0.39394
16624,0.39394
16625,0.39394
16626,0.39492
16627,0.39492
16628,0.39589
16629,0.39687
16630,0.39687
16631,0.39687
16632,0.39687
16633,0.39687
16634,0.39687
16635,0.39687
16636,0.39687
16637,0.39687
16638,0.39785
16639,0.39785
16640,0.39687
16641,0.39687
16642,0.39589
16643,0.39589
16644,0.39589
16645,0.39589
16646,0.39589
16647,0.39589
16648,0.39589
16649,0.39589
16650,0.39589
16651,0.39687
16652,0.39883
16653,0.40078
16654,0.40469
16655,0.40762
16656,0.41153
16657,0.41642
16658,0.42131
16659,0.4262
16660,0.43109
16661,0.43695
16662,0.44184
16663,0.44673
16664,0.45943
16665,0.47605
16666,0.48876
16667,0.49853
16668,0.50635
16669,0.5132
16670,0.51808
16671,0.52297
16672,0.5259
16673,0.52884
16674,0.52981
16675,0.52981
16676,0.52981
16677,0.52884
16678,0.52688
16679,0.52493
16680,0.52395
16681,0.52199
16682,0.52004
16683,0.51808
16684,0.51515
16685,0.5132
16686,0.50929
16687,0.50635
16688,0.50244
16689,0.49756
16690,0.49365
16691,0.49071
16692,0.48583
16693,0.48192
16694,0.47801
16695,0.47507
16696,0.47214
16697,0.47019
16698,0.46823
16699,0.4653
16700,0.46334
16701,0.46139
16702,0.45846
16703,0.4565
16704,0.45552
16705,0.45357
16706,0.45161
16707,0.44966
16708,0.4477
16709,0.44575
16710,0.44379
16711,0.44282
16712,0.44086
16713,0.43891
16714,0.43695
16715,0.43402
16716,0.43206
16717,0.43109
16718,0.43011
16719,0.42815
16720,0.4262
16721,0.42424
16722,0.42229
16723,0.42033
16724,0.41838
16725,0.41642
16726,0.41447
16727,0.41349
16728,0.41153
16729,0.40958
16730,0.4086
16731,0.4086
16732,0.40762
16733,0.40567
16734,0.40469
16735,0.40371
16736,0.40371
16737,0.40274
16738,0.40274
16739,0.40274
16740,0.40371
16741,0.40371
16742,0.40567
16743,0.40665
16744,0.40958
16745,0.41153
16746,0.41251
16747,0.41544
16748,0.4174
16749,0.42131
16750,0.4262
16751,0.43109
16752,0.43793
16753,0.44379
16754,0.45064
16755,0.45748
16756,0.46334
16757,0.47019
16758,0.47605
16759,0.48094
16760,0.4868
16761,0.49169
16762,0.49658
16763,0.50147
16764,0.50635
16765,0.50929
16766,0.51222
16767,0.51417
16768,0.51613
16769,0.51808
16770,0.51808
16771,0.51711
16772,0.51613
16773,0.51515
16774,0.51417
16775,0.5132
16776,0.51124
16777,0.51026
16778,0.50831
16779,0.50635
16780,0.5044
16781,0.50147
16782,0.49951
16783,0.49756
16784,0.49462
16785,0.49169
16786,0.48778
16787,0.48583
16788,0.48289
16789,0.48094
16790,0.47898
16791,0.47605
16792,0.4741
16793,0.47214
16794,0.47019
16795,0.46823
16796,0.46628
16797,0.46334
16798,0.46139
16799,0.46041
16800,0.45846
16801,0.4565
16802,0.45455
16803,0.45357
16804,0.45161
16805,0.44966
16806,0.4477
16807,0.44673
16808,0.44575
16809,0.44477
16810,0.44379
16811,0.44184
16812,0.44086
16813,0.43891
16814,0.43695
16815,0.43597
16816,0.43402
16817,0.43206
16818,0.43011
16819,0.42717
16820,0.42326
16821,0.42131
16822,0.41935
16823,0.41838
16824,0.41838
16825,0.4174
16826,0.4174
16827,0.41642
16828,0.41642
16829,0.41642
16830,0.4174
16831,0.4174
16832,0.41838
16833,0.41838
16834,0.41838
16835,0.41935
16836,0.42033
16837,0.42131
16838,0.42326
16839,0.42424
16840,0.4262
16841,0.42913
16842,0.43304
16843,0.43597
16844,0.43891
16845,0.44282
16846,0.44673
16847,0.45064
16848,0.45357
16849,0.45748
16850,0.46041
16851,0.46432
16852,0.46725
16853,0.47116
16854,0.4741
16855,0.47703
16856,0.47996
16857,0.48289
16858,0.48485
16859,0.48583
16860,0.48583
16861,0.48583
16862,0.48583
16863,0.48387
16864,0.48289
16865,0.47996
16866,0.47605
16867,0.47312
16868,0.47116
16869,0.46823
16870,0.4653
16871,0.46237
16872,0.45943
16873,0.45552
16874,0.45357
16875,0.45064
16876,0.44868
16877,0.44575
16878,0.44184
16879,0.43988
16880,0.43793
16881,0.43597
16882,0.43402
16883,0.43109
16884,0.42815
16885,0.42522
16886,0.42229
16887,0.42033
16888,0.41935
16889,0.41838
16890,0.41838
16891,0.4174
16892,0.41642
16893,0.41544
16894,0.41447
16895,0.41544
16896,0.41642
16897,0.4174
16898,0.41838
16899,0.41838
16900,0.41838
16901,0.41838
16902,0.41838
16903,0.41838
16904,0.41838
16905,0.41838
16906,0.41838
16907,0.41838
16908,0.41838
16909,0.41838
16910,0.41838
16911,0.4174
16912,0.4174
16913,0.4174
16914,0.41838
16915,0.41838
16916,0.41838
16917,0.41838
16918,0.41838
16919,0.41935
16920,0.42131
16921,0.42424
16922,0.42717
16923,0.43011
16924,0.43402
16925,0.43891
16926,0.44477
16927,0.45064
16928,0.4565
16929,0.46432
16930,0.47312
16931,0.48289
16932,0.49267
16933,0.50244
16934,0.5132
16935,0.52395
16936,0.53666
16937,0.54936
16938,0.56305
16939,0.57576
16940,0.58553
16941,0.59335
16942,0.60215
16943,0.60997
16944,0.61681
16945,0.62366
16946,0.6305
16947,0.63636
16948,0.64321
16949,0.64809
16950,0.65103
16951,0.65298
16952,0.65396
16953,0.65396
16954,0.652
16955,0.65005
16956,0.64614
16957,0.64321
16958,0.64125
16959,0.63832
16960,0.63636
16961,0.63343
16962,0.6305
16963,0.62659
16964,0.6217
16965,0.61681
16966,0.61193
16967,0.60802
16968,0.60313
16969,0.59824
16970,0.59433
16971,0.5914
16972,0.58847
16973,0.58651
16974,0.58456
16975,0.58162
16976,0.57967
16977,0.57674
16978,0.5738
16979,0.57185
16980,0.56891
16981,0.565
16982,0.56109
16983,0.55718
16984,0.55327
16985,0.54839
16986,0.54252
16987,0.53568
16988,0.52884
16989,0.52297
16990,0.51711
16991,0.5132
16992,0.51026
16993,0.50831
16994,0.50733
16995,0.50733
16996,0.50733
16997,0.50733
16998,0.50733
16999,0.50733
17000,0.50635
17001,0.50538
17002,0.5044
17003,0.50244
17004,0.50049
17005,0.49951
17006,0.49853
17007,0.49658
17008,0.49267
17009,0.48974
17010,0.48583
17011,0.48289
17012,0.48094
17013,0.47996
17014,0.47898
17015,0.47898
17016,0.47898
17017,0.47898
17018,0.47898
17019,0.47996
17020,0.48094
17021,0.48289
17022,0.48583
17023,0.49071
17024,0.4956
17025,0.50049
17026,0.50538
17027,0.51026
17028,0.51613
17029,0.52395
17030,0.53177
17031,0.53959
17032,0.54643
17033,0.55425
17034,0.56403
17035,0.57576
17036,0.58847
17037,0.6002
17038,0.61095
17039,0.62072
17040,0.62952
17041,0.63734
17042,0.64418
17043,0.65103
17044,0.65591
17045,0.6608
17046,0.66471
17047,0.66667
17048,0.66764
17049,0.66862
17050,0.66862
17051,0.66862
17052,0.66862
17053,0.66764
17054,0.66569
17055,0.66178
17056,0.65787
17057,0.65396
17058,0.65103
17059,0.64712
17060,0.64223
17061,0.63734
17062,0.63343
17063,0.62854
17064,0.62366
17065,0.61877
17066,0.61388
17067,0.60899
17068,0.60313
17069,0.59824
17070,0.59433
17071,0.59238
17072,0.59042
17073,0.58749
17074,0.58456
17075,0.5826
17076,0.57967
17077,0.57674
17078,0.5738
17079,0.57087
17080,0.56794
17081,0.565
17082,0.56207
17083,0.55914
17084,0.55718
17085,0.55621
17086,0.55327
17087,0.55034
17088,0.54839
17089,0.54545
17090,0.54252
17091,0.53959
17092,0.53666
17093,0.53372
17094,0.53079
17095,0.52786
17096,0.5259
17097,0.52297
17098,0.52199
17099,0.51906
17100,0.51711
17101,0.5132
17102,0.51026
17103,0.50733
17104,0.5044
17105,0.50244
17106,0.50049
17107,0.49951
17108,0.49853
17109,0.49951
17110,0.50147
17111,0.50538
17112,0.50831
17113,0.51124
17114,0.51417
17115,0.51711
17116,0.52004
17117,0.52297
17118,0.5259
17119,0.53177
17120,0.53861
17121,0.54643
17122,0.55523
17123,0.565
17124,0.57478
17125,0.58456
17126,0.59531
17127,0.60704
17128,0.61681
17129,0.62463
17130,0.63245
17131,0.6393
17132,0.64516
17133,0.65103
17134,0.65689
17135,0.65982
17136,0.66178
17137,0.66276
17138,0.66276
17139,0.66178
17140,0.65885
17141,0.65494
17142,0.65103
17143,0.64809
17144,0.64418
17145,0.6393
17146,0.63441
17147,0.62854
17148,0.62268
17149,0.61779
17150,0.6129
17151,0.60802
17152,0.60313
17153,0.59824
17154,0.59433
17155,0.5914
17156,0.58749
17157,0.5826
17158,0.57771
17159,0.57185
17160,0.56696
17161,0.56109
17162,0.55523
17163,0.55034
17164,0.54545
17165,0.53861
17166,0.53275
17167,0.5259
17168,0.51906
17169,0.51222
17170,0.50733
17171,0.50342
17172,0.48583
17173,0.46237
17174,0.4477
17175,0.43793
17176,0.43304
17177,0.43109
17178,0.42913
17179,0.42815
17180,0.42717
17181,0.42717
17182,0.42717
17183,0.42717
17184,0.42717
17185,0.42717
17186,0.42717
17187,0.42717
17188,0.42717
17189,0.42815
17190,0.42913
17191,0.42913
17192,0.43011
17193,0.43011
17194,0.43011
17195,0.43011
17196,0.43011
17197,0.43011
17198,0.42913
17199,0.42815
17200,0.42815
17201,0.42815
17202,0.43109
17203,0.435
17204,0.43988
17205,0.44477
17206,0.45161
17207,0.45943
17208,0.46725
17209,0.47605
17210,0.48778
17211,0.50049
17212,0.51417
17213,0.52786
17214,0.54154
17215,0.5523
17216,0.56305
17217,0.57674
17218,0.59238
17219,0.60802
17220,0.62463
17221,0.64027
17222,0.65494
17223,0.6696
17224,0.68426
17225,0.69795
17226,0.7087
17227,0.7175
17228,0.72336
17229,0.72727
17230,0.73021
17231,0.73118
17232,0.73118
17233,0.73021
17234,0.72727
17235,0.72532
17236,0.72239
17237,0.71945
17238,0.71652
17239,0.71359
17240,0.70968
17241,0.70577
17242,0.70186
17243,0.69599
17244,0.68915
17245,0.68231
17246,0.67644
17247,0.67155
17248,0.66667
17249,0.6608
17250,0.65689
17251,0.652
17252,0.64614
17253,0.64223
17254,0.63832
17255,0.63539
17256,0.63148
17257,0.62854
17258,0.62463
17259,0.6217
17260,0.61877
17261,0.61486
17262,0.60997
17263,0.60508
17264,0.6002
17265,0.59629
17266,0.5914
17267,0.58651
17268,0.58162
17269,0.57674
17270,0.57185
17271,0.56598
17272,0.56109
17273,0.55523
17274,0.55132
17275,0.54839
17276,0.54545
17277,0.54252
17278,0.53959
17279,0.53666
17280,0.53372
17281,0.53177
17282,0.52981
17283,0.52688
17284,0.52297
17285,0.51808
17286,0.5132
17287,0.50929
17288,0.50538
17289,0.50147
17290,0.49853
17291,0.4956
17292,0.49267
17293,0.48974
17294,0.48778
17295,0.4868
17296,0.48583
17297,0.4868
17298,0.48778
17299,0.49071
17300,0.49267
17301,0.49756
17302,0.50342
17303,0.51124
17304,0.51906
17305,0.52884
17306,0.53861
17307,0.54839
17308,0.55718
17309,0.56794
17310,0.57869
17311,0.59042
17312,0.60215
17313,0.6129
17314,0.62463
17315,0.63441
17316,0.64321
17317,0.652
17318,0.6608
17319,0.6696
17320,0.67742
17321,0.68231
17322,0.68817
17323,0.69306
17324,0.69795
17325,0.70088
17326,0.70479
17327,0.70577
17328,0.70577
17329,0.70381
17330,0.70186
17331,0.69892
17332,0.69599
17333,0.69306
17334,0.69013
17335,0.68719
17336,0.68426
17337,0.68035
17338,0.67644
17339,0.67155
17340,0.66667
17341,0.66178
17342,0.65591
17343,0.65005
17344,0.64516
17345,0.64027
17346,0.63734
17347,0.63441
17348,0.6305
17349,0.62757
17350,0.62366
17351,0.61877
17352,0.6129
17353,0.60704
17354,0.60117
17355,0.59531
17356,0.58944
17357,0.58456
17358,0.58065
17359,0.57771
17360,0.5738
17361,0.56891
17362,0.565
17363,0.56012
17364,0.55523
17365,0.5523
17366,0.55034
17367,0.54839
17368,0.54741
17369,0.54643
17370,0.54448
17371,0.54154
17372,0.53959
17373,0.53666
17374,0.53568
17375,0.53275
17376,0.52981
17377,0.52786
17378,0.52493
17379,0.52199
17380,0.51906
17381,0.51613
17382,0.5132
17383,0.51026
17384,0.50733
17385,0.50538
17386,0.5044
17387,0.50342
17388,0.5044
17389,0.50538
17390,0.50831
17391,0.51026
17392,0.5132
17393,0.51711
17394,0.52199
17395,0.52884
17396,0.53666
17397,0.54448
17398,0.5523
17399,0.55816
17400,0.56598
17401,0.57478
17402,0.58553
17403,0.59629
17404,0.60802
17405,0.61877
17406,0.6305
17407,0.64125
17408,0.65103
17409,0.6608
17410,0.67155
17411,0.68231
17412,0.6911
17413,0.69795
17414,0.70577
17415,0.71261
17416,0.7175
17417,0.72141
17418,0.72434
17419,0.72434
17420,0.72336
17421,0.72239
17422,0.72141
17423,0.72043
17424,0.71848
17425,0.71652
17426,0.71359
17427,0.7087
17428,0.70283
17429,0.69501
17430,0.68719
17431,0.67937
17432,0.64907
17433,0.60802
17434,0.58553
17435,0.57283
17436,0.56305
17437,0.55621
17438,0.5523
17439,0.54936
17440,0.54643
17441,0.5435
17442,0.54057
17443,0.53763
17444,0.53372
17445,0.52884
17446,0.52493
17447,0.52004
17448,0.51515
17449,0.51026
17450,0.50538
17451,0.50147
17452,0.49756
17453,0.49365
17454,0.48876
17455,0.48387
17456,0.47996
17457,0.47605
17458,0.47214
17459,0.46725
17460,0.46237
17461,0.45846
17462,0.45259
17463,0.44673
17464,0.44086
17465,0.43695
17466,0.43206
17467,0.42815
17468,0.42424
17469,0.42131
17470,0.41838
17471,0.41447
17472,0.41056
17473,0.40665
17474,0.40371
17475,0.40176
17476,0.39785
17477,0.39589
17478,0.39394
17479,0.39394
17480,0.39394
17481,0.39394
17482,0.39394
17483,0.39394
17484,0.39394
17485,0.39492
17486,0.39687
17487,0.3998
17488,0.40176
17489,0.40469
17490,0.40958
17491,0.41447
17492,0.42033
17493,0.42717
17494,0.43402
17495,0.44282
17496,0.45357
17497,0.46432
17498,0.4741
17499,0.48387
17500,0.49365
17501,0.50342
17502,0.51222
17503,0.52199
17504,0.53079
17505,0.53763
17506,0.5435
17507,0.54936
17508,0.55425
17509,0.55816
17510,0.56207
17511,0.56598
17512,0.56794
17513,0.56989
17514,0.57087
17515,0.56989
17516,0.56794
17517,0.56598
17518,0.56403
17519,0.56207
17520,0.55914
17521,0.55718
17522,0.55425
17523,0.5523
17524,0.55034
17525,0.54936
17526,0.54936
17527,0.54839
17528,0.54839
17529,0.54839
17530,0.54839
17531,0.54839
17532,0.54839
17533,0.54936
17534,0.54936
17535,0.54936
17536,0.54839
17537,0.54839
17538,0.54839
17539,0.54839
17540,0.54839
17541,0.54839
17542,0.54839
17543,0.54839
17544,0.54839
17545,0.54839
17546,0.54839
17547,0.54839
17548,0.54839
17549,0.54839
17550,0.54839
17551,0.54839
17552,0.54839
17553,0.54839
17554,0.54839
17555,0.54741
17556,0.54643
17557,0.54545
17558,0.54252
17559,0.53861
17560,0.53568
17561,0.53079
17562,0.52688
17563,0.52395
17564,0.52004
17565,0.51711
17566,0.51417
17567,0.51222
17568,0.51026
17569,0.50929
17570,0.50831
17571,0.50831
17572,0.50831
17573,0.50831
17574,0.51026
17575,0.51417
17576,0.51808
17577,0.52297
17578,0.52688
17579,0.53177
17580,0.53763
17581,0.54448
17582,0.55132
17583,0.55621
17584,0.56207
17585,0.56891
17586,0.57674
17587,0.58456
17588,0.59238
17589,0.60117
17590,0.61095
17591,0.61975
17592,0.62757
17593,0.63441
17594,0.64027
17595,0.64614
17596,0.65005
17597,0.65298
17598,0.65494
17599,0.65689
17600,0.65787
17601,0.65787
17602,0.65787
17603,0.65787
17604,0.65787
17605,0.65787
17606,0.65591
17607,0.652
17608,0.64809
17609,0.64321
17610,0.6393
17611,0.63343
17612,0.62854
17613,0.62463
17614,0.6217
17615,0.61877
17616,0.61486
17617,0.60997
17618,0.60508
17619,0.60117
17620,0.59726
17621,0.59238
17622,0.58944
17623,0.58651
17624,0.58358
17625,0.58065
17626,0.57771
17627,0.57283
17628,0.56794
17629,0.56207
17630,0.55621
17631,0.5523
17632,0.54839
17633,0.54448
17634,0.54057
17635,0.53666
17636,0.53275
17637,0.52884
17638,0.52493
17639,0.52004
17640,0.51613
17641,0.5132
17642,0.51124
17643,0.50831
17644,0.50538
17645,0.50342
17646,0.50049
17647,0.49853
17648,0.49756
17649,0.4956
17650,0.49365
17651,0.49169
17652,0.48778
17653,0.48387
17654,0.47996
17655,0.47703
17656,0.4741
17657,0.47116
17658,0.46921
17659,0.46628
17660,0.4653
17661,0.4653
17662,0.4653
17663,0.46628
17664,0.46725
17665,0.46921
17666,0.47116
17667,0.47312
17668,0.47507
17669,0.47898
17670,0.48289
17671,0.4868
17672,0.49169
17673,0.49658
17674,0.50244
17675,0.50831
17676,0.51711
17677,0.5259
17678,0.5347
17679,0.5435
17680,0.55132
17681,0.56012
17682,0.56989
17683,0.58162
17684,0.59335
17685,0.60411
17686,0.61388
17687,0.6217
17688,0.61584
17689,0.60411
17690,0.59922
17691,0.59922
17692,0.60117
17693,0.60411
17694,0.60606
17695,0.60606
17696,0.60606
17697,0.60411
17698,0.60215
17699,0.6002
17700,0.59824
17701,0.59629
17702,0.59238
17703,0.59042
17704,0.58847
17705,0.58456
17706,0.58162
17707,0.57869
17708,0.57576
17709,0.57283
17710,0.56891
17711,0.56598
17712,0.56305
17713,0.56012
17714,0.55621
17715,0.55425
17716,0.55132
17717,0.54839
17718,0.5435
17719,0.53959
17720,0.53568
17721,0.53177
17722,0.52884
17723,0.5259
17724,0.52297
17725,0.52004
17726,0.51808
17727,0.51613
17728,0.51417
17729,0.51222
17730,0.51026
17731,0.50831
17732,0.50538
17733,0.50342
17734,0.50049
17735,0.49756
17736,0.4956
17737,0.49267
17738,0.49071
17739,0.48876
17740,0.48583
17741,0.48289
17742,0.47996
17743,0.47605
17744,0.47214
17745,0.46823
17746,0.4653
17747,0.46237
17748,0.46041
17749,0.45846
17750,0.4565
17751,0.45455
17752,0.45259
17753,0.45064
17754,0.44966
17755,0.4477
17756,0.44673
17757,0.44477
17758,0.44282
17759,0.44282
17760,0.44379
17761,0.44477
17762,0.44673
17763,0.44868
17764,0.45064
17765,0.45357
17766,0.4565
17767,0.45943
17768,0.46334
17769,0.46921
17770,0.47605
17771,0.48289
17772,0.49071
17773,0.49756
17774,0.50538
17775,0.5132
17776,0.52004
17777,0.5259
17778,0.53177
17779,0.5347
17780,0.53861
17781,0.54252
17782,0.54448
17783,0.54741
17784,0.54839
17785,0.54839
17786,0.54643
17787,0.54545
17788,0.5435
17789,0.54154
17790,0.53959
17791,0.53666
17792,0.53372
17793,0.53079
17794,0.52688
17795,0.52395
17796,0.52199
17797,0.52102
17798,0.51906
17799,0.51711
17800,0.51417
17801,0.51222
17802,0.50929
17803,0.50733
17804,0.50538
17805,0.5044
17806,0.5044
17807,0.50342
17808,0.50342
17809,0.50342
17810,0.50244
17811,0.50147
17812,0.49951
17813,0.49756
17814,0.49462
17815,0.49267
17816,0.49071
17817,0.48876
17818,0.4868
17819,0.48583
17820,0.48387
17821,0.48192
17822,0.48094
17823,0.48094
17824,0.47996
17825,0.47996
17826,0.47996
17827,0.47996
17828,0.47996
17829,0.48094
17830,0.48192
17831,0.48192
17832,0.48192
17833,0.48192
17834,0.48192
17835,0.48192
17836,0.48192
17837,0.48094
17838,0.48094
17839,0.47996
17840,0.47996
17841,0.47996
17842,0.47996
17843,0.47996
17844,0.47996
17845,0.48094
17846,0.48192
17847,0.48289
17848,0.48583
17849,0.48876
17850,0.49267
17851,0.4956
17852,0.49951
17853,0.50342
17854,0.50733
17855,0.51124
17856,0.51613
17857,0.52102
17858,0.5259
17859,0.52981
17860,0.5347
17861,0.54057
17862,0.54545
17863,0.5523
17864,0.56012
17865,0.56794
17866,0.57576
17867,0.58162
17868,0.58847
17869,0.59531
17870,0.60117
17871,0.60606
17872,0.60997
17873,0.6129
17874,0.61681
17875,0.62072
17876,0.62463
17877,0.62757
17878,0.62952
17879,0.6305
17880,0.6305
17881,0.6305
17882,0.6305
17883,0.62854
17884,0.62561
17885,0.62268
17886,0.61877
17887,0.61486
17888,0.61095
17889,0.60704
17890,0.60313
17891,0.59922
17892,0.59531
17893,0.5914
17894,0.58749
17895,0.5826
17896,0.57869
17897,0.57478
17898,0.57185
17899,0.56794
17900,0.56403
17901,0.56012
17902,0.55718
17903,0.55327
17904,0.54936
17905,0.54545
17906,0.54154
17907,0.53666
17908,0.53177
17909,0.52786
17910,0.52395
17911,0.52199
17912,0.52004
17913,0.51906
17914,0.51808
17915,0.51613
17916,0.51417
17917,0.51222
17918,0.50929
17919,0.50733
17920,0.50538
17921,0.5044
17922,0.50244
17923,0.50049
17924,0.49756
17925,0.4956
17926,0.49365
17927,0.49071
17928,0.48778
17929,0.48485
17930,0.48192
17931,0.47898
17932,0.47605
17933,0.47312
17934,0.47019
17935,0.46628
17936,0.46334
17937,0.46139
17938,0.45943
17939,0.45846
17940,0.45846
17941,0.45846
17942,0.45846
17943,0.45846
17944,0.44673
17945,0.43011
17946,0.42326
17947,0.42229
17948,0.42424
17949,0.42815
17950,0.43109
17951,0.435
17952,0.44184
17953,0.44868
17954,0.4565
17955,0.4653
17956,0.47507
17957,0.48485
17958,0.4956
17959,0.50635
17960,0.51711
17961,0.5259
17962,0.53568
17963,0.54252
17964,0.54839
17965,0.55523
17966,0.56207
17967,0.56794
17968,0.57283
17969,0.57771
17970,0.58162
17971,0.58553
17972,0.58749
17973,0.58847
17974,0.58847
17975,0.58847
17976,0.58651
17977,0.58358
17978,0.57967
17979,0.57674
17980,0.5738
17981,0.56989
17982,0.56598
17983,0.56207
17984,0.55718
17985,0.55327
17986,0.54936
17987,0.54643
17988,0.5435
17989,0.53959
17990,0.53568
17991,0.53177
17992,0.52981
17993,0.5259
17994,0.52199
17995,0.51906
17996,0.51515
17997,0.51124
17998,0.50831
17999,0.50342
18000,0.49951
18001,0.4956
18002,0.49071
18003,0.4868
18004,0.48289
18005,0.47996
18006,0.47605
18007,0.47312
18008,0.47019
18009,0.46725
18010,0.46432
18011,0.46139
18012,0.45748
18013,0.45552
18014,0.45161
18015,0.44966
18016,0.44673
18017,0.44379
18018,0.43988
18019,0.43695
18020,0.43402
18021,0.43011
18022,0.4262
18023,0.42131
18024,0.4174
18025,0.41447
18026,0.41251
18027,0.41153
18028,0.41153
18029,0.41056
18030,0.41056
18031,0.4086
18032,0.40762
18033,0.40665
18034,0.40762
18035,0.4086
18036,0.40958
18037,0.41056
18038,0.41251
18039,0.41642
18040,0.42033
18041,0.42424
18042,0.42815
18043,0.43206
18044,0.43597
18045,0.44086
18046,0.44673
18047,0.45455
18048,0.46334
18049,0.47116
18050,0.47898
18051,0.48778
18052,0.49462
18053,0.50147
18054,0.50831
18055,0.51417
18056,0.51906
18057,0.5259
18058,0.53177
18059,0.53861
18060,0.5435
18061,0.54741
18062,0.54936
18063,0.54936
18064,0.54936
18065,0.54839
18066,0.54643
18067,0.54448
18068,0.54252
18069,0.54057
18070,0.53763
18071,0.5347
18072,0.53177
18073,0.52786
18074,0.52395
18075,0.52004
18076,0.51515
18077,0.51026
18078,0.50538
18079,0.49951
18080,0.49267
18081,0.4868
18082,0.48192
18083,0.47801
18084,0.47312
18085,0.46921
18086,0.46432
18087,0.46041
18088,0.45552
18089,0.45161
18090,0.44575
18091,0.43988
18092,0.43304
18093,0.42717
18094,0.42131
18095,0.4174
18096,0.41251
18097,0.4086
18098,0.40567
18099,0.40274
18100,0.3998
18101,0.39589
18102,0.39296
18103,0.39003
18104,0.3871
18105,0.38514
18106,0.38221
18107,0.38123
18108,0.37928
18109,0.37732
18110,0.37634
18111,0.37634
18112,0.37537
18113,0.37537
18114,0.37439
18115,0.37439
18116,0.37341
18117,0.37341
18118,0.37243
18119,0.37243
18120,0.37146
18121,0.37146
18122,0.37048
18123,0.37048
18124,0.37048
18125,0.37243
18126,0.37439
18127,0.37634
18128,0.37928
18129,0.38416
18130,0.39003
18131,0.39687
18132,0.40274
18133,0.41056
18134,0.4174
18135,0.42424
18136,0.43206
18137,0.44086
18138,0.44966
18139,0.46041
18140,0.47214
18141,0.48387
18142,0.4956
18143,0.50733
18144,0.52102
18145,0.53275
18146,0.54252
18147,0.55034
18148,0.55914
18149,0.56891
18150,0.57771
18151,0.58651
18152,0.59531
18153,0.60215
18154,0.60802
18155,0.6129
18156,0.61584
18157,0.61681
18158,0.61779
18159,0.61681
18160,0.61388
18161,0.61095
18162,0.60606
18163,0.60215
18164,0.59824
18165,0.59335
18166,0.58944
18167,0.58456
18168,0.57967
18169,0.57576
18170,0.57087
18171,0.56598
18172,0.56207
18173,0.55718
18174,0.55327
18175,0.55034
18176,0.54741
18177,0.54545
18178,0.54252
18179,0.54057
18180,0.53861
18181,0.53568
18182,0.53275
18183,0.52981
18184,0.5259
18185,0.52199
18186,0.51906
18187,0.51515
18188,0.51124
18189,0.50635
18190,0.50147
18191,0.49658
18192,0.48974
18193,0.48485
18194,0.47996
18195,0.47605
18196,0.4741
18197,0.4741
18198,0.4741
18199,0.47312
18200,0.47214
18201,0.47019
18202,0.46725
18203,0.46432
18204,0.46139
18205,0.45748
18206,0.45357
18207,0.44966
18208,0.44575
18209,0.44282
18210,0.43891
18211,0.43597
18212,0.43402
18213,0.43109
18214,0.42815
18215,0.42717
18216,0.42717
18217,0.4262
18218,0.4262
18219,0.4262
18220,0.4262
18221,0.4262
18222,0.42717
18223,0.42815
18224,0.42913
18225,0.43109
18226,0.43402
18227,0.43695
18228,0.44086
18229,0.44477
18230,0.44966
18231,0.45455
18232,0.46139
18233,0.46823
18234,0.47605
18235,0.48387
18236,0.49169
18237,0.49951
18238,0.50635
18239,0.5132
18240,0.52102
18241,0.52884
18242,0.53763
18243,0.54448
18244,0.55034
18245,0.55425
18246,0.55914
18247,0.56305
18248,0.56696
18249,0.57087
18250,0.57283
18251,0.5738
18252,0.5738
18253,0.5738
18254,0.57283
18255,0.57087
18256,0.56794
18257,0.56598
18258,0.56403
18259,0.56109
18260,0.55914
18261,0.55621
18262,0.55327
18263,0.55132
18264,0.54839
18265,0.54643
18266,0.54448
18267,0.54252
18268,0.53861
18269,0.5347
18270,0.53177
18271,0.52884
18272,0.5259
18273,0.52297
18274,0.52004
18275,0.51711
18276,0.51515
18277,0.51222
18278,0.50831
18279,0.50538
18280,0.50147
18281,0.49658
18282,0.49267
18283,0.48778
18284,0.48387
18285,0.47996
18286,0.47703
18287,0.4741
18288,0.47214
18289,0.47019
18290,0.46725
18291,0.4653
18292,0.46334
18293,0.46139
18294,0.45943
18295,0.45748
18296,0.45552
18297,0.45357
18298,0.45064
18299,0.4477
18300,0.44379
18301,0.43988
18302,0.43597
18303,0.43402
18304,0.43206
18305,0.43011
18306,0.42815
18307,0.4262
18308,0.42522
18309,0.42424
18310,0.42326
18311,0.42326
18312,0.42424
18313,0.42522
18314,0.4262
18315,0.4262
18316,0.4262
18317,0.4262
18318,0.42815
18319,0.43011
18320,0.43304
18321,0.43597
18322,0.43988
18323,0.44477
18324,0.45064
18325,0.45748
18326,0.46432
18327,0.47214
18328,0.48094
18329,0.48974
18330,0.4956
18331,0.50147
18332,0.50831
18333,0.51613
18334,0.52493
18335,0.53372
18336,0.54057
18337,0.54643
18338,0.55034
18339,0.55425
18340,0.55718
18341,0.55816
18342,0.55914
18343,0.55816
18344,0.55816
18345,0.55816
18346,0.55718
18347,0.55523
18348,0.55327
18349,0.55034
18350,0.54839
18351,0.54643
18352,0.54448
18353,0.54154
18354,0.53861
18355,0.5347
18356,0.52981
18357,0.52493
18358,0.52004
18359,0.51417
18360,0.50831
18361,0.50244
18362,0.4956
18363,0.49071
18364,0.48583
18365,0.48192
18366,0.47801
18367,0.47507
18368,0.47214
18369,0.46921
18370,0.46725
18371,0.46432
18372,0.46139
18373,0.45748
18374,0.45357
18375,0.44868
18376,0.44282
18377,0.43793
18378,0.43206
18379,0.42815
18380,0.42424
18381,0.42131
18382,0.4174
18383,0.41544
18384,0.41251
18385,0.40958
18386,0.40665
18387,0.40274
18388,0.39883
18389,0.39394
18390,0.38905
18391,0.38319
18392,0.37928
18393,0.37439
18394,0.37146
18395,0.36852
18396,0.36657
18397,0.36559
18398,0.36461
18399,0.36461
18400,0.36461
18401,0.36461
18402,0.36559
18403,0.36559
18404,0.36559
18405,0.36657
18406,0.36755
18407,0.37048
18408,0.37341
18409,0.3783
18410,0.38319
18411,0.38807
18412,0.39394
18413,0.3998
18414,0.40567
18415,0.41349
18416,0.42229
18417,0.43011
18418,0.43891
18419,0.4477
18420,0.45846
18421,0.47019
18422,0.47996
18423,0.48876
18424,0.49756
18425,0.50733
18426,0.51711
18427,0.52688
18428,0.53568
18429,0.54448
18430,0.5523
18431,0.55816
18432,0.56305
18433,0.56696
18434,0.57087
18435,0.57283
18436,0.57283
18437,0.57283
18438,0.57283
18439,0.57283
18440,0.57283
18441,0.5738
18442,0.57478
18443,0.57576
18444,0.57674
18445,0.57674
18446,0.57674
18447,0.57478
18448,0.57185
18449,0.56891
18450,0.56598
18451,0.56403
18452,0.56012
18453,0.55718
18454,0.55425
18455,0.55132
18456,0.55425
18457,0.55914
18458,0.55914
18459,0.55718
18460,0.55425
18461,0.55034
18462,0.54643
18463,0.5435
18464,0.53959
18465,0.53763
18466,0.5347
18467,0.53177
18468,0.52884
18469,0.52493
18470,0.52199
18471,0.51808
18472,0.51613
18473,0.51417
18474,0.51222
18475,0.51124
18476,0.51026
18477,0.50831
18478,0.50733
18479,0.50538
18480,0.5044
18481,0.50147
18482,0.49951
18483,0.49756
18484,0.4956
18485,0.49365
18486,0.49169
18487,0.49071
18488,0.48876
18489,0.4868
18490,0.48387
18491,0.48094
18492,0.47898
18493,0.47801
18494,0.47605
18495,0.4741
18496,0.47312
18497,0.47312
18498,0.47312
18499,0.4741
18500,0.47605
18501,0.47801
18502,0.48094
18503,0.48387
18504,0.4868
18505,0.49071
18506,0.49658
18507,0.50342
18508,0.50929
18509,0.51613
18510,0.52297
18511,0.52981
18512,0.53763
18513,0.54448
18514,0.55034
18515,0.55621
18516,0.56207
18517,0.56794
18518,0.57478
18519,0.58065
18520,0.58553
18521,0.58944
18522,0.59335
18523,0.59629
18524,0.59922
18525,0.6002
18526,0.60117
18527,0.60117
18528,0.60117
18529,0.6002
18530,0.59726
18531,0.59433
18532,0.5914
18533,0.58847
18534,0.58456
18535,0.58162
18536,0.57771
18537,0.57478
18538,0.57087
18539,0.56891
18540,0.56696
18541,0.565
18542,0.56305
18543,0.56109
18544,0.55816
18545,0.55425
18546,0.55132
18547,0.54936
18548,0.54545
18549,0.54252
18550,0.53861
18551,0.53568
18552,0.53177
18553,0.52884
18554,0.52493
18555,0.52102
18556,0.51711
18557,0.51515
18558,0.5132
18559,0.51124
18560,0.50929
18561,0.50733
18562,0.50538
18563,0.50342
18564,0.50147
18565,0.49951
18566,0.49853
18567,0.49756
18568,0.4956
18569,0.49462
18570,0.49267
18571,0.49071
18572,0.48778
18573,0.48583
18574,0.48289
18575,0.47898
18576,0.47605
18577,0.47214
18578,0.46921
18579,0.46628
18580,0.46334
18581,0.46237
18582,0.46139
18583,0.46041
18584,0.45943
18585,0.45943
18586,0.45943
18587,0.45943
18588,0.46041
18589,0.46041
18590,0.46041
18591,0.46139
18592,0.46334
18593,0.46432
18594,0.46725
18595,0.47019
18596,0.47312
18597,0.47703
18598,0.48289
18599,0.48876
18600,0.4956
18601,0.50244
18602,0.51026
18603,0.51711
18604,0.52493
18605,0.53275
18606,0.53959
18607,0.54545
18608,0.5523
18609,0.55914
18610,0.565
18611,0.56989
18612,0.5738
18613,0.57771
18614,0.58065
18615,0.5826
18616,0.58358
18617,0.58456
18618,0.58456
18619,0.58456
18620,0.58358
18621,0.5826
18622,0.58162
18623,0.57869
18624,0.57576
18625,0.57283
18626,0.57087
18627,0.56794
18628,0.56598
18629,0.565
18630,0.56305
18631,0.56109
18632,0.55914
18633,0.55718
18634,0.55621
18635,0.55425
18636,0.5523
18637,0.55034
18638,0.54839
18639,0.54643
18640,0.5435
18641,0.54154
18642,0.53763
18643,0.53372
18644,0.52981
18645,0.5259
18646,0.52297
18647,0.51906
18648,0.51613
18649,0.51417
18650,0.51222
18651,0.51026
18652,0.50733
18653,0.5044
18654,0.50147
18655,0.49853
18656,0.4956
18657,0.49365
18658,0.49169
18659,0.48974
18660,0.48876
18661,0.4868
18662,0.48485
18663,0.48192
18664,0.47898
18665,0.47605
18666,0.47214
18667,0.46725
18668,0.46237
18669,0.45846
18670,0.45455
18671,0.45064
18672,0.4477
18673,0.44477
18674,0.44086
18675,0.43793
18676,0.435
18677,0.43206
18678,0.43011
18679,0.42815
18680,0.42717
18681,0.42717
18682,0.42815
18683,0.43011
18684,0.43206
18685,0.43304
18686,0.43597
18687,0.43793
18688,0.44184
18689,0.44673
18690,0.45161
18691,0.45552
18692,0.45943
18693,0.46334
18694,0.46725
18695,0.47116
18696,0.4741
18697,0.47801
18698,0.48192
18699,0.4868
18700,0.49267
18701,0.49853
18702,0.50342
18703,0.50831
18704,0.51222
18705,0.51417
18706,0.51711
18707,0.51906
18708,0.51711
18709,0.5132
18710,0.51026
18711,0.50733
18712,0.50538
18713,0.50342
18714,0.50244
18715,0.50147
18716,0.50147
18717,0.50049
18718,0.50049
18719,0.50049
18720,0.50049
18721,0.50049
18722,0.50049
18723,0.50049
18724,0.50049
18725,0.50049
18726,0.50049
18727,0.50049
18728,0.50049
18729,0.50049
18730,0.49951
18731,0.49853
18732,0.49658
18733,0.49462
18734,0.49169
18735,0.48974
18736,0.48876
18737,0.48876
18738,0.48778
18739,0.48778
18740,0.48778
18741,0.48778
18742,0.48778
18743,0.48778
18744,0.48778
18745,0.48778
18746,0.48876
18747,0.48876
18748,0.48974
18749,0.48974
18750,0.49071
18751,0.49267
18752,0.49267
18753,0.49365
18754,0.49462
18755,0.4956
18756,0.49658
18757,0.49658
18758,0.49658
18759,0.49658
18760,0.49658
18761,0.49658
18762,0.49658
18763,0.49658
18764,0.49658
18765,0.49756
18766,0.49951
18767,0.50049
18768,0.50049
18769,0.50049
18770,0.50049
18771,0.50049
18772,0.50147
18773,0.50244
18774,0.50342
18775,0.50538
18776,0.50733
18777,0.50831
18778,0.51124
18779,0.51613
18780,0.52102
18781,0.5259
18782,0.53177
18783,0.53861
18784,0.54643
18785,0.55425
18786,0.56109
18787,0.56696
18788,0.5738
18789,0.57869
18790,0.58358
18791,0.58847
18792,0.59433
18793,0.6002
18794,0.60508
18795,0.60997
18796,0.6129
18797,0.61486
18798,0.61584
18799,0.61584
18800,0.61584
18801,0.61584
18802,0.61388
18803,0.61193
18804,0.60997
18805,0.60802
18806,0.60411
18807,0.60117
18808,0.59726
18809,0.59335
18810,0.58847
18811,0.58456
18812,0.57967
18813,0.57478
18814,0.56989
18815,0.56598
18816,0.56109
18817,0.55718
18818,0.55327
18819,0.55034
18820,0.54643
18821,0.5435
18822,0.53959
18823,0.53666
18824,0.53275
18825,0.52981
18826,0.52688
18827,0.52297
18828,0.51906
18829,0.51515
18830,0.51222
18831,0.50733
18832,0.50342
18833,0.50049
18834,0.49756
18835,0.4956
18836,0.49267
18837,0.49071
18838,0.48778
18839,0.48583
18840,0.48387
18841,0.48192
18842,0.47996
18843,0.47801
18844,0.47605
18845,0.47214
18846,0.46921
18847,0.4653
18848,0.46237
18849,0.45943
18850,0.45552
18851,0.45259
18852,0.44868
18853,0.44575
18854,0.44282
18855,0.44086
18856,0.43988
18857,0.43891
18858,0.43695
18859,0.43695
18860,0.43597
18861,0.435
18862,0.43597
18863,0.43695
18864,0.43891
18865,0.44086
18866,0.44379
18867,0.4477
18868,0.45064
18869,0.45357
18870,0.45748
18871,0.46334
18872,0.47019
18873,0.47703
18874,0.48387
18875,0.49169
18876,0.49853
18877,0.50635
18878,0.51417
18879,0.52199
18880,0.52981
18881,0.53568
18882,0.54154
18883,0.54741
18884,0.55425
18885,0.55914
18886,0.56305
18887,0.56696
18888,0.57087
18889,0.57478
18890,0.57869
18891,0.58162
18892,0.58456
18893,0.58553
18894,0.58553
18895,0.58456
18896,0.5826
18897,0.58065
18898,0.57771
18899,0.57576
18900,0.57283
18901,0.56891
18902,0.56598
18903,0.56207
18904,0.56012
18905,0.55816
18906,0.55621
18907,0.55425
18908,0.5523
18909,0.54936
18910,0.54741
18911,0.54448
18912,0.54154
18913,0.53861
18914,0.53568
18915,0.53275
18916,0.52884
18917,0.5259
18918,0.52102
18919,0.51613
18920,0.51222
18921,0.50831
18922,0.50538
18923,0.50244
18924,0.50049
18925,0.49756
18926,0.49462
18927,0.49071
18928,0.48778
18929,0.48387
18930,0.48094
18931,0.47801
18932,0.47605
18933,0.47605
18934,0.47507
18935,0.47312
18936,0.47116
18937,0.46823
18938,0.4653
18939,0.46139
18940,0.45748
18941,0.45455
18942,0.45064
18943,0.4477
18944,0.44575
18945,0.44379
18946,0.44282
18947,0.44184
18948,0.44184
18949,0.43988
18950,0.43891
18951,0.43695
18952,0.43695
18953,0.43695
18954,0.43793
18955,0.43891
18956,0.44086
18957,0.44184
18958,0.44282
18959,0.44379
18960,0.44575
18961,0.44868
18962,0.45161
18963,0.45455
18964,0.45943
18965,0.4653
18966,0.47214
18967,0.47898
18968,0.47801
18969,0.47312
18970,0.4741
18971,0.47898
18972,0.48583
18973,0.49169
18974,0.49853
18975,0.50635
18976,0.51417
18977,0.52102
18978,0.52786
18979,0.5347
18980,0.53861
18981,0.54057
18982,0.54154
18983,0.54154
18984,0.54057
18985,0.53861
18986,0.53666
18987,0.5347
18988,0.53275
18989,0.53079
18990,0.52786
18991,0.52395
18992,0.52004
18993,0.51613
18994,0.51222
18995,0.50733
18996,0.50342
18997,0.49853
18998,0.49267
18999,0.4868
19000,0.48094
19001,0.47507
19002,0.47019
19003,0.46628
19004,0.46139
19005,0.4565
19006,0.45259
19007,0.4477
19008,0.44379
19009,0.43793
19010,0.43206
19011,0.42522
19012,0.42033
19013,0.41447
19014,0.4086
19015,0.40274
19016,0.39785
19017,0.39296
19018,0.38807
19019,0.38416
19020,0.37928
19021,0.37537
19022,0.37146
19023,0.36755
19024,0.36364
19025,0.35973
19026,0.35679
19027,0.35386
19028,0.35191
19029,0.34995
19030,0.34702
19031,0.34506
19032,0.34311
19033,0.34115
19034,0.33822
19035,0.33627
19036,0.33431
19037,0.33431
19038,0.33333
19039,0.33333
19040,0.33333
19041,0.33333
19042,0.33431
19043,0.33529
19044,0.33529
19045,0.33627
19046,0.33627
19047,0.33724
19048,0.3392
19049,0.34115
19050,0.34409
19051,0.348
19052,0.35288
19053,0.35875
19054,0.36657
19055,0.37537
19056,0.38612
19057,0.39589
19058,0.40762
19059,0.42033
19060,0.43304
19061,0.44575
19062,0.45846
19063,0.47019
19064,0.48192
19065,0.49267
19066,0.50244
19067,0.5132
19068,0.52395
19069,0.5347
19070,0.54448
19071,0.55327
19072,0.56207
19073,0.56891
19074,0.57478
19075,0.57967
19076,0.5826
19077,0.58358
19078,0.58358
19079,0.58358
19080,0.5826
19081,0.5826
19082,0.58065
19083,0.57674
19084,0.57283
19085,0.56891
19086,0.565
19087,0.56012
19088,0.55621
19089,0.55132
19090,0.54545
19091,0.53959
19092,0.5347
19093,0.52981
19094,0.52493
19095,0.52102
19096,0.51808
19097,0.51417
19098,0.51026
19099,0.50733
19100,0.5044
19101,0.50147
19102,0.4956
19103,0.49071
19104,0.48583
19105,0.48192
19106,0.47801
19107,0.47507
19108,0.47214
19109,0.47116
19110,0.46921
19111,0.46628
19112,0.46237
19113,0.45846
19114,0.45455
19115,0.45064
19116,0.44673
19117,0.44379
19118,0.44086
19119,0.43793
19120,0.43402
19121,0.43011
19122,0.42522
19123,0.42131
19124,0.41642
19125,0.41251
19126,0.40762
19127,0.40371
19128,0.40078
19129,0.39883
19130,0.39687
19131,0.39492
19132,0.39296
19133,0.39101
19134,0.38905
19135,0.3871
19136,0.38514
19137,0.38221
19138,0.38123
19139,0.38123
19140,0.38123
19141,0.38221
19142,0.38319
19143,0.38612
19144,0.39101
19145,0.39492
19146,0.3998
19147,0.40469
19148,0.41153
19149,0.42033
19150,0.42815
19151,0.43695
19152,0.44575
19153,0.45455
19154,0.46334
19155,0.47116
19156,0.47996
19157,0.48778
19158,0.49462
19159,0.50342
19160,0.5132
19161,0.52199
19162,0.52981
19163,0.53666
19164,0.54154
19165,0.54643
19166,0.55132
19167,0.55327
19168,0.55523
19169,0.55523
19170,0.55523
19171,0.55425
19172,0.55327
19173,0.55132
19174,0.54936
19175,0.54643
19176,0.5435
19177,0.54057
19178,0.53763
19179,0.53568
19180,0.53275
19181,0.53079
19182,0.52884
19183,0.5259
19184,0.52395
19185,0.52004
19186,0.51711
19187,0.51222
19188,0.50929
19189,0.50635
19190,0.50244
19191,0.49853
19192,0.49462
19193,0.48974
19194,0.48387
19195,0.47801
19196,0.47312
19197,0.46921
19198,0.4653
19199,0.46139
19200,0.4565
19201,0.45259
19202,0.44868
19203,0.44477
19204,0.44184
19205,0.43793
19206,0.435
19207,0.43206
19208,0.42913
19209,0.42717
19210,0.42522
19211,0.42326
19212,0.42033
19213,0.41642
19214,0.41251
19215,0.40762
19216,0.40371
19217,0.40078
19218,0.39883
19219,0.39589
19220,0.39394
19221,0.39198
19222,0.39003
19223,0.38807
19224,0.3998
19225,0.41642
19226,0.42424
19227,0.42717
19228,0.42815
19229,0.42913
19230,0.42913
19231,0.43011
19232,0.43011
19233,0.43109
19234,0.43206
19235,0.43402
19236,0.43597
19237,0.43988
19238,0.44379
19239,0.4477
19240,0.45259
19241,0.45846
19242,0.46628
19243,0.47312
19244,0.48094
19245,0.48778
19246,0.49658
19247,0.50538
19248,0.51222
19249,0.51906
19250,0.5259
19251,0.53275
19252,0.53861
19253,0.54545
19254,0.5523
19255,0.55914
19256,0.565
19257,0.56989
19258,0.5738
19259,0.57576
19260,0.57771
19261,0.57771
19262,0.57674
19263,0.57478
19264,0.57283
19265,0.56989
19266,0.56891
19267,0.56891
19268,0.56696
19269,0.56598
19270,0.56403
19271,0.56207
19272,0.56012
19273,0.55816
19274,0.55425
19275,0.55132
19276,0.54839
19277,0.54545
19278,0.54252
19279,0.53861
19280,0.5347
19281,0.53079
19282,0.52688
19283,0.52199
19284,0.51711
19285,0.51222
19286,0.50929
19287,0.50635
19288,0.5044
19289,0.50147
19290,0.49853
19291,0.4956
19292,0.49169
19293,0.48876
19294,0.48583
19295,0.48387
19296,0.48192
19297,0.47996
19298,0.47703
19299,0.4741
19300,0.47019
19301,0.46725
19302,0.46432
19303,0.46139
19304,0.45846
19305,0.45552
19306,0.45161
19307,0.44966
19308,0.4477
19309,0.44575
19310,0.44379
19311,0.44086
19312,0.43695
19313,0.43304
19314,0.42815
19315,0.42424
19316,0.42033
19317,0.41642
19318,0.41349
19319,0.40958
19320,0.40762
19321,0.40567
19322,0.40274
19323,0.3998
19324,0.39785
19325,0.39589
19326,0.39589
19327,0.39589
19328,0.39785
19329,0.3998
19330,0.40176
19331,0.40665
19332,0.41153
19333,0.41642
19334,0.42326
19335,0.43011
19336,0.43793
19337,0.44575
19338,0.45357
19339,0.46041
19340,0.4653
19341,0.47116
19342,0.47801
19343,0.48485
19344,0.49169
19345,0.49756
19346,0.50244
19347,0.50635
19348,0.50929
19349,0.51222
19350,0.51417
19351,0.51515
19352,0.51417
19353,0.5132
19354,0.51222
19355,0.51026
19356,0.50733
19357,0.50538
19358,0.50342
19359,0.50049
19360,0.49756
19361,0.4956
19362,0.49365
19363,0.49267
19364,0.49267
19365,0.49169
19366,0.49169
19367,0.49169
19368,0.49071
19369,0.48974
19370,0.48778
19371,0.48583
19372,0.48387
19373,0.48192
19374,0.48094
19375,0.48094
19376,0.48094
19377,0.47996
19378,0.47801
19379,0.47605
19380,0.47507
19381,0.47312
19382,0.47019
19383,0.46725
19384,0.46432
19385,0.46139
19386,0.45943
19387,0.4565
19388,0.45552
19389,0.45455
19390,0.45357
19391,0.45357
19392,0.45357
19393,0.45357
19394,0.45357
19395,0.45357
19396,0.45357
19397,0.45357
19398,0.45357
19399,0.45357
19400,0.45357
19401,0.45161
19402,0.45064
19403,0.45064
19404,0.45064
19405,0.44966
19406,0.44966
19407,0.44966
19408,0.44966
19409,0.44966
19410,0.44966
19411,0.44966
19412,0.44966
19413,0.44966
19414,0.45064
19415,0.45161
19416,0.45357
19417,0.4565
19418,0.45943
19419,0.46334
19420,0.46725
19421,0.47214
19422,0.47703
19423,0.48387
19424,0.49071
19425,0.49756
19426,0.50538
19427,0.51124
19428,0.51711
19429,0.52297
19430,0.52884
19431,0.53568
19432,0.54252
19433,0.54936
19434,0.55718
19435,0.565
19436,0.57283
19437,0.57967
19438,0.58456
19439,0.58944
19440,0.59335
19441,0.59531
19442,0.59629
19443,0.59726
19444,0.59726
19445,0.59726
19446,0.59629
19447,0.59433
19448,0.5914
19449,0.58749
19450,0.58358
19451,0.58065
19452,0.57674
19453,0.57283
19454,0.56989
19455,0.56696
19456,0.56305
19457,0.55914
19458,0.55523
19459,0.55132
19460,0.54741
19461,0.5435
19462,0.53959
19463,0.53568
19464,0.53079
19465,0.5259
19466,0.52102
19467,0.51613
19468,0.51222
19469,0.50929
19470,0.50635
19471,0.5044
19472,0.50147
19473,0.49853
19474,0.4956
19475,0.49169
19476,0.48778
19477,0.48485
19478,0.48192
19479,0.47801
19480,0.47507
19481,0.47312
19482,0.47019
19483,0.46823
19484,0.46628
19485,0.46432
19486,0.46237
19487,0.46041
19488,0.45748
19489,0.45552
19490,0.45259
19491,0.44966
19492,0.4477
19493,0.44575
19494,0.44282
19495,0.43988
19496,0.43695
19497,0.435
19498,0.43304
19499,0.43206
19500,0.43011
19501,0.42815
19502,0.4262
19503,0.42424
19504,0.42229
19505,0.42131
19506,0.42131
19507,0.42131
19508,0.42326
19509,0.42522
19510,0.42717
19511,0.43011
19512,0.435
19513,0.43988
19514,0.44575
19515,0.45161
19516,0.45943
19517,0.46725
19518,0.47507
19519,0.48387
19520,0.49365
19521,0.50342
19522,0.5132
19523,0.52395
19524,0.53275
19525,0.54057
19526,0.54936
19527,0.55914
19528,0.56891
19529,0.57674
19530,0.5826
19531,0.58749
19532,0.59238
19533,0.59629
19534,0.6002
19535,0.60117
19536,0.60215
19537,0.60215
19538,0.60215
19539,0.60117
19540,0.6002
19541,0.59726
19542,0.59433
19543,0.59042
19544,0.58651
19545,0.5826
19546,0.57967
19547,0.57771
19548,0.57576
19549,0.57283
19550,0.57087
19551,0.56696
19552,0.56305
19553,0.55914
19554,0.55425
19555,0.54936
19556,0.54545
19557,0.54154
19558,0.53763
19559,0.53372
19560,0.52884
19561,0.52493
19562,0.52004
19563,0.51711
19564,0.51515
19565,0.51222
19566,0.50929
19567,0.50733
19568,0.50538
19569,0.50244
19570,0.49853
19571,0.4956
19572,0.49169
19573,0.4868
19574,0.48289
19575,0.47898
19576,0.47507
19577,0.47312
19578,0.47019
19579,0.46628
19580,0.46237
19581,0.45943
19582,0.4565
19583,0.45357
19584,0.45161
19585,0.44966
19586,0.4477
19587,0.44575
19588,0.44282
19589,0.44086
19590,0.43988
19591,0.43793
19592,0.43695
19593,0.435
19594,0.43304
19595,0.43109
19596,0.42913
19597,0.42717
19598,0.42717
19599,0.42717
19600,0.42815
19601,0.42815
19602,0.42913
19603,0.43109
19604,0.43304
19605,0.435
19606,0.43793
19607,0.44184
19608,0.44575
19609,0.45064
19610,0.45552
19611,0.46041
19612,0.4653
19613,0.47116
19614,0.47801
19615,0.48583
19616,0.49267
19617,0.49951
19618,0.50635
19619,0.5132
19620,0.51906
19621,0.5259
19622,0.53177
19623,0.53763
19624,0.54448
19625,0.54936
19626,0.55327
19627,0.55523
19628,0.55621
19629,0.55523
19630,0.55425
19631,0.55132
19632,0.54839
19633,0.54252
19634,0.53763
19635,0.53177
19636,0.52493
19637,0.52004
19638,0.51613
19639,0.51222
19640,0.50929
19641,0.50538
19642,0.50244
19643,0.49853
19644,0.4956
19645,0.49169
19646,0.4868
19647,0.48289
19648,0.47898
19649,0.47507
19650,0.47312
19651,0.47019
19652,0.46628
19653,0.46237
19654,0.46041
19655,0.45846
19656,0.4565
19657,0.45455
19658,0.45259
19659,0.45161
19660,0.45064
19661,0.44868
19662,0.44673
19663,0.44477
19664,0.44379
19665,0.44282
19666,0.44184
19667,0.44184
19668,0.44282
19669,0.44379
19670,0.44379
19671,0.44477
19672,0.44477
19673,0.44477
19674,0.44575
19675,0.44575
19676,0.44673
19677,0.44673
19678,0.4477
19679,0.4477
19680,0.4477
19681,0.4477
19682,0.4477
19683,0.44868
19684,0.44966
19685,0.44966
19686,0.45064
19687,0.45064
19688,0.45064
19689,0.45064
19690,0.45064
19691,0.45259
19692,0.45552
19693,0.45943
19694,0.46237
19695,0.4653
19696,0.47019
19697,0.47507
19698,0.48094
19699,0.4868
19700,0.49462
19701,0.50244
19702,0.51026
19703,0.51711
19704,0.52493
19705,0.53372
19706,0.5435
19707,0.55327
19708,0.56109
19709,0.56891
19710,0.57674
19711,0.58456
19712,0.5914
19713,0.59824
19714,0.60411
19715,0.60997
19716,0.61486
19717,0.61877
19718,0.62366
19719,0.62757
19720,0.6305
19721,0.63148
19722,0.63148
19723,0.63148
19724,0.6305
19725,0.62854
19726,0.62463
19727,0.6217
19728,0.61779
19729,0.6129
19730,0.60899
19731,0.60508
19732,0.60117
19733,0.59629
19734,0.5914
19735,0.58651
19736,0.57478
19737,0.56012
19738,0.55034
19739,0.5435
19740,0.53861
19741,0.53372
19742,0.52884
19743,0.52297
19744,0.51711
19745,0.51222
19746,0.50635
19747,0.50049
19748,0.49658
19749,0.49267
19750,0.48974
19751,0.4868
19752,0.48387
19753,0.47996
19754,0.47605
19755,0.47214
19756,0.46823
19757,0.46432
19758,0.45943
19759,0.45552
19760,0.45161
19761,0.44868
19762,0.44477
19763,0.44184
19764,0.43891
19765,0.43597
19766,0.43206
19767,0.42815
19768,0.42522
19769,0.42326
19770,0.42131
19771,0.41935
19772,0.41838
19773,0.4174
19774,0.41544
19775,0.41447
19776,0.41251
19777,0.41056
19778,0.4086
19779,0.40665
19780,0.40371
19781,0.40176
19782,0.3998
19783,0.39785
19784,0.39687
19785,0.39687
19786,0.39687
19787,0.39785
19788,0.39883
19789,0.40078
19790,0.40274
19791,0.40665
19792,0.41153
19793,0.41838
19794,0.42522
19795,0.43304
19796,0.44086
19797,0.44966
19798,0.45748
19799,0.4653
19800,0.47214
19801,0.48094
19802,0.49071
19803,0.50147
19804,0.51124
19805,0.52199
19806,0.53275
19807,0.54252
19808,0.55132
19809,0.56012
19810,0.56794
19811,0.5738
19812,0.57771
19813,0.58065
19814,0.5826
19815,0.58358
19816,0.5826
19817,0.58162
19818,0.57967
19819,0.57674
19820,0.57283
19821,0.56891
19822,0.565
19823,0.56109
19824,0.55718
19825,0.55425
19826,0.55132
19827,0.54936
19828,0.54643
19829,0.5435
19830,0.54057
19831,0.53666
19832,0.53177
19833,0.52786
19834,0.52395
19835,0.51906
19836,0.51515
19837,0.51026
19838,0.50538
19839,0.50049
19840,0.4956
19841,0.49169
19842,0.4868
19843,0.48387
19844,0.47996
19845,0.47703
19846,0.47312
19847,0.47019
19848,0.46628
19849,0.46139
19850,0.45748
19851,0.45357
19852,0.45064
19853,0.4477
19854,0.44477
19855,0.44184
19856,0.43793
19857,0.435
19858,0.43109
19859,0.42815
19860,0.42424
19861,0.42131
19862,0.41935
19863,0.4174
19864,0.41447
19865,0.41349
19866,0.41153
19867,0.40958
19868,0.40665
19869,0.40469
19870,0.40274
19871,0.3998
19872,0.39785
19873,0.39589
19874,0.39394
19875,0.39296
19876,0.39198
19877,0.39198
19878,0.39198
19879,0.39296
19880,0.39296
19881,0.39296
19882,0.39492
19883,0.39687
19884,0.40078
19885,0.40567
19886,0.41153
19887,0.41935
19888,0.42717
19889,0.435
19890,0.44282
19891,0.45064
19892,0.45748
19893,0.46628
19894,0.47605
19895,0.48485
19896,0.49462
19897,0.50342
19898,0.51222
19899,0.52102
19900,0.52884
19901,0.53568
19902,0.54252
19903,0.54839
19904,0.5523
19905,0.55523
19906,0.55718
19907,0.55816
19908,0.55816
19909,0.55718
19910,0.55523
19911,0.55327
19912,0.55132
19913,0.54936
19914,0.54741
19915,0.54448
19916,0.54057
19917,0.53568
19918,0.52981
19919,0.52493
19920,0.51906
19921,0.51222
19922,0.50538
19923,0.49756
19924,0.49169
19925,0.48583
19926,0.48094
19927,0.47703
19928,0.47214
19929,0.46823
19930,0.46432
19931,0.45943
19932,0.45552
19933,0.45064
19934,0.44477
19935,0.43988
19936,0.43402
19937,0.42913
19938,0.42424
19939,0.41935
19940,0.41447
19941,0.4086
19942,0.40176
19943,0.39589
19944,0.39003
19945,0.38612
19946,0.38025
19947,0.37537
19948,0.37048
19949,0.36657
19950,0.36266
19951,0.3607
19952,0.35777
19953,0.35582
19954,0.35191
19955,0.348
19956,0.34409
19957,0.34115
19958,0.33822
19959,0.33529
19960,0.33138
19961,0.32942
19962,0.32649
19963,0.32258
19964,0.32063
19965,0.31965
19966,0.31965
19967,0.31965
19968,0.31867
19969,0.31965
19970,0.3216
19971,0.32454
19972,0.32747
19973,0.33138
19974,0.33627
19975,0.34115
19976,0.34702
19977,0.35386
19978,0.35973
19979,0.36657
19980,0.37341
19981,0.38123
19982,0.39101
19983,0.3998
19984,0.40762
19985,0.41838
19986,0.42913
19987,0.44184
19988,0.45357
19989,0.46628
19990,0.47996
19991,0.49169
19992,0.51222
19993,0.53666
19994,0.55327
19995,0.56598
19996,0.57478
19997,0.58065
19998,0.58553
19999,0.58944
20000,0.59335
20001,0.59629
20002,0.59726
20003,0.59824
20004,0.59824
20005,0.59824
20006,0.59824
20007,0.59726
20008,0.59531
20009,0.59335
20010,0.5914
20011,0.58944
20012,0.58749
20013,0.58456
20014,0.5826
20015,0.58065
20016,0.57869
20017,0.57576
20018,0.57283
20019,0.56891
20020,0.565
20021,0.56109
20022,0.55816
20023,0.55425
20024,0.55034
20025,0.54643
20026,0.54154
20027,0.53666
20028,0.53177
20029,0.52786
20030,0.52395
20031,0.52102
20032,0.51711
20033,0.51515
20034,0.51222
20035,0.51026
20036,0.50733
20037,0.50538
20038,0.50342
20039,0.50147
20040,0.49951
20041,0.49658
20042,0.49365
20043,0.49071
20044,0.48876
20045,0.48583
20046,0.48192
20047,0.47898
20048,0.47703
20049,0.47507
20050,0.4741
20051,0.47312
20052,0.47116
20053,0.46921
20054,0.46725
20055,0.46628
20056,0.46432
20057,0.46237
20058,0.46041
20059,0.45943
20060,0.45748
20061,0.45552
20062,0.45455
20063,0.45357
20064,0.45357
20065,0.45455
20066,0.45552
20067,0.45748
20068,0.46041
20069,0.46432
20070,0.46823
20071,0.47312
20072,0.47703
20073,0.48192
20074,0.48876
20075,0.49365
20076,0.49951
20077,0.50538
20078,0.5132
20079,0.52102
20080,0.52884
20081,0.53763
20082,0.54643
20083,0.55425
20084,0.56305
20085,0.56989
20086,0.57674
20087,0.58162
20088,0.58456
20089,0.58749
20090,0.58944
20091,0.59042
20092,0.5914
20093,0.5914
20094,0.5914
20095,0.5914
20096,0.58944
20097,0.58749
20098,0.58456
20099,0.5826
20100,0.58065
20101,0.57869
20102,0.57674
20103,0.5738
20104,0.56989
20105,0.56598
20106,0.56207
20107,0.55718
20108,0.55327
20109,0.54936
20110,0.54545
20111,0.54154
20112,0.53763
20113,0.53372
20114,0.53079
20115,0.52884
20116,0.52688
20117,0.52395
20118,0.52102
20119,0.51906
20120,0.51613
20121,0.51417
20122,0.51124
20123,0.50831
20124,0.5044
20125,0.50147
20126,0.49756
20127,0.49462
20128,0.49169
20129,0.48876
20130,0.48583
20131,0.48192
20132,0.47898
20133,0.47703
20134,0.47507
20135,0.47312
20136,0.47116
20137,0.46921
20138,0.46823
20139,0.4653
20140,0.46237
20141,0.46139
20142,0.45943
20143,0.45748
20144,0.45552
20145,0.45357
20146,0.45259
20147,0.45064
20148,0.44868
20149,0.44673
20150,0.44379
20151,0.44184
20152,0.43988
20153,0.43793
20154,0.43695
20155,0.43597
20156,0.43597
20157,0.43695
20158,0.43891
20159,0.44086
20160,0.44379
20161,0.44673
20162,0.45161
20163,0.4565
20164,0.46139
20165,0.46725
20166,0.4741
20167,0.47996
20168,0.48583
20169,0.49169
20170,0.49951
20171,0.50733
20172,0.51613
20173,0.52297
20174,0.52981
20175,0.53763
20176,0.54448
20177,0.5523
20178,0.55914
20179,0.56598
20180,0.57087
20181,0.57478
20182,0.57869
20183,0.58065
20184,0.58162
20185,0.5826
20186,0.5826
20187,0.5826
20188,0.58162
20189,0.57967
20190,0.57869
20191,0.57674
20192,0.57478
20193,0.5738
20194,0.57185
20195,0.56989
20196,0.56794
20197,0.56598
20198,0.56305
20199,0.55914
20200,0.55425
20201,0.55034
20202,0.54643
20203,0.54252
20204,0.53861
20205,0.5347
20206,0.53177
20207,0.52884
20208,0.5259
20209,0.52199
20210,0.51906
20211,0.51515
20212,0.51026
20213,0.50538
20214,0.49951
20215,0.49462
20216,0.48974
20217,0.48387
20218,0.47898
20219,0.47507
20220,0.47116
20221,0.46725
20222,0.46237
20223,0.45846
20224,0.45455
20225,0.45064
20226,0.4477
20227,0.44477
20228,0.44184
20229,0.43891
20230,0.43597
20231,0.43304
20232,0.43011
20233,0.42717
20234,0.42326
20235,0.42033
20236,0.4174
20237,0.41447
20238,0.41153
20239,0.40762
20240,0.40469
20241,0.40078
20242,0.39785
20243,0.39492
20244,0.39296
20245,0.39101
20246,0.39003
20247,0.39003
20248,0.39003
20249,0.39003
20250,0.39003
20251,0.39003
20252,0.39101
20253,0.39296
20254,0.39492
20255,0.39785
20256,0.40274
20257,0.4086
20258,0.41642
20259,0.42424
20260,0.43109
20261,0.43988
20262,0.44966
20263,0.46041
20264,0.47116
20265,0.48094
20266,0.49169
20267,0.50244
20268,0.5132
20269,0.52297
20270,0.53177
20271,0.53959
20272,0.54448
20273,0.54936
20274,0.55425
20275,0.56012
20276,0.565
20277,0.56794
20278,0.57087
20279,0.5738
20280,0.57576
20281,0.57674
20282,0.57674
20283,0.57674
20284,0.57674
20285,0.57674
20286,0.57674
20287,0.57478
20288,0.5738
20289,0.57283
20290,0.57283
20291,0.57185
20292,0.56989
20293,0.56794
20294,0.56696
20295,0.565
20296,0.56305
20297,0.56109
20298,0.55914
20299,0.55816
20300,0.55621
20301,0.55425
20302,0.5523
20303,0.55034
20304,0.54839
20305,0.54545
20306,0.5435
20307,0.54154
20308,0.53861
20309,0.53666
20310,0.53372
20311,0.53079
20312,0.52884
20313,0.52493
20314,0.52199
20315,0.51906
20316,0.51613
20317,0.5132
20318,0.51026
20319,0.50831
20320,0.50538
20321,0.50342
20322,0.50049
20323,0.49658
20324,0.49365
20325,0.49071
20326,0.48778
20327,0.48485
20328,0.48192
20329,0.47996
20330,0.47801
20331,0.47703
20332,0.47605
20333,0.4741
20334,0.47312
20335,0.47312
20336,0.47312
20337,0.4741
20338,0.47507
20339,0.47703
20340,0.47801
20341,0.48094
20342,0.48289
20343,0.4868
20344,0.48974
20345,0.49365
20346,0.49756
20347,0.50147
20348,0.50538
20349,0.51026
20350,0.51515
20351,0.52102
20352,0.52688
20353,0.53372
20354,0.53959
20355,0.54643
20356,0.55523
20357,0.56305
20358,0.57185
20359,0.58065
20360,0.58749
20361,0.59335
20362,0.59726
20363,0.6002
20364,0.60215
20365,0.60411
20366,0.60508
20367,0.60508
20368,0.60508
20369,0.60508
20370,0.60508
20371,0.60215
20372,0.59922
20373,0.59629
20374,0.59433
20375,0.59238
20376,0.59042
20377,0.58847
20378,0.58651
20379,0.58456
20380,0.5826
20381,0.57967
20382,0.57674
20383,0.57283
20384,0.56794
20385,0.56305
20386,0.55914
20387,0.55425
20388,0.54936
20389,0.54545
20390,0.54154
20391,0.53861
20392,0.5347
20393,0.53177
20394,0.52786
20395,0.52395
20396,0.52004
20397,0.51711
20398,0.5132
20399,0.50929
20400,0.50635
20401,0.50244
20402,0.49853
20403,0.4956
20404,0.49365
20405,0.49071
20406,0.48778
20407,0.48485
20408,0.48289
20409,0.48192
20410,0.48094
20411,0.47996
20412,0.47898
20413,0.47801
20414,0.47703
20415,0.47605
20416,0.47507
20417,0.4741
20418,0.47214
20419,0.47116
20420,0.46921
20421,0.46725
20422,0.4653
20423,0.46334
20424,0.46139
20425,0.45943
20426,0.4565
20427,0.45455
20428,0.45259
20429,0.45161
20430,0.45064
20431,0.44966
20432,0.44966
20433,0.45064
20434,0.45259
20435,0.4565
20436,0.46139
20437,0.46628
20438,0.47116
20439,0.47605
20440,0.48192
20441,0.48876
20442,0.49462
20443,0.50049
20444,0.50733
20445,0.51515
20446,0.52395
20447,0.53275
20448,0.54154
20449,0.55034
20450,0.55816
20451,0.56696
20452,0.57576
20453,0.5826
20454,0.58847
20455,0.59238
20456,0.59531
20457,0.59824
20458,0.60117
20459,0.60313
20460,0.60411
20461,0.60508
20462,0.60411
20463,0.60313
20464,0.60117
20465,0.59922
20466,0.59629
20467,0.59433
20468,0.5914
20469,0.58944
20470,0.58651
20471,0.58358
20472,0.57967
20473,0.57674
20474,0.57283
20475,0.56794
20476,0.56305
20477,0.55816
20478,0.55327
20479,0.54936
20480,0.54643
20481,0.54252
20482,0.53959
20483,0.53666
20484,0.53372
20485,0.53177
20486,0.52884
20487,0.5259
20488,0.52199
20489,0.51906
20490,0.51515
20491,0.51124
20492,0.50733
20493,0.5044
20494,0.50244
20495,0.50049
20496,0.49756
20497,0.49462
20498,0.49169
20499,0.48778
20500,0.48485
20501,0.48094
20502,0.47605
20503,0.47116
20504,0.46725
20505,0.46432
20506,0.46139
20507,0.45846
20508,0.45552
20509,0.45259
20510,0.44966
20511,0.44575
20512,0.44086
20513,0.435
20514,0.43011
20515,0.4262
20516,0.42229
20517,0.42033
20518,0.4174
20519,0.41642
20520,0.41544
20521,0.41544
20522,0.41544
20523,0.41642
20524,0.41642
20525,0.41642
20526,0.4174
20527,0.41935
20528,0.42229
20529,0.42424
20530,0.4262
20531,0.42815
20532,0.43109
20533,0.435
20534,0.43988
20535,0.44379
20536,0.44868
20537,0.45552
20538,0.46237
20539,0.47116
20540,0.47801
20541,0.48583
20542,0.49365
20543,0.50049
20544,0.50831
20545,0.51515
20546,0.52297
20547,0.52884
20548,0.5347
20549,0.53959
20550,0.5435
20551,0.54643
20552,0.54936
20553,0.55034
20554,0.55034
20555,0.55132
20556,0.55034
20557,0.54936
20558,0.54741
20559,0.54545
20560,0.5435
20561,0.54154
20562,0.54057
20563,0.53959
20564,0.53959
20565,0.53959
20566,0.53959
20567,0.53959
20568,0.53959
20569,0.53861
20570,0.53763
20571,0.53666
20572,0.53568
20573,0.5347
20574,0.53275
20575,0.53177
20576,0.53079
20577,0.52981
20578,0.52884
20579,0.52884
20580,0.52884
20581,0.52884
20582,0.52884
20583,0.52884
20584,0.52884
20585,0.52884
20586,0.52884
20587,0.52786
20588,0.52688
20589,0.5259
20590,0.52493
20591,0.52493
20592,0.52493
20593,0.52395
20594,0.52199
20595,0.52199
20596,0.52004
20597,0.51906
20598,0.51711
20599,0.51417
20600,0.51124
20601,0.50929
20602,0.50538
20603,0.50244
20604,0.49853
20605,0.49462
20606,0.49169
20607,0.48974
20608,0.4868
20609,0.48485
20610,0.48387
20611,0.48289
20612,0.48192
20613,0.48192
20614,0.48192
20615,0.48192
20616,0.48289
20617,0.48583
20618,0.48876
20619,0.49169
20620,0.4956
20621,0.49951
20622,0.5044
20623,0.51124
20624,0.51808
20625,0.52493
20626,0.53079
20627,0.53666
20628,0.54448
20629,0.5523
20630,0.56012
20631,0.56794
20632,0.57771
20633,0.58553
20634,0.59335
20635,0.6002
20636,0.60508
20637,0.60997
20638,0.61388
20639,0.61681
20640,0.61975
20641,0.6217
20642,0.62268
20643,0.62366
20644,0.62366
20645,0.62366
20646,0.6217
20647,0.61877
20648,0.61584
20649,0.6129
20650,0.60899
20651,0.60508
20652,0.60117
20653,0.59824
20654,0.59531
20655,0.59238
20656,0.58944
20657,0.58553
20658,0.58162
20659,0.57771
20660,0.5738
20661,0.57087
20662,0.56696
20663,0.56403
20664,0.56012
20665,0.55621
20666,0.55327
20667,0.54839
20668,0.5435
20669,0.53959
20670,0.53568
20671,0.53177
20672,0.52786
20673,0.52493
20674,0.52199
20675,0.51906
20676,0.51515
20677,0.51222
20678,0.51026
20679,0.50733
20680,0.50342
20681,0.50049
20682,0.49658
20683,0.49267
20684,0.48974
20685,0.48583
20686,0.48387
20687,0.48192
20688,0.47996
20689,0.47801
20690,0.47605
20691,0.47507
20692,0.47312
20693,0.47214
20694,0.47019
20695,0.46823
20696,0.46725
20697,0.4653
20698,0.46334
20699,0.46139
20700,0.45943
20701,0.45748
20702,0.45552
20703,0.45357
20704,0.45259
20705,0.45161
20706,0.45161
20707,0.45259
20708,0.45455
20709,0.4565
20710,0.45846
20711,0.46139
20712,0.46628
20713,0.47116
20714,0.47605
20715,0.48094
20716,0.4868
20717,0.49365
20718,0.50049
20719,0.50635
20720,0.51417
20721,0.52297
20722,0.53177
20723,0.54057
20724,0.54936
20725,0.55816
20726,0.56696
20727,0.57478
20728,0.5826
20729,0.58847
20730,0.59335
20731,0.59629
20732,0.59922
20733,0.60215
20734,0.60411
20735,0.60508
20736,0.60508
20737,0.60508
20738,0.60508
20739,0.60508
20740,0.60411
20741,0.60215
20742,0.6002
20743,0.59726
20744,0.59531
20745,0.59335
20746,0.5914
20747,0.58944
20748,0.58847
20749,0.58553
20750,0.5826
20751,0.57967
20752,0.57576
20753,0.57087
20754,0.56598
20755,0.56109
20756,0.55621
20757,0.5523
20758,0.54839
20759,0.54448
20760,0.53666
20761,0.5259
20762,0.51808
20763,0.5132
20764,0.50831
20765,0.50538
20766,0.50147
20767,0.49853
20768,0.4956
20769,0.49169
20770,0.48876
20771,0.48583
20772,0.48289
20773,0.47996
20774,0.47605
20775,0.47312
20776,0.46921
20777,0.4653
20778,0.46334
20779,0.46237
20780,0.46041
20781,0.45846
20782,0.45748
20783,0.4565
20784,0.45552
20785,0.45455
20786,0.45259
20787,0.45064
20788,0.44868
20789,0.44575
20790,0.44282
20791,0.43891
20792,0.43402
20793,0.43011
20794,0.4262
20795,0.42229
20796,0.41935
20797,0.41642
20798,0.41447
20799,0.41251
20800,0.41056
20801,0.4086
20802,0.40762
20803,0.40665
20804,0.40665
20805,0.40762
20806,0.40958
20807,0.41251
20808,0.4174
20809,0.42326
20810,0.43011
20811,0.43793
20812,0.44673
20813,0.45455
20814,0.46334
20815,0.47116
20816,0.47801
20817,0.48583
20818,0.49365
20819,0.50147
20820,0.50929
20821,0.51515
20822,0.52004
20823,0.52199
20824,0.52395
20825,0.5259
20826,0.52786
20827,0.52884
20828,0.52884
20829,0.52884
20830,0.52688
20831,0.52493
20832,0.52199
20833,0.51808
20834,0.51515
20835,0.51124
20836,0.50929
20837,0.50635
20838,0.5044
20839,0.50147
20840,0.49951
20841,0.49658
20842,0.49462
20843,0.49169
20844,0.48974
20845,0.48778
20846,0.48485
20847,0.48192
20848,0.47801
20849,0.47507
20850,0.47214
20851,0.46921
20852,0.46628
20853,0.46432
20854,0.46334
20855,0.46237
20856,0.46139
20857,0.46041
20858,0.45943
20859,0.45846
20860,0.4565
20861,0.45552
20862,0.45455
20863,0.45455
20864,0.45357
20865,0.45259
20866,0.45259
20867,0.45161
20868,0.45161
20869,0.45161
20870,0.45357
20871,0.45552
20872,0.4565
20873,0.45748
20874,0.45748
20875,0.45943
20876,0.46041
20877,0.46041
20878,0.46139
20879,0.46139
20880,0.46139
20881,0.46139
20882,0.46041
20883,0.46041
20884,0.46139
20885,0.46139
20886,0.46041
20887,0.46041
20888,0.46139
20889,0.46139
20890,0.46139
20891,0.46139
20892,0.46334
20893,0.46628
20894,0.46921
20895,0.47312
20896,0.47801
20897,0.48289
20898,0.48876
20899,0.4956
20900,0.50244
20901,0.50831
20902,0.51417
20903,0.52004
20904,0.52688
20905,0.53372
20906,0.54057
20907,0.54839
20908,0.55621
20909,0.565
20910,0.57283
20911,0.58065
20912,0.58749
20913,0.59433
20914,0.59824
20915,0.60215
20916,0.60606
20917,0.60899
20918,0.61193
20919,0.61388
20920,0.61388
20921,0.61486
20922,0.61486
20923,0.61388
20924,0.6129
20925,0.60997
20926,0.60704
20927,0.60313
20928,0.59922
20929,0.59531
20930,0.58944
20931,0.58358
20932,0.57967
20933,0.57576
20934,0.57185
20935,0.56794
20936,0.56403
20937,0.55914
20938,0.55523
20939,0.55132
20940,0.54643
20941,0.54154
20942,0.53666
20943,0.53079
20944,0.5259
20945,0.52297
20946,0.51906
20947,0.51515
20948,0.51124
20949,0.50831
20950,0.50538
20951,0.50147
20952,0.49756
20953,0.49365
20954,0.49071
20955,0.48778
20956,0.48387
20957,0.47996
20958,0.47703
20959,0.4741
20960,0.47214
20961,0.46823
20962,0.4653
20963,0.46237
20964,0.46041
20965,0.45943
20966,0.45846
20967,0.4565
20968,0.45552
20969,0.45455
20970,0.45259
20971,0.45064
20972,0.44868
20973,0.44673
20974,0.44477
20975,0.44282
20976,0.44086
20977,0.43793
20978,0.43402
20979,0.43109
20980,0.42913
20981,0.42717
20982,0.4262
20983,0.42424
20984,0.42229
20985,0.42229
20986,0.42326
20987,0.42424
20988,0.4262
20989,0.42815
20990,0.43206
20991,0.43695
20992,0.44184
20993,0.4477
20994,0.45357
20995,0.46041
20996,0.46725
20997,0.47507
20998,0.48289
20999,0.49071
21000,0.49951
21001,0.50831
21002,0.51711
21003,0.5259
21004,0.53568
21005,0.54448
21006,0.55034
21007,0.55523
21008,0.56012
21009,0.56598
21010,0.57087
21011,0.57576
21012,0.57576
21013,0.57478
21014,0.5738
21015,0.5738
21016,0.57283
21017,0.57283
21018,0.57283
21019,0.57185
21020,0.56989
21021,0.56794
21022,0.56598
21023,0.56305
21024,0.56012
21025,0.55523
21026,0.55034
21027,0.54545
21028,0.54057
21029,0.53568
21030,0.53177
21031,0.52786
21032,0.52395
21033,0.52102
21034,0.51711
21035,0.51417
21036,0.51222
21037,0.50929
21038,0.50635
21039,0.50342
21040,0.50049
21041,0.49658
21042,0.49267
21043,0.48974
21044,0.48583
21045,0.48289
21046,0.47996
21047,0.47703
21048,0.4741
21049,0.47019
21050,0.46628
21051,0.46237
21052,0.45846
21053,0.45455
21054,0.45161
21055,0.44868
21056,0.44575
21057,0.44477
21058,0.44282
21059,0.44184
21060,0.44086
21061,0.43891
21062,0.43793
21063,0.43597
21064,0.43402
21065,0.43206
21066,0.43011
21067,0.42815
21068,0.4262
21069,0.42326
21070,0.42131
21071,0.41935
21072,0.41838
21073,0.4174
21074,0.41544
21075,0.41349
21076,0.41153
21077,0.40958
21078,0.40958
21079,0.41056
21080,0.41251
21081,0.41349
21082,0.41642
21083,0.42033
21084,0.42522
21085,0.43011
21086,0.435
21087,0.43988
21088,0.44575
21089,0.45161
21090,0.4565
21091,0.46237
21092,0.46823
21093,0.4741
21094,0.47996
21095,0.48778
21096,0.49462
21097,0.50244
21098,0.50831
21099,0.5132
21100,0.51808
21101,0.52297
21102,0.52688
21103,0.53079
21104,0.53275
21105,0.53568
21106,0.53666
21107,0.53666
21108,0.5347
21109,0.53275
21110,0.52786
21111,0.52297
21112,0.51808
21113,0.5132
21114,0.50929
21115,0.50538
21116,0.50049
21117,0.49658
21118,0.49267
21119,0.48876
21120,0.48387
21121,0.47898
21122,0.47507
21123,0.47019
21124,0.46628
21125,0.46237
21126,0.45846
21127,0.45455
21128,0.45064
21129,0.44868
21130,0.44575
21131,0.44379
21132,0.44184
21133,0.43988
21134,0.43793
21135,0.43597
21136,0.43402
21137,0.43206
21138,0.43011
21139,0.42913
21140,0.42717
21141,0.42522
21142,0.42326
21143,0.42131
21144,0.42033
21145,0.41935
21146,0.4174
21147,0.41642
21148,0.41544
21149,0.41544
21150,0.41447
21151,0.41447
21152,0.41447
21153,0.41447
21154,0.41349
21155,0.41349
21156,0.41251
21157,0.41251
21158,0.41251
21159,0.41251
21160,0.41251
21161,0.41153
21162,0.41056
21163,0.41153
21164,0.41251
21165,0.41447
21166,0.41544
21167,0.4174
21168,0.41935
21169,0.42131
21170,0.42424
21171,0.42815
21172,0.43304
21173,0.43793
21174,0.44477
21175,0.45161
21176,0.45943
21177,0.46628
21178,0.47214
21179,0.47898
21180,0.4868
21181,0.49462
21182,0.50244
21183,0.51124
21184,0.51906
21185,0.52786
21186,0.53666
21187,0.54545
21188,0.55425
21189,0.56305
21190,0.56891
21191,0.57283
21192,0.57674
21193,0.58065
21194,0.58553
21195,0.58944
21196,0.59335
21197,0.59629
21198,0.59726
21199,0.59824
21200,0.59824
21201,0.59629
21202,0.59433
21203,0.59042
21204,0.58749
21205,0.58456
21206,0.58162
21207,0.57869
21208,0.57576
21209,0.57283
21210,0.56989
21211,0.56794
21212,0.56598
21213,0.56403
21214,0.56012
21215,0.55621
21216,0.55327
21217,0.54936
21218,0.54448
21219,0.53959
21220,0.5347
21221,0.52884
21222,0.52395
21223,0.51808
21224,0.5132
21225,0.50929
21226,0.50635
21227,0.50244
21228,0.49853
21229,0.49462
21230,0.49169
21231,0.48778
21232,0.48387
21233,0.47996
21234,0.47605
21235,0.47214
21236,0.46823
21237,0.46432
21238,0.46041
21239,0.4565
21240,0.45357
21241,0.45064
21242,0.44868
21243,0.4477
21244,0.44673
21245,0.44673
21246,0.44575
21247,0.44477
21248,0.44282
21249,0.44184
21250,0.43988
21251,0.43793
21252,0.43597
21253,0.43402
21254,0.43206
21255,0.43011
21256,0.42815
21257,0.42717
21258,0.42522
21259,0.42326
21260,0.42131
21261,0.41935
21262,0.41838
21263,0.41838
21264,0.41838
21265,0.41935
21266,0.42033
21267,0.42229
21268,0.42522
21269,0.42913
21270,0.43304
21271,0.43891
21272,0.44282
21273,0.44673
21274,0.45259
21275,0.46041
21276,0.46921
21277,0.47801
21278,0.48778
21279,0.49756
21280,0.50831
21281,0.51808
21282,0.52688
21283,0.5347
21284,0.54448
21285,0.55327
21286,0.56207
21287,0.57087
21288,0.57771
21289,0.5826
21290,0.58749
21291,0.5914
21292,0.59335
21293,0.59433
21294,0.59531
21295,0.59433
21296,0.59238
21297,0.58944
21298,0.58553
21299,0.58162
21300,0.57869
21301,0.57576
21302,0.5738
21303,0.57087
21304,0.56794
21305,0.56403
21306,0.55914
21307,0.55425
21308,0.54936
21309,0.54448
21310,0.53959
21311,0.53372
21312,0.52884
21313,0.52297
21314,0.51711
21315,0.51222
21316,0.50831
21317,0.5044
21318,0.50049
21319,0.49756
21320,0.49365
21321,0.48974
21322,0.48583
21323,0.48192
21324,0.47703
21325,0.47312
21326,0.47019
21327,0.46823
21328,0.4653
21329,0.46334
21330,0.46041
21331,0.4565
21332,0.45161
21333,0.4477
21334,0.44379
21335,0.44086
21336,0.43793
21337,0.435
21338,0.43304
21339,0.43109
21340,0.42815
21341,0.4262
21342,0.42424
21343,0.42131
21344,0.41935
21345,0.4174
21346,0.41447
21347,0.41251
21348,0.41153
21349,0.40958
21350,0.40762
21351,0.40567
21352,0.40371
21353,0.40176
21354,0.40176
21355,0.40176
21356,0.40371
21357,0.40567
21358,0.40762
21359,0.41056
21360,0.41251
21361,0.41544
21362,0.41935
21363,0.42522
21364,0.43109
21365,0.43597
21366,0.44086
21367,0.4477
21368,0.45455
21369,0.46237
21370,0.47116
21371,0.47996
21372,0.48974
21373,0.49756
21374,0.5044
21375,0.51026
21376,0.51613
21377,0.52199
21378,0.52688
21379,0.53275
21380,0.53763
21381,0.54154
21382,0.54448
21383,0.54741
21384,0.55034
21385,0.55132
21386,0.55132
21387,0.54936
21388,0.54741
21389,0.54252
21390,0.53763
21391,0.53079
21392,0.52493
21393,0.51808
21394,0.51124
21395,0.50635
21396,0.50147
21397,0.49658
21398,0.49071
21399,0.48485
21400,0.47996
21401,0.47507
21402,0.46921
21403,0.46432
21404,0.45943
21405,0.45455
21406,0.45064
21407,0.44575
21408,0.44184
21409,0.43793
21410,0.43402
21411,0.43109
21412,0.42815
21413,0.42522
21414,0.42326
21415,0.42033
21416,0.4174
21417,0.41447
21418,0.41056
21419,0.4086
21420,0.40567
21421,0.40274
21422,0.40176
21423,0.3998
21424,0.39883
21425,0.39883
21426,0.39883
21427,0.39883
21428,0.39883
21429,0.39883
21430,0.39785
21431,0.39589
21432,0.39492
21433,0.39394
21434,0.39296
21435,0.39101
21436,0.38905
21437,0.3871
21438,0.3871
21439,0.38612
21440,0.38612
21441,0.38612
21442,0.38807
21443,0.39003
21444,0.39198
21445,0.39492
21446,0.39883
21447,0.40371
21448,0.40958
21449,0.41544
21450,0.42229
21451,0.42815
21452,0.435
21453,0.44086
21454,0.44868
21455,0.45748
21456,0.46628
21457,0.47605
21458,0.4868
21459,0.49756
21460,0.50929
21461,0.52004
21462,0.53177
21463,0.5435
21464,0.55523
21465,0.565
21466,0.57283
21467,0.58162
21468,0.5914
21469,0.6002
21470,0.60802
21471,0.61486
21472,0.61975
21473,0.62268
21474,0.62366
21475,0.62463
21476,0.62463
21477,0.62561
21478,0.62463
21479,0.62366
21480,0.62072
21481,0.61681
21482,0.61388
21483,0.61193
21484,0.60802
21485,0.60411
21486,0.59922
21487,0.59531
21488,0.59042
21489,0.58553
21490,0.58162
21491,0.57869
21492,0.57576
21493,0.57283
21494,0.56891
21495,0.565
21496,0.56012
21497,0.55523
21498,0.55132
21499,0.54741
21500,0.5435
21501,0.53959
21502,0.53568
21503,0.53079
21504,0.5259
21505,0.52004
21506,0.51515
21507,0.51026
21508,0.50538
21509,0.50049
21510,0.49658
21511,0.49169
21512,0.4868
21513,0.48192
21514,0.47801
21515,0.47312
21516,0.46823
21517,0.46334
21518,0.45943
21519,0.4565
21520,0.45161
21521,0.4477
21522,0.44282
21523,0.43891
21524,0.43695
21525,0.435
21526,0.43304
21527,0.43109
21528,0.42913
21529,0.42717
21530,0.42522
21531,0.42326
21532,0.42229
21533,0.42033
21534,0.41838
21535,0.41642
21536,0.41447
21537,0.41251
21538,0.41153
21539,0.41056
21540,0.41153
21541,0.41349
21542,0.41447
21543,0.41642
21544,0.41935
21545,0.42131
21546,0.42326
21547,0.4262
21548,0.43011
21549,0.435
21550,0.43891
21551,0.44575
21552,0.45259
21553,0.46041
21554,0.47019
21555,0.47996
21556,0.49071
21557,0.49853
21558,0.50635
21559,0.51417
21560,0.52297
21561,0.53275
21562,0.54252
21563,0.5523
21564,0.56109
21565,0.56891
21566,0.57576
21567,0.58065
21568,0.58553
21569,0.58847
21570,0.59042
21571,0.59042
21572,0.59042
21573,0.59042
21574,0.58944
21575,0.58847
21576,0.58651
21577,0.5826
21578,0.57967
21579,0.57478
21580,0.57185
21581,0.56891
21582,0.56598
21583,0.56305
21584,0.56012
21585,0.55621
21586,0.55132
21587,0.54741
21588,0.54252
21589,0.53861
21590,0.5347
21591,0.53079
21592,0.52688
21593,0.52297
21594,0.51808
21595,0.51222
21596,0.50733
21597,0.50342
21598,0.49951
21599,0.4956
21600,0.49267
21601,0.48974
21602,0.4868
21603,0.48289
21604,0.47996
21605,0.47605
21606,0.47214
21607,0.46823
21608,0.46432
21609,0.46041
21610,0.45846
21611,0.4565
21612,0.45455
21613,0.45161
21614,0.44868
21615,0.44575
21616,0.44184
21617,0.43891
21618,0.43597
21619,0.43402
21620,0.43206
21621,0.42913
21622,0.42717
21623,0.4262
21624,0.42424
21625,0.42229
21626,0.41935
21627,0.4174
21628,0.41447
21629,0.41251
21630,0.41056
21631,0.4086
21632,0.40762
21633,0.40665
21634,0.40762
21635,0.4086
21636,0.41056
21637,0.41251
21638,0.41544
21639,0.42033
21640,0.4262
21641,0.43109
21642,0.43695
21643,0.44282
21644,0.45064
21645,0.45846
21646,0.46628
21647,0.4741
21648,0.48289
21649,0.49169
21650,0.49951
21651,0.50733
21652,0.51417
21653,0.52199
21654,0.53079
21655,0.53763
21656,0.54448
21657,0.55034
21658,0.55425
21659,0.55718
21660,0.55914
21661,0.55914
21662,0.55816
21663,0.55718
21664,0.55523
21665,0.55327
21666,0.55132
21667,0.54936
21668,0.54643
21669,0.5435
21670,0.54057
21671,0.53568
21672,0.52981
21673,0.52493
21674,0.51906
21675,0.5132
21676,0.50831
21677,0.5044
21678,0.49951
21679,0.4956
21680,0.49071
21681,0.48485
21682,0.47898
21683,0.47312
21684,0.46725
21685,0.46139
21686,0.45455
21687,0.44673
21688,0.44086
21689,0.43695
21690,0.43304
21691,0.42913
21692,0.4262
21693,0.42326
21694,0.42033
21695,0.4174
21696,0.41349
21697,0.41056
21698,0.40567
21699,0.40078
21700,0.39785
21701,0.39394
21702,0.39101
21703,0.38905
21704,0.3871
21705,0.38514
21706,0.38319
21707,0.38123
21708,0.37928
21709,0.37634
21710,0.37439
21711,0.37341
21712,0.37243
21713,0.37146
21714,0.37146
21715,0.37146
21716,0.37146
21717,0.37146
21718,0.37146
21719,0.37146
21720,0.37146
21721,0.37243
21722,0.37243
21723,0.37146
21724,0.37146
21725,0.37243
21726,0.37341
21727,0.37537
21728,0.37732
21729,0.38025
21730,0.38514
21731,0.39296
21732,0.40176
21733,0.41153
21734,0.42131
21735,0.43109
21736,0.44086
21737,0.45259
21738,0.46432
21739,0.47703
21740,0.49071
21741,0.50342
21742,0.51417
21743,0.52688
21744,0.53959
21745,0.55034
21746,0.56109
21747,0.56989
21748,0.57967
21749,0.58749
21750,0.59629
21751,0.60215
21752,0.60802
21753,0.6129
21754,0.61584
21755,0.61779
21756,0.61877
21757,0.61975
21758,0.61877
21759,0.61681
21760,0.61388
21761,0.60997
21762,0.60508
21763,0.59922
21764,0.59335
21765,0.58847
21766,0.58456
21767,0.57967
21768,0.57576
21769,0.57087
21770,0.56598
21771,0.56012
21772,0.55523
21773,0.55132
21774,0.54741
21775,0.54252
21776,0.53959
21777,0.53568
21778,0.53177
21779,0.52688
21780,0.52297
21781,0.51808
21782,0.5132
21783,0.50831
21784,0.50538
21785,0.50244
21786,0.50049
21787,0.49853
21788,0.4956
21789,0.49169
21790,0.48876
21791,0.48485
21792,0.48094
21793,0.47703
21794,0.4741
21795,0.47116
21796,0.46823
21797,0.46432
21798,0.46139
21799,0.45846
21800,0.45455
21801,0.45161
21802,0.44868
21803,0.44477
21804,0.44184
21805,0.43891
21806,0.43695
21807,0.435
21808,0.43304
21809,0.43011
21810,0.42717
21811,0.42522
21812,0.42326
21813,0.42131
21814,0.41935
21815,0.4174
21816,0.41642
21817,0.41544
21818,0.41544
21819,0.41642
21820,0.4174
21821,0.41935
21822,0.42131
21823,0.42326
21824,0.42522
21825,0.43011
21826,0.435
21827,0.43988
21828,0.44575
21829,0.45161
21830,0.45748
21831,0.4653
21832,0.4741
21833,0.48289
21834,0.49169
21835,0.50049
21836,0.50831
21837,0.51711
21838,0.52493
21839,0.53275
21840,0.54057
21841,0.54741
21842,0.55327
21843,0.55914
21844,0.56403
21845,0.56794
21846,0.57087
21847,0.57283
21848,0.57283
21849,0.5738
21850,0.5738
21851,0.5738
21852,0.5738
21853,0.57185
21854,0.56891
21855,0.56598
21856,0.56403
21857,0.56207
21858,0.56012
21859,0.55816
21860,0.55621
21861,0.55327
21862,0.54936
21863,0.54448
21864,0.54057
21865,0.53568
21866,0.53079
21867,0.5259
21868,0.52199
21869,0.51711
21870,0.5132
21871,0.50929
21872,0.50635
21873,0.50342
21874,0.50049
21875,0.49756
21876,0.49365
21877,0.49071
21878,0.4868
21879,0.48289
21880,0.47898
21881,0.47605
21882,0.47214
21883,0.46823
21884,0.46432
21885,0.46139
21886,0.45846
21887,0.45455
21888,0.45161
21889,0.44966
21890,0.4477
21891,0.44575
21892,0.44477
21893,0.44477
21894,0.44379
21895,0.44282
21896,0.44086
21897,0.43988
21898,0.43793
21899,0.43695
21900,0.43597
21901,0.43402
21902,0.43206
21903,0.43011
21904,0.42815
21905,0.4262
21906,0.42424
21907,0.42229
21908,0.41935
21909,0.4174
21910,0.41544
21911,0.41447
21912,0.41544
21913,0.41642
21914,0.4174
21915,0.42033
21916,0.42326
21917,0.42815
21918,0.43304
21919,0.43793
21920,0.44379
21921,0.45064
21922,0.45748
21923,0.46432
21924,0.47214
21925,0.47801
21926,0.48485
21927,0.49267
21928,0.50049
21929,0.50831
21930,0.51808
21931,0.52688
21932,0.5347
21933,0.54252
21934,0.55034
21935,0.55621
21936,0.56109
21937,0.565
21938,0.56696
21939,0.56794
21940,0.56794
21941,0.56794
21942,0.56598
21943,0.56403
21944,0.56207
21945,0.56012
21946,0.55816
21947,0.55621
21948,0.55425
21949,0.5523
21950,0.54936
21951,0.54741
21952,0.54448
21953,0.54057
21954,0.53666
21955,0.53177
21956,0.5259
21957,0.52102
21958,0.51613
21959,0.51222
21960,0.50831
21961,0.50538
21962,0.50342
21963,0.50049
21964,0.49853
21965,0.49658
21966,0.49365
21967,0.48974
21968,0.4868
21969,0.48289
21970,0.47898
21971,0.47507
21972,0.47214
21973,0.47019
21974,0.46725
21975,0.46432
21976,0.46139
21977,0.45846
21978,0.4565
21979,0.45259
21980,0.44868
21981,0.44477
21982,0.44086
21983,0.43793
21984,0.43402
21985,0.43109
21986,0.42815
21987,0.4262
21988,0.42229
21989,0.41838
21990,0.41447
21991,0.41056
21992,0.40567
21993,0.3998
21994,0.39492
21995,0.39101
21996,0.3871
21997,0.38416
21998,0.38221
21999,0.38123
22000,0.38025
22001,0.38025
22002,0.37928
22003,0.38025
22004,0.38025
22005,0.38123
22006,0.38123
22007,0.38221
22008,0.38416
22009,0.3871
22010,0.39003
22011,0.39492
22012,0.3998
22013,0.40469
22014,0.40958
22015,0.41544
22016,0.42033
22017,0.42522
22018,0.43206
22019,0.43891
22020,0.44575
22021,0.45357
22022,0.46041
22023,0.46823
22024,0.47605
22025,0.48289
22026,0.49071
22027,0.49658
22028,0.50147
22029,0.5044
22030,0.50733
22031,0.50831
22032,0.50831
22033,0.50733
22034,0.50635
22035,0.50538
22036,0.51222
22037,0.52199
22038,0.52688
22039,0.52981
22040,0.53079
22041,0.53177
22042,0.53177
22043,0.53177
22044,0.53177
22045,0.53177
22046,0.53177
22047,0.52981
22048,0.52884
22049,0.52688
22050,0.52493
22051,0.52297
22052,0.52199
22053,0.52004
22054,0.51906
22055,0.51711
22056,0.51613
22057,0.51417
22058,0.5132
22059,0.51124
22060,0.51026
22061,0.50831
22062,0.50635
22063,0.50538
22064,0.50538
22065,0.50538
22066,0.50538
22067,0.50538
22068,0.50538
22069,0.50538
22070,0.50538
22071,0.50538
22072,0.50538
22073,0.50538
22074,0.50538
22075,0.50538
22076,0.5044
22077,0.50342
22078,0.50049
22079,0.49853
22080,0.4956
22081,0.49267
22082,0.49071
22083,0.48876
22084,0.4868
22085,0.48485
22086,0.48094
22087,0.47801
22088,0.47507
22089,0.47214
22090,0.47019
22091,0.46823
22092,0.46823
22093,0.46823
22094,0.46725
22095,0.46725
22096,0.46823
22097,0.47019
22098,0.47312
22099,0.47605
22100,0.47996
22101,0.48485
22102,0.49169
22103,0.49951
22104,0.50733
22105,0.51613
22106,0.52688
22107,0.53763
22108,0.54643
22109,0.55425
22110,0.56305
22111,0.57283
22112,0.5826
22113,0.59042
22114,0.59726
22115,0.60411
22116,0.61095
22117,0.61681
22118,0.62366
22119,0.62854
22120,0.63343
22121,0.63539
22122,0.63539
22123,0.63539
22124,0.63441
22125,0.63245
22126,0.6305
22127,0.62659
22128,0.62366
22129,0.61975
22130,0.61486
22131,0.60899
22132,0.60215
22133,0.59531
22134,0.59042
22135,0.58553
22136,0.58065
22137,0.57576
22138,0.57087
22139,0.56598
22140,0.56109
22141,0.55718
22142,0.55327
22143,0.54936
22144,0.54545
22145,0.54154
22146,0.53763
22147,0.53372
22148,0.52981
22149,0.52688
22150,0.52297
22151,0.51906
22152,0.51515
22153,0.51124
22154,0.50635
22155,0.50342
22156,0.49951
22157,0.4956
22158,0.49169
22159,0.48778
22160,0.48387
22161,0.47996
22162,0.47703
22163,0.47312
22164,0.47019
22165,0.46725
22166,0.4653
22167,0.46334
22168,0.46237
22169,0.46041
22170,0.45846
22171,0.4565
22172,0.45357
22173,0.44966
22174,0.4477
22175,0.44575
22176,0.44282
22177,0.43988
22178,0.43793
22179,0.435
22180,0.43304
22181,0.43109
22182,0.42913
22183,0.42717
22184,0.42717
22185,0.42717
22186,0.42815
22187,0.42913
22188,0.43109
22189,0.43402
22190,0.43793
22191,0.44282
22192,0.44868
22193,0.45455
22194,0.46041
22195,0.46823
22196,0.47605
22197,0.48387
22198,0.49365
22199,0.5044
22200,0.51417
22201,0.52297
22202,0.53275
22203,0.54252
22204,0.5523
22205,0.56207
22206,0.57283
22207,0.5826
22208,0.5914
22209,0.59824
22210,0.60313
22211,0.60802
22212,0.61193
22213,0.61486
22214,0.61584
22215,0.61584
22216,0.61584
22217,0.61486
22218,0.6129
22219,0.60997
22220,0.60606
22221,0.60215
22222,0.59922
22223,0.59629
22224,0.59335
22225,0.5914
22226,0.58944
22227,0.58749
22228,0.58456
22229,0.58065
22230,0.57576
22231,0.57185
22232,0.56794
22233,0.565
22234,0.56109
22235,0.55621
22236,0.55132
22237,0.54643
22238,0.54057
22239,0.53568
22240,0.53275
22241,0.52884
22242,0.52493
22243,0.52102
22244,0.51808
22245,0.51417
22246,0.51026
22247,0.50635
22248,0.50244
22249,0.49853
22250,0.49462
22251,0.48974
22252,0.48583
22253,0.48192
22254,0.47898
22255,0.47605
22256,0.47214
22257,0.47019
22258,0.46823
22259,0.46628
22260,0.4653
22261,0.46334
22262,0.46237
22263,0.46041
22264,0.45846
22265,0.4565
22266,0.45455
22267,0.45357
22268,0.45161
22269,0.44966
22270,0.4477
22271,0.44477
22272,0.44184
22273,0.43891
22274,0.43597
22275,0.43206
22276,0.42913
22277,0.42717
22278,0.4262
22279,0.4262
22280,0.42717
22281,0.42913
22282,0.43206
22283,0.435
22284,0.43891
22285,0.44477
22286,0.45064
22287,0.4565
22288,0.46237
22289,0.46628
22290,0.47214
22291,0.47801
22292,0.48387
22293,0.49071
22294,0.49756
22295,0.50538
22296,0.50635
22297,0.50342
22298,0.5044
22299,0.50831
22300,0.5132
22301,0.51906
22302,0.52395
22303,0.52786
22304,0.53079
22305,0.53079
22306,0.52981
22307,0.52884
22308,0.52688
22309,0.52395
22310,0.51906
22311,0.51417
22312,0.50831
22313,0.50342
22314,0.49853
22315,0.49462
22316,0.48974
22317,0.48583
22318,0.48192
22319,0.47898
22320,0.47507
22321,0.47116
22322,0.46628
22323,0.46237
22324,0.45846
22325,0.45357
22326,0.44966
22327,0.44575
22328,0.44086
22329,0.43793
22330,0.435
22331,0.43304
22332,0.43109
22333,0.43011
22334,0.42913
22335,0.42913
22336,0.42913
22337,0.42913
22338,0.42913
22339,0.42913
22340,0.42913
22341,0.42913
22342,0.42815
22343,0.42717
22344,0.42717
22345,0.42717
22346,0.42717
22347,0.4262
22348,0.42522
22349,0.42522
22350,0.42424
22351,0.42424
22352,0.42424
22353,0.42424
22354,0.42522
22355,0.42522
22356,0.42522
22357,0.4262
22358,0.42717
22359,0.42815
22360,0.42913
22361,0.43011
22362,0.43206
22363,0.43304
22364,0.43402
22365,0.43402
22366,0.43402
22367,0.43402
22368,0.435
22369,0.43597
22370,0.43891
22371,0.44184
22372,0.44575
22373,0.45161
22374,0.45943
22375,0.46725
22376,0.47507
22377,0.48387
22378,0.49169
22379,0.49853
22380,0.50635
22381,0.51417
22382,0.52297
22383,0.53275
22384,0.54154
22385,0.54936
22386,0.55816
22387,0.56598
22388,0.5738
22389,0.58162
22390,0.58847
22391,0.59531
22392,0.60117
22393,0.60606
22394,0.61095
22395,0.61486
22396,0.61877
22397,0.62072
22398,0.6217
22399,0.6217
22400,0.6217
22401,0.6217
22402,0.61975
22403,0.61681
22404,0.6129
22405,0.60802
22406,0.60313
22407,0.59922
22408,0.59335
22409,0.58749
22410,0.5826
22411,0.57674
22412,0.57087
22413,0.56696
22414,0.56207
22415,0.55816
22416,0.55425
22417,0.54936
22418,0.5435
22419,0.53763
22420,0.53177
22421,0.52493
22422,0.51906
22423,0.51417
22424,0.50929
22425,0.50342
22426,0.49951
22427,0.49462
22428,0.48974
22429,0.48583
22430,0.48192
22431,0.47703
22432,0.47312
22433,0.46921
22434,0.46432
22435,0.46041
22436,0.4565
22437,0.45357
22438,0.44966
22439,0.44477
22440,0.44184
22441,0.43891
22442,0.43695
22443,0.435
22444,0.43402
22445,0.43206
22446,0.43011
22447,0.42717
22448,0.42522
22449,0.42424
22450,0.42229
22451,0.42131
22452,0.41935
22453,0.4174
22454,0.41447
22455,0.41251
22456,0.41056
22457,0.4086
22458,0.40665
22459,0.40371
22460,0.40176
22461,0.3998
22462,0.39883
22463,0.39785
22464,0.39883
22465,0.40078
22466,0.40274
22467,0.40665
22468,0.41153
22469,0.4174
22470,0.42424
22471,0.43206
22472,0.43988
22473,0.4477
22474,0.4565
22475,0.46725
22476,0.47703
22477,0.48583
22478,0.49658
22479,0.50635
22480,0.51711
22481,0.52786
22482,0.53763
22483,0.54839
22484,0.55816
22485,0.56696
22486,0.57478
22487,0.57967
22488,0.58456
22489,0.58847
22490,0.59042
22491,0.5914
22492,0.5914
22493,0.59238
22494,0.5914
22495,0.59042
22496,0.58944
22497,0.58651
22498,0.5826
22499,0.57869
22500,0.57478
22501,0.56989
22502,0.565
22503,0.56109
22504,0.55718
22505,0.5523
22506,0.54741
22507,0.5435
22508,0.54057
22509,0.53666
22510,0.53177
22511,0.52688
22512,0.52199
22513,0.51613
22514,0.51026
22515,0.50635
22516,0.50244
22517,0.49951
22518,0.4956
22519,0.49169
22520,0.48778
22521,0.48387
22522,0.47898
22523,0.47507
22524,0.47116
22525,0.46628
22526,0.46334
22527,0.46041
22528,0.45748
22529,0.45455
22530,0.45161
22531,0.44868
22532,0.44477
22533,0.44086
22534,0.43793
22535,0.435
22536,0.43206
22537,0.43011
22538,0.42815
22539,0.42522
22540,0.42326
22541,0.42131
22542,0.41935
22543,0.41642
22544,0.41251
22545,0.40958
22546,0.40665
22547,0.40371
22548,0.40078
22549,0.39785
22550,0.39589
22551,0.39394
22552,0.39198
22553,0.39003
22554,0.39003
22555,0.39101
22556,0.39198
22557,0.39394
22558,0.39589
22559,0.3998
22560,0.40469
22561,0.41056
22562,0.41544
22563,0.42229
22564,0.42913
22565,0.43695
22566,0.44477
22567,0.45161
22568,0.45748
22569,0.46432
22570,0.47312
22571,0.48192
22572,0.49071
22573,0.49853
22574,0.50635
22575,0.5132
22576,0.52004
22577,0.5259
22578,0.52981
22579,0.53372
22580,0.53568
22581,0.53763
22582,0.53959
22583,0.54057
22584,0.54057
22585,0.53959
22586,0.53763
22587,0.53666
22588,0.5347
22589,0.53177
22590,0.52884
22591,0.52395
22592,0.51808
22593,0.51222
22594,0.50733
22595,0.50244
22596,0.49658
22597,0.49267
22598,0.48778
22599,0.48192
22600,0.47703
22601,0.47019
22602,0.46334
22603,0.45552
22604,0.44868
22605,0.44184
22606,0.43597
22607,0.43011
22608,0.4262
22609,0.42229
22610,0.41838
22611,0.41251
22612,0.40762
22613,0.40274
22614,0.39785
22615,0.39296
22616,0.38807
22617,0.38416
22618,0.37928
22619,0.37537
22620,0.37341
22621,0.37146
22622,0.37048
22623,0.3695
22624,0.3695
22625,0.36852
22626,0.36852
22627,0.36852
22628,0.36852
22629,0.36852
22630,0.36852
22631,0.36852
22632,0.36852
22633,0.3695
22634,0.37048
22635,0.37048
22636,0.37048
22637,0.37048
22638,0.37048
22639,0.3695
22640,0.3695
22641,0.36852
22642,0.36852
22643,0.36852
22644,0.3695
22645,0.37048
22646,0.37243
22647,0.37341
22648,0.37634
22649,0.38123
22650,0.38612
22651,0.39198
22652,0.39785
22653,0.40567
22654,0.41447
22655,0.42424
22656,0.43402
22657,0.44477
22658,0.4565
22659,0.46725
22660,0.47703
22661,0.48876
22662,0.50147
22663,0.51417
22664,0.52688
22665,0.53861
22666,0.54936
22667,0.55914
22668,0.56891
22669,0.57771
22670,0.58651
22671,0.59531
22672,0.60117
22673,0.60606
22674,0.61095
22675,0.61388
22676,0.61486
22677,0.61388
22678,0.61193
22679,0.60899
22680,0.60411
22681,0.59824
22682,0.59335
22683,0.58749
22684,0.5826
22685,0.57674
22686,0.57087
22687,0.56598
22688,0.56207
22689,0.55816
22690,0.55327
22691,0.54936
22692,0.54448
22693,0.53959
22694,0.53372
22695,0.52884
22696,0.52395
22697,0.52004
22698,0.51613
22699,0.5132
22700,0.51124
22701,0.50831
22702,0.50342
22703,0.49951
22704,0.4956
22705,0.49169
22706,0.48778
22707,0.48387
22708,0.47996
22709,0.47605
22710,0.47214
22711,0.46823
22712,0.46432
22713,0.46139
22714,0.45748
22715,0.45357
22716,0.44966
22717,0.44477
22718,0.43891
22719,0.435
22720,0.43109
22721,0.42815
22722,0.4262
22723,0.42326
22724,0.42131
22725,0.42033
22726,0.41838
22727,0.41544
22728,0.41153
22729,0.4086
22730,0.40469
22731,0.40176
22732,0.3998
22733,0.39687
22734,0.39394
22735,0.39101
22736,0.38807
22737,0.38514
22738,0.38319
22739,0.38123
22740,0.37928
22741,0.3783
22742,0.37928
22743,0.38123
22744,0.38416
22745,0.38905
22746,0.39394
22747,0.3998
22748,0.40567
22749,0.41153
22750,0.41838
22751,0.42522
22752,0.43206
22753,0.43891
22754,0.44673
22755,0.4565
22756,0.46628
22757,0.47703
22758,0.4868
22759,0.49658
22760,0.50538
22761,0.51417
22762,0.52395
22763,0.53177
22764,0.53861
22765,0.5435
22766,0.54839
22767,0.55327
22768,0.55718
22769,0.55914
22770,0.56012
22771,0.56109
22772,0.56109
22773,0.56109
22774,0.56012
22775,0.55816
22776,0.55621
22777,0.55425
22778,0.5523
22779,0.55034
22780,0.54839
22781,0.54643
22782,0.54252
22783,0.53959
22784,0.5347
22785,0.52981
22786,0.5259
22787,0.52199
22788,0.51808
22789,0.5132
22790,0.50929
22791,0.50538
22792,0.50049
22793,0.49658
22794,0.49169
22795,0.48778
22796,0.48387
22797,0.47996
22798,0.47605
22799,0.47116
22800,0.46725
22801,0.46237
22802,0.45846
22803,0.45455
22804,0.45161
22805,0.4477
22806,0.44379
22807,0.43988
22808,0.43988
22809,0.44282
22810,0.44379
22811,0.44282
22812,0.44184
22813,0.43988
22814,0.43891
22815,0.43695
22816,0.435
22817,0.43304
22818,0.43206
22819,0.43109
22820,0.42913
22821,0.42815
22822,0.4262
22823,0.42326
22824,0.42033
22825,0.4174
22826,0.41447
22827,0.41153
22828,0.40958
22829,0.40762
22830,0.40567
22831,0.40469
22832,0.40371
22833,0.40274
22834,0.40274
22835,0.40469
22836,0.40567
22837,0.40762
22838,0.40958
22839,0.41251
22840,0.41642
22841,0.42131
22842,0.4262
22843,0.43206
22844,0.43695
22845,0.44379
22846,0.45064
22847,0.45748
22848,0.46628
22849,0.47507
22850,0.48387
22851,0.49267
22852,0.50049
22853,0.50831
22854,0.51515
22855,0.52297
22856,0.52884
22857,0.53372
22858,0.53861
22859,0.5435
22860,0.54839
22861,0.55132
22862,0.55327
22863,0.55425
22864,0.55425
22865,0.55327
22866,0.5523
22867,0.55034
22868,0.54839
22869,0.54643
22870,0.54448
22871,0.54154
22872,0.53763
22873,0.53372
22874,0.52981
22875,0.5259
22876,0.52199
22877,0.51711
22878,0.5132
22879,0.50831
22880,0.50342
22881,0.49951
22882,0.4956
22883,0.49267
22884,0.48974
22885,0.4868
22886,0.48289
22887,0.47996
22888,0.47801
22889,0.47507
22890,0.47214
22891,0.46921
22892,0.4653
22893,0.46237
22894,0.45846
22895,0.45357
22896,0.45064
22897,0.44673
22898,0.44379
22899,0.43988
22900,0.43597
22901,0.43109
22902,0.4262
22903,0.42229
22904,0.41838
22905,0.41349
22906,0.4086
22907,0.40469
22908,0.40176
22909,0.39883
22910,0.39589
22911,0.39296
22912,0.39003
22913,0.3871
22914,0.38319
22915,0.38025
22916,0.3783
22917,0.37537
22918,0.37243
22919,0.3695
22920,0.36559
22921,0.36266
22922,0.3607
22923,0.35875
22924,0.35777
22925,0.35679
22926,0.35582
22927,0.35582
22928,0.35582
22929,0.35582
22930,0.35582
22931,0.35777
22932,0.35973
22933,0.36364
22934,0.36852
22935,0.37341
22936,0.37928
22937,0.38514
22938,0.39101
22939,0.39883
22940,0.40665
22941,0.41447
22942,0.42326
22943,0.43206
22944,0.43988
22945,0.44868
22946,0.45748
22947,0.4653
22948,0.47312
22949,0.47898
22950,0.48583
22951,0.49169
22952,0.4956
22953,0.49853
22954,0.50049
22955,0.50244
22956,0.50342
22957,0.50342
22958,0.50342
22959,0.50244
22960,0.50147
22961,0.50147
22962,0.50049
22963,0.50049
22964,0.50049
22965,0.49951
22966,0.49853
22967,0.49658
22968,0.4956
22969,0.49462
22970,0.49267
22971,0.49267
22972,0.49169
22973,0.48974
22974,0.48876
22975,0.48876
22976,0.4868
22977,0.48583
22978,0.48583
22979,0.48485
22980,0.48387
22981,0.48289
22982,0.48192
22983,0.48192
22984,0.48192
22985,0.48094
22986,0.47996
22987,0.47898
22988,0.47801
22989,0.47605
22990,0.4741
22991,0.47312
22992,0.47116
22993,0.47019
22994,0.46823
22995,0.46628
22996,0.46432
22997,0.46139
22998,0.45943
22999,0.45748
23000,0.45455
23001,0.45259
23002,0.44966
23003,0.4477
23004,0.44575
23005,0.44379
23006,0.44086
23007,0.43695
23008,0.43402
23009,0.43206
23010,0.42913
23011,0.42717
23012,0.42522
23013,0.42326
23014,0.42326
23015,0.42424
23016,0.42522
23017,0.4262
23018,0.42815
23019,0.43011
23020,0.43402
23021,0.43793
23022,0.44184
23023,0.44673
23024,0.45259
23025,0.45943
23026,0.4653
23027,0.47116
23028,0.47801
23029,0.48485
23030,0.49169
23031,0.49853
23032,0.50538
23033,0.51124
23034,0.51808
23035,0.52493
23036,0.53177
23037,0.53861
23038,0.54448
23039,0.54936
23040,0.55327
23041,0.55621
23042,0.55816
23043,0.55914
23044,0.55914
23045,0.55718
23046,0.55523
23047,0.55425
23048,0.55132
23049,0.54839
23050,0.54448
23051,0.54057
23052,0.53666
23053,0.53372
23054,0.52981
23055,0.5259
23056,0.52199
23057,0.51711
23058,0.51222
23059,0.50733
23060,0.50342
23061,0.49951
23062,0.4956
23063,0.49169
23064,0.49951
23065,0.5132
23066,0.51906
23067,0.52004
23068,0.51906
23069,0.51613
23070,0.5132
23071,0.50929
23072,0.50538
23073,0.50147
23074,0.49658
23075,0.49267
23076,0.48876
23077,0.48583
23078,0.48192
23079,0.47898
23080,0.47703
23081,0.47312
23082,0.47019
23083,0.46628
23084,0.46237
23085,0.45943
23086,0.4565
23087,0.45357
23088,0.45161
23089,0.44868
23090,0.44477
23091,0.44086
23092,0.43793
23093,0.435
23094,0.43206
23095,0.42913
23096,0.42717
23097,0.42522
23098,0.42424
23099,0.42229
23100,0.42131
23101,0.42033
23102,0.41838
23103,0.41642
23104,0.41544
23105,0.41544
23106,0.41642
23107,0.41642
23108,0.4174
23109,0.41838
23110,0.42131
23111,0.42424
23112,0.42815
23113,0.43011
23114,0.43304
23115,0.43695
23116,0.44086
23117,0.44673
23118,0.45161
23119,0.4565
23120,0.46334
23121,0.47116
23122,0.47996
23123,0.48876
23124,0.49756
23125,0.50635
23126,0.51515
23127,0.52395
23128,0.53275
23129,0.54057
23130,0.54741
23131,0.5523
23132,0.55718
23133,0.56207
23134,0.565
23135,0.56794
23136,0.56989
23137,0.56891
23138,0.56794
23139,0.56696
23140,0.565
23141,0.56305
23142,0.55914
23143,0.55523
23144,0.55034
23145,0.54741
23146,0.5435
23147,0.54057
23148,0.53763
23149,0.53372
23150,0.53079
23151,0.52688
23152,0.52297
23153,0.51906
23154,0.51613
23155,0.51222
23156,0.50733
23157,0.50342
23158,0.49951
23159,0.49658
23160,0.49267
23161,0.48974
23162,0.4868
23163,0.48387
23164,0.48094
23165,0.47605
23166,0.47214
23167,0.46725
23168,0.46334
23169,0.45846
23170,0.45455
23171,0.45161
23172,0.44868
23173,0.44673
23174,0.44379
23175,0.44184
23176,0.43891
23177,0.435
23178,0.43206
23179,0.42913
23180,0.4262
23181,0.42424
23182,0.42229
23183,0.42033
23184,0.41935
23185,0.41838
23186,0.41642
23187,0.41447
23188,0.41349
23189,0.41153
23190,0.40958
23191,0.40665
23192,0.40371
23193,0.3998
23194,0.39589
23195,0.39198
23196,0.38905
23197,0.38612
23198,0.38416
23199,0.38319
23200,0.38221
23201,0.38025
23202,0.38025
23203,0.37928
23204,0.37928
23205,0.37928
23206,0.38025
23207,0.38221
23208,0.38514
23209,0.38905
23210,0.39296
23211,0.39687
23212,0.40176
23213,0.40762
23214,0.41349
23215,0.42033
23216,0.42717
23217,0.435
23218,0.44184
23219,0.44868
23220,0.45552
23221,0.46237
23222,0.46725
23223,0.47116
23224,0.4741
23225,0.47703
23226,0.48094
23227,0.48387
23228,0.48583
23229,0.4868
23230,0.4868
23231,0.48583
23232,0.48387
23233,0.47996
23234,0.47507
23235,0.46921
23236,0.4653
23237,0.46139
23238,0.45748
23239,0.45357
23240,0.44966
23241,0.44477
23242,0.44086
23243,0.43597
23244,0.43206
23245,0.42815
23246,0.42424
23247,0.42229
23248,0.42033
23249,0.41935
23250,0.41935
23251,0.41838
23252,0.4174
23253,0.41544
23254,0.41349
23255,0.41251
23256,0.41056
23257,0.40958
23258,0.40762
23259,0.40665
23260,0.40469
23261,0.40274
23262,0.40176
23263,0.40078
23264,0.3998
23265,0.39785
23266,0.39687
23267,0.39589
23268,0.39492
23269,0.39394
23270,0.39296
23271,0.39296
23272,0.39296
23273,0.39296
23274,0.39296
23275,0.39198
23276,0.39198
23277,0.39198
23278,0.39101
23279,0.39003
23280,0.39003
23281,0.38905
23282,0.38905
23283,0.38905
23284,0.38905
23285,0.38905
23286,0.38905
23287,0.38905
23288,0.39003
23289,0.39198
23290,0.39296
23291,0.39492
23292,0.39687
23293,0.39883
23294,0.40274
23295,0.40567
23296,0.41056
23297,0.41642
23298,0.42229
23299,0.42815
23300,0.43402
23301,0.43988
23302,0.44477
23303,0.44966
23304,0.45552
23305,0.46237
23306,0.46921
23307,0.47703
23308,0.48387
23309,0.48974
23310,0.4956
23311,0.50147
23312,0.50733
23313,0.51417
23314,0.52004
23315,0.52493
23316,0.52884
23317,0.53275
23318,0.53666
23319,0.53959
23320,0.55034
23321,0.56403
23322,0.56989
23323,0.57185
23324,0.56989
23325,0.56794
23326,0.56598
23327,0.56305
23328,0.56012
23329,0.55718
23330,0.55425
23331,0.55132
23332,0.54741
23333,0.5435
23334,0.53861
23335,0.5347
23336,0.52884
23337,0.52297
23338,0.51808
23339,0.51222
23340,0.50831
23341,0.50342
23342,0.50049
23343,0.49756
23344,0.49365
23345,0.48974
23346,0.48485
23347,0.48094
23348,0.47507
23349,0.46921
23350,0.46334
23351,0.45748
23352,0.45161
23353,0.44868
23354,0.44575
23355,0.44379
23356,0.44184
23357,0.43988
23358,0.43793
23359,0.43597
23360,0.43304
23361,0.43011
23362,0.42717
23363,0.42326
23364,0.42131
23365,0.41838
23366,0.41642
23367,0.41544
23368,0.41447
23369,0.41349
23370,0.41251
23371,0.41056
23372,0.4086
23373,0.40567
23374,0.40274
23375,0.39883
23376,0.39492
23377,0.39003
23378,0.3871
23379,0.38416
23380,0.38123
23381,0.38025
23382,0.38025
23383,0.38025
23384,0.38025
23385,0.38123
23386,0.38123
23387,0.38221
23388,0.38221
23389,0.38221
23390,0.38319
23391,0.38612
23392,0.38905
23393,0.39296
23394,0.39687
23395,0.40176
23396,0.40762
23397,0.41544
23398,0.42326
23399,0.43109
23400,0.43988
23401,0.44966
23402,0.46041
23403,0.47019
23404,0.47898
23405,0.48876
23406,0.49853
23407,0.50635
23408,0.51222
23409,0.51808
23410,0.52297
23411,0.52786
23412,0.53177
23413,0.53275
23414,0.53372
23415,0.5347
23416,0.5347
23417,0.53372
23418,0.53275
23419,0.53079
23420,0.52884
23421,0.52688
23422,0.52297
23423,0.51906
23424,0.51613
23425,0.5132
23426,0.51026
23427,0.50635
23428,0.50244
23429,0.49756
23430,0.49365
23431,0.48974
23432,0.4868
23433,0.48387
23434,0.48192
23435,0.47898
23436,0.47605
23437,0.47312
23438,0.46921
23439,0.46432
23440,0.45943
23441,0.45552
23442,0.45161
23443,0.44868
23444,0.44575
23445,0.44477
23446,0.44379
23447,0.44282
23448,0.44184
23449,0.43988
23450,0.43793
23451,0.43695
23452,0.435
23453,0.43402
23454,0.43206
23455,0.43011
23456,0.42717
23457,0.42424
23458,0.42033
23459,0.4174
23460,0.41642
23461,0.41447
23462,0.41153
23463,0.40958
23464,0.40665
23465,0.40274
23466,0.39883
23467,0.39492
23468,0.39003
23469,0.38514
23470,0.38123
23471,0.37634
23472,0.37439
23473,0.37341
23474,0.37146
23475,0.3695
23476,0.36755
23477,0.36559
23478,0.36364
23479,0.36168
23480,0.35973
23481,0.35777
23482,0.35777
23483,0.35875
23484,0.36168
23485,0.36559
23486,0.37146
23487,0.37634
23488,0.38221
23489,0.38807
23490,0.39492
23491,0.40078
23492,0.40762
23493,0.41447
23494,0.42131
23495,0.42913
23496,0.43597
23497,0.44184
23498,0.44673
23499,0.45161
23500,0.45455
23501,0.4565
23502,0.45943
23503,0.46139
23504,0.46334
23505,0.46432
23506,0.46432
23507,0.46237
23508,0.46139
23509,0.45943
23510,0.45748
23511,0.45455
23512,0.45161
23513,0.44966
23514,0.44868
23515,0.4477
23516,0.44575
23517,0.44477
23518,0.44379
23519,0.44379
23520,0.44379
23521,0.44379
23522,0.44379
23523,0.44379
23524,0.44379
23525,0.44379
23526,0.44477
23527,0.44575
23528,0.44575
23529,0.44477
23530,0.44477
23531,0.44379
23532,0.44379
23533,0.44379
23534,0.44379
23535,0.44379
23536,0.44282
23537,0.44184
23538,0.44086
23539,0.44086
23540,0.44184
23541,0.44184
23542,0.44184
23543,0.44184
23544,0.44184
23545,0.44184
23546,0.44282
23547,0.44477
23548,0.44673
23549,0.44673
23550,0.4477
23551,0.44868
23552,0.44868
23553,0.44868
23554,0.4477
23555,0.4477
23556,0.4477
23557,0.4477
23558,0.4477
23559,0.4477
23560,0.4477
23561,0.4477
23562,0.4477
23563,0.4477
23564,0.4477
23565,0.4477
23566,0.4477
23567,0.4477
23568,0.4477
23569,0.44868
23570,0.44966
23571,0.45064
23572,0.45064
23573,0.45161
23574,0.45357
23575,0.45552
23576,0.46725
23577,0.48387
23578,0.49462
23579,0.50342
23580,0.51026
23581,0.51808
23582,0.52786
23583,0.53666
23584,0.54545
23585,0.55425
23586,0.56305
23587,0.57087
23588,0.57967
23589,0.58847
23590,0.59531
23591,0.60117
23592,0.60606
23593,0.60899
23594,0.61193
23595,0.61388
23596,0.61584
23597,0.61486
23598,0.61388
23599,0.61193
23600,0.60997
23601,0.60704
23602,0.60411
23603,0.6002
23604,0.59629
23605,0.59335
23606,0.58944
23607,0.58553
23608,0.58162
23609,0.57771
23610,0.5738
23611,0.56891
23612,0.565
23613,0.56109
23614,0.55621
23615,0.5523
23616,0.54839
23617,0.54643
23618,0.54448
23619,0.54252
23620,0.54057
23621,0.53763
23622,0.5347
23623,0.53177
23624,0.52884
23625,0.52688
23626,0.52395
23627,0.52199
23628,0.52004
23629,0.51711
23630,0.51515
23631,0.5132
23632,0.51026
23633,0.50635
23634,0.50244
23635,0.49853
23636,0.49462
23637,0.49071
23638,0.48583
23639,0.48289
23640,0.48094
23641,0.47996
23642,0.47996
23643,0.47996
23644,0.47996
23645,0.48094
23646,0.47996
23647,0.47703
23648,0.4741
23649,0.47019
23650,0.46628
23651,0.46237
23652,0.45748
23653,0.45455
23654,0.45259
23655,0.45064
23656,0.45064
23657,0.45161
23658,0.45161
23659,0.45161
23660,0.45161
23661,0.45161
23662,0.45161
23663,0.45161
23664,0.45357
23665,0.45552
23666,0.45846
23667,0.46237
23668,0.46725
23669,0.47312
23670,0.47898
23671,0.48485
23672,0.49071
23673,0.49756
23674,0.50635
23675,0.51613
23676,0.52688
23677,0.53666
23678,0.54545
23679,0.55425
23680,0.56305
23681,0.57087
23682,0.57869
23683,0.58553
23684,0.59238
23685,0.59726
23686,0.60215
23687,0.60606
23688,0.60899
23689,0.61193
23690,0.6129
23691,0.6129
23692,0.61193
23693,0.61193
23694,0.61193
23695,0.61095
23696,0.60899
23697,0.60704
23698,0.60411
23699,0.6002
23700,0.59726
23701,0.59433
23702,0.5914
23703,0.58944
23704,0.58749
23705,0.58553
23706,0.5826
23707,0.57869
23708,0.57478
23709,0.57185
23710,0.56794
23711,0.56403
23712,0.56012
23713,0.55621
23714,0.5523
23715,0.54839
23716,0.54545
23717,0.5435
23718,0.54154
23719,0.53861
23720,0.5347
23721,0.53177
23722,0.52981
23723,0.52786
23724,0.5259
23725,0.52395
23726,0.52199
23727,0.52004
23728,0.51808
23729,0.51613
23730,0.5132
23731,0.51124
23732,0.50733
23733,0.50244
23734,0.49951
23735,0.49658
23736,0.49365
23737,0.49071
23738,0.48876
23739,0.4868
23740,0.48387
23741,0.48289
23742,0.48094
23743,0.47996
23744,0.47801
23745,0.47605
23746,0.47312
23747,0.47116
23748,0.46921
23749,0.46921
23750,0.46921
23751,0.46823
23752,0.46823
23753,0.46823
23754,0.46823
23755,0.46921
23756,0.47214
23757,0.47507
23758,0.47898
23759,0.48289
23760,0.4868
23761,0.49071
23762,0.4956
23763,0.50147
23764,0.50733
23765,0.51417
23766,0.52004
23767,0.52688
23768,0.5347
23769,0.54252
23770,0.55034
23771,0.55914
23772,0.56598
23773,0.57185
23774,0.57576
23775,0.57967
23776,0.58358
23777,0.58847
23778,0.59238
23779,0.59629
23780,0.59824
23781,0.59922
23782,0.6002
23783,0.6002
23784,0.6002
23785,0.59922
23786,0.59629
23787,0.59433
23788,0.5914
23789,0.58749
23790,0.58358
23791,0.57967
23792,0.57576
23793,0.57087
23794,0.565
23795,0.56012
23796,0.55425
23797,0.54936
23798,0.54448
23799,0.54057
23800,0.53568
23801,0.53177
23802,0.52786
23803,0.52395
23804,0.52004
23805,0.51613
23806,0.51026
23807,0.50538
23808,0.50147
23809,0.4956
23810,0.49071
23811,0.48583
23812,0.48289
23813,0.47898
23814,0.47605
23815,0.47312
23816,0.47116
23817,0.46823
23818,0.46628
23819,0.4653
23820,0.46432
23821,0.46334
23822,0.46237
23823,0.46139
23824,0.46041
23825,0.46041
23826,0.46041
23827,0.46041
23828,0.46139
23829,0.46139
23830,0.46237
23831,0.46139
23832,0.44673
23833,0.42522
23834,0.41447
23835,0.40958
23836,0.40665
23837,0.40567
23838,0.40469
23839,0.40469
23840,0.40469
23841,0.40567
23842,0.40665
23843,0.40665
23844,0.40762
23845,0.40958
23846,0.41349
23847,0.41935
23848,0.42522
23849,0.43206
23850,0.43891
23851,0.44673
23852,0.45552
23853,0.4653
23854,0.47507
23855,0.4868
23856,0.49853
23857,0.51124
23858,0.5259
23859,0.54154
23860,0.55718
23861,0.5738
23862,0.58944
23863,0.60411
23864,0.61779
23865,0.63245
23866,0.64418
23867,0.65298
23868,0.66178
23869,0.67058
23870,0.6784
23871,0.68328
23872,0.68622
23873,0.68719
23874,0.68719
23875,0.68622
23876,0.68426
23877,0.68133
23878,0.6784
23879,0.67644
23880,0.67253
23881,0.66862
23882,0.66569
23883,0.66178
23884,0.65787
23885,0.65298
23886,0.64712
23887,0.64223
23888,0.63636
23889,0.63148
23890,0.62561
23891,0.62072
23892,0.61681
23893,0.61193
23894,0.60606
23895,0.60215
23896,0.59922
23897,0.59629
23898,0.59335
23899,0.58944
23900,0.58553
23901,0.58065
23902,0.57576
23903,0.57087
23904,0.565
23905,0.56012
23906,0.55523
23907,0.55034
23908,0.54545
23909,0.54057
23910,0.53568
23911,0.52981
23912,0.52493
23913,0.52004
23914,0.51613
23915,0.51222
23916,0.50831
23917,0.5044
23918,0.50147
23919,0.49951
23920,0.49756
23921,0.4956
23922,0.49267
23923,0.49071
23924,0.48778
23925,0.48387
23926,0.47996
23927,0.4741
23928,0.46823
23929,0.46432
23930,0.46139
23931,0.45748
23932,0.45552
23933,0.45357
23934,0.45161
23935,0.44966
23936,0.44673
23937,0.44379
23938,0.44086
23939,0.43891
23940,0.43891
23941,0.43988
23942,0.44282
23943,0.44673
23944,0.45259
23945,0.45846
23946,0.4653
23947,0.47214
23948,0.47996
23949,0.48974
23950,0.50049
23951,0.51124
23952,0.52199
23953,0.53275
23954,0.5435
23955,0.55523
23956,0.56891
23957,0.58162
23958,0.59238
23959,0.60117
23960,0.61193
23961,0.62072
23962,0.62952
23963,0.63734
23964,0.64516
23965,0.652
23966,0.65689
23967,0.6608
23968,0.66471
23969,0.66764
23970,0.6696
23971,0.67058
23972,0.6696
23973,0.66764
23974,0.66471
23975,0.66276
23976,0.65982
23977,0.65689
23978,0.65396
23979,0.652
23980,0.64907
23981,0.64516
23982,0.6393
23983,0.63343
23984,0.62757
23985,0.62268
23986,0.61681
23987,0.61095
23988,0.60508
23989,0.6002
23990,0.59531
23991,0.59042
23992,0.58456
23993,0.57869
23994,0.5738
23995,0.56989
23996,0.565
23997,0.56012
23998,0.55621
23999,0.55327
24000,0.54839
24001,0.5435
24002,0.53959
24003,0.5347
24004,0.52981
24005,0.52395
24006,0.52004
24007,0.51613
24008,0.5132
24009,0.51026
24010,0.50929
24011,0.50929
24012,0.50831
24013,0.50733
24014,0.50635
24015,0.50538
24016,0.50342
24017,0.50147
24018,0.49853
24019,0.4956
24020,0.49267
24021,0.49071
24022,0.4868
24023,0.48387
24024,0.48192
24025,0.47898
24026,0.47703
24027,0.4741
24028,0.47116
24029,0.46823
24030,0.46628
24031,0.46432
24032,0.4653
24033,0.46725
24034,0.46921
24035,0.47116
24036,0.4741
24037,0.47801
24038,0.48289
24039,0.48974
24040,0.49658
24041,0.50538
24042,0.51515
24043,0.52493
24044,0.53666
24045,0.54839
24046,0.56109
24047,0.5738
24048,0.58651
24049,0.59922
24050,0.60997
24051,0.61877
24052,0.62952
24053,0.6393
24054,0.64809
24055,0.65689
24056,0.66471
24057,0.67155
24058,0.67644
24059,0.68035
24060,0.68328
24061,0.68426
24062,0.68426
24063,0.68328
24064,0.68133
24065,0.6784
24066,0.67449
24067,0.66862
24068,0.66178
24069,0.65396
24070,0.64614
24071,0.63832
24072,0.62952
24073,0.6217
24074,0.6129
24075,0.60606
24076,0.6002
24077,0.59531
24078,0.58944
24079,0.58456
24080,0.57869
24081,0.5738
24082,0.56794
24083,0.56305
24084,0.55718
24085,0.55132
24086,0.54643
24087,0.53959
24088,0.52199
24089,0.50049
24090,0.48778
24091,0.47898
24092,0.47312
24093,0.46823
24094,0.46237
24095,0.45748
24096,0.45259
24097,0.44673
24098,0.44184
24099,0.43597
24100,0.42913
24101,0.42424
24102,0.42033
24103,0.4174
24104,0.41447
24105,0.41251
24106,0.41056
24107,0.40958
24108,0.40762
24109,0.40567
24110,0.40371
24111,0.40176
24112,0.3998
24113,0.39687
24114,0.39394
24115,0.39296
24116,0.39296
24117,0.39296
24118,0.39296
24119,0.39296
24120,0.39296
24121,0.39296
24122,0.39492
24123,0.39785
24124,0.40176
24125,0.40567
24126,0.4086
24127,0.41153
24128,0.41447
24129,0.4174
24130,0.42131
24131,0.4262
24132,0.43206
24133,0.43891
24134,0.4477
24135,0.45748
24136,0.46725
24137,0.47703
24138,0.48876
24139,0.50049
24140,0.51222
24141,0.52493
24142,0.53568
24143,0.54643
24144,0.55914
24145,0.57087
24146,0.5826
24147,0.59238
24148,0.60215
24149,0.61095
24150,0.61877
24151,0.62561
24152,0.63148
24153,0.63636
24154,0.64027
24155,0.64223
24156,0.64223
24157,0.64223
24158,0.64321
24159,0.64223
24160,0.64125
24161,0.64027
24162,0.63734
24163,0.63343
24164,0.62952
24165,0.62561
24166,0.6217
24167,0.61779
24168,0.61388
24169,0.60997
24170,0.60704
24171,0.60411
24172,0.60215
24173,0.59922
24174,0.59629
24175,0.5914
24176,0.58651
24177,0.58162
24178,0.57576
24179,0.57087
24180,0.56598
24181,0.56207
24182,0.55816
24183,0.55327
24184,0.54839
24185,0.54448
24186,0.53959
24187,0.53666
24188,0.5347
24189,0.53275
24190,0.53079
24191,0.52981
24192,0.52786
24193,0.52493
24194,0.52297
24195,0.52102
24196,0.51906
24197,0.51808
24198,0.51613
24199,0.51417
24200,0.51124
24201,0.50733
24202,0.50342
24203,0.49951
24204,0.4956
24205,0.49169
24206,0.4868
24207,0.48387
24208,0.48094
24209,0.47801
24210,0.47605
24211,0.4741
24212,0.47116
24213,0.46921
24214,0.46725
24215,0.4653
24216,0.46432
24217,0.46432
24218,0.46628
24219,0.46725
24220,0.46921
24221,0.47214
24222,0.47507
24223,0.47898
24224,0.48387
24225,0.48974
24226,0.49658
24227,0.5044
24228,0.5132
24229,0.52297
24230,0.53275
24231,0.54252
24232,0.5523
24233,0.56012
24234,0.56696
24235,0.57576
24236,0.58553
24237,0.59531
24238,0.60411
24239,0.61095
24240,0.61877
24241,0.62561
24242,0.63148
24243,0.63636
24244,0.6393
24245,0.64125
24246,0.64125
24247,0.64125
24248,0.64027
24249,0.63734
24250,0.63343
24251,0.62952
24252,0.62561
24253,0.6217
24254,0.61779
24255,0.61388
24256,0.60997
24257,0.60704
24258,0.60411
24259,0.60117
24260,0.59726
24261,0.59433
24262,0.59042
24263,0.58553
24264,0.58162
24265,0.57674
24266,0.57283
24267,0.56891
24268,0.565
24269,0.56207
24270,0.55914
24271,0.55621
24272,0.55132
24273,0.54741
24274,0.5435
24275,0.53959
24276,0.53666
24277,0.53372
24278,0.53079
24279,0.52688
24280,0.52297
24281,0.51808
24282,0.51417
24283,0.51026
24284,0.50635
24285,0.50342
24286,0.50147
24287,0.49951
24288,0.49658
24289,0.49365
24290,0.48974
24291,0.4868
24292,0.48387
24293,0.48094
24294,0.47801
24295,0.47605
24296,0.4741
24297,0.47116
24298,0.46921
24299,0.46823
24300,0.46628
24301,0.4653
24302,0.46334
24303,0.46139
24304,0.45846
24305,0.45748
24306,0.4565
24307,0.4565
24308,0.45748
24309,0.45943
24310,0.46139
24311,0.46334
24312,0.46628
24313,0.47019
24314,0.4741
24315,0.47898
24316,0.48289
24317,0.48778
24318,0.49462
24319,0.50244
24320,0.51026
24321,0.51906
24322,0.52786
24323,0.53763
24324,0.54741
24325,0.55523
24326,0.56207
24327,0.57087
24328,0.57967
24329,0.58847
24330,0.59726
24331,0.60313
24332,0.60997
24333,0.61584
24334,0.62072
24335,0.62561
24336,0.62757
24337,0.62854
24338,0.62952
24339,0.62854
24340,0.61975
24341,0.60704
24342,0.6002
24343,0.59531
24344,0.5914
24345,0.58749
24346,0.58358
24347,0.58065
24348,0.57869
24349,0.57576
24350,0.5738
24351,0.57087
24352,0.56794
24353,0.56403
24354,0.56012
24355,0.55718
24356,0.55425
24357,0.5523
24358,0.55034
24359,0.54741
24360,0.54448
24361,0.53959
24362,0.53568
24363,0.52981
24364,0.5259
24365,0.52199
24366,0.51808
24367,0.51515
24368,0.51222
24369,0.51026
24370,0.50733
24371,0.50342
24372,0.50049
24373,0.49658
24374,0.49365
24375,0.48974
24376,0.48583
24377,0.48192
24378,0.47898
24379,0.47605
24380,0.47312
24381,0.46921
24382,0.46628
24383,0.46334
24384,0.46041
24385,0.45748
24386,0.45455
24387,0.45064
24388,0.4477
24389,0.44282
24390,0.43891
24391,0.43597
24392,0.43304
24393,0.43109
24394,0.42815
24395,0.42522
24396,0.42229
24397,0.41935
24398,0.41544
24399,0.41251
24400,0.41056
24401,0.40958
24402,0.4086
24403,0.4086
24404,0.4086
24405,0.41056
24406,0.41153
24407,0.41349
24408,0.41544
24409,0.4174
24410,0.42131
24411,0.4262
24412,0.43109
24413,0.43695
24414,0.44282
24415,0.44966
24416,0.45748
24417,0.46432
24418,0.47116
24419,0.47703
24420,0.48387
24421,0.49071
24422,0.49951
24423,0.50831
24424,0.51613
24425,0.52395
24426,0.53079
24427,0.53666
24428,0.54057
24429,0.5435
24430,0.54545
24431,0.54643
24432,0.54741
24433,0.54741
24434,0.54741
24435,0.54643
24436,0.54643
24437,0.54545
24438,0.54448
24439,0.54252
24440,0.54154
24441,0.53959
24442,0.53763
24443,0.53568
24444,0.53372
24445,0.53177
24446,0.53079
24447,0.52786
24448,0.5259
24449,0.52395
24450,0.52199
24451,0.52102
24452,0.52102
24453,0.52102
24454,0.52102
24455,0.52102
24456,0.52102
24457,0.52102
24458,0.52102
24459,0.52102
24460,0.52102
24461,0.52102
24462,0.52102
24463,0.52102
24464,0.52102
24465,0.52102
24466,0.52102
24467,0.52102
24468,0.52102
24469,0.52102
24470,0.52102
24471,0.52102
24472,0.52102
24473,0.52102
24474,0.52102
24475,0.52102
24476,0.52102
24477,0.52102
24478,0.52004
24479,0.51906
24480,0.51711
24481,0.51417
24482,0.51124
24483,0.50831
24484,0.50538
24485,0.50342
24486,0.50147
24487,0.49951
24488,0.49853
24489,0.49756
24490,0.49756
24491,0.49756
24492,0.49756
24493,0.49756
24494,0.49756
24495,0.50049
24496,0.50244
24497,0.50538
24498,0.50929
24499,0.51417
24500,0.52004
24501,0.5259
24502,0.53275
24503,0.53959
24504,0.54741
24505,0.55523
24506,0.56403
24507,0.57185
24508,0.57967
24509,0.58553
24510,0.5914
24511,0.59726
24512,0.60411
24513,0.61095
24514,0.61877
24515,0.62463
24516,0.62952
24517,0.63245
24518,0.63343
24519,0.63343
24520,0.63343
24521,0.63343
24522,0.63245
24523,0.63148
24524,0.63148
24525,0.6305
24526,0.62757
24527,0.62463
24528,0.6217
24529,0.61779
24530,0.61388
24531,0.60997
24532,0.60606
24533,0.60215
24534,0.59726
24535,0.59238
24536,0.58847
24537,0.58358
24538,0.57967
24539,0.57576
24540,0.57185
24541,0.56794
24542,0.56598
24543,0.56207
24544,0.55816
24545,0.55523
24546,0.55034
24547,0.54643
24548,0.54252
24549,0.53959
24550,0.53568
24551,0.53177
24552,0.52884
24553,0.52493
24554,0.52102
24555,0.51711
24556,0.5132
24557,0.50929
24558,0.50635
24559,0.5044
24560,0.50147
24561,0.49951
24562,0.49756
24563,0.4956
24564,0.49267
24565,0.49071
24566,0.48778
24567,0.48485
24568,0.48192
24569,0.47996
24570,0.47703
24571,0.47507
24572,0.47214
24573,0.46921
24574,0.46725
24575,0.4653
24576,0.46334
24577,0.46139
24578,0.46041
24579,0.45846
24580,0.45846
24581,0.45943
24582,0.46041
24583,0.46237
24584,0.46334
24585,0.46432
24586,0.46432
24587,0.46432
24588,0.46432
24589,0.4653
24590,0.46725
24591,0.47019
24592,0.4741
24593,0.47898
24594,0.48583
24595,0.49169
24596,0.49951
24597,0.50733
24598,0.51613
24599,0.52493
24600,0.52786
24601,0.52688
24602,0.52981
24603,0.5347
24604,0.54154
24605,0.54839
24606,0.55425
24607,0.56012
24608,0.56598
24609,0.56989
24610,0.5738
24611,0.57771
24612,0.58162
24613,0.58456
24614,0.58553
24615,0.58651
24616,0.58651
24617,0.58651
24618,0.58456
24619,0.5826
24620,0.58162
24621,0.57869
24622,0.57576
24623,0.57283
24624,0.56891
24625,0.56598
24626,0.56207
24627,0.55914
24628,0.55523
24629,0.5523
24630,0.54936
24631,0.54545
24632,0.5435
24633,0.54057
24634,0.53666
24635,0.5347
24636,0.53177
24637,0.52786
24638,0.52493
24639,0.52102
24640,0.51808
24641,0.51515
24642,0.51026
24643,0.50635
24644,0.50244
24645,0.49951
24646,0.49658
24647,0.49462
24648,0.49267
24649,0.48974
24650,0.4868
24651,0.48387
24652,0.48192
24653,0.47996
24654,0.47801
24655,0.47605
24656,0.4741
24657,0.47214
24658,0.46921
24659,0.46628
24660,0.46432
24661,0.46237
24662,0.46041
24663,0.45748
24664,0.45552
24665,0.45259
24666,0.44966
24667,0.4477
24668,0.44575
24669,0.44379
24670,0.44184
24671,0.44086
24672,0.43988
24673,0.43988
24674,0.43988
24675,0.44086
24676,0.44086
24677,0.44184
24678,0.44282
24679,0.44379
24680,0.44379
24681,0.44477
24682,0.44673
24683,0.44966
24684,0.45357
24685,0.45846
24686,0.46432
24687,0.47019
24688,0.47703
24689,0.48485
24690,0.49267
24691,0.49951
24692,0.50635
24693,0.5132
24694,0.52102
24695,0.52884
24696,0.53763
24697,0.54545
24698,0.5523
24699,0.55816
24700,0.56403
24701,0.56794
24702,0.57185
24703,0.57576
24704,0.57869
24705,0.57967
24706,0.57967
24707,0.57771
24708,0.57576
24709,0.57185
24710,0.56891
24711,0.56598
24712,0.56207
24713,0.55718
24714,0.55327
24715,0.54839
24716,0.5435
24717,0.53861
24718,0.53372
24719,0.52884
24720,0.52395
24721,0.51906
24722,0.51515
24723,0.51026
24724,0.50733
24725,0.50342
24726,0.49951
24727,0.49658
24728,0.49267
24729,0.48974
24730,0.48583
24731,0.48289
24732,0.47898
24733,0.47605
24734,0.47312
24735,0.46823
24736,0.46334
24737,0.45846
24738,0.45259
24739,0.4477
24740,0.44282
24741,0.43891
24742,0.435
24743,0.43109
24744,0.4262
24745,0.42229
24746,0.41935
24747,0.41642
24748,0.41447
24749,0.41056
24750,0.40762
24751,0.40567
24752,0.40274
24753,0.3998
24754,0.39687
24755,0.39492
24756,0.39296
24757,0.39198
24758,0.39101
24759,0.39101
24760,0.39101
24761,0.39101
24762,0.39101
24763,0.39101
24764,0.39101
24765,0.39198
24766,0.39296
24767,0.39492
24768,0.39687
24769,0.39883
24770,0.39883
24771,0.3998
24772,0.40078
24773,0.40176
24774,0.40371
24775,0.40567
24776,0.4086
24777,0.41349
24778,0.41838
24779,0.4262
24780,0.43304
24781,0.44184
24782,0.45064
24783,0.46041
24784,0.47019
24785,0.47898
24786,0.48974
24787,0.50147
24788,0.51222
24789,0.52297
24790,0.5347
24791,0.54545
24792,0.55621
24793,0.56696
24794,0.57771
24795,0.58651
24796,0.59433
24797,0.60117
24798,0.60411
24799,0.60606
24800,0.60802
24801,0.60997
24802,0.60997
24803,0.60899
24804,0.60802
24805,0.60704
24806,0.60606
24807,0.60606
24808,0.60508
24809,0.60313
24810,0.6002
24811,0.59629
24812,0.59335
24813,0.59042
24814,0.58651
24815,0.58162
24816,0.57771
24817,0.57283
24818,0.56794
24819,0.56305
24820,0.55816
24821,0.55425
24822,0.55034
24823,0.54643
24824,0.5435
24825,0.54057
24826,0.53666
24827,0.5347
24828,0.53177
24829,0.52981
24830,0.52786
24831,0.52395
24832,0.52102
24833,0.51711
24834,0.51222
24835,0.50733
24836,0.50342
24837,0.50049
24838,0.49853
24839,0.49756
24840,0.4956
24841,0.49462
24842,0.49365
24843,0.49169
24844,0.48974
24845,0.48778
24846,0.48583
24847,0.48387
24848,0.47996
24849,0.47703
24850,0.4741
24851,0.47116
24852,0.46823
24853,0.46432
24854,0.46041
24855,0.4565
24856,0.45259
24857,0.44966
24858,0.44575
24859,0.44379
24860,0.44184
24861,0.43988
24862,0.43793
24863,0.43793
24864,0.43793
24865,0.43891
24866,0.43988
24867,0.44184
24868,0.44477
24869,0.4477
24870,0.45161
24871,0.45748
24872,0.46334
24873,0.47019
24874,0.47703
24875,0.48485
24876,0.49169
24877,0.49853
24878,0.50635
24879,0.51417
24880,0.52199
24881,0.53079
24882,0.53861
24883,0.54643
24884,0.55327
24885,0.56109
24886,0.56696
24887,0.57283
24888,0.57869
24889,0.5826
24890,0.58553
24891,0.58847
24892,0.5914
24893,0.59238
24894,0.59238
24895,0.5914
24896,0.58944
24897,0.58651
24898,0.5826
24899,0.57967
24900,0.57674
24901,0.57283
24902,0.56989
24903,0.56696
24904,0.565
24905,0.56207
24906,0.55914
24907,0.55523
24908,0.5523
24909,0.55034
24910,0.54741
24911,0.54448
24912,0.54057
24913,0.53763
24914,0.5347
24915,0.53177
24916,0.52981
24917,0.52786
24918,0.52493
24919,0.52102
24920,0.51808
24921,0.51417
24922,0.50929
24923,0.5044
24924,0.49951
24925,0.4956
24926,0.49267
24927,0.48876
24928,0.48485
24929,0.48192
24930,0.47898
24931,0.47605
24932,0.47214
24933,0.46921
24934,0.46628
24935,0.46334
24936,0.46139
24937,0.45943
24938,0.45748
24939,0.45552
24940,0.45259
24941,0.44966
24942,0.4477
24943,0.44477
24944,0.44282
24945,0.44086
24946,0.43891
24947,0.43695
24948,0.435
24949,0.43304
24950,0.43109
24951,0.42913
24952,0.42717
24953,0.4262
24954,0.42424
24955,0.42326
24956,0.42229
24957,0.42229
24958,0.42326
24959,0.42424
24960,0.4262
24961,0.42913
24962,0.43402
24963,0.43793
24964,0.44184
24965,0.44575
24966,0.44966
24967,0.45552
24968,0.46041
24969,0.46628
24970,0.47214
24971,0.47898
24972,0.48583
24973,0.49267
24974,0.50049
24975,0.50831
24976,0.51613
24977,0.52297
24978,0.52981
24979,0.53568
24980,0.54057
24981,0.54545
24982,0.54839
24983,0.55132
24984,0.55425
24985,0.55621
24986,0.55621
24987,0.55718
24988,0.55718
24989,0.55718
24990,0.55523
24991,0.55327
24992,0.55132
24993,0.54936
24994,0.54839
24995,0.54545
24996,0.5435
24997,0.54057
24998,0.53666
24999,0.53372
25000,0.52981
25001,0.52493
25002,0.52004
25003,0.51515
25004,0.51026
25005,0.50635
25006,0.50244
25007,0.49951
25008,0.49658
25009,0.49462
25010,0.49169
25011,0.48876
25012,0.48485
25013,0.48192
25014,0.47801
25015,0.47507
25016,0.47116
25017,0.46628
25018,0.46041
25019,0.45357
25020,0.44966
25021,0.44477
25022,0.44086
25023,0.43695
25024,0.43402
25025,0.43011
25026,0.42717
25027,0.42326
25028,0.41935
25029,0.41544
25030,0.41251
25031,0.4086
25032,0.40469
25033,0.40078
25034,0.39687
25035,0.39492
25036,0.39198
25037,0.38905
25038,0.38514
25039,0.38221
25040,0.3783
25041,0.37537
25042,0.37146
25043,0.36852
25044,0.36461
25045,0.36168
25046,0.35777
25047,0.35484
25048,0.35288
25049,0.34995
25050,0.348
25051,0.34702
25052,0.34604
25053,0.34604
25054,0.34604
25055,0.34604
25056,0.34604
25057,0.34604
25058,0.34897
25059,0.35191
25060,0.35582
25061,0.3607
25062,0.36755
25063,0.37439
25064,0.38221
25065,0.39003
25066,0.39785
25067,0.40665
25068,0.41544
25069,0.4262
25070,0.43597
25071,0.44379
25072,0.45161
25073,0.45748
25074,0.46334
25075,0.47019
25076,0.47703
25077,0.48387
25078,0.48974
25079,0.49365
25080,0.49658
25081,0.49756
25082,0.49756
25083,0.49756
25084,0.49756
25085,0.49756
25086,0.49756
25087,0.49756
25088,0.49658
25089,0.4956
25090,0.4956
25091,0.4956
25092,0.4956
25093,0.4956
25094,0.4956
25095,0.49462
25096,0.49365
25097,0.49267
25098,0.49267
25099,0.49169
25100,0.49169
25101,0.49071
25102,0.48974
25103,0.48876
25104,0.4868
25105,0.48583
25106,0.48583
25107,0.48583
25108,0.48485
25109,0.48387
25110,0.48289
25111,0.48094
25112,0.4868
25113,0.49658
25114,0.49951
25115,0.50049
25116,0.49951
25117,0.49853
25118,0.49756
25119,0.4956
25120,0.49267
25121,0.49071
25122,0.48778
25123,0.48485
25124,0.48192
25125,0.47898
25126,0.47703
25127,0.4741
25128,0.47116
25129,0.46725
25130,0.46334
25131,0.46041
25132,0.45748
25133,0.45552
25134,0.45357
25135,0.45259
25136,0.45064
25137,0.44868
25138,0.4477
25139,0.44673
25140,0.44575
25141,0.44477
25142,0.44575
25143,0.44673
25144,0.4477
25145,0.44868
25146,0.45064
25147,0.45357
25148,0.4565
25149,0.46041
25150,0.46432
25151,0.46921
25152,0.47214
25153,0.47605
25154,0.48094
25155,0.4868
25156,0.49267
25157,0.49853
25158,0.5044
25159,0.51026
25160,0.51613
25161,0.52102
25162,0.5259
25163,0.53079
25164,0.53372
25165,0.53568
25166,0.53666
25167,0.53861
25168,0.53959
25169,0.54154
25170,0.54252
25171,0.54154
25172,0.54057
25173,0.53959
25174,0.53861
25175,0.53666
25176,0.5347
25177,0.53275
25178,0.52981
25179,0.52688
25180,0.52493
25181,0.52395
25182,0.52102
25183,0.51906
25184,0.51711
25185,0.51515
25186,0.5132
25187,0.51124
25188,0.50831
25189,0.50635
25190,0.50342
25191,0.50147
25192,0.49853
25193,0.49658
25194,0.49365
25195,0.49071
25196,0.4868
25197,0.48289
25198,0.47898
25199,0.47605
25200,0.47312
25201,0.46921
25202,0.46725
25203,0.46432
25204,0.46237
25205,0.46041
25206,0.45846
25207,0.45552
25208,0.45357
25209,0.45064
25210,0.44868
25211,0.44673
25212,0.44477
25213,0.44184
25214,0.43988
25215,0.43793
25216,0.435
25217,0.43304
25218,0.43206
25219,0.43011
25220,0.42815
25221,0.42717
25222,0.42522
25223,0.42424
25224,0.42229
25225,0.42033
25226,0.41935
25227,0.41838
25228,0.4174
25229,0.41642
25230,0.41642
25231,0.41544
25232,0.41544
25233,0.41447
25234,0.41349
25235,0.41349
25236,0.41349
25237,0.41349
25238,0.41447
25239,0.4174
25240,0.42033
25241,0.42424
25242,0.42815
25243,0.43206
25244,0.43597
25245,0.43988
25246,0.44477
25247,0.45064
25248,0.45748
25249,0.46432
25250,0.47116
25251,0.47801
25252,0.48387
25253,0.49071
25254,0.49658
25255,0.50342
25256,0.50929
25257,0.51515
25258,0.52004
25259,0.52395
25260,0.52786
25261,0.52981
25262,0.53177
25263,0.53275
25264,0.53275
25265,0.53177
25266,0.53079
25267,0.52884
25268,0.52786
25269,0.5259
25270,0.52493
25271,0.52395
25272,0.52297
25273,0.52199
25274,0.52004
25275,0.51711
25276,0.51417
25277,0.51124
25278,0.50831
25279,0.50538
25280,0.50244
25281,0.49951
25282,0.49658
25283,0.49365
25284,0.49169
25285,0.48876
25286,0.48583
25287,0.48289
25288,0.47996
25289,0.47801
25290,0.47703
25291,0.47507
25292,0.47214
25293,0.47019
25294,0.46725
25295,0.46432
25296,0.46139
25297,0.45846
25298,0.45455
25299,0.44966
25300,0.44575
25301,0.44086
25302,0.43695
25303,0.43304
25304,0.42913
25305,0.42522
25306,0.42326
25307,0.42033
25308,0.41935
25309,0.41838
25310,0.4174
25311,0.41544
25312,0.41251
25313,0.40958
25314,0.40665
25315,0.40371
25316,0.40078
25317,0.39785
25318,0.39492
25319,0.39198
25320,0.38905
25321,0.38612
25322,0.38416
25323,0.38319
25324,0.38221
25325,0.38025
25326,0.37928
25327,0.3783
25328,0.3783
25329,0.37732
25330,0.37732
25331,0.3783
25332,0.37928
25333,0.38123
25334,0.38221
25335,0.38416
25336,0.38612
25337,0.38905
25338,0.39198
25339,0.39589
25340,0.3998
25341,0.40469
25342,0.41056
25343,0.4174
25344,0.42424
25345,0.43206
25346,0.43988
25347,0.44673
25348,0.45259
25349,0.45748
25350,0.46237
25351,0.46725
25352,0.47116
25353,0.47507
25354,0.47801
25355,0.48094
25356,0.48485
25357,0.4868
25358,0.48778
25359,0.48876
25360,0.48876
25361,0.48876
25362,0.48876
25363,0.48778
25364,0.49756
25365,0.51222
25366,0.51808
25367,0.52102
25368,0.52102
25369,0.52102
25370,0.52199
25371,0.52199
25372,0.52199
25373,0.52199
25374,0.52199
25375,0.52199
25376,0.52199
25377,0.52199
25378,0.52199
25379,0.52199
25380,0.52199
25381,0.52199
25382,0.52199
25383,0.52199
25384,0.52102
25385,0.52102
25386,0.52102
25387,0.52102
25388,0.52102
25389,0.52102
25390,0.52102
25391,0.52102
25392,0.52199
25393,0.52102
25394,0.52102
25395,0.52102
25396,0.52004
25397,0.52004
25398,0.51906
25399,0.51906
25400,0.51808
25401,0.51711
25402,0.51613
25403,0.51417
25404,0.51222
25405,0.50929
25406,0.50538
25407,0.50147
25408,0.49756
25409,0.49365
25410,0.48974
25411,0.48778
25412,0.48583
25413,0.48289
25414,0.48192
25415,0.48094
25416,0.48094
25417,0.48192
25418,0.48387
25419,0.48485
25420,0.4868
25421,0.48876
25422,0.49169
25423,0.4956
25424,0.50049
25425,0.50538
25426,0.51124
25427,0.51711
25428,0.52199
25429,0.52786
25430,0.53372
25431,0.53959
25432,0.54643
25433,0.55425
25434,0.56207
25435,0.56989
25436,0.57674
25437,0.58358
25438,0.58944
25439,0.59629
25440,0.6002
25441,0.60411
25442,0.60704
25443,0.60997
25444,0.61193
25445,0.61388
25446,0.61486
25447,0.61486
25448,0.6129
25449,0.61193
25450,0.60997
25451,0.60802
25452,0.60606
25453,0.60411
25454,0.60117
25455,0.59726
25456,0.59335
25457,0.58944
25458,0.58553
25459,0.5826
25460,0.57967
25461,0.57674
25462,0.57478
25463,0.57283
25464,0.56989
25465,0.56794
25466,0.56598
25467,0.56403
25468,0.56207
25469,0.56012
25470,0.55621
25471,0.55327
25472,0.54936
25473,0.54545
25474,0.54154
25475,0.53763
25476,0.53275
25477,0.52884
25478,0.52493
25479,0.52199
25480,0.52004
25481,0.51808
25482,0.51613
25483,0.51515
25484,0.51222
25485,0.50929
25486,0.50635
25487,0.50342
25488,0.50049
25489,0.49658
25490,0.49365
25491,0.49169
25492,0.48974
25493,0.48778
25494,0.4868
25495,0.48485
25496,0.48289
25497,0.48094
25498,0.47898
25499,0.47703
25500,0.47507
25501,0.47312
25502,0.47116
25503,0.46921
25504,0.46725
25505,0.4653
25506,0.46334
25507,0.46237
25508,0.46139
25509,0.46041
25510,0.46041
25511,0.46041
25512,0.46041
25513,0.46237
25514,0.46334
25515,0.4653
25516,0.46725
25517,0.47116
25518,0.47507
25519,0.47996
25520,0.48387
25521,0.48974
25522,0.4956
25523,0.50244
25524,0.51026
25525,0.51808
25526,0.5259
25527,0.53372
25528,0.54252
25529,0.55132
25530,0.56109
25531,0.56989
25532,0.57674
25533,0.5826
25534,0.58847
25535,0.59433
25536,0.6002
25537,0.60508
25538,0.60899
25539,0.61095
25540,0.61193
25541,0.61193
25542,0.61193
25543,0.61193
25544,0.61193
25545,0.61095
25546,0.60997
25547,0.60802
25548,0.60606
25549,0.60411
25550,0.60215
25551,0.59922
25552,0.59629
25553,0.59238
25554,0.58749
25555,0.58358
25556,0.57967
25557,0.57576
25558,0.57185
25559,0.56891
25560,0.56696
25561,0.565
25562,0.56207
25563,0.56012
25564,0.55718
25565,0.55327
25566,0.55034
25567,0.54741
25568,0.54448
25569,0.54154
25570,0.53763
25571,0.5347
25572,0.53275
25573,0.52884
25574,0.5259
25575,0.52297
25576,0.52102
25577,0.51906
25578,0.51711
25579,0.51515
25580,0.51417
25581,0.51222
25582,0.51026
25583,0.50831
25584,0.50635
25585,0.50538
25586,0.5044
25587,0.50342
25588,0.50244
25589,0.50147
25590,0.50049
25591,0.49951
25592,0.49853
25593,0.49658
25594,0.49462
25595,0.49267
25596,0.49071
25597,0.48876
25598,0.48583
25599,0.48485
25600,0.48289
25601,0.48094
25602,0.47898
25603,0.47703
25604,0.47507
25605,0.47507
25606,0.47605
25607,0.47801
25608,0.47996
25609,0.48485
25610,0.48974
25611,0.49462
25612,0.49951
25613,0.50538
25614,0.51124
25615,0.51711
25616,0.52493
25617,0.53177
25618,0.53959
25619,0.54741
25620,0.55523
25621,0.56305
25622,0.57087
25623,0.57869
25624,0.57967
25625,0.57869
25626,0.58162
25627,0.58847
25628,0.59335
25629,0.59824
25630,0.60117
25631,0.60411
25632,0.60411
25633,0.60313
25634,0.60117
25635,0.59824
25636,0.59433
25637,0.58944
25638,0.58358
25639,0.57576
25640,0.56891
25641,0.56305
25642,0.55914
25643,0.55523
25644,0.55132
25645,0.54839
25646,0.54448
25647,0.53959
25648,0.53372
25649,0.52884
25650,0.52395
25651,0.51906
25652,0.51417
25653,0.50733
25654,0.50049
25655,0.49267
25656,0.48485
25657,0.47898
25658,0.4741
25659,0.46921
25660,0.46432
25661,0.45846
25662,0.45259
25663,0.44868
25664,0.44379
25665,0.43695
25666,0.43011
25667,0.42424
25668,0.41935
25669,0.41447
25670,0.40958
25671,0.40371
25672,0.39785
25673,0.39296
25674,0.38905
25675,0.38514
25676,0.38319
25677,0.38221
25678,0.38221
25679,0.38221
25680,0.38221
25681,0.38221
25682,0.38221
25683,0.38221
25684,0.38221
25685,0.38221
25686,0.38221
25687,0.38221
25688,0.38221
25689,0.38221
25690,0.38319
25691,0.38416
25692,0.38612
25693,0.38807
25694,0.39003
25695,0.39198
25696,0.39296
25697,0.39394
25698,0.39589
25699,0.39785
25700,0.40078
25701,0.40274
25702,0.40762
25703,0.41251
25704,0.42033
25705,0.43109
25706,0.44282
25707,0.4565
25708,0.47019
25709,0.48485
25710,0.50049
25711,0.51613
25712,0.53177
25713,0.54741
25714,0.56207
25715,0.57771
25716,0.59042
25717,0.60313
25718,0.61681
25719,0.62952
25720,0.64125
25721,0.652
25722,0.65982
25723,0.66569
25724,0.67253
25725,0.67644
25726,0.67937
25727,0.68035
25728,0.68035
25729,0.68035
25730,0.6784
25731,0.67449
25732,0.6696
25733,0.66373
25734,0.65885
25735,0.65298
25736,0.64809
25737,0.64516
25738,0.64125
25739,0.63636
25740,0.63148
25741,0.62757
25742,0.62463
25743,0.62072
25744,0.61681
25745,0.61095
25746,0.60411
25747,0.59824
25748,0.5914
25749,0.58456
25750,0.57869
25751,0.5738
25752,0.56891
25753,0.565
25754,0.56109
25755,0.55621
25756,0.5523
25757,0.54839
25758,0.54448
25759,0.53959
25760,0.53666
25761,0.53275
25762,0.52884
25763,0.52493
25764,0.52004
25765,0.51613
25766,0.51124
25767,0.50635
25768,0.50244
25769,0.49853
25770,0.4956
25771,0.49169
25772,0.48778
25773,0.48387
25774,0.47996
25775,0.47703
25776,0.47507
25777,0.47214
25778,0.46823
25779,0.4653
25780,0.46041
25781,0.45552
25782,0.45259
25783,0.44966
25784,0.4477
25785,0.44477
25786,0.44184
25787,0.43891
25788,0.43695
25789,0.43695
25790,0.43793
25791,0.43988
25792,0.44184
25793,0.44477
25794,0.4477
25795,0.45357
25796,0.46041
25797,0.46725
25798,0.47312
25799,0.47996
25800,0.48876
25801,0.49951
25802,0.51026
25803,0.52102
25804,0.53177
25805,0.5435
25806,0.55523
25807,0.565
25808,0.57478
25809,0.5826
25810,0.59238
25811,0.60313
25812,0.61193
25813,0.62072
25814,0.62952
25815,0.63734
25816,0.64321
25817,0.64516
25818,0.64712
25819,0.64712
25820,0.64809
25821,0.64809
25822,0.64809
25823,0.64712
25824,0.64516
25825,0.64321
25826,0.64125
25827,0.63832
25828,0.63539
25829,0.63245
25830,0.62952
25831,0.62757
25832,0.62366
25833,0.61877
25834,0.61388
25835,0.60997
25836,0.60508
25837,0.6002
25838,0.59531
25839,0.59042
25840,0.58553
25841,0.58065
25842,0.57576
25843,0.56989
25844,0.565
25845,0.56109
25846,0.55621
25847,0.55132
25848,0.54643
25849,0.54154
25850,0.53666
25851,0.53177
25852,0.5259
25853,0.52004
25854,0.51515
25855,0.50929
25856,0.50342
25857,0.49853
25858,0.49462
25859,0.48974
25860,0.4868
25861,0.48387
25862,0.48192
25863,0.47898
25864,0.47703
25865,0.4741
25866,0.47214
25867,0.46921
25868,0.46628
25869,0.46432
25870,0.46139
25871,0.45846
25872,0.45552
25873,0.45357
25874,0.45161
25875,0.44966
25876,0.44673
25877,0.44477
25878,0.44184
25879,0.43891
25880,0.43597
25881,0.435
25882,0.435
25883,0.43695
25884,0.43793
25885,0.43988
25886,0.44184
25887,0.44379
25888,0.44575
25889,0.44868
25890,0.45357
25891,0.45748
25892,0.46237
25893,0.46823
25894,0.47507
25895,0.48289
25896,0.49071
25897,0.49853
25898,0.50635
25899,0.51417
25900,0.52004
25901,0.52786
25902,0.5347
25903,0.54252
25904,0.55034
25905,0.55718
25906,0.56305
25907,0.56989
25908,0.57576
25909,0.57967
25910,0.5826
25911,0.58358
25912,0.58456
25913,0.58456
25914,0.58358
25915,0.58162
25916,0.57967
25917,0.57869
25918,0.57771
25919,0.57674
25920,0.57576
25921,0.5738
25922,0.57087
25923,0.56794
25924,0.56305
25925,0.55718
25926,0.5523
25927,0.54741
25928,0.54154
25929,0.53568
25930,0.52981
25931,0.5259
25932,0.52102
25933,0.51711
25934,0.5132
25935,0.50831
25936,0.50244
25937,0.49756
25938,0.49169
25939,0.4868
25940,0.48289
25941,0.47801
25942,0.47312
25943,0.46725
25944,0.46334
25945,0.46041
25946,0.45748
25947,0.45455
25948,0.45161
25949,0.44966
25950,0.44575
25951,0.44282
25952,0.43988
25953,0.43695
25954,0.43304
25955,0.42815
25956,0.42424
25957,0.41935
25958,0.41544
25959,0.41056
25960,0.40567
25961,0.40078
25962,0.39687
25963,0.39296
25964,0.38807
25965,0.38514
25966,0.38319
25967,0.38025
25968,0.37928
25969,0.37732
25970,0.37537
25971,0.37439
25972,0.37341
25973,0.37146
25974,0.37146
25975,0.37048
25976,0.37146
25977,0.37243
25978,0.37537
25979,0.37928
25980,0.38514
25981,0.39101
25982,0.39687
25983,0.40371
25984,0.40958
25985,0.4174
25986,0.4262
25987,0.43597
25988,0.44575
25989,0.4565
25990,0.46725
25991,0.47703
25992,0.4868
25993,0.49756
25994,0.50831
25995,0.51808
25996,0.52786
25997,0.53763
25998,0.54643
25999,0.55425
26000,0.56109
26001,0.56794
26002,0.5738
26003,0.57967
26004,0.5826
26005,0.58358
26006,0.58456
26007,0.58456
26008,0.58456
26009,0.58456
26010,0.58456
26011,0.58456
26012,0.58456
26013,0.58456
26014,0.58456
26015,0.58456
26016,0.58456
26017,0.58456
26018,0.58358
26019,0.58162
26020,0.57967
26021,0.57771
26022,0.57576
26023,0.5738
26024,0.57185
26025,0.56989
26026,0.56794
26027,0.56598
26028,0.56305
26029,0.56012
26030,0.55523
26031,0.55132
26032,0.54741
26033,0.54252
26034,0.53861
26035,0.53275
26036,0.52884
26037,0.52493
26038,0.52199
26039,0.52004
26040,0.51808
26041,0.51613
26042,0.5132
26043,0.51026
26044,0.50733
26045,0.50538
26046,0.50244
26047,0.49951
26048,0.49756
26049,0.4956
26050,0.49365
26051,0.49071
26052,0.48778
26053,0.48387
26054,0.47996
26055,0.47605
26056,0.47214
26057,0.46921
26058,0.46628
26059,0.46237
26060,0.46041
26061,0.45846
26062,0.4565
26063,0.45552
26064,0.45552
26065,0.4565
26066,0.45846
26067,0.45943
26068,0.46041
26069,0.46041
26070,0.46139
26071,0.46237
26072,0.4653
26073,0.46921
26074,0.47312
26075,0.47703
26076,0.48192
26077,0.48778
26078,0.4956
26079,0.50342
26080,0.51124
26081,0.51906
26082,0.52688
26083,0.53372
26084,0.54057
26085,0.54839
26086,0.55621
26087,0.565
26088,0.57283
26089,0.57967
26090,0.58553
26091,0.59042
26092,0.59433
26093,0.59629
26094,0.59824
26095,0.59824
26096,0.59824
26097,0.59726
26098,0.59726
26099,0.59531
26100,0.59238
26101,0.58944
26102,0.58651
26103,0.58456
26104,0.5826
26105,0.57967
26106,0.57771
26107,0.57478
26108,0.57185
26109,0.56794
26110,0.56403
26111,0.56012
26112,0.55621
26113,0.5523
26114,0.54741
26115,0.5435
26116,0.53861
26117,0.5347
26118,0.52981
26119,0.5259
26120,0.52199
26121,0.51808
26122,0.51515
26123,0.5132
26124,0.51026
26125,0.50831
26126,0.50538
26127,0.50244
26128,0.50049
26129,0.49756
26130,0.49462
26131,0.49169
26132,0.48778
26133,0.48485
26134,0.48192
26135,0.47898
26136,0.48094
26137,0.48387
26138,0.48485
26139,0.48387
26140,0.48094
26141,0.47801
26142,0.47605
26143,0.47507
26144,0.47312
26145,0.47214
26146,0.47019
26147,0.46823
26148,0.46628
26149,0.46432
26150,0.46334
26151,0.46237
26152,0.46041
26153,0.45846
26154,0.4565
26155,0.45552
26156,0.45455
26157,0.45455
26158,0.45552
26159,0.45748
26160,0.45846
26161,0.46041
26162,0.46237
26163,0.4653
26164,0.46823
26165,0.47312
26166,0.47703
26167,0.48192
26168,0.48778
26169,0.49462
26170,0.50147
26171,0.51026
26172,0.51808
26173,0.52688
26174,0.53568
26175,0.54252
26176,0.54936
26177,0.55718
26178,0.565
26179,0.5738
26180,0.58162
26181,0.58847
26182,0.59531
26183,0.6002
26184,0.60508
26185,0.60899
26186,0.61193
26187,0.6129
26188,0.61388
26189,0.6129
26190,0.61193
26191,0.60997
26192,0.60704
26193,0.60313
26194,0.6002
26195,0.59726
26196,0.59531
26197,0.59335
26198,0.5914
26199,0.58847
26200,0.58553
26201,0.58358
26202,0.58065
26203,0.57771
26204,0.5738
26205,0.56891
26206,0.56403
26207,0.56012
26208,0.55621
26209,0.5523
26210,0.54839
26211,0.54545
26212,0.54252
26213,0.53861
26214,0.5347
26215,0.53177
26216,0.52786
26217,0.52493
26218,0.52102
26219,0.51711
26220,0.5132
26221,0.50831
26222,0.5044
26223,0.50049
26224,0.4956
26225,0.49071
26226,0.48583
26227,0.48192
26228,0.47801
26229,0.4741
26230,0.47019
26231,0.46725
26232,0.4653
26233,0.46237
26234,0.45943
26235,0.4565
26236,0.45259
26237,0.44868
26238,0.44477
26239,0.44086
26240,0.43695
26241,0.43402
26242,0.43206
26243,0.42815
26244,0.42424
26245,0.42131
26246,0.41935
26247,0.41838
26248,0.41642
26249,0.41544
26250,0.41447
26251,0.41447
26252,0.41349
26253,0.41251
26254,0.41251
26255,0.41251
26256,0.41447
26257,0.41642
26258,0.41838
26259,0.42131
26260,0.42522
26261,0.43011
26262,0.43597
26263,0.44184
26264,0.44868
26265,0.45552
26266,0.46334
26267,0.47116
26268,0.47801
26269,0.48485
26270,0.49267
26271,0.49951
26272,0.50831
26273,0.51613
26274,0.52395
26275,0.53177
26276,0.53861
26277,0.54448
26278,0.55034
26279,0.55523
26280,0.55816
26281,0.56012
26282,0.56207
26283,0.56305
26284,0.56207
26285,0.56109
26286,0.56012
26287,0.55816
26288,0.55621
26289,0.55425
26290,0.5523
26291,0.55034
26292,0.54839
26293,0.54643
26294,0.54448
26295,0.54252
26296,0.54057
26297,0.53861
26298,0.53763
26299,0.53666
26300,0.53666
26301,0.53666
26302,0.53666
26303,0.53666
26304,0.53666
26305,0.53666
26306,0.53666
26307,0.53666
26308,0.53666
26309,0.53666
26310,0.53666
26311,0.53666
26312,0.53666
26313,0.53666
26314,0.53666
26315,0.53666
26316,0.53666
26317,0.53666
26318,0.53666
26319,0.53666
26320,0.53666
26321,0.53666
26322,0.53666
26323,0.53666
26324,0.53666
26325,0.53568
26326,0.53372
26327,0.53177
26328,0.52884
26329,0.5259
26330,0.52199
26331,0.51906
26332,0.51711
26333,0.51417
26334,0.51222
26335,0.50929
26336,0.50733
26337,0.50538
26338,0.5044
26339,0.5044
26340,0.50342
26341,0.50342
26342,0.50342
26343,0.5044
26344,0.50538
26345,0.50831
26346,0.51026
26347,0.51417
26348,0.51906
26349,0.5259
26350,0.53275
26351,0.53861
26352,0.54545
26353,0.5523
26354,0.56109
26355,0.56989
26356,0.57967
26357,0.58847
26358,0.59531
26359,0.60117
26360,0.60802
26361,0.61584
26362,0.62268
26363,0.6305
26364,0.63734
26365,0.64321
26366,0.64809
26367,0.652
26368,0.65396
26369,0.65396
26370,0.65396
26371,0.652
26372,0.65005
26373,0.64809
26374,0.64614
26375,0.64418
26376,0.64125
26377,0.63734
26378,0.63343
26379,0.6305
26380,0.62659
26381,0.62268
26382,0.61877
26383,0.61486
26384,0.61095
26385,0.60606
26386,0.60215
26387,0.59824
26388,0.59531
26389,0.5914
26390,0.58847
26391,0.58553
26392,0.57283
26393,0.55425
26394,0.5435
26395,0.53666
26396,0.53177
26397,0.52688
26398,0.52297
26399,0.51906
26400,0.51515
26401,0.51026
26402,0.50635
26403,0.50342
26404,0.50049
26405,0.49756
26406,0.49462
26407,0.49169
26408,0.48974
26409,0.4868
26410,0.48387
26411,0.48094
26412,0.47898
26413,0.47605
26414,0.47214
26415,0.46921
26416,0.46628
26417,0.46237
26418,0.45943
26419,0.45552
26420,0.45259
26421,0.45064
26422,0.44966
26423,0.44966
26424,0.44868
26425,0.44868
26426,0.44868
26427,0.4477
26428,0.44673
26429,0.44575
26430,0.44379
26431,0.44379
26432,0.44379
26433,0.44477
26434,0.44673
26435,0.4477
26436,0.44966
26437,0.45161
26438,0.45357
26439,0.4565
26440,0.45943
26441,0.46237
26442,0.46628
26443,0.47019
26444,0.47605
26445,0.48289
26446,0.48974
26447,0.49853
26448,0.50635
26449,0.51515
26450,0.52297
26451,0.52884
26452,0.53666
26453,0.5435
26454,0.55132
26455,0.55718
26456,0.56305
26457,0.56891
26458,0.57478
26459,0.57967
26460,0.58456
26461,0.58847
26462,0.59042
26463,0.5914
26464,0.5914
26465,0.5914
26466,0.5914
26467,0.5914
26468,0.5914
26469,0.58847
26470,0.58651
26471,0.5826
26472,0.57967
26473,0.57674
26474,0.57283
26475,0.56989
26476,0.56598
26477,0.56305
26478,0.55914
26479,0.55621
26480,0.55327
26481,0.55034
26482,0.54741
26483,0.54448
26484,0.54057
26485,0.53763
26486,0.53372
26487,0.53079
26488,0.52688
26489,0.52395
26490,0.52004
26491,0.51711
26492,0.5132
26493,0.50831
26494,0.5044
26495,0.50049
26496,0.49756
26497,0.49365
26498,0.49071
26499,0.48778
26500,0.48583
26501,0.48387
26502,0.48192
26503,0.47996
26504,0.47898
26505,0.47703
26506,0.4741
26507,0.47116
26508,0.46823
26509,0.4653
26510,0.46237
26511,0.46041
26512,0.45748
26513,0.45455
26514,0.45161
26515,0.45064
26516,0.44966
26517,0.44868
26518,0.4477
26519,0.44575
26520,0.44477
26521,0.44282
26522,0.44086
26523,0.43988
26524,0.43988
26525,0.43988
26526,0.43988
26527,0.43988
26528,0.44184
26529,0.44282
26530,0.44477
26531,0.44673
26532,0.44868
26533,0.45161
26534,0.45455
26535,0.45748
26536,0.46139
26537,0.46628
26538,0.47214
26539,0.47898
26540,0.48485
26541,0.49169
26542,0.49756
26543,0.50147
26544,0.50733
26545,0.5132
26546,0.51906
26547,0.52493
26548,0.53079
26549,0.53666
26550,0.54252
26551,0.54741
26552,0.55132
26553,0.55327
26554,0.55425
26555,0.55425
26556,0.55425
26557,0.5523
26558,0.55132
26559,0.54936
26560,0.54643
26561,0.54154
26562,0.53666
26563,0.53177
26564,0.52688
26565,0.52199
26566,0.51711
26567,0.51124
26568,0.50733
26569,0.50342
26570,0.50049
26571,0.49658
26572,0.49365
26573,0.48974
26574,0.4868
26575,0.48289
26576,0.47996
26577,0.47605
26578,0.47312
26579,0.46921
26580,0.46628
26581,0.46237
26582,0.45943
26583,0.45748
26584,0.45455
26585,0.45259
26586,0.45064
26587,0.44966
26588,0.44868
26589,0.44868
26590,0.44868
26591,0.44868
26592,0.44868
26593,0.4477
26594,0.44673
26595,0.44673
26596,0.44673
26597,0.44673
26598,0.44673
26599,0.44673
26600,0.4477
26601,0.44868
26602,0.44868
26603,0.44868
26604,0.44868
26605,0.4477
26606,0.4477
26607,0.4477
26608,0.44868
26609,0.44868
26610,0.44868
26611,0.44868
26612,0.44868
26613,0.44868
26614,0.44868
26615,0.44868
26616,0.44868
26617,0.44966
26618,0.45161
26619,0.45455
26620,0.45748
26621,0.46041
26622,0.46334
26623,0.46725
26624,0.47214
26625,0.47898
26626,0.48583
26627,0.49267
26628,0.50049
26629,0.50733
26630,0.51613
26631,0.52395
26632,0.53275
26633,0.54154
26634,0.54839
26635,0.55327
26636,0.56012
26637,0.56598
26638,0.57283
26639,0.57967
26640,0.58651
26641,0.59335
26642,0.59824
26643,0.60313
26644,0.60606
26645,0.60802
26646,0.60899
26647,0.60802
26648,0.60704
26649,0.60606
26650,0.60508
26651,0.60411
26652,0.60313
26653,0.6002
26654,0.59726
26655,0.59335
26656,0.58944
26657,0.58553
26658,0.5826
26659,0.57967
26660,0.57576
26661,0.57185
26662,0.56696
26663,0.56207
26664,0.55718
26665,0.55034
26666,0.5435
26667,0.53763
26668,0.53177
26669,0.52688
26670,0.52297
26671,0.51808
26672,0.5132
26673,0.50831
26674,0.50342
26675,0.49756
26676,0.49169
26677,0.48485
26678,0.47898
26679,0.4741
26680,0.46921
26681,0.46432
26682,0.46041
26683,0.45552
26684,0.45161
26685,0.44673
26686,0.44379
26687,0.44086
26688,0.43793
26689,0.43402
26690,0.43109
26691,0.42815
26692,0.42522
26693,0.42229
26694,0.41935
26695,0.41544
26696,0.41153
26697,0.40762
26698,0.40567
26699,0.40274
26700,0.40078
26701,0.3998
26702,0.39785
26703,0.39589
26704,0.39394
26705,0.39101
26706,0.38905
26707,0.3871
26708,0.38514
26709,0.38319
26710,0.38221
26711,0.38123
26712,0.38221
26713,0.38319
26714,0.38514
26715,0.3871
26716,0.39003
26717,0.39394
26718,0.39883
26719,0.40274
26720,0.4086
26721,0.41544
26722,0.42424
26723,0.43206
26724,0.44086
26725,0.45161
26726,0.46139
26727,0.47019
26728,0.47996
26729,0.49071
26730,0.50147
26731,0.51222
26732,0.52395
26733,0.53372
26734,0.54448
26735,0.55327
26736,0.56305
26737,0.57087
26738,0.57771
26739,0.5826
26740,0.58553
26741,0.58749
26742,0.58847
26743,0.58847
26744,0.58944
26745,0.58944
26746,0.58944
26747,0.58847
26748,0.58553
26749,0.58162
26750,0.57771
26751,0.5738
26752,0.56989
26753,0.56403
26754,0.55718
26755,0.55034
26756,0.5435
26757,0.53763
26758,0.53372
26759,0.52884
26760,0.52493
26761,0.52102
26762,0.51808
26763,0.51417
26764,0.50929
26765,0.5044
26766,0.49951
26767,0.49365
26768,0.48876
26769,0.48289
26770,0.47801
26771,0.4741
26772,0.46921
26773,0.46628
26774,0.46334
26775,0.46041
26776,0.45748
26777,0.45455
26778,0.45161
26779,0.4477
26780,0.44477
26781,0.43988
26782,0.43597
26783,0.43206
26784,0.42815
26785,0.42522
26786,0.42229
26787,0.41935
26788,0.41544
26789,0.41153
26790,0.40762
26791,0.40567
26792,0.40371
26793,0.40176
26794,0.3998
26795,0.39785
26796,0.39589
26797,0.39394
26798,0.39101
26799,0.38905
26800,0.3871
26801,0.38514
26802,0.38221
26803,0.38025
26804,0.3783
26805,0.37634
26806,0.37537
26807,0.37439
26808,0.37537
26809,0.37732
26810,0.38123
26811,0.38612
26812,0.39198
26813,0.39785
26814,0.40371
26815,0.41153
26816,0.41935
26817,0.42815
26818,0.435
26819,0.44282
26820,0.45064
26821,0.45846
26822,0.46628
26823,0.4741
26824,0.48192
26825,0.48876
26826,0.4956
26827,0.50244
26828,0.50929
26829,0.51515
26830,0.52004
26831,0.52297
26832,0.52493
26833,0.52493
26834,0.52395
26835,0.52199
26836,0.51906
26837,0.51613
26838,0.51222
26839,0.50733
26840,0.50244
26841,0.4956
26842,0.48974
26843,0.48387
26844,0.47898
26845,0.4741
26846,0.46921
26847,0.46432
26848,0.46041
26849,0.45552
26850,0.45161
26851,0.44673
26852,0.44282
26853,0.43793
26854,0.43402
26855,0.43109
26856,0.42815
26857,0.42522
26858,0.42326
26859,0.42131
26860,0.41935
26861,0.41642
26862,0.41447
26863,0.41251
26864,0.40958
26865,0.40762
26866,0.40567
26867,0.40469
26868,0.40371
26869,0.40176
26870,0.40078
26871,0.40176
26872,0.40176
26873,0.40176
26874,0.40274
26875,0.40274
26876,0.40274
26877,0.40274
26878,0.40274
26879,0.40371
26880,0.40371
26881,0.40371
26882,0.40371
26883,0.40371
26884,0.40371
26885,0.40371
26886,0.40371
26887,0.40371
26888,0.40371
26889,0.40371
26890,0.40371
26891,0.40371
26892,0.40371
26893,0.40371
26894,0.40371
26895,0.40371
26896,0.40371
26897,0.40371
26898,0.40469
26899,0.40665
26900,0.41056
26901,0.41544
26902,0.42131
26903,0.42913
26904,0.43988
26905,0.45357
26906,0.46628
26907,0.47703
26908,0.4868
26909,0.49658
26910,0.50538
26911,0.5132
26912,0.52297
26913,0.53275
26914,0.54154
26915,0.55034
26916,0.55914
26917,0.56794
26918,0.57576
26919,0.58358
26920,0.59042
26921,0.59531
26922,0.6002
26923,0.60411
26924,0.60606
26925,0.60802
26926,0.60802
26927,0.60899
26928,0.60899
26929,0.60899
26930,0.60802
26931,0.60508
26932,0.60215
26933,0.59824
26934,0.59433
26935,0.59042
26936,0.58651
26937,0.5826
26938,0.57771
26939,0.57185
26940,0.56598
26941,0.56012
26942,0.55327
26943,0.54839
26944,0.5435
26945,0.53763
26946,0.53372
26947,0.52884
26948,0.52493
26949,0.52004
26950,0.51613
26951,0.51026
26952,0.5044
26953,0.49853
26954,0.49267
26955,0.4868
26956,0.48192
26957,0.47703
26958,0.47312
26959,0.47019
26960,0.46628
26961,0.46334
26962,0.46041
26963,0.45748
26964,0.45552
26965,0.45357
26966,0.45161
26967,0.44868
26968,0.44575
26969,0.44282
26970,0.43988
26971,0.43695
26972,0.43304
26973,0.43011
26974,0.4262
26975,0.42326
26976,0.42131
26977,0.41838
26978,0.41642
26979,0.41447
26980,0.41251
26981,0.41056
26982,0.40762
26983,0.40567
26984,0.40371
26985,0.40176
26986,0.3998
26987,0.39785
26988,0.39687
26989,0.39687
26990,0.39687
26991,0.39883
26992,0.40078
26993,0.40469
26994,0.40958
26995,0.41447
26996,0.41838
26997,0.42326
26998,0.43011
26999,0.43695
27000,0.44477
27001,0.45161
27002,0.45846
27003,0.46628
27004,0.47605
27005,0.4868
27006,0.49756
27007,0.50831
27008,0.52102
27009,0.53177
27010,0.54154
27011,0.55034
27012,0.55914
27013,0.56794
27014,0.5738
27015,0.57869
27016,0.5826
27017,0.58651
27018,0.58944
27019,0.5914
27020,0.59238
27021,0.5914
27022,0.5914
27023,0.58944
27024,0.58847
27025,0.58651
27026,0.58358
27027,0.57967
27028,0.57576
27029,0.57185
27030,0.56598
27031,0.55914
27032,0.55327
27033,0.54839
27034,0.5435
27035,0.53959
27036,0.53568
27037,0.53177
27038,0.52786
27039,0.52395
27040,0.52004
27041,0.51613
27042,0.51222
27043,0.50831
27044,0.5044
27045,0.49951
27046,0.4956
27047,0.49071
27048,0.48583
27049,0.48192
27050,0.47801
27051,0.4741
27052,0.47116
27053,0.46823
27054,0.46432
27055,0.46139
27056,0.45748
27057,0.45357
27058,0.44966
27059,0.44575
27060,0.44282
27061,0.43988
27062,0.43695
27063,0.43402
27064,0.43109
27065,0.42815
27066,0.42424
27067,0.42229
27068,0.42033
27069,0.41838
27070,0.41642
27071,0.41447
27072,0.41251
27073,0.41056
27074,0.40762
27075,0.40567
27076,0.40371
27077,0.40176
27078,0.40078
27079,0.3998
27080,0.40078
27081,0.40078
27082,0.40078
27083,0.40274
27084,0.40469
27085,0.40665
27086,0.40958
27087,0.41349
27088,0.4174
27089,0.42229
27090,0.42815
27091,0.435
27092,0.44282
27093,0.44966
27094,0.4565
27095,0.4653
27096,0.4741
27097,0.48289
27098,0.49267
27099,0.50147
27100,0.51026
27101,0.51906
27102,0.52786
27103,0.53666
27104,0.54252
27105,0.54839
27106,0.55132
27107,0.55425
27108,0.55621
27109,0.55718
27110,0.55718
27111,0.55621
27112,0.55425
27113,0.55132
27114,0.54839
27115,0.54643
27116,0.5435
27117,0.54057
27118,0.53763
27119,0.53372
27120,0.53079
27121,0.52688
27122,0.52199
27123,0.51711
27124,0.51124
27125,0.5044
27126,0.49853
27127,0.49267
27128,0.4868
27129,0.47996
27130,0.4741
27131,0.46725
27132,0.46237
27133,0.45748
27134,0.45161
27135,0.44477
27136,0.43695
27137,0.43011
27138,0.42522
27139,0.42229
27140,0.41935
27141,0.41642
27142,0.41251
27143,0.4086
27144,0.40371
27145,0.3998
27146,0.39589
27147,0.39296
27148,0.39003
27149,0.38807
27150,0.38514
27151,0.38319
27152,0.38123
27153,0.37928
27154,0.37732
27155,0.37537
27156,0.37341
27157,0.37243
27158,0.37146
27159,0.37048
27160,0.37537
27161,0.38221
27162,0.38514
27163,0.38612
27164,0.38612
27165,0.38514
27166,0.38319
27167,0.38221
27168,0.38221
27169,0.38319
27170,0.38416
27171,0.38612
27172,0.38807
27173,0.39003
27174,0.39198
27175,0.39296
27176,0.39589
27177,0.40078
27178,0.40665
27179,0.41349
27180,0.42229
27181,0.43109
27182,0.43988
27183,0.44966
27184,0.45943
27185,0.46921
27186,0.47801
27187,0.4868
27188,0.49756
27189,0.50929
27190,0.52199
27191,0.5347
27192,0.54545
27193,0.55621
27194,0.56598
27195,0.57478
27196,0.5826
27197,0.59042
27198,0.59726
27199,0.60313
27200,0.60802
27201,0.61193
27202,0.61388
27203,0.61486
27204,0.61388
27205,0.61193
27206,0.60997
27207,0.60802
27208,0.60508
27209,0.60117
27210,0.59726
27211,0.59433
27212,0.59042
27213,0.58651
27214,0.5826
27215,0.57869
27216,0.57478
27217,0.57185
27218,0.56794
27219,0.56305
27220,0.55914
27221,0.55523
27222,0.55132
27223,0.54741
27224,0.5435
27225,0.53959
27226,0.53666
27227,0.53275
27228,0.52884
27229,0.52493
27230,0.52102
27231,0.51613
27232,0.51124
27233,0.50635
27234,0.50049
27235,0.49658
27236,0.49267
27237,0.48974
27238,0.4868
27239,0.48485
27240,0.48289
27241,0.47996
27242,0.47703
27243,0.47312
27244,0.46921
27245,0.4653
27246,0.46237
27247,0.45943
27248,0.45552
27249,0.45259
27250,0.44868
27251,0.44575
27252,0.44282
27253,0.43988
27254,0.43695
27255,0.435
27256,0.43304
27257,0.43109
27258,0.42913
27259,0.42717
27260,0.42522
27261,0.42326
27262,0.42131
27263,0.41935
27264,0.41838
27265,0.41838
27266,0.41935
27267,0.42033
27268,0.42229
27269,0.42326
27270,0.4262
27271,0.42913
27272,0.43304
27273,0.43695
27274,0.44184
27275,0.4477
27276,0.45455
27277,0.46139
27278,0.46725
27279,0.4741
27280,0.48289
27281,0.49169
27282,0.50049
27283,0.51026
27284,0.52004
27285,0.52981
27286,0.53861
27287,0.54741
27288,0.55523
27289,0.56305
27290,0.56989
27291,0.57576
27292,0.58065
27293,0.58553
27294,0.58944
27295,0.59335
27296,0.59726
27297,0.6002
27298,0.60215
27299,0.60313
27300,0.60313
27301,0.60313
27302,0.60117
27303,0.59824
27304,0.59531
27305,0.59238
27306,0.58847
27307,0.58456
27308,0.58065
27309,0.57674
27310,0.57185
27311,0.56696
27312,0.56207
27313,0.55718
27314,0.55327
27315,0.54936
27316,0.54643
27317,0.5435
27318,0.53959
27319,0.53568
27320,0.52981
27321,0.52493
27322,0.52004
27323,0.51613
27324,0.51124
27325,0.50733
27326,0.50147
27327,0.49658
27328,0.49267
27329,0.48876
27330,0.48583
27331,0.48289
27332,0.47898
27333,0.47605
27334,0.47214
27335,0.46921
27336,0.46725
27337,0.4653
27338,0.46237
27339,0.45943
27340,0.45748
27341,0.45357
27342,0.45064
27343,0.44868
27344,0.44575
27345,0.44282
27346,0.43988
27347,0.43695
27348,0.435
27349,0.43304
27350,0.43109
27351,0.42913
27352,0.42717
27353,0.42522
27354,0.42326
27355,0.42131
27356,0.42033
27357,0.41935
27358,0.41935
27359,0.42033
27360,0.42229
27361,0.42424
27362,0.42522
27363,0.42815
27364,0.43109
27365,0.43402
27366,0.43793
27367,0.44184
27368,0.44868
27369,0.45455
27370,0.46041
27371,0.46823
27372,0.47703
27373,0.4868
27374,0.4956
27375,0.5044
27376,0.51222
27377,0.52102
27378,0.52884
27379,0.53666
27380,0.5435
27381,0.54936
27382,0.55327
27383,0.55523
27384,0.55914
27385,0.56109
27386,0.56305
27387,0.56305
27388,0.56305
27389,0.56207
27390,0.55914
27391,0.55621
27392,0.55425
27393,0.5523
27394,0.55034
27395,0.54839
27396,0.54545
27397,0.54154
27398,0.53763
27399,0.53372
27400,0.52786
27401,0.52297
27402,0.51711
27403,0.51222
27404,0.50538
27405,0.49853
27406,0.49267
27407,0.48583
27408,0.48094
27409,0.47703
27410,0.47214
27411,0.46725
27412,0.46237
27413,0.45748
27414,0.45161
27415,0.44575
27416,0.44282
27417,0.44086
27418,0.43891
27419,0.43695
27420,0.43402
27421,0.43109
27422,0.42913
27423,0.4262
27424,0.42326
27425,0.42033
27426,0.41838
27427,0.41642
27428,0.41447
27429,0.41251
27430,0.41056
27431,0.4086
27432,0.40665
27433,0.40567
27434,0.40469
27435,0.40469
27436,0.40371
27437,0.40274
27438,0.40176
27439,0.3998
27440,0.39883
27441,0.39785
27442,0.39589
27443,0.39492
27444,0.39296
27445,0.39198
27446,0.39296
27447,0.39296
27448,0.39394
27449,0.39394
27450,0.39492
27451,0.39687
27452,0.39883
27453,0.40078
27454,0.40469
27455,0.40958
27456,0.41642
27457,0.42424
27458,0.43206
27459,0.43988
27460,0.4477
27461,0.45552
27462,0.4653
27463,0.47507
27464,0.48485
27465,0.49462
27466,0.50538
27467,0.51515
27468,0.5259
27469,0.53666
27470,0.54643
27471,0.55621
27472,0.56598
27473,0.57478
27474,0.58162
27475,0.58749
27476,0.59433
27477,0.59922
27478,0.60313
27479,0.60508
27480,0.60704
27481,0.60802
27482,0.60704
27483,0.60606
27484,0.60411
27485,0.60117
27486,0.59824
27487,0.59531
27488,0.5914
27489,0.58847
27490,0.58456
27491,0.58065
27492,0.57771
27493,0.5738
27494,0.57087
27495,0.56696
27496,0.56305
27497,0.55914
27498,0.55425
27499,0.55034
27500,0.54741
27501,0.54448
27502,0.54057
27503,0.53666
27504,0.53275
27505,0.52884
27506,0.52493
27507,0.52199
27508,0.51808
27509,0.51417
27510,0.51026
27511,0.50538
27512,0.50147
27513,0.49756
27514,0.49462
27515,0.49169
27516,0.48778
27517,0.48485
27518,0.48094
27519,0.47801
27520,0.47507
27521,0.47214
27522,0.46921
27523,0.46628
27524,0.46334
27525,0.46041
27526,0.45748
27527,0.45455
27528,0.45064
27529,0.4477
27530,0.44477
27531,0.44282
27532,0.44086
27533,0.43891
27534,0.43695
27535,0.435
27536,0.43304
27537,0.43109
27538,0.43011
27539,0.42815
27540,0.42717
27541,0.4262
27542,0.42522
27543,0.42522
27544,0.42717
27545,0.42815
27546,0.43011
27547,0.43206
27548,0.43304
27549,0.43597
27550,0.43793
27551,0.44184
27552,0.44379
27553,0.4477
27554,0.45161
27555,0.45748
27556,0.46432
27557,0.47214
27558,0.48094
27559,0.49071
27560,0.49951
27561,0.50831
27562,0.51711
27563,0.5259
27564,0.5347
27565,0.5435
27566,0.55034
27567,0.55621
27568,0.56207
27569,0.56891
27570,0.57576
27571,0.5826
27572,0.58749
27573,0.59238
27574,0.59531
27575,0.59726
27576,0.59824
27577,0.59824
27578,0.59824
27579,0.59726
27580,0.59629
27581,0.59433
27582,0.5914
27583,0.58749
27584,0.58456
27585,0.58065
27586,0.57674
27587,0.57185
27588,0.56598
27589,0.56109
27590,0.55621
27591,0.5523
27592,0.54839
27593,0.54545
27594,0.54252
27595,0.53959
27596,0.53666
27597,0.53275
27598,0.52884
27599,0.52493
27600,0.52004
27601,0.51515
27602,0.51124
27603,0.50635
27604,0.50147
27605,0.49756
27606,0.49462
27607,0.49169
27608,0.48778
27609,0.48485
27610,0.48094
27611,0.47801
27612,0.47507
27613,0.47214
27614,0.47019
27615,0.46725
27616,0.46334
27617,0.46041
27618,0.45748
27619,0.45552
27620,0.45259
27621,0.45064
27622,0.44966
27623,0.4477
27624,0.44575
27625,0.44282
27626,0.44086
27627,0.43891
27628,0.43597
27629,0.43304
27630,0.43011
27631,0.42815
27632,0.4262
27633,0.42424
27634,0.42326
27635,0.42131
27636,0.42033
27637,0.42033
27638,0.42131
27639,0.42326
27640,0.42424
27641,0.42717
27642,0.43011
27643,0.43402
27644,0.43793
27645,0.44184
27646,0.44673
27647,0.45259
27648,0.45943
27649,0.4653
27650,0.47312
27651,0.48192
27652,0.49071
27653,0.49951
27654,0.50929
27655,0.51906
27656,0.52884
27657,0.53666
27658,0.5435
27659,0.54936
27660,0.55621
27661,0.56109
27662,0.56598
27663,0.56989
27664,0.57185
27665,0.57283
27666,0.5738
27667,0.57283
27668,0.57087
27669,0.56794
27670,0.565
27671,0.56207
27672,0.55816
27673,0.55523
27674,0.55132
27675,0.54741
27676,0.5435
27677,0.53861
27678,0.53372
27679,0.52884
27680,0.52395
27681,0.51906
27682,0.5132
27683,0.50831
27684,0.50342
27685,0.49853
27686,0.49462
27687,0.48974
27688,0.48485
27689,0.48094
27690,0.47605
27691,0.47019
27692,0.4653
27693,0.45943
27694,0.45455
27695,0.44868
27696,0.44477
27697,0.44086
27698,0.43793
27699,0.43402
27700,0.43011
27701,0.4262
27702,0.42229
27703,0.41935
27704,0.41642
27705,0.41349
27706,0.40958
27707,0.40665
27708,0.40371
27709,0.40078
27710,0.39883
27711,0.39785
27712,0.39492
27713,0.39296
27714,0.39101
27715,0.38905
27716,0.38807
27717,0.3871
27718,0.3871
27719,0.3871
27720,0.3871
27721,0.3871
27722,0.3871
27723,0.3871
27724,0.3871
27725,0.3871
27726,0.3871
27727,0.3871
27728,0.3871
27729,0.38807
27730,0.39003
27731,0.39101
27732,0.39394
27733,0.39687
27734,0.40078
27735,0.40665
27736,0.41251
27737,0.42033
27738,0.42913
27739,0.43793
27740,0.44868
27741,0.45846
27742,0.46921
27743,0.47996
27744,0.49169
27745,0.50342
27746,0.51515
27747,0.52786
27748,0.53861
27749,0.54643
27750,0.55425
27751,0.56207
27752,0.56989
27753,0.57771
27754,0.58456
27755,0.5914
27756,0.59726
27757,0.60215
27758,0.60606
27759,0.60899
27760,0.60997
27761,0.60997
27762,0.60899
27763,0.60606
27764,0.60313
27765,0.59922
27766,0.59531
27767,0.5914
27768,0.58847
27769,0.58456
27770,0.57967
27771,0.57478
27772,0.57087
27773,0.56598
27774,0.56012
27775,0.55523
27776,0.55132
27777,0.54643
27778,0.54252
27779,0.53861
27780,0.5347
27781,0.53079
27782,0.52786
27783,0.52493
27784,0.52102
27785,0.51808
27786,0.51417
27787,0.51026
27788,0.50733
27789,0.50342
27790,0.49951
27791,0.4956
27792,0.49169
27793,0.48876
27794,0.48485
27795,0.48192
27796,0.47898
27797,0.47605
27798,0.47214
27799,0.46921
27800,0.46628
27801,0.46432
27802,0.46139
27803,0.45846
27804,0.45455
27805,0.45161
27806,0.4477
27807,0.44477
27808,0.44282
27809,0.44086
27810,0.43891
27811,0.43695
27812,0.435
27813,0.43304
27814,0.43109
27815,0.42913
27816,0.42717
27817,0.42522
27818,0.42326
27819,0.42131
27820,0.41935
27821,0.41838
27822,0.41838
27823,0.42033
27824,0.42131
27825,0.42326
27826,0.42522
27827,0.42913
27828,0.43304
27829,0.43695
27830,0.44184
27831,0.4477
27832,0.45357
27833,0.46041
27834,0.46725
27835,0.47507
27836,0.48289
27837,0.49169
27838,0.49951
27839,0.50831
27840,0.51711
27841,0.52493
27842,0.53177
27843,0.54057
27844,0.54839
27845,0.55621
27846,0.56305
27847,0.57087
27848,0.57674
27849,0.58162
27850,0.58553
27851,0.58944
27852,0.59238
27853,0.59335
27854,0.59433
27855,0.59335
27856,0.59335
27857,0.59335
27858,0.59238
27859,0.59042
27860,0.58749
27861,0.58456
27862,0.58065
27863,0.57576
27864,0.57087
27865,0.56598
27866,0.56109
27867,0.55621
27868,0.5523
27869,0.54936
27870,0.54545
27871,0.54252
27872,0.53861
27873,0.5347
27874,0.52981
27875,0.5259
27876,0.52102
27877,0.51711
27878,0.51222
27879,0.50733
27880,0.50342
27881,0.49951
27882,0.4956
27883,0.49267
27884,0.48974
27885,0.48583
27886,0.48289
27887,0.48094
27888,0.47801
27889,0.47507
27890,0.47214
27891,0.46921
27892,0.4653
27893,0.46237
27894,0.45943
27895,0.4565
27896,0.45259
27897,0.44966
27898,0.44673
27899,0.44379
27900,0.44184
27901,0.43988
27902,0.43891
27903,0.43695
27904,0.435
27905,0.43304
27906,0.43206
27907,0.43109
27908,0.42913
27909,0.42815
27910,0.4262
27911,0.42522
27912,0.42424
27913,0.42229
27914,0.42229
27915,0.42229
27916,0.42326
27917,0.42522
27918,0.4262
27919,0.42815
27920,0.43011
27921,0.43304
27922,0.43695
27923,0.44184
27924,0.4477
27925,0.45357
27926,0.46041
27927,0.46823
27928,0.47703
27929,0.4868
27930,0.4956
27931,0.5044
27932,0.5132
27933,0.52004
27934,0.52688
27935,0.5347
27936,0.54252
27937,0.54936
27938,0.55523
27939,0.56012
27940,0.565
27941,0.56989
27942,0.57478
27943,0.57771
27944,0.57967
27945,0.58065
27946,0.58065
27947,0.58065
27948,0.57869
27949,0.57576
27950,0.57283
27951,0.56989
27952,0.56598
27953,0.56207
27954,0.55816
27955,0.55425
27956,0.54936
27957,0.54545
27958,0.54057
27959,0.53568
27960,0.53275
27961,0.52786
27962,0.52395
27963,0.52102
27964,0.51808
27965,0.51515
27966,0.51222
27967,0.50929
27968,0.50538
27969,0.50147
27970,0.49756
27971,0.49365
27972,0.49071
27973,0.48778
27974,0.48485
27975,0.48192
27976,0.47801
27977,0.47507
27978,0.47214
27979,0.46823
27980,0.4653
27981,0.46139
27982,0.45846
27983,0.45455
27984,0.45161
27985,0.44966
27986,0.44673
27987,0.44477
27988,0.44282
27989,0.44086
27990,0.43891
27991,0.43695
27992,0.43402
27993,0.42913
27994,0.42522
27995,0.42033
27996,0.41544
27997,0.41153
27998,0.4086
27999,0.40469
28000,0.40078
28001,0.39687
28002,0.39394
28003,0.39003
28004,0.3871
28005,0.38514
28006,0.38416
28007,0.38416
28008,0.38416
28009,0.38612
28010,0.38807
28011,0.38905
28012,0.39101
28013,0.39296
28014,0.39687
28015,0.40078
28016,0.40567
28017,0.41056
28018,0.41642
28019,0.42326
28020,0.43109
28021,0.43891
28022,0.44575
28023,0.45259
28024,0.45943
28025,0.46432
28026,0.47116
28027,0.47703
28028,0.48387
28029,0.48974
28030,0.4956
28031,0.50049
28032,0.50342
28033,0.50538
28034,0.50733
28035,0.50929
28036,0.51026
28037,0.51026
28038,0.50929
28039,0.50733
28040,0.50538
28041,0.50244
28042,0.49951
28043,0.49756
28044,0.4956
28045,0.49365
28046,0.49169
28047,0.49169
28048,0.49071
28049,0.49071
28050,0.48974
28051,0.48876
28052,0.4868
28053,0.48583
28054,0.48387
28055,0.48192
28056,0.48094
28057,0.47898
28058,0.47703
28059,0.47605
28060,0.4741
28061,0.47214
28062,0.47019
28063,0.46725
28064,0.4653
28065,0.46334
28066,0.46139
28067,0.45943
28068,0.45748
28069,0.45455
28070,0.45259
28071,0.45064
28072,0.44868
28073,0.4477
28074,0.44673
28075,0.44673
28076,0.44673
28077,0.44673
28078,0.44673
28079,0.44673
28080,0.44673
28081,0.44673
28082,0.44575
28083,0.44477
28084,0.44379
28085,0.44379
28086,0.44282
28087,0.44282
28088,0.44282
28089,0.44282
28090,0.44282
28091,0.44282
28092,0.44282
28093,0.44282
28094,0.44282
28095,0.44282
28096,0.44282
28097,0.44282
28098,0.44282
28099,0.44379
28100,0.44477
28101,0.4477
28102,0.45064
28103,0.45259
28104,0.45552
28105,0.46041
28106,0.46628
28107,0.47214
28108,0.47898
28109,0.48583
28110,0.49365
28111,0.50147
28112,0.51026
28113,0.51808
28114,0.52688
28115,0.53568
28116,0.54252
28117,0.54741
28118,0.55425
28119,0.56012
28120,0.56696
28121,0.5738
28122,0.58065
28123,0.58651
28124,0.5914
28125,0.59433
28126,0.59726
28127,0.59726
28128,0.59531
28129,0.59335
28130,0.59042
28131,0.58749
28132,0.58358
28133,0.58065
28134,0.57674
28135,0.5738
28136,0.56989
28137,0.565
28138,0.55914
28139,0.55425
28140,0.54936
28141,0.5435
28142,0.53861
28143,0.53372
28144,0.52981
28145,0.52493
28146,0.52004
28147,0.51515
28148,0.51124
28149,0.50733
28150,0.50244
28151,0.49853
28152,0.49462
28153,0.49071
28154,0.4868
28155,0.48387
28156,0.48094
28157,0.47801
28158,0.47507
28159,0.47214
28160,0.46921
28161,0.46628
28162,0.46334
28163,0.46041
28164,0.45748
28165,0.45455
28166,0.45161
28167,0.4477
28168,0.44575
28169,0.44379
28170,0.44282
28171,0.44184
28172,0.44086
28173,0.43891
28174,0.43695
28175,0.435
28176,0.43402
28177,0.43206
28178,0.42913
28179,0.4262
28180,0.42326
28181,0.42033
28182,0.41642
28183,0.41447
28184,0.41349
28185,0.41349
28186,0.41251
28187,0.41153
28188,0.40958
28189,0.4086
28190,0.4086
28191,0.40958
28192,0.41056
28193,0.41153
28194,0.41349
28195,0.41544
28196,0.41935
28197,0.42326
28198,0.42913
28199,0.43597
28200,0.44379
28201,0.45357
28202,0.46334
28203,0.47312
28204,0.48387
28205,0.49365
28206,0.50244
28207,0.51124
28208,0.51906
28209,0.5259
28210,0.53372
28211,0.54154
28212,0.54936
28213,0.55718
28214,0.56403
28215,0.56989
28216,0.57478
28217,0.57869
28218,0.5826
28219,0.58553
28220,0.58749
28221,0.58749
28222,0.58651
28223,0.58358
28224,0.58065
28225,0.57771
28226,0.57478
28227,0.57087
28228,0.56794
28229,0.56403
28230,0.56012
28231,0.55621
28232,0.55327
28233,0.54936
28234,0.54643
28235,0.5435
28236,0.53959
28237,0.53568
28238,0.53177
28239,0.52786
28240,0.52297
28241,0.51906
28242,0.51417
28243,0.51026
28244,0.50635
28245,0.50342
28246,0.50049
28247,0.49658
28248,0.49365
28249,0.49169
28250,0.48778
28251,0.48485
28252,0.48094
28253,0.47801
28254,0.4741
28255,0.47116
28256,0.46725
28257,0.46432
28258,0.46041
28259,0.45748
28260,0.45455
28261,0.45259
28262,0.45064
28263,0.44868
28264,0.44673
28265,0.44477
28266,0.44282
28267,0.44086
28268,0.43793
28269,0.43597
28270,0.43304
28271,0.43109
28272,0.42815
28273,0.4262
28274,0.42424
28275,0.42326
28276,0.42131
28277,0.41935
28278,0.41642
28279,0.41447
28280,0.41251
28281,0.41056
28282,0.4086
28283,0.40665
28284,0.40567
28285,0.40567
28286,0.40567
28287,0.40762
28288,0.40958
28289,0.41251
28290,0.41642
28291,0.42131
28292,0.4262
28293,0.43109
28294,0.43695
28295,0.44379
28296,0.45064
28297,0.45748
28298,0.4653
28299,0.47312
28300,0.48094
28301,0.48778
28302,0.49365
28303,0.50049
28304,0.50635
28305,0.51124
28306,0.51515
28307,0.51906
28308,0.52102
28309,0.52297
28310,0.52493
28311,0.52688
28312,0.52688
28313,0.5259
28314,0.52297
28315,0.51906
28316,0.51417
28317,0.51026
28318,0.50635
28319,0.50244
28320,0.49853
28321,0.4956
28322,0.49169
28323,0.4868
28324,0.48289
28325,0.47801
28326,0.4741
28327,0.47116
28328,0.46725
28329,0.46432
28330,0.46041
28331,0.4565
28332,0.45259
28333,0.44966
28334,0.4477
28335,0.44477
28336,0.44282
28337,0.44086
28338,0.43988
28339,0.43793
28340,0.43695
28341,0.43597
28342,0.43402
28343,0.43304
28344,0.43206
28345,0.43109
28346,0.43011
28347,0.43011
28348,0.43011
28349,0.43011
28350,0.43011
28351,0.42815
28352,0.42815
28353,0.42815
28354,0.42717
28355,0.4262
28356,0.42522
28357,0.42424
28358,0.42424
28359,0.42424
28360,0.42522
28361,0.42522
28362,0.4262
28363,0.42815
28364,0.42913
28365,0.42913
28366,0.43011
28367,0.43011
28368,0.42913
28369,0.42913
28370,0.43011
28371,0.43109
28372,0.43304
28373,0.435
28374,0.43793
28375,0.44184
28376,0.44673
28377,0.45064
28378,0.4565
28379,0.46237
28380,0.46725
28381,0.4741
28382,0.47996
28383,0.48778
28384,0.4956
28385,0.50342
28386,0.51222
28387,0.52004
28388,0.52884
28389,0.53763
28390,0.54545
28391,0.55327
28392,0.55914
28393,0.56403
28394,0.56989
28395,0.57674
28396,0.5826
28397,0.58847
28398,0.59335
28399,0.59824
28400,0.60117
28401,0.60313
28402,0.60411
28403,0.60508
28404,0.60508
28405,0.60508
28406,0.60411
28407,0.60215
28408,0.6002
28409,0.59824
28410,0.59531
28411,0.5914
28412,0.58749
28413,0.5826
28414,0.57771
28415,0.57185
28416,0.56598
28417,0.56109
28418,0.55621
28419,0.5523
28420,0.54936
28421,0.54448
28422,0.54057
28423,0.53568
28424,0.53177
28425,0.52688
28426,0.52297
28427,0.51808
28428,0.5132
28429,0.50831
28430,0.5044
28431,0.50147
28432,0.49853
28433,0.49462
28434,0.49169
28435,0.48876
28436,0.48485
28437,0.48192
28438,0.47801
28439,0.47507
28440,0.46921
28441,0.46237
28442,0.45748
28443,0.45259
28444,0.44868
28445,0.44575
28446,0.44282
28447,0.44086
28448,0.43793
28449,0.43597
28450,0.43402
28451,0.43206
28452,0.43109
28453,0.42913
28454,0.42717
28455,0.42522
28456,0.42326
28457,0.42131
28458,0.42033
28459,0.41838
28460,0.41642
28461,0.41349
28462,0.41056
28463,0.4086
28464,0.40665
28465,0.40469
28466,0.40274
28467,0.40274
28468,0.40371
28469,0.40469
28470,0.40762
28471,0.41153
28472,0.41544
28473,0.42033
28474,0.42522
28475,0.43109
28476,0.43793
28477,0.44477
28478,0.45259
28479,0.46139
28480,0.47214
28481,0.48289
28482,0.49267
28483,0.50244
28484,0.51124
28485,0.51808
28486,0.52688
28487,0.53666
28488,0.54643
28489,0.55523
28490,0.56305
28491,0.57087
28492,0.57869
28493,0.58456
28494,0.58847
28495,0.59042
28496,0.5914
28497,0.5914
28498,0.59042
28499,0.58944
28500,0.58749
28501,0.58456
28502,0.58065
28503,0.57674
28504,0.5738
28505,0.56891
28506,0.56403
28507,0.56012
28508,0.55621
28509,0.5523
28510,0.54839
28511,0.54545
28512,0.54154
28513,0.53666
28514,0.53177
28515,0.52688
28516,0.52199
28517,0.51613
28518,0.51124
28519,0.50635
28520,0.50244
28521,0.49951
28522,0.49658
28523,0.49462
28524,0.49267
28525,0.48974
28526,0.4868
28527,0.48289
28528,0.47996
28529,0.47605
28530,0.47214
28531,0.46921
28532,0.4653
28533,0.46139
28534,0.45748
28535,0.45357
28536,0.45064
28537,0.4477
28538,0.44477
28539,0.44184
28540,0.43988
28541,0.43793
28542,0.43597
28543,0.43402
28544,0.43206
28545,0.43109
28546,0.43011
28547,0.42815
28548,0.42717
28549,0.42522
28550,0.42326
28551,0.42229
28552,0.42033
28553,0.41642
28554,0.41349
28555,0.41056
28556,0.4086
28557,0.40665
28558,0.40469
28559,0.40469
28560,0.40567
28561,0.40665
28562,0.4086
28563,0.41251
28564,0.41642
28565,0.42229
28566,0.42717
28567,0.43304
28568,0.43988
28569,0.44673
28570,0.45357
28571,0.46139
28572,0.46921
28573,0.47703
28574,0.48583
28575,0.49267
28576,0.49951
28577,0.50538
28578,0.51026
28579,0.51613
28580,0.52199
28581,0.52786
28582,0.53275
28583,0.53861
28584,0.5435
28585,0.54839
28586,0.55132
28587,0.55327
28588,0.55425
28589,0.55425
28590,0.55327
28591,0.55132
28592,0.55034
28593,0.54741
28594,0.54448
28595,0.53959
28596,0.5347
28597,0.52884
28598,0.52297
28599,0.51515
28600,0.50831
28601,0.50244
28602,0.49756
28603,0.49365
28604,0.48876
28605,0.48387
28606,0.47898
28607,0.47507
28608,0.47019
28609,0.46432
28610,0.45943
28611,0.45357
28612,0.44868
28613,0.44379
28614,0.44086
28615,0.43793
28616,0.43597
28617,0.43304
28618,0.43011
28619,0.42717
28620,0.42326
28621,0.42033
28622,0.41838
28623,0.41642
28624,0.41447
28625,0.41251
28626,0.41056
28627,0.4086
28628,0.40665
28629,0.40567
28630,0.40371
28631,0.40274
28632,0.40176
28633,0.40078
28634,0.39883
28635,0.39687
28636,0.39492
28637,0.39296
28638,0.39101
28639,0.39003
28640,0.38905
28641,0.38807
28642,0.3871
28643,0.3871
28644,0.38612
28645,0.38612
28646,0.3871
28647,0.38807
28648,0.39003
28649,0.39198
28650,0.39687
28651,0.40176
28652,0.40665
28653,0.41153
28654,0.4174
28655,0.42229
28656,0.42913
28657,0.43695
28658,0.44477
28659,0.45259
28660,0.46139
28661,0.47214
28662,0.48289
28663,0.49365
28664,0.50538
28665,0.51711
28666,0.52786
28667,0.53861
28668,0.54741
28669,0.55523
28670,0.56403
28671,0.57185
28672,0.57869
28673,0.58651
28674,0.59433
28675,0.60117
28676,0.60704
28677,0.61095
28678,0.61388
28679,0.61388
28680,0.61388
28681,0.6129
28682,0.60997
28683,0.60704
28684,0.60313
28685,0.59922
28686,0.59629
28687,0.59238
28688,0.58847
28689,0.58456
28690,0.58065
28691,0.57771
28692,0.57283
28693,0.56891
28694,0.56403
28695,0.55914
28696,0.55523
28697,0.55132
28698,0.54643
28699,0.54057
28700,0.53666
28701,0.53275
28702,0.52884
28703,0.5259
28704,0.52102
28705,0.51613
28706,0.51026
28707,0.50538
28708,0.50049
28709,0.4956
28710,0.49169
28711,0.48778
28712,0.48387
28713,0.47898
28714,0.47507
28715,0.47116
28716,0.46628
28717,0.46139
28718,0.45748
28719,0.45357
28720,0.44966
28721,0.44673
28722,0.44282
28723,0.43988
28724,0.43695
28725,0.435
28726,0.43206
28727,0.43011
28728,0.42815
28729,0.4262
28730,0.42424
28731,0.42131
28732,0.41935
28733,0.41642
28734,0.41447
28735,0.41153
28736,0.4086
28737,0.40665
28738,0.40469
28739,0.40176
28740,0.3998
28741,0.39883
28742,0.39883
28743,0.39883
28744,0.40078
28745,0.40274
28746,0.40469
28747,0.40665
28748,0.40958
28749,0.41349
28750,0.41935
28751,0.4262
28752,0.43402
28753,0.44184
28754,0.44966
28755,0.45748
28756,0.46628
28757,0.47605
28758,0.48583
28759,0.49462
28760,0.50244
28761,0.51222
28762,0.52199
28763,0.53275
28764,0.54252
28765,0.5523
28766,0.56109
28767,0.56989
28768,0.57674
28769,0.5826
28770,0.58749
28771,0.59238
28772,0.59531
28773,0.59726
28774,0.59922
28775,0.6002
28776,0.59922
28777,0.59726
28778,0.59335
28779,0.59042
28780,0.58651
28781,0.5826
28782,0.57869
28783,0.57478
28784,0.56989
28785,0.56598
28786,0.56207
28787,0.55718
28788,0.5523
28789,0.54643
28790,0.54057
28791,0.5347
28792,0.52884
28793,0.52297
28794,0.51711
28795,0.51222
28796,0.50733
28797,0.50342
28798,0.50049
28799,0.49756
28800,0.49462
28801,0.49267
28802,0.48876
28803,0.48485
28804,0.48094
28805,0.47703
28806,0.47312
28807,0.46921
28808,0.4653
28809,0.46139
28810,0.45846
28811,0.45455
28812,0.45161
28813,0.44868
28814,0.44477
28815,0.44086
28816,0.43793
28817,0.435
28818,0.43304
28819,0.43206
28820,0.43011
28821,0.42815
28822,0.4262
28823,0.42424
28824,0.42229
28825,0.42033
28826,0.41935
28827,0.41642
28828,0.41251
28829,0.40958
28830,0.40665
28831,0.40469
28832,0.40176
28833,0.3998
28834,0.39785
28835,0.39687
28836,0.39785
28837,0.39883
28838,0.40078
28839,0.40274
28840,0.40762
28841,0.41251
28842,0.41838
28843,0.42424
28844,0.43011
28845,0.43695
28846,0.44379
28847,0.45259
28848,0.46334
28849,0.4741
28850,0.48583
28851,0.49462
28852,0.50244
28853,0.51124
28854,0.52102
28855,0.53079
28856,0.54154
28857,0.55034
28858,0.55816
28859,0.565
28860,0.57185
28861,0.57674
28862,0.58065
28863,0.5826
28864,0.5826
28865,0.58162
28866,0.57869
28867,0.57576
28868,0.57185
28869,0.56598
28870,0.56109
28871,0.55523
28872,0.54936
28873,0.54252
28874,0.53666
28875,0.53079
28876,0.52493
28877,0.51906
28878,0.51417
28879,0.50831
28880,0.50342
28881,0.49853
28882,0.49365
28883,0.48974
28884,0.48583
28885,0.48192
28886,0.47703
28887,0.47312
28888,0.46921
28889,0.46334
28890,0.45846
28891,0.45357
28892,0.4477
28893,0.44086
28894,0.435
28895,0.42815
28896,0.42229
28897,0.41642
28898,0.40958
28899,0.40371
28900,0.39785
28901,0.39198
28902,0.3871
28903,0.38319
28904,0.38025
28905,0.37732
28906,0.37537
28907,0.37243
28908,0.37048
28909,0.36852
28910,0.36559
28911,0.36168
28912,0.35973
28913,0.35679
28914,0.35386
28915,0.35093
28916,0.34897
28917,0.348
28918,0.348
28919,0.348
28920,0.34702
28921,0.34702
28922,0.34702
28923,0.34702
28924,0.34702
28925,0.34702
28926,0.34897
28927,0.35191
28928,0.35484
28929,0.35875
28930,0.36266
28931,0.36657
28932,0.37146
28933,0.37634
28934,0.38221
28935,0.39003
28936,0.39883
28937,0.40958
28938,0.42131
28939,0.43304
28940,0.44575
28941,0.45748
28942,0.47019
28943,0.48289
28944,0.49365
28945,0.50635
28946,0.52004
28947,0.53275
28948,0.54448
28949,0.55523
28950,0.565
28951,0.57478
28952,0.58944
28953,0.60704
28954,0.61975
28955,0.62854
28956,0.63343
28957,0.63636
28958,0.63734
28959,0.63832
28960,0.63832
28961,0.63734
28962,0.63636
28963,0.63441
28964,0.63245
28965,0.62952
28966,0.62659
28967,0.62268
28968,0.61877
28969,0.61486
28970,0.61095
28971,0.60606
28972,0.60117
28973,0.59531
28974,0.58944
28975,0.58456
28976,0.57967
28977,0.57478
28978,0.56989
28979,0.56598
28980,0.56207
28981,0.55816
28982,0.55425
28983,0.55034
28984,0.54643
28985,0.54154
28986,0.53568
28987,0.53079
28988,0.5259
28989,0.52199
28990,0.51808
28991,0.51515
28992,0.51222
28993,0.51026
28994,0.50635
28995,0.50342
28996,0.50049
28997,0.49756
28998,0.49462
28999,0.49169
29000,0.48778
29001,0.48485
29002,0.48094
29003,0.47801
29004,0.4741
29005,0.47019
29006,0.46628
29007,0.46334
29008,0.46237
29009,0.46041
29010,0.45846
29011,0.45552
29012,0.45259
29013,0.44966
29014,0.44673
29015,0.44379
29016,0.44184
29017,0.43988
29018,0.43793
29019,0.43597
29020,0.43597
29021,0.43695
29022,0.43793
29023,0.44086
29024,0.44477
29025,0.44966
29026,0.45552
29027,0.46139
29028,0.46921
29029,0.47605
29030,0.48485
29031,0.49365
29032,0.50342
29033,0.51417
29034,0.52395
29035,0.53275
29036,0.54057
29037,0.54936
29038,0.55914
29039,0.56891
29040,0.57771
29041,0.58651
29042,0.59433
29043,0.60313
29044,0.60997
29045,0.61584
29046,0.61975
29047,0.62463
29048,0.62757
29049,0.62757
29050,0.62854
29051,0.62854
29052,0.62757
29053,0.62561
29054,0.6217
29055,0.61877
29056,0.61486
29057,0.61095
29058,0.60606
29059,0.60215
29060,0.59629
29061,0.5914
29062,0.58749
29063,0.58358
29064,0.57869
29065,0.5738
29066,0.56989
29067,0.565
29068,0.56012
29069,0.55718
29070,0.55327
29071,0.54936
29072,0.54643
29073,0.54252
29074,0.53763
29075,0.53372
29076,0.52884
29077,0.52395
29078,0.52004
29079,0.51515
29080,0.51026
29081,0.50635
29082,0.50147
29083,0.49756
29084,0.49365
29085,0.48974
29086,0.48583
29087,0.48289
29088,0.47898
29089,0.47507
29090,0.47214
29091,0.46823
29092,0.46432
29093,0.46139
29094,0.45943
29095,0.45748
29096,0.45552
29097,0.45357
29098,0.45064
29099,0.4477
29100,0.44477
29101,0.44282
29102,0.43988
29103,0.43793
29104,0.43597
29105,0.43304
29106,0.43109
29107,0.42913
29108,0.42717
29109,0.42522
29110,0.42424
29111,0.42326
29112,0.42326
29113,0.42424
29114,0.4262
29115,0.42717
29116,0.43011
29117,0.43402
29118,0.43891
29119,0.44477
29120,0.45259
29121,0.46041
29122,0.46921
29123,0.47898
29124,0.48974
29125,0.50049
29126,0.51026
29127,0.51906
29128,0.52786
29129,0.53666
29130,0.54643
29131,0.55621
29132,0.56598
29133,0.57576
29134,0.58456
29135,0.59238
29136,0.6002
29137,0.60508
29138,0.60997
29139,0.61388
29140,0.61486
29141,0.61486
29142,0.61486
29143,0.61388
29144,0.61095
29145,0.60802
29146,0.60411
29147,0.60117
29148,0.59824
29149,0.59629
29150,0.59238
29151,0.58944
29152,0.58651
29153,0.5826
29154,0.57771
29155,0.57283
29156,0.56794
29157,0.56305
29158,0.55816
29159,0.5523
29160,0.54839
29161,0.5435
29162,0.53763
29163,0.53177
29164,0.52688
29165,0.52199
29166,0.51808
29167,0.51515
29168,0.51124
29169,0.50733
29170,0.50342
29171,0.49951
29172,0.4956
29173,0.49169
29174,0.48778
29175,0.48387
29176,0.47996
29177,0.47605
29178,0.47214
29179,0.46823
29180,0.4653
29181,0.46237
29182,0.45943
29183,0.45748
29184,0.45552
29185,0.45357
29186,0.45064
29187,0.4477
29188,0.44379
29189,0.43988
29190,0.435
29191,0.42913
29192,0.42424
29193,0.42033
29194,0.41447
29195,0.40958
29196,0.40371
29197,0.39883
29198,0.39492
29199,0.39101
29200,0.38807
29201,0.38612
29202,0.38416
29203,0.38319
29204,0.38319
29205,0.38319
29206,0.38416
29207,0.38514
29208,0.38612
29209,0.38612
29210,0.38807
29211,0.39101
29212,0.39492
29213,0.3998
29214,0.40567
29215,0.41153
29216,0.42033
29217,0.42913
29218,0.43695
29219,0.44477
29220,0.45259
29221,0.46041
29222,0.46823
29223,0.47605
29224,0.48485
29225,0.49462
29226,0.50244
29227,0.51026
29228,0.51613
29229,0.52297
29230,0.52884
29231,0.53275
29232,0.53568
29233,0.53763
29234,0.53861
29235,0.53763
29236,0.53568
29237,0.5347
29238,0.53275
29239,0.53079
29240,0.52884
29241,0.52786
29242,0.52688
29243,0.52493
29244,0.52297
29245,0.52004
29246,0.51711
29247,0.51417
29248,0.51222
29249,0.51124
29250,0.50929
29251,0.50831
29252,0.50635
29253,0.5044
29254,0.50147
29255,0.49951
29256,0.49756
29257,0.49658
29258,0.4956
29259,0.49462
29260,0.49267
29261,0.49169
29262,0.48974
29263,0.48876
29264,0.48778
29265,0.48778
29266,0.4868
29267,0.4868
29268,0.4868
29269,0.4868
29270,0.4868
29271,0.4868
29272,0.4868
29273,0.48583
29274,0.48485
29275,0.48387
29276,0.48387
29277,0.48387
29278,0.48387
29279,0.48289
29280,0.48094
29281,0.47801
29282,0.47507
29283,0.47214
29284,0.46921
29285,0.46628
29286,0.46334
29287,0.45943
29288,0.4565
29289,0.45357
29290,0.45259
29291,0.45064
29292,0.45064
29293,0.45064
29294,0.45161
29295,0.45161
29296,0.45259
29297,0.45259
29298,0.45357
29299,0.45552
29300,0.45846
29301,0.46237
29302,0.46823
29303,0.47507
29304,0.48192
29305,0.49071
29306,0.49951
29307,0.50929
29308,0.51906
29309,0.52884
29310,0.53666
29311,0.54448
29312,0.55327
29313,0.56305
29314,0.57283
29315,0.58162
29316,0.5914
29317,0.6002
29318,0.60899
29319,0.61681
29320,0.62366
29321,0.62854
29322,0.63148
29323,0.63148
29324,0.63148
29325,0.62952
29326,0.62854
29327,0.62659
29328,0.62366
29329,0.62072
29330,0.61681
29331,0.6129
29332,0.60899
29333,0.60313
29334,0.59726
29335,0.5914
29336,0.58553
29337,0.57967
29338,0.57478
29339,0.56989
29340,0.565
29341,0.56012
29342,0.55523
29343,0.55034
29344,0.54545
29345,0.54057
29346,0.53568
29347,0.53079
29348,0.5259
29349,0.52102
29350,0.51711
29351,0.5132
29352,0.51026
29353,0.50635
29354,0.50244
29355,0.49853
29356,0.49462
29357,0.49071
29358,0.4868
29359,0.48289
29360,0.47898
29361,0.47507
29362,0.47214
29363,0.46921
29364,0.4653
29365,0.46139
29366,0.45748
29367,0.45455
29368,0.45259
29369,0.44966
29370,0.4477
29371,0.44575
29372,0.44379
29373,0.44086
29374,0.43793
29375,0.43597
29376,0.43304
29377,0.43109
29378,0.42913
29379,0.4262
29380,0.42229
29381,0.41935
29382,0.4174
29383,0.41544
29384,0.41251
29385,0.41153
29386,0.41056
29387,0.41056
29388,0.41153
29389,0.41349
29390,0.41447
29391,0.41642
29392,0.41935
29393,0.42229
29394,0.42717
29395,0.43402
29396,0.44086
29397,0.44868
29398,0.4565
29399,0.46628
29400,0.47703
29401,0.48778
29402,0.49756
29403,0.50635
29404,0.51613
29405,0.52493
29406,0.5347
29407,0.54448
29408,0.55523
29409,0.565
29410,0.5738
29411,0.58162
29412,0.58847
29413,0.59433
29414,0.59922
29415,0.60215
29416,0.60411
29417,0.60508
29418,0.60508
29419,0.60508
29420,0.60508
29421,0.60508
29422,0.60313
29423,0.6002
29424,0.59726
29425,0.59335
29426,0.58944
29427,0.58456
29428,0.57967
29429,0.57576
29430,0.57087
29431,0.56598
29432,0.56109
29433,0.55621
29434,0.55132
29435,0.54643
29436,0.54154
29437,0.53763
29438,0.53275
29439,0.52786
29440,0.52297
29441,0.51808
29442,0.51417
29443,0.51026
29444,0.50635
29445,0.50244
29446,0.49853
29447,0.49462
29448,0.49071
29449,0.4868
29450,0.48289
29451,0.47898
29452,0.47507
29453,0.47116
29454,0.46823
29455,0.4653
29456,0.46139
29457,0.45748
29458,0.45455
29459,0.45259
29460,0.44966
29461,0.4477
29462,0.44379
29463,0.44086
29464,0.43402
29465,0.4262
29466,0.42033
29467,0.41544
29468,0.41251
29469,0.40762
29470,0.40274
29471,0.39883
29472,0.39394
29473,0.38905
29474,0.38612
29475,0.38319
29476,0.38025
29477,0.3783
29478,0.37634
29479,0.37537
29480,0.37537
29481,0.37634
29482,0.37732
29483,0.3783
29484,0.38123
29485,0.38319
29486,0.38612
29487,0.39101
29488,0.39589
29489,0.40176
29490,0.40665
29491,0.41349
29492,0.41935
29493,0.42717
29494,0.43402
29495,0.43988
29496,0.44673
29497,0.45455
29498,0.46237
29499,0.47214
29500,0.48094
29501,0.49071
29502,0.49853
29503,0.50635
29504,0.51222
29505,0.51906
29506,0.52493
29507,0.52884
29508,0.53177
29509,0.53372
29510,0.53568
29511,0.5347
29512,0.53372
29513,0.53275
29514,0.53079
29515,0.52884
29516,0.52688
29517,0.52493
29518,0.52297
29519,0.52004
29520,0.51808
29521,0.51515
29522,0.5132
29523,0.50929
29524,0.50635
29525,0.50342
29526,0.50147
29527,0.49853
29528,0.49756
29529,0.49658
29530,0.4956
29531,0.49365
29532,0.49169
29533,0.48974
29534,0.48778
29535,0.48583
29536,0.48387
29537,0.48192
29538,0.47996
29539,0.47898
29540,0.47703
29541,0.47605
29542,0.47507
29543,0.47312
29544,0.47116
29545,0.46921
29546,0.46725
29547,0.46628
29548,0.4653
29549,0.46432
29550,0.46334
29551,0.46139
29552,0.45943
29553,0.45748
29554,0.45552
29555,0.45357
29556,0.45161
29557,0.44966
29558,0.44673
29559,0.44477
29560,0.44379
29561,0.44282
29562,0.44086
29563,0.43988
29564,0.43793
29565,0.43793
29566,0.43695
29567,0.43597
29568,0.435
29569,0.43597
29570,0.43695
29571,0.43793
29572,0.43988
29573,0.44086
29574,0.44282
29575,0.44575
29576,0.44868
29577,0.45259
29578,0.45846
29579,0.4653
29580,0.47214
29581,0.48192
29582,0.49169
29583,0.50147
29584,0.51124
29585,0.52102
29586,0.52884
29587,0.53666
29588,0.54545
29589,0.55425
29590,0.56207
29591,0.56989
29592,0.57771
29593,0.58553
29594,0.59335
29595,0.59922
29596,0.60411
29597,0.60899
29598,0.6129
29599,0.61584
29600,0.61779
29601,0.61975
29602,0.61975
29603,0.61975
29604,0.61779
29605,0.61388
29606,0.60997
29607,0.60411
29608,0.59824
29609,0.5914
29610,0.58553
29611,0.57967
29612,0.57478
29613,0.56989
29614,0.56598
29615,0.56207
29616,0.55718
29617,0.55327
29618,0.54741
29619,0.54252
29620,0.53763
29621,0.53275
29622,0.52884
29623,0.52493
29624,0.52004
29625,0.51515
29626,0.51026
29627,0.50538
29628,0.50147
29629,0.49658
29630,0.49267
29631,0.48876
29632,0.48485
29633,0.48094
29634,0.47801
29635,0.47507
29636,0.47116
29637,0.46725
29638,0.46432
29639,0.46139
29640,0.45748
29641,0.45357
29642,0.44966
29643,0.44673
29644,0.44379
29645,0.44184
29646,0.43988
29647,0.43793
29648,0.43597
29649,0.43402
29650,0.43206
29651,0.42913
29652,0.42815
29653,0.42522
29654,0.42326
29655,0.42033
29656,0.4174
29657,0.41447
29658,0.41251
29659,0.40958
29660,0.40762
29661,0.40469
29662,0.40274
29663,0.40078
29664,0.3998
29665,0.40078
29666,0.40274
29667,0.40567
29668,0.40958
29669,0.41544
29670,0.42033
29671,0.42717
29672,0.43402
29673,0.44086
29674,0.44868
29675,0.45748
29676,0.46725
29677,0.47801
29678,0.48778
29679,0.49658
29680,0.50733
29681,0.51808
29682,0.52884
29683,0.53959
29684,0.54936
29685,0.55816
29686,0.56598
29687,0.5738
29688,0.58162
29689,0.58944
29690,0.59433
29691,0.59824
29692,0.6002
29693,0.60215
29694,0.60313
29695,0.60313
29696,0.60313
29697,0.60117
29698,0.59824
29699,0.59531
29700,0.5914
29701,0.58749
29702,0.58358
29703,0.57967
29704,0.57478
29705,0.57087
29706,0.56598
29707,0.56207
29708,0.55718
29709,0.5523
29710,0.54741
29711,0.54154
29712,0.53666
29713,0.53079
29714,0.52493
29715,0.51906
29716,0.51417
29717,0.50929
29718,0.50538
29719,0.50244
29720,0.49853
29721,0.4956
29722,0.49267
29723,0.48876
29724,0.48485
29725,0.48094
29726,0.47703
29727,0.47312
29728,0.46921
29729,0.4653
29730,0.46237
29731,0.45846
29732,0.45552
29733,0.45161
29734,0.4477
29735,0.44575
29736,0.44282
29737,0.44086
29738,0.43891
29739,0.43695
29740,0.43304
29741,0.42913
29742,0.42522
29743,0.42131
29744,0.41838
29745,0.41349
29746,0.4086
29747,0.40274
29748,0.39785
29749,0.39296
29750,0.38905
29751,0.38514
29752,0.38123
29753,0.37732
29754,0.37537
29755,0.37439
29756,0.37439
29757,0.37439
29758,0.37537
29759,0.3783
29760,0.38123
29761,0.38319
29762,0.38612
29763,0.38905
29764,0.39296
29765,0.39785
29766,0.40371
29767,0.40958
29768,0.4174
29769,0.42522
29770,0.43304
29771,0.43988
29772,0.4477
29773,0.45552
29774,0.46334
29775,0.47116
29776,0.47898
29777,0.4868
29778,0.49462
29779,0.50049
29780,0.50733
29781,0.51222
29782,0.51515
29783,0.51711
29784,0.51906
29785,0.52102
29786,0.52102
29787,0.52004
29788,0.51808
29789,0.51515
29790,0.51124
29791,0.50733
29792,0.5044
29793,0.50244
29794,0.50049
29795,0.49951
29796,0.49756
29797,0.4956
29798,0.49267
29799,0.49071
29800,0.48876
29801,0.48778
29802,0.48583
29803,0.48387
29804,0.48192
29805,0.47996
29806,0.47801
29807,0.47605
29808,0.47312
29809,0.47019
29810,0.46823
29811,0.46628
29812,0.46334
29813,0.46041
29814,0.45748
29815,0.45455
29816,0.45357
29817,0.45259
29818,0.45161
29819,0.45161
29820,0.44966
29821,0.44868
29822,0.44868
29823,0.4477
29824,0.4477
29825,0.4477
29826,0.4477
29827,0.4477
29828,0.4477
29829,0.4477
29830,0.4477
29831,0.4477
29832,0.44673
29833,0.44575
29834,0.44379
29835,0.44379
29836,0.44282
29837,0.44282
29838,0.44184
29839,0.44184
29840,0.44086
29841,0.44086
29842,0.44086
29843,0.44184
29844,0.44282
29845,0.44379
29846,0.44379
29847,0.44379
29848,0.44379
29849,0.44379
29850,0.44575
29851,0.44868
29852,0.45259
29853,0.45552
29854,0.45943
29855,0.46432
29856,0.47116
29857,0.47801
29858,0.48778
29859,0.49756
29860,0.50733
29861,0.51613
29862,0.52395
29863,0.53275
29864,0.5435
29865,0.55523
29866,0.565
29867,0.57576
29868,0.58456
29869,0.59433
29870,0.60215
29871,0.60997
29872,0.61681
29873,0.6217
29874,0.62366
29875,0.62561
29876,0.62659
29877,0.62659
29878,0.62659
29879,0.62561
29880,0.62366
29881,0.61975
29882,0.61681
29883,0.6129
29884,0.60899
29885,0.60411
29886,0.59824
29887,0.59335
29888,0.58749
29889,0.58065
29890,0.5738
29891,0.56696
29892,0.56109
29893,0.55523
29894,0.54936
29895,0.5435
29896,0.53861
29897,0.53372
29898,0.52884
29899,0.52395
29900,0.51906
29901,0.51417
29902,0.51026
29903,0.50635
29904,0.50244
29905,0.49853
29906,0.49462
29907,0.49169
29908,0.48778
29909,0.48485
29910,0.48192
29911,0.47898
29912,0.47605
29913,0.47312
29914,0.47019
29915,0.46823
29916,0.46432
29917,0.46139
29918,0.45748
29919,0.45259
29920,0.44868
29921,0.44575
29922,0.44379
29923,0.44086
29924,0.43891
29925,0.43695
29926,0.43402
29927,0.43109
29928,0.42913
29929,0.4262
29930,0.42326
29931,0.41935
29932,0.41447
29933,0.41056
29934,0.40665
29935,0.40469
29936,0.40176
29937,0.3998
29938,0.39785
29939,0.39589
29940,0.39492
29941,0.39492
29942,0.39687
29943,0.39883
29944,0.40274
29945,0.4086
29946,0.41447
29947,0.42131
29948,0.43011
29949,0.43891
29950,0.4477
29951,0.45748
29952,0.46823
29953,0.47801
29954,0.48778
29955,0.49756
29956,0.50733
29957,0.51711
29958,0.52786
29959,0.53861
29960,0.54839
29961,0.55816
29962,0.56696
29963,0.57576
29964,0.58358
29965,0.59042
29966,0.59433
29967,0.59824
29968,0.6002
29969,0.60215
29970,0.60313
29971,0.60215
29972,0.60117
29973,0.59824
29974,0.59433
29975,0.5914
29976,0.58651
29977,0.5826
29978,0.57869
29979,0.57478
29980,0.57087
29981,0.56696
29982,0.56305
29983,0.55816
29984,0.55327
29985,0.54936
29986,0.54545
29987,0.54154
29988,0.53666
29989,0.53275
29990,0.52786
29991,0.52297
29992,0.51808
29993,0.51417
29994,0.50929
29995,0.50538
29996,0.50049
29997,0.49658
29998,0.49267
29999,0.48876
30000,0.48485
30001,0.48094
30002,0.47703
30003,0.47312
30004,0.46921
30005,0.4653
30006,0.46237
30007,0.45846
30008,0.45357
30009,0.44966
30010,0.44673
30011,0.44379
30012,0.44184
30013,0.43988
30014,0.43793
30015,0.43597
30016,0.43304
30017,0.43011
30018,0.42815
30019,0.42522
30020,0.42424
30021,0.42131
30022,0.41935
30023,0.41642
30024,0.41349
30025,0.4086
30026,0.40469
30027,0.40176
30028,0.39883
30029,0.39589
30030,0.39394
30031,0.39394
30032,0.39394
30033,0.39589
30034,0.39785
30035,0.39883
30036,0.40176
30037,0.40665
30038,0.41153
30039,0.41642
30040,0.42229
30041,0.42913
30042,0.43695
30043,0.44477
30044,0.45357
30045,0.46237
30046,0.47019
30047,0.48094
30048,0.49169
30049,0.50049
30050,0.50929
30051,0.51808
30052,0.52493
30053,0.53177
30054,0.53763
30055,0.54448
30056,0.54936
30057,0.55327
30058,0.55621
30059,0.55816
30060,0.56012
30061,0.56207
30062,0.56305
30063,0.56403
30064,0.56305
30065,0.56109
30066,0.55914
30067,0.55523
30068,0.55132
30069,0.54545
30070,0.54057
30071,0.5347
30072,0.52981
30073,0.52395
30074,0.51711
30075,0.51026
30076,0.5044
30077,0.49756
30078,0.49169
30079,0.48583
30080,0.48094
30081,0.47507
30082,0.46921
30083,0.46334
30084,0.45748
30085,0.45259
30086,0.44673
30087,0.44184
30088,0.43597
30089,0.43011
30090,0.42424
30091,0.41838
30092,0.41251
30093,0.40665
30094,0.40176
30095,0.39785
30096,0.39198
30097,0.38807
30098,0.38514
30099,0.38221
30100,0.38025
30101,0.3783
30102,0.37732
30103,0.37732
30104,0.37732
30105,0.37732
30106,0.37732
30107,0.37732
30108,0.37732
30109,0.37732
30110,0.37732
30111,0.3783
30112,0.3783
30113,0.3783
30114,0.37634
30115,0.37439
30116,0.37243
30117,0.37048
30118,0.3695
30119,0.3695
30120,0.3695
30121,0.3695
30122,0.37048
30123,0.37243
30124,0.37537
30125,0.37928
30126,0.38319
30127,0.38807
30128,0.39394
30129,0.3998
30130,0.40665
30131,0.41544
30132,0.42522
30133,0.435
30134,0.44575
30135,0.4565
30136,0.46823
30137,0.47801
30138,0.48778
30139,0.49951
30140,0.51222
30141,0.52493
30142,0.53861
30143,0.55132
30144,0.56403
30145,0.57576
30146,0.58749
30147,0.59726
30148,0.60606
30149,0.61388
30150,0.61975
30151,0.62268
30152,0.62561
30153,0.62659
30154,0.62757
30155,0.62659
30156,0.62463
30157,0.6217
30158,0.61877
30159,0.61388
30160,0.60899
30161,0.60411
30162,0.59824
30163,0.59238
30164,0.58749
30165,0.5826
30166,0.57771
30167,0.57185
30168,0.56696
30169,0.56109
30170,0.55621
30171,0.55034
30172,0.54545
30173,0.54154
30174,0.53666
30175,0.53372
30176,0.53177
30177,0.52884
30178,0.52688
30179,0.52297
30180,0.51906
30181,0.51417
30182,0.50929
30183,0.50538
30184,0.50049
30185,0.49658
30186,0.49267
30187,0.48876
30188,0.48485
30189,0.48192
30190,0.47898
30191,0.47507
30192,0.47116
30193,0.46725
30194,0.46334
30195,0.45846
30196,0.45357
30197,0.44868
30198,0.44379
30199,0.43988
30200,0.43695
30201,0.43304
30202,0.43109
30203,0.42913
30204,0.42717
30205,0.42424
30206,0.42033
30207,0.4174
30208,0.41349
30209,0.41056
30210,0.40762
30211,0.40469
30212,0.40176
30213,0.39883
30214,0.39589
30215,0.39394
30216,0.39296
30217,0.39101
30218,0.39003
30219,0.39101
30220,0.39198
30221,0.39394
30222,0.39589
30223,0.40078
30224,0.40567
30225,0.41153
30226,0.41838
30227,0.42717
30228,0.435
30229,0.44184
30230,0.44868
30231,0.4565
30232,0.46628
30233,0.47801
30234,0.48876
30235,0.49951
30236,0.50929
30237,0.51906
30238,0.52884
30239,0.53763
30240,0.54741
30241,0.55621
30242,0.56305
30243,0.56794
30244,0.57283
30245,0.57771
30246,0.58162
30247,0.58456
30248,0.58651
30249,0.58651
30250,0.58651
30251,0.58553
30252,0.58358
30253,0.58162
30254,0.57869
30255,0.57576
30256,0.57283
30257,0.56891
30258,0.56598
30259,0.56305
30260,0.56012
30261,0.55718
30262,0.5523
30263,0.54839
30264,0.54448
30265,0.54057
30266,0.53666
30267,0.53177
30268,0.52688
30269,0.52199
30270,0.51711
30271,0.51222
30272,0.50831
30273,0.50342
30274,0.49951
30275,0.49658
30276,0.49267
30277,0.48876
30278,0.48485
30279,0.47996
30280,0.47507
30281,0.47019
30282,0.46628
30283,0.46237
30284,0.45846
30285,0.45455
30286,0.45161
30287,0.44966
30288,0.44673
30289,0.44477
30290,0.44282
30291,0.44086
30292,0.43891
30293,0.43793
30294,0.43597
30295,0.435
30296,0.43304
30297,0.43011
30298,0.42815
30299,0.4262
30300,0.42326
30301,0.42033
30302,0.41642
30303,0.41349
30304,0.40958
30305,0.40665
30306,0.40469
30307,0.40274
30308,0.40176
30309,0.3998
30310,0.39785
30311,0.39687
30312,0.39785
30313,0.39883
30314,0.40078
30315,0.40176
30316,0.40371
30317,0.40665
30318,0.41056
30319,0.41642
30320,0.42229
30321,0.42913
30322,0.43695
30323,0.44379
30324,0.45161
30325,0.46041
30326,0.47116
30327,0.48192
30328,0.49267
30329,0.50342
30330,0.51417
30331,0.52395
30332,0.53372
30333,0.54252
30334,0.54936
30335,0.55523
30336,0.56012
30337,0.565
30338,0.56794
30339,0.56989
30340,0.57185
30341,0.57185
30342,0.57087
30343,0.56891
30344,0.56696
30345,0.56403
30346,0.56207
30347,0.56012
30348,0.55816
30349,0.55523
30350,0.55132
30351,0.54741
30352,0.54252
30353,0.53861
30354,0.53372
30355,0.52981
30356,0.52493
30357,0.52004
30358,0.51515
30359,0.51026
30360,0.50733
30361,0.50342
30362,0.50049
30363,0.49756
30364,0.49462
30365,0.49169
30366,0.48876
30367,0.48485
30368,0.48094
30369,0.47703
30370,0.47312
30371,0.46921
30372,0.46432
30373,0.46139
30374,0.45846
30375,0.45455
30376,0.45161
30377,0.44868
30378,0.44673
30379,0.44477
30380,0.44282
30381,0.43988
30382,0.43695
30383,0.43304
30384,0.42913
30385,0.42522
30386,0.42229
30387,0.41838
30388,0.41349
30389,0.40958
30390,0.40567
30391,0.40078
30392,0.39687
30393,0.39198
30394,0.38807
30395,0.38416
30396,0.38025
30397,0.37634
30398,0.37243
30399,0.36852
30400,0.36657
30401,0.36364
30402,0.36168
30403,0.3607
30404,0.3607
30405,0.35973
30406,0.3607
30407,0.36364
30408,0.36657
30409,0.37048
30410,0.37634
30411,0.38221
30412,0.38807
30413,0.39296
30414,0.39883
30415,0.40371
30416,0.40958
30417,0.41642
30418,0.42424
30419,0.43304
30420,0.44086
30421,0.44868
30422,0.4565
30423,0.46432
30424,0.47312
30425,0.47996
30426,0.48583
30427,0.49267
30428,0.49951
30429,0.50538
30430,0.50929
30431,0.51222
30432,0.5132
30433,0.51222
30434,0.51124
30435,0.50831
30436,0.50733
30437,0.50538
30438,0.50342
30439,0.50244
30440,0.50244
30441,0.50147
30442,0.50049
30443,0.49951
30444,0.49853
30445,0.49756
30446,0.4956
30447,0.49462
30448,0.49169
30449,0.48974
30450,0.48583
30451,0.48289
30452,0.47996
30453,0.47703
30454,0.4741
30455,0.47116
30456,0.46823
30457,0.46432
30458,0.46139
30459,0.45846
30460,0.45552
30461,0.45259
30462,0.45064
30463,0.44868
30464,0.44868
30465,0.4477
30466,0.44673
30467,0.4477
30468,0.4477
30469,0.4477
30470,0.4477
30471,0.4477
30472,0.4477
30473,0.4477
30474,0.4477
30475,0.4477
30476,0.4477
30477,0.4477
30478,0.4477
30479,0.4477
30480,0.4477
30481,0.44673
30482,0.44673
30483,0.4477
30484,0.4477
30485,0.44673
30486,0.44673
30487,0.44673
30488,0.45161
30489,0.46041
30490,0.4653
30491,0.46823
30492,0.47019
30493,0.47019
30494,0.47116
30495,0.47116
30496,0.47116
30497,0.47116
30498,0.47214
30499,0.4741
30500,0.47801
30501,0.48387
30502,0.49071
30503,0.49853
30504,0.50538
30505,0.5132
30506,0.52102
30507,0.52981
30508,0.53861
30509,0.54839
30510,0.55816
30511,0.56891
30512,0.57869
30513,0.58847
30514,0.59726
30515,0.60606
30516,0.61388
30517,0.62072
30518,0.62561
30519,0.6305
30520,0.63441
30521,0.63832
30522,0.64125
30523,0.64223
30524,0.64125
30525,0.6393
30526,0.63636
30527,0.63245
30528,0.62854
30529,0.62463
30530,0.62072
30531,0.61584
30532,0.61095
30533,0.60606
30534,0.6002
30535,0.59433
30536,0.58847
30537,0.5826
30538,0.57674
30539,0.57087
30540,0.56403
30541,0.55816
30542,0.5523
30543,0.54643
30544,0.54154
30545,0.53666
30546,0.53275
30547,0.52884
30548,0.52395
30549,0.52004
30550,0.51613
30551,0.51222
30552,0.50733
30553,0.50342
30554,0.49951
30555,0.4956
30556,0.49169
30557,0.48876
30558,0.48485
30559,0.48094
30560,0.47703
30561,0.4741
30562,0.47116
30563,0.46823
30564,0.46628
30565,0.46432
30566,0.46237
30567,0.46041
30568,0.45748
30569,0.45552
30570,0.45259
30571,0.44966
30572,0.44673
30573,0.44379
30574,0.43988
30575,0.43695
30576,0.43304
30577,0.43011
30578,0.42522
30579,0.42033
30580,0.41642
30581,0.41251
30582,0.40958
30583,0.4086
30584,0.4086
30585,0.40762
30586,0.40762
30587,0.4086
30588,0.40958
30589,0.41153
30590,0.41251
30591,0.41544
30592,0.42033
30593,0.4262
30594,0.43402
30595,0.44282
30596,0.45161
30597,0.45943
30598,0.46725
30599,0.47703
30600,0.48876
30601,0.50049
30602,0.5132
30603,0.52493
30604,0.53666
30605,0.54839
30606,0.56012
30607,0.56989
30608,0.58065
30609,0.58847
30610,0.59531
30611,0.60215
30612,0.60899
30613,0.61388
30614,0.61779
30615,0.62072
30616,0.6217
30617,0.62268
30618,0.6217
30619,0.61877
30620,0.61584
30621,0.61193
30622,0.60802
30623,0.60411
30624,0.6002
30625,0.59824
30626,0.59531
30627,0.59238
30628,0.58847
30629,0.58456
30630,0.57967
30631,0.57478
30632,0.56989
30633,0.565
30634,0.55914
30635,0.55425
30636,0.54936
30637,0.5435
30638,0.53763
30639,0.53275
30640,0.52884
30641,0.52493
30642,0.52199
30643,0.51906
30644,0.51613
30645,0.5132
30646,0.50929
30647,0.50538
30648,0.50244
30649,0.49853
30650,0.4956
30651,0.49169
30652,0.4868
30653,0.48192
30654,0.47703
30655,0.47312
30656,0.46921
30657,0.46725
30658,0.46432
30659,0.46237
30660,0.46041
30661,0.45748
30662,0.45552
30663,0.45357
30664,0.45064
30665,0.44673
30666,0.44379
30667,0.44086
30668,0.43793
30669,0.43597
30670,0.43304
30671,0.43011
30672,0.42717
30673,0.42326
30674,0.42033
30675,0.41838
30676,0.41642
30677,0.41447
30678,0.41349
30679,0.41349
30680,0.41349
30681,0.41544
30682,0.4174
30683,0.42131
30684,0.4262
30685,0.43206
30686,0.43793
30687,0.44379
30688,0.45064
30689,0.45846
30690,0.46725
30691,0.47507
30692,0.48485
30693,0.4956
30694,0.50635
30695,0.51711
30696,0.52884
30697,0.53861
30698,0.54839
30699,0.55621
30700,0.56403
30701,0.57185
30702,0.57674
30703,0.5826
30704,0.58847
30705,0.5914
30706,0.59433
30707,0.59629
30708,0.59629
30709,0.59629
30710,0.59433
30711,0.5914
30712,0.58749
30713,0.58358
30714,0.57967
30715,0.57478
30716,0.56989
30717,0.565
30718,0.55914
30719,0.55327
30720,0.54741
30721,0.54252
30722,0.53763
30723,0.53275
30724,0.52786
30725,0.52199
30726,0.51515
30727,0.50929
30728,0.50342
30729,0.49756
30730,0.49071
30731,0.48289
30732,0.47507
30733,0.46823
30734,0.46237
30735,0.45552
30736,0.44966
30737,0.44379
30738,0.43695
30739,0.43109
30740,0.4262
30741,0.42131
30742,0.41642
30743,0.41153
30744,0.3998
30745,0.38514
30746,0.37634
30747,0.37048
30748,0.36657
30749,0.36364
30750,0.3607
30751,0.35777
30752,0.35484
30753,0.35288
30754,0.35191
30755,0.35191
30756,0.35093
30757,0.35093
30758,0.35093
30759,0.35093
30760,0.34995
30761,0.34897
30762,0.34897
30763,0.34897
30764,0.34897
30765,0.34897
30766,0.34995
30767,0.34995
30768,0.35093
30769,0.35093
30770,0.35093
30771,0.35191
30772,0.35484
30773,0.35875
30774,0.36266
30775,0.36657
30776,0.37243
30777,0.37928
30778,0.3871
30779,0.39589
30780,0.40469
30781,0.4174
30782,0.43109
30783,0.44379
30784,0.45748
30785,0.47116
30786,0.4868
30787,0.50244
30788,0.51808
30789,0.53275
30790,0.54839
30791,0.56403
30792,0.57576
30793,0.58651
30794,0.59824
30795,0.60899
30796,0.61877
30797,0.62854
30798,0.63636
30799,0.64223
30800,0.64614
30801,0.64809
30802,0.64907
30803,0.64809
30804,0.64712
30805,0.64418
30806,0.64125
30807,0.63734
30808,0.63343
30809,0.62854
30810,0.62268
30811,0.61681
30812,0.60997
30813,0.60313
30814,0.59629
30815,0.58847
30816,0.58162
30817,0.57674
30818,0.57185
30819,0.56696
30820,0.56207
30821,0.55718
30822,0.5523
30823,0.54741
30824,0.54154
30825,0.53568
30826,0.53177
30827,0.52688
30828,0.52199
30829,0.51711
30830,0.5132
30831,0.50831
30832,0.5044
30833,0.50147
30834,0.49756
30835,0.49267
30836,0.48876
30837,0.48485
30838,0.47996
30839,0.47605
30840,0.47116
30841,0.46725
30842,0.46334
30843,0.45846
30844,0.45455
30845,0.45064
30846,0.4477
30847,0.44477
30848,0.44184
30849,0.43793
30850,0.43402
30851,0.43011
30852,0.4262
30853,0.42424
30854,0.42131
30855,0.4174
30856,0.41349
30857,0.41056
30858,0.40762
30859,0.40567
30860,0.40176
30861,0.39883
30862,0.39589
30863,0.39296
30864,0.39101
30865,0.39003
30866,0.39003
30867,0.39198
30868,0.39394
30869,0.39785
30870,0.40274
30871,0.4086
30872,0.41447
30873,0.42229
30874,0.43109
30875,0.43891
30876,0.44868
30877,0.46041
30878,0.47214
30879,0.48485
30880,0.49756
30881,0.50831
30882,0.52004
30883,0.53079
30884,0.54057
30885,0.54839
30886,0.55816
30887,0.56794
30888,0.57674
30889,0.58456
30890,0.59042
30891,0.59629
30892,0.6002
30893,0.60411
30894,0.60606
30895,0.60704
30896,0.60704
30897,0.60508
30898,0.60215
30899,0.59824
30900,0.59433
30901,0.59042
30902,0.58553
30903,0.5826
30904,0.57967
30905,0.57674
30906,0.5738
30907,0.56989
30908,0.56403
30909,0.55816
30910,0.55327
30911,0.54741
30912,0.54154
30913,0.53568
30914,0.52981
30915,0.52493
30916,0.52004
30917,0.51613
30918,0.51222
30919,0.50831
30920,0.5044
30921,0.50049
30922,0.49658
30923,0.49267
30924,0.48778
30925,0.48387
30926,0.47801
30927,0.47116
30928,0.4653
30929,0.46041
30930,0.45552
30931,0.45064
30932,0.44673
30933,0.44379
30934,0.44086
30935,0.43891
30936,0.43597
30937,0.43304
30938,0.43206
30939,0.43011
30940,0.42717
30941,0.42522
30942,0.42326
30943,0.42131
30944,0.41935
30945,0.41642
30946,0.41447
30947,0.41153
30948,0.40762
30949,0.40469
30950,0.40176
30951,0.39883
30952,0.39589
30953,0.39296
30954,0.39003
30955,0.3871
30956,0.38514
30957,0.38221
30958,0.38123
30959,0.38025
30960,0.38123
30961,0.38319
30962,0.38514
30963,0.38905
30964,0.39296
30965,0.39883
30966,0.40469
30967,0.41349
30968,0.42229
30969,0.43206
30970,0.44086
30971,0.45064
30972,0.46139
30973,0.47312
30974,0.48485
30975,0.49756
30976,0.50733
30977,0.51613
30978,0.5259
30979,0.53568
30980,0.54643
30981,0.55621
30982,0.565
30983,0.57185
30984,0.57771
30985,0.58358
30986,0.58651
30987,0.58847
30988,0.58847
30989,0.58749
30990,0.58456
30991,0.58162
30992,0.57869
30993,0.57674
30994,0.5738
30995,0.57185
30996,0.56696
30997,0.56012
30998,0.55523
30999,0.55132
31000,0.54643
31001,0.54154
31002,0.53666
31003,0.53177
31004,0.52688
31005,0.52199
31006,0.51613
31007,0.51124
31008,0.50733
31009,0.5044
31010,0.50049
31011,0.49756
31012,0.49365
31013,0.49071
31014,0.4868
31015,0.48387
31016,0.48094
31017,0.47605
31018,0.47019
31019,0.4653
31020,0.45943
31021,0.45455
31022,0.44868
31023,0.44379
31024,0.43793
31025,0.43304
31026,0.42913
31027,0.42522
31028,0.42229
31029,0.42033
31030,0.4174
31031,0.41447
31032,0.41153
31033,0.40665
31034,0.40274
31035,0.3998
31036,0.39687
31037,0.39394
31038,0.39198
31039,0.38905
31040,0.38612
31041,0.38319
31042,0.38123
31043,0.3783
31044,0.37341
31045,0.36852
31046,0.36461
31047,0.3607
31048,0.35679
31049,0.35386
31050,0.34995
31051,0.34702
31052,0.34506
31053,0.34409
31054,0.34311
31055,0.34506
31056,0.34702
31057,0.34995
31058,0.35386
31059,0.35679
31060,0.3607
31061,0.36559
31062,0.37243
31063,0.37928
31064,0.38807
31065,0.39785
31066,0.40762
31067,0.41935
31068,0.43011
31069,0.43988
31070,0.44868
31071,0.45943
31072,0.46921
31073,0.47996
31074,0.49071
31075,0.50049
31076,0.50831
31077,0.51515
31078,0.52102
31079,0.5259
31080,0.52981
31081,0.53177
31082,0.53275
31083,0.53275
31084,0.53177
31085,0.53079
31086,0.52884
31087,0.52688
31088,0.52493
31089,0.52297
31090,0.52004
31091,0.51808
31092,0.51613
31093,0.51515
31094,0.5132
31095,0.51124
31096,0.51026
31097,0.50929
31098,0.50929
31099,0.50831
31100,0.50831
31101,0.50831
31102,0.50831
31103,0.50831
31104,0.50831
31105,0.50831
31106,0.50831
31107,0.50831
31108,0.50831
31109,0.50733
31110,0.50733
31111,0.50733
31112,0.50733
31113,0.50733
31114,0.50635
31115,0.50538
31116,0.50342
31117,0.50147
31118,0.49853
31119,0.4956
31120,0.49267
31121,0.48974
31122,0.4868
31123,0.48289
31124,0.47703
31125,0.47116
31126,0.46628
31127,0.46139
31128,0.45748
31129,0.45552
31130,0.45259
31131,0.45064
31132,0.44868
31133,0.44673
31134,0.44575
31135,0.44477
31136,0.44282
31137,0.44184
31138,0.43988
31139,0.43891
31140,0.43793
31141,0.43793
31142,0.43891
31143,0.44086
31144,0.44184
31145,0.44379
31146,0.4477
31147,0.45064
31148,0.45357
31149,0.45748
31150,0.46237
31151,0.46823
31152,0.47507
31153,0.48192
31154,0.48974
31155,0.49853
31156,0.50733
31157,0.51613
31158,0.52493
31159,0.53372
31160,0.54057
31161,0.54643
31162,0.55327
31163,0.55816
31164,0.56403
31165,0.56891
31166,0.5738
31167,0.57771
31168,0.58162
31169,0.58358
31170,0.58456
31171,0.58358
31172,0.58162
31173,0.57967
31174,0.57576
31175,0.57283
31176,0.56891
31177,0.56598
31178,0.56403
31179,0.56109
31180,0.55816
31181,0.55523
31182,0.5523
31183,0.54839
31184,0.54448
31185,0.54057
31186,0.53568
31187,0.53177
31188,0.52688
31189,0.52199
31190,0.51711
31191,0.5132
31192,0.50929
31193,0.50635
31194,0.50342
31195,0.50049
31196,0.49756
31197,0.49365
31198,0.49071
31199,0.48778
31200,0.48387
31201,0.47996
31202,0.4741
31203,0.46921
31204,0.46334
31205,0.45846
31206,0.45552
31207,0.45161
31208,0.44966
31209,0.4477
31210,0.44575
31211,0.44379
31212,0.44184
31213,0.44086
31214,0.43793
31215,0.435
31216,0.43304
31217,0.43109
31218,0.42815
31219,0.4262
31220,0.42326
31221,0.42131
31222,0.41935
31223,0.41642
31224,0.41349
31225,0.41056
31226,0.40762
31227,0.40469
31228,0.40176
31229,0.3998
31230,0.39883
31231,0.39883
31232,0.39785
31233,0.39785
31234,0.39785
31235,0.39883
31236,0.3998
31237,0.40078
31238,0.40274
31239,0.40469
31240,0.40665
31241,0.40958
31242,0.41447
31243,0.42033
31244,0.42717
31245,0.435
31246,0.44379
31247,0.45064
31248,0.45943
31249,0.46921
31250,0.47898
31251,0.48974
31252,0.49853
31253,0.50538
31254,0.51417
31255,0.52199
31256,0.54057
31257,0.56305
31258,0.57674
31259,0.58651
31260,0.59335
31261,0.59824
31262,0.6002
31263,0.60117
31264,0.60215
31265,0.60215
31266,0.60215
31267,0.60117
31268,0.59922
31269,0.59824
31270,0.59629
31271,0.59335
31272,0.58944
31273,0.58553
31274,0.58065
31275,0.57576
31276,0.57185
31277,0.56794
31278,0.56305
31279,0.55816
31280,0.55327
31281,0.54839
31282,0.54448
31283,0.54057
31284,0.53666
31285,0.53275
31286,0.52884
31287,0.5259
31288,0.52297
31289,0.51906
31290,0.51613
31291,0.5132
31292,0.51026
31293,0.50635
31294,0.50244
31295,0.49853
31296,0.49462
31297,0.49071
31298,0.48778
31299,0.48485
31300,0.48289
31301,0.47996
31302,0.47801
31303,0.47507
31304,0.47312
31305,0.47019
31306,0.46725
31307,0.4653
31308,0.46237
31309,0.46041
31310,0.45846
31311,0.4565
31312,0.45455
31313,0.45161
31314,0.4477
31315,0.44477
31316,0.44086
31317,0.43695
31318,0.435
31319,0.43206
31320,0.43011
31321,0.42717
31322,0.42522
31323,0.42326
31324,0.42131
31325,0.42033
31326,0.41935
31327,0.41935
31328,0.41935
31329,0.41935
31330,0.41935
31331,0.42033
31332,0.42131
31333,0.42424
31334,0.42717
31335,0.43109
31336,0.435
31337,0.44086
31338,0.44673
31339,0.45455
31340,0.46334
31341,0.47214
31342,0.47996
31343,0.4868
31344,0.49365
31345,0.50049
31346,0.50929
31347,0.51808
31348,0.5259
31349,0.53372
31350,0.54057
31351,0.54545
31352,0.54839
31353,0.55034
31354,0.55034
31355,0.54936
31356,0.54741
31357,0.54545
31358,0.54252
31359,0.53959
31360,0.53568
31361,0.53275
31362,0.52884
31363,0.52395
31364,0.51906
31365,0.51417
31366,0.50929
31367,0.5044
31368,0.49853
31369,0.49365
31370,0.49169
31371,0.48876
31372,0.4868
31373,0.48387
31374,0.48094
31375,0.47703
31376,0.47214
31377,0.46823
31378,0.4653
31379,0.46237
31380,0.46041
31381,0.45846
31382,0.4565
31383,0.45552
31384,0.45552
31385,0.45552
31386,0.45357
31387,0.45259
31388,0.45064
31389,0.44868
31390,0.4477
31391,0.44575
31392,0.44379
31393,0.44184
31394,0.43988
31395,0.43793
31396,0.43695
31397,0.43597
31398,0.43402
31399,0.43304
31400,0.43304
31401,0.43304
31402,0.43206
31403,0.43206
31404,0.43206
31405,0.43206
31406,0.43206
31407,0.43206
31408,0.43206
31409,0.43304
31410,0.43402
31411,0.43402
31412,0.435
31413,0.43695
31414,0.43891
31415,0.43988
31416,0.44184
31417,0.44379
31418,0.44575
31419,0.4477
31420,0.45161
31421,0.45552
31422,0.46041
31423,0.4653
31424,0.47019
31425,0.47703
31426,0.48485
31427,0.49267
31428,0.50147
31429,0.51026
31430,0.51906
31431,0.52786
31432,0.53568
31433,0.5435
31434,0.55132
31435,0.55718
31436,0.56305
31437,0.56989
31438,0.57674
31439,0.58456
31440,0.59238
31441,0.59824
31442,0.60313
31443,0.60704
31444,0.61193
31445,0.61584
31446,0.61877
31447,0.61975
31448,0.61877
31449,0.61584
31450,0.6129
31451,0.60997
31452,0.60606
31453,0.60313
31454,0.6002
31455,0.59824
31456,0.59629
31457,0.59335
31458,0.58944
31459,0.58651
31460,0.58162
31461,0.57674
31462,0.57283
31463,0.56794
31464,0.56305
31465,0.55718
31466,0.5523
31467,0.54839
31468,0.54448
31469,0.54057
31470,0.53666
31471,0.53275
31472,0.52884
31473,0.52395
31474,0.51906
31475,0.51417
31476,0.50929
31477,0.50538
31478,0.50049
31479,0.4956
31480,0.49071
31481,0.4868
31482,0.48387
31483,0.48094
31484,0.47898
31485,0.47703
31486,0.4741
31487,0.47116
31488,0.46921
31489,0.46725
31490,0.4653
31491,0.46432
31492,0.46237
31493,0.46041
31494,0.45846
31495,0.45552
31496,0.45259
31497,0.44966
31498,0.4477
31499,0.44477
31500,0.44282
31501,0.43988
31502,0.43793
31503,0.43597
31504,0.43304
31505,0.43109
31506,0.42815
31507,0.42717
31508,0.42522
31509,0.42424
31510,0.42326
31511,0.42326
31512,0.41153
31513,0.39589
31514,0.38807
31515,0.3871
31516,0.38807
31517,0.39003
31518,0.39296
31519,0.39785
31520,0.40371
31521,0.41056
31522,0.41935
31523,0.42913
31524,0.44086
31525,0.45357
31526,0.46628
31527,0.47801
31528,0.48876
31529,0.50147
31530,0.5132
31531,0.52493
31532,0.53666
31533,0.54741
31534,0.55816
31535,0.56696
31536,0.57674
31537,0.58553
31538,0.59238
31539,0.59824
31540,0.60215
31541,0.60313
31542,0.60411
31543,0.60313
31544,0.60215
31545,0.6002
31546,0.59824
31547,0.59629
31548,0.59335
31549,0.59042
31550,0.58651
31551,0.58162
31552,0.57674
31553,0.57087
31554,0.565
31555,0.55914
31556,0.55327
31557,0.54643
31558,0.53959
31559,0.5347
31560,0.52981
31561,0.52493
31562,0.52004
31563,0.51515
31564,0.51124
31565,0.50635
31566,0.50244
31567,0.49853
31568,0.49462
31569,0.49071
31570,0.48583
31571,0.48094
31572,0.47703
31573,0.47214
31574,0.46823
31575,0.46432
31576,0.46041
31577,0.45846
31578,0.45552
31579,0.45259
31580,0.45064
31581,0.4477
31582,0.44379
31583,0.43988
31584,0.43695
31585,0.43304
31586,0.43109
31587,0.42815
31588,0.4262
31589,0.42326
31590,0.41935
31591,0.41544
31592,0.41056
31593,0.40665
31594,0.40371
31595,0.39883
31596,0.39589
31597,0.39296
31598,0.39101
31599,0.39003
31600,0.38807
31601,0.3871
31602,0.3871
31603,0.38612
31604,0.38612
31605,0.38612
31606,0.3871
31607,0.38807
31608,0.39003
31609,0.39198
31610,0.39394
31611,0.39785
31612,0.40274
31613,0.4086
31614,0.41544
31615,0.42424
31616,0.43402
31617,0.44477
31618,0.45552
31619,0.4653
31620,0.4741
31621,0.48583
31622,0.49658
31623,0.50733
31624,0.51808
31625,0.52786
31626,0.53568
31627,0.54448
31628,0.55327
31629,0.56109
31630,0.56891
31631,0.57478
31632,0.57967
31633,0.5826
31634,0.58456
31635,0.58553
31636,0.58553
31637,0.58358
31638,0.5826
31639,0.58065
31640,0.57771
31641,0.5738
31642,0.56794
31643,0.56207
31644,0.55523
31645,0.54936
31646,0.5435
31647,0.53666
31648,0.52981
31649,0.52297
31650,0.51613
31651,0.50929
31652,0.50049
31653,0.49267
31654,0.48583
31655,0.47801
31656,0.47019
31657,0.46334
31658,0.45943
31659,0.45552
31660,0.45064
31661,0.44673
31662,0.44282
31663,0.43891
31664,0.435
31665,0.43011
31666,0.4262
31667,0.42033
31668,0.41447
31669,0.40762
31670,0.40078
31671,0.39589
31672,0.39198
31673,0.38807
31674,0.38319
31675,0.37928
31676,0.37439
31677,0.37048
31678,0.36559
31679,0.3607
31680,0.35582
31681,0.35093
31682,0.34604
31683,0.34018
31684,0.33431
31685,0.3304
31686,0.32649
31687,0.3216
31688,0.31672
31689,0.31378
31690,0.31085
31691,0.30792
31692,0.30499
31693,0.30401
31694,0.30303
31695,0.30401
31696,0.30499
31697,0.30596
31698,0.3089
31699,0.31183
31700,0.31476
31701,0.31867
31702,0.32258
31703,0.32747
31704,0.33431
31705,0.34213
31706,0.34995
31707,0.3607
31708,0.37243
31709,0.38416
31710,0.39687
31711,0.40958
31712,0.42229
31713,0.43695
31714,0.45064
31715,0.4653
31716,0.47898
31717,0.49365
31718,0.50831
31719,0.52297
31720,0.53568
31721,0.54741
31722,0.55914
31723,0.57087
31724,0.58065
31725,0.58749
31726,0.59335
31727,0.59922
31728,0.60313
31729,0.60606
31730,0.60802
31731,0.60802
31732,0.60899
31733,0.60802
31734,0.60508
31735,0.60313
31736,0.60117
31737,0.59824
31738,0.59629
31739,0.59433
31740,0.5914
31741,0.58944
31742,0.58651
31743,0.5826
31744,0.57869
31745,0.5738
31746,0.56794
31747,0.56207
31748,0.55523
31749,0.54839
31750,0.54252
31751,0.53666
31752,0.53177
31753,0.52688
31754,0.52297
31755,0.51808
31756,0.5132
31757,0.50831
31758,0.5044
31759,0.49951
31760,0.49462
31761,0.49071
31762,0.48583
31763,0.48192
31764,0.47801
31765,0.4741
31766,0.47019
31767,0.46628
31768,0.4741
31769,0.48778
31770,0.49365
31771,0.4956
31772,0.4956
31773,0.4956
31774,0.49365
31775,0.49169
31776,0.49071
31777,0.48974
31778,0.48876
31779,0.4868
31780,0.48485
31781,0.48192
31782,0.47801
31783,0.47507
31784,0.47116
31785,0.46921
31786,0.46628
31787,0.46334
31788,0.46139
31789,0.45943
31790,0.45748
31791,0.4565
31792,0.45552
31793,0.45455
31794,0.45455
31795,0.4565
31796,0.45748
31797,0.46041
31798,0.46432
31799,0.46921
31800,0.47605
31801,0.48485
31802,0.49267
31803,0.49951
31804,0.50538
31805,0.5132
31806,0.52297
31807,0.53275
31808,0.5435
31809,0.55425
31810,0.56403
31811,0.5738
31812,0.5826
31813,0.59042
31814,0.59629
31815,0.60313
31816,0.60802
31817,0.61193
31818,0.61584
31819,0.61877
31820,0.61975
31821,0.61975
31822,0.61877
31823,0.61779
31824,0.61584
31825,0.61388
31826,0.61095
31827,0.60704
31828,0.60313
31829,0.59922
31830,0.59629
31831,0.5914
31832,0.58749
31833,0.5826
31834,0.57771
31835,0.57283
31836,0.56794
31837,0.56403
31838,0.56012
31839,0.55621
31840,0.5523
31841,0.54839
31842,0.54545
31843,0.54252
31844,0.53861
31845,0.53568
31846,0.53177
31847,0.52786
31848,0.52493
31849,0.52102
31850,0.51711
31851,0.5132
31852,0.51026
31853,0.50635
31854,0.5044
31855,0.50244
31856,0.50147
31857,0.49951
31858,0.49756
31859,0.49658
31860,0.49462
31861,0.49267
31862,0.48974
31863,0.4868
31864,0.48289
31865,0.47996
31866,0.47801
31867,0.47605
31868,0.4741
31869,0.47312
31870,0.47019
31871,0.46725
31872,0.46432
31873,0.46041
31874,0.45748
31875,0.45259
31876,0.44966
31877,0.4477
31878,0.44575
31879,0.44477
31880,0.44379
31881,0.44379
31882,0.44477
31883,0.44477
31884,0.44477
31885,0.44575
31886,0.44673
31887,0.44868
31888,0.45064
31889,0.45357
31890,0.45846
31891,0.46334
31892,0.46921
31893,0.47703
31894,0.48485
31895,0.49267
31896,0.50049
31897,0.50929
31898,0.51808
31899,0.52786
31900,0.53861
31901,0.54839
31902,0.55718
31903,0.56598
31904,0.57478
31905,0.58358
31906,0.5914
31907,0.59824
31908,0.60411
31909,0.60802
31910,0.6129
31911,0.61681
31912,0.61975
31913,0.6217
31914,0.6217
31915,0.62072
31916,0.61975
31917,0.61779
31918,0.61584
31919,0.61388
31920,0.61095
31921,0.60802
31922,0.60411
31923,0.6002
31924,0.59629
31925,0.5914
31926,0.58651
31927,0.58065
31928,0.57576
31929,0.56989
31930,0.565
31931,0.56109
31932,0.55816
31933,0.55523
31934,0.55327
31935,0.55034
31936,0.54741
31937,0.54448
31938,0.54154
31939,0.53763
31940,0.53372
31941,0.52981
31942,0.52688
31943,0.52297
31944,0.51906
31945,0.51515
31946,0.51124
31947,0.50831
31948,0.50635
31949,0.50342
31950,0.50147
31951,0.49853
31952,0.49658
31953,0.49462
31954,0.49267
31955,0.49071
31956,0.48876
31957,0.4868
31958,0.48485
31959,0.48289
31960,0.48094
31961,0.47898
31962,0.4741
31963,0.46921
31964,0.46432
31965,0.45846
31966,0.45357
31967,0.44966
31968,0.44673
31969,0.44477
31970,0.44184
31971,0.43891
31972,0.43597
31973,0.43304
31974,0.43109
31975,0.42815
31976,0.42522
31977,0.42326
31978,0.42229
31979,0.42229
31980,0.42326
31981,0.4262
31982,0.42913
31983,0.43206
31984,0.43695
31985,0.44282
31986,0.4477
31987,0.45259
31988,0.45748
31989,0.46432
31990,0.47116
31991,0.47898
31992,0.4868
31993,0.49462
31994,0.50244
31995,0.50929
31996,0.51711
31997,0.52395
31998,0.52981
31999,0.53568
32000,0.54057
32001,0.54643
32002,0.55132
32003,0.55523
32004,0.55914
32005,0.56109
32006,0.56207
32007,0.56207
32008,0.56207
32009,0.56109
32010,0.55914
32011,0.55816
32012,0.55621
32013,0.55425
32014,0.5523
32015,0.55034
32016,0.54741
32017,0.54545
32018,0.5435
32019,0.54154
32020,0.5347
32021,0.52493
32022,0.51906
32023,0.51417
32024,0.50929
32025,0.50538
32026,0.50147
32027,0.49951
32028,0.49756
32029,0.49462
32030,0.49267
32031,0.48974
32032,0.48583
32033,0.48289
32034,0.47996
32035,0.47703
32036,0.47507
32037,0.4741
32038,0.47312
32039,0.47312
32040,0.47312
32041,0.47312
32042,0.47312
32043,0.4741
32044,0.47507
32045,0.47703
32046,0.47703
32047,0.47801
32048,0.47801
32049,0.47801
32050,0.47801
32051,0.47801
32052,0.47801
32053,0.47801
32054,0.47703
32055,0.47703
32056,0.47605
32057,0.4741
32058,0.47214
32059,0.47019
32060,0.46921
32061,0.46823
32062,0.46921
32063,0.47116
32064,0.47312
32065,0.4741
32066,0.47507
32067,0.47605
32068,0.47703
32069,0.47703
32070,0.47801
32071,0.47801
32072,0.47801
32073,0.47996
32074,0.48387
32075,0.48876
32076,0.4956
32077,0.5044
32078,0.51124
32079,0.51906
32080,0.52981
32081,0.54057
32082,0.5523
32083,0.56403
32084,0.57576
32085,0.58651
32086,0.59824
32087,0.60899
32088,0.61975
32089,0.62854
32090,0.63832
32091,0.64614
32092,0.652
32093,0.65982
32094,0.66667
32095,0.67155
32096,0.67449
32097,0.67644
32098,0.67546
32099,0.67351
32100,0.6696
32101,0.66569
32102,0.6608
32103,0.65689
32104,0.652
32105,0.64712
32106,0.64321
32107,0.63832
32108,0.63148
32109,0.62463
32110,0.61877
32111,0.6129
32112,0.60704
32113,0.6002
32114,0.59335
32115,0.58651
32116,0.57967
32117,0.57283
32118,0.56696
32119,0.56109
32120,0.55523
32121,0.54936
32122,0.54545
32123,0.54154
32124,0.53763
32125,0.53372
32126,0.52981
32127,0.5259
32128,0.52102
32129,0.51711
32130,0.51222
32131,0.50831
32132,0.5044
32133,0.50049
32134,0.4956
32135,0.49169
32136,0.4868
32137,0.48289
32138,0.47996
32139,0.47703
32140,0.47507
32141,0.47214
32142,0.47019
32143,0.46823
32144,0.46628
32145,0.46432
32146,0.46237
32147,0.46041
32148,0.45846
32149,0.45552
32150,0.45259
32151,0.44966
32152,0.44575
32153,0.44184
32154,0.43793
32155,0.43402
32156,0.43011
32157,0.42717
32158,0.42424
32159,0.42229
32160,0.41935
32161,0.4174
32162,0.41642
32163,0.41642
32164,0.41838
32165,0.42033
32166,0.42326
32167,0.42815
32168,0.43402
32169,0.44086
32170,0.44868
32171,0.45748
32172,0.46628
32173,0.47605
32174,0.48778
32175,0.49951
32176,0.5132
32177,0.52688
32178,0.53959
32179,0.5523
32180,0.565
32181,0.57674
32182,0.58847
32183,0.59922
32184,0.60704
32185,0.61584
32186,0.62463
32187,0.63245
32188,0.6393
32189,0.64418
32190,0.64809
32191,0.65005
32192,0.65103
32193,0.65103
32194,0.64907
32195,0.64614
32196,0.64223
32197,0.63832
32198,0.63343
32199,0.62952
32200,0.62561
32201,0.6217
32202,0.61877
32203,0.61486
32204,0.60899
32205,0.60215
32206,0.59629
32207,0.59042
32208,0.58456
32209,0.57967
32210,0.57576
32211,0.57087
32212,0.56696
32213,0.56305
32214,0.55816
32215,0.55327
32216,0.54936
32217,0.54448
32218,0.53959
32219,0.5347
32220,0.53079
32221,0.5259
32222,0.52199
32223,0.51808
32224,0.51417
32225,0.50929
32226,0.50538
32227,0.50049
32228,0.4956
32229,0.49071
32230,0.48583
32231,0.48094
32232,0.47801
32233,0.47507
32234,0.47214
32235,0.47116
32236,0.46921
32237,0.46725
32238,0.4653
32239,0.46334
32240,0.46041
32241,0.45748
32242,0.45455
32243,0.45064
32244,0.4477
32245,0.44477
32246,0.44282
32247,0.43988
32248,0.43793
32249,0.43597
32250,0.43304
32251,0.43011
32252,0.4262
32253,0.42229
32254,0.42033
32255,0.4174
32256,0.41544
32257,0.41349
32258,0.41447
32259,0.41544
32260,0.4174
32261,0.42131
32262,0.42522
32263,0.43011
32264,0.43695
32265,0.44282
32266,0.45064
32267,0.46041
32268,0.47019
32269,0.47996
32270,0.48876
32271,0.49853
32272,0.51026
32273,0.52199
32274,0.53372
32275,0.54154
32276,0.54839
32277,0.55523
32278,0.56207
32279,0.56891
32280,0.56403
32281,0.5523
32282,0.54839
32283,0.54643
32284,0.54545
32285,0.5435
32286,0.53959
32287,0.53372
32288,0.52884
32289,0.52297
32290,0.51711
32291,0.51222
32292,0.50733
32293,0.50244
32294,0.49756
32295,0.49267
32296,0.4868
32297,0.47996
32298,0.4741
32299,0.46823
32300,0.46334
32301,0.45846
32302,0.45455
32303,0.44966
32304,0.44477
32305,0.44086
32306,0.43695
32307,0.43304
32308,0.43011
32309,0.42815
32310,0.4262
32311,0.42326
32312,0.42131
32313,0.41935
32314,0.4174
32315,0.41642
32316,0.41447
32317,0.41349
32318,0.41153
32319,0.41056
32320,0.4086
32321,0.40762
32322,0.40567
32323,0.40469
32324,0.40371
32325,0.40274
32326,0.40176
32327,0.40274
32328,0.40371
32329,0.40469
32330,0.40567
32331,0.40665
32332,0.40665
32333,0.40665
32334,0.40762
32335,0.40762
32336,0.4086
32337,0.40958
32338,0.40958
32339,0.41153
32340,0.41349
32341,0.41544
32342,0.4174
32343,0.41935
32344,0.42131
32345,0.42326
32346,0.42522
32347,0.42815
32348,0.43109
32349,0.435
32350,0.43988
32351,0.44477
32352,0.45064
32353,0.45748
32354,0.4653
32355,0.47312
32356,0.48289
32357,0.49365
32358,0.50538
32359,0.51613
32360,0.52688
32361,0.53763
32362,0.54839
32363,0.55816
32364,0.56891
32365,0.57869
32366,0.58847
32367,0.59629
32368,0.60313
32369,0.61095
32370,0.61779
32371,0.62366
32372,0.62854
32373,0.63245
32374,0.63539
32375,0.63636
32376,0.63734
32377,0.63734
32378,0.63734
32379,0.63636
32380,0.63441
32381,0.6305
32382,0.62659
32383,0.62268
32384,0.61877
32385,0.61388
32386,0.60997
32387,0.60508
32388,0.59922
32389,0.59238
32390,0.58553
32391,0.57869
32392,0.57283
32393,0.56794
32394,0.56207
32395,0.55621
32396,0.55034
32397,0.5435
32398,0.53763
32399,0.53079
32400,0.52493
32401,0.51906
32402,0.5132
32403,0.50733
32404,0.50244
32405,0.49756
32406,0.49365
32407,0.48974
32408,0.48485
32409,0.48094
32410,0.47605
32411,0.47214
32412,0.46725
32413,0.46334
32414,0.45846
32415,0.45455
32416,0.45064
32417,0.44575
32418,0.44184
32419,0.43988
32420,0.43793
32421,0.43597
32422,0.43402
32423,0.43206
32424,0.43011
32425,0.42815
32426,0.42522
32427,0.42326
32428,0.42033
32429,0.4174
32430,0.41349
32431,0.41056
32432,0.40762
32433,0.40567
32434,0.40371
32435,0.40176
32436,0.3998
32437,0.39785
32438,0.39492
32439,0.39296
32440,0.39101
32441,0.38905
32442,0.3871
32443,0.38612
32444,0.38612
32445,0.38807
32446,0.39198
32447,0.39687
32448,0.40274
32449,0.41153
32450,0.42033
32451,0.43109
32452,0.44282
32453,0.45552
32454,0.46823
32455,0.48094
32456,0.49462
32457,0.50733
32458,0.51808
32459,0.52786
32460,0.53861
32461,0.55034
32462,0.56109
32463,0.57185
32464,0.58065
32465,0.59042
32466,0.59922
32467,0.60704
32468,0.61388
32469,0.61877
32470,0.6217
32471,0.62268
32472,0.62268
32473,0.62268
32474,0.62268
32475,0.62072
32476,0.61877
32477,0.61486
32478,0.61193
32479,0.60606
32480,0.6002
32481,0.59335
32482,0.58749
32483,0.58065
32484,0.57478
32485,0.56989
32486,0.565
32487,0.56012
32488,0.55425
32489,0.54936
32490,0.5435
32491,0.53763
32492,0.53275
32493,0.5259
32494,0.52102
32495,0.51515
32496,0.50929
32497,0.5044
32498,0.50049
32499,0.49658
32500,0.49267
32501,0.48876
32502,0.48485
32503,0.48094
32504,0.47703
32505,0.47312
32506,0.46921
32507,0.4653
32508,0.46139
32509,0.4565
32510,0.45259
32511,0.44868
32512,0.44477
32513,0.44184
32514,0.43891
32515,0.43695
32516,0.43402
32517,0.43206
32518,0.43011
32519,0.42815
32520,0.42522
32521,0.42326
32522,0.42131
32523,0.41838
32524,0.41544
32525,0.41349
32526,0.41056
32527,0.4086
32528,0.40665
32529,0.40371
32530,0.40176
32531,0.3998
32532,0.39785
32533,0.39492
32534,0.39394
32535,0.39492
32536,0.39394
32537,0.39198
32538,0.39296
32539,0.39589
32540,0.40078
32541,0.40762
32542,0.41544
32543,0.42326
32544,0.43206
32545,0.44086
32546,0.45064
32547,0.46041
32548,0.47214
32549,0.48289
32550,0.49169
32551,0.49951
32552,0.50733
32553,0.51515
32554,0.52199
32555,0.52786
32556,0.5347
32557,0.54057
32558,0.54741
32559,0.55327
32560,0.55718
32561,0.55914
32562,0.55914
32563,0.55914
32564,0.55718
32565,0.55523
32566,0.55327
32567,0.55034
32568,0.54545
32569,0.54057
32570,0.53372
32571,0.5259
32572,0.51906
32573,0.51124
32574,0.5044
32575,0.49658
32576,0.49169
32577,0.48583
32578,0.47996
32579,0.4741
32580,0.46725
32581,0.46139
32582,0.45455
32583,0.44966
32584,0.44379
32585,0.43793
32586,0.43304
32587,0.43011
32588,0.42717
32589,0.42326
32590,0.41935
32591,0.41544
32592,0.41056
32593,0.40469
32594,0.3998
32595,0.39589
32596,0.39198
32597,0.38905
32598,0.3871
32599,0.38416
32600,0.38221
32601,0.38025
32602,0.3783
32603,0.37634
32604,0.37537
32605,0.37439
32606,0.37439
32607,0.37341
32608,0.37439
32609,0.37439
32610,0.37439
32611,0.37243
32612,0.37146
32613,0.3695
32614,0.36755
32615,0.36461
32616,0.36364
32617,0.36266
32618,0.36266
32619,0.36168
32620,0.36168
32621,0.36266
32622,0.36364
32623,0.36559
32624,0.36755
32625,0.37048
32626,0.37537
32627,0.38123
32628,0.3871
32629,0.39198
32630,0.39883
32631,0.40762
32632,0.41642
32633,0.42522
32634,0.435
32635,0.44575
32636,0.45846
32637,0.47214
32638,0.4868
32639,0.50049
32640,0.51515
32641,0.53079
32642,0.5435
32643,0.55425
32644,0.565
32645,0.57576
32646,0.58553
32647,0.59629
32648,0.60606
32649,0.61486
32650,0.62268
32651,0.62854
32652,0.63343
32653,0.63734
32654,0.6393
32655,0.6393
32656,0.63832
32657,0.63539
32658,0.63148
32659,0.62757
32660,0.62268
32661,0.61877
32662,0.61388
32663,0.60997
32664,0.60606
32665,0.60117
32666,0.59726
32667,0.59238
32668,0.58749
32669,0.5826
32670,0.57674
32671,0.57087
32672,0.565
32673,0.55914
32674,0.55327
32675,0.54741
32676,0.54057
32677,0.5347
32678,0.52981
32679,0.52395
32680,0.51711
32681,0.51124
32682,0.50635
32683,0.50049
32684,0.4956
32685,0.49169
32686,0.48778
32687,0.48485
32688,0.48094
32689,0.47801
32690,0.4741
32691,0.46921
32692,0.4653
32693,0.46139
32694,0.45748
32695,0.45357
32696,0.44868
32697,0.44477
32698,0.43891
32699,0.43402
32700,0.43011
32701,0.42717
32702,0.42326
32703,0.42131
32704,0.41838
32705,0.41642
32706,0.41544
32707,0.41349
32708,0.41251
32709,0.41056
32710,0.40958
32711,0.40762
32712,0.40567
32713,0.40371
32714,0.40078
32715,0.39883
32716,0.39687
32717,0.39492
32718,0.39296
32719,0.39101
32720,0.39101
32721,0.39198
32722,0.39296
32723,0.39492
32724,0.39785
32725,0.40176
32726,0.40665
32727,0.41349
32728,0.42131
32729,0.43011
32730,0.43891
32731,0.45064
32732,0.46237
32733,0.4741
32734,0.48485
32735,0.49365
32736,0.5044
32737,0.51711
32738,0.53177
32739,0.54448
32740,0.55621
32741,0.56696
32742,0.57674
32743,0.58553
32744,0.59433
32745,0.60313
32746,0.61193
32747,0.61877
32748,0.6217
32749,0.62463
32750,0.62659
32751,0.62659
32752,0.62561
32753,0.62463
32754,0.62268
32755,0.61975
32756,0.61584
32757,0.61193
32758,0.60802
32759,0.60313
32760,0.59726
32761,0.5914
32762,0.58456
32763,0.57771
32764,0.57185
32765,0.56598
32766,0.56109
32767,0.55718
32768,0.5523
32769,0.54643
32770,0.54057
32771,0.5347
32772,0.52786
32773,0.52199
32774,0.51711
32775,0.51222
32776,0.50831
32777,0.50342
32778,0.49853
32779,0.49365
32780,0.48876
32781,0.48485
32782,0.48094
32783,0.47605
32784,0.47214
32785,0.46823
32786,0.46432
32787,0.46139
32788,0.45846
32789,0.45455
32790,0.45064
32791,0.44673
32792,0.44379
32793,0.44086
32794,0.43793
32795,0.435
32796,0.43304
32797,0.43109
32798,0.42913
32799,0.42717
32800,0.4262
32801,0.42522
32802,0.42326
32803,0.42131
32804,0.41935
32805,0.4174
32806,0.41447
32807,0.41251
32808,0.41056
32809,0.4086
32810,0.40665
32811,0.40469
32812,0.40274
32813,0.40176
32814,0.40176
32815,0.40274
32816,0.40469
32817,0.40665
32818,0.41056
32819,0.41447
32820,0.42033
32821,0.4262
32822,0.43206
32823,0.43988
32824,0.4477
32825,0.4565
32826,0.4653
32827,0.4741
32828,0.48387
32829,0.49267
32830,0.50244
32831,0.51222
32832,0.52199
32833,0.53079
32834,0.53861
32835,0.54545
32836,0.55132
32837,0.55621
32838,0.55914
32839,0.56207
32840,0.56305
32841,0.56403
32842,0.56403
32843,0.56403
32844,0.56403
32845,0.56305
32846,0.56109
32847,0.55816
32848,0.55425
32849,0.55034
32850,0.54545
32851,0.53959
32852,0.5347
32853,0.52981
32854,0.52395
32855,0.51808
32856,0.51026
32857,0.50342
32858,0.49658
32859,0.49071
32860,0.48387
32861,0.47703
32862,0.47116
32863,0.4653
32864,0.46041
32865,0.45552
32866,0.45161
32867,0.4477
32868,0.44282
32869,0.43793
32870,0.43304
32871,0.42815
32872,0.42424
32873,0.41935
32874,0.41642
32875,0.41349
32876,0.41056
32877,0.40762
32878,0.40567
32879,0.40371
32880,0.40176
32881,0.40078
32882,0.39883
32883,0.39687
32884,0.39492
32885,0.39296
32886,0.39101
32887,0.38905
32888,0.3871
32889,0.38514
32890,0.38319
32891,0.38221
32892,0.38025
32893,0.37928
32894,0.37732
32895,0.37634
32896,0.37537
32897,0.37537
32898,0.37537
32899,0.37537
32900,0.37634
32901,0.37634
32902,0.37732
32903,0.3783
32904,0.38025
32905,0.38123
32906,0.38416
32907,0.3871
32908,0.39198
32909,0.39687
32910,0.40371
32911,0.41153
32912,0.42033
32913,0.43011
32914,0.43988
32915,0.45064
32916,0.46237
32917,0.47507
32918,0.48583
32919,0.49658
32920,0.50831
32921,0.52004
32922,0.53275
32923,0.54448
32924,0.55718
32925,0.56891
32926,0.58065
32927,0.59238
32928,0.60313
32929,0.61095
32930,0.61877
32931,0.62366
32932,0.62561
32933,0.62757
32934,0.62952
32935,0.6305
32936,0.62952
32937,0.62854
32938,0.62561
32939,0.62268
32940,0.61877
32941,0.61388
32942,0.60997
32943,0.60606
32944,0.60215
32945,0.59824
32946,0.59433
32947,0.59042
32948,0.58651
32949,0.58065
32950,0.57478
32951,0.56891
32952,0.56305
32953,0.55718
32954,0.5523
32955,0.54741
32956,0.54252
32957,0.53959
32958,0.5347
32959,0.53079
32960,0.5259
32961,0.52102
32962,0.51515
32963,0.51026
32964,0.5044
32965,0.49951
32966,0.49462
32967,0.49071
32968,0.4868
32969,0.48289
32970,0.47898
32971,0.47605
32972,0.47312
32973,0.46921
32974,0.4653
32975,0.46139
32976,0.45846
32977,0.45357
32978,0.44966
32979,0.44477
32980,0.44086
32981,0.43597
32982,0.43206
32983,0.43011
32984,0.42815
32985,0.42717
32986,0.42522
32987,0.42326
32988,0.42131
32989,0.41935
32990,0.4174
32991,0.41349
32992,0.41056
32993,0.4086
32994,0.40665
32995,0.40469
32996,0.40274
32997,0.40176
32998,0.3998
32999,0.39883
33000,0.39785
33001,0.39883
33002,0.3998
33003,0.40078
33004,0.40274
33005,0.40665
33006,0.41056
33007,0.4174
33008,0.42424
33009,0.43206
33010,0.43891
33011,0.44673
33012,0.4565
33013,0.46628
33014,0.47703
33015,0.48876
33016,0.50049
33017,0.5132
33018,0.5259
33019,0.53861
33020,0.54936
33021,0.55914
33022,0.56989
33023,0.57771
33024,0.58456
33025,0.59238
33026,0.59922
33027,0.60606
33028,0.61095
33029,0.61486
33030,0.61681
33031,0.61681
33032,0.61584
33033,0.61388
33034,0.61193
33035,0.60997
33036,0.60704
33037,0.60508
33038,0.60313
33039,0.59922
33040,0.59629
33041,0.5914
33042,0.58553
33043,0.57869
33044,0.57087
33045,0.56403
33046,0.55718
33047,0.55034
33048,0.5435
33049,0.53763
33050,0.53372
33051,0.52981
33052,0.5259
33053,0.52199
33054,0.51808
33055,0.5132
33056,0.50733
33057,0.50244
33058,0.49658
33059,0.49169
33060,0.48778
33061,0.48387
33062,0.47996
33063,0.47703
33064,0.47312
33065,0.47019
33066,0.46628
33067,0.46237
33068,0.45943
33069,0.45552
33070,0.45161
33071,0.4477
33072,0.44477
33073,0.44086
33074,0.43695
33075,0.43402
33076,0.43304
33077,0.43109
33078,0.42913
33079,0.42717
33080,0.42522
33081,0.42326
33082,0.42131
33083,0.42033
33084,0.4174
33085,0.41447
33086,0.41056
33087,0.40762
33088,0.40469
33089,0.40274
33090,0.40176
33091,0.3998
33092,0.39785
33093,0.39785
33094,0.39883
33095,0.3998
33096,0.40176
33097,0.40371
33098,0.40762
33099,0.41153
33100,0.4174
33101,0.42424
33102,0.43011
33103,0.43695
33104,0.44673
33105,0.4565
33106,0.46725
33107,0.47703
33108,0.48778
33109,0.49853
33110,0.51026
33111,0.52199
33112,0.53275
33113,0.5435
33114,0.55132
33115,0.55816
33116,0.565
33117,0.57185
33118,0.57869
33119,0.58553
33120,0.59042
33121,0.59433
33122,0.59629
33123,0.59824
33124,0.59824
33125,0.59824
33126,0.59531
33127,0.59238
33128,0.58944
33129,0.58553
33130,0.5826
33131,0.57869
33132,0.5738
33133,0.56794
33134,0.56305
33135,0.55718
33136,0.5523
33137,0.54643
33138,0.54154
33139,0.53568
33140,0.52981
33141,0.52493
33142,0.52004
33143,0.51613
33144,0.51222
33145,0.50831
33146,0.50538
33147,0.50049
33148,0.49658
33149,0.49169
33150,0.48778
33151,0.48387
33152,0.47996
33153,0.47605
33154,0.47312
33155,0.46921
33156,0.46628
33157,0.46237
33158,0.45943
33159,0.45455
33160,0.44966
33161,0.44379
33162,0.43695
33163,0.43109
33164,0.4262
33165,0.42131
33166,0.4174
33167,0.41251
33168,0.40958
33169,0.40665
33170,0.40274
33171,0.39687
33172,0.39198
33173,0.3871
33174,0.38123
33175,0.37732
33176,0.37537
33177,0.37243
33178,0.36852
33179,0.36657
33180,0.36559
33181,0.36461
33182,0.36364
33183,0.36168
33184,0.3607
33185,0.35875
33186,0.35777
33187,0.35679
33188,0.35679
33189,0.35679
33190,0.35679
33191,0.35875
33192,0.3607
33193,0.36461
33194,0.36852
33195,0.37243
33196,0.37928
33197,0.38612
33198,0.39492
33199,0.40371
33200,0.41349
33201,0.42424
33202,0.435
33203,0.44673
33204,0.45748
33205,0.46823
33206,0.47801
33207,0.48583
33208,0.49365
33209,0.50244
33210,0.51222
33211,0.52004
33212,0.52688
33213,0.53275
33214,0.53861
33215,0.54252
33216,0.54545
33217,0.54643
33218,0.54741
33219,0.54643
33220,0.54545
33221,0.54448
33222,0.54252
33223,0.54057
33224,0.53959
33225,0.53763
33226,0.53568
33227,0.53372
33228,0.53177
33229,0.52981
33230,0.52786
33231,0.52493
33232,0.52297
33233,0.51906
33234,0.51613
33235,0.51417
33236,0.51222
33237,0.51026
33238,0.50831
33239,0.50635
33240,0.5044
33241,0.50244
33242,0.50049
33243,0.49756
33244,0.49462
33245,0.49169
33246,0.48974
33247,0.48778
33248,0.4868
33249,0.48583
33250,0.48583
33251,0.48485
33252,0.48485
33253,0.48485
33254,0.48485
33255,0.48485
33256,0.48387
33257,0.48289
33258,0.48094
33259,0.47898
33260,0.47605
33261,0.47312
33262,0.47019
33263,0.46628
33264,0.46237
33265,0.45943
33266,0.45552
33267,0.45161
33268,0.4477
33269,0.44477
33270,0.44086
33271,0.43695
33272,0.43402
33273,0.43304
33274,0.43206
33275,0.43206
33276,0.43206
33277,0.43206
33278,0.43206
33279,0.43206
33280,0.43402
33281,0.43695
33282,0.44184
33283,0.4477
33284,0.45552
33285,0.46237
33286,0.47019
33287,0.47898
33288,0.48778
33289,0.49658
33290,0.50733
33291,0.51808
33292,0.52981
33293,0.53959
33294,0.55034
33295,0.56012
33296,0.56891
33297,0.57674
33298,0.5826
33299,0.58847
33300,0.59433
33301,0.6002
33302,0.60508
33303,0.60899
33304,0.61388
33305,0.61877
33306,0.62072
33307,0.62072
33308,0.61877
33309,0.61584
33310,0.61193
33311,0.60899
33312,0.60508
33313,0.60117
33314,0.59726
33315,0.59335
33316,0.58847
33317,0.5826
33318,0.57771
33319,0.57185
33320,0.56598
33321,0.56109
33322,0.55718
33323,0.5523
33324,0.54936
33325,0.54545
33326,0.54154
33327,0.53666
33328,0.53177
33329,0.52688
33330,0.52199
33331,0.51613
33332,0.51124
33333,0.50635
33334,0.50244
33335,0.49853
33336,0.49462
33337,0.49169
33338,0.48876
33339,0.48485
33340,0.48192
33341,0.47801
33342,0.4741
33343,0.47116
33344,0.46725
33345,0.46334
33346,0.46041
33347,0.4565
33348,0.45357
33349,0.44966
33350,0.44673
33351,0.44477
33352,0.44282
33353,0.43988
33354,0.43793
33355,0.435
33356,0.43304
33357,0.43109
33358,0.42913
33359,0.42717
33360,0.42424
33361,0.42229
33362,0.41935
33363,0.41642
33364,0.41349
33365,0.41153
33366,0.40958
33367,0.40762
33368,0.40567
33369,0.40469
33370,0.40371
33371,0.40371
33372,0.40567
33373,0.40958
33374,0.41447
33375,0.41935
33376,0.4262
33377,0.43402
33378,0.44086
33379,0.44868
33380,0.45846
33381,0.46823
33382,0.47898
33383,0.48876
33384,0.49853
33385,0.50929
33386,0.52004
33387,0.53177
33388,0.5435
33389,0.55425
33390,0.56403
33391,0.57185
33392,0.57967
33393,0.58749
33394,0.59531
33395,0.60215
33396,0.60802
33397,0.61095
33398,0.6129
33399,0.61388
33400,0.61388
33401,0.61388
33402,0.6129
33403,0.61095
33404,0.60997
33405,0.60704
33406,0.60411
33407,0.60117
33408,0.59824
33409,0.59433
33410,0.58944
33411,0.58358
33412,0.57771
33413,0.57087
33414,0.565
33415,0.55914
33416,0.55425
33417,0.55034
33418,0.54448
33419,0.53959
33420,0.5347
33421,0.52981
33422,0.52493
33423,0.52004
33424,0.51515
33425,0.51026
33426,0.50538
33427,0.50147
33428,0.49756
33429,0.49462
33430,0.49169
33431,0.48876
33432,0.48485
33433,0.48192
33434,0.47801
33435,0.4741
33436,0.47116
33437,0.46725
33438,0.46334
33439,0.46041
33440,0.4565
33441,0.45357
33442,0.45064
33443,0.44868
33444,0.44673
33445,0.44575
33446,0.44379
33447,0.44184
33448,0.43988
33449,0.43793
33450,0.435
33451,0.43304
33452,0.42913
33453,0.4262
33454,0.42326
33455,0.42033
33456,0.4174
33457,0.41447
33458,0.41153
33459,0.40958
33460,0.40762
33461,0.40567
33462,0.40469
33463,0.40567
33464,0.40665
33465,0.4086
33466,0.41056
33467,0.41447
33468,0.41935
33469,0.42522
33470,0.43206
33471,0.43891
33472,0.44673
33473,0.4565
33474,0.46628
33475,0.47703
33476,0.4868
33477,0.49853
33478,0.50929
33479,0.52004
33480,0.53079
33481,0.54154
33482,0.54936
33483,0.55621
33484,0.56207
33485,0.56989
33486,0.57576
33487,0.58065
33488,0.58456
33489,0.58847
33490,0.59042
33491,0.59042
33492,0.58847
33493,0.58651
33494,0.5826
33495,0.57967
33496,0.57478
33497,0.56989
33498,0.565
33499,0.55914
33500,0.55425
33501,0.54839
33502,0.5435
33503,0.53763
33504,0.53079
33505,0.52395
33506,0.51711
33507,0.51124
33508,0.50635
33509,0.50147
33510,0.4956
33511,0.49071
33512,0.48387
33513,0.47801
33514,0.47116
33515,0.46334
33516,0.45748
33517,0.45161
33518,0.44575
33519,0.44086
33520,0.43597
33521,0.43304
33522,0.42913
33523,0.42522
33524,0.42033
33525,0.41447
33526,0.40958
33527,0.40371
33528,0.39883
33529,0.39492
33530,0.39101
33531,0.38807
33532,0.38514
33533,0.38221
33534,0.38025
33535,0.3783
33536,0.37634
33537,0.37537
33538,0.37439
33539,0.37341
33540,0.37341
33541,0.37341
33542,0.37341
33543,0.37341
33544,0.37243
33545,0.37146
33546,0.37146
33547,0.37048
33548,0.37048
33549,0.3695
33550,0.3695
33551,0.3695
33552,0.3695
33553,0.3695
33554,0.3695
33555,0.37048
33556,0.37146
33557,0.37439
33558,0.37732
33559,0.38221
33560,0.38905
33561,0.39785
33562,0.40567
33563,0.41544
33564,0.4262
33565,0.43793
33566,0.44966
33567,0.46334
33568,0.47703
33569,0.48974
33570,0.50342
33571,0.51711
33572,0.53177
33573,0.54448
33574,0.55621
33575,0.56598
33576,0.57674
33577,0.58749
33578,0.59824
33579,0.60899
33580,0.61779
33581,0.62659
33582,0.63343
33583,0.63832
33584,0.64223
33585,0.64418
33586,0.64516
33587,0.64321
33588,0.64125
33589,0.6393
33590,0.63539
33591,0.6305
33592,0.62561
33593,0.62072
33594,0.61584
33595,0.61095
33596,0.60508
33597,0.59922
33598,0.59433
33599,0.58847
33600,0.5826
33601,0.57674
33602,0.57087
33603,0.565
33604,0.56012
33605,0.55425
33606,0.55034
33607,0.54545
33608,0.54252
33609,0.53763
33610,0.53372
33611,0.52884
33612,0.52395
33613,0.51906
33614,0.51515
33615,0.51026
33616,0.50635
33617,0.50244
33618,0.49951
33619,0.4956
33620,0.49169
33621,0.48876
33622,0.48485
33623,0.48192
33624,0.47801
33625,0.4741
33626,0.47116
33627,0.46823
33628,0.4653
33629,0.46237
33630,0.45846
33631,0.45552
33632,0.45259
33633,0.44966
33634,0.44673
33635,0.44379
33636,0.44184
33637,0.43793
33638,0.435
33639,0.43304
33640,0.43011
33641,0.42717
33642,0.42424
33643,0.42131
33644,0.41838
33645,0.41642
33646,0.41447
33647,0.41251
33648,0.41153
33649,0.41153
33650,0.41251
33651,0.41447
33652,0.4174
33653,0.42131
33654,0.42522
33655,0.43011
33656,0.43597
33657,0.44282
33658,0.45064
33659,0.46041
33660,0.47019
33661,0.47996
33662,0.49071
33663,0.50049
33664,0.51026
33665,0.52004
33666,0.52884
33667,0.53959
33668,0.54936
33669,0.55914
33670,0.56891
33671,0.57869
33672,0.58651
33673,0.59433
33674,0.60215
33675,0.60802
33676,0.61193
33677,0.61388
33678,0.61486
33679,0.61486
33680,0.61486
33681,0.61486
33682,0.61388
33683,0.61095
33684,0.60802
33685,0.60508
33686,0.60215
33687,0.59824
33688,0.59335
33689,0.58749
33690,0.5826
33691,0.57674
33692,0.57087
33693,0.56598
33694,0.56109
33695,0.55718
33696,0.5523
33697,0.54741
33698,0.54252
33699,0.53763
33700,0.53372
33701,0.52884
33702,0.52493
33703,0.52004
33704,0.51515
33705,0.51124
33706,0.50733
33707,0.5044
33708,0.50049
33709,0.49756
33710,0.49365
33711,0.48876
33712,0.48485
33713,0.47996
33714,0.47507
33715,0.47116
33716,0.46725
33717,0.46432
33718,0.46041
33719,0.45846
33720,0.45552
33721,0.45259
33722,0.44966
33723,0.4477
33724,0.44575
33725,0.44379
33726,0.44282
33727,0.44086
33728,0.43891
33729,0.43695
33730,0.43402
33731,0.43109
33732,0.42815
33733,0.42522
33734,0.42229
33735,0.42033
33736,0.41838
33737,0.41642
33738,0.41447
33739,0.41251
33740,0.41056
33741,0.4086
33742,0.40762
33743,0.4086
33744,0.40958
33745,0.41153
33746,0.41447
33747,0.41935
33748,0.42424
33749,0.43206
33750,0.43988
33751,0.4477
33752,0.45552
33753,0.4653
33754,0.47507
33755,0.48583
33756,0.49658
33757,0.50733
33758,0.51711
33759,0.5259
33760,0.53666
33761,0.54741
33762,0.55718
33763,0.56598
33764,0.57478
33765,0.5826
33766,0.58944
33767,0.59433
33768,0.59922
33769,0.60313
33770,0.60606
33771,0.60802
33772,0.60997
33773,0.60997
33774,0.60997
33775,0.60802
33776,0.60508
33777,0.60215
33778,0.59824
33779,0.59433
33780,0.58944
33781,0.58358
33782,0.57771
33783,0.57185
33784,0.56696
33785,0.56109
33786,0.55621
33787,0.55034
33788,0.54545
33789,0.54057
33790,0.53568
33791,0.53079
33792,0.5259
33793,0.52102
33794,0.51613
33795,0.51222
33796,0.50831
33797,0.50538
33798,0.50244
33799,0.49853
33800,0.4956
33801,0.49169
33802,0.48876
33803,0.48485
33804,0.48192
33805,0.47801
33806,0.4741
33807,0.47019
33808,0.4653
33809,0.46041
33810,0.4565
33811,0.45357
33812,0.45161
33813,0.44868
33814,0.44673
33815,0.44477
33816,0.435
33817,0.42229
33818,0.41447
33819,0.40762
33820,0.40078
33821,0.39589
33822,0.39003
33823,0.38514
33824,0.38123
33825,0.37732
33826,0.37341
33827,0.3695
33828,0.36559
33829,0.36364
33830,0.3607
33831,0.35875
33832,0.35777
33833,0.35679
33834,0.35582
33835,0.35582
33836,0.35777
33837,0.35973
33838,0.36266
33839,0.36657
33840,0.37048
33841,0.37439
33842,0.38025
33843,0.38807
33844,0.39589
33845,0.40469
33846,0.41447
33847,0.42424
33848,0.43304
33849,0.44086
33850,0.4477
33851,0.45455
33852,0.46237
33853,0.47116
33854,0.47898
33855,0.48583
33856,0.49365
33857,0.50049
33858,0.50635
33859,0.51124
33860,0.51417
33861,0.51613
33862,0.51808
33863,0.51906
33864,0.51808
33865,0.51711
33866,0.51515
33867,0.5132
33868,0.51026
33869,0.50733
33870,0.50342
33871,0.49951
33872,0.49658
33873,0.49169
33874,0.48876
33875,0.48485
33876,0.48192
33877,0.47898
33878,0.47703
33879,0.4741
33880,0.47312
33881,0.47116
33882,0.47019
33883,0.46823
33884,0.46628
33885,0.4653
33886,0.46237
33887,0.46041
33888,0.45846
33889,0.4565
33890,0.45455
33891,0.45161
33892,0.44868
33893,0.44575
33894,0.44282
33895,0.43988
33896,0.43793
33897,0.43695
33898,0.435
33899,0.43402
33900,0.43402
33901,0.43206
33902,0.43109
33903,0.43011
33904,0.43011
33905,0.42913
33906,0.42717
33907,0.42717
33908,0.4262
33909,0.4262
33910,0.4262
33911,0.42522
33912,0.42522
33913,0.42424
33914,0.42424
33915,0.42424
33916,0.42424
33917,0.42424
33918,0.42326
33919,0.42326
33920,0.42326
33921,0.42424
33922,0.42522
33923,0.4262
33924,0.4262
33925,0.4262
33926,0.4262
33927,0.42717
33928,0.42913
33929,0.43109
33930,0.43402
33931,0.43793
33932,0.44379
33933,0.44966
33934,0.45748
33935,0.46628
33936,0.47605
33937,0.48583
33938,0.49658
33939,0.50733
33940,0.51906
33941,0.52786
33942,0.5347
33943,0.5435
33944,0.55132
33945,0.56012
33946,0.56794
33947,0.57576
33948,0.5826
33949,0.58944
33950,0.59433
33951,0.59824
33952,0.60117
33953,0.60313
33954,0.60215
33955,0.6002
33956,0.59824
33957,0.59433
33958,0.5914
33959,0.58749
33960,0.58358
33961,0.57967
33962,0.57478
33963,0.56989
33964,0.56403
33965,0.55816
33966,0.55132
33967,0.54545
33968,0.53959
33969,0.53372
33970,0.52786
33971,0.52297
33972,0.51711
33973,0.51222
33974,0.50635
33975,0.50147
33976,0.4956
33977,0.49071
33978,0.48583
33979,0.48192
33980,0.47801
33981,0.47507
33982,0.47214
33983,0.46823
33984,0.4653
33985,0.46139
33986,0.45748
33987,0.45455
33988,0.45064
33989,0.4477
33990,0.44379
33991,0.43988
33992,0.43597
33993,0.43109
33994,0.42815
33995,0.42522
33996,0.42131
33997,0.4174
33998,0.41447
33999,0.41153
34000,0.40958
34001,0.40762
34002,0.40567
34003,0.40371
34004,0.40078
34005,0.39785
34006,0.39492
34007,0.39296
34008,0.38905
34009,0.38514
34010,0.38221
34011,0.37928
34012,0.37537
34013,0.37243
34014,0.37146
34015,0.37048
34016,0.3695
34017,0.37048
34018,0.37146
34019,0.37243
34020,0.37439
34021,0.37634
34022,0.38025
34023,0.38514
34024,0.39101
34025,0.39785
34026,0.40567
34027,0.41349
34028,0.42326
34029,0.43402
34030,0.44379
34031,0.45455
34032,0.4653
34033,0.47507
34034,0.48485
34035,0.4956
34036,0.50635
34037,0.51711
34038,0.52688
34039,0.5347
34040,0.54252
34041,0.54936
34042,0.55718
34043,0.56403
34044,0.56989
34045,0.5738
34046,0.57771
34047,0.57869
34048,0.57967
34049,0.57967
34050,0.57869
34051,0.57576
34052,0.57283
34053,0.56989
34054,0.56598
34055,0.56109
34056,0.55718
34057,0.55132
34058,0.54448
34059,0.53959
34060,0.5347
34061,0.52981
34062,0.52395
34063,0.51906
34064,0.51515
34065,0.51026
34066,0.50538
34067,0.50049
34068,0.49658
34069,0.49169
34070,0.48778
34071,0.48289
34072,0.48485
34073,0.48876
34074,0.48974
34075,0.48778
34076,0.48485
34077,0.48094
34078,0.47703
34079,0.47214
34080,0.46628
34081,0.46139
34082,0.4565
34083,0.45161
34084,0.4477
34085,0.44477
34086,0.44282
34087,0.44184
34088,0.43891
34089,0.43695
34090,0.43402
34091,0.43109
34092,0.42913
34093,0.4262
34094,0.42229
34095,0.41838
34096,0.41447
34097,0.41056
34098,0.40665
34099,0.40371
34100,0.40078
34101,0.39785
34102,0.39492
34103,0.39198
34104,0.39003
34105,0.38905
34106,0.3871
34107,0.38612
34108,0.38612
34109,0.38612
34110,0.38612
34111,0.38612
34112,0.3871
34113,0.39003
34114,0.39198
34115,0.39296
34116,0.39589
34117,0.3998
34118,0.40469
34119,0.41056
34120,0.4174
34121,0.42522
34122,0.43304
34123,0.44184
34124,0.44868
34125,0.4565
34126,0.46432
34127,0.47312
34128,0.48289
34129,0.49169
34130,0.49951
34131,0.50635
34132,0.5132
34133,0.51906
34134,0.52395
34135,0.52981
34136,0.53372
34137,0.53763
34138,0.53959
34139,0.53959
34140,0.53959
34141,0.53763
34142,0.53568
34143,0.53177
34144,0.52688
34145,0.52199
34146,0.51515
34147,0.50929
34148,0.50342
34149,0.49658
34150,0.49169
34151,0.48583
34152,0.48094
34153,0.47605
34154,0.47019
34155,0.46432
34156,0.45748
34157,0.45161
34158,0.4477
34159,0.44282
34160,0.43891
34161,0.435
34162,0.43011
34163,0.4262
34164,0.42326
34165,0.42131
34166,0.4174
34167,0.41447
34168,0.41153
34169,0.4086
34170,0.40567
34171,0.40274
34172,0.40078
34173,0.39883
34174,0.39687
34175,0.39492
34176,0.39394
34177,0.39198
34178,0.39101
34179,0.38905
34180,0.38807
34181,0.38807
34182,0.38807
34183,0.3871
34184,0.3871
34185,0.3871
34186,0.3871
34187,0.3871
34188,0.3871
34189,0.3871
34190,0.38807
34191,0.38807
34192,0.38905
34193,0.38905
34194,0.38905
34195,0.38905
34196,0.38905
34197,0.39101
34198,0.39198
34199,0.39296
34200,0.39394
34201,0.39492
34202,0.39687
34203,0.39883
34204,0.40274
34205,0.40665
34206,0.41251
34207,0.41838
34208,0.4262
34209,0.43402
34210,0.44282
34211,0.45259
34212,0.46237
34213,0.47214
34214,0.48289
34215,0.49267
34216,0.50147
34217,0.50831
34218,0.51613
34219,0.52493
34220,0.5347
34221,0.54448
34222,0.55425
34223,0.56305
34224,0.57087
34225,0.57771
34226,0.58358
34227,0.58847
34228,0.5914
34229,0.59335
34230,0.59433
34231,0.59531
34232,0.59629
34233,0.59629
34234,0.59433
34235,0.5914
34236,0.58847
34237,0.58553
34238,0.58162
34239,0.57674
34240,0.57185
34241,0.56696
34242,0.56109
34243,0.55718
34244,0.55327
34245,0.54839
34246,0.5435
34247,0.53861
34248,0.53372
34249,0.52786
34250,0.52297
34251,0.51711
34252,0.51222
34253,0.50733
34254,0.50244
34255,0.49853
34256,0.49462
34257,0.49071
34258,0.48583
34259,0.47996
34260,0.47507
34261,0.47019
34262,0.4653
34263,0.46041
34264,0.45552
34265,0.45064
34266,0.44673
34267,0.44282
34268,0.43891
34269,0.435
34270,0.43206
34271,0.42815
34272,0.42522
34273,0.42229
34274,0.41935
34275,0.41642
34276,0.41349
34277,0.40958
34278,0.40665
34279,0.40469
34280,0.40176
34281,0.39883
34282,0.39687
34283,0.39492
34284,0.39296
34285,0.39198
34286,0.39003
34287,0.38807
34288,0.38612
34289,0.38416
34290,0.38123
34291,0.37928
34292,0.37732
34293,0.37634
34294,0.37537
34295,0.37537
34296,0.37634
34297,0.37634
34298,0.37732
34299,0.37928
34300,0.38221
34301,0.38612
34302,0.39003
34303,0.39492
34304,0.40078
34305,0.4086
34306,0.4174
34307,0.42717
34308,0.43695
34309,0.44575
34310,0.45552
34311,0.46628
34312,0.47703
34313,0.48778
34314,0.49853
34315,0.50929
34316,0.51906
34317,0.52981
34318,0.54057
34319,0.54936
34320,0.55816
34321,0.56403
34322,0.56891
34323,0.57283
34324,0.57576
34325,0.57771
34326,0.57771
34327,0.57771
34328,0.5826
34329,0.58944
34330,0.5914
34331,0.59042
34332,0.58651
34333,0.5826
34334,0.57869
34335,0.57478
34336,0.56989
34337,0.565
34338,0.56012
34339,0.55523
34340,0.54936
34341,0.5435
34342,0.53763
34343,0.53177
34344,0.5259
34345,0.52004
34346,0.51515
34347,0.51124
34348,0.50831
34349,0.5044
34350,0.50049
34351,0.49462
34352,0.48974
34353,0.48387
34354,0.47801
34355,0.47214
34356,0.46725
34357,0.46334
34358,0.45943
34359,0.4565
34360,0.45357
34361,0.45161
34362,0.4477
34363,0.44477
34364,0.44086
34365,0.43695
34366,0.43304
34367,0.42913
34368,0.4262
34369,0.42424
34370,0.42229
34371,0.42033
34372,0.41642
34373,0.41251
34374,0.4086
34375,0.40371
34376,0.3998
34377,0.39492
34378,0.39198
34379,0.39003
34380,0.38807
34381,0.38807
34382,0.3871
34383,0.3871
34384,0.38612
34385,0.38612
34386,0.38514
34387,0.38514
34388,0.38612
34389,0.38612
34390,0.3871
34391,0.38905
34392,0.39101
34393,0.39394
34394,0.39687
34395,0.40176
34396,0.40665
34397,0.41349
34398,0.42131
34399,0.43109
34400,0.43988
34401,0.44966
34402,0.46041
34403,0.47116
34404,0.48289
34405,0.49462
34406,0.50635
34407,0.51711
34408,0.52688
34409,0.53763
34410,0.54741
34411,0.55718
34412,0.565
34413,0.57185
34414,0.57576
34415,0.57869
34416,0.57967
34417,0.58065
34418,0.57967
34419,0.57869
34420,0.57674
34421,0.57283
34422,0.56891
34423,0.56403
34424,0.55914
34425,0.55327
34426,0.54839
34427,0.54252
34428,0.53666
34429,0.52884
34430,0.52199
34431,0.51515
34432,0.50831
34433,0.50147
34434,0.49365
34435,0.48778
34436,0.48094
34437,0.4741
34438,0.46725
34439,0.46237
34440,0.4565
34441,0.45161
34442,0.4477
34443,0.44282
34444,0.43695
34445,0.43109
34446,0.42522
34447,0.41935
34448,0.41349
34449,0.40762
34450,0.40078
34451,0.39589
34452,0.39101
34453,0.3871
34454,0.38319
34455,0.37732
34456,0.37243
34457,0.36755
34458,0.36266
34459,0.35875
34460,0.35484
34461,0.35093
34462,0.34702
34463,0.34506
34464,0.34213
34465,0.3392
34466,0.33724
34467,0.33529
34468,0.33236
34469,0.33138
34470,0.3304
34471,0.32942
34472,0.32942
34473,0.3304
34474,0.3304
34475,0.3304
34476,0.3304
34477,0.3304
34478,0.3304
34479,0.33138
34480,0.33236
34481,0.33236
34482,0.33236
34483,0.33333
34484,0.33529
34485,0.33822
34486,0.34213
34487,0.34702
34488,0.35386
34489,0.36266
34490,0.37243
34491,0.38319
34492,0.39394
34493,0.40567
34494,0.41935
34495,0.435
34496,0.45064
34497,0.46628
34498,0.48289
34499,0.49853
34500,0.5132
34501,0.52688
34502,0.54154
34503,0.55523
34504,0.56891
34505,0.57967
34506,0.58749
34507,0.59531
34508,0.60313
34509,0.60997
34510,0.61681
34511,0.6217
34512,0.62561
34513,0.62854
34514,0.62952
34515,0.6305
34516,0.62952
34517,0.62757
34518,0.62366
34519,0.62072
34520,0.61584
34521,0.61095
34522,0.60508
34523,0.59726
34524,0.59042
34525,0.5826
34526,0.57674
34527,0.56989
34528,0.56403
34529,0.55816
34530,0.5523
34531,0.54741
34532,0.54252
34533,0.53763
34534,0.53275
34535,0.52688
34536,0.52199
34537,0.51808
34538,0.51417
34539,0.51026
34540,0.50635
34541,0.50244
34542,0.49853
34543,0.49462
34544,0.49169
34545,0.48778
34546,0.48387
34547,0.47996
34548,0.47605
34549,0.47214
34550,0.46823
34551,0.46432
34552,0.46041
34553,0.45748
34554,0.45455
34555,0.45064
34556,0.44575
34557,0.44282
34558,0.43988
34559,0.43695
34560,0.43402
34561,0.43011
34562,0.42717
34563,0.42424
34564,0.42033
34565,0.41642
34566,0.41056
34567,0.40665
34568,0.40176
34569,0.39785
34570,0.39589
34571,0.39394
34572,0.39198
34573,0.39101
34574,0.39101
34575,0.39101
34576,0.39296
34577,0.39394
34578,0.39589
34579,0.39883
34580,0.40371
34581,0.4086
34582,0.41447
34583,0.42033
34584,0.43402
34585,0.45161
34586,0.46432
34587,0.47507
34588,0.48485
34589,0.49658
34590,0.50831
34591,0.51906
34592,0.52981
34593,0.54057
34594,0.55034
34595,0.56012
34596,0.56891
34597,0.57674
34598,0.5826
34599,0.58847
34600,0.59531
34601,0.60117
34602,0.60508
34603,0.60899
34604,0.61095
34605,0.61193
34606,0.6129
34607,0.61193
34608,0.60997
34609,0.60802
34610,0.60508
34611,0.60117
34612,0.59824
34613,0.59531
34614,0.5914
34615,0.58847
34616,0.58358
34617,0.57869
34618,0.5738
34619,0.56989
34620,0.565
34621,0.56109
34622,0.55621
34623,0.5523
34624,0.54839
34625,0.54448
34626,0.54057
34627,0.53568
34628,0.53275
34629,0.52884
34630,0.5259
34631,0.52199
34632,0.51906
34633,0.51515
34634,0.51222
34635,0.50831
34636,0.50538
34637,0.50147
34638,0.49756
34639,0.49365
34640,0.48876
34641,0.48485
34642,0.48094
34643,0.47801
34644,0.47605
34645,0.4741
34646,0.47116
34647,0.46921
34648,0.46628
34649,0.46432
34650,0.46237
34651,0.46041
34652,0.45846
34653,0.4565
34654,0.45357
34655,0.45161
34656,0.44868
34657,0.44673
34658,0.44379
34659,0.44086
34660,0.43891
34661,0.43695
34662,0.435
34663,0.43402
34664,0.43206
34665,0.43011
34666,0.42913
34667,0.42815
34668,0.42815
34669,0.42815
34670,0.42815
34671,0.42913
34672,0.43109
34673,0.43304
34674,0.43597
34675,0.43891
34676,0.44379
34677,0.44966
34678,0.4565
34679,0.46432
34680,0.47312
34681,0.48289
34682,0.49267
34683,0.50244
34684,0.51222
34685,0.52297
34686,0.53275
34687,0.54252
34688,0.5523
34689,0.55914
34690,0.56598
34691,0.57283
34692,0.57967
34693,0.58651
34694,0.5914
34695,0.59531
34696,0.59922
34697,0.60215
34698,0.60411
34699,0.60411
34700,0.60411
34701,0.60215
34702,0.59922
34703,0.59629
34704,0.59238
34705,0.58847
34706,0.58553
34707,0.58162
34708,0.57869
34709,0.57478
34710,0.57185
34711,0.56696
34712,0.56207
34713,0.55718
34714,0.5523
34715,0.54839
34716,0.5435
34717,0.53959
34718,0.5347
34719,0.53079
34720,0.52688
34721,0.52395
34722,0.52004
34723,0.51711
34724,0.51417
34725,0.51026
34726,0.50733
34727,0.50342
34728,0.50049
34729,0.49756
34730,0.49365
34731,0.48974
34732,0.48485
34733,0.48192
34734,0.47898
34735,0.47605
34736,0.4741
34737,0.47214
34738,0.47019
34739,0.46823
34740,0.46725
34741,0.4653
34742,0.46432
34743,0.46334
34744,0.46041
34745,0.4565
34746,0.45259
34747,0.44868
34748,0.44477
34749,0.44086
34750,0.43597
34751,0.43206
34752,0.42815
34753,0.42522
34754,0.42229
34755,0.42033
34756,0.4174
34757,0.41447
34758,0.41153
34759,0.4086
34760,0.40665
34761,0.40567
34762,0.40469
34763,0.40567
34764,0.40665
34765,0.4086
34766,0.41153
34767,0.41544
34768,0.42033
34769,0.42522
34770,0.43109
34771,0.43793
34772,0.44575
34773,0.45357
34774,0.46237
34775,0.47019
34776,0.47703
34777,0.48387
34778,0.49071
34779,0.49756
34780,0.50342
34781,0.50831
34782,0.51417
34783,0.52102
34784,0.52688
34785,0.53275
34786,0.53763
34787,0.54057
34788,0.5435
34789,0.54545
34790,0.54545
34791,0.54545
34792,0.5435
34793,0.54057
34794,0.53763
34795,0.53372
34796,0.53079
34797,0.52688
34798,0.52395
34799,0.52004
34800,0.51711
34801,0.51417
34802,0.51124
34803,0.50929
34804,0.50831
34805,0.50733
34806,0.50538
34807,0.5044
34808,0.50342
34809,0.50147
34810,0.49853
34811,0.4956
34812,0.49267
34813,0.48974
34814,0.4868
34815,0.48387
34816,0.48192
34817,0.47996
34818,0.47898
34819,0.47703
34820,0.47605
34821,0.47507
34822,0.4741
34823,0.47312
34824,0.47312
34825,0.47214
34826,0.47214
34827,0.47116
34828,0.47214
34829,0.47214
34830,0.4741
34831,0.47507
34832,0.47605
34833,0.47703
34834,0.47801
34835,0.47898
34836,0.47507
34837,0.46823
34838,0.4653
34839,0.46334
34840,0.46334
34841,0.46237
34842,0.46237
34843,0.46237
34844,0.46334
34845,0.46334
34846,0.46334
34847,0.46334
34848,0.46432
34849,0.46432
34850,0.46432
34851,0.46432
34852,0.46432
34853,0.46432
34854,0.46432
34855,0.4653
34856,0.46725
34857,0.47019
34858,0.47507
34859,0.47898
34860,0.48485
34861,0.49071
34862,0.49853
34863,0.50635
34864,0.51515
34865,0.52493
34866,0.5347
34867,0.54545
34868,0.55718
34869,0.56794
34870,0.57869
34871,0.58847
34872,0.59629
34873,0.60313
34874,0.60997
34875,0.61779
34876,0.62463
34877,0.63245
34878,0.6393
34879,0.64418
34880,0.64712
34881,0.64809
34882,0.64809
34883,0.64614
34884,0.64321
34885,0.64027
34886,0.63636
34887,0.63245
34888,0.62854
34889,0.62463
34890,0.62072
34891,0.61584
34892,0.60899
34893,0.60215
34894,0.59531
34895,0.58847
34896,0.58162
34897,0.57478
34898,0.56891
34899,0.56403
34900,0.55816
34901,0.5523
34902,0.54643
34903,0.54057
34904,0.5347
34905,0.52884
34906,0.52297
34907,0.51808
34908,0.51417
34909,0.51026
34910,0.50538
34911,0.50147
34912,0.49853
34913,0.49462
34914,0.48974
34915,0.48583
34916,0.48192
34917,0.47801
34918,0.4741
34919,0.47019
34920,0.46628
34921,0.46432
34922,0.46139
34923,0.45943
34924,0.45748
34925,0.45552
34926,0.45552
34927,0.45552
34928,0.45552
34929,0.4565
34930,0.45748
34931,0.46041
34932,0.46334
34933,0.46628
34934,0.47019
34935,0.4741
34936,0.47801
34937,0.48192
34938,0.4868
34939,0.49071
34940,0.49658
34941,0.50244
34942,0.51026
34943,0.51711
34944,0.52297
34945,0.52884
34946,0.53275
34947,0.53568
34948,0.53763
34949,0.53959
34950,0.54154
34951,0.54057
34952,0.53959
34953,0.53763
34954,0.53568
34955,0.53275
34956,0.52884
34957,0.52493
34958,0.52102
34959,0.51808
34960,0.51515
34961,0.51124
34962,0.50831
34963,0.50538
34964,0.50244
34965,0.49853
34966,0.4956
34967,0.49071
34968,0.48583
34969,0.48094
34970,0.47605
34971,0.47214
34972,0.46725
34973,0.46432
34974,0.46139
34975,0.45846
34976,0.45552
34977,0.45161
34978,0.44868
34979,0.44673
34980,0.44379
34981,0.44184
34982,0.43891
34983,0.43597
34984,0.43304
34985,0.43011
34986,0.42717
34987,0.42424
34988,0.42131
34989,0.41838
34990,0.41642
34991,0.41349
34992,0.41153
34993,0.40762
34994,0.40567
34995,0.40371
34996,0.40176
34997,0.3998
34998,0.39785
34999,0.39589
35000,0.39394
35001,0.39198
35002,0.39003
35003,0.38905
35004,0.38905
35005,0.38807
35006,0.3871
35007,0.38612
35008,0.38416
35009,0.38319
35010,0.38123
35011,0.37928
35012,0.37732
35013,0.37537
35014,0.37341
35015,0.37146
35016,0.3695
35017,0.36852
35018,0.36852
35019,0.36755
35020,0.36657
35021,0.36559
35022,0.36364
35023,0.36266
35024,0.3607
35025,0.35973
35026,0.35777
35027,0.35777
35028,0.35679
35029,0.35582
35030,0.35582
35031,0.35484
35032,0.35484
35033,0.35386
35034,0.35288
35035,0.35288
35036,0.35386
35037,0.35484
35038,0.35875
35039,0.36364
35040,0.37048
35041,0.3783
35042,0.38807
35043,0.39883
35044,0.4086
35045,0.42131
35046,0.43597
35047,0.45259
35048,0.46823
35049,0.48387
35050,0.50049
35051,0.51808
35052,0.53372
35053,0.54936
35054,0.56305
35055,0.57674
35056,0.58847
35057,0.59726
35058,0.60802
35059,0.61975
35060,0.6305
35061,0.64027
35062,0.64809
35063,0.65396
35064,0.65885
35065,0.66178
35066,0.66276
35067,0.66178
35068,0.6608
35069,0.65787
35070,0.65396
35071,0.65005
35072,0.64614
35073,0.64223
35074,0.63636
35075,0.62952
35076,0.62268
35077,0.61486
35078,0.60704
35079,0.59922
35080,0.5914
35081,0.58456
35082,0.57869
35083,0.57283
35084,0.565
35085,0.55718
35086,0.54741
35087,0.53861
35088,0.53177
35089,0.52493
35090,0.51906
35091,0.51417
35092,0.51026
35093,0.50635
35094,0.50049
35095,0.4956
35096,0.48876
35097,0.48094
35098,0.4741
35099,0.46823
35100,0.46334
35101,0.45943
35102,0.45455
35103,0.45064
35104,0.44575
35105,0.44086
35106,0.43597
35107,0.43109
35108,0.42717
35109,0.42424
35110,0.42033
35111,0.41642
35112,0.41349
35113,0.40958
35114,0.40665
35115,0.40371
35116,0.40078
35117,0.39687
35118,0.39394
35119,0.39101
35120,0.38807
35121,0.38416
35122,0.38221
35123,0.38123
35124,0.38025
35125,0.3783
35126,0.37732
35127,0.37732
35128,0.37732
35129,0.37634
35130,0.37634
35131,0.37732
35132,0.37928
35133,0.38221
35134,0.38514
35135,0.39003
35136,0.39492
35137,0.40078
35138,0.40762
35139,0.41447
35140,0.42229
35141,0.43011
35142,0.43793
35143,0.44673
35144,0.4565
35145,0.4653
35146,0.47507
35147,0.48485
35148,0.49267
35149,0.50049
35150,0.50929
35151,0.51711
35152,0.52493
35153,0.53372
35154,0.54057
35155,0.54643
35156,0.55132
35157,0.55621
35158,0.55914
35159,0.56109
35160,0.56207
35161,0.56207
35162,0.56305
35163,0.56305
35164,0.56207
35165,0.56109
35166,0.56012
35167,0.55816
35168,0.55718
35169,0.55523
35170,0.55425
35171,0.5523
35172,0.55034
35173,0.54839
35174,0.54643
35175,0.5435
35176,0.54057
35177,0.53666
35178,0.53275
35179,0.52884
35180,0.52493
35181,0.52004
35182,0.51613
35183,0.51222
35184,0.50929
35185,0.50538
35186,0.50244
35187,0.49951
35188,0.49658
35189,0.49267
35190,0.48974
35191,0.48583
35192,0.48192
35193,0.47898
35194,0.47507
35195,0.47214
35196,0.46921
35197,0.46628
35198,0.46432
35199,0.46237
35200,0.46041
35201,0.45943
35202,0.45846
35203,0.4565
35204,0.45552
35205,0.45357
35206,0.45259
35207,0.45064
35208,0.44868
35209,0.44673
35210,0.44282
35211,0.43891
35212,0.43597
35213,0.43304
35214,0.43011
35215,0.42815
35216,0.42717
35217,0.42522
35218,0.42326
35219,0.42229
35220,0.42033
35221,0.41838
35222,0.4174
35223,0.41642
35224,0.41642
35225,0.41838
35226,0.42033
35227,0.42326
35228,0.42815
35229,0.43402
35230,0.44086
35231,0.4477
35232,0.45552
35233,0.46334
35234,0.47214
35235,0.48192
35236,0.49071
35237,0.50147
35238,0.51124
35239,0.52199
35240,0.53079
35241,0.53861
35242,0.54643
35243,0.55523
35244,0.56207
35245,0.56891
35246,0.57478
35247,0.57869
35248,0.5826
35249,0.58651
35250,0.58847
35251,0.59042
35252,0.59042
35253,0.59042
35254,0.58944
35255,0.58749
35256,0.58456
35257,0.58162
35258,0.57674
35259,0.57283
35260,0.56794
35261,0.56305
35262,0.55914
35263,0.55425
35264,0.54936
35265,0.54448
35266,0.53959
35267,0.53568
35268,0.53275
35269,0.52884
35270,0.52688
35271,0.52395
35272,0.52004
35273,0.51613
35274,0.51222
35275,0.50831
35276,0.50538
35277,0.50244
35278,0.49853
35279,0.49658
35280,0.49365
35281,0.49071
35282,0.48778
35283,0.48485
35284,0.48094
35285,0.47801
35286,0.4741
35287,0.47019
35288,0.46628
35289,0.46432
35290,0.46139
35291,0.45943
35292,0.45748
35293,0.45552
35294,0.45357
35295,0.45064
35296,0.44868
35297,0.44575
35298,0.44282
35299,0.44086
35300,0.43793
35301,0.43597
35302,0.43304
35303,0.43109
35304,0.42815
35305,0.42522
35306,0.42326
35307,0.42131
35308,0.41838
35309,0.41642
35310,0.41544
35311,0.41544
35312,0.41447
35313,0.41447
35314,0.41447
35315,0.41447
35316,0.41544
35317,0.41642
35318,0.4174
35319,0.41935
35320,0.42326
35321,0.42717
35322,0.43304
35323,0.43891
35324,0.44673
35325,0.45357
35326,0.46041
35327,0.46823
35328,0.47605
35329,0.48485
35330,0.49462
35331,0.50244
35332,0.51026
35333,0.51808
35334,0.5259
35335,0.53372
35336,0.54154
35337,0.54936
35338,0.55621
35339,0.56109
35340,0.565
35341,0.56794
35342,0.56891
35343,0.56989
35344,0.56989
35345,0.56891
35346,0.56696
35347,0.56403
35348,0.56891
35349,0.57771
35350,0.58162
35351,0.5826
35352,0.58162
35353,0.57967
35354,0.57674
35355,0.57283
35356,0.56794
35357,0.56207
35358,0.55718
35359,0.5523
35360,0.54741
35361,0.54252
35362,0.53763
35363,0.53372
35364,0.52981
35365,0.52688
35366,0.52297
35367,0.51906
35368,0.51515
35369,0.51222
35370,0.50831
35371,0.50538
35372,0.50147
35373,0.49756
35374,0.49365
35375,0.48876
35376,0.48387
35377,0.47996
35378,0.47703
35379,0.47312
35380,0.47019
35381,0.46725
35382,0.4653
35383,0.46334
35384,0.46139
35385,0.46041
35386,0.45748
35387,0.45552
35388,0.45161
35389,0.44868
35390,0.44477
35391,0.44086
35392,0.43597
35393,0.43109
35394,0.4262
35395,0.42131
35396,0.4174
35397,0.41447
35398,0.41251
35399,0.40958
35400,0.40567
35401,0.40274
35402,0.39883
35403,0.39492
35404,0.39198
35405,0.38807
35406,0.38514
35407,0.38416
35408,0.38319
35409,0.38319
35410,0.38319
35411,0.38612
35412,0.38905
35413,0.39198
35414,0.39589
35415,0.40274
35416,0.4086
35417,0.41544
35418,0.42131
35419,0.42717
35420,0.43402
35421,0.44086
35422,0.44966
35423,0.45748
35424,0.46432
35425,0.47214
35426,0.47996
35427,0.48778
35428,0.49658
35429,0.50538
35430,0.51417
35431,0.52199
35432,0.52981
35433,0.53568
35434,0.54154
35435,0.54448
35436,0.54643
35437,0.54741
35438,0.54643
35439,0.54545
35440,0.54448
35441,0.54252
35442,0.54057
35443,0.53861
35444,0.53666
35445,0.53568
35446,0.5347
35447,0.53275
35448,0.53079
35449,0.52884
35450,0.52688
35451,0.5259
35452,0.52395
35453,0.52199
35454,0.52102
35455,0.51906
35456,0.51808
35457,0.51613
35458,0.51417
35459,0.51222
35460,0.50929
35461,0.50635
35462,0.5044
35463,0.50244
35464,0.50049
35465,0.49853
35466,0.49756
35467,0.4956
35468,0.49462
35469,0.49267
35470,0.49169
35471,0.48974
35472,0.48778
35473,0.48583
35474,0.48485
35475,0.48289
35476,0.48094
35477,0.47996
35478,0.47898
35479,0.47801
35480,0.47703
35481,0.47703
35482,0.47605
35483,0.47605
35484,0.47507
35485,0.47507
35486,0.47312
35487,0.47214
35488,0.47019
35489,0.46823
35490,0.46725
35491,0.46725
35492,0.46628
35493,0.46628
35494,0.4653
35495,0.46432
35496,0.46334
35497,0.46237
35498,0.46237
35499,0.46237
35500,0.46237
35501,0.46334
35502,0.4653
35503,0.46921
35504,0.47312
35505,0.47703
35506,0.48387
35507,0.49071
35508,0.49756
35509,0.5044
35510,0.5132
35511,0.52199
35512,0.53177
35513,0.54057
35514,0.55034
35515,0.55914
35516,0.56696
35517,0.57576
35518,0.58456
35519,0.59238
35520,0.6002
35521,0.60802
35522,0.61584
35523,0.6217
35524,0.62757
35525,0.63148
35526,0.63441
35527,0.63636
35528,0.63636
35529,0.63636
35530,0.63539
35531,0.63245
35532,0.62952
35533,0.62659
35534,0.62268
35535,0.61779
35536,0.6129
35537,0.60704
35538,0.60215
35539,0.59629
35540,0.59042
35541,0.58553
35542,0.58065
35543,0.57576
35544,0.56989
35545,0.565
35546,0.55914
35547,0.55425
35548,0.54936
35549,0.5435
35550,0.53959
35551,0.53666
35552,0.53372
35553,0.52981
35554,0.52688
35555,0.52395
35556,0.52102
35557,0.51711
35558,0.5132
35559,0.51026
35560,0.50635
35561,0.50244
35562,0.49853
35563,0.4956
35564,0.49169
35565,0.48778
35566,0.48387
35567,0.48094
35568,0.47801
35569,0.4741
35570,0.47116
35571,0.46823
35572,0.4653
35573,0.46237
35574,0.45943
35575,0.45748
35576,0.45455
35577,0.45161
35578,0.44868
35579,0.44673
35580,0.44477
35581,0.44184
35582,0.43891
35583,0.43597
35584,0.43304
35585,0.43011
35586,0.42717
35587,0.42424
35588,0.42229
35589,0.42131
35590,0.42033
35591,0.41935
35592,0.42033
35593,0.42131
35594,0.42229
35595,0.42424
35596,0.42815
35597,0.43206
35598,0.43793
35599,0.44282
35600,0.44966
35601,0.45748
35602,0.46628
35603,0.47605
35604,0.4868
35605,0.49756
35606,0.50831
35607,0.51808
35608,0.52395
35609,0.52981
35610,0.53763
35611,0.54643
35612,0.55621
35613,0.565
35614,0.5738
35615,0.5826
35616,0.58944
35617,0.59531
35618,0.6002
35619,0.60411
35620,0.60704
35621,0.60899
35622,0.60997
35623,0.60997
35624,0.60802
35625,0.60606
35626,0.60215
35627,0.59922
35628,0.59531
35629,0.59238
35630,0.58847
35631,0.58456
35632,0.58162
35633,0.57771
35634,0.5738
35635,0.56891
35636,0.56403
35637,0.55816
35638,0.55327
35639,0.54741
35640,0.54252
35641,0.53861
35642,0.5347
35643,0.53177
35644,0.52786
35645,0.52493
35646,0.52199
35647,0.51906
35648,0.51515
35649,0.51124
35650,0.50733
35651,0.50244
35652,0.49756
35653,0.49267
35654,0.48876
35655,0.48485
35656,0.48192
35657,0.47801
35658,0.4741
35659,0.47116
35660,0.46823
35661,0.46628
35662,0.46432
35663,0.46237
35664,0.46139
35665,0.45943
35666,0.45748
35667,0.45552
35668,0.45357
35669,0.45161
35670,0.44966
35671,0.44575
35672,0.44379
35673,0.44184
35674,0.43891
35675,0.435
35676,0.43206
35677,0.42913
35678,0.4262
35679,0.42326
35680,0.42131
35681,0.41935
35682,0.4174
35683,0.41544
35684,0.41349
35685,0.41251
35686,0.41349
35687,0.41447
35688,0.41642
35689,0.4174
35690,0.42033
35691,0.42424
35692,0.42913
35693,0.435
35694,0.44184
35695,0.44966
35696,0.45748
35697,0.4653
35698,0.47116
35699,0.47703
35700,0.48485
35701,0.49267
35702,0.50244
35703,0.51124
35704,0.51906
35705,0.52688
35706,0.53372
35707,0.53959
35708,0.54545
35709,0.55034
35710,0.55327
35711,0.55621
35712,0.55816
35713,0.55914
35714,0.56012
35715,0.55914
35716,0.55621
35717,0.5523
35718,0.54741
35719,0.54154
35720,0.53666
35721,0.53177
35722,0.5259
35723,0.52004
35724,0.51417
35725,0.50929
35726,0.5044
35727,0.49853
35728,0.49267
35729,0.4868
35730,0.48192
35731,0.47703
35732,0.47214
35733,0.46921
35734,0.46725
35735,0.4653
35736,0.46334
35737,0.46041
35738,0.45846
35739,0.45748
35740,0.45552
35741,0.45357
35742,0.45161
35743,0.44966
35744,0.44868
35745,0.44673
35746,0.44477
35747,0.44282
35748,0.44086
35749,0.43891
35750,0.43695
35751,0.43597
35752,0.435
35753,0.43304
35754,0.43206
35755,0.43011
35756,0.42815
35757,0.4262
35758,0.42424
35759,0.42326
35760,0.42326
35761,0.42326
35762,0.42326
35763,0.42326
35764,0.42326
35765,0.42326
35766,0.42326
35767,0.42229
35768,0.42229
35769,0.42229
35770,0.42229
35771,0.42229
35772,0.42326
35773,0.42522
35774,0.42717
35775,0.42913
35776,0.43206
35777,0.435
35778,0.43891
35779,0.44379
35780,0.44966
35781,0.4565
35782,0.46334
35783,0.47116
35784,0.47996
35785,0.48974
35786,0.50049
35787,0.51026
35788,0.52102
35789,0.53275
35790,0.54252
35791,0.55132
35792,0.56109
35793,0.57087
35794,0.57967
35795,0.58749
35796,0.59531
35797,0.60313
35798,0.60997
35799,0.61779
35800,0.62366
35801,0.62854
35802,0.63245
35803,0.63441
35804,0.63539
35805,0.63636
35806,0.63636
35807,0.63636
35808,0.63539
35809,0.63245
35810,0.62952
35811,0.62561
35812,0.6217
35813,0.61779
35814,0.61388
35815,0.60997
35816,0.60606
35817,0.60117
35818,0.59531
35819,0.58944
35820,0.58456
35821,0.57869
35822,0.57478
35823,0.56989
35824,0.56696
35825,0.56305
35826,0.55914
35827,0.55425
35828,0.54936
35829,0.5435
35830,0.53861
35831,0.5347
35832,0.52981
35833,0.5259
35834,0.52199
35835,0.51808
35836,0.51417
35837,0.50929
35838,0.5044
35839,0.50049
35840,0.49658
35841,0.49267
35842,0.48876
35843,0.48583
35844,0.48289
35845,0.47898
35846,0.47605
35847,0.47214
35848,0.46823
35849,0.46432
35850,0.46237
35851,0.45943
35852,0.45748
35853,0.45552
35854,0.45357
35855,0.45161
35856,0.45064
35857,0.44966
35858,0.4477
35859,0.44575
35860,0.44477
35861,0.44282
35862,0.44086
35863,0.43891
35864,0.42815
35865,0.41251
35866,0.40469
35867,0.39883
35868,0.39492
35869,0.39296
35870,0.39198
35871,0.39198
35872,0.39296
35873,0.39394
35874,0.39589
35875,0.39883
35876,0.40371
35877,0.41056
35878,0.41935
35879,0.42815
35880,0.43891
35881,0.44966
35882,0.45943
35883,0.46921
35884,0.47996
35885,0.49071
35886,0.50147
35887,0.5132
35888,0.52493
35889,0.53763
35890,0.54936
35891,0.55914
35892,0.56989
35893,0.57869
35894,0.58749
35895,0.59433
35896,0.6002
35897,0.60508
35898,0.60997
35899,0.61388
35900,0.61681
35901,0.61779
35902,0.61779
35903,0.61779
35904,0.61486
35905,0.61193
35906,0.60802
35907,0.60411
35908,0.6002
35909,0.59531
35910,0.58944
35911,0.58358
35912,0.57576
35913,0.56891
35914,0.56305
35915,0.55718
35916,0.55132
35917,0.54643
35918,0.54057
35919,0.53568
35920,0.53079
35921,0.5259
35922,0.52102
35923,0.51711
35924,0.51222
35925,0.50733
35926,0.50147
35927,0.49756
35928,0.49267
35929,0.48876
35930,0.48485
35931,0.48094
35932,0.47703
35933,0.47214
35934,0.46823
35935,0.4653
35936,0.46334
35937,0.45943
35938,0.4565
35939,0.45259
35940,0.44868
35941,0.44477
35942,0.44086
35943,0.43793
35944,0.43597
35945,0.43402
35946,0.43206
35947,0.43011
35948,0.42815
35949,0.42717
35950,0.42522
35951,0.42229
35952,0.41935
35953,0.41642
35954,0.41251
35955,0.4086
35956,0.40469
35957,0.40078
35958,0.39883
35959,0.39589
35960,0.39394
35961,0.39394
35962,0.39492
35963,0.39589
35964,0.39785
35965,0.3998
35966,0.40176
35967,0.40469
35968,0.40762
35969,0.41251
35970,0.41935
35971,0.42717
35972,0.435
35973,0.44282
35974,0.44966
35975,0.45748
35976,0.46628
35977,0.47605
35978,0.4868
35979,0.49756
35980,0.50733
35981,0.51613
35982,0.52395
35983,0.53079
35984,0.53666
35985,0.5435
35986,0.54936
35987,0.55425
35988,0.55816
35989,0.56305
35990,0.56696
35991,0.56989
35992,0.57087
35993,0.57185
35994,0.56989
35995,0.56696
35996,0.56305
35997,0.55816
35998,0.55327
35999,0.54741
36000,0.54154
36001,0.53666
36002,0.52981
36003,0.52102
36004,0.5132
36005,0.50538
36006,0.49853
36007,0.49267
36008,0.4868
36009,0.48094
36010,0.47312
36011,0.46628
36012,0.45943
36013,0.45259
36014,0.4477
36015,0.44282
36016,0.43891
36017,0.435
36018,0.43109
36019,0.42717
36020,0.42326
36021,0.41935
36022,0.41642
36023,0.41251
36024,0.40958
36025,0.40567
36026,0.40274
36027,0.3998
36028,0.39785
36029,0.39589
36030,0.39394
36031,0.39198
36032,0.39003
36033,0.38807
36034,0.38612
36035,0.38514
36036,0.38416
36037,0.38319
36038,0.38123
36039,0.37928
36040,0.3783
36041,0.37732
36042,0.37634
36043,0.37537
36044,0.37537
36045,0.37537
36046,0.37537
36047,0.37537
36048,0.37634
36049,0.3783
36050,0.38025
36051,0.38221
36052,0.38416
36053,0.38612
36054,0.38807
36055,0.39003
36056,0.39394
36057,0.39883
36058,0.40469
36059,0.41056
36060,0.41935
36061,0.42815
36062,0.43597
36063,0.44575
36064,0.45552
36065,0.46725
36066,0.47703
36067,0.48778
36068,0.49951
36069,0.51222
36070,0.5259
36071,0.53959
36072,0.55327
36073,0.56598
36074,0.57869
36075,0.59042
36076,0.6002
36077,0.60997
36078,0.61779
36079,0.62268
36080,0.62561
36081,0.62757
36082,0.62952
36083,0.6305
36084,0.6305
36085,0.62854
36086,0.62757
36087,0.62561
36088,0.62268
36089,0.61975
36090,0.61584
36091,0.6129
36092,0.60802
36093,0.60313
36094,0.59922
36095,0.59433
36096,0.58847
36097,0.58358
36098,0.57869
36099,0.57478
36100,0.56891
36101,0.56305
36102,0.55816
36103,0.55327
36104,0.54741
36105,0.54154
36106,0.53763
36107,0.53275
36108,0.52786
36109,0.52297
36110,0.51808
36111,0.51222
36112,0.50733
36113,0.50147
36114,0.49756
36115,0.49267
36116,0.48876
36117,0.48485
36118,0.48094
36119,0.47703
36120,0.47214
36121,0.46628
36122,0.46139
36123,0.4565
36124,0.45259
36125,0.4477
36126,0.44282
36127,0.43793
36128,0.435
36129,0.43304
36130,0.43109
36131,0.42815
36132,0.42717
36133,0.4262
36134,0.42424
36135,0.42229
36136,0.42033
36137,0.4174
36138,0.41447
36139,0.41153
36140,0.40958
36141,0.40665
36142,0.40469
36143,0.40274
36144,0.40078
36145,0.3998
36146,0.39883
36147,0.39687
36148,0.39492
36149,0.39394
36150,0.39492
36151,0.39589
36152,0.39785
36153,0.40078
36154,0.40469
36155,0.40958
36156,0.41544
36157,0.42326
36158,0.43011
36159,0.43695
36160,0.44673
36161,0.45748
36162,0.46921
36163,0.48094
36164,0.49462
36165,0.50733
36166,0.51906
36167,0.53177
36168,0.54448
36169,0.55621
36170,0.56696
36171,0.57576
36172,0.5826
36173,0.59042
36174,0.59824
36175,0.60508
36176,0.61095
36177,0.61486
36178,0.61681
36179,0.61681
36180,0.61584
36181,0.61388
36182,0.61095
36183,0.60704
36184,0.60313
36185,0.59922
36186,0.59531
36187,0.59238
36188,0.58847
36189,0.58358
36190,0.57869
36191,0.57283
36192,0.56598
36193,0.56012
36194,0.55425
36195,0.54839
36196,0.54252
36197,0.53763
36198,0.53372
36199,0.52786
36200,0.52297
36201,0.51711
36202,0.51222
36203,0.50635
36204,0.50147
36205,0.49756
36206,0.49365
36207,0.48974
36208,0.48583
36209,0.48192
36210,0.47801
36211,0.47507
36212,0.47116
36213,0.46725
36214,0.46432
36215,0.46041
36216,0.4565
36217,0.45259
36218,0.44868
36219,0.44477
36220,0.44086
36221,0.43695
36222,0.435
36223,0.43304
36224,0.43206
36225,0.43011
36226,0.42815
36227,0.4262
36228,0.42424
36229,0.42229
36230,0.41838
36231,0.41544
36232,0.41251
36233,0.40958
36234,0.40665
36235,0.40371
36236,0.3998
36237,0.39687
36238,0.39492
36239,0.39296
36240,0.39101
36241,0.39003
36242,0.39003
36243,0.39101
36244,0.39296
36245,0.39687
36246,0.40176
36247,0.40762
36248,0.41544
36249,0.42326
36250,0.43011
36251,0.43597
36252,0.44477
36253,0.45455
36254,0.4653
36255,0.47605
36256,0.4868
36257,0.49756
36258,0.50929
36259,0.52004
36260,0.53177
36261,0.5435
36262,0.55327
36263,0.56012
36264,0.56598
36265,0.5738
36266,0.58065
36267,0.58749
36268,0.59335
36269,0.59726
36270,0.59922
36271,0.6002
36272,0.6002
36273,0.59922
36274,0.59629
36275,0.59335
36276,0.58944
36277,0.58651
36278,0.58162
36279,0.57674
36280,0.57087
36281,0.565
36282,0.55914
36283,0.55425
36284,0.54839
36285,0.5435
36286,0.53861
36287,0.5347
36288,0.52981
36289,0.5259
36290,0.52102
36291,0.51613
36292,0.51124
36293,0.50538
36294,0.49951
36295,0.49365
36296,0.48778
36297,0.48289
36298,0.47801
36299,0.47312
36300,0.46725
36301,0.46041
36302,0.45455
36303,0.44868
36304,0.44184
36305,0.43695
36306,0.43206
36307,0.42815
36308,0.42326
36309,0.41935
36310,0.41544
36311,0.41056
36312,0.40567
36313,0.40176
36314,0.39785
36315,0.39492
36316,0.39296
36317,0.39003
36318,0.38612
36319,0.38123
36320,0.37732
36321,0.37341
36322,0.3695
36323,0.36559
36324,0.3607
36325,0.35679
36326,0.35191
36327,0.34702
36328,0.34213
36329,0.3392
36330,0.33627
36331,0.33236
36332,0.32845
36333,0.32454
36334,0.32258
36335,0.3216
36336,0.3216
36337,0.3216
36338,0.32454
36339,0.32747
36340,0.3304
36341,0.33529
36342,0.34115
36343,0.34702
36344,0.35582
36345,0.36461
36346,0.37439
36347,0.38612
36348,0.39883
36349,0.41251
36350,0.42717
36351,0.44086
36352,0.45552
36353,0.47019
36354,0.48289
36355,0.49462
36356,0.5044
36357,0.51417
36358,0.52395
36359,0.5347
36360,0.5435
36361,0.55034
36362,0.55425
36363,0.55718
36364,0.55816
36365,0.55816
36366,0.55718
36367,0.55718
36368,0.55621
36369,0.55523
36370,0.55523
36371,0.55523
36372,0.55523
36373,0.55523
36374,0.55523
36375,0.55425
36376,0.55816
36377,0.56403
36378,0.565
36379,0.565
36380,0.565
36381,0.56305
36382,0.56207
36383,0.56012
36384,0.55914
36385,0.55718
36386,0.55621
36387,0.55425
36388,0.5523
36389,0.55132
36390,0.54936
36391,0.54741
36392,0.54643
36393,0.54448
36394,0.54252
36395,0.54057
36396,0.53763
36397,0.53372
36398,0.53079
36399,0.52688
36400,0.52395
36401,0.52102
36402,0.51711
36403,0.51417
36404,0.51124
36405,0.50831
36406,0.5044
36407,0.50147
36408,0.49951
36409,0.49658
36410,0.49267
36411,0.48974
36412,0.4868
36413,0.48387
36414,0.47996
36415,0.47703
36416,0.4741
36417,0.47214
36418,0.47019
36419,0.46823
36420,0.46725
36421,0.46628
36422,0.4653
36423,0.4653
36424,0.46628
36425,0.46725
36426,0.46823
36427,0.47019
36428,0.47312
36429,0.47605
36430,0.47996
36431,0.48485
36432,0.49071
36433,0.4956
36434,0.50147
36435,0.50733
36436,0.51417
36437,0.52199
36438,0.52981
36439,0.53763
36440,0.54643
36441,0.55425
36442,0.56305
36443,0.57185
36444,0.57967
36445,0.58651
36446,0.59238
36447,0.59726
36448,0.60215
36449,0.60606
36450,0.60997
36451,0.6129
36452,0.61584
36453,0.61681
36454,0.61779
36455,0.61779
36456,0.61779
36457,0.61681
36458,0.61388
36459,0.61095
36460,0.60802
36461,0.60508
36462,0.60215
36463,0.59922
36464,0.59531
36465,0.5914
36466,0.58651
36467,0.58162
36468,0.57576
36469,0.57185
36470,0.56696
36471,0.56305
36472,0.55914
36473,0.55425
36474,0.55034
36475,0.54545
36476,0.54154
36477,0.53666
36478,0.53177
36479,0.52688
36480,0.52297
36481,0.51906
36482,0.51613
36483,0.5132
36484,0.50929
36485,0.50635
36486,0.50342
36487,0.50049
36488,0.49756
36489,0.49365
36490,0.48974
36491,0.48583
36492,0.48192
36493,0.47898
36494,0.47507
36495,0.47312
36496,0.47019
36497,0.46823
36498,0.46725
36499,0.4653
36500,0.46432
36501,0.46334
36502,0.46237
36503,0.46139
36504,0.46041
36505,0.45846
36506,0.45552
36507,0.45259
36508,0.44966
36509,0.4477
36510,0.44575
36511,0.44379
36512,0.44184
36513,0.44086
36514,0.43891
36515,0.43597
36516,0.43304
36517,0.43109
36518,0.43011
36519,0.43011
36520,0.43011
36521,0.43206
36522,0.43597
36523,0.43988
36524,0.44477
36525,0.45064
36526,0.45748
36527,0.46432
36528,0.47214
36529,0.48094
36530,0.49071
36531,0.49951
36532,0.50929
36533,0.51906
36534,0.52884
36535,0.53959
36536,0.55132
36537,0.56207
36538,0.56891
36539,0.57576
36540,0.5826
36541,0.58944
36542,0.59531
36543,0.60117
36544,0.60606
36545,0.60997
36546,0.61193
36547,0.61388
36548,0.61486
36549,0.61388
36550,0.61193
36551,0.60997
36552,0.60704
36553,0.60313
36554,0.6002
36555,0.59726
36556,0.59335
36557,0.58944
36558,0.58553
36559,0.58065
36560,0.57674
36561,0.57185
36562,0.56696
36563,0.56207
36564,0.55816
36565,0.55327
36566,0.54936
36567,0.54448
36568,0.54057
36569,0.53568
36570,0.53177
36571,0.52786
36572,0.52297
36573,0.52004
36574,0.51613
36575,0.5132
36576,0.50929
36577,0.50635
36578,0.50342
36579,0.50049
36580,0.49756
36581,0.49462
36582,0.49169
36583,0.48876
36584,0.48485
36585,0.48192
36586,0.47898
36587,0.47507
36588,0.47312
36589,0.47019
36590,0.46823
36591,0.46725
36592,0.46628
36593,0.46432
36594,0.46237
36595,0.45943
36596,0.45552
36597,0.45161
36598,0.44673
36599,0.44184
36600,0.43695
36601,0.43206
36602,0.42717
36603,0.42326
36604,0.42033
36605,0.4174
36606,0.41544
36607,0.41349
36608,0.41153
36609,0.41056
36610,0.40958
36611,0.40958
36612,0.40958
36613,0.41056
36614,0.41349
36615,0.41544
36616,0.41935
36617,0.42326
36618,0.42717
36619,0.43206
36620,0.43793
36621,0.44477
36622,0.45259
36623,0.46041
36624,0.46725
36625,0.4741
36626,0.48094
36627,0.48778
36628,0.49462
36629,0.50244
36630,0.50929
36631,0.51417
36632,0.51808
36633,0.52004
36634,0.52493
36635,0.52884
36636,0.53275
36637,0.53568
36638,0.53763
36639,0.53666
36640,0.53568
36641,0.5347
36642,0.53177
36643,0.52884
36644,0.52493
36645,0.52004
36646,0.51515
36647,0.51124
36648,0.50831
36649,0.50538
36650,0.5044
36651,0.50244
36652,0.50147
36653,0.49951
36654,0.49756
36655,0.4956
36656,0.49267
36657,0.49071
36658,0.48876
36659,0.4868
36660,0.48485
36661,0.48289
36662,0.47996
36663,0.47703
36664,0.47312
36665,0.46921
36666,0.46628
36667,0.46334
36668,0.46041
36669,0.45846
36670,0.4565
36671,0.45357
36672,0.45161
36673,0.44966
36674,0.4477
36675,0.44673
36676,0.44673
36677,0.44673
36678,0.4477
36679,0.4477
36680,0.44868
36681,0.44868
36682,0.44868
36683,0.44868
36684,0.44868
36685,0.44868
36686,0.44868
36687,0.44868
36688,0.44868
36689,0.44868
36690,0.44868
36691,0.44868
36692,0.44868
36693,0.4477
36694,0.4477
36695,0.4477
36696,0.44868
36697,0.44868
36698,0.44868
36699,0.44868
36700,0.44868
36701,0.44868
36702,0.44868
36703,0.44868
36704,0.44868
36705,0.45064
36706,0.45357
36707,0.4565
36708,0.46139
36709,0.46628
36710,0.47214
36711,0.47898
36712,0.48778
36713,0.49756
36714,0.50733
36715,0.51808
36716,0.52981
36717,0.5435
36718,0.55621
36719,0.56696
36720,0.57771
36721,0.58847
36722,0.59824
36723,0.60606
36724,0.61486
36725,0.62366
36726,0.6305
36727,0.63636
36728,0.64027
36729,0.64321
36730,0.64418
36731,0.64418
36732,0.64223
36733,0.64027
36734,0.63734
36735,0.63245
36736,0.62854
36737,0.62463
36738,0.62072
36739,0.61584
36740,0.60997
36741,0.60411
36742,0.59726
36743,0.58944
36744,0.58162
36745,0.57478
36746,0.56794
36747,0.56207
36748,0.55621
36749,0.55132
36750,0.54545
36751,0.54057
36752,0.5347
36753,0.52884
36754,0.52297
36755,0.51711
36756,0.51222
36757,0.50733
36758,0.50342
36759,0.49853
36760,0.49462
36761,0.49071
36762,0.4868
36763,0.48289
36764,0.47898
36765,0.47507
36766,0.47116
36767,0.46725
36768,0.46334
36769,0.45943
36770,0.45552
36771,0.45259
36772,0.44966
36773,0.4477
36774,0.44673
36775,0.44477
36776,0.44379
36777,0.44086
36778,0.43793
36779,0.435
36780,0.43109
36781,0.42717
36782,0.42326
36783,0.41935
36784,0.41544
36785,0.41251
36786,0.4086
36787,0.40665
36788,0.40469
36789,0.40078
36790,0.39785
36791,0.39589
36792,0.39394
36793,0.39101
36794,0.39003
36795,0.39003
36796,0.39003
36797,0.39198
36798,0.39394
36799,0.39589
36800,0.3998
36801,0.40469
36802,0.41056
36803,0.41838
36804,0.42717
36805,0.43597
36806,0.44575
36807,0.4565
36808,0.46823
36809,0.48094
36810,0.49365
36811,0.50733
36812,0.52102
36813,0.5347
36814,0.54545
36815,0.55523
36816,0.56403
36817,0.57283
36818,0.58162
36819,0.58944
36820,0.59726
36821,0.60411
36822,0.60997
36823,0.61388
36824,0.61681
36825,0.61779
36826,0.61779
36827,0.61681
36828,0.61388
36829,0.61095
36830,0.60704
36831,0.60313
36832,0.59922
36833,0.59433
36834,0.58847
36835,0.5826
36836,0.57576
36837,0.56989
36838,0.56403
36839,0.55914
36840,0.55425
36841,0.54936
36842,0.54545
36843,0.53959
36844,0.5347
36845,0.52884
36846,0.52493
36847,0.52004
36848,0.51613
36849,0.51222
36850,0.50831
36851,0.5044
36852,0.50049
36853,0.49756
36854,0.49365
36855,0.48876
36856,0.48387
36857,0.47996
36858,0.47507
36859,0.47019
36860,0.4653
36861,0.46041
36862,0.45552
36863,0.45161
36864,0.4477
36865,0.44477
36866,0.44282
36867,0.44086
36868,0.43891
36869,0.43597
36870,0.43206
36871,0.42913
36872,0.42522
36873,0.42033
36874,0.41544
36875,0.41056
36876,0.40469
36877,0.39883
36878,0.39394
36879,0.39003
36880,0.3871
36881,0.38416
36882,0.38025
36883,0.37634
36884,0.37243
36885,0.3695
36886,0.36755
36887,0.36559
36888,0.36755
36889,0.37146
36890,0.37341
36891,0.37439
36892,0.37732
36893,0.38123
36894,0.38514
36895,0.39101
36896,0.39687
36897,0.40274
36898,0.40958
36899,0.4174
36900,0.42424
36901,0.43109
36902,0.43891
36903,0.44673
36904,0.45357
36905,0.46041
36906,0.46628
36907,0.47312
36908,0.48094
36909,0.48876
36910,0.4956
36911,0.50147
36912,0.50733
36913,0.51222
36914,0.51711
36915,0.52004
36916,0.52199
36917,0.52199
36918,0.52199
36919,0.52004
36920,0.51808
36921,0.51417
36922,0.51026
36923,0.50635
36924,0.50342
36925,0.50049
36926,0.49756
36927,0.4956
36928,0.49365
36929,0.49169
36930,0.48876
36931,0.48583
36932,0.48387
36933,0.48192
36934,0.47898
36935,0.47703
36936,0.47507
36937,0.47214
36938,0.47019
36939,0.46823
36940,0.4653
36941,0.46334
36942,0.46041
36943,0.45748
36944,0.45552
36945,0.45259
36946,0.45161
36947,0.45064
36948,0.44966
36949,0.44966
36950,0.44966
36951,0.44966
36952,0.44966
36953,0.44966
36954,0.44966
36955,0.44966
36956,0.44966
36957,0.44966
36958,0.44966
36959,0.44966
36960,0.44966
36961,0.44966
36962,0.44966
36963,0.44966
36964,0.44966
36965,0.44966
36966,0.44966
36967,0.44966
36968,0.44868
36969,0.44673
36970,0.44575
36971,0.44477
36972,0.44379
36973,0.44379
36974,0.44379
36975,0.44379
36976,0.44282
36977,0.44282
36978,0.44379
36979,0.44477
36980,0.44575
36981,0.4477
36982,0.44966
36983,0.45259
36984,0.45552
36985,0.45748
36986,0.46139
36987,0.46725
36988,0.47312
36989,0.48094
36990,0.48974
36991,0.49853
36992,0.50733
36993,0.51613
36994,0.5259
36995,0.53666
36996,0.54741
36997,0.55718
36998,0.565
36999,0.57087
37000,0.57869
37001,0.58553
37002,0.59238
37003,0.59922
37004,0.60508
37005,0.60802
37006,0.61095
37007,0.61193
37008,0.61193
37009,0.61095
37010,0.60899
37011,0.60704
37012,0.60411
37013,0.60117
37014,0.59726
37015,0.59433
37016,0.59042
37017,0.58553
37018,0.57967
37019,0.57283
37020,0.56598
37021,0.56012
37022,0.55425
37023,0.54936
37024,0.54448
37025,0.53959
37026,0.5347
37027,0.52981
37028,0.52395
37029,0.51906
37030,0.51417
37031,0.50929
37032,0.5044
37033,0.50049
37034,0.49658
37035,0.49267
37036,0.48974
37037,0.48583
37038,0.48289
37039,0.47898
37040,0.4741
37041,0.47019
37042,0.4653
37043,0.46139
37044,0.45748
37045,0.45455
37046,0.45161
37047,0.44966
37048,0.44673
37049,0.44477
37050,0.44282
37051,0.43988
37052,0.43793
37053,0.435
37054,0.43304
37055,0.43011
37056,0.42717
37057,0.42424
37058,0.42229
37059,0.41935
37060,0.41642
37061,0.41447
37062,0.41153
37063,0.40762
37064,0.40469
37065,0.40078
37066,0.39883
37067,0.39687
37068,0.39492
37069,0.39394
37070,0.39394
37071,0.39394
37072,0.39394
37073,0.39492
37074,0.39687
37075,0.39785
37076,0.3998
37077,0.40176
37078,0.40567
37079,0.41056
37080,0.4174
37081,0.42522
37082,0.43402
37083,0.44379
37084,0.45357
37085,0.46432
37086,0.4741
37087,0.48485
37088,0.49462
37089,0.50538
37090,0.51515
37091,0.52297
37092,0.53177
37093,0.54154
37094,0.55034
37095,0.55816
37096,0.56598
37097,0.57185
37098,0.57674
37099,0.58162
37100,0.58456
37101,0.58553
37102,0.58553
37103,0.58553
37104,0.58553
37105,0.58358
37106,0.58162
37107,0.57771
37108,0.57478
37109,0.57087
37110,0.56598
37111,0.56012
37112,0.55621
37113,0.55132
37114,0.54643
37115,0.54154
37116,0.53763
37117,0.53275
37118,0.52786
37119,0.52297
37120,0.51906
37121,0.51417
37122,0.51026
37123,0.50538
37124,0.50147
37125,0.49853
37126,0.49462
37127,0.49169
37128,0.48778
37129,0.48583
37130,0.48192
37131,0.47703
37132,0.47312
37133,0.46921
37134,0.4653
37135,0.46237
37136,0.45846
37137,0.45455
37138,0.45161
37139,0.44868
37140,0.44575
37141,0.44282
37142,0.44086
37143,0.43891
37144,0.43695
37145,0.43597
37146,0.43402
37147,0.43109
37148,0.42815
37149,0.42424
37150,0.42131
37151,0.41838
37152,0.41544
37153,0.41251
37154,0.41056
37155,0.40762
37156,0.40567
37157,0.40371
37158,0.40176
37159,0.3998
37160,0.39883
37161,0.39687
37162,0.39687
37163,0.39687
37164,0.39589
37165,0.39687
37166,0.39785
37167,0.39785
37168,0.3998
37169,0.40078
37170,0.40371
37171,0.40762
37172,0.41251
37173,0.4174
37174,0.42229
37175,0.42913
37176,0.43695
37177,0.44575
37178,0.45259
37179,0.46139
37180,0.47019
37181,0.47898
37182,0.4868
37183,0.4956
37184,0.50342
37185,0.51026
37186,0.51613
37187,0.52199
37188,0.52688
37189,0.53275
37190,0.53666
37191,0.54057
37192,0.54154
37193,0.54154
37194,0.54057
37195,0.53861
37196,0.5347
37197,0.52981
37198,0.52493
37199,0.52004
37200,0.51515
37201,0.51124
37202,0.50733
37203,0.50342
37204,0.49853
37205,0.49365
37206,0.48876
37207,0.48387
37208,0.47898
37209,0.4741
37210,0.46921
37211,0.46334
37212,0.45846
37213,0.45259
37214,0.44868
37215,0.44477
37216,0.44184
37217,0.43891
37218,0.43695
37219,0.43402
37220,0.43206
37221,0.43109
37222,0.42913
37223,0.42717
37224,0.42522
37225,0.42424
37226,0.42229
37227,0.42033
37228,0.41838
37229,0.41642
37230,0.41544
37231,0.41251
37232,0.41056
37233,0.4086
37234,0.40665
37235,0.40567
37236,0.40371
37237,0.40274
37238,0.40078
37239,0.3998
37240,0.39883
37241,0.39883
37242,0.39785
37243,0.39785
37244,0.39883
37245,0.39883
37246,0.39883
37247,0.39883
37248,0.3998
37249,0.3998
37250,0.3998
37251,0.39883
37252,0.39883
37253,0.3998
37254,0.40078
37255,0.40274
37256,0.40469
37257,0.4086
37258,0.41251
37259,0.4174
37260,0.42229
37261,0.42815
37262,0.43597
37263,0.44379
37264,0.45161
37265,0.45846
37266,0.46725
37267,0.47703
37268,0.48778
37269,0.49756
37270,0.50733
37271,0.51808
37272,0.52884
37273,0.53763
37274,0.54545
37275,0.55425
37276,0.56305
37277,0.57087
37278,0.57869
37279,0.58651
37280,0.59335
37281,0.59922
37282,0.60411
37283,0.60802
37284,0.61095
37285,0.6129
37286,0.6129
37287,0.6129
37288,0.61193
37289,0.60899
37290,0.60606
37291,0.60215
37292,0.59824
37293,0.59335
37294,0.58847
37295,0.58358
37296,0.57771
37297,0.57283
37298,0.56891
37299,0.56403
37300,0.56012
37301,0.55523
37302,0.55034
37303,0.54545
37304,0.53959
37305,0.5347
37306,0.52884
37307,0.52395
37308,0.51808
37309,0.5132
37310,0.50929
37311,0.50538
37312,0.50244
37313,0.49853
37314,0.49462
37315,0.48974
37316,0.48387
37317,0.47898
37318,0.4741
37319,0.46921
37320,0.46432
37321,0.45943
37322,0.45552
37323,0.45161
37324,0.4477
37325,0.44379
37326,0.44184
37327,0.43988
37328,0.43793
37329,0.43597
37330,0.435
37331,0.43304
37332,0.43109
37333,0.42913
37334,0.42717
37335,0.42522
37336,0.42326
37337,0.42033
37338,0.41935
37339,0.41838
37340,0.41642
37341,0.41447
37342,0.41153
37343,0.4086
37344,0.40469
37345,0.40176
37346,0.39883
37347,0.39785
37348,0.39687
37349,0.39687
37350,0.39589
37351,0.39687
37352,0.39785
37353,0.39883
37354,0.40078
37355,0.40371
37356,0.40762
37357,0.41349
37358,0.42033
37359,0.42815
37360,0.43695
37361,0.44673
37362,0.45748
37363,0.46823
37364,0.47801
37365,0.48778
37366,0.49658
37367,0.50733
37368,0.51906
37369,0.53079
37370,0.54057
37371,0.55034
37372,0.55914
37373,0.56696
37374,0.57478
37375,0.58162
37376,0.58651
37377,0.5914
37378,0.59433
37379,0.59629
37380,0.59824
37381,0.59824
37382,0.59629
37383,0.59335
37384,0.59042
37385,0.58651
37386,0.58358
37387,0.57967
37388,0.57478
37389,0.56989
37390,0.565
37391,0.56012
37392,0.55523
37393,0.55034
37394,0.54545
37395,0.53959
37396,0.5347
37397,0.52981
37398,0.52493
37399,0.52102
37400,0.51515
37401,0.50831
37402,0.50342
37403,0.49951
37404,0.4956
37405,0.49267
37406,0.48876
37407,0.48485
37408,0.48094
37409,0.47703
37410,0.47214
37411,0.46725
37412,0.46334
37413,0.45846
37414,0.45455
37415,0.45064
37416,0.44673
37417,0.44379
37418,0.44086
37419,0.43793
37420,0.43402
37421,0.43206
37422,0.42913
37423,0.42717
37424,0.42522
37425,0.42326
37426,0.42033
37427,0.4174
37428,0.41349
37429,0.41056
37430,0.40665
37431,0.40371
37432,0.40078
37433,0.39687
37434,0.39296
37435,0.38905
37436,0.38514
37437,0.38319
37438,0.38025
37439,0.3783
37440,0.37732
37441,0.37732
37442,0.37732
37443,0.37732
37444,0.37732
37445,0.3783
37446,0.38025
37447,0.38221
37448,0.38612
37449,0.39101
37450,0.39687
37451,0.40371
37452,0.41251
37453,0.42229
37454,0.43109
37455,0.43988
37456,0.44673
37457,0.45455
37458,0.46334
37459,0.47312
37460,0.48387
37461,0.49462
37462,0.50342
37463,0.51124
37464,0.51808
37465,0.52493
37466,0.53079
37467,0.53763
37468,0.5435
37469,0.54839
37470,0.5523
37471,0.55425
37472,0.55523
37473,0.55425
37474,0.5523
37475,0.54936
37476,0.54448
37477,0.53861
37478,0.53275
37479,0.52493
37480,0.51808
37481,0.51124
37482,0.50538
37483,0.49951
37484,0.49365
37485,0.48778
37486,0.48192
37487,0.4741
37488,0.46725
37489,0.46139
37490,0.45455
37491,0.44868
37492,0.44379
37493,0.43988
37494,0.435
37495,0.43109
37496,0.42815
37497,0.42424
37498,0.42033
37499,0.41642
37500,0.41251
37501,0.4086
37502,0.40567
37503,0.40176
37504,0.39883
37505,0.39687
37506,0.39492
37507,0.39198
37508,0.39003
37509,0.38905
37510,0.38905
37511,0.38807
37512,0.3871
37513,0.38514
37514,0.38416
37515,0.38221
37516,0.38025
37517,0.37928
37518,0.3783
37519,0.37732
37520,0.37732
37521,0.37732
37522,0.37732
37523,0.37732
37524,0.37732
37525,0.37732
37526,0.37732
37527,0.37732
37528,0.37928
37529,0.38025
37530,0.38221
37531,0.38416
37532,0.38612
37533,0.38807
37534,0.39003
37535,0.39198
37536,0.39394
37537,0.39687
37538,0.40274
37539,0.40958
37540,0.41838
37541,0.42815
37542,0.43891
37543,0.45064
37544,0.46334
37545,0.47507
37546,0.48778
37547,0.49951
37548,0.50929
37549,0.51906
37550,0.52981
37551,0.54154
37552,0.55327
37553,0.56403
37554,0.5738
37555,0.58456
37556,0.59335
37557,0.60215
37558,0.60997
37559,0.61779
37560,0.62366
37561,0.62659
37562,0.62757
37563,0.62854
37564,0.62854
37565,0.62854
37566,0.62757
37567,0.62561
37568,0.6217
37569,0.61779
37570,0.61388
37571,0.60997
37572,0.60606
37573,0.60117
37574,0.59531
37575,0.58847
37576,0.5826
37577,0.57674
37578,0.57087
37579,0.56598
37580,0.56012
37581,0.55425
37582,0.54741
37583,0.54154
37584,0.53568
37585,0.52981
37586,0.52297
37587,0.51711
37588,0.51124
37589,0.50635
37590,0.50244
37591,0.49756
37592,0.49365
37593,0.48974
37594,0.48485
37595,0.48094
37596,0.47703
37597,0.47312
37598,0.46823
37599,0.46334
37600,0.45748
37601,0.45259
37602,0.4477
37603,0.44379
37604,0.43988
37605,0.43597
37606,0.43206
37607,0.42815
37608,0.4262
37609,0.42326
37610,0.42131
37611,0.41935
37612,0.4174
37613,0.41642
37614,0.41447
37615,0.41349
37616,0.41251
37617,0.40958
37618,0.40469
37619,0.40078
37620,0.39687
37621,0.39296
37622,0.39003
37623,0.3871
37624,0.38416
37625,0.38221
37626,0.38025
37627,0.3783
37628,0.37732
37629,0.37732
37630,0.37928
37631,0.38123
37632,0.38416
37633,0.38905
37634,0.39492
37635,0.40078
37636,0.40762
37637,0.41642
37638,0.4262
37639,0.43597
37640,0.44477
37641,0.45357
37642,0.4653
37643,0.47801
37644,0.49267
37645,0.50733
37646,0.52102
37647,0.5347
37648,0.54643
37649,0.55816
37650,0.56794
37651,0.57674
37652,0.58456
37653,0.59042
37654,0.59433
37655,0.59824
37656,0.60117
37657,0.60313
37658,0.60508
37659,0.60508
37660,0.60411
37661,0.60117
37662,0.59824
37663,0.59433
37664,0.59042
37665,0.58651
37666,0.5826
37667,0.57869
37668,0.5738
37669,0.56696
37670,0.56109
37671,0.55621
37672,0.55034
37673,0.54448
37674,0.53861
37675,0.53275
37676,0.52688
37677,0.52102
37678,0.51515
37679,0.50929
37680,0.50538
37681,0.50147
37682,0.49756
37683,0.49365
37684,0.48974
37685,0.48583
37686,0.48192
37687,0.47801
37688,0.47312
37689,0.46921
37690,0.4653
37691,0.46139
37692,0.45748
37693,0.45357
37694,0.44966
37695,0.44575
37696,0.44184
37697,0.43891
37698,0.43695
37699,0.435
37700,0.43206
37701,0.43011
37702,0.4262
37703,0.42326
37704,0.41935
37705,0.41544
37706,0.41251
37707,0.41056
37708,0.40762
37709,0.40469
37710,0.40176
37711,0.39785
37712,0.39492
37713,0.39101
37714,0.38807
37715,0.38514
37716,0.38221
37717,0.37928
37718,0.37732
37719,0.37634
37720,0.37537
37721,0.37537
37722,0.37537
37723,0.37732
37724,0.37928
37725,0.38416
37726,0.38905
37727,0.39687
37728,0.40567
37729,0.41447
37730,0.42424
37731,0.435
37732,0.44379
37733,0.45259
37734,0.46334
37735,0.4741
37736,0.48583
37737,0.49658
37738,0.50733
37739,0.51808
37740,0.52884
37741,0.53861
37742,0.54839
37743,0.55523
37744,0.56109
37745,0.56403
37746,0.565
37747,0.56598
37748,0.56598
37749,0.565
37750,0.56305
37751,0.56109
37752,0.55718
37753,0.5523
37754,0.54643
37755,0.54057
37756,0.53372
37757,0.52688
37758,0.52199
37759,0.51613
37760,0.51026
37761,0.5044
37762,0.49756
37763,0.49071
37764,0.48387
37765,0.47801
37766,0.47019
37767,0.46334
37768,0.45552
37769,0.4477
37770,0.44086
37771,0.43597
37772,0.43304
37773,0.42815
37774,0.42326
37775,0.4174
37776,0.41153
37777,0.40567
37778,0.3998
37779,0.39394
37780,0.38807
37781,0.38221
37782,0.37732
37783,0.37341
37784,0.37048
37785,0.36755
37786,0.36559
37787,0.36461
37788,0.36266
37789,0.3607
37790,0.35875
37791,0.35777
37792,0.35582
37793,0.35386
37794,0.35191
37795,0.35093
37796,0.34995
37797,0.34897
37798,0.34995
37799,0.34995
37800,0.34995
37801,0.35093
37802,0.35093
37803,0.35093
37804,0.35093
37805,0.35093
37806,0.35093
37807,0.35093
37808,0.35093
37809,0.35093
37810,0.35191
37811,0.35386
37812,0.35777
37813,0.3607
37814,0.36559
37815,0.37243
37816,0.3783
37817,0.38612
37818,0.39492
37819,0.40567
37820,0.41642
37821,0.42913
37822,0.44086
37823,0.45455
37824,0.46725
37825,0.47898
37826,0.49267
37827,0.50733
37828,0.52102
37829,0.53568
37830,0.55034
37831,0.56305
37832,0.57576
37833,0.58847
37834,0.59922
37835,0.60899
37836,0.61779
37837,0.62366
37838,0.62659
37839,0.62952
37840,0.63148
37841,0.63343
37842,0.63343
37843,0.63148
37844,0.62854
37845,0.62463
37846,0.62072
37847,0.61486
37848,0.60802
37849,0.60215
37850,0.59629
37851,0.59042
37852,0.58358
37853,0.57771
37854,0.57185
37855,0.565
37856,0.55914
37857,0.55327
37858,0.54741
37859,0.54252
37860,0.53763
37861,0.53275
37862,0.52884
37863,0.52395
37864,0.52004
37865,0.51417
37866,0.50831
37867,0.50342
37868,0.49853
37869,0.49365
37870,0.48974
37871,0.48583
37872,0.48192
37873,0.47703
37874,0.47214
37875,0.46725
37876,0.46334
37877,0.45846
37878,0.45357
37879,0.44868
37880,0.44379
37881,0.43988
37882,0.43597
37883,0.43304
37884,0.42913
37885,0.42522
37886,0.42131
37887,0.4174
37888,0.41447
37889,0.41153
37890,0.4086
37891,0.40567
37892,0.40176
37893,0.39687
37894,0.39296
37895,0.38905
37896,0.38514
37897,0.38319
37898,0.38025
37899,0.37732
37900,0.37537
37901,0.37439
37902,0.37439
37903,0.37439
37904,0.37439
37905,0.37537
37906,0.37537
37907,0.37634
37908,0.3783
37909,0.38025
37910,0.38416
37911,0.38905
37912,0.40078
37913,0.41544
37914,0.42717
37915,0.43793
37916,0.44575
37917,0.45455
37918,0.46432
37919,0.4741
37920,0.48485
37921,0.4956
37922,0.50538
37923,0.51711
37924,0.52786
37925,0.53861
37926,0.54839
37927,0.55621
37928,0.56403
37929,0.56989
37930,0.57576
37931,0.58162
37932,0.58651
37933,0.59042
37934,0.59335
37935,0.59531
37936,0.59629
37937,0.59531
37938,0.59335
37939,0.59042
37940,0.58749
37941,0.58456
37942,0.58065
37943,0.57771
37944,0.57283
37945,0.56794
37946,0.56207
37947,0.55718
37948,0.55132
37949,0.54643
37950,0.54154
37951,0.53568
37952,0.53079
37953,0.52493
37954,0.52004
37955,0.51515
37956,0.51124
37957,0.50733
37958,0.50342
37959,0.49951
37960,0.49658
37961,0.49169
37962,0.4868
37963,0.48192
37964,0.47703
37965,0.47312
37966,0.46823
37967,0.46432
37968,0.46139
37969,0.45748
37970,0.45455
37971,0.45064
37972,0.4477
37973,0.44477
37974,0.44282
37975,0.44086
37976,0.43891
37977,0.43793
37978,0.435
37979,0.43304
37980,0.43011
37981,0.42717
37982,0.4262
37983,0.42424
37984,0.42131
37985,0.41838
37986,0.41544
37987,0.41153
37988,0.4086
37989,0.40469
37990,0.40176
37991,0.39883
37992,0.39687
37993,0.39589
37994,0.39589
37995,0.39589
37996,0.39589
37997,0.39687
37998,0.39785
37999,0.39883
38000,0.40078
38001,0.40274
38002,0.40469
38003,0.4086
38004,0.41349
38005,0.42033
38006,0.42815
38007,0.435
38008,0.44282
38009,0.45161
38010,0.46139
38011,0.47214
38012,0.48192
38013,0.49267
38014,0.50147
38015,0.51124
38016,0.52102
38017,0.53177
38018,0.54057
38019,0.54936
38020,0.55621
38021,0.56207
38022,0.565
38023,0.56891
38024,0.57185
38025,0.57478
38026,0.57576
38027,0.57576
38028,0.57478
38029,0.57283
38030,0.56989
38031,0.56598
38032,0.56305
38033,0.55914
38034,0.55523
38035,0.55132
38036,0.54741
38037,0.54252
38038,0.53763
38039,0.53372
38040,0.52884
38041,0.52297
38042,0.51808
38043,0.5132
38044,0.50929
38045,0.50538
38046,0.50147
38047,0.49853
38048,0.4956
38049,0.49267
38050,0.48778
38051,0.48289
38052,0.47801
38053,0.47214
38054,0.4653
38055,0.45943
38056,0.45357
38057,0.44868
38058,0.44477
38059,0.43988
38060,0.43597
38061,0.43206
38062,0.42815
38063,0.42326
38064,0.4174
38065,0.41349
38066,0.4086
38067,0.40469
38068,0.40176
38069,0.39883
38070,0.39589
38071,0.39394
38072,0.39101
38073,0.38905
38074,0.3871
38075,0.38514
38076,0.38123
38077,0.3783
38078,0.37439
38079,0.37146
38080,0.36755
38081,0.36266
38082,0.35777
38083,0.35288
38084,0.348
38085,0.34409
38086,0.34213
38087,0.34115
38088,0.34018
38089,0.33822
38090,0.33822
38091,0.33822
38092,0.3392
38093,0.34115
38094,0.34311
38095,0.34604
38096,0.34995
38097,0.35582
38098,0.36364
38099,0.37146
38100,0.38025
38101,0.39003
38102,0.40078
38103,0.41153
38104,0.42424
38105,0.43597
38106,0.44868
38107,0.46139
38108,0.4741
38109,0.4868
38110,0.49756
38111,0.50831
38112,0.51711
38113,0.52493
38114,0.53275
38115,0.54057
38116,0.54741
38117,0.5523
38118,0.55523
38119,0.55816
38120,0.56012
38121,0.56012
38122,0.56012
38123,0.56012
38124,0.55914
38125,0.55816
38126,0.55718
38127,0.55718
38128,0.55621
38129,0.55523
38130,0.55327
38131,0.55132
38132,0.55034
38133,0.54839
38134,0.54643
38135,0.5435
38136,0.54154
38137,0.53959
38138,0.53763
38139,0.53568
38140,0.53372
38141,0.53079
38142,0.52786
38143,0.52493
38144,0.52199
38145,0.51906
38146,0.51613
38147,0.51222
38148,0.50929
38149,0.50635
38150,0.50342
38151,0.50049
38152,0.49756
38153,0.4956
38154,0.49365
38155,0.49071
38156,0.4868
38157,0.48387
38158,0.47996
38159,0.47703
38160,0.47312
38161,0.47019
38162,0.46628
38163,0.46237
38164,0.46725
38165,0.47703
38166,0.48192
38167,0.48192
38168,0.47996
38169,0.47801
38170,0.47605
38171,0.4741
38172,0.47214
38173,0.47019
38174,0.46823
38175,0.46725
38176,0.4653
38177,0.46432
38178,0.46432
38179,0.46432
38180,0.4653
38181,0.46725
38182,0.47019
38183,0.47507
38184,0.47898
38185,0.48387
38186,0.48778
38187,0.49365
38188,0.50049
38189,0.50733
38190,0.51515
38191,0.52297
38192,0.52981
38193,0.53861
38194,0.54643
38195,0.55425
38196,0.56305
38197,0.57185
38198,0.57967
38199,0.58651
38200,0.59433
38201,0.6002
38202,0.60606
38203,0.60997
38204,0.6129
38205,0.61584
38206,0.61779
38207,0.61975
38208,0.62072
38209,0.62072
38210,0.62072
38211,0.61877
38212,0.61584
38213,0.61193
38214,0.60802
38215,0.60411
38216,0.59922
38217,0.59531
38218,0.5914
38219,0.58749
38220,0.5826
38221,0.57869
38222,0.5738
38223,0.56989
38224,0.565
38225,0.55914
38226,0.55425
38227,0.54936
38228,0.54448
38229,0.54057
38230,0.53763
38231,0.5347
38232,0.53177
38233,0.52786
38234,0.52395
38235,0.52004
38236,0.51515
38237,0.51026
38238,0.50635
38239,0.50147
38240,0.49658
38241,0.49267
38242,0.48876
38243,0.48485
38244,0.48289
38245,0.48192
38246,0.47898
38247,0.47703
38248,0.47507
38249,0.47214
38250,0.46921
38251,0.46725
38252,0.4653
38253,0.46334
38254,0.46237
38255,0.46041
38256,0.45846
38257,0.4565
38258,0.45455
38259,0.45161
38260,0.44868
38261,0.44477
38262,0.44086
38263,0.43793
38264,0.435
38265,0.43402
38266,0.43304
38267,0.43109
38268,0.43011
38269,0.42913
38270,0.42913
38271,0.43011
38272,0.43206
38273,0.43304
38274,0.435
38275,0.43695
38276,0.43988
38277,0.44379
38278,0.44868
38279,0.45455
38280,0.46139
38281,0.47019
38282,0.47996
38283,0.48876
38284,0.49658
38285,0.50538
38286,0.51515
38287,0.52493
38288,0.53568
38289,0.54545
38290,0.55523
38291,0.56598
38292,0.57576
38293,0.58456
38294,0.59335
38295,0.6002
38296,0.60606
38297,0.60899
38298,0.61193
38299,0.61388
38300,0.61486
38301,0.61584
38302,0.61486
38303,0.6129
38304,0.61095
38305,0.60704
38306,0.60313
38307,0.59824
38308,0.59335
38309,0.58847
38310,0.58456
38311,0.57967
38312,0.57478
38313,0.56989
38314,0.565
38315,0.55914
38316,0.55425
38317,0.54936
38318,0.54448
38319,0.54057
38320,0.53763
38321,0.53372
38322,0.53079
38323,0.52786
38324,0.52395
38325,0.52004
38326,0.51711
38327,0.5132
38328,0.50831
38329,0.5044
38330,0.49951
38331,0.4956
38332,0.49169
38333,0.48876
38334,0.48583
38335,0.48289
38336,0.47996
38337,0.47703
38338,0.47312
38339,0.47019
38340,0.46725
38341,0.46432
38342,0.46041
38343,0.45748
38344,0.45455
38345,0.45064
38346,0.44575
38347,0.44086
38348,0.43695
38349,0.43402
38350,0.43109
38351,0.42815
38352,0.42326
38353,0.41838
38354,0.41349
38355,0.4086
38356,0.40469
38357,0.40078
38358,0.39687
38359,0.39394
38360,0.39003
38361,0.38807
38362,0.38612
38363,0.38514
38364,0.38514
38365,0.38514
38366,0.38514
38367,0.3871
38368,0.38905
38369,0.39198
38370,0.39492
38371,0.39883
38372,0.40176
38373,0.40567
38374,0.41056
38375,0.41544
38376,0.42131
38377,0.42815
38378,0.435
38379,0.44184
38380,0.45064
38381,0.45943
38382,0.46823
38383,0.47801
38384,0.4868
38385,0.4956
38386,0.50342
38387,0.51124
38388,0.51711
38389,0.52102
38390,0.52493
38391,0.52786
38392,0.53079
38393,0.53177
38394,0.53275
38395,0.53275
38396,0.53177
38397,0.53079
38398,0.52884
38399,0.52786
38400,0.5259
38401,0.52395
38402,0.52199
38403,0.52004
38404,0.51808
38405,0.51515
38406,0.51222
38407,0.51026
38408,0.50733
38409,0.50538
38410,0.5044
38411,0.50147
38412,0.49951
38413,0.4956
38414,0.49267
38415,0.49071
38416,0.48778
38417,0.48583
38418,0.48485
38419,0.48289
38420,0.48289
38421,0.48289
38422,0.48192
38423,0.48192
38424,0.47996
38425,0.47801
38426,0.47703
38427,0.47703
38428,0.47703
38429,0.47703
38430,0.47703
38431,0.47703
38432,0.47605
38433,0.47605
38434,0.47605
38435,0.47605
38436,0.47507
38437,0.47605
38438,0.47507
38439,0.4741
38440,0.47312
38441,0.47214
38442,0.47116
38443,0.46921
38444,0.46823
38445,0.46628
38446,0.46432
38447,0.46139
38448,0.45943
38449,0.45748
38450,0.45552
38451,0.45357
38452,0.45259
38453,0.45064
38454,0.44868
38455,0.44868
38456,0.44966
38457,0.45064
38458,0.45357
38459,0.45748
38460,0.46237
38461,0.46921
38462,0.47605
38463,0.48289
38464,0.49071
38465,0.50049
38466,0.51026
38467,0.51906
38468,0.52786
38469,0.53568
38470,0.54448
38471,0.55327
38472,0.56207
38473,0.57087
38474,0.57967
38475,0.58749
38476,0.59433
38477,0.6002
38478,0.60411
38479,0.60802
38480,0.60997
38481,0.60997
38482,0.60997
38483,0.60899
38484,0.60606
38485,0.60313
38486,0.6002
38487,0.59726
38488,0.59433
38489,0.59042
38490,0.58749
38491,0.58358
38492,0.57869
38493,0.57478
38494,0.56989
38495,0.565
38496,0.55816
38497,0.55132
38498,0.54545
38499,0.54057
38500,0.53666
38501,0.53275
38502,0.52884
38503,0.5259
38504,0.52199
38505,0.51808
38506,0.51417
38507,0.51026
38508,0.50635
38509,0.50244
38510,0.49756
38511,0.49267
38512,0.48778
38513,0.48289
38514,0.47898
38515,0.47507
38516,0.47116
38517,0.46823
38518,0.4653
38519,0.46237
38520,0.46041
38521,0.45748
38522,0.45455
38523,0.45259
38524,0.44868
38525,0.44575
38526,0.44184
38527,0.43891
38528,0.435
38529,0.43206
38530,0.43011
38531,0.42717
38532,0.4262
38533,0.42522
38534,0.42326
38535,0.42033
38536,0.4174
38537,0.41447
38538,0.41349
38539,0.41153
38540,0.41056
38541,0.40958
38542,0.4086
38543,0.40665
38544,0.40567
38545,0.40567
38546,0.40665
38547,0.40665
38548,0.40665
38549,0.40762
38550,0.40958
38551,0.41251
38552,0.4174
38553,0.42229
38554,0.42815
38555,0.43597
38556,0.44379
38557,0.45259
38558,0.46041
38559,0.46823
38560,0.47605
38561,0.48583
38562,0.4956
38563,0.50635
38564,0.51711
38565,0.52688
38566,0.53666
38567,0.54545
38568,0.55327
38569,0.56109
38570,0.56794
38571,0.57283
38572,0.57674
38573,0.58162
38574,0.58651
38575,0.58944
38576,0.5914
38577,0.5914
38578,0.5914
38579,0.58944
38580,0.58847
38581,0.58651
38582,0.58456
38583,0.58162
38584,0.57771
38585,0.5738
38586,0.56989
38587,0.565
38588,0.56012
38589,0.55523
38590,0.54936
38591,0.54448
38592,0.54057
38593,0.53666
38594,0.53275
38595,0.52884
38596,0.52493
38597,0.51906
38598,0.51515
38599,0.51026
38600,0.50538
38601,0.50147
38602,0.49658
38603,0.49267
38604,0.48876
38605,0.48485
38606,0.48094
38607,0.47801
38608,0.4741
38609,0.47019
38610,0.46628
38611,0.46237
38612,0.46041
38613,0.45748
38614,0.45455
38615,0.45161
38616,0.44868
38617,0.44575
38618,0.44282
38619,0.43988
38620,0.43695
38621,0.43402
38622,0.43206
38623,0.42913
38624,0.42815
38625,0.42717
38626,0.4262
38627,0.42424
38628,0.42229
38629,0.41838
38630,0.41544
38631,0.41251
38632,0.41056
38633,0.40762
38634,0.40567
38635,0.40371
38636,0.40176
38637,0.40078
38638,0.3998
38639,0.3998
38640,0.39883
38641,0.39883
38642,0.39785
38643,0.39785
38644,0.39883
38645,0.3998
38646,0.40274
38647,0.40665
38648,0.41153
38649,0.41838
38650,0.42424
38651,0.43109
38652,0.43891
38653,0.4477
38654,0.45552
38655,0.46432
38656,0.47312
38657,0.48094
38658,0.48778
38659,0.4956
38660,0.50244
38661,0.50929
38662,0.51613
38663,0.52199
38664,0.52688
38665,0.53079
38666,0.53372
38667,0.5347
38668,0.53568
38669,0.5347
38670,0.53275
38671,0.52981
38672,0.52688
38673,0.52199
38674,0.51711
38675,0.51222
38676,0.50635
38677,0.49951
38678,0.49365
38679,0.48876
38680,0.48289
38681,0.47801
38682,0.47312
38683,0.46823
38684,0.46237
38685,0.4565
38686,0.45161
38687,0.44673
38688,0.44184
38689,0.43891
38690,0.43597
38691,0.43402
38692,0.43109
38693,0.42815
38694,0.4262
38695,0.42326
38696,0.42131
38697,0.41935
38698,0.4174
38699,0.41544
38700,0.41349
38701,0.41153
38702,0.41056
38703,0.41056
38704,0.41056
38705,0.40958
38706,0.4086
38707,0.40665
38708,0.40665
38709,0.40665
38710,0.40567
38711,0.40567
38712,0.40567
38713,0.40567
38714,0.40665
38715,0.4086
38716,0.40958
38717,0.41056
38718,0.41056
38719,0.41056
38720,0.41056
38721,0.41056
38722,0.41056
38723,0.41056
38724,0.41056
38725,0.41056
38726,0.41056
38727,0.41056
38728,0.41153
38729,0.41349
38730,0.41544
38731,0.4174
38732,0.42033
38733,0.42424
38734,0.42913
38735,0.43402
38736,0.43988
38737,0.4477
38738,0.4565
38739,0.4653
38740,0.4741
38741,0.48387
38742,0.49267
38743,0.50147
38744,0.51124
38745,0.52102
38746,0.53275
38747,0.54252
38748,0.55327
38749,0.56403
38750,0.5738
38751,0.58456
38752,0.59433
38753,0.60215
38754,0.60802
38755,0.6129
38756,0.61584
38757,0.61877
38758,0.62072
38759,0.6217
38760,0.62268
38761,0.6217
38762,0.61877
38763,0.61584
38764,0.61193
38765,0.60802
38766,0.60411
38767,0.59922
38768,0.59433
38769,0.59042
38770,0.58553
38771,0.58162
38772,0.57674
38773,0.57185
38774,0.56696
38775,0.56109
38776,0.55523
38777,0.54936
38778,0.5435
38779,0.53861
38780,0.5347
38781,0.53079
38782,0.52688
38783,0.52199
38784,0.51613
38785,0.51026
38786,0.50538
38787,0.49951
38788,0.49365
38789,0.48876
38790,0.48289
38791,0.47801
38792,0.47312
38793,0.46823
38794,0.46432
38795,0.46041
38796,0.4565
38797,0.45259
38798,0.44966
38799,0.44575
38800,0.44282
38801,0.44086
38802,0.43793
38803,0.43597
38804,0.43304
38805,0.42913
38806,0.4262
38807,0.42326
38808,0.42131
38809,0.41838
38810,0.41642
38811,0.41349
38812,0.41153
38813,0.4086
38814,0.40665
38815,0.40371
38816,0.40078
38817,0.39687
38818,0.39394
38819,0.39101
38820,0.38905
38821,0.38905
38822,0.38905
38823,0.38905
38824,0.38905
38825,0.38905
38826,0.39003
38827,0.39198
38828,0.39492
38829,0.39883
38830,0.40371
38831,0.40958
38832,0.41642
38833,0.42522
38834,0.43402
38835,0.44184
38836,0.45161
38837,0.46139
38838,0.47312
38839,0.48485
38840,0.49658
38841,0.50929
38842,0.52199
38843,0.5347
38844,0.54643
38845,0.55718
38846,0.56794
38847,0.57674
38848,0.58456
38849,0.59238
38850,0.59824
38851,0.60313
38852,0.60704
38853,0.60899
38854,0.60997
38855,0.60997
38856,0.60802
38857,0.60508
38858,0.60313
38859,0.60117
38860,0.59922
38861,0.59629
38862,0.5914
38863,0.58749
38864,0.58162
38865,0.57576
38866,0.56989
38867,0.56403
38868,0.55718
38869,0.55132
38870,0.54545
38871,0.54057
38872,0.53666
38873,0.53275
38874,0.52884
38875,0.52493
38876,0.52102
38877,0.51711
38878,0.5132
38879,0.50929
38880,0.5044
38881,0.49951
38882,0.49462
38883,0.49071
38884,0.4868
38885,0.48192
38886,0.47898
38887,0.47605
38888,0.47214
38889,0.46725
38890,0.46334
38891,0.45943
38892,0.45552
38893,0.45357
38894,0.45064
38895,0.44868
38896,0.44673
38897,0.44379
38898,0.44184
38899,0.43891
38900,0.43597
38901,0.43304
38902,0.42815
38903,0.42424
38904,0.41935
38905,0.41544
38906,0.41251
38907,0.40958
38908,0.40665
38909,0.40371
38910,0.40176
38911,0.3998
38912,0.39883
38913,0.39785
38914,0.39785
38915,0.39785
38916,0.39785
38917,0.39785
38918,0.39883
38919,0.40078
38920,0.40469
38921,0.40762
38922,0.41153
38923,0.41642
38924,0.42229
38925,0.42815
38926,0.435
38927,0.44282
38928,0.45161
38929,0.46139
38930,0.47214
38931,0.48289
38932,0.4956
38933,0.50733
38934,0.51906
38935,0.53177
38936,0.54154
38937,0.55034
38938,0.56012
38939,0.56794
38940,0.5738
38941,0.58065
38942,0.58651
38943,0.59238
38944,0.59531
38945,0.59824
38946,0.59922
38947,0.59824
38948,0.59629
38949,0.59433
38950,0.59238
38951,0.59042
38952,0.58847
38953,0.58553
38954,0.58162
38955,0.57674
38956,0.57087
38957,0.56598
38958,0.56109
38959,0.55523
38960,0.54839
38961,0.54252
38962,0.53763
38963,0.53275
38964,0.52884
38965,0.52493
38966,0.52102
38967,0.51711
38968,0.5132
38969,0.50831
38970,0.50244
38971,0.49756
38972,0.49169
38973,0.48583
38974,0.47996
38975,0.4741
38976,0.46921
38977,0.4653
38978,0.46139
38979,0.45748
38980,0.45161
38981,0.44575
38982,0.43891
38983,0.43304
38984,0.4262
38985,0.41935
38986,0.41349
38987,0.40762
38988,0.40176
38989,0.39883
38990,0.39589
38991,0.39296
38992,0.39198
38993,0.39003
38994,0.3871
38995,0.38319
38996,0.37928
38997,0.37439
38998,0.37048
38999,0.36559
39000,0.36168
39001,0.35679
39002,0.35288
39003,0.348
39004,0.34409
39005,0.34115
39006,0.33724
39007,0.33333
39008,0.3304
39009,0.32845
39010,0.32845
39011,0.32942
39012,0.3304
39013,0.3304
39014,0.33236
39015,0.33529
39016,0.33822
39017,0.34311
39018,0.348
39019,0.35484
39020,0.36266
39021,0.37146
39022,0.38221
39023,0.39296
39024,0.40469
39025,0.41642
39026,0.42913
39027,0.44282
39028,0.45748
39029,0.47116
39030,0.48387
39031,0.4956
39032,0.5044
39033,0.5132
39034,0.52199
39035,0.52981
39036,0.53763
39037,0.5435
39038,0.54741
39039,0.55034
39040,0.55034
39041,0.55034
39042,0.54839
39043,0.54643
39044,0.54448
39045,0.54057
39046,0.53666
39047,0.53275
39048,0.52981
39049,0.52786
39050,0.5259
39051,0.52395
39052,0.52199
39053,0.52102
39054,0.51906
39055,0.51711
39056,0.51515
39057,0.5132
39058,0.51026
39059,0.50831
39060,0.50538
39061,0.50342
39062,0.50147
39063,0.49951
39064,0.49853
39065,0.49853
39066,0.49658
39067,0.49462
39068,0.49365
39069,0.49365
39070,0.49365
39071,0.49267
39072,0.49071
39073,0.48974
39074,0.48778
39075,0.48583
39076,0.48485
39077,0.48289
39078,0.48094
39079,0.47898
39080,0.47605
39081,0.47312
39082,0.47019
39083,0.46921
39084,0.46725
39085,0.4653
39086,0.46334
39087,0.46139
39088,0.45846
39089,0.45552
39090,0.45161
39091,0.4477
39092,0.44379
39093,0.44086
39094,0.43793
39095,0.435
39096,0.43402
39097,0.43206
39098,0.43109
39099,0.43109
39100,0.43206
39101,0.43402
39102,0.43793
39103,0.44282
39104,0.44868
39105,0.45552
39106,0.46139
39107,0.46725
39108,0.47507
39109,0.48289
39110,0.49169
39111,0.50147
39112,0.51222
39113,0.52395
39114,0.53568
39115,0.54643
39116,0.55816
39117,0.56891
39118,0.57967
39119,0.59042
39120,0.6002
39121,0.60802
39122,0.61486
39123,0.61877
39124,0.62268
39125,0.62659
39126,0.62854
39127,0.6305
39128,0.6305
39129,0.6305
39130,0.62757
39131,0.62366
39132,0.61877
39133,0.6129
39134,0.60606
39135,0.6002
39136,0.59531
39137,0.59042
39138,0.58651
39139,0.58162
39140,0.57674
39141,0.57185
39142,0.56598
39143,0.56012
39144,0.55327
39145,0.54643
39146,0.54057
39147,0.53568
39148,0.53079
39149,0.52688
39150,0.52297
39151,0.51906
39152,0.51515
39153,0.51222
39154,0.50831
39155,0.5044
39156,0.49951
39157,0.4956
39158,0.49071
39159,0.48583
39160,0.47898
39161,0.47312
39162,0.46823
39163,0.46432
39164,0.46041
39165,0.4565
39166,0.45259
39167,0.44868
39168,0.44477
39169,0.44282
39170,0.43988
39171,0.43597
39172,0.43206
39173,0.42913
39174,0.42522
39175,0.42229
39176,0.41935
39177,0.4174
39178,0.41447
39179,0.41153
39180,0.4086
39181,0.40469
39182,0.40078
39183,0.39785
39184,0.39492
39185,0.39296
39186,0.39101
39187,0.38905
39188,0.38905
39189,0.39003
39190,0.39003
39191,0.39003
39192,0.3998
39193,0.41642
39194,0.42522
39195,0.43109
39196,0.435
39197,0.43988
39198,0.44477
39199,0.45064
39200,0.45846
39201,0.46725
39202,0.47507
39203,0.48387
39204,0.49267
39205,0.50244
39206,0.51222
39207,0.52297
39208,0.53275
39209,0.54252
39210,0.55132
39211,0.56109
39212,0.56989
39213,0.57869
39214,0.58651
39215,0.59238
39216,0.59824
39217,0.60215
39218,0.60606
39219,0.60997
39220,0.6129
39221,0.61486
39222,0.61486
39223,0.61388
39224,0.61095
39225,0.60802
39226,0.60508
39227,0.60313
39228,0.60117
39229,0.59824
39230,0.59531
39231,0.59042
39232,0.58651
39233,0.58162
39234,0.57674
39235,0.57185
39236,0.56598
39237,0.56109
39238,0.55523
39239,0.55034
39240,0.54643
39241,0.54252
39242,0.53959
39243,0.53666
39244,0.53275
39245,0.52884
39246,0.5259
39247,0.52199
39248,0.51808
39249,0.51515
39250,0.51026
39251,0.50538
39252,0.50049
39253,0.49658
39254,0.49267
39255,0.49071
39256,0.48876
39257,0.48583
39258,0.48387
39259,0.48192
39260,0.47996
39261,0.47703
39262,0.47507
39263,0.47312
39264,0.47116
39265,0.46921
39266,0.46725
39267,0.46628
39268,0.4653
39269,0.46334
39270,0.46139
39271,0.45846
39272,0.45455
39273,0.45161
39274,0.4477
39275,0.44282
39276,0.43891
39277,0.43597
39278,0.43304
39279,0.43109
39280,0.43011
39281,0.43011
39282,0.43011
39283,0.43011
39284,0.43011
39285,0.43109
39286,0.43206
39287,0.43402
39288,0.435
39289,0.43695
39290,0.43891
39291,0.44184
39292,0.44575
39293,0.44966
39294,0.45552
39295,0.46237
39296,0.47019
39297,0.47801
39298,0.48583
39299,0.49365
39300,0.50049
39301,0.50831
39302,0.51613
39303,0.52395
39304,0.53177
39305,0.53959
39306,0.54545
39307,0.55034
39308,0.55523
39309,0.56012
39310,0.56403
39311,0.56696
39312,0.56891
39313,0.56794
39314,0.56696
39315,0.565
39316,0.56207
39317,0.55816
39318,0.55327
39319,0.54839
39320,0.5435
39321,0.53763
39322,0.53079
39323,0.52395
39324,0.51808
39325,0.51222
39326,0.50538
39327,0.49853
39328,0.49365
39329,0.48974
39330,0.48583
39331,0.48289
39332,0.47996
39333,0.47801
39334,0.47507
39335,0.47214
39336,0.46921
39337,0.46628
39338,0.46334
39339,0.46041
39340,0.45748
39341,0.45455
39342,0.45161
39343,0.44868
39344,0.44575
39345,0.44282
39346,0.44086
39347,0.43988
39348,0.43891
39349,0.43695
39350,0.43597
39351,0.435
39352,0.435
39353,0.43402
39354,0.43402
39355,0.43304
39356,0.43206
39357,0.43109
39358,0.43109
39359,0.43109
39360,0.43206
39361,0.43206
39362,0.43206
39363,0.43206
39364,0.43206
39365,0.43206
39366,0.43206
39367,0.43304
39368,0.43402
39369,0.43402
39370,0.43402
39371,0.435
39372,0.43597
39373,0.43597
39374,0.43793
39375,0.43891
39376,0.44086
39377,0.44282
39378,0.44477
39379,0.44868
39380,0.45357
39381,0.45943
39382,0.46628
39383,0.4741
39384,0.48289
39385,0.49169
39386,0.49951
39387,0.50929
39388,0.51906
39389,0.52981
39390,0.53959
39391,0.54936
39392,0.55914
39393,0.56794
39394,0.57674
39395,0.58553
39396,0.59433
39397,0.60215
39398,0.60899
39399,0.61388
39400,0.61975
39401,0.62463
39402,0.62952
39403,0.63343
39404,0.63539
39405,0.63636
39406,0.63636
39407,0.63441
39408,0.63148
39409,0.62757
39410,0.62463
39411,0.62072
39412,0.61779
39413,0.61388
39414,0.60997
39415,0.60508
39416,0.60117
39417,0.59629
39418,0.59238
39419,0.58749
39420,0.5826
39421,0.57674
39422,0.57185
39423,0.56598
39424,0.56109
39425,0.55718
39426,0.5523
39427,0.54839
39428,0.54545
39429,0.54154
39430,0.53861
39431,0.5347
39432,0.52981
39433,0.52493
39434,0.51906
39435,0.51417
39436,0.50929
39437,0.5044
39438,0.50049
39439,0.49756
39440,0.49365
39441,0.48974
39442,0.4868
39443,0.48387
39444,0.47996
39445,0.47703
39446,0.4741
39447,0.47116
39448,0.45748
39449,0.43891
39450,0.42815
39451,0.42229
39452,0.41838
39453,0.41544
39454,0.41153
39455,0.40665
39456,0.40274
39457,0.39883
39458,0.39589
39459,0.39198
39460,0.38807
39461,0.38514
39462,0.38319
39463,0.38123
39464,0.38025
39465,0.37928
39466,0.37928
39467,0.37732
39468,0.37634
39469,0.37537
39470,0.37537
39471,0.37537
39472,0.37634
39473,0.3783
39474,0.38123
39475,0.38416
39476,0.38905
39477,0.39394
39478,0.39883
39479,0.40567
39480,0.41447
39481,0.42424
39482,0.435
39483,0.44673
39484,0.45943
39485,0.47214
39486,0.48485
39487,0.49756
39488,0.51026
39489,0.52199
39490,0.53177
39491,0.54154
39492,0.55132
39493,0.56305
39494,0.5738
39495,0.5826
39496,0.58944
39497,0.59531
39498,0.59922
39499,0.60117
39500,0.60215
39501,0.6002
39502,0.59726
39503,0.59433
39504,0.59042
39505,0.58651
39506,0.58358
39507,0.58065
39508,0.57674
39509,0.57185
39510,0.56696
39511,0.56109
39512,0.55621
39513,0.55034
39514,0.54448
39515,0.53861
39516,0.53372
39517,0.52786
39518,0.52297
39519,0.51808
39520,0.51222
39521,0.50733
39522,0.50244
39523,0.49756
39524,0.49365
39525,0.48876
39526,0.48485
39527,0.47996
39528,0.47605
39529,0.47214
39530,0.46921
39531,0.4653
39532,0.46041
39533,0.45552
39534,0.45161
39535,0.4477
39536,0.44575
39537,0.44282
39538,0.43988
39539,0.43597
39540,0.43304
39541,0.42913
39542,0.4262
39543,0.42424
39544,0.42131
39545,0.41935
39546,0.41642
39547,0.41251
39548,0.40958
39549,0.40567
39550,0.40176
39551,0.39785
39552,0.39394
39553,0.39003
39554,0.38612
39555,0.38416
39556,0.38221
39557,0.38123
39558,0.37928
39559,0.3783
39560,0.37732
39561,0.37732
39562,0.37732
39563,0.37732
39564,0.3783
39565,0.38025
39566,0.38221
39567,0.38514
39568,0.3871
39569,0.38905
39570,0.39394
39571,0.39883
39572,0.40567
39573,0.41447
39574,0.42522
39575,0.43695
39576,0.44868
39577,0.46139
39578,0.4741
39579,0.4868
39580,0.49951
39581,0.51124
39582,0.52004
39583,0.52884
39584,0.53763
39585,0.54741
39586,0.55718
39587,0.56696
39588,0.57478
39589,0.58065
39590,0.58553
39591,0.58944
39592,0.59042
39593,0.5914
39594,0.58944
39595,0.58651
39596,0.58358
39597,0.58065
39598,0.57869
39599,0.57674
39600,0.5738
39601,0.56989
39602,0.56598
39603,0.56012
39604,0.55425
39605,0.54839
39606,0.54154
39607,0.53568
39608,0.52981
39609,0.52395
39610,0.51808
39611,0.5132
39612,0.50831
39613,0.5044
39614,0.49951
39615,0.4956
39616,0.49071
39617,0.48485
39618,0.47898
39619,0.47214
39620,0.4653
39621,0.45943
39622,0.45455
39623,0.44966
39624,0.44477
39625,0.43793
39626,0.43206
39627,0.42522
39628,0.41935
39629,0.41251
39630,0.40665
39631,0.40078
39632,0.39492
39633,0.39003
39634,0.38612
39635,0.38319
39636,0.38123
39637,0.37928
39638,0.37732
39639,0.37439
39640,0.37146
39641,0.3695
39642,0.36559
39643,0.36168
39644,0.35777
39645,0.35288
39646,0.348
39647,0.34409
39648,0.34018
39649,0.33529
39650,0.32942
39651,0.32356
39652,0.31867
39653,0.31476
39654,0.31183
39655,0.30987
39656,0.30792
39657,0.3089
39658,0.30987
39659,0.31183
39660,0.31378
39661,0.31672
39662,0.31965
39663,0.32356
39664,0.32845
39665,0.33529
39666,0.34409
39667,0.35386
39668,0.36461
39669,0.37732
39670,0.39003
39671,0.40567
39672,0.42229
39673,0.43793
39674,0.45161
39675,0.4653
39676,0.47996
39677,0.49462
39678,0.50831
39679,0.52102
39680,0.53177
39681,0.54154
39682,0.54936
39683,0.55621
39684,0.56305
39685,0.56696
39686,0.57087
39687,0.57283
39688,0.57478
39689,0.57576
39690,0.57771
39691,0.57771
39692,0.57674
39693,0.57576
39694,0.5738
39695,0.57185
39696,0.56989
39697,0.56891
39698,0.56794
39699,0.56696
39700,0.565
39701,0.56305
39702,0.56109
39703,0.55914
39704,0.56403
39705,0.57283
39706,0.57674
39707,0.57771
39708,0.57674
39709,0.57576
39710,0.5738
39711,0.57185
39712,0.56989
39713,0.56696
39714,0.56403
39715,0.56109
39716,0.55816
39717,0.55425
39718,0.55034
39719,0.54643
39720,0.5435
39721,0.53959
39722,0.53763
39723,0.5347
39724,0.53177
39725,0.52786
39726,0.52493
39727,0.52199
39728,0.51906
39729,0.51417
39730,0.51026
39731,0.50733
39732,0.50342
39733,0.49951
39734,0.49658
39735,0.49365
39736,0.49169
39737,0.48974
39738,0.48778
39739,0.4868
39740,0.48583
39741,0.48387
39742,0.48289
39743,0.48094
39744,0.47898
39745,0.47703
39746,0.47507
39747,0.4741
39748,0.4741
39749,0.4741
39750,0.47605
39751,0.47898
39752,0.48289
39753,0.48778
39754,0.49267
39755,0.49853
39756,0.50538
39757,0.51222
39758,0.52004
39759,0.52688
39760,0.53568
39761,0.54448
39762,0.55327
39763,0.56207
39764,0.57087
39765,0.57869
39766,0.58651
39767,0.59433
39768,0.60215
39769,0.60997
39770,0.61779
39771,0.62463
39772,0.62952
39773,0.63441
39774,0.63832
39775,0.64027
39776,0.64223
39777,0.64223
39778,0.64125
39779,0.6393
39780,0.63636
39781,0.63343
39782,0.62952
39783,0.62659
39784,0.62268
39785,0.61877
39786,0.61584
39787,0.61193
39788,0.60802
39789,0.60508
39790,0.60117
39791,0.59629
39792,0.5914
39793,0.58651
39794,0.58162
39795,0.57674
39796,0.57087
39797,0.56598
39798,0.56109
39799,0.55718
39800,0.5523
39801,0.54839
39802,0.54545
39803,0.54154
39804,0.53763
39805,0.5347
39806,0.53177
39807,0.52786
39808,0.52493
39809,0.52102
39810,0.51711
39811,0.51222
39812,0.50733
39813,0.50244
39814,0.49853
39815,0.49462
39816,0.49267
39817,0.49071
39818,0.48876
39819,0.48778
39820,0.48583
39821,0.48387
39822,0.48289
39823,0.48094
39824,0.47898
39825,0.47703
39826,0.47507
39827,0.47312
39828,0.47214
39829,0.46921
39830,0.46628
39831,0.46334
39832,0.46139
39833,0.45943
39834,0.45748
39835,0.45552
39836,0.45357
39837,0.45161
39838,0.44966
39839,0.44868
39840,0.44673
39841,0.44575
39842,0.44575
39843,0.4477
39844,0.44966
39845,0.45357
39846,0.45846
39847,0.4653
39848,0.47312
39849,0.48094
39850,0.48974
39851,0.49951
39852,0.50929
39853,0.52004
39854,0.53079
39855,0.54154
39856,0.55327
39857,0.56207
39858,0.56989
39859,0.57869
39860,0.58847
39861,0.59824
39862,0.60802
39863,0.61584
39864,0.62366
39865,0.63148
39866,0.63832
39867,0.64418
39868,0.64809
39869,0.65005
39870,0.65103
39871,0.64907
39872,0.64712
39873,0.64418
39874,0.64027
39875,0.63734
39876,0.63343
39877,0.6305
39878,0.62659
39879,0.62268
39880,0.61779
39881,0.61193
39882,0.60606
39883,0.60117
39884,0.59629
39885,0.59238
39886,0.58749
39887,0.5826
39888,0.57771
39889,0.57283
39890,0.56794
39891,0.56305
39892,0.55816
39893,0.55425
39894,0.55132
39895,0.54839
39896,0.54545
39897,0.54252
39898,0.53959
39899,0.53568
39900,0.53177
39901,0.52884
39902,0.52493
39903,0.52102
39904,0.51808
39905,0.51417
39906,0.51026
39907,0.50635
39908,0.50342
39909,0.49951
39910,0.49658
39911,0.4956
39912,0.49365
39913,0.49169
39914,0.48974
39915,0.48778
39916,0.48583
39917,0.48485
39918,0.48289
39919,0.48094
39920,0.47801
39921,0.4741
39922,0.47019
39923,0.46725
39924,0.46432
39925,0.46237
39926,0.45943
39927,0.45748
39928,0.45552
39929,0.45357
39930,0.45161
39931,0.45064
39932,0.45064
39933,0.45064
39934,0.45259
39935,0.45357
39936,0.45552
39937,0.45748
39938,0.46041
39939,0.46432
39940,0.46921
39941,0.4741
39942,0.48094
39943,0.48876
39944,0.49756
39945,0.50733
39946,0.51711
39947,0.5259
39948,0.53568
39949,0.54252
39950,0.54936
39951,0.55718
39952,0.565
39953,0.57283
39954,0.58065
39955,0.58749
39956,0.59433
39957,0.59922
39958,0.60411
39959,0.60802
39960,0.60215
39961,0.59042
39962,0.5826
39963,0.57674
39964,0.57283
39965,0.56989
39966,0.565
39967,0.55914
39968,0.5523
39969,0.54448
39970,0.53666
39971,0.52786
39972,0.52004
39973,0.51222
39974,0.50538
39975,0.49951
39976,0.49462
39977,0.48876
39978,0.48192
39979,0.47507
39980,0.46921
39981,0.46334
39982,0.45846
39983,0.45357
39984,0.44868
39985,0.44477
39986,0.43988
39987,0.43597
39988,0.43304
39989,0.43011
39990,0.4262
39991,0.42326
39992,0.41935
39993,0.41642
39994,0.41349
39995,0.41153
39996,0.4086
39997,0.40665
39998,0.40469
39999,0.40274
40000,0.40078
40001,0.3998
40002,0.39883
40003,0.39785
40004,0.39687
40005,0.39589
40006,0.39492
40007,0.39394
40008,0.39296
40009,0.39101
40010,0.38905
40011,0.38905
40012,0.38807
40013,0.3871
40014,0.3871
40015,0.3871
40016,0.3871
40017,0.38807
40018,0.38807
40019,0.39003
40020,0.39198
40021,0.39394
40022,0.39589
40023,0.39785
40024,0.40078
40025,0.40567
40026,0.41153
40027,0.4174
40028,0.42326
40029,0.42913
40030,0.43695
40031,0.44575
40032,0.45748
40033,0.46921
40034,0.48192
40035,0.4956
40036,0.50831
40037,0.52297
40038,0.53666
40039,0.55034
40040,0.56403
40041,0.57478
40042,0.58456
40043,0.59629
40044,0.60802
40045,0.61975
40046,0.62952
40047,0.63734
40048,0.64516
40049,0.65103
40050,0.65494
40051,0.65787
40052,0.65982
40053,0.6608
40054,0.65885
40055,0.65591
40056,0.652
40057,0.64809
40058,0.64418
40059,0.64027
40060,0.63539
40061,0.63148
40062,0.62659
40063,0.62268
40064,0.61877
40065,0.61388
40066,0.60802
40067,0.60313
40068,0.59726
40069,0.59042
40070,0.58358
40071,0.57674
40072,0.57087
40073,0.565
40074,0.56012
40075,0.55425
40076,0.54839
40077,0.5435
40078,0.53861
40079,0.53372
40080,0.52786
40081,0.52297
40082,0.51613
40083,0.51124
40084,0.50635
40085,0.50049
40086,0.49462
40087,0.48778
40088,0.48192
40089,0.47507
40090,0.46921
40091,0.46432
40092,0.45943
40093,0.45552
40094,0.45161
40095,0.4477
40096,0.44379
40097,0.43988
40098,0.43793
40099,0.435
40100,0.43304
40101,0.43011
40102,0.42815
40103,0.4262
40104,0.42424
40105,0.42131
40106,0.42033
40107,0.41838
40108,0.41642
40109,0.41447
40110,0.41251
40111,0.41056
40112,0.40762
40113,0.40469
40114,0.40078
40115,0.39785
40116,0.39589
40117,0.39394
40118,0.39198
40119,0.39296
40120,0.39394
40121,0.39589
40122,0.39785
40123,0.40078
40124,0.40567
40125,0.41251
40126,0.42131
40127,0.43109
40128,0.43988
40129,0.45064
40130,0.46237
40131,0.47507
40132,0.48778
40133,0.49951
40134,0.50929
40135,0.52199
40136,0.5347
40137,0.54839
40138,0.56305
40139,0.57674
40140,0.58944
40141,0.60215
40142,0.61193
40143,0.6217
40144,0.6305
40145,0.63636
40146,0.64027
40147,0.64125
40148,0.64321
40149,0.64321
40150,0.64223
40151,0.64027
40152,0.63832
40153,0.63441
40154,0.6305
40155,0.62659
40156,0.62268
40157,0.61779
40158,0.61193
40159,0.60606
40160,0.59922
40161,0.59335
40162,0.58651
40163,0.57869
40164,0.57185
40165,0.565
40166,0.55816
40167,0.5523
40168,0.54545
40169,0.53861
40170,0.53372
40171,0.52884
40172,0.52395
40173,0.51906
40174,0.51417
40175,0.50831
40176,0.50342
40177,0.49853
40178,0.49365
40179,0.48876
40180,0.48387
40181,0.47898
40182,0.47507
40183,0.47019
40184,0.46628
40185,0.46237
40186,0.45846
40187,0.45455
40188,0.44966
40189,0.44477
40190,0.44086
40191,0.43793
40192,0.435
40193,0.43304
40194,0.43011
40195,0.42815
40196,0.4262
40197,0.42326
40198,0.42131
40199,0.41838
40200,0.41544
40201,0.41251
40202,0.40958
40203,0.40567
40204,0.40176
40205,0.39785
40206,0.39492
40207,0.39198
40208,0.38905
40209,0.3871
40210,0.38514
40211,0.38319
40212,0.38123
40213,0.38025
40214,0.38025
40215,0.38123
40216,0.38123
40217,0.38221
40218,0.38612
40219,0.39101
40220,0.39785
40221,0.40567
40222,0.41447
40223,0.42229
40224,0.42913
40225,0.43597
40226,0.44282
40227,0.45259
40228,0.46237
40229,0.47312
40230,0.48289
40231,0.49267
40232,0.50244
40233,0.51222
40234,0.52102
40235,0.52786
40236,0.5347
40237,0.53959
40238,0.54252
40239,0.5435
40240,0.5435
40241,0.5435
40242,0.54154
40243,0.53861
40244,0.53372
40245,0.52884
40246,0.52297
40247,0.51711
40248,0.50831
40249,0.50049
40250,0.49365
40251,0.4868
40252,0.48192
40253,0.47703
40254,0.47116
40255,0.46628
40256,0.46139
40257,0.45748
40258,0.45357
40259,0.44966
40260,0.44575
40261,0.43988
40262,0.43402
40263,0.42815
40264,0.42522
40265,0.42131
40266,0.4174
40267,0.41349
40268,0.41153
40269,0.4086
40270,0.40665
40271,0.40469
40272,0.40274
40273,0.40078
40274,0.39883
40275,0.39687
40276,0.39492
40277,0.39394
40278,0.39198
40279,0.39101
40280,0.38905
40281,0.3871
40282,0.38514
40283,0.38319
40284,0.38221
40285,0.38221
40286,0.38123
40287,0.38123
40288,0.38025
40289,0.37928
40290,0.3783
40291,0.37732
40292,0.37634
40293,0.37537
40294,0.37537
40295,0.37537
40296,0.37634
40297,0.3783
40298,0.3783
40299,0.37928
40300,0.38025
40301,0.38221
40302,0.38319
40303,0.38514
40304,0.3871
40305,0.39003
40306,0.39296
40307,0.39785
40308,0.40371
40309,0.41153
40310,0.42033
40311,0.42913
40312,0.43891
40313,0.45064
40314,0.46139
40315,0.47214
40316,0.48094
40317,0.48974
40318,0.49951
40319,0.51026
40320,0.52102
40321,0.53275
40322,0.54252
40323,0.55327
40324,0.56305
40325,0.57185
40326,0.57967
40327,0.58749
40328,0.59433
40329,0.59922
40330,0.60215
40331,0.60313
40332,0.60313
40333,0.60313
40334,0.60313
40335,0.60117
40336,0.59824
40337,0.59531
40338,0.5914
40339,0.58847
40340,0.58358
40341,0.57869
40342,0.5738
40343,0.56794
40344,0.56305
40345,0.55718
40346,0.55132
40347,0.54643
40348,0.54057
40349,0.5347
40350,0.52981
40351,0.52395
40352,0.51808
40353,0.51222
40354,0.50635
40355,0.50147
40356,0.4956
40357,0.49071
40358,0.4868
40359,0.48289
40360,0.47898
40361,0.4741
40362,0.46921
40363,0.46334
40364,0.45748
40365,0.45161
40366,0.44477
40367,0.43988
40368,0.435
40369,0.43109
40370,0.42815
40371,0.4262
40372,0.42424
40373,0.42131
40374,0.41935
40375,0.41642
40376,0.41251
40377,0.40958
40378,0.40762
40379,0.40469
40380,0.40274
40381,0.40078
40382,0.3998
40383,0.39785
40384,0.39687
40385,0.39394
40386,0.39101
40387,0.38807
40388,0.38514
40389,0.38123
40390,0.3783
40391,0.37537
40392,0.37243
40393,0.3695
40394,0.36657
40395,0.36461
40396,0.36364
40397,0.36364
40398,0.36364
40399,0.36364
40400,0.36364
40401,0.36461
40402,0.36755
40403,0.37146
40404,0.37732
40405,0.38416
40406,0.39198
40407,0.40176
40408,0.41056
40409,0.41935
40410,0.43011
40411,0.44086
40412,0.45259
40413,0.4653
40414,0.47801
40415,0.49071
40416,0.5044
40417,0.51808
40418,0.53079
40419,0.54057
40420,0.55034
40421,0.55718
40422,0.56305
40423,0.56891
40424,0.5738
40425,0.57771
40426,0.58162
40427,0.58358
40428,0.58553
40429,0.58456
40430,0.5826
40431,0.57967
40432,0.57576
40433,0.57283
40434,0.56891
40435,0.565
40436,0.55914
40437,0.55425
40438,0.54839
40439,0.54252
40440,0.53666
40441,0.53177
40442,0.5259
40443,0.52004
40444,0.51417
40445,0.50831
40446,0.50244
40447,0.49756
40448,0.49169
40449,0.4868
40450,0.48289
40451,0.47898
40452,0.47507
40453,0.47116
40454,0.46725
40455,0.46334
40456,0.45943
40457,0.45552
40458,0.45064
40459,0.44673
40460,0.44282
40461,0.43891
40462,0.435
40463,0.43011
40464,0.42717
40465,0.42424
40466,0.42229
40467,0.41935
40468,0.41642
40469,0.41251
40470,0.40958
40471,0.40567
40472,0.40469
40473,0.40665
40474,0.40567
40475,0.40469
40476,0.40371
40477,0.40078
40478,0.39785
40479,0.39394
40480,0.39101
40481,0.38612
40482,0.38221
40483,0.37928
40484,0.37732
40485,0.37634
40486,0.37537
40487,0.37537
40488,0.37634
40489,0.37634
40490,0.37732
40491,0.37732
40492,0.3783
40493,0.38025
40494,0.38221
40495,0.38416
40496,0.3871
40497,0.39101
40498,0.39687
40499,0.40469
40500,0.41153
40501,0.41935
40502,0.42815
40503,0.43597
40504,0.44379
40505,0.45259
40506,0.46041
40507,0.47019
40508,0.47996
40509,0.48974
40510,0.49951
40511,0.50831
40512,0.51515
40513,0.52102
40514,0.5259
40515,0.53079
40516,0.53666
40517,0.54057
40518,0.5435
40519,0.54448
40520,0.54448
40521,0.54252
40522,0.53861
40523,0.53372
40524,0.52786
40525,0.52199
40526,0.51515
40527,0.50831
40528,0.50147
40529,0.4956
40530,0.48876
40531,0.48192
40532,0.47605
40533,0.46921
40534,0.46334
40535,0.4565
40536,0.44966
40537,0.44379
40538,0.43891
40539,0.43402
40540,0.43011
40541,0.42522
40542,0.42131
40543,0.4174
40544,0.41447
40545,0.41056
40546,0.40665
40547,0.40371
40548,0.40078
40549,0.39687
40550,0.39394
40551,0.39003
40552,0.3871
40553,0.38514
40554,0.38416
40555,0.38221
40556,0.38025
40557,0.3783
40558,0.37732
40559,0.37732
40560,0.37732
40561,0.37732
40562,0.37732
40563,0.37732
40564,0.37732
40565,0.37732
40566,0.37732
40567,0.37732
40568,0.37634
40569,0.37439
40570,0.37341
40571,0.37341
40572,0.37439
40573,0.37537
40574,0.37634
40575,0.3783
40576,0.37928
40577,0.37928
40578,0.38025
40579,0.38025
40580,0.38123
40581,0.38221
40582,0.38514
40583,0.38807
40584,0.39296
40585,0.39883
40586,0.40371
40587,0.41056
40588,0.41935
40589,0.42815
40590,0.43695
40591,0.4477
40592,0.45748
40593,0.46628
40594,0.47703
40595,0.48876
40596,0.50049
40597,0.5132
40598,0.5259
40599,0.53861
40600,0.5523
40601,0.56403
40602,0.57478
40603,0.58553
40604,0.59531
40605,0.60313
40606,0.60899
40607,0.61486
40608,0.61975
40609,0.62268
40610,0.62463
40611,0.62366
40612,0.62268
40613,0.62072
40614,0.61779
40615,0.61486
40616,0.61095
40617,0.60704
40618,0.60313
40619,0.59922
40620,0.59531
40621,0.59042
40622,0.58553
40623,0.57967
40624,0.5738
40625,0.56696
40626,0.56207
40627,0.55718
40628,0.5523
40629,0.54839
40630,0.5435
40631,0.53861
40632,0.53372
40633,0.52981
40634,0.52395
40635,0.51808
40636,0.51222
40637,0.50733
40638,0.50244
40639,0.49853
40640,0.49365
40641,0.48876
40642,0.48387
40643,0.47801
40644,0.4741
40645,0.46921
40646,0.46237
40647,0.45552
40648,0.44966
40649,0.44379
40650,0.43891
40651,0.435
40652,0.43206
40653,0.43011
40654,0.42815
40655,0.42522
40656,0.42326
40657,0.42229
40658,0.42131
40659,0.41935
40660,0.4174
40661,0.41544
40662,0.41349
40663,0.41153
40664,0.40958
40665,0.40762
40666,0.40567
40667,0.40274
40668,0.3998
40669,0.39589
40670,0.39296
40671,0.38905
40672,0.38612
40673,0.38221
40674,0.37928
40675,0.3783
40676,0.37732
40677,0.37732
40678,0.37732
40679,0.37928
40680,0.38025
40681,0.38221
40682,0.38514
40683,0.38905
40684,0.39394
40685,0.40176
40686,0.41056
40687,0.42033
40688,0.43109
40689,0.44282
40690,0.45455
40691,0.46628
40692,0.47898
40693,0.49267
40694,0.50635
40695,0.51906
40696,0.53177
40697,0.54252
40698,0.55132
40699,0.56109
40700,0.56989
40701,0.57869
40702,0.58651
40703,0.59433
40704,0.60117
40705,0.60606
40706,0.60997
40707,0.6129
40708,0.61388
40709,0.61388
40710,0.61095
40711,0.60802
40712,0.60508
40713,0.60117
40714,0.59726
40715,0.59238
40716,0.58749
40717,0.58162
40718,0.57576
40719,0.56891
40720,0.56305
40721,0.55816
40722,0.5523
40723,0.54643
40724,0.54154
40725,0.53568
40726,0.53079
40727,0.52493
40728,0.51906
40729,0.5132
40730,0.50733
40731,0.50244
40732,0.49853
40733,0.49462
40734,0.49071
40735,0.4868
40736,0.48289
40737,0.47996
40738,0.47605
40739,0.47214
40740,0.46823
40741,0.46432
40742,0.46041
40743,0.4565
40744,0.45259
40745,0.44868
40746,0.44477
40747,0.44184
40748,0.43891
40749,0.43695
40750,0.43597
40751,0.43402
40752,0.43206
40753,0.43011
40754,0.42815
40755,0.42522
40756,0.42326
40757,0.42033
40758,0.4174
40759,0.41447
40760,0.41153
40761,0.40762
40762,0.40469
40763,0.40176
40764,0.39883
40765,0.39589
40766,0.39394
40767,0.39198
40768,0.39003
40769,0.38807
40770,0.38612
40771,0.38514
40772,0.38514
40773,0.38612
40774,0.38807
40775,0.39101
40776,0.39589
40777,0.40274
40778,0.41056
40779,0.42033
40780,0.43109
40781,0.44184
40782,0.45357
40783,0.4653
40784,0.47703
40785,0.48778
40786,0.49853
40787,0.50831
40788,0.51711
40789,0.52493
40790,0.53372
40791,0.54252
40792,0.55034
40793,0.55621
40794,0.56109
40795,0.565
40796,0.56696
40797,0.56794
40798,0.56794
40799,0.56598
40800,0.56403
40801,0.56207
40802,0.55914
40803,0.55621
40804,0.5523
40805,0.54839
40806,0.5435
40807,0.53861
40808,0.53372
40809,0.52786
40810,0.52199
40811,0.51613
40812,0.51026
40813,0.50342
40814,0.49756
40815,0.49169
40816,0.4868
40817,0.48289
40818,0.47801
40819,0.47312
40820,0.46725
40821,0.46041
40822,0.45259
40823,0.44575
40824,0.43891
40825,0.43304
40826,0.42717
40827,0.42131
40828,0.41642
40829,0.41153
40830,0.40665
40831,0.40078
40832,0.39589
40833,0.39198
40834,0.3871
40835,0.38221
40836,0.3783
40837,0.37537
40838,0.37341
40839,0.37243
40840,0.37146
40841,0.37146
40842,0.37243
40843,0.37243
40844,0.37243
40845,0.37243
40846,0.37243
40847,0.37243
40848,0.37243
40849,0.37243
40850,0.37243
40851,0.37243
40852,0.37146
40853,0.37048
40854,0.37048
40855,0.37048
40856,0.3695
40857,0.3695
40858,0.3695
40859,0.3695
40860,0.3695
40861,0.37146
40862,0.37439
40863,0.37732
40864,0.38025
40865,0.38416
40866,0.38905
40867,0.39394
40868,0.40078
40869,0.4086
40870,0.41838
40871,0.42913
40872,0.43988
40873,0.45161
40874,0.46432
40875,0.47801
40876,0.49267
40877,0.50635
40878,0.52004
40879,0.5347
40880,0.54741
40881,0.55816
40882,0.57087
40883,0.58358
40884,0.59629
40885,0.60802
40886,0.61877
40887,0.62854
40888,0.63734
40889,0.64418
40890,0.64907
40891,0.652
40892,0.65298
40893,0.652
40894,0.64907
40895,0.64418
40896,0.6393
40897,0.63343
40898,0.62854
40899,0.62366
40900,0.61975
40901,0.61486
40902,0.60997
40903,0.60508
40904,0.59824
40905,0.5914
40906,0.58358
40907,0.57674
40908,0.56989
40909,0.56403
40910,0.55914
40911,0.55425
40912,0.54936
40913,0.54448
40914,0.53959
40915,0.5347
40916,0.52981
40917,0.52493
40918,0.52004
40919,0.51515
40920,0.51026
40921,0.50635
40922,0.50244
40923,0.49853
40924,0.49462
40925,0.49071
40926,0.4868
40927,0.48289
40928,0.47801
40929,0.47312
40930,0.46823
40931,0.46334
40932,0.45748
40933,0.45259
40934,0.44868
40935,0.44477
40936,0.44184
40937,0.43891
40938,0.43695
40939,0.435
40940,0.43206
40941,0.42815
40942,0.42424
40943,0.41935
40944,0.41544
40945,0.41153
40946,0.40762
40947,0.40567
40948,0.40371
40949,0.40176
40950,0.3998
40951,0.39785
40952,0.39589
40953,0.39394
40954,0.39198
40955,0.39003
40956,0.38807
40957,0.38612
40958,0.38612
40959,0.3871
40960,0.38905
40961,0.39198
40962,0.39687
40963,0.40274
40964,0.41056
40965,0.41935
40966,0.42815
40967,0.43695
40968,0.44673
40969,0.45748
40970,0.46921
40971,0.48094
40972,0.49169
40973,0.50147
40974,0.5132
40975,0.52493
40976,0.53666
40977,0.54741
40978,0.55718
40979,0.56598
40980,0.5738
40981,0.58162
40982,0.58847
40983,0.59433
40984,0.59335
40985,0.58749
40986,0.58456
40987,0.58358
40988,0.5826
40989,0.58162
40990,0.58065
40991,0.57771
40992,0.57478
40993,0.57185
40994,0.56794
40995,0.56403
40996,0.55914
40997,0.55425
40998,0.54936
40999,0.54448
41000,0.54154
41001,0.53666
41002,0.53275
41003,0.52786
41004,0.52297
41005,0.51711
41006,0.51222
41007,0.50733
41008,0.50244
41009,0.49658
41010,0.49267
41011,0.48876
41012,0.48583
41013,0.48289
41014,0.47898
41015,0.47507
41016,0.47116
41017,0.46725
41018,0.46334
41019,0.45943
41020,0.45552
41021,0.45161
41022,0.4477
41023,0.44282
41024,0.43891
41025,0.43695
41026,0.435
41027,0.43304
41028,0.43109
41029,0.42913
41030,0.4262
41031,0.42424
41032,0.42131
41033,0.41838
41034,0.41544
41035,0.41251
41036,0.40958
41037,0.40665
41038,0.40469
41039,0.40274
41040,0.40078
41041,0.39785
41042,0.39492
41043,0.39101
41044,0.38807
41045,0.38514
41046,0.38319
41047,0.38123
41048,0.38123
41049,0.38025
41050,0.38025
41051,0.38025
41052,0.38123
41053,0.38319
41054,0.38416
41055,0.38612
41056,0.38807
41057,0.39198
41058,0.39687
41059,0.40371
41060,0.41056
41061,0.41935
41062,0.42717
41063,0.43402
41064,0.44086
41065,0.44673
41066,0.45357
41067,0.46139
41068,0.47019
41069,0.47801
41070,0.48485
41071,0.49071
41072,0.49658
41073,0.50244
41074,0.50733
41075,0.51026
41076,0.5132
41077,0.51417
41078,0.51417
41079,0.5132
41080,0.51124
41081,0.50733
41082,0.50244
41083,0.49658
41084,0.49071
41085,0.48387
41086,0.47801
41087,0.47214
41088,0.46628
41089,0.46139
41090,0.4565
41091,0.45259
41092,0.44868
41093,0.44477
41094,0.43988
41095,0.43597
41096,0.43206
41097,0.42913
41098,0.42522
41099,0.42131
41100,0.4174
41101,0.41447
41102,0.41251
41103,0.41056
41104,0.40958
41105,0.40762
41106,0.40665
41107,0.40469
41108,0.40274
41109,0.40078
41110,0.3998
41111,0.39785
41112,0.39589
41113,0.39394
41114,0.39198
41115,0.38905
41116,0.38612
41117,0.38514
41118,0.38416
41119,0.38416
41120,0.38319
41121,0.38416
41122,0.38514
41123,0.38514
41124,0.38514
41125,0.38612
41126,0.38514
41127,0.38514
41128,0.38416
41129,0.38416
41130,0.38319
41131,0.38319
41132,0.38319
41133,0.38319
41134,0.38319
41135,0.38319
41136,0.38319
41137,0.38319
41138,0.38416
41139,0.38416
41140,0.38514
41141,0.38612
41142,0.38807
41143,0.39101
41144,0.39492
41145,0.39883
41146,0.40371
41147,0.4086
41148,0.41544
41149,0.42326
41150,0.43109
41151,0.43988
41152,0.44966
41153,0.45943
41154,0.46921
41155,0.47898
41156,0.4868
41157,0.49365
41158,0.50049
41159,0.50831
41160,0.51613
41161,0.52493
41162,0.53275
41163,0.54057
41164,0.54643
41165,0.5523
41166,0.55718
41167,0.56012
41168,0.56305
41169,0.56305
41170,0.56305
41171,0.56305
41172,0.56109
41173,0.55914
41174,0.55621
41175,0.55132
41176,0.54643
41177,0.54154
41178,0.53763
41179,0.53275
41180,0.52786
41181,0.52395
41182,0.51906
41183,0.51515
41184,0.51026
41185,0.50538
41186,0.50049
41187,0.49658
41188,0.49169
41189,0.48778
41190,0.48485
41191,0.48094
41192,0.47801
41193,0.4741
41194,0.46921
41195,0.4653
41196,0.46139
41197,0.4565
41198,0.45161
41199,0.44673
41200,0.44184
41201,0.43793
41202,0.43402
41203,0.43011
41204,0.42815
41205,0.42522
41206,0.42326
41207,0.42131
41208,0.41935
41209,0.4174
41210,0.41447
41211,0.41153
41212,0.4086
41213,0.40567
41214,0.40274
41215,0.3998
41216,0.39687
41217,0.39296
41218,0.39003
41219,0.38807
41220,0.38514
41221,0.38416
41222,0.38319
41223,0.38319
41224,0.38123
41225,0.37928
41226,0.37634
41227,0.37341
41228,0.37146
41229,0.3695
41230,0.36755
41231,0.36559
41232,0.36461
41233,0.36364
41234,0.36364
41235,0.36364
41236,0.36461
41237,0.36755
41238,0.37048
41239,0.37341
41240,0.38123
41241,0.39101
41242,0.39883
41243,0.40665
41244,0.41447
41245,0.42326
41246,0.43402
41247,0.44575
41248,0.45552
41249,0.4653
41250,0.47605
41251,0.4868
41252,0.49853
41253,0.51026
41254,0.52102
41255,0.53177
41256,0.54154
41257,0.55132
41258,0.56012
41259,0.56794
41260,0.5738
41261,0.57771
41262,0.57869
41263,0.57967
41264,0.57967
41265,0.57967
41266,0.57869
41267,0.57674
41268,0.57478
41269,0.57283
41270,0.56891
41271,0.56403
41272,0.55914
41273,0.55327
41274,0.54839
41275,0.5435
41276,0.53763
41277,0.53177
41278,0.52688
41279,0.52199
41280,0.51808
41281,0.51417
41282,0.51026
41283,0.50635
41284,0.50244
41285,0.49853
41286,0.49462
41287,0.49071
41288,0.48778
41289,0.48387
41290,0.47898
41291,0.47312
41292,0.46725
41293,0.46237
41294,0.45846
41295,0.45552
41296,0.45259
41297,0.44966
41298,0.44575
41299,0.44086
41300,0.43695
41301,0.43402
41302,0.43011
41303,0.4262
41304,0.42326
41305,0.42131
41306,0.41935
41307,0.4174
41308,0.41447
41309,0.41056
41310,0.40665
41311,0.40274
41312,0.39883
41313,0.39492
41314,0.39296
41315,0.39198
41316,0.39101
41317,0.39003
41318,0.38905
41319,0.3871
41320,0.38514
41321,0.38221
41322,0.37928
41323,0.37732
41324,0.37439
41325,0.37243
41326,0.37146
41327,0.37146
41328,0.37146
41329,0.37146
41330,0.37146
41331,0.37146
41332,0.37341
41333,0.37634
41334,0.38025
41335,0.38514
41336,0.39101
41337,0.39687
41338,0.40274
41339,0.4086
41340,0.41544
41341,0.42424
41342,0.43304
41343,0.44282
41344,0.45161
41345,0.46041
41346,0.46921
41347,0.47801
41348,0.48583
41349,0.49365
41350,0.50147
41351,0.50929
41352,0.51515
41353,0.51808
41354,0.51906
41355,0.51906
41356,0.51906
41357,0.51711
41358,0.51417
41359,0.51124
41360,0.50635
41361,0.50049
41362,0.49365
41363,0.48583
41364,0.47898
41365,0.47312
41366,0.46823
41367,0.46432
41368,0.46041
41369,0.4565
41370,0.45161
41371,0.4477
41372,0.44282
41373,0.43793
41374,0.43402
41375,0.43011
41376,0.4262
41377,0.42131
41378,0.4174
41379,0.41447
41380,0.41153
41381,0.40958
41382,0.40762
41383,0.40567
41384,0.40371
41385,0.40176
41386,0.3998
41387,0.39883
41388,0.39883
41389,0.39785
41390,0.39492
41391,0.39296
41392,0.39198
41393,0.39101
41394,0.39101
41395,0.39101
41396,0.39101
41397,0.39101
41398,0.39101
41399,0.39101
41400,0.39101
41401,0.39101
41402,0.39101
41403,0.39198
41404,0.39296
41405,0.39394
41406,0.39492
41407,0.39589
41408,0.39687
41409,0.39785
41410,0.39785
41411,0.39785
41412,0.39785
41413,0.39883
41414,0.39883
41415,0.39883
41416,0.3998
41417,0.40176
41418,0.40371
41419,0.40567
41420,0.40762
41421,0.41153
41422,0.41642
41423,0.42131
41424,0.42717
41425,0.43402
41426,0.44184
41427,0.45064
41428,0.45846
41429,0.46725
41430,0.47801
41431,0.48778
41432,0.49658
41433,0.50635
41434,0.51613
41435,0.5259
41436,0.53568
41437,0.54545
41438,0.55523
41439,0.565
41440,0.5738
41441,0.57967
41442,0.58456
41443,0.58944
41444,0.59238
41445,0.59531
41446,0.59726
41447,0.59824
41448,0.59726
41449,0.59433
41450,0.5914
41451,0.58749
41452,0.58456
41453,0.58162
41454,0.57869
41455,0.57478
41456,0.56989
41457,0.565
41458,0.56109
41459,0.55621
41460,0.55132
41461,0.54545
41462,0.53959
41463,0.53372
41464,0.52786
41465,0.52297
41466,0.51808
41467,0.51417
41468,0.51026
41469,0.50635
41470,0.50147
41471,0.49658
41472,0.49169
41473,0.4868
41474,0.48094
41475,0.47605
41476,0.47116
41477,0.46628
41478,0.46139
41479,0.45748
41480,0.45455
41481,0.45064
41482,0.44673
41483,0.44282
41484,0.43988
41485,0.43695
41486,0.43304
41487,0.42913
41488,0.42522
41489,0.42229
41490,0.41935
41491,0.4174
41492,0.41544
41493,0.41349
41494,0.41153
41495,0.40958
41496,0.40958
41497,0.41153
41498,0.41153
41499,0.4086
41500,0.40665
41501,0.40371
41502,0.40176
41503,0.3998
41504,0.39785
41505,0.39687
41506,0.39492
41507,0.39296
41508,0.39101
41509,0.38905
41510,0.38807
41511,0.38807
41512,0.38807
41513,0.38807
41514,0.38905
41515,0.39101
41516,0.39492
41517,0.39883
41518,0.40469
41519,0.41056
41520,0.41642
41521,0.42424
41522,0.43304
41523,0.44184
41524,0.45259
41525,0.46432
41526,0.47703
41527,0.48974
41528,0.50244
41529,0.51515
41530,0.52688
41531,0.53861
41532,0.54936
41533,0.56012
41534,0.57087
41535,0.58065
41536,0.58944
41537,0.59531
41538,0.6002
41539,0.60508
41540,0.60704
41541,0.60899
41542,0.60802
41543,0.60704
41544,0.60508
41545,0.60215
41546,0.6002
41547,0.59726
41548,0.59335
41549,0.58944
41550,0.58456
41551,0.57869
41552,0.5738
41553,0.56794
41554,0.56207
41555,0.55718
41556,0.55132
41557,0.54545
41558,0.54057
41559,0.53568
41560,0.53177
41561,0.52688
41562,0.52395
41563,0.52004
41564,0.51613
41565,0.51222
41566,0.50831
41567,0.5044
41568,0.49951
41569,0.4956
41570,0.49071
41571,0.48583
41572,0.48094
41573,0.47605
41574,0.47214
41575,0.46921
41576,0.46628
41577,0.46432
41578,0.46237
41579,0.45846
41580,0.45552
41581,0.45259
41582,0.44868
41583,0.44477
41584,0.44184
41585,0.43891
41586,0.435
41587,0.43206
41588,0.42913
41589,0.42815
41590,0.4262
41591,0.42229
41592,0.41935
41593,0.41447
41594,0.40958
41595,0.40665
41596,0.40469
41597,0.40371
41598,0.40274
41599,0.40078
41600,0.3998
41601,0.39883
41602,0.39883
41603,0.39883
41604,0.39883
41605,0.39883
41606,0.39883
41607,0.3998
41608,0.40176
41609,0.40567
41610,0.40958
41611,0.41544
41612,0.42229
41613,0.43109
41614,0.44086
41615,0.44966
41616,0.45846
41617,0.46823
41618,0.47996
41619,0.49169
41620,0.5044
41621,0.51711
41622,0.52884
41623,0.53959
41624,0.55034
41625,0.56012
41626,0.56891
41627,0.57771
41628,0.58358
41629,0.58847
41630,0.59433
41631,0.59824
41632,0.60117
41633,0.60215
41634,0.60117
41635,0.59922
41636,0.59531
41637,0.59042
41638,0.58553
41639,0.57869
41640,0.57283
41641,0.56696
41642,0.56109
41643,0.55523
41644,0.54936
41645,0.54154
41646,0.5347
41647,0.52786
41648,0.52102
41649,0.51417
41650,0.50831
41651,0.50244
41652,0.49853
41653,0.49267
41654,0.4868
41655,0.48094
41656,0.47507
41657,0.46921
41658,0.46334
41659,0.45846
41660,0.45357
41661,0.4477
41662,0.44184
41663,0.435
41664,0.42913
41665,0.42229
41666,0.41544
41667,0.41153
41668,0.40762
41669,0.40371
41670,0.3998
41671,0.39589
41672,0.39198
41673,0.38807
41674,0.38319
41675,0.37928
41676,0.37537
41677,0.37048
41678,0.36657
41679,0.36266
41680,0.35875
41681,0.35582
41682,0.35386
41683,0.35093
41684,0.34897
41685,0.34604
41686,0.34409
41687,0.34213
41688,0.34213
41689,0.34115
41690,0.34115
41691,0.34115
41692,0.34115
41693,0.34115
41694,0.34115
41695,0.34213
41696,0.34311
41697,0.34311
41698,0.34409
41699,0.34604
41700,0.348
41701,0.35093
41702,0.35484
41703,0.3607
41704,0.36755
41705,0.37634
41706,0.3871
41707,0.39785
41708,0.40958
41709,0.42229
41710,0.43597
41711,0.45161
41712,0.46725
41713,0.48387
41714,0.50049
41715,0.51613
41716,0.53177
41717,0.54741
41718,0.56207
41719,0.57674
41720,0.58944
41721,0.59824
41722,0.60704
41723,0.61486
41724,0.62072
41725,0.62659
41726,0.6305
41727,0.63441
41728,0.63636
41729,0.63636
41730,0.63734
41731,0.63734
41732,0.63734
41733,0.63539
41734,0.63245
41735,0.62854
41736,0.62463
41737,0.61975
41738,0.61388
41739,0.60704
41740,0.6002
41741,0.59433
41742,0.58749
41743,0.58162
41744,0.57478
41745,0.56891
41746,0.56305
41747,0.55718
41748,0.55132
41749,0.54545
41750,0.54057
41751,0.53666
41752,0.5347
41753,0.53177
41754,0.52981
41755,0.52688
41756,0.52395
41757,0.52102
41758,0.51808
41759,0.51515
41760,0.5132
41761,0.51026
41762,0.50635
41763,0.50342
41764,0.49951
41765,0.4956
41766,0.49267
41767,0.48974
41768,0.4868
41769,0.48485
41770,0.48289
41771,0.48094
41772,0.47996
41773,0.47898
41774,0.47703
41775,0.47605
41776,0.4741
41777,0.47214
41778,0.46823
41779,0.4653
41780,0.46139
41781,0.45748
41782,0.45259
41783,0.4477
41784,0.44477
41785,0.44086
41786,0.43793
41787,0.43695
41788,0.435
41789,0.43304
41790,0.43206
41791,0.43109
41792,0.43109
41793,0.43206
41794,0.43304
41795,0.43597
41796,0.43988
41797,0.44477
41798,0.45161
41799,0.45846
41800,0.4653
41801,0.47312
41802,0.48192
41803,0.49169
41804,0.50244
41805,0.51222
41806,0.52395
41807,0.53568
41808,0.54741
41809,0.55816
41810,0.56891
41811,0.57967
41812,0.58847
41813,0.59531
41814,0.60215
41815,0.60899
41816,0.61388
41817,0.61877
41818,0.6217
41819,0.62463
41820,0.62561
41821,0.62561
41822,0.62366
41823,0.62072
41824,0.61681
41825,0.61388
41826,0.60997
41827,0.60704
41828,0.60313
41829,0.6002
41830,0.59726
41831,0.59531
41832,0.5914
41833,0.58749
41834,0.58358
41835,0.57869
41836,0.57478
41837,0.56989
41838,0.56598
41839,0.56207
41840,0.55718
41841,0.5523
41842,0.54741
41843,0.5435
41844,0.53959
41845,0.53568
41846,0.53275
41847,0.52981
41848,0.52786
41849,0.52395
41850,0.52102
41851,0.51808
41852,0.51515
41853,0.51026
41854,0.5044
41855,0.50049
41856,0.49462
41857,0.49071
41858,0.48778
41859,0.48485
41860,0.48289
41861,0.48094
41862,0.47801
41863,0.47605
41864,0.47507
41865,0.47312
41866,0.47116
41867,0.46921
41868,0.46628
41869,0.46334
41870,0.46041
41871,0.4565
41872,0.45259
41873,0.44868
41874,0.44575
41875,0.44184
41876,0.43891
41877,0.43793
41878,0.43597
41879,0.43402
41880,0.43304
41881,0.43109
41882,0.43109
41883,0.43109
41884,0.43109
41885,0.43206
41886,0.43304
41887,0.435
41888,0.43793
41889,0.44184
41890,0.44575
41891,0.44966
41892,0.45552
41893,0.46334
41894,0.47116
41895,0.48094
41896,0.49169
41897,0.50147
41898,0.51222
41899,0.52297
41900,0.53372
41901,0.54252
41902,0.5523
41903,0.56109
41904,0.56891
41905,0.57771
41906,0.58553
41907,0.59335
41908,0.6002
41909,0.60508
41910,0.60899
41911,0.61193
41912,0.6129
41913,0.61388
41914,0.6129
41915,0.61095
41916,0.60802
41917,0.60508
41918,0.60117
41919,0.59824
41920,0.59629
41921,0.59335
41922,0.59042
41923,0.58651
41924,0.58162
41925,0.57674
41926,0.57185
41927,0.56696
41928,0.56109
41929,0.55621
41930,0.55132
41931,0.54643
41932,0.54252
41933,0.53959
41934,0.53568
41935,0.53177
41936,0.52786
41937,0.52493
41938,0.52102
41939,0.51711
41940,0.51417
41941,0.50929
41942,0.5044
41943,0.49951
41944,0.4956
41945,0.49267
41946,0.48974
41947,0.4868
41948,0.48485
41949,0.48289
41950,0.47996
41951,0.47703
41952,0.4741
41953,0.47019
41954,0.46628
41955,0.46237
41956,0.45943
41957,0.45748
41958,0.45357
41959,0.44966
41960,0.44575
41961,0.44086
41962,0.43695
41963,0.43206
41964,0.42913
41965,0.42522
41966,0.42131
41967,0.4174
41968,0.41447
41969,0.41153
41970,0.40958
41971,0.40665
41972,0.40274
41973,0.3998
41974,0.39687
41975,0.39492
41976,0.39394
41977,0.39296
41978,0.39296
41979,0.39296
41980,0.39296
41981,0.39296
41982,0.39492
41983,0.39687
41984,0.40078
41985,0.40567
41986,0.41153
41987,0.41838
41988,0.42522
41989,0.43402
41990,0.44184
41991,0.45064
41992,0.46041
41993,0.47019
41994,0.47898
41995,0.48778
41996,0.49462
41997,0.50147
41998,0.50831
41999,0.51613
42000,0.52297
42001,0.52981
42002,0.53568
42003,0.54057
42004,0.54154
42005,0.54154
42006,0.54154
42007,0.54057
42008,0.53959
42009,0.53763
42010,0.53568
42011,0.53372
42012,0.53275
42013,0.53177
42014,0.52981
42015,0.52884
42016,0.52688
42017,0.52493
42018,0.52199
42019,0.52004
42020,0.51711
42021,0.5132
42022,0.51124
42023,0.50831
42024,0.50635
42025,0.5044
42026,0.50147
42027,0.49951
42028,0.49756
42029,0.49462
42030,0.49267
42031,0.49071
42032,0.48876
42033,0.4868
42034,0.48485
42035,0.48387
42036,0.48289
42037,0.48094
42038,0.47898
42039,0.47898
42040,0.47801
42041,0.47801
42042,0.47801
42043,0.47801
42044,0.47801
42045,0.47703
42046,0.47605
42047,0.47507
42048,0.47507
42049,0.4741
42050,0.4741
42051,0.4741
42052,0.4741
42053,0.4741
42054,0.47214
42055,0.47116
42056,0.47019
42057,0.46921
42058,0.46823
42059,0.46628
42060,0.4653
42061,0.46432
42062,0.46334
42063,0.46139
42064,0.45943
42065,0.45748
42066,0.4565
42067,0.45748
42068,0.45846
42069,0.46041
42070,0.46237
42071,0.46628
42072,0.47019
42073,0.47507
42074,0.47996
42075,0.48583
42076,0.49267
42077,0.50147
42078,0.51124
42079,0.52199
42080,0.53177
42081,0.5435
42082,0.55425
42083,0.56403
42084,0.57576
42085,0.58553
42086,0.59531
42087,0.60411
42088,0.61193
42089,0.62072
42090,0.62952
42091,0.63734
42092,0.64418
42093,0.64907
42094,0.65298
42095,0.65494
42096,0.65494
42097,0.65396
42098,0.652
42099,0.64907
42100,0.64516
42101,0.64223
42102,0.63734
42103,0.63245
42104,0.62561
42105,0.61877
42106,0.61095
42107,0.60313
42108,0.59629
42109,0.59042
42110,0.58553
42111,0.58065
42112,0.57576
42113,0.57087
42114,0.56598
42115,0.56012
42116,0.55523
42117,0.54936
42118,0.5435
42119,0.53861
42120,0.53372
42121,0.52981
42122,0.52688
42123,0.52297
42124,0.52004
42125,0.51613
42126,0.51222
42127,0.50929
42128,0.50635
42129,0.50244
42130,0.49853
42131,0.49462
42132,0.49071
42133,0.4868
42134,0.48387
42135,0.47996
42136,0.47605
42137,0.47312
42138,0.47019
42139,0.46823
42140,0.4653
42141,0.46334
42142,0.46139
42143,0.45846
42144,0.45552
42145,0.45259
42146,0.44868
42147,0.44477
42148,0.44184
42149,0.43793
42150,0.435
42151,0.43109
42152,0.42815
42153,0.42522
42154,0.42326
42155,0.42033
42156,0.4174
42157,0.41642
42158,0.41544
42159,0.41544
42160,0.41544
42161,0.41544
42162,0.41642
42163,0.41838
42164,0.42033
42165,0.42424
42166,0.42815
42167,0.435
42168,0.44282
42169,0.45064
42170,0.46041
42171,0.47116
42172,0.48192
42173,0.49365
42174,0.50538
42175,0.51711
42176,0.52884
42177,0.54057
42178,0.5523
42179,0.56207
42180,0.56989
42181,0.57967
42182,0.58749
42183,0.59531
42184,0.60313
42185,0.60997
42186,0.61584
42187,0.62072
42188,0.62463
42189,0.62757
42190,0.62854
42191,0.62952
42192,0.62757
42193,0.62561
42194,0.62268
42195,0.61877
42196,0.61486
42197,0.61095
42198,0.60802
42199,0.60411
42200,0.6002
42201,0.59531
42202,0.59042
42203,0.58553
42204,0.57967
42205,0.57478
42206,0.56989
42207,0.56403
42208,0.55914
42209,0.55327
42210,0.54741
42211,0.54252
42212,0.53861
42213,0.5347
42214,0.53079
42215,0.52786
42216,0.52395
42217,0.52004
42218,0.51613
42219,0.5132
42220,0.50929
42221,0.50538
42222,0.50049
42223,0.49658
42224,0.49267
42225,0.48876
42226,0.48485
42227,0.47996
42228,0.47605
42229,0.47312
42230,0.47019
42231,0.46823
42232,0.46725
42233,0.4653
42234,0.46334
42235,0.46139
42236,0.45943
42237,0.45748
42238,0.45552
42239,0.45357
42240,0.45064
42241,0.44868
42242,0.44575
42243,0.44282
42244,0.43988
42245,0.43793
42246,0.435
42247,0.43206
42248,0.42815
42249,0.42522
42250,0.42229
42251,0.42033
42252,0.41838
42253,0.41642
42254,0.41642
42255,0.4174
42256,0.41838
42257,0.42033
42258,0.42326
42259,0.42717
42260,0.43304
42261,0.43988
42262,0.4477
42263,0.4565
42264,0.45552
42265,0.45064
42266,0.45357
42267,0.46139
42268,0.47116
42269,0.48192
42270,0.49267
42271,0.50244
42272,0.51124
42273,0.52199
42274,0.53275
42275,0.54252
42276,0.5523
42277,0.56109
42278,0.56891
42279,0.57674
42280,0.58162
42281,0.58651
42282,0.58944
42283,0.5914
42284,0.59042
42285,0.58749
42286,0.58456
42287,0.58065
42288,0.57674
42289,0.57185
42290,0.56598
42291,0.56012
42292,0.55425
42293,0.54839
42294,0.54252
42295,0.53666
42296,0.52884
42297,0.52102
42298,0.5132
42299,0.50635
42300,0.49951
42301,0.49267
42302,0.48583
42303,0.47996
42304,0.4741
42305,0.46823
42306,0.46334
42307,0.4565
42308,0.45064
42309,0.44477
42310,0.43988
42311,0.43695
42312,0.43304
42313,0.42913
42314,0.42522
42315,0.42131
42316,0.41642
42317,0.41056
42318,0.40469
42319,0.39883
42320,0.39296
42321,0.38612
42322,0.38025
42323,0.37634
42324,0.37341
42325,0.37048
42326,0.36657
42327,0.36364
42328,0.35973
42329,0.35679
42330,0.35288
42331,0.34897
42332,0.34311
42333,0.33822
42334,0.33236
42335,0.32845
42336,0.32454
42337,0.32258
42338,0.31867
42339,0.31672
42340,0.31476
42341,0.31378
42342,0.31378
42343,0.31378
42344,0.31378
42345,0.31378
42346,0.31378
42347,0.31378
42348,0.31574
42349,0.31867
42350,0.32258
42351,0.32649
42352,0.33138
42353,0.33822
42354,0.34702
42355,0.35679
42356,0.36852
42357,0.38123
42358,0.39394
42359,0.40762
42360,0.42033
42361,0.43402
42362,0.44673
42363,0.45748
42364,0.46921
42365,0.48192
42366,0.49462
42367,0.50635
42368,0.52004
42369,0.53275
42370,0.54448
42371,0.55425
42372,0.56207
42373,0.56891
42374,0.5738
42375,0.57869
42376,0.58162
42377,0.58456
42378,0.58553
42379,0.58651
42380,0.58651
42381,0.58749
42382,0.58749
42383,0.58651
42384,0.58358
42385,0.58065
42386,0.57674
42387,0.5738
42388,0.56989
42389,0.56598
42390,0.56207
42391,0.55914
42392,0.55718
42393,0.55523
42394,0.5523
42395,0.54839
42396,0.54448
42397,0.54057
42398,0.53568
42399,0.53079
42400,0.52493
42401,0.51906
42402,0.51417
42403,0.50831
42404,0.50342
42405,0.49951
42406,0.49462
42407,0.49071
42408,0.4868
42409,0.48289
42410,0.47898
42411,0.47507
42412,0.47116
42413,0.46725
42414,0.46334
42415,0.45943
42416,0.45748
42417,0.45455
42418,0.45161
42419,0.44868
42420,0.44477
42421,0.44184
42422,0.43793
42423,0.435
42424,0.43304
42425,0.43109
42426,0.42913
42427,0.42717
42428,0.42522
42429,0.42424
42430,0.42131
42431,0.41838
42432,0.41544
42433,0.41251
42434,0.40958
42435,0.40665
42436,0.40371
42437,0.40176
42438,0.3998
42439,0.39785
42440,0.39589
42441,0.39589
42442,0.39687
42443,0.39785
42444,0.40078
42445,0.40469
42446,0.41056
42447,0.4174
42448,0.4262
42449,0.43402
42450,0.44282
42451,0.45259
42452,0.46432
42453,0.47507
42454,0.48485
42455,0.49462
42456,0.50538
42457,0.51808
42458,0.53177
42459,0.5435
42460,0.55425
42461,0.56403
42462,0.57283
42463,0.58065
42464,0.58847
42465,0.59335
42466,0.59824
42467,0.60215
42468,0.60313
42469,0.60411
42470,0.60508
42471,0.60508
42472,0.60508
42473,0.60411
42474,0.60117
42475,0.59824
42476,0.59433
42477,0.59042
42478,0.58456
42479,0.57869
42480,0.57087
42481,0.56403
42482,0.55816
42483,0.5523
42484,0.54643
42485,0.54057
42486,0.5347
42487,0.52981
42488,0.52493
42489,0.52004
42490,0.51613
42491,0.51124
42492,0.50635
42493,0.50147
42494,0.49756
42495,0.49462
42496,0.49071
42497,0.4868
42498,0.48289
42499,0.47898
42500,0.47507
42501,0.47116
42502,0.46725
42503,0.46334
42504,0.45846
42505,0.45455
42506,0.44966
42507,0.44477
42508,0.44086
42509,0.43793
42510,0.43402
42511,0.43109
42512,0.42913
42513,0.4262
42514,0.42326
42515,0.42131
42516,0.43109
42517,0.44575
42518,0.45161
42519,0.45259
42520,0.45259
42521,0.45064
42522,0.4477
42523,0.44477
42524,0.44184
42525,0.43891
42526,0.43597
42527,0.43304
42528,0.43109
42529,0.42913
42530,0.42815
42531,0.42717
42532,0.42717
42533,0.42717
42534,0.42815
42535,0.42913
42536,0.43109
42537,0.435
42538,0.43891
42539,0.44282
42540,0.44868
42541,0.45552
42542,0.46432
42543,0.47312
42544,0.48289
42545,0.49267
42546,0.50049
42547,0.50929
42548,0.51808
42549,0.52786
42550,0.53666
42551,0.54448
42552,0.55327
42553,0.56207
42554,0.57087
42555,0.57967
42556,0.58749
42557,0.59335
42558,0.59824
42559,0.60117
42560,0.60313
42561,0.60411
42562,0.60411
42563,0.60411
42564,0.60313
42565,0.60215
42566,0.6002
42567,0.59726
42568,0.59433
42569,0.5914
42570,0.58749
42571,0.58358
42572,0.57967
42573,0.57674
42574,0.57283
42575,0.56794
42576,0.56305
42577,0.55816
42578,0.55327
42579,0.54839
42580,0.5435
42581,0.53861
42582,0.53372
42583,0.52981
42584,0.52395
42585,0.51808
42586,0.51222
42587,0.50733
42588,0.50147
42589,0.49462
42590,0.48876
42591,0.48387
42592,0.47898
42593,0.47507
42594,0.47116
42595,0.46628
42596,0.46237
42597,0.45846
42598,0.45455
42599,0.45259
42600,0.44868
42601,0.44477
42602,0.44086
42603,0.43597
42604,0.43109
42605,0.42717
42606,0.42424
42607,0.42229
42608,0.41935
42609,0.41642
42610,0.41349
42611,0.40958
42612,0.40762
42613,0.40469
42614,0.40176
42615,0.39785
42616,0.39296
42617,0.38905
42618,0.38416
42619,0.38025
42620,0.37732
42621,0.37439
42622,0.37243
42623,0.37048
42624,0.36852
42625,0.36755
42626,0.36852
42627,0.3695
42628,0.37146
42629,0.37341
42630,0.37634
42631,0.38025
42632,0.38416
42633,0.38905
42634,0.39589
42635,0.40371
42636,0.41251
42637,0.42326
42638,0.43206
42639,0.44184
42640,0.45259
42641,0.46334
42642,0.47507
42643,0.48778
42644,0.50049
42645,0.5132
42646,0.52493
42647,0.53568
42648,0.54545
42649,0.55425
42650,0.56305
42651,0.56989
42652,0.57478
42653,0.57967
42654,0.58358
42655,0.58651
42656,0.58847
42657,0.58847
42658,0.58944
42659,0.58847
42660,0.58749
42661,0.58651
42662,0.58553
42663,0.58456
42664,0.58358
42665,0.58162
42666,0.57967
42667,0.57869
42668,0.57674
42669,0.57478
42670,0.5738
42671,0.57185
42672,0.56989
42673,0.56794
42674,0.565
42675,0.56207
42676,0.55914
42677,0.55621
42678,0.55327
42679,0.55034
42680,0.54741
42681,0.54448
42682,0.54057
42683,0.53666
42684,0.53275
42685,0.52884
42686,0.5259
42687,0.52199
42688,0.51906
42689,0.51515
42690,0.51222
42691,0.50929
42692,0.50635
42693,0.50342
42694,0.50049
42695,0.49658
42696,0.49365
42697,0.49071
42698,0.4868
42699,0.48387
42700,0.48192
42701,0.47996
42702,0.47801
42703,0.47605
42704,0.47507
42705,0.4741
42706,0.47116
42707,0.46823
42708,0.4653
42709,0.46237
42710,0.45943
42711,0.4565
42712,0.45455
42713,0.45259
42714,0.45161
42715,0.44966
42716,0.4477
42717,0.44673
42718,0.4477
42719,0.44868
42720,0.44966
42721,0.45161
42722,0.45357
42723,0.4565
42724,0.46041
42725,0.46628
42726,0.47214
42727,0.47898
42728,0.48583
42729,0.49365
42730,0.50147
42731,0.50929
42732,0.51711
42733,0.5259
42734,0.5347
42735,0.5435
42736,0.55132
42737,0.56012
42738,0.56794
42739,0.57674
42740,0.58358
42741,0.59042
42742,0.59726
42743,0.60117
42744,0.60313
42745,0.60606
42746,0.60704
42747,0.60704
42748,0.60704
42749,0.60606
42750,0.60313
42751,0.6002
42752,0.59726
42753,0.59433
42754,0.59042
42755,0.58651
42756,0.58358
42757,0.57967
42758,0.57576
42759,0.57087
42760,0.56598
42761,0.56109
42762,0.55621
42763,0.55132
42764,0.54643
42765,0.54154
42766,0.53666
42767,0.53275
42768,0.52884
42769,0.5259
42770,0.52297
42771,0.52004
42772,0.51711
42773,0.5132
42774,0.50831
42775,0.5044
42776,0.50244
42777,0.50342
42778,0.50244
42779,0.49951
42780,0.4956
42781,0.49267
42782,0.49071
42783,0.48876
42784,0.4868
42785,0.48387
42786,0.48094
42787,0.47801
42788,0.47605
42789,0.47312
42790,0.47116
42791,0.46823
42792,0.46628
42793,0.46432
42794,0.46237
42795,0.45943
42796,0.4565
42797,0.45357
42798,0.45064
42799,0.44673
42800,0.44282
42801,0.43891
42802,0.43695
42803,0.435
42804,0.435
42805,0.43402
42806,0.43402
42807,0.43402
42808,0.43402
42809,0.43402
42810,0.435
42811,0.435
42812,0.43597
42813,0.43695
42814,0.43891
42815,0.44184
42816,0.44673
42817,0.45064
42818,0.4565
42819,0.46432
42820,0.47214
42821,0.48094
42822,0.48876
42823,0.49658
42824,0.50538
42825,0.51417
42826,0.52493
42827,0.5347
42828,0.5435
42829,0.5523
42830,0.56109
42831,0.56989
42832,0.57869
42833,0.58651
42834,0.59335
42835,0.59824
42836,0.60117
42837,0.60411
42838,0.60606
42839,0.60704
42840,0.60704
42841,0.60606
42842,0.60411
42843,0.60215
42844,0.6002
42845,0.59824
42846,0.59629
42847,0.59433
42848,0.5914
42849,0.58847
42850,0.58456
42851,0.57967
42852,0.57478
42853,0.56989
42854,0.565
42855,0.55914
42856,0.55425
42857,0.54936
42858,0.54545
42859,0.54154
42860,0.53666
42861,0.53372
42862,0.53079
42863,0.52688
42864,0.52297
42865,0.51906
42866,0.51515
42867,0.51124
42868,0.50733
42869,0.50244
42870,0.49853
42871,0.49462
42872,0.49169
42873,0.48778
42874,0.48583
42875,0.48387
42876,0.48192
42877,0.47898
42878,0.47507
42879,0.47019
42880,0.46628
42881,0.46334
42882,0.45846
42883,0.45552
42884,0.45161
42885,0.4477
42886,0.44477
42887,0.44184
42888,0.43988
42889,0.43695
42890,0.43402
42891,0.43011
42892,0.4262
42893,0.42131
42894,0.41642
42895,0.41251
42896,0.4086
42897,0.40469
42898,0.40078
42899,0.39785
42900,0.39394
42901,0.39101
42902,0.39003
42903,0.38905
42904,0.38905
42905,0.38905
42906,0.38905
42907,0.38905
42908,0.39101
42909,0.39296
42910,0.39589
42911,0.3998
42912,0.40274
42913,0.40762
42914,0.41349
42915,0.41935
42916,0.4262
42917,0.43402
42918,0.44184
42919,0.45064
42920,0.45943
42921,0.46823
42922,0.47605
42923,0.48485
42924,0.49267
42925,0.49951
42926,0.50635
42927,0.51124
42928,0.51515
42929,0.51906
42930,0.52199
42931,0.52493
42932,0.5259
42933,0.52688
42934,0.52688
42935,0.52786
42936,0.52688
42937,0.5259
42938,0.52297
42939,0.52102
42940,0.52004
42941,0.51808
42942,0.51613
42943,0.51417
42944,0.51222
42945,0.51026
42946,0.50831
42947,0.50538
42948,0.50244
42949,0.49951
42950,0.49658
42951,0.49462
42952,0.49267
42953,0.49169
42954,0.49169
42955,0.49071
42956,0.48974
42957,0.48974
42958,0.48778
42959,0.4868
42960,0.48583
42961,0.48485
42962,0.48387
42963,0.48387
42964,0.48289
42965,0.48192
42966,0.48192
42967,0.48192
42968,0.48094
42969,0.47996
42970,0.47996
42971,0.47898
42972,0.47801
42973,0.47801
42974,0.47703
42975,0.47605
42976,0.47605
42977,0.47507
42978,0.4741
42979,0.47312
42980,0.47214
42981,0.47116
42982,0.47019
42983,0.46921
42984,0.46725
42985,0.46628
42986,0.46432
42987,0.46237
42988,0.46041
42989,0.45943
42990,0.4565
42991,0.45455
42992,0.45259
42993,0.45161
42994,0.45064
42995,0.44868
42996,0.4477
42997,0.44868
42998,0.44966
42999,0.45161
43000,0.45552
43001,0.46041
43002,0.46628
43003,0.4741
43004,0.48192
43005,0.48876
43006,0.4956
43007,0.50147
43008,0.50929
43009,0.51808
43010,0.52786
43011,0.53763
43012,0.54741
43013,0.55621
43014,0.56403
43015,0.57087
43016,0.57869
43017,0.58456
43018,0.59042
43019,0.59531
43020,0.59726
43021,0.59922
43022,0.6002
43023,0.6002
43024,0.6002
43025,0.59922
43026,0.59726
43027,0.59629
43028,0.59335
43029,0.58944
43030,0.58456
43031,0.57967
43032,0.57869
43033,0.57869
43034,0.57674
43035,0.57185
43036,0.56696
43037,0.56207
43038,0.55816
43039,0.55327
43040,0.54936
43041,0.54545
43042,0.54154
43043,0.53763
43044,0.53372
43045,0.52981
43046,0.52688
43047,0.52297
43048,0.51906
43049,0.51417
43050,0.50831
43051,0.50244
43052,0.49658
43053,0.49169
43054,0.4868
43055,0.48289
43056,0.47898
43057,0.47605
43058,0.4741
43059,0.47214
43060,0.46921
43061,0.4653
43062,0.46139
43063,0.45748
43064,0.45259
43065,0.44868
43066,0.44575
43067,0.44282
43068,0.43988
43069,0.43695
43070,0.43402
43071,0.43304
43072,0.43206
43073,0.42913
43074,0.4262
43075,0.42326
43076,0.42131
43077,0.4174
43078,0.41447
43079,0.41153
43080,0.4086
43081,0.40665
43082,0.40469
43083,0.40371
43084,0.40371
43085,0.40371
43086,0.40469
43087,0.40469
43088,0.40469
43089,0.40469
43090,0.40567
43091,0.40762
43092,0.41251
43093,0.41838
43094,0.42522
43095,0.43206
43096,0.43988
43097,0.4477
43098,0.45552
43099,0.46432
43100,0.47312
43101,0.48289
43102,0.49169
43103,0.50147
43104,0.51124
43105,0.52199
43106,0.53275
43107,0.54252
43108,0.5523
43109,0.56012
43110,0.56598
43111,0.57087
43112,0.57674
43113,0.58162
43114,0.58553
43115,0.58944
43116,0.59042
43117,0.59042
43118,0.58944
43119,0.58749
43120,0.58553
43121,0.58358
43122,0.58162
43123,0.57967
43124,0.57674
43125,0.5738
43126,0.56891
43127,0.56305
43128,0.55816
43129,0.55425
43130,0.54936
43131,0.54545
43132,0.54154
43133,0.53763
43134,0.53372
43135,0.52981
43136,0.5259
43137,0.52199
43138,0.51906
43139,0.51515
43140,0.51124
43141,0.50733
43142,0.50342
43143,0.49853
43144,0.4956
43145,0.49169
43146,0.48778
43147,0.48387
43148,0.47996
43149,0.4741
43150,0.47019
43151,0.46725
43152,0.46432
43153,0.46139
43154,0.45943
43155,0.45748
43156,0.45552
43157,0.45259
43158,0.44868
43159,0.44477
43160,0.44086
43161,0.43793
43162,0.435
43163,0.43402
43164,0.43304
43165,0.43206
43166,0.42913
43167,0.4262
43168,0.42424
43169,0.42131
43170,0.41935
43171,0.41838
43172,0.41642
43173,0.41544
43174,0.41349
43175,0.41153
43176,0.40958
43177,0.40958
43178,0.4086
43179,0.40762
43180,0.40665
43181,0.40665
43182,0.40665
43183,0.40762
43184,0.4086
43185,0.41153
43186,0.41544
43187,0.41935
43188,0.42522
43189,0.43206
43190,0.43891
43191,0.44575
43192,0.45455
43193,0.46334
43194,0.47312
43195,0.48289
43196,0.49169
43197,0.50147
43198,0.51222
43199,0.52199
43200,0.53177
43201,0.54057
43202,0.54741
43203,0.55327
43204,0.55816
43205,0.56403
43206,0.56794
43207,0.57087
43208,0.57283
43209,0.57283
43210,0.57087
43211,0.56989
43212,0.56794
43213,0.56403
43214,0.55914
43215,0.55621
43216,0.5523
43217,0.54643
43218,0.54057
43219,0.53275
43220,0.52493
43221,0.51711
43222,0.50929
43223,0.50244
43224,0.4956
43225,0.48974
43226,0.48485
43227,0.47996
43228,0.47605
43229,0.47116
43230,0.46628
43231,0.46041
43232,0.45552
43233,0.45064
43234,0.44673
43235,0.44379
43236,0.44086
43237,0.43793
43238,0.43402
43239,0.43109
43240,0.42913
43241,0.42522
43242,0.42326
43243,0.42131
43244,0.41838
43245,0.4174
43246,0.41544
43247,0.41349
43248,0.41251
43249,0.41153
43250,0.40958
43251,0.40762
43252,0.40567
43253,0.40371
43254,0.40176
43255,0.40176
43256,0.40078
43257,0.3998
43258,0.39687
43259,0.39394
43260,0.39101
43261,0.38807
43262,0.38612
43263,0.38416
43264,0.38319
43265,0.38319
43266,0.38319
43267,0.38319
43268,0.38319
43269,0.38416
43270,0.38416
43271,0.38514
43272,0.38514
43273,0.38612
43274,0.38807
43275,0.39101
43276,0.39589
43277,0.40078
43278,0.40762
43279,0.41349
43280,0.42131
43281,0.42815
43282,0.435
43283,0.44282
43284,0.45259
43285,0.46334
43286,0.47605
43287,0.48778
43288,0.5044
43289,0.52297
43290,0.54057
43291,0.55816
43292,0.5738
43293,0.58847
43294,0.60117
43295,0.61095
43296,0.6217
43297,0.63343
43298,0.64321
43299,0.65005
43300,0.65689
43301,0.6608
43302,0.66373
43303,0.66569
43304,0.66471
43305,0.66276
43306,0.65885
43307,0.65494
43308,0.652
43309,0.64907
43310,0.64614
43311,0.64125
43312,0.63734
43313,0.63245
43314,0.62659
43315,0.62072
43316,0.61486
43317,0.60899
43318,0.60215
43319,0.59531
43320,0.58847
43321,0.58358
43322,0.57967
43323,0.57478
43324,0.56989
43325,0.56598
43326,0.56207
43327,0.55816
43328,0.55425
43329,0.55034
43330,0.54643
43331,0.54154
43332,0.53763
43333,0.53275
43334,0.52884
43335,0.52493
43336,0.52004
43337,0.51613
43338,0.51222
43339,0.50733
43340,0.50244
43341,0.49756
43342,0.49267
43343,0.4868
43344,0.48289
43345,0.47898
43346,0.47605
43347,0.4741
43348,0.47116
43349,0.46725
43350,0.46432
43351,0.46139
43352,0.45846
43353,0.45552
43354,0.45259
43355,0.44868
43356,0.44477
43357,0.43891
43358,0.435
43359,0.43206
43360,0.42913
43361,0.42717
43362,0.42424
43363,0.42326
43364,0.42229
43365,0.42229
43366,0.42229
43367,0.42229
43368,0.42229
43369,0.42424
43370,0.4262
43371,0.42913
43372,0.43304
43373,0.43695
43374,0.44184
43375,0.4477
43376,0.45455
43377,0.46334
43378,0.4741
43379,0.48485
43380,0.4956
43381,0.50635
43382,0.51711
43383,0.52981
43384,0.54252
43385,0.55621
43386,0.56794
43387,0.57869
43388,0.58944
43389,0.6002
43390,0.61095
43391,0.61975
43392,0.62757
43393,0.63441
43394,0.64223
43395,0.64907
43396,0.65396
43397,0.65885
43398,0.6608
43399,0.6608
43400,0.65885
43401,0.65689
43402,0.65396
43403,0.652
43404,0.64907
43405,0.64712
43406,0.64516
43407,0.64223
43408,0.63734
43409,0.63148
43410,0.62561
43411,0.61877
43412,0.61388
43413,0.60802
43414,0.60117
43415,0.59433
43416,0.58847
43417,0.58358
43418,0.57967
43419,0.57576
43420,0.57185
43421,0.56794
43422,0.56403
43423,0.56012
43424,0.55621
43425,0.55132
43426,0.54741
43427,0.5435
43428,0.53959
43429,0.5347
43430,0.52981
43431,0.5259
43432,0.52102
43433,0.51613
43434,0.51222
43435,0.50831
43436,0.50635
43437,0.50342
43438,0.50147
43439,0.50049
43440,0.49853
43441,0.49658
43442,0.49365
43443,0.49169
43444,0.48876
43445,0.4868
43446,0.48485
43447,0.48192
43448,0.47996
43449,0.47605
43450,0.47214
43451,0.46921
43452,0.4653
43453,0.46041
43454,0.4565
43455,0.45259
43456,0.44966
43457,0.44673
43458,0.44477
43459,0.44184
43460,0.43988
43461,0.43695
43462,0.43597
43463,0.435
43464,0.43597
43465,0.43891
43466,0.44184
43467,0.44673
43468,0.45259
43469,0.45943
43470,0.46823
43471,0.47898
43472,0.48974
43473,0.50049
43474,0.51124
43475,0.52297
43476,0.53568
43477,0.54741
43478,0.55816
43479,0.56794
43480,0.57771
43481,0.58847
43482,0.59824
43483,0.60802
43484,0.61779
43485,0.62659
43486,0.63441
43487,0.64223
43488,0.64712
43489,0.65005
43490,0.652
43491,0.652
43492,0.65103
43493,0.64907
43494,0.64516
43495,0.64027
43496,0.63441
43497,0.62757
43498,0.62072
43499,0.61388
43500,0.60704
43501,0.6002
43502,0.59238
43503,0.58651
43504,0.58162
43505,0.57674
43506,0.57283
43507,0.56696
43508,0.56109
43509,0.55523
43510,0.54936
43511,0.54252
43512,0.53666
43513,0.53079
43514,0.52395
43515,0.51711
43516,0.51026
43517,0.5044
43518,0.49951
43519,0.49267
43520,0.4868
43521,0.48094
43522,0.47507
43523,0.46921
43524,0.46432
43525,0.45846
43526,0.45259
43527,0.44575
43528,0.44086
43529,0.43695
43530,0.43402
43531,0.43206
43532,0.43011
43533,0.42815
43534,0.42717
43535,0.42522
43536,0.42326
43537,0.42033
43538,0.41935
43539,0.41838
43540,0.4174
43541,0.4174
43542,0.4174
43543,0.4174
43544,0.40762
43545,0.39101
43546,0.38319
43547,0.37928
43548,0.37732
43549,0.37634
43550,0.37537
43551,0.37537
43552,0.37537
43553,0.37537
43554,0.37732
43555,0.37928
43556,0.38319
43557,0.3871
43558,0.39101
43559,0.39687
43560,0.40274
43561,0.41056
43562,0.42033
43563,0.43206
43564,0.44477
43565,0.45846
43566,0.47214
43567,0.48583
43568,0.49951
43569,0.51222
43570,0.52395
43571,0.53861
43572,0.55425
43573,0.56891
43574,0.58358
43575,0.59824
43576,0.61193
43577,0.62463
43578,0.63636
43579,0.64712
43580,0.65689
43581,0.66667
43582,0.67449
43583,0.6784
43584,0.68231
43585,0.68328
43586,0.68426
43587,0.68426
43588,0.68328
43589,0.68133
43590,0.67742
43591,0.67351
43592,0.66862
43593,0.66373
43594,0.65787
43595,0.65103
43596,0.64516
43597,0.64027
43598,0.63441
43599,0.62757
43600,0.62072
43601,0.61486
43602,0.60899
43603,0.60411
43604,0.59922
43605,0.59531
43606,0.59042
43607,0.58553
43608,0.57967
43609,0.5738
43610,0.56891
43611,0.56305
43612,0.55718
43613,0.55034
43614,0.54545
43615,0.54057
43616,0.53666
43617,0.53372
43618,0.53177
43619,0.52884
43620,0.52493
43621,0.52102
43622,0.51711
43623,0.5132
43624,0.50831
43625,0.50244
43626,0.49756
43627,0.49267
43628,0.48778
43629,0.48289
43630,0.47898
43631,0.4741
43632,0.46921
43633,0.46628
43634,0.46334
43635,0.46139
43636,0.45846
43637,0.4565
43638,0.45357
43639,0.45161
43640,0.44966
43641,0.44673
43642,0.44477
43643,0.44184
43644,0.43988
43645,0.43793
43646,0.435
43647,0.43304
43648,0.43109
43649,0.43109
43650,0.43206
43651,0.43304
43652,0.43695
43653,0.44184
43654,0.4477
43655,0.45455
43656,0.46139
43657,0.47019
43658,0.47898
43659,0.48876
43660,0.50049
43661,0.51124
43662,0.52199
43663,0.53275
43664,0.5435
43665,0.55523
43666,0.56696
43667,0.57869
43668,0.59042
43669,0.60215
43670,0.61193
43671,0.6217
43672,0.63148
43673,0.63832
43674,0.64321
43675,0.64712
43676,0.65103
43677,0.65494
43678,0.65689
43679,0.65689
43680,0.65689
43681,0.65591
43682,0.65396
43683,0.65103
43684,0.64712
43685,0.64321
43686,0.6393
43687,0.63441
43688,0.62854
43689,0.62366
43690,0.61779
43691,0.6129
43692,0.60802
43693,0.60313
43694,0.59922
43695,0.59531
43696,0.59042
43697,0.58553
43698,0.58065
43699,0.57576
43700,0.56989
43701,0.565
43702,0.56012
43703,0.55523
43704,0.55034
43705,0.54545
43706,0.54057
43707,0.53568
43708,0.53079
43709,0.5259
43710,0.52102
43711,0.51613
43712,0.51124
43713,0.50733
43714,0.50244
43715,0.49853
43716,0.49462
43717,0.48974
43718,0.48583
43719,0.48094
43720,0.47605
43721,0.47116
43722,0.46823
43723,0.4653
43724,0.46432
43725,0.46237
43726,0.46041
43727,0.45943
43728,0.45748
43729,0.45552
43730,0.45357
43731,0.45161
43732,0.44966
43733,0.44673
43734,0.44477
43735,0.44184
43736,0.43988
43737,0.43793
43738,0.43695
43739,0.43597
43740,0.43695
43741,0.43793
43742,0.43988
43743,0.44282
43744,0.44477
43745,0.4477
43746,0.45161
43747,0.4565
43748,0.46139
43749,0.46628
43750,0.47214
43751,0.47996
43752,0.48974
43753,0.49853
43754,0.50831
43755,0.52004
43756,0.53177
43757,0.5435
43758,0.55523
43759,0.56696
43760,0.57869
43761,0.59042
43762,0.60215
43763,0.61193
43764,0.6217
43765,0.63148
43766,0.63832
43767,0.64321
43768,0.64809
43769,0.65298
43770,0.65494
43771,0.65689
43772,0.65787
43773,0.65689
43774,0.65396
43775,0.652
43776,0.64907
43777,0.64516
43778,0.64125
43779,0.63636
43780,0.63148
43781,0.62757
43782,0.6217
43783,0.61584
43784,0.60997
43785,0.60411
43786,0.59922
43787,0.59433
43788,0.58944
43789,0.58456
43790,0.57967
43791,0.57283
43792,0.56696
43793,0.56207
43794,0.55621
43795,0.54936
43796,0.54448
43797,0.54057
43798,0.53763
43799,0.5347
43800,0.52395
43801,0.51026
43802,0.50244
43803,0.49658
43804,0.49169
43805,0.4868
43806,0.48289
43807,0.47996
43808,0.47703
43809,0.47312
43810,0.46921
43811,0.4653
43812,0.46237
43813,0.45943
43814,0.4565
43815,0.45357
43816,0.45064
43817,0.4477
43818,0.44575
43819,0.44477
43820,0.44379
43821,0.44086
43822,0.43793
43823,0.435
43824,0.43206
43825,0.42717
43826,0.42326
43827,0.41935
43828,0.41447
43829,0.40958
43830,0.40469
43831,0.40176
43832,0.3998
43833,0.39785
43834,0.39687
43835,0.39687
43836,0.39785
43837,0.39883
43838,0.40078
43839,0.40274
43840,0.40665
43841,0.41056
43842,0.41642
43843,0.42229
43844,0.43011
43845,0.43793
43846,0.44379
43847,0.45064
43848,0.45846
43849,0.46725
43850,0.47507
43851,0.48289
43852,0.49267
43853,0.50049
43854,0.50733
43855,0.5132
43856,0.51906
43857,0.52493
43858,0.52981
43859,0.53372
43860,0.53568
43861,0.53861
43862,0.53959
43863,0.53959
43864,0.53959
43865,0.53763
43866,0.53568
43867,0.53372
43868,0.53079
43869,0.52786
43870,0.52493
43871,0.52199
43872,0.51808
43873,0.51417
43874,0.51026
43875,0.50733
43876,0.5044
43877,0.50342
43878,0.50147
43879,0.50049
43880,0.49853
43881,0.49658
43882,0.49462
43883,0.49267
43884,0.49169
43885,0.48974
43886,0.48778
43887,0.4868
43888,0.48583
43889,0.48387
43890,0.48094
43891,0.47801
43892,0.47507
43893,0.47214
43894,0.47019
43895,0.46823
43896,0.46628
43897,0.4653
43898,0.46432
43899,0.46432
43900,0.46237
43901,0.46139
43902,0.46041
43903,0.46041
43904,0.46041
43905,0.46041
43906,0.46041
43907,0.46041
43908,0.46041
43909,0.46041
43910,0.46041
43911,0.46041
43912,0.46041
43913,0.46041
43914,0.46041
43915,0.46041
43916,0.46041
43917,0.46041
43918,0.45943
43919,0.45846
43920,0.4565
43921,0.45455
43922,0.45357
43923,0.45259
43924,0.45357
43925,0.45455
43926,0.45748
43927,0.46041
43928,0.46432
43929,0.46725
43930,0.47116
43931,0.47507
43932,0.47996
43933,0.48583
43934,0.49267
43935,0.50147
43936,0.51026
43937,0.51906
43938,0.52688
43939,0.53372
43940,0.54154
43941,0.55034
43942,0.55914
43943,0.56696
43944,0.57576
43945,0.58553
43946,0.59433
43947,0.60313
43948,0.61193
43949,0.61877
43950,0.62366
43951,0.62659
43952,0.62854
43953,0.6305
43954,0.63148
43955,0.6305
43956,0.62854
43957,0.62561
43958,0.62268
43959,0.61975
43960,0.61779
43961,0.61486
43962,0.61095
43963,0.60704
43964,0.60411
43965,0.6002
43966,0.59629
43967,0.59238
43968,0.58749
43969,0.58162
43970,0.57576
43971,0.56891
43972,0.56305
43973,0.55718
43974,0.5523
43975,0.54741
43976,0.54252
43977,0.53763
43978,0.53372
43979,0.52981
43980,0.52493
43981,0.52102
43982,0.51613
43983,0.51222
43984,0.50733
43985,0.50342
43986,0.49951
43987,0.4956
43988,0.49169
43989,0.48876
43990,0.4868
43991,0.48387
43992,0.48192
43993,0.47996
43994,0.47801
43995,0.47507
43996,0.47312
43997,0.47019
43998,0.46823
43999,0.4653
44000,0.46237
44001,0.45943
44002,0.4565
44003,0.45357
44004,0.45064
44005,0.4477
44006,0.44575
44007,0.44379
44008,0.44184
44009,0.43988
44010,0.43793
44011,0.43597
44012,0.43402
44013,0.43109
44014,0.42815
44015,0.42522
44016,0.42424
44017,0.42229
44018,0.42229
44019,0.42229
44020,0.42326
44021,0.4262
44022,0.43011
44023,0.435
44024,0.43988
44025,0.44477
44026,0.45161
44027,0.45943
44028,0.46823
44029,0.47703
44030,0.48485
44031,0.49462
44032,0.5044
44033,0.51613
44034,0.52688
44035,0.53763
44036,0.54839
44037,0.55816
44038,0.56696
44039,0.57576
44040,0.58358
44041,0.59238
44042,0.59824
44043,0.60411
44044,0.60997
44045,0.61388
44046,0.61779
44047,0.62072
44048,0.6217
44049,0.62268
44050,0.62268
44051,0.62268
44052,0.62268
44053,0.62072
44054,0.61779
44055,0.61486
44056,0.60899
44057,0.60215
44058,0.59629
44059,0.5914
44060,0.58553
44061,0.58065
44062,0.57576
44063,0.56989
44064,0.56403
44065,0.55914
44066,0.55523
44067,0.55132
44068,0.54741
44069,0.54448
44070,0.54154
44071,0.53763
44072,0.53372
44073,0.52884
44074,0.52395
44075,0.51906
44076,0.5132
44077,0.50831
44078,0.50244
44079,0.49756
44080,0.49365
44081,0.49071
44082,0.48876
44083,0.48583
44084,0.48192
44085,0.47801
44086,0.4741
44087,0.47019
44088,0.46628
44089,0.46237
44090,0.45846
44091,0.45552
44092,0.45357
44093,0.44966
44094,0.44673
44095,0.44379
44096,0.43988
44097,0.43695
44098,0.43304
44099,0.43011
44100,0.42815
44101,0.4262
44102,0.42424
44103,0.42229
44104,0.41935
44105,0.41642
44106,0.41251
44107,0.40958
44108,0.40762
44109,0.40567
44110,0.40371
44111,0.40274
44112,0.40176
44113,0.40274
44114,0.40469
44115,0.40665
44116,0.4086
44117,0.41153
44118,0.41544
44119,0.42131
44120,0.42522
44121,0.43011
44122,0.43597
44123,0.44379
44124,0.45064
44125,0.45943
44126,0.47019
44127,0.47996
44128,0.48974
44129,0.49951
44130,0.50831
44131,0.51613
44132,0.52297
44133,0.52884
44134,0.5347
44135,0.53959
44136,0.54448
44137,0.54839
44138,0.55034
44139,0.55132
44140,0.55132
44141,0.55034
44142,0.54936
44143,0.54741
44144,0.54545
44145,0.5435
44146,0.54154
44147,0.53763
44148,0.53372
44149,0.52884
44150,0.52297
44151,0.51808
44152,0.5132
44153,0.50733
44154,0.50342
44155,0.49951
44156,0.49462
44157,0.49071
44158,0.4868
44159,0.48289
44160,0.47898
44161,0.47605
44162,0.47214
44163,0.46921
44164,0.46628
44165,0.46432
44166,0.46139
44167,0.45846
44168,0.45552
44169,0.45259
44170,0.44868
44171,0.44673
44172,0.44379
44173,0.44086
44174,0.43891
44175,0.43793
44176,0.435
44177,0.43304
44178,0.43109
44179,0.43011
44180,0.42913
44181,0.42913
44182,0.42913
44183,0.42913
44184,0.42913
44185,0.42815
44186,0.42815
44187,0.42815
44188,0.42815
44189,0.42815
44190,0.42815
44191,0.42913
44192,0.42913
44193,0.42913
44194,0.42913
44195,0.42913
44196,0.42913
44197,0.42913
44198,0.42913
44199,0.42913
44200,0.42913
44201,0.42913
44202,0.43011
44203,0.43206
44204,0.435
44205,0.43891
44206,0.44379
44207,0.44868
44208,0.45552
44209,0.46334
44210,0.47214
44211,0.48094
44212,0.48876
44213,0.4956
44214,0.50342
44215,0.5132
44216,0.52199
44217,0.53177
44218,0.54154
44219,0.55034
44220,0.55914
44221,0.56794
44222,0.57869
44223,0.58847
44224,0.59824
44225,0.60704
44226,0.6129
44227,0.61779
44228,0.62268
44229,0.62757
44230,0.6305
44231,0.63343
44232,0.63441
44233,0.63441
44234,0.63343
44235,0.63148
44236,0.62952
44237,0.62757
44238,0.62366
44239,0.61877
44240,0.61486
44241,0.60997
44242,0.60508
44243,0.59922
44244,0.59433
44245,0.58944
44246,0.58553
44247,0.58065
44248,0.57674
44249,0.57185
44250,0.56598
44251,0.56012
44252,0.55425
44253,0.54936
44254,0.5435
44255,0.53763
44256,0.53177
44257,0.52786
44258,0.52297
44259,0.51711
44260,0.51124
44261,0.50538
44262,0.49951
44263,0.49462
44264,0.48974
44265,0.48583
44266,0.48387
44267,0.47996
44268,0.47703
44269,0.4741
44270,0.47116
44271,0.46823
44272,0.46432
44273,0.46041
44274,0.45748
44275,0.45455
44276,0.45161
44277,0.4477
44278,0.44575
44279,0.44282
44280,0.43988
44281,0.43597
44282,0.43304
44283,0.43011
44284,0.42815
44285,0.4262
44286,0.42424
44287,0.42229
44288,0.42033
44289,0.41838
44290,0.41642
44291,0.41447
44292,0.41349
44293,0.41153
44294,0.40958
44295,0.40762
44296,0.40665
44297,0.40567
44298,0.40665
44299,0.4086
44300,0.41251
44301,0.4174
44302,0.42229
44303,0.42717
44304,0.43304
44305,0.43891
44306,0.44575
44307,0.45455
44308,0.46432
44309,0.47507
44310,0.48485
44311,0.4956
44312,0.50244
44313,0.50635
44314,0.51613
44315,0.52786
44316,0.54057
44317,0.5523
44318,0.56109
44319,0.56891
44320,0.57771
44321,0.58651
44322,0.59433
44323,0.6002
44324,0.60508
44325,0.60802
44326,0.60899
44327,0.60899
44328,0.60802
44329,0.60606
44330,0.60411
44331,0.60313
44332,0.60215
44333,0.59922
44334,0.59629
44335,0.59238
44336,0.58847
44337,0.58456
44338,0.58065
44339,0.57478
44340,0.56794
44341,0.56109
44342,0.55327
44343,0.54643
44344,0.54154
44345,0.53666
44346,0.53177
44347,0.52688
44348,0.52297
44349,0.51711
44350,0.51222
44351,0.50733
44352,0.50147
44353,0.49658
44354,0.49267
44355,0.48778
44356,0.48289
44357,0.47898
44358,0.47507
44359,0.47116
44360,0.46725
44361,0.46334
44362,0.45943
44363,0.45552
44364,0.45064
44365,0.44673
44366,0.44282
44367,0.43793
44368,0.435
44369,0.43206
44370,0.42913
44371,0.42717
44372,0.42424
44373,0.42033
44374,0.41642
44375,0.41251
44376,0.4086
44377,0.40665
44378,0.40371
44379,0.40176
44380,0.39883
44381,0.39687
44382,0.39492
44383,0.39296
44384,0.39198
44385,0.39003
44386,0.38807
44387,0.38612
44388,0.38514
44389,0.38514
44390,0.38514
44391,0.3871
44392,0.39101
44393,0.39492
44394,0.3998
44395,0.40371
44396,0.40762
44397,0.41251
44398,0.41935
44399,0.42717
44400,0.43695
44401,0.4477
44402,0.45943
44403,0.47019
44404,0.48094
44405,0.49169
44406,0.50244
44407,0.51417
44408,0.5259
44409,0.53568
44410,0.5435
44411,0.5523
44412,0.56109
44413,0.56989
44414,0.57771
44415,0.58651
44416,0.59238
44417,0.59726
44418,0.6002
44419,0.60117
44420,0.60117
44421,0.60117
44422,0.6002
44423,0.59824
44424,0.59433
44425,0.59042
44426,0.58651
44427,0.5826
44428,0.57771
44429,0.5738
44430,0.56989
44431,0.565
44432,0.55914
44433,0.55132
44434,0.54448
44435,0.53861
44436,0.53372
44437,0.52786
44438,0.52199
44439,0.51711
44440,0.51124
44441,0.5044
44442,0.49853
44443,0.49169
44444,0.48387
44445,0.47605
44446,0.46921
44447,0.46334
44448,0.4565
44449,0.45064
44450,0.44379
44451,0.43695
44452,0.43109
44453,0.42424
44454,0.41838
44455,0.41349
44456,0.40762
44457,0.40371
44458,0.3998
44459,0.39687
44460,0.39296
44461,0.38905
44462,0.38612
44463,0.38319
44464,0.37928
44465,0.37439
44466,0.37048
44467,0.36461
44468,0.35875
44469,0.35288
44470,0.34604
44471,0.34018
44472,0.33529
44473,0.3304
44474,0.32649
44475,0.32258
44476,0.32063
44477,0.31769
44478,0.31378
44479,0.31183
44480,0.31085
44481,0.30987
44482,0.30987
44483,0.3089
44484,0.30987
44485,0.31281
44486,0.31672
44487,0.31965
44488,0.32454
44489,0.3304
44490,0.33627
44491,0.34409
44492,0.35386
44493,0.36461
44494,0.37732
44495,0.39101
44496,0.40469
44497,0.42033
44498,0.43695
44499,0.45259
44500,0.46823
44501,0.48094
44502,0.49169
44503,0.50342
44504,0.51515
44505,0.52688
44506,0.53666
44507,0.54545
44508,0.55425
44509,0.56207
44510,0.56794
44511,0.57185
44512,0.5738
44513,0.57576
44514,0.57576
44515,0.57674
44516,0.57771
44517,0.57967
44518,0.58065
44519,0.58162
44520,0.58162
44521,0.5826
44522,0.5826
44523,0.58162
44524,0.58065
44525,0.57869
44526,0.57576
44527,0.57283
44528,0.56989
44529,0.56696
44530,0.56305
44531,0.56012
44532,0.55718
44533,0.55425
44534,0.55034
44535,0.54643
44536,0.54154
44537,0.53861
44538,0.5347
44539,0.53079
44540,0.5259
44541,0.52102
44542,0.51613
44543,0.51026
44544,0.5044
44545,0.49853
44546,0.49267
44547,0.48583
44548,0.47996
44549,0.47605
44550,0.47214
44551,0.46921
44552,0.46628
44553,0.46334
44554,0.46041
44555,0.45846
44556,0.4565
44557,0.45357
44558,0.45064
44559,0.4477
44560,0.44477
44561,0.44086
44562,0.43793
44563,0.43402
44564,0.42913
44565,0.4262
44566,0.42229
44567,0.41935
44568,0.42815
44569,0.44379
44570,0.45161
44571,0.45455
44572,0.4565
44573,0.45748
44574,0.45846
44575,0.45943
44576,0.46139
44577,0.46432
44578,0.46725
44579,0.47116
44580,0.47605
44581,0.47996
44582,0.48583
44583,0.49267
44584,0.49853
44585,0.50538
44586,0.5132
44587,0.52102
44588,0.52981
44589,0.53861
44590,0.54741
44591,0.55718
44592,0.56598
44593,0.5738
44594,0.57967
44595,0.58749
44596,0.59433
44597,0.60215
44598,0.60899
44599,0.61388
44600,0.61779
44601,0.62072
44602,0.62268
44603,0.62268
44604,0.6217
44605,0.61975
44606,0.61681
44607,0.61388
44608,0.61095
44609,0.60704
44610,0.60411
44611,0.6002
44612,0.59726
44613,0.59335
44614,0.59042
44615,0.58651
44616,0.5826
44617,0.57967
44618,0.57478
44619,0.56989
44620,0.56403
44621,0.55914
44622,0.55425
44623,0.54936
44624,0.54545
44625,0.54057
44626,0.53568
44627,0.53079
44628,0.5259
44629,0.52102
44630,0.51613
44631,0.51222
44632,0.50831
44633,0.50538
44634,0.50244
44635,0.49853
44636,0.4956
44637,0.49169
44638,0.48876
44639,0.48485
44640,0.48192
44641,0.47801
44642,0.4741
44643,0.47116
44644,0.46823
44645,0.4653
44646,0.46334
44647,0.46139
44648,0.45943
44649,0.4565
44650,0.45455
44651,0.45259
44652,0.45064
44653,0.44966
44654,0.4477
44655,0.44575
44656,0.44379
44657,0.44184
44658,0.44086
44659,0.43988
44660,0.43695
44661,0.435
44662,0.43402
44663,0.43206
44664,0.43109
44665,0.43109
44666,0.43206
44667,0.43402
44668,0.435
44669,0.43695
44670,0.43988
44671,0.44282
44672,0.44673
44673,0.45161
44674,0.45748
44675,0.4653
44676,0.4741
44677,0.48387
44678,0.49365
44679,0.50342
44680,0.5132
44681,0.52493
44682,0.53666
44683,0.54839
44684,0.55816
44685,0.56598
44686,0.57283
44687,0.57967
44688,0.58749
44689,0.59531
44690,0.60215
44691,0.60802
44692,0.6129
44693,0.61584
44694,0.61779
44695,0.61779
44696,0.61779
44697,0.61681
44698,0.61584
44699,0.6129
44700,0.60997
44701,0.60704
44702,0.60411
44703,0.6002
44704,0.59726
44705,0.59335
44706,0.58944
44707,0.58553
44708,0.58065
44709,0.57576
44710,0.57087
44711,0.56598
44712,0.56109
44713,0.55816
44714,0.55425
44715,0.55034
44716,0.54643
44717,0.54252
44718,0.53763
44719,0.53275
44720,0.52786
44721,0.52297
44722,0.51808
44723,0.5132
44724,0.51026
44725,0.50733
44726,0.50538
44727,0.50244
44728,0.49853
44729,0.4956
44730,0.49169
44731,0.48876
44732,0.48485
44733,0.48192
44734,0.47801
44735,0.4741
44736,0.47116
44737,0.46725
44738,0.46334
44739,0.45943
44740,0.45552
44741,0.45161
44742,0.4477
44743,0.44282
44744,0.43793
44745,0.43304
44746,0.42815
44747,0.42326
44748,0.4174
44749,0.41251
44750,0.40762
44751,0.40469
44752,0.40176
44753,0.3998
44754,0.39883
44755,0.39785
44756,0.39785
44757,0.39785
44758,0.39785
44759,0.39785
44760,0.39785
44761,0.39785
44762,0.39883
44763,0.40078
44764,0.40274
44765,0.40567
44766,0.40958
44767,0.41447
44768,0.41935
44769,0.4262
44770,0.43304
44771,0.44086
44772,0.44868
44773,0.4565
44774,0.46432
44775,0.47214
44776,0.47996
44777,0.4868
44778,0.4956
44779,0.50342
44780,0.51124
44781,0.51808
44782,0.52395
44783,0.52884
44784,0.5347
44785,0.53959
44786,0.5435
44787,0.54545
44788,0.54545
44789,0.54448
44790,0.5435
44791,0.54154
44792,0.53959
44793,0.53861
44794,0.53666
44795,0.5347
44796,0.53275
44797,0.53177
44798,0.52981
44799,0.52786
44800,0.5259
44801,0.52395
44802,0.52297
44803,0.52102
44804,0.51906
44805,0.51613
44806,0.5132
44807,0.51026
44808,0.50831
44809,0.50635
44810,0.5044
44811,0.50244
44812,0.50049
44813,0.49756
44814,0.4956
44815,0.49462
44816,0.49267
44817,0.49169
44818,0.49071
44819,0.49071
44820,0.4868
44821,0.48192
44822,0.47898
44823,0.47801
44824,0.47703
44825,0.47703
44826,0.47605
44827,0.47507
44828,0.47312
44829,0.47214
44830,0.46921
44831,0.46725
44832,0.4653
44833,0.46334
44834,0.46237
44835,0.46237
44836,0.46139
44837,0.45943
44838,0.45748
44839,0.45455
44840,0.45161
44841,0.4477
44842,0.44477
44843,0.44184
44844,0.43988
44845,0.43793
44846,0.43695
44847,0.43597
44848,0.43597
44849,0.43597
44850,0.43597
44851,0.43597
44852,0.43695
44853,0.43891
44854,0.44086
44855,0.44477
44856,0.44868
44857,0.45552
44858,0.46334
44859,0.47312
44860,0.48289
44861,0.49267
44862,0.50244
44863,0.5132
44864,0.52395
44865,0.53666
44866,0.54936
44867,0.56109
44868,0.57087
44869,0.57869
44870,0.58749
44871,0.59629
44872,0.60411
44873,0.61095
44874,0.61779
44875,0.62268
44876,0.62659
44877,0.62854
44878,0.6305
44879,0.6305
44880,0.62854
44881,0.62561
44882,0.6217
44883,0.61779
44884,0.61388
44885,0.60997
44886,0.60606
44887,0.60215
44888,0.59726
44889,0.59238
44890,0.58651
44891,0.57967
44892,0.57283
44893,0.565
44894,0.55914
44895,0.55425
44896,0.54839
44897,0.54252
44898,0.53763
44899,0.53275
44900,0.52884
44901,0.52493
44902,0.52004
44903,0.51515
44904,0.51026
44905,0.5044
44906,0.49951
44907,0.49462
44908,0.49071
44909,0.48778
44910,0.48387
44911,0.48094
44912,0.47703
44913,0.47312
44914,0.46921
44915,0.46432
44916,0.46041
44917,0.45455
44918,0.44868
44919,0.44282
44920,0.43891
44921,0.43597
44922,0.43402
44923,0.43206
44924,0.42913
44925,0.42717
44926,0.42424
44927,0.42131
44928,0.4174
44929,0.41349
44930,0.4086
44931,0.40469
44932,0.40078
44933,0.39785
44934,0.39492
44935,0.39198
44936,0.38905
44937,0.38612
44938,0.38319
44939,0.38025
44940,0.3783
44941,0.37732
44942,0.37732
44943,0.37732
44944,0.3783
44945,0.38025
44946,0.38319
44947,0.38612
44948,0.39101
44949,0.39589
44950,0.40274
44951,0.41056
44952,0.41935
44953,0.42815
44954,0.43597
44955,0.44575
44956,0.4565
44957,0.46725
44958,0.47898
44959,0.49071
44960,0.50049
44961,0.51026
44962,0.52004
44963,0.52981
44964,0.53959
44965,0.54839
44966,0.55621
44967,0.56305
44968,0.56794
44969,0.57185
44970,0.57283
44971,0.5738
44972,0.5738
44973,0.57283
44974,0.56989
44975,0.56696
44976,0.56305
44977,0.56012
44978,0.55718
44979,0.55425
44980,0.55132
44981,0.54839
44982,0.54448
44983,0.53959
44984,0.5347
44985,0.52981
44986,0.52395
44987,0.51906
44988,0.51417
44989,0.50831
44990,0.50342
44991,0.49853
44992,0.49462
44993,0.49071
44994,0.48583
44995,0.48094
44996,0.47703
44997,0.47214
44998,0.46628
44999,0.46139
45000,0.4565
45001,0.45161
45002,0.44477
45003,0.43988
45004,0.435
45005,0.43109
45006,0.4262
45007,0.42131
45008,0.41642
45009,0.41056
45010,0.40567
45011,0.40078
45012,0.39687
45013,0.39394
45014,0.39101
45015,0.3871
45016,0.38319
45017,0.38025
45018,0.37732
45019,0.37537
45020,0.37341
45021,0.37048
45022,0.36657
45023,0.36364
45024,0.3607
45025,0.35777
45026,0.35582
45027,0.35386
45028,0.35093
45029,0.348
45030,0.34506
45031,0.34311
45032,0.34213
45033,0.34115
45034,0.34115
45035,0.34018
45036,0.34018
45037,0.34018
45038,0.34115
45039,0.34213
45040,0.34506
45041,0.34897
45042,0.35288
45043,0.35777
45044,0.36461
45045,0.37341
45046,0.38221
45047,0.39198
45048,0.40274
45049,0.41251
45050,0.42229
45051,0.43109
45052,0.43891
45053,0.44477
45054,0.45357
45055,0.46237
45056,0.47019
45057,0.47801
45058,0.48583
45059,0.49169
45060,0.49462
45061,0.49658
45062,0.49658
45063,0.49658
45064,0.49658
45065,0.4956
45066,0.49462
45067,0.49267
45068,0.48974
45069,0.48583
45070,0.48192
45071,0.47801
45072,0.47214
45073,0.46628
45074,0.45943
45075,0.45357
45076,0.44673
45077,0.43988
45078,0.435
45079,0.43011
45080,0.43109
45081,0.435
45082,0.43402
45083,0.43109
45084,0.42717
45085,0.42131
45086,0.41642
45087,0.41056
45088,0.40469
45089,0.3998
45090,0.39492
45091,0.39003
45092,0.3871
45093,0.38416
45094,0.38025
45095,0.37537
45096,0.37048
45097,0.36657
45098,0.36168
45099,0.35777
45100,0.35484
45101,0.35191
45102,0.34897
45103,0.34604
45104,0.34409
45105,0.34213
45106,0.34115
45107,0.3392
45108,0.33724
45109,0.33627
45110,0.33431
45111,0.33236
45112,0.33138
45113,0.32942
45114,0.32747
45115,0.32649
45116,0.32454
45117,0.32356
45118,0.32356
45119,0.32356
45120,0.32258
45121,0.32258
45122,0.3216
45123,0.32063
45124,0.31965
45125,0.31965
45126,0.31965
45127,0.32063
45128,0.3216
45129,0.32258
45130,0.32551
45131,0.32942
45132,0.33333
45133,0.33822
45134,0.34311
45135,0.34897
45136,0.35484
45137,0.36266
45138,0.37146
45139,0.38025
45140,0.39101
45141,0.40176
45142,0.41251
45143,0.42326
45144,0.43304
45145,0.44184
45146,0.45064
45147,0.46041
45148,0.46921
45149,0.47703
45150,0.48387
45151,0.49071
45152,0.49756
45153,0.50244
45154,0.50538
45155,0.50733
45156,0.50733
45157,0.50733
45158,0.50733
45159,0.50733
45160,0.50538
45161,0.50244
45162,0.49951
45163,0.49756
45164,0.49462
45165,0.49071
45166,0.48778
45167,0.48387
45168,0.47801
45169,0.47312
45170,0.46823
45171,0.46432
45172,0.46041
45173,0.45748
45174,0.45455
45175,0.45161
45176,0.4477
45177,0.44477
45178,0.44086
45179,0.43695
45180,0.43402
45181,0.43011
45182,0.42717
45183,0.42424
45184,0.42131
45185,0.41838
45186,0.41447
45187,0.41153
45188,0.40762
45189,0.40469
45190,0.40078
45191,0.39785
45192,0.39492
45193,0.39101
45194,0.38807
45195,0.38416
45196,0.38221
45197,0.38025
45198,0.37732
45199,0.37439
45200,0.37146
45201,0.36852
45202,0.36461
45203,0.36168
45204,0.35875
45205,0.35582
45206,0.35288
45207,0.35093
45208,0.34897
45209,0.348
45210,0.348
45211,0.34702
45212,0.34604
45213,0.34409
45214,0.34213
45215,0.34115
45216,0.3392
45217,0.33724
45218,0.33627
45219,0.33431
45220,0.33236
45221,0.33138
45222,0.33138
45223,0.33333
45224,0.33431
45225,0.33627
45226,0.3392
45227,0.34311
45228,0.348
45229,0.35288
45230,0.35777
45231,0.36266
45232,0.36852
45233,0.37537
45234,0.38123
45235,0.3871
45236,0.39394
45237,0.40176
45238,0.41056
45239,0.41838
45240,0.4262
45241,0.435
45242,0.44184
45243,0.44868
45244,0.45357
45245,0.45748
45246,0.46139
45247,0.46432
45248,0.4653
45249,0.46628
45250,0.46628
45251,0.46628
45252,0.46628
45253,0.46628
45254,0.46432
45255,0.46237
45256,0.46041
45257,0.45846
45258,0.4565
45259,0.45455
45260,0.45259
45261,0.44966
45262,0.44673
45263,0.44282
45264,0.43891
45265,0.435
45266,0.43206
45267,0.42913
45268,0.4262
45269,0.42326
45270,0.42033
45271,0.4174
45272,0.41349
45273,0.40958
45274,0.40762
45275,0.40469
45276,0.40274
45277,0.40078
45278,0.39785
45279,0.39589
45280,0.39394
45281,0.39101
45282,0.38807
45283,0.38416
45284,0.38123
45285,0.37732
45286,0.37341
45287,0.37048
45288,0.36755
45289,0.36559
45290,0.36266
45291,0.36168
45292,0.35973
45293,0.35875
45294,0.35679
45295,0.35582
45296,0.35582
45297,0.35484
45298,0.35386
45299,0.35386
45300,0.35288
45301,0.35288
45302,0.35288
45303,0.35191
45304,0.34995
45305,0.348
45306,0.34604
45307,0.34409
45308,0.34311
45309,0.34115
45310,0.3392
45311,0.33724
45312,0.33627
45313,0.33627
45314,0.33724
45315,0.3392
45316,0.34115
45317,0.34213
45318,0.34409
45319,0.34604
45320,0.34995
45321,0.35288
45322,0.35679
45323,0.3607
45324,0.36461
45325,0.37048
45326,0.37634
45327,0.38319
45328,0.39003
45329,0.39687
45330,0.40469
45331,0.41153
45332,0.41838
45333,0.42522
45334,0.43206
45335,0.43891
45336,0.46823
45337,0.51026
45338,0.5347
45339,0.54741
45340,0.55327
45341,0.55718
45342,0.55816
45343,0.55914
45344,0.55816
45345,0.55718
45346,0.55523
45347,0.5523
45348,0.55034
45349,0.54839
45350,0.54643
45351,0.5435
45352,0.53959
45353,0.5347
45354,0.52981
45355,0.52493
45356,0.51906
45357,0.5132
45358,0.50733
45359,0.50049
45360,0.49462
45361,0.48974
45362,0.48387
45363,0.47801
45364,0.47214
45365,0.46725
45366,0.46139
45367,0.45846
45368,0.45552
45369,0.45161
45370,0.4477
45371,0.44379
45372,0.43988
45373,0.435
45374,0.43109
45375,0.42717
45376,0.42326
45377,0.41935
45378,0.41544
45379,0.41153
45380,0.4086
45381,0.40665
45382,0.40371
45383,0.40078
45384,0.39687
45385,0.39198
45386,0.38807
45387,0.38319
45388,0.37928
45389,0.37537
45390,0.37146
45391,0.36755
45392,0.36266
45393,0.35973
45394,0.35777
45395,0.35582
45396,0.35386
45397,0.35191
45398,0.35093
45399,0.34995
45400,0.34897
45401,0.34897
45402,0.34897
45403,0.34897
45404,0.34995
45405,0.35191
45406,0.35484
45407,0.35777
45408,0.3607
45409,0.36266
45410,0.36657
45411,0.37146
45412,0.37634
45413,0.38416
45414,0.39296
45415,0.40274
45416,0.41251
45417,0.42229
45418,0.43304
45419,0.44379
45420,0.45455
45421,0.46628
45422,0.47801
45423,0.48974
45424,0.50147
45425,0.5132
45426,0.52395
45427,0.53568
45428,0.54545
45429,0.55523
45430,0.56305
45431,0.56891
45432,0.5738
45433,0.57771
45434,0.58162
45435,0.58456
45436,0.58651
45437,0.58749
45438,0.58749
45439,0.58847
45440,0.58847
45441,0.58847
45442,0.58749
45443,0.58651
45444,0.58456
45445,0.58162
45446,0.57967
45447,0.57771
45448,0.5738
45449,0.56989
45450,0.56598
45451,0.56207
45452,0.55816
45453,0.55621
45454,0.55523
45455,0.55425
45456,0.5523
45457,0.55034
45458,0.54839
45459,0.54741
45460,0.54545
45461,0.54154
45462,0.53666
45463,0.53079
45464,0.52493
45465,0.52102
45466,0.51613
45467,0.5132
45468,0.50929
45469,0.50635
45470,0.50342
45471,0.49951
45472,0.49658
45473,0.49365
45474,0.49169
45475,0.48974
45476,0.48778
45477,0.4868
45478,0.48583
45479,0.48485
45480,0.48387
45481,0.48192
45482,0.47996
45483,0.47801
45484,0.47507
45485,0.4741
45486,0.47312
45487,0.47116
45488,0.46921
45489,0.46628
45490,0.46432
45491,0.46041
45492,0.4565
45493,0.45455
45494,0.45259
45495,0.45064
45496,0.44868
45497,0.4477
45498,0.44673
45499,0.4477
45500,0.4477
45501,0.44868
45502,0.45064
45503,0.45357
45504,0.45748
45505,0.46237
45506,0.46921
45507,0.47703
45508,0.48485
45509,0.49267
45510,0.50147
45511,0.50929
45512,0.51808
45513,0.52688
45514,0.53568
45515,0.54448
45516,0.5523
45517,0.55914
45518,0.56696
45519,0.57576
45520,0.58358
45521,0.59042
45522,0.59726
45523,0.60215
45524,0.60606
45525,0.60802
45526,0.60899
45527,0.60899
45528,0.60997
45529,0.60899
45530,0.60704
45531,0.60508
45532,0.60215
45533,0.59824
45534,0.59433
45535,0.59042
45536,0.58553
45537,0.58162
45538,0.57771
45539,0.57478
45540,0.57087
45541,0.56598
45542,0.56207
45543,0.55816
45544,0.55425
45545,0.54936
45546,0.54545
45547,0.54057
45548,0.53666
45549,0.53372
45550,0.53079
45551,0.52884
45552,0.5259
45553,0.52297
45554,0.51906
45555,0.51515
45556,0.51124
45557,0.50733
45558,0.50342
45559,0.49951
45560,0.4956
45561,0.49267
45562,0.48974
45563,0.48876
45564,0.48876
45565,0.48778
45566,0.4868
45567,0.48583
45568,0.48387
45569,0.48094
45570,0.47898
45571,0.47605
45572,0.4741
45573,0.47312
45574,0.47214
45575,0.47214
45576,0.47214
45577,0.47214
45578,0.47116
45579,0.46823
45580,0.46432
45581,0.46041
45582,0.4565
45583,0.45357
45584,0.45064
45585,0.44868
45586,0.44673
45587,0.44575
45588,0.44477
45589,0.44477
45590,0.44477
45591,0.44575
45592,0.45161
45593,0.46041
45594,0.46725
45595,0.47312
45596,0.47898
45597,0.48583
45598,0.49365
45599,0.50049
45600,0.50831
45601,0.51613
45602,0.5259
45603,0.5347
45604,0.5435
45605,0.5523
45606,0.56207
45607,0.57087
45608,0.57967
45609,0.58749
45610,0.59531
45611,0.60215
45612,0.60802
45613,0.61388
45614,0.61779
45615,0.62268
45616,0.62561
45617,0.62757
45618,0.62854
45619,0.62854
45620,0.62854
45621,0.62757
45622,0.62561
45623,0.62268
45624,0.62072
45625,0.61779
45626,0.61486
45627,0.61193
45628,0.60802
45629,0.60411
45630,0.60117
45631,0.59726
45632,0.59335
45633,0.58944
45634,0.58358
45635,0.57674
45636,0.56989
45637,0.565
45638,0.56012
45639,0.55425
45640,0.54936
45641,0.54448
45642,0.54057
45643,0.53666
45644,0.53275
45645,0.52786
45646,0.52297
45647,0.51808
45648,0.51222
45649,0.50733
45650,0.50342
45651,0.49853
45652,0.49462
45653,0.49071
45654,0.4868
45655,0.48387
45656,0.48094
45657,0.47898
45658,0.47605
45659,0.47312
45660,0.46921
45661,0.4653
45662,0.46139
45663,0.45748
45664,0.45357
45665,0.45064
45666,0.44868
45667,0.44673
45668,0.44477
45669,0.44477
45670,0.44379
45671,0.44086
45672,0.43793
45673,0.43402
45674,0.43109
45675,0.42815
45676,0.4262
45677,0.42326
45678,0.42131
45679,0.42033
45680,0.42131
45681,0.42229
45682,0.42424
45683,0.42717
45684,0.43011
45685,0.435
45686,0.43988
45687,0.44477
45688,0.44868
45689,0.45357
45690,0.45943
45691,0.46725
45692,0.47605
45693,0.48583
45694,0.49756
45695,0.50635
45696,0.51613
45697,0.52688
45698,0.53861
45699,0.55132
45700,0.56305
45701,0.57283
45702,0.5826
45703,0.5914
45704,0.6002
45705,0.60802
45706,0.61584
45707,0.62268
45708,0.62757
45709,0.63148
45710,0.63441
45711,0.63734
45712,0.64027
45713,0.64125
45714,0.64223
45715,0.64321
45716,0.64321
45717,0.64125
45718,0.64027
45719,0.63832
45720,0.63832
45721,0.63734
45722,0.63734
45723,0.63734
45724,0.63734
45725,0.63734
45726,0.63734
45727,0.63636
45728,0.63539
45729,0.63343
45730,0.63148
45731,0.62854
45732,0.62561
45733,0.6217
45734,0.61877
45735,0.61584
45736,0.61193
45737,0.60802
45738,0.60411
45739,0.6002
45740,0.59531
45741,0.5914
45742,0.58749
45743,0.58358
45744,0.57869
45745,0.57478
45746,0.57087
45747,0.56794
45748,0.56598
45749,0.56403
45750,0.56207
45751,0.56012
45752,0.55816
45753,0.55621
45754,0.55327
45755,0.55132
45756,0.54936
45757,0.54741
45758,0.54545
45759,0.5435
45760,0.54154
45761,0.54057
45762,0.53861
45763,0.53666
45764,0.5347
45765,0.53275
45766,0.52884
45767,0.52493
45768,0.52199
45769,0.51906
45770,0.51711
45771,0.51417
45772,0.51222
45773,0.51124
45774,0.51124
45775,0.51026
45776,0.51124
45777,0.5132
45778,0.51613
45779,0.52004
45780,0.5259
45781,0.53177
45782,0.53763
45783,0.54545
45784,0.55523
45785,0.56403
45786,0.57185
45787,0.57869
45788,0.58651
45789,0.59433
45790,0.60411
45791,0.61388
45792,0.62366
45793,0.63148
45794,0.6393
45795,0.64614
45796,0.652
45797,0.65885
45798,0.66373
45799,0.66764
45800,0.67058
45801,0.67155
45802,0.67253
45803,0.67155
45804,0.67058
45805,0.66862
45806,0.66667
45807,0.66373
45808,0.65982
45809,0.65494
45810,0.65005
45811,0.64418
45812,0.64027
45813,0.63734
45814,0.63441
45815,0.63148
45816,0.62854
45817,0.62561
45818,0.6217
45819,0.61877
45820,0.61584
45821,0.61193
45822,0.60802
45823,0.60411
45824,0.6002
45825,0.59531
45826,0.59238
45827,0.58847
45828,0.58553
45829,0.58162
45830,0.57771
45831,0.57478
45832,0.57283
45833,0.57087
45834,0.56794
45835,0.56598
45836,0.56403
45837,0.56207
45838,0.56012
45839,0.55816
45840,0.55718
45841,0.55523
45842,0.55327
45843,0.55034
45844,0.53666
45845,0.51613
45846,0.5044
45847,0.49756
45848,0.49169
45849,0.4868
45850,0.48192
45851,0.47898
45852,0.47605
45853,0.4741
45854,0.47214
45855,0.46921
45856,0.46725
45857,0.4653
45858,0.46237
45859,0.46041
45860,0.45943
45861,0.45846
45862,0.45846
45863,0.45748
45864,0.45748
45865,0.45846
45866,0.46041
45867,0.46237
45868,0.46432
45869,0.46628
45870,0.46921
45871,0.4741
45872,0.47996
45873,0.48778
45874,0.49658
45875,0.50538
45876,0.51515
45877,0.52395
45878,0.53177
45879,0.53959
45880,0.54839
45881,0.55816
45882,0.56794
45883,0.57674
45884,0.58456
45885,0.59042
45886,0.59726
45887,0.60313
45888,0.60997
45889,0.61584
45890,0.6217
45891,0.62561
45892,0.62757
45893,0.62952
45894,0.62952
45895,0.62854
45896,0.62757
45897,0.62561
45898,0.62366
45899,0.6217
45900,0.61975
45901,0.61681
45902,0.6129
45903,0.60802
45904,0.60313
45905,0.59824
45906,0.59335
45907,0.58847
45908,0.58456
45909,0.58065
45910,0.57771
45911,0.57478
45912,0.57283
45913,0.56989
45914,0.56598
45915,0.56403
45916,0.56109
45917,0.55718
45918,0.55523
45919,0.5523
45920,0.54936
45921,0.54545
45922,0.54154
45923,0.53763
45924,0.53372
45925,0.53079
45926,0.52786
45927,0.5259
45928,0.52297
45929,0.52102
45930,0.51906
45931,0.51613
45932,0.51417
45933,0.51124
45934,0.50929
45935,0.50733
45936,0.50538
45937,0.50342
45938,0.50147
45939,0.49951
45940,0.49658
45941,0.49462
45942,0.49169
45943,0.48876
45944,0.48485
45945,0.48094
45946,0.47703
45947,0.47312
45948,0.46921
45949,0.4653
45950,0.46237
45951,0.46041
45952,0.45748
45953,0.45552
45954,0.45357
45955,0.45161
45956,0.45064
45957,0.45064
45958,0.45161
45959,0.45161
45960,0.45161
45961,0.45259
45962,0.45455
45963,0.45846
45964,0.46237
45965,0.46725
45966,0.4741
45967,0.48094
45968,0.48876
45969,0.49658
45970,0.5044
45971,0.5132
45972,0.52102
45973,0.52981
45974,0.53666
45975,0.5435
45976,0.55132
45977,0.55718
45978,0.56305
45979,0.56794
45980,0.57283
45981,0.57771
45982,0.5826
45983,0.58553
45984,0.58651
45985,0.58749
45986,0.58847
45987,0.58749
45988,0.58651
45989,0.58456
45990,0.58162
45991,0.57967
45992,0.57674
45993,0.5738
45994,0.57087
45995,0.56696
45996,0.565
45997,0.56305
45998,0.56109
45999,0.55914
46000,0.55621
46001,0.55425
46002,0.5523
46003,0.55034
46004,0.54839
46005,0.54643
46006,0.54545
46007,0.5435
46008,0.54154
46009,0.53861
46010,0.53666
46011,0.5347
46012,0.53079
46013,0.52786
46014,0.5259
46015,0.52493
46016,0.52395
46017,0.52395
46018,0.52395
46019,0.52297
46020,0.52395
46021,0.52493
46022,0.52493
46023,0.5259
46024,0.5259
46025,0.5259
46026,0.5259
46027,0.5259
46028,0.5259
46029,0.5259
46030,0.5259
46031,0.5259
46032,0.5259
46033,0.5259
46034,0.5259
46035,0.52493
46036,0.5259
46037,0.5259
46038,0.52493
46039,0.5259
46040,0.5259
46041,0.5259
46042,0.5259
46043,0.5259
46044,0.5259
46045,0.5259
46046,0.5259
46047,0.5259
46048,0.5259
46049,0.52688
46050,0.52786
46051,0.52981
46052,0.53275
46053,0.53666
46054,0.54057
46055,0.54448
46056,0.55034
46057,0.55718
46058,0.565
46059,0.57283
46060,0.58065
46061,0.58847
46062,0.59531
46063,0.60313
46064,0.61095
46065,0.62072
46066,0.6305
46067,0.6393
46068,0.64712
46069,0.65298
46070,0.65885
46071,0.66373
46072,0.66862
46073,0.67351
46074,0.67742
46075,0.68035
46076,0.68231
46077,0.68231
46078,0.68328
46079,0.68231
46080,0.67937
46081,0.67644
46082,0.67253
46083,0.66862
46084,0.66373
46085,0.65982
46086,0.65494
46087,0.65005
46088,0.64712
46089,0.64418
46090,0.64125
46091,0.63734
46092,0.63245
46093,0.62854
46094,0.62366
46095,0.61877
46096,0.6129
46097,0.60704
46098,0.60117
46099,0.59629
46100,0.5914
46101,0.58847
46102,0.58651
46103,0.58358
46104,0.56403
46105,0.53568
46106,0.52004
46107,0.51026
46108,0.50244
46109,0.49658
46110,0.49169
46111,0.4868
46112,0.48289
46113,0.47996
46114,0.47703
46115,0.4741
46116,0.47116
46117,0.46725
46118,0.46237
46119,0.45943
46120,0.4565
46121,0.45455
46122,0.45357
46123,0.45259
46124,0.45161
46125,0.45064
46126,0.44868
46127,0.44673
46128,0.44575
46129,0.44379
46130,0.44282
46131,0.44086
46132,0.43793
46133,0.43597
46134,0.43402
46135,0.43206
46136,0.43011
46137,0.42717
46138,0.42522
46139,0.42326
46140,0.42131
46141,0.42033
46142,0.42033
46143,0.42229
46144,0.42522
46145,0.42913
46146,0.435
46147,0.44086
46148,0.4477
46149,0.45455
46150,0.46139
46151,0.47019
46152,0.48094
46153,0.49267
46154,0.50342
46155,0.5132
46156,0.52297
46157,0.53372
46158,0.54448
46159,0.55523
46160,0.56598
46161,0.57576
46162,0.58553
46163,0.59433
46164,0.60313
46165,0.61095
46166,0.61779
46167,0.62268
46168,0.62561
46169,0.62854
46170,0.6305
46171,0.6305
46172,0.62854
46173,0.62561
46174,0.6217
46175,0.61779
46176,0.61388
46177,0.60997
46178,0.60508
46179,0.60117
46180,0.59629
46181,0.59335
46182,0.59042
46183,0.58651
46184,0.58162
46185,0.57576
46186,0.57087
46187,0.565
46188,0.55914
46189,0.55425
46190,0.55034
46191,0.54643
46192,0.54252
46193,0.53861
46194,0.53568
46195,0.53079
46196,0.5259
46197,0.52199
46198,0.51711
46199,0.5132
46200,0.50929
46201,0.50635
46202,0.50342
46203,0.50049
46204,0.49658
46205,0.49267
46206,0.48974
46207,0.48583
46208,0.48192
46209,0.47801
46210,0.4741
46211,0.46921
46212,0.4653
46213,0.46237
46214,0.45943
46215,0.4565
46216,0.45357
46217,0.45161
46218,0.44966
46219,0.4477
46220,0.44673
46221,0.44477
46222,0.44282
46223,0.44086
46224,0.43793
46225,0.43597
46226,0.43402
46227,0.43206
46228,0.43011
46229,0.42815
46230,0.42717
46231,0.42717
46232,0.42717
46233,0.42815
46234,0.42815
46235,0.42913
46236,0.43109
46237,0.435
46238,0.43988
46239,0.44575
46240,0.45161
46241,0.45748
46242,0.46432
46243,0.47214
46244,0.48094
46245,0.48974
46246,0.49951
46247,0.50929
46248,0.51906
46249,0.52884
46250,0.53959
46251,0.55034
46252,0.55914
46253,0.56891
46254,0.57771
46255,0.58553
46256,0.5914
46257,0.59531
46258,0.59726
46259,0.59726
46260,0.59726
46261,0.59629
46262,0.59335
46263,0.5914
46264,0.58944
46265,0.58749
46266,0.58456
46267,0.5826
46268,0.58065
46269,0.57771
46270,0.5738
46271,0.56891
46272,0.56305
46273,0.55816
46274,0.5523
46275,0.54545
46276,0.53959
46277,0.53275
46278,0.52688
46279,0.52199
46280,0.51711
46281,0.5132
46282,0.50831
46283,0.50342
46284,0.49756
46285,0.49267
46286,0.48778
46287,0.48094
46288,0.47507
46289,0.46823
46290,0.46139
46291,0.4565
46292,0.45064
46293,0.44575
46294,0.44086
46295,0.43597
46296,0.43109
46297,0.42717
46298,0.42522
46299,0.42229
46300,0.41935
46301,0.4174
46302,0.41447
46303,0.41153
46304,0.4086
46305,0.40665
46306,0.40371
46307,0.40176
46308,0.3998
46309,0.39785
46310,0.39589
46311,0.39492
46312,0.39394
46313,0.39296
46314,0.39101
46315,0.39101
46316,0.39003
46317,0.39003
46318,0.39003
46319,0.39003
46320,0.39003
46321,0.39101
46322,0.39198
46323,0.39394
46324,0.39589
46325,0.39785
46326,0.3998
46327,0.40371
46328,0.40762
46329,0.41349
46330,0.41935
46331,0.4262
46332,0.435
46333,0.44379
46334,0.45357
46335,0.46432
46336,0.47703
46337,0.48876
46338,0.50049
46339,0.51124
46340,0.52395
46341,0.53861
46342,0.55327
46343,0.56794
46344,0.5826
46345,0.59629
46346,0.60899
46347,0.6217
46348,0.63148
46349,0.64125
46350,0.65005
46351,0.65591
46352,0.65982
46353,0.66373
46354,0.66667
46355,0.66764
46356,0.65591
46357,0.63734
46358,0.62659
46359,0.61877
46360,0.61388
46361,0.60997
46362,0.60704
46363,0.60313
46364,0.6002
46365,0.59629
46366,0.59238
46367,0.58847
46368,0.58358
46369,0.57967
46370,0.57478
46371,0.56989
46372,0.56403
46373,0.55914
46374,0.55425
46375,0.55034
46376,0.54643
46377,0.5435
46378,0.53959
46379,0.53666
46380,0.53275
46381,0.52981
46382,0.5259
46383,0.52102
46384,0.51711
46385,0.5132
46386,0.50831
46387,0.5044
46388,0.50049
46389,0.49658
46390,0.49267
46391,0.48974
46392,0.48583
46393,0.48192
46394,0.47898
46395,0.47507
46396,0.47116
46397,0.46725
46398,0.46334
46399,0.46139
46400,0.45846
46401,0.45455
46402,0.45161
46403,0.44868
46404,0.44477
46405,0.44184
46406,0.43891
46407,0.43597
46408,0.43402
46409,0.43206
46410,0.43011
46411,0.42815
46412,0.42717
46413,0.4262
46414,0.4262
46415,0.42522
46416,0.42522
46417,0.42522
46418,0.42522
46419,0.42522
46420,0.42717
46421,0.42815
46422,0.43011
46423,0.43304
46424,0.43695
46425,0.44184
46426,0.4477
46427,0.45455
46428,0.46139
46429,0.46921
46430,0.47605
46431,0.48289
46432,0.49071
46433,0.49951
46434,0.50929
46435,0.51808
46436,0.52786
46437,0.53763
46438,0.54643
46439,0.55523
46440,0.56305
46441,0.57087
46442,0.57674
46443,0.5826
46444,0.58847
46445,0.59335
46446,0.59726
46447,0.60117
46448,0.60411
46449,0.60606
46450,0.60704
46451,0.60704
46452,0.60704
46453,0.60508
46454,0.60313
46455,0.59922
46456,0.59629
46457,0.59433
46458,0.5914
46459,0.58847
46460,0.58456
46461,0.58065
46462,0.57576
46463,0.57087
46464,0.56598
46465,0.56109
46466,0.55621
46467,0.5523
46468,0.54839
46469,0.54448
46470,0.54154
46471,0.53861
46472,0.5347
46473,0.53079
46474,0.5259
46475,0.52102
46476,0.51613
46477,0.51026
46478,0.50538
46479,0.50147
46480,0.49756
46481,0.49462
46482,0.49169
46483,0.48876
46484,0.48583
46485,0.48192
46486,0.47898
46487,0.47507
46488,0.47214
46489,0.46921
46490,0.46628
46491,0.46432
46492,0.46139
46493,0.45846
46494,0.4565
46495,0.45357
46496,0.45161
46497,0.44868
46498,0.44575
46499,0.44184
46500,0.43891
46501,0.43597
46502,0.43402
46503,0.43304
46504,0.43109
46505,0.43011
46506,0.42815
46507,0.4262
46508,0.4262
46509,0.4262
46510,0.4262
46511,0.42717
46512,0.42815
46513,0.43011
46514,0.43206
46515,0.435
46516,0.43891
46517,0.44282
46518,0.44673
46519,0.45161
46520,0.45846
46521,0.46432
46522,0.47116
46523,0.47996
46524,0.48876
46525,0.49853
46526,0.50831
46527,0.51808
46528,0.52786
46529,0.53763
46530,0.54643
46531,0.55523
46532,0.56403
46533,0.57283
46534,0.57869
46535,0.58456
46536,0.59042
46537,0.59531
46538,0.59922
46539,0.60313
46540,0.60606
46541,0.60802
46542,0.60899
46543,0.60899
46544,0.60704
46545,0.60411
46546,0.60117
46547,0.59726
46548,0.59433
46549,0.59042
46550,0.58651
46551,0.5826
46552,0.57869
46553,0.57478
46554,0.56891
46555,0.56305
46556,0.55718
46557,0.55327
46558,0.55034
46559,0.54741
46560,0.54448
46561,0.54154
46562,0.53763
46563,0.53372
46564,0.52884
46565,0.52395
46566,0.51808
46567,0.51222
46568,0.50635
46569,0.50147
46570,0.49658
46571,0.49267
46572,0.48876
46573,0.48485
46574,0.48094
46575,0.47801
46576,0.47312
46577,0.46823
46578,0.46334
46579,0.45846
46580,0.45259
46581,0.4477
46582,0.44282
46583,0.43793
46584,0.43304
46585,0.42913
46586,0.4262
46587,0.42326
46588,0.42229
46589,0.41935
46590,0.41642
46591,0.41349
46592,0.40958
46593,0.40469
46594,0.3998
46595,0.39492
46596,0.39101
46597,0.38612
46598,0.38123
46599,0.37732
46600,0.37537
46601,0.37439
46602,0.37341
46603,0.37341
46604,0.37341
46605,0.37341
46606,0.37341
46607,0.37341
46608,0.37439
46609,0.37634
46610,0.37928
46611,0.38319
46612,0.38807
46613,0.39296
46614,0.39883
46615,0.40665
46616,0.41544
46617,0.42522
46618,0.43402
46619,0.44477
46620,0.45552
46621,0.46628
46622,0.47801
46623,0.48974
46624,0.50049
46625,0.51124
46626,0.51906
46627,0.52688
46628,0.5347
46629,0.54154
46630,0.54839
46631,0.55327
46632,0.55718
46633,0.55914
46634,0.56012
46635,0.56109
46636,0.56012
46637,0.55914
46638,0.55816
46639,0.55621
46640,0.55425
46641,0.5523
46642,0.55132
46643,0.55034
46644,0.55034
46645,0.55034
46646,0.54936
46647,0.54839
46648,0.54643
46649,0.54448
46650,0.54448
46651,0.5435
46652,0.5435
46653,0.5435
46654,0.54154
46655,0.54057
46656,0.53861
46657,0.53666
46658,0.5347
46659,0.53275
46660,0.53177
46661,0.53079
46662,0.53079
46663,0.53079
46664,0.52981
46665,0.52884
46666,0.52688
46667,0.52493
46668,0.52297
46669,0.52102
46670,0.51906
46671,0.51711
46672,0.51515
46673,0.5132
46674,0.51026
46675,0.50733
46676,0.50244
46677,0.49853
46678,0.4956
46679,0.49267
46680,0.48974
46681,0.4868
46682,0.48289
46683,0.47996
46684,0.47703
46685,0.4741
46686,0.47116
46687,0.46823
46688,0.4653
46689,0.46334
46690,0.46334
46691,0.46237
46692,0.46237
46693,0.46237
46694,0.46237
46695,0.46237
46696,0.46432
46697,0.46725
46698,0.47116
46699,0.47605
46700,0.48289
46701,0.48974
46702,0.4956
46703,0.50244
46704,0.51124
46705,0.51808
46706,0.5259
46707,0.53372
46708,0.5435
46709,0.5523
46710,0.56012
46711,0.56794
46712,0.57674
46713,0.58456
46714,0.59238
46715,0.6002
46716,0.60704
46717,0.61388
46718,0.61877
46719,0.62072
46720,0.62366
46721,0.62561
46722,0.62561
46723,0.62463
46724,0.62268
46725,0.62072
46726,0.61779
46727,0.61486
46728,0.61193
46729,0.60899
46730,0.60606
46731,0.60313
46732,0.59922
46733,0.59531
46734,0.59238
46735,0.58847
46736,0.58456
46737,0.58065
46738,0.57576
46739,0.57087
46740,0.56598
46741,0.56109
46742,0.55718
46743,0.55327
46744,0.55034
46745,0.54643
46746,0.54252
46747,0.53861
46748,0.53372
46749,0.52884
46750,0.52493
46751,0.52004
46752,0.51515
46753,0.50929
46754,0.5044
46755,0.50049
46756,0.49658
46757,0.49365
46758,0.49071
46759,0.4868
46760,0.48289
46761,0.47898
46762,0.47507
46763,0.47116
46764,0.46823
46765,0.46432
46766,0.46041
46767,0.4565
46768,0.45357
46769,0.45064
46770,0.4477
46771,0.44575
46772,0.44184
46773,0.43891
46774,0.43695
46775,0.43402
46776,0.43206
46777,0.43011
46778,0.42913
46779,0.42815
46780,0.4262
46781,0.42424
46782,0.42229
46783,0.42131
46784,0.42033
46785,0.42131
46786,0.42326
46787,0.42522
46788,0.4262
46789,0.42913
46790,0.43304
46791,0.43695
46792,0.44086
46793,0.44673
46794,0.45357
46795,0.46041
46796,0.46725
46797,0.47312
46798,0.48094
46799,0.49071
46800,0.50049
46801,0.50929
46802,0.52004
46803,0.52981
46804,0.54057
46805,0.55132
46806,0.56109
46807,0.57087
46808,0.57967
46809,0.58749
46810,0.59433
46811,0.6002
46812,0.60606
46813,0.61095
46814,0.61486
46815,0.61681
46816,0.61779
46817,0.61779
46818,0.61779
46819,0.61779
46820,0.61681
46821,0.61388
46822,0.61095
46823,0.60704
46824,0.60313
46825,0.59922
46826,0.59531
46827,0.59238
46828,0.58847
46829,0.58456
46830,0.57967
46831,0.57478
46832,0.56891
46833,0.56403
46834,0.55816
46835,0.55425
46836,0.54936
46837,0.54545
46838,0.54252
46839,0.53861
46840,0.53568
46841,0.53177
46842,0.52786
46843,0.52395
46844,0.51808
46845,0.5132
46846,0.50733
46847,0.50244
46848,0.49853
46849,0.4956
46850,0.49365
46851,0.49169
46852,0.48876
46853,0.48583
46854,0.48289
46855,0.47898
46856,0.47507
46857,0.47214
46858,0.46921
46859,0.46628
46860,0.46432
46861,0.46139
46862,0.45943
46863,0.4565
46864,0.45357
46865,0.44966
46866,0.44673
46867,0.44282
46868,0.43891
46869,0.43695
46870,0.435
46871,0.43109
46872,0.41544
46873,0.39394
46874,0.38025
46875,0.37243
46876,0.36657
46877,0.36168
46878,0.35875
46879,0.35582
46880,0.35386
46881,0.35288
46882,0.35386
46883,0.35582
46884,0.35875
46885,0.36266
46886,0.36852
46887,0.37439
46888,0.38123
46889,0.38807
46890,0.39687
46891,0.40567
46892,0.41544
46893,0.4262
46894,0.43695
46895,0.44868
46896,0.45943
46897,0.46921
46898,0.47801
46899,0.48485
46900,0.49267
46901,0.49951
46902,0.50538
46903,0.51026
46904,0.51417
46905,0.51711
46906,0.52004
46907,0.52297
46908,0.52395
46909,0.52395
46910,0.52199
46911,0.51808
46912,0.5132
46913,0.50831
46914,0.50244
46915,0.49756
46916,0.49365
46917,0.48876
46918,0.48289
46919,0.47703
46920,0.47214
46921,0.46823
46922,0.46432
46923,0.46041
46924,0.4565
46925,0.45357
46926,0.45161
46927,0.45064
46928,0.45064
46929,0.44966
46930,0.44868
46931,0.44673
46932,0.44477
46933,0.44282
46934,0.44086
46935,0.43695
46936,0.43304
46937,0.43011
46938,0.42717
46939,0.42326
46940,0.42033
46941,0.41642
46942,0.41349
46943,0.4086
46944,0.40469
46945,0.40176
46946,0.3998
46947,0.39883
46948,0.39883
46949,0.39785
46950,0.39785
46951,0.39785
46952,0.39785
46953,0.39785
46954,0.39785
46955,0.39785
46956,0.39785
46957,0.39785
46958,0.39785
46959,0.39687
46960,0.39589
46961,0.39589
46962,0.39589
46963,0.39589
46964,0.39589
46965,0.39589
46966,0.39687
46967,0.39687
46968,0.39883
46969,0.40176
46970,0.40371
46971,0.40665
46972,0.41056
46973,0.41447
46974,0.41935
46975,0.42424
46976,0.43011
46977,0.43695
46978,0.44575
46979,0.45455
46980,0.46237
46981,0.46921
46982,0.47898
46983,0.48876
46984,0.50049
46985,0.51222
46986,0.52297
46987,0.5347
46988,0.54545
46989,0.55718
46990,0.56891
46991,0.57967
46992,0.59042
46993,0.59922
46994,0.60508
46995,0.61193
46996,0.61779
46997,0.6217
46998,0.62561
46999,0.62757
47000,0.62757
47001,0.62659
47002,0.62561
47003,0.62366
47004,0.62072
47005,0.61779
47006,0.61388
47007,0.60997
47008,0.60606
47009,0.60117
47010,0.59629
47011,0.59238
47012,0.58651
47013,0.58162
47014,0.57478
47015,0.56794
47016,0.56012
47017,0.5523
47018,0.54448
47019,0.53763
47020,0.53079
47021,0.52493
47022,0.51808
47023,0.51222
47024,0.50635
47025,0.50049
47026,0.49462
47027,0.48876
47028,0.48289
47029,0.47703
47030,0.47116
47031,0.46628
47032,0.46139
47033,0.45748
47034,0.45455
47035,0.45161
47036,0.44868
47037,0.44575
47038,0.44184
47039,0.43793
47040,0.43402
47041,0.43011
47042,0.4262
47043,0.42131
47044,0.41642
47045,0.41153
47046,0.40762
47047,0.40371
47048,0.40078
47049,0.39785
47050,0.39492
47051,0.39296
47052,0.39003
47053,0.38807
47054,0.38514
47055,0.38319
47056,0.38123
47057,0.3783
47058,0.37634
47059,0.37439
47060,0.37243
47061,0.37048
47062,0.3695
47063,0.3695
47064,0.3695
47065,0.37048
47066,0.37243
47067,0.37439
47068,0.37634
47069,0.38123
47070,0.3871
47071,0.39394
47072,0.40078
47073,0.40762
47074,0.41544
47075,0.42522
47076,0.43597
47077,0.44868
47078,0.46139
47079,0.47312
47080,0.4868
47081,0.50147
47082,0.51613
47083,0.52981
47084,0.5435
47085,0.55425
47086,0.56305
47087,0.57185
47088,0.58065
47089,0.58944
47090,0.59629
47091,0.60215
47092,0.60508
47093,0.60704
47094,0.60802
47095,0.60802
47096,0.60802
47097,0.60704
47098,0.60411
47099,0.6002
47100,0.59629
47101,0.59238
47102,0.58749
47103,0.5826
47104,0.57771
47105,0.5738
47106,0.56891
47107,0.56403
47108,0.55914
47109,0.55327
47110,0.54741
47111,0.54252
47112,0.53763
47113,0.53372
47114,0.52884
47115,0.52395
47116,0.52004
47117,0.51515
47118,0.51026
47119,0.50538
47120,0.49951
47121,0.49365
47122,0.48778
47123,0.48094
47124,0.47507
47125,0.47116
47126,0.46725
47127,0.46334
47128,0.46334
47129,0.4653
47130,0.4653
47131,0.46432
47132,0.46237
47133,0.45943
47134,0.45748
47135,0.45552
47136,0.45259
47137,0.44868
47138,0.44575
47139,0.44282
47140,0.43988
47141,0.43597
47142,0.43206
47143,0.42815
47144,0.42522
47145,0.42229
47146,0.41935
47147,0.4174
47148,0.41544
47149,0.41349
47150,0.41153
47151,0.41056
47152,0.40958
47153,0.40762
47154,0.40665
47155,0.40762
47156,0.4086
47157,0.41056
47158,0.41153
47159,0.41447
47160,0.4174
47161,0.42033
47162,0.42326
47163,0.42717
47164,0.43011
47165,0.43402
47166,0.43988
47167,0.44673
47168,0.45357
47169,0.46237
47170,0.47116
47171,0.47996
47172,0.48778
47173,0.49658
47174,0.5044
47175,0.51124
47176,0.51711
47177,0.52199
47178,0.52688
47179,0.53177
47180,0.53666
47181,0.53959
47182,0.54154
47183,0.5435
47184,0.54448
47185,0.54448
47186,0.54448
47187,0.54448
47188,0.5435
47189,0.54252
47190,0.54057
47191,0.53861
47192,0.53568
47193,0.53275
47194,0.52786
47195,0.52297
47196,0.51808
47197,0.51222
47198,0.50635
47199,0.49951
47200,0.49267
47201,0.48583
47202,0.48094
47203,0.47605
47204,0.47116
47205,0.46628
47206,0.46041
47207,0.45357
47208,0.4477
47209,0.44184
47210,0.43597
47211,0.43011
47212,0.4262
47213,0.42229
47214,0.4174
47215,0.41349
47216,0.41056
47217,0.40762
47218,0.40469
47219,0.40078
47220,0.39785
47221,0.39492
47222,0.39198
47223,0.38905
47224,0.38612
47225,0.38416
47226,0.38221
47227,0.38025
47228,0.37928
47229,0.3783
47230,0.3783
47231,0.37732
47232,0.37634
47233,0.37439
47234,0.37341
47235,0.37146
47236,0.3695
47237,0.3695
47238,0.36852
47239,0.36852
47240,0.36852
47241,0.36852
47242,0.3695
47243,0.3695
47244,0.37048
47245,0.37048
47246,0.37048
47247,0.37048
47248,0.37048
47249,0.37243
47250,0.37439
47251,0.37732
47252,0.38221
47253,0.38905
47254,0.39687
47255,0.40469
47256,0.41349
47257,0.42131
47258,0.43109
47259,0.44086
47260,0.45161
47261,0.46237
47262,0.47507
47263,0.4868
47264,0.49951
47265,0.51222
47266,0.52493
47267,0.53666
47268,0.54839
47269,0.55718
47270,0.565
47271,0.57283
47272,0.58065
47273,0.58847
47274,0.59433
47275,0.59824
47276,0.60117
47277,0.60411
47278,0.60508
47279,0.60508
47280,0.60313
47281,0.60117
47282,0.59726
47283,0.59433
47284,0.59042
47285,0.58749
47286,0.58358
47287,0.57967
47288,0.57576
47289,0.57087
47290,0.56598
47291,0.56012
47292,0.55327
47293,0.54741
47294,0.5435
47295,0.53959
47296,0.53568
47297,0.53275
47298,0.52981
47299,0.52688
47300,0.52297
47301,0.52102
47302,0.51711
47303,0.5132
47304,0.50929
47305,0.5044
47306,0.49951
47307,0.49365
47308,0.48876
47309,0.48485
47310,0.48094
47311,0.47703
47312,0.47312
47313,0.46921
47314,0.46628
47315,0.46139
47316,0.4565
47317,0.45161
47318,0.44673
47319,0.44086
47320,0.43695
47321,0.43304
47322,0.42913
47323,0.42717
47324,0.42522
47325,0.42326
47326,0.42131
47327,0.41935
47328,0.41642
47329,0.41447
47330,0.41251
47331,0.41056
47332,0.40762
47333,0.40469
47334,0.40078
47335,0.39883
47336,0.39687
47337,0.39394
47338,0.39101
47339,0.38807
47340,0.38612
47341,0.38416
47342,0.38221
47343,0.38123
47344,0.38221
47345,0.38319
47346,0.38416
47347,0.38612
47348,0.38807
47349,0.39198
47350,0.39589
47351,0.40078
47352,0.40762
47353,0.41447
47354,0.42229
47355,0.42913
47356,0.43793
47357,0.4477
47358,0.45748
47359,0.46725
47360,0.47605
47361,0.48289
47362,0.48876
47363,0.4956
47364,0.50244
47365,0.50929
47366,0.51613
47367,0.52297
47368,0.52981
47369,0.53568
47370,0.54057
47371,0.5435
47372,0.54643
47373,0.54741
47374,0.54741
47375,0.54545
47376,0.54252
47377,0.54057
47378,0.53861
47379,0.53666
47380,0.5347
47381,0.53275
47382,0.53079
47383,0.52786
47384,0.5259
47385,0.52493
47386,0.52199
47387,0.51906
47388,0.51613
47389,0.51124
47390,0.50733
47391,0.50244
47392,0.49756
47393,0.49365
47394,0.48974
47395,0.4868
47396,0.48289
47397,0.47898
47398,0.47507
47399,0.47116
47400,0.46725
47401,0.46334
47402,0.45943
47403,0.45455
47404,0.44966
47405,0.44477
47406,0.44086
47407,0.43695
47408,0.43304
47409,0.43109
47410,0.42913
47411,0.42717
47412,0.42522
47413,0.42326
47414,0.42131
47415,0.42033
47416,0.4174
47417,0.41544
47418,0.41153
47419,0.40762
47420,0.40371
47421,0.3998
47422,0.39589
47423,0.39296
47424,0.38905
47425,0.38514
47426,0.38319
47427,0.38025
47428,0.3783
47429,0.37634
47430,0.37537
47431,0.37341
47432,0.37243
47433,0.37243
47434,0.37146
47435,0.37048
47436,0.37048
47437,0.37048
47438,0.37048
47439,0.37146
47440,0.37341
47441,0.37634
47442,0.37928
47443,0.38221
47444,0.38612
47445,0.39003
47446,0.39492
47447,0.40176
47448,0.4086
47449,0.4174
47450,0.42522
47451,0.43304
47452,0.43988
47453,0.44673
47454,0.45161
47455,0.45846
47456,0.46432
47457,0.47116
47458,0.47703
47459,0.48289
47460,0.4868
47461,0.49071
47462,0.49267
47463,0.49462
47464,0.49462
47465,0.49462
47466,0.49462
47467,0.49462
47468,0.49462
47469,0.49267
47470,0.49071
47471,0.48876
47472,0.48583
47473,0.48289
47474,0.47898
47475,0.47605
47476,0.47214
47477,0.46823
47478,0.46432
47479,0.46041
47480,0.4565
47481,0.45259
47482,0.44868
47483,0.44575
47484,0.44282
47485,0.43891
47486,0.43597
47487,0.43206
47488,0.42913
47489,0.42424
47490,0.41935
47491,0.41544
47492,0.41251
47493,0.40958
47494,0.40567
47495,0.40078
47496,0.39687
47497,0.39296
47498,0.38905
47499,0.38514
47500,0.38123
47501,0.37634
47502,0.37146
47503,0.36755
47504,0.36266
47505,0.35875
47506,0.35582
47507,0.35191
47508,0.34702
47509,0.34409
47510,0.34018
47511,0.33627
47512,0.33236
47513,0.32845
47514,0.32454
47515,0.32063
47516,0.31672
47517,0.31378
47518,0.31085
47519,0.3089
47520,0.30499
47521,0.30205
47522,0.29814
47523,0.29423
47524,0.29032
47525,0.28837
47526,0.28641
47527,0.28543
47528,0.28446
47529,0.28446
47530,0.28446
47531,0.28543
47532,0.28641
47533,0.28837
47534,0.29032
47535,0.29228
47536,0.29326
47537,0.29521
47538,0.29717
47539,0.29912
47540,0.30303
47541,0.30792
47542,0.31476
47543,0.3216
47544,0.32845
47545,0.33529
47546,0.34311
47547,0.34995
47548,0.35777
47549,0.36559
47550,0.37243
47551,0.38025
47552,0.38612
47553,0.39198
47554,0.39785
47555,0.40176
47556,0.40469
47557,0.40762
47558,0.40958
47559,0.40958
47560,0.4086
47561,0.40762
47562,0.40567
47563,0.40469
47564,0.40274
47565,0.40078
47566,0.3998
47567,0.39785
47568,0.39687
47569,0.39589
47570,0.39589
47571,0.39492
47572,0.39394
47573,0.39296
47574,0.39198
47575,0.39101
47576,0.39101
47577,0.39101
47578,0.39101
47579,0.39101
47580,0.39101
47581,0.39101
47582,0.39101
47583,0.39101
47584,0.39101
47585,0.39101
47586,0.39101
47587,0.39101
47588,0.39101
47589,0.39101
47590,0.39101
47591,0.39101
47592,0.39101
47593,0.39101
47594,0.39101
47595,0.39101
47596,0.39101
47597,0.39101
47598,0.39101
47599,0.39003
47600,0.38905
47601,0.38612
47602,0.38319
47603,0.38025
47604,0.37732
47605,0.37341
47606,0.37048
47607,0.36657
47608,0.36461
47609,0.36266
47610,0.3607
47611,0.35875
47612,0.35582
47613,0.35288
47614,0.35093
47615,0.34897
47616,0.348
47617,0.34702
47618,0.34702
47619,0.34702
47620,0.34897
47621,0.35093
47622,0.35386
47623,0.35679
47624,0.3607
47625,0.36364
47626,0.36755
47627,0.37341
47628,0.37928
47629,0.38514
47630,0.39101
47631,0.39589
47632,0.40078
47633,0.40665
47634,0.41251
47635,0.41838
47636,0.42326
47637,0.42913
47638,0.435
47639,0.43891
47640,0.46628
47641,0.50342
47642,0.52297
47643,0.53372
47644,0.53861
47645,0.54057
47646,0.54057
47647,0.53959
47648,0.53666
47649,0.5347
47650,0.53372
47651,0.53177
47652,0.53079
47653,0.52981
47654,0.52786
47655,0.52688
47656,0.52493
47657,0.52297
47658,0.52102
47659,0.51906
47660,0.51613
47661,0.5132
47662,0.51124
47663,0.51026
47664,0.50831
47665,0.50538
47666,0.50342
47667,0.50049
47668,0.49756
47669,0.49462
47670,0.49169
47671,0.48876
47672,0.4868
47673,0.48485
47674,0.48289
47675,0.48094
47676,0.47898
47677,0.47605
47678,0.4741
47679,0.47214
47680,0.47019
47681,0.46725
47682,0.46432
47683,0.46139
47684,0.45846
47685,0.4565
47686,0.45455
47687,0.45161
47688,0.44966
47689,0.44868
47690,0.44868
47691,0.44673
47692,0.44575
47693,0.44282
47694,0.44086
47695,0.43891
47696,0.43695
47697,0.43597
47698,0.435
47699,0.435
47700,0.435
47701,0.43402
47702,0.43402
47703,0.43402
47704,0.43304
47705,0.43206
47706,0.43011
47707,0.42913
47708,0.42913
47709,0.42913
47710,0.43011
47711,0.43109
47712,0.43206
47713,0.43402
47714,0.43597
47715,0.43793
47716,0.44086
47717,0.44379
47718,0.44673
47719,0.44966
47720,0.45357
47721,0.45748
47722,0.46139
47723,0.46725
47724,0.47312
47725,0.47801
47726,0.48387
47727,0.48876
47728,0.49365
47729,0.49853
47730,0.5044
47731,0.50929
47732,0.51417
47733,0.51906
47734,0.52297
47735,0.5259
47736,0.52884
47737,0.53079
47738,0.53177
47739,0.53177
47740,0.53177
47741,0.53177
47742,0.53275
47743,0.53275
47744,0.53275
47745,0.53177
47746,0.53177
47747,0.53079
47748,0.52981
47749,0.52786
47750,0.52493
47751,0.52199
47752,0.52004
47753,0.51808
47754,0.51613
47755,0.51417
47756,0.51222
47757,0.51026
47758,0.50733
47759,0.50342
47760,0.49853
47761,0.49462
47762,0.49169
47763,0.48876
47764,0.48583
47765,0.48485
47766,0.48387
47767,0.48289
47768,0.48192
47769,0.47996
47770,0.47801
47771,0.47507
47772,0.47214
47773,0.47019
47774,0.46823
47775,0.46628
47776,0.46432
47777,0.46237
47778,0.46041
47779,0.45846
47780,0.45748
47781,0.45748
47782,0.4565
47783,0.45455
47784,0.45357
47785,0.45259
47786,0.45064
47787,0.44868
47788,0.44673
47789,0.44477
47790,0.44184
47791,0.44086
47792,0.43988
47793,0.43793
47794,0.43695
47795,0.43695
47796,0.43597
47797,0.435
47798,0.435
47799,0.435
47800,0.43597
47801,0.43597
47802,0.43597
47803,0.43695
47804,0.43793
47805,0.43891
47806,0.43891
47807,0.43891
47808,0.44086
47809,0.44282
47810,0.44575
47811,0.44868
47812,0.45161
47813,0.45455
47814,0.45846
47815,0.46334
47816,0.46725
47817,0.47312
47818,0.47801
47819,0.48387
47820,0.48778
47821,0.49071
47822,0.49462
47823,0.49658
47824,0.49853
47825,0.50049
47826,0.50244
47827,0.50342
47828,0.50538
47829,0.50635
47830,0.50538
47831,0.5044
47832,0.50342
47833,0.50244
47834,0.50147
47835,0.49951
47836,0.49756
47837,0.49462
47838,0.49169
47839,0.48876
47840,0.48583
47841,0.48387
47842,0.48192
47843,0.47898
47844,0.47703
47845,0.4741
47846,0.47116
47847,0.46921
47848,0.46628
47849,0.46237
47850,0.45846
47851,0.45455
47852,0.45161
47853,0.44868
47854,0.44477
47855,0.44282
47856,0.44086
47857,0.43891
47858,0.43695
47859,0.43597
47860,0.43597
47861,0.435
47862,0.43304
47863,0.43206
47864,0.43011
47865,0.42913
47866,0.42717
47867,0.4262
47868,0.42424
47869,0.42326
47870,0.42229
47871,0.42131
47872,0.42229
47873,0.42424
47874,0.4262
47875,0.42717
47876,0.42815
47877,0.42815
47878,0.42815
47879,0.42815
47880,0.42815
47881,0.42815
47882,0.42815
47883,0.42717
47884,0.4262
47885,0.4262
47886,0.42717
47887,0.42717
47888,0.42717
47889,0.42815
47890,0.42913
47891,0.43109
47892,0.43304
47893,0.435
47894,0.43793
47895,0.43988
47896,0.43988
47897,0.43988
47898,0.44184
47899,0.44575
47900,0.45064
47901,0.4565
47902,0.4653
47903,0.47507
47904,0.48583
47905,0.49658
47906,0.50733
47907,0.52004
47908,0.53275
47909,0.54643
47910,0.55914
47911,0.57185
47912,0.5826
47913,0.59238
47914,0.60215
47915,0.61193
47916,0.62072
47917,0.62854
47918,0.63539
47919,0.64125
47920,0.64516
47921,0.64809
47922,0.64907
47923,0.64907
47924,0.64907
47925,0.64712
47926,0.64418
47927,0.64027
47928,0.63539
47929,0.6305
47930,0.62561
47931,0.61975
47932,0.61486
47933,0.60899
47934,0.60411
47935,0.59824
47936,0.59335
47937,0.59042
47938,0.58749
47939,0.58553
47940,0.58358
47941,0.5826
47942,0.58065
47943,0.57771
47944,0.57576
47945,0.57283
47946,0.56989
47947,0.56696
47948,0.565
47949,0.56207
47950,0.55914
47951,0.55523
47952,0.5523
47953,0.54741
47954,0.54154
47955,0.53666
47956,0.53177
47957,0.52688
47958,0.52297
47959,0.52004
47960,0.51613
47961,0.5132
47962,0.50929
47963,0.50635
47964,0.50342
47965,0.50147
47966,0.49853
47967,0.4956
47968,0.49267
47969,0.48974
47970,0.4868
47971,0.48387
47972,0.48192
47973,0.47996
47974,0.47801
47975,0.47605
47976,0.4741
47977,0.47214
47978,0.47116
47979,0.46921
47980,0.46725
47981,0.4653
47982,0.46334
47983,0.46237
47984,0.46041
47985,0.45943
47986,0.45846
47987,0.45846
47988,0.45846
47989,0.45846
47990,0.45846
47991,0.46041
47992,0.46334
47993,0.46725
47994,0.47214
47995,0.47801
47996,0.48583
47997,0.49365
47998,0.50244
47999,0.51026
