0,1.5039
1,1.5039
2,1.5039
3,1.4235
4,1.3078
5,1.1863
6,1.0961
7,1.0471
8,1.002
9,0.96667
10,0.94706
11,0.93725
12,0.92157
13,0.90588
14,0.92157
15,0.91176
16,0.93137
17,0.92549
18,0.91569
19,0.92549
20,0.92157
21,0.93725
22,0.92549
23,0.92157
24,0.92549
25,0.93725
26,0.92549
27,0.92549
28,0.92157
29,0.92549
30,0.92157
31,0.92549
32,0.92549
33,0.92549
34,0.92157
35,0.93137
36,0.93725
37,0.96078
38,0.97647
39,0.95686
40,0.96667
41,0.95098
42,0.95686
43,0.95098
44,0.93137
45,0.91569
46,0.90196
47,0.89608
48,0.90196
49,0.8902
50,0.90196
51,0.91569
52,0.98627
53,1.0373
54,0.38431
55,-0.50196
56,-0.50196
57,-0.50196
58,-0.50196
59,-0.50196
60,-0.50196
61,-0.28235
62,0.11373
63,0.52549
64,0.82549
65,1.0059
66,1.1961
67,1.3216
68,1.3529
69,1.3725
70,1.3784
71,1.3784
72,1.3882
73,1.3922
74,1.3922
75,1.398
76,1.4078
77,1.4235
78,1.4333
79,1.4569
80,1.4882
81,1.5039
82,1.5039
83,1.5039
84,1.5039
85,1.5039
86,1.5039
87,1.5039
88,1.5039
89,1.5039
90,1.5039
91,1.5039
92,1.5039
93,1.5039
94,1.3725
95,1.2569
96,1.1667
97,1.0922
98,1.0373
99,1.002
100,0.98235
101,0.96078
102,0.95686
103,0.95098
104,0.95098
105,0.95098
106,0.95098
107,0.95098
108,0.95098
109,0.95098
110,0.96078
111,0.95686
112,0.96078
113,0.96078
114,0.96078
115,0.96078
116,0.95686
117,0.96078
118,0.95686
119,0.95686
120,0.95686
121,0.95686
122,0.95098
123,0.95098
124,0.95098
125,0.94706
126,0.94706
127,0.95098
128,0.95098
129,0.96078
130,0.97059
131,0.99216
132,1.002
133,0.99608
134,0.98627
135,0.97647
136,0.97647
137,0.96667
138,0.94706
139,0.92549
140,0.90588
141,0.90588
142,0.90588
143,0.90588
144,0.90588
145,0.93137
146,1.0118
147,1.0314
148,0.13922
149,-0.50196
150,-0.50196
151,-0.50196
152,-0.50196
153,-0.50196
154,-0.49804
155,-0.16667
156,0.22941
157,0.61961
158,0.86078
159,1.0412
160,1.2275
161,1.302
162,1.3275
163,1.3373
164,1.3431
165,1.3529
166,1.3529
167,1.3569
168,1.3627
169,1.3667
170,1.3725
171,1.3824
172,1.398
173,1.4275
174,1.4569
175,1.502
176,1.5039
177,1.5039
178,1.5039
179,1.5039
180,1.5039
181,1.5039
182,1.5039
183,1.5039
184,1.5039
185,1.5039
186,1.5039
187,1.4686
188,1.3373
189,1.2275
190,1.1412
191,1.0765
192,1.0275
193,0.99608
194,0.97059
195,0.95686
196,0.95098
197,0.95686
198,0.95686
199,0.95098
200,0.95098
201,0.95098
202,0.95098
203,0.95098
204,0.95098
205,0.95686
206,0.96078
207,0.96078
208,0.96078
209,0.96078
210,0.96078
211,0.95686
212,0.95098
213,0.95686
214,0.95686
215,0.95686
216,0.95098
217,0.96078
218,0.95686
219,0.95686
220,0.96078
221,0.97059
222,0.97647
223,1.002
224,1.0059
225,1.002
226,0.99216
227,0.97647
228,0.98235
229,0.97059
230,0.94706
231,0.92549
232,0.91176
233,0.91176
234,0.91176
235,0.91176
236,0.91569
237,0.94706
238,1.0314
239,0.83529
240,0.078431
241,-0.50196
242,-0.50196
243,-0.50196
244,-0.50196
245,-0.50196
246,-0.44706
247,-0.11765
248,0.27451
249,0.66078
250,0.88627
251,1.0569
252,1.2471
253,1.3118
254,1.3275
255,1.3373
256,1.3471
257,1.3529
258,1.3529
259,1.3529
260,1.3627
261,1.3667
262,1.3824
263,1.3922
264,1.4078
265,1.4275
266,1.4627
267,1.5039
268,1.5039
269,1.5039
270,1.5039
271,1.5039
272,1.5039
273,1.5039
274,1.5039
275,1.5039
276,1.5039
277,1.5039
278,1.5039
279,1.4471
280,1.3176
281,1.2118
282,1.1216
283,1.0569
284,1.0216
285,0.98235
286,0.96667
287,0.95686
288,0.95098
289,0.95098
290,0.95098
291,0.94118
292,0.95098
293,0.94706
294,0.94118
295,0.95098
296,0.94118
297,0.94706
298,0.95098
299,0.95098
300,0.93725
301,0.94706
302,0.92549
303,0.93725
304,0.92549
305,0.94118
306,0.92157
307,0.91569
308,0.92157
309,0.93137
310,0.90588
311,0.93725
312,0.92157
313,0.94118
314,0.95098
315,0.95686
316,0.95098
317,0.97647
318,0.93725
319,0.93137
320,0.95098
321,0.94706
322,0.90588
323,0.90196
324,0.88627
325,0.89608
326,0.87647
327,0.90196
328,0.89608
329,0.93725
330,1.0412
331,0.6902
332,-0.18235
333,-0.50196
334,-0.50196
335,-0.50196
336,-0.50196
337,-0.50196
338,-0.42745
339,-0.021569
340,0.37451
341,0.73137
342,0.93137
343,1.1118
344,1.2922
345,1.3431
346,1.3569
347,1.3667
348,1.3784
349,1.3784
350,1.3784
351,1.3784
352,1.3784
353,1.3922
354,1.398
355,1.4176
356,1.4431
357,1.4686
358,1.5039
359,1.5039
360,1.5039
361,1.5039
362,1.5039
363,1.5039
364,1.5039
365,1.5039
366,1.5039
367,1.5039
368,1.5039
369,1.5039
370,1.5039
371,1.4373
372,1.3118
373,1.2078
374,1.1314
375,1.0667
376,1.0275
377,1.002
378,0.97647
379,0.97647
380,0.96667
381,0.96667
382,0.96667
383,0.97059
384,0.96667
385,0.97059
386,0.97059
387,0.97647
388,0.97647
389,0.97647
390,0.97647
391,0.97647
392,0.97059
393,0.97059
394,0.97059
395,0.96667
396,0.96078
397,0.95686
398,0.96078
399,0.96078
400,0.96078
401,0.95686
402,0.95686
403,0.95098
404,0.95686
405,0.95686
406,0.95686
407,0.96667
408,0.97647
409,0.99216
410,1.0059
411,1.002
412,1.002
413,0.98627
414,0.98235
415,0.98627
416,0.95686
417,0.93725
418,0.92549
419,0.91569
420,0.91176
421,0.91176
422,0.91569
423,0.93137
424,0.99608
425,1.0373
426,0.3549
427,-0.49216
428,-0.50196
429,-0.50196
430,-0.50196
431,-0.50196
432,-0.50196
433,-0.26275
434,0.12353
435,0.52549
436,0.81569
437,0.99216
438,1.1863
439,1.302
440,1.3275
441,1.3431
442,1.3529
443,1.3529
444,1.3569
445,1.3627
446,1.3667
447,1.3667
448,1.3784
449,1.3824
450,1.398
451,1.4176
452,1.4529
453,1.4922
454,1.5039
455,1.5039
456,1.5039
457,1.5039
458,1.5039
459,1.5039
460,1.5039
461,1.5039
462,1.5039
463,1.5039
464,1.5039
465,1.5039
466,1.3882
467,1.2667
468,1.1725
469,1.0961
470,1.0412
471,1.0118
472,0.98627
473,0.97059
474,0.96078
475,0.95686
476,0.95098
477,0.95098
478,0.95098
479,0.95686
480,0.95686
481,0.96078
482,0.95686
483,0.96078
484,0.95686
485,0.95686
486,0.95686
487,0.96078
488,0.96667
489,0.95686
490,0.96667
491,0.95686
492,0.95686
493,0.95098
494,0.95686
495,0.95686
496,0.95686
497,0.95686
498,0.96078
499,0.96667
500,0.97647
501,1.002
502,1.0059
503,1.002
504,1.0059
505,0.97647
506,0.98627
507,0.96667
508,0.94706
509,0.92549
510,0.91176
511,0.91176
512,0.90588
513,0.90588
514,0.91176
515,0.94118
516,1.0275
517,0.84118
518,0.068627
519,-0.50196
520,-0.50196
521,-0.50196
522,-0.50196
523,-0.50196
524,-0.46275
525,-0.13137
526,0.26863
527,0.66078
528,0.88039
529,1.0569
530,1.2431
531,1.3118
532,1.3333
533,1.3471
534,1.3471
535,1.3471
536,1.3529
537,1.3569
538,1.3569
539,1.3667
540,1.3784
541,1.3922
542,1.4118
543,1.4333
544,1.4686
545,1.5039
546,1.5039
547,1.5039
548,1.5039
549,1.5039
550,1.5039
551,1.5039
552,1.5039
553,1.5039
554,1.5039
555,1.5039
556,1.5039
557,1.4471
558,1.3176
559,1.2216
560,1.1373
561,1.0725
562,1.0275
563,0.99608
564,0.97647
565,0.96078
566,0.94706
567,0.95098
568,0.94706
569,0.95098
570,0.94706
571,0.95686
572,0.96078
573,0.94706
574,0.95686
575,0.95098
576,0.96078
577,0.96667
578,0.92549
579,0.96078
580,0.95098
581,0.95098
582,0.94706
583,0.94118
584,0.93725
585,0.92549
586,0.94706
587,0.93137
588,0.93725
589,0.92549
590,0.94706
591,0.95686
592,0.95098
593,0.98235
594,0.96667
595,0.98627
596,0.95098
597,0.94706
598,0.94706
599,0.91176
600,0.91569
601,0.88627
602,0.87647
603,0.8902
604,0.88627
605,0.88039
606,0.91569
607,0.99216
608,1.0275
609,0.16863
610,-0.50196
611,-0.50196
612,-0.50196
613,-0.50196
614,-0.50196
615,-0.50196
616,-0.18627
617,0.22941
618,0.62549
619,0.87647
620,1.0667
621,1.2569
622,1.3471
623,1.3667
624,1.3725
625,1.3784
626,1.3784
627,1.3824
628,1.3784
629,1.3922
630,1.398
631,1.402
632,1.4235
633,1.4373
634,1.4627
635,1.4922
636,1.5039
637,1.5039
638,1.5039
639,1.5039
640,1.5039
641,1.5039
642,1.5039
643,1.5039
644,1.5039
645,1.5039
646,1.5039
647,1.5039
648,1.498
649,1.3569
650,1.2431
651,1.1569
652,1.0922
653,1.0412
654,1.002
655,0.98235
656,0.97059
657,0.96667
658,0.96667
659,0.96667
660,0.96667
661,0.97059
662,0.97647
663,0.97647
664,0.97647
665,0.97647
666,0.97059
667,0.97647
668,0.97059
669,0.97647
670,0.97059
671,0.97059
672,0.96667
673,0.96667
674,0.96667
675,0.96667
676,0.96078
677,0.96078
678,0.95686
679,0.96078
680,0.95686
681,0.95686
682,0.96078
683,0.96667
684,0.97059
685,0.97647
686,0.99216
687,1.0059
688,1.0157
689,1.0059
690,0.99216
691,0.98627
692,0.99608
693,0.97059
694,0.95098
695,0.93137
696,0.92549
697,0.92157
698,0.92157
699,0.91569
700,0.92549
701,0.97647
702,1.0471
703,0.6098
704,-0.22157
705,-0.50196
706,-0.50196
707,-0.50196
708,-0.50196
709,-0.50196
710,-0.36275
711,0.0078431
712,0.41961
713,0.76078
714,0.94706
715,1.1373
716,1.2922
717,1.3333
718,1.3471
719,1.3569
720,1.3569
721,1.3627
722,1.3627
723,1.3725
724,1.3725
725,1.3824
726,1.3882
727,1.398
728,1.4176
729,1.4471
730,1.4824
731,1.5039
732,1.5039
733,1.5039
734,1.5039
735,1.5039
736,1.5039
737,1.5039
738,1.5039
739,1.5039
740,1.5039
741,1.5039
742,1.5039
743,1.4275
744,1.3078
745,1.1961
746,1.1216
747,1.0667
748,1.0216
749,0.98627
750,0.97647
751,0.96667
752,0.96078
753,0.96078
754,0.95686
755,0.95098
756,0.95686
757,0.95098
758,0.95686
759,0.96078
760,0.96667
761,0.96667
762,0.96667
763,0.96667
764,0.97059
765,0.96667
766,0.96078
767,0.96667
768,0.96078
769,0.95686
770,0.95686
771,0.96078
772,0.95686
773,0.95686
774,0.95686
775,0.96078
776,0.96078
777,0.97059
778,0.99216
779,1.0059
780,1.002
781,0.99608
782,0.98235
783,0.98627
784,0.97059
785,0.95098
786,0.93137
787,0.91569
788,0.91176
789,0.91176
790,0.90588
791,0.90588
792,0.93725
793,1.0059
794,1.0471
795,0.22941
796,-0.50196
797,-0.50196
798,-0.50196
799,-0.50196
800,-0.50196
801,-0.50196
802,-0.20196
803,0.18824
804,0.59608
805,0.8451
806,1.0216
807,1.2118
808,1.302
809,1.3275
810,1.3431
811,1.3471
812,1.3529
813,1.3471
814,1.3529
815,1.3627
816,1.3667
817,1.3784
818,1.3824
819,1.398
820,1.4176
821,1.4569
822,1.498
823,1.5039
824,1.5039
825,1.5039
826,1.5039
827,1.5039
828,1.5039
829,1.5039
830,1.5039
831,1.5039
832,1.5039
833,1.5039
834,1.4686
835,1.3431
836,1.2275
837,1.1412
838,1.0765
839,1.0275
840,0.99216
841,0.97059
842,0.95686
843,0.95098
844,0.94706
845,0.95098
846,0.95098
847,0.94706
848,0.93725
849,0.97059
850,0.95098
851,0.95098
852,0.96078
853,0.96078
854,0.95098
855,0.95098
856,0.95686
857,0.95098
858,0.94706
859,0.93137
860,0.92549
861,0.94118
862,0.94706
863,0.93137
864,0.92549
865,0.94118
866,0.93137
867,0.92549
868,0.93725
869,0.93137
870,0.97647
871,0.97647
872,0.96667
873,0.95686
874,0.96667
875,0.95686
876,0.93725
877,0.91176
878,0.90588
879,0.8902
880,0.88039
881,0.88627
882,0.87647
883,0.90588
884,0.92157
885,1.0216
886,0.77647
887,-0.05098
888,-0.50196
889,-0.50196
890,-0.50196
891,-0.50196
892,-0.50196
893,-0.47843
894,-0.072549
895,0.32941
896,0.68627
897,0.91176
898,1.0961
899,1.2725
900,1.3373
901,1.3529
902,1.3569
903,1.3627
904,1.3667
905,1.3667
906,1.3784
907,1.3784
908,1.3922
909,1.398
910,1.4078
911,1.4333
912,1.4627
913,1.4922
914,1.5039
915,1.5039
916,1.5039
917,1.5039
918,1.5039
919,1.5039
920,1.5039
921,1.5039
922,1.5039
923,1.5039
924,1.5039
925,1.5039
926,1.4529
927,1.3176
928,1.2118
929,1.1314
930,1.0725
931,1.0275
932,1.002
933,0.98235
934,0.97059
935,0.97059
936,0.96667
937,0.96667
938,0.96667
939,0.96667
940,0.97647
941,0.97647
942,0.97647
943,0.97647
944,0.98235
945,0.97647
946,0.97647
947,0.97647
948,0.97647
949,0.96667
950,0.96667
951,0.96667
952,0.96667
953,0.96078
954,0.96078
955,0.95686
956,0.96078
957,0.95686
958,0.96078
959,0.95686
960,0.96078
961,0.97059
962,0.97059
963,0.97647
964,1.002
965,1.0059
966,1.002
967,1.0059
968,0.98235
969,0.99216
970,0.97647
971,0.95098
972,0.93137
973,0.92157
974,0.91569
975,0.91569
976,0.91176
977,0.91176
978,0.95686
979,1.0373
980,0.77059
981,-0.047059
982,-0.50196
983,-0.50196
984,-0.50196
985,-0.50196
986,-0.50196
987,-0.44314
988,-0.086275
989,0.31373
990,0.68627
991,0.90196
992,1.0725
993,1.2627
994,1.3216
995,1.3373
996,1.3529
997,1.3529
998,1.3569
999,1.3627
1000,1.3627
1001,1.3667
1002,1.3725
1003,1.3824
1004,1.3922
1005,1.4078
1006,1.4373
1007,1.4686
1008,1.5039
1009,1.5039
1010,1.5039
1011,1.5039
1012,1.5039
1013,1.5039
1014,1.5039
1015,1.5039
1016,1.5039
1017,1.5039
1018,1.5039
1019,1.5039
1020,1.4431
1021,1.3176
1022,1.2118
1023,1.1275
1024,1.0667
1025,1.0216
1026,0.98627
1027,0.97059
1028,0.95686
1029,0.95098
1030,0.95098
1031,0.95098
1032,0.94706
1033,0.95098
1034,0.95098
1035,0.95098
1036,0.95098
1037,0.95098
1038,0.95098
1039,0.95686
1040,0.95686
1041,0.95686
1042,0.95686
1043,0.95686
1044,0.95098
1045,0.95686
1046,0.95686
1047,0.95686
1048,0.95686
1049,0.95686
1050,0.96078
1051,0.95686
1052,0.95686
1053,0.96078
1054,0.97059
1055,0.99216
1056,1.0059
1057,1.002
1058,0.99608
1059,0.97647
1060,0.98235
1061,0.97059
1062,0.94706
1063,0.92549
1064,0.92157
1065,0.90588
1066,0.90588
1067,0.90588
1068,0.90588
1069,0.93137
1070,1.0059
1071,1.0412
1072,0.23922
1073,-0.50196
1074,-0.50196
1075,-0.50196
1076,-0.50196
1077,-0.50196
1078,-0.50196
1079,-0.20196
1080,0.18431
1081,0.58039
1082,0.83529
1083,1.0157
1084,1.2078
1085,1.302
1086,1.3216
1087,1.3431
1088,1.3373
1089,1.3471
1090,1.3471
1091,1.3529
1092,1.3529
1093,1.3627
1094,1.3725
1095,1.3824
1096,1.398
1097,1.4176
1098,1.4471
1099,1.4922
1100,1.5039
1101,1.5039
1102,1.5039
1103,1.5039
1104,1.5039
1105,1.5039
1106,1.5039
1107,1.5039
1108,1.5039
1109,1.5039
1110,1.5039
1111,1.4686
1112,1.3373
1113,1.2216
1114,1.1412
1115,1.0765
1116,1.0275
1117,0.99608
1118,0.97059
1119,0.96078
1120,0.95686
1121,0.94706
1122,0.93725
1123,0.93137
1124,0.95098
1125,0.93725
1126,0.95098
1127,0.96078
1128,0.95098
1129,0.95686
1130,0.95098
1131,0.96078
1132,0.94706
1133,0.96667
1134,0.94706
1135,0.94118
1136,0.95098
1137,0.94706
1138,0.93725
1139,0.94706
1140,0.93725
1141,0.92549
1142,0.94118
1143,0.93137
1144,0.94118
1145,0.94118
1146,0.95098
1147,0.97647
1148,0.97647
1149,0.97059
1150,0.94118
1151,0.93137
1152,0.96078
1153,0.92549
1154,0.93137
1155,0.89608
1156,0.87647
1157,0.8902
1158,0.8902
1159,0.87647
1160,0.8902
1161,0.92157
1162,1.0314
1163,0.77647
1164,-0.066667
1165,-0.50196
1166,-0.50196
1167,-0.50196
1168,-0.50196
1169,-0.50196
1170,-0.47843
1171,-0.066667
1172,0.33529
1173,0.70588
1174,0.92549
1175,1.1118
1176,1.2824
1177,1.3471
1178,1.3627
1179,1.3725
1180,1.3667
1181,1.3725
1182,1.3784
1183,1.3824
1184,1.3882
1185,1.3922
1186,1.402
1187,1.4176
1188,1.4333
1189,1.4627
1190,1.502
1191,1.5039
1192,1.5039
1193,1.5039
1194,1.5039
1195,1.5039
1196,1.5039
1197,1.5039
1198,1.5039
1199,1.5039
1200,1.5039
1201,1.5039
1202,1.5039
1203,1.4529
1204,1.3216
1205,1.2118
1206,1.1314
1207,1.0725
1208,1.0275
1209,1.002
1210,0.98235
1211,0.97647
1212,0.97059
1213,0.96667
1214,0.97059
1215,0.96667
1216,0.96667
1217,0.97059
1218,0.97059
1219,0.97059
1220,0.97059
1221,0.97647
1222,0.97647
1223,0.97647
1224,0.97059
1225,0.97059
1226,0.96078
1227,0.96667
1228,0.96078
1229,0.96078
1230,0.96078
1231,0.96078
1232,0.95686
1233,0.96078
1234,0.95686
1235,0.95686
1236,0.95098
1237,0.95686
1238,0.96667
1239,0.97647
1240,0.98627
1241,1.002
1242,1.0118
1243,1.002
1244,0.98627
1245,0.98235
1246,0.98627
1247,0.96667
1248,0.94706
1249,0.92549
1250,0.92157
1251,0.91569
1252,0.91176
1253,0.91176
1254,0.92157
1255,0.96078
1256,1.0412
1257,0.62549
1258,-0.19216
1259,-0.50196
1260,-0.50196
1261,-0.50196
1262,-0.50196
1263,-0.50196
1264,-0.38824
1265,-0.021569
1266,0.3902
1267,0.74118
1268,0.93725
1269,1.1176
1270,1.2765
1271,1.3275
1272,1.3431
1273,1.3529
1274,1.3529
1275,1.3569
1276,1.3569
1277,1.3627
1278,1.3667
1279,1.3725
1280,1.3784
1281,1.398
1282,1.4176
1283,1.4431
1284,1.4725
1285,1.5039
1286,1.5039
1287,1.5039
1288,1.5039
1289,1.5039
1290,1.5039
1291,1.5039
1292,1.5039
1293,1.5039
1294,1.5039
1295,1.5039
1296,1.5039
1297,1.4176
1298,1.298
1299,1.1961
1300,1.1059
1301,1.051
1302,1.0118
1303,0.98235
1304,0.97059
1305,0.95686
1306,0.95098
1307,0.94706
1308,0.95098
1309,0.94706
1310,0.94706
1311,0.94706
1312,0.95686
1313,0.95686
1314,0.95686
1315,0.96078
1316,0.95686
1317,0.95098
1318,0.95686
1319,0.95686
1320,0.96078
1321,0.95686
1322,0.95686
1323,0.95686
1324,0.95098
1325,0.95098
1326,0.95098
1327,0.95098
1328,0.95098
1329,0.95098
1330,0.95686
1331,0.97059
1332,0.97647
1333,1.002
1334,1.0059
1335,1.002
1336,0.98235
1337,0.98235
1338,0.97647
1339,0.96078
1340,0.94118
1341,0.92549
1342,0.91176
1343,0.91569
1344,0.90588
1345,0.90588
1346,0.91569
1347,0.96078
1348,1.0373
1349,0.58039
1350,-0.22745
1351,-0.50196
1352,-0.50196
1353,-0.50196
1354,-0.50196
1355,-0.50196
1356,-0.34706
1357,0.013725
1358,0.41569
1359,0.75098
1360,0.94706
1361,1.1314
1362,1.2824
1363,1.3216
1364,1.3373
1365,1.3431
1366,1.3529
1367,1.3529
1368,1.3569
1369,1.3569
1370,1.3627
1371,1.3725
1372,1.3824
1373,1.398
1374,1.4176
1375,1.4431
1376,1.4784
1377,1.5039
1378,1.5039
1379,1.5039
1380,1.5039
1381,1.5039
1382,1.5039
1383,1.5039
1384,1.5039
1385,1.5039
1386,1.5039
1387,1.5039
1388,1.5039
1389,1.4078
1390,1.2882
1391,1.1961
1392,1.1059
1393,1.051
1394,1.0157
1395,0.99216
1396,0.97647
1397,0.96078
1398,0.96078
1399,0.95686
1400,0.95098
1401,0.95686
1402,0.95686
1403,0.95686
1404,0.96078
1405,0.96667
1406,0.97059
1407,0.96667
1408,0.97059
1409,0.96667
1410,0.97059
1411,0.96667
1412,0.96667
1413,0.95098
1414,0.95686
1415,0.95098
1416,0.95686
1417,0.95098
1418,0.95686
1419,0.95686
1420,0.95686
1421,0.96078
1422,0.96667
1423,0.97647
1424,0.99608
1425,1.0059
1426,1.002
1427,1.0118
1428,0.98235
1429,0.99216
1430,0.97647
1431,0.95098
1432,0.95686
1433,0.91176
1434,0.92549
1435,0.91569
1436,0.90196
1437,0.92157
1438,0.92549
1439,1.0059
1440,1.0608
1441,0.4098
1442,-0.46863
1443,-0.50196
1444,-0.50196
1445,-0.50196
1446,-0.50196
1447,-0.50196
1448,-0.25686
1449,0.14902
1450,0.53922
1451,0.81569
1452,0.97647
1453,1.1863
1454,1.2922
1455,1.3176
1456,1.3275
1457,1.3431
1458,1.3529
1459,1.3333
1460,1.3627
1461,1.3373
1462,1.3725
1463,1.3569
1464,1.3882
1465,1.398
1466,1.4431
1467,1.4529
1468,1.498
1469,1.5039
1470,1.5039
1471,1.5039
1472,1.5039
1473,1.5039
1474,1.5039
1475,1.5039
1476,1.5039
1477,1.5039
1478,1.5039
1479,1.5039
1480,1.498
1481,1.3627
1482,1.2373
1483,1.1373
1484,1.0569
1485,1.0118
1486,0.97059
1487,0.95098
1488,0.94118
1489,0.93137
1490,0.92549
1491,0.92549
1492,0.92549
1493,0.93137
1494,0.93725
1495,0.93725
1496,0.93725
1497,0.93137
1498,0.94118
1499,0.95098
1500,0.94706
1501,0.95098
1502,0.95098
1503,0.94706
1504,0.95098
1505,0.94118
1506,0.94706
1507,0.94706
1508,0.94706
1509,0.94706
1510,0.94706
1511,0.95098
1512,0.95686
1513,0.95686
1514,0.98627
1515,1.002
1516,0.99608
1517,1.002
1518,0.97647
1519,0.97647
1520,0.98235
1521,0.95098
1522,0.93725
1523,0.92549
1524,0.91569
1525,0.91176
1526,0.91176
1527,0.91569
1528,0.93137
1529,1.0059
1530,1.051
1531,0.30392
1532,-0.50196
1533,-0.50196
1534,-0.50196
1535,-0.50196
1536,-0.50196
1537,-0.50196
1538,-0.24706
1539,0.1549
1540,0.5549
1541,0.84118
1542,1.0157
1543,1.2078
1544,1.3176
1545,1.3471
1546,1.3569
1547,1.3627
1548,1.3725
1549,1.3725
1550,1.3784
1551,1.3784
1552,1.3824
1553,1.3922
1554,1.402
1555,1.4235
1556,1.4471
1557,1.4725
1558,1.5039
1559,1.5039
1560,1.5039
1561,1.5039
1562,1.5039
1563,1.5039
1564,1.5039
1565,1.5039
1566,1.5039
1567,1.5039
1568,1.5039
1569,1.5039
1570,1.4882
1571,1.3529
1572,1.2431
1573,1.151
1574,1.0765
1575,1.0373
1576,0.99608
1577,0.97059
1578,0.96078
1579,0.95098
1580,0.95098
1581,0.94118
1582,0.94118
1583,0.94706
1584,0.94118
1585,0.94706
1586,0.95098
1587,0.95686
1588,0.95098
1589,0.95686
1590,0.95686
1591,0.95098
1592,0.95098
1593,0.95098
1594,0.95098
1595,0.95098
1596,0.94706
1597,0.95098
1598,0.94118
1599,0.94706
1600,0.94118
1601,0.94706
1602,0.95098
1603,0.94706
1604,0.95098
1605,0.95098
1606,0.96667
1607,0.98235
1608,0.99216
1609,0.99608
1610,0.97647
1611,0.97059
1612,0.97647
1613,0.95686
1614,0.93137
1615,0.91176
1616,0.90588
1617,0.89608
1618,0.90196
1619,0.89608
1620,0.90196
1621,0.94118
1622,1.0275
1623,0.72549
1624,-0.072549
1625,-0.50196
1626,-0.50196
1627,-0.50196
1628,-0.50196
1629,-0.50196
1630,-0.42745
1631,-0.076471
1632,0.32941
1633,0.7
1634,0.90196
1635,1.0824
1636,1.2529
1637,1.3078
1638,1.3275
1639,1.3373
1640,1.3471
1641,1.3471
1642,1.3471
1643,1.3529
1644,1.3529
1645,1.3667
1646,1.3725
1647,1.3882
1648,1.402
1649,1.4333
1650,1.4627
1651,1.5039
1652,1.5039
1653,1.5039
1654,1.5039
1655,1.5039
1656,1.5039
1657,1.5039
1658,1.5039
1659,1.5039
1660,1.5039
1661,1.5039
1662,1.5039
1663,1.4235
1664,1.3118
1665,1.1961
1666,1.1176
1667,1.051
1668,1.0157
1669,0.98627
1670,0.97059
1671,0.95686
1672,0.95098
1673,0.94706
1674,0.94706
1675,0.95098
1676,0.95098
1677,0.95098
1678,0.95098
1679,0.95686
1680,0.96078
1681,0.96078
1682,0.96078
1683,0.96078
1684,0.95686
1685,0.96667
1686,0.95686
1687,0.95098
1688,0.95098
1689,0.95686
1690,0.95098
1691,0.95098
1692,0.95098
1693,0.95098
1694,0.95098
1695,0.95098
1696,0.95686
1697,0.96078
1698,0.97059
1699,0.99608
1700,1.002
1701,1.002
1702,0.98627
1703,0.97647
1704,0.98235
1705,0.96667
1706,0.94706
1707,0.92549
1708,0.91176
1709,0.90588
1710,0.90588
1711,0.90588
1712,0.91176
1713,0.94706
1714,1.0412
1715,0.77647
1716,-0.011765
1717,-0.50196
1718,-0.50196
1719,-0.50196
1720,-0.50196
1721,-0.50196
1722,-0.42353
1723,-0.076471
1724,0.31961
1725,0.69608
1726,0.90196
1727,1.0667
1728,1.2529
1729,1.3216
1730,1.3275
1731,1.3431
1732,1.3529
1733,1.3569
1734,1.3529
1735,1.3667
1736,1.3569
1737,1.3824
1738,1.3784
1739,1.3725
1740,1.4078
1741,1.4275
1742,1.4627
1743,1.5039
1744,1.5039
1745,1.5039
1746,1.5039
1747,1.5039
1748,1.5039
1749,1.5039
1750,1.5039
1751,1.5039
1752,1.5039
1753,1.5039
1754,1.5039
1755,1.4275
1756,1.2882
1757,1.1922
1758,1.1118
1759,1.0412
1760,0.99216
1761,0.97647
1762,0.96078
1763,0.94706
1764,0.93725
1765,0.92549
1766,0.93725
1767,0.93137
1768,0.92549
1769,0.94118
1770,0.93137
1771,0.94118
1772,0.93725
1773,0.94706
1774,0.93725
1775,0.93137
1776,0.93725
1777,0.93137
1778,0.93137
1779,0.92549
1780,0.93137
1781,0.92549
1782,0.93725
1783,0.93725
1784,0.93137
1785,0.93725
1786,0.93725
1787,0.95098
1788,0.95686
1789,0.98235
1790,0.99216
1791,0.98627
1792,0.99216
1793,0.97059
1794,0.98235
1795,0.97059
1796,0.95098
1797,0.93137
1798,0.91569
1799,0.91569
1800,0.91176
1801,0.91176
1802,0.92157
1803,0.94118
1804,1.0275
1805,1.0667
1806,0.21961
1807,-0.50196
1808,-0.50196
1809,-0.50196
1810,-0.50196
1811,-0.50196
1812,-0.50196
1813,-0.18627
1814,0.21373
1815,0.6098
1816,0.88039
1817,1.0471
1818,1.2529
1819,1.3431
1820,1.3667
1821,1.3784
1822,1.3824
1823,1.3824
1824,1.3922
1825,1.398
1826,1.398
1827,1.398
1828,1.4078
1829,1.4235
1830,1.4431
1831,1.4627
1832,1.4922
1833,1.5039
1834,1.5039
1835,1.5039
1836,1.5039
1837,1.5039
1838,1.5039
1839,1.5039
1840,1.5039
1841,1.5039
1842,1.5039
1843,1.5039
1844,1.5039
1845,1.4922
1846,1.3569
1847,1.2431
1848,1.151
1849,1.0824
1850,1.0373
1851,1.002
1852,0.98235
1853,0.97647
1854,0.96667
1855,0.96667
1856,0.95686
1857,0.95686
1858,0.96078
1859,0.96078
1860,0.96078
1861,0.96078
1862,0.96667
1863,0.96667
1864,0.97059
1865,0.96667
1866,0.96078
1867,0.95098
1868,0.96667
1869,0.95686
1870,0.95098
1871,0.95686
1872,0.95098
1873,0.95098
1874,0.95098
1875,0.95098
1876,0.95098
1877,0.95098
1878,0.95098
1879,0.95098
1880,0.95686
1881,0.96078
1882,0.97647
1883,1.002
1884,1.002
1885,1.002
1886,0.98235
1887,0.98235
1888,0.97647
1889,0.96078
1890,0.93725
1891,0.91569
1892,0.90588
1893,0.90588
1894,0.90588
1895,0.90588
1896,0.91176
1897,0.95686
1898,1.0373
1899,0.64118
1900,-0.17255
1901,-0.50196
1902,-0.50196
1903,-0.50196
1904,-0.50196
1905,-0.50196
1906,-0.37843
1907,-0.015686
1908,0.39412
1909,0.74118
1910,0.93725
1911,1.1118
1912,1.2725
1913,1.3176
1914,1.3373
1915,1.3431
1916,1.3529
1917,1.3529
1918,1.3529
1919,1.3569
1920,1.3627
1921,1.3725
1922,1.3784
1923,1.3922
1924,1.4176
1925,1.4431
1926,1.4725
1927,1.5039
1928,1.5039
1929,1.5039
1930,1.5039
1931,1.5039
1932,1.5039
1933,1.5039
1934,1.5039
1935,1.5039
1936,1.5039
1937,1.5039
1938,1.5039
1939,1.4118
1940,1.2882
1941,1.1922
1942,1.1118
1943,1.051
1944,1.0118
1945,0.98627
1946,0.96667
1947,0.95686
1948,0.95098
1949,0.95686
1950,0.95098
1951,0.95098
1952,0.95098
1953,0.95098
1954,0.95098
1955,0.95098
1956,0.95686
1957,0.96078
1958,0.96667
1959,0.96667
1960,0.96078
1961,0.96078
1962,0.95686
1963,0.95686
1964,0.95686
1965,0.95098
1966,0.95686
1967,0.95098
1968,0.95686
1969,0.95098
1970,0.95098
1971,0.95686
1972,0.96078
1973,0.97059
1974,0.98627
1975,1.002
1976,1.0059
1977,1.002
1978,0.99216
1979,0.99216
1980,0.98627
1981,0.96667
1982,0.94118
1983,0.92157
1984,0.91569
1985,0.91176
1986,0.90588
1987,0.90588
1988,0.92157
1989,0.97647
1990,1.0314
1991,0.52941
1992,-0.29804
1993,-0.50196
1994,-0.50196
1995,-0.50196
1996,-0.50196
1997,-0.50196
1998,-0.31765
1999,0.052941
2000,0.4549
2001,0.77647
2002,0.96078
2003,1.1412
2004,1.2824
2005,1.3176
2006,1.3373
2007,1.3431
2008,1.3471
2009,1.3471
2010,1.3529
2011,1.3569
2012,1.3667
2013,1.3667
2014,1.3784
2015,1.3882
2016,1.402
2017,1.4569
2018,1.4882
2019,1.5039
2020,1.5039
2021,1.5039
2022,1.5039
2023,1.5039
2024,1.5039
2025,1.5039
2026,1.5039
2027,1.5039
2028,1.5039
2029,1.5039
2030,1.5039
2031,1.3882
2032,1.2667
2033,1.1667
2034,1.0863
2035,1.0373
2036,0.99216
2037,0.97647
2038,0.94118
2039,0.92549
2040,0.91176
2041,0.94706
2042,0.95098
2043,0.93137
2044,0.92549
2045,0.94118
2046,0.92157
2047,0.94118
2048,0.94706
2049,0.93725
2050,0.92549
2051,0.93725
2052,0.91569
2053,0.93137
2054,0.92549
2055,0.92549
2056,0.93725
2057,0.92157
2058,0.92549
2059,0.93137
2060,0.94118
2061,0.93137
2062,0.93725
2063,0.94706
2064,0.95686
2065,0.97647
2066,0.98235
2067,0.98235
2068,0.96078
2069,0.96078
2070,0.96667
2071,0.95098
2072,0.92549
2073,0.90588
2074,0.90588
2075,0.89608
2076,0.90196
2077,0.90588
2078,0.90196
2079,0.95098
2080,1.0471
2081,0.70588
2082,-0.17647
2083,-0.50196
2084,-0.50196
2085,-0.50196
2086,-0.50196
2087,-0.50196
2088,-0.41176
2089,-0.015686
2090,0.3902
2091,0.7451
2092,0.94706
2093,1.1275
2094,1.298
2095,1.3529
2096,1.3725
2097,1.3784
2098,1.3824
2099,1.3882
2100,1.3922
2101,1.398
2102,1.398
2103,1.4078
2104,1.4235
2105,1.4333
2106,1.4569
2107,1.4824
2108,1.5039
2109,1.5039
2110,1.5039
2111,1.5039
2112,1.5039
2113,1.5039
2114,1.5039
2115,1.5039
2116,1.5039
2117,1.5039
2118,1.5039
2119,1.5039
2120,1.5039
2121,1.4275
2122,1.302
2123,1.1961
2124,1.1216
2125,1.0608
2126,1.0157
2127,0.98627
2128,0.97647
2129,0.96667
2130,0.96078
2131,0.95686
2132,0.96078
2133,0.96078
2134,0.95686
2135,0.96078
2136,0.96667
2137,0.97059
2138,0.97059
2139,0.97647
2140,0.96667
2141,0.97059
2142,0.97059
2143,0.97059
2144,0.96078
2145,0.96078
2146,0.95686
2147,0.96667
2148,0.96078
2149,0.96078
2150,0.96078
2151,0.96078
2152,0.95686
2153,0.96078
2154,0.96078
2155,0.96667
2156,0.96667
2157,0.97059
2158,0.97647
2159,1.002
2160,1.0118
2161,1.002
2162,0.99216
2163,0.97647
2164,0.98235
2165,0.96667
2166,0.95098
2167,0.93137
2168,0.92157
2169,0.91176
2170,0.91176
2171,0.91569
2172,0.91569
2173,0.95098
2174,1.0314
2175,0.8451
2176,0.084314
2177,-0.50196
2178,-0.50196
2179,-0.50196
2180,-0.50196
2181,-0.50196
2182,-0.45686
2183,-0.12745
2184,0.27451
2185,0.66078
2186,0.88039
2187,1.0569
2188,1.2431
2189,1.3176
2190,1.3333
2191,1.3529
2192,1.3529
2193,1.3569
2194,1.3627
2195,1.3667
2196,1.3667
2197,1.3784
2198,1.3784
2199,1.3922
2200,1.4078
2201,1.4373
2202,1.4686
2203,1.5039
2204,1.5039
2205,1.5039
2206,1.5039
2207,1.5039
2208,1.5039
2209,1.5039
2210,1.5039
2211,1.5039
2212,1.5039
2213,1.5039
2214,1.5039
2215,1.4627
2216,1.3373
2217,1.2275
2218,1.1471
2219,1.0765
2220,1.0314
2221,0.99608
2222,0.98235
2223,0.96667
2224,0.96078
2225,0.95686
2226,0.95686
2227,0.95098
2228,0.95098
2229,0.95686
2230,0.96078
2231,0.96078
2232,0.96078
2233,0.96667
2234,0.96667
2235,0.97059
2236,0.96667
2237,0.96667
2238,0.96667
2239,0.96667
2240,0.96078
2241,0.96667
2242,0.96078
2243,0.96078
2244,0.95686
2245,0.95098
2246,0.95098
2247,0.95686
2248,0.95686
2249,0.96078
2250,0.97647
2251,0.99608
2252,1.002
2253,1.002
2254,0.99608
2255,0.97647
2256,0.98627
2257,0.97647
2258,0.95686
2259,0.93725
2260,0.92549
2261,0.91569
2262,0.91176
2263,0.91176
2264,0.92157
2265,0.91569
2266,1.002
2267,1.0412
2268,0.32941
2269,-0.50196
2270,-0.50196
2271,-0.50196
2272,-0.50196
2273,-0.50196
2274,-0.50196
2275,-0.23725
2276,0.14902
2277,0.5451
2278,0.82549
2279,1.002
2280,1.1922
2281,1.298
2282,1.3275
2283,1.3333
2284,1.3471
2285,1.3529
2286,1.3471
2287,1.3529
2288,1.3529
2289,1.3667
2290,1.3667
2291,1.3784
2292,1.398
2293,1.4235
2294,1.4529
2295,1.498
2296,1.5039
2297,1.5039
2298,1.5039
2299,1.5039
2300,1.5039
2301,1.5039
2302,1.5039
2303,1.5039
2304,1.5039
2305,1.5039
2306,1.5039
2307,1.4922
2308,1.3471
2309,1.2373
2310,1.1569
2311,1.0824
2312,1.0412
2313,1.0059
2314,0.97059
2315,0.97647
2316,0.94706
2317,0.95098
2318,0.95686
2319,0.95098
2320,0.95098
2321,0.95098
2322,0.93137
2323,0.95098
2324,0.93725
2325,0.95098
2326,0.95098
2327,0.93725
2328,0.95098
2329,0.92549
2330,0.92157
2331,0.93725
2332,0.94118
2333,0.92549
2334,0.92549
2335,0.93725
2336,0.92157
2337,0.93137
2338,0.92549
2339,0.92157
2340,0.93725
2341,0.94706
2342,0.92549
2343,0.95098
2344,0.97647
2345,0.97059
2346,0.98235
2347,0.96078
2348,0.95098
2349,0.95686
2350,0.93137
2351,0.92157
2352,0.91176
2353,0.90588
2354,0.90588
2355,0.90588
2356,0.90196
2357,0.91569
2358,0.97647
2359,1.0373
2360,0.43922
2361,-0.50196
2362,-0.50196
2363,-0.50196
2364,-0.50196
2365,-0.50196
2366,-0.50196
2367,-0.29216
2368,0.12353
2369,0.51569
2370,0.81569
2371,0.99608
2372,1.202
2373,1.3176
2374,1.3569
2375,1.3725
2376,1.3784
2377,1.3784
2378,1.3824
2379,1.3824
2380,1.3882
2381,1.398
2382,1.402
2383,1.4176
2384,1.4333
2385,1.4529
2386,1.4784
2387,1.5039
2388,1.5039
2389,1.5039
2390,1.5039
2391,1.5039
2392,1.5039
2393,1.5039
2394,1.5039
2395,1.5039
2396,1.5039
2397,1.5039
2398,1.5039
2399,1.5039
2400,1.398
2401,1.2765
2402,1.1824
2403,1.1118
2404,1.0569
2405,1.0157
2406,0.99216
2407,0.98235
2408,0.97647
2409,0.97059
2410,0.97059
2411,0.97059
2412,0.97059
2413,0.97647
2414,0.97647
2415,0.97647
2416,0.97647
2417,0.97647
2418,0.97059
2419,0.97059
2420,0.97059
2421,0.96667
2422,0.96667
2423,0.96078
2424,0.96078
2425,0.96078
2426,0.96078
2427,0.96078
2428,0.95686
2429,0.96078
2430,0.96078
2431,0.96078
2432,0.96667
2433,0.96667
2434,0.96667
2435,0.96667
2436,0.97059
2437,0.97647
2438,0.98235
2439,1.002
2440,1.0059
2441,1.0059
2442,0.98627
2443,0.98235
2444,0.98627
2445,0.96667
2446,0.94706
2447,0.92549
2448,0.91176
2449,0.91176
2450,0.90588
2451,0.91176
2452,0.91569
2453,0.95686
2454,1.0412
2455,0.70588
2456,-0.10196
2457,-0.50196
2458,-0.50196
2459,-0.50196
2460,-0.50196
2461,-0.50196
2462,-0.39216
2463,-0.037255
2464,0.36471
2465,0.73137
2466,0.92549
2467,1.102
2468,1.2725
2469,1.3216
2470,1.3431
2471,1.3471
2472,1.3529
2473,1.3569
2474,1.3627
2475,1.3627
2476,1.3725
2477,1.3784
2478,1.3824
2479,1.398
2480,1.4078
2481,1.4373
2482,1.4686
2483,1.5039
2484,1.5039
2485,1.5039
2486,1.5039
2487,1.5039
2488,1.5039
2489,1.5039
2490,1.5039
2491,1.5039
2492,1.5039
2493,1.5039
2494,1.5039
2495,1.4431
2496,1.3118
2497,1.2118
2498,1.1314
2499,1.0725
2500,1.0216
2501,0.99608
2502,0.97059
2503,0.96078
2504,0.95686
2505,0.95686
2506,0.95098
2507,0.95098
2508,0.95098
2509,0.95098
2510,0.95098
2511,0.95686
2512,0.96078
2513,0.96078
2514,0.96667
2515,0.96667
2516,0.97059
2517,0.97059
2518,0.97059
2519,0.96078
2520,0.96078
2521,0.95686
2522,0.96078
2523,0.95686
2524,0.96078
2525,0.95098
2526,0.95686
2527,0.95686
2528,0.96078
2529,0.96667
2530,0.97647
2531,1.002
2532,1.0059
2533,1.002
2534,1.0059
2535,0.98627
2536,0.99216
2537,0.97059
2538,0.95098
2539,0.92549
2540,0.91176
2541,0.91176
2542,0.91176
2543,0.91176
2544,0.91176
2545,0.94706
2546,1.0314
2547,0.82549
2548,0.04902
2549,-0.50196
2550,-0.50196
2551,-0.50196
2552,-0.50196
2553,-0.50196
2554,-0.44706
2555,-0.11176
2556,0.2902
2557,0.66471
2558,0.88627
2559,1.0608
2560,1.2471
2561,1.3118
2562,1.3333
2563,1.3373
2564,1.3471
2565,1.3471
2566,1.3529
2567,1.3529
2568,1.3627
2569,1.3725
2570,1.3784
2571,1.3882
2572,1.402
2573,1.4275
2574,1.4627
2575,1.5039
2576,1.5039
2577,1.5039
2578,1.5039
2579,1.5039
2580,1.5039
2581,1.5039
2582,1.5039
2583,1.5039
2584,1.5039
2585,1.5039
2586,1.5039
2587,1.4471
2588,1.3176
2589,1.2176
2590,1.1314
2591,1.0725
2592,1.0216
2593,0.99216
2594,0.97059
2595,0.96078
2596,0.95098
2597,0.95098
2598,0.95098
2599,0.95098
2600,0.95098
2601,0.95686
2602,0.95098
2603,0.95686
2604,0.95686
2605,0.96078
2606,0.95686
2607,0.96078
2608,0.96078
2609,0.96078
2610,0.95686
2611,0.95686
2612,0.95686
2613,0.95686
2614,0.95098
2615,0.95098
2616,0.95098
2617,0.95098
2618,0.95686
2619,0.95098
2620,0.96078
2621,0.96078
2622,0.98235
2623,0.99608
2624,0.99608
2625,0.99608
2626,0.99216
2627,0.98235
2628,0.97647
2629,0.97059
2630,0.93137
2631,0.91569
2632,0.90588
2633,0.91176
2634,0.90588
2635,0.90196
2636,0.91176
2637,0.95686
2638,1.0314
2639,0.64118
2640,-0.17255
2641,-0.50196
2642,-0.50196
2643,-0.50196
2644,-0.50196
2645,-0.50196
2646,-0.37843
2647,0.0039216
2648,0.40392
2649,0.75098
2650,0.91569
2651,1.1176
2652,1.2627
2653,1.3176
2654,1.3275
2655,1.3373
2656,1.3431
2657,1.3333
2658,1.3471
2659,1.3529
2660,1.3431
2661,1.3725
2662,1.3784
2663,1.398
2664,1.4176
2665,1.4471
2666,1.4725
2667,1.5039
2668,1.5039
2669,1.5039
2670,1.5039
2671,1.5039
2672,1.5039
2673,1.5039
2674,1.5039
2675,1.5039
2676,1.5039
2677,1.5039
2678,1.5039
2679,1.3922
2680,1.2667
2681,1.1569
2682,1.0824
2683,1.0216
2684,0.98627
2685,0.95686
2686,0.94706
2687,0.93725
2688,0.93137
2689,0.92549
2690,0.92549
2691,0.93137
2692,0.93137
2693,0.94118
2694,0.94118
2695,0.94706
2696,0.95098
2697,0.95098
2698,0.95098
2699,0.95098
2700,0.95098
2701,0.95098
2702,0.95098
2703,0.95098
2704,0.95098
2705,0.95098
2706,0.95098
2707,0.95098
2708,0.95098
2709,0.95098
2710,0.95686
2711,0.95686
2712,0.97059
2713,0.97647
2714,0.99608
2715,1.0059
2716,1.002
2717,0.99608
2718,0.98235
2719,0.98627
2720,0.97647
2721,0.95686
2722,0.94118
2723,0.92157
2724,0.91176
2725,0.91176
2726,0.90588
2727,0.90588
2728,0.93725
2729,1.0118
2730,1.051
2731,0.25882
2732,-0.50196
2733,-0.50196
2734,-0.50196
2735,-0.50196
2736,-0.50196
2737,-0.50196
2738,-0.21765
2739,0.18431
2740,0.58039
2741,0.85686
2742,1.0275
2743,1.2275
2744,1.3216
2745,1.3529
2746,1.3667
2747,1.3725
2748,1.3725
2749,1.3784
2750,1.3824
2751,1.3882
2752,1.398
2753,1.398
2754,1.4078
2755,1.4235
2756,1.4471
2757,1.4824
2758,1.5039
2759,1.5039
2760,1.5039
2761,1.5039
2762,1.5039
2763,1.5039
2764,1.5039
2765,1.5039
2766,1.5039
2767,1.5039
2768,1.5039
2769,1.5039
2770,1.4922
2771,1.3569
2772,1.2431
2773,1.151
2774,1.0863
2775,1.0314
2776,1.002
2777,0.97647
2778,0.97059
2779,0.95686
2780,0.95098
2781,0.95098
2782,0.95098
2783,0.95098
2784,0.95098
2785,0.95686
2786,0.95098
2787,0.95686
2788,0.95686
2789,0.96078
2790,0.96667
2791,0.96078
2792,0.96667
2793,0.96667
2794,0.96078
2795,0.96078
2796,0.95686
2797,0.95686
2798,0.95686
2799,0.96078
2800,0.96078
2801,0.96078
2802,0.95686
2803,0.96078
2804,0.96078
2805,0.96667
2806,0.97647
2807,1.002
2808,1.0059
2809,1.002
2810,1.0059
2811,0.98627
2812,0.99216
2813,0.97059
2814,0.94706
2815,0.92549
2816,0.91569
2817,0.91176
2818,0.91176
2819,0.90588
2820,0.91569
2821,0.95098
2822,1.0373
2823,0.80588
2824,0.023529
2825,-0.50196
2826,-0.50196
2827,-0.50196
2828,-0.50196
2829,-0.50196
2830,-0.44314
2831,-0.10196
2832,0.3
2833,0.68039
2834,0.90196
2835,1.0725
2836,1.2529
2837,1.3176
2838,1.3333
2839,1.3431
2840,1.3529
2841,1.3529
2842,1.3569
2843,1.3627
2844,1.3667
2845,1.3725
2846,1.3784
2847,1.398
2848,1.4118
2849,1.4373
2850,1.4627
2851,1.5039
2852,1.5039
2853,1.5039
2854,1.5039
2855,1.5039
2856,1.5039
2857,1.5039
2858,1.5039
2859,1.5039
2860,1.5039
2861,1.5039
2862,1.5039
2863,1.4373
2864,1.3118
2865,1.2118
2866,1.1275
2867,1.0667
2868,1.0275
2869,0.99608
2870,0.97647
2871,0.96667
2872,0.96078
2873,0.95098
2874,0.95098
2875,0.95098
2876,0.94706
2877,0.95098
2878,0.95098
2879,0.95686
2880,0.95686
2881,0.95686
2882,0.96078
2883,0.96078
2884,0.95686
2885,0.96078
2886,0.96078
2887,0.95686
2888,0.95686
2889,0.95686
2890,0.95098
2891,0.95686
2892,0.95098
2893,0.95098
2894,0.95098
2895,0.95098
2896,0.95098
2897,0.95686
2898,0.96078
2899,0.97647
2900,0.99608
2901,1.002
2902,0.99608
2903,0.98627
2904,0.97647
2905,0.98235
2906,0.96078
2907,0.94118
2908,0.91569
2909,0.90588
2910,0.92157
2911,0.90588
2912,0.90588
2913,0.90196
2914,0.94118
2915,1.051
2916,0.6902
2917,-0.12745
2918,-0.50196
2919,-0.50196
2920,-0.50196
2921,-0.50196
2922,-0.50196
2923,-0.40784
2924,-0.021569
2925,0.38431
2926,0.73137
2927,0.91569
2928,1.102
2929,1.2529
2930,1.3118
2931,1.3176
2932,1.3431
2933,1.3529
2934,1.3373
2935,1.3333
2936,1.3569
2937,1.3471
2938,1.3431
2939,1.3784
2940,1.3824
2941,1.402
2942,1.4431
2943,1.4686
2944,1.5039
2945,1.5039
2946,1.5039
2947,1.5039
2948,1.5039
2949,1.5039
2950,1.5039
2951,1.5039
2952,1.5039
2953,1.5039
2954,1.5039
2955,1.5039
2956,1.398
2957,1.2667
2958,1.1667
2959,1.0824
2960,1.0216
2961,0.98627
2962,0.95686
2963,0.93725
2964,0.93137
2965,0.93137
2966,0.93137
2967,0.92549
2968,0.93137
2969,0.92549
2970,0.94706
2971,0.94118
2972,0.95098
2973,0.95098
2974,0.95098
2975,0.94706
2976,0.95098
2977,0.95686
2978,0.95098
2979,0.95098
2980,0.95098
2981,0.94706
2982,0.95098
2983,0.94706
2984,0.95098
2985,0.94706
2986,0.94706
2987,0.95098
2988,0.94706
2989,0.95686
2990,0.97059
2991,0.99216
2992,1.002
2993,1.002
2994,0.98627
2995,0.97647
2996,0.97647
2997,0.96667
2998,0.95098
2999,0.92549
3000,0.91569
3001,0.91569
3002,0.91176
3003,0.91176
3004,0.91569
3005,0.95098
3006,1.0373
3007,0.85098
3008,0.052941
3009,-0.50196
3010,-0.50196
3011,-0.50196
3012,-0.50196
3013,-0.50196
3014,-0.48824
3015,-0.13137
3016,0.26863
3017,0.66471
3018,0.8902
3019,1.0667
3020,1.2569
3021,1.3275
3022,1.3529
3023,1.3569
3024,1.3667
3025,1.3725
3026,1.3784
3027,1.3784
3028,1.3824
3029,1.3882
3030,1.398
3031,1.4078
3032,1.4235
3033,1.4471
3034,1.4882
3035,1.5039
3036,1.5039
3037,1.5039
3038,1.5039
3039,1.5039
3040,1.5039
3041,1.5039
3042,1.5039
3043,1.5039
3044,1.5039
3045,1.5039
3046,1.5039
3047,1.4529
3048,1.3176
3049,1.2118
3050,1.1314
3051,1.0667
3052,1.0216
3053,0.99608
3054,0.97647
3055,0.96078
3056,0.95098
3057,0.95098
3058,0.94706
3059,0.95098
3060,0.95098
3061,0.95098
3062,0.95686
3063,0.95098
3064,0.96078
3065,0.95686
3066,0.95686
3067,0.96078
3068,0.95098
3069,0.95098
3070,0.95098
3071,0.95098
3072,0.95098
3073,0.95098
3074,0.95098
3075,0.95098
3076,0.95098
3077,0.95098
3078,0.95098
3079,0.94706
3080,0.95098
3081,0.95098
3082,0.96078
3083,0.97059
3084,0.99608
3085,1.002
3086,0.99216
3087,0.98235
3088,0.97059
3089,0.97647
3090,0.95686
3091,0.93725
3092,0.92157
3093,0.90588
3094,0.90588
3095,0.90588
3096,0.90588
3097,0.90588
3098,0.94706
3099,1.0373
3100,0.75098
3101,-0.047059
3102,-0.50196
3103,-0.50196
3104,-0.50196
3105,-0.50196
3106,-0.50196
3107,-0.42745
3108,-0.082353
3109,0.31961
3110,0.6902
3111,0.90196
3112,1.0824
3113,1.2569
3114,1.3176
3115,1.3333
3116,1.3471
3117,1.3431
3118,1.3529
3119,1.3529
3120,1.3569
3121,1.3627
3122,1.3667
3123,1.3784
3124,1.3882
3125,1.402
3126,1.4275
3127,1.4627
3128,1.5039
3129,1.5039
3130,1.5039
3131,1.5039
3132,1.5039
3133,1.5039
3134,1.5039
3135,1.5039
3136,1.5039
3137,1.5039
3138,1.5039
3139,1.5039
3140,1.4333
3141,1.3118
3142,1.202
3143,1.1275
3144,1.0608
3145,1.0157
3146,0.99216
3147,0.97059
3148,0.96078
3149,0.95686
3150,0.95098
3151,0.95686
3152,0.96078
3153,0.95686
3154,0.95098
3155,0.95686
3156,0.95686
3157,0.96078
3158,0.96667
3159,0.96667
3160,0.96078
3161,0.96078
3162,0.96078
3163,0.96078
3164,0.96078
3165,0.95686
3166,0.96078
3167,0.96078
3168,0.96078
3169,0.96078
3170,0.96078
3171,0.95686
3172,0.96078
3173,0.96078
3174,0.97059
3175,0.97647
3176,0.99608
3177,1.0059
3178,1.002
3179,1.0059
3180,0.98627
3181,0.99216
3182,0.97647
3183,0.95686
3184,0.93725
3185,0.92157
3186,0.91569
3187,0.91176
3188,0.91176
3189,0.91569
3190,0.93725
3191,1.0118
3192,1.0471
3193,0.26471
3194,-0.50196
3195,-0.50196
3196,-0.50196
3197,-0.50196
3198,-0.50196
3199,-0.50196
3200,-0.20784
3201,0.17843
3202,0.57451
3203,0.83529
3204,1.0118
3205,1.2078
3206,1.298
3207,1.3176
3208,1.3275
3209,1.3431
3210,1.3471
3211,1.3333
3212,1.3569
3213,1.3471
3214,1.3784
3215,1.3627
3216,1.3922
3217,1.3824
3218,1.4235
3219,1.4529
3220,1.4882
3221,1.5039
3222,1.5039
3223,1.5039
3224,1.5039
3225,1.5039
3226,1.5039
3227,1.5039
3228,1.5039
3229,1.5039
3230,1.5039
3231,1.5039
3232,1.4686
3233,1.3275
3234,1.2118
3235,1.1314
3236,1.0569
3237,1.0216
3238,0.99608
3239,0.95098
3240,0.94118
3241,0.94706
3242,0.93137
3243,0.92549
3244,0.93137
3245,0.91569
3246,0.92549
3247,0.93725
3248,0.93725
3249,0.93725
3250,0.94118
3251,0.93725
3252,0.93137
3253,0.95098
3254,0.94118
3255,0.93725
3256,0.94118
3257,0.93137
3258,0.94118
3259,0.93725
3260,0.93137
3261,0.92549
3262,0.93137
3263,0.94118
3264,0.95098
3265,0.95098
3266,0.97059
3267,0.98627
3268,0.98235
3269,0.97647
3270,0.95686
3271,0.96667
3272,0.97059
3273,0.94118
3274,0.92549
3275,0.91176
3276,0.90588
3277,0.90588
3278,0.90588
3279,0.90588
3280,0.92549
3281,0.98627
3282,1.0412
3283,0.4549
3284,-0.44706
3285,-0.50196
3286,-0.50196
3287,-0.50196
3288,-0.50196
3289,-0.50196
3290,-0.30784
3291,0.094118
3292,0.50588
3293,0.82549
3294,1.002
3295,1.1961
3296,1.3275
3297,1.3627
3298,1.3784
3299,1.3784
3300,1.3824
3301,1.3882
3302,1.3922
3303,1.398
3304,1.398
3305,1.4078
3306,1.4176
3307,1.4333
3308,1.4471
3309,1.4824
3310,1.5039
3311,1.5039
3312,1.5039
3313,1.5039
3314,1.5039
3315,1.5039
3316,1.5039
3317,1.5039
3318,1.5039
3319,1.5039
3320,1.5039
3321,1.5039
3322,1.5039
3323,1.3882
3324,1.2667
3325,1.1725
3326,1.102
3327,1.0412
3328,1.0059
3329,0.98235
3330,0.97059
3331,0.96078
3332,0.95686
3333,0.95098
3334,0.95098
3335,0.95686
3336,0.96078
3337,0.96667
3338,0.96667
3339,0.96667
3340,0.97059
3341,0.97647
3342,0.96667
3343,0.97059
3344,0.96667
3345,0.96078
3346,0.95686
3347,0.96078
3348,0.95686
3349,0.95686
3350,0.95098
3351,0.95098
3352,0.95098
3353,0.95098
3354,0.94706
3355,0.94706
3356,0.94706
3357,0.95098
3358,0.95098
3359,0.96078
3360,0.97647
3361,1.002
3362,0.99608
3363,1.002
3364,0.97647
3365,0.98235
3366,0.97647
3367,0.95098
3368,0.92549
3369,0.91176
3370,0.91176
3371,0.91176
3372,0.90588
3373,0.90588
3374,0.93137
3375,0.99216
3376,1.0412
3377,0.3451
3378,-0.49804
3379,-0.50196
3380,-0.50196
3381,-0.50196
3382,-0.50196
3383,-0.50196
3384,-0.25686
3385,0.12941
3386,0.53529
3387,0.82549
3388,0.99608
3389,1.1863
3390,1.302
3391,1.3275
3392,1.3431
3393,1.3471
3394,1.3529
3395,1.3529
3396,1.3569
3397,1.3627
3398,1.3667
3399,1.3784
3400,1.3784
3401,1.398
3402,1.4118
3403,1.4431
3404,1.4824
3405,1.5039
3406,1.5039
3407,1.5039
3408,1.5039
3409,1.5039
3410,1.5039
3411,1.5039
3412,1.5039
3413,1.5039
3414,1.5039
3415,1.5039
3416,1.502
3417,1.3725
3418,1.2569
3419,1.1627
3420,1.0961
3421,1.0373
3422,1.002
3423,0.97647
3424,0.96667
3425,0.95098
3426,0.95098
3427,0.95098
3428,0.95098
3429,0.95098
3430,0.95098
3431,0.95686
3432,0.96667
3433,0.96078
3434,0.96667
3435,0.96078
3436,0.96078
3437,0.96667
3438,0.96078
3439,0.96078
3440,0.95686
3441,0.96078
3442,0.95686
3443,0.96078
3444,0.95098
3445,0.95686
3446,0.95098
3447,0.95098
3448,0.95098
3449,0.95686
3450,0.96078
3451,0.97059
3452,0.98627
3453,1.002
3454,0.99608
3455,1.002
3456,0.98235
3457,0.99216
3458,0.97647
3459,0.95686
3460,0.93725
3461,0.91569
3462,0.91176
3463,0.91176
3464,0.91176
3465,0.91176
3466,0.92549
3467,0.99216
3468,1.0412
3469,0.3549
3470,-0.48824
3471,-0.50196
3472,-0.50196
3473,-0.50196
3474,-0.50196
3475,-0.50196
3476,-0.24706
3477,0.12353
3478,0.52941
3479,0.81569
3480,0.99608
3481,1.1824
3482,1.2922
3483,1.3216
3484,1.3333
3485,1.3431
3486,1.3471
3487,1.3529
3488,1.3569
3489,1.3569
3490,1.3667
3491,1.3725
3492,1.3824
3493,1.398
3494,1.4176
3495,1.4471
3496,1.4882
3497,1.5039
3498,1.5039
3499,1.5039
3500,1.5039
3501,1.5039
3502,1.5039
3503,1.5039
3504,1.5039
3505,1.5039
3506,1.5039
3507,1.5039
3508,1.4882
3509,1.3627
3510,1.2373
3511,1.151
3512,1.0824
3513,1.0412
3514,0.99608
3515,0.96667
3516,0.97059
3517,0.95686
3518,0.96078
3519,0.95098
3520,0.94118
3521,0.95098
3522,0.95098
3523,0.95098
3524,0.95098
3525,0.94706
3526,0.94118
3527,0.95098
3528,0.94706
3529,0.95098
3530,0.93725
3531,0.94706
3532,0.95098
3533,0.93137
3534,0.94706
3535,0.92549
3536,0.93137
3537,0.93725
3538,0.93137
3539,0.94118
3540,0.92549
3541,0.94118
3542,0.93137
3543,0.95098
3544,0.96078
3545,0.97059
3546,0.97647
3547,0.97059
3548,0.94118
3549,0.95686
3550,0.93137
3551,0.93725
3552,0.91176
3553,0.90196
3554,0.88039
3555,0.8902
3556,0.89608
3557,0.8902
3558,0.91569
3559,1.0059
3560,1.0471
3561,0.2902
3562,-0.50196
3563,-0.50196
3564,-0.50196
3565,-0.50196
3566,-0.50196
3567,-0.50196
3568,-0.22157
3569,0.18431
3570,0.5902
3571,0.85686
3572,1.0412
3573,1.2314
3574,1.3333
3575,1.3569
3576,1.3784
3577,1.3784
3578,1.3784
3579,1.3824
3580,1.3882
3581,1.3922
3582,1.398
3583,1.4078
3584,1.4235
3585,1.4333
3586,1.4569
3587,1.4882
3588,1.5039
3589,1.5039
3590,1.5039
3591,1.5039
3592,1.5039
3593,1.5039
3594,1.5039
3595,1.5039
3596,1.5039
3597,1.5039
3598,1.5039
3599,1.5039
3600,1.5039
3601,1.3725
3602,1.2569
3603,1.1667
3604,1.0961
3605,1.051
3606,1.0157
3607,0.99608
3608,0.98235
3609,0.97059
3610,0.96667
3611,0.96667
3612,0.96078
3613,0.97059
3614,0.97059
3615,0.97647
3616,0.97647
3617,0.97647
3618,0.97647
3619,0.97647
3620,0.97647
3621,0.97647
3622,0.97059
3623,0.97059
3624,0.97059
3625,0.96078
3626,0.96667
3627,0.96078
3628,0.96078
3629,0.96667
3630,0.96667
3631,0.96078
3632,0.96078
3633,0.95686
3634,0.96078
3635,0.95686
3636,0.96667
3637,0.96667
3638,0.98235
3639,1.002
3640,1.0118
3641,1.0118
3642,1.002
3643,0.99608
3644,0.99216
3645,0.97647
3646,0.95098
3647,0.93725
3648,0.92157
3649,0.91569
3650,0.91569
3651,0.91176
3652,0.91569
3653,0.95098
3654,1.0373
3655,0.78627
3656,-0.0019608
3657,-0.50196
3658,-0.50196
3659,-0.50196
3660,-0.50196
3661,-0.50196
3662,-0.43725
3663,-0.086275
3664,0.31373
3665,0.6902
3666,0.90196
3667,1.0824
3668,1.2627
3669,1.3176
3670,1.3373
3671,1.3529
3672,1.3529
3673,1.3569
3674,1.3627
3675,1.3569
3676,1.3667
3677,1.3725
3678,1.3784
3679,1.3922
3680,1.4078
3681,1.4333
3682,1.4627
3683,1.5039
3684,1.5039
3685,1.5039
3686,1.5039
3687,1.5039
3688,1.5039
3689,1.5039
3690,1.5039
3691,1.5039
3692,1.5039
3693,1.5039
3694,1.5039
3695,1.4569
3696,1.3333
3697,1.2216
3698,1.1373
3699,1.0765
3700,1.0275
3701,0.99608
3702,0.97647
3703,0.96078
3704,0.95686
3705,0.96078
3706,0.95098
3707,0.95686
3708,0.95686
3709,0.96078
3710,0.96078
3711,0.95686
3712,0.96667
3713,0.96667
3714,0.96667
3715,0.96667
3716,0.96667
3717,0.96667
3718,0.96078
3719,0.95686
3720,0.95686
3721,0.95098
3722,0.95686
3723,0.95098
3724,0.95686
3725,0.95686
3726,0.96078
3727,0.95686
3728,0.96078
3729,0.97059
3730,0.97647
3731,1.002
3732,1.0059
3733,1.002
3734,0.99608
3735,0.98627
3736,0.99216
3737,0.97059
3738,0.95686
3739,0.93137
3740,0.92157
3741,0.91569
3742,0.91176
3743,0.91176
3744,0.90588
3745,0.94118
3746,1.0275
3747,1.0314
3748,0.13333
3749,-0.50196
3750,-0.50196
3751,-0.50196
3752,-0.50196
3753,-0.50196
3754,-0.47843
3755,-0.14706
3756,0.2451
3757,0.62941
3758,0.86667
3759,1.051
3760,1.2275
3761,1.302
3762,1.3216
3763,1.3431
3764,1.3471
3765,1.3529
3766,1.3529
3767,1.3431
3768,1.3529
3769,1.3569
3770,1.3725
3771,1.3882
3772,1.3922
3773,1.4275
3774,1.4529
3775,1.498
3776,1.5039
3777,1.5039
3778,1.5039
3779,1.5039
3780,1.5039
3781,1.5039
3782,1.5039
3783,1.5039
3784,1.5039
3785,1.5039
3786,1.5039
3787,1.4431
3788,1.3118
3789,1.2118
3790,1.1275
3791,1.0569
3792,0.99216
3793,0.97059
3794,0.97647
3795,0.94118
3796,0.93725
3797,0.92549
3798,0.91569
3799,0.93725
3800,0.92549
3801,0.91569
3802,0.93137
3803,0.92549
3804,0.93137
3805,0.92157
3806,0.90588
3807,0.93725
3808,0.92157
3809,0.92549
3810,0.91176
3811,0.92549
3812,0.92157
3813,0.92549
3814,0.92157
3815,0.92157
3816,0.92549
3817,0.92157
3818,0.92549
3819,0.92549
3820,0.93137
3821,0.95098
3822,0.96078
3823,0.97059
3824,0.96667
3825,0.95098
3826,0.95686
3827,0.95686
3828,0.94118
3829,0.92157
3830,0.90588
3831,0.90196
3832,0.8902
3833,0.89608
3834,0.90588
3835,0.90588
3836,0.95686
3837,1.051
3838,0.72549
3839,-0.13725
3840,-0.50196
3841,-0.50196
3842,-0.50196
3843,-0.50196
3844,-0.50196
3845,-0.41765
3846,-0.031373
3847,0.37451
3848,0.74118
3849,0.94706
3850,1.1216
3851,1.2922
3852,1.3471
3853,1.3667
3854,1.3784
3855,1.3784
3856,1.3824
3857,1.3882
3858,1.3922
3859,1.398
3860,1.398
3861,1.4176
3862,1.4235
3863,1.4471
3864,1.4686
3865,1.5039
3866,1.5039
3867,1.5039
3868,1.5039
3869,1.5039
3870,1.5039
3871,1.5039
3872,1.5039
3873,1.5039
3874,1.5039
3875,1.5039
3876,1.5039
3877,1.5039
3878,1.4373
3879,1.3118
3880,1.2078
3881,1.1216
3882,1.0725
3883,1.0275
3884,0.99608
3885,0.97647
3886,0.96667
3887,0.96667
3888,0.96078
3889,0.95686
3890,0.95686
3891,0.96078
3892,0.97059
3893,0.96667
3894,0.96078
3895,0.96667
3896,0.96667
3897,0.96667
3898,0.96667
3899,0.96667
3900,0.96667
3901,0.96667
3902,0.96078
3903,0.96667
3904,0.95686
3905,0.95098
3906,0.95098
3907,0.95098
3908,0.95098
3909,0.95098
3910,0.95098
3911,0.95098
3912,0.95098
3913,0.96078
3914,0.96078
3915,0.98235
3916,0.99608
3917,1.002
3918,1.002
3919,0.98627
3920,0.98235
3921,0.98235
3922,0.96078
3923,0.94118
3924,0.92549
3925,0.91569
3926,0.90588
3927,0.90588
3928,0.91176
3929,0.91569
3930,0.96078
3931,1.0412
3932,0.66471
3933,-0.14706
3934,-0.50196
3935,-0.50196
3936,-0.50196
3937,-0.50196
3938,-0.50196
3939,-0.38235
3940,-0.015686
3941,0.38431
3942,0.74118
3943,0.92549
3944,1.1176
3945,1.2765
3946,1.3216
3947,1.3373
3948,1.3471
3949,1.3529
3950,1.3569
3951,1.3569
3952,1.3627
3953,1.3725
3954,1.3784
3955,1.3882
3956,1.398
3957,1.4176
3958,1.4431
3959,1.4784
3960,1.5039
3961,1.5039
3962,1.5039
3963,1.5039
3964,1.5039
3965,1.5039
3966,1.5039
3967,1.5039
3968,1.5039
3969,1.5039
3970,1.5039
3971,1.5039
3972,1.4275
3973,1.3078
3974,1.2078
3975,1.1275
3976,1.0667
3977,1.0157
3978,0.99608
3979,0.97647
3980,0.96667
3981,0.95686
3982,0.95686
3983,0.95686
3984,0.95686
3985,0.95686
3986,0.96078
3987,0.95686
3988,0.96078
3989,0.96667
3990,0.97059
3991,0.97059
3992,0.96667
3993,0.96667
3994,0.96667
3995,0.96667
3996,0.96667
3997,0.97059
3998,0.96667
3999,0.96667
4000,0.96078
4001,0.95686
4002,0.95686
4003,0.96078
4004,0.95686
4005,0.96078
4006,0.97059
4007,0.98235
4008,1.002
4009,1.0059
4010,1.0059
4011,0.99216
4012,0.98235
4013,0.98627
4014,0.97059
4015,0.95098
4016,0.92549
4017,0.91569
4018,0.91569
4019,0.91176
4020,0.91569
4021,0.91176
4022,0.95686
4023,1.0471
4024,0.76078
4025,-0.031373
4026,-0.50196
4027,-0.50196
4028,-0.50196
4029,-0.50196
4030,-0.50196
4031,-0.41176
4032,-0.060784
4033,0.33922
4034,0.7098
4035,0.91569
4036,1.0922
4037,1.2667
4038,1.3275
4039,1.3431
4040,1.3529
4041,1.3569
4042,1.3627
4043,1.3667
4044,1.3667
4045,1.3725
4046,1.3784
4047,1.3882
4048,1.398
4049,1.4176
4050,1.4431
4051,1.4824
4052,1.5039
4053,1.5039
4054,1.5039
4055,1.5039
4056,1.5039
4057,1.5039
4058,1.5039
4059,1.5039
4060,1.5039
4061,1.5039
4062,1.5039
4063,1.5039
4064,1.4373
4065,1.3078
4066,1.2118
4067,1.1275
4068,1.0667
4069,1.0412
4070,0.98627
4071,0.99216
4072,0.96667
4073,0.97059
4074,0.96078
4075,0.94706
4076,0.96078
4077,0.95686
4078,0.96667
4079,0.94706
4080,0.95686
4081,0.96667
4082,0.96078
4083,0.95098
4084,0.95098
4085,0.95098
4086,0.95098
4087,0.93725
4088,0.95098
4089,0.94118
4090,0.94706
4091,0.93137
4092,0.95098
4093,0.93725
4094,0.92549
4095,0.94118
4096,0.94706
4097,0.93137
4098,0.91569
4099,0.98235
4100,0.97059
4101,0.97647
4102,0.97059
4103,0.96667
4104,0.96078
4105,0.95098
4106,0.93725
4107,0.92549
4108,0.88627
4109,0.91176
4110,0.90588
4111,0.90196
4112,0.90588
4113,0.91569
4114,0.98627
4115,1.0412
4116,0.34902
4117,-0.50196
4118,-0.50196
4119,-0.50196
4120,-0.50196
4121,-0.50196
4122,-0.50196
4123,-0.25294
4124,0.15882
4125,0.5549
4126,0.8451
4127,1.0275
4128,1.2176
4129,1.3333
4130,1.3627
4131,1.3725
4132,1.3784
4133,1.3784
4134,1.3882
4135,1.3824
4136,1.3922
4137,1.3922
4138,1.402
4139,1.4176
4140,1.4333
4141,1.4569
4142,1.4882
4143,1.5039
4144,1.5039
4145,1.5039
4146,1.5039
4147,1.5039
4148,1.5039
4149,1.5039
4150,1.5039
4151,1.5039
4152,1.5039
4153,1.5039
4154,1.5039
4155,1.5039
4156,1.3824
4157,1.2667
4158,1.1765
4159,1.1059
4160,1.051
4161,1.0157
4162,0.99216
4163,0.97647
4164,0.97059
4165,0.96667
4166,0.96667
4167,0.96667
4168,0.96667
4169,0.97647
4170,0.97647
4171,0.97647
4172,0.97647
4173,0.97647
4174,0.97647
4175,0.97647
4176,0.97059
4177,0.96667
4178,0.96667
4179,0.97059
4180,0.97059
4181,0.96078
4182,0.96078
4183,0.96078
4184,0.95686
4185,0.96078
4186,0.95686
4187,0.96078
4188,0.96667
4189,0.96667
4190,0.96667
4191,0.96667
4192,0.97647
4193,0.97647
4194,1.002
4195,1.0118
4196,1.0118
4197,0.99608
4198,0.98235
4199,0.98627
4200,0.97059
4201,0.95098
4202,0.93137
4203,0.92157
4204,0.91569
4205,0.92157
4206,0.92157
4207,0.91569
4208,0.95686
4209,1.0373
4210,0.79608
4211,-0.0019608
4212,-0.50196
4213,-0.50196
4214,-0.50196
4215,-0.50196
4216,-0.50196
4217,-0.45294
4218,-0.092157
4219,0.3098
4220,0.68627
4221,0.90196
4222,1.0725
4223,1.2569
4224,1.3176
4225,1.3373
4226,1.3529
4227,1.3529
4228,1.3569
4229,1.3627
4230,1.3627
4231,1.3725
4232,1.3784
4233,1.3824
4234,1.398
4235,1.4078
4236,1.4373
4237,1.4627
4238,1.5039
4239,1.5039
4240,1.5039
4241,1.5039
4242,1.5039
4243,1.5039
4244,1.5039
4245,1.5039
4246,1.5039
4247,1.5039
4248,1.5039
4249,1.5039
4250,1.4627
4251,1.3333
4252,1.2216
4253,1.1412
4254,1.0765
4255,1.0275
4256,0.99608
4257,0.97647
4258,0.97059
4259,0.96078
4260,0.95686
4261,0.95098
4262,0.95098
4263,0.95098
4264,0.95098
4265,0.96078
4266,0.96078
4267,0.96078
4268,0.96078
4269,0.96667
4270,0.96078
4271,0.96078
4272,0.95098
4273,0.96078
4274,0.96078
4275,0.95686
4276,0.96078
4277,0.95098
4278,0.95686
4279,0.95098
4280,0.95098
4281,0.95098
4282,0.95686
4283,0.96667
4284,0.96667
4285,0.97647
4286,1.002
4287,1.0118
4288,1.002
4289,0.98235
4290,0.98235
4291,0.97647
4292,0.95686
4293,0.94118
4294,0.92157
4295,0.91176
4296,0.90588
4297,0.91176
4298,0.90588
4299,0.91569
4300,0.96667
4301,1.0412
4302,0.61569
4303,-0.20196
4304,-0.50196
4305,-0.50196
4306,-0.50196
4307,-0.50196
4308,-0.50196
4309,-0.36275
4310,0.0078431
4311,0.4098
4312,0.7549
4313,0.94706
4314,1.1275
4315,1.2824
4316,1.3216
4317,1.3373
4318,1.3471
4319,1.3529
4320,1.3529
4321,1.3569
4322,1.3569
4323,1.3667
4324,1.3725
4325,1.3784
4326,1.3922
4327,1.4078
4328,1.4431
4329,1.4725
4330,1.5039
4331,1.5039
4332,1.5039
4333,1.5039
4334,1.5039
4335,1.5039
4336,1.5039
4337,1.5039
4338,1.5039
4339,1.5039
4340,1.5039
4341,1.5039
4342,1.4078
4343,1.2882
4344,1.1863
4345,1.1059
4346,1.0569
4347,1.0118
4348,0.98627
4349,0.97059
4350,0.95686
4351,0.95098
4352,0.94118
4353,0.94706
4354,0.94118
4355,0.95098
4356,0.93725
4357,0.95686
4358,0.95098
4359,0.96078
4360,0.95098
4361,0.95686
4362,0.95098
4363,0.94706
4364,0.95098
4365,0.96667
4366,0.94706
4367,0.92549
4368,0.93725
4369,0.93725
4370,0.92549
4371,0.94118
4372,0.92549
4373,0.91176
4374,0.94118
4375,0.95098
4376,0.93137
4377,0.95686
4378,0.96667
4379,0.95686
4380,0.97647
4381,0.92549
4382,0.95098
4383,0.92549
4384,0.91176
4385,0.91569
4386,0.88039
4387,0.8902
4388,0.86078
4389,0.87647
4390,0.88627
4391,0.91176
4392,0.99216
4393,1.0373
4394,0.20392
4395,-0.50196
4396,-0.50196
4397,-0.50196
4398,-0.50196
4399,-0.50196
4400,-0.50196
4401,-0.20196
4402,0.20392
4403,0.6
4404,0.85686
4405,1.0412
4406,1.2314
4407,1.3216
4408,1.3431
4409,1.3529
4410,1.3529
4411,1.3667
4412,1.3627
4413,1.3667
4414,1.3784
4415,1.3725
4416,1.3882
4417,1.398
4418,1.4176
4419,1.4431
4420,1.4725
4421,1.5039
4422,1.5039
4423,1.5039
4424,1.5039
4425,1.5039
4426,1.5039
4427,1.5039
4428,1.5039
4429,1.5039
4430,1.5039
4431,1.5039
4432,1.5039
4433,1.4882
4434,1.3529
4435,1.2431
4436,1.151
4437,1.0765
4438,1.0373
4439,1.002
4440,0.98627
4441,0.97059
4442,0.96667
4443,0.95686
4444,0.96078
4445,0.95686
4446,0.96667
4447,0.96667
4448,0.96667
4449,0.97059
4450,0.97647
4451,0.97059
4452,0.97647
4453,0.97647
4454,0.97059
4455,0.97059
4456,0.97059
4457,0.96667
4458,0.96667
4459,0.96667
4460,0.96667
4461,0.96667
4462,0.95686
4463,0.96078
4464,0.95686
4465,0.95686
4466,0.95098
4467,0.95686
4468,0.96078
4469,0.96667
4470,0.97647
4471,1.002
4472,1.0059
4473,1.002
4474,0.98235
4475,0.98627
4476,0.99216
4477,0.97059
4478,0.95098
4479,0.93137
4480,0.92549
4481,0.92157
4482,0.91569
4483,0.92157
4484,0.92549
4485,0.96667
4486,1.0471
4487,0.62941
4488,-0.19608
4489,-0.50196
4490,-0.50196
4491,-0.50196
4492,-0.50196
4493,-0.50196
4494,-0.37843
4495,-0.0058823
4496,0.39412
4497,0.7451
4498,0.94118
4499,1.1176
4500,1.2765
4501,1.3216
4502,1.3431
4503,1.3529
4504,1.3529
4505,1.3569
4506,1.3627
4507,1.3667
4508,1.3725
4509,1.3784
4510,1.3882
4511,1.398
4512,1.4176
4513,1.4471
4514,1.4784
4515,1.5039
4516,1.5039
4517,1.5039
4518,1.5039
4519,1.5039
4520,1.5039
4521,1.5039
4522,1.5039
4523,1.5039
4524,1.5039
4525,1.5039
4526,1.5039
4527,1.4275
4528,1.298
4529,1.1961
4530,1.1176
4531,1.0569
4532,1.0157
4533,0.99608
4534,0.97647
4535,0.96078
4536,0.95686
4537,0.95098
4538,0.95098
4539,0.95098
4540,0.95098
4541,0.95098
4542,0.95098
4543,0.95686
4544,0.96078
4545,0.96667
4546,0.96667
4547,0.96667
4548,0.96667
4549,0.96667
4550,0.96078
4551,0.96078
4552,0.96667
4553,0.97059
4554,0.96078
4555,0.96078
4556,0.95686
4557,0.95686
4558,0.95686
4559,0.95686
4560,0.96667
4561,0.97647
4562,0.98235
4563,1.002
4564,1.0059
4565,1.0059
4566,0.99216
4567,0.98235
4568,0.99216
4569,0.97059
4570,0.95098
4571,0.93137
4572,0.92157
4573,0.91569
4574,0.91176
4575,0.91176
4576,0.91176
4577,0.95098
4578,1.0314
4579,0.83529
4580,0.068627
4581,-0.50196
4582,-0.50196
4583,-0.50196
4584,-0.50196
4585,-0.50196
4586,-0.45686
4587,-0.11765
4588,0.27451
4589,0.66078
4590,0.8902
4591,1.0569
4592,1.2431
4593,1.3118
4594,1.3275
4595,1.3431
4596,1.3529
4597,1.3529
4598,1.3529
4599,1.3569
4600,1.3529
4601,1.3667
4602,1.3784
4603,1.3882
4604,1.4078
4605,1.4275
4606,1.4627
4607,1.5039
4608,1.5039
4609,1.5039
4610,1.5039
4611,1.5039
4612,1.5039
4613,1.5039
4614,1.5039
4615,1.5039
4616,1.5039
4617,1.5039
4618,1.5039
4619,1.4529
4620,1.3216
4621,1.2176
4622,1.1314
4623,1.0765
4624,1.0275
4625,0.99608
4626,0.97059
4627,0.96667
4628,0.95686
4629,0.95098
4630,0.95098
4631,0.95686
4632,0.95686
4633,0.95686
4634,0.96078
4635,0.95686
4636,0.96078
4637,0.96078
4638,0.96078
4639,0.96667
4640,0.97059
4641,0.96667
4642,0.97059
4643,0.96667
4644,0.96078
4645,0.95686
4646,0.95686
4647,0.95686
4648,0.95098
4649,0.95686
4650,0.95686
4651,0.96078
4652,0.95686
4653,0.97059
4654,0.97647
4655,0.99608
4656,1.0118
4657,1.0118
4658,1.0118
4659,0.98627
4660,0.99216
4661,0.98235
4662,0.96078
4663,0.94706
4664,0.92549
4665,0.91569
4666,0.91176
4667,0.91176
4668,0.91176
4669,0.93137
4670,0.99608
4671,1.0471
4672,0.37059
4673,-0.47255
4674,-0.50196
4675,-0.50196
4676,-0.50196
4677,-0.50196
4678,-0.50196
4679,-0.24706
4680,0.12353
4681,0.52549
4682,0.81176
4683,0.99608
4684,1.1824
4685,1.2922
4686,1.3275
4687,1.3373
4688,1.3275
4689,1.3529
4690,1.3431
4691,1.3373
4692,1.3431
4693,1.3529
4694,1.3627
4695,1.3784
4696,1.3882
4697,1.402
4698,1.4373
4699,1.4882
4700,1.5039
4701,1.5039
4702,1.5039
4703,1.5039
4704,1.5039
4705,1.5039
4706,1.5039
4707,1.5039
4708,1.5039
4709,1.5039
4710,1.5039
4711,1.4922
4712,1.3373
4713,1.2275
4714,1.1412
4715,1.0608
4716,1.0275
4717,0.97647
4718,0.94706
4719,0.93137
4720,0.93725
4721,0.93137
4722,0.93725
4723,0.93137
4724,0.92549
4725,0.93725
4726,0.93137
4727,0.93137
4728,0.92157
4729,0.93137
4730,0.93725
4731,0.93137
4732,0.93725
4733,0.93725
4734,0.92549
4735,0.93137
4736,0.93725
4737,0.93137
4738,0.93137
4739,0.93137
4740,0.92549
4741,0.94118
4742,0.94118
4743,0.94706
4744,0.95098
4745,0.97059
4746,0.99216
4747,0.98627
4748,0.99216
4749,0.96667
4750,0.97059
4751,0.97647
4752,0.95098
4753,0.93137
4754,0.92549
4755,0.91569
4756,0.91569
4757,0.91176
4758,0.91569
4759,0.93725
4760,1.002
4761,1.0569
4762,0.37059
4763,-0.50196
4764,-0.50196
4765,-0.50196
4766,-0.50196
4767,-0.50196
4768,-0.50196
4769,-0.26275
4770,0.12941
4771,0.55098
4772,0.83529
4773,1.0216
4774,1.2118
4775,1.3333
4776,1.3569
4777,1.3784
4778,1.3824
4779,1.3824
4780,1.3882
4781,1.3922
4782,1.3922
4783,1.398
4784,1.4078
4785,1.4176
4786,1.4373
4787,1.4569
4788,1.4882
4789,1.5039
4790,1.5039
4791,1.5039
4792,1.5039
4793,1.5039
4794,1.5039
4795,1.5039
4796,1.5039
4797,1.5039
4798,1.5039
4799,1.5039
4800,1.5039
4801,1.5039
4802,1.3824
4803,1.2667
4804,1.1725
4805,1.0961
4806,1.0471
4807,1.0118
4808,0.98627
4809,0.97647
4810,0.96667
4811,0.96078
4812,0.95686
4813,0.96667
4814,0.96667
4815,0.97059
4816,0.97059
4817,0.97059
4818,0.96667
4819,0.97059
4820,0.97059
4821,0.97059
4822,0.96667
4823,0.96667
4824,0.96078
4825,0.96078
4826,0.96078
4827,0.95686
4828,0.96667
4829,0.96078
4830,0.96078
4831,0.95686
4832,0.95686
4833,0.95686
4834,0.95686
4835,0.96078
4836,0.96667
4837,0.97059
4838,0.99608
4839,1.002
4840,1.002
4841,1.002
4842,0.98235
4843,0.98627
4844,0.97647
4845,0.95686
4846,0.93725
4847,0.92549
4848,0.92157
4849,0.91176
4850,0.91569
4851,0.91569
4852,0.93137
4853,0.99608
4854,1.0471
4855,0.34902
4856,-0.50196
4857,-0.50196
4858,-0.50196
4859,-0.50196
4860,-0.50196
4861,-0.50196
4862,-0.25686
4863,0.13333
4864,0.53529
4865,0.83137
4866,1.002
4867,1.1961
4868,1.302
4869,1.3333
4870,1.3431
4871,1.3529
4872,1.3529
4873,1.3569
4874,1.3569
4875,1.3627
4876,1.3667
4877,1.3784
4878,1.3922
4879,1.4078
4880,1.4275
4881,1.4569
4882,1.498
4883,1.5039
4884,1.5039
4885,1.5039
4886,1.5039
4887,1.5039
4888,1.5039
4889,1.5039
4890,1.5039
4891,1.5039
4892,1.5039
4893,1.5039
4894,1.502
4895,1.3725
4896,1.2569
4897,1.1667
4898,1.0961
4899,1.0471
4900,1.0059
4901,0.97647
4902,0.97059
4903,0.96078
4904,0.95098
4905,0.95686
4906,0.95098
4907,0.95686
4908,0.95098
4909,0.95686
4910,0.96078
4911,0.96078
4912,0.96667
4913,0.96667
4914,0.96078
4915,0.96667
4916,0.96078
4917,0.96667
4918,0.95686
4919,0.95686
4920,0.95098
4921,0.95098
4922,0.95098
4923,0.95098
4924,0.95098
4925,0.95686
4926,0.95098
4927,0.95686
4928,0.96078
4929,0.97059
4930,0.99216
4931,1.0059
4932,1.002
4933,1.0059
4934,0.98235
4935,0.98627
4936,0.99216
4937,0.95686
4938,0.94118
4939,0.92157
4940,0.91176
4941,0.91176
4942,0.91176
4943,0.90588
4944,0.92549
4945,0.99216
4946,1.0412
4947,0.40392
4948,-0.44314
4949,-0.50196
4950,-0.50196
4951,-0.50196
4952,-0.50196
4953,-0.50196
4954,-0.26667
4955,0.1098
4956,0.51569
4957,0.81176
4958,0.98627
4959,1.1765
4960,1.2922
4961,1.3275
4962,1.3275
4963,1.3471
4964,1.3471
4965,1.3529
4966,1.3529
4967,1.3627
4968,1.3569
4969,1.3725
4970,1.3784
4971,1.398
4972,1.4176
4973,1.4471
4974,1.4824
4975,1.5039
4976,1.5039
4977,1.5039
4978,1.5039
4979,1.5039
4980,1.5039
4981,1.5039
4982,1.5039
4983,1.5039
4984,1.5039
4985,1.5039
4986,1.4922
4987,1.3627
4988,1.2471
4989,1.151
4990,1.0824
4991,1.0275
4992,0.98627
4993,0.96078
4994,0.95098
4995,0.95098
4996,0.95098
4997,0.92549
4998,0.91569
4999,0.93725
5000,0.92549
5001,0.95098
5002,0.93137
5003,0.92549
5004,0.94706
5005,0.93137
5006,0.94118
5007,0.93725
5008,0.93137
5009,0.93725
5010,0.91569
5011,0.92549
5012,0.93725
5013,0.92549
5014,0.91569
5015,0.94118
5016,0.92549
5017,0.93137
5018,0.93137
5019,0.94706
5020,0.92157
5021,0.97059
5022,0.98235
5023,0.97647
5024,0.97647
5025,0.96667
5026,0.96667
5027,0.95098
5028,0.93137
5029,0.92157
5030,0.90588
5031,0.8902
5032,0.89608
5033,0.90196
5034,0.90588
5035,0.92157
5036,0.98627
5037,1.0471
5038,0.39412
5039,-0.50196
5040,-0.50196
5041,-0.50196
5042,-0.50196
5043,-0.50196
5044,-0.50196
5045,-0.26275
5046,0.13333
5047,0.53922
5048,0.83529
5049,1.0216
5050,1.2176
5051,1.3333
5052,1.3667
5053,1.3784
5054,1.3882
5055,1.3922
5056,1.3922
5057,1.398
5058,1.398
5059,1.402
5060,1.4176
5061,1.4275
5062,1.4471
5063,1.4686
5064,1.498
5065,1.5039
5066,1.5039
5067,1.5039
5068,1.5039
5069,1.5039
5070,1.5039
5071,1.5039
5072,1.5039
5073,1.5039
5074,1.5039
5075,1.5039
5076,1.5039
5077,1.5039
5078,1.3882
5079,1.2667
5080,1.1765
5081,1.102
5082,1.051
5083,1.0157
5084,0.98627
5085,0.97647
5086,0.96667
5087,0.96667
5088,0.96078
5089,0.96078
5090,0.96667
5091,0.97059
5092,0.97059
5093,0.97647
5094,0.97059
5095,0.97059
5096,0.97059
5097,0.97059
5098,0.97059
5099,0.96078
5100,0.96667
5101,0.96078
5102,0.96078
5103,0.96078
5104,0.96078
5105,0.96667
5106,0.95686
5107,0.95686
5108,0.95686
5109,0.95686
5110,0.95686
5111,0.95098
5112,0.95098
5113,0.96078
5114,0.97059
5115,0.98235
5116,1.002
5117,1.002
5118,1.002
5119,0.97647
5120,0.97647
5121,0.97647
5122,0.95098
5123,0.94118
5124,0.92157
5125,0.90588
5126,0.90588
5127,0.90588
5128,0.90588
5129,0.92157
5130,0.96078
5131,1.0314
5132,0.59608
5133,-0.23725
5134,-0.50196
5135,-0.50196
5136,-0.50196
5137,-0.50196
5138,-0.50196
5139,-0.36667
5140,0.0039216
5141,0.4098
5142,0.75098
5143,0.94118
5144,1.1275
5145,1.2824
5146,1.3275
5147,1.3431
5148,1.3529
5149,1.3529
5150,1.3529
5151,1.3529
5152,1.3627
5153,1.3627
5154,1.3725
5155,1.3784
5156,1.3922
5157,1.4118
5158,1.4373
5159,1.4725
5160,1.5039
5161,1.5039
5162,1.5039
5163,1.5039
5164,1.5039
5165,1.5039
5166,1.5039
5167,1.5039
5168,1.5039
5169,1.5039
5170,1.5039
5171,1.5039
5172,1.4078
5173,1.2922
5174,1.1922
5175,1.1118
5176,1.051
5177,1.0118
5178,0.98235
5179,0.96667
5180,0.95098
5181,0.95098
5182,0.95098
5183,0.94706
5184,0.95098
5185,0.95098
5186,0.95098
5187,0.95098
5188,0.95098
5189,0.95098
5190,0.96078
5191,0.95686
5192,0.96078
5193,0.95686
5194,0.95686
5195,0.95686
5196,0.95098
5197,0.95098
5198,0.95686
5199,0.95098
5200,0.95098
5201,0.95686
5202,0.95098
5203,0.95686
5204,0.95098
5205,0.96078
5206,0.97059
5207,0.99216
5208,1.002
5209,0.99608
5210,0.99608
5211,0.97647
5212,0.97647
5213,0.97059
5214,0.95098
5215,0.92549
5216,0.91569
5217,0.90588
5218,0.90588
5219,0.90588
5220,0.90588
5221,0.92157
5222,0.98627
5223,1.0314
5224,0.3902
5225,-0.45294
5226,-0.50196
5227,-0.50196
5228,-0.50196
5229,-0.50196
5230,-0.50196
5231,-0.27647
5232,0.10392
5233,0.50588
5234,0.8
5235,0.98235
5236,1.1725
5237,1.2882
5238,1.3176
5239,1.3275
5240,1.3431
5241,1.3471
5242,1.3471
5243,1.3529
5244,1.3529
5245,1.3627
5246,1.3725
5247,1.3784
5248,1.3922
5249,1.4118
5250,1.4431
5251,1.4824
5252,1.5039
5253,1.5039
5254,1.5039
5255,1.5039
5256,1.5039
5257,1.5039
5258,1.5039
5259,1.5039
5260,1.5039
5261,1.5039
5262,1.5039
5263,1.4922
5264,1.3627
5265,1.2471
5266,1.151
5267,1.0824
5268,1.0216
5269,0.99608
5270,0.97647
5271,0.95686
5272,0.94118
5273,0.95098
5274,0.95098
5275,0.94706
5276,0.95686
5277,0.94706
5278,0.95098
5279,0.93725
5280,0.94706
5281,0.93725
5282,0.95098
5283,0.95686
5284,0.94706
5285,0.93137
5286,0.93137
5287,0.92549
5288,0.94706
5289,0.92157
5290,0.92157
5291,0.93137
5292,0.91569
5293,0.92157
5294,0.92549
5295,0.93137
5296,0.92549
5297,0.92157
5298,0.94706
5299,0.94118
5300,0.96078
5301,0.98235
5302,0.96078
5303,0.95098
5304,0.93725
5305,0.92549
5306,0.91569
5307,0.90196
5308,0.89608
5309,0.88039
5310,0.88627
5311,0.87059
5312,0.8902
5313,0.90588
5314,0.98235
5315,1.0373
5316,0.27843
5317,-0.50196
5318,-0.50196
5319,-0.50196
5320,-0.50196
5321,-0.50196
5322,-0.50196
5323,-0.24314
5324,0.16863
5325,0.57059
5326,0.83529
5327,1.0216
5328,1.2275
5329,1.3216
5330,1.3569
5331,1.3667
5332,1.3784
5333,1.3784
5334,1.3784
5335,1.3824
5336,1.3922
5337,1.3922
5338,1.402
5339,1.398
5340,1.4235
5341,1.4471
5342,1.4882
5343,1.5039
5344,1.5039
5345,1.5039
5346,1.5039
5347,1.5039
5348,1.5039
5349,1.5039
5350,1.5039
5351,1.5039
5352,1.5039
5353,1.5039
5354,1.5039
5355,1.5039
5356,1.3784
5357,1.2627
5358,1.1725
5359,1.0961
5360,1.0471
5361,1.0157
5362,0.99216
5363,0.98627
5364,0.97647
5365,0.97647
5366,0.97059
5367,0.97647
5368,0.97647
5369,0.97647
5370,0.97647
5371,0.97647
5372,0.97647
5373,0.97647
5374,0.97647
5375,0.97647
5376,0.97647
5377,0.97059
5378,0.97647
5379,0.96667
5380,0.96667
5381,0.96667
5382,0.96667
5383,0.96667
5384,0.96667
5385,0.96078
5386,0.96667
5387,0.95686
5388,0.96667
5389,0.96667
5390,0.97059
5391,0.97059
5392,0.97647
5393,0.98235
5394,1.002
5395,1.0118
5396,1.0059
5397,1.002
5398,0.98627
5399,0.99216
5400,0.98235
5401,0.96078
5402,0.93725
5403,0.92549
5404,0.92157
5405,0.91569
5406,0.91569
5407,0.91569
5408,0.94118
5409,1.0118
5410,1.0471
5411,0.2549
5412,-0.50196
5413,-0.50196
5414,-0.50196
5415,-0.50196
5416,-0.50196
5417,-0.50196
5418,-0.21765
5419,0.17843
5420,0.5902
5421,0.85686
5422,1.0275
5423,1.2216
5424,1.3176
5425,1.3431
5426,1.3529
5427,1.3569
5428,1.3627
5429,1.3667
5430,1.3667
5431,1.3725
5432,1.3784
5433,1.3882
5434,1.398
5435,1.4078
5436,1.4275
5437,1.4627
5438,1.502
5439,1.5039
5440,1.5039
5441,1.5039
5442,1.5039
5443,1.5039
5444,1.5039
5445,1.5039
5446,1.5039
5447,1.5039
5448,1.5039
5449,1.5039
5450,1.502
5451,1.3667
5452,1.2569
5453,1.1667
5454,1.0961
5455,1.0412
5456,1.0059
5457,0.98627
5458,0.97647
5459,0.97059
5460,0.96078
5461,0.96667
5462,0.96078
5463,0.95686
5464,0.95098
5465,0.96078
5466,0.96078
5467,0.96667
5468,0.96667
5469,0.97059
5470,0.97059
5471,0.97059
5472,0.97059
5473,0.96667
5474,0.97059
5475,0.96667
5476,0.96667
5477,0.96667
5478,0.95686
5479,0.96078
5480,0.95686
5481,0.96078
5482,0.96078
5483,0.96078
5484,0.97059
5485,0.97647
5486,1.002
5487,1.0118
5488,1.0059
5489,1.002
5490,0.98627
5491,0.99216
5492,0.98235
5493,0.95686
5494,0.94118
5495,0.92549
5496,0.92157
5497,0.91569
5498,0.91569
5499,0.92157
5500,0.93725
5501,1.0059
5502,1.0471
5503,0.3
5504,-0.50196
5505,-0.50196
5506,-0.50196
5507,-0.50196
5508,-0.50196
5509,-0.50196
5510,-0.23137
5511,0.1549
5512,0.56471
5513,0.83529
5514,1.0157
5515,1.2078
5516,1.3078
5517,1.3275
5518,1.3373
5519,1.3529
5520,1.3529
5521,1.3569
5522,1.3569
5523,1.3667
5524,1.3725
5525,1.3824
5526,1.3922
5527,1.4078
5528,1.4333
5529,1.4627
5530,1.498
5531,1.5039
5532,1.5039
5533,1.5039
5534,1.5039
5535,1.5039
5536,1.5039
5537,1.5039
5538,1.5039
5539,1.5039
5540,1.5039
5541,1.5039
5542,1.4922
5543,1.3627
5544,1.2471
5545,1.1627
5546,1.0922
5547,1.0412
5548,1.0059
5549,0.97647
5550,0.96667
5551,0.95686
5552,0.95098
5553,0.95098
5554,0.95686
5555,0.96078
5556,0.96078
5557,0.96667
5558,0.96667
5559,0.96078
5560,0.96667
5561,0.97059
5562,0.96667
5563,0.97059
5564,0.96667
5565,0.96078
5566,0.95686
5567,0.96078
5568,0.96078
5569,0.96078
5570,0.95686
5571,0.95686
5572,0.95098
5573,0.95686
5574,0.95686
5575,0.96078
5576,0.96667
5577,0.97647
5578,0.99216
5579,1.0059
5580,1.002
5581,0.99216
5582,0.97647
5583,0.97059
5584,0.97647
5585,0.95098
5586,0.93137
5587,0.91176
5588,0.90196
5589,0.91176
5590,0.90588
5591,0.90588
5592,0.93137
5593,1.0157
5594,1.0275
5595,0.19412
5596,-0.50196
5597,-0.50196
5598,-0.50196
5599,-0.50196
5600,-0.50196
5601,-0.50196
5602,-0.17255
5603,0.23333
5604,0.62549
5605,0.86078
5606,1.0216
5607,1.2118
5608,1.298
5609,1.3275
5610,1.3216
5611,1.3333
5612,1.3373
5613,1.3471
5614,1.3431
5615,1.3431
5616,1.3725
5617,1.3627
5618,1.3569
5619,1.3922
5620,1.4275
5621,1.4529
5622,1.502
5623,1.5039
5624,1.5039
5625,1.5039
5626,1.5039
5627,1.5039
5628,1.5039
5629,1.5039
5630,1.5039
5631,1.5039
5632,1.5039
5633,1.5039
5634,1.4529
5635,1.3216
5636,1.2118
5637,1.1216
5638,1.051
5639,1.002
5640,0.97647
5641,0.95098
5642,0.93725
5643,0.92549
5644,0.93137
5645,0.92549
5646,0.93725
5647,0.94118
5648,0.93725
5649,0.94706
5650,0.94706
5651,0.95098
5652,0.95098
5653,0.94706
5654,0.95098
5655,0.95098
5656,0.95098
5657,0.95098
5658,0.95098
5659,0.95098
5660,0.95098
5661,0.94706
5662,0.95098
5663,0.95098
5664,0.95098
5665,0.95686
5666,0.95686
5667,0.96667
5668,0.98235
5669,1.002
5670,1.0118
5671,1.0059
5672,0.98627
5673,0.97647
5674,0.98627
5675,0.97647
5676,0.95098
5677,0.93725
5678,0.92549
5679,0.92157
5680,0.91569
5681,0.92157
5682,0.92157
5683,0.95686
5684,1.0471
5685,0.81569
5686,-0.0058823
5687,-0.50196
5688,-0.50196
5689,-0.50196
5690,-0.50196
5691,-0.50196
5692,-0.47255
5693,-0.10588
5694,0.3
5695,0.6902
5696,0.91176
5697,1.0922
5698,1.2765
5699,1.3431
5700,1.3627
5701,1.3667
5702,1.3784
5703,1.3824
5704,1.3784
5705,1.3882
5706,1.3922
5707,1.398
5708,1.402
5709,1.4118
5710,1.4333
5711,1.4569
5712,1.4922
5713,1.5039
5714,1.5039
5715,1.5039
5716,1.5039
5717,1.5039
5718,1.5039
5719,1.5039
5720,1.5039
5721,1.5039
5722,1.5039
5723,1.5039
5724,1.5039
5725,1.4373
5726,1.3118
5727,1.2078
5728,1.1216
5729,1.0667
5730,1.0157
5731,0.99216
5732,0.97059
5733,0.96078
5734,0.95686
5735,0.95098
5736,0.95098
5737,0.95098
5738,0.95098
5739,0.95098
5740,0.95098
5741,0.95686
5742,0.96078
5743,0.97059
5744,0.97059
5745,0.97059
5746,0.96667
5747,0.96078
5748,0.96078
5749,0.96078
5750,0.96078
5751,0.95098
5752,0.95686
5753,0.95098
5754,0.95098
5755,0.94706
5756,0.95098
5757,0.95098
5758,0.95098
5759,0.95686
5760,0.96667
5761,0.97647
5762,0.99608
5763,1.002
5764,0.99608
5765,0.98235
5766,0.97647
5767,0.98235
5768,0.95098
5769,0.93137
5770,0.92157
5771,0.91176
5772,0.90588
5773,0.90588
5774,0.90588
5775,0.91176
5776,0.95686
5777,1.0412
5778,0.6451
5779,-0.15686
5780,-0.50196
5781,-0.50196
5782,-0.50196
5783,-0.50196
5784,-0.50196
5785,-0.39804
5786,-0.031373
5787,0.37451
5788,0.73137
5789,0.93137
5790,1.1118
5791,1.2667
5792,1.3176
5793,1.3333
5794,1.3471
5795,1.3529
5796,1.3529
5797,1.3569
5798,1.3627
5799,1.3667
5800,1.3725
5801,1.3784
5802,1.3922
5803,1.4078
5804,1.4431
5805,1.4725
5806,1.5039
5807,1.5039
5808,1.5039
5809,1.5039
5810,1.5039
5811,1.5039
5812,1.5039
5813,1.5039
5814,1.5039
5815,1.5039
5816,1.5039
5817,1.5039
5818,1.4118
5819,1.2882
5820,1.1922
5821,1.1118
5822,1.051
5823,1.0118
5824,0.98235
5825,0.96667
5826,0.95686
5827,0.95098
5828,0.95098
5829,0.95098
5830,0.95098
5831,0.95098
5832,0.95098
5833,0.95098
5834,0.95098
5835,0.95686
5836,0.96078
5837,0.96078
5838,0.96078
5839,0.95686
5840,0.95686
5841,0.95686
5842,0.95098
5843,0.95098
5844,0.95686
5845,0.95686
5846,0.95098
5847,0.95686
5848,0.95098
5849,0.95098
5850,0.95098
5851,0.95686
5852,0.96667
5853,0.97647
5854,1.002
5855,1.002
5856,1.002
5857,0.97647
5858,0.97647
5859,0.97647
5860,0.96078
5861,0.94118
5862,0.92157
5863,0.91176
5864,0.90588
5865,0.90588
5866,0.90588
5867,0.90588
5868,0.95098
5869,1.0412
5870,0.74118
5871,-0.047059
5872,-0.50196
5873,-0.50196
5874,-0.50196
5875,-0.50196
5876,-0.50196
5877,-0.42353
5878,-0.082353
5879,0.31961
5880,0.69608
5881,0.90196
5882,1.0725
5883,1.2529
5884,1.302
5885,1.3216
5886,1.3431
5887,1.3373
5888,1.3471
5889,1.3529
5890,1.3569
5891,1.3529
5892,1.3569
5893,1.3667
5894,1.3882
5895,1.4118
5896,1.402
5897,1.4569
5898,1.502
5899,1.5039
5900,1.5039
5901,1.5039
5902,1.5039
5903,1.5039
5904,1.5039
5905,1.5039
5906,1.5039
5907,1.5039
5908,1.5039
5909,1.5039
5910,1.4118
5911,1.2882
5912,1.1765
5913,1.0961
5914,1.051
5915,0.99216
5916,0.96078
5917,0.95098
5918,0.92549
5919,0.91569
5920,0.93137
5921,0.90588
5922,0.92549
5923,0.93137
5924,0.91176
5925,0.93725
5926,0.93137
5927,0.92549
5928,0.93137
5929,0.94118
5930,0.93137
5931,0.92549
5932,0.93137
5933,0.93725
5934,0.93137
5935,0.93137
5936,0.92549
5937,0.93137
5938,0.92549
5939,0.93137
5940,0.92549
5941,0.93725
5942,0.94706
5943,0.95686
5944,0.97647
5945,0.98235
5946,0.99216
5947,0.97647
5948,0.96078
5949,0.96667
5950,0.95686
5951,0.93725
5952,0.92157
5953,0.90588
5954,0.91176
5955,0.91176
5956,0.90588
5957,0.91176
5958,0.94118
5959,1.0314
5960,1.051
5961,0.13922
5962,-0.50196
5963,-0.50196
5964,-0.50196
5965,-0.50196
5966,-0.50196
5967,-0.50196
5968,-0.15686
5969,0.24902
5970,0.6451
5971,0.8902
5972,1.0667
5973,1.2627
5974,1.3471
5975,1.3784
5976,1.3784
5977,1.3882
5978,1.3824
5979,1.398
5980,1.398
5981,1.402
5982,1.4078
5983,1.4176
5984,1.4275
5985,1.4471
5986,1.4686
5987,1.5039
5988,1.5039
5989,1.5039
5990,1.5039
5991,1.5039
5992,1.5039
5993,1.5039
5994,1.5039
5995,1.5039
5996,1.5039
5997,1.5039
5998,1.5039
5999,1.5039
6000,1.4824
6001,1.3471
6002,1.2431
6003,1.151
6004,1.0863
6005,1.0412
6006,1.0118
6007,0.99608
6008,0.97647
6009,0.97647
6010,0.97059
6011,0.97059
6012,0.97059
6013,0.97059
6014,0.97647
6015,0.97059
6016,0.97647
6017,0.97647
6018,0.97059
6019,0.97647
6020,0.97647
6021,0.97647
6022,0.97059
6023,0.97059
6024,0.96667
6025,0.96667
6026,0.96078
6027,0.96078
6028,0.95686
6029,0.95686
6030,0.96078
6031,0.95686
6032,0.95098
6033,0.95686
6034,0.95686
6035,0.96078
6036,0.96667
6037,0.99216
6038,1.0059
6039,1.0118
6040,1.0118
6041,0.98627
6042,0.99216
6043,0.98627
6044,0.97059
6045,0.95098
6046,0.93137
6047,0.92157
6048,0.92157
6049,0.91569
6050,0.92157
6051,0.92549
6052,0.98235
6053,1.0373
6054,0.52941
6055,-0.30196
6056,-0.50196
6057,-0.50196
6058,-0.50196
6059,-0.50196
6060,-0.50196
6061,-0.32745
6062,0.052941
6063,0.4549
6064,0.78627
6065,0.97059
6066,1.1627
6067,1.302
6068,1.3431
6069,1.3529
6070,1.3569
6071,1.3627
6072,1.3667
6073,1.3725
6074,1.3725
6075,1.3784
6076,1.3824
6077,1.398
6078,1.402
6079,1.4275
6080,1.4529
6081,1.4922
6082,1.5039
6083,1.5039
6084,1.5039
6085,1.5039
6086,1.5039
6087,1.5039
6088,1.5039
6089,1.5039
6090,1.5039
6091,1.5039
6092,1.5039
6093,1.5039
6094,1.4078
6095,1.2882
6096,1.1922
6097,1.1059
6098,1.0608
6099,1.0157
6100,0.99608
6101,0.97647
6102,0.96667
6103,0.96078
6104,0.96078
6105,0.96078
6106,0.96078
6107,0.96078
6108,0.96078
6109,0.96078
6110,0.96078
6111,0.96667
6112,0.96667
6113,0.97059
6114,0.96667
6115,0.96667
6116,0.96667
6117,0.97059
6118,0.96078
6119,0.97059
6120,0.96078
6121,0.96078
6122,0.96078
6123,0.96078
6124,0.96078
6125,0.96078
6126,0.96078
6127,0.96667
6128,0.97059
6129,0.99608
6130,1.0118
6131,1.0059
6132,1.0157
6133,0.99216
6134,0.99608
6135,0.98235
6136,0.96078
6137,0.94118
6138,0.92549
6139,0.92157
6140,0.92549
6141,0.91569
6142,0.91176
6143,0.93137
6144,1.0118
6145,1.0471
6146,0.28431
6147,-0.50196
6148,-0.50196
6149,-0.50196
6150,-0.50196
6151,-0.50196
6152,-0.50196
6153,-0.22745
6154,0.16863
6155,0.57059
6156,0.83529
6157,1.0118
6158,1.2078
6159,1.302
6160,1.3275
6161,1.3431
6162,1.3529
6163,1.3529
6164,1.3569
6165,1.3627
6166,1.3667
6167,1.3667
6168,1.3784
6169,1.3882
6170,1.4078
6171,1.4235
6172,1.4529
6173,1.498
6174,1.5039
6175,1.5039
6176,1.5039
6177,1.5039
6178,1.5039
6179,1.5039
6180,1.5039
6181,1.5039
6182,1.5039
6183,1.5039
6184,1.5039
6185,1.4824
6186,1.3471
6187,1.2431
6188,1.151
6189,1.0824
6190,1.0314
6191,1.002
6192,0.97059
6193,0.95686
6194,0.96078
6195,0.94706
6196,0.95098
6197,0.95686
6198,0.94706
6199,0.96078
6200,0.94706
6201,0.96667
6202,0.95686
6203,0.94706
6204,0.95686
6205,0.95098
6206,0.94706
6207,0.93725
6208,0.94706
6209,0.95098
6210,0.94118
6211,0.94706
6212,0.92549
6213,0.94706
6214,0.93137
6215,0.92157
6216,0.92549
6217,0.92157
6218,0.94118
6219,0.95098
6220,0.93137
6221,0.94706
6222,0.96667
6223,0.97647
6224,0.95686
6225,0.93725
6226,0.95098
6227,0.92157
6228,0.91176
6229,0.90588
6230,0.90196
6231,0.88039
6232,0.89608
6233,0.88627
6234,0.88627
6235,0.91569
6236,0.99608
6237,1.0373
6238,0.26863
6239,-0.50196
6240,-0.50196
6241,-0.50196
6242,-0.50196
6243,-0.50196
6244,-0.50196
6245,-0.21765
6246,0.19412
6247,0.5902
6248,0.85686
6249,1.0373
6250,1.2373
6251,1.3333
6252,1.3529
6253,1.3569
6254,1.3725
6255,1.3667
6256,1.3784
6257,1.3784
6258,1.3784
6259,1.3824
6260,1.398
6261,1.402
6262,1.4235
6263,1.4431
6264,1.4824
6265,1.5039
6266,1.5039
6267,1.5039
6268,1.5039
6269,1.5039
6270,1.5039
6271,1.5039
6272,1.5039
6273,1.5039
6274,1.5039
6275,1.5039
6276,1.5039
6277,1.502
6278,1.3667
6279,1.2529
6280,1.1627
6281,1.0922
6282,1.0412
6283,1.0157
6284,0.98627
6285,0.97647
6286,0.96667
6287,0.96667
6288,0.96667
6289,0.96667
6290,0.96667
6291,0.97059
6292,0.97059
6293,0.97059
6294,0.97647
6295,0.97647
6296,0.97647
6297,0.97059
6298,0.97059
6299,0.96667
6300,0.97059
6301,0.96667
6302,0.96078
6303,0.95686
6304,0.96078
6305,0.95686
6306,0.95686
6307,0.95686
6308,0.95098
6309,0.95098
6310,0.95686
6311,0.95686
6312,0.96078
6313,0.96667
6314,0.97059
6315,0.98235
6316,1.0059
6317,1.0118
6318,1.0059
6319,0.99216
6320,0.98235
6321,0.99608
6322,0.97059
6323,0.95098
6324,0.92549
6325,0.92157
6326,0.91569
6327,0.91569
6328,0.91176
6329,0.92157
6330,0.96667
6331,1.0471
6332,0.64118
6333,-0.18627
6334,-0.50196
6335,-0.50196
6336,-0.50196
6337,-0.50196
6338,-0.50196
6339,-0.38235
6340,-0.015686
6341,0.39412
6342,0.7451
6343,0.93725
6344,1.1216
6345,1.2765
6346,1.3275
6347,1.3373
6348,1.3471
6349,1.3529
6350,1.3569
6351,1.3627
6352,1.3569
6353,1.3627
6354,1.3725
6355,1.3784
6356,1.398
6357,1.4118
6358,1.4431
6359,1.4686
6360,1.5039
6361,1.5039
6362,1.5039
6363,1.5039
6364,1.5039
6365,1.5039
6366,1.5039
6367,1.5039
6368,1.5039
6369,1.5039
6370,1.5039
6371,1.5039
6372,1.4176
6373,1.298
6374,1.1961
6375,1.1176
6376,1.051
6377,1.0118
6378,0.97647
6379,0.96667
6380,0.95098
6381,0.95098
6382,0.94706
6383,0.94706
6384,0.94706
6385,0.95098
6386,0.95098
6387,0.95098
6388,0.95098
6389,0.95098
6390,0.95686
6391,0.95098
6392,0.96078
6393,0.95686
6394,0.95686
6395,0.95686
6396,0.95686
6397,0.95098
6398,0.95686
6399,0.95098
6400,0.95098
6401,0.95098
6402,0.95098
6403,0.95098
6404,0.95098
6405,0.96078
6406,0.97059
6407,0.98235
6408,1.002
6409,1.002
6410,1.002
6411,0.97647
6412,0.97647
6413,0.98235
6414,0.95686
6415,0.93137
6416,0.91569
6417,0.90588
6418,0.90588
6419,0.90588
6420,0.90588
6421,0.91569
6422,0.96667
6423,1.0275
6424,0.5098
6425,-0.32745
6426,-0.50196
6427,-0.50196
6428,-0.50196
6429,-0.50196
6430,-0.50196
6431,-0.32745
6432,0.04902
6433,0.4549
6434,0.77647
6435,0.95686
6436,1.151
6437,1.2882
6438,1.3216
6439,1.3333
6440,1.3471
6441,1.3471
6442,1.3529
6443,1.3529
6444,1.3529
6445,1.3569
6446,1.3725
6447,1.3784
6448,1.3922
6449,1.4118
6450,1.4431
6451,1.4784
6452,1.5039
6453,1.5039
6454,1.5039
6455,1.5039
6456,1.5039
6457,1.5039
6458,1.5039
6459,1.5039
6460,1.5039
6461,1.5039
6462,1.5039
6463,1.5039
6464,1.3882
6465,1.2667
6466,1.1725
6467,1.102
6468,1.0412
6469,1.0059
6470,0.98235
6471,0.96078
6472,0.95098
6473,0.94706
6474,0.95098
6475,0.95098
6476,0.95098
6477,0.95098
6478,0.95098
6479,0.95686
6480,0.95098
6481,0.95098
6482,0.95686
6483,0.96078
6484,0.96078
6485,0.96078
6486,0.96078
6487,0.95686
6488,0.95098
6489,0.95098
6490,0.95098
6491,0.95098
6492,0.95686
6493,0.95098
6494,0.95098
6495,0.95098
6496,0.95098
6497,0.95686
6498,0.96667
6499,0.98235
6500,1.002
6501,1.002
6502,1.002
6503,0.97647
6504,0.97647
6505,0.98235
6506,0.94706
6507,0.92157
6508,0.91176
6509,0.91569
6510,0.89608
6511,0.90588
6512,0.90196
6513,0.92157
6514,0.97059
6515,1.0157
6516,0.46078
6517,-0.38235
6518,-0.50196
6519,-0.50196
6520,-0.50196
6521,-0.50196
6522,-0.50196
6523,-0.30196
6524,0.10392
6525,0.49412
6526,0.7902
6527,0.96078
6528,1.1412
6529,1.2765
6530,1.3078
6531,1.3176
6532,1.3275
6533,1.3333
6534,1.3275
6535,1.3176
6536,1.3529
6537,1.3373
6538,1.3627
6539,1.3667
6540,1.3824
6541,1.4176
6542,1.4333
6543,1.4784
6544,1.5039
6545,1.5039
6546,1.5039
6547,1.5039
6548,1.5039
6549,1.5039
6550,1.5039
6551,1.5039
6552,1.5039
6553,1.5039
6554,1.5039
6555,1.4922
6556,1.3569
6557,1.2373
6558,1.1412
6559,1.0608
6560,1.0118
6561,0.97059
6562,0.94706
6563,0.93725
6564,0.92549
6565,0.92549
6566,0.92549
6567,0.91569
6568,0.91569
6569,0.92549
6570,0.92549
6571,0.93137
6572,0.92549
6573,0.93725
6574,0.94118
6575,0.94706
6576,0.94118
6577,0.94706
6578,0.94118
6579,0.94118
6580,0.94706
6581,0.94706
6582,0.94118
6583,0.95098
6584,0.94706
6585,0.94706
6586,0.94706
6587,0.95098
6588,0.95686
6589,0.97059
6590,0.99216
6591,1.002
6592,1.002
6593,0.97647
6594,0.97059
6595,0.97647
6596,0.96078
6597,0.94706
6598,0.92549
6599,0.91569
6600,0.91176
6601,0.91569
6602,0.91569
6603,0.92157
6604,0.96078
6605,1.051
6606,0.76667
6607,-0.066667
6608,-0.50196
6609,-0.50196
6610,-0.50196
6611,-0.50196
6612,-0.50196
6613,-0.44314
6614,-0.060784
6615,0.33922
6616,0.71569
6617,0.92157
6618,1.102
6619,1.2824
6620,1.3431
6621,1.3627
6622,1.3725
6623,1.3784
6624,1.3784
6625,1.3882
6626,1.3882
6627,1.398
6628,1.398
6629,1.4118
6630,1.4235
6631,1.4471
6632,1.4686
6633,1.5039
6634,1.5039
6635,1.5039
6636,1.5039
6637,1.5039
6638,1.5039
6639,1.5039
6640,1.5039
6641,1.5039
6642,1.5039
6643,1.5039
6644,1.5039
6645,1.5039
6646,1.4431
6647,1.3118
6648,1.2078
6649,1.1275
6650,1.0667
6651,1.0275
6652,0.99608
6653,0.97647
6654,0.96667
6655,0.95686
6656,0.95686
6657,0.95098
6658,0.95686
6659,0.95098
6660,0.95686
6661,0.96078
6662,0.96078
6663,0.96667
6664,0.97059
6665,0.96667
6666,0.96667
6667,0.95686
6668,0.96078
6669,0.95686
6670,0.96078
6671,0.96078
6672,0.95686
6673,0.96078
6674,0.95098
6675,0.95098
6676,0.95098
6677,0.95098
6678,0.95098
6679,0.95686
6680,0.96078
6681,0.97059
6682,0.97647
6683,1.002
6684,1.0059
6685,1.002
6686,0.97647
6687,0.97647
6688,0.98235
6689,0.96078
6690,0.94118
6691,0.92549
6692,0.90588
6693,0.91176
6694,0.90588
6695,0.90588
6696,0.91176
6697,0.95098
6698,1.0412
6699,0.7098
6700,-0.096078
6701,-0.50196
6702,-0.50196
6703,-0.50196
6704,-0.50196
6705,-0.50196
6706,-0.40784
6707,-0.05098
6708,0.34902
6709,0.71569
6710,0.91569
6711,1.0961
6712,1.2667
6713,1.3176
6714,1.3275
6715,1.3333
6716,1.3529
6717,1.3529
6718,1.3529
6719,1.3529
6720,1.3627
6721,1.3667
6722,1.3784
6723,1.3922
6724,1.4078
6725,1.4333
6726,1.4725
6727,1.5039
6728,1.5039
6729,1.5039
6730,1.5039
6731,1.5039
6732,1.5039
6733,1.5039
6734,1.5039
6735,1.5039
6736,1.5039
6737,1.5039
6738,1.5039
6739,1.4235
6740,1.298
6741,1.1961
6742,1.1216
6743,1.0569
6744,1.0118
6745,0.98235
6746,0.96667
6747,0.95098
6748,0.95098
6749,0.95098
6750,0.95098
6751,0.94706
6752,0.95098
6753,0.94706
6754,0.95098
6755,0.95098
6756,0.96078
6757,0.95686
6758,0.96078
6759,0.95686
6760,0.95686
6761,0.95686
6762,0.95686
6763,0.96078
6764,0.95686
6765,0.96078
6766,0.95686
6767,0.95098
6768,0.95098
6769,0.95686
6770,0.95098
6771,0.95098
6772,0.95686
6773,0.97059
6774,0.98235
6775,1.002
6776,0.99608
6777,0.99608
6778,0.97647
6779,0.98235
6780,0.96667
6781,0.95098
6782,0.93725
6783,0.92157
6784,0.90588
6785,0.90588
6786,0.90588
6787,0.90588
6788,0.91176
6789,0.96667
6790,1.0275
6791,0.52941
6792,-0.30784
6793,-0.50196
6794,-0.50196
6795,-0.50196
6796,-0.50196
6797,-0.50196
6798,-0.32745
6799,0.039216
6800,0.44902
6801,0.76078
6802,0.95098
6803,1.1373
6804,1.2725
6805,1.3118
6806,1.3275
6807,1.3333
6808,1.3431
6809,1.3373
6810,1.3431
6811,1.3373
6812,1.3529
6813,1.3627
6814,1.3725
6815,1.3824
6816,1.3784
6817,1.4373
6818,1.4725
6819,1.5039
6820,1.5039
6821,1.5039
6822,1.5039
6823,1.5039
6824,1.5039
6825,1.5039
6826,1.5039
6827,1.5039
6828,1.5039
6829,1.5039
6830,1.5039
6831,1.3569
6832,1.2471
6833,1.1667
6834,1.0824
6835,1.0275
6836,0.98627
6837,0.96667
6838,0.95098
6839,0.93725
6840,0.94118
6841,0.92157
6842,0.92549
6843,0.92157
6844,0.93725
6845,0.90588
6846,0.93725
6847,0.91569
6848,0.93137
6849,0.94118
6850,0.91569
6851,0.93137
6852,0.93137
6853,0.93725
6854,0.92549
6855,0.92549
6856,0.91569
6857,0.92157
6858,0.93137
6859,0.91176
6860,0.92549
6861,0.92549
6862,0.93137
6863,0.92549
6864,0.93725
6865,0.94706
6866,0.97647
6867,0.97059
6868,0.97059
6869,0.95098
6870,0.95098
6871,0.96078
6872,0.94118
6873,0.92157
6874,0.90196
6875,0.89608
6876,0.8902
6877,0.90196
6878,0.89608
6879,0.92157
6880,0.97059
6881,1.0412
6882,0.51569
6883,-0.40196
6884,-0.50196
6885,-0.50196
6886,-0.50196
6887,-0.50196
6888,-0.50196
6889,-0.32745
6890,0.07451
6891,0.48431
6892,0.80588
6893,0.99608
6894,1.1863
6895,1.3275
6896,1.3569
6897,1.3784
6898,1.3784
6899,1.3784
6900,1.3882
6901,1.3922
6902,1.398
6903,1.398
6904,1.4118
6905,1.4176
6906,1.4373
6907,1.4529
6908,1.4882
6909,1.5039
6910,1.5039
6911,1.5039
6912,1.5039
6913,1.5039
6914,1.5039
6915,1.5039
6916,1.5039
6917,1.5039
6918,1.5039
6919,1.5039
6920,1.5039
6921,1.5039
6922,1.398
6923,1.2765
6924,1.1824
6925,1.1059
6926,1.051
6927,1.0118
6928,0.98235
6929,0.97059
6930,0.96667
6931,0.96078
6932,0.95686
6933,0.96078
6934,0.95686
6935,0.96078
6936,0.96078
6937,0.96667
6938,0.97059
6939,0.97647
6940,0.97059
6941,0.97647
6942,0.97059
6943,0.97059
6944,0.96667
6945,0.96667
6946,0.96078
6947,0.95686
6948,0.95686
6949,0.95098
6950,0.95098
6951,0.95098
6952,0.95686
6953,0.95098
6954,0.95098
6955,0.95098
6956,0.95686
6957,0.96078
6958,0.97647
6959,1.002
6960,1.002
6961,1.002
6962,0.99216
6963,0.98235
6964,0.98627
6965,0.96667
6966,0.94706
6967,0.92549
6968,0.91569
6969,0.90588
6970,0.90588
6971,0.90588
6972,0.91569
6973,0.95686
6974,1.0412
6975,0.71569
6976,-0.076471
6977,-0.50196
6978,-0.50196
6979,-0.50196
6980,-0.50196
6981,-0.50196
6982,-0.41765
6983,-0.056863
6984,0.3451
6985,0.71569
6986,0.91569
6987,1.0961
6988,1.2667
6989,1.3216
6990,1.3333
6991,1.3471
6992,1.3529
6993,1.3529
6994,1.3627
6995,1.3627
6996,1.3667
6997,1.3725
6998,1.3784
6999,1.3922
7000,1.4118
7001,1.4431
7002,1.4725
7003,1.5039
7004,1.5039
7005,1.5039
7006,1.5039
7007,1.5039
7008,1.5039
7009,1.5039
7010,1.5039
7011,1.5039
7012,1.5039
7013,1.5039
7014,1.5039
7015,1.4333
7016,1.3118
7017,1.2078
7018,1.1275
7019,1.0608
7020,1.0216
7021,0.99216
7022,0.97647
7023,0.96078
7024,0.95686
7025,0.95098
7026,0.95098
7027,0.95098
7028,0.95686
7029,0.96078
7030,0.96078
7031,0.96078
7032,0.96078
7033,0.96078
7034,0.96078
7035,0.96078
7036,0.96078
7037,0.96667
7038,0.96667
7039,0.96667
7040,0.96667
7041,0.96078
7042,0.96078
7043,0.96078
7044,0.96078
7045,0.96667
7046,0.96078
7047,0.96078
7048,0.96667
7049,0.97059
7050,0.97647
7051,1.002
7052,1.0118
7053,1.0059
7054,1.0118
7055,0.98235
7056,0.98235
7057,0.97059
7058,0.95686
7059,0.93725
7060,0.92157
7061,0.90588
7062,0.91176
7063,0.91176
7064,0.91176
7065,0.93725
7066,1.0157
7067,1.0412
7068,0.21961
7069,-0.50196
7070,-0.50196
7071,-0.50196
7072,-0.50196
7073,-0.50196
7074,-0.50196
7075,-0.18627
7076,0.2098
7077,0.6
7078,0.85686
7079,1.0275
7080,1.2216
7081,1.3118
7082,1.3275
7083,1.3431
7084,1.3471
7085,1.3529
7086,1.3529
7087,1.3569
7088,1.3627
7089,1.3725
7090,1.3784
7091,1.3882
7092,1.402
7093,1.4275
7094,1.4569
7095,1.502
7096,1.5039
7097,1.5039
7098,1.5039
7099,1.5039
7100,1.5039
7101,1.5039
7102,1.5039
7103,1.5039
7104,1.5039
7105,1.5039
7106,1.5039
7107,1.4725
7108,1.3431
7109,1.2314
7110,1.151
7111,1.0824
7112,1.0373
7113,1.0059
7114,0.96667
7115,0.95686
7116,0.95686
7117,0.95098
7118,0.94118
7119,0.94118
7120,0.93137
7121,0.94118
7122,0.93725
7123,0.94118
7124,0.93137
7125,0.93137
7126,0.94118
7127,0.94118
7128,0.93137
7129,0.93725
7130,0.91176
7131,0.94118
7132,0.92549
7133,0.93725
7134,0.94118
7135,0.92157
7136,0.91569
7137,0.92549
7138,0.93137
7139,0.92549
7140,0.94118
7141,0.92549
7142,0.96078
7143,0.97647
7144,0.96078
7145,0.97647
7146,0.95686
7147,0.96078
7148,0.95098
7149,0.94706
7150,0.92157
7151,0.90588
7152,0.89608
7153,0.89608
7154,0.8902
7155,0.89608
7156,0.91569
7157,0.97059
7158,1.0373
7159,0.46078
7160,-0.47843
7161,-0.50196
7162,-0.50196
7163,-0.50196
7164,-0.50196
7165,-0.50196
7166,-0.29804
7167,0.10392
7168,0.50588
7169,0.80588
7170,0.99608
7171,1.1922
7172,1.3275
7173,1.3569
7174,1.3784
7175,1.3784
7176,1.3784
7177,1.3882
7178,1.3882
7179,1.398
7180,1.398
7181,1.4078
7182,1.4176
7183,1.4333
7184,1.4529
7185,1.4882
7186,1.5039
7187,1.5039
7188,1.5039
7189,1.5039
7190,1.5039
7191,1.5039
7192,1.5039
7193,1.5039
7194,1.5039
7195,1.5039
7196,1.5039
7197,1.5039
7198,1.5039
7199,1.402
7200,1.2824
7201,1.1863
7202,1.1118
7203,1.0608
7204,1.0216
7205,1.002
7206,0.98627
7207,0.97647
7208,0.97647
7209,0.97647
7210,0.97059
7211,0.96667
7212,0.97059
7213,0.97059
7214,0.97647
7215,0.97647
7216,0.97647
7217,0.97647
7218,0.97647
7219,0.97647
7220,0.97647
7221,0.96667
7222,0.96667
7223,0.96078
7224,0.96667
7225,0.96667
7226,0.96667
7227,0.96667
7228,0.96667
7229,0.96078
7230,0.96078
7231,0.97059
7232,0.97059
7233,0.97059
7234,0.97059
7235,0.97647
7236,0.98235
7237,1.002
7238,1.0118
7239,1.0059
7240,0.99608
7241,0.98235
7242,0.99216
7243,0.97647
7244,0.95098
7245,0.93137
7246,0.92549
7247,0.92549
7248,0.91569
7249,0.91569
7250,0.91569
7251,0.95686
7252,1.0373
7253,0.8
7254,0.013725
7255,-0.50196
7256,-0.50196
7257,-0.50196
7258,-0.50196
7259,-0.50196
7260,-0.43333
7261,-0.092157
7262,0.3098
7263,0.68627
7264,0.90196
7265,1.0765
7266,1.2569
7267,1.3216
7268,1.3431
7269,1.3529
7270,1.3529
7271,1.3569
7272,1.3569
7273,1.3627
7274,1.3667
7275,1.3725
7276,1.3784
7277,1.398
7278,1.402
7279,1.4333
7280,1.4686
7281,1.5039
7282,1.5039
7283,1.5039
7284,1.5039
7285,1.5039
7286,1.5039
7287,1.5039
7288,1.5039
7289,1.5039
7290,1.5039
7291,1.5039
7292,1.5039
7293,1.4569
7294,1.3275
7295,1.2216
7296,1.1373
7297,1.0725
7298,1.0275
7299,1.002
7300,0.97647
7301,0.96667
7302,0.96078
7303,0.95686
7304,0.95098
7305,0.95686
7306,0.95686
7307,0.95686
7308,0.96078
7309,0.96078
7310,0.96078
7311,0.95686
7312,0.96667
7313,0.96667
7314,0.96667
7315,0.96078
7316,0.97059
7317,0.96667
7318,0.96667
7319,0.96078
7320,0.96667
7321,0.96667
7322,0.96078
7323,0.96078
7324,0.95686
7325,0.96078
7326,0.96667
7327,0.97647
7328,0.99216
7329,1.0059
7330,1.002
7331,1.002
7332,0.98235
7333,0.98235
7334,0.98627
7335,0.95686
7336,0.94118
7337,0.92549
7338,0.91176
7339,0.91569
7340,0.91176
7341,0.91569
7342,0.92157
7343,0.97647
7344,1.0314
7345,0.5098
7346,-0.31176
7347,-0.50196
7348,-0.50196
7349,-0.50196
7350,-0.50196
7351,-0.50196
7352,-0.31765
7353,0.052941
7354,0.4549
7355,0.77647
7356,0.96078
7357,1.1412
7358,1.2824
7359,1.3216
7360,1.3333
7361,1.3471
7362,1.3529
7363,1.3529
7364,1.3529
7365,1.3627
7366,1.3627
7367,1.3725
7368,1.3784
7369,1.3922
7370,1.4176
7371,1.4471
7372,1.4784
7373,1.5039
7374,1.5039
7375,1.5039
7376,1.5039
7377,1.5039
7378,1.5039
7379,1.5039
7380,1.5039
7381,1.5039
7382,1.5039
7383,1.5039
7384,1.5039
7385,1.3922
7386,1.2667
7387,1.1725
7388,1.0961
7389,1.0471
7390,1.0059
7391,0.98235
7392,0.96667
7393,0.95686
7394,0.95098
7395,0.95098
7396,0.94706
7397,0.94706
7398,0.95098
7399,0.95098
7400,0.95098
7401,0.95686
7402,0.95686
7403,0.95686
7404,0.96078
7405,0.95686
7406,0.96078
7407,0.96078
7408,0.95686
7409,0.95098
7410,0.95098
7411,0.95098
7412,0.95098
7413,0.94118
7414,0.95098
7415,0.94706
7416,0.95098
7417,0.94706
7418,0.95686
7419,0.95098
7420,0.98235
7421,0.99216
7422,0.98235
7423,1.002
7424,0.97647
7425,0.97059
7426,0.96078
7427,0.93725
7428,0.92157
7429,0.90588
7430,0.90196
7431,0.90588
7432,0.88627
7433,0.88039
7434,0.91176
7435,0.96078
7436,1.0216
7437,0.47059
7438,-0.37255
7439,-0.50196
7440,-0.50196
7441,-0.50196
7442,-0.50196
7443,-0.50196
7444,-0.31765
7445,0.078431
7446,0.47059
7447,0.78627
7448,0.96078
7449,1.1627
7450,1.2922
7451,1.3275
7452,1.3275
7453,1.3471
7454,1.3529
7455,1.3373
7456,1.3529
7457,1.3627
7458,1.3569
7459,1.3824
7460,1.3784
7461,1.4078
7462,1.4333
7463,1.4569
7464,1.498
7465,1.5039
7466,1.5039
7467,1.5039
7468,1.5039
7469,1.5039
7470,1.5039
7471,1.5039
7472,1.5039
7473,1.5039
7474,1.5039
7475,1.5039
7476,1.5039
7477,1.3784
7478,1.2471
7479,1.1569
7480,1.0824
7481,1.0275
7482,0.98627
7483,0.96667
7484,0.95686
7485,0.94706
7486,0.94118
7487,0.94706
7488,0.94118
7489,0.95098
7490,0.95098
7491,0.95686
7492,0.95686
7493,0.96078
7494,0.95686
7495,0.96078
7496,0.96667
7497,0.96667
7498,0.96667
7499,0.97059
7500,0.97059
7501,0.96667
7502,0.96667
7503,0.96078
7504,0.95686
7505,0.95686
7506,0.95686
7507,0.95686
7508,0.96667
7509,0.96078
7510,0.97647
7511,0.98235
7512,1.002
7513,1.0118
7514,1.0059
7515,0.98627
7516,0.98235
7517,0.98235
7518,0.97059
7519,0.94706
7520,0.93725
7521,0.92157
7522,0.91569
7523,0.91176
7524,0.91569
7525,0.91569
7526,0.95686
7527,1.0412
7528,0.78627
7529,-0.027451
7530,-0.50196
7531,-0.50196
7532,-0.50196
7533,-0.50196
7534,-0.50196
7535,-0.44706
7536,-0.086275
7537,0.31961
7538,0.69608
7539,0.90588
7540,1.0824
7541,1.2667
7542,1.3275
7543,1.3529
7544,1.3569
7545,1.3667
7546,1.3667
7547,1.3725
7548,1.3784
7549,1.3824
7550,1.3882
7551,1.398
7552,1.402
7553,1.4235
7554,1.4471
7555,1.4824
7556,1.5039
7557,1.5039
7558,1.5039
7559,1.5039
7560,1.5039
7561,1.5039
7562,1.5039
7563,1.5039
7564,1.5039
7565,1.5039
7566,1.5039
7567,1.5039
7568,1.4431
7569,1.3118
7570,1.2176
7571,1.1314
7572,1.0765
7573,1.0275
7574,1.002
7575,0.98235
7576,0.97059
7577,0.96078
7578,0.95686
7579,0.96078
7580,0.95686
7581,0.95686
7582,0.95686
7583,0.96078
7584,0.96078
7585,0.96667
7586,0.96078
7587,0.96078
7588,0.96078
7589,0.96078
7590,0.96078
7591,0.96078
7592,0.95686
7593,0.96078
7594,0.96667
7595,0.96667
7596,0.95686
7597,0.95686
7598,0.95686
7599,0.95686
7600,0.95686
7601,0.95098
7602,0.96667
7603,0.97059
7604,0.98627
7605,1.0059
7606,1.0118
7607,1.002
7608,0.98627
7609,0.98235
7610,0.99216
7611,0.96667
7612,0.94706
7613,0.92549
7614,0.92157
7615,0.91176
7616,0.91176
7617,0.90588
7618,0.92157
7619,0.96667
7620,1.0373
7621,0.5549
7622,-0.26275
7623,-0.50196
7624,-0.50196
7625,-0.50196
7626,-0.50196
7627,-0.50196
7628,-0.34706
7629,0.023529
7630,0.43529
7631,0.76667
7632,0.95098
7633,1.1373
7634,1.2824
7635,1.3216
7636,1.3373
7637,1.3471
7638,1.3471
7639,1.3529
7640,1.3529
7641,1.3627
7642,1.3627
7643,1.3784
7644,1.3784
7645,1.398
7646,1.4118
7647,1.4431
7648,1.4824
7649,1.5039
7650,1.5039
7651,1.5039
7652,1.5039
7653,1.5039
7654,1.5039
7655,1.5039
7656,1.5039
7657,1.5039
7658,1.5039
7659,1.5039
7660,1.5039
7661,1.398
7662,1.2765
7663,1.1765
7664,1.1059
7665,1.0471
7666,1.0059
7667,0.98235
7668,0.97059
7669,0.95686
7670,0.95098
7671,0.95098
7672,0.95098
7673,0.95098
7674,0.95098
7675,0.95098
7676,0.95686
7677,0.95686
7678,0.95686
7679,0.95686
7680,0.96667
7681,0.96667
7682,0.96078
7683,0.95686
7684,0.95686
7685,0.95686
7686,0.95098
7687,0.95098
7688,0.95098
7689,0.95098
7690,0.95098
7691,0.95098
7692,0.95098
7693,0.95686
7694,0.96078
7695,0.96667
7696,0.98627
7697,1.002
7698,1.002
7699,1.002
7700,0.97647
7701,0.98235
7702,0.97647
7703,0.95098
7704,0.93137
7705,0.91176
7706,0.91176
7707,0.91176
7708,0.91176
7709,0.90588
7710,0.92157
7711,0.98627
7712,1.0373
7713,0.40392
7714,-0.43333
7715,-0.50196
7716,-0.50196
7717,-0.50196
7718,-0.50196
7719,-0.50196
7720,-0.27255
7721,0.10392
7722,0.51961
7723,0.8
7724,0.98235
7725,1.1824
7726,1.298
7727,1.3275
7728,1.3373
7729,1.3431
7730,1.3275
7731,1.3529
7732,1.3431
7733,1.3529
7734,1.3431
7735,1.3725
7736,1.3784
7737,1.3922
7738,1.4118
7739,1.402
7740,1.4784
7741,1.5039
7742,1.5039
7743,1.5039
7744,1.5039
7745,1.5039
7746,1.5039
7747,1.5039
7748,1.5039
7749,1.5039
7750,1.5039
7751,1.5039
7752,1.4882
7753,1.3569
7754,1.2314
7755,1.1314
7756,1.0667
7757,1.002
7758,0.97059
7759,0.95686
7760,0.94706
7761,0.93725
7762,0.93725
7763,0.93725
7764,0.94118
7765,0.92549
7766,0.92549
7767,0.93725
7768,0.94118
7769,0.94706
7770,0.93137
7771,0.92549
7772,0.93137
7773,0.93725
7774,0.94118
7775,0.92549
7776,0.93137
7777,0.93725
7778,0.93725
7779,0.94118
7780,0.93137
7781,0.94118
7782,0.94118
7783,0.94706
7784,0.93725
7785,0.95098
7786,0.96078
7787,0.98235
7788,0.99216
7789,0.99608
7790,0.97647
7791,0.97647
7792,0.97647
7793,0.96667
7794,0.95098
7795,0.92549
7796,0.91569
7797,0.91569
7798,0.91176
7799,0.91176
7800,0.91569
7801,0.95686
7802,1.051
7803,0.83529
7804,0.013725
7805,-0.50196
7806,-0.50196
7807,-0.50196
7808,-0.50196
7809,-0.50196
7810,-0.47255
7811,-0.096078
7812,0.3098
7813,0.69608
7814,0.92157
7815,1.0922
7816,1.2824
7817,1.3471
7818,1.3725
7819,1.3784
7820,1.3824
7821,1.3882
7822,1.3922
7823,1.398
7824,1.398
7825,1.4078
7826,1.4118
7827,1.4235
7828,1.4431
7829,1.4686
7830,1.502
7831,1.5039
7832,1.5039
7833,1.5039
7834,1.5039
7835,1.5039
7836,1.5039
7837,1.5039
7838,1.5039
7839,1.5039
7840,1.5039
7841,1.5039
7842,1.5039
7843,1.4569
7844,1.3275
7845,1.2216
7846,1.1314
7847,1.0725
7848,1.0275
7849,1.002
7850,0.98235
7851,0.97059
7852,0.95686
7853,0.95098
7854,0.95098
7855,0.95098
7856,0.95686
7857,0.95686
7858,0.96078
7859,0.96078
7860,0.96078
7861,0.96078
7862,0.96667
7863,0.96667
7864,0.96667
7865,0.95686
7866,0.96667
7867,0.96078
7868,0.96078
7869,0.95686
7870,0.95686
7871,0.95098
7872,0.95686
7873,0.95098
7874,0.95686
7875,0.95686
7876,0.95686
7877,0.96078
7878,0.96667
7879,0.97647
7880,0.99608
7881,1.0059
7882,1.0059
7883,1.002
7884,0.98627
7885,0.99216
7886,0.97647
7887,0.95686
7888,0.93725
7889,0.92549
7890,0.91176
7891,0.91569
7892,0.91569
7893,0.91569
7894,0.93137
7895,1.002
7896,1.0412
7897,0.31373
7898,-0.50196
7899,-0.50196
7900,-0.50196
7901,-0.50196
7902,-0.50196
7903,-0.50196
7904,-0.23725
7905,0.1549
7906,0.56078
7907,0.83137
7908,1.0118
7909,1.202
7910,1.3078
7911,1.3333
7912,1.3431
7913,1.3529
7914,1.3569
7915,1.3569
7916,1.3627
7917,1.3725
7918,1.3784
7919,1.3784
7920,1.3882
7921,1.398
7922,1.4275
7923,1.4569
7924,1.498
7925,1.5039
7926,1.5039
7927,1.5039
7928,1.5039
7929,1.5039
7930,1.5039
7931,1.5039
7932,1.5039
7933,1.5039
7934,1.5039
7935,1.5039
7936,1.498
7937,1.3667
7938,1.2529
7939,1.1627
7940,1.0863
7941,1.0412
7942,1.002
7943,0.97647
7944,0.96078
7945,0.95098
7946,0.95098
7947,0.95098
7948,0.95098
7949,0.95098
7950,0.95098
7951,0.95686
7952,0.96078
7953,0.95686
7954,0.95686
7955,0.95686
7956,0.96078
7957,0.96078
7958,0.96667
7959,0.96078
7960,0.96667
7961,0.95686
7962,0.96078
7963,0.95686
7964,0.95098
7965,0.95098
7966,0.95686
7967,0.95098
7968,0.95686
7969,0.95098
7970,0.96078
7971,0.97059
7972,0.98627
7973,1.002
7974,1.0059
7975,1.002
7976,0.98235
7977,0.98235
7978,0.98235
7979,0.96078
7980,0.93725
7981,0.92157
7982,0.91176
7983,0.91176
7984,0.91176
7985,0.91176
7986,0.91569
7987,0.96667
7988,1.0412
7989,0.60588
7990,-0.20784
7991,-0.50196
7992,-0.50196
7993,-0.50196
7994,-0.50196
7995,-0.50196
7996,-0.35686
7997,0.0078431
7998,0.4098
7999,0.7549
8000,0.94706
8001,1.1275
8002,1.2824
8003,1.3216
8004,1.3373
8005,1.3431
8006,1.3529
8007,1.3529
8008,1.3569
8009,1.3627
8010,1.3667
8011,1.3627
8012,1.3784
8013,1.3784
8014,1.4118
8015,1.4529
8016,1.4784
8017,1.5039
8018,1.5039
8019,1.5039
8020,1.5039
8021,1.5039
8022,1.5039
8023,1.5039
8024,1.5039
8025,1.5039
8026,1.5039
8027,1.5039
8028,1.5039
8029,1.398
8030,1.2725
8031,1.1667
8032,1.0922
8033,1.0373
8034,0.99216
8035,0.96667
8036,0.94706
8037,0.95686
8038,0.94118
8039,0.92549
8040,0.93137
8041,0.92549
8042,0.91569
8043,0.92549
8044,0.91569
8045,0.92549
8046,0.92549
8047,0.92549
8048,0.91569
8049,0.92549
8050,0.93725
8051,0.92549
8052,0.92549
8053,0.91569
8054,0.92549
8055,0.91569
8056,0.92549
8057,0.92157
8058,0.93725
8059,0.92157
8060,0.91569
8061,0.94118
8062,0.95098
8063,0.96667
8064,0.98235
8065,0.98235
8066,0.95686
8067,0.95098
8068,0.95686
8069,0.93725
8070,0.92157
8071,0.90196
8072,0.8902
8073,0.89608
8074,0.89608
8075,0.90196
8076,0.90588
8077,0.93725
8078,1.0412
8079,0.7451
8080,-0.11765
8081,-0.50196
8082,-0.50196
8083,-0.50196
8084,-0.50196
8085,-0.50196
8086,-0.44706
8087,-0.05098
8088,0.34902
8089,0.71569
8090,0.92549
8091,1.1176
8092,1.2922
8093,1.3529
8094,1.3627
8095,1.3784
8096,1.3784
8097,1.3824
8098,1.3882
8099,1.3922
8100,1.398
8101,1.4078
8102,1.4176
8103,1.4275
8104,1.4471
8105,1.4784
8106,1.5039
8107,1.5039
8108,1.5039
8109,1.5039
8110,1.5039
8111,1.5039
8112,1.5039
8113,1.5039
8114,1.5039
8115,1.5039
8116,1.5039
8117,1.5039
8118,1.5039
8119,1.4431
8120,1.3118
8121,1.2118
8122,1.1314
8123,1.0667
8124,1.0216
8125,0.99608
8126,0.98235
8127,0.97059
8128,0.96078
8129,0.96667
8130,0.95686
8131,0.96667
8132,0.96078
8133,0.96667
8134,0.96667
8135,0.97059
8136,0.97059
8137,0.97647
8138,0.97059
8139,0.97647
8140,0.97059
8141,0.97059
8142,0.96667
8143,0.96667
8144,0.95686
8145,0.95686
8146,0.95686
8147,0.95686
8148,0.95098
8149,0.95686
8150,0.95098
8151,0.95686
8152,0.95098
8153,0.95098
8154,0.95686
8155,0.96078
8156,0.97059
8157,0.98235
8158,1.002
8159,1.002
8160,1.002
8161,0.98235
8162,0.97647
8163,0.97647
8164,0.96078
8165,0.94118
8166,0.92549
8167,0.91176
8168,0.91176
8169,0.90588
8170,0.91176
8171,0.91176
8172,0.95686
8173,1.0373
8174,0.7
8175,-0.11176
8176,-0.50196
8177,-0.50196
8178,-0.50196
8179,-0.50196
8180,-0.50196
8181,-0.40196
8182,-0.041176
8183,0.3549
8184,0.72157
8185,0.92549
8186,1.102
8187,1.2725
8188,1.3216
8189,1.3431
8190,1.3529
8191,1.3529
8192,1.3569
8193,1.3569
8194,1.3627
8195,1.3725
8196,1.3725
8197,1.3882
8198,1.398
8199,1.4176
8200,1.4373
8201,1.4725
8202,1.5039
8203,1.5039
8204,1.5039
8205,1.5039
8206,1.5039
8207,1.5039
8208,1.5039
8209,1.5039
8210,1.5039
8211,1.5039
8212,1.5039
8213,1.5039
8214,1.4373
8215,1.3118
8216,1.2078
8217,1.1275
8218,1.0667
8219,1.0216
8220,0.99608
8221,0.97059
8222,0.96667
8223,0.95686
8224,0.95098
8225,0.95098
8226,0.95686
8227,0.96078
8228,0.96078
8229,0.95686
8230,0.95098
8231,0.96078
8232,0.96078
8233,0.96667
8234,0.96667
8235,0.97059
8236,0.96667
8237,0.97059
8238,0.96667
8239,0.96667
8240,0.96667
8241,0.96667
8242,0.96078
8243,0.95686
8244,0.95686
8245,0.96078
8246,0.96078
8247,0.96667
8248,0.96667
8249,0.97647
8250,1.002
8251,1.0059
8252,1.0059
8253,0.99216
8254,0.97647
8255,0.98235
8256,0.97059
8257,0.95098
8258,0.93137
8259,0.91569
8260,0.90588
8261,0.90588
8262,0.91176
8263,0.90588
8264,0.94118
8265,1.0216
8266,1.0314
8267,0.13922
8268,-0.50196
8269,-0.50196
8270,-0.50196
8271,-0.50196
8272,-0.50196
8273,-0.48824
8274,-0.15686
8275,0.23922
8276,0.63529
8277,0.86667
8278,1.0412
8279,1.2314
8280,1.3078
8281,1.3275
8282,1.3373
8283,1.3471
8284,1.3529
8285,1.3569
8286,1.3569
8287,1.3667
8288,1.3725
8289,1.3824
8290,1.3882
8291,1.398
8292,1.4235
8293,1.4569
8294,1.498
8295,1.5039
8296,1.5039
8297,1.5039
8298,1.5039
8299,1.5039
8300,1.5039
8301,1.5039
8302,1.5039
8303,1.5039
8304,1.5039
8305,1.5039
8306,1.4627
8307,1.3373
8308,1.2275
8309,1.1412
8310,1.0824
8311,1.0314
8312,1.002
8313,0.97647
8314,0.96667
8315,0.95686
8316,0.95098
8317,0.95686
8318,0.96078
8319,0.95686
8320,0.96078
8321,0.96078
8322,0.96667
8323,0.96667
8324,0.96667
8325,0.97059
8326,0.96667
8327,0.97059
8328,0.96667
8329,0.96078
8330,0.96078
8331,0.96667
8332,0.95098
8333,0.96078
8334,0.95098
8335,0.96078
8336,0.94118
8337,0.95686
8338,0.95686
8339,0.95098
8340,0.97059
8341,0.97647
8342,0.97059
8343,0.99608
8344,1.002
8345,0.99216
8346,0.96667
8347,0.95686
8348,0.99216
8349,0.95098
8350,0.92549
8351,0.93137
8352,0.88627
8353,0.87647
8354,0.90588
8355,0.88627
8356,0.89608
8357,0.95098
8358,1.0412
8359,0.66078
8360,-0.15686
8361,-0.50196
8362,-0.50196
8363,-0.50196
8364,-0.50196
8365,-0.50196
8366,-0.43333
8367,-0.011765
8368,0.3549
8369,0.72549
8370,0.93137
8371,1.1216
8372,1.2882
8373,1.3275
8374,1.3431
8375,1.3529
8376,1.3725
8377,1.3471
8378,1.3725
8379,1.3784
8380,1.3784
8381,1.398
8382,1.398
8383,1.4235
8384,1.4431
8385,1.4627
8386,1.4882
8387,1.5039
8388,1.5039
8389,1.5039
8390,1.5039
8391,1.5039
8392,1.5039
8393,1.5039
8394,1.5039
8395,1.5039
8396,1.5039
8397,1.5039
8398,1.5039
8399,1.4176
8400,1.2765
8401,1.1863
8402,1.102
8403,1.0471
8404,1.002
8405,0.97647
8406,0.96078
8407,0.95686
8408,0.95098
8409,0.94706
8410,0.95098
8411,0.95098
8412,0.95098
8413,0.95686
8414,0.96667
8415,0.96667
8416,0.97059
8417,0.97059
8418,0.97059
8419,0.97059
8420,0.97059
8421,0.97647
8422,0.97059
8423,0.97059
8424,0.97059
8425,0.96667
8426,0.97059
8427,0.96667
8428,0.96667
8429,0.96667
8430,0.96667
8431,0.96667
8432,0.96667
8433,0.97059
8434,0.98235
8435,1.002
8436,1.0118
8437,1.0059
8438,0.99216
8439,0.98627
8440,0.99216
8441,0.97647
8442,0.95098
8443,0.93725
8444,0.92549
8445,0.92549
8446,0.92549
8447,0.92157
8448,0.91569
8449,0.95686
8450,1.0471
8451,0.76667
8452,-0.05098
8453,-0.50196
8454,-0.50196
8455,-0.50196
8456,-0.50196
8457,-0.50196
8458,-0.44314
8459,-0.076471
8460,0.32941
8461,0.7098
8462,0.92549
8463,1.0961
8464,1.2824
8465,1.3431
8466,1.3627
8467,1.3667
8468,1.3784
8469,1.3784
8470,1.3824
8471,1.3824
8472,1.3882
8473,1.3922
8474,1.398
8475,1.4078
8476,1.4275
8477,1.4529
8478,1.4922
8479,1.5039
8480,1.5039
8481,1.5039
8482,1.5039
8483,1.5039
8484,1.5039
8485,1.5039
8486,1.5039
8487,1.5039
8488,1.5039
8489,1.5039
8490,1.5039
8491,1.4471
8492,1.3176
8493,1.2118
8494,1.1275
8495,1.0725
8496,1.0275
8497,1.002
8498,0.97647
8499,0.97059
8500,0.96078
8501,0.95686
8502,0.95686
8503,0.95686
8504,0.95686
8505,0.95686
8506,0.96078
8507,0.96667
8508,0.97059
8509,0.97059
8510,0.97647
8511,0.97059
8512,0.96667
8513,0.96667
8514,0.96667
8515,0.96078
8516,0.96667
8517,0.95686
8518,0.95686
8519,0.95098
8520,0.95098
8521,0.95098
8522,0.95098
8523,0.95098
8524,0.95686
8525,0.96078
8526,0.96667
8527,0.98235
8528,1.002
8529,1.002
8530,1.002
8531,0.98235
8532,0.98627
8533,0.99216
8534,0.96078
8535,0.94118
8536,0.92549
8537,0.91569
8538,0.91569
8539,0.91176
8540,0.91176
8541,0.92157
8542,0.98235
8543,1.0314
8544,0.46471
8545,-0.37255
8546,-0.50196
8547,-0.50196
8548,-0.50196
8549,-0.50196
8550,-0.50196
8551,-0.30196
8552,0.078431
8553,0.4902
8554,0.8
8555,0.98235
8556,1.1667
8557,1.298
8558,1.3333
8559,1.3431
8560,1.3529
8561,1.3529
8562,1.3627
8563,1.3569
8564,1.3725
8565,1.3725
8566,1.3824
8567,1.398
8568,1.402
8569,1.4235
8570,1.4529
8571,1.4922
8572,1.5039
8573,1.5039
8574,1.5039
8575,1.5039
8576,1.5039
8577,1.5039
8578,1.5039
8579,1.5039
8580,1.5039
8581,1.5039
8582,1.5039
8583,1.5039
8584,1.3922
8585,1.2824
8586,1.1765
8587,1.1059
8588,1.051
8589,1.0157
8590,0.98627
8591,0.97647
8592,0.96667
8593,0.96667
8594,0.95686
8595,0.95686
8596,0.95686
8597,0.95098
8598,0.95686
8599,0.96078
8600,0.96078
8601,0.96667
8602,0.97059
8603,0.97059
8604,0.97059
8605,0.97059
8606,0.96667
8607,0.96667
8608,0.96078
8609,0.96078
8610,0.96078
8611,0.95686
8612,0.96667
8613,0.96078
8614,0.96078
8615,0.95686
8616,0.96078
8617,0.96078
8618,0.97647
8619,0.99608
8620,1.0118
8621,1.0059
8622,1.0118
8623,0.99216
8624,0.99608
8625,0.98235
8626,0.96078
8627,0.94118
8628,0.92549
8629,0.91176
8630,0.91569
8631,0.91176
8632,0.91176
8633,0.93137
8634,1.002
8635,1.0471
8636,0.37059
8637,-0.47255
8638,-0.50196
8639,-0.50196
8640,-0.50196
8641,-0.50196
8642,-0.50196
8643,-0.25686
8644,0.12353
8645,0.52549
8646,0.80588
8647,0.99216
8648,1.1725
8649,1.2922
8650,1.3216
8651,1.3431
8652,1.3373
8653,1.3529
8654,1.3529
8655,1.3667
8656,1.3529
8657,1.3569
8658,1.3784
8659,1.3667
8660,1.3627
8661,1.402
8662,1.4471
8663,1.498
8664,1.5039
8665,1.5039
8666,1.5039
8667,1.5039
8668,1.5039
8669,1.5039
8670,1.5039
8671,1.5039
8672,1.5039
8673,1.5039
8674,1.5039
8675,1.4686
8676,1.3529
8677,1.2176
8678,1.1314
8679,1.0667
8680,1.0216
8681,0.97647
8682,0.94706
8683,0.94706
8684,0.93137
8685,0.92157
8686,0.93725
8687,0.93137
8688,0.92549
8689,0.92549
8690,0.93725
8691,0.92549
8692,0.93725
8693,0.93137
8694,0.93725
8695,0.94118
8696,0.93137
8697,0.94118
8698,0.92549
8699,0.93137
8700,0.92549
8701,0.93137
8702,0.92549
8703,0.93725
8704,0.93137
8705,0.94118
8706,0.92549
8707,0.93725
8708,0.94706
8709,0.96667
8710,0.98627
8711,0.99216
8712,0.98627
8713,0.97059
8714,0.96667
8715,0.97059
8716,0.95686
8717,0.93137
8718,0.91569
8719,0.90588
8720,0.90588
8721,0.90588
8722,0.90588
8723,0.91176
8724,0.95686
8725,1.051
8726,0.76078
8727,-0.086275
8728,-0.50196
8729,-0.50196
8730,-0.50196
8731,-0.50196
8732,-0.50196
8733,-0.43725
8734,-0.056863
8735,0.34902
8736,0.72549
8737,0.93137
8738,1.1176
8739,1.2922
8740,1.3471
8741,1.3667
8742,1.3784
8743,1.3824
8744,1.3882
8745,1.3882
8746,1.3882
8747,1.398
8748,1.398
8749,1.4118
8750,1.4235
8751,1.4431
8752,1.4686
8753,1.502
8754,1.5039
8755,1.5039
8756,1.5039
8757,1.5039
8758,1.5039
8759,1.5039
8760,1.5039
8761,1.5039
8762,1.5039
8763,1.5039
8764,1.5039
8765,1.5039
8766,1.4373
8767,1.3118
8768,1.2078
8769,1.1275
8770,1.0608
8771,1.0157
8772,0.99216
8773,0.97647
8774,0.96667
8775,0.96078
8776,0.96078
8777,0.95686
8778,0.95686
8779,0.96078
8780,0.96078
8781,0.96667
8782,0.96667
8783,0.96667
8784,0.96667
8785,0.96078
8786,0.96078
8787,0.95686
8788,0.95686
8789,0.95686
8790,0.96078
8791,0.95098
8792,0.95098
8793,0.95098
8794,0.95098
8795,0.95098
8796,0.95098
8797,0.95098
8798,0.95098
8799,0.95686
8800,0.96078
8801,0.96667
8802,0.97647
8803,0.99608
8804,1.002
8805,1.002
8806,0.99216
8807,0.97647
8808,0.98627
8809,0.97059
8810,0.95098
8811,0.92549
8812,0.91176
8813,0.90588
8814,0.90588
8815,0.90588
8816,0.91176
8817,0.93725
8818,1.0216
8819,1.0275
8820,0.1098
8821,-0.50196
8822,-0.50196
8823,-0.50196
8824,-0.50196
8825,-0.50196
8826,-0.48824
8827,-0.15686
8828,0.24902
8829,0.64118
8830,0.87647
8831,1.0412
8832,1.2275
8833,1.302
8834,1.3275
8835,1.3431
8836,1.3471
8837,1.3529
8838,1.3471
8839,1.3529
8840,1.3569
8841,1.3667
8842,1.3725
8843,1.3824
8844,1.402
8845,1.4275
8846,1.4569
8847,1.498
8848,1.5039
8849,1.5039
8850,1.5039
8851,1.5039
8852,1.5039
8853,1.5039
8854,1.5039
8855,1.5039
8856,1.5039
8857,1.5039
8858,1.5039
8859,1.4529
8860,1.3275
8861,1.2216
8862,1.1314
8863,1.0667
8864,1.0216
8865,0.99216
8866,0.97647
8867,0.96078
8868,0.95686
8869,0.95098
8870,0.95098
8871,0.95098
8872,0.95098
8873,0.95686
8874,0.95098
8875,0.95098
8876,0.95686
8877,0.95098
8878,0.95686
8879,0.96078
8880,0.96078
8881,0.96667
8882,0.96667
8883,0.96078
8884,0.95686
8885,0.95686
8886,0.96078
8887,0.95686
8888,0.95098
8889,0.95686
8890,0.95098
8891,0.95098
8892,0.95686
8893,0.96078
8894,0.97059
8895,0.98627
8896,1.002
8897,1.0059
8898,1.002
8899,0.98627
8900,0.99216
8901,0.97647
8902,0.95098
8903,0.93137
8904,0.91569
8905,0.91176
8906,0.91176
8907,0.91176
8908,0.91176
8909,0.92549
8910,0.98627
8911,1.0373
8912,0.38039
8913,-0.47255
8914,-0.50196
8915,-0.50196
8916,-0.50196
8917,-0.50196
8918,-0.50196
8919,-0.26667
8920,0.12353
8921,0.51961
8922,0.81569
8923,0.99608
8924,1.1824
8925,1.2882
8926,1.3216
8927,1.3333
8928,1.3431
8929,1.3471
8930,1.3529
8931,1.3529
8932,1.3569
8933,1.3569
8934,1.3725
8935,1.3784
8936,1.3922
8937,1.4176
8938,1.4471
8939,1.4882
8940,1.5039
8941,1.5039
8942,1.5039
8943,1.5039
8944,1.5039
8945,1.5039
8946,1.5039
8947,1.5039
8948,1.5039
8949,1.5039
8950,1.5039
8951,1.4922
8952,1.3627
8953,1.2471
8954,1.151
8955,1.0765
8956,1.0275
8957,1.0059
8958,0.97059
8959,0.96667
8960,0.94706
8961,0.96078
8962,0.95098
8963,0.94706
8964,0.93725
8965,0.96078
8966,0.95098
8967,0.96667
8968,0.93725
8969,0.92157
8970,0.95098
8971,0.95098
8972,0.94118
8973,0.94706
8974,0.92549
8975,0.95098
8976,0.92549
8977,0.93725
8978,0.91569
8979,0.92549
8980,0.93137
8981,0.92549
8982,0.92549
8983,0.91569
8984,0.91569
8985,0.92549
8986,0.91569
8987,0.96078
8988,0.97647
8989,0.94706
8990,0.95686
8991,0.94118
8992,0.95098
8993,0.94706
8994,0.92549
8995,0.91569
8996,0.8902
8997,0.88039
8998,0.8902
8999,0.88039
9000,0.8902
9001,0.91176
9002,0.96667
9003,1.0314
9004,0.42549
9005,-0.50196
9006,-0.50196
9007,-0.50196
9008,-0.50196
9009,-0.50196
9010,-0.50196
9011,-0.30784
9012,0.1098
9013,0.51961
9014,0.81176
9015,0.99608
9016,1.1961
9017,1.3176
9018,1.3529
9019,1.3627
9020,1.3569
9021,1.3784
9022,1.3882
9023,1.3824
9024,1.3784
9025,1.3882
9026,1.398
9027,1.4118
9028,1.4235
9029,1.4471
9030,1.4824
9031,1.5039
9032,1.5039
9033,1.5039
9034,1.5039
9035,1.5039
9036,1.5039
9037,1.5039
9038,1.5039
9039,1.5039
9040,1.5039
9041,1.5039
9042,1.5039
9043,1.5039
9044,1.398
9045,1.2765
9046,1.1824
9047,1.1118
9048,1.0569
9049,1.0216
9050,0.99608
9051,0.98235
9052,0.97059
9053,0.97647
9054,0.96667
9055,0.97059
9056,0.97059
9057,0.97647
9058,0.97059
9059,0.97059
9060,0.97647
9061,0.97059
9062,0.97647
9063,0.97647
9064,0.97059
9065,0.96667
9066,0.96667
9067,0.96667
9068,0.97059
9069,0.96667
9070,0.95686
9071,0.95686
9072,0.96078
9073,0.95686
9074,0.96078
9075,0.95686
9076,0.96078
9077,0.95686
9078,0.96078
9079,0.96078
9080,0.96667
9081,0.97059
9082,0.98627
9083,1.002
9084,1.0059
9085,1.0059
9086,0.99216
9087,0.98627
9088,0.99608
9089,0.97059
9090,0.95098
9091,0.93137
9092,0.92157
9093,0.91569
9094,0.91176
9095,0.91176
9096,0.91569
9097,0.96078
9098,1.0412
9099,0.67059
9100,-0.14118
9101,-0.50196
9102,-0.50196
9103,-0.50196
9104,-0.50196
9105,-0.50196
9106,-0.40196
9107,-0.037255
9108,0.37059
9109,0.73137
9110,0.92549
9111,1.1059
9112,1.2725
9113,1.3216
9114,1.3431
9115,1.3471
9116,1.3529
9117,1.3529
9118,1.3569
9119,1.3569
9120,1.3725
9121,1.3725
9122,1.3784
9123,1.3922
9124,1.4176
9125,1.4373
9126,1.4725
9127,1.5039
9128,1.5039
9129,1.5039
9130,1.5039
9131,1.5039
9132,1.5039
9133,1.5039
9134,1.5039
9135,1.5039
9136,1.5039
9137,1.5039
9138,1.5039
9139,1.4333
9140,1.3118
9141,1.2078
9142,1.1275
9143,1.0608
9144,1.0157
9145,0.99216
9146,0.97059
9147,0.95686
9148,0.95098
9149,0.95098
9150,0.95098
9151,0.95098
9152,0.95098
9153,0.95098
9154,0.95098
9155,0.95098
9156,0.95098
9157,0.95686
9158,0.95686
9159,0.95686
9160,0.95686
9161,0.95686
9162,0.95686
9163,0.95686
9164,0.95098
9165,0.95098
9166,0.95098
9167,0.95098
9168,0.95098
9169,0.95098
9170,0.95098
9171,0.95098
9172,0.95098
9173,0.95686
9174,0.96667
9175,0.98627
9176,1.002
9177,1.002
9178,1.002
9179,0.97647
9180,0.98235
9181,0.97059
9182,0.95098
9183,0.92549
9184,0.91569
9185,0.90588
9186,0.90588
9187,0.90588
9188,0.90588
9189,0.92549
9190,0.99216
9191,1.0373
9192,0.3098
9193,-0.50196
9194,-0.50196
9195,-0.50196
9196,-0.50196
9197,-0.50196
9198,-0.50196
9199,-0.24314
9200,0.14902
9201,0.55098
9202,0.82549
9203,1.002
9204,1.1961
9205,1.302
9206,1.3275
9207,1.3373
9208,1.3471
9209,1.3471
9210,1.3529
9211,1.3529
9212,1.3569
9213,1.3627
9214,1.3784
9215,1.3824
9216,1.398
9217,1.4176
9218,1.4529
9219,1.4882
9220,1.5039
9221,1.5039
9222,1.5039
9223,1.5039
9224,1.5039
9225,1.5039
9226,1.5039
9227,1.5039
9228,1.5039
9229,1.5039
9230,1.5039
9231,1.4922
9232,1.3627
9233,1.2529
9234,1.1627
9235,1.0863
9236,1.0412
9237,1.002
9238,0.97647
9239,0.96078
9240,0.95098
9241,0.95098
9242,0.95098
9243,0.95098
9244,0.95098
9245,0.96078
9246,0.96667
9247,0.96667
9248,0.96078
9249,0.96667
9250,0.96078
9251,0.96667
9252,0.96078
9253,0.95686
9254,0.95686
9255,0.96078
9256,0.95686
9257,0.95098
9258,0.95098
9259,0.95098
9260,0.94706
9261,0.94118
9262,0.95098
9263,0.94118
9264,0.96667
9265,0.95098
9266,0.94118
9267,0.98235
9268,0.99216
9269,0.98627
9270,1.0059
9271,0.97059
9272,0.96667
9273,0.97647
9274,0.96667
9275,0.92549
9276,0.92157
9277,0.89608
9278,0.90196
9279,0.90196
9280,0.88039
9281,0.89608
9282,0.94118
9283,1.0275
9284,0.77647
9285,-0.031373
9286,-0.50196
9287,-0.50196
9288,-0.50196
9289,-0.50196
9290,-0.50196
9291,-0.45686
9292,-0.076471
9293,0.33922
9294,0.68627
9295,0.88627
9296,1.0863
9297,1.2627
9298,1.3216
9299,1.3373
9300,1.3333
9301,1.3529
9302,1.3431
9303,1.3569
9304,1.3569
9305,1.3627
9306,1.3725
9307,1.3667
9308,1.398
9309,1.4235
9310,1.4431
9311,1.4725
9312,1.5039
9313,1.5039
9314,1.5039
9315,1.5039
9316,1.5039
9317,1.5039
9318,1.5039
9319,1.5039
9320,1.5039
9321,1.5039
9322,1.5039
9323,1.5039
9324,1.4373
9325,1.302
9326,1.1961
9327,1.1118
9328,1.0569
9329,1.0118
9330,0.98235
9331,0.96667
9332,0.96078
9333,0.95098
9334,0.95098
9335,0.96078
9336,0.95686
9337,0.96667
9338,0.96667
9339,0.96667
9340,0.95686
9341,0.96667
9342,0.96667
9343,0.96667
9344,0.96667
9345,0.96667
9346,0.96667
9347,0.97059
9348,0.96667
9349,0.97059
9350,0.96667
9351,0.96667
9352,0.95686
9353,0.96667
9354,0.96078
9355,0.96667
9356,0.97059
9357,0.96667
9358,0.97647
9359,0.97647
9360,1.002
9361,1.0157
9362,1.0059
9363,1.002
9364,0.98235
9365,0.97647
9366,0.98627
9367,0.95686
9368,0.94706
9369,0.92549
9370,0.91569
9371,0.91176
9372,0.91569
9373,0.91569
9374,0.93725
9375,0.99608
9376,1.0471
9377,0.3902
9378,-0.48824
9379,-0.50196
9380,-0.50196
9381,-0.50196
9382,-0.50196
9383,-0.50196
9384,-0.26667
9385,0.12353
9386,0.53529
9387,0.83137
9388,1.002
9389,1.202
9390,1.3176
9391,1.3431
9392,1.3569
9393,1.3667
9394,1.3725
9395,1.3784
9396,1.3725
9397,1.3784
9398,1.3784
9399,1.3882
9400,1.398
9401,1.4118
9402,1.4333
9403,1.4627
9404,1.498
9405,1.5039
9406,1.5039
9407,1.5039
9408,1.5039
9409,1.5039
9410,1.5039
9411,1.5039
9412,1.5039
9413,1.5039
9414,1.5039
9415,1.5039
9416,1.5039
9417,1.3784
9418,1.2667
9419,1.1667
9420,1.0922
9421,1.0412
9422,1.0059
9423,0.98235
9424,0.97059
9425,0.96078
9426,0.95686
9427,0.95098
9428,0.95098
9429,0.95098
9430,0.95098
9431,0.95686
9432,0.95098
9433,0.95686
9434,0.95686
9435,0.96078
9436,0.95686
9437,0.96078
9438,0.96667
9439,0.96078
9440,0.96078
9441,0.96667
9442,0.95686
9443,0.95098
9444,0.95098
9445,0.95686
9446,0.95686
9447,0.95686
9448,0.95686
9449,0.95686
9450,0.95686
9451,0.96078
9452,0.96667
9453,0.98627
9454,1.002
9455,1.002
9456,1.002
9457,0.98235
9458,0.98627
9459,0.97647
9460,0.95098
9461,0.93725
9462,0.91569
9463,0.91176
9464,0.91176
9465,0.90588
9466,0.91176
9467,0.92157
9468,0.98235
9469,1.0314
9470,0.5
9471,-0.33333
9472,-0.50196
9473,-0.50196
9474,-0.50196
9475,-0.50196
9476,-0.50196
9477,-0.30784
9478,0.062745
9479,0.47059
9480,0.78627
9481,0.96667
9482,1.151
9483,1.2824
9484,1.3176
9485,1.3333
9486,1.3471
9487,1.3529
9488,1.3529
9489,1.3569
9490,1.3627
9491,1.3667
9492,1.3725
9493,1.3824
9494,1.398
9495,1.4176
9496,1.4431
9497,1.4784
9498,1.5039
9499,1.5039
9500,1.5039
9501,1.5039
9502,1.5039
9503,1.5039
9504,1.5039
9505,1.5039
9506,1.5039
9507,1.5039
9508,1.5039
9509,1.5039
9510,1.398
9511,1.2824
9512,1.1824
9513,1.1059
9514,1.051
9515,1.0118
9516,0.99216
9517,0.97059
9518,0.96078
9519,0.95686
9520,0.95686
9521,0.95686
9522,0.95686
9523,0.95098
9524,0.95686
9525,0.96078
9526,0.97059
9527,0.96667
9528,0.97059
9529,0.96667
9530,0.97059
9531,0.96667
9532,0.96667
9533,0.96078
9534,0.96078
9535,0.95686
9536,0.96667
9537,0.95686
9538,0.95686
9539,0.96078
9540,0.95686
9541,0.95098
9542,0.95098
9543,0.96667
9544,0.97059
9545,0.98235
9546,1.002
9547,1.002
9548,1.0059
9549,0.99216
9550,0.98627
9551,0.99216
9552,0.97059
9553,0.94706
9554,0.92549
9555,0.92157
9556,0.91176
9557,0.90588
9558,0.91176
9559,0.90588
9560,0.95686
9561,1.0412
9562,0.73137
9563,-0.076471
9564,-0.50196
9565,-0.50196
9566,-0.50196
9567,-0.50196
9568,-0.50196
9569,-0.40784
9570,-0.066667
9571,0.33922
9572,0.70588
9573,0.91176
9574,1.0667
9575,1.2627
9576,1.3176
9577,1.3216
9578,1.3118
9579,1.3471
9580,1.3216
9581,1.3431
9582,1.3529
9583,1.3471
9584,1.3569
9585,1.3627
9586,1.3784
9587,1.398
9588,1.4235
9589,1.4471
9590,1.5039
9591,1.5039
9592,1.5039
9593,1.5039
9594,1.5039
9595,1.5039
9596,1.5039
9597,1.5039
9598,1.5039
9599,1.5039
9600,1.5039
9601,1.5039
9602,1.4118
9603,1.2725
9604,1.1725
9605,1.0922
9606,1.0373
9607,0.99216
9608,0.96078
9609,0.95098
9610,0.93725
9611,0.93137
9612,0.92549
9613,0.93137
9614,0.93725
9615,0.92549
9616,0.93137
9617,0.91569
9618,0.93137
9619,0.94118
9620,0.94118
9621,0.94118
9622,0.94706
9623,0.94118
9624,0.94706
9625,0.94118
9626,0.94118
9627,0.94118
9628,0.93725
9629,0.93137
9630,0.95098
9631,0.94706
9632,0.94706
9633,0.94706
9634,0.94118
9635,0.95098
9636,0.96667
9637,0.98235
9638,0.99608
9639,0.99608
9640,0.98235
9641,0.97647
9642,0.98235
9643,0.97059
9644,0.95098
9645,0.93137
9646,0.92157
9647,0.91569
9648,0.92157
9649,0.91569
9650,0.92549
9651,0.95686
9652,1.051
9653,0.87059
9654,0.062745
9655,-0.50196
9656,-0.50196
9657,-0.50196
9658,-0.50196
9659,-0.50196
9660,-0.47255
9661,-0.11176
9662,0.28431
9663,0.68039
9664,0.90588
9665,1.0863
9666,1.2725
9667,1.3471
9668,1.3725
9669,1.3784
9670,1.3824
9671,1.3824
9672,1.3824
9673,1.3882
9674,1.398
9675,1.398
9676,1.4078
9677,1.4176
9678,1.4373
9679,1.4569
9680,1.498
9681,1.5039
9682,1.5039
9683,1.5039
9684,1.5039
9685,1.5039
9686,1.5039
9687,1.5039
9688,1.5039
9689,1.5039
9690,1.5039
9691,1.5039
9692,1.5039
9693,1.4686
9694,1.3373
9695,1.2275
9696,1.1412
9697,1.0765
9698,1.0314
9699,1.002
9700,0.97647
9701,0.96667
9702,0.96078
9703,0.96078
9704,0.95686
9705,0.96078
9706,0.95686
9707,0.96078
9708,0.96078
9709,0.96078
9710,0.96667
9711,0.96667
9712,0.97059
9713,0.96667
9714,0.96667
9715,0.96667
9716,0.96667
9717,0.96078
9718,0.96667
9719,0.96078
9720,0.95686
9721,0.95686
9722,0.95686
9723,0.95686
9724,0.95098
9725,0.95098
9726,0.95686
9727,0.96078
9728,0.96078
9729,0.96667
9730,0.99216
9731,1.002
9732,1.002
9733,1.002
9734,0.98235
9735,0.98627
9736,0.97647
9737,0.96078
9738,0.93725
9739,0.92157
9740,0.91176
9741,0.91176
9742,0.90588
9743,0.90588
9744,0.92549
9745,0.99216
9746,1.0373
9747,0.37451
9748,-0.46863
9749,-0.50196
9750,-0.50196
9751,-0.50196
9752,-0.50196
9753,-0.50196
9754,-0.26667
9755,0.11961
9756,0.52549
9757,0.82157
9758,0.99608
9759,1.1863
9760,1.2922
9761,1.3275
9762,1.3373
9763,1.3471
9764,1.3529
9765,1.3529
9766,1.3569
9767,1.3627
9768,1.3667
9769,1.3725
9770,1.3824
9771,1.398
9772,1.4235
9773,1.4471
9774,1.4882
9775,1.5039
9776,1.5039
9777,1.5039
9778,1.5039
9779,1.5039
9780,1.5039
9781,1.5039
9782,1.5039
9783,1.5039
9784,1.5039
9785,1.5039
9786,1.5039
9787,1.3725
9788,1.2627
9789,1.1725
9790,1.0961
9791,1.0471
9792,1.0118
9793,0.98627
9794,0.97647
9795,0.96667
9796,0.95686
9797,0.96078
9798,0.95098
9799,0.95686
9800,0.95098
9801,0.95686
9802,0.95686
9803,0.96078
9804,0.96667
9805,0.97059
9806,0.96667
9807,0.97059
9808,0.97059
9809,0.96667
9810,0.96667
9811,0.96667
9812,0.96078
9813,0.96078
9814,0.95686
9815,0.96667
9816,0.96667
9817,0.96078
9818,0.96078
9819,0.95686
9820,0.96078
9821,0.96667
9822,0.97059
9823,0.99216
9824,1.0059
9825,1.002
9826,1.0059
9827,0.98627
9828,0.99216
9829,0.97647
9830,0.96078
9831,0.93725
9832,0.92157
9833,0.91176
9834,0.91176
9835,0.91176
9836,0.90588
9837,0.93137
9838,1.002
9839,1.0471
9840,0.32353
9841,-0.50196
9842,-0.50196
9843,-0.50196
9844,-0.50196
9845,-0.50196
9846,-0.50196
9847,-0.23137
9848,0.14902
9849,0.55098
9850,0.82549
9851,1.0059
9852,1.1922
9853,1.298
9854,1.3216
9855,1.3333
9856,1.3333
9857,1.3431
9858,1.3373
9859,1.3431
9860,1.3529
9861,1.3627
9862,1.3627
9863,1.3784
9864,1.3922
9865,1.4176
9866,1.4333
9867,1.4824
9868,1.5039
9869,1.5039
9870,1.5039
9871,1.5039
9872,1.5039
9873,1.5039
9874,1.5039
9875,1.5039
9876,1.5039
9877,1.5039
9878,1.5039
9879,1.4725
9880,1.3373
9881,1.2176
9882,1.1216
9883,1.0569
9884,1.0275
9885,0.97647
9886,0.95098
9887,0.93725
9888,0.92549
9889,0.93137
9890,0.92157
9891,0.90588
9892,0.93137
9893,0.90588
9894,0.92157
9895,0.93137
9896,0.90588
9897,0.93725
9898,0.93137
9899,0.91569
9900,0.92549
9901,0.93725
9902,0.94118
9903,0.92549
9904,0.91569
9905,0.92157
9906,0.92549
9907,0.93137
9908,0.92549
9909,0.92549
9910,0.92549
9911,0.93137
9912,0.93725
9913,0.95686
9914,0.97647
9915,0.97059
9916,0.97647
9917,0.95686
9918,0.96667
9919,0.96078
9920,0.95098
9921,0.93725
9922,0.90588
9923,0.90588
9924,0.90588
9925,0.90196
9926,0.90588
9927,0.91176
9928,0.96078
9929,1.0569
9930,0.69608
9931,-0.17255
9932,-0.50196
9933,-0.50196
9934,-0.50196
9935,-0.50196
9936,-0.50196
9937,-0.41765
9938,-0.031373
9939,0.38039
9940,0.75098
9941,0.95098
9942,1.1314
9943,1.302
9944,1.3569
9945,1.3784
9946,1.3824
9947,1.3922
9948,1.3922
9949,1.398
9950,1.398
9951,1.398
9952,1.402
9953,1.4118
9954,1.4235
9955,1.4471
9956,1.4784
9957,1.5039
9958,1.5039
9959,1.5039
9960,1.5039
9961,1.5039
9962,1.5039
9963,1.5039
9964,1.5039
9965,1.5039
9966,1.5039
9967,1.5039
9968,1.5039
9969,1.5039
9970,1.4275
9971,1.302
9972,1.1961
9973,1.1216
9974,1.0667
9975,1.0216
9976,0.99608
9977,0.97647
9978,0.96667
9979,0.96078
9980,0.96078
9981,0.96078
9982,0.95686
9983,0.96078
9984,0.96078
9985,0.96667
9986,0.96667
9987,0.96667
9988,0.96667
9989,0.96667
9990,0.96667
9991,0.96078
9992,0.96667
9993,0.97059
9994,0.96078
9995,0.96667
9996,0.96078
9997,0.95686
9998,0.95686
9999,0.95686
10000,0.95686
10001,0.95098
10002,0.95098
10003,0.95098
10004,0.95098
10005,0.95686
10006,0.96078
10007,0.97059
10008,0.98627
10009,1.002
10010,1.002
10011,0.99608
10012,0.98235
10013,0.99216
10014,0.97647
10015,0.95098
10016,0.93137
10017,0.92157
10018,0.91176
10019,0.91176
10020,0.91176
10021,0.90588
10022,0.93725
10023,1.0059
10024,1.0412
10025,0.2549
10026,-0.50196
10027,-0.50196
10028,-0.50196
10029,-0.50196
10030,-0.50196
10031,-0.50196
10032,-0.20196
10033,0.18431
10034,0.58431
10035,0.85098
10036,1.0314
10037,1.2176
10038,1.3078
10039,1.3333
10040,1.3471
10041,1.3529
10042,1.3529
10043,1.3627
10044,1.3627
10045,1.3667
10046,1.3725
10047,1.3784
10048,1.3824
10049,1.402
10050,1.4235
10051,1.4569
10052,1.4922
10053,1.5039
10054,1.5039
10055,1.5039
10056,1.5039
10057,1.5039
10058,1.5039
10059,1.5039
10060,1.5039
10061,1.5039
10062,1.5039
10063,1.5039
10064,1.4922
10065,1.3627
10066,1.2471
10067,1.1667
10068,1.0922
10069,1.0412
10070,1.0059
10071,0.98235
10072,0.97059
10073,0.96667
10074,0.96078
10075,0.95686
10076,0.96078
10077,0.95686
10078,0.95686
10079,0.96078
10080,0.96667
10081,0.97059
10082,0.97059
10083,0.97059
10084,0.96667
10085,0.97059
10086,0.96667
10087,0.96667
10088,0.96078
10089,0.96667
10090,0.96078
10091,0.96667
10092,0.96078
10093,0.96078
10094,0.95686
10095,0.96078
10096,0.95686
10097,0.96667
10098,0.97059
10099,0.97647
10100,0.99608
10101,1.0118
10102,1.002
10103,1.0059
10104,0.98235
10105,0.99216
10106,0.97647
10107,0.96078
10108,0.93725
10109,0.92157
10110,0.91176
10111,0.91176
10112,0.90588
10113,0.91176
10114,0.92549
10115,0.98627
10116,1.0373
10117,0.40392
10118,-0.42745
10119,-0.50196
10120,-0.50196
10121,-0.50196
10122,-0.50196
10123,-0.50196
10124,-0.26667
10125,0.10392
10126,0.51569
10127,0.81176
10128,0.99216
10129,1.1824
10130,1.302
10131,1.3275
10132,1.3471
10133,1.3471
10134,1.3529
10135,1.3529
10136,1.3569
10137,1.3667
10138,1.3725
10139,1.3784
10140,1.3824
10141,1.398
10142,1.4176
10143,1.4471
10144,1.4882
10145,1.5039
10146,1.5039
10147,1.5039
10148,1.5039
10149,1.5039
10150,1.5039
10151,1.5039
10152,1.5039
10153,1.5039
10154,1.5039
10155,1.5039
10156,1.5039
10157,1.3725
10158,1.2569
10159,1.1667
10160,1.0922
10161,1.0412
10162,1.002
10163,0.99608
10164,0.96667
10165,0.96078
10166,0.97059
10167,0.95098
10168,0.95686
10169,0.97647
10170,0.95686
10171,0.95098
10172,0.95098
10173,0.95098
10174,0.95686
10175,0.94706
10176,0.95098
10177,0.95098
10178,0.94706
10179,0.93137
10180,0.94706
10181,0.95098
10182,0.93137
10183,0.94706
10184,0.92157
10185,0.93137
10186,0.92549
10187,0.95098
10188,0.91569
10189,0.94118
10190,0.92549
10191,0.94118
10192,0.95098
10193,0.97059
10194,0.96078
10195,0.94706
10196,0.95686
10197,0.95098
10198,0.95098
10199,0.93137
10200,0.92157
10201,0.88039
10202,0.88627
10203,0.8902
10204,0.88627
10205,0.87647
10206,0.90196
10207,0.96078
10208,1.0275
10209,0.58431
10210,-0.31765
10211,-0.50196
10212,-0.50196
10213,-0.50196
10214,-0.50196
10215,-0.50196
10216,-0.37843
10217,0.023529
10218,0.43529
10219,0.76667
10220,0.96078
10221,1.151
10222,1.3078
10223,1.3471
10224,1.3725
10225,1.3784
10226,1.3882
10227,1.3824
10228,1.3784
10229,1.3824
10230,1.3882
10231,1.398
10232,1.402
10233,1.4235
10234,1.4471
10235,1.4686
10236,1.5039
10237,1.5039
10238,1.5039
10239,1.5039
10240,1.5039
10241,1.5039
10242,1.5039
10243,1.5039
10244,1.5039
10245,1.5039
10246,1.5039
10247,1.5039
10248,1.5039
10249,1.4275
10250,1.302
10251,1.202
10252,1.1216
10253,1.0725
10254,1.0275
10255,1.002
10256,0.97647
10257,0.97059
10258,0.96667
10259,0.97059
10260,0.97059
10261,0.97647
10262,0.97059
10263,0.97647
10264,0.97647
10265,0.97647
10266,0.97647
10267,0.97647
10268,0.97647
10269,0.97647
10270,0.97647
10271,0.97647
10272,0.97647
10273,0.97059
10274,0.96667
10275,0.96667
10276,0.96078
10277,0.96078
10278,0.96078
10279,0.95686
10280,0.95686
10281,0.96078
10282,0.96667
10283,0.96078
10284,0.96667
10285,0.97059
10286,0.97647
10287,0.99216
10288,1.0118
10289,1.0157
10290,1.0118
10291,0.98627
10292,0.99216
10293,0.99608
10294,0.96078
10295,0.94118
10296,0.92549
10297,0.91569
10298,0.91176
10299,0.91569
10300,0.91176
10301,0.92549
10302,0.98235
10303,1.0314
10304,0.47451
10305,-0.37255
10306,-0.50196
10307,-0.50196
10308,-0.50196
10309,-0.50196
10310,-0.50196
10311,-0.30784
10312,0.07451
10313,0.48039
10314,0.7902
10315,0.97059
10316,1.1667
10317,1.2922
10318,1.3275
10319,1.3431
10320,1.3529
10321,1.3529
10322,1.3569
10323,1.3569
10324,1.3667
10325,1.3667
10326,1.3784
10327,1.3784
10328,1.398
10329,1.4118
10330,1.4431
10331,1.4784
10332,1.5039
10333,1.5039
10334,1.5039
10335,1.5039
10336,1.5039
10337,1.5039
10338,1.5039
10339,1.5039
10340,1.5039
10341,1.5039
10342,1.5039
10343,1.5039
10344,1.398
10345,1.2765
10346,1.1765
10347,1.1059
10348,1.051
10349,1.0118
10350,0.98235
10351,0.96667
10352,0.95098
10353,0.95098
10354,0.95098
10355,0.95098
10356,0.95098
10357,0.95098
10358,0.95098
10359,0.95098
10360,0.95098
10361,0.96667
10362,0.96078
10363,0.96667
10364,0.96078
10365,0.96667
10366,0.96078
10367,0.96078
10368,0.96667
10369,0.96078
10370,0.96667
10371,0.96078
10372,0.96667
10373,0.96078
10374,0.96078
10375,0.95686
10376,0.96078
10377,0.96078
10378,0.97059
10379,0.98627
10380,1.0059
10381,1.0118
10382,1.0059
10383,0.99216
10384,0.99216
10385,0.98235
10386,0.96667
10387,0.94118
10388,0.92549
10389,0.91569
10390,0.92157
10391,0.91176
10392,0.91176
10393,0.92549
10394,0.98627
10395,1.0373
10396,0.4549
10397,-0.38235
10398,-0.50196
10399,-0.50196
10400,-0.50196
10401,-0.50196
10402,-0.50196
10403,-0.29804
10404,0.084314
10405,0.4902
10406,0.79608
10407,0.97647
10408,1.1667
10409,1.2922
10410,1.3275
10411,1.3431
10412,1.3471
10413,1.3529
10414,1.3529
10415,1.3569
10416,1.3627
10417,1.3627
10418,1.3784
10419,1.3824
10420,1.3922
10421,1.4176
10422,1.4471
10423,1.4882
10424,1.5039
10425,1.5039
10426,1.5039
10427,1.5039
10428,1.5039
10429,1.5039
10430,1.5039
10431,1.5039
10432,1.5039
10433,1.5039
10434,1.5039
10435,1.5039
10436,1.3824
10437,1.2667
10438,1.1725
10439,1.0961
10440,1.051
10441,1.0118
10442,0.99216
10443,0.97647
10444,0.96667
10445,0.95686
10446,0.95686
10447,0.95098
10448,0.95098
10449,0.95686
10450,0.95098
10451,0.95686
10452,0.96667
10453,0.96667
10454,0.96667
10455,0.97059
10456,0.97059
10457,0.97059
10458,0.96667
10459,0.96078
10460,0.96078
10461,0.96667
10462,0.95686
10463,0.95098
10464,0.95686
10465,0.96078
10466,0.95686
10467,0.95686
10468,0.95686
10469,0.95686
10470,0.96667
10471,0.99216
10472,1.002
10473,0.98627
10474,1.002
10475,0.98627
10476,0.99216
10477,0.96667
10478,0.95098
10479,0.92549
10480,0.92549
10481,0.90588
10482,0.91176
10483,0.88039
10484,0.90196
10485,0.92549
10486,1.0118
10487,1.0216
10488,0.094118
10489,-0.50196
10490,-0.50196
10491,-0.50196
10492,-0.50196
10493,-0.50196
10494,-0.50196
10495,-0.13725
10496,0.26471
10497,0.6451
10498,0.87647
10499,1.0471
10500,1.2314
10501,1.3176
10502,1.3216
10503,1.3471
10504,1.3275
10505,1.3176
10506,1.3431
10507,1.3471
10508,1.3529
10509,1.3725
10510,1.3784
10511,1.3882
10512,1.398
10513,1.4333
10514,1.4686
10515,1.5039
10516,1.5039
10517,1.5039
10518,1.5039
10519,1.5039
10520,1.5039
10521,1.5039
10522,1.5039
10523,1.5039
10524,1.5039
10525,1.5039
10526,1.5039
10527,1.4275
10528,1.302
10529,1.1922
10530,1.1059
10531,1.0412
10532,0.98627
10533,0.96667
10534,0.95098
10535,0.94706
10536,0.94118
10537,0.93137
10538,0.92549
10539,0.93137
10540,0.93725
10541,0.94706
10542,0.94706
10543,0.95098
10544,0.95098
10545,0.95098
10546,0.95686
10547,0.95686
10548,0.95098
10549,0.95686
10550,0.95098
10551,0.95098
10552,0.94706
10553,0.95098
10554,0.95098
10555,0.95098
10556,0.95098
10557,0.95098
10558,0.95098
10559,0.95686
10560,0.95686
10561,0.96667
10562,0.98235
10563,1.002
10564,1.002
10565,1.0059
10566,0.97647
10567,0.98627
10568,0.99216
10569,0.96667
10570,0.94706
10571,0.92549
10572,0.92157
10573,0.91569
10574,0.92157
10575,0.91569
10576,0.93137
10577,0.98627
10578,1.0412
10579,0.47451
10580,-0.38235
10581,-0.50196
10582,-0.50196
10583,-0.50196
10584,-0.50196
10585,-0.50196
10586,-0.31765
10587,0.068627
10588,0.48039
10589,0.8
10590,0.98235
10591,1.1667
10592,1.3078
10593,1.3471
10594,1.3627
10595,1.3784
10596,1.3784
10597,1.3784
10598,1.3824
10599,1.3882
10600,1.3882
10601,1.398
10602,1.398
10603,1.4235
10604,1.4431
10605,1.4686
10606,1.502
10607,1.5039
10608,1.5039
10609,1.5039
10610,1.5039
10611,1.5039
10612,1.5039
10613,1.5039
10614,1.5039
10615,1.5039
10616,1.5039
10617,1.5039
10618,1.5039
10619,1.3922
10620,1.2667
10621,1.1725
10622,1.0961
10623,1.0412
10624,1.0118
10625,0.98235
10626,0.96667
10627,0.95686
10628,0.95098
10629,0.95098
10630,0.95098
10631,0.95098
10632,0.95686
10633,0.95098
10634,0.95686
10635,0.95686
10636,0.95686
10637,0.96078
10638,0.96078
10639,0.96078
10640,0.97059
10641,0.97059
10642,0.96078
10643,0.96078
10644,0.96078
10645,0.95686
10646,0.96078
10647,0.95686
10648,0.95686
10649,0.96078
10650,0.95686
10651,0.96078
10652,0.96078
10653,0.96667
10654,0.98235
10655,1.002
10656,1.002
10657,1.002
10658,0.98627
10659,0.98235
10660,0.98627
10661,0.97059
10662,0.94706
10663,0.92549
10664,0.91176
10665,0.91176
10666,0.90588
10667,0.90588
10668,0.91569
10669,0.96078
10670,1.0412
10671,0.6902
10672,-0.12157
10673,-0.50196
10674,-0.50196
10675,-0.50196
10676,-0.50196
10677,-0.50196
10678,-0.39804
10679,-0.037255
10680,0.36471
10681,0.72549
10682,0.92549
10683,1.1059
10684,1.2725
10685,1.3216
10686,1.3373
10687,1.3471
10688,1.3529
10689,1.3569
10690,1.3627
10691,1.3627
10692,1.3667
10693,1.3784
10694,1.3824
10695,1.398
10696,1.4176
10697,1.4431
10698,1.4725
10699,1.5039
10700,1.5039
10701,1.5039
10702,1.5039
10703,1.5039
10704,1.5039
10705,1.5039
10706,1.5039
10707,1.5039
10708,1.5039
10709,1.5039
10710,1.5039
10711,1.4176
10712,1.2922
10713,1.1961
10714,1.1118
10715,1.0569
10716,1.0157
10717,0.99216
10718,0.97647
10719,0.96667
10720,0.95686
10721,0.95686
10722,0.95098
10723,0.95098
10724,0.95098
10725,0.95098
10726,0.95686
10727,0.95686
10728,0.96078
10729,0.96078
10730,0.96078
10731,0.96078
10732,0.96078
10733,0.96667
10734,0.96667
10735,0.96078
10736,0.96667
10737,0.95686
10738,0.95686
10739,0.95686
10740,0.96078
10741,0.95686
10742,0.96078
10743,0.95686
10744,0.96078
10745,0.96667
10746,0.97647
10747,0.99608
10748,1.0118
10749,1.002
10750,1.002
10751,0.98627
10752,0.98627
10753,0.97647
10754,0.95686
10755,0.93725
10756,0.92157
10757,0.91569
10758,0.90588
10759,0.91176
10760,0.91176
10761,0.94118
10762,1.0059
10763,1.0471
10764,0.2902
10765,-0.50196
10766,-0.50196
10767,-0.50196
10768,-0.50196
10769,-0.50196
10770,-0.50196
10771,-0.22157
10772,0.16863
10773,0.56471
10774,0.83137
10775,1.0059
10776,1.202
10777,1.298
10778,1.3275
10779,1.3333
10780,1.3471
10781,1.3529
10782,1.3529
10783,1.3529
10784,1.3569
10785,1.3627
10786,1.3725
10787,1.3725
10788,1.398
10789,1.4118
10790,1.4529
10791,1.4882
10792,1.5039
10793,1.5039
10794,1.5039
10795,1.5039
10796,1.5039
10797,1.5039
10798,1.5039
10799,1.5039
10800,1.5039
10801,1.5039
10802,1.5039
10803,1.4627
10804,1.3431
10805,1.2471
10806,1.1314
10807,1.0765
10808,1.0157
10809,0.97647
10810,0.97059
10811,0.94706
10812,0.93137
10813,0.92549
10814,0.94706
10815,0.93725
10816,0.94118
10817,0.92157
10818,0.94118
10819,0.95098
10820,0.93137
10821,0.92549
10822,0.93725
10823,0.92549
10824,0.93137
10825,0.92157
10826,0.94118
10827,0.93137
10828,0.91569
10829,0.92549
10830,0.93137
10831,0.92549
10832,0.92157
10833,0.93725
10834,0.91569
10835,0.94706
10836,0.94706
10837,0.94118
10838,0.97059
10839,0.97647
10840,0.98235
10841,0.96667
10842,0.95686
10843,0.97059
10844,0.94706
10845,0.92549
10846,0.91176
10847,0.90196
10848,0.89608
10849,0.89608
10850,0.90196
10851,0.90588
10852,0.93725
10853,1.0314
10854,1.0373
10855,0.029412
10856,-0.50196
10857,-0.50196
10858,-0.50196
10859,-0.50196
10860,-0.50196
10861,-0.50196
10862,-0.12157
10863,0.2902
10864,0.67059
10865,0.90588
10866,1.0922
10867,1.2765
10868,1.3471
10869,1.3725
10870,1.3784
10871,1.3824
10872,1.3882
10873,1.3922
10874,1.398
10875,1.402
10876,1.4118
10877,1.4235
10878,1.4333
10879,1.4471
10880,1.4784
10881,1.5039
10882,1.5039
10883,1.5039
10884,1.5039
10885,1.5039
10886,1.5039
10887,1.5039
10888,1.5039
10889,1.5039
10890,1.5039
10891,1.5039
10892,1.5039
10893,1.5039
10894,1.4725
10895,1.3373
10896,1.2275
10897,1.1412
10898,1.0765
10899,1.0275
10900,1.002
10901,0.98235
10902,0.97059
10903,0.96667
10904,0.97059
10905,0.97647
10906,0.96667
10907,0.97059
10908,0.97059
10909,0.97059
10910,0.97059
10911,0.97647
10912,0.97059
10913,0.97059
10914,0.97059
10915,0.97059
10916,0.96667
10917,0.96667
10918,0.96667
10919,0.96667
10920,0.96667
10921,0.96667
10922,0.96078
10923,0.96078
10924,0.96078
10925,0.95686
10926,0.96078
10927,0.96078
10928,0.96078
10929,0.95686
10930,0.96667
10931,0.97647
10932,0.99216
10933,1.002
10934,1.0118
10935,1.0059
10936,0.98627
10937,0.98627
10938,0.99216
10939,0.96667
10940,0.94706
10941,0.92549
10942,0.91569
10943,0.91176
10944,0.91569
10945,0.91569
10946,0.92157
10947,0.97647
10948,1.0275
10949,0.50588
10950,-0.31765
10951,-0.50196
10952,-0.50196
10953,-0.50196
10954,-0.50196
10955,-0.50196
10956,-0.32157
10957,0.058824
10958,0.46078
10959,0.78627
10960,0.96667
10961,1.151
10962,1.2882
10963,1.3275
10964,1.3373
10965,1.3471
10966,1.3529
10967,1.3529
10968,1.3569
10969,1.3627
10970,1.3667
10971,1.3784
10972,1.3824
10973,1.398
10974,1.4176
10975,1.4431
10976,1.4784
10977,1.5039
10978,1.5039
10979,1.5039
10980,1.5039
10981,1.5039
10982,1.5039
10983,1.5039
10984,1.5039
10985,1.5039
10986,1.5039
10987,1.5039
10988,1.5039
10989,1.402
10990,1.2882
10991,1.1824
10992,1.1059
10993,1.051
10994,1.0157
10995,0.98235
10996,0.97647
10997,0.95686
10998,0.95686
10999,0.95098
11000,0.95098
11001,0.95098
11002,0.95686
11003,0.96078
11004,0.95686
11005,0.96667
11006,0.96667
11007,0.96667
11008,0.96667
11009,0.96667
11010,0.96667
11011,0.96078
11012,0.96078
11013,0.96078
11014,0.95686
11015,0.95686
11016,0.95098
11017,0.95098
11018,0.95098
11019,0.95098
11020,0.95098
11021,0.95686
11022,0.96667
11023,0.97059
11024,0.99216
11025,1.0118
11026,1.0059
11027,1.002
11028,0.97647
11029,0.98235
11030,0.97647
11031,0.95686
11032,0.94118
11033,0.92157
11034,0.91569
11035,0.91176
11036,0.91569
11037,0.91176
11038,0.93137
11039,0.99608
11040,1.0412
11041,0.32353
11042,-0.50196
11043,-0.50196
11044,-0.50196
11045,-0.50196
11046,-0.50196
11047,-0.50196
11048,-0.23137
11049,0.14902
11050,0.55098
11051,0.83137
11052,1.0059
11053,1.202
11054,1.302
11055,1.3275
11056,1.3373
11057,1.3471
11058,1.3471
11059,1.3529
11060,1.3569
11061,1.3627
11062,1.3667
11063,1.3784
11064,1.3882
11065,1.402
11066,1.4235
11067,1.4569
11068,1.498
11069,1.5039
11070,1.5039
11071,1.5039
11072,1.5039
11073,1.5039
11074,1.5039
11075,1.5039
11076,1.5039
11077,1.5039
11078,1.5039
11079,1.5039
11080,1.4922
11081,1.3627
11082,1.2471
11083,1.1569
11084,1.0863
11085,1.0412
11086,1.0059
11087,0.98627
11088,0.97059
11089,0.96078
11090,0.96667
11091,0.94118
11092,0.95098
11093,0.96078
11094,0.95098
11095,0.96667
11096,0.95098
11097,0.96667
11098,0.96078
11099,0.97059
11100,0.96078
11101,0.95098
11102,0.96078
11103,0.95098
11104,0.93725
11105,0.95098
11106,0.94706
11107,0.94118
11108,0.92549
11109,0.93137
11110,0.94706
11111,0.93725
11112,0.92549
11113,0.94706
11114,0.93137
11115,0.92157
11116,0.97059
11117,0.98235
11118,0.97647
11119,0.96667
11120,0.93725
11121,0.95098
11122,0.95686
11123,0.91569
11124,0.90588
11125,0.88627
11126,0.86078
11127,0.88039
11128,0.8902
11129,0.90196
11130,0.8902
11131,0.99216
11132,1.0275
11133,0.17843
11134,-0.50196
11135,-0.50196
11136,-0.50196
11137,-0.50196
11138,-0.50196
11139,-0.50196
11140,-0.17647
11141,0.22941
11142,0.62549
11143,0.85686
11144,1.0471
11145,1.2373
11146,1.3216
11147,1.3471
11148,1.3529
11149,1.3627
11150,1.3667
11151,1.3725
11152,1.3725
11153,1.3784
11154,1.3784
11155,1.398
11156,1.402
11157,1.4235
11158,1.4431
11159,1.4824
11160,1.5039
11161,1.5039
11162,1.5039
11163,1.5039
11164,1.5039
11165,1.5039
11166,1.5039
11167,1.5039
11168,1.5039
11169,1.5039
11170,1.5039
11171,1.5039
11172,1.4882
11173,1.3569
11174,1.2431
11175,1.151
11176,1.0824
11177,1.0412
11178,1.0118
11179,0.98235
11180,0.97647
11181,0.97059
11182,0.97059
11183,0.97059
11184,0.97059
11185,0.96667
11186,0.97647
11187,0.97647
11188,0.98235
11189,0.98235
11190,0.98627
11191,0.98235
11192,0.98235
11193,0.97647
11194,0.97647
11195,0.97647
11196,0.97647
11197,0.97059
11198,0.97647
11199,0.97059
11200,0.97059
11201,0.97059
11202,0.96667
11203,0.96078
11204,0.96078
11205,0.96078
11206,0.95686
11207,0.96667
11208,0.96667
11209,0.97647
11210,0.99216
11211,1.0118
11212,1.0059
11213,1.0118
11214,0.98627
11215,0.99608
11216,0.98627
11217,0.97059
11218,0.95098
11219,0.93137
11220,0.92549
11221,0.92549
11222,0.92549
11223,0.92157
11224,0.94118
11225,1.002
11226,1.0471
11227,0.40392
11228,-0.45294
11229,-0.50196
11230,-0.50196
11231,-0.50196
11232,-0.50196
11233,-0.50196
11234,-0.26275
11235,0.12353
11236,0.52941
11237,0.83137
11238,1.002
11239,1.1961
11240,1.3118
11241,1.3431
11242,1.3529
11243,1.3627
11244,1.3667
11245,1.3725
11246,1.3725
11247,1.3784
11248,1.3784
11249,1.3922
11250,1.398
11251,1.4078
11252,1.4275
11253,1.4569
11254,1.498
11255,1.5039
11256,1.5039
11257,1.5039
11258,1.5039
11259,1.5039
11260,1.5039
11261,1.5039
11262,1.5039
11263,1.5039
11264,1.5039
11265,1.5039
11266,1.5039
11267,1.3922
11268,1.2667
11269,1.1765
11270,1.1059
11271,1.051
11272,1.0118
11273,0.99216
11274,0.97059
11275,0.96078
11276,0.95098
11277,0.95098
11278,0.95686
11279,0.95098
11280,0.95686
11281,0.95686
11282,0.95686
11283,0.96078
11284,0.96078
11285,0.96078
11286,0.96667
11287,0.96667
11288,0.97059
11289,0.96667
11290,0.96078
11291,0.96078
11292,0.96078
11293,0.95686
11294,0.95686
11295,0.96078
11296,0.95686
11297,0.96078
11298,0.95686
11299,0.96078
11300,0.97059
11301,0.97647
11302,0.99608
11303,1.0059
11304,1.0059
11305,1.0059
11306,0.99216
11307,0.99216
11308,0.98235
11309,0.96667
11310,0.94118
11311,0.92549
11312,0.91569
11313,0.91569
11314,0.91176
11315,0.91176
11316,0.92549
11317,0.98627
11318,1.0373
11319,0.43529
11320,-0.40196
11321,-0.50196
11322,-0.50196
11323,-0.50196
11324,-0.50196
11325,-0.50196
11326,-0.28235
11327,0.098039
11328,0.5
11329,0.80588
11330,0.98235
11331,1.1725
11332,1.298
11333,1.3216
11334,1.3373
11335,1.3471
11336,1.3471
11337,1.3529
11338,1.3529
11339,1.3569
11340,1.3725
11341,1.3725
11342,1.3824
11343,1.398
11344,1.4176
11345,1.4431
11346,1.4824
11347,1.5039
11348,1.5039
11349,1.5039
11350,1.5039
11351,1.5039
11352,1.5039
11353,1.5039
11354,1.5039
11355,1.5039
11356,1.5039
11357,1.5039
11358,1.5039
11359,1.3824
11360,1.2667
11361,1.1667
11362,1.0922
11363,1.0412
11364,1.002
11365,0.97647
11366,0.96078
11367,0.95686
11368,0.95098
11369,0.95098
11370,0.95098
11371,0.95098
11372,0.95098
11373,0.95098
11374,0.95098
11375,0.95098
11376,0.95098
11377,0.95098
11378,0.96078
11379,0.96078
11380,0.96078
11381,0.95686
11382,0.96078
11383,0.95098
11384,0.95098
11385,0.94706
11386,0.95686
11387,0.95098
11388,0.95686
11389,0.94118
11390,0.95098
11391,0.94706
11392,0.95686
11393,0.97059
11394,0.95686
11395,1.0059
11396,0.98627
11397,0.97647
11398,0.96078
11399,0.96667
11400,0.97059
11401,0.93137
11402,0.91176
11403,0.8902
11404,0.89608
11405,0.87647
11406,0.88039
11407,0.88039
11408,0.90196
11409,0.94118
11410,1.0118
11411,0.4
11412,-0.50196
11413,-0.50196
11414,-0.50196
11415,-0.50196
11416,-0.50196
11417,-0.50196
11418,-0.28235
11419,0.11961
11420,0.5
11421,0.80588
11422,0.97647
11423,1.1863
11424,1.298
11425,1.3176
11426,1.3373
11427,1.3471
11428,1.3627
11429,1.3569
11430,1.3627
11431,1.3569
11432,1.3627
11433,1.3784
11434,1.3882
11435,1.3882
11436,1.4235
11437,1.4569
11438,1.498
11439,1.5039
11440,1.5039
11441,1.5039
11442,1.5039
11443,1.5039
11444,1.5039
11445,1.5039
11446,1.5039
11447,1.5039
11448,1.5039
11449,1.5039
11450,1.498
11451,1.3529
11452,1.2431
11453,1.1471
11454,1.0667
11455,1.0157
11456,0.98627
11457,0.96078
11458,0.95098
11459,0.94706
11460,0.94118
11461,0.94118
11462,0.94118
11463,0.94706
11464,0.94706
11465,0.94706
11466,0.95098
11467,0.95686
11468,0.96078
11469,0.96078
11470,0.95686
11471,0.96078
11472,0.96078
11473,0.96078
11474,0.95686
11475,0.95686
11476,0.95686
11477,0.95686
11478,0.96078
11479,0.95686
11480,0.95686
11481,0.95098
11482,0.95686
11483,0.96078
11484,0.97059
11485,0.97059
11486,0.97647
11487,0.99608
11488,1.0118
11489,1.002
11490,1.0059
11491,0.98235
11492,0.99216
11493,0.97647
11494,0.95686
11495,0.94118
11496,0.92549
11497,0.92157
11498,0.92157
11499,0.91569
11500,0.92157
11501,0.94706
11502,1.0216
11503,1.051
11504,0.19412
11505,-0.50196
11506,-0.50196
11507,-0.50196
11508,-0.50196
11509,-0.50196
11510,-0.50196
11511,-0.17647
11512,0.21961
11513,0.61569
11514,0.86667
11515,1.0412
11516,1.2314
11517,1.3216
11518,1.3431
11519,1.3529
11520,1.3569
11521,1.3627
11522,1.3667
11523,1.3725
11524,1.3725
11525,1.3824
11526,1.3882
11527,1.398
11528,1.4118
11529,1.4333
11530,1.4627
11531,1.502
11532,1.5039
11533,1.5039
11534,1.5039
11535,1.5039
11536,1.5039
11537,1.5039
11538,1.5039
11539,1.5039
11540,1.5039
11541,1.5039
11542,1.5039
11543,1.4824
11544,1.3569
11545,1.2431
11546,1.1471
11547,1.0765
11548,1.0275
11549,0.99608
11550,0.97647
11551,0.96078
11552,0.95098
11553,0.95098
11554,0.95098
11555,0.94706
11556,0.94706
11557,0.95098
11558,0.95098
11559,0.95098
11560,0.95098
11561,0.95686
11562,0.95686
11563,0.96078
11564,0.95686
11565,0.95098
11566,0.95098
11567,0.95098
11568,0.95098
11569,0.95098
11570,0.95098
11571,0.95098
11572,0.95098
11573,0.95098
11574,0.95098
11575,0.95098
11576,0.95098
11577,0.95686
11578,0.96667
11579,0.98627
11580,1.002
11581,1.002
11582,0.99608
11583,0.97647
11584,0.98627
11585,0.97059
11586,0.95098
11587,0.92549
11588,0.91176
11589,0.90588
11590,0.90588
11591,0.90196
11592,0.90588
11593,0.92549
11594,0.99608
11595,1.0373
11596,0.2902
11597,-0.50196
11598,-0.50196
11599,-0.50196
11600,-0.50196
11601,-0.50196
11602,-0.50196
11603,-0.22745
11604,0.1549
11605,0.56078
11606,0.83137
11607,1.0118
11608,1.1961
11609,1.298
11610,1.3275
11611,1.3373
11612,1.3471
11613,1.3529
11614,1.3529
11615,1.3569
11616,1.3627
11617,1.3725
11618,1.3784
11619,1.3882
11620,1.402
11621,1.4275
11622,1.4529
11623,1.498
11624,1.5039
11625,1.5039
11626,1.5039
11627,1.5039
11628,1.5039
11629,1.5039
11630,1.5039
11631,1.5039
11632,1.5039
11633,1.5039
11634,1.5039
11635,1.4882
11636,1.3627
11637,1.2471
11638,1.1569
11639,1.0863
11640,1.0373
11641,0.99608
11642,0.97647
11643,0.96667
11644,0.95686
11645,0.95098
11646,0.95686
11647,0.95098
11648,0.95098
11649,0.95686
11650,0.95686
11651,0.96078
11652,0.95686
11653,0.96078
11654,0.96667
11655,0.96667
11656,0.96078
11657,0.96078
11658,0.96667
11659,0.96078
11660,0.95686
11661,0.95686
11662,0.95686
11663,0.96078
11664,0.95686
11665,0.95098
11666,0.95098
11667,0.94706
11668,0.95098
11669,0.96078
11670,0.95098
11671,0.99608
11672,1.002
11673,1.002
11674,1.002
11675,0.98235
11676,0.97647
11677,0.97647
11678,0.95098
11679,0.92549
11680,0.90196
11681,0.91176
11682,0.8902
11683,0.90588
11684,0.90588
11685,0.90588
11686,0.98235
11687,1.0157
11688,0.34902
11689,-0.50196
11690,-0.50196
11691,-0.50196
11692,-0.50196
11693,-0.50196
11694,-0.50196
11695,-0.25294
11696,0.13922
11697,0.55098
11698,0.81569
11699,0.98627
11700,1.1863
11701,1.2824
11702,1.3333
11703,1.3431
11704,1.3333
11705,1.3275
11706,1.3529
11707,1.3529
11708,1.3529
11709,1.3431
11710,1.3824
11711,1.3922
11712,1.4078
11713,1.4373
11714,1.4627
11715,1.5039
11716,1.5039
11717,1.5039
11718,1.5039
11719,1.5039
11720,1.5039
11721,1.5039
11722,1.5039
11723,1.5039
11724,1.5039
11725,1.5039
11726,1.5039
11727,1.4784
11728,1.3431
11729,1.2216
11730,1.1314
11731,1.0608
11732,1.0118
11733,0.98235
11734,0.96078
11735,0.94706
11736,0.94706
11737,0.94706
11738,0.94118
11739,0.94118
11740,0.94706
11741,0.95098
11742,0.95098
11743,0.95098
11744,0.96078
11745,0.96667
11746,0.97059
11747,0.96667
11748,0.97059
11749,0.97059
11750,0.96667
11751,0.96078
11752,0.96078
11753,0.95686
11754,0.96078
11755,0.96078
11756,0.96667
11757,0.96667
11758,0.96667
11759,0.96667
11760,0.97059
11761,0.97647
11762,0.99216
11763,1.0118
11764,1.0157
11765,1.0216
11766,0.99608
11767,0.99216
11768,0.99216
11769,0.97647
11770,0.95686
11771,0.94118
11772,0.92549
11773,0.92549
11774,0.92157
11775,0.92549
11776,0.92549
11777,0.97059
11778,1.0569
11779,0.69608
11780,-0.13725
11781,-0.50196
11782,-0.50196
11783,-0.50196
11784,-0.50196
11785,-0.50196
11786,-0.39804
11787,-0.027451
11788,0.38039
11789,0.7451
11790,0.94118
11791,1.1176
11792,1.2922
11793,1.3431
11794,1.3529
11795,1.3627
11796,1.3725
11797,1.3725
11798,1.3784
11799,1.3784
11800,1.3824
11801,1.3882
11802,1.398
11803,1.4118
11804,1.4275
11805,1.4529
11806,1.4922
11807,1.5039
11808,1.5039
11809,1.5039
11810,1.5039
11811,1.5039
11812,1.5039
11813,1.5039
11814,1.5039
11815,1.5039
11816,1.5039
11817,1.5039
11818,1.5039
11819,1.4275
11820,1.298
11821,1.1961
11822,1.1118
11823,1.0569
11824,1.0157
11825,0.98627
11826,0.97059
11827,0.96078
11828,0.95098
11829,0.95098
11830,0.95098
11831,0.95098
11832,0.95098
11833,0.95098
11834,0.95098
11835,0.95098
11836,0.95686
11837,0.95098
11838,0.95686
11839,0.96078
11840,0.96078
11841,0.95686
11842,0.95686
11843,0.95686
11844,0.96078
11845,0.95098
11846,0.95686
11847,0.95098
11848,0.95098
11849,0.95098
11850,0.95098
11851,0.95098
11852,0.95686
11853,0.96078
11854,0.96667
11855,0.99216
11856,1.002
11857,0.99608
11858,1.002
11859,0.97647
11860,0.98235
11861,0.96667
11862,0.94706
11863,0.92549
11864,0.90588
11865,0.90588
11866,0.90588
11867,0.90588
11868,0.91176
11869,0.94118
11870,1.0157
11871,1.0373
11872,0.17451
11873,-0.50196
11874,-0.50196
11875,-0.50196
11876,-0.50196
11877,-0.50196
11878,-0.50196
11879,-0.17647
11880,0.21961
11881,0.61569
11882,0.86078
11883,1.0373
11884,1.2216
11885,1.3078
11886,1.3275
11887,1.3431
11888,1.3471
11889,1.3529
11890,1.3529
11891,1.3529
11892,1.3569
11893,1.3569
11894,1.3784
11895,1.3882
11896,1.398
11897,1.4235
11898,1.4569
11899,1.498
11900,1.5039
11901,1.5039
11902,1.5039
11903,1.5039
11904,1.5039
11905,1.5039
11906,1.5039
11907,1.5039
11908,1.5039
11909,1.5039
11910,1.5039
11911,1.4686
11912,1.3373
11913,1.2314
11914,1.1412
11915,1.0765
11916,1.0275
11917,0.99608
11918,0.97647
11919,0.96078
11920,0.95686
11921,0.95098
11922,0.94706
11923,0.94706
11924,0.94706
11925,0.95686
11926,0.95098
11927,0.95686
11928,0.95098
11929,0.96078
11930,0.95686
11931,0.96078
11932,0.95098
11933,0.95686
11934,0.95686
11935,0.95686
11936,0.95686
11937,0.95686
11938,0.95098
11939,0.95098
11940,0.95098
11941,0.95098
11942,0.95686
11943,0.95098
11944,0.95686
11945,0.96078
11946,0.98235
11947,1.002
11948,1.002
11949,1.002
11950,0.97647
11951,0.98235
11952,0.97647
11953,0.95686
11954,0.93137
11955,0.91569
11956,0.91176
11957,0.90588
11958,0.90588
11959,0.90588
11960,0.92157
11961,0.97059
11962,1.0314
11963,0.52549
11964,-0.30784
11965,-0.50196
11966,-0.50196
11967,-0.50196
11968,-0.50196
11969,-0.50196
11970,-0.32745
11971,0.043137
11972,0.4451
11973,0.76667
11974,0.94706
11975,1.1412
11976,1.2725
11977,1.3118
11978,1.3275
11979,1.3373
11980,1.3431
11981,1.3333
11982,1.3471
11983,1.3569
11984,1.3471
11985,1.3667
11986,1.3725
11987,1.3882
11988,1.3784
11989,1.4471
11990,1.4824
11991,1.5039
11992,1.5039
11993,1.5039
11994,1.5039
11995,1.5039
11996,1.5039
11997,1.5039
11998,1.5039
11999,1.5039
12000,1.5039
12001,1.5039
12002,1.498
12003,1.3725
12004,1.2431
12005,1.1471
12006,1.0765
12007,1.0157
12008,0.98235
12009,0.96078
12010,0.93137
12011,0.92549
12012,0.93725
12013,0.90588
12014,0.91569
12015,0.91176
12016,0.91569
12017,0.93137
12018,0.90588
12019,0.91569
12020,0.90588
12021,0.92549
12022,0.92157
12023,0.92549
12024,0.92157
12025,0.92549
12026,0.92549
12027,0.92549
12028,0.92549
12029,0.92157
12030,0.92549
12031,0.91569
12032,0.92549
12033,0.92549
12034,0.93725
12035,0.94706
12036,0.95686
12037,0.97647
12038,0.96667
12039,0.96078
12040,0.96667
12041,0.95098
12042,0.95686
12043,0.94118
12044,0.92549
12045,0.90196
12046,0.89608
12047,0.89608
12048,0.90196
12049,0.89608
12050,0.90588
12051,0.95686
12052,1.0412
12053,0.60588
12054,-0.29216
12055,-0.50196
12056,-0.50196
12057,-0.50196
12058,-0.50196
12059,-0.50196
12060,-0.38235
12061,0.0078431
12062,0.42549
12063,0.77647
12064,0.96667
12065,1.1471
12066,1.3118
12067,1.3569
12068,1.3725
12069,1.3824
12070,1.3882
12071,1.3922
12072,1.398
12073,1.402
12074,1.4078
12075,1.4176
12076,1.4235
12077,1.4373
12078,1.4569
12079,1.4882
12080,1.5039
12081,1.5039
12082,1.5039
12083,1.5039
12084,1.5039
12085,1.5039
12086,1.5039
12087,1.5039
12088,1.5039
12089,1.5039
12090,1.5039
12091,1.5039
12092,1.5039
12093,1.4235
12094,1.298
12095,1.1961
12096,1.1176
12097,1.0569
12098,1.0216
12099,0.99608
12100,0.98235
12101,0.97059
12102,0.97059
12103,0.96667
12104,0.96667
12105,0.96667
12106,0.96667
12107,0.96667
12108,0.97059
12109,0.97647
12110,0.97059
12111,0.96667
12112,0.96667
12113,0.96078
12114,0.96667
12115,0.96078
12116,0.96078
12117,0.96667
12118,0.96078
12119,0.96078
12120,0.95686
12121,0.96078
12122,0.95686
12123,0.95098
12124,0.95686
12125,0.96078
12126,0.95686
12127,0.96078
12128,0.96667
12129,0.97059
12130,0.99216
12131,1.002
12132,1.002
12133,0.98627
12134,0.97647
12135,0.97647
12136,0.96078
12137,0.94706
12138,0.92157
12139,0.91176
12140,0.90588
12141,0.90196
12142,0.90588
12143,0.90196
12144,0.93137
12145,1.0216
12146,0.84118
12147,0.084314
12148,-0.50196
12149,-0.50196
12150,-0.50196
12151,-0.50196
12152,-0.50196
12153,-0.47255
12154,-0.13137
12155,0.25882
12156,0.65098
12157,0.87647
12158,1.0569
12159,1.2431
12160,1.3118
12161,1.3333
12162,1.3431
12163,1.3471
12164,1.3529
12165,1.3529
12166,1.3529
12167,1.3627
12168,1.3667
12169,1.3784
12170,1.3824
12171,1.402
12172,1.4275
12173,1.4569
12174,1.502
12175,1.5039
12176,1.5039
12177,1.5039
12178,1.5039
12179,1.5039
12180,1.5039
12181,1.5039
12182,1.5039
12183,1.5039
12184,1.5039
12185,1.5039
12186,1.4569
12187,1.3333
12188,1.2216
12189,1.1373
12190,1.0725
12191,1.0216
12192,0.99608
12193,0.97647
12194,0.96667
12195,0.95686
12196,0.95686
12197,0.95686
12198,0.95098
12199,0.95098
12200,0.95686
12201,0.95686
12202,0.96078
12203,0.95686
12204,0.96078
12205,0.96667
12206,0.97059
12207,0.97059
12208,0.97059
12209,0.97059
12210,0.96667
12211,0.96667
12212,0.96667
12213,0.96078
12214,0.96078
12215,0.96078
12216,0.95686
12217,0.96078
12218,0.97059
12219,0.96667
12220,0.97059
12221,0.98235
12222,0.99608
12223,1.0059
12224,1.002
12225,0.99216
12226,0.97647
12227,0.98235
12228,0.97059
12229,0.95098
12230,0.93137
12231,0.91569
12232,0.90588
12233,0.91176
12234,0.91569
12235,0.91176
12236,0.94118
12237,1.0275
12238,1.0471
12239,0.16471
12240,-0.50196
12241,-0.50196
12242,-0.50196
12243,-0.50196
12244,-0.50196
12245,-0.48235
12246,-0.16275
12247,0.22353
12248,0.62549
12249,0.85686
12250,1.0314
12251,1.2275
12252,1.302
12253,1.3275
12254,1.3373
12255,1.3431
12256,1.3471
12257,1.3529
12258,1.3529
12259,1.3627
12260,1.3667
12261,1.3725
12262,1.3824
12263,1.398
12264,1.4275
12265,1.4627
12266,1.502
12267,1.5039
12268,1.5039
12269,1.5039
12270,1.5039
12271,1.5039
12272,1.5039
12273,1.5039
12274,1.5039
12275,1.5039
12276,1.5039
12277,1.5039
12278,1.4569
12279,1.3333
12280,1.2216
12281,1.1412
12282,1.0608
12283,1.0216
12284,0.99216
12285,0.96078
12286,0.96667
12287,0.94118
12288,0.94706
12289,0.93137
12290,0.93725
12291,0.94118
12292,0.94706
12293,0.92549
12294,0.95098
12295,0.92157
12296,0.94118
12297,0.93137
12298,0.95098
12299,0.94118
12300,0.93137
12301,0.93725
12302,0.92549
12303,0.94118
12304,0.92549
12305,0.92549
12306,0.93137
12307,0.93725
12308,0.92157
12309,0.93137
12310,0.92549
12311,0.93725
12312,0.95098
12313,0.95098
12314,0.97647
12315,0.97059
12316,0.97647
12317,0.95098
12318,0.95098
12319,0.94706
12320,0.92549
12321,0.91569
12322,0.89608
12323,0.8902
12324,0.89608
12325,0.88627
12326,0.8902
12327,0.92157
12328,0.98627
12329,1.0471
12330,0.34902
12331,-0.50196
12332,-0.50196
12333,-0.50196
12334,-0.50196
12335,-0.50196
12336,-0.50196
12337,-0.25294
12338,0.14314
12339,0.55098
12340,0.83137
12341,1.0157
12342,1.2176
12343,1.3333
12344,1.3569
12345,1.3725
12346,1.3784
12347,1.3882
12348,1.3824
12349,1.3824
12350,1.398
12351,1.398
12352,1.4078
12353,1.4118
12354,1.4333
12355,1.4529
12356,1.4882
12357,1.5039
12358,1.5039
12359,1.5039
12360,1.5039
12361,1.5039
12362,1.5039
12363,1.5039
12364,1.5039
12365,1.5039
12366,1.5039
12367,1.5039
12368,1.5039
12369,1.5039
12370,1.3784
12371,1.2667
12372,1.1725
12373,1.0961
12374,1.0471
12375,1.0157
12376,0.98627
12377,0.97647
12378,0.97059
12379,0.96667
12380,0.96667
12381,0.96667
12382,0.97059
12383,0.97059
12384,0.97059
12385,0.97059
12386,0.97059
12387,0.97647
12388,0.97647
12389,0.97647
12390,0.97059
12391,0.97059
12392,0.97059
12393,0.96667
12394,0.96078
12395,0.96078
12396,0.96078
12397,0.96667
12398,0.96078
12399,0.96078
12400,0.95686
12401,0.95686
12402,0.95686
12403,0.95686
12404,0.95686
12405,0.95686
12406,0.97059
12407,0.97647
12408,0.99608
12409,1.002
12410,1.002
12411,0.99216
12412,0.97647
12413,0.98235
12414,0.97059
12415,0.94706
12416,0.92549
12417,0.91569
12418,0.91176
12419,0.91176
12420,0.90588
12421,0.91176
12422,0.94118
12423,1.0275
12424,0.85686
12425,0.094118
12426,-0.50196
12427,-0.50196
12428,-0.50196
12429,-0.50196
12430,-0.50196
12431,-0.46863
12432,-0.13725
12433,0.25882
12434,0.6451
12435,0.87647
12436,1.0471
12437,1.2373
12438,1.3118
12439,1.3275
12440,1.3431
12441,1.3529
12442,1.3529
12443,1.3529
12444,1.3569
12445,1.3627
12446,1.3784
12447,1.3784
12448,1.3882
12449,1.402
12450,1.4333
12451,1.4569
12452,1.498
12453,1.5039
12454,1.5039
12455,1.5039
12456,1.5039
12457,1.5039
12458,1.5039
12459,1.5039
12460,1.5039
12461,1.5039
12462,1.5039
12463,1.5039
12464,1.4686
12465,1.3431
12466,1.2314
12467,1.151
12468,1.0824
12469,1.0373
12470,0.99608
12471,0.97647
12472,0.96667
12473,0.96078
12474,0.96078
12475,0.96078
12476,0.95686
12477,0.96078
12478,0.95686
12479,0.96667
12480,0.96078
12481,0.96667
12482,0.96667
12483,0.97059
12484,0.97059
12485,0.97059
12486,0.96667
12487,0.96667
12488,0.96667
12489,0.96667
12490,0.97059
12491,0.96667
12492,0.96078
12493,0.96078
12494,0.96078
12495,0.95686
12496,0.96078
12497,0.95686
12498,0.96667
12499,0.97059
12500,0.99608
12501,1.0059
12502,1.002
12503,1.0059
12504,0.98627
12505,0.98627
12506,0.97059
12507,0.94706
12508,0.92549
12509,0.91176
12510,0.91176
12511,0.90588
12512,0.90588
12513,0.90588
12514,0.92549
12515,1.002
12516,1.0412
12517,0.32941
12518,-0.50196
12519,-0.50196
12520,-0.50196
12521,-0.50196
12522,-0.50196
12523,-0.50196
12524,-0.23137
12525,0.14902
12526,0.5451
12527,0.82549
12528,1.002
12529,1.1863
12530,1.298
12531,1.3216
12532,1.3333
12533,1.3373
12534,1.3431
12535,1.3471
12536,1.3471
12537,1.3471
12538,1.3529
12539,1.3627
12540,1.3784
12541,1.3882
12542,1.4078
12543,1.4431
12544,1.4824
12545,1.5039
12546,1.5039
12547,1.5039
12548,1.5039
12549,1.5039
12550,1.5039
12551,1.5039
12552,1.5039
12553,1.5039
12554,1.5039
12555,1.5039
12556,1.4784
12557,1.3529
12558,1.2431
12559,1.1275
12560,1.0725
12561,1.0216
12562,0.97647
12563,0.97059
12564,0.95686
12565,0.94118
12566,0.93137
12567,0.94706
12568,0.94118
12569,0.93725
12570,0.92157
12571,0.92549
12572,0.94706
12573,0.93725
12574,0.94118
12575,0.93137
12576,0.94118
12577,0.92549
12578,0.93137
12579,0.94118
12580,0.92549
12581,0.93725
12582,0.92549
12583,0.93725
12584,0.92549
12585,0.92549
12586,0.92549
12587,0.93137
12588,0.93725
12589,0.94118
12590,0.95098
12591,0.97647
12592,0.98235
12593,0.97647
12594,0.98235
12595,0.95686
12596,0.97059
12597,0.95686
12598,0.93725
12599,0.92157
12600,0.90588
12601,0.90588
12602,0.90588
12603,0.90588
12604,0.90588
12605,0.93137
12606,1.0275
12607,1.051
12608,0.12353
12609,-0.50196
12610,-0.50196
12611,-0.50196
12612,-0.50196
12613,-0.50196
12614,-0.50196
12615,-0.15686
12616,0.24902
12617,0.65098
12618,0.8902
12619,1.0725
12620,1.2627
12621,1.3471
12622,1.3667
12623,1.3784
12624,1.3824
12625,1.3882
12626,1.3824
12627,1.398
12628,1.398
12629,1.402
12630,1.4078
12631,1.4235
12632,1.4373
12633,1.4627
12634,1.4922
12635,1.5039
12636,1.5039
12637,1.5039
12638,1.5039
12639,1.5039
12640,1.5039
12641,1.5039
12642,1.5039
12643,1.5039
12644,1.5039
12645,1.5039
12646,1.5039
12647,1.4784
12648,1.3431
12649,1.2314
12650,1.151
12651,1.0824
12652,1.0314
12653,0.99608
12654,0.98235
12655,0.96667
12656,0.96667
12657,0.96078
12658,0.96667
12659,0.96667
12660,0.96667
12661,0.96667
12662,0.97059
12663,0.97059
12664,0.97059
12665,0.97647
12666,0.97647
12667,0.97647
12668,0.97059
12669,0.97059
12670,0.96667
12671,0.96078
12672,0.96078
12673,0.96078
12674,0.95686
12675,0.96078
12676,0.95686
12677,0.95686
12678,0.95098
12679,0.95098
12680,0.95098
12681,0.95098
12682,0.96078
12683,0.97059
12684,0.98235
12685,1.002
12686,1.002
12687,1.002
12688,0.98627
12689,0.97647
12690,0.98235
12691,0.96667
12692,0.94118
12693,0.92549
12694,0.91569
12695,0.91176
12696,0.91176
12697,0.91176
12698,0.92157
12699,0.95686
12700,1.0412
12701,0.6451
12702,-0.15098
12703,-0.50196
12704,-0.50196
12705,-0.50196
12706,-0.50196
12707,-0.50196
12708,-0.38235
12709,-0.021569
12710,0.38431
12711,0.74118
12712,0.93725
12713,1.1176
12714,1.2765
12715,1.3216
12716,1.3373
12717,1.3431
12718,1.3471
12719,1.3529
12720,1.3529
12721,1.3569
12722,1.3627
12723,1.3725
12724,1.3784
12725,1.3922
12726,1.4078
12727,1.4373
12728,1.4686
12729,1.5039
12730,1.5039
12731,1.5039
12732,1.5039
12733,1.5039
12734,1.5039
12735,1.5039
12736,1.5039
12737,1.5039
12738,1.5039
12739,1.5039
12740,1.5039
12741,1.4176
12742,1.298
12743,1.1961
12744,1.1176
12745,1.051
12746,1.0157
12747,0.98627
12748,0.97059
12749,0.95098
12750,0.95098
12751,0.94118
12752,0.95098
12753,0.94706
12754,0.95098
12755,0.95098
12756,0.95098
12757,0.95686
12758,0.95686
12759,0.95686
12760,0.95686
12761,0.95686
12762,0.96078
12763,0.96667
12764,0.96078
12765,0.95686
12766,0.95686
12767,0.95098
12768,0.95098
12769,0.95098
12770,0.95098
12771,0.95686
12772,0.95098
12773,0.95098
12774,0.95686
12775,0.96078
12776,0.97059
12777,0.99608
12778,0.99608
12779,1.002
12780,0.98235
12781,0.97647
12782,0.97647
12783,0.96078
12784,0.93725
12785,0.92157
12786,0.90588
12787,0.90588
12788,0.91176
12789,0.90588
12790,0.91569
12791,0.95686
12792,1.0412
12793,0.7098
12794,-0.096078
12795,-0.50196
12796,-0.50196
12797,-0.50196
12798,-0.50196
12799,-0.50196
12800,-0.39804
12801,-0.047059
12802,0.34902
12803,0.71569
12804,0.92157
12805,1.0922
12806,1.2627
12807,1.3078
12808,1.3275
12809,1.3373
12810,1.3471
12811,1.3471
12812,1.3529
12813,1.3529
12814,1.3569
12815,1.3667
12816,1.3784
12817,1.3882
12818,1.4078
12819,1.4333
12820,1.4725
12821,1.5039
12822,1.5039
12823,1.5039
12824,1.5039
12825,1.5039
12826,1.5039
12827,1.5039
12828,1.5039
12829,1.5039
12830,1.5039
12831,1.5039
12832,1.5039
12833,1.4176
12834,1.2922
12835,1.1961
12836,1.1216
12837,1.0569
12838,1.0157
12839,0.99216
12840,0.97059
12841,0.95686
12842,0.95098
12843,0.95098
12844,0.95098
12845,0.95098
12846,0.95098
12847,0.95686
12848,0.96078
12849,0.96078
12850,0.96667
12851,0.96078
12852,0.96667
12853,0.96078
12854,0.95686
12855,0.96078
12856,0.94706
12857,0.95686
12858,0.95098
12859,0.95098
12860,0.95686
12861,0.94118
12862,0.96078
12863,0.94706
12864,0.95686
12865,0.96078
12866,0.95686
12867,0.94706
12868,0.98627
12869,0.99608
12870,0.98627
12871,0.97647
12872,0.99216
12873,0.95098
12874,0.97059
12875,0.94706
12876,0.92157
12877,0.91569
12878,0.88627
12879,0.90196
12880,0.87059
12881,0.90196
12882,0.90588
12883,0.94706
12884,1.0314
12885,0.62549
12886,-0.22745
12887,-0.50196
12888,-0.50196
12889,-0.50196
12890,-0.50196
12891,-0.50196
12892,-0.39216
12893,0.029412
12894,0.42549
12895,0.7549
12896,0.94706
12897,1.1314
12898,1.2882
12899,1.3373
12900,1.3431
12901,1.3569
12902,1.3529
12903,1.3725
12904,1.3627
12905,1.3784
12906,1.3725
12907,1.3922
12908,1.402
12909,1.4176
12910,1.4118
12911,1.4627
12912,1.502
12913,1.5039
12914,1.5039
12915,1.5039
12916,1.5039
12917,1.5039
12918,1.5039
12919,1.5039
12920,1.5039
12921,1.5039
12922,1.5039
12923,1.5039
12924,1.5039
12925,1.3882
12926,1.2667
12927,1.1725
12928,1.0863
12929,1.0314
12930,0.99608
12931,0.97647
12932,0.95098
12933,0.95098
12934,0.94706
12935,0.95098
12936,0.95098
12937,0.95098
12938,0.94706
12939,0.95686
12940,0.96078
12941,0.96078
12942,0.96078
12943,0.96078
12944,0.96667
12945,0.96078
12946,0.96667
12947,0.96078
12948,0.96667
12949,0.96667
12950,0.96078
12951,0.96078
12952,0.95686
12953,0.95686
12954,0.95686
12955,0.95686
12956,0.96078
12957,0.95686
12958,0.96078
12959,0.96078
12960,0.97059
12961,0.97647
12962,1.002
12963,1.0059
12964,1.002
12965,0.98235
12966,0.97647
12967,0.98235
12968,0.96078
12969,0.94118
12970,0.92549
12971,0.91569
12972,0.91569
12973,0.91569
12974,0.90588
12975,0.92157
12976,0.96667
12977,1.0471
12978,0.67059
12979,-0.15098
12980,-0.50196
12981,-0.50196
12982,-0.50196
12983,-0.50196
12984,-0.50196
12985,-0.40196
12986,-0.031373
12987,0.38039
12988,0.73137
12989,0.93725
12990,1.1118
12991,1.2824
12992,1.3333
12993,1.3529
12994,1.3569
12995,1.3627
12996,1.3667
12997,1.3667
12998,1.3725
12999,1.3725
13000,1.3784
13001,1.3882
13002,1.402
13003,1.4235
13004,1.4471
13005,1.4784
13006,1.5039
13007,1.5039
13008,1.5039
13009,1.5039
13010,1.5039
13011,1.5039
13012,1.5039
13013,1.5039
13014,1.5039
13015,1.5039
13016,1.5039
13017,1.5039
13018,1.4333
13019,1.3118
13020,1.1961
13021,1.1216
13022,1.0569
13023,1.0157
13024,0.98627
13025,0.97059
13026,0.96078
13027,0.95098
13028,0.95098
13029,0.95686
13030,0.95098
13031,0.95686
13032,0.95098
13033,0.96667
13034,0.96078
13035,0.96667
13036,0.96078
13037,0.96667
13038,0.96078
13039,0.96667
13040,0.96667
13041,0.96078
13042,0.96078
13043,0.96078
13044,0.96078
13045,0.95686
13046,0.95098
13047,0.95098
13048,0.95098
13049,0.95098
13050,0.95686
13051,0.95098
13052,0.96078
13053,0.96667
13054,0.99608
13055,1.002
13056,1.0059
13057,0.99608
13058,0.97647
13059,0.98235
13060,0.97059
13061,0.94706
13062,0.92549
13063,0.91176
13064,0.91176
13065,0.90588
13066,0.90588
13067,0.90588
13068,0.93725
13069,1.0118
13070,1.0373
13071,0.2098
13072,-0.50196
13073,-0.50196
13074,-0.50196
13075,-0.50196
13076,-0.50196
13077,-0.50196
13078,-0.19608
13079,0.2
13080,0.6
13081,0.85686
13082,1.0314
13083,1.2216
13084,1.3078
13085,1.3275
13086,1.3373
13087,1.3471
13088,1.3471
13089,1.3529
13090,1.3627
13091,1.3627
13092,1.3725
13093,1.3784
13094,1.3882
13095,1.402
13096,1.4275
13097,1.4627
13098,1.498
13099,1.5039
13100,1.5039
13101,1.5039
13102,1.5039
13103,1.5039
13104,1.5039
13105,1.5039
13106,1.5039
13107,1.5039
13108,1.5039
13109,1.5039
13110,1.4784
13111,1.3471
13112,1.2373
13113,1.151
13114,1.0824
13115,1.0314
13116,1.002
13117,0.97647
13118,0.96667
13119,0.95686
13120,0.95686
13121,0.95098
13122,0.95098
13123,0.95098
13124,0.95098
13125,0.95686
13126,0.95686
13127,0.96078
13128,0.96078
13129,0.96078
13130,0.96078
13131,0.96078
13132,0.96078
13133,0.96667
13134,0.95686
13135,0.96078
13136,0.95098
13137,0.95098
13138,0.95098
13139,0.94706
13140,0.95098
13141,0.95686
13142,0.95098
13143,0.96078
13144,0.96078
13145,0.97647
13146,0.99216
13147,1.002
13148,1.0059
13149,1.002
13150,0.98627
13151,0.99216
13152,0.98235
13153,0.96078
13154,0.94706
13155,0.92549
13156,0.91569
13157,0.91569
13158,0.91569
13159,0.91176
13160,0.92549
13161,0.98627
13162,1.0412
13163,0.40392
13164,-0.44706
13165,-0.50196
13166,-0.50196
13167,-0.50196
13168,-0.50196
13169,-0.50196
13170,-0.27255
13171,0.11373
13172,0.51569
13173,0.81176
13174,0.99216
13175,1.1765
13176,1.2922
13177,1.3275
13178,1.3373
13179,1.3529
13180,1.3529
13181,1.3529
13182,1.3569
13183,1.3667
13184,1.3667
13185,1.3784
13186,1.3882
13187,1.398
13188,1.4176
13189,1.4471
13190,1.4882
13191,1.5039
13192,1.5039
13193,1.5039
13194,1.5039
13195,1.5039
13196,1.5039
13197,1.5039
13198,1.5039
13199,1.5039
13200,1.5039
13201,1.5039
13202,1.4922
13203,1.3627
13204,1.2627
13205,1.1667
13206,1.0922
13207,1.0412
13208,0.99216
13209,0.99608
13210,0.95686
13211,0.96078
13212,0.94706
13213,0.95098
13214,0.94118
13215,0.94706
13216,0.94118
13217,0.94118
13218,0.93725
13219,0.96078
13220,0.95098
13221,0.93137
13222,0.95098
13223,0.93725
13224,0.93137
13225,0.95098
13226,0.93725
13227,0.93137
13228,0.93725
13229,0.92157
13230,0.90588
13231,0.93137
13232,0.92157
13233,0.91569
13234,0.93725
13235,0.92157
13236,0.92549
13237,0.92157
13238,0.95686
13239,0.97647
13240,0.96667
13241,0.96078
13242,0.94118
13243,0.95098
13244,0.94706
13245,0.92549
13246,0.91569
13247,0.90588
13248,0.89608
13249,0.8902
13250,0.88627
13251,0.8902
13252,0.91176
13253,0.97059
13254,1.0314
13255,0.43922
13256,-0.49804
13257,-0.50196
13258,-0.50196
13259,-0.50196
13260,-0.50196
13261,-0.50196
13262,-0.29216
13263,0.1098
13264,0.51569
13265,0.81569
13266,1.002
13267,1.1961
13268,1.3176
13269,1.3529
13270,1.3667
13271,1.3784
13272,1.3784
13273,1.3824
13274,1.3824
13275,1.3922
13276,1.398
13277,1.398
13278,1.4176
13279,1.4333
13280,1.4529
13281,1.4882
13282,1.5039
13283,1.5039
13284,1.5039
13285,1.5039
13286,1.5039
13287,1.5039
13288,1.5039
13289,1.5039
13290,1.5039
13291,1.5039
13292,1.5039
13293,1.5039
13294,1.5039
13295,1.402
13296,1.2824
13297,1.1863
13298,1.1118
13299,1.0569
13300,1.0216
13301,1.002
13302,0.98235
13303,0.97647
13304,0.97647
13305,0.97059
13306,0.97647
13307,0.97059
13308,0.97647
13309,0.97059
13310,0.97647
13311,0.97647
13312,0.97647
13313,0.97647
13314,0.97647
13315,0.97647
13316,0.97647
13317,0.97647
13318,0.97059
13319,0.97059
13320,0.97059
13321,0.96667
13322,0.97059
13323,0.96667
13324,0.96078
13325,0.96667
13326,0.95686
13327,0.95686
13328,0.96078
13329,0.96078
13330,0.96667
13331,0.97647
13332,0.97647
13333,0.98627
13334,1.002
13335,1.0157
13336,1.0118
13337,0.99608
13338,0.98627
13339,0.98627
13340,0.97059
13341,0.95686
13342,0.93725
13343,0.92549
13344,0.91569
13345,0.91176
13346,0.92157
13347,0.92549
13348,0.96078
13349,1.0412
13350,0.76078
13351,-0.027451
13352,-0.50196
13353,-0.50196
13354,-0.50196
13355,-0.50196
13356,-0.50196
13357,-0.42745
13358,-0.072549
13359,0.32941
13360,0.70588
13361,0.91176
13362,1.0863
13363,1.2667
13364,1.3216
13365,1.3431
13366,1.3529
13367,1.3569
13368,1.3627
13369,1.3627
13370,1.3725
13371,1.3725
13372,1.3784
13373,1.3882
13374,1.398
13375,1.4176
13376,1.4431
13377,1.4686
13378,1.5039
13379,1.5039
13380,1.5039
13381,1.5039
13382,1.5039
13383,1.5039
13384,1.5039
13385,1.5039
13386,1.5039
13387,1.5039
13388,1.5039
13389,1.5039
13390,1.4627
13391,1.3373
13392,1.2216
13393,1.1412
13394,1.0765
13395,1.0314
13396,1.002
13397,0.98235
13398,0.97647
13399,0.97059
13400,0.96667
13401,0.95686
13402,0.95098
13403,0.95098
13404,0.95686
13405,0.95098
13406,0.96078
13407,0.96667
13408,0.97059
13409,0.97059
13410,0.97059
13411,0.97059
13412,0.97059
13413,0.96667
13414,0.97059
13415,0.97059
13416,0.96667
13417,0.97059
13418,0.96667
13419,0.96078
13420,0.96078
13421,0.95686
13422,0.95098
13423,0.96078
13424,0.96667
13425,0.97647
13426,1.002
13427,1.0059
13428,1.002
13429,1.0059
13430,0.98235
13431,0.99216
13432,0.97647
13433,0.95686
13434,0.93725
13435,0.92549
13436,0.91176
13437,0.91569
13438,0.91176
13439,0.91176
13440,0.93137
13441,1.002
13442,1.0412
13443,0.31961
13444,-0.50196
13445,-0.50196
13446,-0.50196
13447,-0.50196
13448,-0.50196
13449,-0.50196
13450,-0.24314
13451,0.14314
13452,0.55098
13453,0.82549
13454,1.002
13455,1.1961
13456,1.298
13457,1.3275
13458,1.3373
13459,1.3471
13460,1.3529
13461,1.3529
13462,1.3529
13463,1.3569
13464,1.3627
13465,1.3725
13466,1.3824
13467,1.398
13468,1.4176
13469,1.4431
13470,1.4882
13471,1.5039
13472,1.5039
13473,1.5039
13474,1.5039
13475,1.5039
13476,1.5039
13477,1.5039
13478,1.5039
13479,1.5039
13480,1.5039
13481,1.5039
13482,1.498
13483,1.3667
13484,1.2471
13485,1.1569
13486,1.0863
13487,1.0412
13488,1.0059
13489,0.98235
13490,0.96667
13491,0.95686
13492,0.95098
13493,0.95098
13494,0.95098
13495,0.95098
13496,0.95686
13497,0.95098
13498,0.96078
13499,0.95686
13500,0.96078
13501,0.96078
13502,0.96667
13503,0.96078
13504,0.96667
13505,0.96078
13506,0.96667
13507,0.95098
13508,0.95686
13509,0.95098
13510,0.96078
13511,0.94706
13512,0.96667
13513,0.94706
13514,0.96667
13515,0.95686
13516,0.96078
13517,0.97059
13518,0.99216
13519,1.0059
13520,0.99608
13521,0.96667
13522,0.95686
13523,0.97647
13524,0.95686
13525,0.94118
13526,0.91569
13527,0.88039
13528,0.90196
13529,0.8902
13530,0.88039
13531,0.88627
13532,0.91569
13533,0.98235
13534,1.0275
13535,0.23922
13536,-0.50196
13537,-0.50196
13538,-0.50196
13539,-0.50196
13540,-0.50196
13541,-0.50196
13542,-0.20784
13543,0.18824
13544,0.58431
13545,0.84118
13546,1.0216
13547,1.2176
13548,1.302
13549,1.3373
13550,1.3275
13551,1.3529
13552,1.3471
13553,1.3529
13554,1.3667
13555,1.3627
13556,1.3784
13557,1.3725
13558,1.398
13559,1.4176
13560,1.4373
13561,1.4627
13562,1.5039
13563,1.5039
13564,1.5039
13565,1.5039
13566,1.5039
13567,1.5039
13568,1.5039
13569,1.5039
13570,1.5039
13571,1.5039
13572,1.5039
13573,1.5039
13574,1.4824
13575,1.3431
13576,1.2216
13577,1.1314
13578,1.0725
13579,1.0157
13580,0.98627
13581,0.96667
13582,0.95098
13583,0.95098
13584,0.95098
13585,0.95098
13586,0.95098
13587,0.95686
13588,0.95686
13589,0.96078
13590,0.96078
13591,0.96667
13592,0.96667
13593,0.97059
13594,0.96667
13595,0.96667
13596,0.97059
13597,0.97059
13598,0.97059
13599,0.97059
13600,0.97059
13601,0.96667
13602,0.97059
13603,0.96078
13604,0.96667
13605,0.96078
13606,0.96667
13607,0.95686
13608,0.96667
13609,0.97059
13610,0.98235
13611,1.002
13612,1.0118
13613,1.0059
13614,1.002
13615,0.98235
13616,0.99216
13617,0.97647
13618,0.96078
13619,0.94118
13620,0.93137
13621,0.92549
13622,0.91569
13623,0.91569
13624,0.91569
13625,0.94706
13626,1.0216
13627,1.0569
13628,0.27451
13629,-0.50196
13630,-0.50196
13631,-0.50196
13632,-0.50196
13633,-0.50196
13634,-0.50196
13635,-0.20784
13636,0.19412
13637,0.59608
13638,0.85686
13639,1.0373
13640,1.2275
13641,1.3275
13642,1.3529
13643,1.3627
13644,1.3725
13645,1.3725
13646,1.3784
13647,1.3784
13648,1.3824
13649,1.3882
13650,1.398
13651,1.398
13652,1.4176
13653,1.4431
13654,1.4686
13655,1.5039
13656,1.5039
13657,1.5039
13658,1.5039
13659,1.5039
13660,1.5039
13661,1.5039
13662,1.5039
13663,1.5039
13664,1.5039
13665,1.5039
13666,1.5039
13667,1.502
13668,1.3667
13669,1.2529
13670,1.1627
13671,1.0922
13672,1.0412
13673,1.0059
13674,0.98627
13675,0.97059
13676,0.96667
13677,0.95686
13678,0.95686
13679,0.95686
13680,0.95098
13681,0.95686
13682,0.95686
13683,0.96078
13684,0.96078
13685,0.97059
13686,0.96667
13687,0.97059
13688,0.97059
13689,0.96667
13690,0.96078
13691,0.96667
13692,0.96078
13693,0.95686
13694,0.95686
13695,0.95098
13696,0.95686
13697,0.95686
13698,0.95098
13699,0.95686
13700,0.95686
13701,0.96078
13702,0.97059
13703,0.99216
13704,1.002
13705,1.002
13706,1.002
13707,0.98235
13708,0.98627
13709,0.97647
13710,0.95686
13711,0.93137
13712,0.91569
13713,0.91176
13714,0.91176
13715,0.90588
13716,0.91569
13717,0.93137
13718,1.002
13719,1.0412
13720,0.33529
13721,-0.50196
13722,-0.50196
13723,-0.50196
13724,-0.50196
13725,-0.50196
13726,-0.50196
13727,-0.24706
13728,0.14314
13729,0.5451
13730,0.82549
13731,1.0059
13732,1.1922
13733,1.302
13734,1.3275
13735,1.3431
13736,1.3529
13737,1.3529
13738,1.3569
13739,1.3627
13740,1.3667
13741,1.3725
13742,1.3784
13743,1.3922
13744,1.402
13745,1.4275
13746,1.4569
13747,1.498
13748,1.5039
13749,1.5039
13750,1.5039
13751,1.5039
13752,1.5039
13753,1.5039
13754,1.5039
13755,1.5039
13756,1.5039
13757,1.5039
13758,1.5039
13759,1.502
13760,1.3667
13761,1.2529
13762,1.1667
13763,1.0922
13764,1.0373
13765,1.002
13766,0.97647
13767,0.96667
13768,0.95686
13769,0.95098
13770,0.95686
13771,0.95098
13772,0.95686
13773,0.95098
13774,0.95098
13775,0.95098
13776,0.95686
13777,0.95098
13778,0.95686
13779,0.96078
13780,0.95686
13781,0.95686
13782,0.95686
13783,0.95098
13784,0.95098
13785,0.95098
13786,0.95686
13787,0.95098
13788,0.95098
13789,0.95098
13790,0.94706
13791,0.95098
13792,0.94706
13793,0.95098
13794,0.97647
13795,0.98627
13796,0.99608
13797,1.002
13798,0.97647
13799,0.97647
13800,0.96667
13801,0.95686
13802,0.94706
13803,0.92157
13804,0.89608
13805,0.87647
13806,0.90196
13807,0.87647
13808,0.87059
13809,0.91569
13810,0.99216
13811,1.0216
13812,0.23922
13813,-0.50196
13814,-0.50196
13815,-0.50196
13816,-0.50196
13817,-0.50196
13818,-0.50196
13819,-0.19608
13820,0.20392
13821,0.57451
13822,0.83529
13823,1.0118
13824,1.2118
13825,1.302
13826,1.3118
13827,1.3275
13828,1.3373
13829,1.3373
13830,1.3275
13831,1.3529
13832,1.3529
13833,1.3667
13834,1.3725
13835,1.3824
13836,1.398
13837,1.4235
13838,1.4569
13839,1.5039
13840,1.5039
13841,1.5039
13842,1.5039
13843,1.5039
13844,1.5039
13845,1.5039
13846,1.5039
13847,1.5039
13848,1.5039
13849,1.5039
13850,1.5039
13851,1.4686
13852,1.3275
13853,1.2216
13854,1.1275
13855,1.0725
13856,1.0216
13857,0.98627
13858,0.96078
13859,0.95098
13860,0.95098
13861,0.95098
13862,0.95098
13863,0.95098
13864,0.95098
13865,0.95098
13866,0.95686
13867,0.96078
13868,0.96078
13869,0.96078
13870,0.97059
13871,0.96667
13872,0.96667
13873,0.96078
13874,0.95686
13875,0.95686
13876,0.96078
13877,0.95686
13878,0.96078
13879,0.96667
13880,0.95686
13881,0.95686
13882,0.95686
13883,0.96078
13884,0.95686
13885,0.96667
13886,0.97059
13887,0.99608
13888,1.002
13889,1.0059
13890,1.002
13891,0.98627
13892,0.99216
13893,0.98235
13894,0.96078
13895,0.94118
13896,0.92549
13897,0.92157
13898,0.91569
13899,0.91569
13900,0.91569
13901,0.93725
13902,1.0059
13903,1.0471
13904,0.34902
13905,-0.50196
13906,-0.50196
13907,-0.50196
13908,-0.50196
13909,-0.50196
13910,-0.50196
13911,-0.24706
13912,0.14314
13913,0.55098
13914,0.8451
13915,1.0157
13916,1.2078
13917,1.3176
13918,1.3529
13919,1.3569
13920,1.3667
13921,1.3667
13922,1.3784
13923,1.3784
13924,1.3784
13925,1.3824
13926,1.3882
13927,1.398
13928,1.4118
13929,1.4373
13930,1.4686
13931,1.5039
13932,1.5039
13933,1.5039
13934,1.5039
13935,1.5039
13936,1.5039
13937,1.5039
13938,1.5039
13939,1.5039
13940,1.5039
13941,1.5039
13942,1.5039
13943,1.5039
13944,1.3725
13945,1.2569
13946,1.1667
13947,1.0922
13948,1.0412
13949,1.0059
13950,0.98235
13951,0.97059
13952,0.95098
13953,0.95098
13954,0.95098
13955,0.94706
13956,0.95686
13957,0.95686
13958,0.95686
13959,0.95686
13960,0.96078
13961,0.96078
13962,0.96667
13963,0.96078
13964,0.96667
13965,0.96078
13966,0.96667
13967,0.96078
13968,0.96667
13969,0.95686
13970,0.95686
13971,0.95098
13972,0.95098
13973,0.95098
13974,0.95098
13975,0.95686
13976,0.95098
13977,0.96078
13978,0.97059
13979,0.98627
13980,1.002
13981,1.0059
13982,1.002
13983,0.97647
13984,0.98627
13985,0.99216
13986,0.95686
13987,0.94118
13988,0.92157
13989,0.91176
13990,0.90588
13991,0.91176
13992,0.91176
13993,0.92157
13994,0.97059
13995,1.0412
13996,0.5451
13997,-0.27647
13998,-0.50196
13999,-0.50196
14000,-0.50196
14001,-0.50196
14002,-0.50196
14003,-0.33333
14004,0.039216
14005,0.43922
14006,0.76667
14007,0.95098
14008,1.1412
14009,1.2765
14010,1.3275
14011,1.3373
14012,1.3471
14013,1.3529
14014,1.3529
14015,1.3529
14016,1.3627
14017,1.3627
14018,1.3725
14019,1.3784
14020,1.398
14021,1.4176
14022,1.4431
14023,1.4824
14024,1.5039
14025,1.5039
14026,1.5039
14027,1.5039
14028,1.5039
14029,1.5039
14030,1.5039
14031,1.5039
14032,1.5039
14033,1.5039
14034,1.5039
14035,1.5039
14036,1.3922
14037,1.2725
14038,1.1765
14039,1.1059
14040,1.051
14041,1.0118
14042,0.98235
14043,0.97059
14044,0.95686
14045,0.95098
14046,0.95098
14047,0.95098
14048,0.95098
14049,0.95686
14050,0.95098
14051,0.95686
14052,0.96078
14053,0.95686
14054,0.96078
14055,0.96078
14056,0.96667
14057,0.96078
14058,0.96667
14059,0.97059
14060,0.96078
14061,0.95686
14062,0.95098
14063,0.95098
14064,0.95098
14065,0.95098
14066,0.95098
14067,0.95098
14068,0.95098
14069,0.95686
14070,0.96667
14071,0.97647
14072,0.99608
14073,1.002
14074,1.002
14075,0.98235
14076,0.97647
14077,0.98235
14078,0.96078
14079,0.94118
14080,0.92157
14081,0.90588
14082,0.90588
14083,0.90588
14084,0.90196
14085,0.90588
14086,0.94118
14087,1.0314
14088,0.76078
14089,-0.011765
14090,-0.50196
14091,-0.50196
14092,-0.50196
14093,-0.50196
14094,-0.50196
14095,-0.41765
14096,-0.086275
14097,0.3098
14098,0.68039
14099,0.8902
14100,1.0765
14101,1.2471
14102,1.302
14103,1.3275
14104,1.3431
14105,1.3275
14106,1.3471
14107,1.3431
14108,1.3529
14109,1.3627
14110,1.3725
14111,1.3529
14112,1.3784
14113,1.398
14114,1.4235
14115,1.4431
14116,1.502
14117,1.5039
14118,1.5039
14119,1.5039
14120,1.5039
14121,1.5039
14122,1.5039
14123,1.5039
14124,1.5039
14125,1.5039
14126,1.5039
14127,1.5039
14128,1.402
14129,1.2765
14130,1.1725
14131,1.0922
14132,1.0373
14133,0.97647
14134,0.94706
14135,0.94118
14136,0.93725
14137,0.91569
14138,0.92157
14139,0.91176
14140,0.93137
14141,0.91176
14142,0.90588
14143,0.92157
14144,0.92549
14145,0.92549
14146,0.92549
14147,0.93137
14148,0.93137
14149,0.92549
14150,0.91176
14151,0.92157
14152,0.92549
14153,0.92157
14154,0.92157
14155,0.92549
14156,0.92549
14157,0.92549
14158,0.92549
14159,0.93725
14160,0.94706
14161,0.96667
14162,0.97647
14163,0.97059
14164,0.97647
14165,0.95098
14166,0.96667
14167,0.94706
14168,0.93137
14169,0.91569
14170,0.91176
14171,0.90196
14172,0.90588
14173,0.90588
14174,0.90588
14175,0.94118
14176,1.0412
14177,0.86078
14178,0.052941
14179,-0.50196
14180,-0.50196
14181,-0.50196
14182,-0.50196
14183,-0.50196
14184,-0.49804
14185,-0.12745
14186,0.27843
14187,0.66471
14188,0.90196
14189,1.0824
14190,1.2667
14191,1.3431
14192,1.3569
14193,1.3784
14194,1.3784
14195,1.3824
14196,1.3922
14197,1.3922
14198,1.3922
14199,1.398
14200,1.4078
14201,1.4235
14202,1.4431
14203,1.4686
14204,1.498
14205,1.5039
14206,1.5039
14207,1.5039
14208,1.5039
14209,1.5039
14210,1.5039
14211,1.5039
14212,1.5039
14213,1.5039
14214,1.5039
14215,1.5039
14216,1.5039
14217,1.4627
14218,1.3373
14219,1.2275
14220,1.151
14221,1.0863
14222,1.0471
14223,1.0157
14224,0.99608
14225,0.98235
14226,0.97647
14227,0.97647
14228,0.97647
14229,0.97647
14230,0.97059
14231,0.97647
14232,0.97647
14233,0.98235
14234,0.98627
14235,0.98235
14236,0.98235
14237,0.97647
14238,0.97647
14239,0.98235
14240,0.97647
14241,0.97647
14242,0.97059
14243,0.97059
14244,0.96667
14245,0.96078
14246,0.96078
14247,0.96078
14248,0.96078
14249,0.96078
14250,0.96667
14251,0.97059
14252,0.97059
14253,0.97647
14254,0.97647
14255,0.99608
14256,1.0118
14257,1.0157
14258,1.0157
14259,0.99608
14260,1.002
14261,0.99608
14262,0.97647
14263,0.95098
14264,0.93137
14265,0.91569
14266,0.92157
14267,0.92157
14268,0.92157
14269,0.92157
14270,0.97059
14271,1.0412
14272,0.62549
14273,-0.19216
14274,-0.50196
14275,-0.50196
14276,-0.50196
14277,-0.50196
14278,-0.50196
14279,-0.35686
14280,0.0078431
14281,0.4098
14282,0.7549
14283,0.94706
14284,1.1275
14285,1.2824
14286,1.3216
14287,1.3431
14288,1.3471
14289,1.3529
14290,1.3529
14291,1.3627
14292,1.3627
14293,1.3725
14294,1.3784
14295,1.3882
14296,1.398
14297,1.4176
14298,1.4431
14299,1.4784
14300,1.5039
14301,1.5039
14302,1.5039
14303,1.5039
14304,1.5039
14305,1.5039
14306,1.5039
14307,1.5039
14308,1.5039
14309,1.5039
14310,1.5039
14311,1.5039
14312,1.4235
14313,1.298
14314,1.202
14315,1.1216
14316,1.0608
14317,1.0216
14318,1.002
14319,0.97647
14320,0.97059
14321,0.96078
14322,0.95686
14323,0.95098
14324,0.95686
14325,0.95098
14326,0.95686
14327,0.96078
14328,0.96667
14329,0.96667
14330,0.96078
14331,0.96667
14332,0.96667
14333,0.96667
14334,0.96667
14335,0.96667
14336,0.97059
14337,0.96078
14338,0.96078
14339,0.96667
14340,0.96667
14341,0.96078
14342,0.95686
14343,0.96667
14344,0.96078
14345,0.96078
14346,0.96667
14347,0.97647
14348,1.002
14349,1.0118
14350,1.0059
14351,0.99608
14352,0.98627
14353,0.99216
14354,0.97059
14355,0.94706
14356,0.92549
14357,0.91176
14358,0.91176
14359,0.90588
14360,0.91569
14361,0.90588
14362,0.95686
14363,1.0373
14364,0.76078
14365,-0.011765
14366,-0.50196
14367,-0.50196
14368,-0.50196
14369,-0.50196
14370,-0.50196
14371,-0.45294
14372,-0.056863
14373,0.33922
14374,0.6902
14375,0.88627
14376,1.0667
14377,1.2431
14378,1.302
14379,1.3216
14380,1.3118
14381,1.3333
14382,1.3275
14383,1.3275
14384,1.3431
14385,1.3471
14386,1.3471
14387,1.3667
14388,1.3627
14389,1.398
14390,1.4275
14391,1.4569
14392,1.498
14393,1.5039
14394,1.5039
14395,1.5039
14396,1.5039
14397,1.5039
14398,1.5039
14399,1.5039
14400,1.5039
14401,1.5039
14402,1.5039
14403,1.5039
14404,1.4118
14405,1.2667
14406,1.1667
14407,1.0863
14408,1.0275
14409,0.98627
14410,0.95686
14411,0.93137
14412,0.92549
14413,0.92157
14414,0.92157
14415,0.92157
14416,0.92157
14417,0.92549
14418,0.92549
14419,0.92549
14420,0.93725
14421,0.93725
14422,0.94118
14423,0.94118
14424,0.94706
14425,0.94118
14426,0.94706
14427,0.95098
14428,0.95098
14429,0.95098
14430,0.94706
14431,0.95098
14432,0.94706
14433,0.95098
14434,0.94706
14435,0.95098
14436,0.96078
14437,0.96078
14438,0.97647
14439,1.002
14440,1.002
14441,1.002
14442,0.98235
14443,0.97647
14444,0.98627
14445,0.97059
14446,0.94706
14447,0.92549
14448,0.91569
14449,0.91176
14450,0.91569
14451,0.91569
14452,0.92549
14453,0.96667
14454,1.051
14455,0.72549
14456,-0.10588
14457,-0.50196
14458,-0.50196
14459,-0.50196
14460,-0.50196
14461,-0.50196
14462,-0.42353
14463,-0.05098
14464,0.35882
14465,0.73137
14466,0.93725
14467,1.1118
14468,1.2882
14469,1.3431
14470,1.3627
14471,1.3667
14472,1.3725
14473,1.3725
14474,1.3784
14475,1.3824
14476,1.3922
14477,1.398
14478,1.402
14479,1.4235
14480,1.4333
14481,1.4627
14482,1.498
14483,1.5039
14484,1.5039
14485,1.5039
14486,1.5039
14487,1.5039
14488,1.5039
14489,1.5039
14490,1.5039
14491,1.5039
14492,1.5039
14493,1.5039
14494,1.5039
14495,1.4373
14496,1.3078
14497,1.202
14498,1.1216
14499,1.0608
14500,1.0157
14501,0.99216
14502,0.97647
14503,0.96667
14504,0.96078
14505,0.96078
14506,0.95686
14507,0.95686
14508,0.95686
14509,0.95686
14510,0.96078
14511,0.95686
14512,0.96078
14513,0.96078
14514,0.97059
14515,0.97059
14516,0.97059
14517,0.96667
14518,0.97059
14519,0.96078
14520,0.96078
14521,0.96078
14522,0.96078
14523,0.96667
14524,0.95686
14525,0.96078
14526,0.96667
14527,0.96667
14528,0.96078
14529,0.96667
14530,0.97647
14531,0.99608
14532,1.0059
14533,1.002
14534,1.0059
14535,0.99216
14536,0.99608
14537,0.98627
14538,0.96078
14539,0.94118
14540,0.92549
14541,0.92157
14542,0.91569
14543,0.91569
14544,0.91176
14545,0.93137
14546,1.002
14547,1.0471
14548,0.31961
14549,-0.50196
14550,-0.50196
14551,-0.50196
14552,-0.50196
14553,-0.50196
14554,-0.50196
14555,-0.23725
14556,0.14902
14557,0.5549
14558,0.83529
14559,1.0157
14560,1.202
14561,1.3078
14562,1.3333
14563,1.3471
14564,1.3529
14565,1.3471
14566,1.3627
14567,1.3627
14568,1.3667
14569,1.3725
14570,1.3784
14571,1.3922
14572,1.4078
14573,1.4275
14574,1.4569
14575,1.498
14576,1.5039
14577,1.5039
14578,1.5039
14579,1.5039
14580,1.5039
14581,1.5039
14582,1.5039
14583,1.5039
14584,1.5039
14585,1.5039
14586,1.5039
14587,1.498
14588,1.3627
14589,1.2529
14590,1.1627
14591,1.0961
14592,1.0412
14593,1.0118
14594,0.98627
14595,0.97059
14596,0.96078
14597,0.96078
14598,0.95686
14599,0.96078
14600,0.96667
14601,0.96667
14602,0.96667
14603,0.96667
14604,0.96667
14605,0.96667
14606,0.97059
14607,0.97059
14608,0.97059
14609,0.96667
14610,0.96078
14611,0.96667
14612,0.96667
14613,0.96078
14614,0.96078
14615,0.96078
14616,0.96667
14617,0.96078
14618,0.95686
14619,0.95098
14620,0.96078
14621,0.96667
14622,0.97647
14623,0.99216
14624,1.0059
14625,1.0059
14626,1.0118
14627,0.99216
14628,0.99608
14629,0.97647
14630,0.96078
14631,0.94706
14632,0.92549
14633,0.91176
14634,0.91176
14635,0.91569
14636,0.90588
14637,0.93137
14638,1.002
14639,1.0412
14640,0.3451
14641,-0.49804
14642,-0.50196
14643,-0.50196
14644,-0.50196
14645,-0.50196
14646,-0.50196
14647,-0.25294
14648,0.13922
14649,0.55098
14650,0.81569
14651,0.99608
14652,1.1863
14653,1.298
14654,1.3275
14655,1.3333
14656,1.3471
14657,1.3431
14658,1.3333
14659,1.3529
14660,1.3627
14661,1.3471
14662,1.3627
14663,1.3529
14664,1.3882
14665,1.4078
14666,1.4275
14667,1.4824
14668,1.5039
14669,1.5039
14670,1.5039
14671,1.5039
14672,1.5039
14673,1.5039
14674,1.5039
14675,1.5039
14676,1.5039
14677,1.5039
14678,1.5039
14679,1.4569
14680,1.3373
14681,1.2078
14682,1.1176
14683,1.0471
14684,1.002
14685,0.95686
14686,0.96078
14687,0.92549
14688,0.92157
14689,0.93137
14690,0.91569
14691,0.92549
14692,0.91176
14693,0.92549
14694,0.92549
14695,0.92549
14696,0.93137
14697,0.93137
14698,0.93137
14699,0.92549
14700,0.93137
14701,0.93725
14702,0.93725
14703,0.93137
14704,0.93725
14705,0.93137
14706,0.93725
14707,0.92549
14708,0.93725
14709,0.94118
14710,0.95098
14711,0.94706
14712,0.95098
14713,0.97647
14714,0.99608
14715,0.99216
14716,0.99608
14717,0.97059
14718,0.98235
14719,0.96667
14720,0.94706
14721,0.92549
14722,0.92157
14723,0.91176
14724,0.90588
14725,0.91569
14726,0.91569
14727,0.93725
14728,1.0157
14729,1.051
14730,0.22941
14731,-0.50196
14732,-0.50196
14733,-0.50196
14734,-0.50196
14735,-0.50196
14736,-0.50196
14737,-0.21176
14738,0.19412
14739,0.60588
14740,0.86667
14741,1.0471
14742,1.2373
14743,1.3373
14744,1.3569
14745,1.3784
14746,1.3784
14747,1.3882
14748,1.3882
14749,1.3922
14750,1.3922
14751,1.398
14752,1.402
14753,1.4176
14754,1.4333
14755,1.4569
14756,1.4882
14757,1.5039
14758,1.5039
14759,1.5039
14760,1.5039
14761,1.5039
14762,1.5039
14763,1.5039
14764,1.5039
14765,1.5039
14766,1.5039
14767,1.5039
14768,1.5039
14769,1.4824
14770,1.3471
14771,1.2431
14772,1.151
14773,1.0824
14774,1.0373
14775,1.002
14776,0.97647
14777,0.96667
14778,0.96078
14779,0.95098
14780,0.95098
14781,0.95098
14782,0.95686
14783,0.96078
14784,0.95686
14785,0.96078
14786,0.96078
14787,0.96667
14788,0.96667
14789,0.96667
14790,0.96078
14791,0.97059
14792,0.96078
14793,0.95686
14794,0.95098
14795,0.95098
14796,0.95098
14797,0.95098
14798,0.95098
14799,0.95098
14800,0.94706
14801,0.95098
14802,0.94706
14803,0.95098
14804,0.95098
14805,0.96078
14806,0.98627
14807,1.002
14808,1.002
14809,0.99608
14810,0.98235
14811,0.98235
14812,0.96667
14813,0.94706
14814,0.92549
14815,0.91569
14816,0.91176
14817,0.90588
14818,0.90588
14819,0.90588
14820,0.93137
14821,1.002
14822,1.0373
14823,0.24902
14824,-0.50196
14825,-0.50196
14826,-0.50196
14827,-0.50196
14828,-0.50196
14829,-0.50196
14830,-0.21765
14831,0.17451
14832,0.57451
14833,0.84118
14834,1.0157
14835,1.2078
14836,1.302
14837,1.3275
14838,1.3373
14839,1.3471
14840,1.3529
14841,1.3529
14842,1.3529
14843,1.3569
14844,1.3667
14845,1.3784
14846,1.3824
14847,1.398
14848,1.4235
14849,1.4529
14850,1.498
14851,1.5039
14852,1.5039
14853,1.5039
14854,1.5039
14855,1.5039
14856,1.5039
14857,1.5039
14858,1.5039
14859,1.5039
14860,1.5039
14861,1.5039
14862,1.4784
14863,1.3471
14864,1.2431
14865,1.151
14866,1.0824
14867,1.0314
14868,0.99608
14869,0.97647
14870,0.96667
14871,0.95686
14872,0.95098
14873,0.95098
14874,0.95098
14875,0.95098
14876,0.95686
14877,0.95686
14878,0.96078
14879,0.96078
14880,0.96078
14881,0.96667
14882,0.96667
14883,0.96078
14884,0.96667
14885,0.96078
14886,0.95686
14887,0.95686
14888,0.95686
14889,0.95098
14890,0.95098
14891,0.95098
14892,0.95686
14893,0.96078
14894,0.95686
14895,0.96667
14896,0.97059
14897,0.98235
14898,1.002
14899,1.0118
14900,1.0059
14901,0.99216
14902,0.98235
14903,0.98627
14904,0.97059
14905,0.95098
14906,0.93725
14907,0.92549
14908,0.91176
14909,0.92157
14910,0.91569
14911,0.91176
14912,0.95098
14913,1.0373
14914,0.8
14915,0.017647
14916,-0.50196
14917,-0.50196
14918,-0.50196
14919,-0.50196
14920,-0.50196
14921,-0.44314
14922,-0.10588
14923,0.29412
14924,0.67647
14925,0.8902
14926,1.0725
14927,1.2529
14928,1.3216
14929,1.3333
14930,1.3529
14931,1.3529
14932,1.3569
14933,1.3667
14934,1.3627
14935,1.3667
14936,1.3784
14937,1.3824
14938,1.398
14939,1.4176
14940,1.4373
14941,1.4725
14942,1.5039
14943,1.5039
14944,1.5039
14945,1.5039
14946,1.5039
14947,1.5039
14948,1.5039
14949,1.5039
14950,1.5039
14951,1.5039
14952,1.5039
14953,1.5039
14954,1.4333
14955,1.302
14956,1.2078
14957,1.1373
14958,1.0569
14959,1.0216
14960,0.98627
14961,0.98235
14962,0.95686
14963,0.96078
14964,0.96667
14965,0.94706
14966,0.97059
14967,0.94706
14968,0.96078
14969,0.95098
14970,0.94706
14971,0.95686
14972,0.95098
14973,0.96667
14974,0.95098
14975,0.94706
14976,0.95686
14977,0.92549
14978,0.94118
14979,0.95098
14980,0.92549
14981,0.93725
14982,0.93725
14983,0.91176
14984,0.92549
14985,0.93725
14986,0.92549
14987,0.92157
14988,0.94706
14989,0.93725
14990,0.96667
14991,0.95686
14992,0.97059
14993,0.95686
14994,0.94118
14995,0.96078
14996,0.91569
14997,0.91569
14998,0.90588
14999,0.8902
15000,0.87059
15001,0.89608
15002,0.90196
15003,0.89608
15004,0.94118
15005,1.0412
15006,0.72549
15007,-0.16275
15008,-0.50196
15009,-0.50196
15010,-0.50196
15011,-0.50196
15012,-0.50196
15013,-0.43725
15014,-0.031373
15015,0.37451
15016,0.73137
15017,0.94118
15018,1.1373
15019,1.302
15020,1.3529
15021,1.3667
15022,1.3784
15023,1.3824
15024,1.3922
15025,1.398
15026,1.398
15027,1.3922
15028,1.4078
15029,1.4176
15030,1.4275
15031,1.4471
15032,1.4784
15033,1.5039
15034,1.5039
15035,1.5039
15036,1.5039
15037,1.5039
15038,1.5039
15039,1.5039
15040,1.5039
15041,1.5039
15042,1.5039
15043,1.5039
15044,1.5039
15045,1.5039
15046,1.4431
15047,1.3176
15048,1.2176
15049,1.1314
15050,1.0725
15051,1.0275
15052,1.002
15053,0.98235
15054,0.97647
15055,0.97059
15056,0.97647
15057,0.97059
15058,0.97059
15059,0.97647
15060,0.97647
15061,0.97647
15062,0.97647
15063,0.97647
15064,0.97647
15065,0.97647
15066,0.97647
15067,0.97647
15068,0.97647
15069,0.97059
15070,0.96667
15071,0.96078
15072,0.96078
15073,0.95686
15074,0.96667
15075,0.95686
15076,0.96667
15077,0.96078
15078,0.96078
15079,0.96078
15080,0.96078
15081,0.96667
15082,0.97059
15083,0.97647
15084,0.99216
15085,1.002
15086,1.0059
15087,1.0059
15088,0.98627
15089,0.99216
15090,0.99608
15091,0.97059
15092,0.95098
15093,0.92549
15094,0.92157
15095,0.92157
15096,0.91569
15097,0.92157
15098,0.91569
15099,0.98627
15100,1.0314
15101,0.46078
15102,-0.38824
15103,-0.50196
15104,-0.50196
15105,-0.50196
15106,-0.50196
15107,-0.50196
15108,-0.30196
15109,0.078431
15110,0.48039
15111,0.79608
15112,0.97647
15113,1.1667
15114,1.298
15115,1.3275
15116,1.3471
15117,1.3529
15118,1.3569
15119,1.3569
15120,1.3627
15121,1.3667
15122,1.3784
15123,1.3784
15124,1.3882
15125,1.402
15126,1.4235
15127,1.4471
15128,1.4882
15129,1.5039
15130,1.5039
15131,1.5039
15132,1.5039
15133,1.5039
15134,1.5039
15135,1.5039
15136,1.5039
15137,1.5039
15138,1.5039
15139,1.5039
15140,1.5039
15141,1.402
15142,1.2882
15143,1.1922
15144,1.1118
15145,1.0569
15146,1.0157
15147,0.99608
15148,0.97647
15149,0.97647
15150,0.96667
15151,0.96078
15152,0.96078
15153,0.96667
15154,0.96078
15155,0.96667
15156,0.96667
15157,0.96667
15158,0.96667
15159,0.97059
15160,0.96667
15161,0.97059
15162,0.97059
15163,0.96667
15164,0.96667
15165,0.96667
15166,0.96667
15167,0.96667
15168,0.96667
15169,0.96078
15170,0.96667
15171,0.96667
15172,0.96667
15173,0.96078
15174,0.96667
15175,0.96667
15176,0.98235
15177,1.002
15178,1.0059
15179,1.0059
15180,0.99608
15181,0.98627
15182,0.99608
15183,0.97647
15184,0.95686
15185,0.93725
15186,0.92549
15187,0.91569
15188,0.91569
15189,0.91176
15190,0.90588
15191,0.94706
15192,1.0314
15193,0.85686
15194,0.11961
15195,-0.50196
15196,-0.50196
15197,-0.50196
15198,-0.50196
15199,-0.50196
15200,-0.46863
15201,-0.12745
15202,0.26471
15203,0.6549
15204,0.88039
15205,1.0608
15206,1.2431
15207,1.3216
15208,1.3373
15209,1.3471
15210,1.3529
15211,1.3569
15212,1.3627
15213,1.3667
15214,1.3667
15215,1.3784
15216,1.3824
15217,1.398
15218,1.4118
15219,1.4373
15220,1.4686
15221,1.5039
15222,1.5039
15223,1.5039
15224,1.5039
15225,1.5039
15226,1.5039
15227,1.5039
15228,1.5039
15229,1.5039
15230,1.5039
15231,1.5039
15232,1.5039
15233,1.4686
15234,1.3373
15235,1.2275
15236,1.1471
15237,1.0765
15238,1.0314
15239,1.002
15240,0.98235
15241,0.97647
15242,0.97059
15243,0.96078
15244,0.95686
15245,0.96078
15246,0.96078
15247,0.96667
15248,0.96078
15249,0.97647
15250,0.97647
15251,0.97647
15252,0.97059
15253,0.97647
15254,0.97059
15255,0.97647
15256,0.97059
15257,0.96667
15258,0.96667
15259,0.96078
15260,0.95686
15261,0.95098
15262,0.95686
15263,0.94118
15264,0.95686
15265,0.95098
15266,0.97647
15267,0.95686
15268,0.97647
15269,0.99216
15270,1.0059
15271,1.002
15272,1.0216
15273,0.97059
15274,0.95686
15275,0.98235
15276,0.94118
15277,0.91176
15278,0.90588
15279,0.8902
15280,0.88039
15281,0.88627
15282,0.90196
15283,0.8902
15284,0.99608
15285,1.0275
15286,0.24902
15287,-0.50196
15288,-0.50196
15289,-0.50196
15290,-0.50196
15291,-0.50196
15292,-0.50196
15293,-0.21176
15294,0.18431
15295,0.59608
15296,0.82157
15297,1.002
15298,1.2078
15299,1.2922
15300,1.3216
15301,1.3216
15302,1.3333
15303,1.3216
15304,1.3471
15305,1.3373
15306,1.3529
15307,1.3569
15308,1.3667
15309,1.3824
15310,1.398
15311,1.4176
15312,1.4569
15313,1.502
15314,1.5039
15315,1.5039
15316,1.5039
15317,1.5039
15318,1.5039
15319,1.5039
15320,1.5039
15321,1.5039
15322,1.5039
15323,1.5039
15324,1.5039
15325,1.4471
15326,1.3216
15327,1.2118
15328,1.1216
15329,1.0471
15330,1.002
15331,0.96667
15332,0.94706
15333,0.94706
15334,0.94118
15335,0.93137
15336,0.93137
15337,0.92549
15338,0.94118
15339,0.93725
15340,0.94706
15341,0.94706
15342,0.95098
15343,0.95098
15344,0.95098
15345,0.95686
15346,0.95098
15347,0.95686
15348,0.95098
15349,0.95686
15350,0.95098
15351,0.95686
15352,0.95098
15353,0.95686
15354,0.95098
15355,0.95686
15356,0.95098
15357,0.95098
15358,0.95098
15359,0.96078
15360,0.96667
15361,0.98627
15362,1.002
15363,1.002
15364,1.002
15365,0.97647
15366,0.97647
15367,0.98235
15368,0.96078
15369,0.94118
15370,0.92157
15371,0.91569
15372,0.91176
15373,0.91176
15374,0.91176
15375,0.92157
15376,0.98235
15377,1.0314
15378,0.44902
15379,-0.41765
15380,-0.50196
15381,-0.50196
15382,-0.50196
15383,-0.50196
15384,-0.50196
15385,-0.31176
15386,0.084314
15387,0.5
15388,0.80588
15389,0.98627
15390,1.1765
15391,1.3118
15392,1.3471
15393,1.3627
15394,1.3667
15395,1.3725
15396,1.3784
15397,1.3784
15398,1.3824
15399,1.3882
15400,1.3922
15401,1.402
15402,1.4118
15403,1.4373
15404,1.4627
15405,1.502
15406,1.5039
15407,1.5039
15408,1.5039
15409,1.5039
15410,1.5039
15411,1.5039
15412,1.5039
15413,1.5039
15414,1.5039
15415,1.5039
15416,1.5039
15417,1.5039
15418,1.3922
15419,1.2725
15420,1.1725
15421,1.102
15422,1.051
15423,1.0118
15424,0.98627
15425,0.97059
15426,0.96667
15427,0.95686
15428,0.95686
15429,0.95686
15430,0.95098
15431,0.95098
15432,0.95686
15433,0.95686
15434,0.96078
15435,0.96078
15436,0.96078
15437,0.96667
15438,0.96078
15439,0.96078
15440,0.96667
15441,0.96078
15442,0.95686
15443,0.96078
15444,0.95098
15445,0.95686
15446,0.95098
15447,0.95098
15448,0.95098
15449,0.95098
15450,0.95098
15451,0.95686
15452,0.95686
15453,0.97647
15454,0.99608
15455,1.002
15456,1.002
15457,0.98627
15458,0.97647
15459,0.98235
15460,0.96078
15461,0.94118
15462,0.92157
15463,0.90588
15464,0.91176
15465,0.90588
15466,0.90588
15467,0.92157
15468,0.96078
15469,1.0471
15470,0.67059
15471,-0.13137
15472,-0.50196
15473,-0.50196
15474,-0.50196
15475,-0.50196
15476,-0.50196
15477,-0.39216
15478,-0.031373
15479,0.37059
15480,0.73137
15481,0.92549
15482,1.1059
15483,1.2667
15484,1.3216
15485,1.3333
15486,1.3471
15487,1.3471
15488,1.3529
15489,1.3569
15490,1.3569
15491,1.3667
15492,1.3667
15493,1.3784
15494,1.3922
15495,1.4118
15496,1.4373
15497,1.4725
15498,1.5039
15499,1.5039
15500,1.5039
15501,1.5039
15502,1.5039
15503,1.5039
15504,1.5039
15505,1.5039
15506,1.5039
15507,1.5039
15508,1.5039
15509,1.5039
15510,1.4235
15511,1.302
15512,1.1961
15513,1.1176
15514,1.0569
15515,1.0216
15516,0.99216
15517,0.97647
15518,0.95686
15519,0.95098
15520,0.95098
15521,0.95098
15522,0.95098
15523,0.95098
15524,0.95686
15525,0.96078
15526,0.95686
15527,0.95686
15528,0.96078
15529,0.96078
15530,0.96078
15531,0.95686
15532,0.96667
15533,0.96078
15534,0.95686
15535,0.95686
15536,0.95098
15537,0.95098
15538,0.95098
15539,0.95098
15540,0.95098
15541,0.95098
15542,0.95686
15543,0.95098
15544,0.96667
15545,0.97647
15546,0.99608
15547,1.0059
15548,1.002
15549,1.0059
15550,0.98627
15551,0.99216
15552,0.97647
15553,0.95686
15554,0.93137
15555,0.91569
15556,0.91176
15557,0.91176
15558,0.90588
15559,0.90588
15560,0.93137
15561,1.0059
15562,1.0412
15563,0.2902
15564,-0.50196
15565,-0.50196
15566,-0.50196
15567,-0.50196
15568,-0.50196
15569,-0.50196
15570,-0.22745
15571,0.14902
15572,0.58039
15573,0.82549
15574,0.99608
15575,1.1961
15576,1.2882
15577,1.3216
15578,1.3176
15579,1.3333
15580,1.3275
15581,1.3431
15582,1.3529
15583,1.3216
15584,1.3431
15585,1.3529
15586,1.3784
15587,1.3824
15588,1.4118
15589,1.4373
15590,1.4882
15591,1.5039
15592,1.5039
15593,1.5039
15594,1.5039
15595,1.5039
15596,1.5039
15597,1.5039
15598,1.5039
15599,1.5039
15600,1.5039
15601,1.5039
15602,1.4686
15603,1.3216
15604,1.2118
15605,1.1275
15606,1.0569
15607,1.002
15608,0.97059
15609,0.95098
15610,0.93137
15611,0.92549
15612,0.92157
15613,0.91569
15614,0.92549
15615,0.92549
15616,0.92157
15617,0.91176
15618,0.92549
15619,0.93137
15620,0.93725
15621,0.93725
15622,0.94118
15623,0.94118
15624,0.94706
15625,0.93725
15626,0.94706
15627,0.93725
15628,0.93137
15629,0.95098
15630,0.95098
15631,0.95098
15632,0.95098
15633,0.95098
15634,0.95686
15635,0.96667
15636,0.98627
15637,1.002
15638,1.0059
15639,1.002
15640,0.98235
15641,0.98627
15642,0.98235
15643,0.95686
15644,0.95098
15645,0.93137
15646,0.92549
15647,0.92549
15648,0.92549
15649,0.92549
15650,0.93725
15651,0.99216
15652,1.0569
15653,0.51961
15654,-0.36667
15655,-0.50196
15656,-0.50196
15657,-0.50196
15658,-0.50196
15659,-0.50196
15660,-0.31176
15661,0.078431
15662,0.48431
15663,0.80588
15664,0.98235
15665,1.1765
15666,1.3176
15667,1.3529
15668,1.3627
15669,1.3725
15670,1.3784
15671,1.3824
15672,1.3882
15673,1.3882
15674,1.398
15675,1.398
15676,1.4078
15677,1.4235
15678,1.4471
15679,1.4784
15680,1.5039
15681,1.5039
15682,1.5039
15683,1.5039
15684,1.5039
15685,1.5039
15686,1.5039
15687,1.5039
15688,1.5039
15689,1.5039
15690,1.5039
15691,1.5039
15692,1.5039
15693,1.3922
15694,1.2725
15695,1.1765
15696,1.102
15697,1.051
15698,1.0157
15699,0.98627
15700,0.97059
15701,0.96667
15702,0.96078
15703,0.95686
15704,0.95686
15705,0.95098
15706,0.95686
15707,0.96078
15708,0.96667
15709,0.97059
15710,0.97059
15711,0.97059
15712,0.96667
15713,0.97059
15714,0.96667
15715,0.96667
15716,0.96078
15717,0.95686
15718,0.95686
15719,0.96078
15720,0.95686
15721,0.95686
15722,0.95686
15723,0.95098
15724,0.95686
15725,0.95686
15726,0.96078
15727,0.96667
15728,0.97647
15729,0.97647
15730,0.99608
15731,1.0059
15732,1.0059
15733,0.99608
15734,0.98627
15735,0.99216
15736,0.97647
15737,0.95098
15738,0.93137
15739,0.92157
15740,0.92157
15741,0.91176
15742,0.91569
15743,0.91569
15744,0.94706
15745,1.0314
15746,0.85686
15747,0.11373
15748,-0.50196
15749,-0.50196
15750,-0.50196
15751,-0.50196
15752,-0.50196
15753,-0.47843
15754,-0.14118
15755,0.25882
15756,0.6451
15757,0.88039
15758,1.0569
15759,1.2431
15760,1.3118
15761,1.3275
15762,1.3471
15763,1.3529
15764,1.3529
15765,1.3569
15766,1.3569
15767,1.3627
15768,1.3725
15769,1.3784
15770,1.3922
15771,1.402
15772,1.4275
15773,1.4569
15774,1.502
15775,1.5039
15776,1.5039
15777,1.5039
15778,1.5039
15779,1.5039
15780,1.5039
15781,1.5039
15782,1.5039
15783,1.5039
15784,1.5039
15785,1.5039
15786,1.4627
15787,1.3333
15788,1.2275
15789,1.1373
15790,1.0725
15791,1.0275
15792,1.002
15793,0.97647
15794,0.97059
15795,0.96078
15796,0.95686
15797,0.95686
15798,0.95686
15799,0.95686
15800,0.95686
15801,0.95686
15802,0.96078
15803,0.96078
15804,0.96078
15805,0.96667
15806,0.96667
15807,0.97059
15808,0.96078
15809,0.96078
15810,0.96078
15811,0.96667
15812,0.96667
15813,0.96667
15814,0.95686
15815,0.95686
15816,0.95098
15817,0.95098
15818,0.95098
15819,0.96078
15820,0.97059
15821,0.97647
15822,0.99216
15823,1.0059
15824,1.0059
15825,1.0059
15826,0.99216
15827,0.98627
15828,0.99216
15829,0.96667
15830,0.94706
15831,0.92549
15832,0.91569
15833,0.91569
15834,0.91569
15835,0.90588
15836,0.91569
15837,0.96078
15838,1.0412
15839,0.6098
15840,-0.20784
15841,-0.50196
15842,-0.50196
15843,-0.50196
15844,-0.50196
15845,-0.50196
15846,-0.35686
15847,0.0078431
15848,0.4098
15849,0.75098
15850,0.94118
15851,1.1216
15852,1.2765
15853,1.3216
15854,1.3333
15855,1.3431
15856,1.3431
15857,1.3529
15858,1.3529
15859,1.3627
15860,1.3569
15861,1.3725
15862,1.3784
15863,1.398
15864,1.4118
15865,1.4431
15866,1.4725
15867,1.5039
15868,1.5039
15869,1.5039
15870,1.5039
15871,1.5039
15872,1.5039
15873,1.5039
15874,1.5039
15875,1.5039
15876,1.5039
15877,1.5039
15878,1.5039
15879,1.4078
15880,1.2882
15881,1.1863
15882,1.1118
15883,1.051
15884,1.0157
15885,0.98235
15886,0.97059
15887,0.95686
15888,0.95686
15889,0.95098
15890,0.95098
15891,0.95098
15892,0.96078
15893,0.96667
15894,0.96078
15895,0.95098
15896,0.94706
15897,0.96078
15898,0.97059
15899,0.95686
15900,0.96078
15901,0.95098
15902,0.95686
15903,0.94706
15904,0.93137
15905,0.94118
15906,0.92549
15907,0.92157
15908,0.94118
15909,0.93137
15910,0.92157
15911,0.90588
15912,0.92549
15913,0.93137
15914,0.92549
15915,0.94706
15916,0.97059
15917,0.97647
15918,0.95098
15919,0.92549
15920,0.94706
15921,0.93137
15922,0.90588
15923,0.91176
15924,0.87647
15925,0.86078
15926,0.87647
15927,0.87059
15928,0.88627
15929,0.88039
15930,0.94706
15931,1.0157
15932,0.40392
15933,-0.50196
15934,-0.50196
15935,-0.50196
15936,-0.50196
15937,-0.50196
15938,-0.50196
15939,-0.30196
15940,0.1098
15941,0.51569
15942,0.82157
15943,1.0059
15944,1.202
15945,1.3216
15946,1.3529
15947,1.3725
15948,1.3725
15949,1.3784
15950,1.3784
15951,1.3725
15952,1.3824
15953,1.3784
15954,1.3922
15955,1.402
15956,1.4118
15957,1.4431
15958,1.4725
15959,1.5039
15960,1.5039
15961,1.5039
15962,1.5039
15963,1.5039
15964,1.5039
15965,1.5039
15966,1.5039
15967,1.5039
15968,1.5039
15969,1.5039
15970,1.5039
15971,1.5039
15972,1.3922
15973,1.2725
15974,1.1765
15975,1.1059
15976,1.051
15977,1.0157
15978,0.99608
15979,0.98235
15980,0.97647
15981,0.97059
15982,0.97059
15983,0.97059
15984,0.97059
15985,0.97647
15986,0.97647
15987,0.97647
15988,0.97647
15989,0.97647
15990,0.97647
15991,0.97647
15992,0.97647
15993,0.97647
15994,0.97647
15995,0.97059
15996,0.96667
15997,0.96078
15998,0.96078
15999,0.96078
16000,0.95686
16001,0.95686
16002,0.95686
16003,0.96078
16004,0.95686
16005,0.96078
16006,0.95686
16007,0.96078
16008,0.96667
16009,0.97647
16010,0.99608
16011,1.0059
16012,1.002
16013,1.0059
16014,0.98235
16015,0.99216
16016,0.97647
16017,0.95098
16018,0.93137
16019,0.92157
16020,0.91569
16021,0.91569
16022,0.91176
16023,0.91569
16024,0.95686
16025,1.0412
16026,0.82549
16027,0.043137
16028,-0.50196
16029,-0.50196
16030,-0.50196
16031,-0.50196
16032,-0.50196
16033,-0.46863
16034,-0.11176
16035,0.2902
16036,0.67647
16037,0.89608
16038,1.0667
16039,1.2529
16040,1.3216
16041,1.3373
16042,1.3529
16043,1.3569
16044,1.3569
16045,1.3627
16046,1.3667
16047,1.3725
16048,1.3784
16049,1.3784
16050,1.3922
16051,1.402
16052,1.4333
16053,1.4627
16054,1.5039
16055,1.5039
16056,1.5039
16057,1.5039
16058,1.5039
16059,1.5039
16060,1.5039
16061,1.5039
16062,1.5039
16063,1.5039
16064,1.5039
16065,1.5039
16066,1.4686
16067,1.3373
16068,1.2216
16069,1.1412
16070,1.0765
16071,1.0275
16072,0.99608
16073,0.97647
16074,0.95686
16075,0.95098
16076,0.95098
16077,0.95098
16078,0.95098
16079,0.94706
16080,0.95098
16081,0.95098
16082,0.95098
16083,0.95098
16084,0.96078
16085,0.96078
16086,0.96078
16087,0.96078
16088,0.96078
16089,0.95686
16090,0.95686
16091,0.95098
16092,0.95686
16093,0.95098
16094,0.95098
16095,0.95098
16096,0.95098
16097,0.95098
16098,0.95098
16099,0.95098
16100,0.96078
16101,0.97059
16102,0.99216
16103,1.002
16104,1.002
16105,0.99608
16106,0.97647
16107,0.98235
16108,0.97647
16109,0.95098
16110,0.93137
16111,0.92157
16112,0.91176
16113,0.90588
16114,0.91176
16115,0.91176
16116,0.93137
16117,1.002
16118,1.0412
16119,0.2902
16120,-0.50196
16121,-0.50196
16122,-0.50196
16123,-0.50196
16124,-0.50196
16125,-0.50196
16126,-0.22745
16127,0.15882
16128,0.57059
16129,0.83529
16130,1.0059
16131,1.2078
16132,1.302
16133,1.3275
16134,1.3431
16135,1.3471
16136,1.3529
16137,1.3529
16138,1.3569
16139,1.3627
16140,1.3725
16141,1.3784
16142,1.3882
16143,1.402
16144,1.4235
16145,1.4529
16146,1.4922
16147,1.5039
16148,1.5039
16149,1.5039
16150,1.5039
16151,1.5039
16152,1.5039
16153,1.5039
16154,1.5039
16155,1.5039
16156,1.5039
16157,1.5039
16158,1.4882
16159,1.3627
16160,1.2471
16161,1.1627
16162,1.0863
16163,1.0412
16164,1.002
16165,0.98627
16166,0.97059
16167,0.96667
16168,0.96078
16169,0.96078
16170,0.95686
16171,0.95098
16172,0.95098
16173,0.95098
16174,0.95686
16175,0.95686
16176,0.96078
16177,0.96667
16178,0.96667
16179,0.96078
16180,0.95686
16181,0.96078
16182,0.96078
16183,0.95686
16184,0.95686
16185,0.95686
16186,0.96078
16187,0.95098
16188,0.95098
16189,0.95098
16190,0.95686
16191,0.95686
16192,0.96078
16193,0.96667
16194,0.98627
16195,1.002
16196,0.99608
16197,0.99608
16198,0.97059
16199,0.97647
16200,0.99216
16201,0.95686
16202,0.94118
16203,0.92157
16204,0.91176
16205,0.91569
16206,0.90588
16207,0.90588
16208,0.91569
16209,0.97647
16210,1.0275
16211,0.48039
16212,-0.37255
16213,-0.50196
16214,-0.50196
16215,-0.50196
16216,-0.50196
16217,-0.50196
16218,-0.31176
16219,0.058824
16220,0.4902
16221,0.77647
16222,0.97647
16223,1.1471
16224,1.2824
16225,1.3216
16226,1.3078
16227,1.3333
16228,1.3373
16229,1.3333
16230,1.3275
16231,1.3529
16232,1.3471
16233,1.3627
16234,1.3784
16235,1.402
16236,1.4176
16237,1.4333
16238,1.502
16239,1.5039
16240,1.5039
16241,1.5039
16242,1.5039
16243,1.5039
16244,1.5039
16245,1.5039
16246,1.5039
16247,1.5039
16248,1.5039
16249,1.5039
16250,1.5039
16251,1.3725
16252,1.2431
16253,1.1412
16254,1.0608
16255,1.0059
16256,0.97647
16257,0.94706
16258,0.93725
16259,0.93137
16260,0.92549
16261,0.92157
16262,0.92549
16263,0.93137
16264,0.92549
16265,0.93725
16266,0.93137
16267,0.94118
16268,0.94118
16269,0.94706
16270,0.95098
16271,0.95098
16272,0.94706
16273,0.94706
16274,0.94118
16275,0.95098
16276,0.94706
16277,0.95098
16278,0.94118
16279,0.94118
16280,0.94118
16281,0.94706
16282,0.95098
16283,0.95686
16284,0.96078
16285,0.98627
16286,1.002
16287,1.002
16288,1.002
16289,0.98235
16290,0.98627
16291,0.98235
16292,0.96667
16293,0.94118
16294,0.92549
16295,0.91569
16296,0.92157
16297,0.91569
16298,0.92157
16299,0.93725
16300,0.99608
16301,1.0471
16302,0.41569
16303,-0.46275
16304,-0.50196
16305,-0.50196
16306,-0.50196
16307,-0.50196
16308,-0.50196
16309,-0.28235
16310,0.10392
16311,0.51569
16312,0.82157
16313,0.99608
16314,1.1863
16315,1.3176
16316,1.3529
16317,1.3627
16318,1.3667
16319,1.3725
16320,1.3784
16321,1.3882
16322,1.3824
16323,1.3922
16324,1.398
16325,1.4078
16326,1.4235
16327,1.4471
16328,1.4725
16329,1.5039
16330,1.5039
16331,1.5039
16332,1.5039
16333,1.5039
16334,1.5039
16335,1.5039
16336,1.5039
16337,1.5039
16338,1.5039
16339,1.5039
16340,1.5039
16341,1.5039
16342,1.3882
16343,1.2667
16344,1.1725
16345,1.102
16346,1.051
16347,1.0118
16348,0.98627
16349,0.97059
16350,0.96078
16351,0.95098
16352,0.95686
16353,0.95098
16354,0.95098
16355,0.95686
16356,0.95686
16357,0.96078
16358,0.95098
16359,0.96078
16360,0.96078
16361,0.96667
16362,0.96078
16363,0.96667
16364,0.95686
16365,0.95686
16366,0.95098
16367,0.95098
16368,0.95686
16369,0.96078
16370,0.95098
16371,0.95686
16372,0.95686
16373,0.95098
16374,0.95686
16375,0.96667
16376,0.97059
16377,0.99216
16378,1.0059
16379,1.002
16380,1.0059
16381,0.98235
16382,0.98235
16383,0.97647
16384,0.95686
16385,0.93725
16386,0.92157
16387,0.91176
16388,0.90588
16389,0.90588
16390,0.91176
16391,0.92549
16392,0.98627
16393,1.0373
16394,0.42549
16395,-0.41765
16396,-0.50196
16397,-0.50196
16398,-0.50196
16399,-0.50196
16400,-0.50196
16401,-0.28824
16402,0.098039
16403,0.50588
16404,0.81176
16405,0.99216
16406,1.1765
16407,1.302
16408,1.3275
16409,1.3431
16410,1.3529
16411,1.3569
16412,1.3627
16413,1.3667
16414,1.3725
16415,1.3784
16416,1.3784
16417,1.3882
16418,1.398
16419,1.4275
16420,1.4569
16421,1.498
16422,1.5039
16423,1.5039
16424,1.5039
16425,1.5039
16426,1.5039
16427,1.5039
16428,1.5039
16429,1.5039
16430,1.5039
16431,1.5039
16432,1.5039
16433,1.5039
16434,1.3725
16435,1.2627
16436,1.1667
16437,1.0922
16438,1.0412
16439,1.002
16440,0.98235
16441,0.96667
16442,0.95098
16443,0.95098
16444,0.95098
16445,0.95098
16446,0.95098
16447,0.95098
16448,0.95098
16449,0.95098
16450,0.95098
16451,0.95686
16452,0.96078
16453,0.96078
16454,0.96078
16455,0.96078
16456,0.96078
16457,0.95686
16458,0.95686
16459,0.96078
16460,0.95686
16461,0.95686
16462,0.95686
16463,0.95098
16464,0.95098
16465,0.95098
16466,0.95098
16467,0.96078
16468,0.97059
16469,0.99216
16470,1.002
16471,1.0059
16472,1.002
16473,0.98235
16474,0.98627
16475,0.97647
16476,0.95098
16477,0.93725
16478,0.92157
16479,0.91569
16480,0.90588
16481,0.91176
16482,0.90588
16483,0.92549
16484,0.99216
16485,1.0412
16486,0.38039
16487,-0.47255
16488,-0.50196
16489,-0.50196
16490,-0.50196
16491,-0.50196
16492,-0.50196
16493,-0.25686
16494,0.12353
16495,0.52549
16496,0.81176
16497,0.99216
16498,1.1824
16499,1.2922
16500,1.3216
16501,1.3333
16502,1.3275
16503,1.3373
16504,1.3471
16505,1.3529
16506,1.3627
16507,1.3627
16508,1.3725
16509,1.3784
16510,1.3882
16511,1.4176
16512,1.4471
16513,1.4725
16514,1.5039
16515,1.5039
16516,1.5039
16517,1.5039
16518,1.5039
16519,1.5039
16520,1.5039
16521,1.5039
16522,1.5039
16523,1.5039
16524,1.5039
16525,1.4784
16526,1.3373
16527,1.2314
16528,1.1373
16529,1.0824
16530,1.0118
16531,0.97059
16532,0.96667
16533,0.93725
16534,0.94706
16535,0.92549
16536,0.92549
16537,0.93725
16538,0.91569
16539,0.92157
16540,0.93725
16541,0.92549
16542,0.93137
16543,0.92549
16544,0.92549
16545,0.92549
16546,0.93725
16547,0.94118
16548,0.92549
16549,0.93725
16550,0.92549
16551,0.92549
16552,0.92549
16553,0.93137
16554,0.93137
16555,0.92549
16556,0.93725
16557,0.94118
16558,0.94706
16559,0.97059
16560,0.98235
16561,0.97647
16562,0.97647
16563,0.96078
16564,0.96078
16565,0.97059
16566,0.94118
16567,0.92549
16568,0.91176
16569,0.90588
16570,0.90196
16571,0.90588
16572,0.90588
16573,0.92157
16574,0.99216
16575,1.0471
16576,0.37451
16577,-0.50196
16578,-0.50196
16579,-0.50196
16580,-0.50196
16581,-0.50196
16582,-0.50196
16583,-0.27255
16584,0.12353
16585,0.53922
16586,0.8451
16587,1.0216
16588,1.2176
16589,1.3373
16590,1.3725
16591,1.3824
16592,1.3882
16593,1.398
16594,1.398
16595,1.398
16596,1.402
16597,1.4078
16598,1.4176
16599,1.4275
16600,1.4471
16601,1.4627
16602,1.498
16603,1.5039
16604,1.5039
16605,1.5039
16606,1.5039
16607,1.5039
16608,1.5039
16609,1.5039
16610,1.5039
16611,1.5039
16612,1.5039
16613,1.5039
16614,1.5039
16615,1.5039
16616,1.3784
16617,1.2667
16618,1.1725
16619,1.102
16620,1.051
16621,1.0157
16622,0.99608
16623,0.98235
16624,0.97647
16625,0.97059
16626,0.96667
16627,0.97059
16628,0.97059
16629,0.97059
16630,0.97059
16631,0.97647
16632,0.97647
16633,0.97647
16634,0.97647
16635,0.97647
16636,0.97647
16637,0.97059
16638,0.97059
16639,0.96667
16640,0.97059
16641,0.96078
16642,0.96667
16643,0.96078
16644,0.96078
16645,0.95686
16646,0.96078
16647,0.96078
16648,0.96078
16649,0.95686
16650,0.96078
16651,0.96667
16652,0.97059
16653,0.99608
16654,1.0059
16655,1.002
16656,1.0059
16657,0.98627
16658,0.99216
16659,0.97647
16660,0.95098
16661,0.93725
16662,0.92549
16663,0.92157
16664,0.91569
16665,0.91176
16666,0.90588
16667,0.94118
16668,1.0157
16669,1.0373
16670,0.17843
16671,-0.50196
16672,-0.50196
16673,-0.50196
16674,-0.50196
16675,-0.50196
16676,-0.49804
16677,-0.17255
16678,0.21961
16679,0.61961
16680,0.86667
16681,1.0471
16682,1.2373
16683,1.3176
16684,1.3373
16685,1.3471
16686,1.3529
16687,1.3569
16688,1.3627
16689,1.3627
16690,1.3725
16691,1.3784
16692,1.3882
16693,1.398
16694,1.4118
16695,1.4275
16696,1.4627
16697,1.502
16698,1.5039
16699,1.5039
16700,1.5039
16701,1.5039
16702,1.5039
16703,1.5039
16704,1.5039
16705,1.5039
16706,1.5039
16707,1.5039
16708,1.5039
16709,1.4784
16710,1.3471
16711,1.2373
16712,1.151
16713,1.0863
16714,1.0373
16715,1.0059
16716,0.98627
16717,0.97647
16718,0.96667
16719,0.96078
16720,0.95098
16721,0.96078
16722,0.95686
16723,0.96078
16724,0.96078
16725,0.96078
16726,0.96667
16727,0.97059
16728,0.96667
16729,0.96667
16730,0.96667
16731,0.96667
16732,0.96667
16733,0.96667
16734,0.96667
16735,0.96078
16736,0.96667
16737,0.96667
16738,0.96078
16739,0.95686
16740,0.95686
16741,0.95686
16742,0.96667
16743,0.96667
16744,0.98627
16745,1.002
16746,1.0059
16747,1.002
16748,0.99216
16749,0.98627
16750,0.99216
16751,0.96667
16752,0.94706
16753,0.92549
16754,0.92157
16755,0.91176
16756,0.91569
16757,0.91176
16758,0.92549
16759,0.98235
16760,1.0471
16761,0.58039
16762,-0.24314
16763,-0.50196
16764,-0.50196
16765,-0.50196
16766,-0.50196
16767,-0.50196
16768,-0.34314
16769,0.023529
16770,0.42549
16771,0.76667
16772,0.95098
16773,1.1373
16774,1.2765
16775,1.3275
16776,1.3373
16777,1.3471
16778,1.3471
16779,1.3529
16780,1.3529
16781,1.3569
16782,1.3627
16783,1.3784
16784,1.3824
16785,1.398
16786,1.4176
16787,1.4471
16788,1.4824
16789,1.5039
16790,1.5039
16791,1.5039
16792,1.5039
16793,1.5039
16794,1.5039
16795,1.5039
16796,1.5039
16797,1.5039
16798,1.5039
16799,1.5039
16800,1.5039
16801,1.3882
16802,1.2765
16803,1.1824
16804,1.0961
16805,1.0569
16806,1.0216
16807,0.99216
16808,0.97647
16809,0.95686
16810,0.95098
16811,0.94706
16812,0.95686
16813,0.93137
16814,0.94706
16815,0.95686
16816,0.94118
16817,0.95098
16818,0.93137
16819,0.94706
16820,0.93137
16821,0.94118
16822,0.93137
16823,0.93725
16824,0.91569
16825,0.94706
16826,0.92549
16827,0.92549
16828,0.93137
16829,0.91176
16830,0.92549
16831,0.93137
16832,0.92549
16833,0.93137
16834,0.92157
16835,0.94118
16836,0.96667
16837,0.95686
16838,0.96078
16839,0.95686
16840,0.95098
16841,0.96078
16842,0.94118
16843,0.92157
16844,0.91176
16845,0.90196
16846,0.88627
16847,0.8902
16848,0.89608
16849,0.88627
16850,0.92157
16851,0.99216
16852,1.0471
16853,0.32353
16854,-0.50196
16855,-0.50196
16856,-0.50196
16857,-0.50196
16858,-0.50196
16859,-0.50196
16860,-0.24314
16861,0.1549
16862,0.56471
16863,0.8451
16864,1.0275
16865,1.2275
16866,1.3333
16867,1.3569
16868,1.3725
16869,1.3784
16870,1.3824
16871,1.3882
16872,1.3882
16873,1.398
16874,1.398
16875,1.4118
16876,1.4235
16877,1.4373
16878,1.4529
16879,1.4882
16880,1.5039
16881,1.5039
16882,1.5039
16883,1.5039
16884,1.5039
16885,1.5039
16886,1.5039
16887,1.5039
16888,1.5039
16889,1.5039
16890,1.5039
16891,1.5039
16892,1.5039
16893,1.3725
16894,1.2627
16895,1.1667
16896,1.0961
16897,1.0471
16898,1.0118
16899,0.99216
16900,0.97647
16901,0.96667
16902,0.96667
16903,0.96667
16904,0.97059
16905,0.97059
16906,0.97647
16907,0.97059
16908,0.97059
16909,0.97059
16910,0.97647
16911,0.97059
16912,0.96667
16913,0.97059
16914,0.96667
16915,0.96667
16916,0.96667
16917,0.96078
16918,0.96078
16919,0.96078
16920,0.96667
16921,0.96078
16922,0.96078
16923,0.96667
16924,0.96078
16925,0.96078
16926,0.95686
16927,0.96078
16928,0.96667
16929,0.97647
16930,0.97647
16931,1.002
16932,1.0059
16933,1.002
16934,1.0118
16935,0.98627
16936,0.99216
16937,0.97647
16938,0.95686
16939,0.93725
16940,0.92157
16941,0.91176
16942,0.91176
16943,0.90588
16944,0.91569
16945,0.94706
16946,1.0314
16947,0.83137
16948,0.068627
16949,-0.50196
16950,-0.50196
16951,-0.50196
16952,-0.50196
16953,-0.50196
16954,-0.46275
16955,-0.11765
16956,0.27451
16957,0.66078
16958,0.88627
16959,1.0608
16960,1.2471
16961,1.3176
16962,1.3373
16963,1.3529
16964,1.3529
16965,1.3569
16966,1.3627
16967,1.3667
16968,1.3725
16969,1.3784
16970,1.3824
16971,1.3922
16972,1.4078
16973,1.4333
16974,1.4627
16975,1.502
16976,1.5039
16977,1.5039
16978,1.5039
16979,1.5039
16980,1.5039
16981,1.5039
16982,1.5039
16983,1.5039
16984,1.5039
16985,1.5039
16986,1.5039
16987,1.4569
16988,1.3333
16989,1.2216
16990,1.1412
16991,1.0765
16992,1.0275
16993,0.99216
16994,0.97059
16995,0.95686
16996,0.95098
16997,0.95098
16998,0.95098
16999,0.95098
17000,0.95098
17001,0.95098
17002,0.95098
17003,0.95098
17004,0.95686
17005,0.96078
17006,0.96078
17007,0.96078
17008,0.96078
17009,0.95686
17010,0.95686
17011,0.95686
17012,0.95098
17013,0.96078
17014,0.95686
17015,0.95686
17016,0.95098
17017,0.95098
17018,0.95098
17019,0.95686
17020,0.96078
17021,0.97059
17022,0.97647
17023,0.99608
17024,1.002
17025,1.002
17026,0.98627
17027,0.97647
17028,0.97647
17029,0.96078
17030,0.94118
17031,0.92549
17032,0.91569
17033,0.90588
17034,0.90588
17035,0.91176
17036,0.91176
17037,0.94706
17038,1.0373
17039,0.8
17040,0.023529
17041,-0.50196
17042,-0.50196
17043,-0.50196
17044,-0.50196
17045,-0.50196
17046,-0.43725
17047,-0.096078
17048,0.29412
17049,0.67647
17050,0.89608
17051,1.0667
17052,1.2471
17053,1.3078
17054,1.3275
17055,1.3373
17056,1.3471
17057,1.3529
17058,1.3529
17059,1.3569
17060,1.3627
17061,1.3667
17062,1.3784
17063,1.3922
17064,1.4078
17065,1.4333
17066,1.4627
17067,1.5039
17068,1.5039
17069,1.5039
17070,1.5039
17071,1.5039
17072,1.5039
17073,1.5039
17074,1.5039
17075,1.5039
17076,1.5039
17077,1.5039
17078,1.5039
17079,1.4373
17080,1.3118
17081,1.2118
17082,1.1275
17083,1.0725
17084,1.0216
17085,0.99608
17086,0.97647
17087,0.96078
17088,0.95098
17089,0.95098
17090,0.94706
17091,0.95686
17092,0.94706
17093,0.96078
17094,0.97059
17095,0.95686
17096,0.97647
17097,0.95098
17098,0.96078
17099,0.95098
17100,0.96078
17101,0.94706
17102,0.94118
17103,0.94706
17104,0.95686
17105,0.93137
17106,0.92549
17107,0.95098
17108,0.91569
17109,0.94118
17110,0.93137
17111,0.91569
17112,0.94706
17113,0.93725
17114,0.96078
17115,0.97647
17116,0.96078
17117,0.97647
17118,0.94706
17119,0.95098
17120,0.93725
17121,0.93137
17122,0.90196
17123,0.89608
17124,0.88039
17125,0.90588
17126,0.87647
17127,0.86667
17128,0.88627
17129,0.95098
17130,1.0314
17131,0.51961
17132,-0.39804
17133,-0.50196
17134,-0.50196
17135,-0.50196
17136,-0.50196
17137,-0.50196
17138,-0.34706
17139,0.07451
17140,0.48039
17141,0.79608
17142,0.99216
17143,1.1824
17144,1.3216
17145,1.3569
17146,1.3784
17147,1.3725
17148,1.3784
17149,1.3824
17150,1.3824
17151,1.3784
17152,1.3824
17153,1.398
17154,1.4118
17155,1.4235
17156,1.4529
17157,1.4784
17158,1.5039
17159,1.5039
17160,1.5039
17161,1.5039
17162,1.5039
17163,1.5039
17164,1.5039
17165,1.5039
17166,1.5039
17167,1.5039
17168,1.5039
17169,1.5039
17170,1.5039
17171,1.402
17172,1.2824
17173,1.1863
17174,1.1118
17175,1.0569
17176,1.0157
17177,0.99216
17178,0.97647
17179,0.97647
17180,0.96667
17181,0.96078
17182,0.96667
17183,0.96667
17184,0.96667
17185,0.96667
17186,0.97059
17187,0.97059
17188,0.97647
17189,0.96667
17190,0.97059
17191,0.96667
17192,0.96667
17193,0.96667
17194,0.96078
17195,0.96078
17196,0.96078
17197,0.96078
17198,0.96078
17199,0.95686
17200,0.95686
17201,0.96078
17202,0.95686
17203,0.96078
17204,0.96078
17205,0.95686
17206,0.95686
17207,0.96078
17208,0.96667
17209,0.98235
17210,1.002
17211,1.002
17212,1.002
17213,0.97647
17214,0.98627
17215,0.99216
17216,0.96078
17217,0.94118
17218,0.92549
17219,0.92157
17220,0.91176
17221,0.91176
17222,0.91176
17223,0.93137
17224,0.98627
17225,1.0373
17226,0.37451
17227,-0.47843
17228,-0.50196
17229,-0.50196
17230,-0.50196
17231,-0.50196
17232,-0.50196
17233,-0.27255
17234,0.11373
17235,0.51569
17236,0.81176
17237,0.98627
17238,1.1824
17239,1.2922
17240,1.3275
17241,1.3431
17242,1.3471
17243,1.3471
17244,1.3471
17245,1.3529
17246,1.3569
17247,1.3627
17248,1.3725
17249,1.3784
17250,1.398
17251,1.4176
17252,1.4431
17253,1.4824
17254,1.5039
17255,1.5039
17256,1.5039
17257,1.5039
17258,1.5039
17259,1.5039
17260,1.5039
17261,1.5039
17262,1.5039
17263,1.5039
17264,1.5039
17265,1.5039
17266,1.3824
17267,1.2627
17268,1.1725
17269,1.0961
17270,1.0412
17271,1.002
17272,0.97059
17273,0.95686
17274,0.95098
17275,0.95098
17276,0.94706
17277,0.94706
17278,0.94118
17279,0.94706
17280,0.94118
17281,0.95098
17282,0.95098
17283,0.95098
17284,0.95098
17285,0.95098
17286,0.95098
17287,0.95098
17288,0.95098
17289,0.95098
17290,0.95098
17291,0.95098
17292,0.94706
17293,0.95098
17294,0.95098
17295,0.94706
17296,0.94706
17297,0.95098
17298,0.95098
17299,0.95686
17300,0.96078
17301,0.97647
17302,1.002
17303,0.99216
17304,0.99608
17305,0.97647
17306,0.97647
17307,0.98235
17308,0.94706
17309,0.92549
17310,0.91569
17311,0.90588
17312,0.90196
17313,0.90588
17314,0.90588
17315,0.91569
17316,0.97647
17317,1.0275
17318,0.42549
17319,-0.41765
17320,-0.50196
17321,-0.50196
17322,-0.50196
17323,-0.50196
17324,-0.50196
17325,-0.28824
17326,0.084314
17327,0.4902
17328,0.79608
17329,0.97647
17330,1.1627
17331,1.2882
17332,1.3176
17333,1.3275
17334,1.3431
17335,1.3471
17336,1.3471
17337,1.3529
17338,1.3569
17339,1.3627
17340,1.3725
17341,1.3784
17342,1.3922
17343,1.4078
17344,1.4431
17345,1.4725
17346,1.5039
17347,1.5039
17348,1.5039
17349,1.5039
17350,1.5039
17351,1.5039
17352,1.5039
17353,1.5039
17354,1.5039
17355,1.5039
17356,1.5039
17357,1.5039
17358,1.3725
17359,1.2569
17360,1.1667
17361,1.0922
17362,1.0412
17363,1.0059
17364,0.98235
17365,0.96078
17366,0.95098
17367,0.94706
17368,0.94706
17369,0.94706
17370,0.94706
17371,0.94706
17372,0.95098
17373,0.95098
17374,0.95098
17375,0.95686
17376,0.95098
17377,0.95686
17378,0.95098
17379,0.95686
17380,0.96078
17381,0.96078
17382,0.95686
17383,0.96078
17384,0.96078
17385,0.95686
17386,0.95098
17387,0.95098
17388,0.95686
17389,0.95098
17390,0.96078
17391,0.95686
17392,0.96667
17393,0.97647
17394,1.002
17395,1.0059
17396,1.002
17397,0.99216
17398,0.98627
17399,0.98627
17400,0.97059
17401,0.94706
17402,0.92549
17403,0.91176
17404,0.91176
17405,0.90588
17406,0.90588
17407,0.90588
17408,0.94706
17409,1.0275
17410,0.77647
17411,-0.0058823
17412,-0.50196
17413,-0.50196
17414,-0.50196
17415,-0.50196
17416,-0.50196
17417,-0.44314
17418,-0.096078
17419,0.3
17420,0.68039
17421,0.88039
17422,1.0667
17423,1.2431
17424,1.298
17425,1.3216
17426,1.3333
17427,1.3431
17428,1.3333
17429,1.3471
17430,1.3333
17431,1.3471
17432,1.3529
17433,1.3667
17434,1.3529
17435,1.3882
17436,1.4333
17437,1.4569
17438,1.498
17439,1.5039
17440,1.5039
17441,1.5039
17442,1.5039
17443,1.5039
17444,1.5039
17445,1.5039
17446,1.5039
17447,1.5039
17448,1.5039
17449,1.5039
17450,1.4235
17451,1.302
17452,1.1824
17453,1.0922
17454,1.051
17455,0.99216
17456,0.96078
17457,0.95098
17458,0.94118
17459,0.92549
17460,0.92157
17461,0.90588
17462,0.92549
17463,0.92549
17464,0.92549
17465,0.92157
17466,0.92549
17467,0.93725
17468,0.92549
17469,0.93137
17470,0.93725
17471,0.93725
17472,0.93137
17473,0.93725
17474,0.94118
17475,0.93137
17476,0.93725
17477,0.93137
17478,0.94118
17479,0.93725
17480,0.93137
17481,0.93725
17482,0.94118
17483,0.95098
17484,0.96667
17485,0.98627
17486,0.99216
17487,0.98627
17488,0.97059
17489,0.97647
17490,0.97059
17491,0.95098
17492,0.93137
17493,0.92549
17494,0.92157
17495,0.91569
17496,0.91569
17497,0.91176
17498,0.92157
17499,0.97647
17500,1.0569
17501,0.58039
17502,-0.29804
17503,-0.50196
17504,-0.50196
17505,-0.50196
17506,-0.50196
17507,-0.50196
17508,-0.33725
17509,0.043137
17510,0.44902
17511,0.78039
17512,0.97059
17513,1.1569
17514,1.3118
17515,1.3529
17516,1.3667
17517,1.3784
17518,1.3784
17519,1.3824
17520,1.3882
17521,1.3882
17522,1.3882
17523,1.398
17524,1.402
17525,1.4235
17526,1.4431
17527,1.4686
17528,1.5039
17529,1.5039
17530,1.5039
17531,1.5039
17532,1.5039
17533,1.5039
17534,1.5039
17535,1.5039
17536,1.5039
17537,1.5039
17538,1.5039
17539,1.5039
17540,1.5039
17541,1.4118
17542,1.2882
17543,1.1922
17544,1.1118
17545,1.0569
17546,1.0157
17547,0.99216
17548,0.97647
17549,0.96078
17550,0.95098
17551,0.95098
17552,0.95098
17553,0.95098
17554,0.95098
17555,0.95098
17556,0.95686
17557,0.95686
17558,0.96078
17559,0.96078
17560,0.96078
17561,0.96078
17562,0.95686
17563,0.95686
17564,0.95098
17565,0.95686
17566,0.95686
17567,0.95098
17568,0.95098
17569,0.95098
17570,0.95098
17571,0.95098
17572,0.95098
17573,0.95098
17574,0.95098
17575,0.95686
17576,0.96078
17577,0.97647
17578,0.98627
17579,1.002
17580,1.002
17581,0.99216
17582,0.97647
17583,0.98627
17584,0.96667
17585,0.94706
17586,0.92549
17587,0.90588
17588,0.90588
17589,0.90588
17590,0.90588
17591,0.91176
17592,0.94118
17593,1.0216
17594,1.0314
17595,0.11961
17596,-0.50196
17597,-0.50196
17598,-0.50196
17599,-0.50196
17600,-0.50196
17601,-0.48824
17602,-0.15098
17603,0.24902
17604,0.6451
17605,0.87647
17606,1.051
17607,1.2314
17608,1.3118
17609,1.3275
17610,1.3431
17611,1.3471
17612,1.3529
17613,1.3529
17614,1.3529
17615,1.3569
17616,1.3667
17617,1.3725
17618,1.3824
17619,1.398
17620,1.4176
17621,1.4529
17622,1.498
17623,1.5039
17624,1.5039
17625,1.5039
17626,1.5039
17627,1.5039
17628,1.5039
17629,1.5039
17630,1.5039
17631,1.5039
17632,1.5039
17633,1.5039
17634,1.4627
17635,1.3373
17636,1.2275
17637,1.1471
17638,1.0824
17639,1.0314
17640,0.99608
17641,0.97647
17642,0.96078
17643,0.96078
17644,0.95686
17645,0.95686
17646,0.95098
17647,0.95098
17648,0.95098
17649,0.95098
17650,0.96078
17651,0.95686
17652,0.96667
17653,0.96078
17654,0.96667
17655,0.96667
17656,0.96667
17657,0.96078
17658,0.96667
17659,0.95686
17660,0.95686
17661,0.95098
17662,0.96078
17663,0.95686
17664,0.96078
17665,0.95686
17666,0.95686
17667,0.96078
17668,0.96667
17669,0.97647
17670,1.002
17671,1.0059
17672,1.002
17673,0.98627
17674,0.97647
17675,0.98627
17676,0.96667
17677,0.94706
17678,0.92157
17679,0.91569
17680,0.90588
17681,0.90588
17682,0.90588
17683,0.91569
17684,0.95098
17685,1.0412
17686,0.7
17687,-0.10588
17688,-0.50196
17689,-0.50196
17690,-0.50196
17691,-0.50196
17692,-0.50196
17693,-0.40196
17694,-0.047059
17695,0.35882
17696,0.71569
17697,0.91569
17698,1.0961
17699,1.2667
17700,1.3216
17701,1.3275
17702,1.3431
17703,1.3431
17704,1.3471
17705,1.3529
17706,1.3569
17707,1.3627
17708,1.3667
17709,1.3725
17710,1.3784
17711,1.398
17712,1.4333
17713,1.4686
17714,1.5039
17715,1.5039
17716,1.5039
17717,1.5039
17718,1.5039
17719,1.5039
17720,1.5039
17721,1.5039
17722,1.5039
17723,1.5039
17724,1.5039
17725,1.5039
17726,1.4118
17727,1.2882
17728,1.1824
17729,1.102
17730,1.0471
17731,1.002
17732,0.96667
17733,0.94706
17734,0.96078
17735,0.93725
17736,0.92157
17737,0.93137
17738,0.92549
17739,0.92157
17740,0.92549
17741,0.93137
17742,0.92549
17743,0.93137
17744,0.92549
17745,0.93725
17746,0.92549
17747,0.92549
17748,0.92157
17749,0.94706
17750,0.93137
17751,0.92549
17752,0.93137
17753,0.92549
17754,0.92157
17755,0.92549
17756,0.93137
17757,0.93725
17758,0.93137
17759,0.92549
17760,0.95098
17761,0.96667
17762,0.97059
17763,0.97647
17764,0.96078
17765,0.95098
17766,0.96667
17767,0.95098
17768,0.92157
17769,0.91176
17770,0.89608
17771,0.89608
17772,0.90196
17773,0.89608
17774,0.90196
17775,0.93137
17776,1.0275
17777,0.8451
17778,0.029412
17779,-0.50196
17780,-0.50196
17781,-0.50196
17782,-0.50196
17783,-0.50196
17784,-0.48824
17785,-0.10196
17786,0.29412
17787,0.68039
17788,0.90196
17789,1.0863
17790,1.2725
17791,1.3431
17792,1.3627
17793,1.3725
17794,1.3784
17795,1.3784
17796,1.3784
17797,1.3824
17798,1.3922
17799,1.398
17800,1.398
17801,1.4176
17802,1.4373
17803,1.4569
17804,1.498
17805,1.5039
17806,1.5039
17807,1.5039
17808,1.5039
17809,1.5039
17810,1.5039
17811,1.5039
17812,1.5039
17813,1.5039
17814,1.5039
17815,1.5039
17816,1.5039
17817,1.4686
17818,1.3373
17819,1.2275
17820,1.1471
17821,1.0765
17822,1.0373
17823,1.002
17824,0.98235
17825,0.97647
17826,0.97059
17827,0.96667
17828,0.96078
17829,0.96667
17830,0.96078
17831,0.96667
17832,0.96667
17833,0.97059
17834,0.96667
17835,0.97647
17836,0.97647
17837,0.97059
17838,0.97059
17839,0.97059
17840,0.97059
17841,0.96667
17842,0.96078
17843,0.96078
17844,0.96078
17845,0.96078
17846,0.95098
17847,0.95686
17848,0.96078
17849,0.95686
17850,0.96078
17851,0.95686
17852,0.96667
17853,0.96667
17854,0.97647
17855,0.99608
17856,1.0059
17857,1.002
17858,1.0059
17859,0.98235
17860,0.98627
17861,0.97647
17862,0.95686
17863,0.93137
17864,0.92157
17865,0.91176
17866,0.91176
17867,0.91176
17868,0.91176
17869,0.94706
17870,1.0216
17871,1.0314
17872,0.14902
17873,-0.50196
17874,-0.50196
17875,-0.50196
17876,-0.50196
17877,-0.50196
17878,-0.49216
17879,-0.15686
17880,0.23922
17881,0.62941
17882,0.87059
17883,1.0412
17884,1.2314
17885,1.3176
17886,1.3333
17887,1.3471
17888,1.3471
17889,1.3529
17890,1.3529
17891,1.3569
17892,1.3627
17893,1.3725
17894,1.3784
17895,1.3882
17896,1.402
17897,1.4235
17898,1.4569
17899,1.498
17900,1.5039
17901,1.5039
17902,1.5039
17903,1.5039
17904,1.5039
17905,1.5039
17906,1.5039
17907,1.5039
17908,1.5039
17909,1.5039
17910,1.5039
17911,1.4725
17912,1.3471
17913,1.2373
17914,1.151
17915,1.0824
17916,1.0373
17917,0.99608
17918,0.97647
17919,0.97059
17920,0.96078
17921,0.95686
17922,0.95686
17923,0.95686
17924,0.95098
17925,0.95686
17926,0.95098
17927,0.96078
17928,0.96078
17929,0.96667
17930,0.96667
17931,0.96667
17932,0.96078
17933,0.96667
17934,0.96667
17935,0.96078
17936,0.95686
17937,0.96667
17938,0.96078
17939,0.96078
17940,0.95686
17941,0.96078
17942,0.95686
17943,0.95686
17944,0.96078
17945,0.96667
17946,0.97647
17947,0.99608
17948,1.0059
17949,1.0059
17950,1.002
17951,0.98627
17952,0.99608
17953,0.98235
17954,0.96667
17955,0.94706
17956,0.92549
17957,0.92157
17958,0.91569
17959,0.91176
17960,0.91569
17961,0.92549
17962,0.98627
17963,1.0373
17964,0.43529
17965,-0.40196
17966,-0.50196
17967,-0.50196
17968,-0.50196
17969,-0.50196
17970,-0.50196
17971,-0.27647
17972,0.10392
17973,0.5
17974,0.80588
17975,0.98235
17976,1.1667
17977,1.2922
17978,1.3275
17979,1.3373
17980,1.3431
17981,1.3471
17982,1.3529
17983,1.3569
17984,1.3627
17985,1.3667
17986,1.3725
17987,1.3882
17988,1.398
17989,1.4176
17990,1.4471
17991,1.4882
17992,1.5039
17993,1.5039
17994,1.5039
17995,1.5039
17996,1.5039
17997,1.5039
17998,1.5039
17999,1.5039
18000,1.5039
18001,1.5039
18002,1.5039
18003,1.5039
18004,1.3784
18005,1.2627
18006,1.1725
18007,1.0961
18008,1.0471
18009,1.0059
18010,0.99216
18011,0.97059
18012,0.96667
18013,0.95098
18014,0.95098
18015,0.95098
18016,0.95098
18017,0.93725
18018,0.95686
18019,0.95098
18020,0.96078
18021,0.96667
18022,0.97647
18023,0.95098
18024,0.96667
18025,0.94706
18026,0.94118
18027,0.95686
18028,0.94118
18029,0.94706
18030,0.93137
18031,0.94118
18032,0.93137
18033,0.92549
18034,0.92549
18035,0.93725
18036,0.93137
18037,0.93725
18038,0.92549
18039,0.96667
18040,0.97647
18041,0.97647
18042,0.96667
18043,0.95686
18044,0.94706
18045,0.95686
18046,0.92157
18047,0.90588
18048,0.91176
18049,0.88627
18050,0.88039
18051,0.88627
18052,0.89608
18053,0.8902
18054,0.96667
18055,1.0314
18056,0.38039
18057,-0.50196
18058,-0.50196
18059,-0.50196
18060,-0.50196
18061,-0.50196
18062,-0.50196
18063,-0.26667
18064,0.13922
18065,0.53922
18066,0.83529
18067,1.0157
18068,1.2078
18069,1.3216
18070,1.3471
18071,1.3627
18072,1.3667
18073,1.3725
18074,1.3784
18075,1.3784
18076,1.3784
18077,1.3882
18078,1.398
18079,1.4078
18080,1.4176
18081,1.4431
18082,1.4725
18083,1.5039
18084,1.5039
18085,1.5039
18086,1.5039
18087,1.5039
18088,1.5039
18089,1.5039
18090,1.5039
18091,1.5039
18092,1.5039
18093,1.5039
18094,1.5039
18095,1.5039
18096,1.3882
18097,1.2667
18098,1.1765
18099,1.102
18100,1.051
18101,1.0118
18102,0.99216
18103,0.97647
18104,0.97059
18105,0.96667
18106,0.97059
18107,0.96078
18108,0.97647
18109,0.97647
18110,0.97647
18111,0.97647
18112,0.97647
18113,0.97647
18114,0.98235
18115,0.98235
18116,0.97647
18117,0.97647
18118,0.97647
18119,0.97647
18120,0.97647
18121,0.97647
18122,0.96667
18123,0.96078
18124,0.96078
18125,0.95686
18126,0.96078
18127,0.96078
18128,0.95686
18129,0.95686
18130,0.96078
18131,0.97059
18132,0.97647
18133,0.99216
18134,1.002
18135,1.0118
18136,1.002
18137,0.98627
18138,0.98235
18139,0.99216
18140,0.97059
18141,0.95098
18142,0.92549
18143,0.92157
18144,0.91569
18145,0.91569
18146,0.91176
18147,0.92157
18148,0.96667
18149,1.0471
18150,0.6549
18151,-0.16275
18152,-0.50196
18153,-0.50196
18154,-0.50196
18155,-0.50196
18156,-0.50196
18157,-0.38824
18158,-0.015686
18159,0.38039
18160,0.74118
18161,0.92549
18162,1.1118
18163,1.2725
18164,1.3216
18165,1.3333
18166,1.3471
18167,1.3529
18168,1.3529
18169,1.3569
18170,1.3627
18171,1.3667
18172,1.3725
18173,1.3824
18174,1.3922
18175,1.4078
18176,1.4373
18177,1.4725
18178,1.5039
18179,1.5039
18180,1.5039
18181,1.5039
18182,1.5039
18183,1.5039
18184,1.5039
18185,1.5039
18186,1.5039
18187,1.5039
18188,1.5039
18189,1.5039
18190,1.4275
18191,1.302
18192,1.202
18193,1.1216
18194,1.0608
18195,1.0157
18196,0.99216
18197,0.97059
18198,0.95686
18199,0.95098
18200,0.95098
18201,0.95686
18202,0.95098
18203,0.95098
18204,0.95686
18205,0.95686
18206,0.95686
18207,0.95098
18208,0.96078
18209,0.96078
18210,0.96667
18211,0.95686
18212,0.95686
18213,0.95098
18214,0.95686
18215,0.95098
18216,0.95098
18217,0.95098
18218,0.95098
18219,0.95098
18220,0.95098
18221,0.95686
18222,0.95098
18223,0.95686
18224,0.96667
18225,0.98235
18226,1.002
18227,1.002
18228,1.002
18229,0.98235
18230,0.98627
18231,0.99216
18232,0.96078
18233,0.94118
18234,0.92549
18235,0.92157
18236,0.91569
18237,0.91569
18238,0.91176
18239,0.92549
18240,0.98235
18241,1.0314
18242,0.51961
18243,-0.31176
18244,-0.50196
18245,-0.50196
18246,-0.50196
18247,-0.50196
18248,-0.50196
18249,-0.32157
18250,0.058824
18251,0.46078
18252,0.78627
18253,0.96667
18254,1.151
18255,1.2882
18256,1.3275
18257,1.3333
18258,1.3471
18259,1.3529
18260,1.3529
18261,1.3529
18262,1.3627
18263,1.3667
18264,1.3725
18265,1.3824
18266,1.402
18267,1.4235
18268,1.4529
18269,1.4882
18270,1.5039
18271,1.5039
18272,1.5039
18273,1.5039
18274,1.5039
18275,1.5039
18276,1.5039
18277,1.5039
18278,1.5039
18279,1.5039
18280,1.5039
18281,1.5039
18282,1.398
18283,1.2765
18284,1.1824
18285,1.1059
18286,1.051
18287,1.0157
18288,0.98235
18289,0.97647
18290,0.96078
18291,0.95686
18292,0.95686
18293,0.95686
18294,0.95686
18295,0.95686
18296,0.96078
18297,0.96078
18298,0.96667
18299,0.96667
18300,0.97059
18301,0.96667
18302,0.96667
18303,0.96667
18304,0.96078
18305,0.96667
18306,0.97059
18307,0.96667
18308,0.96667
18309,0.95686
18310,0.96078
18311,0.95098
18312,0.96667
18313,0.95686
18314,0.97647
18315,0.97059
18316,0.99608
18317,0.99216
18318,1.0157
18319,0.99216
18320,1.0059
18321,0.98235
18322,0.98235
18323,0.96078
18324,0.93137
18325,0.91569
18326,0.90196
18327,0.8902
18328,0.90588
18329,0.91176
18330,0.90196
18331,0.95098
18332,1.0157
18333,0.72157
18334,-0.092157
18335,-0.50196
18336,-0.50196
18337,-0.50196
18338,-0.50196
18339,-0.50196
18340,-0.42353
18341,-0.021569
18342,0.37451
18343,0.7451
18344,0.92157
18345,1.0961
18346,1.2667
18347,1.3275
18348,1.3431
18349,1.3529
18350,1.3627
18351,1.3529
18352,1.3667
18353,1.3569
18354,1.3784
18355,1.3784
18356,1.3882
18357,1.402
18358,1.4275
18359,1.4529
18360,1.4922
18361,1.5039
18362,1.5039
18363,1.5039
18364,1.5039
18365,1.5039
18366,1.5039
18367,1.5039
18368,1.5039
18369,1.5039
18370,1.5039
18371,1.5039
18372,1.5039
18373,1.4118
18374,1.2882
18375,1.1824
18376,1.102
18377,1.0471
18378,1.002
18379,0.97647
18380,0.96667
18381,0.95686
18382,0.95098
18383,0.95098
18384,0.95098
18385,0.95098
18386,0.95686
18387,0.96078
18388,0.95686
18389,0.96078
18390,0.96667
18391,0.96667
18392,0.96667
18393,0.96667
18394,0.96667
18395,0.96667
18396,0.96078
18397,0.96667
18398,0.96078
18399,0.96667
18400,0.96667
18401,0.96667
18402,0.96667
18403,0.96667
18404,0.96078
18405,0.96667
18406,0.97059
18407,0.97647
18408,1.002
18409,1.0157
18410,1.0157
18411,1.0059
18412,1.002
18413,1.002
18414,0.99216
18415,0.96667
18416,0.95098
18417,0.92549
18418,0.92549
18419,0.92157
18420,0.92549
18421,0.92157
18422,0.94706
18423,1.0118
18424,1.051
18425,0.29412
18426,-0.50196
18427,-0.50196
18428,-0.50196
18429,-0.50196
18430,-0.50196
18431,-0.50196
18432,-0.22745
18433,0.16863
18434,0.57451
18435,0.85098
18436,1.0216
18437,1.2176
18438,1.3216
18439,1.3529
18440,1.3627
18441,1.3725
18442,1.3725
18443,1.3784
18444,1.3784
18445,1.3824
18446,1.3922
18447,1.398
18448,1.4078
18449,1.4275
18450,1.4471
18451,1.4784
18452,1.5039
18453,1.5039
18454,1.5039
18455,1.5039
18456,1.5039
18457,1.5039
18458,1.5039
18459,1.5039
18460,1.5039
18461,1.5039
18462,1.5039
18463,1.5039
18464,1.498
18465,1.3627
18466,1.2529
18467,1.1627
18468,1.0922
18469,1.0412
18470,1.002
18471,0.98235
18472,0.97647
18473,0.96667
18474,0.96078
18475,0.95686
18476,0.96078
18477,0.95686
18478,0.95686
18479,0.96078
18480,0.96078
18481,0.96078
18482,0.96667
18483,0.97059
18484,0.96667
18485,0.96078
18486,0.96078
18487,0.96667
18488,0.96078
18489,0.97059
18490,0.97059
18491,0.97059
18492,0.96667
18493,0.96667
18494,0.96078
18495,0.95686
18496,0.95686
18497,0.96078
18498,0.96078
18499,0.97059
18500,0.99608
18501,1.0059
18502,1.002
18503,1.0059
18504,0.98235
18505,0.98627
18506,0.97647
18507,0.96667
18508,0.94118
18509,0.92157
18510,0.91569
18511,0.91569
18512,0.91569
18513,0.91176
18514,0.93725
18515,1.002
18516,1.0471
18517,0.3451
18518,-0.49804
18519,-0.50196
18520,-0.50196
18521,-0.50196
18522,-0.50196
18523,-0.50196
18524,-0.24314
18525,0.14902
18526,0.55098
18527,0.83137
18528,1.0118
18529,1.1961
18530,1.3078
18531,1.3333
18532,1.3529
18533,1.3529
18534,1.3529
18535,1.3569
18536,1.3627
18537,1.3784
18538,1.3784
18539,1.3882
18540,1.3922
18541,1.4078
18542,1.4333
18543,1.4627
18544,1.502
18545,1.5039
18546,1.5039
18547,1.5039
18548,1.5039
18549,1.5039
18550,1.5039
18551,1.5039
18552,1.5039
18553,1.5039
18554,1.5039
18555,1.5039
18556,1.502
18557,1.3667
18558,1.2529
18559,1.1667
18560,1.0922
18561,1.0471
18562,1.0118
18563,0.98627
18564,0.97647
18565,0.96078
18566,0.95686
18567,0.95686
18568,0.95686
18569,0.95098
18570,0.95686
18571,0.96078
18572,0.97059
18573,0.97059
18574,0.96667
18575,0.97059
18576,0.97059
18577,0.97059
18578,0.97059
18579,0.97059
18580,0.96667
18581,0.96078
18582,0.96078
18583,0.96667
18584,0.96078
18585,0.96667
18586,0.97059
18587,0.96667
18588,0.96667
18589,0.97059
18590,0.97647
18591,0.98627
18592,1.002
18593,1.0118
18594,1.0059
18595,1.0118
18596,0.98627
18597,0.99216
18598,0.97647
18599,0.95686
18600,0.93137
18601,0.92549
18602,0.91176
18603,0.91176
18604,0.91176
18605,0.91569
18606,0.94118
18607,1.0275
18608,1.0412
18609,0.17451
18610,-0.50196
18611,-0.50196
18612,-0.50196
18613,-0.50196
18614,-0.50196
18615,-0.48235
18616,-0.15686
18617,0.22941
18618,0.62549
18619,0.86078
18620,1.0412
18621,1.2216
18622,1.298
18623,1.3216
18624,1.3333
18625,1.3529
18626,1.3471
18627,1.3431
18628,1.3569
18629,1.3667
18630,1.3569
18631,1.3784
18632,1.398
18633,1.3922
18634,1.4235
18635,1.4529
18636,1.498
18637,1.5039
18638,1.5039
18639,1.5039
18640,1.5039
18641,1.5039
18642,1.5039
18643,1.5039
18644,1.5039
18645,1.5039
18646,1.5039
18647,1.5039
18648,1.4471
18649,1.302
18650,1.2176
18651,1.1118
18652,1.0412
18653,1.0118
18654,0.98235
18655,0.92549
18656,0.94118
18657,0.93137
18658,0.93725
18659,0.91176
18660,0.93137
18661,0.93725
18662,0.91569
18663,0.92549
18664,0.93137
18665,0.92157
18666,0.94706
18667,0.94118
18668,0.93137
18669,0.94118
18670,0.93137
18671,0.92549
18672,0.94118
18673,0.93725
18674,0.93725
18675,0.93725
18676,0.94118
18677,0.93137
18678,0.94118
18679,0.94118
18680,0.94706
18681,0.96667
18682,0.98235
18683,0.97059
18684,0.96667
18685,0.97059
18686,0.95686
18687,0.97647
18688,0.94706
18689,0.93725
18690,0.91569
18691,0.90588
18692,0.90588
18693,0.90196
18694,0.90588
18695,0.91569
18696,0.96667
18697,1.0608
18698,0.6098
18699,-0.27255
18700,-0.50196
18701,-0.50196
18702,-0.50196
18703,-0.50196
18704,-0.50196
18705,-0.37843
18706,0.017647
18707,0.42549
18708,0.77647
18709,0.97059
18710,1.1627
18711,1.3176
18712,1.3627
18713,1.3784
18714,1.3882
18715,1.3882
18716,1.398
18717,1.398
18718,1.402
18719,1.4118
18720,1.4176
18721,1.4235
18722,1.4373
18723,1.4569
18724,1.4882
18725,1.5039
18726,1.5039
18727,1.5039
18728,1.5039
18729,1.5039
18730,1.5039
18731,1.5039
18732,1.5039
18733,1.5039
18734,1.5039
18735,1.5039
18736,1.5039
18737,1.5039
18738,1.4118
18739,1.2922
18740,1.1922
18741,1.1176
18742,1.051
18743,1.0157
18744,0.99216
18745,0.97647
18746,0.97059
18747,0.96667
18748,0.96078
18749,0.96667
18750,0.96078
18751,0.96078
18752,0.96078
18753,0.96667
18754,0.96078
18755,0.96078
18756,0.97059
18757,0.96667
18758,0.97059
18759,0.96667
18760,0.96667
18761,0.96078
18762,0.95686
18763,0.95686
18764,0.95686
18765,0.96078
18766,0.95686
18767,0.95686
18768,0.95098
18769,0.95098
18770,0.95098
18771,0.95098
18772,0.95098
18773,0.95686
18774,0.96667
18775,0.99216
18776,1.002
18777,0.99216
18778,0.99608
18779,0.97647
18780,0.97647
18781,0.96667
18782,0.95098
18783,0.92549
18784,0.91176
18785,0.90588
18786,0.90588
18787,0.90196
18788,0.90588
18789,0.92549
18790,0.99608
18791,1.0373
18792,0.2902
18793,-0.50196
18794,-0.50196
18795,-0.50196
18796,-0.50196
18797,-0.50196
18798,-0.50196
18799,-0.23725
18800,0.1549
18801,0.5549
18802,0.82549
18803,1.002
18804,1.1961
18805,1.298
18806,1.3216
18807,1.3333
18808,1.3431
18809,1.3431
18810,1.3471
18811,1.3529
18812,1.3569
18813,1.3627
18814,1.3667
18815,1.3725
18816,1.3922
18817,1.4176
18818,1.4431
18819,1.4824
18820,1.5039
18821,1.5039
18822,1.5039
18823,1.5039
18824,1.5039
18825,1.5039
18826,1.5039
18827,1.5039
18828,1.5039
18829,1.5039
18830,1.5039
18831,1.4882
18832,1.3569
18833,1.2431
18834,1.151
18835,1.0824
18836,1.0275
18837,0.99608
18838,0.97059
18839,0.95686
18840,0.95098
18841,0.94706
18842,0.94706
18843,0.94118
18844,0.94706
18845,0.94118
18846,0.94118
18847,0.94706
18848,0.95098
18849,0.95098
18850,0.95098
18851,0.95686
18852,0.95098
18853,0.95098
18854,0.94706
18855,0.95098
18856,0.95098
18857,0.94706
18858,0.94118
18859,0.94706
18860,0.95098
18861,0.94118
18862,0.94118
18863,0.94118
18864,0.94706
18865,0.95098
18866,0.95686
18867,0.97647
18868,0.98627
18869,0.98627
18870,0.99216
18871,0.97059
18872,0.97647
18873,0.96667
18874,0.94706
18875,0.92549
18876,0.91176
18877,0.90196
18878,0.90588
18879,0.90196
18880,0.90196
18881,0.92157
18882,0.99216
18883,1.0373
18884,0.3098
18885,-0.50196
18886,-0.50196
18887,-0.50196
18888,-0.50196
18889,-0.50196
18890,-0.50196
18891,-0.24706
18892,0.13333
18893,0.53922
18894,0.81569
18895,0.99608
18896,1.1863
18897,1.2922
18898,1.3176
18899,1.3333
18900,1.3373
18901,1.3471
18902,1.3529
18903,1.3529
18904,1.3529
18905,1.3627
18906,1.3725
18907,1.3784
18908,1.3922
18909,1.4176
18910,1.4431
18911,1.4882
18912,1.5039
18913,1.5039
18914,1.5039
18915,1.5039
18916,1.5039
18917,1.5039
18918,1.5039
18919,1.5039
18920,1.5039
18921,1.5039
18922,1.5039
18923,1.4784
18924,1.3529
18925,1.2373
18926,1.151
18927,1.0765
18928,1.0314
18929,0.99608
18930,0.97647
18931,0.96078
18932,0.95098
18933,0.94706
18934,0.94118
18935,0.94118
18936,0.94706
18937,0.94118
18938,0.93725
18939,0.95098
18940,0.95098
18941,0.95686
18942,0.94706
18943,0.95098
18944,0.94118
18945,0.95098
18946,0.94706
18947,0.95098
18948,0.95098
18949,0.92549
18950,0.95098
18951,0.93725
18952,0.92549
18953,0.94118
18954,0.92549
18955,0.92549
18956,0.93725
18957,0.94706
18958,0.93725
18959,0.96078
18960,0.97647
18961,0.96667
18962,0.92157
18963,0.94706
18964,0.95098
18965,0.92549
18966,0.90588
18967,0.88039
18968,0.86078
18969,0.88039
18970,0.88627
18971,0.88039
18972,0.89608
18973,0.93725
18974,1.0314
18975,0.61569
18976,-0.27647
18977,-0.50196
18978,-0.50196
18979,-0.50196
18980,-0.50196
18981,-0.50196
18982,-0.40196
18983,-0.0019608
18984,0.41569
18985,0.7451
18986,0.94706
18987,1.1412
18988,1.298
18989,1.3431
18990,1.3569
18991,1.3667
18992,1.3667
18993,1.3725
18994,1.3725
18995,1.3784
18996,1.3725
18997,1.3824
18998,1.398
18999,1.402
19000,1.4275
19001,1.4529
19002,1.498
19003,1.5039
19004,1.5039
19005,1.5039
19006,1.5039
19007,1.5039
19008,1.5039
19009,1.5039
19010,1.5039
19011,1.5039
19012,1.5039
19013,1.5039
19014,1.5039
19015,1.4078
19016,1.2922
19017,1.1922
19018,1.1176
19019,1.051
19020,1.0157
19021,0.98627
19022,0.97647
19023,0.96667
19024,0.96078
19025,0.96667
19026,0.96078
19027,0.96667
19028,0.97059
19029,0.97059
19030,0.97647
19031,0.97647
19032,0.97647
19033,0.97647
19034,0.97647
19035,0.97647
19036,0.97647
19037,0.97647
19038,0.97059
19039,0.97059
19040,0.97059
19041,0.96667
19042,0.96667
19043,0.96667
19044,0.96078
19045,0.95686
19046,0.96078
19047,0.96667
19048,0.96078
19049,0.96667
19050,0.97059
19051,0.97647
19052,0.98627
19053,1.002
19054,1.0059
19055,1.002
19056,0.97647
19057,0.98235
19058,0.98627
19059,0.96078
19060,0.94706
19061,0.92549
19062,0.91176
19063,0.90588
19064,0.91176
19065,0.91176
19066,0.92157
19067,0.97059
19068,1.0412
19069,0.57451
19070,-0.25294
19071,-0.50196
19072,-0.50196
19073,-0.50196
19074,-0.50196
19075,-0.50196
19076,-0.35294
19077,0.017647
19078,0.42549
19079,0.76078
19080,0.95098
19081,1.1314
19082,1.2882
19083,1.3275
19084,1.3471
19085,1.3529
19086,1.3569
19087,1.3627
19088,1.3627
19089,1.3667
19090,1.3725
19091,1.3784
19092,1.3882
19093,1.398
19094,1.4176
19095,1.4471
19096,1.4784
19097,1.5039
19098,1.5039
19099,1.5039
19100,1.5039
19101,1.5039
19102,1.5039
19103,1.5039
19104,1.5039
19105,1.5039
19106,1.5039
19107,1.5039
19108,1.5039
19109,1.402
19110,1.2765
19111,1.1824
19112,1.1059
19113,1.0471
19114,1.0118
19115,0.98627
19116,0.97059
19117,0.95686
19118,0.95098
19119,0.95098
19120,0.95098
19121,0.94706
19122,0.95098
19123,0.95098
19124,0.95098
19125,0.95098
19126,0.95686
19127,0.95098
19128,0.95098
19129,0.95686
19130,0.95686
19131,0.96078
19132,0.95098
19133,0.95098
19134,0.95098
19135,0.95098
19136,0.95098
19137,0.95098
19138,0.95686
19139,0.95098
19140,0.95098
19141,0.95686
19142,0.96078
19143,0.97059
19144,0.99216
19145,1.002
19146,1.002
19147,0.99216
19148,0.97647
19149,0.98627
19150,0.96667
19151,0.94706
19152,0.92549
19153,0.91176
19154,0.90588
19155,0.90588
19156,0.90588
19157,0.90588
19158,0.93137
19159,1.0118
19160,1.0314
19161,0.17451
19162,-0.50196
19163,-0.50196
19164,-0.50196
19165,-0.50196
19166,-0.50196
19167,-0.50196
19168,-0.18235
19169,0.20392
19170,0.60588
19171,0.85098
19172,1.0275
19173,1.2216
19174,1.302
19175,1.3275
19176,1.3471
19177,1.3471
19178,1.3529
19179,1.3569
19180,1.3569
19181,1.3627
19182,1.3725
19183,1.3784
19184,1.3922
19185,1.4078
19186,1.4333
19187,1.4627
19188,1.502
19189,1.5039
19190,1.5039
19191,1.5039
19192,1.5039
19193,1.5039
19194,1.5039
19195,1.5039
19196,1.5039
19197,1.5039
19198,1.5039
19199,1.5039
19200,1.4627
19201,1.3373
19202,1.2216
19203,1.1373
19204,1.0667
19205,1.0275
19206,0.99608
19207,0.97647
19208,0.96078
19209,0.95686
19210,0.95098
19211,0.95098
19212,0.95098
19213,0.95098
19214,0.95686
19215,0.95686
19216,0.95686
19217,0.95686
19218,0.95686
19219,0.95686
19220,0.96078
19221,0.96667
19222,0.96078
19223,0.96078
19224,0.96078
19225,0.96078
19226,0.95686
19227,0.95098
19228,0.95686
19229,0.95686
19230,0.96078
19231,0.95686
19232,0.95686
19233,0.96078
19234,0.96667
19235,0.97647
19236,1.002
19237,1.0118
19238,1.0059
19239,0.99216
19240,0.98235
19241,0.98627
19242,0.96667
19243,0.94706
19244,0.92549
19245,0.91569
19246,0.91176
19247,0.91569
19248,0.90588
19249,0.91569
19250,0.95098
19251,1.0412
19252,0.77059
19253,-0.0058823
19254,-0.50196
19255,-0.50196
19256,-0.50196
19257,-0.50196
19258,-0.50196
19259,-0.42353
19260,-0.086275
19261,0.3098
19262,0.6902
19263,0.89608
19264,1.0824
19265,1.2569
19266,1.3176
19267,1.3275
19268,1.3431
19269,1.3471
19270,1.3529
19271,1.3431
19272,1.3529
19273,1.3627
19274,1.3667
19275,1.3824
19276,1.3784
19277,1.4078
19278,1.4333
19279,1.4725
19280,1.5039
19281,1.5039
19282,1.5039
19283,1.5039
19284,1.5039
19285,1.5039
19286,1.5039
19287,1.5039
19288,1.5039
19289,1.5039
19290,1.5039
19291,1.5039
19292,1.4235
19293,1.298
19294,1.1922
19295,1.1059
19296,1.0373
19297,1.002
19298,0.95686
19299,0.96667
19300,0.95098
19301,0.93725
19302,0.93137
19303,0.94118
19304,0.92549
19305,0.93137
19306,0.95098
19307,0.92549
19308,0.93725
19309,0.94118
19310,0.92549
19311,0.95098
19312,0.93137
19313,0.92549
19314,0.93725
19315,0.94118
19316,0.93137
19317,0.93725
19318,0.94706
19319,0.92549
19320,0.94118
19321,0.92549
19322,0.94118
19323,0.93725
19324,0.94118
19325,0.95686
19326,0.97647
19327,0.98627
19328,0.98235
19329,0.97059
19330,0.97059
19331,0.97647
19332,0.96078
19333,0.93725
19334,0.92549
19335,0.91176
19336,0.91176
19337,0.90588
19338,0.91176
19339,0.91569
19340,0.94706
19341,1.0412
19342,0.85686
19343,0.043137
19344,-0.50196
19345,-0.50196
19346,-0.50196
19347,-0.50196
19348,-0.50196
19349,-0.48824
19350,-0.11176
19351,0.29412
19352,0.68039
19353,0.91569
19354,1.0922
19355,1.2824
19356,1.3529
19357,1.3784
19358,1.3882
19359,1.3922
19360,1.398
19361,1.402
19362,1.402
19363,1.4078
19364,1.4176
19365,1.4235
19366,1.4373
19367,1.4529
19368,1.4824
19369,1.5039
19370,1.5039
19371,1.5039
19372,1.5039
19373,1.5039
19374,1.5039
19375,1.5039
19376,1.5039
19377,1.5039
19378,1.5039
19379,1.5039
19380,1.5039
19381,1.5039
19382,1.4627
19383,1.3333
19384,1.2216
19385,1.1373
19386,1.0765
19387,1.0314
19388,1.002
19389,0.98235
19390,0.97059
19391,0.97059
19392,0.96078
19393,0.96667
19394,0.96667
19395,0.97059
19396,0.96667
19397,0.97647
19398,0.97059
19399,0.97647
19400,0.97059
19401,0.97647
19402,0.97647
19403,0.97647
19404,0.96667
19405,0.96667
19406,0.96078
19407,0.96078
19408,0.95686
19409,0.96078
19410,0.95686
19411,0.96078
19412,0.95686
19413,0.95686
19414,0.95686
19415,0.95098
19416,0.95098
19417,0.96078
19418,0.97059
19419,0.97647
19420,1.002
19421,1.002
19422,1.002
19423,0.98235
19424,0.97647
19425,0.98627
19426,0.96667
19427,0.93725
19428,0.92549
19429,0.90588
19430,0.90588
19431,0.90588
19432,0.90588
19433,0.90588
19434,0.95098
19435,1.0373
19436,0.78039
19437,-0.015686
19438,-0.50196
19439,-0.50196
19440,-0.50196
19441,-0.50196
19442,-0.50196
19443,-0.44314
19444,-0.092157
19445,0.3098
19446,0.68039
19447,0.90196
19448,1.0765
19449,1.2627
19450,1.3216
19451,1.3373
19452,1.3431
19453,1.3529
19454,1.3529
19455,1.3529
19456,1.3529
19457,1.3569
19458,1.3667
19459,1.3784
19460,1.3882
19461,1.4078
19462,1.4275
19463,1.4627
19464,1.5039
19465,1.5039
19466,1.5039
19467,1.5039
19468,1.5039
19469,1.5039
19470,1.5039
19471,1.5039
19472,1.5039
19473,1.5039
19474,1.5039
19475,1.5039
19476,1.4373
19477,1.3118
19478,1.2078
19479,1.1275
19480,1.0667
19481,1.0216
19482,0.99608
19483,0.97059
19484,0.96078
19485,0.95686
19486,0.95098
19487,0.95098
19488,0.95098
19489,0.95098
19490,0.95098
19491,0.95098
19492,0.95686
19493,0.95686
19494,0.95686
19495,0.96667
19496,0.96667
19497,0.97059
19498,0.96667
19499,0.96667
19500,0.96667
19501,0.96078
19502,0.96078
19503,0.95686
19504,0.95686
19505,0.96078
19506,0.95686
19507,0.95686
19508,0.96078
19509,0.95686
19510,0.96667
19511,0.96667
19512,0.99216
19513,1.002
19514,1.002
19515,0.99216
19516,0.98235
19517,0.98627
19518,0.97647
19519,0.95098
19520,0.92549
19521,0.91569
19522,0.91176
19523,0.91176
19524,0.91569
19525,0.91176
19526,0.94118
19527,1.0216
19528,1.0471
19529,0.20392
19530,-0.50196
19531,-0.50196
19532,-0.50196
19533,-0.50196
19534,-0.50196
19535,-0.49804
19536,-0.17647
19537,0.2098
19538,0.6098
19539,0.85686
19540,1.0314
19541,1.2275
19542,1.3078
19543,1.3333
19544,1.3431
19545,1.3529
19546,1.3529
19547,1.3569
19548,1.3627
19549,1.3667
19550,1.3725
19551,1.3784
19552,1.3922
19553,1.4078
19554,1.4333
19555,1.4686
19556,1.5039
19557,1.5039
19558,1.5039
19559,1.5039
19560,1.5039
19561,1.5039
19562,1.5039
19563,1.5039
19564,1.5039
19565,1.5039
19566,1.5039
19567,1.5039
19568,1.4725
19569,1.3431
19570,1.2314
19571,1.1373
19572,1.0824
19573,1.0216
19574,0.98235
19575,0.96667
19576,0.97059
19577,0.95098
19578,0.93725
19579,0.92549
19580,0.95098
19581,0.94706
19582,0.95098
19583,0.92549
19584,0.94706
19585,0.93137
19586,0.93137
19587,0.95098
19588,0.92549
19589,0.94118
19590,0.93137
19591,0.92157
19592,0.94118
19593,0.94706
19594,0.93725
19595,0.92157
19596,0.92549
19597,0.91176
19598,0.93725
19599,0.94118
19600,0.92549
19601,0.94118
19602,0.94706
19603,0.94118
19604,0.97059
19605,0.97647
19606,0.98235
19607,0.97059
19608,0.96078
19609,0.97059
19610,0.95098
19611,0.94118
19612,0.92157
19613,0.90588
19614,0.90196
19615,0.90588
19616,0.89608
19617,0.90588
19618,0.94706
19619,1.0314
19620,1.0471
19621,0.088235
19622,-0.50196
19623,-0.50196
19624,-0.50196
19625,-0.50196
19626,-0.50196
19627,-0.49804
19628,-0.12157
19629,0.27451
19630,0.66078
19631,0.90196
19632,1.0765
19633,1.2627
19634,1.3471
19635,1.3627
19636,1.3784
19637,1.3784
19638,1.3824
19639,1.3824
19640,1.3882
19641,1.398
19642,1.398
19643,1.4118
19644,1.4235
19645,1.4431
19646,1.4627
19647,1.498
19648,1.5039
19649,1.5039
19650,1.5039
19651,1.5039
19652,1.5039
19653,1.5039
19654,1.5039
19655,1.5039
19656,1.5039
19657,1.5039
19658,1.5039
19659,1.5039
19660,1.4784
19661,1.3471
19662,1.2373
19663,1.151
19664,1.0824
19665,1.0373
19666,1.002
19667,0.99216
19668,0.97647
19669,0.97059
19670,0.97647
19671,0.97059
19672,0.96667
19673,0.96667
19674,0.97059
19675,0.97059
19676,0.97647
19677,0.97647
19678,0.97647
19679,0.97647
19680,0.97647
19681,0.96667
19682,0.96667
19683,0.96078
19684,0.96078
19685,0.95686
19686,0.96078
19687,0.96078
19688,0.96078
19689,0.95686
19690,0.95686
19691,0.95686
19692,0.95686
19693,0.95686
19694,0.96078
19695,0.96078
19696,0.97059
19697,0.97647
19698,0.98627
19699,1.0059
19700,1.0118
19701,1.0118
19702,0.98627
19703,0.98627
19704,0.99216
19705,0.97059
19706,0.94706
19707,0.93137
19708,0.92157
19709,0.91569
19710,0.91176
19711,0.91569
19712,0.92157
19713,0.96667
19714,1.0412
19715,0.61569
19716,-0.21176
19717,-0.50196
19718,-0.50196
19719,-0.50196
19720,-0.50196
19721,-0.50196
19722,-0.36275
19723,0.0078431
19724,0.4098
19725,0.7549
19726,0.94706
19727,1.1275
19728,1.2824
19729,1.3216
19730,1.3431
19731,1.3471
19732,1.3529
19733,1.3529
19734,1.3627
19735,1.3667
19736,1.3667
19737,1.3784
19738,1.3784
19739,1.3922
19740,1.4118
19741,1.4431
19742,1.4725
19743,1.5039
19744,1.5039
19745,1.5039
19746,1.5039
19747,1.5039
19748,1.5039
19749,1.5039
19750,1.5039
19751,1.5039
19752,1.5039
19753,1.5039
19754,1.5039
19755,1.4275
19756,1.302
19757,1.202
19758,1.1216
19759,1.0667
19760,1.0157
19761,0.99216
19762,0.97647
19763,0.96667
19764,0.95686
19765,0.96078
19766,0.95686
19767,0.95686
19768,0.96078
19769,0.95686
19770,0.96078
19771,0.96078
19772,0.96667
19773,0.96078
19774,0.97059
19775,0.97647
19776,0.97059
19777,0.97059
19778,0.97059
19779,0.96667
19780,0.96667
19781,0.96078
19782,0.96667
19783,0.95686
19784,0.95098
19785,0.95098
19786,0.95098
19787,0.95098
19788,0.96078
19789,0.96667
19790,0.97647
19791,0.99608
19792,1.0118
19793,1.0118
19794,1.002
19795,0.99216
19796,1.002
19797,0.97647
19798,0.95686
19799,0.93725
19800,0.92157
19801,0.91569
19802,0.91176
19803,0.91569
19804,0.90588
19805,0.93725
19806,1.0157
19807,1.0412
19808,0.20392
19809,-0.50196
19810,-0.50196
19811,-0.50196
19812,-0.50196
19813,-0.50196
19814,-0.50196
19815,-0.17647
19816,0.21373
19817,0.6098
19818,0.85686
19819,1.0373
19820,1.2216
19821,1.3078
19822,1.3275
19823,1.3431
19824,1.3529
19825,1.3529
19826,1.3569
19827,1.3627
19828,1.3725
19829,1.3784
19830,1.3824
19831,1.3882
19832,1.402
19833,1.4235
19834,1.4627
19835,1.502
19836,1.5039
19837,1.5039
19838,1.5039
19839,1.5039
19840,1.5039
19841,1.5039
19842,1.5039
19843,1.5039
19844,1.5039
19845,1.5039
19846,1.5039
19847,1.4824
19848,1.3569
19849,1.2431
19850,1.151
19851,1.0863
19852,1.0412
19853,1.0118
19854,0.98627
19855,0.97647
19856,0.97059
19857,0.96667
19858,0.96078
19859,0.96667
19860,0.95686
19861,0.95686
19862,0.95686
19863,0.96667
19864,0.97059
19865,0.97059
19866,0.97059
19867,0.97059
19868,0.96667
19869,0.96667
19870,0.96078
19871,0.96667
19872,0.96078
19873,0.95686
19874,0.95098
19875,0.96078
19876,0.96667
19877,0.94706
19878,0.96078
19879,0.96078
19880,0.97059
19881,0.95098
19882,0.97647
19883,0.99216
19884,1.0118
19885,1.002
19886,0.99608
19887,0.97059
19888,0.98627
19889,0.97059
19890,0.94706
19891,0.92157
19892,0.90588
19893,0.90196
19894,0.88627
19895,0.90196
19896,0.8902
19897,0.91569
19898,0.98627
19899,1.0275
19900,0.3451
19901,-0.50196
19902,-0.50196
19903,-0.50196
19904,-0.50196
19905,-0.50196
19906,-0.50196
19907,-0.23725
19908,0.1549
19909,0.5549
19910,0.82549
19911,1.0059
19912,1.2078
19913,1.302
19914,1.3373
19915,1.3529
19916,1.3529
19917,1.3627
19918,1.3569
19919,1.3667
19920,1.3627
19921,1.3569
19922,1.3882
19923,1.398
19924,1.4118
19925,1.4333
19926,1.4627
19927,1.5039
19928,1.5039
19929,1.5039
19930,1.5039
19931,1.5039
19932,1.5039
19933,1.5039
19934,1.5039
19935,1.5039
19936,1.5039
19937,1.5039
19938,1.5039
19939,1.4922
19940,1.3529
19941,1.2314
19942,1.1471
19943,1.0765
19944,1.0275
19945,0.99608
19946,0.97647
19947,0.95686
19948,0.95098
19949,0.95098
19950,0.95098
19951,0.95098
19952,0.95098
19953,0.95686
19954,0.96078
19955,0.96667
19956,0.97059
19957,0.97647
19958,0.97647
19959,0.97647
19960,0.97647
19961,0.97059
19962,0.96667
19963,0.97059
19964,0.96667
19965,0.96667
19966,0.96078
19967,0.95686
19968,0.95098
19969,0.96667
19970,0.96078
19971,0.96078
19972,0.96078
19973,0.96078
19974,0.96667
19975,0.97647
19976,0.99608
19977,1.0059
19978,1.0059
19979,0.99608
19980,0.98235
19981,0.98235
19982,0.97647
19983,0.95098
19984,0.93725
19985,0.92157
19986,0.91569
19987,0.92157
19988,0.91569
19989,0.91176
19990,0.94118
19991,1.0216
19992,1.0471
19993,0.2098
19994,-0.50196
19995,-0.50196
19996,-0.50196
19997,-0.50196
19998,-0.50196
19999,-0.50196
20000,-0.19216
20001,0.20392
20002,0.6098
20003,0.86078
20004,1.0373
20005,1.2314
20006,1.3176
20007,1.3471
20008,1.3529
20009,1.3627
20010,1.3667
20011,1.3725
20012,1.3725
20013,1.3784
20014,1.3784
20015,1.3824
20016,1.398
20017,1.4118
20018,1.4333
20019,1.4627
20020,1.502
20021,1.5039
20022,1.5039
20023,1.5039
20024,1.5039
20025,1.5039
20026,1.5039
20027,1.5039
20028,1.5039
20029,1.5039
20030,1.5039
20031,1.5039
20032,1.4882
20033,1.3529
20034,1.2431
20035,1.151
20036,1.0824
20037,1.0373
20038,1.002
20039,0.97647
20040,0.96667
20041,0.95098
20042,0.95098
20043,0.95098
20044,0.95098
20045,0.95098
20046,0.95098
20047,0.95098
20048,0.95686
20049,0.96078
20050,0.95686
20051,0.96667
20052,0.95686
20053,0.96667
20054,0.96667
20055,0.96078
20056,0.95686
20057,0.96078
20058,0.95098
20059,0.95098
20060,0.95098
20061,0.95098
20062,0.95098
20063,0.95098
20064,0.95686
20065,0.96078
20066,0.96667
20067,0.97059
20068,0.99216
20069,1.0118
20070,1.0059
20071,1.002
20072,0.97647
20073,0.98235
20074,0.98627
20075,0.95686
20076,0.94118
20077,0.92157
20078,0.91176
20079,0.90588
20080,0.91176
20081,0.91176
20082,0.92157
20083,0.98627
20084,1.0314
20085,0.47059
20086,-0.36667
20087,-0.50196
20088,-0.50196
20089,-0.50196
20090,-0.50196
20091,-0.50196
20092,-0.30784
20093,0.068627
20094,0.48039
20095,0.79608
20096,0.97647
20097,1.1627
20098,1.2922
20099,1.3216
20100,1.3373
20101,1.3471
20102,1.3529
20103,1.3569
20104,1.3627
20105,1.3627
20106,1.3667
20107,1.3784
20108,1.3824
20109,1.398
20110,1.4176
20111,1.4471
20112,1.4882
20113,1.5039
20114,1.5039
20115,1.5039
20116,1.5039
20117,1.5039
20118,1.5039
20119,1.5039
20120,1.5039
20121,1.5039
20122,1.5039
20123,1.5039
20124,1.5039
20125,1.3882
20126,1.2667
20127,1.1765
20128,1.1059
20129,1.051
20130,1.0118
20131,0.98235
20132,0.97059
20133,0.96078
20134,0.95686
20135,0.95098
20136,0.96078
20137,0.95686
20138,0.96078
20139,0.96078
20140,0.96078
20141,0.96078
20142,0.96078
20143,0.96667
20144,0.96667
20145,0.96667
20146,0.96078
20147,0.96667
20148,0.96667
20149,0.96667
20150,0.96667
20151,0.96667
20152,0.96078
20153,0.96667
20154,0.96078
20155,0.96667
20156,0.95686
20157,0.96078
20158,0.97059
20159,0.97647
20160,0.98627
20161,1.002
20162,1.0059
20163,1.002
20164,0.98627
20165,0.99216
20166,0.98627
20167,0.97059
20168,0.93137
20169,0.92549
20170,0.93137
20171,0.92157
20172,0.91176
20173,0.92157
20174,0.91569
20175,0.96078
20176,1.051
20177,0.6902
20178,-0.13137
20179,-0.50196
20180,-0.50196
20181,-0.50196
20182,-0.50196
20183,-0.50196
20184,-0.39216
20185,-0.0058823
20186,0.38431
20187,0.73137
20188,0.93137
20189,1.0961
20190,1.2569
20191,1.302
20192,1.3333
20193,1.3373
20194,1.3275
20195,1.3333
20196,1.3471
20197,1.3275
20198,1.3569
20199,1.3529
20200,1.3824
20201,1.398
20202,1.398
20203,1.4235
20204,1.4686
20205,1.5039
20206,1.5039
20207,1.5039
20208,1.5039
20209,1.5039
20210,1.5039
20211,1.5039
20212,1.5039
20213,1.5039
20214,1.5039
20215,1.5039
20216,1.5039
20217,1.402
20218,1.2667
20219,1.1627
20220,1.0824
20221,1.0275
20222,0.98627
20223,0.95686
20224,0.94118
20225,0.93137
20226,0.93137
20227,0.92549
20228,0.93137
20229,0.92549
20230,0.93725
20231,0.94118
20232,0.94706
20233,0.94706
20234,0.94118
20235,0.94706
20236,0.95098
20237,0.95098
20238,0.95098
20239,0.95098
20240,0.95098
20241,0.95098
20242,0.95098
20243,0.95098
20244,0.95098
20245,0.95098
20246,0.95098
20247,0.95098
20248,0.95686
20249,0.96667
20250,0.97647
20251,0.99608
20252,1.002
20253,1.002
20254,0.99216
20255,0.98235
20256,0.98235
20257,0.97059
20258,0.95098
20259,0.93137
20260,0.91569
20261,0.92157
20262,0.91569
20263,0.91569
20264,0.91176
20265,0.95686
20266,1.0373
20267,1.0471
20268,0.088235
20269,-0.50196
20270,-0.50196
20271,-0.50196
20272,-0.50196
20273,-0.50196
20274,-0.49804
20275,-0.14118
20276,0.26471
20277,0.66078
20278,0.89608
20279,1.0667
20280,1.2569
20281,1.3333
20282,1.3529
20283,1.3627
20284,1.3784
20285,1.3784
20286,1.3784
20287,1.3824
20288,1.3922
20289,1.398
20290,1.398
20291,1.4176
20292,1.4333
20293,1.4529
20294,1.4882
20295,1.5039
20296,1.5039
20297,1.5039
20298,1.5039
20299,1.5039
20300,1.5039
20301,1.5039
20302,1.5039
20303,1.5039
20304,1.5039
20305,1.5039
20306,1.5039
20307,1.4529
20308,1.3275
20309,1.2176
20310,1.1275
20311,1.0667
20312,1.0157
20313,0.98627
20314,0.97059
20315,0.95686
20316,0.95686
20317,0.95098
20318,0.94706
20319,0.95098
20320,0.95098
20321,0.95098
20322,0.95098
20323,0.95098
20324,0.95686
20325,0.96078
20326,0.96078
20327,0.95686
20328,0.95098
20329,0.95098
20330,0.95686
20331,0.95098
20332,0.95098
20333,0.95098
20334,0.95098
20335,0.94706
20336,0.95098
20337,0.95098
20338,0.94706
20339,0.94706
20340,0.95098
20341,0.95098
20342,0.95686
20343,0.97059
20344,0.99608
20345,1.002
20346,0.99608
20347,0.98235
20348,0.97647
20349,0.98235
20350,0.96078
20351,0.94118
20352,0.92157
20353,0.90588
20354,0.90588
20355,0.90588
20356,0.90588
20357,0.91569
20358,0.96078
20359,1.0412
20360,0.61961
20361,-0.19216
20362,-0.50196
20363,-0.50196
20364,-0.50196
20365,-0.50196
20366,-0.50196
20367,-0.37255
20368,-0.0058823
20369,0.39412
20370,0.7451
20371,0.94706
20372,1.1216
20373,1.2824
20374,1.3275
20375,1.3431
20376,1.3529
20377,1.3471
20378,1.3627
20379,1.3569
20380,1.3667
20381,1.3667
20382,1.3784
20383,1.3882
20384,1.398
20385,1.4176
20386,1.4471
20387,1.4824
20388,1.5039
20389,1.5039
20390,1.5039
20391,1.5039
20392,1.5039
20393,1.5039
20394,1.5039
20395,1.5039
20396,1.5039
20397,1.5039
20398,1.5039
20399,1.5039
20400,1.4118
20401,1.2922
20402,1.1922
20403,1.1176
20404,1.0608
20405,1.0216
20406,0.99216
20407,0.97647
20408,0.96667
20409,0.95686
20410,0.95686
20411,0.95686
20412,0.96078
20413,0.96078
20414,0.96078
20415,0.96667
20416,0.96078
20417,0.97059
20418,0.97059
20419,0.97059
20420,0.96667
20421,0.97059
20422,0.96667
20423,0.96078
20424,0.96078
20425,0.96667
20426,0.96667
20427,0.96078
20428,0.95686
20429,0.95686
20430,0.95686
20431,0.95686
20432,0.96078
20433,0.96667
20434,0.97059
20435,0.98627
20436,1.0059
20437,1.002
20438,1.002
20439,0.98235
20440,0.98627
20441,0.98627
20442,0.96667
20443,0.94706
20444,0.92549
20445,0.91569
20446,0.91176
20447,0.91176
20448,0.90588
20449,0.91176
20450,0.96078
20451,1.0471
20452,0.6902
20453,-0.11176
20454,-0.50196
20455,-0.50196
20456,-0.50196
20457,-0.50196
20458,-0.50196
20459,-0.39216
20460,-0.047059
20461,0.36471
20462,0.72157
20463,0.92157
20464,1.0961
20465,1.2627
20466,1.3216
20467,1.3333
20468,1.3333
20469,1.3471
20470,1.3471
20471,1.3431
20472,1.3471
20473,1.3529
20474,1.3431
20475,1.3784
20476,1.3667
20477,1.402
20478,1.398
20479,1.4431
20480,1.5039
20481,1.5039
20482,1.5039
20483,1.5039
20484,1.5039
20485,1.5039
20486,1.5039
20487,1.5039
20488,1.5039
20489,1.5039
20490,1.5039
20491,1.5039
20492,1.3922
20493,1.2627
20494,1.1569
20495,1.0922
20496,1.0216
20497,0.99216
20498,0.95686
20499,0.94118
20500,0.93137
20501,0.92549
20502,0.92157
20503,0.90588
20504,0.93137
20505,0.92549
20506,0.92549
20507,0.93137
20508,0.93137
20509,0.93725
20510,0.94118
20511,0.93725
20512,0.93725
20513,0.94118
20514,0.93725
20515,0.93137
20516,0.92549
20517,0.93725
20518,0.93725
20519,0.93725
20520,0.93137
20521,0.93137
20522,0.94118
20523,0.94706
20524,0.95098
20525,0.95686
20526,0.97647
20527,0.99216
20528,0.99608
20529,0.99216
20530,0.97059
20531,0.97647
20532,0.98235
20533,0.96078
20534,0.93725
20535,0.92549
20536,0.91569
20537,0.90588
20538,0.91569
20539,0.91176
20540,0.92157
20541,0.97059
20542,1.0569
20543,0.58039
20544,-0.29804
20545,-0.50196
20546,-0.50196
20547,-0.50196
20548,-0.50196
20549,-0.50196
20550,-0.35686
20551,0.033333
20552,0.4451
20553,0.78039
20554,0.96667
20555,1.1569
20556,1.3118
20557,1.3529
20558,1.3667
20559,1.3784
20560,1.3784
20561,1.3784
20562,1.3824
20563,1.3922
20564,1.3922
20565,1.398
20566,1.4078
20567,1.4235
20568,1.4471
20569,1.4725
20570,1.5039
20571,1.5039
20572,1.5039
20573,1.5039
20574,1.5039
20575,1.5039
20576,1.5039
20577,1.5039
20578,1.5039
20579,1.5039
20580,1.5039
20581,1.5039
20582,1.5039
20583,1.4118
20584,1.2882
20585,1.1863
20586,1.1059
20587,1.051
20588,1.0157
20589,0.99216
20590,0.97647
20591,0.96667
20592,0.96078
20593,0.96078
20594,0.96078
20595,0.95686
20596,0.95098
20597,0.95686
20598,0.96078
20599,0.96667
20600,0.96667
20601,0.96667
20602,0.96078
20603,0.96667
20604,0.96667
20605,0.96078
20606,0.95686
20607,0.96078
20608,0.95686
20609,0.95686
20610,0.95098
20611,0.95098
20612,0.95098
20613,0.95098
20614,0.94706
20615,0.95098
20616,0.95098
20617,0.95686
20618,0.95686
20619,0.97647
20620,0.99216
20621,0.99608
20622,1.002
20623,0.97647
20624,0.97647
20625,0.98235
20626,0.96078
20627,0.94118
20628,0.92157
20629,0.91176
20630,0.90588
20631,0.90588
20632,0.90588
20633,0.90588
20634,0.96078
20635,1.0314
20636,0.61569
20637,-0.19608
20638,-0.50196
20639,-0.50196
20640,-0.50196
20641,-0.50196
20642,-0.50196
20643,-0.38235
20644,-0.011765
20645,0.39412
20646,0.74118
20647,0.93725
20648,1.1176
20649,1.2725
20650,1.3176
20651,1.3333
20652,1.3373
20653,1.3431
20654,1.3431
20655,1.3529
20656,1.3529
20657,1.3569
20658,1.3667
20659,1.3784
20660,1.3882
20661,1.4078
20662,1.4373
20663,1.4725
20664,1.5039
20665,1.5039
20666,1.5039
20667,1.5039
20668,1.5039
20669,1.5039
20670,1.5039
20671,1.5039
20672,1.5039
20673,1.5039
20674,1.5039
20675,1.5039
20676,1.4078
20677,1.2882
20678,1.1863
20679,1.1059
20680,1.051
20681,1.0059
20682,0.97647
20683,0.96667
20684,0.95686
20685,0.95098
20686,0.95098
20687,0.95098
20688,0.95098
20689,0.95098
20690,0.95098
20691,0.95098
20692,0.95686
20693,0.95686
20694,0.96078
20695,0.95686
20696,0.96078
20697,0.95686
20698,0.96078
20699,0.95686
20700,0.96078
20701,0.96078
20702,0.95686
20703,0.95098
20704,0.95686
20705,0.95098
20706,0.95098
20707,0.95686
20708,0.95686
20709,0.96667
20710,0.96667
20711,0.97647
20712,1.002
20713,1.0118
20714,1.002
20715,0.99216
20716,0.97647
20717,0.98235
20718,0.97059
20719,0.95098
20720,0.92549
20721,0.91569
20722,0.90588
20723,0.91176
20724,0.91176
20725,0.90588
20726,0.93725
20727,1.0314
20728,1.0373
20729,0.14314
20730,-0.50196
20731,-0.50196
20732,-0.50196
20733,-0.50196
20734,-0.50196
20735,-0.48235
20736,-0.15098
20737,0.23922
20738,0.63529
20739,0.86667
20740,1.0412
20741,1.2275
20742,1.302
20743,1.3216
20744,1.3431
20745,1.3529
20746,1.3471
20747,1.3529
20748,1.3529
20749,1.3569
20750,1.3627
20751,1.3725
20752,1.3784
20753,1.398
20754,1.4333
20755,1.4569
20756,1.5039
20757,1.5039
20758,1.5039
20759,1.5039
20760,1.5039
20761,1.5039
20762,1.5039
20763,1.5039
20764,1.5039
20765,1.5039
20766,1.5039
20767,1.5039
20768,1.4431
20769,1.3176
20770,1.2078
20771,1.1275
20772,1.0569
20773,1.0059
20774,0.98235
20775,0.95098
20776,0.94706
20777,0.94118
20778,0.92549
20779,0.92157
20780,0.93137
20781,0.92549
20782,0.92549
20783,0.94706
20784,0.92549
20785,0.91569
20786,0.93725
20787,0.92157
20788,0.93137
20789,0.93725
20790,0.92549
20791,0.93137
20792,0.92549
20793,0.93137
20794,0.92549
20795,0.93137
20796,0.92549
20797,0.93137
20798,0.92549
20799,0.92549
20800,0.94706
20801,0.94118
20802,0.95098
20803,0.97059
20804,0.98235
20805,0.97647
20806,0.96667
20807,0.95686
20808,0.96667
20809,0.94706
20810,0.92549
20811,0.91176
20812,0.90588
20813,0.90196
20814,0.90196
20815,0.90588
20816,0.90588
20817,0.94118
20818,1.0314
20819,1.051
20820,0.11373
20821,-0.50196
20822,-0.50196
20823,-0.50196
20824,-0.50196
20825,-0.50196
20826,-0.50196
20827,-0.14118
20828,0.2549
20829,0.65098
20830,0.89608
20831,1.0725
20832,1.2667
20833,1.3471
20834,1.3725
20835,1.3784
20836,1.3824
20837,1.3882
20838,1.3922
20839,1.398
20840,1.402
20841,1.4078
20842,1.4118
20843,1.4235
20844,1.4471
20845,1.4725
20846,1.5039
20847,1.5039
20848,1.5039
20849,1.5039
20850,1.5039
20851,1.5039
20852,1.5039
20853,1.5039
20854,1.5039
20855,1.5039
20856,1.5039
20857,1.5039
20858,1.5039
20859,1.4824
20860,1.3471
20861,1.2431
20862,1.151
20863,1.0863
20864,1.0412
20865,1.0157
20866,0.99216
20867,0.97647
20868,0.97059
20869,0.96667
20870,0.96667
20871,0.97059
20872,0.97059
20873,0.97059
20874,0.97647
20875,0.97647
20876,0.97059
20877,0.97647
20878,0.97647
20879,0.97647
20880,0.97647
20881,0.97059
20882,0.97059
20883,0.96667
20884,0.96667
20885,0.96667
20886,0.97059
20887,0.96667
20888,0.96667
20889,0.96667
20890,0.96667
20891,0.96078
20892,0.96078
20893,0.96078
20894,0.96078
20895,0.96667
20896,0.97059
20897,0.98627
20898,1.002
20899,1.002
20900,1.0059
20901,0.98235
20902,0.99216
20903,0.98627
20904,0.96667
20905,0.94706
20906,0.92549
20907,0.92549
20908,0.91569
20909,0.91176
20910,0.91176
20911,0.93137
20912,0.98627
20913,1.0314
20914,0.50588
20915,-0.32745
20916,-0.50196
20917,-0.50196
20918,-0.50196
20919,-0.50196
20920,-0.50196
20921,-0.31765
20922,0.062745
20923,0.47059
20924,0.7902
20925,0.97059
20926,1.1627
20927,1.2922
20928,1.3333
20929,1.3471
20930,1.3529
20931,1.3529
20932,1.3569
20933,1.3569
20934,1.3627
20935,1.3725
20936,1.3784
20937,1.3824
20938,1.398
20939,1.4176
20940,1.4471
20941,1.4824
20942,1.5039
20943,1.5039
20944,1.5039
20945,1.5039
20946,1.5039
20947,1.5039
20948,1.5039
20949,1.5039
20950,1.5039
20951,1.5039
20952,1.5039
20953,1.5039
20954,1.402
20955,1.2882
20956,1.1922
20957,1.1118
20958,1.0569
20959,1.0157
20960,0.99216
20961,0.97647
20962,0.96667
20963,0.96078
20964,0.95686
20965,0.96078
20966,0.95686
20967,0.96078
20968,0.96078
20969,0.96667
20970,0.96667
20971,0.96667
20972,0.96667
20973,0.96667
20974,0.96667
20975,0.96667
20976,0.96667
20977,0.96667
20978,0.96667
20979,0.96667
20980,0.97059
20981,0.97059
20982,0.96078
20983,0.95686
20984,0.96078
20985,0.95686
20986,0.96667
20987,0.96667
20988,0.97647
20989,0.99216
20990,1.0118
20991,1.0059
20992,1.0059
20993,0.98627
20994,0.99216
20995,0.98235
20996,0.96078
20997,0.93725
20998,0.92157
20999,0.91176
21000,0.91569
21001,0.90588
21002,0.91176
21003,0.92549
21004,0.98235
21005,1.0314
21006,0.48039
21007,-0.36275
21008,-0.50196
21009,-0.50196
21010,-0.50196
21011,-0.50196
21012,-0.50196
21013,-0.30196
21014,0.07451
21015,0.48039
21016,0.78627
21017,0.97059
21018,1.1627
21019,1.2922
21020,1.3216
21021,1.3373
21022,1.3431
21023,1.3529
21024,1.3529
21025,1.3569
21026,1.3627
21027,1.3569
21028,1.3725
21029,1.3824
21030,1.3922
21031,1.4235
21032,1.4471
21033,1.4824
21034,1.5039
21035,1.5039
21036,1.5039
21037,1.5039
21038,1.5039
21039,1.5039
21040,1.5039
21041,1.5039
21042,1.5039
21043,1.5039
21044,1.5039
21045,1.5039
21046,1.3882
21047,1.2569
21048,1.1765
21049,1.0961
21050,1.051
21051,1.0059
21052,0.98235
21053,0.96667
21054,0.95686
21055,0.97059
21056,0.94118
21057,0.92549
21058,0.95098
21059,0.95686
21060,0.94118
21061,0.95098
21062,0.94706
21063,0.93725
21064,0.94706
21065,0.93725
21066,0.95098
21067,0.93725
21068,0.92549
21069,0.94706
21070,0.93137
21071,0.91176
21072,0.94706
21073,0.93725
21074,0.92157
21075,0.93725
21076,0.92549
21077,0.93137
21078,0.92549
21079,0.92549
21080,0.94706
21081,0.96078
21082,0.98235
21083,0.97647
21084,0.98235
21085,0.95686
21086,0.96078
21087,0.95098
21088,0.94706
21089,0.92549
21090,0.91176
21091,0.90196
21092,0.90196
21093,0.8902
21094,0.89608
21095,0.90196
21096,0.96078
21097,1.0569
21098,0.62941
21099,-0.26667
21100,-0.50196
21101,-0.50196
21102,-0.50196
21103,-0.50196
21104,-0.50196
21105,-0.36275
21106,0.033333
21107,0.41961
21108,0.77059
21109,0.96667
21110,1.1569
21111,1.3118
21112,1.3569
21113,1.3784
21114,1.3784
21115,1.3882
21116,1.3882
21117,1.3922
21118,1.398
21119,1.398
21120,1.4078
21121,1.4235
21122,1.4275
21123,1.4471
21124,1.4725
21125,1.5039
21126,1.5039
21127,1.5039
21128,1.5039
21129,1.5039
21130,1.5039
21131,1.5039
21132,1.5039
21133,1.5039
21134,1.5039
21135,1.5039
21136,1.5039
21137,1.5039
21138,1.4333
21139,1.3078
21140,1.202
21141,1.1275
21142,1.0725
21143,1.0314
21144,0.99608
21145,0.98235
21146,0.97647
21147,0.97059
21148,0.96667
21149,0.96078
21150,0.96667
21151,0.97059
21152,0.97647
21153,0.97647
21154,0.97647
21155,0.97647
21156,0.97647
21157,0.97647
21158,0.97647
21159,0.97647
21160,0.97647
21161,0.97059
21162,0.97059
21163,0.97059
21164,0.96667
21165,0.97059
21166,0.96667
21167,0.96667
21168,0.96667
21169,0.96078
21170,0.95686
21171,0.96078
21172,0.96078
21173,0.97059
21174,0.97059
21175,0.98235
21176,1.002
21177,1.0118
21178,1.0118
21179,1.002
21180,0.98627
21181,0.99216
21182,0.97647
21183,0.95686
21184,0.93137
21185,0.92157
21186,0.91569
21187,0.91176
21188,0.91176
21189,0.91569
21190,0.94118
21191,1.0216
21192,1.0314
21193,0.11961
21194,-0.50196
21195,-0.50196
21196,-0.50196
21197,-0.50196
21198,-0.50196
21199,-0.48824
21200,-0.14706
21201,0.24902
21202,0.64118
21203,0.87647
21204,1.051
21205,1.2373
21206,1.3118
21207,1.3333
21208,1.3471
21209,1.3529
21210,1.3529
21211,1.3569
21212,1.3627
21213,1.3667
21214,1.3725
21215,1.3882
21216,1.398
21217,1.4078
21218,1.4275
21219,1.4627
21220,1.502
21221,1.5039
21222,1.5039
21223,1.5039
21224,1.5039
21225,1.5039
21226,1.5039
21227,1.5039
21228,1.5039
21229,1.5039
21230,1.5039
21231,1.5039
21232,1.4725
21233,1.3431
21234,1.2314
21235,1.151
21236,1.0765
21237,1.0314
21238,0.99608
21239,0.97647
21240,0.97059
21241,0.95686
21242,0.95686
21243,0.95098
21244,0.95098
21245,0.95098
21246,0.95098
21247,0.95098
21248,0.95686
21249,0.95686
21250,0.96078
21251,0.96667
21252,0.96667
21253,0.96667
21254,0.96078
21255,0.96078
21256,0.96078
21257,0.96078
21258,0.95686
21259,0.96078
21260,0.95686
21261,0.95098
21262,0.95098
21263,0.95686
21264,0.95098
21265,0.96667
21266,0.97059
21267,0.97647
21268,0.99608
21269,1.0059
21270,1.002
21271,1.0059
21272,0.98235
21273,0.98627
21274,0.97647
21275,0.95098
21276,0.93137
21277,0.92157
21278,0.91176
21279,0.91176
21280,0.91569
21281,0.91176
21282,0.93137
21283,1.0118
21284,1.0412
21285,0.22941
21286,-0.50196
21287,-0.50196
21288,-0.50196
21289,-0.50196
21290,-0.50196
21291,-0.50196
21292,-0.20196
21293,0.18824
21294,0.59608
21295,0.85098
21296,1.0216
21297,1.2118
21298,1.302
21299,1.3275
21300,1.3373
21301,1.3431
21302,1.3471
21303,1.3529
21304,1.3529
21305,1.3569
21306,1.3667
21307,1.3725
21308,1.3824
21309,1.398
21310,1.4235
21311,1.4529
21312,1.4922
21313,1.5039
21314,1.5039
21315,1.5039
21316,1.5039
21317,1.5039
21318,1.5039
21319,1.5039
21320,1.5039
21321,1.5039
21322,1.5039
21323,1.5039
21324,1.4627
21325,1.3471
21326,1.2275
21327,1.1471
21328,1.0824
21329,1.0118
21330,1.002
21331,0.96667
21332,0.96078
21333,0.93725
21334,0.94706
21335,0.94706
21336,0.93725
21337,0.95098
21338,0.93725
21339,0.94118
21340,0.94706
21341,0.93725
21342,0.94706
21343,0.94118
21344,0.92549
21345,0.91176
21346,0.95098
21347,0.92549
21348,0.93137
21349,0.92157
21350,0.91569
21351,0.92157
21352,0.93137
21353,0.91569
21354,0.92549
21355,0.93137
21356,0.90588
21357,0.92549
21358,0.92549
21359,0.94706
21360,0.97059
21361,0.97647
21362,0.95098
21363,0.96078
21364,0.92549
21365,0.95098
21366,0.93137
21367,0.91569
21368,0.89608
21369,0.89608
21370,0.88627
21371,0.88039
21372,0.88627
21373,0.90196
21374,0.93725
21375,1.0471
21376,0.6549
21377,-0.25686
21378,-0.50196
21379,-0.50196
21380,-0.50196
21381,-0.50196
21382,-0.50196
21383,-0.41176
21384,-0.0058823
21385,0.4
21386,0.75098
21387,0.95098
21388,1.1412
21389,1.302
21390,1.3529
21391,1.3667
21392,1.3784
21393,1.3824
21394,1.3882
21395,1.3922
21396,1.398
21397,1.398
21398,1.4078
21399,1.4235
21400,1.4333
21401,1.4471
21402,1.4824
21403,1.5039
21404,1.5039
21405,1.5039
21406,1.5039
21407,1.5039
21408,1.5039
21409,1.5039
21410,1.5039
21411,1.5039
21412,1.5039
21413,1.5039
21414,1.5039
21415,1.5039
21416,1.4431
21417,1.3078
21418,1.202
21419,1.1275
21420,1.0667
21421,1.0216
21422,0.99608
21423,0.98235
21424,0.97059
21425,0.96667
21426,0.96078
21427,0.96078
21428,0.95686
21429,0.97059
21430,0.97059
21431,0.97647
21432,0.97647
21433,0.97647
21434,0.97647
21435,0.97059
21436,0.97647
21437,0.96667
21438,0.96078
21439,0.96078
21440,0.95686
21441,0.95686
21442,0.95686
21443,0.95686
21444,0.95686
21445,0.95686
21446,0.96078
21447,0.95686
21448,0.96078
21449,0.95686
21450,0.95686
21451,0.96078
21452,0.96078
21453,0.97059
21454,0.99216
21455,1.002
21456,1.002
21457,1.002
21458,0.97647
21459,0.97647
21460,0.97059
21461,0.95098
21462,0.93137
21463,0.91569
21464,0.90588
21465,0.90588
21466,0.90588
21467,0.90588
21468,0.92157
21469,0.98235
21470,1.0275
21471,0.4098
21472,-0.43333
21473,-0.50196
21474,-0.50196
21475,-0.50196
21476,-0.50196
21477,-0.50196
21478,-0.29216
21479,0.094118
21480,0.5
21481,0.8
21482,0.98235
21483,1.1725
21484,1.2922
21485,1.3275
21486,1.3373
21487,1.3471
21488,1.3529
21489,1.3529
21490,1.3529
21491,1.3569
21492,1.3627
21493,1.3725
21494,1.3824
21495,1.3882
21496,1.4118
21497,1.4431
21498,1.4784
21499,1.5039
21500,1.5039
21501,1.5039
21502,1.5039
21503,1.5039
21504,1.5039
21505,1.5039
21506,1.5039
21507,1.5039
21508,1.5039
21509,1.5039
21510,1.5039
21511,1.3824
21512,1.2667
21513,1.1725
21514,1.0961
21515,1.0412
21516,1.0059
21517,0.98235
21518,0.96667
21519,0.95686
21520,0.95098
21521,0.95098
21522,0.95098
21523,0.95098
21524,0.95098
21525,0.95098
21526,0.95098
21527,0.95098
21528,0.95098
21529,0.95686
21530,0.95686
21531,0.96078
21532,0.95686
21533,0.95686
21534,0.95686
21535,0.95686
21536,0.95098
21537,0.95098
21538,0.95686
21539,0.95098
21540,0.95098
21541,0.95098
21542,0.95098
21543,0.95098
21544,0.95686
21545,0.96667
21546,0.98627
21547,1.002
21548,1.002
21549,0.99608
21550,0.97647
21551,0.97647
21552,0.97059
21553,0.95098
21554,0.93137
21555,0.91569
21556,0.91176
21557,0.90588
21558,0.91569
21559,0.91176
21560,0.93137
21561,1.0059
21562,1.0471
21563,0.27843
21564,-0.50196
21565,-0.50196
21566,-0.50196
21567,-0.50196
21568,-0.50196
21569,-0.50196
21570,-0.23137
21571,0.15882
21572,0.56471
21573,0.83137
21574,1.0059
21575,1.2078
21576,1.302
21577,1.3275
21578,1.3333
21579,1.3431
21580,1.3431
21581,1.3471
21582,1.3529
21583,1.3627
21584,1.3667
21585,1.3784
21586,1.3824
21587,1.402
21588,1.4235
21589,1.4529
21590,1.4922
21591,1.5039
21592,1.5039
21593,1.5039
21594,1.5039
21595,1.5039
21596,1.5039
21597,1.5039
21598,1.5039
21599,1.5039
21600,1.5039
21601,1.5039
21602,1.4824
21603,1.3569
21604,1.2431
21605,1.1569
21606,1.0863
21607,1.0412
21608,1.0059
21609,0.97647
21610,0.96667
21611,0.95686
21612,0.97059
21613,0.95098
21614,0.94706
21615,0.96078
21616,0.95686
21617,0.96078
21618,0.95098
21619,0.95098
21620,0.96078
21621,0.97059
21622,0.95098
21623,0.96078
21624,0.93725
21625,0.94118
21626,0.95098
21627,0.94118
21628,0.95098
21629,0.92549
21630,0.94118
21631,0.92549
21632,0.94118
21633,0.92157
21634,0.91569
21635,0.93725
21636,0.92549
21637,0.95098
21638,0.96078
21639,0.95098
21640,0.98235
21641,0.95098
21642,0.92549
21643,0.96667
21644,0.92549
21645,0.92157
21646,0.90588
21647,0.88627
21648,0.88039
21649,0.88627
21650,0.87059
21651,0.88039
21652,0.91569
21653,1.0216
21654,1.0314
21655,0.07451
21656,-0.50196
21657,-0.50196
21658,-0.50196
21659,-0.50196
21660,-0.50196
21661,-0.50196
21662,-0.13725
21663,0.26863
21664,0.65098
21665,0.88039
21666,1.0667
21667,1.2627
21668,1.3333
21669,1.3529
21670,1.3529
21671,1.3627
21672,1.3725
21673,1.3784
21674,1.3725
21675,1.3667
21676,1.3824
21677,1.398
21678,1.398
21679,1.4235
21680,1.4471
21681,1.4882
21682,1.5039
21683,1.5039
21684,1.5039
21685,1.5039
21686,1.5039
21687,1.5039
21688,1.5039
21689,1.5039
21690,1.5039
21691,1.5039
21692,1.5039
21693,1.5039
21694,1.4725
21695,1.3373
21696,1.2314
21697,1.1471
21698,1.0824
21699,1.0314
21700,1.002
21701,0.97647
21702,0.97647
21703,0.96667
21704,0.96667
21705,0.96667
21706,0.96667
21707,0.97059
21708,0.96667
21709,0.97059
21710,0.97647
21711,0.97647
21712,0.97059
21713,0.97059
21714,0.97647
21715,0.96667
21716,0.96078
21717,0.95686
21718,0.96078
21719,0.96078
21720,0.95686
21721,0.95098
21722,0.95098
21723,0.95098
21724,0.95098
21725,0.95098
21726,0.95098
21727,0.95098
21728,0.95098
21729,0.95686
21730,0.96667
21731,0.97647
21732,1.002
21733,1.0118
21734,1.002
21735,1.0059
21736,0.98235
21737,0.99216
21738,0.97647
21739,0.95098
21740,0.93137
21741,0.92157
21742,0.91176
21743,0.91569
21744,0.91176
21745,0.90588
21746,0.93725
21747,1.0157
21748,1.0314
21749,0.13922
21750,-0.50196
21751,-0.50196
21752,-0.50196
21753,-0.50196
21754,-0.50196
21755,-0.50196
21756,-0.17647
21757,0.22353
21758,0.62549
21759,0.86078
21760,1.0373
21761,1.2275
21762,1.3118
21763,1.3275
21764,1.3431
21765,1.3471
21766,1.3529
21767,1.3529
21768,1.3529
21769,1.3627
21770,1.3667
21771,1.3725
21772,1.3784
21773,1.398
21774,1.4235
21775,1.4529
21776,1.498
21777,1.5039
21778,1.5039
21779,1.5039
21780,1.5039
21781,1.5039
21782,1.5039
21783,1.5039
21784,1.5039
21785,1.5039
21786,1.5039
21787,1.5039
21788,1.4686
21789,1.3431
21790,1.2314
21791,1.1412
21792,1.0725
21793,1.0275
21794,0.99608
21795,0.97059
21796,0.95686
21797,0.95098
21798,0.95098
21799,0.95098
21800,0.95098
21801,0.95098
21802,0.95098
21803,0.95098
21804,0.95098
21805,0.95098
21806,0.95098
21807,0.95098
21808,0.95686
21809,0.95098
21810,0.95098
21811,0.95098
21812,0.95098
21813,0.95098
21814,0.95098
21815,0.95686
21816,0.95098
21817,0.95098
21818,0.95098
21819,0.95098
21820,0.94706
21821,0.95686
21822,0.95686
21823,0.97647
21824,0.99216
21825,1.002
21826,0.99608
21827,0.97647
21828,0.97059
21829,0.97647
21830,0.95686
21831,0.93725
21832,0.92157
21833,0.90588
21834,0.90196
21835,0.90588
21836,0.90196
21837,0.90588
21838,0.94118
21839,1.0314
21840,0.72549
21841,-0.076471
21842,-0.50196
21843,-0.50196
21844,-0.50196
21845,-0.50196
21846,-0.50196
21847,-0.42745
21848,-0.072549
21849,0.32353
21850,0.69608
21851,0.90196
21852,1.0824
21853,1.2529
21854,1.3078
21855,1.3275
21856,1.3333
21857,1.3373
21858,1.3471
21859,1.3529
21860,1.3529
21861,1.3569
21862,1.3569
21863,1.3667
21864,1.3824
21865,1.402
21866,1.4275
21867,1.4627
21868,1.502
21869,1.5039
21870,1.5039
21871,1.5039
21872,1.5039
21873,1.5039
21874,1.5039
21875,1.5039
21876,1.5039
21877,1.5039
21878,1.5039
21879,1.5039
21880,1.4235
21881,1.298
21882,1.1961
21883,1.1176
21884,1.0569
21885,1.0157
21886,0.99216
21887,0.97647
21888,0.95686
21889,0.95098
21890,0.95098
21891,0.95098
21892,0.94706
21893,0.95098
21894,0.95098
21895,0.95686
21896,0.95686
21897,0.95686
21898,0.96078
21899,0.96078
21900,0.95686
21901,0.95098
21902,0.95686
21903,0.95686
21904,0.95686
21905,0.95098
21906,0.95098
21907,0.95098
21908,0.95098
21909,0.95098
21910,0.95098
21911,0.95098
21912,0.95686
21913,0.96667
21914,0.97059
21915,0.97647
21916,0.99608
21917,1.002
21918,0.99608
21919,0.97647
21920,0.97647
21921,0.98235
21922,0.95098
21923,0.93137
21924,0.91569
21925,0.90588
21926,0.90588
21927,0.91176
21928,0.90588
21929,0.91569
21930,0.96667
21931,1.0373
21932,0.56471
21933,-0.24314
21934,-0.50196
21935,-0.50196
21936,-0.50196
21937,-0.50196
21938,-0.50196
21939,-0.34706
21940,0.0078431
21941,0.40392
21942,0.7549
21943,0.95098
21944,1.1314
21945,1.2569
21946,1.3216
21947,1.3275
21948,1.3373
21949,1.3529
21950,1.3333
21951,1.3471
21952,1.3667
21953,1.3569
21954,1.3529
21955,1.3627
21956,1.3824
21957,1.3922
21958,1.4275
21959,1.4627
21960,1.498
21961,1.5039
21962,1.5039
21963,1.5039
21964,1.5039
21965,1.5039
21966,1.5039
21967,1.5039
21968,1.5039
21969,1.5039
21970,1.5039
21971,1.5039
21972,1.3667
21973,1.2471
21974,1.151
21975,1.0824
21976,1.0118
21977,0.97059
21978,0.95686
21979,0.93725
21980,0.92157
21981,0.92549
21982,0.91569
21983,0.92549
21984,0.92157
21985,0.91569
21986,0.92549
21987,0.92549
21988,0.93137
21989,0.92549
21990,0.92549
21991,0.93137
21992,0.93137
21993,0.92549
21994,0.92549
21995,0.93137
21996,0.92549
21997,0.92549
21998,0.92549
21999,0.92549
22000,0.93137
22001,0.92549
22002,0.93137
22003,0.93725
22004,0.94706
22005,0.96078
22006,0.98235
22007,0.99216
22008,0.98235
22009,0.96078
22010,0.96667
22011,0.96078
22012,0.95098
22013,0.92549
22014,0.91569
22015,0.91176
22016,0.90588
22017,0.91176
22018,0.91176
22019,0.91569
22020,0.96667
22021,1.0667
22022,0.71569
22023,-0.14118
22024,-0.50196
22025,-0.50196
22026,-0.50196
22027,-0.50196
22028,-0.50196
22029,-0.41176
22030,-0.031373
22031,0.38039
22032,0.75098
22033,0.95098
22034,1.1314
22035,1.3078
22036,1.3529
22037,1.3784
22038,1.3824
22039,1.3882
22040,1.3922
22041,1.3922
22042,1.398
22043,1.402
22044,1.4078
22045,1.4176
22046,1.4275
22047,1.4471
22048,1.4725
22049,1.5039
22050,1.5039
22051,1.5039
22052,1.5039
22053,1.5039
22054,1.5039
22055,1.5039
22056,1.5039
22057,1.5039
22058,1.5039
22059,1.5039
22060,1.5039
22061,1.5039
22062,1.4333
22063,1.3078
22064,1.202
22065,1.1216
22066,1.0667
22067,1.0157
22068,0.99216
22069,0.97059
22070,0.96667
22071,0.96078
22072,0.95686
22073,0.96078
22074,0.95686
22075,0.95686
22076,0.96078
22077,0.96667
22078,0.96078
22079,0.96078
22080,0.96667
22081,0.96078
22082,0.96667
22083,0.96078
22084,0.95686
22085,0.96078
22086,0.95098
22087,0.95098
22088,0.95098
22089,0.95686
22090,0.95098
22091,0.95098
22092,0.95098
22093,0.95098
22094,0.95098
22095,0.95098
22096,0.96667
22097,0.97059
22098,0.98235
22099,1.002
22100,1.0059
22101,1.002
22102,0.98627
22103,0.98235
22104,0.98627
22105,0.96078
22106,0.94706
22107,0.92549
22108,0.91569
22109,0.90588
22110,0.90588
22111,0.90588
22112,0.90588
22113,0.95098
22114,1.0412
22115,0.7098
22116,-0.092157
22117,-0.50196
22118,-0.50196
22119,-0.50196
22120,-0.50196
22121,-0.50196
22122,-0.40784
22123,-0.056863
22124,0.34902
22125,0.71569
22126,0.91569
22127,1.102
22128,1.2667
22129,1.3216
22130,1.3373
22131,1.3529
22132,1.3529
22133,1.3569
22134,1.3529
22135,1.3627
22136,1.3667
22137,1.3725
22138,1.3824
22139,1.398
22140,1.4118
22141,1.4373
22142,1.4725
22143,1.5039
22144,1.5039
22145,1.5039
22146,1.5039
22147,1.5039
22148,1.5039
22149,1.5039
22150,1.5039
22151,1.5039
22152,1.5039
22153,1.5039
22154,1.5039
22155,1.4275
22156,1.3078
22157,1.1961
22158,1.1216
22159,1.0608
22160,1.0157
22161,0.99216
22162,0.97059
22163,0.96078
22164,0.95686
22165,0.95098
22166,0.95098
22167,0.95098
22168,0.95098
22169,0.95686
22170,0.96078
22171,0.96667
22172,0.96667
22173,0.96667
22174,0.96667
22175,0.97059
22176,0.97059
22177,0.97059
22178,0.96667
22179,0.96667
22180,0.96667
22181,0.96078
22182,0.95686
22183,0.95686
22184,0.95098
22185,0.96078
22186,0.96667
22187,0.97059
22188,0.97059
22189,0.97647
22190,1.002
22191,1.0118
22192,1.0059
22193,1.002
22194,0.98627
22195,0.99216
22196,0.97647
22197,0.95098
22198,0.94118
22199,0.92549
22200,0.92157
22201,0.91569
22202,0.91569
22203,0.91569
22204,0.94706
22205,1.0275
22206,1.051
22207,0.19412
22208,-0.50196
22209,-0.50196
22210,-0.50196
22211,-0.50196
22212,-0.50196
22213,-0.49216
22214,-0.17255
22215,0.21961
22216,0.61569
22217,0.85686
22218,1.0373
22219,1.2216
22220,1.3078
22221,1.3275
22222,1.3373
22223,1.3431
22224,1.3471
22225,1.3529
22226,1.3529
22227,1.3627
22228,1.3667
22229,1.3784
22230,1.3824
22231,1.402
22232,1.4275
22233,1.4627
22234,1.502
22235,1.5039
22236,1.5039
22237,1.5039
22238,1.5039
22239,1.5039
22240,1.5039
22241,1.5039
22242,1.5039
22243,1.5039
22244,1.5039
22245,1.5039
22246,1.4529
22247,1.3216
22248,1.2176
22249,1.1373
22250,1.0608
22251,1.0157
22252,0.98627
22253,0.97059
22254,0.94706
22255,0.95098
22256,0.92549
22257,0.95098
22258,0.92549
22259,0.94118
22260,0.93137
22261,0.92157
22262,0.93137
22263,0.93725
22264,0.94118
22265,0.93137
22266,0.94118
22267,0.95098
22268,0.92157
22269,0.93137
22270,0.93725
22271,0.90588
22272,0.94118
22273,0.93137
22274,0.93725
22275,0.92549
22276,0.92549
22277,0.92157
22278,0.92549
22279,0.95098
22280,0.95686
22281,0.97647
22282,0.98235
22283,0.98235
22284,0.98627
22285,0.95686
22286,0.96667
22287,0.95098
22288,0.93725
22289,0.91569
22290,0.90588
22291,0.90196
22292,0.90588
22293,0.90196
22294,0.90588
22295,0.93725
22296,1.0275
22297,1.0569
22298,0.14314
22299,-0.50196
22300,-0.50196
22301,-0.50196
22302,-0.50196
22303,-0.50196
22304,-0.50196
22305,-0.15686
22306,0.24902
22307,0.6451
22308,0.8902
22309,1.0667
22310,1.2725
22311,1.3529
22312,1.3784
22313,1.3882
22314,1.3922
22315,1.3922
22316,1.3922
22317,1.398
22318,1.402
22319,1.4078
22320,1.4235
22321,1.4275
22322,1.4471
22323,1.4725
22324,1.5039
22325,1.5039
22326,1.5039
22327,1.5039
22328,1.5039
22329,1.5039
22330,1.5039
22331,1.5039
22332,1.5039
22333,1.5039
22334,1.5039
22335,1.5039
22336,1.5039
22337,1.4824
22338,1.3471
22339,1.2431
22340,1.1569
22341,1.0922
22342,1.0471
22343,1.0059
22344,0.99216
22345,0.97647
22346,0.97059
22347,0.97059
22348,0.96667
22349,0.96667
22350,0.96667
22351,0.97059
22352,0.97059
22353,0.97059
22354,0.97059
22355,0.97059
22356,0.97647
22357,0.97059
22358,0.97059
22359,0.96667
22360,0.97059
22361,0.96078
22362,0.96667
22363,0.96078
22364,0.96667
22365,0.96078
22366,0.96078
22367,0.95686
22368,0.96078
22369,0.95098
22370,0.95098
22371,0.95098
22372,0.95686
22373,0.96667
22374,0.97647
22375,0.99608
22376,1.002
22377,1.002
22378,1.002
22379,0.98235
22380,0.98627
22381,0.97647
22382,0.95098
22383,0.93725
22384,0.92549
22385,0.91176
22386,0.90588
22387,0.91176
22388,0.91176
22389,0.93137
22390,0.99216
22391,1.0412
22392,0.33529
22393,-0.50196
22394,-0.50196
22395,-0.50196
22396,-0.50196
22397,-0.50196
22398,-0.50196
22399,-0.24706
22400,0.14314
22401,0.55098
22402,0.83137
22403,1.002
22404,1.1961
22405,1.298
22406,1.3275
22407,1.3431
22408,1.3529
22409,1.3529
22410,1.3569
22411,1.3569
22412,1.3627
22413,1.3725
22414,1.3784
22415,1.3882
22416,1.402
22417,1.4235
22418,1.4569
22419,1.498
22420,1.5039
22421,1.5039
22422,1.5039
22423,1.5039
22424,1.5039
22425,1.5039
22426,1.5039
22427,1.5039
22428,1.5039
22429,1.5039
22430,1.5039
22431,1.5039
22432,1.3784
22433,1.2627
22434,1.1667
22435,1.0961
22436,1.0412
22437,1.0118
22438,0.99216
22439,0.97647
22440,0.96667
22441,0.96078
22442,0.96078
22443,0.96078
22444,0.96667
22445,0.96078
22446,0.96667
22447,0.97059
22448,0.97647
22449,0.97059
22450,0.97647
22451,0.97059
22452,0.97059
22453,0.97647
22454,0.97059
22455,0.97059
22456,0.97647
22457,0.97059
22458,0.96667
22459,0.96667
22460,0.96667
22461,0.96667
22462,0.96667
22463,0.96667
22464,0.96667
22465,0.97647
22466,0.97059
22467,0.99608
22468,1.0118
22469,1.0059
22470,1.0059
22471,0.99216
22472,1.002
22473,0.99216
22474,0.96667
22475,0.94706
22476,0.92549
22477,0.92549
22478,0.92157
22479,0.92549
22480,0.91569
22481,0.93137
22482,0.98627
22483,1.0471
22484,0.46078
22485,-0.37843
22486,-0.50196
22487,-0.50196
22488,-0.50196
22489,-0.50196
22490,-0.50196
22491,-0.27647
22492,0.094118
22493,0.5
22494,0.81176
22495,0.98235
22496,1.1725
22497,1.298
22498,1.3275
22499,1.3431
22500,1.3529
22501,1.3569
22502,1.3627
22503,1.3667
22504,1.3725
22505,1.3725
22506,1.3784
22507,1.3882
22508,1.402
22509,1.4235
22510,1.4569
22511,1.4922
22512,1.5039
22513,1.5039
22514,1.5039
22515,1.5039
22516,1.5039
22517,1.5039
22518,1.5039
22519,1.5039
22520,1.5039
22521,1.5039
22522,1.5039
22523,1.5039
22524,1.3882
22525,1.2725
22526,1.1765
22527,1.1059
22528,1.0471
22529,1.0118
22530,0.99216
22531,0.98235
22532,0.96667
22533,0.97647
22534,0.95098
22535,0.97059
22536,0.96078
22537,0.97647
22538,0.96078
22539,0.95098
22540,0.96667
22541,0.95098
22542,0.94706
22543,0.95686
22544,0.95098
22545,0.94706
22546,0.94706
22547,0.95686
22548,0.94118
22549,0.93137
22550,0.92549
22551,0.93725
22552,0.92549
22553,0.93725
22554,0.92549
22555,0.92549
22556,0.92549
22557,0.93725
22558,0.92549
22559,0.96667
22560,0.97647
22561,0.96667
22562,0.97647
22563,0.94706
22564,0.94118
22565,0.95686
22566,0.93137
22567,0.89608
22568,0.88039
22569,0.90196
22570,0.88039
22571,0.90196
22572,0.88039
22573,0.92157
22574,0.98627
22575,1.0412
22576,0.33529
22577,-0.50196
22578,-0.50196
22579,-0.50196
22580,-0.50196
22581,-0.50196
22582,-0.50196
22583,-0.25686
22584,0.14902
22585,0.5549
22586,0.84118
22587,1.0314
22588,1.2216
22589,1.3373
22590,1.3569
22591,1.3784
22592,1.3824
22593,1.3784
22594,1.3784
22595,1.3824
22596,1.3922
22597,1.398
22598,1.4078
22599,1.4235
22600,1.4333
22601,1.4569
22602,1.4922
22603,1.5039
22604,1.5039
22605,1.5039
22606,1.5039
22607,1.5039
22608,1.5039
22609,1.5039
22610,1.5039
22611,1.5039
22612,1.5039
22613,1.5039
22614,1.5039
22615,1.5039
22616,1.398
22617,1.2765
22618,1.1922
22619,1.1176
22620,1.0667
22621,1.0275
22622,1.002
22623,0.99608
22624,0.99216
22625,0.98627
22626,0.98235
22627,0.98235
22628,0.98235
22629,0.98627
22630,0.98627
22631,0.98627
22632,0.98627
22633,0.99216
22634,0.98627
22635,0.99216
22636,0.98627
22637,0.98627
22638,0.98627
22639,0.98627
22640,0.97647
22641,0.98235
22642,0.97647
22643,0.97647
22644,0.97647
22645,0.97059
22646,0.97059
22647,0.97647
22648,0.97059
22649,0.97059
22650,0.97647
22651,0.97647
22652,0.98235
22653,0.98235
22654,1.0059
22655,1.0216
22656,1.0216
22657,1.0157
22658,0.99216
22659,0.99608
22660,0.98627
22661,0.96667
22662,0.95098
22663,0.93725
22664,0.92549
22665,0.92157
22666,0.92549
22667,0.92157
22668,0.93725
22669,0.99608
22670,1.0412
22671,0.4
22672,-0.46863
22673,-0.50196
22674,-0.50196
22675,-0.50196
22676,-0.50196
22677,-0.50196
22678,-0.27647
22679,0.1098
22680,0.52549
22681,0.82157
22682,0.99608
22683,1.1863
22684,1.3078
22685,1.3333
22686,1.3471
22687,1.3529
22688,1.3529
22689,1.3529
22690,1.3569
22691,1.3667
22692,1.3667
22693,1.3784
22694,1.3882
22695,1.398
22696,1.4235
22697,1.4471
22698,1.4882
22699,1.5039
22700,1.5039
22701,1.5039
22702,1.5039
22703,1.5039
22704,1.5039
22705,1.5039
22706,1.5039
22707,1.5039
22708,1.5039
22709,1.5039
22710,1.5039
22711,1.3882
22712,1.2667
22713,1.1725
22714,1.0961
22715,1.0373
22716,1.002
22717,0.97647
22718,0.96078
22719,0.95098
22720,0.95098
22721,0.95098
22722,0.95098
22723,0.95098
22724,0.95098
22725,0.95098
22726,0.95098
22727,0.95098
22728,0.95098
22729,0.95686
22730,0.95098
22731,0.95686
22732,0.96078
22733,0.95686
22734,0.95098
22735,0.95686
22736,0.95686
22737,0.96078
22738,0.95686
22739,0.95686
22740,0.95098
22741,0.94706
22742,0.95098
22743,0.95098
22744,0.96667
22745,0.97059
22746,0.99216
22747,1.002
22748,1.002
22749,0.99608
22750,0.97647
22751,0.98235
22752,0.97647
22753,0.95098
22754,0.93137
22755,0.91176
22756,0.90588
22757,0.90588
22758,0.90588
22759,0.90196
22760,0.92157
22761,0.98627
22762,1.0373
22763,0.3902
22764,-0.45294
22765,-0.50196
22766,-0.50196
22767,-0.50196
22768,-0.50196
22769,-0.50196
22770,-0.27647
22771,0.10392
22772,0.51569
22773,0.81176
22774,0.99216
22775,1.1863
22776,1.298
22777,1.3275
22778,1.3373
22779,1.3431
22780,1.3471
22781,1.3529
22782,1.3569
22783,1.3569
22784,1.3667
22785,1.3784
22786,1.3824
22787,1.398
22788,1.4176
22789,1.4471
22790,1.4882
22791,1.5039
22792,1.5039
22793,1.5039
22794,1.5039
22795,1.5039
22796,1.5039
22797,1.5039
22798,1.5039
22799,1.5039
22800,1.5039
22801,1.5039
22802,1.5039
22803,1.3725
22804,1.2627
22805,1.1667
22806,1.0961
22807,1.0412
22808,1.0059
22809,0.98235
22810,0.96078
22811,0.95098
22812,0.95686
22813,0.95686
22814,0.96078
22815,0.95686
22816,0.95686
22817,0.95098
22818,0.96078
22819,0.96078
22820,0.97059
22821,0.97059
22822,0.96667
22823,0.96667
22824,0.96667
22825,0.96078
22826,0.95686
22827,0.96078
22828,0.95686
22829,0.96078
22830,0.96078
22831,0.95686
22832,0.95686
22833,0.95686
22834,0.95686
22835,0.96078
22836,0.96667
22837,0.97647
22838,0.99608
22839,1.0118
22840,1.002
22841,1.0059
22842,0.99216
22843,0.99608
22844,0.97647
22845,0.95098
22846,0.93137
22847,0.91569
22848,0.91176
22849,0.90588
22850,0.90588
22851,0.91176
22852,0.94118
22853,1.0216
22854,1.0314
22855,0.14902
22856,-0.50196
22857,-0.50196
22858,-0.50196
22859,-0.50196
22860,-0.50196
22861,-0.50196
22862,-0.14706
22863,0.23333
22864,0.63529
22865,0.85686
22866,1.0373
22867,1.2275
22868,1.302
22869,1.3176
22870,1.3373
22871,1.3373
22872,1.3275
22873,1.3529
22874,1.3275
22875,1.3471
22876,1.3373
22877,1.3725
22878,1.3784
22879,1.3725
22880,1.398
22881,1.4373
22882,1.498
22883,1.5039
22884,1.5039
22885,1.5039
22886,1.5039
22887,1.5039
22888,1.5039
22889,1.5039
22890,1.5039
22891,1.5039
22892,1.5039
22893,1.5039
22894,1.4431
22895,1.3118
22896,1.1922
22897,1.102
22898,1.0412
22899,0.98627
22900,0.96078
22901,0.93725
22902,0.94706
22903,0.92549
22904,0.91569
22905,0.91176
22906,0.92549
22907,0.92549
22908,0.92157
22909,0.91569
22910,0.92549
22911,0.92549
22912,0.92549
22913,0.92549
22914,0.93137
22915,0.93725
22916,0.92549
22917,0.93725
22918,0.94118
22919,0.93725
22920,0.94118
22921,0.93725
22922,0.93137
22923,0.94706
22924,0.94118
22925,0.95098
22926,0.95098
22927,0.97059
22928,0.98627
22929,1.002
22930,0.99608
22931,0.98235
22932,0.97059
22933,0.98235
22934,0.96078
22935,0.94706
22936,0.92549
22937,0.92157
22938,0.91569
22939,0.91569
22940,0.91176
22941,0.91569
22942,0.95098
22943,1.0471
22944,1.051
22945,0.052941
22946,-0.50196
22947,-0.50196
22948,-0.50196
22949,-0.50196
22950,-0.50196
22951,-0.48824
22952,-0.12157
22953,0.28431
22954,0.67647
22955,0.90196
22956,1.0824
22957,1.2725
22958,1.3471
22959,1.3667
22960,1.3784
22961,1.3784
22962,1.3882
22963,1.3824
22964,1.3882
22965,1.398
22966,1.398
22967,1.4078
22968,1.4235
22969,1.4373
22970,1.4627
22971,1.498
22972,1.5039
22973,1.5039
22974,1.5039
22975,1.5039
22976,1.5039
22977,1.5039
22978,1.5039
22979,1.5039
22980,1.5039
22981,1.5039
22982,1.5039
22983,1.5039
22984,1.4569
22985,1.3275
22986,1.2176
22987,1.1314
22988,1.0725
22989,1.0275
22990,0.99608
22991,0.97647
22992,0.96667
22993,0.96078
22994,0.95686
22995,0.95098
22996,0.95686
22997,0.95686
22998,0.95098
22999,0.95686
23000,0.96078
23001,0.96078
23002,0.96667
23003,0.96078
23004,0.96078
23005,0.95686
23006,0.96078
23007,0.95686
23008,0.95686
23009,0.95098
23010,0.95686
23011,0.95098
23012,0.95098
23013,0.95098
23014,0.95098
23015,0.95098
23016,0.95686
23017,0.95098
23018,0.95686
23019,0.96667
23020,0.97647
23021,0.99608
23022,1.002
23023,1.002
23024,0.99216
23025,0.98235
23026,0.98627
23027,0.97059
23028,0.94706
23029,0.93137
23030,0.91569
23031,0.91176
23032,0.91569
23033,0.90588
23034,0.91176
23035,0.94706
23036,1.0275
23037,0.83137
23038,0.068627
23039,-0.50196
23040,-0.50196
23041,-0.50196
23042,-0.50196
23043,-0.50196
23044,-0.47255
23045,-0.12745
23046,0.26471
23047,0.6549
23048,0.88039
23049,1.0608
23050,1.2431
23051,1.3118
23052,1.3333
23053,1.3431
23054,1.3471
23055,1.3529
23056,1.3529
23057,1.3529
23058,1.3569
23059,1.3627
23060,1.3784
23061,1.3882
23062,1.402
23063,1.4235
23064,1.4627
23065,1.502
23066,1.5039
23067,1.5039
23068,1.5039
23069,1.5039
23070,1.5039
23071,1.5039
23072,1.5039
23073,1.5039
23074,1.5039
23075,1.5039
23076,1.5039
23077,1.4529
23078,1.3275
23079,1.2216
23080,1.1314
23081,1.0725
23082,1.0275
23083,0.99608
23084,0.97647
23085,0.96078
23086,0.95686
23087,0.95098
23088,0.95098
23089,0.95098
23090,0.95098
23091,0.95686
23092,0.95098
23093,0.95686
23094,0.95098
23095,0.95686
23096,0.96078
23097,0.95686
23098,0.95686
23099,0.96078
23100,0.95686
23101,0.95098
23102,0.95686
23103,0.95098
23104,0.95686
23105,0.96078
23106,0.96078
23107,0.95686
23108,0.95686
23109,0.95686
23110,0.96078
23111,0.97059
23112,0.97647
23113,0.99216
23114,1.0059
23115,1.0059
23116,1.0059
23117,0.98627
23118,0.99216
23119,0.98235
23120,0.96078
23121,0.93725
23122,0.92549
23123,0.91569
23124,0.91569
23125,0.91176
23126,0.91569
23127,0.93137
23128,0.99216
23129,1.0373
23130,0.42941
23131,-0.41765
23132,-0.50196
23133,-0.50196
23134,-0.50196
23135,-0.50196
23136,-0.50196
23137,-0.27255
23138,0.098039
23139,0.50588
23140,0.80588
23141,0.98235
23142,1.1765
23143,1.2922
23144,1.3275
23145,1.3431
23146,1.3471
23147,1.3529
23148,1.3529
23149,1.3569
23150,1.3627
23151,1.3725
23152,1.3784
23153,1.3824
23154,1.398
23155,1.4176
23156,1.4471
23157,1.4824
23158,1.5039
23159,1.5039
23160,1.5039
23161,1.5039
23162,1.5039
23163,1.5039
23164,1.5039
23165,1.5039
23166,1.5039
23167,1.5039
23168,1.5039
23169,1.502
23170,1.3667
23171,1.2373
23172,1.1471
23173,1.0863
23174,1.0373
23175,0.99608
23176,0.97059
23177,0.95098
23178,0.94118
23179,0.95098
23180,0.93725
23181,0.93137
23182,0.93725
23183,0.93137
23184,0.93725
23185,0.94118
23186,0.93137
23187,0.93725
23188,0.93137
23189,0.94706
23190,0.92549
23191,0.94118
23192,0.93137
23193,0.93137
23194,0.92549
23195,0.94118
23196,0.93725
23197,0.92157
23198,0.92549
23199,0.92549
23200,0.93137
23201,0.92549
23202,0.94706
23203,0.93725
23204,0.95686
23205,0.97647
23206,0.97059
23207,0.97647
23208,0.96078
23209,0.95686
23210,0.96667
23211,0.94706
23212,0.93137
23213,0.92157
23214,0.90588
23215,0.90588
23216,0.90588
23217,0.91176
23218,0.92549
23219,0.98627
23220,1.0569
23221,0.5098
23222,-0.42353
23223,-0.50196
23224,-0.50196
23225,-0.50196
23226,-0.50196
23227,-0.50196
23228,-0.29804
23229,0.098039
23230,0.50588
23231,0.82157
23232,1.0059
23233,1.202
23234,1.3333
23235,1.3725
23236,1.3882
23237,1.3922
23238,1.398
23239,1.398
23240,1.402
23241,1.4078
23242,1.4078
23243,1.4176
23244,1.4275
23245,1.4471
23246,1.4686
23247,1.502
23248,1.5039
23249,1.5039
23250,1.5039
23251,1.5039
23252,1.5039
23253,1.5039
23254,1.5039
23255,1.5039
23256,1.5039
23257,1.5039
23258,1.5039
23259,1.5039
23260,1.5039
23261,1.4118
23262,1.2922
23263,1.1961
23264,1.1216
23265,1.0667
23266,1.0275
23267,1.002
23268,0.98627
23269,0.97647
23270,0.97647
23271,0.97059
23272,0.97059
23273,0.97059
23274,0.97647
23275,0.97647
23276,0.97647
23277,0.97647
23278,0.97647
23279,0.97647
23280,0.97647
23281,0.97647
23282,0.97647
23283,0.97647
23284,0.97059
23285,0.97059
23286,0.97059
23287,0.97059
23288,0.96078
23289,0.96078
23290,0.96078
23291,0.96078
23292,0.96078
23293,0.96078
23294,0.96667
23295,0.96667
23296,0.97059
23297,0.97647
23298,0.98627
23299,1.002
23300,1.0157
23301,1.0059
23302,0.99608
23303,0.98235
23304,0.98627
23305,0.97647
23306,0.95098
23307,0.93725
23308,0.92549
23309,0.91569
23310,0.91569
23311,0.91176
23312,0.92157
23313,0.94706
23314,1.0314
23315,1.0471
23316,0.15882
23317,-0.50196
23318,-0.50196
23319,-0.50196
23320,-0.50196
23321,-0.50196
23322,-0.48235
23323,-0.15098
23324,0.2451
23325,0.64118
23326,0.87647
23327,1.051
23328,1.2431
23329,1.3216
23330,1.3373
23331,1.3471
23332,1.3529
23333,1.3569
23334,1.3569
23335,1.3627
23336,1.3627
23337,1.3725
23338,1.3784
23339,1.3922
23340,1.402
23341,1.4275
23342,1.4627
23343,1.498
23344,1.5039
23345,1.5039
23346,1.5039
23347,1.5039
23348,1.5039
23349,1.5039
23350,1.5039
23351,1.5039
23352,1.5039
23353,1.5039
23354,1.5039
23355,1.4725
23356,1.3431
23357,1.2373
23358,1.151
23359,1.0765
23360,1.0373
23361,0.99608
23362,0.97647
23363,0.96078
23364,0.95098
23365,0.95098
23366,0.95098
23367,0.95098
23368,0.94706
23369,0.95098
23370,0.95098
23371,0.95098
23372,0.95686
23373,0.95098
23374,0.96078
23375,0.96078
23376,0.96078
23377,0.95098
23378,0.95686
23379,0.95098
23380,0.95098
23381,0.95098
23382,0.95098
23383,0.95098
23384,0.95098
23385,0.95098
23386,0.95098
23387,0.95098
23388,0.95098
23389,0.95098
23390,0.96078
23391,0.98627
23392,1.002
23393,1.002
23394,0.99216
23395,0.97647
23396,0.98235
23397,0.96667
23398,0.94118
23399,0.92549
23400,0.91569
23401,0.91176
23402,0.90588
23403,0.90588
23404,0.90588
23405,0.93725
23406,1.0216
23407,1.0314
23408,0.12941
23409,-0.50196
23410,-0.50196
23411,-0.50196
23412,-0.50196
23413,-0.50196
23414,-0.48235
23415,-0.15098
23416,0.2451
23417,0.62941
23418,0.86667
23419,1.0412
23420,1.2314
23421,1.302
23422,1.3275
23423,1.3373
23424,1.3431
23425,1.3471
23426,1.3471
23427,1.3333
23428,1.3569
23429,1.3529
23430,1.3784
23431,1.3784
23432,1.398
23433,1.4235
23434,1.4529
23435,1.502
23436,1.5039
23437,1.5039
23438,1.5039
23439,1.5039
23440,1.5039
23441,1.5039
23442,1.5039
23443,1.5039
23444,1.5039
23445,1.5039
23446,1.5039
23447,1.4373
23448,1.2922
23449,1.1863
23450,1.1059
23451,1.0373
23452,0.99608
23453,0.96667
23454,0.95098
23455,0.92549
23456,0.92549
23457,0.93137
23458,0.92157
23459,0.90588
23460,0.90196
23461,0.91176
23462,0.92549
23463,0.91569
23464,0.92157
23465,0.91569
23466,0.90588
23467,0.92549
23468,0.91569
23469,0.90588
23470,0.91176
23471,0.92157
23472,0.91569
23473,0.91176
23474,0.92157
23475,0.91176
23476,0.91569
23477,0.92157
23478,0.92157
23479,0.92157
23480,0.93137
23481,0.95686
23482,0.97647
23483,0.97059
23484,0.96667
23485,0.95098
23486,0.95098
23487,0.95686
23488,0.93137
23489,0.91569
23490,0.90196
23491,0.8902
23492,0.89608
23493,0.90196
23494,0.90196
23495,0.92549
23496,0.99216
23497,1.0471
23498,0.35882
23499,-0.50196
23500,-0.50196
23501,-0.50196
23502,-0.50196
23503,-0.50196
23504,-0.50196
23505,-0.27255
23506,0.12941
23507,0.53922
23508,0.83529
23509,1.0157
23510,1.2176
23511,1.3275
23512,1.3569
23513,1.3725
23514,1.3784
23515,1.3824
23516,1.3922
23517,1.3882
23518,1.398
23519,1.402
23520,1.4118
23521,1.4176
23522,1.4431
23523,1.4569
23524,1.4922
23525,1.5039
23526,1.5039
23527,1.5039
23528,1.5039
23529,1.5039
23530,1.5039
23531,1.5039
23532,1.5039
23533,1.5039
23534,1.5039
23535,1.5039
23536,1.5039
23537,1.5039
23538,1.3725
23539,1.2627
23540,1.1667
23541,1.0961
23542,1.0412
23543,1.0059
23544,0.98235
23545,0.97059
23546,0.96667
23547,0.96667
23548,0.95686
23549,0.96667
23550,0.96078
23551,0.96667
23552,0.96667
23553,0.97059
23554,0.96667
23555,0.96667
23556,0.96667
23557,0.96667
23558,0.96078
23559,0.95686
23560,0.95686
23561,0.95098
23562,0.95098
23563,0.95098
23564,0.95098
23565,0.95098
23566,0.95098
23567,0.95098
23568,0.95098
23569,0.95098
23570,0.95098
23571,0.95098
23572,0.95686
23573,0.96078
23574,0.97647
23575,0.99608
23576,0.99608
23577,1.002
23578,0.97647
23579,0.97647
23580,0.98235
23581,0.96078
23582,0.94118
23583,0.92157
23584,0.90588
23585,0.90588
23586,0.90588
23587,0.90588
23588,0.90588
23589,0.95098
23590,1.0373
23591,0.7
23592,-0.11176
23593,-0.50196
23594,-0.50196
23595,-0.50196
23596,-0.50196
23597,-0.50196
23598,-0.40784
23599,-0.041176
23600,0.3549
23601,0.71569
23602,0.92157
23603,1.102
23604,1.2667
23605,1.3216
23606,1.3373
23607,1.3471
23608,1.3529
23609,1.3529
23610,1.3569
23611,1.3529
23612,1.3627
23613,1.3667
23614,1.3784
23615,1.3882
23616,1.4078
23617,1.4333
23618,1.4686
23619,1.5039
23620,1.5039
23621,1.5039
23622,1.5039
23623,1.5039
23624,1.5039
23625,1.5039
23626,1.5039
23627,1.5039
23628,1.5039
23629,1.5039
23630,1.5039
23631,1.4275
23632,1.3078
23633,1.2078
23634,1.1275
23635,1.0608
23636,1.0216
23637,0.99608
23638,0.97647
23639,0.96667
23640,0.95686
23641,0.95098
23642,0.95098
23643,0.95098
23644,0.95098
23645,0.95686
23646,0.96078
23647,0.96078
23648,0.96078
23649,0.96078
23650,0.96667
23651,0.96078
23652,0.96667
23653,0.96078
23654,0.96667
23655,0.96078
23656,0.96667
23657,0.96667
23658,0.96078
23659,0.95686
23660,0.96078
23661,0.95686
23662,0.95098
23663,0.95098
23664,0.96667
23665,0.97059
23666,0.99216
23667,1.002
23668,1.0059
23669,1.002
23670,0.98235
23671,0.98627
23672,0.98235
23673,0.95686
23674,0.93725
23675,0.92157
23676,0.91176
23677,0.90588
23678,0.91176
23679,0.91176
23680,0.92157
23681,0.97059
23682,1.0314
23683,0.53922
23684,-0.28824
23685,-0.50196
23686,-0.50196
23687,-0.50196
23688,-0.50196
23689,-0.50196
23690,-0.33725
23691,0.033333
23692,0.43922
23693,0.77059
23694,0.95098
23695,1.1412
23696,1.2824
23697,1.3216
23698,1.3373
23699,1.3471
23700,1.3529
23701,1.3529
23702,1.3569
23703,1.3627
23704,1.3725
23705,1.3784
23706,1.3882
23707,1.398
23708,1.4176
23709,1.4471
23710,1.4824
23711,1.5039
23712,1.5039
23713,1.5039
23714,1.5039
23715,1.5039
23716,1.5039
23717,1.5039
23718,1.5039
23719,1.5039
23720,1.5039
23721,1.5039
23722,1.5039
23723,1.3922
23724,1.2824
23725,1.1765
23726,1.1059
23727,1.051
23728,1.0118
23729,0.97647
23730,0.96667
23731,0.95098
23732,0.96667
23733,0.94118
23734,0.95098
23735,0.95098
23736,0.95686
23737,0.94706
23738,0.96078
23739,0.94118
23740,0.95098
23741,0.95098
23742,0.95686
23743,0.95098
23744,0.94118
23745,0.95098
23746,0.94706
23747,0.93725
23748,0.94706
23749,0.93137
23750,0.92549
23751,0.93137
23752,0.92549
23753,0.91176
23754,0.93137
23755,0.93725
23756,0.92157
23757,0.94706
23758,0.95686
23759,0.97059
23760,0.96667
23761,0.97059
23762,0.92157
23763,0.94706
23764,0.93137
23765,0.90588
23766,0.89608
23767,0.90196
23768,0.88039
23769,0.88039
23770,0.88039
23771,0.87647
23772,0.91176
23773,0.98627
23774,1.0216
23775,0.19412
23776,-0.50196
23777,-0.50196
23778,-0.50196
23779,-0.50196
23780,-0.50196
23781,-0.50196
23782,-0.18627
23783,0.21373
23784,0.6098
23785,0.85686
23786,1.0373
23787,1.2314
23788,1.3118
23789,1.3373
23790,1.3529
23791,1.3627
23792,1.3667
23793,1.3725
23794,1.3784
23795,1.3784
23796,1.3824
23797,1.398
23798,1.4078
23799,1.4235
23800,1.4471
23801,1.4824
23802,1.5039
23803,1.5039
23804,1.5039
23805,1.5039
23806,1.5039
23807,1.5039
23808,1.5039
23809,1.5039
23810,1.5039
23811,1.5039
23812,1.5039
23813,1.5039
23814,1.4922
23815,1.3569
23816,1.2471
23817,1.1569
23818,1.0922
23819,1.0412
23820,1.0059
23821,0.98627
23822,0.98235
23823,0.97647
23824,0.97647
23825,0.97059
23826,0.97647
23827,0.97647
23828,0.97647
23829,0.97647
23830,0.98235
23831,0.98235
23832,0.98235
23833,0.98627
23834,0.97647
23835,0.97647
23836,0.97059
23837,0.97647
23838,0.97059
23839,0.96667
23840,0.96078
23841,0.96667
23842,0.96078
23843,0.96667
23844,0.96078
23845,0.96667
23846,0.96078
23847,0.97059
23848,0.97059
23849,0.96667
23850,0.97647
23851,0.98235
23852,1.002
23853,1.0118
23854,1.0059
23855,1.0059
23856,0.99216
23857,0.99216
23858,0.99608
23859,0.96078
23860,0.94118
23861,0.92549
23862,0.92157
23863,0.91176
23864,0.91176
23865,0.91176
23866,0.92157
23867,0.98235
23868,1.0314
23869,0.4451
23870,-0.40196
23871,-0.50196
23872,-0.50196
23873,-0.50196
23874,-0.50196
23875,-0.50196
23876,-0.30784
23877,0.078431
23878,0.4902
23879,0.79608
23880,0.97647
23881,1.1667
23882,1.2922
23883,1.3275
23884,1.3373
23885,1.3471
23886,1.3529
23887,1.3529
23888,1.3569
23889,1.3667
23890,1.3725
23891,1.3784
23892,1.3784
23893,1.398
23894,1.4176
23895,1.4471
23896,1.4824
23897,1.5039
23898,1.5039
23899,1.5039
23900,1.5039
23901,1.5039
23902,1.5039
23903,1.5039
23904,1.5039
23905,1.5039
23906,1.5039
23907,1.5039
23908,1.5039
23909,1.3922
23910,1.2765
23911,1.1824
23912,1.1059
23913,1.051
23914,1.0157
23915,0.98627
23916,0.97059
23917,0.95686
23918,0.95098
23919,0.95098
23920,0.95098
23921,0.95098
23922,0.95098
23923,0.95098
23924,0.95686
23925,0.96667
23926,0.96078
23927,0.96078
23928,0.96078
23929,0.96667
23930,0.96667
23931,0.96667
23932,0.95686
23933,0.96078
23934,0.96667
23935,0.96667
23936,0.96078
23937,0.96078
23938,0.95686
23939,0.95686
23940,0.95686
23941,0.96078
23942,0.96667
23943,0.97647
23944,0.99216
23945,1.0059
23946,1.002
23947,1.002
23948,0.98627
23949,0.98627
23950,0.97647
23951,0.95686
23952,0.93137
23953,0.92549
23954,0.91569
23955,0.91176
23956,0.90588
23957,0.91176
23958,0.92157
23959,0.97647
23960,1.0314
23961,0.5
23962,-0.33333
23963,-0.50196
23964,-0.50196
23965,-0.50196
23966,-0.50196
23967,-0.50196
23968,-0.31176
23969,0.058824
23970,0.46471
23971,0.78627
23972,0.97059
23973,1.1569
23974,1.2922
23975,1.3275
23976,1.3373
23977,1.3471
23978,1.3529
23979,1.3529
23980,1.3569
23981,1.3667
23982,1.3725
23983,1.3784
23984,1.3784
23985,1.398
23986,1.4176
23987,1.4431
23988,1.4824
23989,1.5039
23990,1.5039
23991,1.5039
23992,1.5039
23993,1.5039
23994,1.5039
23995,1.5039
23996,1.5039
23997,1.5039
23998,1.5039
23999,1.5039
24000,1.5039
24001,1.3922
24002,1.2725
24003,1.1765
24004,1.1059
24005,1.0471
24006,1.0059
24007,0.98627
24008,0.97647
24009,0.96078
24010,0.95686
24011,0.95098
24012,0.95686
24013,0.96078
24014,0.96078
24015,0.95686
24016,0.96078
24017,0.96078
24018,0.96667
24019,0.96078
24020,0.96078
24021,0.96078
24022,0.95098
24023,0.95686
24024,0.95098
24025,0.95686
24026,0.96078
24027,0.94118
24028,0.96078
24029,0.95098
24030,0.95098
24031,0.95686
24032,0.95098
24033,0.94706
24034,0.95686
24035,0.94706
24036,0.96078
24037,0.97647
24038,0.98627
24039,0.99216
24040,0.95686
24041,0.96078
24042,0.95098
24043,0.95686
24044,0.91176
24045,0.8902
24046,0.87647
24047,0.8902
24048,0.89608
24049,0.87059
24050,0.88039
24051,0.92549
24052,1.0118
24053,0.71569
24054,-0.13725
24055,-0.50196
24056,-0.50196
24057,-0.50196
24058,-0.50196
24059,-0.50196
24060,-0.45294
24061,-0.041176
24062,0.35882
24063,0.70588
24064,0.92549
24065,1.0961
24066,1.2667
24067,1.3275
24068,1.3529
24069,1.3471
24070,1.3529
24071,1.3627
24072,1.3667
24073,1.3627
24074,1.3725
24075,1.3784
24076,1.3882
24077,1.3824
24078,1.4176
24079,1.4431
24080,1.4824
24081,1.5039
24082,1.5039
24083,1.5039
24084,1.5039
24085,1.5039
24086,1.5039
24087,1.5039
24088,1.5039
24089,1.5039
24090,1.5039
24091,1.5039
24092,1.5039
24093,1.4275
24094,1.302
24095,1.1961
24096,1.1176
24097,1.0608
24098,1.0157
24099,0.99216
24100,0.97059
24101,0.96078
24102,0.96078
24103,0.96078
24104,0.96667
24105,0.96667
24106,0.97059
24107,0.97059
24108,0.97059
24109,0.97647
24110,0.97647
24111,0.97647
24112,0.98235
24113,0.98235
24114,0.97647
24115,0.97059
24116,0.97647
24117,0.97059
24118,0.97059
24119,0.96667
24120,0.96667
24121,0.96667
24122,0.96667
24123,0.96667
24124,0.96667
24125,0.96078
24126,0.96667
24127,0.97059
24128,0.97059
24129,0.97647
24130,1.002
24131,1.0059
24132,1.002
24133,1.0059
24134,0.98627
24135,0.99608
24136,0.97647
24137,0.95686
24138,0.93137
24139,0.92549
24140,0.92157
24141,0.92549
24142,0.91569
24143,0.91176
24144,0.95686
24145,1.0471
24146,0.77647
24147,-0.027451
24148,-0.50196
24149,-0.50196
24150,-0.50196
24151,-0.50196
24152,-0.50196
24153,-0.43725
24154,-0.076471
24155,0.32353
24156,0.7
24157,0.91176
24158,1.0922
24159,1.2667
24160,1.3333
24161,1.3529
24162,1.3569
24163,1.3627
24164,1.3667
24165,1.3667
24166,1.3725
24167,1.3784
24168,1.3824
24169,1.3922
24170,1.402
24171,1.4176
24172,1.4431
24173,1.4725
24174,1.5039
24175,1.5039
24176,1.5039
24177,1.5039
24178,1.5039
24179,1.5039
24180,1.5039
24181,1.5039
24182,1.5039
24183,1.5039
24184,1.5039
24185,1.5039
24186,1.4471
24187,1.3216
24188,1.2118
24189,1.1314
24190,1.0667
24191,1.0275
24192,0.99608
24193,0.97647
24194,0.96078
24195,0.95686
24196,0.95098
24197,0.95098
24198,0.95098
24199,0.95098
24200,0.95098
24201,0.95098
24202,0.96078
24203,0.96078
24204,0.96667
24205,0.96078
24206,0.96667
24207,0.96667
24208,0.95686
24209,0.95686
24210,0.95686
24211,0.96078
24212,0.95686
24213,0.95686
24214,0.95686
24215,0.95686
24216,0.95098
24217,0.95098
24218,0.96078
24219,0.96078
24220,0.96667
24221,0.97059
24222,0.99608
24223,1.002
24224,1.002
24225,0.99608
24226,0.98235
24227,0.98627
24228,0.97059
24229,0.94706
24230,0.92549
24231,0.91569
24232,0.90588
24233,0.91176
24234,0.90588
24235,0.91176
24236,0.94706
24237,1.0314
24238,0.86667
24239,0.11961
24240,-0.50196
24241,-0.50196
24242,-0.50196
24243,-0.50196
24244,-0.50196
24245,-0.48235
24246,-0.15686
24247,0.24902
24248,0.64118
24249,0.87647
24250,1.0471
24251,1.2373
24252,1.3078
24253,1.3275
24254,1.3431
24255,1.3471
24256,1.3529
24257,1.3529
24258,1.3529
24259,1.3569
24260,1.3627
24261,1.3725
24262,1.3882
24263,1.402
24264,1.4235
24265,1.4569
24266,1.498
24267,1.5039
24268,1.5039
24269,1.5039
24270,1.5039
24271,1.5039
24272,1.5039
24273,1.5039
24274,1.5039
24275,1.5039
24276,1.5039
24277,1.5039
24278,1.4569
24279,1.3275
24280,1.2275
24281,1.1373
24282,1.0765
24283,1.0314
24284,0.99608
24285,0.97059
24286,0.96667
24287,0.96078
24288,0.95686
24289,0.95098
24290,0.95098
24291,0.95098
24292,0.95098
24293,0.95098
24294,0.95686
24295,0.96667
24296,0.97059
24297,0.97647
24298,0.97059
24299,0.97059
24300,0.97059
24301,0.97059
24302,0.97059
24303,0.96667
24304,0.95686
24305,0.95686
24306,0.96078
24307,0.95686
24308,0.96078
24309,0.96078
24310,0.96667
24311,0.97059
24312,0.97647
24313,0.98235
24314,1.002
24315,1.0118
24316,1.0059
24317,0.99608
24318,0.98627
24319,0.98627
24320,0.97059
24321,0.95098
24322,0.93137
24323,0.92157
24324,0.91569
24325,0.91176
24326,0.91176
24327,0.91176
24328,0.94706
24329,1.0314
24330,0.85686
24331,0.094118
24332,-0.50196
24333,-0.50196
24334,-0.50196
24335,-0.50196
24336,-0.50196
24337,-0.44706
24338,-0.13725
24339,0.26863
24340,0.6451
24341,0.88627
24342,1.0471
24343,1.2471
24344,1.3176
24345,1.3275
24346,1.3333
24347,1.3529
24348,1.3373
24349,1.3471
24350,1.3431
24351,1.3471
24352,1.3569
24353,1.3627
24354,1.3784
24355,1.398
24356,1.4235
24357,1.4471
24358,1.498
24359,1.5039
24360,1.5039
24361,1.5039
24362,1.5039
24363,1.5039
24364,1.5039
24365,1.5039
24366,1.5039
24367,1.5039
24368,1.5039
24369,1.5039
24370,1.4275
24371,1.298
24372,1.1725
24373,1.102
24374,1.0471
24375,0.98235
24376,0.97059
24377,0.93725
24378,0.93137
24379,0.92549
24380,0.93137
24381,0.92549
24382,0.92157
24383,0.92549
24384,0.92549
24385,0.91569
24386,0.93137
24387,0.93137
24388,0.92549
24389,0.92549
24390,0.93137
24391,0.93725
24392,0.93137
24393,0.92549
24394,0.92549
24395,0.93725
24396,0.94118
24397,0.93725
24398,0.93137
24399,0.93725
24400,0.93725
24401,0.93725
24402,0.94706
24403,0.95098
24404,0.97647
24405,0.99608
24406,0.98627
24407,0.98627
24408,0.97059
24409,0.97059
24410,0.97647
24411,0.94706
24412,0.93137
24413,0.92549
24414,0.91569
24415,0.91176
24416,0.91569
24417,0.92157
24418,0.93725
24419,1.0059
24420,1.0667
24421,0.37059
24422,-0.50196
24423,-0.50196
24424,-0.50196
24425,-0.50196
24426,-0.50196
24427,-0.50196
24428,-0.25686
24429,0.14902
24430,0.56078
24431,0.85098
24432,1.0275
24433,1.2176
24434,1.3333
24435,1.3627
24436,1.3784
24437,1.3882
24438,1.3882
24439,1.3922
24440,1.3922
24441,1.398
24442,1.402
24443,1.4176
24444,1.4235
24445,1.4333
24446,1.4627
24447,1.4882
24448,1.5039
24449,1.5039
24450,1.5039
24451,1.5039
24452,1.5039
24453,1.5039
24454,1.5039
24455,1.5039
24456,1.5039
24457,1.5039
24458,1.5039
24459,1.5039
24460,1.5039
24461,1.3784
24462,1.2627
24463,1.1667
24464,1.0961
24465,1.0412
24466,1.0118
24467,0.98627
24468,0.97647
24469,0.97059
24470,0.96078
24471,0.95686
24472,0.96078
24473,0.96667
24474,0.95686
24475,0.96078
24476,0.96078
24477,0.96667
24478,0.97059
24479,0.97059
24480,0.97059
24481,0.96667
24482,0.96078
24483,0.96078
24484,0.96078
24485,0.95686
24486,0.95686
24487,0.96078
24488,0.96078
24489,0.96078
24490,0.95098
24491,0.96078
24492,0.95686
24493,0.96078
24494,0.96078
24495,0.96078
24496,0.96667
24497,0.98627
24498,1.002
24499,1.0059
24500,1.0118
24501,0.98627
24502,0.99216
24503,0.99608
24504,0.97059
24505,0.94706
24506,0.92549
24507,0.92549
24508,0.91569
24509,0.91176
24510,0.91569
24511,0.92549
24512,0.97059
24513,1.0471
24514,0.61961
24515,-0.20196
24516,-0.50196
24517,-0.50196
24518,-0.50196
24519,-0.50196
24520,-0.50196
24521,-0.36275
24522,0.0078431
24523,0.40392
24524,0.7549
24525,0.95098
24526,1.1275
24527,1.2824
24528,1.3275
24529,1.3471
24530,1.3529
24531,1.3569
24532,1.3627
24533,1.3667
24534,1.3725
24535,1.3725
24536,1.3784
24537,1.3922
24538,1.402
24539,1.4235
24540,1.4471
24541,1.4882
24542,1.5039
24543,1.5039
24544,1.5039
24545,1.5039
24546,1.5039
24547,1.5039
24548,1.5039
24549,1.5039
24550,1.5039
24551,1.5039
24552,1.5039
24553,1.5039
24554,1.4235
24555,1.298
24556,1.1961
24557,1.1176
24558,1.0667
24559,1.0216
24560,0.99608
24561,0.97647
24562,0.96667
24563,0.95686
24564,0.95686
24565,0.95686
24566,0.95686
24567,0.95686
24568,0.96078
24569,0.96078
24570,0.96078
24571,0.96078
24572,0.96667
24573,0.96667
24574,0.97059
24575,0.96667
24576,0.96667
24577,0.97059
24578,0.96667
24579,0.96078
24580,0.95686
24581,0.96078
24582,0.96078
24583,0.95686
24584,0.96078
24585,0.95686
24586,0.96078
24587,0.97059
24588,0.97647
24589,0.98235
24590,1.002
24591,1.0118
24592,1.0059
24593,1.0118
24594,0.99216
24595,0.99608
24596,0.97059
24597,0.95098
24598,0.92549
24599,0.91569
24600,0.91176
24601,0.92157
24602,0.91176
24603,0.92157
24604,0.95686
24605,1.0471
24606,0.76667
24607,-0.027451
24608,-0.50196
24609,-0.50196
24610,-0.50196
24611,-0.50196
24612,-0.50196
24613,-0.42353
24614,-0.066667
24615,0.32353
24616,0.7
24617,0.90196
24618,1.0863
24619,1.2569
24620,1.3176
24621,1.3333
24622,1.3373
24623,1.3471
24624,1.3529
24625,1.3529
24626,1.3569
24627,1.3667
24628,1.3725
24629,1.3784
24630,1.3922
24631,1.4078
24632,1.4333
24633,1.4686
24634,1.5039
24635,1.5039
24636,1.5039
24637,1.5039
24638,1.5039
24639,1.5039
24640,1.5039
24641,1.5039
24642,1.5039
24643,1.5039
24644,1.5039
24645,1.5039
24646,1.4275
24647,1.3078
24648,1.1961
24649,1.1275
24650,1.0608
24651,1.0157
24652,0.99608
24653,0.97647
24654,0.97059
24655,0.96078
24656,0.95686
24657,0.95098
24658,0.95098
24659,0.95098
24660,0.95686
24661,0.95686
24662,0.96078
24663,0.95098
24664,0.95686
24665,0.95686
24666,0.97647
24667,0.95686
24668,0.95098
24669,0.95686
24670,0.95098
24671,0.96078
24672,0.95686
24673,0.96078
24674,0.95098
24675,0.92549
24676,0.94706
24677,0.93137
24678,0.93137
24679,0.94706
24680,0.94706
24681,0.94118
24682,0.97059
24683,0.97647
24684,0.97647
24685,0.98235
24686,0.94706
24687,0.94118
24688,0.96078
24689,0.93137
24690,0.91176
24691,0.88039
24692,0.88627
24693,0.88627
24694,0.86667
24695,0.8902
24696,0.87059
24697,0.97647
24698,1.0216
24699,0.37059
24700,-0.50196
24701,-0.50196
24702,-0.50196
24703,-0.50196
24704,-0.50196
24705,-0.50196
24706,-0.27255
24707,0.13333
24708,0.52549
24709,0.81176
24710,1.0118
24711,1.2176
24712,1.3216
24713,1.3431
24714,1.3667
24715,1.3627
24716,1.3569
24717,1.3667
24718,1.3725
24719,1.3725
24720,1.3784
24721,1.3824
24722,1.398
24723,1.4176
24724,1.4333
24725,1.4627
24726,1.5039
24727,1.5039
24728,1.5039
24729,1.5039
24730,1.5039
24731,1.5039
24732,1.5039
24733,1.5039
24734,1.5039
24735,1.5039
24736,1.5039
24737,1.5039
24738,1.5039
24739,1.3725
24740,1.2529
24741,1.1627
24742,1.0922
24743,1.0412
24744,1.0059
24745,0.98627
24746,0.97059
24747,0.96667
24748,0.96078
24749,0.96667
24750,0.96667
24751,0.96667
24752,0.97059
24753,0.96667
24754,0.97647
24755,0.97647
24756,0.97647
24757,0.98235
24758,0.97647
24759,0.98235
24760,0.97647
24761,0.97059
24762,0.97647
24763,0.96667
24764,0.96667
24765,0.96078
24766,0.95686
24767,0.96078
24768,0.96667
24769,0.96078
24770,0.96078
24771,0.96078
24772,0.97059
24773,0.96667
24774,0.97059
24775,0.97647
24776,0.99216
24777,1.0059
24778,1.0157
24779,1.0118
24780,0.98627
24781,0.98235
24782,0.98627
24783,0.97059
24784,0.95098
24785,0.93137
24786,0.92157
24787,0.91569
24788,0.91569
24789,0.91569
24790,0.91176
24791,0.96667
24792,1.0412
24793,0.6098
24794,-0.23137
24795,-0.50196
24796,-0.50196
24797,-0.50196
24798,-0.50196
24799,-0.50196
24800,-0.37843
24801,0.0039216
24802,0.41569
24803,0.76078
24804,0.94706
24805,1.1314
24806,1.2824
24807,1.3275
24808,1.3431
24809,1.3471
24810,1.3529
24811,1.3569
24812,1.3569
24813,1.3627
24814,1.3667
24815,1.3784
24816,1.3824
24817,1.3922
24818,1.4118
24819,1.4431
24820,1.4784
24821,1.5039
24822,1.5039
24823,1.5039
24824,1.5039
24825,1.5039
24826,1.5039
24827,1.5039
24828,1.5039
24829,1.5039
24830,1.5039
24831,1.5039
24832,1.5039
24833,1.4235
24834,1.302
24835,1.1961
24836,1.1176
24837,1.0608
24838,1.0216
24839,0.98627
24840,0.97647
24841,0.96667
24842,0.96078
24843,0.96078
24844,0.95686
24845,0.95686
24846,0.96078
24847,0.95686
24848,0.96078
24849,0.96078
24850,0.95686
24851,0.96078
24852,0.96078
24853,0.96667
24854,0.96078
24855,0.96667
24856,0.96078
24857,0.96078
24858,0.95686
24859,0.95686
24860,0.95686
24861,0.95686
24862,0.95686
24863,0.95686
24864,0.95686
24865,0.95686
24866,0.96078
24867,0.97059
24868,0.97647
24869,0.99608
24870,1.0059
24871,1.0059
24872,1.0118
24873,0.99216
24874,0.99216
24875,0.98627
24876,0.96078
24877,0.94118
24878,0.92549
24879,0.91569
24880,0.91569
24881,0.91176
24882,0.91569
24883,0.92157
24884,0.98627
24885,1.0314
24886,0.46078
24887,-0.38824
24888,-0.50196
24889,-0.50196
24890,-0.50196
24891,-0.50196
24892,-0.50196
24893,-0.29216
24894,0.084314
24895,0.4902
24896,0.80588
24897,0.98627
24898,1.1725
24899,1.298
24900,1.3275
24901,1.3471
24902,1.3529
24903,1.3529
24904,1.3569
24905,1.3569
24906,1.3627
24907,1.3725
24908,1.3784
24909,1.3882
24910,1.402
24911,1.4235
24912,1.4431
24913,1.4824
24914,1.5039
24915,1.5039
24916,1.5039
24917,1.5039
24918,1.5039
24919,1.5039
24920,1.5039
24921,1.5039
24922,1.5039
24923,1.5039
24924,1.5039
24925,1.5039
24926,1.3922
24927,1.2765
24928,1.1824
24929,1.1059
24930,1.0569
24931,1.0157
24932,0.99216
24933,0.97059
24934,0.96667
24935,0.95686
24936,0.95098
24937,0.95686
24938,0.95686
24939,0.96078
24940,0.96078
24941,0.96667
24942,0.97059
24943,0.97059
24944,0.97647
24945,0.97059
24946,0.97059
24947,0.96667
24948,0.96078
24949,0.96078
24950,0.95098
24951,0.96078
24952,0.96078
24953,0.96667
24954,0.96078
24955,0.96667
24956,0.95686
24957,0.96078
24958,0.95686
24959,0.96078
24960,0.96667
24961,0.97647
24962,0.99216
24963,1.002
24964,1.0059
24965,1.002
24966,0.98235
24967,0.99216
24968,0.98627
24969,0.96667
24970,0.94706
24971,0.92549
24972,0.92157
24973,0.91176
24974,0.91176
24975,0.90588
24976,0.91569
24977,0.96667
24978,1.051
24979,0.60588
24980,-0.19608
24981,-0.50196
24982,-0.50196
24983,-0.50196
24984,-0.50196
24985,-0.50196
24986,-0.37843
24987,0.013725
24988,0.40392
24989,0.7451
24990,0.93137
24991,1.1059
24992,1.2569
24993,1.302
24994,1.3216
24995,1.3333
24996,1.3216
24997,1.3373
24998,1.3275
24999,1.3471
25000,1.3529
25001,1.3471
25002,1.3569
25003,1.3529
25004,1.402
25005,1.4235
25006,1.4569
25007,1.5039
25008,1.5039
25009,1.5039
25010,1.5039
25011,1.5039
25012,1.5039
25013,1.5039
25014,1.5039
25015,1.5039
25016,1.5039
25017,1.5039
25018,1.5039
25019,1.3824
25020,1.2627
25021,1.1569
25022,1.0824
25023,1.0216
25024,0.97647
25025,0.95098
25026,0.93725
25027,0.92549
25028,0.92549
25029,0.91569
25030,0.92549
25031,0.92157
25032,0.92549
25033,0.92157
25034,0.92549
25035,0.93137
25036,0.93725
25037,0.93725
25038,0.94706
25039,0.94118
25040,0.95098
25041,0.94118
25042,0.92549
25043,0.93725
25044,0.93725
25045,0.94118
25046,0.94706
25047,0.95098
25048,0.94706
25049,0.94706
25050,0.94706
25051,0.95098
25052,0.96078
25053,0.97647
25054,1.002
25055,1.002
25056,1.002
25057,0.98235
25058,0.97647
25059,0.98235
25060,0.96078
25061,0.94118
25062,0.92549
25063,0.92157
25064,0.92157
25065,0.91569
25066,0.92157
25067,0.92549
25068,0.96667
25069,1.0667
25070,0.66078
25071,-0.20784
25072,-0.50196
25073,-0.50196
25074,-0.50196
25075,-0.50196
25076,-0.50196
25077,-0.39804
25078,-0.0058823
25079,0.4
25080,0.76078
25081,0.95098
25082,1.1373
25083,1.298
25084,1.3529
25085,1.3627
25086,1.3725
25087,1.3784
25088,1.3784
25089,1.3784
25090,1.3784
25091,1.3882
25092,1.398
25093,1.4078
25094,1.4176
25095,1.4373
25096,1.4627
25097,1.502
25098,1.5039
25099,1.5039
25100,1.5039
25101,1.5039
25102,1.5039
25103,1.5039
25104,1.5039
25105,1.5039
25106,1.5039
25107,1.5039
25108,1.5039
25109,1.5039
25110,1.4275
25111,1.3078
25112,1.202
25113,1.1176
25114,1.0608
25115,1.0157
25116,0.99216
25117,0.97059
25118,0.96078
25119,0.95686
25120,0.95686
25121,0.95686
25122,0.95686
25123,0.95686
25124,0.95686
25125,0.95686
25126,0.96078
25127,0.95686
25128,0.96667
25129,0.96078
25130,0.96667
25131,0.96667
25132,0.96667
25133,0.95686
25134,0.96078
25135,0.95686
25136,0.96078
25137,0.96078
25138,0.95686
25139,0.96078
25140,0.95686
25141,0.95686
25142,0.95686
25143,0.95686
25144,0.95098
25145,0.97059
25146,0.97647
25147,0.99608
25148,1.002
25149,1.0059
25150,0.99216
25151,0.98627
25152,0.99216
25153,0.97647
25154,0.95098
25155,0.93725
25156,0.92549
25157,0.91569
25158,0.91176
25159,0.91176
25160,0.91569
25161,0.94706
25162,1.0275
25163,1.0314
25164,0.12353
25165,-0.50196
25166,-0.50196
25167,-0.50196
25168,-0.50196
25169,-0.50196
25170,-0.48824
25171,-0.15098
25172,0.24902
25173,0.6451
25174,0.88039
25175,1.0608
25176,1.2431
25177,1.3176
25178,1.3373
25179,1.3471
25180,1.3529
25181,1.3569
25182,1.3627
25183,1.3627
25184,1.3667
25185,1.3784
25186,1.3824
25187,1.398
25188,1.4118
25189,1.4373
25190,1.4686
25191,1.5039
25192,1.5039
25193,1.5039
25194,1.5039
25195,1.5039
25196,1.5039
25197,1.5039
25198,1.5039
25199,1.5039
25200,1.5039
25201,1.5039
25202,1.5039
25203,1.4784
25204,1.3471
25205,1.2373
25206,1.151
25207,1.0863
25208,1.0373
25209,1.0059
25210,0.97647
25211,0.97059
25212,0.96078
25213,0.96667
25214,0.96667
25215,0.96667
25216,0.96078
25217,0.97059
25218,0.97059
25219,0.97059
25220,0.97059
25221,0.97059
25222,0.97647
25223,0.97059
25224,0.97059
25225,0.97059
25226,0.97059
25227,0.96667
25228,0.97059
25229,0.96667
25230,0.96667
25231,0.96078
25232,0.96078
25233,0.96667
25234,0.96667
25235,0.96667
25236,0.96078
25237,0.97059
25238,0.97647
25239,0.98627
25240,1.002
25241,1.0059
25242,1.0118
25243,0.99216
25244,0.98627
25245,0.99608
25246,0.97059
25247,0.94706
25248,0.92549
25249,0.92157
25250,0.91569
25251,0.91176
25252,0.91176
25253,0.92157
25254,0.95686
25255,1.0471
25256,0.66471
25257,-0.13137
25258,-0.50196
25259,-0.50196
25260,-0.50196
25261,-0.50196
25262,-0.50196
25263,-0.38824
25264,-0.027451
25265,0.38039
25266,0.73529
25267,0.93137
25268,1.1059
25269,1.2667
25270,1.3216
25271,1.3118
25272,1.3333
25273,1.3078
25274,1.3471
25275,1.3333
25276,1.3529
25277,1.3333
25278,1.3569
25279,1.3529
25280,1.3824
25281,1.4118
25282,1.4078
25283,1.4529
25284,1.5039
25285,1.5039
25286,1.5039
25287,1.5039
25288,1.5039
25289,1.5039
25290,1.5039
25291,1.5039
25292,1.5039
25293,1.5039
25294,1.5039
25295,1.5039
25296,1.398
25297,1.2765
25298,1.1569
25299,1.0863
25300,1.0275
25301,0.98235
25302,0.95098
25303,0.95686
25304,0.94118
25305,0.92549
25306,0.92549
25307,0.92157
25308,0.91569
25309,0.92549
25310,0.92549
25311,0.93137
25312,0.92549
25313,0.93137
25314,0.93725
25315,0.93137
25316,0.93725
25317,0.93725
25318,0.94118
25319,0.93725
25320,0.94118
25321,0.94706
25322,0.94118
25323,0.94706
25324,0.94118
25325,0.93137
25326,0.94706
25327,0.95098
25328,0.95686
25329,0.96667
25330,0.99216
25331,1.0059
25332,1.002
25333,0.99608
25334,0.97647
25335,0.97647
25336,0.97647
25337,0.95686
25338,0.94118
25339,0.92549
25340,0.91569
25341,0.91176
25342,0.91569
25343,0.92157
25344,0.94118
25345,1.0157
25346,1.0667
25347,0.2902
25348,-0.50196
25349,-0.50196
25350,-0.50196
25351,-0.50196
25352,-0.50196
25353,-0.50196
25354,-0.22157
25355,0.17843
25356,0.58039
25357,0.85686
25358,1.0373
25359,1.2314
25360,1.3333
25361,1.3569
25362,1.3725
25363,1.3784
25364,1.3824
25365,1.3784
25366,1.3824
25367,1.3882
25368,1.3922
25369,1.398
25370,1.4118
25371,1.4235
25372,1.4529
25373,1.4824
25374,1.5039
25375,1.5039
25376,1.5039
25377,1.5039
25378,1.5039
25379,1.5039
25380,1.5039
25381,1.5039
25382,1.5039
25383,1.5039
25384,1.5039
25385,1.5039
25386,1.502
25387,1.3627
25388,1.2471
25389,1.1627
25390,1.0922
25391,1.0412
25392,1.0059
25393,0.98235
25394,0.97059
25395,0.95686
25396,0.95686
25397,0.95686
25398,0.95686
25399,0.95686
25400,0.95686
25401,0.96078
25402,0.96078
25403,0.96078
25404,0.96078
25405,0.96667
25406,0.96667
25407,0.96667
25408,0.96078
25409,0.96667
25410,0.96078
25411,0.96078
25412,0.95098
25413,0.95098
25414,0.95686
25415,0.95098
25416,0.95686
25417,0.95098
25418,0.95098
25419,0.95098
25420,0.95098
25421,0.95098
25422,0.96667
25423,0.97647
25424,1.002
25425,1.002
25426,1.002
25427,0.98627
25428,0.97647
25429,0.98235
25430,0.97059
25431,0.94706
25432,0.93725
25433,0.91569
25434,0.91176
25435,0.91569
25436,0.91176
25437,0.91176
25438,0.94118
25439,1.0275
25440,1.0314
25441,0.11961
25442,-0.50196
25443,-0.50196
25444,-0.50196
25445,-0.50196
25446,-0.50196
25447,-0.48824
25448,-0.14706
25449,0.24902
25450,0.64118
25451,0.87647
25452,1.051
25453,1.2373
25454,1.3078
25455,1.3333
25456,1.3431
25457,1.3529
25458,1.3529
25459,1.3569
25460,1.3529
25461,1.3627
25462,1.3667
25463,1.3784
25464,1.3882
25465,1.402
25466,1.4275
25467,1.4627
25468,1.498
25469,1.5039
25470,1.5039
25471,1.5039
25472,1.5039
25473,1.5039
25474,1.5039
25475,1.5039
25476,1.5039
25477,1.5039
25478,1.5039
25479,1.5039
25480,1.4686
25481,1.3373
25482,1.2275
25483,1.1412
25484,1.0824
25485,1.0275
25486,0.99608
25487,0.97059
25488,0.96078
25489,0.95098
25490,0.95686
25491,0.95098
25492,0.95098
25493,0.95686
25494,0.95098
25495,0.95686
25496,0.96078
25497,0.96667
25498,0.96078
25499,0.96667
25500,0.96078
25501,0.97059
25502,0.96667
25503,0.96667
25504,0.96078
25505,0.96667
25506,0.95686
25507,0.96078
25508,0.95686
25509,0.96667
25510,0.96078
25511,0.96667
25512,0.96078
25513,0.96667
25514,0.97059
25515,0.97647
25516,0.98627
25517,1.002
25518,1.0059
25519,1.0118
25520,0.99216
25521,0.99608
25522,0.99216
25523,0.97059
25524,0.95098
25525,0.93137
25526,0.92549
25527,0.91569
25528,0.91176
25529,0.92157
25530,0.92549
25531,0.96667
25532,1.0412
25533,0.61961
25534,-0.19608
25535,-0.50196
25536,-0.50196
25537,-0.50196
25538,-0.50196
25539,-0.50196
25540,-0.35294
25541,0.0078431
25542,0.41569
25543,0.7549
25544,0.94706
25545,1.1314
25546,1.2824
25547,1.3216
25548,1.3333
25549,1.3471
25550,1.3529
25551,1.3529
25552,1.3529
25553,1.3627
25554,1.3627
25555,1.3725
25556,1.3784
25557,1.3922
25558,1.4078
25559,1.4373
25560,1.4686
25561,1.5039
25562,1.5039
25563,1.5039
25564,1.5039
25565,1.5039
25566,1.5039
25567,1.5039
25568,1.5039
25569,1.5039
25570,1.5039
25571,1.5039
25572,1.5039
25573,1.4118
25574,1.2922
25575,1.1922
25576,1.1118
25577,1.0569
25578,1.0216
25579,0.99216
25580,0.97647
25581,0.96667
25582,0.96667
25583,0.95686
25584,0.96078
25585,0.95686
25586,0.95686
25587,0.95098
25588,0.95686
25589,0.94706
25590,0.97059
25591,0.98235
25592,0.96667
25593,0.96078
25594,0.96667
25595,0.97059
25596,0.97647
25597,0.95686
25598,0.94118
25599,0.95098
25600,0.95098
25601,0.94118
25602,0.93725
25603,0.93725
25604,0.93137
25605,0.94118
25606,0.93137
25607,0.93725
25608,0.94706
25609,0.98627
25610,0.97647
25611,0.96667
25612,0.96667
25613,0.95098
25614,0.94118
25615,0.94706
25616,0.92549
25617,0.90588
25618,0.87647
25619,0.87059
25620,0.8902
25621,0.87647
25622,0.86667
25623,0.92157
25624,0.98627
25625,1.0275
25626,0.2098
25627,-0.50196
25628,-0.50196
25629,-0.50196
25630,-0.50196
25631,-0.50196
25632,-0.50196
25633,-0.20196
25634,0.20392
25635,0.6
25636,0.85686
25637,1.0412
25638,1.2373
25639,1.3216
25640,1.3471
25641,1.3529
25642,1.3569
25643,1.3627
25644,1.3627
25645,1.3667
25646,1.3569
25647,1.3627
25648,1.3784
25649,1.3922
25650,1.4078
25651,1.4373
25652,1.4686
25653,1.5039
25654,1.5039
25655,1.5039
25656,1.5039
25657,1.5039
25658,1.5039
25659,1.5039
25660,1.5039
25661,1.5039
25662,1.5039
25663,1.5039
25664,1.5039
25665,1.498
25666,1.3627
25667,1.2471
25668,1.1569
25669,1.0922
25670,1.0412
25671,1.0118
25672,0.99216
25673,0.97647
25674,0.97059
25675,0.97059
25676,0.96667
25677,0.97059
25678,0.97647
25679,0.97647
25680,0.97647
25681,0.97647
25682,0.98235
25683,0.97647
25684,0.97647
25685,0.97647
25686,0.97647
25687,0.97647
25688,0.97647
25689,0.97647
25690,0.97059
25691,0.97059
25692,0.97059
25693,0.97059
25694,0.96667
25695,0.97059
25696,0.96078
25697,0.96078
25698,0.96078
25699,0.96667
25700,0.96667
25701,0.97647
25702,0.97059
25703,0.99216
25704,1.0118
25705,1.0059
25706,1.0059
25707,0.98627
25708,0.98235
25709,0.99216
25710,0.97059
25711,0.94706
25712,0.92549
25713,0.92549
25714,0.92157
25715,0.92157
25716,0.91569
25717,0.92549
25718,0.98235
25719,1.0412
25720,0.5549
25721,-0.28824
25722,-0.50196
25723,-0.50196
25724,-0.50196
25725,-0.50196
25726,-0.50196
25727,-0.34314
25728,0.033333
25729,0.43922
25730,0.77647
25731,0.95686
25732,1.1412
25733,1.2882
25734,1.3275
25735,1.3471
25736,1.3529
25737,1.3529
25738,1.3569
25739,1.3569
25740,1.3667
25741,1.3725
25742,1.3784
25743,1.3882
25744,1.398
25745,1.4176
25746,1.4431
25747,1.4824
25748,1.5039
25749,1.5039
25750,1.5039
25751,1.5039
25752,1.5039
25753,1.5039
25754,1.5039
25755,1.5039
25756,1.5039
25757,1.5039
25758,1.5039
25759,1.5039
25760,1.4235
25761,1.302
25762,1.1922
25763,1.1176
25764,1.0569
25765,1.0157
25766,0.99216
25767,0.97647
25768,0.95686
25769,0.95686
25770,0.95686
25771,0.95686
25772,0.95098
25773,0.95098
25774,0.95686
25775,0.95686
25776,0.95686
25777,0.95686
25778,0.96078
25779,0.95686
25780,0.96667
25781,0.96667
25782,0.96667
25783,0.96667
25784,0.96078
25785,0.96078
25786,0.96078
25787,0.96078
25788,0.96078
25789,0.95686
25790,0.95686
25791,0.96078
25792,0.95686
25793,0.96667
25794,0.97059
25795,0.98627
25796,1.002
25797,1.0118
25798,1.0059
25799,0.98627
25800,0.98235
25801,0.99216
25802,0.96667
25803,0.94706
25804,0.92549
25805,0.91176
25806,0.91176
25807,0.90588
25808,0.90588
25809,0.92157
25810,0.96078
25811,1.0412
25812,0.61569
25813,-0.19608
25814,-0.50196
25815,-0.50196
25816,-0.50196
25817,-0.50196
25818,-0.50196
25819,-0.36275
25820,-0.0019608
25821,0.40392
25822,0.75098
25823,0.94118
25824,1.1176
25825,1.2725
25826,1.3176
25827,1.3333
25828,1.3373
25829,1.3431
25830,1.3529
25831,1.3529
25832,1.3529
25833,1.3569
25834,1.3725
25835,1.3784
25836,1.3922
25837,1.4118
25838,1.4431
25839,1.4725
25840,1.5039
25841,1.5039
25842,1.5039
25843,1.5039
25844,1.5039
25845,1.5039
25846,1.5039
25847,1.5039
25848,1.5039
25849,1.5039
25850,1.5039
25851,1.5039
25852,1.4118
25853,1.2922
25854,1.1922
25855,1.1118
25856,1.051
25857,1.0059
25858,0.98235
25859,0.96667
25860,0.95098
25861,0.95098
25862,0.95098
25863,0.95098
25864,0.95098
25865,0.95098
25866,0.95098
25867,0.95098
25868,0.95098
25869,0.95686
25870,0.95686
25871,0.96078
25872,0.96078
25873,0.95686
25874,0.95686
25875,0.95098
25876,0.95098
25877,0.95098
25878,0.95098
25879,0.95098
25880,0.95686
25881,0.95098
25882,0.95098
25883,0.95098
25884,0.95098
25885,0.95686
25886,0.96078
25887,0.95098
25888,1.002
25889,1.002
25890,0.98627
25891,0.97647
25892,0.98235
25893,0.97059
25894,0.95098
25895,0.94118
25896,0.90196
25897,0.90196
25898,0.90588
25899,0.87647
25900,0.89608
25901,0.90588
25902,0.93137
25903,1.0314
25904,0.67647
25905,-0.16275
25906,-0.50196
25907,-0.50196
25908,-0.50196
25909,-0.50196
25910,-0.50196
25911,-0.43333
25912,-0.031373
25913,0.37451
25914,0.73137
25915,0.90588
25916,1.0765
25917,1.2569
25918,1.298
25919,1.3118
25920,1.3275
25921,1.3373
25922,1.3275
25923,1.3431
25924,1.3373
25925,1.3333
25926,1.3627
25927,1.3725
25928,1.3882
25929,1.4078
25930,1.4333
25931,1.4725
25932,1.5039
25933,1.5039
25934,1.5039
25935,1.5039
25936,1.5039
25937,1.5039
25938,1.5039
25939,1.5039
25940,1.5039
25941,1.5039
25942,1.5039
25943,1.5039
25944,1.398
25945,1.2667
25946,1.1725
25947,1.0863
25948,1.0275
25949,0.98627
25950,0.95686
25951,0.94118
25952,0.93137
25953,0.93725
25954,0.93725
25955,0.93725
25956,0.93725
25957,0.94706
25958,0.94706
25959,0.95098
25960,0.95098
25961,0.95098
25962,0.95098
25963,0.95098
25964,0.95098
25965,0.95686
25966,0.95098
25967,0.95098
25968,0.95098
25969,0.95098
25970,0.95098
25971,0.95098
25972,0.94706
25973,0.95098
25974,0.95686
25975,0.95098
25976,0.95098
25977,0.95686
25978,0.96667
25979,0.99216
25980,1.002
25981,1.002
25982,1.002
25983,0.97647
25984,0.98235
25985,0.97059
25986,0.95098
25987,0.92549
25988,0.91569
25989,0.91176
25990,0.90588
25991,0.90588
25992,0.91176
25993,0.92549
25994,1.0059
25995,1.0471
25996,0.2902
25997,-0.50196
25998,-0.50196
25999,-0.50196
26000,-0.50196
26001,-0.50196
26002,-0.50196
26003,-0.24314
26004,0.1549
26005,0.56471
26006,0.84118
26007,1.0216
26008,1.2078
26009,1.3176
26010,1.3431
26011,1.3529
26012,1.3627
26013,1.3667
26014,1.3667
26015,1.3784
26016,1.3784
26017,1.3824
26018,1.3922
26019,1.398
26020,1.4176
26021,1.4431
26022,1.4686
26023,1.5039
26024,1.5039
26025,1.5039
26026,1.5039
26027,1.5039
26028,1.5039
26029,1.5039
26030,1.5039
26031,1.5039
26032,1.5039
26033,1.5039
26034,1.5039
26035,1.502
26036,1.3667
26037,1.2529
26038,1.1627
26039,1.0863
26040,1.0412
26041,1.002
26042,0.98627
26043,0.96667
26044,0.96078
26045,0.95686
26046,0.95098
26047,0.95098
26048,0.95098
26049,0.95098
26050,0.95686
26051,0.96078
26052,0.95686
26053,0.96078
26054,0.95686
26055,0.95686
26056,0.96078
26057,0.96667
26058,0.96078
26059,0.96667
26060,0.96078
26061,0.96078
26062,0.96078
26063,0.96078
26064,0.95098
26065,0.95686
26066,0.95098
26067,0.95098
26068,0.95686
26069,0.96667
26070,0.97059
26071,0.98627
26072,1.002
26073,1.0059
26074,1.002
26075,0.98235
26076,0.98627
26077,0.98235
26078,0.96078
26079,0.94706
26080,0.92549
26081,0.92157
26082,0.91176
26083,0.91176
26084,0.90588
26085,0.91569
26086,0.96667
26087,1.0412
26088,0.61961
26089,-0.20784
26090,-0.50196
26091,-0.50196
26092,-0.50196
26093,-0.50196
26094,-0.50196
26095,-0.37255
26096,0.0039216
26097,0.40392
26098,0.75098
26099,0.94118
26100,1.1216
26101,1.2765
26102,1.3176
26103,1.3373
26104,1.3431
26105,1.3529
26106,1.3529
26107,1.3529
26108,1.3529
26109,1.3627
26110,1.3725
26111,1.3784
26112,1.3922
26113,1.4118
26114,1.4373
26115,1.4725
26116,1.5039
26117,1.5039
26118,1.5039
26119,1.5039
26120,1.5039
26121,1.5039
26122,1.5039
26123,1.5039
26124,1.5039
26125,1.5039
26126,1.5039
26127,1.5039
26128,1.4118
26129,1.2882
26130,1.1863
26131,1.1059
26132,1.0569
26133,1.0157
26134,0.99216
26135,0.97647
26136,0.96078
26137,0.95098
26138,0.95098
26139,0.94706
26140,0.95098
26141,0.95098
26142,0.95098
26143,0.95686
26144,0.96078
26145,0.95686
26146,0.96078
26147,0.96667
26148,0.96667
26149,0.96078
26150,0.96078
26151,0.95686
26152,0.96667
26153,0.95686
26154,0.95686
26155,0.95686
26156,0.95686
26157,0.95098
26158,0.95098
26159,0.95686
26160,0.95686
26161,0.96078
26162,0.96078
26163,0.98235
26164,1.002
26165,1.0059
26166,1.002
26167,0.98235
26168,0.98235
26169,0.98235
26170,0.96667
26171,0.94706
26172,0.92549
26173,0.91569
26174,0.91176
26175,0.91569
26176,0.90588
26177,0.91569
26178,0.96667
26179,1.0412
26180,0.6451
26181,-0.15686
26182,-0.50196
26183,-0.50196
26184,-0.50196
26185,-0.50196
26186,-0.50196
26187,-0.38824
26188,-0.011765
26189,0.37059
26190,0.74118
26191,0.92549
26192,1.102
26193,1.2627
26194,1.3176
26195,1.3275
26196,1.3373
26197,1.3471
26198,1.3275
26199,1.3431
26200,1.3471
26201,1.3529
26202,1.3569
26203,1.3529
26204,1.3784
26205,1.4118
26206,1.4333
26207,1.4686
26208,1.5039
26209,1.5039
26210,1.5039
26211,1.5039
26212,1.5039
26213,1.5039
26214,1.5039
26215,1.5039
26216,1.5039
26217,1.5039
26218,1.5039
26219,1.5039
26220,1.3824
26221,1.2667
26222,1.1627
26223,1.0824
26224,1.0118
26225,0.97647
26226,0.96078
26227,0.95098
26228,0.92549
26229,0.92549
26230,0.93137
26231,0.92549
26232,0.92549
26233,0.93137
26234,0.94118
26235,0.93137
26236,0.92157
26237,0.93137
26238,0.93725
26239,0.92549
26240,0.92549
26241,0.93137
26242,0.93725
26243,0.93137
26244,0.93137
26245,0.93725
26246,0.94706
26247,0.94118
26248,0.94706
26249,0.94118
26250,0.93725
26251,0.94706
26252,0.95098
26253,0.97059
26254,0.98627
26255,0.99216
26256,0.99216
26257,0.99608
26258,0.97647
26259,0.98235
26260,0.96078
26261,0.95098
26262,0.93137
26263,0.92157
26264,0.91569
26265,0.92157
26266,0.92157
26267,0.92157
26268,0.96078
26269,1.0569
26270,0.83529
26271,0.0078431
26272,-0.50196
26273,-0.50196
26274,-0.50196
26275,-0.50196
26276,-0.50196
26277,-0.46863
26278,-0.096078
26279,0.3098
26280,0.69608
26281,0.91569
26282,1.0922
26283,1.2765
26284,1.3471
26285,1.3725
26286,1.3784
26287,1.3784
26288,1.3824
26289,1.3882
26290,1.398
26291,1.398
26292,1.402
26293,1.402
26294,1.4235
26295,1.4373
26296,1.4686
26297,1.498
26298,1.5039
26299,1.5039
26300,1.5039
26301,1.5039
26302,1.5039
26303,1.5039
26304,1.5039
26305,1.5039
26306,1.5039
26307,1.5039
26308,1.5039
26309,1.5039
26310,1.4569
26311,1.3333
26312,1.2216
26313,1.1412
26314,1.0765
26315,1.0373
26316,1.002
26317,0.98235
26318,0.97647
26319,0.96667
26320,0.96078
26321,0.96667
26322,0.96667
26323,0.96667
26324,0.96667
26325,0.96667
26326,0.96667
26327,0.96667
26328,0.96667
26329,0.96078
26330,0.96667
26331,0.96078
26332,0.96667
26333,0.96667
26334,0.96667
26335,0.96078
26336,0.96078
26337,0.95686
26338,0.95686
26339,0.95686
26340,0.96078
26341,0.96078
26342,0.96078
26343,0.96078
26344,0.95686
26345,0.97059
26346,0.98235
26347,1.002
26348,1.0118
26349,1.0059
26350,0.99608
26351,0.98627
26352,0.99608
26353,0.97647
26354,0.95686
26355,0.93725
26356,0.92157
26357,0.91569
26358,0.91569
26359,0.91176
26360,0.91176
26361,0.95098
26362,1.0373
26363,0.82549
26364,0.043137
26365,-0.50196
26366,-0.50196
26367,-0.50196
26368,-0.50196
26369,-0.50196
26370,-0.46863
26371,-0.11765
26372,0.28431
26373,0.67647
26374,0.89608
26375,1.0667
26376,1.2569
26377,1.3216
26378,1.3431
26379,1.3529
26380,1.3569
26381,1.3569
26382,1.3667
26383,1.3725
26384,1.3725
26385,1.3725
26386,1.3784
26387,1.3922
26388,1.4118
26389,1.4333
26390,1.4686
26391,1.5039
26392,1.5039
26393,1.5039
26394,1.5039
26395,1.5039
26396,1.5039
26397,1.5039
26398,1.5039
26399,1.5039
26400,1.5039
26401,1.5039
26402,1.5039
26403,1.4529
26404,1.3275
26405,1.2216
26406,1.1373
26407,1.0765
26408,1.0314
26409,1.002
26410,0.98235
26411,0.97059
26412,0.96667
26413,0.95686
26414,0.95686
26415,0.95686
26416,0.95098
26417,0.95686
26418,0.95686
26419,0.96667
26420,0.96667
26421,0.97059
26422,0.97059
26423,0.97059
26424,0.97059
26425,0.97059
26426,0.97059
26427,0.96667
26428,0.96078
26429,0.96078
26430,0.95686
26431,0.95686
26432,0.95098
26433,0.95098
26434,0.95098
26435,0.95098
26436,0.96667
26437,0.97059
26438,0.97647
26439,0.99608
26440,1.0118
26441,1.0059
26442,1.0118
26443,0.98235
26444,0.98627
26445,0.97647
26446,0.95686
26447,0.93725
26448,0.92157
26449,0.91569
26450,0.91569
26451,0.91569
26452,0.91176
26453,0.93137
26454,1.0118
26455,1.0412
26456,0.2
26457,-0.50196
26458,-0.50196
26459,-0.50196
26460,-0.50196
26461,-0.50196
26462,-0.50196
26463,-0.19216
26464,0.20392
26465,0.60588
26466,0.85686
26467,1.0373
26468,1.2176
26469,1.3118
26470,1.3275
26471,1.3431
26472,1.3431
26473,1.3471
26474,1.3529
26475,1.3529
26476,1.3569
26477,1.3667
26478,1.3784
26479,1.3882
26480,1.398
26481,1.4235
26482,1.4529
26483,1.498
26484,1.5039
26485,1.5039
26486,1.5039
26487,1.5039
26488,1.5039
26489,1.5039
26490,1.5039
26491,1.5039
26492,1.5039
26493,1.5039
26494,1.5039
26495,1.4569
26496,1.3431
26497,1.2275
26498,1.1314
26499,1.0608
26500,1.0275
26501,0.98627
26502,0.96667
26503,0.95686
26504,0.93725
26505,0.92549
26506,0.94706
26507,0.92549
26508,0.92157
26509,0.93725
26510,0.93137
26511,0.93725
26512,0.94118
26513,0.92549
26514,0.93725
26515,0.93137
26516,0.92549
26517,0.94118
26518,0.93725
26519,0.94706
26520,0.91569
26521,0.93725
26522,0.92157
26523,0.93137
26524,0.92157
26525,0.91569
26526,0.92549
26527,0.92157
26528,0.93725
26529,0.94118
26530,0.93137
26531,0.97059
26532,0.96667
26533,0.97647
26534,0.95098
26535,0.95098
26536,0.95686
26537,0.94118
26538,0.91569
26539,0.89608
26540,0.8902
26541,0.88039
26542,0.8902
26543,0.88039
26544,0.90196
26545,0.94118
26546,1.0412
26547,0.66078
26548,-0.24314
26549,-0.50196
26550,-0.50196
26551,-0.50196
26552,-0.50196
26553,-0.50196
26554,-0.39216
26555,0.0078431
26556,0.4098
26557,0.7549
26558,0.95686
26559,1.1412
26560,1.3118
26561,1.3569
26562,1.3725
26563,1.3784
26564,1.3824
26565,1.3882
26566,1.3922
26567,1.398
26568,1.398
26569,1.4078
26570,1.4176
26571,1.4333
26572,1.4471
26573,1.4824
26574,1.5039
26575,1.5039
26576,1.5039
26577,1.5039
26578,1.5039
26579,1.5039
26580,1.5039
26581,1.5039
26582,1.5039
26583,1.5039
26584,1.5039
26585,1.5039
26586,1.5039
26587,1.4373
26588,1.3118
26589,1.2078
26590,1.1275
26591,1.0725
26592,1.0314
26593,1.002
26594,0.97647
26595,0.96667
26596,0.96667
26597,0.96667
26598,0.96078
26599,0.95686
26600,0.96078
26601,0.96667
26602,0.96078
26603,0.96667
26604,0.97059
26605,0.97647
26606,0.97059
26607,0.97059
26608,0.97059
26609,0.96667
26610,0.97059
26611,0.96667
26612,0.96667
26613,0.95686
26614,0.95686
26615,0.96078
26616,0.95686
26617,0.96078
26618,0.95686
26619,0.95686
26620,0.95686
26621,0.95686
26622,0.95686
26623,0.96667
26624,0.97647
26625,0.98627
26626,1.002
26627,1.0059
26628,1.002
26629,0.98627
26630,0.98235
26631,0.98235
26632,0.96078
26633,0.94118
26634,0.92157
26635,0.91176
26636,0.90588
26637,0.90588
26638,0.90588
26639,0.90588
26640,0.96078
26641,1.0314
26642,0.66078
26643,-0.15686
26644,-0.50196
26645,-0.50196
26646,-0.50196
26647,-0.50196
26648,-0.50196
26649,-0.39804
26650,-0.031373
26651,0.38039
26652,0.73137
26653,0.92549
26654,1.1118
26655,1.2725
26656,1.3176
26657,1.3333
26658,1.3431
26659,1.3471
26660,1.3471
26661,1.3529
26662,1.3529
26663,1.3569
26664,1.3627
26665,1.3784
26666,1.3824
26667,1.402
26668,1.4275
26669,1.4627
26670,1.5039
26671,1.5039
26672,1.5039
26673,1.5039
26674,1.5039
26675,1.5039
26676,1.5039
26677,1.5039
26678,1.5039
26679,1.5039
26680,1.5039
26681,1.5039
26682,1.4235
26683,1.302
26684,1.1961
26685,1.1176
26686,1.0569
26687,1.0157
26688,0.99216
26689,0.96667
26690,0.95098
26691,0.95098
26692,0.95098
26693,0.94706
26694,0.95098
26695,0.95098
26696,0.95098
26697,0.95686
26698,0.95686
26699,0.95686
26700,0.95686
26701,0.96667
26702,0.96667
26703,0.96078
26704,0.96078
26705,0.96078
26706,0.95686
26707,0.95686
26708,0.95686
26709,0.96078
26710,0.95686
26711,0.95098
26712,0.95098
26713,0.95686
26714,0.95686
26715,0.96078
26716,0.96667
26717,0.98235
26718,1.002
26719,1.002
26720,1.002
26721,0.97647
26722,0.97647
26723,0.97647
26724,0.95686
26725,0.93725
26726,0.91569
26727,0.91176
26728,0.90588
26729,0.90588
26730,0.90588
26731,0.92157
26732,0.96667
26733,1.0314
26734,0.5549
26735,-0.28235
26736,-0.50196
26737,-0.50196
26738,-0.50196
26739,-0.50196
26740,-0.50196
26741,-0.34706
26742,0.029412
26743,0.42941
26744,0.76667
26745,0.95098
26746,1.1412
26747,1.2765
26748,1.3176
26749,1.3275
26750,1.3373
26751,1.3431
26752,1.3529
26753,1.3529
26754,1.3569
26755,1.3569
26756,1.3627
26757,1.3784
26758,1.3882
26759,1.4078
26760,1.4333
26761,1.4725
26762,1.5039
26763,1.5039
26764,1.5039
26765,1.5039
26766,1.5039
26767,1.5039
26768,1.5039
26769,1.5039
26770,1.5039
26771,1.5039
26772,1.5039
26773,1.5039
26774,1.3922
26775,1.2667
26776,1.1627
26777,1.0824
26778,1.0373
26779,1.002
26780,0.96667
26781,0.96078
26782,0.94118
26783,0.94706
26784,0.92549
26785,0.93725
26786,0.94706
26787,0.93725
26788,0.94118
26789,0.92549
26790,0.94706
26791,0.93725
26792,0.92549
26793,0.94706
26794,0.93137
26795,0.93725
26796,0.94118
26797,0.93137
26798,0.92157
26799,0.92549
26800,0.92157
26801,0.93725
26802,0.92549
26803,0.93137
26804,0.92549
26805,0.92549
26806,0.93137
26807,0.92549
26808,0.95098
26809,0.97059
26810,0.97647
26811,0.97059
26812,0.97647
26813,0.95098
26814,0.95098
26815,0.94706
26816,0.92549
26817,0.90588
26818,0.8902
26819,0.89608
26820,0.8902
26821,0.89608
26822,0.89608
26823,0.93137
26824,1.0216
26825,1.0373
26826,0.078431
26827,-0.50196
26828,-0.50196
26829,-0.50196
26830,-0.50196
26831,-0.50196
26832,-0.50196
26833,-0.13137
26834,0.27451
26835,0.66078
26836,0.89608
26837,1.0765
26838,1.2725
26839,1.3431
26840,1.3667
26841,1.3784
26842,1.3824
26843,1.3882
26844,1.3922
26845,1.398
26846,1.398
26847,1.398
26848,1.4078
26849,1.4176
26850,1.4431
26851,1.4627
26852,1.498
26853,1.5039
26854,1.5039
26855,1.5039
26856,1.5039
26857,1.5039
26858,1.5039
26859,1.5039
26860,1.5039
26861,1.5039
26862,1.5039
26863,1.5039
26864,1.5039
26865,1.4725
26866,1.3431
26867,1.2314
26868,1.1412
26869,1.0765
26870,1.0314
26871,1.002
26872,0.97647
26873,0.97059
26874,0.96667
26875,0.96078
26876,0.95098
26877,0.96078
26878,0.95098
26879,0.96078
26880,0.96667
26881,0.96667
26882,0.97059
26883,0.97059
26884,0.97059
26885,0.97059
26886,0.97059
26887,0.97059
26888,0.97059
26889,0.96667
26890,0.96667
26891,0.95686
26892,0.96078
26893,0.95686
26894,0.95686
26895,0.96078
26896,0.96078
26897,0.95686
26898,0.95098
26899,0.95098
26900,0.95686
26901,0.96078
26902,0.97647
26903,0.99216
26904,1.002
26905,1.002
26906,0.99216
26907,0.97647
26908,0.97647
26909,0.96667
26910,0.94706
26911,0.92157
26912,0.91176
26913,0.90588
26914,0.90196
26915,0.90588
26916,0.90196
26917,0.93725
26918,1.0216
26919,0.84118
26920,0.07451
26921,-0.50196
26922,-0.50196
26923,-0.50196
26924,-0.50196
26925,-0.50196
26926,-0.47843
26927,-0.13137
26928,0.27451
26929,0.66078
26930,0.88039
26931,1.0608
26932,1.2471
26933,1.3118
26934,1.3275
26935,1.3471
26936,1.3471
26937,1.3529
26938,1.3569
26939,1.3569
26940,1.3627
26941,1.3667
26942,1.3784
26943,1.3882
26944,1.402
26945,1.4235
26946,1.4627
26947,1.498
26948,1.5039
26949,1.5039
26950,1.5039
26951,1.5039
26952,1.5039
26953,1.5039
26954,1.5039
26955,1.5039
26956,1.5039
26957,1.5039
26958,1.5039
26959,1.4627
26960,1.3373
26961,1.2275
26962,1.1412
26963,1.0824
26964,1.0314
26965,1.002
26966,0.97647
26967,0.97059
26968,0.96078
26969,0.95098
26970,0.95098
26971,0.95098
26972,0.95686
26973,0.96078
26974,0.95686
26975,0.96078
26976,0.96078
26977,0.96667
26978,0.97059
26979,0.97059
26980,0.97059
26981,0.97059
26982,0.97647
26983,0.96667
26984,0.96078
26985,0.96667
26986,0.95686
26987,0.96078
26988,0.96078
26989,0.96078
26990,0.96078
26991,0.95686
26992,0.96667
26993,0.97059
26994,0.97647
26995,0.99608
26996,1.0059
26997,1.002
26998,1.0059
26999,0.98627
27000,0.99216
27001,0.97647
27002,0.95098
27003,0.93137
27004,0.92157
27005,0.91569
27006,0.91569
27007,0.90588
27008,0.91176
27009,0.94118
27010,1.0314
27011,0.85686
27012,0.094118
27013,-0.50196
27014,-0.50196
27015,-0.50196
27016,-0.50196
27017,-0.50196
27018,-0.47255
27019,-0.13137
27020,0.25882
27021,0.6549
27022,0.87647
27023,1.0569
27024,1.2373
27025,1.3078
27026,1.3275
27027,1.3431
27028,1.3471
27029,1.3529
27030,1.3529
27031,1.3569
27032,1.3627
27033,1.3725
27034,1.3784
27035,1.3882
27036,1.402
27037,1.4275
27038,1.4627
27039,1.5039
27040,1.5039
27041,1.5039
27042,1.5039
27043,1.5039
27044,1.5039
27045,1.5039
27046,1.5039
27047,1.5039
27048,1.5039
27049,1.5039
27050,1.5039
27051,1.4529
27052,1.3275
27053,1.2176
27054,1.1373
27055,1.0765
27056,1.0373
27057,0.99608
27058,0.97059
27059,0.96078
27060,0.94706
27061,0.95098
27062,0.95686
27063,0.95098
27064,0.94706
27065,0.96078
27066,0.95098
27067,0.96667
27068,0.96078
27069,0.96667
27070,0.95686
27071,0.96078
27072,0.96667
27073,0.95098
27074,0.94118
27075,0.93725
27076,0.95098
27077,0.94118
27078,0.94706
27079,0.94118
27080,0.94118
27081,0.92549
27082,0.94118
27083,0.93137
27084,0.94118
27085,0.94706
27086,0.93137
27087,0.97647
27088,0.98235
27089,0.96667
27090,0.94706
27091,0.95686
27092,0.94118
27093,0.93137
27094,0.90588
27095,0.8902
27096,0.89608
27097,0.88039
27098,0.86667
27099,0.89608
27100,0.89608
27101,0.96078
27102,1.0157
27103,0.47059
27104,-0.44706
27105,-0.50196
27106,-0.50196
27107,-0.50196
27108,-0.50196
27109,-0.50196
27110,-0.30784
27111,0.094118
27112,0.5
27113,0.80588
27114,0.99216
27115,1.1922
27116,1.3176
27117,1.3471
27118,1.3627
27119,1.3784
27120,1.3784
27121,1.3725
27122,1.3784
27123,1.3784
27124,1.3784
27125,1.398
27126,1.402
27127,1.4176
27128,1.4373
27129,1.4725
27130,1.5039
27131,1.5039
27132,1.5039
27133,1.5039
27134,1.5039
27135,1.5039
27136,1.5039
27137,1.5039
27138,1.5039
27139,1.5039
27140,1.5039
27141,1.5039
27142,1.5039
27143,1.402
27144,1.2824
27145,1.1863
27146,1.1118
27147,1.0608
27148,1.0216
27149,0.99608
27150,0.98235
27151,0.97647
27152,0.97059
27153,0.96667
27154,0.97059
27155,0.97059
27156,0.97059
27157,0.97059
27158,0.97059
27159,0.97647
27160,0.97647
27161,0.97647
27162,0.97647
27163,0.97059
27164,0.96667
27165,0.97059
27166,0.96667
27167,0.97059
27168,0.96078
27169,0.96667
27170,0.95686
27171,0.96078
27172,0.95686
27173,0.96078
27174,0.95686
27175,0.96667
27176,0.96078
27177,0.96667
27178,0.96667
27179,0.97647
27180,0.98627
27181,1.0059
27182,1.0118
27183,1.0059
27184,0.99608
27185,0.98627
27186,0.99216
27187,0.97647
27188,0.95098
27189,0.93725
27190,0.92549
27191,0.92157
27192,0.91569
27193,0.91569
27194,0.92157
27195,0.95686
27196,1.0412
27197,0.7098
27198,-0.096078
27199,-0.50196
27200,-0.50196
27201,-0.50196
27202,-0.50196
27203,-0.50196
27204,-0.41765
27205,-0.05098
27206,0.3549
27207,0.72157
27208,0.92157
27209,1.0961
27210,1.2667
27211,1.3216
27212,1.3373
27213,1.3471
27214,1.3529
27215,1.3627
27216,1.3569
27217,1.3667
27218,1.3725
27219,1.3784
27220,1.3824
27221,1.398
27222,1.4078
27223,1.4333
27224,1.4686
27225,1.5039
27226,1.5039
27227,1.5039
27228,1.5039
27229,1.5039
27230,1.5039
27231,1.5039
27232,1.5039
27233,1.5039
27234,1.5039
27235,1.5039
27236,1.5039
27237,1.4431
27238,1.3176
27239,1.2118
27240,1.1314
27241,1.0667
27242,1.0216
27243,0.99608
27244,0.97647
27245,0.96078
27246,0.95098
27247,0.95098
27248,0.95686
27249,0.95686
27250,0.95686
27251,0.95686
27252,0.96078
27253,0.96078
27254,0.96078
27255,0.96667
27256,0.96078
27257,0.97059
27258,0.96667
27259,0.97059
27260,0.96667
27261,0.96667
27262,0.96078
27263,0.96667
27264,0.97059
27265,0.96667
27266,0.96667
27267,0.96078
27268,0.96078
27269,0.96078
27270,0.96667
27271,0.97059
27272,0.99216
27273,1.0059
27274,1.0059
27275,1.0059
27276,0.98627
27277,0.99608
27278,0.98235
27279,0.96078
27280,0.94118
27281,0.92549
27282,0.91176
27283,0.91176
27284,0.91176
27285,0.91176
27286,0.92549
27287,0.98627
27288,1.0412
27289,0.41961
27290,-0.41176
27291,-0.50196
27292,-0.50196
27293,-0.50196
27294,-0.50196
27295,-0.50196
27296,-0.28824
27297,0.094118
27298,0.5098
27299,0.81176
27300,0.99216
27301,1.1824
27302,1.302
27303,1.3275
27304,1.3471
27305,1.3529
27306,1.3529
27307,1.3569
27308,1.3627
27309,1.3667
27310,1.3725
27311,1.3784
27312,1.3882
27313,1.398
27314,1.4275
27315,1.4569
27316,1.4922
27317,1.5039
27318,1.5039
27319,1.5039
27320,1.5039
27321,1.5039
27322,1.5039
27323,1.5039
27324,1.5039
27325,1.5039
27326,1.5039
27327,1.5039
27328,1.5039
27329,1.3882
27330,1.2667
27331,1.1725
27332,1.102
27333,1.0471
27334,1.0059
27335,0.98235
27336,0.97647
27337,0.96078
27338,0.95098
27339,0.95686
27340,0.94706
27341,0.95686
27342,0.95098
27343,0.96667
27344,0.95686
27345,0.97647
27346,0.95098
27347,0.97059
27348,0.96078
27349,0.94706
27350,0.95098
27351,0.95686
27352,0.96078
27353,0.93725
27354,0.95098
27355,0.94118
27356,0.93137
27357,0.93725
27358,0.95098
27359,0.93137
27360,0.92549
27361,0.93725
27362,0.93137
27363,0.95686
27364,0.97059
27365,0.97647
27366,0.96667
27367,0.97647
27368,0.94706
27369,0.96078
27370,0.97647
27371,0.93137
27372,0.90588
27373,0.89608
27374,0.88039
27375,0.89608
27376,0.8902
27377,0.88627
27378,0.88039
27379,0.95686
27380,1.0373
27381,0.53922
27382,-0.39216
27383,-0.50196
27384,-0.50196
27385,-0.50196
27386,-0.50196
27387,-0.50196
27388,-0.33725
27389,0.068627
27390,0.47059
27391,0.78627
27392,0.97059
27393,1.1667
27394,1.3078
27395,1.3471
27396,1.3569
27397,1.3667
27398,1.3725
27399,1.3725
27400,1.3784
27401,1.3784
27402,1.3882
27403,1.3922
27404,1.4078
27405,1.4235
27406,1.4471
27407,1.4725
27408,1.5039
27409,1.5039
27410,1.5039
27411,1.5039
27412,1.5039
27413,1.5039
27414,1.5039
27415,1.5039
27416,1.5039
27417,1.5039
27418,1.5039
27419,1.5039
27420,1.5039
27421,1.4176
27422,1.2882
27423,1.1961
27424,1.1118
27425,1.0569
27426,1.0157
27427,0.99608
27428,0.97647
27429,0.97647
27430,0.96078
27431,0.96667
27432,0.96667
27433,0.97059
27434,0.97059
27435,0.97647
27436,0.97647
27437,0.97059
27438,0.97647
27439,0.97059
27440,0.97647
27441,0.97059
27442,0.97647
27443,0.96667
27444,0.96667
27445,0.96078
27446,0.96078
27447,0.96078
27448,0.96078
27449,0.96078
27450,0.96667
27451,0.96078
27452,0.96078
27453,0.96078
27454,0.96078
27455,0.96667
27456,0.97059
27457,0.97647
27458,0.98627
27459,1.002
27460,1.0118
27461,1.0118
27462,0.99608
27463,0.98627
27464,0.99216
27465,0.97647
27466,0.95098
27467,0.93725
27468,0.92549
27469,0.91569
27470,0.91176
27471,0.91176
27472,0.92157
27473,0.95098
27474,1.0314
27475,0.83137
27476,0.043137
27477,-0.50196
27478,-0.50196
27479,-0.50196
27480,-0.50196
27481,-0.50196
27482,-0.47255
27483,-0.12745
27484,0.27843
27485,0.67059
27486,0.88627
27487,1.0667
27488,1.2529
27489,1.3176
27490,1.3373
27491,1.3431
27492,1.3529
27493,1.3529
27494,1.3569
27495,1.3627
27496,1.3725
27497,1.3725
27498,1.3824
27499,1.3922
27500,1.402
27501,1.4275
27502,1.4627
27503,1.502
27504,1.5039
27505,1.5039
27506,1.5039
27507,1.5039
27508,1.5039
27509,1.5039
27510,1.5039
27511,1.5039
27512,1.5039
27513,1.5039
27514,1.5039
27515,1.4686
27516,1.3373
27517,1.2216
27518,1.1373
27519,1.0765
27520,1.0275
27521,0.99608
27522,0.97647
27523,0.96667
27524,0.95098
27525,0.95686
27526,0.95098
27527,0.95686
27528,0.95098
27529,0.96078
27530,0.95686
27531,0.96078
27532,0.96078
27533,0.96667
27534,0.96667
27535,0.96667
27536,0.96667
27537,0.96078
27538,0.96078
27539,0.96078
27540,0.96667
27541,0.95686
27542,0.95686
27543,0.95686
27544,0.95098
27545,0.95098
27546,0.95686
27547,0.95686
27548,0.96078
27549,0.96667
27550,0.97647
27551,0.99608
27552,1.0118
27553,1.002
27554,0.99608
27555,0.98235
27556,0.98627
27557,0.96667
27558,0.95098
27559,0.93137
27560,0.92549
27561,0.91176
27562,0.91176
27563,0.91176
27564,0.91176
27565,0.94118
27566,1.0118
27567,1.0412
27568,0.2
27569,-0.50196
27570,-0.50196
27571,-0.50196
27572,-0.50196
27573,-0.50196
27574,-0.50196
27575,-0.19216
27576,0.20392
27577,0.60588
27578,0.85686
27579,1.0314
27580,1.2216
27581,1.3078
27582,1.3275
27583,1.3431
27584,1.3471
27585,1.3529
27586,1.3569
27587,1.3569
27588,1.3627
27589,1.3725
27590,1.3784
27591,1.3882
27592,1.402
27593,1.4275
27594,1.4569
27595,1.498
27596,1.5039
27597,1.5039
27598,1.5039
27599,1.5039
27600,1.5039
27601,1.5039
27602,1.5039
27603,1.5039
27604,1.5039
27605,1.5039
27606,1.5039
27607,1.4725
27608,1.3471
27609,1.2373
27610,1.151
27611,1.0863
27612,1.0373
27613,1.0059
27614,0.98235
27615,0.97059
27616,0.95686
27617,0.95686
27618,0.95098
27619,0.95098
27620,0.95686
27621,0.95098
27622,0.95098
27623,0.96667
27624,0.96078
27625,0.96667
27626,0.97059
27627,0.94706
27628,0.96667
27629,0.97059
27630,0.95686
27631,0.95098
27632,0.94706
27633,0.94118
27634,0.95098
27635,0.93137
27636,0.94118
27637,0.95098
27638,0.93137
27639,0.93725
27640,0.95098
27641,0.95098
27642,0.94706
27643,0.98235
27644,0.97647
27645,0.97059
27646,0.95098
27647,0.94706
27648,0.96078
27649,0.92157
27650,0.91176
27651,0.89608
27652,0.90196
27653,0.88039
27654,0.87647
27655,0.88039
27656,0.89608
27657,0.96078
27658,1.0314
27659,0.4902
27660,-0.42745
27661,-0.50196
27662,-0.50196
27663,-0.50196
27664,-0.50196
27665,-0.50196
27666,-0.34706
27667,0.07451
27668,0.46078
27669,0.77059
27670,0.97647
27671,1.1765
27672,1.3078
27673,1.3471
27674,1.3529
27675,1.3627
27676,1.3569
27677,1.3627
27678,1.3667
27679,1.3784
27680,1.3784
27681,1.3922
27682,1.398
27683,1.4176
27684,1.4333
27685,1.4627
27686,1.502
27687,1.5039
27688,1.5039
27689,1.5039
27690,1.5039
27691,1.5039
27692,1.5039
27693,1.5039
27694,1.5039
27695,1.5039
27696,1.5039
27697,1.5039
27698,1.5039
27699,1.402
27700,1.2824
27701,1.1863
27702,1.1118
27703,1.0569
27704,1.0216
27705,0.99216
27706,0.98235
27707,0.97059
27708,0.97059
27709,0.97059
27710,0.97059
27711,0.96667
27712,0.97059
27713,0.97059
27714,0.97647
27715,0.97647
27716,0.97059
27717,0.97059
27718,0.97647
27719,0.97059
27720,0.97059
27721,0.96667
27722,0.96078
27723,0.96078
27724,0.96078
27725,0.96078
27726,0.95686
27727,0.96078
27728,0.95686
27729,0.95686
27730,0.95098
27731,0.95686
27732,0.96667
27733,0.96078
27734,0.96667
27735,0.97647
27736,0.98627
27737,1.0059
27738,1.0157
27739,1.0118
27740,0.99608
27741,0.99216
27742,0.99608
27743,0.97647
27744,0.95098
27745,0.93137
27746,0.92549
27747,0.92157
27748,0.91569
27749,0.91176
27750,0.92157
27751,0.96078
27752,1.0471
27753,0.6902
27754,-0.13137
27755,-0.50196
27756,-0.50196
27757,-0.50196
27758,-0.50196
27759,-0.50196
27760,-0.40784
27761,-0.037255
27762,0.37059
27763,0.72549
27764,0.92549
27765,1.1059
27766,1.2725
27767,1.3216
27768,1.3431
27769,1.3529
27770,1.3529
27771,1.3569
27772,1.3569
27773,1.3627
27774,1.3667
27775,1.3784
27776,1.3784
27777,1.398
27778,1.4078
27779,1.4373
27780,1.4725
27781,1.5039
27782,1.5039
27783,1.5039
27784,1.5039
27785,1.5039
27786,1.5039
27787,1.5039
27788,1.5039
27789,1.5039
27790,1.5039
27791,1.5039
27792,1.5039
27793,1.4431
27794,1.3176
27795,1.2118
27796,1.1314
27797,1.0725
27798,1.0275
27799,0.99608
27800,0.97647
27801,0.96667
27802,0.96078
27803,0.95686
27804,0.95686
27805,0.95098
27806,0.95686
27807,0.95686
27808,0.96078
27809,0.96667
27810,0.97059
27811,0.97059
27812,0.97647
27813,0.97059
27814,0.97059
27815,0.97647
27816,0.96078
27817,0.95686
27818,0.95686
27819,0.96078
27820,0.95686
27821,0.95686
27822,0.95686
27823,0.96078
27824,0.95686
27825,0.96667
27826,0.97059
27827,0.97647
27828,0.99608
27829,1.0157
27830,1.0059
27831,1.0059
27832,0.98235
27833,0.99216
27834,0.97647
27835,0.96078
27836,0.93725
27837,0.92549
27838,0.91569
27839,0.91569
27840,0.91176
27841,0.91569
27842,0.93137
27843,0.99216
27844,1.0412
27845,0.37451
27846,-0.45686
27847,-0.50196
27848,-0.50196
27849,-0.50196
27850,-0.50196
27851,-0.50196
27852,-0.26667
27853,0.12353
27854,0.52941
27855,0.81569
27856,1.002
27857,1.1863
27858,1.302
27859,1.3333
27860,1.3471
27861,1.3529
27862,1.3569
27863,1.3627
27864,1.3667
27865,1.3725
27866,1.3784
27867,1.3784
27868,1.3882
27869,1.402
27870,1.4275
27871,1.4569
27872,1.498
27873,1.5039
27874,1.5039
27875,1.5039
27876,1.5039
27877,1.5039
27878,1.5039
27879,1.5039
27880,1.5039
27881,1.5039
27882,1.5039
27883,1.5039
27884,1.5039
27885,1.3824
27886,1.2627
27887,1.1725
27888,1.0961
27889,1.0471
27890,1.0118
27891,0.98627
27892,0.97647
27893,0.96667
27894,0.96078
27895,0.95686
27896,0.96078
27897,0.95686
27898,0.96078
27899,0.96667
27900,0.97059
27901,0.97059
27902,0.97059
27903,0.97059
27904,0.97059
27905,0.97059
27906,0.97059
27907,0.96667
27908,0.96667
27909,0.96078
27910,0.96078
27911,0.96078
27912,0.95686
27913,0.95098
27914,0.95098
27915,0.96078
27916,0.95686
27917,0.96078
27918,0.97059
27919,0.97647
27920,1.002
27921,1.0059
27922,1.002
27923,1.0059
27924,0.98627
27925,0.99608
27926,0.97647
27927,0.95098
27928,0.92549
27929,0.92157
27930,0.91176
27931,0.91176
27932,0.90588
27933,0.91176
27934,0.94706
27935,1.0314
27936,0.85686
27937,0.11373
27938,-0.50196
27939,-0.50196
27940,-0.50196
27941,-0.50196
27942,-0.50196
27943,-0.46863
27944,-0.14118
27945,0.2549
27946,0.6451
27947,0.87647
27948,1.051
27949,1.2314
27950,1.302
27951,1.3176
27952,1.3431
27953,1.3529
27954,1.3373
27955,1.3569
27956,1.3529
27957,1.3667
27958,1.3627
27959,1.3725
27960,1.3784
27961,1.398
27962,1.4235
27963,1.4627
27964,1.4529
27965,1.5039
27966,1.5039
27967,1.5039
27968,1.5039
27969,1.5039
27970,1.5039
27971,1.5039
27972,1.5039
27973,1.5039
27974,1.5039
27975,1.5039
27976,1.4333
27977,1.2922
27978,1.202
27979,1.1059
27980,1.051
27981,0.99608
27982,0.96667
27983,0.95098
27984,0.94118
27985,0.91569
27986,0.92549
27987,0.92549
27988,0.92157
27989,0.91569
27990,0.92549
27991,0.91569
27992,0.92549
27993,0.93725
27994,0.94118
27995,0.92157
27996,0.92157
27997,0.92549
27998,0.93725
27999,0.93137
28000,0.92549
28001,0.92549
28002,0.92157
28003,0.92549
28004,0.93725
28005,0.93137
28006,0.94118
28007,0.93725
28008,0.94118
28009,0.94706
28010,0.97059
28011,0.97647
28012,0.97647
28013,0.98235
28014,0.96078
28015,0.96667
28016,0.95686
28017,0.94118
28018,0.91569
28019,0.90588
28020,0.90588
28021,0.90196
28022,0.90588
28023,0.91176
28024,0.93137
28025,1.0118
28026,1.0569
28027,0.24902
28028,-0.50196
28029,-0.50196
28030,-0.50196
28031,-0.50196
28032,-0.50196
28033,-0.50196
28034,-0.21765
28035,0.18824
28036,0.59608
28037,0.87059
28038,1.0471
28039,1.2471
28040,1.3471
28041,1.3667
28042,1.3824
28043,1.3882
28044,1.398
28045,1.398
28046,1.398
28047,1.398
28048,1.4078
28049,1.4176
28050,1.4235
28051,1.4431
28052,1.4686
28053,1.498
28054,1.5039
28055,1.5039
28056,1.5039
28057,1.5039
28058,1.5039
28059,1.5039
28060,1.5039
28061,1.5039
28062,1.5039
28063,1.5039
28064,1.5039
28065,1.5039
28066,1.498
28067,1.3627
28068,1.2471
28069,1.1569
28070,1.0961
28071,1.0471
28072,1.0059
28073,0.98627
28074,0.97647
28075,0.96667
28076,0.95686
28077,0.96078
28078,0.96078
28079,0.96667
28080,0.97059
28081,0.97647
28082,0.97059
28083,0.97647
28084,0.97059
28085,0.97647
28086,0.97059
28087,0.97059
28088,0.97059
28089,0.96667
28090,0.96078
28091,0.96078
28092,0.96078
28093,0.95686
28094,0.96078
28095,0.95686
28096,0.96667
28097,0.96078
28098,0.95686
28099,0.95686
28100,0.95686
28101,0.96078
28102,0.97059
28103,0.97647
28104,0.99608
28105,1.002
28106,1.0059
28107,0.99216
28108,0.98235
28109,0.98627
28110,0.97647
28111,0.94706
28112,0.92549
28113,0.91176
28114,0.91176
28115,0.91176
28116,0.91176
28117,0.91569
28118,0.94706
28119,1.0314
28120,0.84118
28121,0.07451
28122,-0.50196
28123,-0.50196
28124,-0.50196
28125,-0.50196
28126,-0.50196
28127,-0.47843
28128,-0.13725
28129,0.26471
28130,0.6549
28131,0.8902
28132,1.0667
28133,1.2471
28134,1.3216
28135,1.3373
28136,1.3471
28137,1.3529
28138,1.3529
28139,1.3569
28140,1.3627
28141,1.3667
28142,1.3784
28143,1.3784
28144,1.3922
28145,1.402
28146,1.4275
28147,1.4627
28148,1.5039
28149,1.5039
28150,1.5039
28151,1.5039
28152,1.5039
28153,1.5039
28154,1.5039
28155,1.5039
28156,1.5039
28157,1.5039
28158,1.5039
28159,1.5039
28160,1.4627
28161,1.3373
28162,1.2275
28163,1.1471
28164,1.0765
28165,1.0275
28166,1.002
28167,0.97647
28168,0.96667
28169,0.95686
28170,0.96078
28171,0.96078
28172,0.96078
28173,0.96078
28174,0.96078
28175,0.95686
28176,0.96078
28177,0.96667
28178,0.96078
28179,0.96667
28180,0.96667
28181,0.96667
28182,0.96667
28183,0.97059
28184,0.96667
28185,0.97059
28186,0.97059
28187,0.96667
28188,0.95686
28189,0.96078
28190,0.95686
28191,0.95686
28192,0.95686
28193,0.96667
28194,0.96667
28195,0.99216
28196,1.002
28197,1.002
28198,1.0059
28199,0.98235
28200,0.98627
28201,0.99216
28202,0.96667
28203,0.94706
28204,0.92157
28205,0.91569
28206,0.91176
28207,0.90588
28208,0.91569
28209,0.92157
28210,0.98235
28211,1.0373
28212,0.50588
28213,-0.32157
28214,-0.50196
28215,-0.50196
28216,-0.50196
28217,-0.50196
28218,-0.50196
28219,-0.31176
28220,0.058824
28221,0.46471
28222,0.7902
28223,0.97059
28224,1.1569
28225,1.2922
28226,1.3216
28227,1.3431
28228,1.3431
28229,1.3529
28230,1.3529
28231,1.3529
28232,1.3569
28233,1.3627
28234,1.3725
28235,1.3824
28236,1.398
28237,1.4235
28238,1.4471
28239,1.4882
28240,1.5039
28241,1.5039
28242,1.5039
28243,1.5039
28244,1.5039
28245,1.5039
28246,1.5039
28247,1.5039
28248,1.5039
28249,1.5039
28250,1.5039
28251,1.5039
28252,1.3824
28253,1.2569
28254,1.1725
28255,1.0863
28256,1.0373
28257,1.002
28258,0.96078
28259,0.93725
28260,0.95686
28261,0.93137
28262,0.92549
28263,0.94118
28264,0.94706
28265,0.91569
28266,0.92549
28267,0.92157
28268,0.93137
28269,0.92157
28270,0.92549
28271,0.93725
28272,0.92157
28273,0.93137
28274,0.92157
28275,0.93725
28276,0.92549
28277,0.91569
28278,0.93137
28279,0.91569
28280,0.92549
28281,0.91569
28282,0.90588
28283,0.93137
28284,0.94118
28285,0.93137
28286,0.96078
28287,0.97647
28288,0.98235
28289,0.97059
28290,0.94706
28291,0.95098
28292,0.96078
28293,0.93725
28294,0.92157
28295,0.90588
28296,0.8902
28297,0.89608
28298,0.90588
28299,0.89608
28300,0.91569
28301,0.97647
28302,1.0412
28303,0.37059
28304,-0.50196
28305,-0.50196
28306,-0.50196
28307,-0.50196
28308,-0.50196
28309,-0.50196
28310,-0.25686
28311,0.13922
28312,0.5451
28313,0.83137
28314,1.0216
28315,1.2118
28316,1.3333
28317,1.3529
28318,1.3725
28319,1.3784
28320,1.3824
28321,1.3882
28322,1.3882
28323,1.398
28324,1.398
28325,1.402
28326,1.4118
28327,1.4333
28328,1.4569
28329,1.4882
28330,1.5039
28331,1.5039
28332,1.5039
28333,1.5039
28334,1.5039
28335,1.5039
28336,1.5039
28337,1.5039
28338,1.5039
28339,1.5039
28340,1.5039
28341,1.5039
28342,1.5039
28343,1.3882
28344,1.2667
28345,1.1725
28346,1.1059
28347,1.051
28348,1.0157
28349,0.99216
28350,0.97647
28351,0.97059
28352,0.96667
28353,0.96078
28354,0.96078
28355,0.96078
28356,0.96667
28357,0.96667
28358,0.97059
28359,0.97059
28360,0.97059
28361,0.97647
28362,0.96667
28363,0.96667
28364,0.96667
28365,0.96667
28366,0.96667
28367,0.95686
28368,0.95686
28369,0.96078
28370,0.95686
28371,0.95098
28372,0.95098
28373,0.95098
28374,0.95686
28375,0.95686
28376,0.96078
28377,0.96078
28378,0.96667
28379,0.97059
28380,0.98627
28381,1.002
28382,1.002
28383,1.002
28384,0.97647
28385,0.98235
28386,0.97059
28387,0.95098
28388,0.93137
28389,0.91569
28390,0.90588
28391,0.90588
28392,0.90588
28393,0.90588
28394,0.92157
28395,0.98627
28396,1.0275
28397,0.38039
28398,-0.46275
28399,-0.50196
28400,-0.50196
28401,-0.50196
28402,-0.50196
28403,-0.50196
28404,-0.27647
28405,0.11373
28406,0.51569
28407,0.81176
28408,0.99216
28409,1.1824
28410,1.302
28411,1.3275
28412,1.3373
28413,1.3471
28414,1.3529
28415,1.3529
28416,1.3529
28417,1.3569
28418,1.3627
28419,1.3725
28420,1.3784
28421,1.3922
28422,1.4176
28423,1.4431
28424,1.4824
28425,1.5039
28426,1.5039
28427,1.5039
28428,1.5039
28429,1.5039
28430,1.5039
28431,1.5039
28432,1.5039
28433,1.5039
28434,1.5039
28435,1.5039
28436,1.5039
28437,1.3824
28438,1.2627
28439,1.1725
28440,1.0922
28441,1.0412
28442,1.0118
28443,0.98235
28444,0.97059
28445,0.96078
28446,0.95098
28447,0.95098
28448,0.95098
28449,0.94706
28450,0.95098
28451,0.95098
28452,0.95686
28453,0.95686
28454,0.96078
28455,0.95098
28456,0.95686
28457,0.95686
28458,0.96078
28459,0.95686
28460,0.96078
28461,0.96078
28462,0.95686
28463,0.95098
28464,0.95686
28465,0.95098
28466,0.95686
28467,0.95686
28468,0.95686
28469,0.96667
28470,0.97059
28471,0.97647
28472,1.002
28473,1.0118
28474,1.0118
28475,1.002
28476,0.98627
28477,0.99608
28478,0.97647
28479,0.95686
28480,0.93725
28481,0.92157
28482,0.91176
28483,0.91569
28484,0.91176
28485,0.91569
28486,0.94706
28487,1.0373
28488,0.84118
28489,0.078431
28490,-0.50196
28491,-0.50196
28492,-0.50196
28493,-0.50196
28494,-0.50196
28495,-0.45686
28496,-0.10588
28497,0.27843
28498,0.66471
28499,0.8902
28500,1.0667
28501,1.2471
28502,1.3176
28503,1.3333
28504,1.3471
28505,1.3529
28506,1.3529
28507,1.3529
28508,1.3627
28509,1.3627
28510,1.3725
28511,1.3784
28512,1.3882
28513,1.402
28514,1.4333
28515,1.4627
28516,1.5039
28517,1.5039
28518,1.5039
28519,1.5039
28520,1.5039
28521,1.5039
28522,1.5039
28523,1.5039
28524,1.5039
28525,1.5039
28526,1.5039
28527,1.5039
28528,1.4431
28529,1.3118
28530,1.2176
28531,1.1373
28532,1.0725
28533,1.0157
28534,0.99608
28535,0.97647
28536,0.93725
28537,0.97059
28538,0.95098
28539,0.93725
28540,0.96078
28541,0.95686
28542,0.93137
28543,0.94706
28544,0.94118
28545,0.93137
28546,0.94118
28547,0.95098
28548,0.94118
28549,0.92549
28550,0.94118
28551,0.93137
28552,0.92157
28553,0.92549
28554,0.90196
28555,0.92549
28556,0.92549
28557,0.92157
28558,0.91176
28559,0.92549
28560,0.92549
28561,0.91176
28562,0.94118
28563,0.95686
28564,0.96078
28565,0.96667
28566,0.97647
28567,0.93725
28568,0.95686
28569,0.94706
28570,0.92549
28571,0.91176
28572,0.90588
28573,0.88039
28574,0.90196
28575,0.89608
28576,0.8902
28577,0.91569
28578,0.98627
28579,1.0412
28580,0.30392
28581,-0.50196
28582,-0.50196
28583,-0.50196
28584,-0.50196
28585,-0.50196
28586,-0.50196
28587,-0.23137
28588,0.16863
28589,0.57451
28590,0.83529
28591,1.0216
28592,1.2118
28593,1.3216
28594,1.3529
28595,1.3667
28596,1.3784
28597,1.3725
28598,1.3784
28599,1.3882
28600,1.3922
28601,1.3882
28602,1.398
28603,1.4118
28604,1.4275
28605,1.4569
28606,1.4882
28607,1.5039
28608,1.5039
28609,1.5039
28610,1.5039
28611,1.5039
28612,1.5039
28613,1.5039
28614,1.5039
28615,1.5039
28616,1.5039
28617,1.5039
28618,1.5039
28619,1.5039
28620,1.3784
28621,1.2627
28622,1.1667
28623,1.0961
28624,1.0471
28625,1.0118
28626,0.99216
28627,0.97647
28628,0.97059
28629,0.97647
28630,0.97059
28631,0.97647
28632,0.97647
28633,0.97647
28634,0.97647
28635,0.97647
28636,0.97647
28637,0.97647
28638,0.97059
28639,0.97059
28640,0.97059
28641,0.97059
28642,0.96667
28643,0.96078
28644,0.96078
28645,0.95686
28646,0.96078
28647,0.95686
28648,0.96078
28649,0.95098
28650,0.95686
28651,0.95686
28652,0.95686
28653,0.95686
28654,0.96078
28655,0.96667
28656,0.97647
28657,0.99216
28658,1.002
28659,1.002
28660,1.002
28661,0.97647
28662,0.97647
28663,0.97059
28664,0.95098
28665,0.93725
28666,0.92157
28667,0.91176
28668,0.90588
28669,0.90588
28670,0.90588
28671,0.92157
28672,0.98235
28673,1.0314
28674,0.38431
28675,-0.46863
28676,-0.50196
28677,-0.50196
28678,-0.50196
28679,-0.50196
28680,-0.50196
28681,-0.27255
28682,0.1098
28683,0.51569
28684,0.81176
28685,0.99216
28686,1.1824
28687,1.298
28688,1.3275
28689,1.3373
28690,1.3471
28691,1.3529
28692,1.3529
28693,1.3529
28694,1.3569
28695,1.3627
28696,1.3725
28697,1.3824
28698,1.398
28699,1.4235
28700,1.4471
28701,1.4824
28702,1.5039
28703,1.5039
28704,1.5039
28705,1.5039
28706,1.5039
28707,1.5039
28708,1.5039
28709,1.5039
28710,1.5039
28711,1.5039
28712,1.5039
28713,1.5039
28714,1.3784
28715,1.2627
28716,1.1725
28717,1.0922
28718,1.0412
28719,1.002
28720,0.97647
28721,0.96078
28722,0.95098
28723,0.94706
28724,0.94118
28725,0.93725
28726,0.94118
28727,0.94706
28728,0.94706
28729,0.95098
28730,0.94706
28731,0.95098
28732,0.95098
28733,0.95098
28734,0.95686
28735,0.95686
28736,0.96078
28737,0.95686
28738,0.95098
28739,0.95098
28740,0.95098
28741,0.95098
28742,0.95098
28743,0.95098
28744,0.95098
28745,0.95098
28746,0.95098
28747,0.95686
28748,0.97059
28749,0.98627
28750,0.99608
28751,0.99216
28752,0.97647
28753,0.97647
28754,0.97647
28755,0.95686
28756,0.93725
28757,0.92157
28758,0.90588
28759,0.90588
28760,0.90196
28761,0.89608
28762,0.90196
28763,0.94118
28764,1.0314
28765,0.75098
28766,-0.031373
28767,-0.50196
28768,-0.50196
28769,-0.50196
28770,-0.50196
28771,-0.50196
28772,-0.43333
28773,-0.082353
28774,0.31373
28775,0.6902
28776,0.90196
28777,1.0765
28778,1.2431
28779,1.3078
28780,1.3216
28781,1.3333
28782,1.3373
28783,1.3471
28784,1.3471
28785,1.3529
28786,1.3471
28787,1.3627
28788,1.3667
28789,1.3824
28790,1.398
28791,1.4333
28792,1.4627
28793,1.5039
28794,1.5039
28795,1.5039
28796,1.5039
28797,1.5039
28798,1.5039
28799,1.5039
28800,1.5039
28801,1.5039
28802,1.5039
28803,1.5039
28804,1.5039
28805,1.4235
28806,1.3078
28807,1.1961
28808,1.1176
28809,1.0608
28810,1.0157
28811,0.98627
28812,0.97059
28813,0.95686
28814,0.95686
28815,0.95098
28816,0.95098
28817,0.95098
28818,0.94706
28819,0.95098
28820,0.95098
28821,0.95686
28822,0.95686
28823,0.94706
28824,0.95098
28825,0.95686
28826,0.93725
28827,0.95686
28828,0.94706
28829,0.94706
28830,0.95098
28831,0.94118
28832,0.94706
28833,0.95686
28834,0.93137
28835,0.92157
28836,0.94118
28837,0.93725
28838,0.94118
28839,0.95098
28840,0.96078
28841,0.98235
28842,0.98627
28843,0.96078
28844,0.95098
28845,0.96667
28846,0.94706
28847,0.90196
28848,0.90588
28849,0.8902
28850,0.87059
28851,0.88039
28852,0.87059
28853,0.88039
28854,0.90588
28855,0.96078
28856,1.0118
28857,0.18824
28858,-0.50196
28859,-0.50196
28860,-0.50196
28861,-0.50196
28862,-0.50196
28863,-0.50196
28864,-0.19216
28865,0.2098
28866,0.60588
28867,0.85686
28868,1.0412
28869,1.2314
28870,1.3216
28871,1.3431
28872,1.3471
28873,1.3529
28874,1.3569
28875,1.3569
28876,1.3529
28877,1.3569
28878,1.3627
28879,1.3784
28880,1.3882
28881,1.4118
28882,1.4373
28883,1.4725
28884,1.5039
28885,1.5039
28886,1.5039
28887,1.5039
28888,1.5039
28889,1.5039
28890,1.5039
28891,1.5039
28892,1.5039
28893,1.5039
28894,1.5039
28895,1.5039
28896,1.4686
28897,1.3373
28898,1.2216
28899,1.1314
28900,1.0765
28901,1.0216
28902,0.99608
28903,0.97647
28904,0.96078
28905,0.95686
28906,0.95098
28907,0.95098
28908,0.95098
28909,0.95686
28910,0.96078
28911,0.96078
28912,0.96667
28913,0.96667
28914,0.97059
28915,0.97059
28916,0.96667
28917,0.96078
28918,0.96667
28919,0.96667
28920,0.96667
28921,0.96667
28922,0.96667
28923,0.96078
28924,0.95686
28925,0.95686
28926,0.95098
28927,0.95686
28928,0.95098
28929,0.96078
28930,0.96667
28931,0.96667
28932,0.97647
28933,1.002
28934,1.0059
28935,1.0118
28936,0.99608
28937,0.98235
28938,0.98627
28939,0.97059
28940,0.95098
28941,0.93725
28942,0.92549
28943,0.92157
28944,0.92157
28945,0.92549
28946,0.92157
28947,0.95686
28948,1.0373
28949,0.85098
28950,0.062745
28951,-0.50196
28952,-0.50196
28953,-0.50196
28954,-0.50196
28955,-0.50196
28956,-0.47255
28957,-0.11765
28958,0.28431
28959,0.66078
28960,0.8902
28961,1.0667
28962,1.2529
28963,1.3216
28964,1.3471
28965,1.3529
28966,1.3569
28967,1.3569
28968,1.3627
28969,1.3667
28970,1.3725
28971,1.3784
28972,1.3824
28973,1.398
28974,1.4176
28975,1.4333
28976,1.4686
28977,1.5039
28978,1.5039
28979,1.5039
28980,1.5039
28981,1.5039
28982,1.5039
28983,1.5039
28984,1.5039
28985,1.5039
28986,1.5039
28987,1.5039
28988,1.5039
28989,1.4627
28990,1.3333
28991,1.2216
28992,1.1373
28993,1.0765
28994,1.0275
28995,1.002
28996,0.97647
28997,0.97059
28998,0.96078
28999,0.96078
29000,0.95686
29001,0.95686
29002,0.95098
29003,0.95098
29004,0.95686
29005,0.95686
29006,0.96078
29007,0.96078
29008,0.96667
29009,0.96667
29010,0.96078
29011,0.96078
29012,0.97059
29013,0.96667
29014,0.96078
29015,0.95686
29016,0.96078
29017,0.95686
29018,0.96078
29019,0.95098
29020,0.95098
29021,0.95686
29022,0.96078
29023,0.96667
29024,0.97647
29025,0.99608
29026,1.002
29027,1.002
29028,1.0059
29029,0.98627
29030,0.98627
29031,0.97059
29032,0.95098
29033,0.93137
29034,0.91569
29035,0.91176
29036,0.91176
29037,0.91176
29038,0.91176
29039,0.94118
29040,1.0216
29041,1.0412
29042,0.16471
29043,-0.50196
29044,-0.50196
29045,-0.50196
29046,-0.50196
29047,-0.50196
29048,-0.49216
29049,-0.16275
29050,0.22941
29051,0.62549
29052,0.87059
29053,1.0471
29054,1.2314
29055,1.3118
29056,1.3333
29057,1.3431
29058,1.3529
29059,1.3529
29060,1.3569
29061,1.3569
29062,1.3569
29063,1.3667
29064,1.3784
29065,1.3824
29066,1.402
29067,1.4275
29068,1.4627
29069,1.502
29070,1.5039
29071,1.5039
29072,1.5039
29073,1.5039
29074,1.5039
29075,1.5039
29076,1.5039
29077,1.5039
29078,1.5039
29079,1.5039
29080,1.5039
29081,1.4686
29082,1.3373
29083,1.2275
29084,1.1471
29085,1.0765
29086,1.0314
29087,1.002
29088,0.97647
29089,0.97059
29090,0.95686
29091,0.95098
29092,0.95098
29093,0.95098
29094,0.95098
29095,0.95686
29096,0.95686
29097,0.96078
29098,0.96667
29099,0.96078
29100,0.96667
29101,0.96667
29102,0.96078
29103,0.96667
29104,0.96078
29105,0.96078
29106,0.96078
29107,0.96078
29108,0.96078
29109,0.95686
29110,0.95686
29111,0.95098
29112,0.95686
29113,0.95686
29114,0.96078
29115,0.96667
29116,0.97647
29117,0.99608
29118,1.0118
29119,1.002
29120,1.0059
29121,0.98627
29122,0.99216
29123,0.98235
29124,0.95686
29125,0.94706
29126,0.92549
29127,0.91569
29128,0.91569
29129,0.91176
29130,0.91569
29131,0.93137
29132,0.99608
29133,1.0471
29134,0.38039
29135,-0.46275
29136,-0.50196
29137,-0.50196
29138,-0.50196
29139,-0.50196
29140,-0.50196
29141,-0.25294
29142,0.12941
29143,0.52549
29144,0.82157
29145,0.99608
29146,1.1863
29147,1.2824
29148,1.3275
29149,1.3373
29150,1.3529
29151,1.3373
29152,1.3627
29153,1.3529
29154,1.3627
29155,1.3471
29156,1.3784
29157,1.3824
29158,1.3922
29159,1.402
29160,1.4471
29161,1.4882
29162,1.5039
29163,1.5039
29164,1.5039
29165,1.5039
29166,1.5039
29167,1.5039
29168,1.5039
29169,1.5039
29170,1.5039
29171,1.5039
29172,1.5039
29173,1.4882
29174,1.3431
29175,1.2314
29176,1.1412
29177,1.0608
29178,1.0157
29179,0.99216
29180,0.95098
29181,0.94706
29182,0.93725
29183,0.92549
29184,0.93137
29185,0.90588
29186,0.93725
29187,0.93137
29188,0.92549
29189,0.93137
29190,0.93725
29191,0.93725
29192,0.94118
29193,0.92549
29194,0.93137
29195,0.93725
29196,0.93725
29197,0.93137
29198,0.93137
29199,0.93137
29200,0.93725
29201,0.94118
29202,0.93725
29203,0.94118
29204,0.94118
29205,0.94118
29206,0.93725
29207,0.95098
29208,0.97647
29209,0.99216
29210,0.98627
29211,0.99216
29212,0.97059
29213,0.97647
29214,0.96667
29215,0.94706
29216,0.93137
29217,0.92157
29218,0.91176
29219,0.91569
29220,0.92157
29221,0.92157
29222,0.95098
29223,1.0471
29224,1.0569
29225,0.094118
29226,-0.50196
29227,-0.50196
29228,-0.50196
29229,-0.50196
29230,-0.50196
29231,-0.49216
29232,-0.12745
29233,0.27843
29234,0.67647
29235,0.91176
29236,1.0922
29237,1.2765
29238,1.3569
29239,1.3784
29240,1.3882
29241,1.3922
29242,1.3922
29243,1.398
29244,1.398
29245,1.402
29246,1.4078
29247,1.4176
29248,1.4275
29249,1.4471
29250,1.4686
29251,1.502
29252,1.5039
29253,1.5039
29254,1.5039
29255,1.5039
29256,1.5039
29257,1.5039
29258,1.5039
29259,1.5039
29260,1.5039
29261,1.5039
29262,1.5039
29263,1.5039
29264,1.4784
29265,1.3431
29266,1.2431
29267,1.151
29268,1.0863
29269,1.0412
29270,1.0118
29271,0.98627
29272,0.98235
29273,0.97647
29274,0.97059
29275,0.96667
29276,0.96667
29277,0.97059
29278,0.97059
29279,0.97647
29280,0.97059
29281,0.97647
29282,0.97647
29283,0.97647
29284,0.97647
29285,0.97647
29286,0.97059
29287,0.96667
29288,0.96667
29289,0.96078
29290,0.96667
29291,0.96078
29292,0.96078
29293,0.96078
29294,0.96078
29295,0.96078
29296,0.96667
29297,0.95686
29298,0.96667
29299,0.97059
29300,0.97647
29301,0.99608
29302,1.0059
29303,1.002
29304,1.0059
29305,0.98627
29306,0.99216
29307,0.98235
29308,0.96078
29309,0.93725
29310,0.92549
29311,0.91569
29312,0.91569
29313,0.90588
29314,0.91176
29315,0.93137
29316,0.99608
29317,1.0412
29318,0.37059
29319,-0.47255
29320,-0.50196
29321,-0.50196
29322,-0.50196
29323,-0.50196
29324,-0.50196
29325,-0.26275
29326,0.12353
29327,0.52549
29328,0.82549
29329,1.002
29330,1.1922
29331,1.3078
29332,1.3333
29333,1.3431
29334,1.3471
29335,1.3529
29336,1.3529
29337,1.3569
29338,1.3627
29339,1.3667
29340,1.3725
29341,1.3882
29342,1.398
29343,1.4235
29344,1.4471
29345,1.4882
29346,1.5039
29347,1.5039
29348,1.5039
29349,1.5039
29350,1.5039
29351,1.5039
29352,1.5039
29353,1.5039
29354,1.5039
29355,1.5039
29356,1.5039
29357,1.5039
29358,1.3784
29359,1.2627
29360,1.1667
29361,1.0961
29362,1.0471
29363,1.0059
29364,0.98235
29365,0.96667
29366,0.96078
29367,0.95098
29368,0.95098
29369,0.95098
29370,0.95098
29371,0.95686
29372,0.95098
29373,0.95686
29374,0.96078
29375,0.96667
29376,0.96667
29377,0.96078
29378,0.96667
29379,0.97059
29380,0.96667
29381,0.96078
29382,0.96078
29383,0.95686
29384,0.95686
29385,0.95686
29386,0.95098
29387,0.96078
29388,0.95686
29389,0.96078
29390,0.96078
29391,0.97059
29392,0.97647
29393,0.99608
29394,1.0059
29395,1.002
29396,1.0118
29397,0.98627
29398,0.99216
29399,0.97647
29400,0.95686
29401,0.93137
29402,0.92157
29403,0.91176
29404,0.90588
29405,0.90588
29406,0.90588
29407,0.92549
29408,1.002
29409,1.0412
29410,0.27451
29411,-0.50196
29412,-0.50196
29413,-0.50196
29414,-0.50196
29415,-0.50196
29416,-0.50196
29417,-0.22157
29418,0.16863
29419,0.57059
29420,0.83137
29421,1.0059
29422,1.1922
29423,1.302
29424,1.3118
29425,1.3275
29426,1.3333
29427,1.3333
29428,1.3471
29429,1.3431
29430,1.3333
29431,1.3529
29432,1.3471
29433,1.3784
29434,1.3784
29435,1.4118
29436,1.4373
29437,1.4824
29438,1.5039
29439,1.5039
29440,1.5039
29441,1.5039
29442,1.5039
29443,1.5039
29444,1.5039
29445,1.5039
29446,1.5039
29447,1.5039
29448,1.5039
29449,1.4725
29450,1.3333
29451,1.2176
29452,1.1216
29453,1.0412
29454,1.0059
29455,0.98235
29456,0.95686
29457,0.93137
29458,0.92157
29459,0.93137
29460,0.91569
29461,0.92549
29462,0.93137
29463,0.93137
29464,0.93137
29465,0.92549
29466,0.93725
29467,0.93137
29468,0.93137
29469,0.93137
29470,0.94118
29471,0.93725
29472,0.93725
29473,0.93137
29474,0.93725
29475,0.93725
29476,0.92549
29477,0.93725
29478,0.92549
29479,0.93137
29480,0.94118
29481,0.94706
29482,0.94706
29483,0.96078
29484,0.98235
29485,0.98627
29486,0.98627
29487,0.97647
29488,0.96667
29489,0.97647
29490,0.96078
29491,0.95098
29492,0.92549
29493,0.92157
29494,0.91569
29495,0.91569
29496,0.91569
29497,0.92157
29498,0.95686
29499,1.051
29500,0.8451
29501,0.033333
29502,-0.50196
29503,-0.50196
29504,-0.50196
29505,-0.50196
29506,-0.50196
29507,-0.47843
29508,-0.10588
29509,0.30392
29510,0.69608
29511,0.92157
29512,1.0922
29513,1.2765
29514,1.3471
29515,1.3667
29516,1.3784
29517,1.3824
29518,1.3824
29519,1.3824
29520,1.3882
29521,1.3922
29522,1.398
29523,1.4078
29524,1.4235
29525,1.4431
29526,1.4686
29527,1.498
29528,1.5039
29529,1.5039
29530,1.5039
29531,1.5039
29532,1.5039
29533,1.5039
29534,1.5039
29535,1.5039
29536,1.5039
29537,1.5039
29538,1.5039
29539,1.5039
29540,1.4569
29541,1.3333
29542,1.2216
29543,1.1314
29544,1.0765
29545,1.0314
29546,0.99608
29547,0.97647
29548,0.96667
29549,0.95686
29550,0.95686
29551,0.96078
29552,0.96078
29553,0.96078
29554,0.96667
29555,0.96667
29556,0.96667
29557,0.96667
29558,0.96078
29559,0.96078
29560,0.96667
29561,0.96078
29562,0.96667
29563,0.96667
29564,0.96667
29565,0.96667
29566,0.96667
29567,0.96078
29568,0.95686
29569,0.95098
29570,0.95098
29571,0.95686
29572,0.95098
29573,0.95686
29574,0.95098
29575,0.96667
29576,0.97059
29577,0.98627
29578,1.002
29579,1.0059
29580,1.002
29581,0.98235
29582,0.98627
29583,0.97647
29584,0.95686
29585,0.93725
29586,0.92157
29587,0.91176
29588,0.91176
29589,0.91176
29590,0.91176
29591,0.92549
29592,0.98627
29593,1.0373
29594,0.42549
29595,-0.41765
29596,-0.50196
29597,-0.50196
29598,-0.50196
29599,-0.50196
29600,-0.50196
29601,-0.28824
29602,0.098039
29603,0.5
29604,0.80588
29605,0.98627
29606,1.1824
29607,1.298
29608,1.3275
29609,1.3373
29610,1.3471
29611,1.3529
29612,1.3569
29613,1.3569
29614,1.3627
29615,1.3627
29616,1.3784
29617,1.3784
29618,1.398
29619,1.4176
29620,1.4471
29621,1.4824
29622,1.5039
29623,1.5039
29624,1.5039
29625,1.5039
29626,1.5039
29627,1.5039
29628,1.5039
29629,1.5039
29630,1.5039
29631,1.5039
29632,1.5039
29633,1.5039
29634,1.3784
29635,1.2667
29636,1.1725
29637,1.0922
29638,1.0412
29639,1.0059
29640,0.98235
29641,0.96667
29642,0.95686
29643,0.95098
29644,0.95686
29645,0.95686
29646,0.95686
29647,0.96078
29648,0.95686
29649,0.96078
29650,0.96078
29651,0.97059
29652,0.96667
29653,0.96667
29654,0.96667
29655,0.96667
29656,0.96667
29657,0.97059
29658,0.96667
29659,0.96078
29660,0.97059
29661,0.96667
29662,0.96667
29663,0.96078
29664,0.96667
29665,0.95686
29666,0.96667
29667,0.96667
29668,0.97647
29669,0.99608
29670,1.0059
29671,1.0059
29672,1.002
29673,0.98627
29674,0.99216
29675,0.97647
29676,0.95686
29677,0.93725
29678,0.92549
29679,0.91176
29680,0.91569
29681,0.91176
29682,0.91569
29683,0.93137
29684,1.002
29685,1.0471
29686,0.34902
29687,-0.49804
29688,-0.50196
29689,-0.50196
29690,-0.50196
29691,-0.50196
29692,-0.50196
29693,-0.24706
29694,0.13333
29695,0.5451
29696,0.82549
29697,1.002
29698,1.1922
29699,1.2922
29700,1.3176
29701,1.3333
29702,1.3373
29703,1.3471
29704,1.3275
29705,1.3569
29706,1.3569
29707,1.3784
29708,1.3667
29709,1.3824
29710,1.398
29711,1.4235
29712,1.4431
29713,1.4882
29714,1.5039
29715,1.5039
29716,1.5039
29717,1.5039
29718,1.5039
29719,1.5039
29720,1.5039
29721,1.5039
29722,1.5039
29723,1.5039
29724,1.5039
29725,1.4725
29726,1.3431
29727,1.2373
29728,1.1373
29729,1.0569
29730,1.0216
29731,0.98235
29732,0.95686
29733,0.95098
29734,0.92157
29735,0.93725
29736,0.92549
29737,0.93725
29738,0.92549
29739,0.93137
29740,0.92549
29741,0.93137
29742,0.94118
29743,0.93137
29744,0.93725
29745,0.93725
29746,0.94118
29747,0.93137
29748,0.92549
29749,0.94118
29750,0.94118
29751,0.93725
29752,0.92549
29753,0.93137
29754,0.93725
29755,0.93725
29756,0.93137
29757,0.94118
29758,0.94706
29759,0.95098
29760,0.97647
29761,0.99216
29762,0.98627
29763,0.99216
29764,0.96078
29765,0.97059
29766,0.96078
29767,0.93725
29768,0.92157
29769,0.90588
29770,0.91176
29771,0.90588
29772,0.91176
29773,0.91569
29774,0.94706
29775,1.0373
29776,1.0569
29777,0.1098
29778,-0.50196
29779,-0.50196
29780,-0.50196
29781,-0.50196
29782,-0.50196
29783,-0.50196
29784,-0.15686
29785,0.2549
29786,0.66078
29787,0.89608
29788,1.0765
29789,1.2725
29790,1.3471
29791,1.3784
29792,1.3784
29793,1.3882
29794,1.3922
29795,1.398
29796,1.398
29797,1.402
29798,1.4078
29799,1.4118
29800,1.4235
29801,1.4431
29802,1.4627
29803,1.498
29804,1.5039
29805,1.5039
29806,1.5039
29807,1.5039
29808,1.5039
29809,1.5039
29810,1.5039
29811,1.5039
29812,1.5039
29813,1.5039
29814,1.5039
29815,1.5039
29816,1.4725
29817,1.3431
29818,1.2314
29819,1.1471
29820,1.0824
29821,1.0314
29822,1.002
29823,0.97647
29824,0.97647
29825,0.96078
29826,0.95686
29827,0.95686
29828,0.95686
29829,0.96078
29830,0.96667
29831,0.97059
29832,0.97647
29833,0.97647
29834,0.97059
29835,0.97647
29836,0.97059
29837,0.96667
29838,0.96667
29839,0.97059
29840,0.96078
29841,0.96078
29842,0.95686
29843,0.96078
29844,0.95686
29845,0.95686
29846,0.95686
29847,0.95098
29848,0.95098
29849,0.95098
29850,0.95098
29851,0.96667
29852,0.97059
29853,0.99608
29854,1.002
29855,1.002
29856,1.0059
29857,0.98235
29858,0.98627
29859,0.97059
29860,0.95098
29861,0.93137
29862,0.92157
29863,0.90588
29864,0.90588
29865,0.90588
29866,0.91176
29867,0.93137
29868,1.002
29869,1.0412
29870,0.2902
29871,-0.50196
29872,-0.50196
29873,-0.50196
29874,-0.50196
29875,-0.50196
29876,-0.50196
29877,-0.23725
29878,0.1549
29879,0.56471
29880,0.83137
29881,1.0216
29882,1.2078
29883,1.3118
29884,1.3333
29885,1.3471
29886,1.3471
29887,1.3529
29888,1.3569
29889,1.3627
29890,1.3627
29891,1.3725
29892,1.3784
29893,1.3922
29894,1.402
29895,1.4235
29896,1.4529
29897,1.498
29898,1.5039
29899,1.5039
29900,1.5039
29901,1.5039
29902,1.5039
29903,1.5039
29904,1.5039
29905,1.5039
29906,1.5039
29907,1.5039
29908,1.5039
29909,1.4922
29910,1.3627
29911,1.2471
29912,1.1569
29913,1.0863
29914,1.0412
29915,1.0059
29916,0.98627
29917,0.96667
29918,0.96078
29919,0.96078
29920,0.95686
29921,0.95686
29922,0.95686
29923,0.95686
29924,0.95686
29925,0.96078
29926,0.96667
29927,0.97059
29928,0.96667
29929,0.97059
29930,0.97059
29931,0.96667
29932,0.96667
29933,0.97059
29934,0.96667
29935,0.97059
29936,0.96078
29937,0.96667
29938,0.95686
29939,0.96078
29940,0.95098
29941,0.95098
29942,0.96078
29943,0.96667
29944,0.97059
29945,0.98627
29946,1.002
29947,1.002
29948,1.002
29949,0.98235
29950,0.98627
29951,0.98235
29952,0.96078
29953,0.94118
29954,0.92549
29955,0.92157
29956,0.91569
29957,0.91176
29958,0.92157
29959,0.91569
29960,0.98235
29961,1.0373
29962,0.51961
29963,-0.32157
29964,-0.50196
29965,-0.50196
29966,-0.50196
29967,-0.50196
29968,-0.50196
29969,-0.32745
29970,0.04902
29971,0.4549
29972,0.78039
29973,0.96078
29974,1.1471
29975,1.2824
29976,1.3216
29977,1.3333
29978,1.3373
29979,1.3431
29980,1.3529
29981,1.3569
29982,1.3569
29983,1.3627
29984,1.3667
29985,1.3784
29986,1.3882
29987,1.4118
29988,1.4431
29989,1.4784
29990,1.5039
29991,1.5039
29992,1.5039
29993,1.5039
29994,1.5039
29995,1.5039
29996,1.5039
29997,1.5039
29998,1.5039
29999,1.5039
30000,1.5039
30001,1.5039
30002,1.3882
30003,1.2725
30004,1.1765
30005,1.1059
30006,1.0471
30007,1.0118
30008,0.97059
30009,0.95686
30010,0.97059
30011,0.96078
30012,0.95098
30013,0.96078
30014,0.94706
30015,0.96078
30016,0.94706
30017,0.96667
30018,0.95098
30019,0.96667
30020,0.97059
30021,0.95098
30022,0.95098
30023,0.95098
30024,0.94706
30025,0.93725
30026,0.94118
30027,0.93725
30028,0.94118
30029,0.93137
30030,0.92549
30031,0.94118
30032,0.92157
30033,0.91176
30034,0.93137
30035,0.94118
30036,0.91569
30037,0.96078
30038,0.97647
30039,0.96078
30040,0.97059
30041,0.94118
30042,0.92157
30043,0.96078
30044,0.92549
30045,0.91176
30046,0.88627
30047,0.87059
30048,0.88039
30049,0.86667
30050,0.88039
30051,0.90588
30052,0.95098
30053,1.0314
30054,0.46471
30055,-0.48824
30056,-0.50196
30057,-0.50196
30058,-0.50196
30059,-0.50196
30060,-0.50196
30061,-0.33333
30062,0.084314
30063,0.49412
30064,0.80588
30065,0.99608
30066,1.1961
30067,1.3176
30068,1.3529
30069,1.3627
30070,1.3569
30071,1.3725
30072,1.3784
30073,1.3824
30074,1.3922
30075,1.3922
30076,1.398
30077,1.4078
30078,1.4235
30079,1.4431
30080,1.4784
30081,1.5039
30082,1.5039
30083,1.5039
30084,1.5039
30085,1.5039
30086,1.5039
30087,1.5039
30088,1.5039
30089,1.5039
30090,1.5039
30091,1.5039
30092,1.5039
30093,1.5039
30094,1.4078
30095,1.2882
30096,1.1863
30097,1.1176
30098,1.0608
30099,1.0216
30100,0.99608
30101,0.98627
30102,0.97647
30103,0.97647
30104,0.97059
30105,0.97059
30106,0.97059
30107,0.97059
30108,0.97059
30109,0.97647
30110,0.97647
30111,0.97647
30112,0.97647
30113,0.97647
30114,0.97647
30115,0.97647
30116,0.97059
30117,0.96667
30118,0.96667
30119,0.96078
30120,0.96667
30121,0.96667
30122,0.96667
30123,0.96667
30124,0.96078
30125,0.95686
30126,0.96078
30127,0.96078
30128,0.96667
30129,0.97059
30130,0.97647
30131,0.98235
30132,1.002
30133,1.0118
30134,1.0157
30135,1.0157
30136,0.99608
30137,1.002
30138,0.99216
30139,0.97059
30140,0.95098
30141,0.93725
30142,0.92549
30143,0.92157
30144,0.92549
30145,0.92157
30146,0.93137
30147,0.99608
30148,1.0471
30149,0.42549
30150,-0.43725
30151,-0.50196
30152,-0.50196
30153,-0.50196
30154,-0.50196
30155,-0.50196
30156,-0.29804
30157,0.10392
30158,0.51569
30159,0.82157
30160,0.99608
30161,1.1922
30162,1.3118
30163,1.3471
30164,1.3569
30165,1.3569
30166,1.3667
30167,1.3667
30168,1.3725
30169,1.3725
30170,1.3784
30171,1.3824
30172,1.398
30173,1.4078
30174,1.4275
30175,1.4529
30176,1.4922
30177,1.5039
30178,1.5039
30179,1.5039
30180,1.5039
30181,1.5039
30182,1.5039
30183,1.5039
30184,1.5039
30185,1.5039
30186,1.5039
30187,1.5039
30188,1.5039
30189,1.402
30190,1.2882
30191,1.1922
30192,1.1118
30193,1.0608
30194,1.0157
30195,0.99216
30196,0.97647
30197,0.97059
30198,0.96667
30199,0.96078
30200,0.96078
30201,0.96078
30202,0.96078
30203,0.96667
30204,0.97059
30205,0.97647
30206,0.97647
30207,0.97647
30208,0.97647
30209,0.97647
30210,0.98235
30211,0.97059
30212,0.97647
30213,0.97059
30214,0.97059
30215,0.96667
30216,0.96667
30217,0.96667
30218,0.96078
30219,0.95686
30220,0.96078
30221,0.96078
30222,0.97059
30223,0.97647
30224,0.99608
30225,1.0118
30226,1.0118
30227,1.0157
30228,0.98627
30229,0.99216
30230,0.98235
30231,0.96078
30232,0.93725
30233,0.92157
30234,0.91569
30235,0.92157
30236,0.91569
30237,0.91569
30238,0.93137
30239,0.99608
30240,1.0412
30241,0.37059
30242,-0.47843
30243,-0.50196
30244,-0.50196
30245,-0.50196
30246,-0.50196
30247,-0.50196
30248,-0.27255
30249,0.12353
30250,0.52941
30251,0.82549
30252,1.0059
30253,1.1961
30254,1.3078
30255,1.3333
30256,1.3529
30257,1.3529
30258,1.3627
30259,1.3627
30260,1.3667
30261,1.3667
30262,1.3725
30263,1.3784
30264,1.3922
30265,1.402
30266,1.4333
30267,1.4529
30268,1.498
30269,1.5039
30270,1.5039
30271,1.5039
30272,1.5039
30273,1.5039
30274,1.5039
30275,1.5039
30276,1.5039
30277,1.5039
30278,1.5039
30279,1.5039
30280,1.5039
30281,1.3725
30282,1.2569
30283,1.1725
30284,1.0961
30285,1.0471
30286,1.0118
30287,0.98627
30288,0.97059
30289,0.96667
30290,0.96078
30291,0.96078
30292,0.95686
30293,0.96078
30294,0.96667
30295,0.97059
30296,0.96667
30297,0.96667
30298,0.96667
30299,0.97059
30300,0.96667
30301,0.96667
30302,0.97059
30303,0.96667
30304,0.96078
30305,0.96078
30306,0.96078
30307,0.95686
30308,0.96078
30309,0.96078
30310,0.95686
30311,0.95686
30312,0.95686
30313,0.95686
30314,0.96667
30315,0.97059
30316,0.98627
30317,1.002
30318,1.002
30319,1.002
30320,0.98235
30321,0.98235
30322,0.97647
30323,0.95098
30324,0.93137
30325,0.91569
30326,0.91176
30327,0.90588
30328,0.90588
30329,0.91176
30330,0.92157
30331,0.98235
30332,1.0314
30333,0.44902
30334,-0.37843
30335,-0.50196
30336,-0.50196
30337,-0.50196
30338,-0.50196
30339,-0.50196
30340,-0.30784
30341,0.07451
30342,0.48039
30343,0.79608
30344,0.96078
30345,1.1627
30346,1.2922
30347,1.3275
30348,1.3216
30349,1.3471
30350,1.3373
30351,1.3471
30352,1.3529
30353,1.3431
30354,1.3471
30355,1.3725
30356,1.3627
30357,1.3824
30358,1.3882
30359,1.4333
30360,1.4627
30361,1.5039
30362,1.5039
30363,1.5039
30364,1.5039
30365,1.5039
30366,1.5039
30367,1.5039
30368,1.5039
30369,1.5039
30370,1.5039
30371,1.5039
30372,1.498
30373,1.3667
30374,1.2471
30375,1.1275
30376,1.0765
30377,1.0157
30378,0.96667
30379,0.94706
30380,0.95686
30381,0.92157
30382,0.90588
30383,0.92549
30384,0.91176
30385,0.90588
30386,0.92549
30387,0.91176
30388,0.92549
30389,0.93725
30390,0.92157
30391,0.93725
30392,0.94118
30393,0.92549
30394,0.92549
30395,0.93725
30396,0.92549
30397,0.94118
30398,0.92549
30399,0.91569
30400,0.92549
30401,0.91176
30402,0.92549
30403,0.93137
30404,0.93725
30405,0.94118
30406,0.95686
30407,0.97647
30408,0.97647
30409,0.96667
30410,0.95098
30411,0.96078
30412,0.95686
30413,0.94118
30414,0.92157
30415,0.90196
30416,0.90196
30417,0.89608
30418,0.89608
30419,0.90196
30420,0.91569
30421,0.98235
30422,1.0373
30423,0.41961
30424,-0.49804
30425,-0.50196
30426,-0.50196
30427,-0.50196
30428,-0.50196
30429,-0.50196
30430,-0.29804
30431,0.10392
30432,0.51961
30433,0.83137
30434,1.0118
30435,1.2078
30436,1.3333
30437,1.3667
30438,1.3784
30439,1.3882
30440,1.3882
30441,1.398
30442,1.398
30443,1.398
30444,1.402
30445,1.4078
30446,1.4176
30447,1.4373
30448,1.4569
30449,1.4922
30450,1.5039
30451,1.5039
30452,1.5039
30453,1.5039
30454,1.5039
30455,1.5039
30456,1.5039
30457,1.5039
30458,1.5039
30459,1.5039
30460,1.5039
30461,1.5039
30462,1.5039
30463,1.3824
30464,1.2667
30465,1.1725
30466,1.0961
30467,1.0471
30468,1.0118
30469,0.98627
30470,0.97647
30471,0.96667
30472,0.96078
30473,0.95686
30474,0.95686
30475,0.95098
30476,0.95686
30477,0.95686
30478,0.95686
30479,0.96667
30480,0.96667
30481,0.96078
30482,0.96078
30483,0.96667
30484,0.96078
30485,0.96078
30486,0.95686
30487,0.95686
30488,0.95686
30489,0.95686
30490,0.95098
30491,0.95098
30492,0.95098
30493,0.94706
30494,0.94118
30495,0.95098
30496,0.95098
30497,0.95098
30498,0.95098
30499,0.95686
30500,0.97647
30501,0.99608
30502,0.99608
30503,0.99216
30504,0.97647
30505,0.97647
30506,0.96667
30507,0.95098
30508,0.92549
30509,0.91569
30510,0.90588
30511,0.90588
30512,0.90588
30513,0.90588
30514,0.92157
30515,0.99216
30516,1.0314
30517,0.29412
30518,-0.50196
30519,-0.50196
30520,-0.50196
30521,-0.50196
30522,-0.50196
30523,-0.50196
30524,-0.24706
30525,0.14902
30526,0.5549
30527,0.83137
30528,1.0157
30529,1.202
30530,1.302
30531,1.3275
30532,1.3431
30533,1.3471
30534,1.3529
30535,1.3569
30536,1.3569
30537,1.3667
30538,1.3725
30539,1.3784
30540,1.3784
30541,1.398
30542,1.4176
30543,1.4471
30544,1.4882
30545,1.5039
30546,1.5039
30547,1.5039
30548,1.5039
30549,1.5039
30550,1.5039
30551,1.5039
30552,1.5039
30553,1.5039
30554,1.5039
30555,1.5039
30556,1.498
30557,1.3725
30558,1.2569
30559,1.1627
30560,1.0863
30561,1.0373
30562,1.002
30563,0.98235
30564,0.97059
30565,0.95686
30566,0.95098
30567,0.95098
30568,0.95098
30569,0.95098
30570,0.95686
30571,0.95686
30572,0.96078
30573,0.95686
30574,0.96078
30575,0.95686
30576,0.96078
30577,0.96667
30578,0.96667
30579,0.96078
30580,0.96667
30581,0.96078
30582,0.96078
30583,0.96078
30584,0.95686
30585,0.95686
30586,0.96667
30587,0.96078
30588,0.96078
30589,0.96667
30590,0.97059
30591,0.98627
30592,1.002
30593,1.0118
30594,1.0059
30595,0.99608
30596,0.98627
30597,0.99216
30598,0.97647
30599,0.95686
30600,0.93137
30601,0.92549
30602,0.91569
30603,0.91569
30604,0.90588
30605,0.91569
30606,0.95098
30607,1.0373
30608,0.77647
30609,-0.0019608
30610,-0.50196
30611,-0.50196
30612,-0.50196
30613,-0.50196
30614,-0.50196
30615,-0.43725
30616,-0.086275
30617,0.3098
30618,0.68627
30619,0.90196
30620,1.0765
30621,1.2529
30622,1.3176
30623,1.3333
30624,1.3471
30625,1.3529
30626,1.3529
30627,1.3529
30628,1.3569
30629,1.3667
30630,1.3725
30631,1.3784
30632,1.3922
30633,1.4078
30634,1.4333
30635,1.4686
30636,1.5039
30637,1.5039
30638,1.5039
30639,1.5039
30640,1.5039
30641,1.5039
30642,1.5039
30643,1.5039
30644,1.5039
30645,1.5039
30646,1.5039
30647,1.5039
30648,1.4275
30649,1.3118
30650,1.2118
30651,1.1275
30652,1.0667
30653,1.0216
30654,0.99608
30655,0.97647
30656,0.96667
30657,0.96078
30658,0.95686
30659,0.95098
30660,0.94706
30661,0.96078
30662,0.96078
30663,0.95098
30664,0.96667
30665,0.94118
30666,0.96078
30667,0.95686
30668,0.97647
30669,0.96667
30670,0.95686
30671,0.95686
30672,0.95686
30673,0.93725
30674,0.94706
30675,0.93725
30676,0.95098
30677,0.94118
30678,0.94706
30679,0.91176
30680,0.94118
30681,0.94706
30682,0.93137
30683,0.95098
30684,0.96078
30685,0.97059
30686,0.95686
30687,0.97647
30688,0.96078
30689,0.94706
30690,0.95098
30691,0.93725
30692,0.90588
30693,0.90196
30694,0.88039
30695,0.88039
30696,0.87647
30697,0.88627
30698,0.88039
30699,0.94706
30700,1.0314
30701,0.5
30702,-0.41176
30703,-0.50196
30704,-0.50196
30705,-0.50196
30706,-0.50196
30707,-0.50196
30708,-0.35294
30709,0.07451
30710,0.48039
30711,0.8
30712,0.98627
30713,1.1824
30714,1.3118
30715,1.3333
30716,1.3569
30717,1.3725
30718,1.3667
30719,1.3725
30720,1.3667
30721,1.3627
30722,1.3784
30723,1.3784
30724,1.398
30725,1.4118
30726,1.4431
30727,1.4686
30728,1.5039
30729,1.5039
30730,1.5039
30731,1.5039
30732,1.5039
30733,1.5039
30734,1.5039
30735,1.5039
30736,1.5039
30737,1.5039
30738,1.5039
30739,1.5039
30740,1.5039
30741,1.4118
30742,1.2922
30743,1.1922
30744,1.1176
30745,1.0608
30746,1.0216
30747,1.002
30748,0.99216
30749,0.98627
30750,0.97647
30751,0.97647
30752,0.97647
30753,0.97647
30754,0.97647
30755,0.98235
30756,0.98235
30757,0.98627
30758,0.98235
30759,0.98627
30760,0.98627
30761,0.98627
30762,0.98235
30763,0.97647
30764,0.98235
30765,0.97647
30766,0.97647
30767,0.97647
30768,0.97647
30769,0.97059
30770,0.97059
30771,0.97059
30772,0.96667
30773,0.96667
30774,0.97059
30775,0.96667
30776,0.97647
30777,0.97647
30778,0.99608
30779,1.0118
30780,1.0216
30781,1.0157
30782,0.99608
30783,0.99608
30784,0.99216
30785,0.97647
30786,0.95686
30787,0.94118
30788,0.92549
30789,0.92549
30790,0.92157
30791,0.92549
30792,0.92549
30793,0.98235
30794,1.0471
30795,0.59608
30796,-0.24314
30797,-0.50196
30798,-0.50196
30799,-0.50196
30800,-0.50196
30801,-0.50196
30802,-0.36275
30803,0.017647
30804,0.42941
30805,0.77059
30806,0.96078
30807,1.151
30808,1.298
30809,1.3373
30810,1.3529
30811,1.3627
30812,1.3569
30813,1.3667
30814,1.3725
30815,1.3725
30816,1.3784
30817,1.3824
30818,1.3922
30819,1.402
30820,1.4235
30821,1.4431
30822,1.4882
30823,1.5039
30824,1.5039
30825,1.5039
30826,1.5039
30827,1.5039
30828,1.5039
30829,1.5039
30830,1.5039
30831,1.5039
30832,1.5039
30833,1.5039
30834,1.5039
30835,1.4176
30836,1.298
30837,1.1961
30838,1.1176
30839,1.0569
30840,1.0157
30841,0.99216
30842,0.97647
30843,0.96667
30844,0.95686
30845,0.95686
30846,0.95098
30847,0.95686
30848,0.96078
30849,0.96078
30850,0.95686
30851,0.96078
30852,0.96667
30853,0.96667
30854,0.96078
30855,0.96078
30856,0.96667
30857,0.95686
30858,0.96667
30859,0.96078
30860,0.95686
30861,0.95686
30862,0.96078
30863,0.95686
30864,0.95686
30865,0.95098
30866,0.95686
30867,0.95098
30868,0.95686
30869,0.96078
30870,0.97647
30871,0.98235
30872,1.002
30873,1.002
30874,1.0118
30875,0.98627
30876,0.98235
30877,0.98627
30878,0.96667
30879,0.94706
30880,0.92549
30881,0.91176
30882,0.91176
30883,0.90588
30884,0.91176
30885,0.91569
30886,0.96078
30887,1.0412
30888,0.62549
30889,-0.18627
30890,-0.50196
30891,-0.50196
30892,-0.50196
30893,-0.50196
30894,-0.50196
30895,-0.38235
30896,-0.011765
30897,0.3902
30898,0.7451
30899,0.93725
30900,1.1176
30901,1.2765
30902,1.3176
30903,1.3333
30904,1.3431
30905,1.3471
30906,1.3529
30907,1.3529
30908,1.3569
30909,1.3627
30910,1.3667
30911,1.3784
30912,1.3882
30913,1.4118
30914,1.4373
30915,1.4725
30916,1.5039
30917,1.5039
30918,1.5039
30919,1.5039
30920,1.5039
30921,1.5039
30922,1.5039
30923,1.5039
30924,1.5039
30925,1.5039
30926,1.5039
30927,1.5039
30928,1.4176
30929,1.298
30930,1.1961
30931,1.1118
30932,1.0569
30933,1.0157
30934,0.99216
30935,0.97647
30936,0.96667
30937,0.95686
30938,0.95686
30939,0.95686
30940,0.95098
30941,0.95686
30942,0.95098
30943,0.96078
30944,0.96078
30945,0.96667
30946,0.96667
30947,0.96667
30948,0.96667
30949,0.96667
30950,0.96667
30951,0.96078
30952,0.96078
30953,0.96078
30954,0.96667
30955,0.96667
30956,0.96078
30957,0.96078
30958,0.95686
30959,0.95098
30960,0.95686
30961,0.96078
30962,0.97059
30963,0.97647
30964,1.002
30965,1.002
30966,1.0059
30967,0.99216
30968,0.98627
30969,0.99216
30970,0.97059
30971,0.95098
30972,0.93137
30973,0.92549
30974,0.91569
30975,0.90196
30976,0.91569
30977,0.90196
30978,0.95686
30979,1.0275
30980,0.88627
30981,0.1549
30982,-0.50196
30983,-0.50196
30984,-0.50196
30985,-0.50196
30986,-0.50196
30987,-0.50196
30988,-0.15686
30989,0.2451
30990,0.63529
30991,0.86667
30992,1.0412
30993,1.2216
30994,1.3078
30995,1.302
30996,1.3275
30997,1.3373
30998,1.3176
30999,1.3471
31000,1.3333
31001,1.3275
31002,1.3529
31003,1.3569
31004,1.3627
31005,1.398
31006,1.4235
31007,1.4471
31008,1.4824
31009,1.5039
31010,1.5039
31011,1.5039
31012,1.5039
31013,1.5039
31014,1.5039
31015,1.5039
31016,1.5039
31017,1.5039
31018,1.5039
31019,1.5039
31020,1.4529
31021,1.3176
31022,1.2078
31023,1.1059
31024,1.0471
31025,1.002
31026,0.97059
31027,0.94706
31028,0.93137
31029,0.92549
31030,0.92157
31031,0.92549
31032,0.92157
31033,0.92549
31034,0.92549
31035,0.92157
31036,0.92549
31037,0.92549
31038,0.93725
31039,0.95098
31040,0.94706
31041,0.94118
31042,0.94118
31043,0.94118
31044,0.94118
31045,0.94706
31046,0.94706
31047,0.95098
31048,0.94706
31049,0.94706
31050,0.95098
31051,0.95098
31052,0.95686
31053,0.96667
31054,0.97647
31055,1.002
31056,1.002
31057,1.0059
31058,0.99216
31059,0.98235
31060,0.98627
31061,0.97647
31062,0.95098
31063,0.93137
31064,0.92549
31065,0.92157
31066,0.92549
31067,0.92157
31068,0.92549
31069,0.95686
31070,1.0471
31071,0.86667
31072,0.062745
31073,-0.50196
31074,-0.50196
31075,-0.50196
31076,-0.50196
31077,-0.50196
31078,-0.49216
31079,-0.12745
31080,0.27843
31081,0.67647
31082,0.90196
31083,1.0765
31084,1.2667
31085,1.3471
31086,1.3627
31087,1.3725
31088,1.3784
31089,1.3824
31090,1.3784
31091,1.3824
31092,1.3824
31093,1.3922
31094,1.398
31095,1.4078
31096,1.4275
31097,1.4529
31098,1.4882
31099,1.5039
31100,1.5039
31101,1.5039
31102,1.5039
31103,1.5039
31104,1.5039
31105,1.5039
31106,1.5039
31107,1.5039
31108,1.5039
31109,1.5039
31110,1.5039
31111,1.4627
31112,1.3275
31113,1.2216
31114,1.1373
31115,1.0725
31116,1.0216
31117,0.98627
31118,0.96667
31119,0.95098
31120,0.95098
31121,0.95098
31122,0.95098
31123,0.95098
31124,0.94706
31125,0.95098
31126,0.95098
31127,0.95098
31128,0.95098
31129,0.95098
31130,0.95098
31131,0.95098
31132,0.95098
31133,0.95098
31134,0.95098
31135,0.95098
31136,0.95098
31137,0.94706
31138,0.95098
31139,0.94706
31140,0.94706
31141,0.95098
31142,0.94118
31143,0.94706
31144,0.94706
31145,0.95686
31146,0.95098
31147,0.97059
31148,0.98627
31149,0.99608
31150,0.99608
31151,1.002
31152,0.97647
31153,0.97647
31154,0.96078
31155,0.95098
31156,0.92549
31157,0.90588
31158,0.90588
31159,0.90588
31160,0.90588
31161,0.91176
31162,0.94118
31163,1.0216
31164,1.0275
31165,0.088235
31166,-0.50196
31167,-0.50196
31168,-0.50196
31169,-0.50196
31170,-0.50196
31171,-0.49216
31172,-0.14118
31173,0.24902
31174,0.6451
31175,0.87647
31176,1.051
31177,1.2431
31178,1.3118
31179,1.3275
31180,1.3431
31181,1.3471
31182,1.3529
31183,1.3529
31184,1.3569
31185,1.3627
31186,1.3725
31187,1.3784
31188,1.3882
31189,1.402
31190,1.4275
31191,1.4627
31192,1.5039
31193,1.5039
31194,1.5039
31195,1.5039
31196,1.5039
31197,1.5039
31198,1.5039
31199,1.5039
31200,1.5039
31201,1.5039
31202,1.5039
31203,1.5039
31204,1.4627
31205,1.3373
31206,1.2216
31207,1.1412
31208,1.0765
31209,1.0314
31210,1.002
31211,0.98235
31212,0.97059
31213,0.96078
31214,0.96078
31215,0.95686
31216,0.96078
31217,0.95098
31218,0.95686
31219,0.95686
31220,0.96667
31221,0.97059
31222,0.97647
31223,0.97059
31224,0.97059
31225,0.97059
31226,0.97059
31227,0.97059
31228,0.96667
31229,0.96667
31230,0.96078
31231,0.96078
31232,0.96078
31233,0.96078
31234,0.95686
31235,0.96078
31236,0.96078
31237,0.96078
31238,0.97059
31239,0.97059
31240,0.98627
31241,1.0059
31242,1.0059
31243,1.0059
31244,0.98627
31245,0.98627
31246,0.98235
31247,0.96667
31248,0.95098
31249,0.93137
31250,0.91569
31251,0.92157
31252,0.91569
31253,0.92157
31254,0.91569
31255,0.96667
31256,1.0471
31257,0.62941
31258,-0.19216
31259,-0.50196
31260,-0.50196
31261,-0.50196
31262,-0.50196
31263,-0.50196
31264,-0.35686
31265,0.0078431
31266,0.4098
31267,0.75098
31268,0.94118
31269,1.1275
31270,1.2824
31271,1.3216
31272,1.3373
31273,1.3431
31274,1.3529
31275,1.3471
31276,1.3529
31277,1.3569
31278,1.3569
31279,1.3627
31280,1.3784
31281,1.3922
31282,1.4078
31283,1.4275
31284,1.4627
31285,1.5039
31286,1.5039
31287,1.5039
31288,1.5039
31289,1.5039
31290,1.5039
31291,1.5039
31292,1.5039
31293,1.5039
31294,1.5039
31295,1.5039
31296,1.5039
31297,1.3882
31298,1.2765
31299,1.1765
31300,1.102
31301,1.0412
31302,1.002
31303,0.97647
31304,0.95686
31305,0.94118
31306,0.94706
31307,0.91569
31308,0.93137
31309,0.92549
31310,0.92549
31311,0.93725
31312,0.95098
31313,0.91569
31314,0.92549
31315,0.94118
31316,0.92157
31317,0.94118
31318,0.92549
31319,0.93137
31320,0.92549
31321,0.91569
31322,0.93725
31323,0.91176
31324,0.92549
31325,0.93137
31326,0.93725
31327,0.92549
31328,0.93725
31329,0.93137
31330,0.94118
31331,0.97647
31332,0.98627
31333,0.99216
31334,0.97647
31335,0.96078
31336,0.94706
31337,0.97059
31338,0.94706
31339,0.92157
31340,0.90588
31341,0.89608
31342,0.88627
31343,0.90588
31344,0.90588
31345,0.92157
31346,0.99608
31347,1.0471
31348,0.2549
31349,-0.50196
31350,-0.50196
31351,-0.50196
31352,-0.50196
31353,-0.50196
31354,-0.50196
31355,-0.21765
31356,0.18431
31357,0.59608
31358,0.86667
31359,1.0471
31360,1.2471
31361,1.3471
31362,1.3725
31363,1.3784
31364,1.3882
31365,1.3922
31366,1.398
31367,1.3922
31368,1.402
31369,1.4078
31370,1.4176
31371,1.4235
31372,1.4471
31373,1.4725
31374,1.502
31375,1.5039
31376,1.5039
31377,1.5039
31378,1.5039
31379,1.5039
31380,1.5039
31381,1.5039
31382,1.5039
31383,1.5039
31384,1.5039
31385,1.5039
31386,1.5039
31387,1.5039
31388,1.3667
31389,1.2529
31390,1.1667
31391,1.0961
31392,1.0412
31393,1.0118
31394,0.98627
31395,0.97647
31396,0.96667
31397,0.96667
31398,0.96078
31399,0.96078
31400,0.96667
31401,0.97059
31402,0.97059
31403,0.97059
31404,0.97647
31405,0.97059
31406,0.97059
31407,0.97059
31408,0.96078
31409,0.96078
31410,0.96667
31411,0.96078
31412,0.95686
31413,0.95686
31414,0.95686
31415,0.95686
31416,0.96078
31417,0.95686
31418,0.96078
31419,0.95686
31420,0.95686
31421,0.95098
31422,0.96078
31423,0.96667
31424,0.97059
31425,0.97647
31426,0.99608
31427,1.002
31428,1.002
31429,0.99608
31430,0.97647
31431,0.98627
31432,0.97647
31433,0.95098
31434,0.93137
31435,0.92157
31436,0.91176
31437,0.90588
31438,0.90588
31439,0.90588
31440,0.93137
31441,1.002
31442,1.0373
31443,0.25882
31444,-0.50196
31445,-0.50196
31446,-0.50196
31447,-0.50196
31448,-0.50196
31449,-0.50196
31450,-0.22157
31451,0.17843
31452,0.58431
31453,0.8451
31454,1.0216
31455,1.2118
31456,1.3078
31457,1.3333
31458,1.3431
31459,1.3529
31460,1.3529
31461,1.3569
31462,1.3569
31463,1.3627
31464,1.3725
31465,1.3784
31466,1.3882
31467,1.398
31468,1.4235
31469,1.4529
31470,1.4922
31471,1.5039
31472,1.5039
31473,1.5039
31474,1.5039
31475,1.5039
31476,1.5039
31477,1.5039
31478,1.5039
31479,1.5039
31480,1.5039
31481,1.5039
31482,1.5039
31483,1.3667
31484,1.2569
31485,1.1627
31486,1.0922
31487,1.0412
31488,1.002
31489,0.97647
31490,0.96667
31491,0.96667
31492,0.95686
31493,0.95686
31494,0.95686
31495,0.95686
31496,0.95686
31497,0.96078
31498,0.95686
31499,0.96078
31500,0.96667
31501,0.97647
31502,0.97059
31503,0.97647
31504,0.97059
31505,0.97059
31506,0.96667
31507,0.96667
31508,0.96078
31509,0.96667
31510,0.95686
31511,0.95686
31512,0.96078
31513,0.95686
31514,0.96078
31515,0.96078
31516,0.97059
31517,0.97647
31518,0.98235
31519,1.0059
31520,1.0157
31521,1.0059
31522,1.0118
31523,0.99216
31524,0.99608
31525,0.97647
31526,0.95098
31527,0.93137
31528,0.92549
31529,0.92157
31530,0.91569
31531,0.91176
31532,0.92157
31533,0.95686
31534,1.0471
31535,0.79608
31536,-0.0019608
31537,-0.50196
31538,-0.50196
31539,-0.50196
31540,-0.50196
31541,-0.50196
31542,-0.43333
31543,-0.082353
31544,0.31373
31545,0.6902
31546,0.90588
31547,1.0824
31548,1.2569
31549,1.3216
31550,1.3373
31551,1.3471
31552,1.3529
31553,1.3529
31554,1.3569
31555,1.3627
31556,1.3627
31557,1.3784
31558,1.3784
31559,1.3882
31560,1.4078
31561,1.4333
31562,1.4627
31563,1.5039
31564,1.5039
31565,1.5039
31566,1.5039
31567,1.5039
31568,1.5039
31569,1.5039
31570,1.5039
31571,1.5039
31572,1.5039
31573,1.5039
31574,1.5039
31575,1.4431
31576,1.3216
31577,1.2176
31578,1.1373
31579,1.0725
31580,1.0314
31581,0.99608
31582,0.98235
31583,0.97059
31584,0.96667
31585,0.96078
31586,0.95686
31587,0.96078
31588,0.95686
31589,0.96078
31590,0.95686
31591,0.96078
31592,0.96078
31593,0.96667
31594,0.96078
31595,0.96667
31596,0.96078
31597,0.96078
31598,0.95686
31599,0.96078
31600,0.95686
31601,0.95686
31602,0.94706
31603,0.95098
31604,0.95686
31605,0.94118
31606,0.95098
31607,0.94706
31608,0.95686
31609,0.96667
31610,0.96078
31611,0.97647
31612,0.99608
31613,1.0059
31614,0.98627
31615,0.98235
31616,0.95686
31617,0.97059
31618,0.94706
31619,0.92549
31620,0.90588
31621,0.91176
31622,0.8902
31623,0.89608
31624,0.88627
31625,0.88627
31626,0.93725
31627,1.0275
31628,0.63529
31629,-0.25686
31630,-0.50196
31631,-0.50196
31632,-0.50196
31633,-0.50196
31634,-0.50196
31635,-0.40196
31636,-0.0058823
31637,0.41569
31638,0.73529
31639,0.95098
31640,1.1275
31641,1.2824
31642,1.3176
31643,1.3333
31644,1.3275
31645,1.3529
31646,1.3569
31647,1.3627
31648,1.3529
31649,1.3725
31650,1.3627
31651,1.3784
31652,1.398
31653,1.4176
31654,1.4471
31655,1.4824
31656,1.5039
31657,1.5039
31658,1.5039
31659,1.5039
31660,1.5039
31661,1.5039
31662,1.5039
31663,1.5039
31664,1.5039
31665,1.5039
31666,1.5039
31667,1.5039
31668,1.398
31669,1.2667
31670,1.1765
31671,1.0961
31672,1.0373
31673,1.002
31674,0.97647
31675,0.95686
31676,0.95098
31677,0.95098
31678,0.94706
31679,0.95098
31680,0.95686
31681,0.95686
31682,0.96078
31683,0.96078
31684,0.96667
31685,0.96667
31686,0.96667
31687,0.96667
31688,0.96667
31689,0.97059
31690,0.96667
31691,0.96078
31692,0.96078
31693,0.96667
31694,0.95686
31695,0.96078
31696,0.96078
31697,0.96078
31698,0.96078
31699,0.96078
31700,0.96078
31701,0.96667
31702,0.97647
31703,0.97647
31704,0.98627
31705,1.0059
31706,1.0118
31707,1.0059
31708,0.98627
31709,0.97647
31710,0.98627
31711,0.96667
31712,0.94706
31713,0.92549
31714,0.92157
31715,0.91569
31716,0.92157
31717,0.92157
31718,0.93137
31719,0.98235
31720,1.0667
31721,0.70588
31722,-0.12157
31723,-0.50196
31724,-0.50196
31725,-0.50196
31726,-0.50196
31727,-0.50196
31728,-0.39216
31729,-0.021569
31730,0.3902
31731,0.75098
31732,0.95098
31733,1.1314
31734,1.298
31735,1.3529
31736,1.3627
31737,1.3725
31738,1.3784
31739,1.3784
31740,1.3824
31741,1.3882
31742,1.3824
31743,1.398
31744,1.398
31745,1.4176
31746,1.4275
31747,1.4529
31748,1.4882
31749,1.5039
31750,1.5039
31751,1.5039
31752,1.5039
31753,1.5039
31754,1.5039
31755,1.5039
31756,1.5039
31757,1.5039
31758,1.5039
31759,1.5039
31760,1.5039
31761,1.4373
31762,1.3118
31763,1.2118
31764,1.1275
31765,1.0667
31766,1.0216
31767,0.99216
31768,0.97647
31769,0.96667
31770,0.96078
31771,0.95098
31772,0.95098
31773,0.95098
31774,0.95686
31775,0.95686
31776,0.96078
31777,0.96078
31778,0.95686
31779,0.95686
31780,0.96078
31781,0.95686
31782,0.96667
31783,0.96078
31784,0.96667
31785,0.96078
31786,0.96667
31787,0.95686
31788,0.95686
31789,0.95098
31790,0.95686
31791,0.95686
31792,0.96078
31793,0.95686
31794,0.96078
31795,0.96667
31796,0.97059
31797,0.98235
31798,1.002
31799,1.002
31800,1.002
31801,0.98627
31802,0.97647
31803,0.98627
31804,0.96667
31805,0.94706
31806,0.92549
31807,0.91176
31808,0.90588
31809,0.90588
31810,0.90588
31811,0.91176
31812,0.95686
31813,1.0412
31814,0.6902
31815,-0.13137
31816,-0.50196
31817,-0.50196
31818,-0.50196
31819,-0.50196
31820,-0.50196
31821,-0.40784
31822,-0.037255
31823,0.36471
31824,0.72549
31825,0.92157
31826,1.1059
31827,1.2667
31828,1.3176
31829,1.3275
31830,1.3373
31831,1.3471
31832,1.3529
31833,1.3529
31834,1.3569
31835,1.3627
31836,1.3725
31837,1.3784
31838,1.3882
31839,1.4078
31840,1.4333
31841,1.4686
31842,1.5039
31843,1.5039
31844,1.5039
31845,1.5039
31846,1.5039
31847,1.5039
31848,1.5039
31849,1.5039
31850,1.5039
31851,1.5039
31852,1.5039
31853,1.5039
31854,1.4235
31855,1.3078
31856,1.202
31857,1.1216
31858,1.051
31859,1.0157
31860,0.98627
31861,0.97059
31862,0.95098
31863,0.95098
31864,0.95098
31865,0.95098
31866,0.95098
31867,0.95098
31868,0.95098
31869,0.95098
31870,0.95686
31871,0.96667
31872,0.96667
31873,0.95686
31874,0.96078
31875,0.96078
31876,0.96667
31877,0.96078
31878,0.95686
31879,0.95686
31880,0.95686
31881,0.95686
31882,0.95686
31883,0.95686
31884,0.95686
31885,0.95098
31886,0.95686
31887,0.95686
31888,0.96078
31889,0.96078
31890,0.98627
31891,1.002
31892,1.002
31893,1.002
31894,0.97647
31895,0.98627
31896,0.97647
31897,0.95686
31898,0.93725
31899,0.92157
31900,0.91176
31901,0.90588
31902,0.90588
31903,0.91176
31904,0.92157
31905,0.97059
31906,1.0275
31907,0.5098
31908,-0.32157
31909,-0.50196
31910,-0.50196
31911,-0.50196
31912,-0.50196
31913,-0.50196
31914,-0.32745
31915,0.04902
31916,0.4549
31917,0.77647
31918,0.96078
31919,1.1412
31920,1.2725
31921,1.3078
31922,1.3275
31923,1.3333
31924,1.3529
31925,1.3431
31926,1.3471
31927,1.3373
31928,1.3569
31929,1.3627
31930,1.3667
31931,1.3922
31932,1.402
31933,1.4275
31934,1.4784
31935,1.5039
31936,1.5039
31937,1.5039
31938,1.5039
31939,1.5039
31940,1.5039
31941,1.5039
31942,1.5039
31943,1.5039
31944,1.5039
31945,1.5039
31946,1.5039
31947,1.3784
31948,1.2569
31949,1.1412
31950,1.0863
31951,1.0314
31952,0.99216
31953,0.97059
31954,0.95098
31955,0.94706
31956,0.92157
31957,0.91176
31958,0.92549
31959,0.94118
31960,0.92549
31961,0.92157
31962,0.94118
31963,0.93725
31964,0.94118
31965,0.93725
31966,0.93725
31967,0.93725
31968,0.92549
31969,0.94118
31970,0.93725
31971,0.92549
31972,0.93725
31973,0.93725
31974,0.93725
31975,0.93725
31976,0.92549
31977,0.93137
31978,0.93725
31979,0.94706
31980,0.95098
31981,0.96667
31982,0.98627
31983,0.99216
31984,0.98627
31985,0.97059
31986,0.97647
31987,0.97647
31988,0.95686
31989,0.94706
31990,0.92157
31991,0.90588
31992,0.90196
31993,0.91176
31994,0.90588
31995,0.91569
31996,0.95686
31997,1.0569
31998,0.77647
31999,-0.066667
32000,-0.50196
32001,-0.50196
32002,-0.50196
32003,-0.50196
32004,-0.50196
32005,-0.44706
32006,-0.066667
32007,0.34902
32008,0.72549
32009,0.93725
32010,1.1176
32011,1.302
32012,1.3569
32013,1.3784
32014,1.3784
32015,1.3922
32016,1.398
32017,1.398
32018,1.402
32019,1.4078
32020,1.4176
32021,1.4235
32022,1.4333
32023,1.4471
32024,1.4784
32025,1.5039
32026,1.5039
32027,1.5039
32028,1.5039
32029,1.5039
32030,1.5039
32031,1.5039
32032,1.5039
32033,1.5039
32034,1.5039
32035,1.5039
32036,1.5039
32037,1.5039
32038,1.4627
32039,1.3373
32040,1.2275
32041,1.1471
32042,1.0765
32043,1.0373
32044,1.0059
32045,0.99216
32046,0.98235
32047,0.97647
32048,0.97059
32049,0.97647
32050,0.97647
32051,0.97059
32052,0.97059
32053,0.97647
32054,0.97647
32055,0.97647
32056,0.97647
32057,0.98235
32058,0.98235
32059,0.98235
32060,0.97647
32061,0.97647
32062,0.97647
32063,0.97647
32064,0.97059
32065,0.97059
32066,0.96667
32067,0.96667
32068,0.96667
32069,0.96078
32070,0.96667
32071,0.96078
32072,0.96667
32073,0.97059
32074,0.97647
32075,0.98235
32076,1.002
32077,1.0118
32078,1.0118
32079,1.002
32080,0.99216
32081,0.99216
32082,0.97647
32083,0.95686
32084,0.93725
32085,0.92549
32086,0.92157
32087,0.91569
32088,0.92157
32089,0.92157
32090,0.95098
32091,1.0275
32092,1.0314
32093,0.13922
32094,-0.50196
32095,-0.50196
32096,-0.50196
32097,-0.50196
32098,-0.50196
32099,-0.49216
32100,-0.15686
32101,0.2451
32102,0.64118
32103,0.88039
32104,1.0569
32105,1.2471
32106,1.3176
32107,1.3373
32108,1.3471
32109,1.3569
32110,1.3569
32111,1.3627
32112,1.3667
32113,1.3725
32114,1.3784
32115,1.3824
32116,1.3922
32117,1.4078
32118,1.4275
32119,1.4627
32120,1.502
32121,1.5039
32122,1.5039
32123,1.5039
32124,1.5039
32125,1.5039
32126,1.5039
32127,1.5039
32128,1.5039
32129,1.5039
32130,1.5039
32131,1.5039
32132,1.4824
32133,1.3471
32134,1.2431
32135,1.151
32136,1.0824
32137,1.0373
32138,1.0059
32139,0.98627
32140,0.97059
32141,0.96078
32142,0.96667
32143,0.95686
32144,0.95686
32145,0.96078
32146,0.95686
32147,0.95686
32148,0.96078
32149,0.96667
32150,0.96667
32151,0.97059
32152,0.97059
32153,0.97059
32154,0.97059
32155,0.97059
32156,0.96078
32157,0.96078
32158,0.96078
32159,0.96078
32160,0.95686
32161,0.96078
32162,0.96078
32163,0.95098
32164,0.95686
32165,0.95686
32166,0.96667
32167,0.97059
32168,0.98235
32169,1.002
32170,1.0118
32171,1.002
32172,0.98627
32173,0.98235
32174,0.99216
32175,0.96667
32176,0.94706
32177,0.92549
32178,0.91176
32179,0.91176
32180,0.90588
32181,0.90588
32182,0.91569
32183,0.96667
32184,1.0412
32185,0.61961
32186,-0.20196
32187,-0.50196
32188,-0.50196
32189,-0.50196
32190,-0.50196
32191,-0.50196
32192,-0.37255
32193,0.0039216
32194,0.4098
32195,0.75098
32196,0.94706
32197,1.1314
32198,1.2824
32199,1.3216
32200,1.3373
32201,1.3471
32202,1.3471
32203,1.3529
32204,1.3569
32205,1.3627
32206,1.3667
32207,1.3784
32208,1.3784
32209,1.3922
32210,1.4078
32211,1.4431
32212,1.4686
32213,1.5039
32214,1.5039
32215,1.5039
32216,1.5039
32217,1.5039
32218,1.5039
32219,1.5039
32220,1.5039
32221,1.5039
32222,1.5039
32223,1.5039
32224,1.5039
32225,1.4235
32226,1.2922
32227,1.1824
32228,1.1059
32229,1.0412
32230,1.0118
32231,0.97059
32232,0.97647
32233,0.95098
32234,0.94706
32235,0.95098
32236,0.93137
32237,0.92549
32238,0.93725
32239,0.93137
32240,0.95098
32241,0.92549
32242,0.94118
32243,0.93137
32244,0.92157
32245,0.94706
32246,0.95098
32247,0.93137
32248,0.94118
32249,0.91569
32250,0.93137
32251,0.92157
32252,0.93137
32253,0.92549
32254,0.93725
32255,0.92549
32256,0.92549
32257,0.92549
32258,0.92549
32259,0.95098
32260,0.96078
32261,0.99608
32262,0.98235
32263,0.97647
32264,0.95098
32265,0.95686
32266,0.95098
32267,0.93137
32268,0.92157
32269,0.89608
32270,0.89608
32271,0.8902
32272,0.88627
32273,0.8902
32274,0.92157
32275,0.99216
32276,1.051
32277,0.3
32278,-0.50196
32279,-0.50196
32280,-0.50196
32281,-0.50196
32282,-0.50196
32283,-0.50196
32284,-0.23725
32285,0.16863
32286,0.57059
32287,0.85098
32288,1.0373
32289,1.2314
32290,1.3373
32291,1.3627
32292,1.3725
32293,1.3824
32294,1.3882
32295,1.3882
32296,1.3922
32297,1.398
32298,1.398
32299,1.4078
32300,1.4235
32301,1.4373
32302,1.4627
32303,1.498
32304,1.5039
32305,1.5039
32306,1.5039
32307,1.5039
32308,1.5039
32309,1.5039
32310,1.5039
32311,1.5039
32312,1.5039
32313,1.5039
32314,1.5039
32315,1.5039
32316,1.5039
32317,1.3824
32318,1.2667
32319,1.1667
32320,1.0961
32321,1.0471
32322,1.0118
32323,0.98627
32324,0.97647
32325,0.96667
32326,0.97059
32327,0.96667
32328,0.96667
32329,0.96078
32330,0.97059
32331,0.96667
32332,0.97059
32333,0.97059
32334,0.97647
32335,0.97059
32336,0.97059
32337,0.97059
32338,0.97059
32339,0.97059
32340,0.96667
32341,0.96078
32342,0.96078
32343,0.96667
32344,0.96667
32345,0.96667
32346,0.96078
32347,0.96078
32348,0.96078
32349,0.96078
32350,0.95686
32351,0.96078
32352,0.96667
32353,0.97059
32354,0.97647
32355,1.002
32356,1.0059
32357,1.002
32358,0.99608
32359,0.98235
32360,0.98235
32361,0.97647
32362,0.95098
32363,0.93725
32364,0.91569
32365,0.91176
32366,0.90588
32367,0.91176
32368,0.91176
32369,0.93725
32370,1.0059
32371,1.0314
32372,0.22941
32373,-0.50196
32374,-0.50196
32375,-0.50196
32376,-0.50196
32377,-0.50196
32378,-0.50196
32379,-0.20784
32380,0.18824
32381,0.59608
32382,0.85686
32383,1.0373
32384,1.2216
32385,1.3118
32386,1.3373
32387,1.3471
32388,1.3529
32389,1.3569
32390,1.3569
32391,1.3627
32392,1.3627
32393,1.3725
32394,1.3784
32395,1.3922
32396,1.402
32397,1.4235
32398,1.4529
32399,1.498
32400,1.5039
32401,1.5039
32402,1.5039
32403,1.5039
32404,1.5039
32405,1.5039
32406,1.5039
32407,1.5039
32408,1.5039
32409,1.5039
32410,1.5039
32411,1.498
32412,1.3667
32413,1.2529
32414,1.1627
32415,1.0922
32416,1.0412
32417,1.0059
32418,0.97647
32419,0.97059
32420,0.96667
32421,0.96078
32422,0.95686
32423,0.95686
32424,0.96078
32425,0.96078
32426,0.96078
32427,0.96667
32428,0.97059
32429,0.96667
32430,0.97059
32431,0.97059
32432,0.97059
32433,0.97059
32434,0.97059
32435,0.96667
32436,0.96667
32437,0.96078
32438,0.96667
32439,0.95686
32440,0.96667
32441,0.96078
32442,0.97059
32443,0.96667
32444,0.96078
32445,0.97059
32446,0.97647
32447,1.002
32448,1.0118
32449,1.0118
32450,1.002
32451,0.99216
32452,0.99216
32453,0.98235
32454,0.95686
32455,0.94118
32456,0.93137
32457,0.92549
32458,0.92157
32459,0.92157
32460,0.91569
32461,0.94118
32462,1.0216
32463,1.0471
32464,0.18431
32465,-0.50196
32466,-0.50196
32467,-0.50196
32468,-0.50196
32469,-0.50196
32470,-0.49804
32471,-0.17255
32472,0.22353
32473,0.62549
32474,0.87647
32475,1.0471
32476,1.2373
32477,1.3176
32478,1.3431
32479,1.3529
32480,1.3529
32481,1.3569
32482,1.3627
32483,1.3725
32484,1.3784
32485,1.3784
32486,1.3882
32487,1.398
32488,1.4176
32489,1.4333
32490,1.4627
32491,1.502
32492,1.5039
32493,1.5039
32494,1.5039
32495,1.5039
32496,1.5039
32497,1.5039
32498,1.5039
32499,1.5039
32500,1.5039
32501,1.5039
32502,1.5039
32503,1.4627
32504,1.3431
32505,1.2373
32506,1.1569
32507,1.0863
32508,1.0373
32509,1.0059
32510,0.97647
32511,0.97647
32512,0.95686
32513,0.96078
32514,0.96667
32515,0.95098
32516,0.94706
32517,0.93725
32518,0.95686
32519,0.94706
32520,0.96667
32521,0.95686
32522,0.95098
32523,0.95098
32524,0.94706
32525,0.94118
32526,0.94706
32527,0.93725
32528,0.95098
32529,0.93725
32530,0.94706
32531,0.93725
32532,0.94706
32533,0.93137
32534,0.92549
32535,0.94118
32536,0.92549
32537,0.94118
32538,0.91569
32539,0.98235
32540,0.97647
32541,0.95686
32542,0.96667
32543,0.94118
32544,0.95098
32545,0.95686
32546,0.93137
32547,0.92549
32548,0.90588
32549,0.90196
32550,0.89608
32551,0.90196
32552,0.8902
32553,0.91176
32554,0.97059
32555,1.0314
32556,0.42941
32557,-0.50196
32558,-0.50196
32559,-0.50196
32560,-0.50196
32561,-0.50196
32562,-0.50196
32563,-0.28824
32564,0.12353
32565,0.52549
32566,0.82157
32567,1.0059
32568,1.2078
32569,1.3333
32570,1.3627
32571,1.3725
32572,1.3784
32573,1.3824
32574,1.3882
32575,1.3922
32576,1.398
32577,1.398
32578,1.4118
32579,1.4235
32580,1.4333
32581,1.4529
32582,1.4882
32583,1.5039
32584,1.5039
32585,1.5039
32586,1.5039
32587,1.5039
32588,1.5039
32589,1.5039
32590,1.5039
32591,1.5039
32592,1.5039
32593,1.5039
32594,1.5039
32595,1.5039
32596,1.4078
32597,1.2882
32598,1.1863
32599,1.1176
32600,1.0608
32601,1.0216
32602,0.99608
32603,0.98235
32604,0.97647
32605,0.97647
32606,0.97059
32607,0.97647
32608,0.97059
32609,0.97059
32610,0.97647
32611,0.97647
32612,0.97647
32613,0.97647
32614,0.97647
32615,0.97647
32616,0.97647
32617,0.97059
32618,0.97647
32619,0.97059
32620,0.97059
32621,0.96667
32622,0.97059
32623,0.96078
32624,0.96078
32625,0.95686
32626,0.96078
32627,0.96667
32628,0.96667
32629,0.96078
32630,0.96667
32631,0.96667
32632,0.96667
32633,0.97059
32634,0.99608
32635,1.0059
32636,1.0059
32637,1.002
32638,0.98627
32639,0.98627
32640,0.99216
32641,0.96078
32642,0.94118
32643,0.92157
32644,0.91569
32645,0.91569
32646,0.91176
32647,0.91176
32648,0.92549
32649,0.99216
32650,1.0373
32651,0.4
32652,-0.46275
32653,-0.50196
32654,-0.50196
32655,-0.50196
32656,-0.50196
32657,-0.50196
32658,-0.28235
32659,0.1098
32660,0.51961
32661,0.81176
32662,0.99216
32663,1.1863
32664,1.302
32665,1.3333
32666,1.3471
32667,1.3529
32668,1.3529
32669,1.3569
32670,1.3627
32671,1.3667
32672,1.3784
32673,1.3784
32674,1.3882
32675,1.398
32676,1.4235
32677,1.4471
32678,1.4882
32679,1.5039
32680,1.5039
32681,1.5039
32682,1.5039
32683,1.5039
32684,1.5039
32685,1.5039
32686,1.5039
32687,1.5039
32688,1.5039
32689,1.5039
32690,1.5039
32691,1.3922
32692,1.2725
32693,1.1765
32694,1.102
32695,1.051
32696,1.0118
32697,0.98627
32698,0.97647
32699,0.96667
32700,0.96078
32701,0.95686
32702,0.95686
32703,0.95686
32704,0.95098
32705,0.95686
32706,0.96078
32707,0.96667
32708,0.96667
32709,0.97059
32710,0.96667
32711,0.96667
32712,0.97059
32713,0.96078
32714,0.96667
32715,0.96078
32716,0.96667
32717,0.95686
32718,0.96078
32719,0.96078
32720,0.96667
32721,0.96078
32722,0.96667
32723,0.95686
32724,0.96078
32725,0.96667
32726,0.97647
32727,0.99216
32728,1.0059
32729,1.002
32730,1.0118
32731,0.99216
32732,0.99608
32733,0.98235
32734,0.96667
32735,0.94118
32736,0.93137
32737,0.91569
32738,0.91176
32739,0.91569
32740,0.91176
32741,0.93137
32742,0.99608
32743,1.0412
32744,0.39412
32745,-0.44706
32746,-0.50196
32747,-0.50196
32748,-0.50196
32749,-0.50196
32750,-0.50196
32751,-0.26667
32752,0.11373
32753,0.52549
32754,0.81569
32755,0.99608
32756,1.1863
32757,1.302
32758,1.3275
32759,1.3431
32760,1.3529
32761,1.3529
32762,1.3529
32763,1.3569
32764,1.3627
32765,1.3667
32766,1.3784
32767,1.3882
32768,1.398
32769,1.4235
32770,1.4471
32771,1.4882
32772,1.5039
32773,1.5039
32774,1.5039
32775,1.5039
32776,1.5039
32777,1.5039
32778,1.5039
32779,1.5039
32780,1.5039
32781,1.5039
32782,1.5039
32783,1.5039
32784,1.3824
32785,1.2627
32786,1.1725
32787,1.102
32788,1.0471
32789,1.0059
32790,1.0118
32791,0.96667
32792,0.96667
32793,0.95686
32794,0.95098
32795,0.95098
32796,0.96078
32797,0.96667
32798,0.94118
32799,0.93725
32800,0.95098
32801,0.94118
32802,0.96078
32803,0.94118
32804,0.95098
32805,0.94118
32806,0.94706
32807,0.93725
32808,0.93137
32809,0.92549
32810,0.92549
32811,0.92549
32812,0.92549
32813,0.92157
32814,0.92549
32815,0.93725
32816,0.92157
32817,0.93725
32818,0.92549
32819,0.95686
32820,0.97059
32821,0.95098
32822,0.97647
32823,0.94118
32824,0.94706
32825,0.93725
32826,0.94118
32827,0.90196
32828,0.89608
32829,0.88039
32830,0.88039
32831,0.89608
32832,0.88039
32833,0.91176
32834,0.98627
32835,1.0373
32836,0.32941
32837,-0.50196
32838,-0.50196
32839,-0.50196
32840,-0.50196
32841,-0.50196
32842,-0.50196
32843,-0.26275
32844,0.1549
32845,0.5549
32846,0.83529
32847,1.0216
32848,1.2118
32849,1.3275
32850,1.3529
32851,1.3667
32852,1.3627
32853,1.3784
32854,1.3725
32855,1.3784
32856,1.3824
32857,1.3922
32858,1.398
32859,1.4118
32860,1.4235
32861,1.4529
32862,1.4824
32863,1.5039
32864,1.5039
32865,1.5039
32866,1.5039
32867,1.5039
32868,1.5039
32869,1.5039
32870,1.5039
32871,1.5039
32872,1.5039
32873,1.5039
32874,1.5039
32875,1.5039
32876,1.3882
32877,1.2667
32878,1.1725
32879,1.0961
32880,1.051
32881,1.0118
32882,0.98627
32883,0.97059
32884,0.96078
32885,0.96078
32886,0.96667
32887,0.96667
32888,0.96667
32889,0.96667
32890,0.97059
32891,0.97059
32892,0.96667
32893,0.97059
32894,0.96667
32895,0.97059
32896,0.96667
32897,0.96667
32898,0.96078
32899,0.96667
32900,0.96078
32901,0.96667
32902,0.96078
32903,0.96667
32904,0.95686
32905,0.96078
32906,0.95098
32907,0.95686
32908,0.96078
32909,0.96667
32910,0.96667
32911,0.97059
32912,0.97059
32913,0.97647
32914,0.98627
32915,1.0059
32916,1.0118
32917,1.002
32918,1.0059
32919,0.98235
32920,0.99216
32921,0.97059
32922,0.95098
32923,0.92549
32924,0.91569
32925,0.91176
32926,0.91176
32927,0.91176
32928,0.91176
32929,0.94706
32930,1.0314
32931,0.7549
32932,-0.047059
32933,-0.50196
32934,-0.50196
32935,-0.50196
32936,-0.50196
32937,-0.50196
32938,-0.43725
32939,-0.082353
32940,0.33529
32941,0.70588
32942,0.90588
32943,1.0922
32944,1.2667
32945,1.3216
32946,1.3333
32947,1.3471
32948,1.3471
32949,1.3529
32950,1.3529
32951,1.3569
32952,1.3569
32953,1.3667
32954,1.3725
32955,1.3882
32956,1.398
32957,1.4275
32958,1.4529
32959,1.498
32960,1.5039
32961,1.5039
32962,1.5039
32963,1.5039
32964,1.5039
32965,1.5039
32966,1.5039
32967,1.5039
32968,1.5039
32969,1.5039
32970,1.5039
32971,1.4471
32972,1.3275
32973,1.2118
32974,1.1314
32975,1.0667
32976,1.0216
32977,0.99608
32978,0.97647
32979,0.96078
32980,0.95686
32981,0.95098
32982,0.94706
32983,0.95098
32984,0.94706
32985,0.95098
32986,0.95098
32987,0.95098
32988,0.95098
32989,0.95098
32990,0.95686
32991,0.95686
32992,0.96078
32993,0.95686
32994,0.96078
32995,0.96078
32996,0.96078
32997,0.95686
32998,0.95686
32999,0.95098
33000,0.95098
33001,0.95098
33002,0.95098
33003,0.95686
33004,0.95686
33005,0.96667
33006,0.97059
33007,0.99608
33008,1.0059
33009,1.002
33010,0.99608
33011,0.97647
33012,0.98627
33013,0.97059
33014,0.95098
33015,0.92549
33016,0.91569
33017,0.91176
33018,0.91176
33019,0.90588
33020,0.90588
33021,0.93725
33022,1.0157
33023,1.0314
33024,0.13922
33025,-0.50196
33026,-0.50196
33027,-0.50196
33028,-0.50196
33029,-0.50196
33030,-0.49804
33031,-0.17255
33032,0.22941
33033,0.62549
33034,0.87059
33035,1.0471
33036,1.2314
33037,1.3078
33038,1.3275
33039,1.3431
33040,1.3529
33041,1.3529
33042,1.3529
33043,1.3529
33044,1.3627
33045,1.3667
33046,1.3784
33047,1.3882
33048,1.398
33049,1.4235
33050,1.4529
33051,1.4922
33052,1.5039
33053,1.5039
33054,1.5039
33055,1.5039
33056,1.5039
33057,1.5039
33058,1.5039
33059,1.5039
33060,1.5039
33061,1.5039
33062,1.5039
33063,1.4627
33064,1.3373
33065,1.2314
33066,1.1471
33067,1.0765
33068,1.0314
33069,1.002
33070,0.97647
33071,0.97059
33072,0.96078
33073,0.96078
33074,0.95686
33075,0.95686
33076,0.95686
33077,0.96078
33078,0.96667
33079,0.96078
33080,0.96078
33081,0.96667
33082,0.96667
33083,0.96667
33084,0.96667
33085,0.97059
33086,0.96667
33087,0.96078
33088,0.96078
33089,0.95686
33090,0.95686
33091,0.96078
33092,0.95686
33093,0.96078
33094,0.95686
33095,0.95686
33096,0.95686
33097,0.96078
33098,0.96667
33099,0.98627
33100,1.002
33101,1.002
33102,1.002
33103,0.98235
33104,0.98627
33105,0.99216
33106,0.96078
33107,0.94118
33108,0.92157
33109,0.91176
33110,0.90588
33111,0.91176
33112,0.90588
33113,0.92157
33114,0.97647
33115,1.0373
33116,0.5549
33117,-0.28235
33118,-0.50196
33119,-0.50196
33120,-0.50196
33121,-0.50196
33122,-0.50196
33123,-0.34314
33124,0.033333
33125,0.43922
33126,0.76667
33127,0.95098
33128,1.1373
33129,1.2725
33130,1.3118
33131,1.3216
33132,1.3176
33133,1.3373
33134,1.3471
33135,1.3216
33136,1.3529
33137,1.3373
33138,1.3529
33139,1.3529
33140,1.3725
33141,1.402
33142,1.4118
33143,1.4569
33144,1.5039
33145,1.5039
33146,1.5039
33147,1.5039
33148,1.5039
33149,1.5039
33150,1.5039
33151,1.5039
33152,1.5039
33153,1.5039
33154,1.5039
33155,1.5039
33156,1.3569
33157,1.2667
33158,1.1569
33159,1.0765
33160,1.0157
33161,0.97647
33162,0.96078
33163,0.93725
33164,0.92157
33165,0.93137
33166,0.92157
33167,0.92157
33168,0.92549
33169,0.91569
33170,0.92549
33171,0.92549
33172,0.92549
33173,0.92549
33174,0.93725
33175,0.92549
33176,0.93137
33177,0.93137
33178,0.93725
33179,0.93725
33180,0.93725
33181,0.93137
33182,0.93725
33183,0.93725
33184,0.93725
33185,0.93725
33186,0.94706
33187,0.94706
33188,0.94706
33189,0.94118
33190,0.97647
33191,0.98627
33192,0.98235
33193,0.98627
33194,0.97059
33195,0.97647
33196,0.96667
33197,0.94706
33198,0.93137
33199,0.92157
33200,0.91569
33201,0.91176
33202,0.91569
33203,0.92157
33204,0.95686
33205,1.0471
33206,0.86078
33207,0.052941
33208,-0.50196
33209,-0.50196
33210,-0.50196
33211,-0.50196
33212,-0.50196
33213,-0.49216
33214,-0.12745
33215,0.28431
33216,0.67647
33217,0.90196
33218,1.0824
33219,1.2667
33220,1.3373
33221,1.3569
33222,1.3725
33223,1.3784
33224,1.3784
33225,1.3824
33226,1.3882
33227,1.3922
33228,1.398
33229,1.398
33230,1.4118
33231,1.4333
33232,1.4627
33233,1.4922
33234,1.5039
33235,1.5039
33236,1.5039
33237,1.5039
33238,1.5039
33239,1.5039
33240,1.5039
33241,1.5039
33242,1.5039
33243,1.5039
33244,1.5039
33245,1.5039
33246,1.4686
33247,1.3373
33248,1.2275
33249,1.1471
33250,1.0824
33251,1.0314
33252,1.002
33253,0.97647
33254,0.96667
33255,0.96078
33256,0.95686
33257,0.96667
33258,0.95686
33259,0.96078
33260,0.96078
33261,0.96667
33262,0.96667
33263,0.96667
33264,0.96078
33265,0.97059
33266,0.96078
33267,0.96078
33268,0.95686
33269,0.96667
33270,0.96078
33271,0.95098
33272,0.95686
33273,0.95098
33274,0.95686
33275,0.95098
33276,0.95098
33277,0.95686
33278,0.95686
33279,0.95686
33280,0.95686
33281,0.96667
33282,0.97647
33283,0.99216
33284,1.0059
33285,1.002
33286,1.002
33287,0.98235
33288,0.99216
33289,0.98235
33290,0.96078
33291,0.93725
33292,0.92549
33293,0.91176
33294,0.91176
33295,0.91569
33296,0.91176
33297,0.93137
33298,0.99216
33299,1.0373
33300,0.4
33301,-0.44314
33302,-0.50196
33303,-0.50196
33304,-0.50196
33305,-0.50196
33306,-0.50196
33307,-0.28235
33308,0.1098
33309,0.51961
33310,0.82157
33311,0.99608
33312,1.1863
33313,1.302
33314,1.3333
33315,1.3471
33316,1.3529
33317,1.3569
33318,1.3627
33319,1.3667
33320,1.3725
33321,1.3784
33322,1.3824
33323,1.3922
33324,1.4078
33325,1.4235
33326,1.4529
33327,1.4922
33328,1.5039
33329,1.5039
33330,1.5039
33331,1.5039
33332,1.5039
33333,1.5039
33334,1.5039
33335,1.5039
33336,1.5039
33337,1.5039
33338,1.5039
33339,1.5039
33340,1.3824
33341,1.2667
33342,1.1725
33343,1.0961
33344,1.0471
33345,1.0118
33346,0.98627
33347,0.97059
33348,0.96078
33349,0.95686
33350,0.95098
33351,0.95098
33352,0.95098
33353,0.95686
33354,0.95686
33355,0.96078
33356,0.96078
33357,0.96078
33358,0.96667
33359,0.96667
33360,0.96078
33361,0.97059
33362,0.96667
33363,0.96667
33364,0.96078
33365,0.95686
33366,0.96078
33367,0.95686
33368,0.95686
33369,0.95686
33370,0.95686
33371,0.95098
33372,0.95686
33373,0.95098
33374,0.97059
33375,0.97647
33376,1.002
33377,1.0059
33378,1.002
33379,0.98235
33380,0.98235
33381,0.98235
33382,0.96078
33383,0.94118
33384,0.92549
33385,0.91176
33386,0.90588
33387,0.90588
33388,0.91176
33389,0.91176
33390,0.96078
33391,1.0373
33392,0.6549
33393,-0.16667
33394,-0.50196
33395,-0.50196
33396,-0.50196
33397,-0.50196
33398,-0.50196
33399,-0.38824
33400,-0.021569
33401,0.38431
33402,0.74118
33403,0.93137
33404,1.1176
33405,1.2765
33406,1.3216
33407,1.3373
33408,1.3471
33409,1.3529
33410,1.3529
33411,1.3569
33412,1.3569
33413,1.3627
33414,1.3725
33415,1.3824
33416,1.3922
33417,1.4078
33418,1.4333
33419,1.4686
33420,1.5039
33421,1.5039
33422,1.5039
33423,1.5039
33424,1.5039
33425,1.5039
33426,1.5039
33427,1.5039
33428,1.5039
33429,1.5039
33430,1.5039
33431,1.5039
33432,1.4118
33433,1.2922
33434,1.1961
33435,1.1176
33436,1.0569
33437,1.0157
33438,0.98627
33439,0.97059
33440,0.96078
33441,0.95686
33442,0.95098
33443,0.95098
33444,0.94706
33445,0.96078
33446,0.94706
33447,0.96667
33448,0.95098
33449,0.95686
33450,0.96078
33451,0.97059
33452,0.94706
33453,0.96078
33454,0.95686
33455,0.95098
33456,0.93725
33457,0.95098
33458,0.93725
33459,0.94118
33460,0.93725
33461,0.94118
33462,0.93137
33463,0.93137
33464,0.92157
33465,0.93137
33466,0.92157
33467,0.94118
33468,0.95686
33469,0.97647
33470,0.95098
33471,0.97059
33472,0.95098
33473,0.94118
33474,0.94706
33475,0.92549
33476,0.90196
33477,0.88039
33478,0.88627
33479,0.85686
33480,0.8902
33481,0.87647
33482,0.91569
33483,0.94706
33484,1.0118
33485,0.37451
33486,-0.50196
33487,-0.50196
33488,-0.50196
33489,-0.50196
33490,-0.50196
33491,-0.50196
33492,-0.28235
33493,0.13333
33494,0.53922
33495,0.83137
33496,1.0216
33497,1.2176
33498,1.3275
33499,1.3529
33500,1.3627
33501,1.3784
33502,1.3667
33503,1.3667
33504,1.3725
33505,1.3725
33506,1.3725
33507,1.3882
33508,1.398
33509,1.4078
33510,1.4373
33511,1.4686
33512,1.5039
33513,1.5039
33514,1.5039
33515,1.5039
33516,1.5039
33517,1.5039
33518,1.5039
33519,1.5039
33520,1.5039
33521,1.5039
33522,1.5039
33523,1.5039
33524,1.5039
33525,1.3824
33526,1.2667
33527,1.1725
33528,1.0961
33529,1.0471
33530,1.0118
33531,0.98627
33532,0.97647
33533,0.96667
33534,0.96078
33535,0.96667
33536,0.97059
33537,0.97059
33538,0.97647
33539,0.97647
33540,0.98235
33541,0.98235
33542,0.98235
33543,0.98627
33544,0.98235
33545,0.98235
33546,0.98235
33547,0.97647
33548,0.97647
33549,0.97647
33550,0.97647
33551,0.97647
33552,0.97059
33553,0.97059
33554,0.96078
33555,0.96078
33556,0.96078
33557,0.96667
33558,0.96667
33559,0.97059
33560,0.97059
33561,0.97647
33562,0.99216
33563,1.0118
33564,1.0157
33565,1.0118
33566,0.99608
33567,0.99216
33568,0.99608
33569,0.97647
33570,0.95686
33571,0.93725
33572,0.92549
33573,0.92157
33574,0.92549
33575,0.92157
33576,0.92549
33577,0.97059
33578,1.051
33579,0.66471
33580,-0.16667
33581,-0.50196
33582,-0.50196
33583,-0.50196
33584,-0.50196
33585,-0.50196
33586,-0.38235
33587,-0.011765
33588,0.4
33589,0.75098
33590,0.94706
33591,1.1314
33592,1.2922
33593,1.3373
33594,1.3529
33595,1.3627
33596,1.3667
33597,1.3667
33598,1.3725
33599,1.3784
33600,1.3784
33601,1.3882
33602,1.398
33603,1.402
33604,1.4235
33605,1.4471
33606,1.4824
33607,1.5039
33608,1.5039
33609,1.5039
33610,1.5039
33611,1.5039
33612,1.5039
33613,1.5039
33614,1.5039
33615,1.5039
33616,1.5039
33617,1.5039
33618,1.5039
33619,1.4431
33620,1.3216
33621,1.2216
33622,1.1373
33623,1.0765
33624,1.0314
33625,1.0059
33626,0.99216
33627,0.97647
33628,0.97647
33629,0.96667
33630,0.96667
33631,0.96667
33632,0.96667
33633,0.96078
33634,0.96078
33635,0.96667
33636,0.97647
33637,0.97059
33638,0.97647
33639,0.97647
33640,0.97059
33641,0.97059
33642,0.97059
33643,0.97647
33644,0.96667
33645,0.96667
33646,0.96667
33647,0.96667
33648,0.97059
33649,0.97059
33650,0.96667
33651,0.97059
33652,0.97059
33653,0.97647
33654,0.98235
33655,1.0059
33656,1.0118
33657,1.0059
33658,1.0118
33659,0.99216
33660,0.99608
33661,0.98235
33662,0.95686
33663,0.94118
33664,0.92549
33665,0.92549
33666,0.92549
33667,0.92157
33668,0.91569
33669,0.94706
33670,1.0216
33671,1.0314
33672,0.14314
33673,-0.50196
33674,-0.50196
33675,-0.50196
33676,-0.50196
33677,-0.50196
33678,-0.49216
33679,-0.15686
33680,0.23922
33681,0.63529
33682,0.88039
33683,1.051
33684,1.2373
33685,1.3176
33686,1.3373
33687,1.3471
33688,1.3529
33689,1.3569
33690,1.3627
33691,1.3627
33692,1.3725
33693,1.3667
33694,1.3824
33695,1.3922
33696,1.4118
33697,1.4333
33698,1.4627
33699,1.502
33700,1.5039
33701,1.5039
33702,1.5039
33703,1.5039
33704,1.5039
33705,1.5039
33706,1.5039
33707,1.5039
33708,1.5039
33709,1.5039
33710,1.5039
33711,1.4686
33712,1.3373
33713,1.2314
33714,1.1471
33715,1.0765
33716,1.0314
33717,1.002
33718,0.97647
33719,0.96667
33720,0.96078
33721,0.95098
33722,0.95686
33723,0.95098
33724,0.95098
33725,0.95686
33726,0.96078
33727,0.96078
33728,0.96667
33729,0.96078
33730,0.96078
33731,0.96078
33732,0.96078
33733,0.95686
33734,0.96667
33735,0.96667
33736,0.96667
33737,0.95686
33738,0.95686
33739,0.96078
33740,0.95686
33741,0.95686
33742,0.96078
33743,0.96078
33744,0.96667
33745,0.97059
33746,0.97647
33747,1.002
33748,1.0059
33749,1.002
33750,0.99216
33751,0.98235
33752,0.98627
33753,0.97059
33754,0.95098
33755,0.93725
33756,0.92157
33757,0.92157
33758,0.91176
33759,0.91176
33760,0.90588
33761,0.94118
33762,1.0275
33763,0.8451
33764,0.088235
33765,-0.50196
33766,-0.50196
33767,-0.50196
33768,-0.50196
33769,-0.50196
33770,-0.46863
33771,-0.13137
33772,0.26863
33773,0.6549
33774,0.88039
33775,1.0608
33776,1.2431
33777,1.298
33778,1.3275
33779,1.3176
33780,1.3529
33781,1.3431
33782,1.3569
33783,1.3373
33784,1.3627
33785,1.3569
33786,1.3725
33787,1.3784
33788,1.398
33789,1.4275
33790,1.4529
33791,1.4882
33792,1.5039
33793,1.5039
33794,1.5039
33795,1.5039
33796,1.5039
33797,1.5039
33798,1.5039
33799,1.5039
33800,1.5039
33801,1.5039
33802,1.5039
33803,1.4373
33804,1.2922
33805,1.1824
33806,1.0961
33807,1.0471
33808,0.99216
33809,0.96078
33810,0.94118
33811,0.93137
33812,0.91176
33813,0.92549
33814,0.91176
33815,0.90588
33816,0.92157
33817,0.91569
33818,0.90588
33819,0.92549
33820,0.90588
33821,0.90588
33822,0.93137
33823,0.92157
33824,0.92157
33825,0.92549
33826,0.92157
33827,0.91176
33828,0.92549
33829,0.92549
33830,0.92549
33831,0.91569
33832,0.92157
33833,0.91176
33834,0.92549
33835,0.92549
33836,0.93725
33837,0.95686
33838,0.97647
33839,0.97647
33840,0.97647
33841,0.95686
33842,0.95098
33843,0.96078
33844,0.94706
33845,0.91569
33846,0.91569
33847,0.90588
33848,0.90588
33849,0.90588
33850,0.90588
33851,0.91569
33852,0.96078
33853,1.051
33854,0.68039
33855,-0.18235
33856,-0.50196
33857,-0.50196
33858,-0.50196
33859,-0.50196
33860,-0.50196
33861,-0.40784
33862,-0.015686
33863,0.39412
33864,0.75098
33865,0.95098
33866,1.1314
33867,1.302
33868,1.3471
33869,1.3667
33870,1.3784
33871,1.3784
33872,1.3824
33873,1.3922
33874,1.398
33875,1.398
33876,1.402
33877,1.4118
33878,1.4333
33879,1.4529
33880,1.4725
33881,1.5039
33882,1.5039
33883,1.5039
33884,1.5039
33885,1.5039
33886,1.5039
33887,1.5039
33888,1.5039
33889,1.5039
33890,1.5039
33891,1.5039
33892,1.5039
33893,1.5039
33894,1.4373
33895,1.3118
33896,1.2078
33897,1.1275
33898,1.0725
33899,1.0275
33900,0.99608
33901,0.97647
33902,0.97059
33903,0.96667
33904,0.96078
33905,0.96667
33906,0.96078
33907,0.96078
33908,0.96667
33909,0.96078
33910,0.96078
33911,0.96667
33912,0.96667
33913,0.96667
33914,0.97059
33915,0.96667
33916,0.96078
33917,0.96078
33918,0.96078
33919,0.96078
33920,0.95686
33921,0.95686
33922,0.95686
33923,0.95098
33924,0.95098
33925,0.95098
33926,0.95098
33927,0.95098
33928,0.95686
33929,0.96078
33930,0.96667
33931,0.98235
33932,1.002
33933,1.002
33934,1.002
33935,0.97647
33936,0.98235
33937,0.97647
33938,0.95686
33939,0.93137
33940,0.91569
33941,0.90588
33942,0.90588
33943,0.90588
33944,0.90588
33945,0.92157
33946,0.98235
33947,1.0314
33948,0.43922
33949,-0.39804
33950,-0.50196
33951,-0.50196
33952,-0.50196
33953,-0.50196
33954,-0.50196
33955,-0.30196
33956,0.084314
33957,0.49412
33958,0.8
33959,0.98235
33960,1.1725
33961,1.2922
33962,1.3216
33963,1.3373
33964,1.3431
33965,1.3471
33966,1.3471
33967,1.3529
33968,1.3569
33969,1.3627
33970,1.3667
33971,1.3824
33972,1.3922
33973,1.4118
33974,1.4431
33975,1.4784
33976,1.5039
33977,1.5039
33978,1.5039
33979,1.5039
33980,1.5039
33981,1.5039
33982,1.5039
33983,1.5039
33984,1.5039
33985,1.5039
33986,1.5039
33987,1.5039
33988,1.3882
33989,1.2667
33990,1.1765
33991,1.0961
33992,1.0471
33993,1.0059
33994,0.98627
33995,0.96667
33996,0.95686
33997,0.95098
33998,0.95098
33999,0.95098
34000,0.95098
34001,0.95098
34002,0.95098
34003,0.95686
34004,0.95686
34005,0.95686
34006,0.95686
34007,0.96078
34008,0.95686
34009,0.95686
34010,0.96078
34011,0.96078
34012,0.95098
34013,0.95686
34014,0.95098
34015,0.95098
34016,0.95098
34017,0.95098
34018,0.95098
34019,0.95098
34020,0.95098
34021,0.96078
34022,0.96667
34023,0.98235
34024,1.002
34025,1.002
34026,1.002
34027,0.98235
34028,0.98627
34029,0.98235
34030,0.97059
34031,0.94118
34032,0.92157
34033,0.91176
34034,0.91176
34035,0.90588
34036,0.90588
34037,0.91569
34038,0.96667
34039,1.0373
34040,0.6098
34041,-0.21176
34042,-0.50196
34043,-0.50196
34044,-0.50196
34045,-0.50196
34046,-0.50196
34047,-0.36667
34048,0.0039216
34049,0.40392
34050,0.74118
34051,0.92549
34052,1.1176
34053,1.2667
34054,1.3078
34055,1.3275
34056,1.3275
34057,1.3373
34058,1.3431
34059,1.3471
34060,1.3471
34061,1.3529
34062,1.3569
34063,1.3725
34064,1.3824
34065,1.398
34066,1.4275
34067,1.4686
34068,1.5039
34069,1.5039
34070,1.5039
34071,1.5039
34072,1.5039
34073,1.5039
34074,1.5039
34075,1.5039
34076,1.5039
34077,1.5039
34078,1.5039
34079,1.5039
34080,1.398
34081,1.2725
34082,1.1824
34083,1.0961
34084,1.0373
34085,1.002
34086,0.97647
34087,0.95098
34088,0.95098
34089,0.93725
34090,0.94706
34091,0.90588
34092,0.92157
34093,0.93137
34094,0.93137
34095,0.92549
34096,0.94118
34097,0.92157
34098,0.93137
34099,0.92549
34100,0.92157
34101,0.93137
34102,0.91176
34103,0.92157
34104,0.92549
34105,0.91176
34106,0.90588
34107,0.92157
34108,0.92549
34109,0.91569
34110,0.90588
34111,0.92157
34112,0.90588
34113,0.93725
34114,0.93137
34115,0.95098
34116,0.97059
34117,0.97647
34118,0.95686
34119,0.94118
34120,0.95686
34121,0.93725
34122,0.92549
34123,0.90588
34124,0.88627
34125,0.88627
34126,0.88039
34127,0.88627
34128,0.88039
34129,0.91569
34130,1.0118
34131,1.0471
34132,0.1549
34133,-0.50196
34134,-0.50196
34135,-0.50196
34136,-0.50196
34137,-0.50196
34138,-0.50196
34139,-0.17255
34140,0.22941
34141,0.62549
34142,0.87059
34143,1.051
34144,1.2529
34145,1.3333
34146,1.3529
34147,1.3784
34148,1.3784
34149,1.3882
34150,1.3824
34151,1.3824
34152,1.3882
34153,1.3922
34154,1.402
34155,1.4176
34156,1.4373
34157,1.4627
34158,1.4922
34159,1.5039
34160,1.5039
34161,1.5039
34162,1.5039
34163,1.5039
34164,1.5039
34165,1.5039
34166,1.5039
34167,1.5039
34168,1.5039
34169,1.5039
34170,1.5039
34171,1.498
34172,1.3627
34173,1.2471
34174,1.1627
34175,1.0961
34176,1.0471
34177,1.0118
34178,0.99216
34179,0.97647
34180,0.97647
34181,0.97059
34182,0.97059
34183,0.96667
34184,0.97059
34185,0.96667
34186,0.97647
34187,0.97647
34188,0.97647
34189,0.97059
34190,0.97647
34191,0.97647
34192,0.97059
34193,0.96667
34194,0.96078
34195,0.96667
34196,0.96078
34197,0.95686
34198,0.96078
34199,0.96078
34200,0.96078
34201,0.95686
34202,0.96078
34203,0.96667
34204,0.95686
34205,0.95686
34206,0.95686
34207,0.96667
34208,0.97059
34209,0.97647
34210,1.002
34211,1.0059
34212,1.002
34213,0.99608
34214,0.98235
34215,0.99216
34216,0.97059
34217,0.95098
34218,0.93137
34219,0.92549
34220,0.91176
34221,0.90588
34222,0.91176
34223,0.91176
34224,0.93725
34225,1.0118
34226,1.0412
34227,0.2098
34228,-0.50196
34229,-0.50196
34230,-0.50196
34231,-0.50196
34232,-0.50196
34233,-0.50196
34234,-0.18235
34235,0.21373
34236,0.61961
34237,0.86078
34238,1.0471
34239,1.2373
34240,1.3176
34241,1.3373
34242,1.3471
34243,1.3529
34244,1.3529
34245,1.3627
34246,1.3627
34247,1.3667
34248,1.3784
34249,1.3784
34250,1.3882
34251,1.402
34252,1.4275
34253,1.4569
34254,1.4922
34255,1.5039
34256,1.5039
34257,1.5039
34258,1.5039
34259,1.5039
34260,1.5039
34261,1.5039
34262,1.5039
34263,1.5039
34264,1.5039
34265,1.5039
34266,1.498
34267,1.3667
34268,1.2569
34269,1.1667
34270,1.0961
34271,1.0412
34272,1.0059
34273,0.98627
34274,0.97647
34275,0.96667
34276,0.96078
34277,0.95686
34278,0.96078
34279,0.95686
34280,0.95686
34281,0.96078
34282,0.96667
34283,0.96667
34284,0.96667
34285,0.96667
34286,0.97059
34287,0.96667
34288,0.96667
34289,0.97059
34290,0.96667
34291,0.96078
34292,0.96667
34293,0.96078
34294,0.96078
34295,0.95686
34296,0.95686
34297,0.95098
34298,0.95686
34299,0.96078
34300,0.96667
34301,0.97647
34302,0.99216
34303,1.0059
34304,1.0059
34305,1.0059
34306,0.98627
34307,0.99608
34308,0.98235
34309,0.96667
34310,0.94706
34311,0.92157
34312,0.91569
34313,0.91569
34314,0.91176
34315,0.91569
34316,0.92549
34317,0.99216
34318,1.0373
34319,0.4
34320,-0.44706
34321,-0.50196
34322,-0.50196
34323,-0.50196
34324,-0.50196
34325,-0.50196
34326,-0.26667
34327,0.11373
34328,0.51961
34329,0.81176
34330,0.99608
34331,1.1824
34332,1.302
34333,1.3275
34334,1.3373
34335,1.3431
34336,1.3529
34337,1.3529
34338,1.3569
34339,1.3627
34340,1.3667
34341,1.3784
34342,1.3882
34343,1.398
34344,1.4235
34345,1.4529
34346,1.4882
34347,1.5039
34348,1.5039
34349,1.5039
34350,1.5039
34351,1.5039
34352,1.5039
34353,1.5039
34354,1.5039
34355,1.5039
34356,1.5039
34357,1.5039
34358,1.5039
34359,1.3824
34360,1.2667
34361,1.1725
34362,1.102
34363,1.051
34364,1.0157
34365,0.99216
34366,0.97647
34367,0.97059
34368,0.96078
34369,0.96078
34370,0.96078
34371,0.95098
34372,0.95098
34373,0.96078
34374,0.96078
34375,0.95686
34376,0.97647
34377,0.96667
34378,0.96078
34379,0.95686
34380,0.97647
34381,0.94706
34382,0.96078
34383,0.96667
34384,0.95686
34385,0.96078
34386,0.94118
34387,0.93725
34388,0.93137
34389,0.92549
34390,0.94118
34391,0.92549
34392,0.93725
34393,0.93137
34394,0.94706
34395,0.95686
34396,0.96667
34397,0.97647
34398,0.97647
34399,0.94706
34400,0.93725
34401,0.94118
34402,0.91569
34403,0.90196
34404,0.91176
34405,0.87059
34406,0.86078
34407,0.88039
34408,0.88039
34409,0.90588
34410,0.96078
34411,1.0059
34412,0.2902
34413,-0.50196
34414,-0.50196
34415,-0.50196
34416,-0.50196
34417,-0.50196
34418,-0.50196
34419,-0.25294
34420,0.16471
34421,0.57059
34422,0.83529
34423,1.0314
34424,1.2275
34425,1.3275
34426,1.3529
34427,1.3627
34428,1.3725
34429,1.3667
34430,1.3627
34431,1.3627
34432,1.3725
34433,1.3784
34434,1.3784
34435,1.3882
34436,1.4118
34437,1.4373
34438,1.4627
34439,1.5039
34440,1.5039
34441,1.5039
34442,1.5039
34443,1.5039
34444,1.5039
34445,1.5039
34446,1.5039
34447,1.5039
34448,1.5039
34449,1.5039
34450,1.5039
34451,1.5039
34452,1.3784
34453,1.2569
34454,1.1667
34455,1.0961
34456,1.0412
34457,1.0059
34458,0.98235
34459,0.97647
34460,0.96667
34461,0.96667
34462,0.96667
34463,0.96667
34464,0.96667
34465,0.97059
34466,0.97059
34467,0.97647
34468,0.97647
34469,0.97647
34470,0.97647
34471,0.98235
34472,0.97647
34473,0.97647
34474,0.97647
34475,0.97059
34476,0.97059
34477,0.97059
34478,0.96667
34479,0.96667
34480,0.97059
34481,0.96078
34482,0.96667
34483,0.96667
34484,0.97059
34485,0.96667
34486,0.97059
34487,0.97647
34488,0.97647
34489,0.99608
34490,1.0118
34491,1.0157
34492,1.0118
34493,0.99216
34494,0.99608
34495,0.99608
34496,0.97059
34497,0.95098
34498,0.93725
34499,0.92549
34500,0.92157
34501,0.92549
34502,0.92549
34503,0.93137
34504,0.98627
34505,1.0412
34506,0.5451
34507,-0.31765
34508,-0.50196
34509,-0.50196
34510,-0.50196
34511,-0.50196
34512,-0.50196
34513,-0.33725
34514,0.04902
34515,0.46078
34516,0.7902
34517,0.97647
34518,1.1627
34519,1.302
34520,1.3333
34521,1.3529
34522,1.3569
34523,1.3627
34524,1.3667
34525,1.3667
34526,1.3725
34527,1.3784
34528,1.3784
34529,1.3882
34530,1.402
34531,1.4235
34532,1.4431
34533,1.4784
34534,1.5039
34535,1.5039
34536,1.5039
34537,1.5039
34538,1.5039
34539,1.5039
34540,1.5039
34541,1.5039
34542,1.5039
34543,1.5039
34544,1.5039
34545,1.5039
34546,1.4118
34547,1.2922
34548,1.1961
34549,1.1216
34550,1.0608
34551,1.0157
34552,0.99216
34553,0.97059
34554,0.96667
34555,0.96078
34556,0.95686
34557,0.95686
34558,0.95098
34559,0.95098
34560,0.95098
34561,0.95686
34562,0.96078
34563,0.96078
34564,0.96667
34565,0.97059
34566,0.96078
34567,0.95686
34568,0.96078
34569,0.95686
34570,0.96078
34571,0.95098
34572,0.95098
34573,0.95686
34574,0.95686
34575,0.95686
34576,0.95686
34577,0.95098
34578,0.95686
34579,0.95686
34580,0.96078
34581,0.97059
34582,0.99216
34583,1.002
34584,1.002
34585,1.002
34586,0.98235
34587,0.98627
34588,0.97647
34589,0.95686
34590,0.93725
34591,0.92157
34592,0.91569
34593,0.91176
34594,0.90588
34595,0.91176
34596,0.93137
34597,0.99608
34598,1.0412
34599,0.31961
34600,-0.50196
34601,-0.50196
34602,-0.50196
34603,-0.50196
34604,-0.50196
34605,-0.50196
34606,-0.24314
34607,0.14902
34608,0.55098
34609,0.83137
34610,1.0059
34611,1.1961
34612,1.302
34613,1.3275
34614,1.3431
34615,1.3471
34616,1.3529
34617,1.3529
34618,1.3529
34619,1.3569
34620,1.3627
34621,1.3725
34622,1.3824
34623,1.398
34624,1.4235
34625,1.4471
34626,1.4882
34627,1.5039
34628,1.5039
34629,1.5039
34630,1.5039
34631,1.5039
34632,1.5039
34633,1.5039
34634,1.5039
34635,1.5039
34636,1.5039
34637,1.5039
34638,1.498
34639,1.3627
34640,1.2471
34641,1.1569
34642,1.0863
34643,1.0314
34644,1.002
34645,0.97647
34646,0.96078
34647,0.95686
34648,0.95098
34649,0.95098
34650,0.95098
34651,0.95098
34652,0.95098
34653,0.95098
34654,0.95098
34655,0.95686
34656,0.95098
34657,0.96078
34658,0.95686
34659,0.96667
34660,0.96667
34661,0.96667
34662,0.96078
34663,0.95098
34664,0.95098
34665,0.95098
34666,0.95098
34667,0.94706
34668,0.95098
34669,0.95098
34670,0.95098
34671,0.95686
34672,0.96078
34673,0.96667
34674,0.98235
34675,1.002
34676,1.0059
34677,1.0118
34678,0.98627
34679,0.98235
34680,0.98627
34681,0.96078
34682,0.94118
34683,0.92157
34684,0.91569
34685,0.90588
34686,0.90588
34687,0.90588
34688,0.91569
34689,0.96078
34690,1.0412
34691,0.62941
34692,-0.18627
34693,-0.50196
34694,-0.50196
34695,-0.50196
34696,-0.50196
34697,-0.50196
34698,-0.37255
34699,-0.0058823
34700,0.40392
34701,0.7451
34702,0.93725
34703,1.1216
34704,1.2667
34705,1.3078
34706,1.3275
34707,1.3275
34708,1.3216
34709,1.3569
34710,1.3431
34711,1.3529
34712,1.3569
34713,1.3725
34714,1.3627
34715,1.398
34716,1.3882
34717,1.4235
34718,1.4686
34719,1.5039
34720,1.5039
34721,1.5039
34722,1.5039
34723,1.5039
34724,1.5039
34725,1.5039
34726,1.5039
34727,1.5039
34728,1.5039
34729,1.5039
34730,1.5039
34731,1.3922
34732,1.2725
34733,1.1725
34734,1.1059
34735,1.0412
34736,0.98235
34737,0.95098
34738,0.95098
34739,0.93725
34740,0.94118
34741,0.91569
34742,0.92549
34743,0.93725
34744,0.91569
34745,0.92549
34746,0.92549
34747,0.90588
34748,0.92549
34749,0.93725
34750,0.93137
34751,0.91569
34752,0.93725
34753,0.92549
34754,0.92549
34755,0.92549
34756,0.93725
34757,0.92549
34758,0.92549
34759,0.92157
34760,0.91176
34761,0.92549
34762,0.92549
34763,0.94118
34764,0.94706
34765,0.96078
34766,0.97647
34767,0.97647
34768,0.97647
34769,0.95686
34770,0.95098
34771,0.96667
34772,0.94706
34773,0.93137
34774,0.91176
34775,0.90196
34776,0.90588
34777,0.90588
34778,0.90588
34779,0.92157
34780,0.98627
34781,1.051
34782,0.5451
34783,-0.36275
34784,-0.50196
34785,-0.50196
34786,-0.50196
34787,-0.50196
34788,-0.50196
34789,-0.34706
34790,0.058824
34791,0.47451
34792,0.80588
34793,0.99216
34794,1.1863
34795,1.3333
34796,1.3667
34797,1.3784
34798,1.3922
34799,1.398
34800,1.398
34801,1.402
34802,1.398
34803,1.4118
34804,1.4176
34805,1.4235
34806,1.4431
34807,1.4627
34808,1.4882
34809,1.5039
34810,1.5039
34811,1.5039
34812,1.5039
34813,1.5039
34814,1.5039
34815,1.5039
34816,1.5039
34817,1.5039
34818,1.5039
34819,1.5039
34820,1.5039
34821,1.5039
34822,1.4176
34823,1.2922
34824,1.1961
34825,1.1118
34826,1.0608
34827,1.0216
34828,0.99608
34829,0.98235
34830,0.97647
34831,0.97059
34832,0.97059
34833,0.97059
34834,0.96078
34835,0.94706
34836,0.94706
34837,0.94118
34838,0.96078
34839,0.95686
34840,0.96667
34841,0.97647
34842,0.97647
34843,0.97059
34844,0.96078
34845,0.94706
34846,0.93725
34847,0.92549
34848,0.92157
34849,0.94118
34850,0.94706
34851,0.96667
34852,1.0314
34853,1.0824
34854,0.2902
34855,-0.50196
34856,-0.50196
34857,-0.50196
34858,-0.50196
34859,-0.50196
34860,-0.50196
34861,-0.28824
34862,0.12353
34863,0.5451
34864,0.85098
34865,1.0412
34866,1.2314
34867,1.3471
34868,1.3784
34869,1.3882
34870,1.3922
34871,1.3922
34872,1.398
34873,1.398
34874,1.4118
34875,1.4176
34876,1.4275
34877,1.4471
34878,1.4686
34879,1.498
34880,1.5039
34881,1.5039
34882,1.5039
34883,1.5039
34884,1.5039
34885,1.5039
34886,1.5039
34887,1.5039
34888,1.5039
34889,1.5039
34890,1.5039
34891,1.5039
34892,1.5039
34893,1.3824
34894,1.2667
34895,1.1725
34896,1.0922
34897,1.0412
34898,1.002
34899,0.98235
34900,0.96667
34901,0.96078
34902,0.95686
34903,0.96078
34904,0.95686
34905,0.95686
34906,0.95098
34907,0.95686
34908,0.95686
34909,0.95686
34910,0.96078
34911,0.96078
34912,0.95686
34913,0.95686
34914,0.95686
34915,0.95686
34916,0.95098
34917,0.95098
34918,0.95686
34919,0.95098
34920,0.95098
34921,0.95098
34922,0.95098
34923,0.94706
34924,0.95098
34925,0.94706
34926,0.95098
34927,0.95098
34928,0.95098
34929,0.95098
34930,0.95098
34931,0.95098
34932,0.95098
34933,0.95098
34934,0.95098
34935,0.95098
34936,0.95098
34937,0.95098
34938,0.95098
34939,0.95098
34940,0.95098
34941,0.94706
34942,0.95098
34943,0.95098
34944,0.95098
34945,0.95098
34946,0.95098
34947,0.95098
34948,0.96078
34949,0.96667
34950,0.99216
34951,1.002
34952,1.002
34953,1.0059
34954,0.98235
34955,0.98235
34956,0.98627
34957,0.95686
34958,0.93725
34959,0.92157
34960,0.91569
34961,0.91569
34962,0.91176
34963,0.91569
34964,0.92549
34965,0.96667
34966,1.0412
34967,0.63529
34968,-0.17255
34969,-0.50196
34970,-0.50196
34971,-0.50196
34972,-0.50196
34973,-0.50196
34974,-0.32157
34975,0.017647
34976,0.41569
34977,0.74118
34978,0.93137
34979,1.1118
34980,1.2667
34981,1.3078
34982,1.3216
34983,1.3275
34984,1.3275
34985,1.3275
34986,1.3373
34987,1.3431
34988,1.3431
34989,1.3471
34990,1.3529
34991,1.3627
34992,1.3784
34993,1.398
34994,1.4275
34995,1.4686
34996,1.5039
34997,1.5039
34998,1.5039
34999,1.5039
35000,1.5039
35001,1.5039
35002,1.5039
35003,1.5039
35004,1.5039
35005,1.5039
35006,1.5039
35007,1.4784
35008,1.3471
35009,1.2471
35010,1.1569
35011,1.0961
35012,1.0412
35013,1.0118
35014,0.98235
35015,0.96078
35016,0.95098
35017,0.96078
35018,0.95686
35019,0.95098
35020,0.95098
35021,0.95098
35022,0.95098
35023,0.95098
35024,0.95098
35025,0.95686
35026,0.96667
35027,0.96667
35028,0.97059
35029,0.96078
35030,0.96078
35031,0.95686
35032,0.94706
35033,0.95098
35034,0.95098
35035,0.96078
35036,0.94706
35037,0.96667
35038,0.94706
35039,0.95686
35040,0.95098
35041,0.97647
35042,0.98627
35043,0.99608
35044,1.0059
35045,0.97647
35046,0.96667
35047,0.96078
35048,0.95098
35049,0.93725
35050,0.92157
35051,0.90196
35052,0.88627
35053,0.8902
35054,0.90588
35055,0.88039
35056,0.90196
35057,0.96078
35058,1.0118
35059,0.32941
35060,-0.50196
35061,-0.50196
35062,-0.50196
35063,-0.50196
35064,-0.50196
35065,-0.50196
35066,-0.26667
35067,0.14902
35068,0.52549
35069,0.83137
35070,1.0157
35071,1.2078
35072,1.298
35073,1.3216
35074,1.3431
35075,1.3373
35076,1.3529
35077,1.3569
35078,1.3627
35079,1.3725
35080,1.3784
35081,1.3784
35082,1.3922
35083,1.402
35084,1.4373
35085,1.4627
35086,1.502
35087,1.5039
35088,1.5039
35089,1.5039
35090,1.5039
35091,1.5039
35092,1.5039
35093,1.5039
35094,1.5039
35095,1.5039
35096,1.5039
35097,1.5039
35098,1.4824
35099,1.3471
35100,1.2373
35101,1.1412
35102,1.0765
35103,1.0314
35104,0.99608
35105,0.97647
35106,0.97059
35107,0.96078
35108,0.95686
35109,0.97059
35110,0.97059
35111,0.97647
35112,0.97059
35113,0.97647
35114,0.97647
35115,0.98235
35116,0.98627
35117,0.98627
35118,0.98627
35119,0.98235
35120,0.98627
35121,0.98627
35122,0.98235
35123,0.98235
35124,0.98235
35125,0.97647
35126,0.97647
35127,0.97059
35128,0.97647
35129,0.97647
35130,0.97647
35131,0.97647
35132,0.97647
35133,0.97647
35134,0.98627
35135,1.002
35136,1.0216
35137,1.0157
35138,1.0216
35139,0.99608
35140,0.99608
35141,1.002
35142,0.97059
35143,0.95098
35144,0.93137
35145,0.92549
35146,0.92549
35147,0.92549
35148,0.92549
35149,0.93725
35150,0.99216
35151,1.0471
35152,0.4902
35153,-0.36667
35154,-0.50196
35155,-0.50196
35156,-0.50196
35157,-0.50196
35158,-0.50196
35159,-0.28824
35160,0.098039
35161,0.50588
35162,0.81176
35163,0.99216
35164,1.1824
35165,1.3118
35166,1.3431
35167,1.3529
35168,1.3667
35169,1.3784
35170,1.3725
35171,1.3784
35172,1.3784
35173,1.3784
35174,1.3882
35175,1.398
35176,1.4118
35177,1.4275
35178,1.4569
35179,1.4922
35180,1.5039
35181,1.5039
35182,1.5039
35183,1.5039
35184,1.5039
35185,1.5039
35186,1.5039
35187,1.5039
35188,1.5039
35189,1.5039
35190,1.5039
35191,1.5039
35192,1.4118
35193,1.2922
35194,1.1961
35195,1.1176
35196,1.0569
35197,1.0157
35198,0.99216
35199,0.97647
35200,0.96667
35201,0.95686
35202,0.95686
35203,0.95686
35204,0.95686
35205,0.95686
35206,0.96078
35207,0.96078
35208,0.96078
35209,0.96078
35210,0.96078
35211,0.96078
35212,0.95686
35213,0.96078
35214,0.96667
35215,0.96667
35216,0.96667
35217,0.96667
35218,0.96667
35219,0.96667
35220,0.96078
35221,0.95686
35222,0.96078
35223,0.96078
35224,0.95686
35225,0.95686
35226,0.96667
35227,0.97059
35228,0.99216
35229,1.002
35230,1.002
35231,1.0059
35232,0.98235
35233,0.98627
35234,0.97647
35235,0.95098
35236,0.93137
35237,0.91176
35238,0.91176
35239,0.91176
35240,0.90588
35241,0.90588
35242,0.93137
35243,1.002
35244,1.0412
35245,0.29412
35246,-0.50196
35247,-0.50196
35248,-0.50196
35249,-0.50196
35250,-0.50196
35251,-0.50196
35252,-0.23725
35253,0.1549
35254,0.56078
35255,0.83529
35256,1.0118
35257,1.202
35258,1.298
35259,1.3275
35260,1.3333
35261,1.3373
35262,1.3431
35263,1.3471
35264,1.3529
35265,1.3569
35266,1.3627
35267,1.3667
35268,1.3784
35269,1.3922
35270,1.4078
35271,1.4431
35272,1.4882
35273,1.5039
35274,1.5039
35275,1.5039
35276,1.5039
35277,1.5039
35278,1.5039
35279,1.5039
35280,1.5039
35281,1.5039
35282,1.5039
35283,1.5039
35284,1.4922
35285,1.3627
35286,1.2431
35287,1.151
35288,1.0824
35289,1.0275
35290,0.99608
35291,0.97059
35292,0.96078
35293,0.95098
35294,0.95686
35295,0.95098
35296,0.95098
35297,0.95098
35298,0.94706
35299,0.95098
35300,0.95098
35301,0.95098
35302,0.96078
35303,0.96667
35304,0.96078
35305,0.96078
35306,0.95686
35307,0.96078
35308,0.95686
35309,0.96078
35310,0.96078
35311,0.96078
35312,0.95098
35313,0.95686
35314,0.95098
35315,0.95686
35316,0.95098
35317,0.95686
35318,0.95686
35319,0.96667
35320,0.97647
35321,0.99608
35322,1.0059
35323,1.002
35324,1.0059
35325,0.98235
35326,0.98627
35327,0.97647
35328,0.95686
35329,0.93725
35330,0.92157
35331,0.91176
35332,0.91176
35333,0.91176
35334,0.91176
35335,0.92549
35336,1.002
35337,1.0412
35338,0.31373
35339,-0.50196
35340,-0.50196
35341,-0.50196
35342,-0.50196
35343,-0.50196
35344,-0.50196
35345,-0.22745
35346,0.15882
35347,0.56078
35348,0.82549
35349,1.0059
35350,1.1961
35351,1.302
35352,1.3275
35353,1.3333
35354,1.3333
35355,1.3569
35356,1.3431
35357,1.3529
35358,1.3529
35359,1.3471
35360,1.3627
35361,1.3784
35362,1.3882
35363,1.3824
35364,1.4431
35365,1.4725
35366,1.5039
35367,1.5039
35368,1.5039
35369,1.5039
35370,1.5039
35371,1.5039
35372,1.5039
35373,1.5039
35374,1.5039
35375,1.5039
35376,1.5039
35377,1.4784
35378,1.3373
35379,1.2176
35380,1.1373
35381,1.0608
35382,1.0216
35383,0.97059
35384,0.94706
35385,0.93725
35386,0.92549
35387,0.92157
35388,0.93137
35389,0.92549
35390,0.93137
35391,0.92157
35392,0.92549
35393,0.93137
35394,0.92549
35395,0.93725
35396,0.93725
35397,0.94118
35398,0.93137
35399,0.93725
35400,0.92549
35401,0.93137
35402,0.92549
35403,0.92549
35404,0.93725
35405,0.94118
35406,0.93725
35407,0.94118
35408,0.93725
35409,0.94118
35410,0.95098
35411,0.96078
35412,0.98235
35413,0.99608
35414,0.99216
35415,0.99608
35416,0.97647
35417,0.98235
35418,0.97059
35419,0.95098
35420,0.94118
35421,0.92549
35422,0.92157
35423,0.92157
35424,0.92157
35425,0.92549
35426,0.95098
35427,1.0314
35428,1.0725
35429,0.28431
35430,-0.50196
35431,-0.50196
35432,-0.50196
35433,-0.50196
35434,-0.50196
35435,-0.50196
35436,-0.22157
35437,0.18824
35438,0.6
35439,0.86667
35440,1.0471
35441,1.2471
35442,1.3471
35443,1.3667
35444,1.3824
35445,1.3882
35446,1.3922
35447,1.3922
35448,1.398
35449,1.398
35450,1.4078
35451,1.4176
35452,1.4235
35453,1.4373
35454,1.4627
35455,1.4922
35456,1.5039
35457,1.5039
35458,1.5039
35459,1.5039
35460,1.5039
35461,1.5039
35462,1.5039
35463,1.5039
35464,1.5039
35465,1.5039
35466,1.5039
35467,1.5039
35468,1.5039
35469,1.3725
35470,1.2529
35471,1.1667
35472,1.0961
35473,1.0412
35474,1.0059
35475,0.98627
35476,0.97647
35477,0.96667
35478,0.96078
35479,0.95686
35480,0.96078
35481,0.96078
35482,0.96667
35483,0.96667
35484,0.96667
35485,0.96667
35486,0.97059
35487,0.96667
35488,0.96667
35489,0.96078
35490,0.96078
35491,0.96078
35492,0.96667
35493,0.96078
35494,0.96667
35495,0.96078
35496,0.96078
35497,0.96078
35498,0.95686
35499,0.95686
35500,0.96078
35501,0.96667
35502,0.96078
35503,0.96667
35504,0.97059
35505,0.98235
35506,1.002
35507,1.0059
35508,1.0118
35509,0.99608
35510,0.98627
35511,0.99216
35512,0.97059
35513,0.95098
35514,0.93725
35515,0.92549
35516,0.91569
35517,0.91569
35518,0.91176
35519,0.91569
35520,0.95098
35521,1.0373
35522,0.75098
35523,-0.041176
35524,-0.50196
35525,-0.50196
35526,-0.50196
35527,-0.50196
35528,-0.50196
35529,-0.43333
35530,-0.072549
35531,0.32941
35532,0.70588
35533,0.90588
35534,1.0922
35535,1.2627
35536,1.3216
35537,1.3373
35538,1.3471
35539,1.3471
35540,1.3529
35541,1.3529
35542,1.3627
35543,1.3627
35544,1.3667
35545,1.3784
35546,1.3882
35547,1.402
35548,1.4333
35549,1.4627
35550,1.5039
35551,1.5039
35552,1.5039
35553,1.5039
35554,1.5039
35555,1.5039
35556,1.5039
35557,1.5039
35558,1.5039
35559,1.5039
35560,1.5039
35561,1.5039
35562,1.4471
35563,1.3216
35564,1.2176
35565,1.1314
35566,1.0608
35567,1.0157
35568,0.98627
35569,0.97059
35570,0.95686
35571,0.95686
35572,0.95686
35573,0.95098
35574,0.94706
35575,0.95098
35576,0.95098
35577,0.95098
35578,0.95686
35579,0.95686
35580,0.96078
35581,0.95686
35582,0.96078
35583,0.95686
35584,0.95686
35585,0.96078
35586,0.95686
35587,0.96078
35588,0.95686
35589,0.95098
35590,0.95098
35591,0.95098
35592,0.95098
35593,0.95098
35594,0.95098
35595,0.95686
35596,0.96667
35597,0.97647
35598,1.002
35599,1.0059
35600,1.002
35601,0.98235
35602,0.97647
35603,0.97647
35604,0.95686
35605,0.93725
35606,0.92157
35607,0.90588
35608,0.90196
35609,0.90588
35610,0.90588
35611,0.91176
35612,0.94706
35613,1.0412
35614,0.75098
35615,-0.037255
35616,-0.50196
35617,-0.50196
35618,-0.50196
35619,-0.50196
35620,-0.50196
35621,-0.43333
35622,-0.082353
35623,0.31961
35624,0.6902
35625,0.90196
35626,1.0725
35627,1.2471
35628,1.302
35629,1.3216
35630,1.3333
35631,1.3431
35632,1.3471
35633,1.3471
35634,1.3529
35635,1.3529
35636,1.3627
35637,1.3627
35638,1.3784
35639,1.3922
35640,1.4176
35641,1.4529
35642,1.502
35643,1.5039
35644,1.5039
35645,1.5039
35646,1.5039
35647,1.5039
35648,1.5039
35649,1.5039
35650,1.5039
35651,1.5039
35652,1.5039
35653,1.5039
35654,1.402
35655,1.2922
35656,1.1961
35657,1.1176
35658,1.0471
35659,1.002
35660,0.96667
35661,0.94706
35662,0.94706
35663,0.94118
35664,0.93137
35665,0.92549
35666,0.93137
35667,0.92549
35668,0.93137
35669,0.92157
35670,0.91176
35671,0.94706
35672,0.92549
35673,0.92157
35674,0.94118
35675,0.91569
35676,0.92157
35677,0.91176
35678,0.93137
35679,0.91569
35680,0.92549
35681,0.91176
35682,0.91569
35683,0.91569
35684,0.92549
35685,0.91569
35686,0.92549
35687,0.93137
35688,0.92157
35689,0.95686
35690,0.97647
35691,0.95098
35692,0.95686
35693,0.94706
35694,0.95686
35695,0.94706
35696,0.92549
35697,0.90588
35698,0.89608
35699,0.8902
35700,0.88039
35701,0.8902
35702,0.88627
35703,0.91569
35704,0.99216
35705,1.0412
35706,0.26863
35707,-0.50196
35708,-0.50196
35709,-0.50196
35710,-0.50196
35711,-0.50196
35712,-0.50196
35713,-0.21765
35714,0.18824
35715,0.58431
35716,0.85098
35717,1.0314
35718,1.2314
35719,1.3333
35720,1.3529
35721,1.3667
35722,1.3784
35723,1.3784
35724,1.3824
35725,1.3882
35726,1.3922
35727,1.398
35728,1.402
35729,1.4176
35730,1.4333
35731,1.4529
35732,1.4882
35733,1.5039
35734,1.5039
35735,1.5039
35736,1.5039
35737,1.5039
35738,1.5039
35739,1.5039
35740,1.5039
35741,1.5039
35742,1.5039
35743,1.5039
35744,1.5039
35745,1.5039
35746,1.3784
35747,1.2667
35748,1.1725
35749,1.1059
35750,1.051
35751,1.0157
35752,0.99216
35753,0.97647
35754,0.97647
35755,0.96667
35756,0.96078
35757,0.96667
35758,0.96078
35759,0.96667
35760,0.97059
35761,0.97059
35762,0.97059
35763,0.97647
35764,0.97647
35765,0.97647
35766,0.97059
35767,0.97059
35768,0.96667
35769,0.96667
35770,0.96667
35771,0.96078
35772,0.96667
35773,0.96078
35774,0.96078
35775,0.95686
35776,0.96078
35777,0.95686
35778,0.96078
35779,0.96667
35780,0.96667
35781,0.96667
35782,0.97647
35783,0.98627
35784,1.0118
35785,1.0157
35786,1.0118
35787,0.99216
35788,0.98235
35789,0.98627
35790,0.96667
35791,0.94706
35792,0.92549
35793,0.91176
35794,0.91176
35795,0.91176
35796,0.90588
35797,0.91176
35798,0.95686
35799,1.0412
35800,0.70588
35801,-0.10196
35802,-0.50196
35803,-0.50196
35804,-0.50196
35805,-0.50196
35806,-0.50196
35807,-0.40784
35808,-0.047059
35809,0.36471
35810,0.72549
35811,0.92549
35812,1.102
35813,1.2725
35814,1.3176
35815,1.3333
35816,1.3431
35817,1.3529
35818,1.3529
35819,1.3529
35820,1.3627
35821,1.3627
35822,1.3667
35823,1.3784
35824,1.3882
35825,1.398
35826,1.4275
35827,1.4627
35828,1.5039
35829,1.5039
35830,1.5039
35831,1.5039
35832,1.5039
35833,1.5039
35834,1.5039
35835,1.5039
35836,1.5039
35837,1.5039
35838,1.5039
35839,1.5039
35840,1.4373
35841,1.3118
35842,1.2078
35843,1.1275
35844,1.0667
35845,1.0157
35846,0.98627
35847,0.96667
35848,0.96078
35849,0.95098
35850,0.95098
35851,0.95098
35852,0.95098
35853,0.95098
35854,0.95098
35855,0.95098
35856,0.95098
35857,0.96078
35858,0.96078
35859,0.96667
35860,0.96078
35861,0.96667
35862,0.96078
35863,0.96078
35864,0.95686
35865,0.96667
35866,0.95686
35867,0.96078
35868,0.95098
35869,0.95098
35870,0.95686
35871,0.95098
35872,0.95686
35873,0.95098
35874,0.97059
35875,0.97647
35876,0.99608
35877,1.0059
35878,1.0059
35879,0.99608
35880,0.98627
35881,0.98627
35882,0.97059
35883,0.95098
35884,0.93137
35885,0.92157
35886,0.91569
35887,0.91176
35888,0.91569
35889,0.91176
35890,0.94118
35891,1.0216
35892,1.0314
35893,0.13922
35894,-0.50196
35895,-0.50196
35896,-0.50196
35897,-0.50196
35898,-0.50196
35899,-0.49216
35900,-0.15686
35901,0.23922
35902,0.62941
35903,0.87647
35904,1.0471
35905,1.2373
35906,1.3118
35907,1.3333
35908,1.3373
35909,1.3529
35910,1.3529
35911,1.3529
35912,1.3529
35913,1.3627
35914,1.3667
35915,1.3784
35916,1.3824
35917,1.398
35918,1.4235
35919,1.4569
35920,1.498
35921,1.5039
35922,1.5039
35923,1.5039
35924,1.5039
35925,1.5039
35926,1.5039
35927,1.5039
35928,1.5039
35929,1.5039
35930,1.5039
35931,1.5039
35932,1.4627
35933,1.3275
35934,1.2373
35935,1.1471
35936,1.0608
35937,1.0216
35938,1.0118
35939,0.98235
35940,0.96667
35941,0.95686
35942,0.95098
35943,0.95098
35944,0.94706
35945,0.95098
35946,0.93725
35947,0.95098
35948,0.93137
35949,0.95098
35950,0.93725
35951,0.95098
35952,0.93137
35953,0.94706
35954,0.92157
35955,0.94118
35956,0.92157
35957,0.92549
35958,0.93725
35959,0.92549
35960,0.92549
35961,0.92549
35962,0.92549
35963,0.93725
35964,0.92157
35965,0.93137
35966,0.93725
35967,0.93137
35968,0.95686
35969,0.96667
35970,0.98235
35971,0.98627
35972,0.94118
35973,0.96078
35974,0.93725
35975,0.92549
35976,0.91176
35977,0.90588
35978,0.90196
35979,0.8902
35980,0.90196
35981,0.90588
35982,0.93137
35983,1.0157
35984,1.0412
35985,0.12941
35986,-0.50196
35987,-0.50196
35988,-0.50196
35989,-0.50196
35990,-0.50196
35991,-0.50196
35992,-0.14706
35993,0.24902
35994,0.64118
35995,0.87647
35996,1.0608
35997,1.2569
35998,1.3373
35999,1.3529
36000,1.3569
36001,1.3784
36002,1.3784
36003,1.3824
36004,1.3882
36005,1.3882
36006,1.398
36007,1.4078
36008,1.4235
36009,1.4431
36010,1.4627
36011,1.498
36012,1.5039
36013,1.5039
36014,1.5039
36015,1.5039
36016,1.5039
36017,1.5039
36018,1.5039
36019,1.5039
36020,1.5039
36021,1.5039
36022,1.5039
36023,1.5039
36024,1.498
36025,1.3627
36026,1.2471
36027,1.1627
36028,1.0961
36029,1.0471
36030,1.0118
36031,0.99608
36032,0.97647
36033,0.97059
36034,0.97059
36035,0.96667
36036,0.97059
36037,0.97059
36038,0.97059
36039,0.97059
36040,0.97647
36041,0.97647
36042,0.97647
36043,0.97647
36044,0.97059
36045,0.97059
36046,0.97059
36047,0.96667
36048,0.96667
36049,0.96078
36050,0.96667
36051,0.97059
36052,0.96667
36053,0.96667
36054,0.96078
36055,0.96078
36056,0.96667
36057,0.96667
36058,0.96667
36059,0.97059
36060,0.97059
36061,0.97647
36062,0.99216
36063,1.0118
36064,1.0059
36065,1.0118
36066,0.99608
36067,0.99216
36068,0.99608
36069,0.97647
36070,0.95098
36071,0.93725
36072,0.92157
36073,0.92157
36074,0.92157
36075,0.91176
36076,0.91569
36077,0.96078
36078,1.0412
36079,0.68627
36080,-0.13137
36081,-0.50196
36082,-0.50196
36083,-0.50196
36084,-0.50196
36085,-0.50196
36086,-0.39804
36087,-0.021569
36088,0.38039
36089,0.73529
36090,0.93725
36091,1.1118
36092,1.2824
36093,1.3275
36094,1.3471
36095,1.3529
36096,1.3569
36097,1.3569
36098,1.3627
36099,1.3667
36100,1.3725
36101,1.3784
36102,1.3784
36103,1.398
36104,1.4176
36105,1.4431
36106,1.4725
36107,1.5039
36108,1.5039
36109,1.5039
36110,1.5039
36111,1.5039
36112,1.5039
36113,1.5039
36114,1.5039
36115,1.5039
36116,1.5039
36117,1.5039
36118,1.5039
36119,1.4431
36120,1.3176
36121,1.2118
36122,1.1275
36123,1.0608
36124,1.0216
36125,0.99608
36126,0.97647
36127,0.97059
36128,0.96078
36129,0.95686
36130,0.95686
36131,0.95686
36132,0.95686
36133,0.95686
36134,0.96078
36135,0.96078
36136,0.96667
36137,0.96078
36138,0.96078
36139,0.96667
36140,0.97059
36141,0.96078
36142,0.96667
36143,0.96078
36144,0.96667
36145,0.96667
36146,0.96078
36147,0.95686
36148,0.96078
36149,0.96078
36150,0.95686
36151,0.95686
36152,0.96078
36153,0.97647
36154,0.97059
36155,1.002
36156,1.0118
36157,1.0118
36158,0.99608
36159,0.99216
36160,0.99216
36161,0.97647
36162,0.95098
36163,0.93725
36164,0.92157
36165,0.92157
36166,0.92157
36167,0.92157
36168,0.92157
36169,0.96078
36170,1.0412
36171,0.79608
36172,0.0078431
36173,-0.50196
36174,-0.50196
36175,-0.50196
36176,-0.50196
36177,-0.50196
36178,-0.44314
36179,-0.092157
36180,0.31961
36181,0.6902
36182,0.90588
36183,1.0863
36184,1.2627
36185,1.3176
36186,1.3373
36187,1.3373
36188,1.3529
36189,1.3529
36190,1.3569
36191,1.3627
36192,1.3667
36193,1.3784
36194,1.3824
36195,1.3922
36196,1.4078
36197,1.4333
36198,1.4686
36199,1.5039
36200,1.5039
36201,1.5039
36202,1.5039
36203,1.5039
36204,1.5039
36205,1.5039
36206,1.5039
36207,1.5039
36208,1.5039
36209,1.5039
36210,1.5039
36211,1.4431
36212,1.3216
36213,1.2216
36214,1.1314
36215,1.0725
36216,1.0216
36217,0.99608
36218,0.97647
36219,0.97059
36220,0.95686
36221,0.96078
36222,0.95686
36223,0.95098
36224,0.95686
36225,0.96078
36226,0.96667
36227,0.97059
36228,0.96667
36229,0.96667
36230,0.97059
36231,0.97059
36232,0.97059
36233,0.96667
36234,0.96667
36235,0.96078
36236,0.96078
36237,0.96078
36238,0.95686
36239,0.95686
36240,0.95686
36241,0.95686
36242,0.95686
36243,0.95686
36244,0.95686
36245,0.96078
36246,0.97059
36247,0.99216
36248,1.002
36249,1.002
36250,1.002
36251,0.98627
36252,0.98235
36253,0.97059
36254,0.95098
36255,0.93725
36256,0.92157
36257,0.91176
36258,0.91176
36259,0.91569
36260,0.90588
36261,0.91569
36262,0.99608
36263,1.0471
36264,0.36471
36265,-0.49804
36266,-0.50196
36267,-0.50196
36268,-0.50196
36269,-0.50196
36270,-0.50196
36271,-0.25294
36272,0.14902
36273,0.55098
36274,0.82157
36275,0.97647
36276,1.1922
36277,1.2882
36278,1.302
36279,1.3118
36280,1.3275
36281,1.3216
36282,1.3373
36283,1.3333
36284,1.3471
36285,1.3373
36286,1.3667
36287,1.3529
36288,1.3824
36289,1.4118
36290,1.4471
36291,1.4882
36292,1.5039
36293,1.5039
36294,1.5039
36295,1.5039
36296,1.5039
36297,1.5039
36298,1.5039
36299,1.5039
36300,1.5039
36301,1.5039
36302,1.5039
36303,1.498
36304,1.3569
36305,1.2314
36306,1.1373
36307,1.0608
36308,1.0059
36309,0.97059
36310,0.95098
36311,0.94118
36312,0.92549
36313,0.92549
36314,0.92549
36315,0.91569
36316,0.91176
36317,0.92549
36318,0.92549
36319,0.93137
36320,0.92549
36321,0.93725
36322,0.94706
36323,0.94118
36324,0.94706
36325,0.94118
36326,0.95098
36327,0.95098
36328,0.95098
36329,0.95098
36330,0.95098
36331,0.94706
36332,0.95098
36333,0.95098
36334,0.95098
36335,0.95686
36336,0.96667
36337,0.97647
36338,0.99216
36339,1.002
36340,1.002
36341,0.98235
36342,0.97647
36343,0.97647
36344,0.96667
36345,0.94706
36346,0.93137
36347,0.92157
36348,0.91569
36349,0.91569
36350,0.91569
36351,0.91569
36352,0.95686
36353,1.051
36354,0.76667
36355,-0.072549
36356,-0.50196
36357,-0.50196
36358,-0.50196
36359,-0.50196
36360,-0.50196
36361,-0.45686
36362,-0.082353
36363,0.33529
36364,0.7098
36365,0.92157
36366,1.102
36367,1.2824
36368,1.3373
36369,1.3569
36370,1.3667
36371,1.3725
36372,1.3784
36373,1.3784
36374,1.3784
36375,1.3824
36376,1.398
36377,1.398
36378,1.4118
36379,1.4333
36380,1.4569
36381,1.4922
36382,1.5039
36383,1.5039
36384,1.5039
36385,1.5039
36386,1.5039
36387,1.5039
36388,1.5039
36389,1.5039
36390,1.5039
36391,1.5039
36392,1.5039
36393,1.5039
36394,1.4373
36395,1.3118
36396,1.2078
36397,1.1216
36398,1.0667
36399,1.0157
36400,0.98627
36401,0.96667
36402,0.95686
36403,0.95098
36404,0.95098
36405,0.95098
36406,0.95098
36407,0.95098
36408,0.95098
36409,0.94706
36410,0.95686
36411,0.96078
36412,0.96078
36413,0.96078
36414,0.95686
36415,0.96078
36416,0.95686
36417,0.95686
36418,0.95686
36419,0.95686
36420,0.95686
36421,0.95686
36422,0.95098
36423,0.95098
36424,0.95098
36425,0.95098
36426,0.95686
36427,0.95098
36428,0.95686
36429,0.96078
36430,0.96667
36431,0.98235
36432,1.002
36433,0.99608
36434,1.002
36435,0.97647
36436,0.98235
36437,0.97059
36438,0.95098
36439,0.93137
36440,0.91569
36441,0.90588
36442,0.91176
36443,0.90588
36444,0.90588
36445,0.92549
36446,1.0059
36447,1.0373
36448,0.23333
36449,-0.50196
36450,-0.50196
36451,-0.50196
36452,-0.50196
36453,-0.50196
36454,-0.50196
36455,-0.21765
36456,0.18431
36457,0.5902
36458,0.85098
36459,1.0216
36460,1.2176
36461,1.302
36462,1.3275
36463,1.3373
36464,1.3471
36465,1.3529
36466,1.3529
36467,1.3529
36468,1.3569
36469,1.3627
36470,1.3784
36471,1.3882
36472,1.398
36473,1.4235
36474,1.4529
36475,1.4922
36476,1.5039
36477,1.5039
36478,1.5039
36479,1.5039
36480,1.5039
36481,1.5039
36482,1.5039
36483,1.5039
36484,1.5039
36485,1.5039
36486,1.5039
36487,1.4824
36488,1.3569
36489,1.2431
36490,1.151
36491,1.0824
36492,1.0314
36493,0.99608
36494,0.97647
36495,0.96667
36496,0.96078
36497,0.95098
36498,0.95098
36499,0.95098
36500,0.95098
36501,0.95098
36502,0.95686
36503,0.95686
36504,0.95686
36505,0.95686
36506,0.96078
36507,0.96078
36508,0.96078
36509,0.96078
36510,0.96078
36511,0.96078
36512,0.95686
36513,0.95686
36514,0.95686
36515,0.95686
36516,0.95686
36517,0.95686
36518,0.95098
36519,0.95686
36520,0.95686
36521,0.96078
36522,0.96667
36523,0.98235
36524,1.002
36525,1.002
36526,1.002
36527,0.97647
36528,0.98235
36529,0.97647
36530,0.95686
36531,0.93137
36532,0.92157
36533,0.91176
36534,0.91176
36535,0.90588
36536,0.91176
36537,0.92157
36538,0.97059
36539,1.0314
36540,0.52941
36541,-0.30196
36542,-0.50196
36543,-0.50196
36544,-0.50196
36545,-0.50196
36546,-0.50196
36547,-0.33333
36548,0.039216
36549,0.44902
36550,0.77647
36551,0.95686
36552,1.1412
36553,1.2765
36554,1.3078
36555,1.3176
36556,1.3275
36557,1.3373
36558,1.3529
36559,1.3431
36560,1.3373
36561,1.3627
36562,1.3725
36563,1.3784
36564,1.3725
36565,1.3922
36566,1.4471
36567,1.4627
36568,1.5039
36569,1.5039
36570,1.5039
36571,1.5039
36572,1.5039
36573,1.5039
36574,1.5039
36575,1.5039
36576,1.5039
36577,1.5039
36578,1.5039
36579,1.5039
36580,1.3725
36581,1.2529
36582,1.1667
36583,1.0863
36584,1.0216
36585,0.98235
36586,0.95098
36587,0.94118
36588,0.93725
36589,0.94118
36590,0.92157
36591,0.91569
36592,0.92549
36593,0.91176
36594,0.93137
36595,0.90588
36596,0.92549
36597,0.93137
36598,0.92549
36599,0.92549
36600,0.91569
36601,0.92549
36602,0.92549
36603,0.93137
36604,0.92549
36605,0.93137
36606,0.92549
36607,0.92549
36608,0.93137
36609,0.92549
36610,0.92549
36611,0.92157
36612,0.92549
36613,0.94118
36614,0.95098
36615,0.97647
36616,0.98235
36617,0.97647
36618,0.96078
36619,0.95098
36620,0.95686
36621,0.93725
36622,0.92549
36623,0.91176
36624,0.89608
36625,0.8902
36626,0.90196
36627,0.89608
36628,0.90588
36629,0.94706
36630,1.0471
36631,0.7549
36632,-0.10196
36633,-0.50196
36634,-0.50196
36635,-0.50196
36636,-0.50196
36637,-0.50196
36638,-0.44706
36639,-0.056863
36640,0.3549
36641,0.73137
36642,0.93725
36643,1.1216
36644,1.2922
36645,1.3471
36646,1.3725
36647,1.3784
36648,1.3824
36649,1.3882
36650,1.3922
36651,1.398
36652,1.398
36653,1.402
36654,1.4118
36655,1.4275
36656,1.4471
36657,1.4686
36658,1.5039
36659,1.5039
36660,1.5039
36661,1.5039
36662,1.5039
36663,1.5039
36664,1.5039
36665,1.5039
36666,1.5039
36667,1.5039
36668,1.5039
36669,1.5039
36670,1.5039
36671,1.4471
36672,1.3176
36673,1.2176
36674,1.1314
36675,1.0765
36676,1.0314
36677,1.002
36678,0.98235
36679,0.97059
36680,0.97059
36681,0.96667
36682,0.96667
36683,0.96667
36684,0.97059
36685,0.96078
36686,0.96667
36687,0.96078
36688,0.96667
36689,0.96667
36690,0.96667
36691,0.96667
36692,0.96667
36693,0.96078
36694,0.96078
36695,0.96667
36696,0.96078
36697,0.95686
36698,0.95686
36699,0.95686
36700,0.95098
36701,0.95098
36702,0.95098
36703,0.95098
36704,0.95098
36705,0.95098
36706,0.95686
36707,0.96667
36708,0.97059
36709,0.99608
36710,1.002
36711,1.002
36712,0.99216
36713,0.98235
36714,0.98627
36715,0.97059
36716,0.94706
36717,0.92549
36718,0.91176
36719,0.90588
36720,0.91176
36721,0.90588
36722,0.91176
36723,0.94706
36724,1.0314
36725,0.7902
36726,0.0039216
36727,-0.50196
36728,-0.50196
36729,-0.50196
36730,-0.50196
36731,-0.50196
36732,-0.44706
36733,-0.096078
36734,0.31373
36735,0.6902
36736,0.90588
36737,1.0863
36738,1.2667
36739,1.3216
36740,1.3333
36741,1.3431
36742,1.3529
36743,1.3529
36744,1.3569
36745,1.3569
36746,1.3569
36747,1.3667
36748,1.3784
36749,1.3882
36750,1.398
36751,1.4235
36752,1.4569
36753,1.498
36754,1.5039
36755,1.5039
36756,1.5039
36757,1.5039
36758,1.5039
36759,1.5039
36760,1.5039
36761,1.5039
36762,1.5039
36763,1.5039
36764,1.5039
36765,1.4471
36766,1.3216
36767,1.2176
36768,1.1314
36769,1.0667
36770,1.0157
36771,0.98627
36772,0.97059
36773,0.96078
36774,0.95686
36775,0.95686
36776,0.95098
36777,0.95098
36778,0.95098
36779,0.95098
36780,0.95098
36781,0.95098
36782,0.95686
36783,0.95686
36784,0.96078
36785,0.96078
36786,0.96078
36787,0.96078
36788,0.96667
36789,0.96078
36790,0.96078
36791,0.95686
36792,0.96078
36793,0.95098
36794,0.95686
36795,0.95098
36796,0.95098
36797,0.95098
36798,0.95686
36799,0.96078
36800,0.96667
36801,0.98627
36802,1.0059
36803,1.002
36804,0.99608
36805,0.98235
36806,0.98235
36807,0.97647
36808,0.95098
36809,0.93725
36810,0.92157
36811,0.91176
36812,0.90588
36813,0.91176
36814,0.90588
36815,0.93137
36816,0.98627
36817,1.0373
36818,0.3902
36819,-0.45686
36820,-0.50196
36821,-0.50196
36822,-0.50196
36823,-0.50196
36824,-0.50196
36825,-0.27255
36826,0.11961
36827,0.52549
36828,0.81176
36829,0.99608
36830,1.1863
36831,1.2922
36832,1.3176
36833,1.3275
36834,1.3431
36835,1.3431
36836,1.3529
36837,1.3431
36838,1.3373
36839,1.3725
36840,1.3627
36841,1.3784
36842,1.3882
36843,1.402
36844,1.4373
36845,1.4725
36846,1.5039
36847,1.5039
36848,1.5039
36849,1.5039
36850,1.5039
36851,1.5039
36852,1.5039
36853,1.5039
36854,1.5039
36855,1.5039
36856,1.5039
36857,1.4882
36858,1.3627
36859,1.2471
36860,1.1471
36861,1.0725
36862,1.0118
36863,0.98235
36864,0.95098
36865,0.93137
36866,0.94118
36867,0.92549
36868,0.92157
36869,0.93137
36870,0.92549
36871,0.93137
36872,0.92157
36873,0.93137
36874,0.91176
36875,0.93137
36876,0.94118
36877,0.93137
36878,0.93725
36879,0.93137
36880,0.93725
36881,0.92549
36882,0.92549
36883,0.92549
36884,0.93137
36885,0.92549
36886,0.93137
36887,0.93137
36888,0.93137
36889,0.93725
36890,0.94118
36891,0.93725
36892,0.97647
36893,0.98627
36894,0.98235
36895,0.99216
36896,0.97059
36897,0.97647
36898,0.96078
36899,0.94118
36900,0.91569
36901,0.90588
36902,0.90588
36903,0.91176
36904,0.90588
36905,0.91176
36906,0.93725
36907,1.0157
36908,1.0569
36909,0.21961
36910,-0.50196
36911,-0.50196
36912,-0.50196
36913,-0.50196
36914,-0.50196
36915,-0.50196
36916,-0.18627
36917,0.21961
36918,0.61961
36919,0.88039
36920,1.0608
36921,1.2569
36922,1.3529
36923,1.3725
36924,1.3824
36925,1.3922
36926,1.398
36927,1.3922
36928,1.398
36929,1.398
36930,1.402
36931,1.4118
36932,1.4235
36933,1.4373
36934,1.4627
36935,1.4922
36936,1.5039
36937,1.5039
36938,1.5039
36939,1.5039
36940,1.5039
36941,1.5039
36942,1.5039
36943,1.5039
36944,1.5039
36945,1.5039
36946,1.5039
36947,1.5039
36948,1.498
36949,1.3667
36950,1.2471
36951,1.1569
36952,1.0922
36953,1.0471
36954,1.0118
36955,0.98627
36956,0.97647
36957,0.97059
36958,0.96667
36959,0.96667
36960,0.96078
36961,0.96667
36962,0.96667
36963,0.96667
36964,0.96078
36965,0.97059
36966,0.96667
36967,0.97059
36968,0.96667
36969,0.97059
36970,0.96078
36971,0.96667
36972,0.95686
36973,0.95098
36974,0.96078
36975,0.95686
36976,0.95686
36977,0.95098
36978,0.95098
36979,0.95098
36980,0.95098
36981,0.95098
36982,0.95098
36983,0.95686
36984,0.96078
36985,0.97059
36986,0.99608
36987,1.002
36988,1.002
36989,0.99216
36990,0.97647
36991,0.98235
36992,0.96667
36993,0.94706
36994,0.92549
36995,0.91176
36996,0.90588
36997,0.90196
36998,0.90588
36999,0.90588
37000,0.93725
37001,1.0118
37002,1.0275
37003,0.13333
37004,-0.50196
37005,-0.50196
37006,-0.50196
37007,-0.50196
37008,-0.50196
37009,-0.50196
37010,-0.16667
37011,0.23333
37012,0.62549
37013,0.87059
37014,1.0471
37015,1.2314
37016,1.3078
37017,1.3275
37018,1.3373
37019,1.3471
37020,1.3529
37021,1.3529
37022,1.3529
37023,1.3529
37024,1.3627
37025,1.3725
37026,1.3784
37027,1.398
37028,1.4235
37029,1.4529
37030,1.498
37031,1.5039
37032,1.5039
37033,1.5039
37034,1.5039
37035,1.5039
37036,1.5039
37037,1.5039
37038,1.5039
37039,1.5039
37040,1.5039
37041,1.5039
37042,1.4686
37043,1.3373
37044,1.2275
37045,1.1373
37046,1.0765
37047,1.0275
37048,0.99216
37049,0.97059
37050,0.96078
37051,0.95098
37052,0.95098
37053,0.95686
37054,0.95098
37055,0.95098
37056,0.95098
37057,0.95098
37058,0.95686
37059,0.95686
37060,0.95686
37061,0.96078
37062,0.95686
37063,0.96078
37064,0.96078
37065,0.95686
37066,0.95686
37067,0.95686
37068,0.95686
37069,0.96078
37070,0.95686
37071,0.95686
37072,0.95686
37073,0.95098
37074,0.95098
37075,0.95686
37076,0.96667
37077,0.98235
37078,1.002
37079,1.002
37080,1.002
37081,0.99216
37082,0.98235
37083,0.98627
37084,0.96667
37085,0.94706
37086,0.93137
37087,0.91569
37088,0.91176
37089,0.90588
37090,0.91176
37091,0.91176
37092,0.94706
37093,1.0373
37094,0.78627
37095,0.0039216
37096,-0.50196
37097,-0.50196
37098,-0.50196
37099,-0.50196
37100,-0.50196
37101,-0.44314
37102,-0.096078
37103,0.30392
37104,0.68039
37105,0.90196
37106,1.0765
37107,1.2569
37108,1.3176
37109,1.3333
37110,1.3431
37111,1.3471
37112,1.3529
37113,1.3569
37114,1.3627
37115,1.3667
37116,1.3725
37117,1.3784
37118,1.3922
37119,1.4176
37120,1.4333
37121,1.4627
37122,1.5039
37123,1.5039
37124,1.5039
37125,1.5039
37126,1.5039
37127,1.5039
37128,1.5039
37129,1.5039
37130,1.5039
37131,1.5039
37132,1.5039
37133,1.5039
37134,1.4431
37135,1.3118
37136,1.2118
37137,1.1176
37138,1.0471
37139,1.0157
37140,0.98627
37141,0.97059
37142,0.93725
37143,0.95098
37144,0.93725
37145,0.94118
37146,0.94706
37147,0.92549
37148,0.94118
37149,0.92549
37150,0.93725
37151,0.92549
37152,0.94118
37153,0.93725
37154,0.94706
37155,0.93137
37156,0.92549
37157,0.93725
37158,0.92549
37159,0.94118
37160,0.92157
37161,0.93137
37162,0.91569
37163,0.94118
37164,0.93137
37165,0.91569
37166,0.93137
37167,0.92549
37168,0.93137
37169,0.96667
37170,0.97647
37171,0.96667
37172,0.97647
37173,0.95098
37174,0.96078
37175,0.96667
37176,0.93725
37177,0.91569
37178,0.90196
37179,0.89608
37180,0.8902
37181,0.8902
37182,0.89608
37183,0.90196
37184,0.96078
37185,1.0412
37186,0.52941
37187,-0.40784
37188,-0.50196
37189,-0.50196
37190,-0.50196
37191,-0.50196
37192,-0.50196
37193,-0.33333
37194,0.07451
37195,0.48039
37196,0.8
37197,0.99216
37198,1.1863
37199,1.3176
37200,1.3627
37201,1.3784
37202,1.3824
37203,1.3922
37204,1.3922
37205,1.398
37206,1.402
37207,1.4118
37208,1.4176
37209,1.4275
37210,1.4431
37211,1.4627
37212,1.4882
37213,1.5039
37214,1.5039
37215,1.5039
37216,1.5039
37217,1.5039
37218,1.5039
37219,1.5039
37220,1.5039
37221,1.5039
37222,1.5039
37223,1.5039
37224,1.5039
37225,1.5039
37226,1.4118
37227,1.2922
37228,1.1961
37229,1.1176
37230,1.0569
37231,1.0216
37232,0.99608
37233,0.97647
37234,0.97059
37235,0.96667
37236,0.96667
37237,0.96078
37238,0.96667
37239,0.97059
37240,0.97059
37241,0.97059
37242,0.97647
37243,0.97647
37244,0.97647
37245,0.97647
37246,0.97647
37247,0.97647
37248,0.97647
37249,0.97647
37250,0.97059
37251,0.97647
37252,0.97059
37253,0.96667
37254,0.96667
37255,0.96667
37256,0.97059
37257,0.96667
37258,0.96078
37259,0.96667
37260,0.96078
37261,0.97059
37262,0.96667
37263,0.97647
37264,0.98627
37265,1.002
37266,1.002
37267,0.99608
37268,0.98235
37269,0.98627
37270,0.99216
37271,0.96078
37272,0.94118
37273,0.92549
37274,0.91569
37275,0.91176
37276,0.91569
37277,0.91176
37278,0.93137
37279,1.0059
37280,1.0373
37281,0.23333
37282,-0.50196
37283,-0.50196
37284,-0.50196
37285,-0.50196
37286,-0.50196
37287,-0.50196
37288,-0.21176
37289,0.18431
37290,0.5902
37291,0.8451
37292,1.0275
37293,1.2216
37294,1.3078
37295,1.3275
37296,1.3431
37297,1.3529
37298,1.3529
37299,1.3529
37300,1.3569
37301,1.3627
37302,1.3667
37303,1.3784
37304,1.3824
37305,1.402
37306,1.4235
37307,1.4529
37308,1.4922
37309,1.5039
37310,1.5039
37311,1.5039
37312,1.5039
37313,1.5039
37314,1.5039
37315,1.5039
37316,1.5039
37317,1.5039
37318,1.5039
37319,1.5039
37320,1.498
37321,1.3667
37322,1.2569
37323,1.1627
37324,1.0863
37325,1.0412
37326,1.0059
37327,0.98235
37328,0.97059
37329,0.96078
37330,0.95686
37331,0.95098
37332,0.95686
37333,0.95098
37334,0.95098
37335,0.95686
37336,0.96078
37337,0.96667
37338,0.96667
37339,0.97059
37340,0.97059
37341,0.97059
37342,0.97059
37343,0.96667
37344,0.96667
37345,0.96078
37346,0.96078
37347,0.95686
37348,0.95686
37349,0.96078
37350,0.96078
37351,0.95686
37352,0.95686
37353,0.96667
37354,0.96667
37355,0.97647
37356,0.99216
37357,1.0059
37358,1.002
37359,1.002
37360,0.99216
37361,0.99608
37362,0.98235
37363,0.96667
37364,0.94706
37365,0.93137
37366,0.92157
37367,0.92157
37368,0.92157
37369,0.92157
37370,0.93137
37371,0.99216
37372,1.0412
37373,0.43922
37374,-0.40196
37375,-0.50196
37376,-0.50196
37377,-0.50196
37378,-0.50196
37379,-0.50196
37380,-0.29216
37381,0.094118
37382,0.5
37383,0.81176
37384,0.99216
37385,1.1765
37386,1.302
37387,1.3275
37388,1.3431
37389,1.3471
37390,1.3529
37391,1.3569
37392,1.3627
37393,1.3627
37394,1.3784
37395,1.3784
37396,1.3882
37397,1.398
37398,1.4176
37399,1.4471
37400,1.4882
37401,1.5039
37402,1.5039
37403,1.5039
37404,1.5039
37405,1.5039
37406,1.5039
37407,1.5039
37408,1.5039
37409,1.5039
37410,1.5039
37411,1.5039
37412,1.5039
37413,1.3882
37414,1.2725
37415,1.1725
37416,1.0922
37417,1.0569
37418,1.0059
37419,0.98235
37420,0.96078
37421,0.95098
37422,0.93725
37423,0.94118
37424,0.95098
37425,0.93725
37426,0.94706
37427,0.93137
37428,0.94118
37429,0.94706
37430,0.92549
37431,0.93137
37432,0.95098
37433,0.93725
37434,0.95098
37435,0.92549
37436,0.93137
37437,0.94118
37438,0.92549
37439,0.93725
37440,0.92549
37441,0.92157
37442,0.91176
37443,0.92549
37444,0.93725
37445,0.92549
37446,0.92549
37447,0.96078
37448,0.97059
37449,0.95098
37450,0.97059
37451,0.95098
37452,0.96078
37453,0.95098
37454,0.94118
37455,0.92157
37456,0.90588
37457,0.8902
37458,0.88039
37459,0.89608
37460,0.8902
37461,0.90588
37462,0.95686
37463,1.051
37464,0.61961
37465,-0.30196
37466,-0.50196
37467,-0.50196
37468,-0.50196
37469,-0.50196
37470,-0.50196
37471,-0.38235
37472,0.023529
37473,0.42941
37474,0.78039
37475,0.97059
37476,1.1627
37477,1.3118
37478,1.3569
37479,1.3784
37480,1.3824
37481,1.3824
37482,1.3922
37483,1.398
37484,1.398
37485,1.398
37486,1.402
37487,1.4118
37488,1.4275
37489,1.4471
37490,1.4784
37491,1.5039
37492,1.5039
37493,1.5039
37494,1.5039
37495,1.5039
37496,1.5039
37497,1.5039
37498,1.5039
37499,1.5039
37500,1.5039
37501,1.5039
37502,1.5039
37503,1.5039
37504,1.4373
37505,1.3118
37506,1.2078
37507,1.1314
37508,1.0725
37509,1.0275
37510,1.002
37511,0.98235
37512,0.97647
37513,0.97647
37514,0.97059
37515,0.97059
37516,0.97059
37517,0.97647
37518,0.97647
37519,0.97647
37520,0.97647
37521,0.97647
37522,0.97647
37523,0.97647
37524,0.97647
37525,0.97647
37526,0.97647
37527,0.97059
37528,0.97647
37529,0.97059
37530,0.97059
37531,0.97059
37532,0.97059
37533,0.96667
37534,0.97059
37535,0.96078
37536,0.97059
37537,0.96667
37538,0.97059
37539,0.97647
37540,0.97647
37541,0.98235
37542,1.002
37543,1.0118
37544,1.0059
37545,1.0118
37546,0.98627
37547,0.98627
37548,0.97647
37549,0.95098
37550,0.93725
37551,0.92549
37552,0.92157
37553,0.91176
37554,0.91569
37555,0.92157
37556,0.93725
37557,1.0118
37558,1.0412
37559,0.2549
37560,-0.50196
37561,-0.50196
37562,-0.50196
37563,-0.50196
37564,-0.50196
37565,-0.50196
37566,-0.20196
37567,0.18824
37568,0.5902
37569,0.85686
37570,1.0373
37571,1.2275
37572,1.3176
37573,1.3373
37574,1.3529
37575,1.3529
37576,1.3569
37577,1.3569
37578,1.3667
37579,1.3667
37580,1.3784
37581,1.3784
37582,1.398
37583,1.402
37584,1.4275
37585,1.4529
37586,1.498
37587,1.5039
37588,1.5039
37589,1.5039
37590,1.5039
37591,1.5039
37592,1.5039
37593,1.5039
37594,1.5039
37595,1.5039
37596,1.5039
37597,1.5039
37598,1.5039
37599,1.3784
37600,1.2627
37601,1.1725
37602,1.0961
37603,1.0412
37604,1.0059
37605,0.98627
37606,0.97059
37607,0.96667
37608,0.96078
37609,0.95686
37610,0.95686
37611,0.95686
37612,0.95686
37613,0.96078
37614,0.96667
37615,0.97647
37616,0.97059
37617,0.97059
37618,0.97647
37619,0.97647
37620,0.97059
37621,0.96667
37622,0.97059
37623,0.96078
37624,0.96667
37625,0.96078
37626,0.96078
37627,0.95686
37628,0.96078
37629,0.95686
37630,0.96667
37631,0.96667
37632,0.97647
37633,0.98627
37634,1.0059
37635,1.0118
37636,1.0059
37637,0.98627
37638,0.98627
37639,0.99216
37640,0.96667
37641,0.94706
37642,0.92549
37643,0.92157
37644,0.91569
37645,0.91176
37646,0.91176
37647,0.91569
37648,0.96667
37649,1.0412
37650,0.59608
37651,-0.22745
37652,-0.50196
37653,-0.50196
37654,-0.50196
37655,-0.50196
37656,-0.50196
37657,-0.35686
37658,0.0078431
37659,0.41961
37660,0.7549
37661,0.95098
37662,1.1314
37663,1.2824
37664,1.3216
37665,1.3373
37666,1.3471
37667,1.3529
37668,1.3569
37669,1.3569
37670,1.3569
37671,1.3725
37672,1.3725
37673,1.3824
37674,1.3922
37675,1.4176
37676,1.4431
37677,1.4784
37678,1.5039
37679,1.5039
37680,1.5039
37681,1.5039
37682,1.5039
37683,1.5039
37684,1.5039
37685,1.5039
37686,1.5039
37687,1.5039
37688,1.5039
37689,1.5039
37690,1.4078
37691,1.2882
37692,1.1922
37693,1.1118
37694,1.051
37695,1.0118
37696,0.98627
37697,0.96667
37698,0.95098
37699,0.95686
37700,0.95098
37701,0.95686
37702,0.96078
37703,0.95098
37704,0.95686
37705,0.95098
37706,0.96667
37707,0.95098
37708,0.96667
37709,0.95098
37710,0.95686
37711,0.93725
37712,0.95686
37713,0.95098
37714,0.93137
37715,0.95098
37716,0.93725
37717,0.93137
37718,0.92549
37719,0.94118
37720,0.92549
37721,0.92549
37722,0.93137
37723,0.92549
37724,0.94118
37725,0.96078
37726,0.97647
37727,0.97647
37728,0.96667
37729,0.94118
37730,0.95098
37731,0.93725
37732,0.92549
37733,0.90196
37734,0.88627
37735,0.8902
37736,0.87647
37737,0.88627
37738,0.88039
37739,0.89608
37740,0.97647
37741,1.0373
37742,0.30392
37743,-0.50196
37744,-0.50196
37745,-0.50196
37746,-0.50196
37747,-0.50196
37748,-0.50196
37749,-0.25294
37750,0.17451
37751,0.56471
37752,0.84118
37753,1.0314
37754,1.2275
37755,1.3216
37756,1.3529
37757,1.3569
37758,1.3725
37759,1.3784
37760,1.3784
37761,1.3784
37762,1.3784
37763,1.3882
37764,1.398
37765,1.402
37766,1.4235
37767,1.4471
37768,1.4784
37769,1.5039
37770,1.5039
37771,1.5039
37772,1.5039
37773,1.5039
37774,1.5039
37775,1.5039
37776,1.5039
37777,1.5039
37778,1.5039
37779,1.5039
37780,1.5039
37781,1.5039
37782,1.3784
37783,1.2569
37784,1.1667
37785,1.0961
37786,1.0412
37787,1.0059
37788,0.98627
37789,0.97647
37790,0.96667
37791,0.96078
37792,0.96078
37793,0.96078
37794,0.97059
37795,0.97647
37796,0.97647
37797,0.97647
37798,0.97059
37799,0.97647
37800,0.97647
37801,0.97647
37802,0.97647
37803,0.97059
37804,0.96667
37805,0.96667
37806,0.96078
37807,0.96078
37808,0.95686
37809,0.95098
37810,0.95098
37811,0.95098
37812,0.95098
37813,0.95686
37814,0.95098
37815,0.95686
37816,0.95686
37817,0.96667
37818,0.96667
37819,0.98627
37820,1.002
37821,1.002
37822,1.002
37823,0.98235
37824,0.98627
37825,0.99216
37826,0.95686
37827,0.93725
37828,0.92549
37829,0.91569
37830,0.90588
37831,0.90588
37832,0.90588
37833,0.92157
37834,0.98235
37835,1.0314
37836,0.44902
37837,-0.39804
37838,-0.50196
37839,-0.50196
37840,-0.50196
37841,-0.50196
37842,-0.50196
37843,-0.31765
37844,0.07451
37845,0.48039
37846,0.79608
37847,0.97647
37848,1.1667
37849,1.298
37850,1.3275
37851,1.3471
37852,1.3471
37853,1.3529
37854,1.3569
37855,1.3627
37856,1.3627
37857,1.3667
37858,1.3725
37859,1.3824
37860,1.3922
37861,1.4176
37862,1.4431
37863,1.4824
37864,1.5039
37865,1.5039
37866,1.5039
37867,1.5039
37868,1.5039
37869,1.5039
37870,1.5039
37871,1.5039
37872,1.5039
37873,1.5039
37874,1.5039
37875,1.5039
37876,1.3922
37877,1.2765
37878,1.1765
37879,1.102
37880,1.0471
37881,1.0059
37882,0.98235
37883,0.97059
37884,0.96078
37885,0.95098
37886,0.95098
37887,0.95098
37888,0.95098
37889,0.95098
37890,0.95686
37891,0.95098
37892,0.95686
37893,0.96078
37894,0.96078
37895,0.95686
37896,0.96667
37897,0.96667
37898,0.96078
37899,0.96078
37900,0.96078
37901,0.96078
37902,0.95098
37903,0.95098
37904,0.95686
37905,0.95686
37906,0.95686
37907,0.95686
37908,0.96078
37909,0.97059
37910,0.98235
37911,1.002
37912,1.0059
37913,1.0059
37914,0.99608
37915,0.99216
37916,0.99216
37917,0.97059
37918,0.94706
37919,0.93137
37920,0.91176
37921,0.91176
37922,0.91176
37923,0.91176
37924,0.91569
37925,0.95686
37926,1.0412
37927,0.76078
37928,-0.031373
37929,-0.50196
37930,-0.50196
37931,-0.50196
37932,-0.50196
37933,-0.50196
37934,-0.42745
37935,-0.082353
37936,0.32353
37937,0.7
37938,0.91176
37939,1.0922
37940,1.2667
37941,1.3176
37942,1.3373
37943,1.3471
37944,1.3529
37945,1.3529
37946,1.3569
37947,1.3667
37948,1.3725
37949,1.3784
37950,1.3824
37951,1.398
37952,1.4176
37953,1.4373
37954,1.4686
37955,1.5039
37956,1.5039
37957,1.5039
37958,1.5039
37959,1.5039
37960,1.5039
37961,1.5039
37962,1.5039
37963,1.5039
37964,1.5039
37965,1.5039
37966,1.5039
37967,1.4373
37968,1.3118
37969,1.2118
37970,1.1314
37971,1.0725
37972,1.0275
37973,0.99608
37974,0.97647
37975,0.96667
37976,0.95686
37977,0.95686
37978,0.95686
37979,0.95686
37980,0.95686
37981,0.96667
37982,0.96078
37983,0.96078
37984,0.95686
37985,0.96078
37986,0.96667
37987,0.97059
37988,0.96667
37989,0.96078
37990,0.97059
37991,0.96667
37992,0.96667
37993,0.96078
37994,0.96078
37995,0.96078
37996,0.96078
37997,0.95686
37998,0.96078
37999,0.96667
38000,0.97059
38001,0.97647
38002,0.99216
38003,1.0059
38004,1.0059
38005,1.0118
38006,0.99216
38007,0.99608
38008,0.99216
38009,0.97059
38010,0.95098
38011,0.92549
38012,0.92157
38013,0.92549
38014,0.90588
38015,0.92157
38016,0.92549
38017,0.97647
38018,1.0471
38019,0.6451
38020,-0.18235
38021,-0.50196
38022,-0.50196
38023,-0.50196
38024,-0.50196
38025,-0.50196
38026,-0.37843
38027,0.017647
38028,0.40392
38029,0.75098
38030,0.95098
38031,1.102
38032,1.2667
38033,1.3176
38034,1.3216
38035,1.3333
38036,1.3471
38037,1.3373
38038,1.3529
38039,1.3431
38040,1.3569
38041,1.3627
38042,1.3784
38043,1.3922
38044,1.3922
38045,1.4333
38046,1.4824
38047,1.5039
38048,1.5039
38049,1.5039
38050,1.5039
38051,1.5039
38052,1.5039
38053,1.5039
38054,1.5039
38055,1.5039
38056,1.5039
38057,1.5039
38058,1.5039
38059,1.398
38060,1.2627
38061,1.1667
38062,1.0824
38063,1.0275
38064,0.98235
38065,0.95098
38066,0.94118
38067,0.92549
38068,0.92549
38069,0.92549
38070,0.92157
38071,0.93137
38072,0.93725
38073,0.94706
38074,0.93137
38075,0.94118
38076,0.94706
38077,0.95098
38078,0.95098
38079,0.94706
38080,0.94706
38081,0.94118
38082,0.95098
38083,0.94706
38084,0.95098
38085,0.94706
38086,0.95098
38087,0.95098
38088,0.95686
38089,0.95686
38090,0.96078
38091,0.96667
38092,0.98627
38093,1.002
38094,1.0059
38095,1.002
38096,0.99216
38097,0.98627
38098,0.97647
38099,0.96078
38100,0.94706
38101,0.92549
38102,0.92157
38103,0.92549
38104,0.92157
38105,0.92549
38106,0.92157
38107,0.99216
38108,1.0471
38109,0.50588
38110,-0.38824
38111,-0.50196
38112,-0.50196
38113,-0.50196
38114,-0.50196
38115,-0.50196
38116,-0.31765
38117,0.078431
38118,0.4902
38119,0.81176
38120,0.99608
38121,1.1824
38122,1.3176
38123,1.3529
38124,1.3725
38125,1.3784
38126,1.3784
38127,1.3784
38128,1.3824
38129,1.3882
38130,1.398
38131,1.398
38132,1.4118
38133,1.4235
38134,1.4471
38135,1.4725
38136,1.5039
38137,1.5039
38138,1.5039
38139,1.5039
38140,1.5039
38141,1.5039
38142,1.5039
38143,1.5039
38144,1.5039
38145,1.5039
38146,1.5039
38147,1.5039
38148,1.5039
38149,1.3882
38150,1.2667
38151,1.1725
38152,1.102
38153,1.0471
38154,1.002
38155,0.98235
38156,0.96667
38157,0.95686
38158,0.95098
38159,0.95686
38160,0.95686
38161,0.95686
38162,0.95686
38163,0.95686
38164,0.95686
38165,0.95686
38166,0.95686
38167,0.96667
38168,0.96667
38169,0.96667
38170,0.96078
38171,0.95686
38172,0.95098
38173,0.96078
38174,0.95686
38175,0.95098
38176,0.95686
38177,0.95686
38178,0.95686
38179,0.95686
38180,0.95686
38181,0.95098
38182,0.96667
38183,0.96667
38184,0.97647
38185,0.99608
38186,1.0059
38187,1.002
38188,0.99608
38189,0.98235
38190,0.98627
38191,0.97059
38192,0.95098
38193,0.92549
38194,0.91569
38195,0.92157
38196,0.91176
38197,0.90588
38198,0.91569
38199,0.94118
38200,1.0216
38201,1.0373
38202,0.1549
38203,-0.50196
38204,-0.50196
38205,-0.50196
38206,-0.50196
38207,-0.50196
38208,-0.50196
38209,-0.16667
38210,0.23333
38211,0.62549
38212,0.87059
38213,1.0471
38214,1.2314
38215,1.3118
38216,1.3275
38217,1.3471
38218,1.3529
38219,1.3529
38220,1.3529
38221,1.3569
38222,1.3627
38223,1.3725
38224,1.3784
38225,1.3922
38226,1.402
38227,1.4333
38228,1.4627
38229,1.502
38230,1.5039
38231,1.5039
38232,1.5039
38233,1.5039
38234,1.5039
38235,1.5039
38236,1.5039
38237,1.5039
38238,1.5039
38239,1.5039
38240,1.5039
38241,1.4725
38242,1.3431
38243,1.2275
38244,1.151
38245,1.0824
38246,1.0314
38247,0.99608
38248,0.97647
38249,0.96667
38250,0.96078
38251,0.95686
38252,0.95686
38253,0.95686
38254,0.95098
38255,0.95686
38256,0.95098
38257,0.96078
38258,0.96078
38259,0.96667
38260,0.96667
38261,0.97059
38262,0.96667
38263,0.97059
38264,0.96078
38265,0.96667
38266,0.95686
38267,0.96078
38268,0.95686
38269,0.95686
38270,0.96078
38271,0.96078
38272,0.96078
38273,0.96078
38274,0.96667
38275,0.97059
38276,0.98235
38277,0.99608
38278,1.0118
38279,1.0059
38280,1.0118
38281,0.98627
38282,0.99216
38283,0.97647
38284,0.95686
38285,0.93725
38286,0.92549
38287,0.91569
38288,0.91569
38289,0.90588
38290,0.91176
38291,0.93725
38292,1.0118
38293,1.051
38294,0.3098
38295,-0.50196
38296,-0.50196
38297,-0.50196
38298,-0.50196
38299,-0.50196
38300,-0.50196
38301,-0.22745
38302,0.1549
38303,0.56078
38304,0.83529
38305,1.0157
38306,1.1961
38307,1.298
38308,1.3275
38309,1.3216
38310,1.3471
38311,1.3333
38312,1.3529
38313,1.3667
38314,1.3569
38315,1.3471
38316,1.3431
38317,1.3725
38318,1.3824
38319,1.4118
38320,1.4431
38321,1.4725
38322,1.5039
38323,1.5039
38324,1.5039
38325,1.5039
38326,1.5039
38327,1.5039
38328,1.5039
38329,1.5039
38330,1.5039
38331,1.5039
38332,1.5039
38333,1.4725
38334,1.3275
38335,1.2118
38336,1.1314
38337,1.0412
38338,1.002
38339,0.97059
38340,0.95686
38341,0.94706
38342,0.93137
38343,0.92549
38344,0.91569
38345,0.92549
38346,0.92549
38347,0.93137
38348,0.92549
38349,0.93137
38350,0.92549
38351,0.93137
38352,0.92549
38353,0.93137
38354,0.92157
38355,0.93137
38356,0.92549
38357,0.92549
38358,0.92549
38359,0.93137
38360,0.92549
38361,0.92549
38362,0.92549
38363,0.92549
38364,0.93137
38365,0.94118
38366,0.94706
38367,0.96078
38368,0.97647
38369,0.97647
38370,0.98235
38371,0.96078
38372,0.97059
38373,0.97647
38374,0.94706
38375,0.93137
38376,0.92157
38377,0.91176
38378,0.91176
38379,0.90588
38380,0.91176
38381,0.92157
38382,0.97059
38383,1.051
38384,0.53529
38385,-0.35294
38386,-0.50196
38387,-0.50196
38388,-0.50196
38389,-0.50196
38390,-0.50196
38391,-0.34314
38392,0.04902
38393,0.4549
38394,0.7902
38395,0.97059
38396,1.1667
38397,1.3118
38398,1.3471
38399,1.3627
38400,1.3627
38401,1.3725
38402,1.3784
38403,1.3784
38404,1.3784
38405,1.3882
38406,1.398
38407,1.4078
38408,1.4176
38409,1.4431
38410,1.4686
38411,1.5039
38412,1.5039
38413,1.5039
38414,1.5039
38415,1.5039
38416,1.5039
38417,1.5039
38418,1.5039
38419,1.5039
38420,1.5039
38421,1.5039
38422,1.5039
38423,1.5039
38424,1.402
38425,1.2882
38426,1.1863
38427,1.1059
38428,1.0569
38429,1.0118
38430,0.99216
38431,0.97647
38432,0.97059
38433,0.95686
38434,0.96078
38435,0.96667
38436,0.96667
38437,0.96078
38438,0.96078
38439,0.96667
38440,0.97059
38441,0.96667
38442,0.96667
38443,0.96667
38444,0.96667
38445,0.95686
38446,0.96667
38447,0.96667
38448,0.96078
38449,0.96078
38450,0.96078
38451,0.95686
38452,0.95686
38453,0.95686
38454,0.95686
38455,0.95098
38456,0.95098
38457,0.95098
38458,0.95686
38459,0.96667
38460,0.97059
38461,1.002
38462,1.002
38463,1.002
38464,0.99216
38465,0.98235
38466,0.98627
38467,0.97059
38468,0.94706
38469,0.92549
38470,0.91176
38471,0.91569
38472,0.91176
38473,0.90588
38474,0.90588
38475,0.94118
38476,1.0275
38477,0.83529
38478,0.062745
38479,-0.50196
38480,-0.50196
38481,-0.50196
38482,-0.50196
38483,-0.50196
38484,-0.47255
38485,-0.12157
38486,0.27843
38487,0.66078
38488,0.88627
38489,1.0667
38490,1.2529
38491,1.3176
38492,1.3333
38493,1.3431
38494,1.3471
38495,1.3471
38496,1.3529
38497,1.3529
38498,1.3627
38499,1.3667
38500,1.3784
38501,1.3882
38502,1.402
38503,1.4275
38504,1.4627
38505,1.5039
38506,1.5039
38507,1.5039
38508,1.5039
38509,1.5039
38510,1.5039
38511,1.5039
38512,1.5039
38513,1.5039
38514,1.5039
38515,1.5039
38516,1.5039
38517,1.4627
38518,1.3333
38519,1.2275
38520,1.1412
38521,1.0765
38522,1.0373
38523,0.99608
38524,0.97647
38525,0.96667
38526,0.96078
38527,0.95686
38528,0.96078
38529,0.95098
38530,0.95686
38531,0.95098
38532,0.95686
38533,0.96078
38534,0.97059
38535,0.97059
38536,0.97059
38537,0.97647
38538,0.97647
38539,0.97647
38540,0.97647
38541,0.97059
38542,0.97059
38543,0.96667
38544,0.96667
38545,0.96078
38546,0.96078
38547,0.96078
38548,0.95686
38549,0.96078
38550,0.95686
38551,0.97647
38552,0.98235
38553,1.002
38554,1.0118
38555,1.0118
38556,1.0157
38557,0.99216
38558,0.99608
38559,0.97647
38560,0.95686
38561,0.94118
38562,0.92549
38563,0.92157
38564,0.91176
38565,0.91569
38566,0.91569
38567,0.93725
38568,1.0059
38569,1.0471
38570,0.3
38571,-0.50196
38572,-0.50196
38573,-0.50196
38574,-0.50196
38575,-0.50196
38576,-0.50196
38577,-0.21765
38578,0.16471
38579,0.57059
38580,0.83137
38581,1.0157
38582,1.2078
38583,1.3078
38584,1.3275
38585,1.3431
38586,1.3529
38587,1.3529
38588,1.3569
38589,1.3569
38590,1.3627
38591,1.3667
38592,1.3784
38593,1.3824
38594,1.398
38595,1.4118
38596,1.4529
38597,1.498
38598,1.5039
38599,1.5039
38600,1.5039
38601,1.5039
38602,1.5039
38603,1.5039
38604,1.5039
38605,1.5039
38606,1.5039
38607,1.5039
38608,1.5039
38609,1.4725
38610,1.3431
38611,1.2431
38612,1.1471
38613,1.0608
38614,1.0157
38615,0.97647
38616,0.95098
38617,0.95686
38618,0.94118
38619,0.92549
38620,0.93725
38621,0.92549
38622,0.92157
38623,0.94118
38624,0.92157
38625,0.92549
38626,0.92549
38627,0.92549
38628,0.92549
38629,0.93725
38630,0.94118
38631,0.91176
38632,0.92157
38633,0.93137
38634,0.92549
38635,0.93137
38636,0.92157
38637,0.91569
38638,0.92549
38639,0.91176
38640,0.91569
38641,0.91176
38642,0.92157
38643,0.92549
38644,0.96078
38645,0.97647
38646,0.96667
38647,0.96078
38648,0.94706
38649,0.95098
38650,0.94706
38651,0.92549
38652,0.91176
38653,0.89608
38654,0.88627
38655,0.88039
38656,0.8902
38657,0.89608
38658,0.91176
38659,0.97647
38660,1.0314
38661,0.39412
38662,-0.50196
38663,-0.50196
38664,-0.50196
38665,-0.50196
38666,-0.50196
38667,-0.50196
38668,-0.28235
38669,0.11961
38670,0.52549
38671,0.82549
38672,1.0059
38673,1.202
38674,1.3176
38675,1.3529
38676,1.3725
38677,1.3725
38678,1.3784
38679,1.3784
38680,1.3882
38681,1.3922
38682,1.398
38683,1.4078
38684,1.4118
38685,1.4275
38686,1.4569
38687,1.4882
38688,1.5039
38689,1.5039
38690,1.5039
38691,1.5039
38692,1.5039
38693,1.5039
38694,1.5039
38695,1.5039
38696,1.5039
38697,1.5039
38698,1.5039
38699,1.5039
38700,1.5039
38701,1.3922
38702,1.2725
38703,1.1824
38704,1.1059
38705,1.051
38706,1.0157
38707,0.99608
38708,0.98235
38709,0.97647
38710,0.96667
38711,0.96667
38712,0.96667
38713,0.96667
38714,0.96078
38715,0.96078
38716,0.97059
38717,0.97647
38718,0.97059
38719,0.97059
38720,0.97647
38721,0.97059
38722,0.97059
38723,0.97647
38724,0.96667
38725,0.96667
38726,0.96078
38727,0.96078
38728,0.96078
38729,0.95686
38730,0.95686
38731,0.95686
38732,0.96078
38733,0.96078
38734,0.96078
38735,0.96078
38736,0.96667
38737,0.96078
38738,0.97647
38739,0.99608
38740,1.002
38741,1.002
38742,0.98627
38743,0.98235
38744,0.98627
38745,0.96667
38746,0.94706
38747,0.92157
38748,0.91569
38749,0.90588
38750,0.90588
38751,0.90588
38752,0.91569
38753,0.95686
38754,1.0373
38755,0.6902
38756,-0.11176
38757,-0.50196
38758,-0.50196
38759,-0.50196
38760,-0.50196
38761,-0.50196
38762,-0.40784
38763,-0.041176
38764,0.35882
38765,0.72549
38766,0.92157
38767,1.1059
38768,1.2667
38769,1.3176
38770,1.3275
38771,1.3431
38772,1.3471
38773,1.3529
38774,1.3529
38775,1.3529
38776,1.3569
38777,1.3667
38778,1.3725
38779,1.3824
38780,1.398
38781,1.4275
38782,1.4686
38783,1.5039
38784,1.5039
38785,1.5039
38786,1.5039
38787,1.5039
38788,1.5039
38789,1.5039
38790,1.5039
38791,1.5039
38792,1.5039
38793,1.5039
38794,1.5039
38795,1.4373
38796,1.3078
38797,1.2078
38798,1.1275
38799,1.0667
38800,1.0157
38801,0.98627
38802,0.97059
38803,0.95686
38804,0.95098
38805,0.95686
38806,0.95098
38807,0.95098
38808,0.94706
38809,0.95098
38810,0.95098
38811,0.95686
38812,0.95686
38813,0.96667
38814,0.96078
38815,0.96667
38816,0.96667
38817,0.96078
38818,0.96078
38819,0.95686
38820,0.96078
38821,0.95686
38822,0.96078
38823,0.95686
38824,0.95098
38825,0.95098
38826,0.95098
38827,0.95098
38828,0.95686
38829,0.96667
38830,0.97647
38831,1.002
38832,1.002
38833,1.002
38834,0.98235
38835,0.97647
38836,0.98627
38837,0.96078
38838,0.94706
38839,0.92549
38840,0.92157
38841,0.91176
38842,0.91569
38843,0.91176
38844,0.91569
38845,0.95686
38846,1.0412
38847,0.71569
38848,-0.076471
38849,-0.50196
38850,-0.50196
38851,-0.50196
38852,-0.50196
38853,-0.50196
38854,-0.41765
38855,-0.060784
38856,0.33922
38857,0.7098
38858,0.91569
38859,1.0961
38860,1.2667
38861,1.3176
38862,1.3333
38863,1.3431
38864,1.3471
38865,1.3529
38866,1.3529
38867,1.3569
38868,1.3627
38869,1.3667
38870,1.3725
38871,1.3882
38872,1.4078
38873,1.4333
38874,1.4627
38875,1.5039
38876,1.5039
38877,1.5039
38878,1.5039
38879,1.5039
38880,1.5039
38881,1.5039
38882,1.5039
38883,1.5039
38884,1.5039
38885,1.5039
38886,1.5039
38887,1.4176
38888,1.302
38889,1.1961
38890,1.1176
38891,1.051
38892,1.0157
38893,0.98627
38894,0.97059
38895,0.95686
38896,0.95098
38897,0.95098
38898,0.95098
38899,0.95098
38900,0.95098
38901,0.95686
38902,0.95686
38903,0.95686
38904,0.96078
38905,0.96078
38906,0.96667
38907,0.96667
38908,0.95686
38909,0.95686
38910,0.96078
38911,0.96078
38912,0.95686
38913,0.95098
38914,0.95098
38915,0.95098
38916,0.95686
38917,0.95098
38918,0.95098
38919,0.95686
38920,0.95686
38921,0.96667
38922,0.98235
38923,1.002
38924,1.0059
38925,1.002
38926,0.98235
38927,0.98627
38928,0.98235
38929,0.95686
38930,0.93725
38931,0.92157
38932,0.91176
38933,0.90588
38934,0.90588
38935,0.91176
38936,0.91176
38937,0.95098
38938,1.0314
38939,0.66078
38940,-0.15686
38941,-0.50196
38942,-0.50196
38943,-0.50196
38944,-0.50196
38945,-0.50196
38946,-0.39804
38947,-0.011765
38948,0.3902
38949,0.73529
38950,0.92157
38951,1.102
38952,1.2569
38953,1.302
38954,1.3216
38955,1.3373
38956,1.3216
38957,1.3373
38958,1.3333
38959,1.3471
38960,1.3216
38961,1.3333
38962,1.3667
38963,1.3784
38964,1.3725
38965,1.4176
38966,1.4627
38967,1.5039
38968,1.5039
38969,1.5039
38970,1.5039
38971,1.5039
38972,1.5039
38973,1.5039
38974,1.5039
38975,1.5039
38976,1.5039
38977,1.5039
38978,1.5039
38979,1.3882
38980,1.2471
38981,1.1627
38982,1.0824
38983,1.0059
38984,0.98627
38985,0.95686
38986,0.93725
38987,0.92549
38988,0.92157
38989,0.92549
38990,0.92157
38991,0.91569
38992,0.92549
38993,0.92157
38994,0.93137
38995,0.92549
38996,0.92549
38997,0.93137
38998,0.93725
38999,0.93725
39000,0.94118
39001,0.94706
39002,0.94118
39003,0.93137
39004,0.93137
39005,0.94118
39006,0.92549
39007,0.93725
39008,0.94118
39009,0.93725
39010,0.94706
39011,0.95098
39012,0.97059
39013,0.99608
39014,1.002
39015,0.99216
39016,0.97647
39017,0.97647
39018,0.98627
39019,0.96667
39020,0.94706
39021,0.93137
39022,0.91569
39023,0.91176
39024,0.91569
39025,0.92157
39026,0.92549
39027,0.96667
39028,1.0667
39029,0.7
39030,-0.17255
39031,-0.50196
39032,-0.50196
39033,-0.50196
39034,-0.50196
39035,-0.50196
39036,-0.40784
39037,-0.015686
39038,0.39412
39039,0.7549
39040,0.95098
39041,1.1373
39042,1.3078
39043,1.3529
39044,1.3725
39045,1.3784
39046,1.3784
39047,1.3824
39048,1.3882
39049,1.3922
39050,1.398
39051,1.402
39052,1.4118
39053,1.4333
39054,1.4471
39055,1.4725
39056,1.5039
39057,1.5039
39058,1.5039
39059,1.5039
39060,1.5039
39061,1.5039
39062,1.5039
39063,1.5039
39064,1.5039
39065,1.5039
39066,1.5039
39067,1.5039
39068,1.5039
39069,1.4333
39070,1.3078
39071,1.2078
39072,1.1275
39073,1.0725
39074,1.0216
39075,1.002
39076,0.97647
39077,0.97059
39078,0.96078
39079,0.95686
39080,0.96667
39081,0.96667
39082,0.96667
39083,0.96667
39084,0.97059
39085,0.96667
39086,0.97059
39087,0.97059
39088,0.97059
39089,0.97059
39090,0.97059
39091,0.97059
39092,0.96667
39093,0.96078
39094,0.96078
39095,0.95686
39096,0.96078
39097,0.96078
39098,0.95686
39099,0.95098
39100,0.95098
39101,0.95098
39102,0.95686
39103,0.95686
39104,0.96667
39105,0.97647
39106,1.002
39107,1.0059
39108,1.002
39109,0.99216
39110,0.98627
39111,0.99216
39112,0.97059
39113,0.95098
39114,0.93137
39115,0.92157
39116,0.91569
39117,0.91569
39118,0.91176
39119,0.92157
39120,0.95686
39121,1.0373
39122,0.75098
39123,-0.047059
39124,-0.50196
39125,-0.50196
39126,-0.50196
39127,-0.50196
39128,-0.50196
39129,-0.43333
39130,-0.066667
39131,0.32941
39132,0.70588
39133,0.91176
39134,1.0922
39135,1.2627
39136,1.3216
39137,1.3333
39138,1.3471
39139,1.3529
39140,1.3529
39141,1.3569
39142,1.3569
39143,1.3627
39144,1.3725
39145,1.3784
39146,1.3882
39147,1.402
39148,1.4333
39149,1.4627
39150,1.5039
39151,1.5039
39152,1.5039
39153,1.5039
39154,1.5039
39155,1.5039
39156,1.5039
39157,1.5039
39158,1.5039
39159,1.5039
39160,1.5039
39161,1.5039
39162,1.4373
39163,1.3118
39164,1.202
39165,1.1275
39166,1.0608
39167,1.0157
39168,0.98627
39169,0.97059
39170,0.95686
39171,0.95098
39172,0.95098
39173,0.94706
39174,0.95098
39175,0.95098
39176,0.95098
39177,0.95098
39178,0.95098
39179,0.95686
39180,0.96078
39181,0.95686
39182,0.96078
39183,0.96078
39184,0.96667
39185,0.96078
39186,0.96078
39187,0.95098
39188,0.96078
39189,0.95686
39190,0.95098
39191,0.95098
39192,0.95098
39193,0.95098
39194,0.94706
39195,0.94706
39196,0.95686
39197,0.96667
39198,0.99216
39199,1.002
39200,0.99608
39201,1.002
39202,0.97647
39203,0.97647
39204,0.96667
39205,0.94118
39206,0.92157
39207,0.91176
39208,0.91176
39209,0.90588
39210,0.90588
39211,0.90588
39212,0.93725
39213,1.0275
39214,0.81569
39215,0.04902
39216,-0.50196
39217,-0.50196
39218,-0.50196
39219,-0.50196
39220,-0.50196
39221,-0.46275
39222,-0.12157
39223,0.27451
39224,0.66471
39225,0.88039
39226,1.0608
39227,1.2431
39228,1.302
39229,1.3275
39230,1.3333
39231,1.3373
39232,1.3471
39233,1.3471
39234,1.3529
39235,1.3529
39236,1.3667
39237,1.3725
39238,1.3824
39239,1.398
39240,1.4235
39241,1.4529
39242,1.498
39243,1.5039
39244,1.5039
39245,1.5039
39246,1.5039
39247,1.5039
39248,1.5039
39249,1.5039
39250,1.5039
39251,1.5039
39252,1.5039
39253,1.5039
39254,1.4529
39255,1.3118
39256,1.202
39257,1.1314
39258,1.0667
39259,1.0216
39260,0.98235
39261,0.95098
39262,0.96078
39263,0.95098
39264,0.93725
39265,0.94118
39266,0.95098
39267,0.93725
39268,0.94706
39269,0.94706
39270,0.93137
39271,0.92549
39272,0.93725
39273,0.94118
39274,0.93725
39275,0.94118
39276,0.93137
39277,0.92549
39278,0.92549
39279,0.92549
39280,0.91569
39281,0.92549
39282,0.91569
39283,0.90588
39284,0.92549
39285,0.92549
39286,0.91569
39287,0.92549
39288,0.93137
39289,0.93725
39290,0.96078
39291,0.97059
39292,0.97059
39293,0.95098
39294,0.95098
39295,0.95686
39296,0.94118
39297,0.92157
39298,0.90196
39299,0.8902
39300,0.89608
39301,0.8902
39302,0.88627
39303,0.90196
39304,0.94118
39305,1.0412
39306,0.72549
39307,-0.16275
39308,-0.50196
39309,-0.50196
39310,-0.50196
39311,-0.50196
39312,-0.50196
39313,-0.42353
39314,-0.037255
39315,0.37451
39316,0.73137
39317,0.94118
39318,1.1275
39319,1.3078
39320,1.3529
39321,1.3667
39322,1.3784
39323,1.3784
39324,1.3824
39325,1.3824
39326,1.3882
39327,1.3922
39328,1.402
39329,1.4118
39330,1.4235
39331,1.4431
39332,1.4725
39333,1.5039
39334,1.5039
39335,1.5039
39336,1.5039
39337,1.5039
39338,1.5039
39339,1.5039
39340,1.5039
39341,1.5039
39342,1.5039
39343,1.5039
39344,1.5039
39345,1.5039
39346,1.4471
39347,1.3216
39348,1.2176
39349,1.1314
39350,1.0725
39351,1.0275
39352,1.002
39353,0.98235
39354,0.97647
39355,0.97059
39356,0.96667
39357,0.97059
39358,0.96667
39359,0.97059
39360,0.97059
39361,0.97647
39362,0.97647
39363,0.97647
39364,0.97647
39365,0.97647
39366,0.97647
39367,0.97059
39368,0.96667
39369,0.97059
39370,0.96667
39371,0.96078
39372,0.96078
39373,0.96667
39374,0.95686
39375,0.96078
39376,0.95686
39377,0.95686
39378,0.96078
39379,0.95686
39380,0.95686
39381,0.96078
39382,0.96667
39383,0.97059
39384,0.98627
39385,1.002
39386,1.0118
39387,1.0059
39388,0.99216
39389,0.98235
39390,0.98627
39391,0.95686
39392,0.94118
39393,0.92549
39394,0.91569
39395,0.90588
39396,0.91176
39397,0.90588
39398,0.91569
39399,0.96667
39400,1.0412
39401,0.6451
39402,-0.18235
39403,-0.50196
39404,-0.50196
39405,-0.50196
39406,-0.50196
39407,-0.50196
39408,-0.38235
39409,-0.011765
39410,0.3902
39411,0.7451
39412,0.93725
39413,1.1216
39414,1.2824
39415,1.3275
39416,1.3373
39417,1.3529
39418,1.3529
39419,1.3529
39420,1.3569
39421,1.3627
39422,1.3725
39423,1.3725
39424,1.3784
39425,1.3922
39426,1.4118
39427,1.4373
39428,1.4686
39429,1.5039
39430,1.5039
39431,1.5039
39432,1.5039
39433,1.5039
39434,1.5039
39435,1.5039
39436,1.5039
39437,1.5039
39438,1.5039
39439,1.5039
39440,1.5039
39441,1.4275
39442,1.3078
39443,1.202
39444,1.1275
39445,1.0667
39446,1.0157
39447,0.99608
39448,0.97647
39449,0.96667
39450,0.96078
39451,0.95098
39452,0.95098
39453,0.95686
39454,0.95686
39455,0.95686
39456,0.95686
39457,0.96078
39458,0.96667
39459,0.96667
39460,0.96667
39461,0.96667
39462,0.96667
39463,0.96667
39464,0.96078
39465,0.96667
39466,0.96078
39467,0.96078
39468,0.96078
39469,0.96078
39470,0.95686
39471,0.95686
39472,0.95098
39473,0.95098
39474,0.95686
39475,0.96667
39476,0.97059
39477,0.98627
39478,1.002
39479,1.002
39480,1.002
39481,0.98235
39482,0.98627
39483,0.97647
39484,0.96078
39485,0.93725
39486,0.92549
39487,0.91569
39488,0.92157
39489,0.91176
39490,0.91569
39491,0.92157
39492,0.98627
39493,1.0314
39494,0.46471
39495,-0.38235
39496,-0.50196
39497,-0.50196
39498,-0.50196
39499,-0.50196
39500,-0.50196
39501,-0.29804
39502,0.078431
39503,0.4902
39504,0.8
39505,0.97647
39506,1.1627
39507,1.2922
39508,1.3275
39509,1.3373
39510,1.3471
39511,1.3471
39512,1.3529
39513,1.3569
39514,1.3569
39515,1.3667
39516,1.3784
39517,1.3824
39518,1.398
39519,1.4176
39520,1.4431
39521,1.4824
39522,1.5039
39523,1.5039
39524,1.5039
39525,1.5039
39526,1.5039
39527,1.5039
39528,1.5039
39529,1.5039
39530,1.5039
39531,1.5039
39532,1.5039
39533,1.5039
39534,1.3922
39535,1.2725
39536,1.1765
39537,1.1059
39538,1.051
39539,1.0157
39540,0.99608
39541,0.97647
39542,0.97059
39543,0.95686
39544,0.95686
39545,0.95686
39546,0.95098
39547,0.96078
39548,0.96078
39549,0.96078
39550,0.96667
39551,0.97059
39552,0.96667
39553,0.97059
39554,0.96078
39555,0.96667
39556,0.96078
39557,0.96078
39558,0.95686
39559,0.96078
39560,0.96667
39561,0.96667
39562,0.96078
39563,0.95686
39564,0.95686
39565,0.96078
39566,0.95686
39567,0.96667
39568,0.97059
39569,0.97647
39570,0.99216
39571,1.002
39572,1.002
39573,1.0059
39574,0.97647
39575,0.98627
39576,0.96667
39577,0.94118
39578,0.92157
39579,0.92549
39580,0.90588
39581,0.91176
39582,0.92157
39583,0.90588
39584,0.92549
39585,1.002
39586,1.0471
39587,0.22941
39588,-0.50196
39589,-0.50196
39590,-0.50196
39591,-0.50196
39592,-0.50196
39593,-0.50196
39594,-0.19216
39595,0.21961
39596,0.61961
39597,0.85686
39598,1.0118
39599,1.2078
39600,1.2922
39601,1.3216
39602,1.3275
39603,1.3471
39604,1.3471
39605,1.3333
39606,1.3176
39607,1.3471
39608,1.3667
39609,1.3431
39610,1.3824
39611,1.398
39612,1.4118
39613,1.4471
39614,1.4784
39615,1.5039
39616,1.5039
39617,1.5039
39618,1.5039
39619,1.5039
39620,1.5039
39621,1.5039
39622,1.5039
39623,1.5039
39624,1.5039
39625,1.5039
39626,1.4627
39627,1.3216
39628,1.2118
39629,1.1059
39630,1.0471
39631,0.99608
39632,0.97059
39633,0.94118
39634,0.93137
39635,0.92549
39636,0.92549
39637,0.92157
39638,0.92549
39639,0.92549
39640,0.93725
39641,0.94118
39642,0.94706
39643,0.94118
39644,0.94706
39645,0.95098
39646,0.95686
39647,0.95686
39648,0.95098
39649,0.95686
39650,0.95098
39651,0.95686
39652,0.95098
39653,0.95686
39654,0.95686
39655,0.96078
39656,0.95686
39657,0.95686
39658,0.95686
39659,0.96078
39660,0.97059
39661,0.99608
39662,1.0059
39663,1.0059
39664,0.99608
39665,0.98627
39666,0.99608
39667,0.97647
39668,0.95686
39669,0.94118
39670,0.92549
39671,0.92549
39672,0.91569
39673,0.92157
39674,0.92157
39675,0.95098
39676,1.0314
39677,1.0471
39678,0.13333
39679,-0.50196
39680,-0.50196
39681,-0.50196
39682,-0.50196
39683,-0.50196
39684,-0.50196
39685,-0.16667
39686,0.2451
39687,0.64118
39688,0.88627
39689,1.0608
39690,1.2569
39691,1.3333
39692,1.3569
39693,1.3667
39694,1.3725
39695,1.3784
39696,1.3784
39697,1.3784
39698,1.3824
39699,1.3882
39700,1.398
39701,1.4118
39702,1.4275
39703,1.4529
39704,1.4882
39705,1.5039
39706,1.5039
39707,1.5039
39708,1.5039
39709,1.5039
39710,1.5039
39711,1.5039
39712,1.5039
39713,1.5039
39714,1.5039
39715,1.5039
39716,1.5039
39717,1.4784
39718,1.3431
39719,1.2373
39720,1.1471
39721,1.0765
39722,1.0314
39723,1.002
39724,0.98235
39725,0.97059
39726,0.96078
39727,0.95686
39728,0.95686
39729,0.95098
39730,0.95686
39731,0.95686
39732,0.96078
39733,0.96078
39734,0.96667
39735,0.97059
39736,0.97647
39737,0.97059
39738,0.97647
39739,0.97059
39740,0.97059
39741,0.96667
39742,0.96667
39743,0.96078
39744,0.96078
39745,0.96078
39746,0.96078
39747,0.95686
39748,0.96078
39749,0.95686
39750,0.96078
39751,0.96667
39752,0.97059
39753,0.98235
39754,1.002
39755,1.0059
39756,1.002
39757,1.0059
39758,0.98627
39759,0.99216
39760,0.97647
39761,0.95098
39762,0.92549
39763,0.92157
39764,0.91569
39765,0.91176
39766,0.91176
39767,0.91569
39768,0.95098
39769,1.0412
39770,0.81176
39771,0.043137
39772,-0.50196
39773,-0.50196
39774,-0.50196
39775,-0.50196
39776,-0.50196
39777,-0.45294
39778,-0.10588
39779,0.29412
39780,0.68039
39781,0.90196
39782,1.0765
39783,1.2627
39784,1.3216
39785,1.3373
39786,1.3471
39787,1.3529
39788,1.3569
39789,1.3569
39790,1.3667
39791,1.3725
39792,1.3784
39793,1.3882
39794,1.398
39795,1.4078
39796,1.4373
39797,1.4627
39798,1.5039
39799,1.5039
39800,1.5039
39801,1.5039
39802,1.5039
39803,1.5039
39804,1.5039
39805,1.5039
39806,1.5039
39807,1.5039
39808,1.5039
39809,1.5039
39810,1.4471
39811,1.3275
39812,1.2216
39813,1.1373
39814,1.0725
39815,1.0314
39816,1.002
39817,0.98235
39818,0.97059
39819,0.96078
39820,0.95686
39821,0.95686
39822,0.96078
39823,0.95686
39824,0.96078
39825,0.97059
39826,0.97059
39827,0.97059
39828,0.97059
39829,0.97059
39830,0.97059
39831,0.97647
39832,0.97647
39833,0.97059
39834,0.97647
39835,0.96667
39836,0.96667
39837,0.96078
39838,0.96078
39839,0.96078
39840,0.96078
39841,0.96078
39842,0.96667
39843,0.96667
39844,0.97059
39845,0.97647
39846,1.002
39847,1.0157
39848,1.0059
39849,1.0118
39850,0.98627
39851,0.99216
39852,0.97647
39853,0.96078
39854,0.93725
39855,0.92157
39856,0.91176
39857,0.90588
39858,0.91176
39859,0.91176
39860,0.92157
39861,0.99608
39862,1.0412
39863,0.34902
39864,-0.50196
39865,-0.50196
39866,-0.50196
39867,-0.50196
39868,-0.50196
39869,-0.50196
39870,-0.25294
39871,0.14314
39872,0.5451
39873,0.82549
39874,1.002
39875,1.1961
39876,1.298
39877,1.3333
39878,1.3431
39879,1.3471
39880,1.3471
39881,1.3529
39882,1.3529
39883,1.3529
39884,1.3627
39885,1.3725
39886,1.3784
39887,1.3922
39888,1.4118
39889,1.4373
39890,1.4824
39891,1.5039
39892,1.5039
39893,1.5039
39894,1.5039
39895,1.5039
39896,1.5039
39897,1.5039
39898,1.5039
39899,1.5039
39900,1.5039
39901,1.5039
39902,1.498
39903,1.3627
39904,1.2471
39905,1.1569
39906,1.0922
39907,1.0471
39908,1.002
39909,0.97647
39910,0.96078
39911,0.94706
39912,0.93725
39913,0.94706
39914,0.93725
39915,0.94118
39916,0.93137
39917,0.92549
39918,0.95098
39919,0.93725
39920,0.94706
39921,0.93725
39922,0.92549
39923,0.93137
39924,0.92549
39925,0.94118
39926,0.92549
39927,0.92157
39928,0.93137
39929,0.92549
39930,0.93725
39931,0.92157
39932,0.92549
39933,0.90196
39934,0.93137
39935,0.91176
39936,0.93725
39937,0.95686
39938,0.96667
39939,0.96078
39940,0.97647
39941,0.94706
39942,0.94118
39943,0.96078
39944,0.94118
39945,0.92157
39946,0.90588
39947,0.88627
39948,0.8902
39949,0.89608
39950,0.89608
39951,0.90196
39952,0.93137
39953,1.0471
39954,0.77647
39955,-0.10588
39956,-0.50196
39957,-0.50196
39958,-0.50196
39959,-0.50196
39960,-0.50196
39961,-0.44706
39962,-0.047059
39963,0.35882
39964,0.72157
39965,0.93725
39966,1.1275
39967,1.3078
39968,1.3569
39969,1.3784
39970,1.3882
39971,1.3922
39972,1.398
39973,1.3922
39974,1.398
39975,1.398
39976,1.4118
39977,1.4176
39978,1.4333
39979,1.4529
39980,1.4784
39981,1.5039
39982,1.5039
39983,1.5039
39984,1.5039
39985,1.5039
39986,1.5039
39987,1.5039
39988,1.5039
39989,1.5039
39990,1.5039
39991,1.5039
39992,1.5039
39993,1.5039
39994,1.4725
39995,1.3431
39996,1.2373
39997,1.151
39998,1.0922
39999,1.0471
40000,1.0216
40001,1.002
40002,0.99216
40003,0.98235
40004,0.97647
40005,0.98235
40006,0.98235
40007,0.98235
40008,0.98235
40009,0.98627
40010,0.98627
40011,0.98627
40012,0.98627
40013,0.99216
40014,0.98235
40015,0.98235
40016,0.98235
40017,0.98235
40018,0.97647
40019,0.97647
40020,0.97647
40021,0.97647
40022,0.97647
40023,0.97647
40024,0.97647
40025,0.97647
40026,0.97647
40027,0.97647
40028,0.97647
40029,0.97647
40030,0.97647
40031,0.97647
40032,0.99608
40033,1.0118
40034,1.0157
40035,1.0157
40036,0.99608
40037,1.002
40038,0.99608
40039,0.97647
40040,0.95098
40041,0.93137
40042,0.92157
40043,0.92157
40044,0.92157
40045,0.91569
40046,0.92549
40047,0.97059
40048,1.0471
40049,0.62549
40050,-0.20196
40051,-0.50196
40052,-0.50196
40053,-0.50196
40054,-0.50196
40055,-0.50196
40056,-0.36275
40057,0.0078431
40058,0.41569
40059,0.76667
40060,0.95098
40061,1.1412
40062,1.2922
40063,1.3431
40064,1.3529
40065,1.3627
40066,1.3667
40067,1.3725
40068,1.3667
40069,1.3725
40070,1.3784
40071,1.3784
40072,1.3882
40073,1.398
40074,1.4176
40075,1.4431
40076,1.4784
40077,1.5039
40078,1.5039
40079,1.5039
40080,1.5039
40081,1.5039
40082,1.5039
40083,1.5039
40084,1.5039
40085,1.5039
40086,1.5039
40087,1.5039
40088,1.5039
40089,1.4373
40090,1.3118
40091,1.2078
40092,1.1314
40093,1.0667
40094,1.0275
40095,1.002
40096,0.98627
40097,0.97647
40098,0.97059
40099,0.96667
40100,0.96078
40101,0.96078
40102,0.96078
40103,0.96078
40104,0.96667
40105,0.96667
40106,0.97059
40107,0.97647
40108,0.97059
40109,0.97647
40110,0.97647
40111,0.97647
40112,0.97059
40113,0.97647
40114,0.97059
40115,0.97059
40116,0.96078
40117,0.96667
40118,0.96667
40119,0.97059
40120,0.97059
40121,0.97059
40122,0.97647
40123,0.97647
40124,0.98235
40125,1.002
40126,1.0157
40127,1.0118
40128,1.0157
40129,0.99216
40130,0.99608
40131,0.98235
40132,0.96078
40133,0.94118
40134,0.92549
40135,0.92549
40136,0.92157
40137,0.91569
40138,0.91176
40139,0.93725
40140,1.002
40141,1.0471
40142,0.36471
40143,-0.48235
40144,-0.50196
40145,-0.50196
40146,-0.50196
40147,-0.50196
40148,-0.50196
40149,-0.25294
40150,0.13333
40151,0.53922
40152,0.82549
40153,1.002
40154,1.202
40155,1.3078
40156,1.3333
40157,1.3529
40158,1.3529
40159,1.3569
40160,1.3529
40161,1.3569
40162,1.3627
40163,1.3725
40164,1.3784
40165,1.3824
40166,1.398
40167,1.4176
40168,1.4529
40169,1.4922
40170,1.5039
40171,1.5039
40172,1.5039
40173,1.5039
40174,1.5039
40175,1.5039
40176,1.5039
40177,1.5039
40178,1.5039
40179,1.5039
40180,1.5039
40181,1.5039
40182,1.3824
40183,1.2667
40184,1.1627
40185,1.102
40186,1.0471
40187,1.0059
40188,0.97059
40189,0.96667
40190,0.95098
40191,0.95686
40192,0.94706
40193,0.94118
40194,0.95098
40195,0.95098
40196,0.94118
40197,0.94706
40198,0.95686
40199,0.94706
40200,0.95098
40201,0.95686
40202,0.94118
40203,0.95098
40204,0.93725
40205,0.95098
40206,0.93725
40207,0.94118
40208,0.92549
40209,0.93137
40210,0.93137
40211,0.93725
40212,0.92549
40213,0.93137
40214,0.94118
40215,0.93725
40216,0.95098
40217,0.97059
40218,0.98627
40219,0.97647
40220,0.96667
40221,0.96078
40222,0.97059
40223,0.94706
40224,0.92549
40225,0.92157
40226,0.90588
40227,0.90196
40228,0.90196
40229,0.90588
40230,0.90588
40231,0.95098
40232,1.0412
40233,0.74118
40234,-0.13725
40235,-0.50196
40236,-0.50196
40237,-0.50196
40238,-0.50196
40239,-0.50196
40240,-0.41765
40241,-0.027451
40242,0.38431
40243,0.75098
40244,0.95686
40245,1.1412
40246,1.3118
40247,1.3667
40248,1.3824
40249,1.3922
40250,1.398
40251,1.398
40252,1.398
40253,1.4078
40254,1.4078
40255,1.4176
40256,1.4235
40257,1.4373
40258,1.4569
40259,1.4882
40260,1.5039
40261,1.5039
40262,1.5039
40263,1.5039
40264,1.5039
40265,1.5039
40266,1.5039
40267,1.5039
40268,1.5039
40269,1.5039
40270,1.5039
40271,1.5039
40272,1.5039
40273,1.4686
40274,1.3373
40275,1.2314
40276,1.151
40277,1.0863
40278,1.0471
40279,1.0157
40280,1.002
40281,0.99216
40282,0.98627
40283,0.97647
40284,0.97647
40285,0.97647
40286,0.97647
40287,0.97647
40288,0.97647
40289,0.98235
40290,0.97647
40291,0.97647
40292,0.97647
40293,0.98235
40294,0.97647
40295,0.97647
40296,0.97647
40297,0.97647
40298,0.97647
40299,0.97647
40300,0.96667
40301,0.96667
40302,0.96667
40303,0.96667
40304,0.96667
40305,0.96667
40306,0.96667
40307,0.96667
40308,0.96667
40309,0.97059
40310,0.97647
40311,0.98627
40312,1.002
40313,1.0118
40314,1.0118
40315,0.99608
40316,0.98235
40317,0.98627
40318,0.96667
40319,0.95098
40320,0.92549
40321,0.91569
40322,0.90588
40323,0.91176
40324,0.90588
40325,0.91176
40326,0.95686
40327,1.0373
40328,0.75098
40329,-0.047059
40330,-0.50196
40331,-0.50196
40332,-0.50196
40333,-0.50196
40334,-0.50196
40335,-0.42745
40336,-0.072549
40337,0.32941
40338,0.70588
40339,0.91176
40340,1.0922
40341,1.2627
40342,1.3216
40343,1.3373
40344,1.3431
40345,1.3529
40346,1.3569
40347,1.3569
40348,1.3627
40349,1.3627
40350,1.3667
40351,1.3784
40352,1.3824
40353,1.402
40354,1.4275
40355,1.4569
40356,1.498
40357,1.5039
40358,1.5039
40359,1.5039
40360,1.5039
40361,1.5039
40362,1.5039
40363,1.5039
40364,1.5039
40365,1.5039
40366,1.5039
40367,1.5039
40368,1.4529
40369,1.3275
40370,1.2216
40371,1.1373
40372,1.0765
40373,1.0314
40374,1.002
40375,0.98235
40376,0.97059
40377,0.96667
40378,0.96078
40379,0.95098
40380,0.95098
40381,0.95098
40382,0.95686
40383,0.96078
40384,0.96667
40385,0.97059
40386,0.97059
40387,0.96667
40388,0.97059
40389,0.96667
40390,0.96667
40391,0.96078
40392,0.96667
40393,0.96078
40394,0.96078
40395,0.96078
40396,0.96667
40397,0.96078
40398,0.96667
40399,0.96667
40400,0.96667
40401,0.96667
40402,0.96667
40403,0.97647
40404,1.002
40405,1.0118
40406,1.0059
40407,0.99608
40408,0.99216
40409,0.99608
40410,0.97647
40411,0.95098
40412,0.93137
40413,0.92157
40414,0.91569
40415,0.91569
40416,0.91176
40417,0.91569
40418,0.94706
40419,1.0373
40420,0.81569
40421,0.043137
40422,-0.50196
40423,-0.50196
40424,-0.50196
40425,-0.50196
40426,-0.50196
40427,-0.44706
40428,-0.11176
40429,0.2902
40430,0.67647
40431,0.8902
40432,1.0667
40433,1.2471
40434,1.3118
40435,1.3275
40436,1.3373
40437,1.3373
40438,1.3471
40439,1.3529
40440,1.3529
40441,1.3529
40442,1.3627
40443,1.3725
40444,1.3824
40445,1.398
40446,1.4275
40447,1.4569
40448,1.502
40449,1.5039
40450,1.5039
40451,1.5039
40452,1.5039
40453,1.5039
40454,1.5039
40455,1.5039
40456,1.5039
40457,1.5039
40458,1.5039
40459,1.5039
40460,1.4471
40461,1.3176
40462,1.2176
40463,1.1373
40464,1.0725
40465,1.0059
40466,0.98627
40467,0.97059
40468,0.95098
40469,0.94706
40470,0.93137
40471,0.93725
40472,0.94118
40473,0.93725
40474,0.94118
40475,0.93137
40476,0.92549
40477,0.93725
40478,0.94706
40479,0.92549
40480,0.93725
40481,0.91569
40482,0.92549
40483,0.93137
40484,0.92157
40485,0.92549
40486,0.91569
40487,0.90588
40488,0.94118
40489,0.92157
40490,0.89608
40491,0.91176
40492,0.92157
40493,0.93137
40494,0.91569
40495,0.94118
40496,0.97059
40497,0.96078
40498,0.95098
40499,0.95686
40500,0.93725
40501,0.95098
40502,0.93137
40503,0.92157
40504,0.90196
40505,0.89608
40506,0.88039
40507,0.89608
40508,0.8902
40509,0.8902
40510,0.93725
40511,1.0373
40512,0.72549
40513,-0.14706
40514,-0.50196
40515,-0.50196
40516,-0.50196
40517,-0.50196
40518,-0.50196
40519,-0.45686
40520,-0.05098
40521,0.3549
40522,0.72549
40523,0.93137
40524,1.1176
40525,1.2922
40526,1.3471
40527,1.3627
40528,1.3667
40529,1.3784
40530,1.3784
40531,1.3824
40532,1.3882
40533,1.3922
40534,1.398
40535,1.4078
40536,1.4235
40537,1.4431
40538,1.4725
40539,1.5039
40540,1.5039
40541,1.5039
40542,1.5039
40543,1.5039
40544,1.5039
40545,1.5039
40546,1.5039
40547,1.5039
40548,1.5039
40549,1.5039
40550,1.5039
40551,1.5039
40552,1.4569
40553,1.3275
40554,1.2176
40555,1.1373
40556,1.0725
40557,1.0314
40558,1.0059
40559,0.98235
40560,0.97647
40561,0.96667
40562,0.96078
40563,0.96078
40564,0.96078
40565,0.96078
40566,0.96667
40567,0.96078
40568,0.97059
40569,0.97647
40570,0.97647
40571,0.97647
40572,0.97059
40573,0.96667
40574,0.96078
40575,0.95686
40576,0.96078
40577,0.95686
40578,0.95686
40579,0.95686
40580,0.96078
40581,0.95686
40582,0.96078
40583,0.95686
40584,0.95686
40585,0.95098
40586,0.95098
40587,0.95098
40588,0.96078
40589,0.96667
40590,0.97647
40591,0.99216
40592,1.0059
40593,1.002
40594,0.99608
40595,0.97647
40596,0.98235
40597,0.97059
40598,0.95098
40599,0.93137
40600,0.92157
40601,0.90588
40602,0.91176
40603,0.91176
40604,0.90588
40605,0.92549
40606,0.99216
40607,1.0314
40608,0.32941
40609,-0.50196
40610,-0.50196
40611,-0.50196
40612,-0.50196
40613,-0.50196
40614,-0.50196
40615,-0.25294
40616,0.13333
40617,0.55098
40618,0.82549
40619,1.002
40620,1.1961
40621,1.302
40622,1.3275
40623,1.3431
40624,1.3529
40625,1.3529
40626,1.3529
40627,1.3529
40628,1.3627
40629,1.3627
40630,1.3725
40631,1.3784
40632,1.398
40633,1.4118
40634,1.4431
40635,1.4725
40636,1.5039
40637,1.5039
40638,1.5039
40639,1.5039
40640,1.5039
40641,1.5039
40642,1.5039
40643,1.5039
40644,1.5039
40645,1.5039
40646,1.5039
40647,1.5039
40648,1.3824
40649,1.2667
40650,1.1725
40651,1.0961
40652,1.0471
40653,1.0118
40654,0.98235
40655,0.97059
40656,0.96078
40657,0.95686
40658,0.95686
40659,0.95098
40660,0.95098
40661,0.95098
40662,0.95098
40663,0.95686
40664,0.96078
40665,0.96078
40666,0.96667
40667,0.97059
40668,0.96667
40669,0.97059
40670,0.97059
40671,0.96667
40672,0.97059
40673,0.96078
40674,0.95686
40675,0.95686
40676,0.96667
40677,0.96667
40678,0.96667
40679,0.96667
40680,0.96667
40681,0.97059
40682,0.97059
40683,0.98627
40684,1.0059
40685,1.0118
40686,1.0118
40687,0.98627
40688,0.99216
40689,0.98627
40690,0.97059
40691,0.94706
40692,0.92549
40693,0.92157
40694,0.91569
40695,0.91176
40696,0.91176
40697,0.91569
40698,0.96667
40699,1.0412
40700,0.61961
40701,-0.20784
40702,-0.50196
40703,-0.50196
40704,-0.50196
40705,-0.50196
40706,-0.50196
40707,-0.37843
40708,-0.0058823
40709,0.40392
40710,0.74118
40711,0.93137
40712,1.1176
40713,1.2725
40714,1.3118
40715,1.3275
40716,1.3333
40717,1.3431
40718,1.3431
40719,1.3471
40720,1.3529
40721,1.3529
40722,1.3569
40723,1.3667
40724,1.3824
40725,1.402
40726,1.4275
40727,1.4627
40728,1.5039
40729,1.5039
40730,1.5039
40731,1.5039
40732,1.5039
40733,1.5039
40734,1.5039
40735,1.5039
40736,1.5039
40737,1.5039
40738,1.5039
40739,1.5039
40740,1.4078
40741,1.2824
40742,1.1863
40743,1.1059
40744,1.051
40745,1.0118
40746,0.98235
40747,0.95098
40748,0.95686
40749,0.95098
40750,0.94706
40751,0.94706
40752,0.94706
40753,0.92549
40754,0.95098
40755,0.95686
40756,0.94706
40757,0.94706
40758,0.95098
40759,0.93725
40760,0.94706
40761,0.93137
40762,0.94706
40763,0.94118
40764,0.92549
40765,0.93137
40766,0.92157
40767,0.92549
40768,0.93137
40769,0.92157
40770,0.91569
40771,0.91176
40772,0.90588
40773,0.92549
40774,0.91569
40775,0.93725
40776,0.95098
40777,0.96078
40778,0.94118
40779,0.95098
40780,0.93725
40781,0.93137
40782,0.93725
40783,0.90196
40784,0.8902
40785,0.86667
40786,0.85686
40787,0.87647
40788,0.86667
40789,0.87059
40790,0.92549
40791,1.002
40792,1.0059
40793,0.033333
40794,-0.50196
40795,-0.50196
40796,-0.50196
40797,-0.50196
40798,-0.50196
40799,-0.50196
40800,-0.12745
40801,0.27451
40802,0.6549
40803,0.88627
40804,1.0725
40805,1.2569
40806,1.3216
40807,1.3529
40808,1.3529
40809,1.3569
40810,1.3529
40811,1.3725
40812,1.3667
40813,1.3725
40814,1.3725
40815,1.3824
40816,1.398
40817,1.4176
40818,1.4431
40819,1.4725
40820,1.5039
40821,1.5039
40822,1.5039
40823,1.5039
40824,1.5039
40825,1.5039
40826,1.5039
40827,1.5039
40828,1.5039
40829,1.5039
40830,1.5039
40831,1.5039
40832,1.4784
40833,1.3431
40834,1.2373
40835,1.151
40836,1.0863
40837,1.0412
40838,1.0118
40839,0.98627
40840,0.97647
40841,0.97647
40842,0.97059
40843,0.97059
40844,0.96667
40845,0.97059
40846,0.97647
40847,0.97647
40848,0.97647
40849,0.97647
40850,0.98235
40851,0.97647
40852,0.97647
40853,0.97647
40854,0.97647
40855,0.97647
40856,0.97059
40857,0.97647
40858,0.97059
40859,0.97059
40860,0.96667
40861,0.96667
40862,0.96667
40863,0.96667
40864,0.96078
40865,0.96667
40866,0.96078
40867,0.96667
40868,0.97059
40869,0.97647
40870,0.98235
40871,1.002
40872,1.0118
40873,1.0059
40874,0.99608
40875,0.98627
40876,0.99608
40877,0.97647
40878,0.95686
40879,0.93725
40880,0.92549
40881,0.92549
40882,0.92157
40883,0.92157
40884,0.92157
40885,0.96667
40886,1.0471
40887,0.6902
40888,-0.11765
40889,-0.50196
40890,-0.50196
40891,-0.50196
40892,-0.50196
40893,-0.50196
40894,-0.40196
40895,-0.037255
40896,0.37451
40897,0.73529
40898,0.93725
40899,1.1176
40900,1.2824
40901,1.3333
40902,1.3529
40903,1.3569
40904,1.3627
40905,1.3667
40906,1.3627
40907,1.3725
40908,1.3784
40909,1.3784
40910,1.3882
40911,1.398
40912,1.4118
40913,1.4431
40914,1.4686
40915,1.5039
40916,1.5039
40917,1.5039
40918,1.5039
40919,1.5039
40920,1.5039
40921,1.5039
40922,1.5039
40923,1.5039
40924,1.5039
40925,1.5039
40926,1.5039
40927,1.4471
40928,1.3216
40929,1.2216
40930,1.1373
40931,1.0765
40932,1.0275
40933,0.99608
40934,0.98235
40935,0.96667
40936,0.96078
40937,0.96078
40938,0.96078
40939,0.95686
40940,0.96078
40941,0.96667
40942,0.95686
40943,0.96078
40944,0.96078
40945,0.96667
40946,0.96667
40947,0.96667
40948,0.96667
40949,0.96667
40950,0.96667
40951,0.97059
40952,0.96667
40953,0.96667
40954,0.96667
40955,0.97059
40956,0.96667
40957,0.96667
40958,0.96078
40959,0.96667
40960,0.97059
40961,0.97647
40962,0.98627
40963,1.002
40964,1.002
40965,1.0118
40966,0.99216
40967,0.99608
40968,1.002
40969,0.97647
40970,0.95098
40971,0.93137
40972,0.92157
40973,0.91569
40974,0.92157
40975,0.91176
40976,0.92157
40977,0.96667
40978,1.0471
40979,0.67059
40980,-0.14706
40981,-0.50196
40982,-0.50196
40983,-0.50196
40984,-0.50196
40985,-0.50196
40986,-0.38235
40987,-0.015686
40988,0.3902
40989,0.7451
40990,0.93725
40991,1.1176
40992,1.2765
40993,1.3216
40994,1.3373
40995,1.3471
40996,1.3529
40997,1.3569
40998,1.3667
40999,1.3627
41000,1.3667
41001,1.3784
41002,1.3824
41003,1.3922
41004,1.4118
41005,1.4333
41006,1.4627
41007,1.5039
41008,1.5039
41009,1.5039
41010,1.5039
41011,1.5039
41012,1.5039
41013,1.5039
41014,1.5039
41015,1.5039
41016,1.5039
41017,1.5039
41018,1.5039
41019,1.402
41020,1.298
41021,1.1863
41022,1.1059
41023,1.0373
41024,1.0118
41025,0.97059
41026,0.95686
41027,0.93725
41028,0.92549
41029,0.93725
41030,0.94706
41031,0.91176
41032,0.91569
41033,0.94118
41034,0.94118
41035,0.92549
41036,0.92549
41037,0.94118
41038,0.94706
41039,0.92549
41040,0.91176
41041,0.93725
41042,0.93137
41043,0.91569
41044,0.92549
41045,0.91569
41046,0.92549
41047,0.91569
41048,0.93137
41049,0.92549
41050,0.92157
41051,0.92157
41052,0.93725
41053,0.93137
41054,0.95686
41055,0.97647
41056,0.97647
41057,0.97647
41058,0.95098
41059,0.95686
41060,0.96078
41061,0.93137
41062,0.91569
41063,0.90588
41064,0.8902
41065,0.8902
41066,0.8902
41067,0.89608
41068,0.90588
41069,0.96667
41070,1.0314
41071,0.49412
41072,-0.41765
41073,-0.50196
41074,-0.50196
41075,-0.50196
41076,-0.50196
41077,-0.50196
41078,-0.31765
41079,0.078431
41080,0.48431
41081,0.8
41082,0.99216
41083,1.1863
41084,1.3176
41085,1.3529
41086,1.3667
41087,1.3725
41088,1.3784
41089,1.3784
41090,1.3824
41091,1.3882
41092,1.398
41093,1.398
41094,1.4078
41095,1.4235
41096,1.4431
41097,1.4725
41098,1.5039
41099,1.5039
41100,1.5039
41101,1.5039
41102,1.5039
41103,1.5039
41104,1.5039
41105,1.5039
41106,1.5039
41107,1.5039
41108,1.5039
41109,1.5039
41110,1.5039
41111,1.4078
41112,1.2882
41113,1.1824
41114,1.1059
41115,1.0569
41116,1.0157
41117,0.99216
41118,0.97059
41119,0.96667
41120,0.95686
41121,0.95686
41122,0.95098
41123,0.95686
41124,0.96667
41125,0.96078
41126,0.96667
41127,0.96667
41128,0.97647
41129,0.97059
41130,0.97647
41131,0.97059
41132,0.97647
41133,0.96667
41134,0.96078
41135,0.96078
41136,0.96667
41137,0.95098
41138,0.96667
41139,0.96078
41140,0.96078
41141,0.95686
41142,0.95686
41143,0.95686
41144,0.95686
41145,0.95686
41146,0.96078
41147,0.97647
41148,0.98235
41149,1.002
41150,1.002
41151,1.002
41152,0.98235
41153,0.97647
41154,0.98235
41155,0.96667
41156,0.94118
41157,0.92549
41158,0.91569
41159,0.91176
41160,0.90588
41161,0.91176
41162,0.91569
41163,0.95098
41164,1.0314
41165,0.7451
41166,-0.072549
41167,-0.50196
41168,-0.50196
41169,-0.50196
41170,-0.50196
41171,-0.50196
41172,-0.42353
41173,-0.060784
41174,0.3451
41175,0.7098
41176,0.91569
41177,1.0961
41178,1.2667
41179,1.3216
41180,1.3333
41181,1.3431
41182,1.3529
41183,1.3569
41184,1.3569
41185,1.3627
41186,1.3569
41187,1.3627
41188,1.3725
41189,1.3824
41190,1.402
41191,1.4235
41192,1.4627
41193,1.498
41194,1.5039
41195,1.5039
41196,1.5039
41197,1.5039
41198,1.5039
41199,1.5039
41200,1.5039
41201,1.5039
41202,1.5039
41203,1.5039
41204,1.5039
41205,1.4373
41206,1.3176
41207,1.2118
41208,1.1314
41209,1.0725
41210,1.0275
41211,0.99608
41212,0.97647
41213,0.96667
41214,0.95098
41215,0.95098
41216,0.95098
41217,0.95098
41218,0.95098
41219,0.95686
41220,0.95098
41221,0.95686
41222,0.95686
41223,0.96078
41224,0.96078
41225,0.97059
41226,0.97059
41227,0.96667
41228,0.97059
41229,0.96667
41230,0.97059
41231,0.95686
41232,0.95098
41233,0.95098
41234,0.95098
41235,0.95098
41236,0.95686
41237,0.95686
41238,0.96667
41239,0.96078
41240,0.97647
41241,0.99608
41242,1.002
41243,1.002
41244,0.99216
41245,0.98627
41246,0.99216
41247,0.97059
41248,0.95098
41249,0.92549
41250,0.91569
41251,0.90588
41252,0.90588
41253,0.90588
41254,0.90588
41255,0.93725
41256,1.0275
41257,1.0412
41258,0.1549
41259,-0.50196
41260,-0.50196
41261,-0.50196
41262,-0.50196
41263,-0.50196
41264,-0.48235
41265,-0.15686
41266,0.23922
41267,0.63529
41268,0.87059
41269,1.0471
41270,1.2275
41271,1.302
41272,1.3216
41273,1.3333
41274,1.3431
41275,1.3471
41276,1.3471
41277,1.3529
41278,1.3529
41279,1.3667
41280,1.3784
41281,1.3824
41282,1.398
41283,1.4235
41284,1.4471
41285,1.4882
41286,1.5039
41287,1.5039
41288,1.5039
41289,1.5039
41290,1.5039
41291,1.5039
41292,1.5039
41293,1.5039
41294,1.5039
41295,1.5039
41296,1.5039
41297,1.4686
41298,1.3176
41299,1.2275
41300,1.1314
41301,1.0569
41302,1.0216
41303,0.97059
41304,0.95098
41305,0.95686
41306,0.93137
41307,0.93725
41308,0.92549
41309,0.94118
41310,0.92157
41311,0.93137
41312,0.95098
41313,0.93725
41314,0.92549
41315,0.94118
41316,0.92549
41317,0.93725
41318,0.93725
41319,0.94118
41320,0.91569
41321,0.93725
41322,0.92549
41323,0.90588
41324,0.93137
41325,0.93137
41326,0.91569
41327,0.92549
41328,0.92549
41329,0.94706
41330,0.92549
41331,0.94706
41332,0.96078
41333,0.98235
41334,0.97647
41335,0.96078
41336,0.95686
41337,0.97059
41338,0.95686
41339,0.92549
41340,0.91569
41341,0.90588
41342,0.8902
41343,0.90196
41344,0.90588
41345,0.90588
41346,0.93137
41347,1.0216
41348,1.0471
41349,0.10392
41350,-0.50196
41351,-0.50196
41352,-0.50196
41353,-0.50196
41354,-0.50196
41355,-0.50196
41356,-0.14118
41357,0.26471
41358,0.65098
41359,0.89608
41360,1.0765
41361,1.2667
41362,1.3471
41363,1.3667
41364,1.3725
41365,1.3784
41366,1.3784
41367,1.3824
41368,1.3882
41369,1.398
41370,1.402
41371,1.4118
41372,1.4235
41373,1.4431
41374,1.4686
41375,1.498
41376,1.5039
41377,1.5039
41378,1.5039
41379,1.5039
41380,1.5039
41381,1.5039
41382,1.5039
41383,1.5039
41384,1.5039
41385,1.5039
41386,1.5039
41387,1.5039
41388,1.4922
41389,1.3529
41390,1.2431
41391,1.151
41392,1.0863
41393,1.0373
41394,1.0059
41395,0.98627
41396,0.97647
41397,0.96667
41398,0.96078
41399,0.96078
41400,0.96078
41401,0.96667
41402,0.97059
41403,0.97647
41404,0.97647
41405,0.97647
41406,0.97059
41407,0.97647
41408,0.97059
41409,0.97647
41410,0.97059
41411,0.97059
41412,0.96667
41413,0.97059
41414,0.96667
41415,0.96667
41416,0.96078
41417,0.96078
41418,0.95686
41419,0.95098
41420,0.95686
41421,0.96078
41422,0.96078
41423,0.95686
41424,0.97059
41425,0.97059
41426,0.98235
41427,1.002
41428,1.002
41429,1.0059
41430,0.98235
41431,0.98627
41432,0.99216
41433,0.96078
41434,0.94706
41435,0.92549
41436,0.91569
41437,0.91176
41438,0.91569
41439,0.91569
41440,0.92157
41441,0.96667
41442,1.0373
41443,0.5902
41444,-0.23725
41445,-0.50196
41446,-0.50196
41447,-0.50196
41448,-0.50196
41449,-0.50196
41450,-0.35686
41451,0.013725
41452,0.41961
41453,0.76078
41454,0.94706
41455,1.1373
41456,1.2824
41457,1.3216
41458,1.3373
41459,1.3471
41460,1.3529
41461,1.3569
41462,1.3569
41463,1.3627
41464,1.3627
41465,1.3725
41466,1.3824
41467,1.398
41468,1.4078
41469,1.4373
41470,1.4725
41471,1.5039
41472,1.5039
41473,1.5039
41474,1.5039
41475,1.5039
41476,1.5039
41477,1.5039
41478,1.5039
41479,1.5039
41480,1.5039
41481,1.5039
41482,1.5039
41483,1.4176
41484,1.298
41485,1.1961
41486,1.1216
41487,1.0608
41488,1.0216
41489,0.99608
41490,0.97647
41491,0.96667
41492,0.96078
41493,0.95686
41494,0.95098
41495,0.95098
41496,0.95098
41497,0.95098
41498,0.96078
41499,0.97059
41500,0.97059
41501,0.97059
41502,0.97059
41503,0.97647
41504,0.96667
41505,0.97059
41506,0.97059
41507,0.96667
41508,0.96078
41509,0.96667
41510,0.95686
41511,0.95098
41512,0.95098
41513,0.95686
41514,0.95686
41515,0.95686
41516,0.96667
41517,0.97647
41518,0.98235
41519,1.002
41520,1.002
41521,1.0059
41522,0.98627
41523,0.98235
41524,0.99216
41525,0.97059
41526,0.94706
41527,0.92549
41528,0.91569
41529,0.91176
41530,0.91176
41531,0.90588
41532,0.91569
41533,0.96667
41534,1.0412
41535,0.62941
41536,-0.19608
41537,-0.50196
41538,-0.50196
41539,-0.50196
41540,-0.50196
41541,-0.50196
41542,-0.37255
41543,-0.011765
41544,0.4
41545,0.74118
41546,0.93137
41547,1.1216
41548,1.2765
41549,1.3176
41550,1.3333
41551,1.3373
41552,1.3471
41553,1.3529
41554,1.3529
41555,1.3569
41556,1.3569
41557,1.3667
41558,1.3784
41559,1.3922
41560,1.4078
41561,1.4373
41562,1.4725
41563,1.5039
41564,1.5039
41565,1.5039
41566,1.5039
41567,1.5039
41568,1.5039
41569,1.5039
41570,1.5039
41571,1.5039
41572,1.5039
41573,1.5039
41574,1.5039
41575,1.4078
41576,1.2882
41577,1.1922
41578,1.1176
41579,1.0569
41580,1.0157
41581,0.98235
41582,0.96667
41583,0.96078
41584,0.95686
41585,0.95686
41586,0.95686
41587,0.95686
41588,0.95098
41589,0.94706
41590,0.95098
41591,0.94706
41592,0.95686
41593,0.94118
41594,0.97647
41595,0.96667
41596,0.97059
41597,0.95098
41598,0.94706
41599,0.95686
41600,0.94706
41601,0.95098
41602,0.95098
41603,0.94118
41604,0.92549
41605,0.92157
41606,0.94118
41607,0.92549
41608,0.94118
41609,0.95098
41610,0.94706
41611,0.95686
41612,0.97647
41613,0.96078
41614,0.95686
41615,0.94706
41616,0.94706
41617,0.93137
41618,0.90196
41619,0.88039
41620,0.88627
41621,0.87059
41622,0.87059
41623,0.86078
41624,0.88039
41625,0.87647
41626,1.0059
41627,0.77059
41628,-0.060784
41629,-0.50196
41630,-0.50196
41631,-0.50196
41632,-0.50196
41633,-0.50196
41634,-0.49804
41635,-0.082353
41636,0.32941
41637,0.68627
41638,0.91569
41639,1.0961
41640,1.2824
41641,1.3373
41642,1.3627
41643,1.3627
41644,1.3627
41645,1.3627
41646,1.3667
41647,1.3667
41648,1.3667
41649,1.3784
41650,1.3784
41651,1.398
41652,1.4118
41653,1.4431
41654,1.4725
41655,1.5039
41656,1.5039
41657,1.5039
41658,1.5039
41659,1.5039
41660,1.5039
41661,1.5039
41662,1.5039
41663,1.5039
41664,1.5039
41665,1.5039
41666,1.5039
41667,1.4471
41668,1.3176
41669,1.2118
41670,1.1275
41671,1.0725
41672,1.0216
41673,0.99608
41674,0.97647
41675,0.96667
41676,0.95686
41677,0.96078
41678,0.97059
41679,0.96667
41680,0.97059
41681,0.97059
41682,0.97647
41683,0.97647
41684,0.97647
41685,0.97647
41686,0.97647
41687,0.97647
41688,0.97647
41689,0.97647
41690,0.97647
41691,0.97647
41692,0.97647
41693,0.97059
41694,0.97059
41695,0.96667
41696,0.96078
41697,0.96667
41698,0.96078
41699,0.96667
41700,0.96078
41701,0.96667
41702,0.97059
41703,0.97059
41704,0.98235
41705,1.002
41706,1.002
41707,1.0059
41708,0.98235
41709,0.98627
41710,0.98235
41711,0.97059
41712,0.95098
41713,0.93137
41714,0.92157
41715,0.92157
41716,0.91569
41717,0.91569
41718,0.91569
41719,0.96078
41720,1.0471
41721,0.7
41722,-0.13137
41723,-0.50196
41724,-0.50196
41725,-0.50196
41726,-0.50196
41727,-0.50196
41728,-0.41176
41729,-0.037255
41730,0.37451
41731,0.73137
41732,0.93137
41733,1.1176
41734,1.2824
41735,1.3333
41736,1.3529
41737,1.3529
41738,1.3627
41739,1.3569
41740,1.3627
41741,1.3667
41742,1.3725
41743,1.3784
41744,1.3882
41745,1.398
41746,1.4118
41747,1.4431
41748,1.4725
41749,1.5039
41750,1.5039
41751,1.5039
41752,1.5039
41753,1.5039
41754,1.5039
41755,1.5039
41756,1.5039
41757,1.5039
41758,1.5039
41759,1.5039
41760,1.5039
41761,1.4431
41762,1.3118
41763,1.2118
41764,1.1275
41765,1.0725
41766,1.0216
41767,0.99216
41768,0.96667
41769,0.96078
41770,0.95686
41771,0.95098
41772,0.95098
41773,0.95098
41774,0.95098
41775,0.95098
41776,0.95098
41777,0.95686
41778,0.95686
41779,0.95686
41780,0.96078
41781,0.95686
41782,0.95686
41783,0.95686
41784,0.96078
41785,0.96078
41786,0.95686
41787,0.95686
41788,0.95098
41789,0.95098
41790,0.95098
41791,0.94706
41792,0.94706
41793,0.95098
41794,0.95098
41795,0.95686
41796,0.96667
41797,0.98235
41798,0.99608
41799,1.002
41800,1.002
41801,0.97647
41802,0.98627
41803,0.97647
41804,0.95686
41805,0.93725
41806,0.92157
41807,0.91176
41808,0.91176
41809,0.91176
41810,0.90588
41811,0.92549
41812,0.98627
41813,1.0373
41814,0.40392
41815,-0.44314
41816,-0.50196
41817,-0.50196
41818,-0.50196
41819,-0.50196
41820,-0.50196
41821,-0.28235
41822,0.10392
41823,0.51569
41824,0.81176
41825,0.98627
41826,1.1765
41827,1.2922
41828,1.3275
41829,1.3373
41830,1.3471
41831,1.3471
41832,1.3529
41833,1.3529
41834,1.3569
41835,1.3627
41836,1.3667
41837,1.3725
41838,1.3922
41839,1.4118
41840,1.4431
41841,1.4784
41842,1.5039
41843,1.5039
41844,1.5039
41845,1.5039
41846,1.5039
41847,1.5039
41848,1.5039
41849,1.5039
41850,1.5039
41851,1.5039
41852,1.5039
41853,1.5039
41854,1.3725
41855,1.2569
41856,1.1627
41857,1.0922
41858,1.0412
41859,1.002
41860,0.97647
41861,0.97059
41862,0.95686
41863,0.95098
41864,0.95098
41865,0.95098
41866,0.95098
41867,0.95098
41868,0.96078
41869,0.96078
41870,0.95686
41871,0.96078
41872,0.96667
41873,0.96667
41874,0.96667
41875,0.96078
41876,0.96078
41877,0.96078
41878,0.96078
41879,0.96078
41880,0.96078
41881,0.95686
41882,0.96078
41883,0.95098
41884,0.95686
41885,0.95686
41886,0.95686
41887,0.96078
41888,0.97059
41889,0.97647
41890,1.002
41891,1.0059
41892,1.0059
41893,0.99608
41894,0.98627
41895,0.99216
41896,0.97647
41897,0.95098
41898,0.92549
41899,0.91569
41900,0.91176
41901,0.90588
41902,0.90588
41903,0.91176
41904,0.93725
41905,1.0275
41906,1.0314
41907,0.12941
41908,-0.50196
41909,-0.50196
41910,-0.50196
41911,-0.50196
41912,-0.50196
41913,-0.48824
41914,-0.15098
41915,0.2451
41916,0.63529
41917,0.87647
41918,1.0471
41919,1.2373
41920,1.302
41921,1.3373
41922,1.3373
41923,1.3373
41924,1.3569
41925,1.3627
41926,1.3471
41927,1.3431
41928,1.3569
41929,1.3725
41930,1.3784
41931,1.3882
41932,1.4078
41933,1.4529
41934,1.4922
41935,1.5039
41936,1.5039
41937,1.5039
41938,1.5039
41939,1.5039
41940,1.5039
41941,1.5039
41942,1.5039
41943,1.5039
41944,1.5039
41945,1.5039
41946,1.4471
41947,1.302
41948,1.1922
41949,1.1059
41950,1.0373
41951,1.002
41952,0.94706
41953,0.92157
41954,0.93725
41955,0.92549
41956,0.91569
41957,0.93725
41958,0.92549
41959,0.91176
41960,0.90588
41961,0.93137
41962,0.94118
41963,0.92549
41964,0.93137
41965,0.92549
41966,0.93137
41967,0.92549
41968,0.92549
41969,0.92549
41970,0.92549
41971,0.92549
41972,0.92549
41973,0.92549
41974,0.93137
41975,0.92549
41976,0.92549
41977,0.93725
41978,0.93137
41979,0.94706
41980,0.95098
41981,0.97059
41982,0.98235
41983,0.98627
41984,0.97059
41985,0.96667
41986,0.97647
41987,0.95686
41988,0.94118
41989,0.92549
41990,0.91569
41991,0.91176
41992,0.91569
41993,0.91176
41994,0.91569
41995,0.95098
41996,1.051
41997,0.8451
41998,0.033333
41999,-0.50196
42000,-0.50196
42001,-0.50196
42002,-0.50196
42003,-0.50196
42004,-0.48824
42005,-0.11176
42006,0.29412
42007,0.6902
42008,0.91176
42009,1.0961
42010,1.2824
42011,1.3471
42012,1.3667
42013,1.3784
42014,1.3784
42015,1.3882
42016,1.3882
42017,1.3922
42018,1.398
42019,1.398
42020,1.4078
42021,1.4235
42022,1.4373
42023,1.4627
42024,1.498
42025,1.5039
42026,1.5039
42027,1.5039
42028,1.5039
42029,1.5039
42030,1.5039
42031,1.5039
42032,1.5039
42033,1.5039
42034,1.5039
42035,1.5039
42036,1.5039
42037,1.4725
42038,1.3431
42039,1.2314
42040,1.151
42041,1.0824
42042,1.0412
42043,1.0059
42044,0.98627
42045,0.97647
42046,0.97059
42047,0.97059
42048,0.97059
42049,0.96667
42050,0.96667
42051,0.97059
42052,0.97647
42053,0.97647
42054,0.97647
42055,0.97647
42056,0.97647
42057,0.97647
42058,0.97059
42059,0.97647
42060,0.97647
42061,0.96667
42062,0.96078
42063,0.95686
42064,0.95686
42065,0.95686
42066,0.95098
42067,0.95098
42068,0.95098
42069,0.95098
42070,0.95098
42071,0.96078
42072,0.96078
42073,0.96667
42074,0.98235
42075,1.002
42076,1.002
42077,1.002
42078,0.98627
42079,0.98235
42080,0.98627
42081,0.96667
42082,0.94706
42083,0.92549
42084,0.92157
42085,0.91569
42086,0.91569
42087,0.91176
42088,0.92157
42089,0.97059
42090,1.0373
42091,0.56471
42092,-0.26275
42093,-0.50196
42094,-0.50196
42095,-0.50196
42096,-0.50196
42097,-0.50196
42098,-0.35686
42099,0.023529
42100,0.42941
42101,0.77059
42102,0.96078
42103,1.1412
42104,1.2922
42105,1.3275
42106,1.3431
42107,1.3529
42108,1.3529
42109,1.3569
42110,1.3627
42111,1.3667
42112,1.3725
42113,1.3784
42114,1.3824
42115,1.398
42116,1.4118
42117,1.4431
42118,1.4784
42119,1.5039
42120,1.5039
42121,1.5039
42122,1.5039
42123,1.5039
42124,1.5039
42125,1.5039
42126,1.5039
42127,1.5039
42128,1.5039
42129,1.5039
42130,1.5039
42131,1.4118
42132,1.2922
42133,1.1961
42134,1.1176
42135,1.051
42136,1.0157
42137,0.98627
42138,0.97059
42139,0.95686
42140,0.95098
42141,0.94706
42142,0.95098
42143,0.95098
42144,0.95098
42145,0.95098
42146,0.95686
42147,0.95686
42148,0.95098
42149,0.96078
42150,0.96667
42151,0.96667
42152,0.96667
42153,0.96667
42154,0.96078
42155,0.96078
42156,0.96078
42157,0.95686
42158,0.95098
42159,0.95686
42160,0.95098
42161,0.95098
42162,0.95098
42163,0.95098
42164,0.95098
42165,0.96078
42166,0.96667
42167,0.98627
42168,1.002
42169,1.002
42170,1.002
42171,0.98235
42172,0.98235
42173,0.98627
42174,0.95686
42175,0.93725
42176,0.92157
42177,0.91569
42178,0.90588
42179,0.90588
42180,0.91176
42181,0.92157
42182,0.97647
42183,1.0275
42184,0.51569
42185,-0.33333
42186,-0.50196
42187,-0.50196
42188,-0.50196
42189,-0.50196
42190,-0.50196
42191,-0.32157
42192,0.058824
42193,0.46078
42194,0.78039
42195,0.96667
42196,1.1569
42197,1.2882
42198,1.3216
42199,1.3373
42200,1.3471
42201,1.3471
42202,1.3529
42203,1.3529
42204,1.3529
42205,1.3627
42206,1.3667
42207,1.3784
42208,1.3922
42209,1.4118
42210,1.4431
42211,1.4824
42212,1.5039
42213,1.5039
42214,1.5039
42215,1.5039
42216,1.5039
42217,1.5039
42218,1.5039
42219,1.5039
42220,1.5039
42221,1.5039
42222,1.5039
42223,1.5039
42224,1.3922
42225,1.2765
42226,1.1765
42227,1.1059
42228,1.051
42229,1.0118
42230,0.98235
42231,0.96667
42232,0.95686
42233,0.95098
42234,0.95098
42235,0.95098
42236,0.95098
42237,0.96078
42238,0.96078
42239,0.96078
42240,0.96667
42241,0.96078
42242,0.96667
42243,0.96078
42244,0.96078
42245,0.96667
42246,0.96667
42247,0.96078
42248,0.95098
42249,0.95686
42250,0.95098
42251,0.97059
42252,0.95098
42253,0.95098
42254,0.95686
42255,0.95098
42256,0.94706
42257,0.95686
42258,0.96078
42259,0.95098
42260,0.98627
42261,1.0059
42262,0.97647
42263,0.99216
42264,0.96667
42265,0.96078
42266,0.94706
42267,0.92157
42268,0.91176
42269,0.90196
42270,0.88627
42271,0.88039
42272,0.89608
42273,0.88627
42274,0.92157
42275,1.0157
42276,0.81176
42277,0.033333
42278,-0.50196
42279,-0.50196
42280,-0.50196
42281,-0.50196
42282,-0.50196
42283,-0.50196
42284,-0.11765
42285,0.27843
42286,0.67059
42287,0.88627
42288,1.0765
42289,1.2569
42290,1.3176
42291,1.3275
42292,1.3373
42293,1.3529
42294,1.3569
42295,1.3627
42296,1.3627
42297,1.3627
42298,1.3824
42299,1.3784
42300,1.3922
42301,1.4235
42302,1.4431
42303,1.4784
42304,1.5039
42305,1.5039
42306,1.5039
42307,1.5039
42308,1.5039
42309,1.5039
42310,1.5039
42311,1.5039
42312,1.5039
42313,1.5039
42314,1.5039
42315,1.5039
42316,1.4569
42317,1.3216
42318,1.2078
42319,1.1275
42320,1.0608
42321,1.0157
42322,0.98627
42323,0.97059
42324,0.95098
42325,0.95098
42326,0.95686
42327,0.95686
42328,0.96078
42329,0.95686
42330,0.97059
42331,0.96667
42332,0.97059
42333,0.97059
42334,0.97647
42335,0.97647
42336,0.97647
42337,0.97647
42338,0.97647
42339,0.97647
42340,0.97647
42341,0.97647
42342,0.97647
42343,0.97059
42344,0.97647
42345,0.97647
42346,0.97647
42347,0.97647
42348,0.97647
42349,0.97647
42350,0.97647
42351,0.98235
42352,0.98627
42353,1.0059
42354,1.0216
42355,1.0216
42356,1.0157
42357,0.99608
42358,0.99608
42359,1.002
42360,0.97647
42361,0.95098
42362,0.93725
42363,0.93137
42364,0.92549
42365,0.92157
42366,0.92157
42367,0.93725
42368,0.99216
42369,1.0412
42370,0.48039
42371,-0.37843
42372,-0.50196
42373,-0.50196
42374,-0.50196
42375,-0.50196
42376,-0.50196
42377,-0.30196
42378,0.084314
42379,0.49412
42380,0.81176
42381,0.99216
42382,1.1863
42383,1.3176
42384,1.3529
42385,1.3627
42386,1.3725
42387,1.3725
42388,1.3725
42389,1.3784
42390,1.3824
42391,1.3824
42392,1.3922
42393,1.398
42394,1.4176
42395,1.4333
42396,1.4627
42397,1.498
42398,1.5039
42399,1.5039
42400,1.5039
42401,1.5039
42402,1.5039
42403,1.5039
42404,1.5039
42405,1.5039
42406,1.5039
42407,1.5039
42408,1.5039
42409,1.5039
42410,1.4118
42411,1.2882
42412,1.1922
42413,1.1176
42414,1.0569
42415,1.0157
42416,0.98235
42417,0.97059
42418,0.95686
42419,0.95686
42420,0.95098
42421,0.95098
42422,0.95098
42423,0.95098
42424,0.95686
42425,0.95686
42426,0.96078
42427,0.95686
42428,0.96078
42429,0.96667
42430,0.96667
42431,0.96667
42432,0.96667
42433,0.96667
42434,0.96078
42435,0.96078
42436,0.96078
42437,0.96078
42438,0.96667
42439,0.96078
42440,0.96078
42441,0.95686
42442,0.95686
42443,0.96078
42444,0.96667
42445,0.97059
42446,0.99216
42447,1.0059
42448,1.0059
42449,1.002
42450,0.98627
42451,0.99216
42452,0.98235
42453,0.96078
42454,0.94118
42455,0.92549
42456,0.91569
42457,0.92157
42458,0.91176
42459,0.91569
42460,0.92157
42461,0.98235
42462,1.0275
42463,0.5098
42464,-0.33333
42465,-0.50196
42466,-0.50196
42467,-0.50196
42468,-0.50196
42469,-0.50196
42470,-0.32157
42471,0.062745
42472,0.47059
42473,0.7902
42474,0.97059
42475,1.1627
42476,1.2922
42477,1.3275
42478,1.3431
42479,1.3529
42480,1.3569
42481,1.3529
42482,1.3569
42483,1.3627
42484,1.3667
42485,1.3784
42486,1.3824
42487,1.398
42488,1.4235
42489,1.4471
42490,1.4882
42491,1.5039
42492,1.5039
42493,1.5039
42494,1.5039
42495,1.5039
42496,1.5039
42497,1.5039
42498,1.5039
42499,1.5039
42500,1.5039
42501,1.5039
42502,1.5039
42503,1.402
42504,1.2824
42505,1.1863
42506,1.1118
42507,1.0569
42508,1.0157
42509,0.99608
42510,0.97647
42511,0.96667
42512,0.96078
42513,0.96078
42514,0.95098
42515,0.95686
42516,0.95098
42517,0.96078
42518,0.96078
42519,0.96667
42520,0.96078
42521,0.96667
42522,0.96078
42523,0.96078
42524,0.96667
42525,0.96078
42526,0.96667
42527,0.96078
42528,0.96078
42529,0.95686
42530,0.95098
42531,0.95098
42532,0.95098
42533,0.94706
42534,0.95098
42535,0.94706
42536,0.95686
42537,0.96078
42538,0.97059
42539,0.98627
42540,1.002
42541,1.002
42542,0.99608
42543,0.97647
42544,0.98627
42545,0.98235
42546,0.95098
42547,0.94118
42548,0.91569
42549,0.90588
42550,0.90196
42551,0.91569
42552,0.88039
42553,0.92157
42554,0.99216
42555,1.0412
42556,0.27843
42557,-0.50196
42558,-0.50196
42559,-0.50196
42560,-0.50196
42561,-0.50196
42562,-0.50196
42563,-0.23137
42564,0.17451
42565,0.57059
42566,0.82157
42567,0.99608
42568,1.202
42569,1.2765
42570,1.3176
42571,1.3275
42572,1.3216
42573,1.3333
42574,1.3373
42575,1.3333
42576,1.3275
42577,1.3667
42578,1.3529
42579,1.3667
42580,1.3922
42581,1.4118
42582,1.4529
42583,1.498
42584,1.5039
42585,1.5039
42586,1.5039
42587,1.5039
42588,1.5039
42589,1.5039
42590,1.5039
42591,1.5039
42592,1.5039
42593,1.5039
42594,1.5039
42595,1.4725
42596,1.3333
42597,1.2176
42598,1.1275
42599,1.0569
42600,1.0059
42601,0.97059
42602,0.95098
42603,0.93725
42604,0.93137
42605,0.92549
42606,0.92549
42607,0.93137
42608,0.93725
42609,0.94118
42610,0.92549
42611,0.94706
42612,0.95098
42613,0.95098
42614,0.95098
42615,0.95098
42616,0.95098
42617,0.95098
42618,0.95098
42619,0.95686
42620,0.95098
42621,0.95098
42622,0.95098
42623,0.95098
42624,0.95098
42625,0.95098
42626,0.95098
42627,0.96078
42628,0.96078
42629,0.96667
42630,0.97647
42631,0.99608
42632,1.0059
42633,1.0059
42634,0.99608
42635,0.97647
42636,0.98627
42637,0.97059
42638,0.95098
42639,0.93725
42640,0.92549
42641,0.91569
42642,0.91569
42643,0.91176
42644,0.91569
42645,0.94706
42646,1.0314
42647,1.0412
42648,0.1098
42649,-0.50196
42650,-0.50196
42651,-0.50196
42652,-0.50196
42653,-0.50196
42654,-0.50196
42655,-0.15098
42656,0.2549
42657,0.6549
42658,0.8902
42659,1.0667
42660,1.2529
42661,1.3333
42662,1.3471
42663,1.3627
42664,1.3667
42665,1.3784
42666,1.3784
42667,1.3824
42668,1.3824
42669,1.3882
42670,1.398
42671,1.4078
42672,1.4235
42673,1.4471
42674,1.4824
42675,1.5039
42676,1.5039
42677,1.5039
42678,1.5039
42679,1.5039
42680,1.5039
42681,1.5039
42682,1.5039
42683,1.5039
42684,1.5039
42685,1.5039
42686,1.5039
42687,1.4784
42688,1.3471
42689,1.2373
42690,1.151
42691,1.0765
42692,1.0314
42693,0.99608
42694,0.97647
42695,0.96667
42696,0.95686
42697,0.95098
42698,0.95098
42699,0.96078
42700,0.96078
42701,0.96078
42702,0.95686
42703,0.96078
42704,0.96078
42705,0.96667
42706,0.96667
42707,0.96078
42708,0.95686
42709,0.96078
42710,0.96078
42711,0.96078
42712,0.95686
42713,0.95686
42714,0.95098
42715,0.95098
42716,0.95098
42717,0.95098
42718,0.95098
42719,0.95098
42720,0.95098
42721,0.95098
42722,0.96078
42723,0.97059
42724,0.99216
42725,1.002
42726,1.002
42727,0.99608
42728,0.98627
42729,0.99216
42730,0.97647
42731,0.95098
42732,0.93137
42733,0.91569
42734,0.91569
42735,0.91176
42736,0.91176
42737,0.91176
42738,0.94118
42739,1.0275
42740,0.86078
42741,0.094118
42742,-0.50196
42743,-0.50196
42744,-0.50196
42745,-0.50196
42746,-0.50196
42747,-0.48235
42748,-0.14118
42749,0.25882
42750,0.65098
42751,0.88627
42752,1.0667
42753,1.2471
42754,1.3176
42755,1.3373
42756,1.3471
42757,1.3529
42758,1.3569
42759,1.3627
42760,1.3569
42761,1.3627
42762,1.3627
42763,1.3784
42764,1.3882
42765,1.402
42766,1.4235
42767,1.4569
42768,1.498
42769,1.5039
42770,1.5039
42771,1.5039
42772,1.5039
42773,1.5039
42774,1.5039
42775,1.5039
42776,1.5039
42777,1.5039
42778,1.5039
42779,1.5039
42780,1.4686
42781,1.3373
42782,1.2275
42783,1.1373
42784,1.0725
42785,1.0275
42786,0.99608
42787,0.97647
42788,0.97059
42789,0.95686
42790,0.95686
42791,0.95098
42792,0.95098
42793,0.94706
42794,0.95098
42795,0.96078
42796,0.96078
42797,0.96078
42798,0.96667
42799,0.95686
42800,0.96078
42801,0.96078
42802,0.95686
42803,0.96078
42804,0.96078
42805,0.95686
42806,0.96078
42807,0.96078
42808,0.95686
42809,0.95686
42810,0.95098
42811,0.96078
42812,0.95686
42813,0.96078
42814,0.96078
42815,0.97059
42816,0.98627
42817,1.0059
42818,1.002
42819,1.0118
42820,0.98627
42821,0.98627
42822,0.97647
42823,0.96667
42824,0.94118
42825,0.92549
42826,0.91569
42827,0.91176
42828,0.91176
42829,0.91176
42830,0.92157
42831,0.97647
42832,1.0373
42833,0.57451
42834,-0.25294
42835,-0.50196
42836,-0.50196
42837,-0.50196
42838,-0.50196
42839,-0.50196
42840,-0.34314
42841,0.023529
42842,0.42941
42843,0.75098
42844,0.95098
42845,1.1373
42846,1.2765
42847,1.3176
42848,1.3373
42849,1.3333
42850,1.3471
42851,1.3529
42852,1.3471
42853,1.3333
42854,1.3725
42855,1.3667
42856,1.3627
42857,1.3784
42858,1.3922
42859,1.4275
42860,1.4569
42861,1.5039
42862,1.5039
42863,1.5039
42864,1.5039
42865,1.5039
42866,1.5039
42867,1.5039
42868,1.5039
42869,1.5039
42870,1.5039
42871,1.5039
42872,1.5039
42873,1.3824
42874,1.2569
42875,1.1667
42876,1.0824
42877,1.0118
42878,0.98627
42879,0.94706
42880,0.93725
42881,0.91569
42882,0.91176
42883,0.92549
42884,0.91569
42885,0.91176
42886,0.92157
42887,0.91176
42888,0.91569
42889,0.92549
42890,0.93137
42891,0.92157
42892,0.92549
42893,0.92157
42894,0.92549
42895,0.92549
42896,0.92157
42897,0.91176
42898,0.92549
42899,0.92157
42900,0.92157
42901,0.92157
42902,0.92549
42903,0.91569
42904,0.92549
42905,0.93725
42906,0.94118
42907,0.96078
42908,0.97647
42909,0.98235
42910,0.97647
42911,0.95686
42912,0.96667
42913,0.97059
42914,0.94706
42915,0.92549
42916,0.91569
42917,0.90588
42918,0.90588
42919,0.90588
42920,0.90588
42921,0.91569
42922,0.97059
42923,1.0569
42924,0.58431
42925,-0.30196
42926,-0.50196
42927,-0.50196
42928,-0.50196
42929,-0.50196
42930,-0.50196
42931,-0.34314
42932,0.04902
42933,0.4549
42934,0.7902
42935,0.98235
42936,1.1725
42937,1.3216
42938,1.3725
42939,1.3824
42940,1.3882
42941,1.398
42942,1.398
42943,1.398
42944,1.398
42945,1.402
42946,1.402
42947,1.4118
42948,1.4333
42949,1.4529
42950,1.4824
42951,1.5039
42952,1.5039
42953,1.5039
42954,1.5039
42955,1.5039
42956,1.5039
42957,1.5039
42958,1.5039
42959,1.5039
42960,1.5039
42961,1.5039
42962,1.5039
42963,1.5039
42964,1.4176
42965,1.298
42966,1.1961
42967,1.1118
42968,1.0569
42969,1.0216
42970,0.99608
42971,0.98235
42972,0.97647
42973,0.97059
42974,0.96667
42975,0.97647
42976,0.96667
42977,0.96078
42978,0.96667
42979,0.96667
42980,0.96667
42981,0.96667
42982,0.96667
42983,0.96667
42984,0.96078
42985,0.95686
42986,0.96667
42987,0.96667
42988,0.96078
42989,0.95686
42990,0.95686
42991,0.95686
42992,0.95686
42993,0.95098
42994,0.95098
42995,0.95686
42996,0.96078
42997,0.95686
42998,0.96667
42999,0.96667
43000,0.97647
43001,0.99608
43002,1.0059
43003,1.002
43004,1.0059
43005,0.98627
43006,0.99216
43007,0.97647
43008,0.95686
43009,0.93725
43010,0.92157
43011,0.91176
43012,0.91176
43013,0.91569
43014,0.91176
43015,0.94118
43016,1.0157
43017,1.0314
43018,0.16471
43019,-0.50196
43020,-0.50196
43021,-0.50196
43022,-0.50196
43023,-0.50196
43024,-0.50196
43025,-0.17255
43026,0.22353
43027,0.62549
43028,0.87059
43029,1.0471
43030,1.2314
43031,1.3118
43032,1.3333
43033,1.3431
43034,1.3471
43035,1.3529
43036,1.3529
43037,1.3529
43038,1.3627
43039,1.3667
43040,1.3725
43041,1.3784
43042,1.398
43043,1.4235
43044,1.4569
43045,1.498
43046,1.5039
43047,1.5039
43048,1.5039
43049,1.5039
43050,1.5039
43051,1.5039
43052,1.5039
43053,1.5039
43054,1.5039
43055,1.5039
43056,1.5039
43057,1.4784
43058,1.3471
43059,1.2431
43060,1.151
43061,1.0765
43062,1.0275
43063,0.99608
43064,0.97647
43065,0.96078
43066,0.95098
43067,0.95098
43068,0.94706
43069,0.95098
43070,0.95098
43071,0.95098
43072,0.95098
43073,0.95686
43074,0.95098
43075,0.96078
43076,0.96078
43077,0.95686
43078,0.96667
43079,0.96078
43080,0.97059
43081,0.96078
43082,0.96078
43083,0.95686
43084,0.96078
43085,0.95686
43086,0.96078
43087,0.95686
43088,0.96078
43089,0.96078
43090,0.96078
43091,0.95686
43092,0.96667
43093,0.96667
43094,0.99216
43095,1.002
43096,1.002
43097,1.002
43098,0.98627
43099,0.99216
43100,0.98235
43101,0.96078
43102,0.93725
43103,0.92157
43104,0.91569
43105,0.91176
43106,0.91176
43107,0.91176
43108,0.92549
43109,0.98627
43110,1.0373
43111,0.40392
43112,-0.44706
43113,-0.50196
43114,-0.50196
43115,-0.50196
43116,-0.50196
43117,-0.50196
43118,-0.27255
43119,0.1098
43120,0.51569
43121,0.81176
43122,0.98627
43123,1.1863
43124,1.2922
43125,1.3275
43126,1.3333
43127,1.3373
43128,1.3471
43129,1.3529
43130,1.3529
43131,1.3569
43132,1.3627
43133,1.3725
43134,1.3784
43135,1.3922
43136,1.4176
43137,1.4431
43138,1.4824
43139,1.5039
43140,1.5039
43141,1.5039
43142,1.5039
43143,1.5039
43144,1.5039
43145,1.5039
43146,1.5039
43147,1.5039
43148,1.5039
43149,1.5039
43150,1.5039
43151,1.3784
43152,1.2627
43153,1.1667
43154,1.0961
43155,1.0412
43156,1.0059
43157,0.98627
43158,0.97059
43159,0.95686
43160,0.94706
43161,0.94706
43162,0.94118
43163,0.95686
43164,0.94706
43165,0.95098
43166,0.96667
43167,0.97059
43168,0.95098
43169,0.95686
43170,0.96667
43171,0.94706
43172,0.97059
43173,0.97647
43174,0.94118
43175,0.95098
43176,0.95098
43177,0.94118
43178,0.92549
43179,0.94706
43180,0.94118
43181,0.93137
43182,0.93725
43183,0.93137
43184,0.92157
43185,0.95098
43186,0.94706
43187,0.96078
43188,0.95686
43189,0.97059
43190,0.95686
43191,0.94706
43192,0.95098
43193,0.94706
43194,0.91569
43195,0.89608
43196,0.90196
43197,0.88039
43198,0.8902
43199,0.90196
43200,0.87647
43201,0.92157
43202,1.0314
43203,0.82157
43204,-0.027451
43205,-0.50196
43206,-0.50196
43207,-0.50196
43208,-0.50196
43209,-0.50196
43210,-0.47843
43211,-0.072549
43212,0.32941
43213,0.7
43214,0.91176
43215,1.0961
43216,1.2725
43217,1.3275
43218,1.3471
43219,1.3569
43220,1.3627
43221,1.3667
43222,1.3667
43223,1.3784
43224,1.3784
43225,1.3824
43226,1.398
43227,1.402
43228,1.4176
43229,1.4431
43230,1.4882
43231,1.5039
43232,1.5039
43233,1.5039
43234,1.5039
43235,1.5039
43236,1.5039
43237,1.5039
43238,1.5039
43239,1.5039
43240,1.5039
43241,1.5039
43242,1.5039
43243,1.4686
43244,1.3373
43245,1.2275
43246,1.1471
43247,1.0824
43248,1.0412
43249,1.0059
43250,0.98627
43251,0.97647
43252,0.97647
43253,0.96667
43254,0.96667
43255,0.97059
43256,0.97059
43257,0.97647
43258,0.97647
43259,0.98235
43260,0.98235
43261,0.98235
43262,0.98235
43263,0.98235
43264,0.97647
43265,0.97647
43266,0.97647
43267,0.97647
43268,0.97647
43269,0.97059
43270,0.97059
43271,0.97059
43272,0.97059
43273,0.97059
43274,0.97059
43275,0.96667
43276,0.97059
43277,0.97647
43278,0.97059
43279,0.97059
43280,0.97647
43281,0.98235
43282,1.0059
43283,1.0157
43284,1.0157
43285,1.0059
43286,0.99608
43287,0.99608
43288,0.98627
43289,0.96078
43290,0.94706
43291,0.92157
43292,0.91569
43293,0.92157
43294,0.91569
43295,0.92157
43296,0.95098
43297,1.0275
43298,1.0314
43299,0.11961
43300,-0.50196
43301,-0.50196
43302,-0.50196
43303,-0.50196
43304,-0.50196
43305,-0.49216
43306,-0.15098
43307,0.24902
43308,0.6451
43309,0.88627
43310,1.0569
43311,1.2471
43312,1.3176
43313,1.3373
43314,1.3471
43315,1.3529
43316,1.3569
43317,1.3627
43318,1.3627
43319,1.3667
43320,1.3725
43321,1.3784
43322,1.3882
43323,1.402
43324,1.4235
43325,1.4529
43326,1.4922
43327,1.5039
43328,1.5039
43329,1.5039
43330,1.5039
43331,1.5039
43332,1.5039
43333,1.5039
43334,1.5039
43335,1.5039
43336,1.5039
43337,1.5039
43338,1.4882
43339,1.3529
43340,1.2431
43341,1.151
43342,1.0863
43343,1.0314
43344,1.002
43345,0.97647
43346,0.96667
43347,0.95098
43348,0.95098
43349,0.95686
43350,0.95098
43351,0.95686
43352,0.95686
43353,0.95686
43354,0.96078
43355,0.96078
43356,0.96078
43357,0.96078
43358,0.96667
43359,0.96667
43360,0.96667
43361,0.97059
43362,0.96667
43363,0.96667
43364,0.96078
43365,0.96078
43366,0.95686
43367,0.96078
43368,0.96078
43369,0.96667
43370,0.95686
43371,0.96078
43372,0.96078
43373,0.97059
43374,0.98235
43375,1.002
43376,1.0059
43377,1.0059
43378,0.98627
43379,0.98235
43380,0.99608
43381,0.96667
43382,0.94706
43383,0.92549
43384,0.91176
43385,0.91176
43386,0.91569
43387,0.91176
43388,0.92157
43389,0.97647
43390,1.0412
43391,0.57451
43392,-0.25294
43393,-0.50196
43394,-0.50196
43395,-0.50196
43396,-0.50196
43397,-0.50196
43398,-0.34706
43399,0.033333
43400,0.4451
43401,0.77059
43402,0.95098
43403,1.1412
43404,1.2882
43405,1.3275
43406,1.3431
43407,1.3529
43408,1.3529
43409,1.3529
43410,1.3569
43411,1.3627
43412,1.3667
43413,1.3784
43414,1.3824
43415,1.398
43416,1.4176
43417,1.4431
43418,1.4824
43419,1.5039
43420,1.5039
43421,1.5039
43422,1.5039
43423,1.5039
43424,1.5039
43425,1.5039
43426,1.5039
43427,1.5039
43428,1.5039
43429,1.5039
43430,1.5039
43431,1.4118
43432,1.2922
43433,1.1961
43434,1.1216
43435,1.0569
43436,1.0216
43437,0.99608
43438,0.98235
43439,0.97059
43440,0.97059
43441,0.96667
43442,0.96667
43443,0.96078
43444,0.96078
43445,0.96667
43446,0.96078
43447,0.95098
43448,0.96667
43449,0.97647
43450,0.96667
43451,0.95686
43452,0.97059
43453,0.97647
43454,0.95686
43455,0.97647
43456,0.94118
43457,0.95098
43458,0.96667
43459,0.94118
43460,0.93725
43461,0.95098
43462,0.93137
43463,0.94706
43464,0.95098
43465,0.94706
43466,0.94118
43467,0.95686
43468,0.98235
43469,0.98627
43470,0.97059
43471,0.96078
43472,0.96078
43473,0.95686
43474,0.93137
43475,0.91176
43476,0.8902
43477,0.88039
43478,0.88627
43479,0.8902
43480,0.88627
43481,0.89608
43482,0.92157
43483,1.0373
43484,0.5098
43485,-0.38824
43486,-0.50196
43487,-0.50196
43488,-0.50196
43489,-0.50196
43490,-0.50196
43491,-0.33725
43492,0.07451
43493,0.48039
43494,0.7902
43495,0.97059
43496,1.1725
43497,1.302
43498,1.3431
43499,1.3529
43500,1.3569
43501,1.3569
43502,1.3627
43503,1.3569
43504,1.3667
43505,1.3667
43506,1.3784
43507,1.3882
43508,1.398
43509,1.4235
43510,1.4529
43511,1.4882
43512,1.5039
43513,1.5039
43514,1.5039
43515,1.5039
43516,1.5039
43517,1.5039
43518,1.5039
43519,1.5039
43520,1.5039
43521,1.5039
43522,1.5039
43523,1.5039
43524,1.4078
43525,1.2882
43526,1.1922
43527,1.1118
43528,1.0569
43529,1.0157
43530,0.99608
43531,0.98235
43532,0.97647
43533,0.97059
43534,0.97059
43535,0.96667
43536,0.97059
43537,0.97059
43538,0.97647
43539,0.97647
43540,0.97647
43541,0.97647
43542,0.97647
43543,0.97647
43544,0.97647
43545,0.97647
43546,0.97647
43547,0.97647
43548,0.97059
43549,0.97647
43550,0.97059
43551,0.96667
43552,0.96667
43553,0.97059
43554,0.96667
43555,0.96667
43556,0.96667
43557,0.96667
43558,0.96667
43559,0.97059
43560,0.97647
43561,0.98627
43562,1.002
43563,1.0118
43564,1.0059
43565,1.002
43566,0.99608
43567,1.002
43568,0.97647
43569,0.96078
43570,0.93725
43571,0.92549
43572,0.92549
43573,0.92549
43574,0.92549
43575,0.92549
43576,0.96078
43577,1.051
43578,0.78627
43579,-0.011765
43580,-0.50196
43581,-0.50196
43582,-0.50196
43583,-0.50196
43584,-0.50196
43585,-0.43333
43586,-0.072549
43587,0.32941
43588,0.70588
43589,0.92157
43590,1.0922
43591,1.2725
43592,1.3275
43593,1.3471
43594,1.3627
43595,1.3667
43596,1.3725
43597,1.3725
43598,1.3784
43599,1.3784
43600,1.3784
43601,1.3922
43602,1.402
43603,1.4235
43604,1.4431
43605,1.4725
43606,1.5039
43607,1.5039
43608,1.5039
43609,1.5039
43610,1.5039
43611,1.5039
43612,1.5039
43613,1.5039
43614,1.5039
43615,1.5039
43616,1.5039
43617,1.5039
43618,1.4627
43619,1.3373
43620,1.2216
43621,1.1412
43622,1.0765
43623,1.0314
43624,0.99608
43625,0.97647
43626,0.96667
43627,0.96667
43628,0.95686
43629,0.96078
43630,0.95686
43631,0.95098
43632,0.95686
43633,0.95686
43634,0.95098
43635,0.96078
43636,0.96667
43637,0.97059
43638,0.97647
43639,0.97059
43640,0.97059
43641,0.96667
43642,0.97059
43643,0.96667
43644,0.96667
43645,0.96078
43646,0.96078
43647,0.95686
43648,0.95686
43649,0.95686
43650,0.96078
43651,0.96078
43652,0.96667
43653,0.97647
43654,0.99216
43655,1.0118
43656,1.002
43657,1.0118
43658,0.99216
43659,0.99216
43660,0.98235
43661,0.96078
43662,0.94118
43663,0.92549
43664,0.91569
43665,0.91569
43666,0.91569
43667,0.91569
43668,0.92549
43669,0.99216
43670,1.0412
43671,0.34902
43672,-0.50196
43673,-0.50196
43674,-0.50196
43675,-0.50196
43676,-0.50196
43677,-0.50196
43678,-0.24706
43679,0.14314
43680,0.5451
43681,0.83137
43682,1.002
43683,1.1922
43684,1.302
43685,1.3275
43686,1.3431
43687,1.3471
43688,1.3529
43689,1.3529
43690,1.3529
43691,1.3627
43692,1.3667
43693,1.3725
43694,1.3824
43695,1.398
43696,1.4176
43697,1.4431
43698,1.4824
43699,1.5039
43700,1.5039
43701,1.5039
43702,1.5039
43703,1.5039
43704,1.5039
43705,1.5039
43706,1.5039
43707,1.5039
43708,1.5039
43709,1.5039
43710,1.502
43711,1.3667
43712,1.2529
43713,1.1667
43714,1.0922
43715,1.0412
43716,1.0059
43717,0.98235
43718,0.96078
43719,0.95686
43720,0.95098
43721,0.95098
43722,0.95098
43723,0.95098
43724,0.95098
43725,0.94706
43726,0.95686
43727,0.95686
43728,0.96078
43729,0.96078
43730,0.96078
43731,0.96078
43732,0.96667
43733,0.96078
43734,0.96078
43735,0.95686
43736,0.96078
43737,0.95098
43738,0.95098
43739,0.95098
43740,0.95098
43741,0.95098
43742,0.95098
43743,0.95098
43744,0.95686
43745,0.96667
43746,0.97647
43747,1.002
43748,1.002
43749,1.002
43750,0.97647
43751,0.97647
43752,0.97059
43753,0.95098
43754,0.93137
43755,0.91569
43756,0.90588
43757,0.90588
43758,0.90588
43759,0.90588
43760,0.91176
43761,0.96078
43762,1.0373
43763,0.5902
43764,-0.23137
43765,-0.50196
43766,-0.50196
43767,-0.50196
43768,-0.50196
43769,-0.50196
43770,-0.35686
43771,0.013725
43772,0.41569
43773,0.75098
43774,0.94118
43775,1.1314
43776,1.2725
43777,1.3118
43778,1.3275
43779,1.3333
43780,1.3373
43781,1.3373
43782,1.3333
43783,1.3431
43784,1.3569
43785,1.3529
43786,1.3725
43787,1.3882
43788,1.3824
43789,1.4275
43790,1.4471
43791,1.5039
43792,1.5039
43793,1.5039
43794,1.5039
43795,1.5039
43796,1.5039
43797,1.5039
43798,1.5039
43799,1.5039
43800,1.5039
43801,1.5039
43802,1.5039
43803,1.3824
43804,1.2667
43805,1.1471
43806,1.0824
43807,1.0275
43808,0.99216
43809,0.97059
43810,0.93137
43811,0.92549
43812,0.92549
43813,0.93137
43814,0.90588
43815,0.93137
43816,0.90588
43817,0.92157
43818,0.91569
43819,0.92549
43820,0.92549
43821,0.92157
43822,0.91176
43823,0.93725
43824,0.91569
43825,0.91569
43826,0.92157
43827,0.90588
43828,0.92549
43829,0.92157
43830,0.92549
43831,0.92549
43832,0.92549
43833,0.92549
43834,0.93137
43835,0.93725
43836,0.94118
43837,0.95686
43838,0.97647
43839,0.97059
43840,0.98235
43841,0.96078
43842,0.96078
43843,0.97647
43844,0.95098
43845,0.93137
43846,0.92157
43847,0.91176
43848,0.90588
43849,0.90196
43850,0.90588
43851,0.91569
43852,0.96078
43853,1.0569
43854,0.62549
43855,-0.26667
43856,-0.50196
43857,-0.50196
43858,-0.50196
43859,-0.50196
43860,-0.50196
43861,-0.37843
43862,0.017647
43863,0.42941
43864,0.78039
43865,0.97647
43866,1.1667
43867,1.3216
43868,1.3627
43869,1.3824
43870,1.3922
43871,1.398
43872,1.398
43873,1.402
43874,1.4078
43875,1.4118
43876,1.4176
43877,1.4275
43878,1.4471
43879,1.4627
43880,1.4922
43881,1.5039
43882,1.5039
43883,1.5039
43884,1.5039
43885,1.5039
43886,1.5039
43887,1.5039
43888,1.5039
43889,1.5039
43890,1.5039
43891,1.5039
43892,1.5039
43893,1.5039
43894,1.4333
43895,1.3118
43896,1.2078
43897,1.1275
43898,1.0725
43899,1.0275
43900,0.99608
43901,0.97647
43902,0.97647
43903,0.97059
43904,0.96667
43905,0.96667
43906,0.96667
43907,0.97059
43908,0.97059
43909,0.97647
43910,0.97059
43911,0.97059
43912,0.97647
43913,0.97647
43914,0.97059
43915,0.97647
43916,0.96667
43917,0.96078
43918,0.96078
43919,0.96667
43920,0.96078
43921,0.96078
43922,0.96078
43923,0.95686
43924,0.95098
43925,0.95098
43926,0.95686
43927,0.95098
43928,0.96078
43929,0.96667
43930,0.97647
43931,0.98627
43932,1.002
43933,1.002
43934,1.002
43935,0.98235
43936,0.98235
43937,0.97647
43938,0.95686
43939,0.93725
43940,0.92157
43941,0.91176
43942,0.91176
43943,0.90588
43944,0.90588
43945,0.92157
43946,0.97647
43947,1.0275
43948,0.49412
43949,-0.33725
43950,-0.50196
43951,-0.50196
43952,-0.50196
43953,-0.50196
43954,-0.50196
43955,-0.32745
43956,0.052941
43957,0.46471
43958,0.78039
43959,0.96078
43960,1.151
43961,1.2824
43962,1.3176
43963,1.3333
43964,1.3431
43965,1.3471
43966,1.3471
43967,1.3529
43968,1.3529
43969,1.3627
43970,1.3627
43971,1.3725
43972,1.3882
43973,1.402
43974,1.4333
43975,1.4686
43976,1.5039
43977,1.5039
43978,1.5039
43979,1.5039
43980,1.5039
43981,1.5039
43982,1.5039
43983,1.5039
43984,1.5039
43985,1.5039
43986,1.5039
43987,1.5039
43988,1.398
43989,1.2765
43990,1.1824
43991,1.1059
43992,1.051
43993,1.0059
43994,0.97647
43995,0.96078
43996,0.95686
43997,0.95098
43998,0.95098
43999,0.95098
44000,0.94706
44001,0.95098
44002,0.94706
44003,0.95098
44004,0.95686
44005,0.96078
44006,0.96078
44007,0.96667
44008,0.96667
44009,0.96667
44010,0.96667
44011,0.97059
44012,0.96667
44013,0.96667
44014,0.96078
44015,0.96667
44016,0.96078
44017,0.96078
44018,0.96078
44019,0.96667
44020,0.96078
44021,0.97059
44022,0.97647
44023,0.98235
44024,1.002
44025,1.0059
44026,1.0059
44027,0.99608
44028,0.98627
44029,0.99216
44030,0.97647
44031,0.95098
44032,0.94118
44033,0.92549
44034,0.91569
44035,0.91176
44036,0.92157
44037,0.91569
44038,0.94706
44039,1.0275
44040,1.0373
44041,0.14902
44042,-0.50196
44043,-0.50196
44044,-0.50196
44045,-0.50196
44046,-0.50196
44047,-0.47843
44048,-0.15686
44049,0.23922
44050,0.63529
44051,0.87059
44052,1.0471
44053,1.2373
44054,1.3176
44055,1.3333
44056,1.3471
44057,1.3529
44058,1.3529
44059,1.3569
44060,1.3627
44061,1.3667
44062,1.3725
44063,1.3824
44064,1.3922
44065,1.4078
44066,1.4275
44067,1.4627
44068,1.4882
44069,1.5039
44070,1.5039
44071,1.5039
44072,1.5039
44073,1.5039
44074,1.5039
44075,1.5039
44076,1.5039
44077,1.5039
44078,1.5039
44079,1.5039
44080,1.4725
44081,1.3216
44082,1.2314
44083,1.1412
44084,1.0667
44085,1.0275
44086,0.98235
44087,0.96667
44088,0.96078
44089,0.93137
44090,0.93725
44091,0.92549
44092,0.93725
44093,0.92549
44094,0.94706
44095,0.94706
44096,0.93137
44097,0.92157
44098,0.93725
44099,0.92549
44100,0.93137
44101,0.92549
44102,0.94118
44103,0.90588
44104,0.92549
44105,0.92549
44106,0.92549
44107,0.91176
44108,0.92157
44109,0.91569
44110,0.92549
44111,0.92549
44112,0.91569
44113,0.93725
44114,0.93725
44115,0.95098
44116,0.97059
44117,0.97059
44118,0.97059
44119,0.94706
44120,0.95098
44121,0.95686
44122,0.92549
44123,0.91569
44124,0.89608
44125,0.89608
44126,0.88627
44127,0.88627
44128,0.89608
44129,0.8902
44130,0.96078
44131,1.0275
44132,0.4451
44133,-0.48824
44134,-0.50196
44135,-0.50196
44136,-0.50196
44137,-0.50196
44138,-0.50196
44139,-0.29804
44140,0.098039
44141,0.49412
44142,0.80588
44143,0.98627
44144,1.1863
44145,1.3118
44146,1.3471
44147,1.3569
44148,1.3627
44149,1.3627
44150,1.3725
44151,1.3784
44152,1.3784
44153,1.3824
44154,1.3922
44155,1.4078
44156,1.4235
44157,1.4431
44158,1.4725
44159,1.5039
44160,1.5039
44161,1.5039
44162,1.5039
44163,1.5039
44164,1.5039
44165,1.5039
44166,1.5039
44167,1.5039
44168,1.5039
44169,1.5039
44170,1.5039
44171,1.5039
44172,1.3882
44173,1.2667
44174,1.1725
44175,1.102
44176,1.0412
44177,1.0059
44178,0.97647
44179,0.96667
44180,0.95098
44181,0.95098
44182,0.95098
44183,0.94706
44184,0.95098
44185,0.95098
44186,0.95098
44187,0.95098
44188,0.95686
44189,0.95098
44190,0.96078
44191,0.96078
44192,0.96078
44193,0.95686
44194,0.96078
44195,0.95098
44196,0.95098
44197,0.95098
44198,0.95098
44199,0.95098
44200,0.95098
44201,0.94706
44202,0.95098
44203,0.94706
44204,0.94706
44205,0.94706
44206,0.94706
44207,0.95098
44208,0.95098
44209,0.95098
44210,0.97059
44211,0.98627
44212,0.98627
44213,0.99216
44214,0.96078
44215,0.97059
44216,0.95686
44217,0.93725
44218,0.91569
44219,0.90588
44220,0.89608
44221,0.89608
44222,0.89608
44223,0.89608
44224,0.92157
44225,0.99608
44226,1.0216
44227,0.19412
44228,-0.50196
44229,-0.50196
44230,-0.50196
44231,-0.50196
44232,-0.50196
44233,-0.50196
44234,-0.19608
44235,0.20392
44236,0.6
44237,0.8451
44238,1.0216
44239,1.2118
44240,1.298
44241,1.3216
44242,1.3275
44243,1.3373
44244,1.3431
44245,1.3471
44246,1.3471
44247,1.3529
44248,1.3529
44249,1.3627
44250,1.3784
44251,1.3824
44252,1.4118
44253,1.4373
44254,1.4784
44255,1.5039
44256,1.5039
44257,1.5039
44258,1.5039
44259,1.5039
44260,1.5039
44261,1.5039
44262,1.5039
44263,1.5039
44264,1.5039
44265,1.5039
44266,1.4824
44267,1.3529
44268,1.2373
44269,1.151
44270,1.0824
44271,1.0314
44272,0.99608
44273,0.97647
44274,0.96078
44275,0.95686
44276,0.95098
44277,0.94706
44278,0.95098
44279,0.94706
44280,0.95098
44281,0.95098
44282,0.95686
44283,0.95098
44284,0.95686
44285,0.95686
44286,0.96078
44287,0.96078
44288,0.96078
44289,0.95686
44290,0.96078
44291,0.95098
44292,0.95098
44293,0.94706
44294,0.95098
44295,0.95686
44296,0.95098
44297,0.95098
44298,0.95686
44299,0.95686
44300,0.96667
44301,0.97059
44302,0.99608
44303,1.0059
44304,1.002
44305,1.0059
44306,0.98235
44307,0.99216
44308,0.98235
44309,0.96078
44310,0.93725
44311,0.92157
44312,0.91569
44313,0.91569
44314,0.91176
44315,0.91176
44316,0.93725
44317,1.0118
44318,1.0471
44319,0.27451
44320,-0.50196
44321,-0.50196
44322,-0.50196
44323,-0.50196
44324,-0.50196
44325,-0.50196
44326,-0.21765
44327,0.17451
44328,0.57451
44329,0.84118
44330,1.0216
44331,1.2118
44332,1.3078
44333,1.3275
44334,1.3471
44335,1.3431
44336,1.3529
44337,1.3529
44338,1.3529
44339,1.3569
44340,1.3667
44341,1.3725
44342,1.3824
44343,1.398
44344,1.4235
44345,1.4471
44346,1.4922
44347,1.5039
44348,1.5039
44349,1.5039
44350,1.5039
44351,1.5039
44352,1.5039
44353,1.5039
44354,1.5039
44355,1.5039
44356,1.5039
44357,1.5039
44358,1.4882
44359,1.3627
44360,1.2431
44361,1.1569
44362,1.0863
44363,1.0412
44364,1.002
44365,0.98627
44366,0.97059
44367,0.96667
44368,0.95686
44369,0.95686
44370,0.95098
44371,0.95686
44372,0.95686
44373,0.96078
44374,0.96078
44375,0.97059
44376,0.97059
44377,0.97059
44378,0.97647
44379,0.97647
44380,0.97059
44381,0.97059
44382,0.97647
44383,0.97059
44384,0.97059
44385,0.96667
44386,0.96667
44387,0.96078
44388,0.96078
44389,0.95686
44390,0.95686
44391,0.96078
44392,0.96667
44393,0.97059
44394,0.98627
44395,1.002
44396,1.0059
44397,0.99608
44398,1.002
44399,0.97647
44400,1.002
44401,0.95098
44402,0.93137
44403,0.94118
44404,0.90588
44405,0.92157
44406,0.90588
44407,0.90196
44408,0.91176
44409,0.94706
44410,1.0471
44411,0.6549
44412,-0.18235
44413,-0.50196
44414,-0.50196
44415,-0.50196
44416,-0.50196
44417,-0.50196
44418,-0.38235
44419,-0.0058823
44420,0.38431
44421,0.73529
44422,0.92157
44423,1.1176
44424,1.2627
44425,1.302
44426,1.3176
44427,1.3373
44428,1.3275
44429,1.3275
44430,1.3275
44431,1.3471
44432,1.3529
44433,1.3529
44434,1.3569
44435,1.3824
44436,1.398
44437,1.4235
44438,1.4725
44439,1.5039
44440,1.5039
44441,1.5039
44442,1.5039
44443,1.5039
44444,1.5039
44445,1.5039
44446,1.5039
44447,1.5039
44448,1.5039
44449,1.5039
44450,1.5039
44451,1.3922
44452,1.2667
44453,1.1627
44454,1.0824
44455,1.0216
44456,0.98235
44457,0.95686
44458,0.94706
44459,0.93725
44460,0.93137
44461,0.92549
44462,0.92549
44463,0.94118
44464,0.93725
44465,0.94706
44466,0.94118
44467,0.94706
44468,0.95098
44469,0.95686
44470,0.95686
44471,0.96078
44472,0.95686
44473,0.95686
44474,0.95098
44475,0.95686
44476,0.95686
44477,0.96078
44478,0.95686
44479,0.96078
44480,0.95686
44481,0.96078
44482,0.96078
44483,0.96667
44484,0.97059
44485,0.98235
44486,1.002
44487,1.0059
44488,1.002
44489,0.98627
44490,0.98235
44491,0.98627
44492,0.97059
44493,0.95098
44494,0.93137
44495,0.92157
44496,0.92157
44497,0.91569
44498,0.91569
44499,0.91176
44500,0.96078
44501,1.0471
44502,0.74118
44503,-0.086275
44504,-0.50196
44505,-0.50196
44506,-0.50196
44507,-0.50196
44508,-0.50196
44509,-0.44314
44510,-0.066667
44511,0.34902
44512,0.72549
44513,0.93137
44514,1.1118
44515,1.2882
44516,1.3431
44517,1.3627
44518,1.3667
44519,1.3784
44520,1.3784
44521,1.3824
44522,1.3882
44523,1.3882
44524,1.398
44525,1.398
44526,1.4118
44527,1.4333
44528,1.4569
44529,1.4922
44530,1.5039
44531,1.5039
44532,1.5039
44533,1.5039
44534,1.5039
44535,1.5039
44536,1.5039
44537,1.5039
44538,1.5039
44539,1.5039
44540,1.5039
44541,1.5039
44542,1.4373
44543,1.3118
44544,1.2118
44545,1.1275
44546,1.0667
44547,1.0157
44548,0.99216
44549,0.97059
44550,0.96078
44551,0.95686
44552,0.95098
44553,0.95686
44554,0.95098
44555,0.95098
44556,0.95686
44557,0.96078
44558,0.95686
44559,0.96078
44560,0.96667
44561,0.97059
44562,0.96667
44563,0.97059
44564,0.96078
44565,0.96667
44566,0.96078
44567,0.96078
44568,0.95686
44569,0.96078
44570,0.96078
44571,0.96078
44572,0.96078
44573,0.96078
44574,0.95686
44575,0.95686
44576,0.96667
44577,0.96667
44578,0.98235
44579,1.002
44580,1.0059
44581,1.002
44582,0.98235
44583,0.98627
44584,0.99216
44585,0.96078
44586,0.94706
44587,0.92549
44588,0.91176
44589,0.91176
44590,0.91569
44591,0.91176
44592,0.92157
44593,0.96078
44594,1.0373
44595,0.59608
44596,-0.22745
44597,-0.50196
44598,-0.50196
44599,-0.50196
44600,-0.50196
44601,-0.50196
44602,-0.35686
44603,0.0039216
44604,0.41569
44605,0.7549
44606,0.95098
44607,1.1373
44608,1.2824
44609,1.3216
44610,1.3333
44611,1.3471
44612,1.3529
44613,1.3569
44614,1.3569
44615,1.3667
44616,1.3667
44617,1.3784
44618,1.3824
44619,1.398
44620,1.4118
44621,1.4431
44622,1.4784
44623,1.5039
44624,1.5039
44625,1.5039
44626,1.5039
44627,1.5039
44628,1.5039
44629,1.5039
44630,1.5039
44631,1.5039
44632,1.5039
44633,1.5039
44634,1.5039
44635,1.4176
44636,1.2922
44637,1.1961
44638,1.1216
44639,1.0608
44640,1.0157
44641,0.99216
44642,0.97647
44643,0.96667
44644,0.96667
44645,0.95098
44646,0.95686
44647,0.95686
44648,0.96078
44649,0.96078
44650,0.97647
44651,0.97647
44652,0.97059
44653,0.97647
44654,0.97647
44655,0.97647
44656,0.97647
44657,0.96667
44658,0.96667
44659,0.96667
44660,0.96078
44661,0.96667
44662,0.96078
44663,0.96667
44664,0.95686
44665,0.96078
44666,0.96078
44667,0.96078
44668,0.97059
44669,0.97647
44670,0.98235
44671,1.002
44672,1.0157
44673,1.0216
44674,1.002
44675,0.99216
44676,0.99608
44677,0.98235
44678,0.96078
44679,0.94118
44680,0.92549
44681,0.92549
44682,0.92157
44683,0.92157
44684,0.92549
44685,0.94706
44686,1.0314
44687,1.0471
44688,0.17451
44689,-0.50196
44690,-0.50196
44691,-0.50196
44692,-0.50196
44693,-0.50196
44694,-0.47843
44695,-0.15098
44696,0.23333
44697,0.62549
44698,0.87059
44699,1.0471
44700,1.2471
44701,1.3078
44702,1.3275
44703,1.3471
44704,1.3529
44705,1.3569
44706,1.3529
44707,1.3569
44708,1.3627
44709,1.3529
44710,1.3824
44711,1.3784
44712,1.398
44713,1.4176
44714,1.4373
44715,1.4882
44716,1.5039
44717,1.5039
44718,1.5039
44719,1.5039
44720,1.5039
44721,1.5039
44722,1.5039
44723,1.5039
44724,1.5039
44725,1.5039
44726,1.5039
44727,1.4529
44728,1.3275
44729,1.202
44730,1.1176
44731,1.0608
44732,1.0118
44733,0.97059
44734,0.96078
44735,0.94118
44736,0.92157
44737,0.93725
44738,0.94118
44739,0.92549
44740,0.93725
44741,0.93137
44742,0.94118
44743,0.92549
44744,0.94706
44745,0.94706
44746,0.93137
44747,0.94118
44748,0.94118
44749,0.92549
44750,0.93137
44751,0.92549
44752,0.93137
44753,0.92549
44754,0.93137
44755,0.92549
44756,0.93725
44757,0.94118
44758,0.93725
44759,0.94706
44760,0.95098
44761,0.96078
44762,0.98235
44763,0.99608
44764,0.98627
44765,0.99216
44766,0.96667
44767,0.98235
44768,0.97059
44769,0.95098
44770,0.93137
44771,0.92157
44772,0.91569
44773,0.92157
44774,0.92157
44775,0.92549
44776,0.95098
44777,1.0373
44778,1.0725
44779,0.19412
44780,-0.50196
44781,-0.50196
44782,-0.50196
44783,-0.50196
44784,-0.50196
44785,-0.50196
44786,-0.17255
44787,0.23922
44788,0.6451
44789,0.90196
44790,1.0824
44791,1.2725
44792,1.3627
44793,1.3824
44794,1.398
44795,1.398
44796,1.402
44797,1.4078
44798,1.4078
44799,1.4078
44800,1.4176
44801,1.4235
44802,1.4373
44803,1.4471
44804,1.4784
44805,1.5039
44806,1.5039
44807,1.5039
44808,1.5039
44809,1.5039
44810,1.5039
44811,1.5039
44812,1.5039
44813,1.5039
44814,1.5039
44815,1.5039
44816,1.5039
44817,1.5039
44818,1.5039
44819,1.3784
44820,1.2627
44821,1.1725
44822,1.102
44823,1.0569
44824,1.0157
44825,1.002
44826,0.98627
44827,0.98235
44828,0.97647
44829,0.97647
44830,0.97647
44831,0.97647
44832,0.97647
44833,0.97647
44834,0.97647
44835,0.97647
44836,0.97647
44837,0.97647
44838,0.98235
44839,0.97647
44840,0.97647
44841,0.97059
44842,0.97059
44843,0.97059
44844,0.97059
44845,0.96667
44846,0.96667
44847,0.95686
44848,0.96078
44849,0.97059
44850,0.96667
44851,0.96667
44852,0.97059
44853,0.97059
44854,0.97647
44855,0.99216
44856,1.0118
44857,1.0216
44858,1.0118
44859,0.99216
44860,0.99608
44861,1.002
44862,0.97059
44863,0.95098
44864,0.93137
44865,0.92549
44866,0.92157
44867,0.92157
44868,0.92157
44869,0.93725
44870,0.98627
44871,1.0373
44872,0.51961
44873,-0.32157
44874,-0.50196
44875,-0.50196
44876,-0.50196
44877,-0.50196
44878,-0.50196
44879,-0.31765
44880,0.062745
44881,0.47451
44882,0.7902
44883,0.97647
44884,1.1667
44885,1.302
44886,1.3431
44887,1.3529
44888,1.3569
44889,1.3627
44890,1.3725
44891,1.3725
44892,1.3784
44893,1.3784
44894,1.3882
44895,1.398
44896,1.4078
44897,1.4235
44898,1.4529
44899,1.4922
44900,1.5039
44901,1.5039
44902,1.5039
44903,1.5039
44904,1.5039
44905,1.5039
44906,1.5039
44907,1.5039
44908,1.5039
44909,1.5039
44910,1.5039
44911,1.5039
44912,1.4078
44913,1.2882
44914,1.1922
44915,1.1176
44916,1.051
44917,1.0157
44918,0.99216
44919,0.97647
44920,0.96667
44921,0.96078
44922,0.95686
44923,0.95686
44924,0.95686
44925,0.96078
44926,0.96078
44927,0.96078
44928,0.96667
44929,0.96667
44930,0.97647
44931,0.97059
44932,0.97647
44933,0.97647
44934,0.97647
44935,0.97059
44936,0.97059
44937,0.96667
44938,0.97059
44939,0.96078
44940,0.96078
44941,0.96078
44942,0.96667
44943,0.96078
44944,0.96078
44945,0.96667
44946,0.97059
44947,0.98235
44948,1.002
44949,1.0118
44950,1.0157
44951,1.0059
44952,0.99216
44953,0.99216
44954,0.98235
44955,0.95686
44956,0.93725
44957,0.92549
44958,0.91569
44959,0.91569
44960,0.91176
44961,0.91569
44962,0.93725
44963,1.0157
44964,1.0412
44965,0.21961
44966,-0.50196
44967,-0.50196
44968,-0.50196
44969,-0.50196
44970,-0.50196
44971,-0.50196
44972,-0.18627
44973,0.2098
44974,0.6
44975,0.85686
44976,1.0314
44977,1.2216
44978,1.3078
44979,1.3275
44980,1.3431
44981,1.3529
44982,1.3529
44983,1.3529
44984,1.3529
44985,1.3569
44986,1.3725
44987,1.3725
44988,1.3824
44989,1.398
44990,1.4275
44991,1.4529
44992,1.498
44993,1.5039
44994,1.5039
44995,1.5039
44996,1.5039
44997,1.5039
44998,1.5039
44999,1.5039
45000,1.5039
45001,1.5039
45002,1.5039
45003,1.5039
45004,1.4725
45005,1.3431
45006,1.2373
45007,1.151
45008,1.0765
45009,1.0314
45010,1.002
45011,0.97647
45012,0.96667
45013,0.95098
45014,0.94118
45015,0.94706
45016,0.95098
45017,0.93725
45018,0.95098
45019,0.95098
45020,0.96078
45021,0.94706
45022,0.95686
45023,0.95098
45024,0.95098
45025,0.95686
45026,0.93725
45027,0.95098
45028,0.93137
45029,0.92549
45030,0.94706
45031,0.93137
45032,0.94706
45033,0.93137
45034,0.92549
45035,0.92157
45036,0.92549
45037,0.93137
45038,0.91569
45039,0.93725
45040,0.95686
45041,0.96667
45042,0.96078
45043,0.93725
45044,0.94706
45045,0.92157
45046,0.93137
45047,0.90588
45048,0.91176
45049,0.88039
45050,0.87059
45051,0.88627
45052,0.88039
45053,0.87059
45054,0.88627
45055,0.95686
45056,1.0118
45057,0.38039
45058,-0.50196
45059,-0.50196
45060,-0.50196
45061,-0.50196
45062,-0.50196
45063,-0.50196
45064,-0.29216
45065,0.12941
45066,0.52549
45067,0.80588
45068,0.99608
45069,1.202
45070,1.3078
45071,1.3373
45072,1.3529
45073,1.3471
45074,1.3529
45075,1.3627
45076,1.3667
45077,1.3725
45078,1.3784
45079,1.3725
45080,1.3882
45081,1.398
45082,1.4333
45083,1.4627
45084,1.498
45085,1.5039
45086,1.5039
45087,1.5039
45088,1.5039
45089,1.5039
45090,1.5039
45091,1.5039
45092,1.5039
45093,1.5039
45094,1.5039
45095,1.5039
45096,1.5039
45097,1.3824
45098,1.2667
45099,1.1725
45100,1.0961
45101,1.0471
45102,1.0118
45103,0.99216
45104,0.98235
45105,0.97059
45106,0.96667
45107,0.97059
45108,0.96667
45109,0.97059
45110,0.97647
45111,0.97647
45112,0.97647
45113,0.97647
45114,0.97647
45115,0.97647
45116,0.97647
45117,0.97647
45118,0.97647
45119,0.97059
45120,0.97059
45121,0.96667
45122,0.96078
45123,0.96078
45124,0.95686
45125,0.96078
45126,0.96078
45127,0.95686
45128,0.96078
45129,0.95686
45130,0.96078
45131,0.95686
45132,0.95686
45133,0.96078
45134,0.97647
45135,0.99608
45136,1.0059
45137,1.0059
45138,0.99608
45139,0.98627
45140,0.99608
45141,0.97647
45142,0.96078
45143,0.94118
45144,0.92549
45145,0.92157
45146,0.92157
45147,0.91569
45148,0.91176
45149,0.95098
45150,1.0314
45151,0.85686
45152,0.088235
45153,-0.50196
45154,-0.50196
45155,-0.50196
45156,-0.50196
45157,-0.50196
45158,-0.47843
45159,-0.13137
45160,0.27451
45161,0.66078
45162,0.88627
45163,1.0667
45164,1.2529
45165,1.3216
45166,1.3431
45167,1.3529
45168,1.3569
45169,1.3627
45170,1.3627
45171,1.3627
45172,1.3667
45173,1.3725
45174,1.3784
45175,1.398
45176,1.4118
45177,1.4333
45178,1.4627
45179,1.5039
45180,1.5039
45181,1.5039
45182,1.5039
45183,1.5039
45184,1.5039
45185,1.5039
45186,1.5039
45187,1.5039
45188,1.5039
45189,1.5039
45190,1.5039
45191,1.4784
45192,1.3529
45193,1.2431
45194,1.151
45195,1.0824
45196,1.0373
45197,1.002
45198,0.98235
45199,0.97059
45200,0.96078
45201,0.95686
45202,0.95098
45203,0.95686
45204,0.95098
45205,0.95686
45206,0.95686
45207,0.96078
45208,0.96667
45209,0.97059
45210,0.97647
45211,0.97059
45212,0.97059
45213,0.97647
45214,0.97059
45215,0.97059
45216,0.96667
45217,0.96667
45218,0.96078
45219,0.96667
45220,0.96078
45221,0.96078
45222,0.96078
45223,0.96667
45224,0.96667
45225,0.97647
45226,0.99216
45227,1.0059
45228,1.0118
45229,1.0118
45230,0.99216
45231,0.98235
45232,0.99216
45233,0.97059
45234,0.95098
45235,0.93725
45236,0.92549
45237,0.91569
45238,0.91569
45239,0.91176
45240,0.92157
45241,0.96078
45242,1.0471
45243,0.71569
45244,-0.096078
45245,-0.50196
45246,-0.50196
45247,-0.50196
45248,-0.50196
45249,-0.50196
45250,-0.41176
45251,-0.05098
45252,0.35882
45253,0.72157
45254,0.92549
45255,1.1059
45256,1.2667
45257,1.3176
45258,1.3333
45259,1.3471
45260,1.3529
45261,1.3529
45262,1.3569
45263,1.3627
45264,1.3569
45265,1.3725
45266,1.3784
45267,1.398
45268,1.4078
45269,1.4373
45270,1.4725
45271,1.5039
45272,1.5039
45273,1.5039
45274,1.5039
45275,1.5039
45276,1.5039
45277,1.5039
45278,1.5039
45279,1.5039
45280,1.5039
45281,1.5039
45282,1.5039
45283,1.4275
45284,1.3078
45285,1.1961
45286,1.1275
45287,1.0569
45288,1.0216
45289,0.98627
45290,0.97647
45291,0.96667
45292,0.96078
45293,0.95098
45294,0.95098
45295,0.95098
45296,0.95098
45297,0.95098
45298,0.96078
45299,0.96078
45300,0.96078
45301,0.96667
45302,0.95686
45303,0.96667
45304,0.96667
45305,0.96078
45306,0.96078
45307,0.96667
45308,0.96078
45309,0.96078
45310,0.95098
45311,0.94706
45312,0.94118
45313,0.95686
45314,0.94118
45315,0.96078
45316,0.95098
45317,0.97059
45318,0.97647
45319,0.99608
45320,0.97647
45321,1.0059
45322,0.97059
45323,0.96078
45324,0.96667
45325,0.95686
45326,0.93137
45327,0.90196
45328,0.89608
45329,0.90196
45330,0.87647
45331,0.87059
45332,0.88627
45333,0.92157
45334,1.0157
45335,0.7902
45336,-0.011765
45337,-0.50196
45338,-0.50196
45339,-0.50196
45340,-0.50196
45341,-0.50196
45342,-0.48824
45343,-0.092157
45344,0.31373
45345,0.68039
45346,0.88039
45347,1.0824
45348,1.2431
45349,1.3078
45350,1.3431
45351,1.3275
45352,1.3333
45353,1.3431
45354,1.3529
45355,1.3471
45356,1.3431
45357,1.3627
45358,1.3784
45359,1.3882
45360,1.402
45361,1.4235
45362,1.4627
45363,1.5039
45364,1.5039
45365,1.5039
45366,1.5039
45367,1.5039
45368,1.5039
45369,1.5039
45370,1.5039
45371,1.5039
45372,1.5039
45373,1.5039
45374,1.5039
45375,1.4333
45376,1.298
45377,1.1961
45378,1.1059
45379,1.051
45380,1.0118
45381,0.98235
45382,0.96667
45383,0.95098
45384,0.95098
45385,0.94118
45386,0.94706
45387,0.94706
45388,0.95098
45389,0.95098
45390,0.95686
45391,0.95686
45392,0.96667
45393,0.96078
45394,0.97059
45395,0.96667
45396,0.96667
45397,0.96667
45398,0.96667
45399,0.96667
45400,0.96078
45401,0.95686
45402,0.96667
45403,0.96078
45404,0.96078
45405,0.95686
45406,0.95686
45407,0.96078
45408,0.96667
45409,0.97647
45410,0.97647
45411,1.002
45412,1.0059
45413,1.002
45414,0.99608
45415,0.98235
45416,0.98627
45417,0.97647
45418,0.95098
45419,0.93137
45420,0.92157
45421,0.92157
45422,0.92549
45423,0.91569
45424,0.91569
45425,0.95098
45426,1.0314
45427,0.8451
45428,0.062745
45429,-0.50196
45430,-0.50196
45431,-0.50196
45432,-0.50196
45433,-0.50196
45434,-0.48235
45435,-0.13137
45436,0.27451
45437,0.66471
45438,0.90196
45439,1.0725
45440,1.2627
45441,1.3275
45442,1.3529
45443,1.3627
45444,1.3667
45445,1.3725
45446,1.3784
45447,1.3725
45448,1.3784
45449,1.3824
45450,1.3922
45451,1.398
45452,1.4235
45453,1.4471
45454,1.4725
45455,1.5039
45456,1.5039
45457,1.5039
45458,1.5039
45459,1.5039
45460,1.5039
45461,1.5039
45462,1.5039
45463,1.5039
45464,1.5039
45465,1.5039
45466,1.5039
45467,1.4686
45468,1.3373
45469,1.2216
45470,1.1373
45471,1.0765
45472,1.0314
45473,1.002
45474,0.98235
45475,0.97059
45476,0.95686
45477,0.95686
45478,0.95098
45479,0.95098
45480,0.95098
45481,0.95686
45482,0.95686
45483,0.96078
45484,0.96667
45485,0.96667
45486,0.96078
45487,0.96667
45488,0.96667
45489,0.96667
45490,0.96667
45491,0.96078
45492,0.96078
45493,0.95686
45494,0.95686
45495,0.95098
45496,0.95098
45497,0.95098
45498,0.95098
45499,0.95098
45500,0.95686
45501,0.96667
45502,0.97647
45503,0.99608
45504,1.002
45505,1.002
45506,0.97647
45507,0.97647
45508,0.97647
45509,0.95686
45510,0.94118
45511,0.92157
45512,0.90588
45513,0.90588
45514,0.90588
45515,0.90588
45516,0.90588
45517,0.94706
45518,1.0314
45519,0.69608
45520,-0.10588
45521,-0.50196
45522,-0.50196
45523,-0.50196
45524,-0.50196
45525,-0.50196
45526,-0.41176
45527,-0.056863
45528,0.34902
45529,0.71569
45530,0.92157
45531,1.102
45532,1.2667
45533,1.3176
45534,1.3373
45535,1.3471
45536,1.3529
45537,1.3529
45538,1.3529
45539,1.3569
45540,1.3627
45541,1.3667
45542,1.3784
45543,1.3922
45544,1.4078
45545,1.4275
45546,1.4627
45547,1.5039
45548,1.5039
45549,1.5039
45550,1.5039
45551,1.5039
45552,1.5039
45553,1.5039
45554,1.5039
45555,1.5039
45556,1.5039
45557,1.5039
45558,1.5039
45559,1.4235
45560,1.2922
45561,1.1961
45562,1.1176
45563,1.0608
45564,1.0157
45565,0.99608
45566,0.97647
45567,0.96078
45568,0.95686
45569,0.95686
45570,0.95098
45571,0.95098
45572,0.95098
45573,0.95098
45574,0.95686
45575,0.95686
45576,0.96078
45577,0.96078
45578,0.96667
45579,0.96078
45580,0.96667
45581,0.96078
45582,0.95686
45583,0.96078
45584,0.96667
45585,0.96078
45586,0.96078
45587,0.95686
45588,0.95686
45589,0.95098
45590,0.95098
45591,0.95098
45592,0.95686
45593,0.97647
45594,0.98627
45595,1.002
45596,0.99608
45597,0.99216
45598,0.99608
45599,0.97059
45600,0.97647
45601,0.94118
45602,0.93725
45603,0.91176
45604,0.8902
45605,0.91176
45606,0.89608
45607,0.90588
45608,0.90196
45609,1.0118
45610,1.0314
45611,0.18824
45612,-0.50196
45613,-0.50196
45614,-0.50196
45615,-0.50196
45616,-0.50196
45617,-0.50196
45618,-0.18627
45619,0.22941
45620,0.60588
45621,0.86078
45622,1.0373
45623,1.2176
45624,1.298
45625,1.3078
45626,1.3275
45627,1.3333
45628,1.3529
45629,1.3471
45630,1.3529
45631,1.3569
45632,1.3529
45633,1.3784
45634,1.3784
45635,1.402
45636,1.4373
45637,1.4686
45638,1.5039
45639,1.5039
45640,1.5039
45641,1.5039
45642,1.5039
45643,1.5039
45644,1.5039
45645,1.5039
45646,1.5039
45647,1.5039
45648,1.5039
45649,1.5039
45650,1.4471
45651,1.3078
45652,1.1961
45653,1.1216
45654,1.0569
45655,1.002
45656,0.97059
45657,0.95098
45658,0.94706
45659,0.94118
45660,0.93725
45661,0.93725
45662,0.93725
45663,0.94118
45664,0.94706
45665,0.95686
45666,0.95098
45667,0.96078
45668,0.95686
45669,0.96078
45670,0.96667
45671,0.96667
45672,0.96078
45673,0.96078
45674,0.96078
45675,0.96667
45676,0.96078
45677,0.96667
45678,0.96078
45679,0.95686
45680,0.95098
45681,0.95098
45682,0.95686
45683,0.96667
45684,0.97647
45685,0.98235
45686,1.002
45687,1.0059
45688,1.002
45689,0.98627
45690,0.98235
45691,0.99216
45692,0.97059
45693,0.94706
45694,0.93137
45695,0.92157
45696,0.92157
45697,0.91176
45698,0.91569
45699,0.91176
45700,0.96078
45701,1.051
45702,0.71569
45703,-0.11176
45704,-0.50196
45705,-0.50196
45706,-0.50196
45707,-0.50196
45708,-0.50196
45709,-0.42353
45710,-0.05098
45711,0.3549
45712,0.73137
45713,0.93137
45714,1.1118
45715,1.2824
45716,1.3373
45717,1.3529
45718,1.3569
45719,1.3627
45720,1.3725
45721,1.3784
45722,1.3784
45723,1.3784
45724,1.3882
45725,1.398
45726,1.4078
45727,1.4235
45728,1.4529
45729,1.4882
45730,1.5039
45731,1.5039
45732,1.5039
45733,1.5039
45734,1.5039
45735,1.5039
45736,1.5039
45737,1.5039
45738,1.5039
45739,1.5039
45740,1.5039
45741,1.5039
45742,1.4373
45743,1.3078
45744,1.2078
45745,1.1216
45746,1.0569
45747,1.0118
45748,0.99216
45749,0.97059
45750,0.96078
45751,0.95098
45752,0.95098
45753,0.95098
45754,0.95098
45755,0.95686
45756,0.95686
45757,0.96078
45758,0.96078
45759,0.96078
45760,0.96078
45761,0.96667
45762,0.96667
45763,0.96078
45764,0.96078
45765,0.96667
45766,0.95686
45767,0.96078
45768,0.95686
45769,0.95686
45770,0.95686
45771,0.95686
45772,0.95686
45773,0.95686
45774,0.95686
45775,0.96078
45776,0.96667
45777,0.98235
45778,1.002
45779,1.002
45780,1.002
45781,0.98235
45782,0.98235
45783,0.98627
45784,0.96078
45785,0.93725
45786,0.92157
45787,0.91569
45788,0.90588
45789,0.90588
45790,0.90588
45791,0.91176
45792,0.95098
45793,1.0373
45794,0.72549
45795,-0.072549
45796,-0.50196
45797,-0.50196
45798,-0.50196
45799,-0.50196
45800,-0.50196
45801,-0.42353
45802,-0.066667
45803,0.3451
45804,0.71569
45805,0.91569
45806,1.0961
45807,1.2667
45808,1.3176
45809,1.3373
45810,1.3471
45811,1.3529
45812,1.3471
45813,1.3529
45814,1.3529
45815,1.3627
45816,1.3667
45817,1.3784
45818,1.398
45819,1.4118
45820,1.4333
45821,1.4725
45822,1.5039
45823,1.5039
45824,1.5039
45825,1.5039
45826,1.5039
45827,1.5039
45828,1.5039
45829,1.5039
45830,1.5039
45831,1.5039
45832,1.5039
45833,1.5039
45834,1.4235
45835,1.302
45836,1.202
45837,1.1176
45838,1.0608
45839,1.0157
45840,0.99608
45841,0.97647
45842,0.96667
45843,0.96078
45844,0.95686
45845,0.95098
45846,0.95098
45847,0.95686
45848,0.95686
45849,0.96078
45850,0.97059
45851,0.97059
45852,0.96667
45853,0.97059
45854,0.96667
45855,0.97059
45856,0.96667
45857,0.96667
45858,0.96667
45859,0.96078
45860,0.96078
45861,0.96078
45862,0.96078
45863,0.96667
45864,0.96078
45865,0.96078
45866,0.95686
45867,0.96667
45868,0.97059
45869,0.98235
45870,1.002
45871,1.0059
45872,1.0059
45873,0.99608
45874,0.98627
45875,0.99216
45876,0.97059
45877,0.95098
45878,0.92549
45879,0.92157
45880,0.91176
45881,0.91176
45882,0.91176
45883,0.91569
45884,0.95686
45885,1.0412
45886,0.8
45887,0.023529
45888,-0.50196
45889,-0.50196
45890,-0.50196
45891,-0.50196
45892,-0.50196
45893,-0.43725
45894,-0.10196
45895,0.3
45896,0.67647
45897,0.89608
45898,1.0824
45899,1.2569
45900,1.3176
45901,1.3333
45902,1.3431
45903,1.3471
45904,1.3431
45905,1.3373
45906,1.3569
45907,1.3627
45908,1.3569
45909,1.3784
45910,1.3824
45911,1.402
45912,1.4373
45913,1.4627
45914,1.502
45915,1.5039
45916,1.5039
45917,1.5039
45918,1.5039
45919,1.5039
45920,1.5039
45921,1.5039
45922,1.5039
45923,1.5039
45924,1.5039
45925,1.5039
45926,1.4275
45927,1.298
45928,1.1824
45929,1.1059
45930,1.0373
45931,1.002
45932,0.96667
45933,0.95098
45934,0.94706
45935,0.93725
45936,0.92549
45937,0.92157
45938,0.93137
45939,0.90196
45940,0.91569
45941,0.93137
45942,0.93137
45943,0.93725
45944,0.93137
45945,0.92549
45946,0.93725
45947,0.92549
45948,0.91569
45949,0.92549
45950,0.94118
45951,0.92549
45952,0.93725
45953,0.93137
45954,0.92549
45955,0.93137
45956,0.92549
45957,0.93137
45958,0.93725
45959,0.94706
45960,0.95686
45961,0.98235
45962,0.97647
45963,0.97647
45964,0.95098
45965,0.96078
45966,0.97059
45967,0.94118
45968,0.92549
45969,0.91569
45970,0.90588
45971,0.90196
45972,0.90588
45973,0.90588
45974,0.91176
45975,0.96667
45976,1.051
45977,0.5902
45978,-0.30196
45979,-0.50196
45980,-0.50196
45981,-0.50196
45982,-0.50196
45983,-0.50196
45984,-0.36667
45985,0.033333
45986,0.4451
45987,0.78627
45988,0.97647
45989,1.1667
45990,1.3176
45991,1.3569
45992,1.3784
45993,1.3784
45994,1.3882
45995,1.3922
45996,1.398
45997,1.398
45998,1.402
45999,1.4118
46000,1.4176
46001,1.4333
46002,1.4529
46003,1.4824
46004,1.5039
46005,1.5039
46006,1.5039
46007,1.5039
46008,1.5039
46009,1.5039
46010,1.5039
46011,1.5039
46012,1.5039
46013,1.5039
46014,1.5039
46015,1.5039
46016,1.5039
46017,1.4275
46018,1.302
46019,1.202
46020,1.1216
46021,1.0667
46022,1.0216
46023,1.002
46024,0.98235
46025,0.97059
46026,0.97059
46027,0.97059
46028,0.97059
46029,0.97059
46030,0.97059
46031,0.97059
46032,0.97059
46033,0.97059
46034,0.97059
46035,0.97059
46036,0.97059
46037,0.97059
46038,0.97059
46039,0.96078
46040,0.96078
46041,0.96078
46042,0.96667
46043,0.96667
46044,0.96667
46045,0.96078
46046,0.96667
46047,0.96078
46048,0.96078
46049,0.95686
46050,0.95686
46051,0.95686
46052,0.96667
46053,0.97059
46054,0.98235
46055,1.002
46056,1.002
46057,1.002
46058,0.97647
46059,0.98235
46060,0.97647
46061,0.95098
46062,0.93725
46063,0.92157
46064,0.90588
46065,0.91176
46066,0.90588
46067,0.90588
46068,0.92157
46069,0.98235
46070,1.0314
46071,0.49412
46072,-0.34706
46073,-0.50196
46074,-0.50196
46075,-0.50196
46076,-0.50196
46077,-0.50196
46078,-0.32157
46079,0.058824
46080,0.47059
46081,0.7902
46082,0.97647
46083,1.1627
46084,1.2922
46085,1.3275
46086,1.3431
46087,1.3431
46088,1.3529
46089,1.3529
46090,1.3569
46091,1.3627
46092,1.3667
46093,1.3725
46094,1.3824
46095,1.398
46096,1.4118
46097,1.4431
46098,1.4784
46099,1.5039
46100,1.5039
46101,1.5039
46102,1.5039
46103,1.5039
46104,1.5039
46105,1.5039
46106,1.5039
46107,1.5039
46108,1.5039
46109,1.5039
46110,1.5039
46111,1.402
46112,1.2824
46113,1.1863
46114,1.1059
46115,1.0569
46116,1.0157
46117,0.99608
46118,0.97647
46119,0.97059
46120,0.96667
46121,0.96667
46122,0.95686
46123,0.95686
46124,0.95686
46125,0.96078
46126,0.96667
46127,0.96667
46128,0.96667
46129,0.96667
46130,0.96667
46131,0.97059
46132,0.97059
46133,0.96667
46134,0.96667
46135,0.96667
46136,0.96667
46137,0.96667
46138,0.96667
46139,0.96078
46140,0.97059
46141,0.96078
46142,0.96078
46143,0.96667
46144,0.97647
46145,0.97647
46146,0.99608
46147,1.0118
46148,1.0157
46149,1.0118
46150,0.99216
46151,0.99608
46152,0.98627
46153,0.97059
46154,0.94706
46155,0.92549
46156,0.92157
46157,0.91569
46158,0.92157
46159,0.92157
46160,0.93725
46161,0.99608
46162,1.0412
46163,0.43529
46164,-0.40196
46165,-0.50196
46166,-0.50196
46167,-0.50196
46168,-0.50196
46169,-0.50196
46170,-0.28824
46171,0.098039
46172,0.50588
46173,0.81176
46174,0.98627
46175,1.1824
46176,1.2922
46177,1.3275
46178,1.3431
46179,1.3529
46180,1.3529
46181,1.3529
46182,1.3627
46183,1.3569
46184,1.3667
46185,1.3725
46186,1.3824
46187,1.398
46188,1.4235
46189,1.4431
46190,1.4882
46191,1.5039
46192,1.5039
46193,1.5039
46194,1.5039
46195,1.5039
46196,1.5039
46197,1.5039
46198,1.5039
46199,1.5039
46200,1.5039
46201,1.5039
46202,1.5039
46203,1.3824
46204,1.2667
46205,1.1765
46206,1.1059
46207,1.051
46208,1.0157
46209,0.99216
46210,0.97647
46211,0.96667
46212,0.95686
46213,0.95686
46214,0.95098
46215,0.96078
46216,0.95098
46217,0.97647
46218,0.96078
46219,0.97059
46220,0.95686
46221,0.97059
46222,0.97647
46223,0.96667
46224,0.95098
46225,0.96667
46226,0.94706
46227,0.95686
46228,0.95098
46229,0.94118
46230,0.93725
46231,0.95098
46232,0.94706
46233,0.93137
46234,0.92549
46235,0.94118
46236,0.94706
46237,0.93137
46238,0.96667
46239,0.98235
46240,0.96667
46241,0.97059
46242,0.95098
46243,0.95098
46244,0.94118
46245,0.94706
46246,0.90196
46247,0.91176
46248,0.88039
46249,0.8902
46250,0.87647
46251,0.88627
46252,0.88039
46253,0.96078
46254,1.0216
46255,0.49412
46256,-0.41176
46257,-0.50196
46258,-0.50196
46259,-0.50196
46260,-0.50196
46261,-0.50196
46262,-0.32745
46263,0.084314
46264,0.4902
46265,0.8
46266,0.97647
46267,1.1725
46268,1.3078
46269,1.3373
46270,1.3529
46271,1.3529
46272,1.3569
46273,1.3627
46274,1.3627
46275,1.3569
46276,1.3784
46277,1.3824
46278,1.3922
46279,1.402
46280,1.4235
46281,1.4529
46282,1.502
46283,1.5039
46284,1.5039
46285,1.5039
46286,1.5039
46287,1.5039
46288,1.5039
46289,1.5039
46290,1.5039
46291,1.5039
46292,1.5039
46293,1.5039
46294,1.5039
46295,1.402
46296,1.2824
46297,1.1863
46298,1.1059
46299,1.0608
46300,1.0157
46301,0.99608
46302,0.98235
46303,0.97647
46304,0.97059
46305,0.97647
46306,0.97647
46307,0.97647
46308,0.97647
46309,0.97647
46310,0.97647
46311,0.97647
46312,0.97647
46313,0.98235
46314,0.98235
46315,0.98235
46316,0.97647
46317,0.97647
46318,0.97059
46319,0.97059
46320,0.96667
46321,0.96667
46322,0.96078
46323,0.96667
46324,0.96667
46325,0.96667
46326,0.96667
46327,0.96667
46328,0.96078
46329,0.95686
46330,0.97647
46331,0.97647
46332,0.98627
46333,1.002
46334,1.0118
46335,1.0059
46336,0.99608
46337,0.98627
46338,0.99216
46339,0.97059
46340,0.95098
46341,0.93137
46342,0.92549
46343,0.92157
46344,0.91569
46345,0.91176
46346,0.92157
46347,0.96667
46348,1.0471
46349,0.61961
46350,-0.19608
46351,-0.50196
46352,-0.50196
46353,-0.50196
46354,-0.50196
46355,-0.50196
46356,-0.37843
46357,-0.0019608
46358,0.4
46359,0.7451
46360,0.93725
46361,1.1216
46362,1.2725
46363,1.3216
46364,1.3373
46365,1.3471
46366,1.3529
46367,1.3529
46368,1.3529
46369,1.3627
46370,1.3627
46371,1.3725
46372,1.3784
46373,1.398
46374,1.4176
46375,1.4431
46376,1.4686
46377,1.5039
46378,1.5039
46379,1.5039
46380,1.5039
46381,1.5039
46382,1.5039
46383,1.5039
46384,1.5039
46385,1.5039
46386,1.5039
46387,1.5039
46388,1.5039
46389,1.4275
46390,1.3078
46391,1.1961
46392,1.1275
46393,1.0608
46394,1.0157
46395,0.98627
46396,0.97059
46397,0.95098
46398,0.95098
46399,0.95098
46400,0.95098
46401,0.95098
46402,0.95098
46403,0.95098
46404,0.95098
46405,0.96078
46406,0.95686
46407,0.96667
46408,0.96667
46409,0.96667
46410,0.96667
46411,0.96078
46412,0.95686
46413,0.95686
46414,0.95098
46415,0.95098
46416,0.95098
46417,0.95686
46418,0.95098
46419,0.95098
46420,0.95098
46421,0.95686
46422,0.96078
46423,0.97059
46424,0.99216
46425,1.0059
46426,1.0059
46427,1.002
46428,0.98627
46429,0.99216
46430,0.98235
46431,0.95686
46432,0.93725
46433,0.92157
46434,0.91569
46435,0.90588
46436,0.90588
46437,0.91176
46438,0.93137
46439,0.99608
46440,1.0471
46441,0.3549
46442,-0.48824
46443,-0.50196
46444,-0.50196
46445,-0.50196
46446,-0.50196
46447,-0.50196
46448,-0.24706
46449,0.13333
46450,0.53922
46451,0.82157
46452,0.99608
46453,1.1922
46454,1.302
46455,1.3275
46456,1.3373
46457,1.3471
46458,1.3529
46459,1.3569
46460,1.3569
46461,1.3627
46462,1.3667
46463,1.3824
46464,1.3824
46465,1.398
46466,1.4235
46467,1.4471
46468,1.4882
46469,1.5039
46470,1.5039
46471,1.5039
46472,1.5039
46473,1.5039
46474,1.5039
46475,1.5039
46476,1.5039
46477,1.5039
46478,1.5039
46479,1.5039
46480,1.498
46481,1.3627
46482,1.2569
46483,1.1667
46484,1.0961
46485,1.0412
46486,1.0118
46487,0.98627
46488,0.97059
46489,0.96078
46490,0.96667
46491,0.96078
46492,0.96078
46493,0.95686
46494,0.96667
46495,0.96667
46496,0.96667
46497,0.96667
46498,0.97059
46499,0.96667
46500,0.96667
46501,0.96667
46502,0.96667
46503,0.96078
46504,0.96667
46505,0.96667
46506,0.95686
46507,0.96078
46508,0.96078
46509,0.96667
46510,0.96078
46511,0.96078
46512,0.96078
46513,0.96078
46514,0.97059
46515,0.97647
46516,1.002
46517,1.0118
46518,1.0118
46519,1.002
46520,0.99216
46521,0.99608
46522,0.97647
46523,0.95686
46524,0.93725
46525,0.92157
46526,0.91176
46527,0.91569
46528,0.90588
46529,0.89608
46530,0.93137
46531,1.0157
46532,1.0471
46533,0.21961
46534,-0.50196
46535,-0.50196
46536,-0.50196
46537,-0.50196
46538,-0.50196
46539,-0.50196
46540,-0.17647
46541,0.2098
46542,0.6
46543,0.85686
46544,1.0314
46545,1.202
46546,1.298
46547,1.3078
46548,1.3333
46549,1.3118
46550,1.3333
46551,1.3431
46552,1.3373
46553,1.3471
46554,1.3431
46555,1.3569
46556,1.3784
46557,1.398
46558,1.402
46559,1.4431
46560,1.4922
46561,1.5039
46562,1.5039
46563,1.5039
46564,1.5039
46565,1.5039
46566,1.5039
46567,1.5039
46568,1.5039
46569,1.5039
46570,1.5039
46571,1.5039
46572,1.4471
46573,1.3118
46574,1.2078
46575,1.1059
46576,1.051
46577,1.0059
46578,0.96667
46579,0.94706
46580,0.93137
46581,0.92549
46582,0.92157
46583,0.92157
46584,0.92157
46585,0.92549
46586,0.92549
46587,0.92157
46588,0.92157
46589,0.92549
46590,0.92549
46591,0.93137
46592,0.92549
46593,0.92549
46594,0.93725
46595,0.93137
46596,0.93725
46597,0.93725
46598,0.93725
46599,0.93137
46600,0.93725
46601,0.93725
46602,0.94118
46603,0.95098
46604,0.95098
46605,0.96667
46606,0.98627
46607,1.002
46608,0.99608
46609,0.99608
46610,0.97647
46611,0.98235
46612,0.97647
46613,0.95686
46614,0.93725
46615,0.92549
46616,0.92157
46617,0.91569
46618,0.91569
46619,0.92157
46620,0.93725
46621,1.002
46622,1.0569
46623,0.43922
46624,-0.45294
46625,-0.50196
46626,-0.50196
46627,-0.50196
46628,-0.50196
46629,-0.50196
46630,-0.28824
46631,0.10392
46632,0.51569
46633,0.82549
46634,1.002
46635,1.1961
46636,1.3216
46637,1.3529
46638,1.3667
46639,1.3725
46640,1.3784
46641,1.3784
46642,1.3824
46643,1.3882
46644,1.398
46645,1.398
46646,1.4118
46647,1.4235
46648,1.4471
46649,1.4784
46650,1.5039
46651,1.5039
46652,1.5039
46653,1.5039
46654,1.5039
46655,1.5039
46656,1.5039
46657,1.5039
46658,1.5039
46659,1.5039
46660,1.5039
46661,1.5039
46662,1.5039
46663,1.3922
46664,1.2667
46665,1.1725
46666,1.102
46667,1.051
46668,1.0059
46669,0.98627
46670,0.97647
46671,0.97059
46672,0.96078
46673,0.95686
46674,0.95686
46675,0.95686
46676,0.95686
46677,0.96078
46678,0.95686
46679,0.95686
46680,0.96078
46681,0.96078
46682,0.96667
46683,0.96078
46684,0.96667
46685,0.96078
46686,0.96667
46687,0.96078
46688,0.96667
46689,0.96078
46690,0.95686
46691,0.95098
46692,0.95686
46693,0.96078
46694,0.95686
46695,0.95098
46696,0.95098
46697,0.96078
46698,0.97059
46699,0.98235
46700,1.002
46701,1.0059
46702,1.002
46703,0.98627
46704,0.98235
46705,0.99216
46706,0.96667
46707,0.94706
46708,0.92549
46709,0.91569
46710,0.91176
46711,0.91176
46712,0.91176
46713,0.92157
46714,0.96078
46715,1.0412
46716,0.66471
46717,-0.14118
46718,-0.50196
46719,-0.50196
46720,-0.50196
46721,-0.50196
46722,-0.50196
46723,-0.38235
46724,-0.021569
46725,0.38431
46726,0.74118
46727,0.93725
46728,1.1176
46729,1.2824
46730,1.3275
46731,1.3431
46732,1.3471
46733,1.3529
46734,1.3569
46735,1.3627
46736,1.3667
46737,1.3725
46738,1.3784
46739,1.3824
46740,1.398
46741,1.4118
46742,1.4431
46743,1.4725
46744,1.5039
46745,1.5039
46746,1.5039
46747,1.5039
46748,1.5039
46749,1.5039
46750,1.5039
46751,1.5039
46752,1.5039
46753,1.5039
46754,1.5039
46755,1.5039
46756,1.4176
46757,1.302
46758,1.1961
46759,1.1275
46760,1.0608
46761,1.0157
46762,0.99216
46763,0.97647
46764,0.96078
46765,0.95686
46766,0.95098
46767,0.95098
46768,0.95686
46769,0.95686
46770,0.96667
46771,0.97059
46772,0.96667
46773,0.96667
46774,0.97059
46775,0.96667
46776,0.97059
46777,0.96667
46778,0.97059
46779,0.96667
46780,0.95686
46781,0.96078
46782,0.95686
46783,0.95686
46784,0.95686
46785,0.96078
46786,0.96667
46787,0.96078
46788,0.96667
46789,0.96667
46790,0.97059
46791,0.97647
46792,1.002
46793,1.0059
46794,1.0059
46795,0.99608
46796,0.98627
46797,0.99216
46798,0.97647
46799,0.95686
46800,0.93137
46801,0.92549
46802,0.91569
46803,0.91176
46804,0.91176
46805,0.91569
46806,0.94706
46807,1.0373
46808,0.81569
46809,0.04902
46810,-0.50196
46811,-0.50196
46812,-0.50196
46813,-0.50196
46814,-0.50196
46815,-0.44314
46816,-0.10588
46817,0.28431
46818,0.66471
46819,0.8902
46820,1.0667
46821,1.2529
46822,1.3118
46823,1.3275
46824,1.3431
46825,1.3471
46826,1.3529
46827,1.3529
46828,1.3569
46829,1.3569
46830,1.3667
46831,1.3627
46832,1.3882
46833,1.4118
46834,1.4275
46835,1.4569
46836,1.498
46837,1.5039
46838,1.5039
46839,1.5039
46840,1.5039
46841,1.5039
46842,1.5039
46843,1.5039
46844,1.5039
46845,1.5039
46846,1.5039
46847,1.5039
46848,1.4275
46849,1.2922
46850,1.202
46851,1.1059
46852,1.0373
46853,0.98627
46854,0.97059
46855,0.96667
46856,0.94706
46857,0.92157
46858,0.91176
46859,0.94118
46860,0.93725
46861,0.91569
46862,0.92549
46863,0.90588
46864,0.92549
46865,0.93137
46866,0.92549
46867,0.93137
46868,0.94118
46869,0.92157
46870,0.90588
46871,0.92549
46872,0.92157
46873,0.91569
46874,0.93137
46875,0.91569
46876,0.92549
46877,0.92549
46878,0.91569
46879,0.92549
46880,0.93137
46881,0.93725
46882,0.93137
46883,0.96667
46884,0.97647
46885,0.97059
46886,0.96078
46887,0.95098
46888,0.96667
46889,0.95098
46890,0.92549
46891,0.90588
46892,0.90588
46893,0.90196
46894,0.90196
46895,0.89608
46896,0.90588
46897,0.93725
46898,1.0314
46899,1.0471
46900,0.058824
46901,-0.50196
46902,-0.50196
46903,-0.50196
46904,-0.50196
46905,-0.50196
46906,-0.50196
46907,-0.12157
46908,0.28431
46909,0.67647
46910,0.90588
46911,1.0922
46912,1.2765
46913,1.3471
46914,1.3667
46915,1.3784
46916,1.3784
46917,1.3882
46918,1.398
46919,1.398
46920,1.402
46921,1.4078
46922,1.4235
46923,1.4275
46924,1.4431
46925,1.4725
46926,1.5039
46927,1.5039
46928,1.5039
46929,1.5039
46930,1.5039
46931,1.5039
46932,1.5039
46933,1.5039
46934,1.5039
46935,1.5039
46936,1.5039
46937,1.5039
46938,1.5039
46939,1.4725
46940,1.3431
46941,1.2314
46942,1.151
46943,1.0765
46944,1.0373
46945,1.002
46946,0.98627
46947,0.97647
46948,0.97059
46949,0.97059
46950,0.96667
46951,0.96667
46952,0.97059
46953,0.97059
46954,0.97647
46955,0.97059
46956,0.97647
46957,0.97059
46958,0.97059
46959,0.97059
46960,0.97059
46961,0.97059
46962,0.97059
46963,0.96667
46964,0.96078
46965,0.96667
46966,0.96078
46967,0.96078
46968,0.95686
46969,0.96078
46970,0.95686
46971,0.95686
46972,0.95098
46973,0.95686
46974,0.96078
46975,0.97059
46976,0.97059
46977,0.99216
46978,1.0059
46979,1.0059
46980,1.002
46981,0.98235
46982,0.98235
46983,0.97647
46984,0.95098
46985,0.93137
46986,0.92157
46987,0.91176
46988,0.91176
46989,0.90588
46990,0.91176
46991,0.92549
46992,0.98627
46993,1.0314
46994,0.4451
46995,-0.39804
46996,-0.50196
46997,-0.50196
46998,-0.50196
46999,-0.50196
47000,-0.50196
47001,-0.29216
47002,0.094118
47003,0.5
47004,0.80588
47005,0.98235
47006,1.1725
47007,1.2922
47008,1.3275
47009,1.3431
47010,1.3471
47011,1.3529
47012,1.3471
47013,1.3529
47014,1.3569
47015,1.3667
47016,1.3667
47017,1.3784
47018,1.3882
47019,1.4078
47020,1.4373
47021,1.4725
47022,1.5039
47023,1.5039
47024,1.5039
47025,1.5039
47026,1.5039
47027,1.5039
47028,1.5039
47029,1.5039
47030,1.5039
47031,1.5039
47032,1.5039
47033,1.5039
47034,1.3824
47035,1.2667
47036,1.1725
47037,1.0961
47038,1.0471
47039,1.002
47040,0.97647
47041,0.96667
47042,0.95686
47043,0.95098
47044,0.95686
47045,0.95098
47046,0.95098
47047,0.95098
47048,0.95098
47049,0.95098
47050,0.95098
47051,0.95686
47052,0.96078
47053,0.96078
47054,0.96078
47055,0.96078
47056,0.96078
47057,0.96667
47058,0.95686
47059,0.95686
47060,0.95686
47061,0.96078
47062,0.95098
47063,0.95098
47064,0.95098
47065,0.95098
47066,0.95098
47067,0.95686
47068,0.96667
47069,0.98627
47070,1.002
47071,1.002
47072,1.002
47073,0.98235
47074,0.98627
47075,0.97647
47076,0.95686
47077,0.93725
47078,0.92157
47079,0.91176
47080,0.90588
47081,0.91176
47082,0.90588
47083,0.92157
47084,0.98235
47085,1.0314
47086,0.42549
47087,-0.42353
47088,-0.50196
47089,-0.50196
47090,-0.50196
47091,-0.50196
47092,-0.50196
47093,-0.28235
47094,0.10392
47095,0.50588
47096,0.80588
47097,0.98627
47098,1.1765
47099,1.298
47100,1.3275
47101,1.3373
47102,1.3431
47103,1.3471
47104,1.3529
47105,1.3529
47106,1.3529
47107,1.3627
47108,1.3725
47109,1.3824
47110,1.398
47111,1.4176
47112,1.4431
47113,1.4824
47114,1.5039
47115,1.5039
47116,1.5039
47117,1.5039
47118,1.5039
47119,1.5039
47120,1.5039
47121,1.5039
47122,1.5039
47123,1.5039
47124,1.5039
47125,1.5039
47126,1.3725
47127,1.2569
47128,1.1667
47129,1.0922
47130,1.0412
47131,0.98627
47132,1.002
47133,0.96667
47134,0.96078
47135,0.94118
47136,0.94706
47137,0.95098
47138,0.95686
47139,0.94706
47140,0.94118
47141,0.95686
47142,0.96078
47143,0.94706
47144,0.92549
47145,0.94706
47146,0.93725
47147,0.95098
47148,0.92549
47149,0.95098
47150,0.93725
47151,0.92549
47152,0.91569
47153,0.90588
47154,0.92549
47155,0.91176
47156,0.92549
47157,0.92157
47158,0.93137
47159,0.90588
47160,0.91569
47161,0.95098
47162,0.96078
47163,0.95686
47164,0.95098
47165,0.94118
47166,0.93137
47167,0.94706
47168,0.90588
47169,0.90588
47170,0.87059
47171,0.87647
47172,0.87059
47173,0.8902
47174,0.89608
47175,0.87647
47176,0.94706
47177,1.0314
47178,0.51569
47179,-0.41176
47180,-0.50196
47181,-0.50196
47182,-0.50196
47183,-0.50196
47184,-0.50196
47185,-0.34706
47186,0.062745
47187,0.47059
47188,0.7902
47189,0.97647
47190,1.1725
47191,1.302
47192,1.3529
47193,1.3627
47194,1.3784
47195,1.3784
47196,1.3784
47197,1.3784
47198,1.3882
47199,1.3922
47200,1.398
47201,1.4078
47202,1.4235
47203,1.4431
47204,1.4784
47205,1.5039
47206,1.5039
47207,1.5039
47208,1.5039
47209,1.5039
47210,1.5039
47211,1.5039
47212,1.5039
47213,1.5039
47214,1.5039
47215,1.5039
47216,1.5039
47217,1.5039
47218,1.4118
47219,1.298
47220,1.1961
47221,1.1176
47222,1.0667
47223,1.0275
47224,1.002
47225,0.98235
47226,0.97647
47227,0.97647
47228,0.97059
47229,0.97059
47230,0.97059
47231,0.97647
47232,0.97647
47233,0.97647
47234,0.97647
47235,0.97647
47236,0.97647
47237,0.97059
47238,0.97647
47239,0.97647
47240,0.97647
47241,0.97059
47242,0.97059
47243,0.96667
47244,0.97059
47245,0.96667
47246,0.96667
47247,0.96667
47248,0.96667
47249,0.96667
47250,0.96667
47251,0.96667
47252,0.96078
47253,0.96667
47254,0.97059
47255,0.97647
47256,0.99608
47257,1.0118
47258,1.0118
47259,1.0157
47260,0.99216
47261,0.99608
47262,0.98627
47263,0.97059
47264,0.94706
47265,0.92549
47266,0.92157
47267,0.92157
47268,0.91569
47269,0.91176
47270,0.93137
47271,0.98627
47272,1.0373
47273,0.43529
47274,-0.41765
47275,-0.50196
47276,-0.50196
47277,-0.50196
47278,-0.50196
47279,-0.50196
47280,-0.29216
47281,0.098039
47282,0.5
47283,0.80588
47284,0.98627
47285,1.1725
47286,1.2922
47287,1.3275
47288,1.3431
47289,1.3431
47290,1.3529
47291,1.3569
47292,1.3627
47293,1.3627
47294,1.3667
47295,1.3725
47296,1.3824
47297,1.398
47298,1.4176
47299,1.4431
47300,1.4784
47301,1.5039
47302,1.5039
47303,1.5039
47304,1.5039
47305,1.5039
47306,1.5039
47307,1.5039
47308,1.5039
47309,1.5039
47310,1.5039
47311,1.5039
47312,1.5039
47313,1.3922
47314,1.2725
47315,1.1725
47316,1.102
47317,1.051
47318,1.0059
47319,0.98235
47320,0.96078
47321,0.95098
47322,0.95686
47323,0.95686
47324,0.95098
47325,0.95098
47326,0.95686
47327,0.95098
47328,0.95098
47329,0.95098
47330,0.96078
47331,0.96078
47332,0.96078
47333,0.96078
47334,0.96078
47335,0.95686
47336,0.96078
47337,0.95686
47338,0.96078
47339,0.96078
47340,0.96078
47341,0.95686
47342,0.96078
47343,0.95686
47344,0.96078
47345,0.95686
47346,0.96667
47347,0.97059
47348,0.99216
47349,1.002
47350,1.002
47351,1.002
47352,0.98235
47353,0.98627
47354,0.97647
47355,0.95686
47356,0.93725
47357,0.92157
47358,0.91176
47359,0.91176
47360,0.90588
47361,0.91176
47362,0.92157
47363,0.99216
47364,1.0373
47365,0.42549
47366,-0.42745
47367,-0.50196
47368,-0.50196
47369,-0.50196
47370,-0.50196
47371,-0.50196
47372,-0.26667
47373,0.11373
47374,0.51961
47375,0.81569
47376,0.99608
47377,1.1824
47378,1.298
47379,1.3275
47380,1.3373
47381,1.3471
47382,1.3529
47383,1.3529
47384,1.3569
47385,1.3627
47386,1.3667
47387,1.3627
47388,1.3784
47389,1.398
47390,1.4176
47391,1.4471
47392,1.4882
47393,1.5039
47394,1.5039
47395,1.5039
47396,1.5039
47397,1.5039
47398,1.5039
47399,1.5039
47400,1.5039
47401,1.5039
47402,1.5039
47403,1.5039
47404,1.5039
47405,1.3784
47406,1.2667
47407,1.1725
47408,1.0961
47409,1.0471
47410,1.0059
47411,0.98627
47412,0.97059
47413,0.96078
47414,0.95686
47415,0.95098
47416,0.95098
47417,0.95686
47418,0.95686
47419,0.96078
47420,0.95686
47421,0.96667
47422,0.96078
47423,0.96667
47424,0.95686
47425,0.96078
47426,0.95686
47427,0.96078
47428,0.96078
47429,0.95686
47430,0.96078
47431,0.95686
47432,0.96078
47433,0.95686
47434,0.95686
47435,0.96078
47436,0.96078
47437,0.96078
47438,0.97647
47439,0.97647
47440,1.002
47441,1.002
47442,1.0059
47443,0.99608
47444,0.98627
47445,0.98627
47446,0.97647
47447,0.95098
47448,0.94118
47449,0.91569
47450,0.91569
47451,0.91176
47452,0.91176
47453,0.90588
47454,0.93725
47455,1.0118
47456,1.0314
47457,0.19412
47458,-0.50196
47459,-0.50196
47460,-0.50196
47461,-0.50196
47462,-0.50196
47463,-0.50196
47464,-0.16667
47465,0.23333
47466,0.61569
47467,0.85686
47468,1.0216
47469,1.2275
47470,1.302
47471,1.3176
47472,1.3275
47473,1.3431
47474,1.3216
47475,1.3529
47476,1.3333
47477,1.3373
47478,1.3529
47479,1.3471
47480,1.3784
47481,1.3882
47482,1.4176
47483,1.4373
47484,1.5039
47485,1.5039
47486,1.5039
47487,1.5039
47488,1.5039
47489,1.5039
47490,1.5039
47491,1.5039
47492,1.5039
47493,1.5039
47494,1.5039
47495,1.5039
47496,1.4627
47497,1.3176
47498,1.202
47499,1.1059
47500,1.0412
47501,0.99216
47502,0.96078
47503,0.95098
47504,0.93725
47505,0.92157
47506,0.92549
47507,0.92549
47508,0.92549
47509,0.92549
47510,0.92549
47511,0.93137
47512,0.92549
47513,0.93137
47514,0.93137
47515,0.94118
47516,0.93137
47517,0.92549
47518,0.93725
47519,0.94706
47520,0.94118
47521,0.94118
47522,0.93725
47523,0.94118
47524,0.94118
47525,0.94118
47526,0.94706
47527,0.95098
47528,0.95098
47529,0.95686
47530,0.97647
47531,0.99608
47532,0.98627
47533,0.97647
47534,0.97059
47535,0.97647
47536,0.96667
47537,0.94706
47538,0.93137
47539,0.92157
47540,0.91569
47541,0.91176
47542,0.91569
47543,0.92157
47544,0.95098
47545,1.0412
47546,1.0569
47547,0.078431
47548,-0.50196
47549,-0.50196
47550,-0.50196
47551,-0.50196
47552,-0.50196
47553,-0.48824
47554,-0.12745
47555,0.27843
47556,0.67059
47557,0.90588
47558,1.0824
47559,1.2725
47560,1.3471
47561,1.3784
47562,1.3784
47563,1.3824
47564,1.3824
47565,1.3922
47566,1.3922
47567,1.398
47568,1.398
47569,1.4118
47570,1.4235
47571,1.4431
47572,1.4627
47573,1.498
47574,1.5039
47575,1.5039
47576,1.5039
47577,1.5039
47578,1.5039
47579,1.5039
47580,1.5039
47581,1.5039
47582,1.5039
47583,1.5039
47584,1.5039
47585,1.5039
47586,1.4725
47587,1.3373
47588,1.2314
47589,1.151
47590,1.0824
47591,1.0314
47592,1.002
47593,0.98235
47594,0.97647
47595,0.96667
47596,0.96667
47597,0.96667
47598,0.96078
47599,0.97059
47600,0.96667
47601,0.96667
47602,0.96667
47603,0.96667
47604,0.97059
47605,0.97059
47606,0.96667
47607,0.96667
47608,0.96667
47609,0.96667
47610,0.96078
47611,0.96667
47612,0.95686
47613,0.96078
47614,0.95686
47615,0.95098
47616,0.95686
47617,0.96078
47618,0.95686
47619,0.95686
47620,0.96667
47621,0.97059
47622,0.97647
47623,1.002
47624,1.0059
47625,1.002
47626,1.0059
47627,0.99216
47628,0.99608
47629,0.97059
47630,0.95098
47631,0.93137
47632,0.92549
47633,0.91176
47634,0.91569
47635,0.91176
47636,0.91569
47637,0.94706
47638,1.0314
47639,0.82549
47640,0.04902
47641,-0.50196
47642,-0.50196
47643,-0.50196
47644,-0.50196
47645,-0.50196
47646,-0.45686
47647,-0.10588
47648,0.2902
47649,0.67647
47650,0.89608
47651,1.0667
47652,1.2529
47653,1.3176
47654,1.3373
47655,1.3471
47656,1.3529
47657,1.3529
47658,1.3569
47659,1.3569
47660,1.3627
47661,1.3725
47662,1.3784
47663,1.3882
47664,1.402
47665,1.4333
47666,1.4627
47667,1.5039
47668,1.5039
47669,1.5039
47670,1.5039
47671,1.5039
47672,1.5039
47673,1.5039
47674,1.5039
47675,1.5039
47676,1.5039
47677,1.5039
47678,1.5039
47679,1.4529
47680,1.3275
47681,1.2176
47682,1.1314
47683,1.0725
47684,1.0275
47685,0.99216
47686,0.97059
47687,0.96667
47688,0.96078
47689,0.95098
47690,0.95686
47691,0.95098
47692,0.95098
47693,0.95098
47694,0.95098
47695,0.95686
47696,0.96078
47697,0.96078
47698,0.96667
47699,0.96078
47700,0.96078
47701,0.96078
47702,0.95686
47703,0.96078
47704,0.96667
47705,0.96078
47706,0.95686
47707,0.96078
47708,0.95686
47709,0.95686
47710,0.95686
47711,0.95098
47712,0.95686
47713,0.96667
47714,0.97059
47715,0.99216
47716,1.002
47717,1.002
47718,1.002
47719,0.98235
47720,0.98627
47721,0.97059
47722,0.95098
47723,0.93137
47724,0.91569
47725,0.91176
47726,0.91176
47727,0.90588
47728,0.91176
47729,0.93137
47730,0.99608
47731,1.0412
47732,0.35882
47733,-0.48824
47734,-0.50196
47735,-0.50196
47736,-0.50196
47737,-0.50196
47738,-0.50196
47739,-0.24706
47740,0.13922
47741,0.5451
47742,0.83137
47743,1.002
47744,1.1961
47745,1.298
47746,1.3275
47747,1.3373
47748,1.3471
47749,1.3529
47750,1.3529
47751,1.3529
47752,1.3569
47753,1.3627
47754,1.3784
47755,1.3824
47756,1.398
47757,1.4176
47758,1.4471
47759,1.4882
47760,1.5039
47761,1.5039
47762,1.5039
47763,1.5039
47764,1.5039
47765,1.5039
47766,1.5039
47767,1.5039
47768,1.5039
47769,1.5039
47770,1.5039
47771,1.4922
47772,1.3569
47773,1.2471
47774,1.1569
47775,1.0863
47776,1.0373
47777,0.99216
47778,0.99608
47779,0.97059
47780,0.95686
47781,0.94706
47782,0.95098
47783,0.95098
47784,0.94118
47785,0.96078
47786,0.94706
47787,0.96667
47788,0.96078
47789,0.94706
47790,0.94118
47791,0.96078
47792,0.94118
47793,0.95098
47794,0.94706
47795,0.92549
47796,0.94118
47797,0.93725
47798,0.92549
47799,0.93725
47800,0.93725
47801,0.92157
47802,0.93725
47803,0.92157
47804,0.93725
47805,0.94706
47806,0.91569
47807,0.97059
47808,0.98235
47809,0.95098
47810,0.94706
47811,0.94706
47812,0.95686
47813,0.94118
47814,0.91569
47815,0.88039
47816,0.88627
47817,0.87647
47818,0.88039
47819,0.88627
47820,0.88039
47821,0.92157
47822,1.0216
47823,1.0373
47824,0.017647
47825,-0.50196
47826,-0.50196
47827,-0.50196
47828,-0.50196
47829,-0.50196
47830,-0.50196
47831,-0.12157
47832,0.2902
47833,0.67647
47834,0.90588
47835,1.0863
47836,1.2725
47837,1.3373
47838,1.3569
47839,1.3667
47840,1.3784
47841,1.3784
47842,1.3784
47843,1.3784
47844,1.3922
47845,1.398
47846,1.402
47847,1.4235
47848,1.4373
47849,1.4569
47850,1.498
47851,1.5039
47852,1.5039
47853,1.5039
47854,1.5039
47855,1.5039
47856,1.5039
47857,1.5039
47858,1.5039
47859,1.5039
47860,1.5039
47861,1.5039
47862,1.5039
47863,1.4784
47864,1.3471
47865,1.2373
47866,1.151
47867,1.0922
47868,1.0471
47869,1.0157
47870,0.99608
47871,0.98627
47872,0.97647
47873,0.97647
47874,0.98235
47875,0.98235
47876,0.98235
47877,0.99216
47878,0.98627
47879,0.99216
47880,0.99216
47881,0.99216
47882,0.99216
47883,0.98627
47884,0.99216
47885,0.98235
47886,0.98627
47887,0.98235
47888,0.98235
47889,0.97647
47890,0.97647
47891,0.97647
47892,0.97647
47893,0.96667
47894,0.97059
47895,0.96667
47896,0.96667
47897,0.97059
47898,0.96667
47899,0.97647
47900,0.98235
47901,1.002
47902,1.0157
47903,1.0118
47904,1.0157
47905,0.99216
47906,0.99608
47907,0.98627
47908,0.96078
47909,0.94706
47910,0.93137
47911,0.92549
47912,0.92157
47913,0.92157
47914,0.92549
47915,0.94706
47916,1.0157
47917,1.0471
47918,0.23922
47919,-0.50196
47920,-0.50196
47921,-0.50196
47922,-0.50196
47923,-0.50196
47924,-0.50196
47925,-0.20196
47926,0.19412
47927,0.59608
47928,0.85686
47929,1.0373
47930,1.2314
47931,1.3176
47932,1.3471
47933,1.3529
47934,1.3569
47935,1.3627
47936,1.3627
47937,1.3667
47938,1.3725
47939,1.3784
47940,1.3882
47941,1.398
47942,1.4078
47943,1.4333
47944,1.4627
47945,1.498
47946,1.5039
47947,1.5039
47948,1.5039
47949,1.5039
47950,1.5039
47951,1.5039
47952,1.5039
47953,1.5039
47954,1.5039
47955,1.5039
47956,1.5039
47957,1.502
47958,1.3667
47959,1.2569
47960,1.1667
47961,1.0961
47962,1.0412
47963,1.0118
47964,0.98627
47965,0.97647
47966,0.96667
47967,0.96667
47968,0.96078
47969,0.95686
47970,0.96667
47971,0.95686
47972,0.96078
47973,0.96667
47974,0.96667
47975,0.97059
47976,0.97059
47977,0.97059
47978,0.97059
47979,0.96667
47980,0.97059
47981,0.96667
47982,0.96667
47983,0.96667
47984,0.97059
47985,0.96078
47986,0.96667
47987,0.96078
47988,0.96078
47989,0.96078
47990,0.96667
47991,0.97647
47992,0.98235
47993,1.002
47994,1.0118
47995,1.0059
47996,0.99608
47997,0.98627
47998,0.99216
47999,0.97059
